Timestamp,Avg_Conf(%),InferenceTime(ms),TotalLatencyTime(ms),FPS,CPU_Temp(℃),CPU_Usage(%),Memory_Usage(%)
2026-04-15 07:40:04,87.34,204.5,598.3,1.67,44.6,0.0,16.2
2026-04-15 07:40:04,87.54,95.6,118.6,6.37,46.9,38.1,16.2
2026-04-15 07:40:04,87.51,86.0,106.1,6.37,45.8,40.3,16.2
2026-04-15 07:40:04,87.58,83.5,95.9,7.65,46.3,41.2,16.3
2026-04-15 07:40:05,87.59,84.8,100.2,7.44,46.3,42.9,16.3
2026-04-15 07:40:05,87.59,86.4,100.7,7.41,45.8,42.1,16.3
2026-04-15 07:40:05,87.52,83.6,96.5,7.66,46.3,35.4,16.3
2026-04-15 07:40:05,87.56,85.6,101.5,7.4,46.9,42.9,16.2
2026-04-15 07:40:05,87.52,89.9,103.3,7.27,45.8,44.6,16.2
2026-04-15 07:40:05,87.45,88.7,111.7,6.03,46.3,34.8,16.3
2026-04-15 07:40:05,87.54,116.2,139.2,5.16,48.5,36.0,16.2
2026-04-15 07:40:06,87.52,85.9,103.2,7.31,45.8,35.8,16.2
2026-04-15 07:40:06,87.59,96.8,110.1,6.95,46.9,38.2,16.3
2026-04-15 07:40:06,87.53,84.2,108.4,6.46,46.3,37.9,16.3
2026-04-15 07:40:06,87.4,98.6,112.6,6.81,46.3,40.4,16.3
2026-04-15 07:40:06,87.48,82.0,105.3,6.67,46.9,39.4,16.4
2026-04-15 07:40:06,87.47,93.4,110.7,6.91,46.9,37.0,16.4
2026-04-15 07:40:06,87.36,91.9,115.0,6.05,47.4,40.3,16.4
2026-04-15 07:40:07,87.33,86.8,109.8,6.21,46.9,39.4,16.4
2026-04-15 07:40:07,87.55,87.3,99.7,7.47,45.8,46.4,16.3
2026-04-15 07:40:07,87.42,87.2,99.7,7.49,46.9,44.2,16.3
2026-04-15 07:40:07,87.44,86.9,97.6,7.54,47.4,44.4,16.3
2026-04-15 07:40:07,87.51,106.3,118.6,6.55,47.4,39.7,16.3
2026-04-15 07:40:07,87.43,95.6,118.8,6.4,45.8,40.6,16.3
2026-04-15 07:40:08,87.37,90.7,114.1,6.18,46.9,37.5,16.2
2026-04-15 07:40:08,87.46,85.8,109.2,6.18,46.9,37.9,16.2
2026-04-15 07:40:08,87.43,87.2,100.5,7.45,46.9,46.4,16.2
2026-04-15 07:40:08,87.34,85.5,97.3,7.61,46.3,43.4,16.2
2026-04-15 07:40:08,87.36,90.6,104.4,7.23,46.3,43.4,16.2
2026-04-15 07:40:08,87.4,89.0,113.0,6.02,45.8,37.9,16.2
2026-04-15 07:40:08,87.46,89.3,112.3,6.02,47.4,37.9,16.2
2026-04-15 07:40:09,87.34,93.8,117.6,5.83,47.4,34.3,16.2
2026-04-15 07:40:09,87.48,92.4,115.5,6.07,47.4,37.5,16.2
2026-04-15 07:40:09,87.37,83.8,107.0,6.33,46.3,33.9,16.2
2026-04-15 07:40:09,87.51,95.2,110.8,6.92,46.9,41.7,16.2
2026-04-15 07:40:09,87.34,111.5,134.9,5.46,46.3,42.7,16.2
2026-04-15 07:40:09,87.32,103.7,122.8,6.31,46.9,43.7,16.3
2026-04-15 07:40:10,87.39,106.1,129.0,5.91,47.4,37.9,16.3
2026-04-15 07:40:10,87.43,96.4,119.5,6.38,46.9,40.3,16.2
2026-04-15 07:40:10,87.35,98.9,122.2,5.91,46.9,32.8,16.2
2026-04-15 07:40:10,87.29,92.9,116.2,6.22,46.9,38.1,16.2
2026-04-15 07:40:10,87.33,98.5,121.8,5.74,46.9,35.5,16.2
2026-04-15 07:40:10,87.27,88.6,113.7,6.38,47.4,39.7,16.3
2026-04-15 07:40:11,87.35,87.8,104.1,6.12,47.4,40.0,16.3
2026-04-15 07:40:11,87.31,91.5,113.7,5.87,45.8,41.9,16.3
2026-04-15 07:40:11,87.34,119.1,141.9,5.16,48.5,45.5,16.3
2026-04-15 07:40:11,87.38,88.8,102.0,7.34,47.4,42.9,16.4
2026-04-15 07:40:11,87.36,107.2,130.8,5.39,47.4,41.8,16.4
2026-04-15 07:40:11,87.37,87.4,110.7,6.82,47.4,33.3,16.4
2026-04-15 07:40:12,87.36,105.4,116.8,6.61,46.9,50.0,16.4
2026-04-15 07:40:12,87.37,106.6,128.9,5.92,47.4,41.8,16.4
2026-04-15 07:40:12,87.33,115.3,138.5,5.74,46.9,41.5,16.5
2026-04-15 07:40:12,87.29,84.5,102.3,7.35,46.9,43.9,16.5
2026-04-15 07:40:12,87.4,90.4,105.4,7.19,46.9,43.6,16.5
2026-04-15 07:40:12,87.34,86.5,109.6,6.15,46.9,36.9,16.5
2026-04-15 07:40:12,87.24,90.9,103.7,7.27,47.4,44.8,16.5
2026-04-15 07:40:13,87.33,88.5,111.2,6.09,47.4,33.9,16.5
2026-04-15 07:40:13,87.35,90.5,113.4,5.94,48.5,39.1,16.4
2026-04-15 07:40:13,87.3,89.4,112.1,6.03,48.0,36.4,16.4
2026-04-15 07:40:13,87.34,85.9,111.9,6.03,47.4,36.4,16.4
2026-04-15 07:40:13,87.27,83.5,105.7,6.19,47.4,36.4,16.4
2026-04-15 07:40:13,87.22,86.4,102.2,7.36,46.3,37.3,16.4
2026-04-15 07:40:14,87.34,87.2,98.4,7.45,46.9,45.6,16.4
2026-04-15 07:40:14,87.29,107.9,120.4,6.49,48.0,41.0,16.4
2026-04-15 07:40:14,87.27,101.3,124.8,6.25,46.3,36.7,16.4
2026-04-15 07:40:14,87.2,94.0,117.0,6.2,47.4,42.9,16.4
2026-04-15 07:40:14,87.29,90.1,112.4,6.22,48.5,35.0,16.4
2026-04-15 07:40:14,87.3,117.0,140.1,5.17,46.3,35.5,16.4
2026-04-15 07:40:15,87.33,89.2,104.8,7.2,46.9,38.5,16.4
2026-04-15 07:40:15,87.25,88.2,111.3,6.04,47.4,38.8,16.4
2026-04-15 07:40:15,87.3,92.2,115.3,5.86,47.4,37.1,16.4
2026-04-15 07:40:15,87.33,91.0,114.2,6.04,46.9,34.9,16.4
2026-04-15 07:40:15,87.17,90.6,113.8,6.02,47.4,33.3,16.5
2026-04-15 07:40:15,87.24,94.6,117.9,5.87,48.0,34.4,16.5
2026-04-15 07:40:16,87.25,88.1,109.2,6.25,47.4,40.6,16.4
2026-04-15 07:40:16,87.25,87.4,110.6,6.02,46.3,38.2,16.4
2026-04-15 07:40:16,87.21,111.7,134.8,5.24,47.4,39.5,16.4
2026-04-15 07:40:16,87.21,84.7,106.2,7.15,46.9,45.2,16.4
2026-04-15 07:40:16,87.12,104.1,118.3,6.54,49.6,42.1,16.4
2026-04-15 07:40:16,87.21,107.1,130.0,5.92,47.4,41.5,16.4
2026-04-15 07:40:16,87.27,101.7,125.1,6.19,47.4,45.5,16.4
2026-04-15 07:40:17,87.21,88.2,111.2,6.55,47.4,39.7,16.4
2026-04-15 07:40:17,87.23,87.2,110.5,6.04,46.9,33.8,16.4
2026-04-15 07:40:17,87.14,90.0,103.8,7.26,46.9,47.5,16.3
2026-04-15 07:40:17,87.34,87.8,111.1,6.14,47.4,32.8,16.3
2026-04-15 07:40:17,87.21,83.5,106.2,6.17,47.4,35.4,16.3
2026-04-15 07:40:17,87.31,87.8,103.7,7.27,48.0,41.8,16.3
2026-04-15 07:40:18,87.34,99.6,122.8,5.61,47.4,37.0,16.3
2026-04-15 07:40:18,87.36,110.1,133.2,5.65,48.0,39.4,16.3
2026-04-15 07:40:18,87.24,91.6,114.1,6.75,46.9,42.1,16.3
2026-04-15 07:40:18,87.41,89.7,112.7,6.07,46.9,35.9,16.3
2026-04-15 07:40:18,87.34,95.7,116.8,5.8,47.4,37.3,16.3
2026-04-15 07:40:18,87.39,108.3,133.2,5.49,48.5,43.5,16.4
2026-04-15 07:40:19,87.42,89.1,110.6,6.91,46.3,45.8,16.4
2026-04-15 07:40:19,87.33,89.6,111.7,6.0,46.9,38.8,16.4
2026-04-15 07:40:19,87.2,93.5,116.5,5.86,48.0,40.8,16.4
2026-04-15 07:40:19,87.13,89.5,112.7,6.15,48.0,38.5,16.4
2026-04-15 07:40:19,87.09,87.4,110.7,6.08,48.0,35.4,16.4
2026-04-15 07:40:19,87.18,94.5,105.9,7.08,48.5,43.9,16.4
2026-04-15 07:40:20,87.25,114.2,136.4,5.38,46.9,41.9,16.4
2026-04-15 07:40:20,87.09,87.9,105.3,7.15,47.4,43.6,16.4
2026-04-15 07:40:20,87.12,97.4,121.0,5.67,48.0,34.8,16.5
2026-04-15 07:40:20,87.08,85.4,100.8,6.49,47.4,42.6,16.5
2026-04-15 07:40:20,87.15,88.7,102.7,7.32,48.0,39.6,16.5
2026-04-15 07:40:20,87.08,107.7,129.1,5.39,47.4,32.9,16.6
2026-04-15 07:40:21,87.04,93.4,116.5,6.57,46.9,38.1,16.5
2026-04-15 07:40:21,87.15,94.0,117.2,5.98,47.4,41.2,16.5
2026-04-15 07:40:21,87.19,98.5,120.6,5.84,48.0,40.0,16.5
2026-04-15 07:40:21,87.16,86.9,110.2,6.46,48.0,36.7,16.5
2026-04-15 07:40:21,87.05,86.0,98.2,7.56,47.4,44.4,16.5
2026-04-15 07:40:21,87.17,99.5,112.2,6.81,48.0,38.9,16.5
2026-04-15 07:40:21,87.12,88.7,111.9,6.42,48.0,37.7,16.5
2026-04-15 07:40:22,87.25,86.4,109.2,6.09,47.4,34.9,16.5
2026-04-15 07:40:22,87.17,95.1,107.4,7.05,48.0,45.8,16.5
2026-04-15 07:40:22,87.09,90.2,116.2,6.08,47.4,35.9,16.5
2026-04-15 07:40:22,87.22,90.1,113.2,6.09,48.0,33.9,16.5
2026-04-15 07:40:22,87.11,88.2,111.6,6.07,47.4,37.3,16.5
2026-04-15 07:40:22,87.16,92.8,115.9,5.85,48.0,36.8,16.4
2026-04-15 07:40:23,87.15,92.3,115.6,6.01,48.0,36.9,16.4
2026-04-15 07:40:23,87.11,99.7,122.1,5.75,47.4,41.4,16.4
2026-04-15 07:40:23,87.25,89.0,112.1,6.41,48.0,36.7,16.4
2026-04-15 07:40:23,87.17,97.4,122.1,5.66,47.4,35.7,16.4
2026-04-15 07:40:23,87.16,89.8,113.2,6.29,47.4,40.6,16.4
2026-04-15 07:40:23,87.21,106.7,131.2,5.45,48.0,32.9,16.4
2026-04-15 07:40:24,87.15,98.1,122.1,6.37,48.0,44.4,16.4
2026-04-15 07:40:24,87.16,91.5,114.7,6.27,48.0,37.1,16.4
2026-04-15 07:40:24,87.16,98.6,121.9,5.75,48.0,40.6,16.4
2026-04-15 07:40:24,87.17,101.9,125.0,5.9,46.9,40.0,16.4
2026-04-15 07:40:24,87.16,90.2,113.0,6.45,47.4,40.6,16.4
2026-04-15 07:40:24,87.18,105.6,128.6,5.5,46.9,38.9,16.3
2026-04-15 07:40:25,87.19,100.9,123.9,6.18,48.0,40.0,16.3
2026-04-15 07:40:25,87.18,102.5,125.9,5.93,48.0,46.5,16.3
2026-04-15 07:40:25,87.24,94.9,113.3,6.3,48.5,42.9,16.3
2026-04-15 07:40:25,87.22,84.3,106.8,6.4,47.4,38.1,16.3
2026-04-15 07:40:25,87.21,116.8,132.0,6.02,47.4,41.5,16.3
2026-04-15 07:40:25,87.22,85.0,100.3,7.46,48.0,39.6,16.3
2026-04-15 07:40:26,87.26,101.8,116.3,6.66,48.0,40.7,16.3
2026-04-15 07:40:26,87.15,93.3,116.5,6.32,46.9,41.5,16.3
2026-04-15 07:40:26,87.18,106.2,129.5,5.57,48.0,39.4,16.3
2026-04-15 07:40:26,87.15,113.9,137.3,5.74,48.0,39.1,16.3
2026-04-15 07:40:26,87.09,96.5,115.5,6.7,46.9,40.3,16.3
2026-04-15 07:40:26,87.15,101.8,124.5,5.83,48.0,36.9,16.3
2026-04-15 07:40:27,87.02,93.9,116.9,6.21,48.5,42.9,16.3
2026-04-15 07:40:27,87.14,93.2,116.0,6.11,48.0,35.9,16.3
2026-04-15 07:40:27,87.15,111.5,134.7,5.4,48.5,38.0,16.3
2026-04-15 07:40:27,87.22,85.1,106.1,7.16,48.0,42.4,16.3
2026-04-15 07:40:27,87.11,106.1,120.5,6.48,48.5,46.0,16.3
2026-04-15 07:40:27,87.04,105.1,128.5,6.01,49.0,38.1,16.4
2026-04-15 07:40:27,87.1,87.9,110.7,6.72,49.0,43.3,16.4
2026-04-15 07:40:28,87.11,91.5,114.8,5.87,48.5,40.6,16.3
2026-04-15 07:40:28,87.12,87.4,110.2,6.17,48.0,40.6,16.3
2026-04-15 07:40:28,87.13,91.0,100.7,7.32,47.4,45.5,16.3
2026-04-15 07:40:28,87.22,101.9,124.9,5.63,48.0,36.2,16.3
2026-04-15 07:40:28,87.21,101.6,124.6,6.01,48.5,36.9,16.3
2026-04-15 07:40:28,87.23,88.2,111.2,6.53,47.4,38.3,16.3
2026-04-15 07:40:29,87.24,92.2,115.2,5.87,48.5,36.2,16.3
2026-04-15 07:40:29,87.05,86.5,108.2,6.2,47.4,30.0,16.3
2026-04-15 07:40:29,87.16,87.9,100.8,7.41,47.4,42.6,16.3
2026-04-15 07:40:29,87.17,95.1,117.9,5.77,48.0,38.6,16.3
2026-04-15 07:40:29,87.17,90.4,113.3,6.18,48.0,39.7,16.3
2026-04-15 07:40:29,87.19,97.1,120.0,5.76,49.0,36.9,16.3
2026-04-15 07:40:30,87.16,83.7,106.9,6.54,48.5,35.5,16.3
2026-04-15 07:40:30,87.15,83.0,98.9,7.54,49.0,41.8,16.3
2026-04-15 07:40:30,87.2,92.9,109.7,6.97,48.5,38.6,16.3
2026-04-15 07:40:30,87.11,98.2,121.9,5.8,47.4,35.3,16.3
2026-04-15 07:40:30,87.19,84.7,108.0,6.55,49.0,34.4,16.3
2026-04-15 07:40:30,87.17,98.0,113.8,6.77,48.0,41.0,16.4
2026-04-15 07:40:30,87.2,85.8,108.1,6.52,49.0,32.2,16.4
2026-04-15 07:40:31,87.13,99.5,113.1,6.81,47.4,46.4,16.4
2026-04-15 07:40:31,87.17,86.2,109.3,6.52,48.0,36.9,16.4
2026-04-15 07:40:31,87.24,87.3,109.8,5.96,48.0,38.0,16.4
2026-04-15 07:40:31,87.15,86.3,98.4,7.55,49.0,51.8,16.4
2026-04-15 07:40:31,87.15,86.1,98.8,7.52,48.5,36.7,16.4
2026-04-15 07:40:31,87.19,85.4,96.8,7.54,48.0,41.8,16.4
2026-04-15 07:40:31,87.08,90.2,104.4,7.23,49.0,40.0,16.4
2026-04-15 07:40:32,87.16,85.6,108.7,6.18,48.5,30.6,16.4
2026-04-15 07:40:32,87.21,85.3,101.0,7.42,48.0,41.1,16.4
2026-04-15 07:40:32,87.16,88.9,101.1,7.41,48.5,41.5,16.4
2026-04-15 07:40:32,87.14,90.7,114.0,5.93,49.0,33.3,16.4
2026-04-15 07:40:32,87.18,85.6,109.1,6.18,48.5,32.8,16.4
2026-04-15 07:40:32,87.14,100.9,114.4,6.75,49.0,40.7,16.4
2026-04-15 07:40:33,87.09,91.3,114.3,6.36,48.5,38.8,16.4
2026-04-15 07:40:33,87.07,95.3,118.8,5.85,48.0,30.8,16.4
2026-04-15 07:40:33,87.1,84.0,107.0,6.46,49.0,37.9,16.4
2026-04-15 07:40:33,87.14,83.8,99.5,7.51,48.0,39.6,16.4
2026-04-15 07:40:33,87.13,87.5,102.6,7.31,49.6,41.8,16.4
2026-04-15 07:40:33,87.14,82.8,94.8,7.77,49.0,40.0,16.4
2026-04-15 07:40:33,87.05,85.5,102.3,7.35,48.5,44.8,16.3
2026-04-15 07:40:34,87.12,85.5,99.1,7.51,49.0,37.3,16.3
2026-04-15 07:40:34,87.13,86.1,99.9,7.47,48.5,42.6,16.3
2026-04-15 07:40:34,87.16,83.5,94.9,7.66,48.0,40.0,16.3
2026-04-15 07:40:34,87.17,87.5,102.7,7.27,48.0,43.1,16.3
2026-04-15 07:40:34,87.12,84.1,95.8,7.7,48.0,40.4,16.3
2026-04-15 07:40:34,87.13,98.1,115.2,6.71,48.5,42.6,16.4
2026-04-15 07:40:34,87.19,84.2,107.2,6.63,49.0,36.1,16.3
2026-04-15 07:40:34,87.24,84.7,100.4,7.46,49.6,39.6,16.3
2026-04-15 07:40:35,87.22,82.9,97.6,7.61,48.5,40.7,16.3
2026-04-15 07:40:35,87.2,86.4,101.8,7.31,48.5,40.7,16.3
2026-04-15 07:40:35,87.17,94.8,107.4,7.06,48.5,42.1,16.3
2026-04-15 07:40:35,87.12,84.3,107.5,6.4,46.9,33.3,16.3
2026-04-15 07:40:35,87.12,90.3,104.9,7.17,49.0,42.9,16.3
2026-04-15 07:40:35,87.17,84.6,107.8,6.22,48.5,33.3,16.3
2026-04-15 07:40:35,87.14,84.3,100.0,7.47,49.0,38.9,16.3
2026-04-15 07:40:36,87.19,82.9,96.6,7.64,49.6,40.4,16.3
2026-04-15 07:40:36,87.19,84.8,101.2,7.4,49.0,40.0,16.3
2026-04-15 07:40:36,87.22,82.6,97.7,7.61,48.5,36.0,16.3
2026-04-15 07:40:36,87.17,85.7,101.5,7.34,49.0,41.8,16.3
2026-04-15 07:40:36,87.22,83.3,96.2,7.65,48.5,33.3,16.3
2026-04-15 07:40:36,87.15,84.7,100.8,7.41,49.0,45.6,16.3
2026-04-15 07:40:36,87.09,83.8,98.1,7.58,48.5,40.0,16.3
2026-04-15 07:40:37,87.1,85.3,100.9,7.43,48.0,44.6,16.3
2026-04-15 07:40:37,87.09,85.1,100.3,7.46,49.0,40.0,16.3
2026-04-15 07:40:37,87.08,85.3,99.0,7.53,48.5,38.5,16.3
2026-04-15 07:40:37,87.24,84.9,99.1,7.52,49.0,41.5,16.3
2026-04-15 07:40:37,87.22,87.2,99.2,7.39,47.4,39.6,16.3
2026-04-15 07:40:37,87.12,114.8,127.3,6.21,48.0,44.4,16.4
2026-04-15 07:40:37,87.1,83.1,100.6,7.43,48.5,38.5,16.3
2026-04-15 07:40:38,87.06,84.1,100.6,7.44,49.6,36.5,16.3
2026-04-15 07:40:38,87.13,86.7,102.1,7.36,49.0,40.7,16.3
2026-04-15 07:40:38,87.12,83.5,95.9,7.7,49.0,40.4,16.3
2026-04-15 07:40:38,87.02,86.2,102.2,7.35,49.0,38.9,16.3
2026-04-15 07:40:38,87.12,83.0,96.3,7.69,48.5,38.0,16.3
2026-04-15 07:40:38,87.08,85.1,102.6,7.32,48.0,41.1,16.3
2026-04-15 07:40:38,87.1,87.8,100.8,7.42,49.6,42.9,16.3
2026-04-15 07:40:38,87.07,93.9,116.7,5.78,49.0,29.7,16.3
2026-04-15 07:40:39,87.08,84.9,108.0,6.34,48.5,35.9,16.3
2026-04-15 07:40:39,87.14,109.3,123.8,6.35,48.0,37.7,16.3
2026-04-15 07:40:39,87.04,99.5,122.7,6.35,48.0,44.3,16.3
2026-04-15 07:40:39,87.02,84.6,107.7,6.61,48.0,36.7,16.4
2026-04-15 07:40:39,87.06,83.9,98.8,7.54,49.6,39.6,16.4
2026-04-15 07:40:39,87.14,82.0,99.2,7.5,49.0,39.6,16.5
2026-04-15 07:40:40,87.05,101.7,119.1,6.54,47.4,35.1,16.5
2026-04-15 07:40:40,87.16,83.9,106.8,6.82,48.5,33.9,16.5
2026-04-15 07:40:40,87.13,84.7,100.8,7.44,48.0,41.1,16.5
2026-04-15 07:40:40,87.06,85.2,99.9,7.49,49.0,42.6,16.6
2026-04-15 07:40:40,87.07,91.6,104.7,7.15,48.0,38.9,16.6
2026-04-15 07:40:40,87.07,85.2,107.9,6.25,48.5,33.3,16.6
2026-04-15 07:40:40,87.12,88.7,102.9,7.31,49.6,40.7,16.6
2026-04-15 07:40:41,87.09,91.4,116.3,5.84,49.6,32.8,16.6
2026-04-15 07:40:41,87.07,85.6,108.4,6.3,49.0,33.9,16.6
2026-04-15 07:40:41,86.99,83.9,98.2,7.58,49.0,38.5,16.6
2026-04-15 07:40:41,86.95,83.4,97.6,7.52,49.0,41.5,16.6
2026-04-15 07:40:41,86.99,84.3,99.2,7.47,49.0,38.5,16.6
2026-04-15 07:40:41,86.97,83.8,99.1,7.52,49.0,42.6,16.6
2026-04-15 07:40:41,87.06,85.2,100.7,7.44,49.6,42.6,16.6
2026-04-15 07:40:42,87.04,87.5,101.9,7.38,50.1,41.5,16.6
2026-04-15 07:40:42,87.04,84.1,96.0,7.7,50.1,40.4,16.7
2026-04-15 07:40:42,87.0,88.2,105.1,7.21,48.5,42.9,16.7
2026-04-15 07:40:42,87.12,83.2,106.3,6.25,49.6,33.8,16.7
2026-04-15 07:40:42,87.13,84.5,100.8,7.42,48.0,40.7,16.7
2026-04-15 07:40:42,87.12,95.7,111.2,6.9,49.6,38.6,16.7
2026-04-15 07:40:42,87.06,91.1,114.2,6.19,49.6,36.9,16.7
2026-04-15 07:40:43,87.05,87.9,111.4,6.1,48.5,33.8,16.7
2026-04-15 07:40:43,87.06,88.0,110.8,6.02,49.6,32.8,16.7
2026-04-15 07:40:43,87.03,86.7,109.7,6.05,49.6,30.8,16.7
2026-04-15 07:40:43,87.08,84.5,98.5,7.55,48.5,42.3,16.7
2026-04-15 07:40:43,87.15,86.6,99.8,7.47,49.6,40.7,16.6
2026-04-15 07:40:43,87.28,83.2,96.0,7.69,50.7,36.7,16.6
2026-04-15 07:40:43,87.17,92.4,108.8,7.01,48.5,39.7,16.6
2026-04-15 07:40:44,87.21,85.1,106.6,6.28,49.0,37.5,16.6
2026-04-15 07:40:44,87.22,94.0,107.6,7.04,49.6,37.5,16.6
2026-04-15 07:40:44,87.19,85.8,109.0,6.3,49.6,34.9,16.7
2026-04-15 07:40:44,87.17,83.0,97.5,7.62,48.5,38.5,16.7
2026-04-15 07:40:44,87.27,94.1,109.3,6.98,48.5,40.4,16.7
2026-04-15 07:40:44,87.2,85.2,108.3,6.33,48.5,34.9,16.7
2026-04-15 07:40:44,87.11,82.9,97.2,7.64,49.6,36.0,16.7
2026-04-15 07:40:45,87.12,106.5,122.2,6.37,49.6,41.3,16.7
2026-04-15 07:40:45,87.23,109.9,133.0,5.89,48.5,34.8,16.7
2026-04-15 07:40:45,87.17,88.1,111.4,6.89,49.6,37.9,16.7
2026-04-15 07:40:45,87.11,110.1,122.7,6.4,49.0,43.1,16.6
2026-04-15 07:40:45,87.14,86.8,108.5,7.03,49.6,40.7,16.7
2026-04-15 07:40:45,87.11,94.1,106.4,7.12,49.6,41.1,16.7
2026-04-15 07:40:46,87.07,105.1,128.0,5.63,50.1,36.6,16.7
2026-04-15 07:40:46,87.13,84.1,107.1,6.87,49.0,33.9,16.7
2026-04-15 07:40:46,87.11,85.7,100.9,7.42,48.0,42.9,16.7
2026-04-15 07:40:46,87.13,85.6,99.7,7.5,49.0,40.4,16.8
2026-04-15 07:40:46,87.05,85.2,98.5,7.54,49.6,41.5,16.8
2026-04-15 07:40:46,87.08,92.9,107.5,7.08,49.6,40.4,16.8
2026-04-15 07:40:46,87.04,85.3,108.4,6.23,49.0,35.4,16.8
2026-04-15 07:40:47,87.11,82.6,95.5,7.69,48.5,42.6,16.8
2026-04-15 07:40:47,87.09,94.9,114.3,6.75,48.5,40.7,16.8
2026-04-15 07:40:47,87.1,87.2,109.4,6.44,49.0,35.9,16.7
2026-04-15 07:40:47,86.97,86.5,110.1,6.01,48.5,37.1,16.7
2026-04-15 07:40:47,86.95,82.9,94.9,7.76,48.5,40.4,16.7
2026-04-15 07:40:47,87.15,96.4,113.0,6.81,49.6,37.9,16.7
2026-04-15 07:40:47,87.14,84.7,107.7,6.46,49.6,32.8,16.7
2026-04-15 07:40:48,87.13,104.0,119.0,6.54,49.0,44.4,16.7
2026-04-15 07:40:48,87.08,95.8,124.9,6.09,49.6,32.8,16.7
2026-04-15 07:40:48,87.14,92.3,116.4,6.32,49.6,31.7,16.6
2026-04-15 07:40:48,87.19,85.3,107.4,6.3,49.0,36.4,16.6
2026-04-15 07:40:48,87.2,87.5,101.5,7.4,49.0,39.6,16.6
2026-04-15 07:40:48,87.23,92.6,104.7,7.21,49.0,42.1,16.6
2026-04-15 07:40:48,87.13,89.9,113.0,6.1,49.6,39.1,16.5
2026-04-15 07:40:49,87.11,105.4,128.6,5.49,49.0,35.6,16.5
2026-04-15 07:40:49,87.22,100.7,120.5,6.18,48.5,38.5,16.5
2026-04-15 07:40:49,87.13,84.9,107.9,6.63,49.0,33.9,16.4
2026-04-15 07:40:49,87.19,83.5,98.8,7.53,49.0,41.8,16.4
2026-04-15 07:40:49,87.2,84.8,99.9,7.47,49.0,44.6,16.4
2026-04-15 07:40:49,87.16,87.7,102.1,7.35,49.0,41.8,16.4
2026-04-15 07:40:50,87.23,85.3,97.0,7.64,49.6,41.5,16.4
2026-04-15 07:40:50,87.13,84.3,99.3,7.49,49.6,45.6,16.4
2026-04-15 07:40:50,87.12,106.7,120.6,6.48,48.5,41.9,16.4
2026-04-15 07:40:50,87.13,88.3,111.6,6.74,49.0,40.6,16.4
2026-04-15 07:40:50,87.13,96.5,119.5,5.72,49.0,32.9,16.4
2026-04-15 07:40:50,87.14,99.2,123.8,5.86,50.1,39.4,16.4
2026-04-15 07:40:50,87.21,85.4,108.4,6.61,49.6,37.1,16.4
2026-04-15 07:40:51,87.19,84.5,98.9,7.55,50.1,38.5,16.5
2026-04-15 07:40:51,87.13,92.0,107.6,7.08,50.1,40.4,16.5
2026-04-15 07:40:51,87.21,84.7,111.1,6.15,50.7,39.1,16.4
2026-04-15 07:40:51,87.27,82.3,93.8,7.83,50.1,39.2,16.5
2026-04-15 07:40:51,87.27,91.6,107.6,7.06,50.1,44.1,16.4
2026-04-15 07:40:51,87.17,86.1,109.4,6.2,49.6,28.8,16.4
2026-04-15 07:40:51,87.25,83.7,96.5,7.66,49.0,40.4,16.4
2026-04-15 07:40:52,87.23,96.7,112.8,6.83,49.6,41.7,16.4
2026-04-15 07:40:52,87.15,91.0,114.2,6.22,49.0,37.3,16.4
2026-04-15 07:40:52,87.12,84.0,109.3,6.17,50.7,32.8,16.4
2026-04-15 07:40:52,87.16,83.2,96.3,7.68,50.1,41.5,16.4
2026-04-15 07:40:52,87.19,83.4,100.3,7.46,49.0,38.5,16.4
2026-04-15 07:40:52,87.06,138.4,153.3,5.32,49.0,37.7,16.4
2026-04-15 07:40:53,87.18,92.5,115.6,6.5,49.6,37.7,16.4
2026-04-15 07:40:53,87.17,90.5,113.6,6.08,49.0,32.3,16.4
2026-04-15 07:40:53,87.19,88.3,111.3,6.08,49.0,35.8,16.4
2026-04-15 07:40:53,87.33,85.3,108.5,6.11,49.6,36.8,16.4
2026-04-15 07:40:53,87.27,97.3,111.0,6.89,49.0,35.8,16.4
2026-04-15 07:40:53,87.32,84.6,107.7,6.49,50.7,33.3,16.4
2026-04-15 07:40:53,87.34,87.2,101.9,7.36,49.6,40.7,16.4
2026-04-15 07:40:54,87.28,96.6,107.2,7.01,50.1,40.0,16.5
2026-04-15 07:40:54,87.31,90.2,113.5,6.23,49.0,33.9,16.5
2026-04-15 07:40:54,87.29,99.0,122.0,5.71,51.2,35.7,16.5
2026-04-15 07:40:54,87.16,93.9,116.5,6.14,49.6,32.8,16.5
2026-04-15 07:40:54,87.2,86.5,109.6,6.32,49.6,30.5,16.4
2026-04-15 07:40:54,87.15,82.9,95.9,7.7,49.0,42.6,16.4
2026-04-15 07:40:55,87.12,87.4,103.9,7.27,49.0,40.0,16.4
2026-04-15 07:40:55,87.12,87.0,111.1,5.98,49.6,32.8,16.4
2026-04-15 07:40:55,87.12,96.9,120.1,5.7,49.0,29.7,16.4
2026-04-15 07:40:55,87.14,89.7,112.8,6.27,49.6,38.1,16.4
2026-04-15 07:40:55,87.24,89.3,112.3,6.02,49.0,33.8,16.4
2026-04-15 07:40:55,87.16,91.4,114.6,5.92,49.6,31.8,16.4
2026-04-15 07:40:56,87.23,87.5,109.7,6.14,49.0,32.8,16.3
2026-04-15 07:40:56,87.18,82.6,94.3,7.79,49.0,34.0,16.3
2026-04-15 07:40:56,87.18,87.0,103.4,7.28,50.1,37.7,16.3
2026-04-15 07:40:56,87.16,93.7,105.9,7.15,49.6,42.4,16.3
2026-04-15 07:40:56,87.22,85.2,108.1,6.33,50.1,32.8,16.3
2026-04-15 07:40:56,87.18,114.6,129.5,6.13,50.1,40.9,16.3
2026-04-15 07:40:56,87.17,93.0,110.5,6.93,49.0,38.6,16.3
2026-04-15 07:40:57,87.15,83.5,106.8,6.36,49.6,33.3,16.3
2026-04-15 07:40:57,87.12,94.6,109.8,6.92,50.1,37.5,16.3
2026-04-15 07:40:57,87.18,98.6,121.7,5.87,49.0,29.2,16.4
2026-04-15 07:40:57,87.17,89.3,110.3,6.36,50.1,34.9,16.4
2026-04-15 07:40:57,87.18,84.1,107.3,6.19,50.1,30.2,16.4
2026-04-15 07:40:57,87.19,98.5,113.9,6.78,50.1,42.4,16.4
2026-04-15 07:40:58,87.24,104.4,128.6,5.76,50.7,37.5,16.5
2026-04-15 07:40:58,87.16,84.5,107.5,6.88,50.1,35.7,16.5
2026-04-15 07:40:58,87.21,96.9,112.0,6.86,50.1,40.0,16.6
2026-04-15 07:40:58,87.25,88.0,113.1,6.26,49.6,31.7,16.6
2026-04-15 07:40:58,87.28,88.9,112.0,6.04,50.1,31.8,16.6
2026-04-15 07:40:58,87.21,96.8,120.0,5.73,50.7,29.9,16.6
2026-04-15 07:40:58,87.22,86.8,108.8,6.38,50.1,36.9,16.6
2026-04-15 07:40:59,87.25,83.2,95.4,7.71,50.7,40.0,16.7
2026-04-15 07:40:59,87.19,85.3,101.0,7.41,50.1,36.0,16.7
2026-04-15 07:40:59,87.17,82.4,96.5,7.67,50.7,37.3,16.7
2026-04-15 07:40:59,87.13,83.9,101.3,7.41,50.7,42.9,16.7
2026-04-15 07:40:59,87.17,83.0,98.5,7.56,50.7,39.6,16.7
2026-04-15 07:40:59,87.12,86.8,103.8,7.27,49.0,40.0,16.7
2026-04-15 07:40:59,87.13,83.3,95.3,7.75,50.7,41.5,16.7
2026-04-15 07:41:00,87.16,84.5,100.8,7.43,50.1,38.5,16.7
2026-04-15 07:41:00,87.13,93.9,109.0,7.0,50.7,42.1,16.7
2026-04-15 07:41:00,87.18,86.5,108.1,6.28,50.7,25.9,16.7
2026-04-15 07:41:00,87.18,97.1,109.7,6.97,49.6,44.1,16.6
2026-04-15 07:41:00,87.1,85.1,108.2,6.46,50.7,32.8,16.6
2026-04-15 07:41:00,87.19,84.8,99.3,7.52,51.2,43.6,16.6
2026-04-15 07:41:00,87.19,82.7,95.3,7.63,50.7,37.3,16.6
2026-04-15 07:41:01,87.17,84.7,101.2,7.39,49.6,39.6,16.6
2026-04-15 07:41:01,87.15,84.5,99.5,7.51,50.1,40.7,16.5
2026-04-15 07:41:01,87.19,96.5,110.3,6.89,51.2,44.1,16.5
2026-04-15 07:41:01,87.22,83.7,106.8,6.51,50.1,36.5,16.5
2026-04-15 07:41:01,87.19,84.1,102.9,7.32,49.6,41.1,16.5
2026-04-15 07:41:01,87.27,90.7,103.1,7.29,50.7,37.7,16.5
2026-04-15 07:41:01,87.24,84.1,107.4,6.25,50.7,31.1,16.5
2026-04-15 07:41:02,87.28,82.4,98.0,7.6,50.1,37.3,16.5
2026-04-15 07:41:02,87.25,94.0,111.1,6.91,50.1,38.6,16.5
2026-04-15 07:41:02,87.22,102.7,125.8,5.71,50.7,35.7,16.5
2026-04-15 07:41:02,87.22,83.5,106.8,6.77,50.1,37.7,16.5
2026-04-15 07:41:02,87.27,95.9,112.0,6.87,49.6,41.7,16.5
2026-04-15 07:41:02,87.31,84.6,107.4,6.43,50.7,35.5,16.5
2026-04-15 07:41:02,87.27,82.4,96.8,7.65,50.7,41.5,16.5
2026-04-15 07:41:03,87.25,87.1,104.2,7.25,50.1,36.5,16.5
2026-04-15 07:41:03,87.15,85.0,97.3,7.61,50.1,43.9,16.5
2026-04-15 07:41:03,87.2,95.1,109.4,6.99,50.1,35.2,16.5
2026-04-15 07:41:03,87.17,89.4,112.6,6.21,49.0,31.2,16.5
2026-04-15 07:41:03,87.2,91.0,114.1,5.94,50.7,35.3,16.5
2026-04-15 07:41:03,87.16,83.4,106.5,6.29,51.2,34.4,16.5
2026-04-15 07:41:03,87.18,83.4,99.4,7.51,50.1,32.7,16.5
2026-04-15 07:41:04,87.16,83.6,99.8,7.48,50.7,39.6,16.5
2026-04-15 07:41:04,87.17,83.4,98.2,7.53,50.1,38.9,16.5
2026-04-15 07:41:04,87.19,94.8,111.0,6.9,50.7,38.2,16.5
2026-04-15 07:41:04,87.2,83.7,105.7,6.43,49.6,32.3,16.6
2026-04-15 07:41:04,87.28,85.0,100.7,7.44,50.1,39.6,16.6
2026-04-15 07:41:04,87.26,90.5,105.1,7.2,49.0,40.7,16.6
2026-04-15 07:41:04,87.15,83.6,106.8,6.26,51.8,33.3,16.6
2026-04-15 07:41:05,87.18,92.3,108.0,7.05,50.1,39.7,16.6
2026-04-15 07:41:05,87.21,91.0,114.2,6.05,50.1,33.8,16.7
2026-04-15 07:41:05,87.23,82.7,105.7,6.33,50.7,35.4,16.6
2026-04-15 07:41:05,87.22,82.8,99.8,7.48,49.6,38.9,16.7
2026-04-15 07:41:05,87.26,82.9,99.5,7.5,51.8,36.5,16.6
2026-04-15 07:41:05,87.21,83.5,97.5,7.38,50.1,38.5,16.7
2026-04-15 07:41:05,87.31,87.1,101.3,7.41,50.1,40.4,16.6
2026-04-15 07:41:06,87.28,84.8,97.2,7.63,50.7,40.4,16.6
2026-04-15 07:41:06,87.24,82.3,96.8,7.65,49.6,42.6,16.6
2026-04-15 07:41:06,87.3,83.5,101.1,7.42,51.2,38.9,16.6
2026-04-15 07:41:06,87.34,102.9,118.7,6.56,50.7,40.3,16.6
2026-04-15 07:41:06,87.26,84.0,107.1,6.77,49.6,32.1,16.6
2026-04-15 07:41:06,87.25,84.2,100.0,7.4,50.1,41.8,16.6
2026-04-15 07:41:06,87.24,93.5,107.3,7.09,50.7,42.4,16.5
2026-04-15 07:41:07,87.14,90.7,114.7,6.0,50.7,37.7,16.5
2026-04-15 07:41:07,87.15,85.5,107.5,6.3,50.7,32.8,16.5
2026-04-15 07:41:07,87.16,85.5,98.4,7.49,50.7,37.7,16.5
2026-04-15 07:41:07,87.17,86.8,100.3,7.46,51.2,38.0,16.5
2026-04-15 07:41:07,87.18,103.6,117.3,6.61,51.2,40.3,16.5
2026-04-15 07:41:07,87.24,91.6,115.1,6.5,50.7,36.5,16.6
2026-04-15 07:41:08,87.21,113.1,137.3,5.3,50.7,43.1,16.6
2026-04-15 07:41:08,87.27,104.1,123.1,6.38,50.7,42.4,16.5
2026-04-15 07:41:08,87.18,102.9,125.9,6.04,50.7,33.3,16.5
2026-04-15 07:41:08,87.16,83.2,106.4,6.81,50.7,37.3,16.5
2026-04-15 07:41:08,87.17,81.7,96.2,7.59,50.7,34.0,16.6
2026-04-15 07:41:08,87.19,96.2,114.0,6.77,50.7,41.7,16.6
2026-04-15 07:41:08,87.21,86.1,112.0,6.28,50.7,34.4,16.6
2026-04-15 07:41:09,87.29,83.7,107.4,6.15,50.1,32.3,16.6
2026-04-15 07:41:09,87.24,83.8,98.4,7.57,51.2,36.0,16.6
2026-04-15 07:41:09,87.19,84.4,100.3,7.47,50.1,40.0,16.6
2026-04-15 07:41:09,87.25,86.3,100.4,7.39,51.8,40.7,16.6
2026-04-15 07:41:09,87.22,88.5,101.5,7.39,51.2,39.6,16.6
2026-04-15 07:41:09,87.27,85.9,109.0,6.1,50.7,33.3,16.6
2026-04-15 07:41:09,87.19,90.2,103.5,7.27,51.2,40.0,16.5
2026-04-15 07:41:10,87.27,91.8,115.0,5.94,50.1,31.8,16.5
2026-04-15 07:41:10,87.33,83.0,104.4,6.34,51.8,33.3,16.5
2026-04-15 07:41:10,87.2,82.4,98.9,7.52,50.1,37.3,16.5
2026-04-15 07:41:10,87.26,102.7,122.7,6.39,50.1,43.1,16.5
2026-04-15 07:41:10,87.29,101.2,123.3,6.17,49.6,35.5,16.5
2026-04-15 07:41:10,87.28,84.2,106.9,6.71,49.0,37.3,16.5
2026-04-15 07:41:10,87.3,102.6,117.8,6.59,50.1,39.3,16.4
2026-04-15 07:41:11,87.27,97.1,120.1,6.21,49.0,33.9,16.5
2026-04-15 07:41:11,87.28,87.2,110.3,6.38,50.7,34.9,16.5
2026-04-15 07:41:11,87.2,90.7,102.8,7.32,50.7,38.9,16.5
2026-04-15 07:41:11,87.27,84.0,107.6,6.2,51.2,31.1,16.5
2026-04-15 07:41:11,87.27,83.2,97.6,7.61,50.1,37.3,16.5
2026-04-15 07:41:11,87.33,89.1,105.9,7.17,50.7,42.1,16.5
2026-04-15 07:41:12,87.26,84.1,107.5,6.19,51.2,27.9,16.4
2026-04-15 07:41:12,87.27,82.8,98.9,7.53,50.1,40.4,16.5
2026-04-15 07:41:12,87.27,86.4,101.6,7.37,50.1,37.7,16.5
2026-04-15 07:41:12,87.24,95.3,108.4,7.03,51.2,36.4,16.5
2026-04-15 07:41:12,87.25,103.8,126.8,5.71,51.2,31.3,16.5
2026-04-15 07:41:12,87.25,96.9,120.2,6.25,51.2,38.5,16.5
2026-04-15 07:41:12,87.24,87.9,111.4,6.27,50.7,33.9,16.4
2026-04-15 07:41:13,87.24,113.8,136.9,5.25,49.6,35.5,16.5
2026-04-15 07:41:13,87.26,95.6,114.9,6.74,50.7,36.2,16.5
2026-04-15 07:41:13,87.25,87.4,110.5,6.31,50.1,33.9,16.5
2026-04-15 07:41:13,87.23,82.6,94.7,7.79,50.7,40.4,16.5
2026-04-15 07:41:13,87.29,83.7,100.9,7.43,50.1,38.9,16.5
2026-04-15 07:41:13,87.2,84.1,98.7,7.5,50.7,34.7,16.5
2026-04-15 07:41:13,87.22,94.6,110.2,6.95,50.7,37.5,16.4
2026-04-15 07:41:14,87.29,84.8,108.5,6.31,50.1,32.3,16.5
2026-04-15 07:41:14,87.23,88.0,100.8,7.42,51.8,43.6,16.5
2026-04-15 07:41:14,87.24,96.1,119.1,5.73,50.1,35.2,16.5
2026-04-15 07:41:14,87.29,83.5,106.7,6.49,50.7,33.9,16.5
2026-04-15 07:41:14,87.26,87.7,103.5,7.27,51.2,40.0,16.5
2026-04-15 07:41:14,87.24,92.4,103.6,7.25,50.7,38.5,16.5
2026-04-15 07:41:15,87.3,83.6,107.0,6.32,51.2,34.4,16.5
2026-04-15 07:41:15,87.24,90.3,106.5,7.14,51.8,38.2,16.5
2026-04-15 07:41:15,87.16,91.7,114.9,5.97,51.2,29.2,16.5
2026-04-15 07:41:15,87.18,82.1,105.2,6.29,51.2,32.8,16.5
2026-04-15 07:41:15,87.24,83.1,98.6,7.56,51.2,37.7,16.5
2026-04-15 07:41:15,87.21,100.0,116.3,6.66,51.2,35.7,16.4
2026-04-15 07:41:15,87.31,83.7,106.7,6.65,51.8,33.3,16.4
2026-04-15 07:41:16,87.31,82.3,98.2,7.58,50.7,34.7,16.4
2026-04-15 07:41:16,87.34,82.5,99.2,7.49,51.2,33.3,16.4
2026-04-15 07:41:16,87.26,83.6,100.6,7.45,50.1,42.4,16.4
2026-04-15 07:41:16,87.29,83.6,99.8,7.5,51.8,38.9,16.4
2026-04-15 07:41:16,87.22,88.8,105.0,7.2,51.2,39.3,16.3
2026-04-15 07:41:16,87.15,84.7,107.8,6.16,50.7,32.8,16.3
2026-04-15 07:41:16,87.24,85.7,100.5,7.45,51.2,36.0,16.2
2026-04-15 07:41:17,87.23,94.8,108.8,7.02,51.2,37.5,16.2
2026-04-15 07:41:17,87.33,94.1,117.1,6.03,50.1,29.0,16.3
2026-04-15 07:41:17,87.22,82.0,105.1,6.47,51.2,33.9,16.3
2026-04-15 07:41:17,87.23,86.2,103.7,7.28,50.7,35.3,16.2
2026-04-15 07:41:17,87.21,83.8,96.8,7.65,50.7,39.6,16.3
2026-04-15 07:41:17,87.26,86.4,99.8,7.37,51.8,42.1,16.3
2026-04-15 07:41:17,87.17,85.1,98.4,7.56,52.9,41.5,16.2
2026-04-15 07:41:18,87.22,84.7,101.1,7.41,51.2,37.7,16.3
2026-04-15 07:41:18,87.18,83.4,95.7,7.69,51.2,39.6,16.3
2026-04-15 07:41:18,87.23,86.6,102.9,7.32,51.8,39.6,16.3
2026-04-15 07:41:18,87.28,83.6,95.6,7.7,51.2,40.4,16.3
2026-04-15 07:41:18,87.29,94.3,110.2,6.94,51.2,40.4,16.3
2026-04-15 07:41:18,87.3,85.5,108.6,6.34,51.2,35.4,16.3
2026-04-15 07:41:18,87.3,87.3,101.5,7.4,52.4,38.5,16.3
2026-04-15 07:41:19,87.29,94.5,106.4,7.12,50.7,37.5,16.4
2026-04-15 07:41:19,87.26,88.4,111.7,6.22,51.8,32.8,16.4
2026-04-15 07:41:19,87.26,85.6,108.8,6.12,50.7,31.3,16.4
2026-04-15 07:41:19,87.31,82.2,94.3,7.7,51.2,42.6,16.5
2026-04-15 07:41:19,87.26,81.9,97.1,7.52,51.2,37.7,16.5
2026-04-15 07:41:19,87.25,110.4,128.2,6.18,51.2,42.4,16.6
2026-04-15 07:41:19,87.23,82.3,104.9,7.22,51.8,36.4,16.6
2026-04-15 07:41:20,87.32,82.5,99.5,7.5,52.4,37.7,16.6
2026-04-15 07:41:20,87.25,83.8,100.9,7.43,51.8,40.4,16.6
2026-04-15 07:41:20,87.24,86.3,102.2,7.37,51.8,43.9,16.6
2026-04-15 07:41:20,87.4,85.5,98.6,7.55,51.8,35.3,16.7
2026-04-15 07:41:20,87.3,84.2,98.3,7.58,51.2,36.0,16.6
2026-04-15 07:41:20,87.2,85.1,100.9,7.43,51.2,37.7,16.6
2026-04-15 07:41:20,87.24,88.8,102.6,7.3,51.2,39.6,16.6
2026-04-15 07:41:21,87.17,85.0,108.2,6.15,51.8,29.0,16.6
2026-04-15 07:41:21,87.06,83.6,98.1,7.59,50.1,39.6,16.6
2026-04-15 07:41:21,87.16,94.0,110.1,6.96,52.4,39.7,16.6
2026-04-15 07:41:21,87.15,96.5,119.7,5.91,50.7,34.3,16.6
2026-04-15 07:41:21,87.17,105.8,128.8,5.69,51.2,35.7,16.6
2026-04-15 07:41:21,87.24,91.1,114.2,6.58,51.8,36.7,16.6
2026-04-15 07:41:21,87.28,85.8,108.9,6.2,51.8,31.7,16.5
2026-04-15 07:41:22,87.21,89.4,105.3,7.2,50.7,36.4,16.5
2026-04-15 07:41:22,87.22,82.3,105.4,6.35,50.7,34.4,16.6
2026-04-15 07:41:22,87.12,86.6,102.8,7.26,51.2,36.4,16.6
2026-04-15 07:41:22,87.21,82.6,95.2,7.75,51.2,40.7,16.6
2026-04-15 07:41:22,87.1,83.3,100.4,7.46,51.8,40.7,16.6
2026-04-15 07:41:22,87.16,84.4,100.3,7.41,52.4,42.9,16.6
2026-04-15 07:41:22,87.17,103.6,118.5,6.58,50.7,45.9,16.7
2026-04-15 07:41:23,87.17,107.8,129.8,5.86,51.2,31.7,16.7
2026-04-15 07:41:23,87.25,86.6,106.5,6.83,51.2,36.2,16.7
2026-04-15 07:41:23,87.22,81.8,93.1,7.83,51.8,39.2,16.7
2026-04-15 07:41:23,87.16,83.9,101.6,7.39,50.7,43.1,16.7
2026-04-15 07:41:23,87.21,85.8,100.9,7.4,50.7,42.6,16.7
2026-04-15 07:41:23,87.18,81.9,95.3,7.74,51.2,34.7,16.7
2026-04-15 07:41:23,87.21,82.1,96.2,7.49,51.8,38.9,16.6
2026-04-15 07:41:24,87.2,87.5,105.1,7.21,51.2,38.2,16.6
2026-04-15 07:41:24,87.16,96.0,107.3,7.06,51.8,38.6,16.6
2026-04-15 07:41:24,87.24,102.4,125.5,5.78,52.4,35.7,16.5
2026-04-15 07:41:24,87.14,82.7,105.9,6.71,51.2,32.2,16.5
2026-04-15 07:41:24,87.21,84.2,96.8,7.55,51.2,43.9,16.5
2026-04-15 07:41:24,87.16,85.5,101.6,7.4,50.7,33.3,16.5
2026-04-15 07:41:24,87.16,96.2,109.6,6.97,50.7,36.4,16.5
2026-04-15 07:41:25,87.19,82.9,106.0,6.52,52.4,33.3,16.5
2026-04-15 07:41:25,87.17,83.5,100.8,7.44,51.8,41.8,16.5
2026-04-15 07:41:25,87.15,86.8,102.5,7.35,51.8,38.9,16.5
2026-04-15 07:41:25,87.15,83.3,96.9,7.65,51.8,37.3,16.5
2026-04-15 07:41:25,87.24,82.7,97.8,7.6,51.8,37.3,16.6
2026-04-15 07:41:25,87.28,85.8,103.6,7.29,51.8,38.6,16.6
2026-04-15 07:41:25,87.23,97.5,110.4,6.93,50.1,40.4,16.6
2026-04-15 07:41:26,87.18,82.1,105.7,6.6,50.7,32.2,16.6
2026-04-15 07:41:26,87.27,81.8,98.9,7.54,51.2,38.9,16.7
2026-04-15 07:41:26,87.25,82.7,100.6,7.45,52.9,36.5,16.7
2026-04-15 07:41:26,87.2,82.3,99.3,7.53,51.2,37.7,16.7
2026-04-15 07:41:26,87.23,83.1,100.5,7.45,51.8,37.7,16.7
2026-04-15 07:41:26,87.22,82.8,99.6,7.5,51.8,37.7,16.7
2026-04-15 07:41:26,87.23,82.3,98.7,7.56,51.2,40.0,16.7
2026-04-15 07:41:26,87.2,85.4,102.8,7.31,51.2,37.0,16.7
2026-04-15 07:41:27,87.17,96.6,108.9,6.92,51.2,39.7,16.7
2026-04-15 07:41:27,87.18,82.8,105.9,6.56,50.7,33.9,16.7
2026-04-15 07:41:27,87.19,82.4,98.7,7.52,52.4,33.3,16.7
2026-04-15 07:41:27,87.17,96.4,116.0,6.68,52.9,37.3,16.7
2026-04-15 07:41:27,87.17,87.9,111.5,6.4,51.8,33.3,16.7
2026-04-15 07:41:27,87.12,87.6,110.6,6.03,51.2,33.3,16.7
2026-04-15 07:41:28,87.18,84.9,108.4,6.09,52.4,30.2,16.7
2026-04-15 07:41:28,87.16,86.5,100.7,7.44,51.8,40.7,16.8
2026-04-15 07:41:28,87.21,85.2,98.2,7.56,51.2,38.5,16.8
2026-04-15 07:41:28,87.17,96.6,111.1,6.91,51.2,38.2,16.8
2026-04-15 07:41:28,87.19,85.3,108.5,6.46,51.8,35.5,16.8
2026-04-15 07:41:28,87.22,117.9,131.8,6.03,51.8,42.6,16.8
2026-04-15 07:41:28,87.32,100.2,115.6,6.7,51.2,54.4,16.8
2026-04-15 07:41:29,87.23,117.1,139.5,5.46,51.8,41.9,16.8
2026-04-15 07:41:29,87.23,87.2,104.2,7.25,51.2,38.2,16.7
2026-04-15 07:41:29,87.24,87.2,110.3,6.05,51.2,32.3,16.7
2026-04-15 07:41:29,87.25,89.7,101.7,7.25,51.2,40.7,16.7
2026-04-15 07:41:29,87.25,86.0,109.6,6.2,52.4,34.8,16.7
2026-04-15 07:41:29,87.29,84.7,97.5,7.61,51.8,38.5,16.7
2026-04-15 07:41:29,87.28,92.2,107.3,7.09,52.4,40.4,16.6
2026-04-15 07:41:30,87.29,91.4,114.4,6.03,51.2,33.8,16.7
2026-04-15 07:41:30,87.26,85.8,109.0,6.21,52.4,33.3,16.7
2026-04-15 07:41:30,87.19,83.3,97.1,7.65,51.8,40.4,16.7
2026-04-15 07:41:30,87.22,100.0,113.9,6.67,51.2,40.7,16.6
2026-04-15 07:41:30,87.18,90.2,113.3,6.37,51.8,33.9,16.6
2026-04-15 07:41:30,87.24,92.0,115.2,5.94,51.8,34.8,16.6
2026-04-15 07:41:31,87.23,130.2,153.2,4.88,51.2,42.4,16.6
2026-04-15 07:41:31,87.21,116.9,140.0,5.37,52.4,37.5,16.6
2026-04-15 07:41:31,87.29,100.8,116.5,6.64,52.4,40.7,16.6
2026-04-15 07:41:31,87.2,87.0,110.3,6.47,52.4,37.3,16.6
2026-04-15 07:41:31,87.25,86.0,108.0,6.11,52.4,33.8,16.6
2026-04-15 07:41:31,87.2,82.2,95.4,7.72,52.4,40.7,16.6
2026-04-15 07:41:32,87.29,85.8,102.9,7.31,51.2,43.1,16.5
2026-04-15 07:41:32,87.21,89.9,103.3,7.28,53.5,37.3,16.5
2026-04-15 07:41:32,87.23,84.8,107.9,6.2,51.8,32.8,16.5
2026-04-15 07:41:32,87.3,85.8,100.7,7.44,52.9,34.0,16.5
2026-04-15 07:41:32,87.26,100.5,111.6,6.77,54.0,47.5,16.5
2026-04-15 07:41:32,87.32,86.7,110.0,6.53,52.4,33.3,16.5
2026-04-15 07:41:32,87.31,84.0,97.6,7.6,51.2,41.5,16.5
2026-04-15 07:41:33,87.28,92.7,108.9,7.02,51.2,39.3,16.5
2026-04-15 07:41:33,87.2,85.8,108.3,6.3,51.8,35.9,16.4
2026-04-15 07:41:33,87.37,82.2,95.3,7.75,52.9,39.6,16.4
2026-04-15 07:41:33,87.26,84.6,102.2,7.36,51.2,41.1,16.4
2026-04-15 07:41:33,87.27,93.7,107.5,7.03,52.4,41.8,16.4
2026-04-15 07:41:33,87.26,86.8,108.6,6.26,52.9,38.5,16.4
2026-04-15 07:41:33,87.2,83.2,94.4,7.71,52.4,38.5,16.4
2026-04-15 07:41:34,87.29,86.7,102.1,7.27,51.8,35.3,16.3
2026-04-15 07:41:34,87.24,84.1,95.9,7.71,52.9,41.5,16.3
2026-04-15 07:41:34,87.24,84.8,100.4,7.46,51.8,42.6,16.3
2026-04-15 07:41:34,87.25,82.3,97.1,7.64,52.4,42.9,16.3
2026-04-15 07:41:34,87.23,111.4,126.6,6.17,51.2,40.0,16.3
2026-04-15 07:41:34,87.16,83.2,103.3,7.22,54.0,38.2,16.4
2026-04-15 07:41:34,87.13,87.4,104.2,7.26,51.8,41.8,16.4
2026-04-15 07:41:35,87.18,84.9,108.6,6.09,52.4,33.8,16.4
2026-04-15 07:41:35,87.11,82.8,97.3,7.63,51.8,40.7,16.4
2026-04-15 07:41:35,87.28,86.6,101.6,7.27,52.4,38.9,16.5
2026-04-15 07:41:35,87.21,82.3,94.4,7.8,52.4,45.5,16.5
2026-04-15 07:41:35,87.21,84.5,103.7,7.27,51.8,42.1,16.5
2026-04-15 07:41:35,87.16,82.4,95.1,7.71,52.4,35.4,16.5
2026-04-15 07:41:35,87.26,98.9,114.8,6.7,51.2,42.6,16.5
2026-04-15 07:41:35,87.35,83.9,106.9,6.6,51.2,33.3,16.5
2026-04-15 07:41:36,87.32,89.5,105.3,7.19,51.8,41.1,16.5
2026-04-15 07:41:36,87.35,94.9,118.0,5.81,51.2,37.1,16.5
2026-04-15 07:41:36,87.26,83.6,106.4,6.45,51.8,39.7,16.5
2026-04-15 07:41:36,87.29,86.2,102.2,7.36,52.4,39.6,16.5
2026-04-15 07:41:36,87.22,94.3,107.6,7.07,52.4,39.3,16.5
2026-04-15 07:41:36,87.32,88.7,115.1,6.03,52.4,33.8,16.5
2026-04-15 07:41:37,87.33,83.1,106.1,6.41,50.7,33.3,16.5
2026-04-15 07:41:37,87.24,85.5,101.5,7.37,52.9,41.8,16.6
2026-04-15 07:41:37,87.24,82.5,96.5,7.68,52.4,38.5,16.6
2026-04-15 07:41:37,87.28,108.7,125.7,6.26,52.4,39.3,16.6
2026-04-15 07:41:37,87.34,84.7,107.8,7.02,51.2,37.9,16.6
2026-04-15 07:41:37,87.35,88.4,103.3,7.3,52.9,40.7,16.6
2026-04-15 07:41:37,87.31,95.3,119.4,5.73,50.7,36.6,16.6
2026-04-15 07:41:38,87.24,94.2,118.4,6.04,51.8,33.3,16.6
2026-04-15 07:41:38,87.2,85.0,107.6,6.38,51.8,34.4,16.6
2026-04-15 07:41:38,87.27,83.9,97.3,7.58,52.9,43.6,16.6
2026-04-15 07:41:38,87.32,83.5,99.1,7.51,51.2,38.5,16.6
2026-04-15 07:41:38,87.21,92.5,108.8,7.02,52.9,39.3,16.5
2026-04-15 07:41:38,87.27,83.7,106.8,6.35,51.8,31.7,16.6
2026-04-15 07:41:38,87.25,83.5,99.5,7.5,52.9,42.6,16.6
2026-04-15 07:41:39,87.22,85.8,101.9,7.36,52.4,41.8,16.6
2026-04-15 07:41:39,87.23,86.1,99.4,7.5,51.8,39.2,16.5
2026-04-15 07:41:39,87.31,87.7,100.3,7.41,52.4,39.6,16.5
2026-04-15 07:41:39,87.37,94.0,105.3,7.17,54.0,56.6,16.5
2026-04-15 07:41:39,87.3,87.7,113.1,6.16,52.4,33.3,16.5
2026-04-15 07:41:39,87.3,85.4,108.4,6.17,51.2,34.8,16.5
2026-04-15 07:41:39,87.42,88.5,102.4,7.32,51.8,37.3,16.5
2026-04-15 07:41:40,87.31,85.6,108.9,6.11,52.9,31.7,16.4
2026-04-15 07:41:40,87.33,84.8,98.0,7.57,51.8,38.5,16.4
2026-04-15 07:41:40,87.28,90.2,105.0,7.2,51.8,40.7,16.4
2026-04-15 07:41:40,87.26,88.5,110.7,6.06,52.4,35.3,16.4
2026-04-15 07:41:40,87.26,85.0,108.0,6.14,52.9,35.4,16.4
2026-04-15 07:41:40,87.33,84.7,98.9,7.51,52.9,42.9,16.4
2026-04-15 07:41:41,87.27,87.7,104.6,7.23,52.4,38.9,16.4
2026-04-15 07:41:41,87.2,88.3,111.8,6.03,52.9,37.7,16.4
2026-04-15 07:41:41,87.31,119.2,142.3,5.08,52.9,38.7,16.4
2026-04-15 07:41:41,87.25,86.3,99.0,7.47,52.4,40.4,16.4
2026-04-15 07:41:41,87.25,83.9,106.9,6.09,52.4,32.8,16.4
2026-04-15 07:41:41,87.2,89.2,102.3,7.21,51.8,44.8,16.5
2026-04-15 07:41:41,87.21,84.7,108.2,6.15,52.9,33.8,16.5
2026-04-15 07:41:42,87.25,90.0,104.3,7.23,52.9,43.6,16.5
2026-04-15 07:41:42,87.36,87.2,110.3,6.12,52.4,30.2,16.5
2026-04-15 07:41:42,87.27,88.3,100.0,7.43,52.9,40.7,16.5
2026-04-15 07:41:42,87.35,84.9,96.1,7.61,52.4,37.3,16.5
2026-04-15 07:41:42,87.32,92.6,105.9,7.1,52.9,32.7,16.5
2026-04-15 07:41:42,87.35,88.3,112.4,6.18,52.9,35.8,16.5
2026-04-15 07:41:42,87.2,83.1,106.3,6.24,52.4,33.8,16.5
2026-04-15 07:41:43,87.18,100.7,117.1,6.63,52.4,39.7,16.5
2026-04-15 07:41:43,87.26,89.3,112.5,6.45,53.5,31.7,16.5
2026-04-15 07:41:43,87.25,84.9,108.0,6.16,51.2,34.8,16.5
2026-04-15 07:41:43,87.21,83.0,97.4,7.61,52.9,38.5,16.5
2026-04-15 07:41:43,87.32,85.8,102.1,7.34,52.9,41.8,16.5
2026-04-15 07:41:43,87.19,103.7,116.2,6.61,53.5,44.8,16.5
2026-04-15 07:41:44,87.22,109.2,132.7,5.81,52.4,37.1,16.5
2026-04-15 07:41:44,87.3,101.6,124.6,6.3,53.5,37.5,16.5
2026-04-15 07:41:44,87.27,102.2,125.1,5.96,52.4,35.4,16.5
2026-04-15 07:41:44,87.29,87.1,110.0,6.62,53.5,35.0,16.5
2026-04-15 07:41:44,87.29,88.4,101.0,7.43,52.4,38.5,16.5
2026-04-15 07:41:44,87.32,86.2,109.3,6.09,52.9,35.3,16.4
2026-04-15 07:41:44,87.25,89.9,102.7,7.31,52.4,36.5,16.4
2026-04-15 07:41:45,87.2,85.8,108.5,6.14,52.4,35.3,16.4
2026-04-15 07:41:45,87.34,83.6,98.4,7.57,52.9,41.2,16.5
2026-04-15 07:41:45,87.15,85.1,99.5,7.5,53.5,39.6,16.5
2026-04-15 07:41:45,87.27,88.4,102.8,7.32,52.4,41.1,16.5
2026-04-15 07:41:45,87.23,97.0,120.2,5.71,52.9,32.4,16.5
2026-04-15 07:41:45,87.2,84.5,107.6,6.49,53.5,34.4,16.6
2026-04-15 07:41:45,87.34,84.0,99.1,7.52,53.5,38.5,16.6
2026-04-15 07:41:46,87.29,87.0,101.0,7.33,52.9,39.6,16.6
2026-04-15 07:41:46,87.23,85.4,97.6,7.6,54.0,45.3,16.6
2026-04-15 07:41:46,87.29,124.1,138.0,5.82,52.9,44.1,16.6
2026-04-15 07:41:46,87.19,101.0,122.1,5.64,51.8,36.6,16.6
2026-04-15 07:41:46,87.3,89.9,113.1,6.44,53.5,36.7,16.6
2026-04-15 07:41:46,87.25,109.0,130.2,5.38,52.4,32.4,16.5
2026-04-15 07:41:47,87.22,103.3,126.5,6.23,52.4,37.9,16.5
2026-04-15 07:41:47,87.25,91.7,114.7,6.45,52.9,41.5,16.5
2026-04-15 07:41:47,87.23,85.8,108.9,6.22,51.8,34.4,16.5
2026-04-15 07:41:47,87.27,83.8,98.1,7.59,52.9,40.4,16.5
2026-04-15 07:41:47,87.36,93.0,108.3,7.04,52.9,42.1,16.5
2026-04-15 07:41:47,87.17,85.5,109.7,6.24,53.5,34.4,16.5
2026-04-15 07:41:47,87.3,83.4,95.9,7.69,53.5,42.6,16.5
2026-04-15 07:41:48,87.24,82.7,98.7,7.54,53.5,39.2,16.5
2026-04-15 07:41:48,87.21,111.8,129.4,6.13,54.0,40.0,16.5
2026-04-15 07:41:48,87.2,83.7,104.1,7.27,54.0,37.0,16.5
2026-04-15 07:41:48,87.12,87.2,102.6,7.32,52.9,37.7,16.5
2026-04-15 07:41:48,87.24,86.2,97.7,7.55,52.9,38.0,16.5
2026-04-15 07:41:48,87.21,86.2,99.4,7.51,53.5,41.5,16.5
2026-04-15 07:41:48,87.18,83.9,97.4,7.6,52.9,42.3,16.5
2026-04-15 07:41:49,87.11,84.3,99.5,7.5,53.5,40.4,16.5
2026-04-15 07:41:49,87.09,86.0,101.1,7.42,52.9,38.9,16.5
2026-04-15 07:41:49,87.12,84.1,99.1,7.5,53.5,43.4,16.5
2026-04-15 07:41:49,87.22,84.1,97.5,7.6,52.9,39.2,16.5
2026-04-15 07:41:49,87.17,85.6,100.1,7.42,53.5,41.8,16.5
2026-04-15 07:41:49,87.21,86.8,100.8,7.43,54.0,40.4,16.5
2026-04-15 07:41:49,87.25,84.8,97.0,7.63,52.9,45.5,16.5
2026-04-15 07:41:50,87.28,83.6,96.7,7.57,52.9,41.5,16.5
2026-04-15 07:41:50,87.26,84.2,99.9,7.47,53.5,41.8,16.5
2026-04-15 07:41:50,87.16,84.6,100.1,7.47,54.0,39.2,16.5
2026-04-15 07:41:50,87.15,84.5,97.1,7.53,52.9,43.4,16.5
2026-04-15 07:41:50,87.18,84.4,99.5,7.5,52.4,41.5,16.5
2026-04-15 07:41:50,87.21,84.6,99.5,7.49,54.0,39.2,16.5
2026-04-15 07:41:50,87.19,89.7,104.8,7.22,53.5,40.0,16.5
2026-04-15 07:41:50,87.18,84.8,107.8,6.19,53.5,34.4,16.5
2026-04-15 07:41:51,87.14,83.7,98.5,7.57,52.9,40.4,16.5
2026-04-15 07:41:51,87.1,98.5,114.4,6.75,53.5,36.8,16.5
2026-04-15 07:41:51,87.14,97.8,122.4,5.98,53.5,41.2,16.5
2026-04-15 07:41:51,87.14,105.6,128.3,5.78,52.9,37.7,16.5
2026-04-15 07:41:51,87.17,93.8,116.8,6.46,53.5,38.7,16.5
2026-04-15 07:41:51,87.21,94.8,118.0,5.96,52.9,36.8,16.5
2026-04-15 07:41:52,87.24,92.3,115.5,6.1,53.5,32.8,16.5
2026-04-15 07:41:52,87.19,93.6,115.8,5.95,54.0,34.3,16.5
2026-04-15 07:41:52,87.13,103.6,125.6,5.67,54.0,41.9,16.5
2026-04-15 07:41:52,87.3,97.3,120.4,6.24,53.5,34.4,16.5
2026-04-15 07:41:52,87.19,84.3,107.3,6.51,53.5,34.4,16.5
2026-04-15 07:41:52,87.21,91.0,106.7,7.12,53.5,40.0,16.5
2026-04-15 07:41:53,87.16,85.0,108.0,6.24,53.5,35.9,16.5
2026-04-15 07:41:53,87.19,83.9,98.4,7.56,52.9,37.3,16.5
2026-04-15 07:41:53,87.21,85.8,101.3,7.4,52.9,43.9,16.6
2026-04-15 07:41:53,87.25,110.9,122.9,6.31,53.5,40.0,16.6
2026-04-15 07:41:53,87.21,84.2,106.1,7.16,53.5,38.6,16.6
2026-04-15 07:41:53,87.17,84.3,99.1,7.49,51.8,41.5,16.7
2026-04-15 07:41:53,87.2,88.9,104.0,7.24,52.9,44.8,16.7
2026-04-15 07:41:54,87.27,86.0,110.4,6.06,53.5,31.7,16.7
2026-04-15 07:41:54,87.27,83.7,95.6,7.73,53.5,40.4,16.7
2026-04-15 07:41:54,87.24,85.8,101.9,7.37,52.4,39.6,16.7
2026-04-15 07:41:54,87.32,99.9,113.4,6.78,53.5,40.4,16.7
2026-04-15 07:41:54,87.2,86.0,107.9,6.57,52.9,35.6,16.7
2026-04-15 07:41:54,87.25,84.1,97.5,7.6,53.5,41.5,16.7
2026-04-15 07:41:54,87.36,104.0,119.3,6.54,53.5,41.9,16.7
2026-04-15 07:41:55,87.27,84.6,107.4,6.8,53.5,33.9,16.7
2026-04-15 07:41:55,87.28,85.4,101.9,7.35,52.4,39.6,16.7
2026-04-15 07:41:55,87.25,85.0,97.1,7.62,54.0,39.2,16.7
2026-04-15 07:41:55,87.27,94.2,111.3,6.89,53.5,42.4,16.7
2026-04-15 07:41:55,87.32,95.8,119.1,6.05,52.9,33.8,16.7
2026-04-15 07:41:55,87.31,83.4,106.4,6.49,52.9,36.5,16.7
2026-04-15 07:41:55,87.23,104.4,119.5,6.47,52.9,56.3,16.7
2026-04-15 07:41:56,87.25,88.4,111.7,6.65,52.4,36.7,16.6
2026-04-15 07:41:56,87.27,84.8,108.0,6.14,52.9,33.3,16.6
2026-04-15 07:41:56,87.35,99.7,114.2,6.75,52.4,44.1,16.6
2026-04-15 07:41:56,87.31,95.6,118.4,6.15,52.9,38.8,16.6
2026-04-15 07:41:56,87.29,93.6,116.6,6.07,52.4,35.4,16.6
2026-04-15 07:41:56,87.27,92.3,115.3,6.06,52.9,37.7,16.6
2026-04-15 07:41:57,87.23,122.1,146.4,5.06,54.5,47.5,16.6
2026-04-15 07:41:57,87.18,89.6,112.8,6.02,54.0,33.3,16.5
2026-04-15 07:41:57,87.21,101.1,124.2,5.62,52.9,37.8,16.5
2026-04-15 07:41:57,87.24,96.0,121.9,6.08,53.5,37.9,16.5
2026-04-15 07:41:57,87.27,88.9,112.0,6.39,54.5,36.1,16.5
2026-04-15 07:41:57,87.3,93.7,116.0,5.82,52.9,34.3,16.5
2026-04-15 07:41:58,87.3,87.4,111.5,6.21,52.9,34.9,16.5
2026-04-15 07:41:58,87.32,86.2,109.3,6.09,52.4,30.6,16.5
2026-04-15 07:41:58,87.3,86.3,98.3,7.5,53.5,43.6,16.5
2026-04-15 07:41:58,87.3,85.6,98.6,7.53,54.0,41.5,16.5
2026-04-15 07:41:58,87.31,86.1,100.8,7.38,52.9,43.6,16.5
2026-04-15 07:41:58,87.31,85.3,109.6,6.05,54.0,30.2,16.5
2026-04-15 07:41:58,87.25,87.5,99.8,7.45,54.0,44.4,16.4
2026-04-15 07:41:59,87.32,89.5,101.4,7.39,53.5,43.6,16.5
2026-04-15 07:41:59,87.3,86.1,109.2,6.13,53.5,30.6,16.5
2026-04-15 07:41:59,87.27,88.9,101.1,7.35,54.0,41.8,16.5
2026-04-15 07:41:59,87.21,86.2,108.4,6.1,51.8,31.7,16.5
2026-04-15 07:41:59,87.17,90.2,103.3,7.29,53.5,39.3,16.4
2026-04-15 07:41:59,87.32,93.4,116.6,5.89,53.5,36.2,16.4
2026-04-15 07:42:00,87.25,95.9,119.4,5.9,52.9,35.8,16.4
2026-04-15 07:42:00,87.24,86.0,108.8,6.35,52.9,36.9,16.5
2026-04-15 07:42:00,87.26,84.3,96.3,7.66,52.4,40.4,16.5
2026-04-15 07:42:00,87.3,86.7,101.8,7.38,52.9,33.3,16.5
2026-04-15 07:42:00,87.29,88.6,101.1,7.35,54.0,42.9,16.5
2026-04-15 07:42:00,87.31,83.6,105.8,6.21,54.0,32.3,16.5
2026-04-15 07:42:00,87.3,86.8,103.7,7.27,53.5,44.8,16.4
2026-04-15 07:42:01,87.17,111.3,134.2,5.27,53.5,41.3,16.4
2026-04-15 07:42:01,87.2,96.1,117.8,6.6,54.0,35.6,16.5
2026-04-15 07:42:01,87.22,111.1,134.1,5.51,53.5,43.1,16.5
2026-04-15 07:42:01,87.24,85.5,107.4,7.08,54.0,38.6,16.5
2026-04-15 07:42:01,87.23,84.3,99.0,7.54,54.0,41.8,16.6
2026-04-15 07:42:01,87.25,100.1,114.5,6.74,54.0,37.9,16.6
2026-04-15 07:42:01,87.23,94.2,117.0,6.23,53.5,33.3,16.6
2026-04-15 07:42:02,87.29,84.2,107.1,6.39,53.5,37.1,16.6
2026-04-15 07:42:02,87.2,84.0,99.5,7.51,53.5,40.0,16.6
2026-04-15 07:42:02,87.17,90.0,105.3,7.19,54.0,40.0,16.6
2026-04-15 07:42:02,87.21,84.0,107.1,6.14,54.5,33.8,16.6
2026-04-15 07:42:02,87.35,83.9,96.8,7.63,52.9,43.6,16.6
2026-04-15 07:42:02,87.16,88.1,104.0,7.26,54.5,38.5,16.5
2026-04-15 07:42:03,87.26,85.0,108.0,6.12,53.5,34.8,16.5
2026-04-15 07:42:03,87.22,83.8,98.6,7.55,55.1,40.4,16.5
2026-04-15 07:42:03,87.15,86.8,102.1,7.35,53.5,38.9,16.5
2026-04-15 07:42:03,87.19,101.8,113.9,6.76,54.5,39.7,16.6
2026-04-15 07:42:03,87.1,83.5,106.7,6.74,52.9,31.6,16.6
2026-04-15 07:42:03,87.22,85.2,101.1,7.41,54.5,36.7,16.6
2026-04-15 07:42:03,87.18,85.6,98.1,7.48,53.5,45.8,16.6
2026-04-15 07:42:03,87.25,82.1,94.9,7.71,54.5,39.2,16.7
2026-04-15 07:42:04,87.31,87.3,104.6,7.22,54.0,40.7,16.7
2026-04-15 07:42:04,87.14,83.3,106.5,6.15,53.5,30.6,16.8
2026-04-15 07:42:04,87.12,83.1,99.1,7.52,54.0,36.5,16.8
2026-04-15 07:42:04,87.13,83.8,100.2,7.46,54.0,40.7,16.8
2026-04-15 07:42:04,87.11,84.0,100.4,7.46,54.5,42.6,16.8
2026-04-15 07:42:04,87.16,87.7,102.6,7.34,54.5,39.6,16.9
2026-04-15 07:42:04,87.14,107.5,119.1,6.53,52.9,39.0,16.8
2026-04-15 07:42:05,87.09,88.7,111.9,6.76,54.0,32.1,16.8
2026-04-15 07:42:05,87.08,85.4,106.8,6.12,52.9,32.3,16.8
2026-04-15 07:42:05,87.0,86.1,98.7,7.48,52.9,37.7,16.8
2026-04-15 07:42:05,87.15,87.5,100.8,7.4,53.5,41.8,16.7
2026-04-15 07:42:05,87.05,86.2,109.4,6.06,53.5,29.0,16.7
2026-04-15 07:42:05,87.13,85.2,97.1,7.57,54.5,42.6,16.7
2026-04-15 07:42:05,87.12,84.8,99.0,7.51,53.5,43.6,16.7
2026-04-15 07:42:06,87.03,93.2,107.8,7.07,53.5,39.3,16.7
2026-04-15 07:42:06,87.08,93.4,115.5,5.99,52.9,33.8,16.7
2026-04-15 07:42:06,87.11,128.7,152.0,4.95,54.0,35.9,16.7
2026-04-15 07:42:06,87.05,85.4,107.3,6.38,54.5,32.8,16.7
2026-04-15 07:42:06,86.97,99.5,113.1,6.79,53.5,42.4,16.7
2026-04-15 07:42:06,86.96,87.4,110.3,6.46,54.0,38.5,16.7
2026-04-15 07:42:07,87.08,111.8,123.7,6.35,54.0,42.2,16.8
2026-04-15 07:42:07,87.02,86.9,106.6,7.06,54.0,32.0,16.8
2026-04-15 07:42:07,87.06,88.0,111.0,5.96,54.5,36.8,16.8
2026-04-15 07:42:07,87.08,84.4,107.4,6.12,52.4,37.1,16.8
2026-04-15 07:42:07,87.18,83.0,98.2,7.59,53.5,40.4,16.8
2026-04-15 07:42:07,87.07,84.1,100.4,7.45,54.0,39.6,16.8
2026-04-15 07:42:07,87.08,84.7,100.5,7.44,54.5,43.6,16.7
2026-04-15 07:42:08,87.09,83.0,97.4,7.62,54.5,39.6,16.7
2026-04-15 07:42:08,87.12,93.3,111.5,6.89,54.5,41.7,16.7
2026-04-15 07:42:08,86.96,92.8,116.0,6.09,54.5,37.9,16.8
2026-04-15 07:42:08,86.92,83.5,105.8,6.36,54.5,32.8,16.8
2026-04-15 07:42:08,87.05,84.2,100.6,7.45,54.5,36.5,16.8
2026-04-15 07:42:08,87.12,91.1,103.6,7.15,54.0,41.1,16.8
2026-04-15 07:42:09,87.06,84.0,105.9,6.26,52.9,34.9,16.8
2026-04-15 07:42:09,87.12,87.5,102.8,7.31,54.0,48.1,16.8
2026-04-15 07:42:09,87.03,83.6,107.0,6.15,54.0,32.8,16.8
2026-04-15 07:42:09,87.01,82.8,96.7,7.55,55.1,38.5,16.8
2026-04-15 07:42:09,87.08,83.9,100.3,7.46,54.0,42.9,16.8
2026-04-15 07:42:09,87.1,84.3,100.1,7.47,54.5,41.8,16.8
2026-04-15 07:42:09,87.03,83.8,96.9,7.54,55.6,40.0,16.7
2026-04-15 07:42:10,87.06,107.1,122.2,6.39,55.1,41.9,16.7
2026-04-15 07:42:10,87.1,86.0,109.1,6.87,52.9,38.3,16.7
2026-04-15 07:42:10,87.04,86.9,99.7,7.46,52.9,34.7,16.7
2026-04-15 07:42:10,87.0,84.5,97.0,7.64,54.0,41.5,16.7
2026-04-15 07:42:10,87.13,88.8,103.5,7.27,53.5,40.4,16.7
2026-04-15 07:42:10,87.09,86.0,109.2,6.06,54.5,33.3,16.8
2026-04-15 07:42:10,87.12,85.5,97.5,7.61,54.5,37.3,16.7
2026-04-15 07:42:10,87.03,89.1,103.3,7.27,53.5,39.6,16.7
2026-04-15 07:42:11,86.95,84.0,106.8,6.19,53.5,36.9,16.7
2026-04-15 07:42:11,86.88,82.7,97.7,7.6,53.5,35.3,16.7
2026-04-15 07:42:11,86.91,100.6,117.2,6.61,54.5,48.3,16.7
2026-04-15 07:42:11,86.89,85.5,109.3,6.57,53.5,33.9,16.7
2026-04-15 07:42:11,86.88,83.8,96.6,7.65,53.5,36.7,16.7
2026-04-15 07:42:11,86.91,96.5,109.9,6.85,53.5,41.4,16.7
2026-04-15 07:42:12,87.03,85.5,108.9,6.4,53.5,33.3,16.8
2026-04-15 07:42:12,86.88,91.2,104.5,7.23,54.5,42.6,16.8
2026-04-15 07:42:12,87.05,84.3,107.1,6.19,53.5,34.8,16.8
2026-04-15 07:42:12,86.94,114.1,127.0,6.19,54.5,40.9,16.8
2026-04-15 07:42:12,86.96,85.8,105.0,7.18,55.6,38.2,16.8
2026-04-15 07:42:12,86.89,83.2,105.3,6.14,55.1,33.3,16.9
2026-04-15 07:42:12,87.01,84.0,100.2,7.46,54.0,38.0,16.8
2026-04-15 07:42:13,86.95,84.6,100.8,7.43,54.0,43.9,16.8
2026-04-15 07:42:13,86.9,114.2,127.8,6.17,54.5,46.4,16.8
2026-04-15 07:42:13,86.87,84.4,103.3,7.31,54.0,40.4,16.8
2026-04-15 07:42:13,86.93,85.8,101.0,7.42,55.1,40.0,16.8
2026-04-15 07:42:13,86.98,115.5,129.1,6.14,54.5,42.4,16.9
2026-04-15 07:42:13,87.01,83.0,100.6,7.44,54.0,34.6,16.8
2026-04-15 07:42:13,87.05,85.0,100.6,7.41,54.5,44.8,16.8
2026-04-15 07:42:14,87.07,84.4,99.3,7.52,53.5,42.6,16.7
2026-04-15 07:42:14,87.06,87.1,101.6,7.37,55.1,44.4,16.7
2026-04-15 07:42:14,87.03,82.8,95.1,7.75,54.5,36.7,16.7
2026-04-15 07:42:14,87.05,84.8,101.5,7.4,55.1,36.0,16.7
2026-04-15 07:42:14,87.01,86.1,100.8,7.43,54.5,40.7,16.7
2026-04-15 07:42:14,86.91,85.9,99.2,7.51,54.5,35.3,16.7
2026-04-15 07:42:14,87.0,93.4,106.8,7.1,55.1,41.1,16.7
2026-04-15 07:42:15,86.96,86.6,108.9,6.24,55.1,33.3,16.7
2026-04-15 07:42:15,86.96,88.5,100.9,7.41,53.5,40.7,16.8
2026-04-15 07:42:15,86.91,90.4,113.6,5.93,54.5,36.2,16.8
2026-04-15 07:42:15,87.0,83.8,106.7,6.26,55.1,36.4,16.8
2026-04-15 07:42:15,87.06,86.1,100.6,7.32,53.5,35.3,16.7
2026-04-15 07:42:15,86.95,89.6,101.5,7.37,54.5,39.2,16.8
2026-04-15 07:42:15,87.01,85.3,107.3,6.16,54.0,35.8,16.7
2026-04-15 07:42:16,87.11,82.5,96.7,7.67,54.5,38.5,16.7
2026-04-15 07:42:16,87.17,93.8,110.9,6.91,55.1,42.6,16.7
2026-04-15 07:42:16,87.08,86.8,110.6,6.17,54.0,38.1,16.7
2026-04-15 07:42:16,87.09,83.8,106.9,6.2,53.5,34.4,16.7
2026-04-15 07:42:16,87.02,89.4,104.9,7.21,54.0,40.4,16.7
2026-04-15 07:42:16,87.01,84.9,107.7,6.17,54.5,36.4,16.7
2026-04-15 07:42:16,86.99,97.7,112.5,6.84,55.1,39.3,16.6
2026-04-15 07:42:17,87.11,86.5,108.8,6.43,54.5,35.5,16.6
2026-04-15 07:42:17,86.99,83.2,96.0,7.7,54.5,37.5,16.7
2026-04-15 07:42:17,87.01,86.8,102.8,7.31,54.5,46.6,16.6
2026-04-15 07:42:17,87.03,82.9,97.2,7.63,54.5,36.5,16.7
2026-04-15 07:42:17,87.1,85.7,99.4,7.39,54.0,36.5,16.6
2026-04-15 07:42:17,87.16,99.8,112.1,6.84,54.5,39.3,16.7
2026-04-15 07:42:17,86.97,84.6,107.7,6.6,55.1,29.8,16.6
2026-04-15 07:42:18,87.04,82.7,95.9,7.61,54.0,42.3,16.6
2026-04-15 07:42:18,87.02,84.5,101.1,7.41,56.2,38.5,16.6
2026-04-15 07:42:18,86.98,88.6,103.6,7.28,53.5,42.9,16.6
2026-04-15 07:42:18,86.98,84.3,107.4,6.16,54.0,33.8,16.6
2026-04-15 07:42:18,86.96,82.2,97.7,7.62,55.1,39.6,16.6
2026-04-15 07:42:18,86.91,85.1,102.3,7.34,54.5,36.5,16.6
2026-04-15 07:42:18,87.01,84.0,96.5,7.56,53.5,39.6,16.5
2026-04-15 07:42:19,87.03,113.5,128.4,6.16,53.5,36.1,16.5
2026-04-15 07:42:19,86.87,98.6,117.7,6.59,54.5,41.3,16.6
2026-04-15 07:42:19,86.93,91.8,115.1,6.26,53.5,35.5,16.6
2026-04-15 07:42:19,86.84,86.2,109.2,6.22,54.5,32.3,16.6
2026-04-15 07:42:19,86.85,87.9,101.2,7.4,53.5,36.0,16.6
2026-04-15 07:42:19,86.85,94.9,118.1,5.76,53.5,31.3,16.6
2026-04-15 07:42:20,86.85,85.8,108.8,6.35,54.0,34.4,16.6
2026-04-15 07:42:20,87.01,84.1,97.9,7.59,54.5,44.6,16.6
2026-04-15 07:42:20,86.91,84.3,100.0,7.49,54.0,38.5,16.6
2026-04-15 07:42:20,87.03,96.3,111.3,6.88,55.1,42.4,16.6
2026-04-15 07:42:20,87.01,83.0,106.2,6.54,54.5,37.5,16.6
2026-04-15 07:42:20,86.89,85.2,102.0,7.37,55.1,36.5,16.6
2026-04-15 07:42:20,86.93,103.5,115.3,6.6,55.1,41.9,16.6
2026-04-15 07:42:21,87.03,90.2,113.6,6.51,54.0,40.0,16.5
2026-04-15 07:42:21,86.86,90.8,113.9,5.99,55.1,31.2,16.5
2026-04-15 07:42:21,86.88,101.6,124.9,5.62,55.1,38.9,16.6
2026-04-15 07:42:21,86.94,84.4,107.4,6.72,54.0,35.6,16.6
2026-04-15 07:42:21,87.02,87.6,103.9,7.27,54.5,38.9,16.5
2026-04-15 07:42:21,87.02,85.1,108.3,6.13,54.0,33.3,16.5
2026-04-15 07:42:21,86.96,84.1,98.7,7.55,53.5,36.0,16.5
2026-04-15 07:42:22,87.01,100.1,115.9,6.68,54.5,45.2,16.5
2026-04-15 07:42:22,87.01,84.4,107.6,6.64,54.0,36.7,16.5
2026-04-15 07:42:22,86.89,88.9,103.6,7.27,54.0,41.8,16.4
2026-04-15 07:42:22,86.98,84.2,107.5,6.17,54.5,36.8,16.4
2026-04-15 07:42:22,86.9,83.5,98.5,7.54,54.0,40.4,16.4
2026-04-15 07:42:22,87.04,104.2,119.7,6.51,56.2,39.3,16.4
2026-04-15 07:42:22,87.11,85.9,108.8,6.72,54.0,37.1,16.4
2026-04-15 07:42:23,87.07,86.6,99.3,7.48,55.1,35.4,16.4
2026-04-15 07:42:23,86.97,86.5,99.0,7.51,53.5,40.7,16.4
2026-04-15 07:42:23,86.9,88.4,101.0,7.41,54.5,40.7,16.4
2026-04-15 07:42:23,86.9,103.1,130.1,5.4,54.5,31.9,16.4
2026-04-15 07:42:23,86.84,85.5,108.8,6.89,53.5,39.0,16.4
2026-04-15 07:42:23,87.01,88.6,103.0,7.2,55.1,40.4,16.4
2026-04-15 07:42:24,86.86,85.0,107.9,6.23,55.1,34.4,16.4
2026-04-15 07:42:24,87.0,87.0,101.3,7.39,54.5,40.7,16.4
2026-04-15 07:42:24,87.07,89.7,101.9,7.34,53.5,39.6,16.4
2026-04-15 07:42:24,86.94,88.0,111.1,6.07,55.1,33.3,16.4
2026-04-15 07:42:24,87.05,83.5,104.8,6.17,54.0,31.7,16.5
2026-04-15 07:42:24,86.95,82.0,96.1,7.58,55.1,38.5,16.5
2026-04-15 07:42:24,86.9,86.5,101.7,7.26,54.0,42.9,16.4
2026-04-15 07:42:25,86.96,82.8,95.6,7.73,54.5,38.5,16.4
2026-04-15 07:42:25,86.98,85.1,101.8,7.37,53.5,34.7,16.4
2026-04-15 07:42:25,86.9,84.6,99.2,7.53,54.0,40.7,16.4
2026-04-15 07:42:25,86.95,86.1,100.7,7.43,54.0,43.6,16.5
2026-04-15 07:42:25,86.9,89.3,104.2,7.25,55.1,39.6,16.5
2026-04-15 07:42:25,86.94,84.3,107.1,6.23,54.5,34.8,16.5
2026-04-15 07:42:25,86.81,86.7,101.8,7.38,54.5,40.7,16.5
2026-04-15 07:42:25,86.87,82.6,95.3,7.73,54.5,42.6,16.5
2026-04-15 07:42:26,86.86,86.1,104.0,7.26,55.6,40.0,16.5
2026-04-15 07:42:26,86.98,85.1,97.1,7.62,55.1,34.8,16.5
2026-04-15 07:42:26,86.98,98.0,112.5,6.84,55.1,46.7,16.6
2026-04-15 07:42:26,87.02,92.1,115.2,6.23,55.1,30.5,16.6
2026-04-15 07:42:26,86.96,88.2,113.3,6.07,54.0,31.8,16.6
2026-04-15 07:42:26,86.99,83.2,106.1,6.26,54.0,32.3,16.6
2026-04-15 07:42:27,86.97,82.2,98.6,7.55,55.6,38.5,16.6
2026-04-15 07:42:27,87.04,83.8,101.5,7.35,55.6,39.6,16.6
2026-04-15 07:42:27,87.0,83.0,97.4,7.62,55.1,40.4,16.7
2026-04-15 07:42:27,86.95,95.3,112.0,6.87,55.6,43.5,16.7
2026-04-15 07:42:27,86.96,104.6,127.7,5.69,54.0,33.3,16.7
2026-04-15 07:42:27,86.94,84.0,108.1,6.8,55.1,34.5,16.7
2026-04-15 07:42:27,86.93,83.4,99.2,7.53,55.1,39.6,16.6
2026-04-15 07:42:28,86.83,85.5,101.9,7.37,55.1,40.7,16.6
2026-04-15 07:42:28,86.84,90.0,101.8,7.33,55.6,43.9,16.6
2026-04-15 07:42:28,86.81,96.2,119.5,5.78,55.1,36.6,16.6
2026-04-15 07:42:28,86.82,89.7,112.8,6.26,54.5,28.8,16.6
2026-04-15 07:42:28,86.81,91.4,114.4,5.94,53.5,30.8,16.6
2026-04-15 07:42:28,86.86,82.7,105.6,6.33,54.5,35.9,16.6
2026-04-15 07:42:28,86.91,83.5,100.5,7.44,55.1,38.5,16.7
2026-04-15 07:42:29,86.72,96.0,109.9,6.87,54.0,45.2,16.7
2026-04-15 07:42:29,86.91,82.6,105.6,6.53,55.1,35.5,16.7
2026-04-15 07:42:29,86.9,85.1,103.0,7.31,54.5,34.6,16.7
2026-04-15 07:42:29,86.9,109.8,123.0,6.37,55.1,38.3,16.7
2026-04-15 07:42:29,86.89,95.4,118.3,6.57,55.1,40.3,16.7
2026-04-15 07:42:29,86.91,83.2,106.1,6.48,54.0,38.1,16.7
2026-04-15 07:42:29,86.93,82.5,97.2,7.54,54.0,40.0,16.7
2026-04-15 07:42:30,87.0,101.4,118.5,6.57,55.6,35.7,16.6
2026-04-15 07:42:30,86.89,86.1,109.3,6.62,55.1,37.1,16.6
2026-04-15 07:42:30,86.98,88.6,102.1,7.36,54.5,40.0,16.6
2026-04-15 07:42:30,86.98,89.6,112.4,5.97,54.0,34.8,16.6
2026-04-15 07:42:30,86.94,105.1,128.3,5.43,55.1,35.2,16.6
2026-04-15 07:42:30,86.8,89.5,110.3,6.67,54.5,34.5,16.5
2026-04-15 07:42:31,87.0,101.2,124.4,5.63,54.5,38.2,16.5
2026-04-15 07:42:31,86.92,106.3,129.4,5.83,55.1,37.1,16.5
2026-04-15 07:42:31,86.99,117.1,140.1,5.64,54.5,42.3,16.6
2026-04-15 07:42:31,86.95,84.2,99.9,7.48,56.2,37.7,16.6
2026-04-15 07:42:31,87.01,87.1,104.4,7.24,54.5,43.3,16.6
2026-04-15 07:42:31,87.01,83.6,103.8,6.2,54.5,34.9,16.6
2026-04-15 07:42:32,86.94,99.8,117.5,6.62,54.5,38.7,16.6
2026-04-15 07:42:32,86.92,96.2,119.3,6.2,54.5,40.0,16.6
2026-04-15 07:42:32,86.87,84.5,107.5,6.45,54.5,35.5,16.6
2026-04-15 07:42:32,86.9,82.7,98.0,7.6,55.1,39.6,16.6
2026-04-15 07:42:32,86.92,85.1,101.7,7.37,54.5,39.2,16.6
2026-04-15 07:42:32,86.95,81.9,94.4,7.68,54.0,37.3,16.6
2026-04-15 07:42:32,86.87,89.3,104.5,7.11,55.6,41.1,16.6
2026-04-15 07:42:33,86.97,83.2,105.8,6.24,55.1,34.8,16.5
2026-04-15 07:42:33,86.96,85.6,102.0,7.36,55.1,38.5,16.6
2026-04-15 07:42:33,86.84,113.5,126.8,6.2,55.1,40.6,16.5
2026-04-15 07:42:33,86.78,84.3,103.7,7.28,56.2,39.3,16.5
2026-04-15 07:42:33,86.81,90.8,106.4,7.14,54.0,38.2,16.6
2026-04-15 07:42:33,86.86,87.4,110.6,6.12,55.1,33.8,16.6
2026-04-15 07:42:33,86.72,84.1,107.2,6.13,55.1,29.5,16.5
2026-04-15 07:42:34,86.68,89.4,105.0,7.21,55.1,44.1,16.5
2026-04-15 07:42:34,86.71,88.7,110.6,6.04,54.0,30.2,16.5
2026-04-15 07:42:34,86.72,85.1,108.1,6.13,55.6,33.8,16.6
2026-04-15 07:42:34,86.75,82.6,96.8,7.66,54.5,33.3,16.6
2026-04-15 07:42:34,86.68,85.5,102.7,7.33,54.5,40.7,16.6
2026-04-15 07:42:34,86.76,84.5,98.0,7.58,55.6,41.5,16.6
2026-04-15 07:42:34,86.68,92.2,107.1,7.06,54.5,41.1,16.7
2026-04-15 07:42:35,86.78,99.6,123.7,5.73,55.1,32.4,16.7
2026-04-15 07:42:35,86.83,93.3,116.5,6.29,54.0,32.3,16.7
2026-04-15 07:42:35,86.98,93.5,116.7,5.99,55.6,30.8,16.7
2026-04-15 07:42:35,87.01,96.7,119.7,5.9,55.1,34.3,16.7
2026-04-15 07:42:35,87.05,90.3,113.3,6.24,55.1,35.9,16.7
2026-04-15 07:42:35,87.0,84.7,109.0,6.17,55.1,32.8,16.7
2026-04-15 07:42:36,86.9,85.0,98.4,7.55,55.1,41.5,16.7
2026-04-15 07:42:36,86.88,86.2,102.1,7.35,54.5,39.6,16.7
2026-04-15 07:42:36,86.93,106.6,129.2,5.39,55.1,35.1,16.7
2026-04-15 07:42:36,86.87,87.6,109.5,6.78,54.5,37.7,16.7
2026-04-15 07:42:36,86.8,88.0,109.4,5.98,55.6,35.3,16.7
2026-04-15 07:42:36,86.93,112.7,135.8,5.23,54.5,31.9,16.7
2026-04-15 07:42:37,86.97,84.9,105.2,7.21,55.1,40.7,16.7
2026-04-15 07:42:37,86.91,93.9,108.2,7.03,55.6,35.8,16.7
2026-04-15 07:42:37,86.91,93.3,119.8,5.9,54.5,35.7,16.7
2026-04-15 07:42:37,86.93,83.5,106.7,6.44,55.1,37.1,16.7
2026-04-15 07:42:37,86.83,82.5,95.7,7.68,56.2,39.6,16.7
2026-04-15 07:42:37,86.9,86.4,102.8,7.3,55.6,37.7,16.8
2026-04-15 07:42:37,86.85,85.8,98.6,7.53,54.0,41.5,16.8
2026-04-15 07:42:38,86.89,87.3,99.4,7.42,55.6,39.6,16.8
2026-04-15 07:42:38,86.81,92.7,104.8,7.21,55.1,42.9,16.8
2026-04-15 07:42:38,86.9,85.8,109.2,6.25,55.6,31.7,16.8
2026-04-15 07:42:38,87.0,98.6,112.2,6.85,55.6,39.7,16.8
2026-04-15 07:42:38,86.92,85.7,108.6,6.51,55.1,36.1,16.8
2026-04-15 07:42:38,86.88,84.1,98.8,7.55,55.6,39.2,16.8
2026-04-15 07:42:38,86.89,84.9,97.3,7.5,54.5,39.6,16.7
2026-04-15 07:42:39,86.85,84.3,98.7,7.55,55.1,43.4,16.8
2026-04-15 07:42:39,86.94,87.2,102.6,7.33,55.6,40.7,16.8
2026-04-15 07:42:39,86.95,82.4,108.5,6.07,55.1,32.3,16.8
2026-04-15 07:42:39,86.92,89.2,102.7,7.28,56.2,42.6,16.7
2026-04-15 07:42:39,86.95,88.0,111.1,6.06,56.2,35.8,16.7
2026-04-15 07:42:39,86.82,83.8,106.8,6.15,55.1,30.2,16.7
2026-04-15 07:42:39,86.97,83.3,98.5,7.52,55.1,45.8,16.7
2026-04-15 07:42:40,86.93,88.4,104.4,7.24,55.6,43.6,16.7
2026-04-15 07:42:40,86.87,82.4,104.4,6.22,56.2,33.8,16.7
2026-04-15 07:42:40,86.82,86.4,103.4,7.29,55.6,41.1,16.7
2026-04-15 07:42:40,86.91,108.1,121.0,6.45,56.2,37.7,16.7
2026-04-15 07:42:40,86.94,87.7,110.8,6.84,54.5,38.3,16.7
2026-04-15 07:42:40,86.88,83.9,107.0,6.14,55.1,32.3,16.7
2026-04-15 07:42:40,86.83,84.2,99.8,7.48,56.2,38.5,16.7
2026-04-15 07:42:41,86.86,93.7,109.1,7.0,55.6,42.1,16.7
2026-04-15 07:42:41,86.86,88.0,111.0,6.21,55.1,32.3,16.7
2026-04-15 07:42:41,86.85,87.0,111.7,5.99,54.5,35.4,16.7
2026-04-15 07:42:41,86.99,84.4,107.3,6.15,56.2,33.3,16.7
2026-04-15 07:42:41,86.95,83.6,98.6,7.56,54.5,34.7,16.7
2026-04-15 07:42:41,86.89,104.3,120.4,6.48,54.0,42.9,16.7
2026-04-15 07:42:42,86.81,85.1,108.2,6.79,54.5,35.6,16.7
2026-04-15 07:42:42,86.93,86.1,100.3,7.44,55.6,43.6,16.7
2026-04-15 07:42:42,87.01,88.5,101.8,7.37,55.6,37.7,16.7
2026-04-15 07:42:42,87.0,101.1,124.5,5.57,55.1,40.0,16.7
2026-04-15 07:42:42,87.05,89.9,112.8,6.46,55.1,31.0,16.7
2026-04-15 07:42:42,87.05,83.7,107.7,6.19,55.1,32.8,16.7
2026-04-15 07:42:42,87.06,82.7,97.2,7.63,55.1,36.7,16.7
2026-04-15 07:42:43,87.03,84.5,103.0,7.31,53.5,42.1,16.7
2026-04-15 07:42:43,86.95,108.7,121.7,6.42,55.6,41.9,16.8
2026-04-15 07:42:43,86.96,102.1,125.2,6.25,55.6,40.0,16.8
2026-04-15 07:42:43,87.02,110.8,133.9,5.7,55.1,33.8,16.8
2026-04-15 07:42:43,87.1,96.3,117.6,6.58,54.5,36.7,16.8
2026-04-15 07:42:43,87.14,85.3,108.5,6.42,56.2,32.8,16.8
2026-04-15 07:42:43,87.12,82.8,97.0,7.65,55.6,39.2,16.8
2026-04-15 07:42:44,87.07,108.5,124.3,6.3,55.6,40.3,16.9
2026-04-15 07:42:44,86.98,85.3,106.0,6.97,56.2,35.2,16.9
2026-04-15 07:42:44,86.98,87.5,101.4,7.32,55.6,36.5,16.9
2026-04-15 07:42:44,87.1,86.4,109.4,6.1,55.1,35.3,16.9
2026-04-15 07:42:44,87.08,82.3,95.4,7.73,56.2,39.2,16.9
2026-04-15 07:42:44,86.99,116.7,133.9,5.97,56.2,35.9,16.9
2026-04-15 07:42:45,87.02,81.7,98.0,7.6,55.6,36.0,16.9
2026-04-15 07:42:45,87.03,96.8,116.2,6.67,55.6,42.9,16.9
2026-04-15 07:42:45,87.07,108.4,134.6,5.56,54.5,32.4,16.9
2026-04-15 07:42:45,86.91,94.3,115.8,6.69,56.2,37.3,16.9
2026-04-15 07:42:45,87.01,85.4,109.0,6.33,55.6,32.3,16.9
2026-04-15 07:42:45,86.96,84.7,97.8,7.55,55.6,39.6,16.8
2026-04-15 07:42:45,86.92,85.0,99.5,7.5,55.6,42.6,16.9
2026-04-15 07:42:46,86.97,84.5,98.6,7.54,56.2,40.7,16.9
2026-04-15 07:42:46,86.92,87.1,102.2,7.35,55.6,43.9,16.8
2026-04-15 07:42:46,87.04,104.9,117.0,6.62,56.8,42.9,16.8
2026-04-15 07:42:46,87.17,86.1,109.3,6.77,55.1,34.5,16.8
2026-04-15 07:42:46,86.99,87.4,100.7,7.44,55.6,41.5,16.8
2026-04-15 07:42:46,87.17,86.3,98.4,7.55,55.6,39.6,16.8
2026-04-15 07:42:46,87.1,92.6,106.1,7.12,55.6,42.1,16.7
2026-04-15 07:42:47,87.03,95.7,118.9,5.93,55.1,30.8,16.7
2026-04-15 07:42:47,87.15,85.5,108.4,6.39,54.5,37.5,16.7
2026-04-15 07:42:47,87.09,84.6,98.7,7.55,55.1,37.3,16.6
2026-04-15 07:42:47,87.1,92.8,107.7,7.08,55.1,43.6,16.7
2026-04-15 07:42:47,87.2,98.6,121.6,5.8,55.1,37.7,16.7
2026-04-15 07:42:47,87.01,82.4,105.2,6.66,55.1,37.1,16.7
2026-04-15 07:42:47,87.15,98.5,115.7,6.69,55.1,42.6,16.7
2026-04-15 07:42:48,87.13,92.6,115.7,6.23,56.2,34.4,16.7
2026-04-15 07:42:48,87.0,87.8,110.7,6.18,56.2,36.4,16.7
2026-04-15 07:42:48,87.23,84.4,96.0,7.7,56.2,42.6,16.7
2026-04-15 07:42:48,86.99,91.7,107.0,7.11,56.2,44.8,16.7
2026-04-15 07:42:48,86.91,93.1,116.0,5.89,55.6,31.8,16.7
2026-04-15 07:42:48,87.04,88.8,111.8,6.22,56.2,31.1,16.7
2026-04-15 07:42:49,86.87,83.3,106.3,6.22,55.6,31.7,16.7
2026-04-15 07:42:49,86.95,102.3,118.4,6.57,56.2,33.9,16.7
2026-04-15 07:42:49,87.1,93.5,117.2,6.32,55.6,35.9,16.7
2026-04-15 07:42:49,86.94,87.4,110.5,6.25,54.5,36.9,16.7
2026-04-15 07:42:49,87.13,87.4,110.5,6.0,55.1,28.6,16.6
2026-04-15 07:42:49,87.17,86.5,98.7,7.55,56.2,38.5,16.7
2026-04-15 07:42:49,86.96,95.5,107.6,7.04,55.1,40.0,16.6
2026-04-15 07:42:50,86.99,83.9,106.0,6.44,56.2,33.9,16.7
2026-04-15 07:42:50,86.96,87.5,102.9,7.32,56.2,36.0,16.7
2026-04-15 07:42:50,86.91,102.0,113.6,6.77,56.2,41.7,16.6
2026-04-15 07:42:50,87.08,92.7,115.8,6.36,55.1,36.5,16.7
2026-04-15 07:42:50,87.0,83.1,106.2,6.36,55.6,32.8,16.7
2026-04-15 07:42:50,86.99,83.5,101.3,7.4,55.6,36.5,16.7
2026-04-15 07:42:50,86.99,84.2,98.8,7.54,57.3,39.6,16.7
2026-04-15 07:42:51,86.93,93.1,108.7,7.01,56.2,35.2,16.7
2026-04-15 07:42:51,87.07,84.9,107.9,6.33,55.6,34.9,16.7
2026-04-15 07:42:51,86.98,103.3,116.0,6.58,55.1,47.4,16.7
2026-04-15 07:42:51,87.02,88.3,110.6,6.61,55.6,37.1,16.7
2026-04-15 07:42:51,87.06,83.9,106.5,6.17,56.2,32.8,16.7
2026-04-15 07:42:51,86.97,86.5,102.2,7.36,55.6,38.9,16.6
2026-04-15 07:42:52,87.04,92.0,115.0,5.81,55.1,35.7,16.6
2026-04-15 07:42:52,86.9,97.7,120.6,5.8,56.2,31.3,16.6
2026-04-15 07:42:52,86.96,88.3,111.4,6.36,55.6,34.4,16.6
2026-04-15 07:42:52,86.99,84.8,107.9,6.13,56.2,34.3,16.6
2026-04-15 07:42:52,86.99,86.5,101.7,7.38,56.8,43.6,16.6
2026-04-15 07:42:52,86.97,100.5,110.9,6.8,54.5,45.9,16.5
2026-04-15 07:42:53,86.93,96.9,119.7,6.11,56.2,32.8,16.5
2026-04-15 07:42:53,86.92,84.7,110.5,6.4,55.1,36.9,16.5
2026-04-15 07:42:53,86.95,84.7,96.9,7.66,55.1,36.7,16.5
2026-04-15 07:42:53,86.97,97.1,111.5,6.88,56.2,38.6,16.5
2026-04-15 07:42:53,86.95,86.9,110.0,6.39,56.2,32.2,16.5
2026-04-15 07:42:53,86.97,95.4,108.1,7.05,54.5,45.0,16.5
2026-04-15 07:42:53,87.05,95.3,118.5,6.01,56.2,33.3,16.5
2026-04-15 07:42:54,86.97,94.0,118.3,6.01,56.2,31.8,16.5
2026-04-15 07:42:54,87.01,91.6,114.5,6.12,56.8,32.3,16.5
2026-04-15 07:42:54,87.07,85.8,109.2,6.22,55.6,37.3,16.6
2026-04-15 07:42:54,86.94,82.7,96.1,7.7,55.6,37.3,16.6
2026-04-15 07:42:54,86.97,88.3,105.2,7.19,55.6,38.2,16.6
2026-04-15 07:42:54,87.04,83.8,107.8,6.14,55.1,36.8,16.7
2026-04-15 07:42:54,87.02,83.6,98.5,7.56,56.2,38.0,16.6
2026-04-15 07:42:55,87.03,85.7,99.1,7.39,56.8,43.9,16.6
2026-04-15 07:42:55,87.0,92.9,106.1,7.13,56.8,40.0,16.7
2026-04-15 07:42:55,87.02,83.3,105.4,6.36,55.6,33.3,16.7
2026-04-15 07:42:55,87.06,85.6,99.8,7.38,56.2,38.9,16.7
2026-04-15 07:42:55,87.01,100.8,114.7,6.69,56.8,38.6,16.7
2026-04-15 07:42:55,87.03,96.9,120.1,6.19,56.2,36.9,16.7
2026-04-15 07:42:56,87.1,90.7,113.6,6.24,56.2,36.4,16.6
2026-04-15 07:42:56,87.09,85.9,109.2,6.17,55.6,31.7,16.7
2026-04-15 07:42:56,87.06,92.3,103.5,7.17,56.2,41.8,16.7
2026-04-15 07:42:56,86.99,120.2,143.2,5.14,56.2,38.0,16.7
2026-04-15 07:42:56,86.97,82.2,94.3,7.79,56.2,41.8,16.7
2026-04-15 07:42:56,86.88,85.5,102.9,7.31,56.8,42.9,16.7
2026-04-15 07:42:56,86.8,84.2,98.0,7.57,55.1,39.6,16.7
2026-04-15 07:42:57,86.72,86.8,102.3,7.36,57.3,40.7,16.7
2026-04-15 07:42:57,86.76,86.4,98.6,7.54,55.6,41.5,16.7
2026-04-15 07:42:57,86.96,86.9,99.3,7.48,55.1,39.6,16.7
2026-04-15 07:42:57,86.88,88.1,100.4,7.44,55.1,43.6,16.7
2026-04-15 07:42:57,86.9,85.0,108.1,6.12,55.6,29.0,16.8
2026-04-15 07:42:57,86.92,97.7,112.1,6.85,56.2,45.2,16.8
2026-04-15 07:42:57,87.01,102.0,125.1,5.84,54.5,34.8,16.7
2026-04-15 07:42:58,87.06,85.9,108.0,6.65,56.2,36.7,16.7
2026-04-15 07:42:58,87.0,83.6,97.2,7.63,56.2,38.0,16.7
2026-04-15 07:42:58,87.06,88.9,105.9,7.15,56.2,42.1,16.7
2026-04-15 07:42:58,86.98,84.6,107.7,6.22,56.2,35.8,16.7
2026-04-15 07:42:58,86.98,83.4,98.2,7.58,56.8,36.0,16.7
2026-04-15 07:42:58,87.06,83.5,98.0,7.43,56.2,38.9,16.6
2026-04-15 07:42:58,86.95,86.6,102.1,7.37,55.1,41.5,16.6
2026-04-15 07:42:59,87.01,99.8,109.6,6.85,56.8,40.4,16.6
2026-04-15 07:42:59,87.0,92.8,116.0,6.26,56.8,32.3,16.6
2026-04-15 07:42:59,87.06,85.6,108.3,6.27,56.8,35.9,16.6
2026-04-15 07:42:59,87.03,83.4,98.4,7.56,55.6,36.0,16.6
2026-04-15 07:42:59,86.97,85.2,100.4,7.45,57.3,39.6,16.6
2026-04-15 07:42:59,86.96,84.7,98.6,7.55,56.2,40.4,16.6
2026-04-15 07:42:59,86.87,84.4,99.1,7.53,56.8,43.1,16.6
2026-04-15 07:43:00,86.91,88.8,103.6,7.27,56.2,42.6,16.6
2026-04-15 07:43:00,87.19,87.8,98.7,7.55,56.2,45.5,16.6
2026-04-15 07:43:00,87.02,95.7,120.0,5.7,56.8,31.3,16.6
2026-04-15 07:43:00,87.05,83.9,106.9,6.51,56.2,36.5,16.6
2026-04-15 07:43:00,87.07,88.7,103.9,7.24,55.6,39.3,16.6
2026-04-15 07:43:00,87.01,102.6,124.3,5.54,56.2,33.8,16.6
2026-04-15 07:43:00,87.0,92.4,115.5,6.4,55.6,38.5,16.6
2026-04-15 07:43:01,86.99,85.9,109.2,6.24,56.8,33.9,16.6
2026-04-15 07:43:01,86.99,87.9,110.9,5.94,56.2,34.8,16.7
2026-04-15 07:43:01,87.0,83.1,104.8,6.18,56.8,35.9,16.7
2026-04-15 07:43:01,86.97,89.9,106.2,7.15,55.6,38.2,16.7
2026-04-15 07:43:01,86.94,85.4,108.4,6.17,57.3,30.6,16.8
2026-04-15 07:43:01,86.95,82.3,96.7,7.67,57.3,39.6,16.8
2026-04-15 07:43:02,86.97,88.6,107.6,7.07,57.3,38.6,16.8
2026-04-15 07:43:02,86.94,83.9,106.0,6.25,56.8,35.4,16.8
2026-04-15 07:43:02,86.97,85.0,101.0,7.42,56.2,37.7,16.8
2026-04-15 07:43:02,87.01,88.2,102.1,7.35,56.2,42.6,16.8
2026-04-15 07:43:02,86.95,84.3,107.6,6.15,56.8,33.8,16.8
2026-04-15 07:43:02,86.89,82.2,97.5,7.63,55.6,36.0,16.8
2026-04-15 07:43:02,86.95,86.4,104.0,7.27,56.8,40.0,16.8
2026-04-15 07:43:03,86.98,82.5,95.1,7.74,56.8,40.4,16.8
2026-04-15 07:43:03,86.96,91.7,108.5,6.99,56.2,42.1,16.8
2026-04-15 07:43:03,86.92,119.8,144.5,5.11,56.2,31.6,16.8
2026-04-15 07:43:03,86.99,85.2,108.5,6.1,56.2,31.2,16.8
2026-04-15 07:43:03,86.92,83.7,97.8,7.59,56.2,38.5,16.8
2026-04-15 07:43:03,86.98,90.6,105.8,7.15,55.6,38.9,16.8
2026-04-15 07:43:03,86.93,83.9,106.9,6.25,56.8,31.7,16.8
2026-04-15 07:43:04,86.95,82.7,98.4,7.56,56.2,43.9,16.8
2026-04-15 07:43:04,87.01,83.8,99.9,7.44,56.2,41.5,16.8
2026-04-15 07:43:04,86.94,86.1,99.9,7.38,56.8,42.9,16.8
2026-04-15 07:43:04,86.94,86.2,99.9,7.47,55.6,41.8,16.8
2026-04-15 07:43:04,87.05,105.1,117.2,6.52,57.3,34.5,16.9
2026-04-15 07:43:04,86.9,84.4,107.1,6.93,56.2,36.8,16.9
2026-04-15 07:43:04,86.8,84.7,100.0,7.49,55.6,39.6,16.9
2026-04-15 07:43:05,86.96,84.9,99.7,7.49,55.1,39.6,16.9
2026-04-15 07:43:05,86.94,103.2,116.5,6.61,57.9,41.0,16.9
2026-04-15 07:43:05,86.9,88.4,111.6,6.58,56.8,39.7,16.9
2026-04-15 07:43:05,86.95,86.8,108.2,6.06,56.8,34.3,16.9
2026-04-15 07:43:05,86.93,84.5,98.1,7.58,56.2,38.5,17.0
2026-04-15 07:43:05,86.86,86.9,101.1,7.41,56.2,37.7,17.0
2026-04-15 07:43:05,86.94,85.2,97.6,7.6,56.8,42.6,16.9
2026-04-15 07:43:06,86.91,89.2,101.7,7.31,57.3,43.9,17.0
2026-04-15 07:43:06,86.98,93.4,116.6,5.85,56.8,35.3,17.0
2026-04-15 07:43:06,86.9,111.3,134.5,5.42,56.8,44.2,17.0
2026-04-15 07:43:06,86.97,94.8,116.2,6.67,55.6,36.7,17.0
2026-04-15 07:43:06,86.97,88.5,111.9,6.19,56.2,31.7,17.0
2026-04-15 07:43:06,86.97,101.7,124.7,5.6,56.2,30.9,17.0
2026-04-15 07:43:07,86.95,85.3,108.6,6.65,57.3,35.6,16.9
2026-04-15 07:43:07,87.03,84.6,98.8,7.54,57.3,38.5,16.9
2026-04-15 07:43:07,86.91,84.3,97.8,7.53,56.8,38.0,16.9
2026-04-15 07:43:07,86.98,91.4,106.9,7.12,57.3,36.5,16.8
2026-04-15 07:43:07,87.03,86.1,109.2,6.2,57.3,34.8,16.8
2026-04-15 07:43:07,86.94,104.2,117.4,6.62,56.2,41.9,16.8
2026-04-15 07:43:07,86.91,107.0,130.3,5.89,57.3,32.3,16.7
2026-04-15 07:43:08,87.0,102.7,125.9,6.16,56.2,37.7,16.7
2026-04-15 07:43:08,86.91,87.2,110.0,6.64,56.8,38.1,16.7
2026-04-15 07:43:08,86.88,88.0,100.7,7.43,56.8,42.3,16.7
2026-04-15 07:43:08,86.92,99.7,122.8,5.55,56.8,31.4,16.7
2026-04-15 07:43:08,86.99,99.0,122.1,6.1,56.8,35.4,16.7
2026-04-15 07:43:08,87.01,85.1,108.2,6.55,56.8,34.4,16.7
2026-04-15 07:43:09,86.94,106.0,120.3,6.49,56.2,38.3,16.7
2026-04-15 07:43:09,86.95,85.1,107.2,6.86,55.6,38.6,16.7
2026-04-15 07:43:09,86.97,86.9,101.4,7.4,56.8,40.4,16.7
2026-04-15 07:43:09,87.07,84.5,95.0,7.63,55.6,42.3,16.7
2026-04-15 07:43:09,86.91,85.7,99.6,7.45,57.3,39.6,16.8
2026-04-15 07:43:09,86.97,85.0,98.7,7.54,57.3,41.8,16.8
2026-04-15 07:43:09,86.93,84.1,99.0,7.53,56.8,42.9,16.8
2026-04-15 07:43:09,86.91,84.3,99.8,7.48,57.9,41.5,16.8
2026-04-15 07:43:10,86.9,109.6,124.5,6.32,56.8,35.6,16.8
2026-04-15 07:43:10,87.0,84.0,107.1,7.1,57.9,33.3,16.8
2026-04-15 07:43:10,87.0,86.8,102.5,7.35,57.9,41.2,16.8
2026-04-15 07:43:10,86.85,83.6,96.3,7.68,56.2,44.8,16.8
2026-04-15 07:43:10,86.92,99.7,115.2,6.71,57.3,43.3,16.7
2026-04-15 07:43:10,86.93,83.2,106.3,6.66,56.2,30.4,16.8
2026-04-15 07:43:10,86.86,85.3,102.0,7.36,56.8,40.0,16.8
2026-04-15 07:43:11,86.99,86.3,100.8,7.44,56.8,37.3,16.8
2026-04-15 07:43:11,86.93,98.6,110.8,6.89,56.2,37.0,16.8
2026-04-15 07:43:11,86.9,102.9,127.4,5.81,55.6,43.5,16.8
2026-04-15 07:43:11,86.94,85.8,109.0,6.76,57.3,36.2,16.8
2026-04-15 07:43:11,86.89,114.0,126.0,6.2,57.3,40.3,16.8
2026-04-15 07:43:11,86.86,93.0,112.2,6.86,57.3,41.0,16.8
2026-04-15 07:43:12,87.06,92.6,115.7,6.02,56.8,26.7,16.8
2026-04-15 07:43:12,87.12,83.2,106.3,6.37,56.8,31.1,16.8
2026-04-15 07:43:12,87.0,85.1,101.3,7.4,56.8,41.8,16.8
2026-04-15 07:43:12,86.95,94.9,109.2,6.98,57.9,46.7,16.8
2026-04-15 07:43:12,86.95,89.4,111.6,6.21,56.8,31.7,16.8
2026-04-15 07:43:12,87.02,85.2,108.2,6.16,56.8,34.4,16.8
2026-04-15 07:43:12,86.94,101.0,115.0,6.71,57.9,40.0,16.8
2026-04-15 07:43:13,86.96,83.0,106.2,6.72,56.8,35.6,16.8
2026-04-15 07:43:13,86.97,90.7,109.5,6.99,56.8,40.7,16.8
2026-04-15 07:43:13,86.89,91.8,114.1,6.04,56.2,36.8,16.7
2026-04-15 07:43:13,86.9,130.4,154.2,4.86,57.3,32.9,16.8
2026-04-15 07:43:13,86.8,84.4,107.3,6.53,57.3,32.2,16.8
2026-04-15 07:43:13,86.81,86.1,101.6,7.39,56.8,39.6,16.8
2026-04-15 07:43:14,86.97,91.7,105.2,7.2,57.3,42.1,16.8
2026-04-15 07:43:14,86.92,85.6,108.2,6.23,57.3,34.4,16.8
2026-04-15 07:43:14,86.9,84.3,97.2,7.57,57.9,41.5,16.8
2026-04-15 07:43:14,86.92,84.0,99.0,7.51,57.3,42.6,16.8
2026-04-15 07:43:14,86.88,92.5,107.9,7.06,56.2,43.1,16.7
2026-04-15 07:43:14,86.84,85.7,108.5,6.26,56.8,37.9,16.7
2026-04-15 07:43:14,86.93,96.9,110.7,6.92,58.4,39.7,16.7
2026-04-15 07:43:15,86.98,103.7,126.6,5.77,57.9,38.0,16.7
2026-04-15 07:43:15,86.96,97.9,121.0,6.22,57.3,35.9,16.7
2026-04-15 07:43:15,86.84,91.0,114.1,6.26,55.6,35.9,16.7
2026-04-15 07:43:15,86.89,111.2,134.5,5.36,56.2,32.9,16.7
2026-04-15 07:43:15,86.89,87.6,107.1,7.0,56.8,35.1,16.6
2026-04-15 07:43:15,86.91,88.5,99.4,7.41,56.8,39.6,16.6
2026-04-15 07:43:16,86.93,85.3,108.4,6.15,57.9,32.8,16.5
2026-04-15 07:43:16,86.91,82.8,97.1,7.65,56.2,40.7,16.5
2026-04-15 07:43:16,86.86,86.4,103.0,7.3,56.8,40.7,16.5
2026-04-15 07:43:16,86.87,83.5,106.2,6.11,57.9,35.4,16.6
2026-04-15 07:43:16,87.01,85.5,101.1,7.4,56.2,41.5,16.6
2026-04-15 07:43:16,86.97,84.5,98.0,7.57,56.8,41.8,16.6
2026-04-15 07:43:16,86.94,97.7,112.7,6.82,56.2,37.5,16.5
2026-04-15 07:43:17,86.87,84.0,107.0,6.54,57.3,33.3,16.6
2026-04-15 07:43:17,86.82,85.5,101.4,7.41,57.3,41.8,16.6
2026-04-15 07:43:17,86.86,85.9,99.4,7.49,55.6,36.0,16.6
2026-04-15 07:43:17,86.83,90.2,103.9,7.26,56.8,41.8,16.6
2026-04-15 07:43:17,86.86,100.3,124.4,5.63,57.3,35.6,16.6
2026-04-15 07:43:17,86.83,104.8,127.9,5.88,56.2,36.8,16.6
2026-04-15 07:43:17,86.81,87.5,110.1,6.7,57.3,38.7,16.7
2026-04-15 07:43:18,86.87,95.0,107.5,7.09,56.2,42.1,16.7
2026-04-15 07:43:18,86.81,87.4,110.5,6.3,56.8,35.9,16.7
2026-04-15 07:43:18,86.85,98.6,110.8,6.9,57.3,41.4,16.7
2026-04-15 07:43:18,86.83,99.1,122.3,5.99,57.3,35.8,16.7
2026-04-15 07:43:18,86.88,83.7,105.8,6.6,56.2,31.0,16.7
2026-04-15 07:43:18,86.87,82.8,96.7,7.56,56.2,42.6,16.7
2026-04-15 07:43:18,86.94,89.9,105.7,7.14,57.9,43.1,16.7
2026-04-15 07:43:19,86.94,85.3,108.3,6.17,56.2,28.3,16.8
2026-04-15 07:43:19,86.87,82.3,96.2,7.69,57.3,45.6,16.8
2026-04-15 07:43:19,86.92,84.8,102.5,7.34,57.3,38.9,16.8
2026-04-15 07:43:19,86.78,117.0,131.3,6.06,56.2,36.1,16.7
2026-04-15 07:43:19,86.87,97.2,111.5,6.82,56.8,38.6,16.8
2026-04-15 07:43:19,86.86,84.2,107.6,6.5,57.3,37.1,16.7
2026-04-15 07:43:20,86.83,97.3,112.5,6.84,57.3,41.7,16.7
2026-04-15 07:43:20,86.87,84.0,106.9,6.53,57.3,36.5,16.7
2026-04-15 07:43:20,86.86,83.4,99.4,7.51,56.8,39.6,16.7
2026-04-15 07:43:20,86.81,83.6,99.3,7.52,56.8,37.3,16.7
2026-04-15 07:43:20,86.93,99.8,115.9,6.68,56.2,40.7,16.6
2026-04-15 07:43:20,86.87,92.6,115.8,6.27,56.8,37.3,16.7
2026-04-15 07:43:20,86.91,90.6,113.4,6.08,56.8,34.4,16.7
2026-04-15 07:43:21,86.9,94.3,117.3,5.87,56.8,33.3,16.6
2026-04-15 07:43:21,86.94,83.6,105.0,6.41,57.3,30.5,16.6
2026-04-15 07:43:21,86.93,94.7,110.6,6.93,56.2,46.6,16.7
2026-04-15 07:43:21,86.89,93.4,116.5,6.06,55.6,31.2,16.7
2026-04-15 07:43:21,86.93,85.0,108.0,6.32,57.3,33.9,16.7
2026-04-15 07:43:21,86.91,91.9,106.3,7.14,57.3,40.7,16.7
2026-04-15 07:43:22,86.86,82.5,105.4,6.37,55.6,30.0,16.6
2026-04-15 07:43:22,86.92,94.8,111.9,6.86,57.9,38.6,16.6
2026-04-15 07:43:22,86.92,84.8,108.2,6.37,56.2,34.4,16.6
2026-04-15 07:43:22,86.86,85.3,101.3,7.41,57.3,42.9,16.6
2026-04-15 07:43:22,86.89,89.2,102.0,7.37,57.3,38.5,16.6
2026-04-15 07:43:22,86.89,85.0,107.8,6.15,57.3,34.4,16.7
2026-04-15 07:43:22,86.93,88.8,103.1,7.3,56.8,40.0,16.6
2026-04-15 07:43:23,86.81,114.5,137.6,5.2,57.3,33.3,16.6
2026-04-15 07:43:23,86.89,83.2,101.8,7.39,56.8,40.0,16.6
2026-04-15 07:43:23,86.91,83.1,100.7,7.39,56.8,40.0,16.6
2026-04-15 07:43:23,86.85,94.7,108.9,7.0,56.2,37.0,16.7
2026-04-15 07:43:23,86.87,83.3,105.2,6.45,57.3,33.3,16.7
2026-04-15 07:43:23,86.85,84.0,99.2,7.46,57.9,36.5,16.7
2026-04-15 07:43:23,86.9,91.9,107.5,7.08,57.9,47.5,16.7
2026-04-15 07:43:24,86.85,94.9,116.6,5.89,58.4,30.8,16.7
2026-04-15 07:43:24,86.98,90.7,113.5,6.17,57.3,36.4,16.7
2026-04-15 07:43:24,86.88,92.1,115.3,5.95,57.3,30.8,16.7
2026-04-15 07:43:24,86.96,89.9,112.9,6.09,57.9,32.8,16.7
2026-04-15 07:43:24,86.84,94.6,117.7,5.83,57.3,32.8,16.7
2026-04-15 07:43:24,86.92,86.6,109.6,6.31,57.3,33.3,16.7
2026-04-15 07:43:25,86.92,94.7,105.3,7.07,57.3,42.1,16.7
2026-04-15 07:43:25,86.95,83.5,106.5,6.44,57.9,32.2,16.7
2026-04-15 07:43:25,86.87,91.2,107.5,7.09,57.9,38.2,16.8
2026-04-15 07:43:25,86.9,89.9,112.9,6.01,57.3,36.8,16.8
2026-04-15 07:43:25,86.89,97.5,120.5,5.78,56.8,31.3,16.8
2026-04-15 07:43:25,86.86,84.4,107.3,6.51,56.8,38.5,16.8
2026-04-15 07:43:25,86.95,82.2,97.2,7.6,57.3,38.5,16.8
2026-04-15 07:43:26,86.87,85.8,102.6,7.33,57.3,43.6,16.9
2026-04-15 07:43:26,86.86,92.9,106.2,7.14,57.3,40.4,16.8
2026-04-15 07:43:26,86.88,103.5,126.5,5.64,58.4,37.1,16.9
2026-04-15 07:43:26,86.89,93.5,116.5,6.39,57.9,35.0,16.9
2026-04-15 07:43:26,86.83,101.5,124.2,5.73,57.9,34.3,16.9
2026-04-15 07:43:26,86.87,93.0,116.2,6.32,56.8,34.4,16.9
2026-04-15 07:43:27,86.89,108.5,131.5,5.5,59.5,38.7,17.0
2026-04-15 07:43:27,86.93,94.4,117.5,6.55,56.8,34.4,17.0
2026-04-15 07:43:27,86.71,93.6,116.1,6.03,57.3,34.4,17.0
2026-04-15 07:43:27,86.8,90.1,113.2,6.14,57.9,33.8,17.0
2026-04-15 07:43:27,86.8,89.1,111.1,6.03,57.9,32.3,17.0
2026-04-15 07:43:27,86.79,95.7,118.8,5.78,56.8,31.9,17.0
2026-04-15 07:43:28,86.87,88.4,111.5,6.28,57.9,37.5,16.9
2026-04-15 07:43:28,86.88,85.1,108.3,6.13,57.3,33.8,16.9
2026-04-15 07:43:28,86.82,88.8,103.0,7.31,57.3,39.6,16.9
2026-04-15 07:43:28,86.84,107.1,128.3,5.39,57.3,37.8,16.9
2026-04-15 07:43:28,86.83,92.1,114.4,6.58,57.9,32.8,16.9
2026-04-15 07:43:28,86.85,89.7,112.9,6.11,58.4,34.8,16.9
2026-04-15 07:43:29,87.0,96.2,119.3,5.79,58.4,30.8,16.8
2026-04-15 07:43:29,86.87,83.5,107.6,6.45,56.8,34.4,16.8
2026-04-15 07:43:29,86.77,85.0,99.4,7.49,56.2,39.6,16.8
2026-04-15 07:43:29,86.77,85.7,100.2,7.46,56.2,42.6,16.8
2026-04-15 07:43:29,86.88,85.8,99.3,7.5,57.3,40.7,16.8
2026-04-15 07:43:29,86.83,93.6,106.4,7.08,57.3,37.0,16.8
2026-04-15 07:43:29,86.77,92.0,115.0,6.06,56.8,36.4,16.7
2026-04-15 07:43:30,86.83,91.1,112.9,6.03,57.3,35.7,16.7
2026-04-15 07:43:30,86.82,90.8,113.9,6.02,57.3,33.3,16.7
2026-04-15 07:43:30,86.86,84.1,107.3,6.26,57.9,32.8,16.7
2026-04-15 07:43:30,86.84,84.9,100.2,7.46,57.9,40.7,16.7
2026-04-15 07:43:30,86.82,91.0,105.5,7.17,56.8,38.9,16.7
2026-04-15 07:43:30,86.91,86.7,109.9,6.16,57.9,31.7,16.7
2026-04-15 07:43:30,86.74,85.3,97.8,7.6,57.9,42.6,16.7
2026-04-15 07:43:31,86.81,85.7,100.3,7.46,57.9,40.0,16.7
2026-04-15 07:43:31,86.73,94.7,108.5,6.99,57.3,41.1,16.7
2026-04-15 07:43:31,86.84,112.6,135.5,5.46,57.9,36.6,16.7
2026-04-15 07:43:31,86.84,85.3,105.5,7.17,58.4,37.0,16.7
2026-04-15 07:43:31,86.77,91.1,104.8,7.2,57.3,42.1,16.7
2026-04-15 07:43:31,86.75,87.7,110.5,6.12,57.9,28.8,16.7
2026-04-15 07:43:32,86.79,82.5,94.5,7.81,57.9,42.6,16.6
2026-04-15 07:43:32,86.77,86.2,102.8,7.31,58.4,42.1,16.6
2026-04-15 07:43:32,86.79,87.5,99.2,7.43,57.9,41.5,16.7
2026-04-15 07:43:32,86.84,88.0,101.2,7.41,59.0,41.5,16.6
2026-04-15 07:43:32,86.72,95.6,118.3,5.78,57.3,32.8,16.6
2026-04-15 07:43:32,86.85,92.3,112.5,6.11,58.4,34.8,16.6
2026-04-15 07:43:32,86.83,89.6,112.5,6.11,58.4,31.7,16.7
2026-04-15 07:43:33,86.81,85.8,108.9,6.15,57.3,32.3,16.7
2026-04-15 07:43:33,86.93,82.2,96.0,7.71,56.8,41.5,16.7
2026-04-15 07:43:33,86.7,108.6,125.8,6.27,57.3,41.5,16.7
2026-04-15 07:43:33,86.82,89.6,113.0,6.75,57.3,39.3,16.7
2026-04-15 07:43:33,86.87,83.1,106.4,6.26,57.3,28.3,16.8
2026-04-15 07:43:33,86.76,87.6,102.0,7.27,57.3,38.9,16.8
2026-04-15 07:43:33,86.77,83.7,95.6,7.73,57.9,40.4,16.8
2026-04-15 07:43:34,86.79,98.9,116.9,6.63,57.3,33.9,16.8
2026-04-15 07:43:34,86.7,86.1,109.1,6.6,57.9,32.2,16.8
2026-04-15 07:43:34,86.82,83.5,97.0,7.64,57.3,41.5,16.8
2026-04-15 07:43:34,86.9,87.4,103.1,7.29,58.4,38.9,16.9
2026-04-15 07:43:34,86.86,86.0,109.1,6.04,57.3,32.3,16.9
2026-04-15 07:43:34,86.83,89.1,101.9,7.35,57.3,39.6,16.9
2026-04-15 07:43:34,86.82,89.2,112.5,5.99,57.9,31.8,16.9
2026-04-15 07:43:35,86.7,86.5,109.1,6.12,58.4,32.8,16.9
2026-04-15 07:43:35,86.65,114.4,126.9,6.21,56.8,33.3,16.9
2026-04-15 07:43:35,86.66,89.8,108.8,7.02,57.9,42.6,16.9
2026-04-15 07:43:35,86.78,84.1,107.4,6.22,57.9,33.3,16.9
2026-04-15 07:43:35,86.77,84.4,99.7,7.49,57.9,38.5,16.9
2026-04-15 07:43:35,86.62,84.9,100.4,7.46,58.4,41.8,16.8
2026-04-15 07:43:36,86.68,85.0,99.4,7.51,56.2,39.2,16.8
2026-04-15 07:43:36,86.78,83.7,98.4,7.57,56.8,39.6,16.8
2026-04-15 07:43:36,86.77,86.7,102.4,7.34,57.3,43.6,16.8
2026-04-15 07:43:36,86.79,93.8,106.5,7.12,58.4,38.5,16.8
2026-04-15 07:43:36,86.75,84.0,106.7,6.37,56.8,33.3,16.8
2026-04-15 07:43:36,86.8,89.2,104.9,7.21,57.3,35.3,16.8
2026-04-15 07:43:36,86.89,98.5,121.6,5.69,57.9,32.9,16.8
2026-04-15 07:43:37,86.67,84.2,107.3,6.57,57.3,37.1,16.8
2026-04-15 07:43:37,86.76,83.9,99.4,7.52,57.3,37.3,16.8
2026-04-15 07:43:37,86.71,93.4,109.3,6.98,56.2,37.5,16.8
2026-04-15 07:43:37,86.81,84.1,107.3,6.37,57.9,33.3,16.8
2026-04-15 07:43:37,86.69,87.0,100.6,7.32,58.4,45.6,16.8
2026-04-15 07:43:37,86.69,83.5,106.5,6.16,56.8,33.3,16.8
2026-04-15 07:43:37,86.76,87.8,104.7,7.21,58.4,35.3,16.8
2026-04-15 07:43:38,86.66,88.1,110.2,5.99,57.9,32.8,16.9
2026-04-15 07:43:38,86.77,84.6,107.6,6.17,57.9,29.0,16.9
2026-04-15 07:43:38,86.75,81.9,96.7,7.66,58.4,39.2,16.9
2026-04-15 07:43:38,86.92,83.5,101.0,7.41,57.9,36.5,16.9
2026-04-15 07:43:38,87.01,106.0,121.8,6.42,58.4,42.4,16.9
2026-04-15 07:43:38,87.13,98.4,121.4,6.3,56.8,36.5,16.9
2026-04-15 07:43:38,87.0,85.0,108.1,6.53,57.9,38.1,16.9
2026-04-15 07:43:39,86.95,83.2,96.6,7.6,56.8,38.5,16.9
2026-04-15 07:43:39,86.93,84.6,100.8,7.43,57.3,39.6,16.9
2026-04-15 07:43:39,87.03,83.8,98.8,7.55,57.3,41.5,16.9
2026-04-15 07:43:39,87.03,99.2,117.4,6.61,57.9,33.9,17.0
2026-04-15 07:43:39,86.98,87.2,109.6,6.58,58.4,35.0,17.0
2026-04-15 07:43:39,86.79,88.0,100.0,7.46,58.4,36.0,17.0
2026-04-15 07:43:39,86.67,82.2,105.3,6.23,57.9,33.8,16.9
2026-04-15 07:43:40,86.53,85.7,101.8,7.3,57.3,37.7,16.9
2026-04-15 07:43:40,86.6,84.9,98.3,7.56,59.0,39.2,16.9
2026-04-15 07:43:40,86.67,86.5,99.0,7.42,59.5,37.3,16.9
2026-04-15 07:43:40,86.58,83.8,96.7,7.65,58.4,44.4,16.9
2026-04-15 07:43:40,86.63,96.4,112.0,6.86,57.9,42.4,16.9
2026-04-15 07:43:40,86.7,88.4,110.4,6.29,59.0,32.3,16.9
2026-04-15 07:43:40,86.79,103.5,126.5,5.51,57.9,33.3,16.8
2026-04-15 07:43:41,86.69,89.0,111.8,6.57,57.9,35.6,16.8
2026-04-15 07:43:41,86.69,88.0,111.3,6.03,57.3,32.8,16.8
2026-04-15 07:43:41,86.68,89.0,111.0,5.98,57.3,36.8,16.8
2026-04-15 07:43:41,86.68,97.1,118.9,5.73,58.4,36.6,16.8
2026-04-15 07:43:41,86.63,95.3,118.6,6.06,57.9,33.3,16.8
2026-04-15 07:43:41,86.62,86.9,110.0,6.32,58.4,34.9,16.8
2026-04-15 07:43:42,86.69,91.8,102.0,7.23,57.3,39.6,16.7
2026-04-15 07:43:42,86.65,85.3,108.5,6.24,57.9,33.8,16.7
2026-04-15 07:43:42,86.71,84.4,98.5,7.56,57.3,39.2,16.8
2026-04-15 07:43:42,86.75,83.8,98.8,7.54,58.4,41.5,16.8
2026-04-15 07:43:42,86.72,90.6,104.6,7.13,58.4,44.6,16.8
2026-04-15 07:43:42,86.79,84.6,107.6,6.23,57.3,31.1,16.8
2026-04-15 07:43:42,86.73,86.9,102.3,7.35,57.3,40.7,16.7
2026-04-15 07:43:43,86.76,85.6,96.4,7.58,58.4,43.6,16.7
2026-04-15 07:43:43,86.72,87.2,100.6,7.43,57.9,42.9,16.7
2026-04-15 07:43:43,86.77,82.5,94.5,7.8,57.9,41.5,16.7
2026-04-15 07:43:43,86.81,87.1,104.4,7.23,57.3,37.0,16.7
2026-04-15 07:43:43,86.77,82.4,94.9,7.76,56.8,39.2,16.7
2026-04-15 07:43:43,86.78,97.1,115.6,6.68,57.9,45.0,16.7
2026-04-15 07:43:43,86.73,84.8,107.9,6.58,57.9,37.5,16.7
2026-04-15 07:43:44,86.76,83.1,98.1,7.59,56.8,36.7,16.7
2026-04-15 07:43:44,86.75,105.7,121.9,6.42,57.9,41.0,16.7
2026-04-15 07:43:44,86.77,112.7,136.0,5.76,58.4,33.8,16.8
2026-04-15 07:43:44,86.73,87.1,107.0,7.1,59.5,41.4,16.8
2026-04-15 07:43:44,86.78,86.3,98.4,7.55,57.9,39.6,16.8
2026-04-15 07:43:44,86.7,94.6,107.0,7.07,58.4,37.7,16.8
2026-04-15 07:43:44,86.72,88.6,111.7,6.22,59.0,33.3,16.8
2026-04-15 07:43:45,86.68,87.8,110.6,6.04,56.8,34.3,16.8
2026-04-15 07:43:45,86.8,83.2,106.3,6.17,57.9,26.7,16.8
2026-04-15 07:43:45,86.73,89.5,105.5,7.17,57.9,36.5,16.8
2026-04-15 07:43:45,86.74,84.4,107.6,6.19,59.0,31.7,16.8
2026-04-15 07:43:45,86.76,101.5,116.4,6.65,58.4,39.7,16.8
2026-04-15 07:43:45,86.82,99.2,123.7,6.03,59.0,37.9,16.8
2026-04-15 07:43:46,86.78,97.3,120.3,6.13,59.0,33.3,16.8
2026-04-15 07:43:46,86.71,86.2,107.8,6.42,57.3,34.4,16.7
2026-04-15 07:43:46,86.76,106.3,118.9,6.52,58.4,48.5,16.7
2026-04-15 07:43:46,86.81,97.9,122.0,6.29,58.4,36.5,16.7
2026-04-15 07:43:46,86.74,89.4,112.8,6.36,58.4,37.9,16.6
2026-04-15 07:43:46,86.7,110.4,132.4,5.34,57.9,36.0,16.6
2026-04-15 07:43:47,86.65,85.4,107.3,7.07,57.9,35.2,16.6
2026-04-15 07:43:47,86.72,85.0,99.4,7.52,59.0,43.6,16.6
2026-04-15 07:43:47,86.61,86.0,99.8,7.46,59.0,40.7,16.6
2026-04-15 07:43:47,86.64,101.8,115.4,6.7,57.9,39.3,16.6
2026-04-15 07:43:47,86.68,85.8,109.0,6.64,59.5,36.1,16.6
2026-04-15 07:43:47,86.79,86.0,99.7,7.49,57.9,34.7,16.6
2026-04-15 07:43:47,86.71,87.9,99.7,7.39,59.0,39.6,16.6
2026-04-15 07:43:48,86.73,92.8,115.8,5.84,57.9,32.3,16.6
2026-04-15 07:43:48,86.69,84.3,107.5,6.33,57.9,33.3,16.6
2026-04-15 07:43:48,86.84,82.7,96.7,7.59,58.4,41.8,16.7
2026-04-15 07:43:48,86.8,87.2,103.7,7.26,59.0,36.5,16.7
2026-04-15 07:43:48,86.79,83.2,94.4,7.74,58.4,40.4,16.7
2026-04-15 07:43:48,86.75,91.7,107.8,6.99,59.0,40.4,16.8
2026-04-15 07:43:48,86.7,106.0,129.0,5.56,57.9,32.4,16.8
2026-04-15 07:43:49,86.74,95.4,118.7,6.42,57.9,39.1,16.8
2026-04-15 07:43:49,86.73,90.1,113.0,6.2,57.9,33.3,16.9
2026-04-15 07:43:49,86.66,82.7,105.8,6.29,57.9,33.8,16.9
2026-04-15 07:43:49,86.64,106.0,122.7,6.39,59.0,38.7,16.9
2026-04-15 07:43:49,86.64,87.8,111.0,6.73,57.9,43.9,16.9
2026-04-15 07:43:49,86.68,90.1,113.2,5.93,57.9,31.3,16.9
2026-04-15 07:43:50,86.69,83.7,106.9,6.24,58.4,33.8,16.9
2026-04-15 07:43:50,86.78,83.6,98.0,7.51,57.9,43.4,16.9
2026-04-15 07:43:50,86.65,84.3,100.3,7.45,57.9,39.6,16.9
2026-04-15 07:43:50,86.73,84.5,102.6,7.35,59.0,40.0,16.9
2026-04-15 07:43:50,86.67,85.3,97.3,7.63,59.5,38.0,16.9
2026-04-15 07:43:50,86.72,83.0,97.5,7.62,58.4,41.5,16.9
2026-04-15 07:43:50,86.84,91.5,107.3,7.06,59.0,40.0,16.9
2026-04-15 07:43:51,86.7,90.9,114.0,6.02,58.4,32.3,16.9
2026-04-15 07:43:51,86.7,84.3,107.5,6.24,57.9,36.9,16.9
2026-04-15 07:43:51,86.72,95.8,108.8,6.91,59.0,36.8,16.9
2026-04-15 07:43:51,86.73,91.8,108.6,6.15,58.4,37.5,16.9
2026-04-15 07:43:51,86.75,101.9,123.1,5.66,57.9,29.9,16.9
2026-04-15 07:43:51,86.68,85.2,108.4,6.67,59.0,37.7,16.9
2026-04-15 07:43:51,86.72,89.7,103.7,7.27,57.9,43.1,16.9
2026-04-15 07:43:52,86.68,111.8,135.1,5.29,57.3,33.8,16.9
2026-04-15 07:43:52,86.68,86.3,107.2,7.09,59.0,39.7,16.9
2026-04-15 07:43:52,86.73,98.4,111.4,6.88,59.5,36.4,16.9
2026-04-15 07:43:52,86.79,87.7,110.7,6.41,59.5,35.5,16.9
2026-04-15 07:43:52,86.78,86.8,109.5,6.04,57.9,37.1,16.9
2026-04-15 07:43:52,86.76,85.2,97.6,7.59,59.5,40.4,16.8
2026-04-15 07:43:52,86.74,82.3,96.3,7.66,59.5,38.8,16.8
2026-04-15 07:43:53,86.78,91.4,109.2,7.0,59.0,38.6,16.9
2026-04-15 07:43:53,86.86,86.4,107.3,6.21,58.4,30.0,16.8
2026-04-15 07:43:53,86.79,82.5,95.2,7.74,57.9,40.4,16.8
2026-04-15 07:43:53,86.86,100.3,117.6,6.61,57.9,37.3,16.8
2026-04-15 07:43:53,86.82,85.1,108.2,6.61,59.5,41.5,16.8
2026-04-15 07:43:53,86.74,83.8,97.7,7.58,59.5,40.7,16.8
2026-04-15 07:43:54,86.76,95.6,111.8,6.87,57.9,37.7,16.8
2026-04-15 07:43:54,86.77,87.0,110.1,6.35,57.9,35.9,16.8
2026-04-15 07:43:54,86.83,82.5,94.8,7.75,60.0,33.3,16.8
2026-04-15 07:43:54,86.73,83.9,100.7,7.43,59.5,35.3,16.8
2026-04-15 07:43:54,86.72,85.1,102.2,7.32,59.0,40.7,16.8
2026-04-15 07:43:54,86.76,81.4,93.9,7.83,59.5,39.2,16.8
2026-04-15 07:43:54,86.74,83.5,101.8,7.34,59.5,39.6,16.8
2026-04-15 07:43:54,86.62,96.5,111.5,6.88,59.0,39.0,16.7
2026-04-15 07:43:55,86.83,93.3,116.3,6.13,59.5,32.3,16.7
2026-04-15 07:43:55,86.84,89.9,113.2,6.11,57.9,34.4,16.8
2026-04-15 07:43:55,86.75,83.6,106.7,6.25,57.9,32.8,16.8
2026-04-15 07:43:55,86.77,92.3,106.7,7.06,59.0,40.4,16.7
2026-04-15 07:43:55,86.71,109.4,132.5,5.44,59.5,34.2,16.8
2026-04-15 07:43:55,86.76,83.9,106.2,7.02,57.9,39.0,16.8
2026-04-15 07:43:56,86.78,83.5,97.8,7.6,59.5,43.6,16.7
2026-04-15 07:43:56,86.72,97.4,113.4,6.8,59.0,39.7,16.7
2026-04-15 07:43:56,86.67,102.4,124.8,5.82,58.4,42.6,16.7
2026-04-15 07:43:56,86.67,86.2,110.3,6.61,59.5,33.3,16.8
2026-04-15 07:43:56,86.82,97.9,110.2,6.94,59.5,36.4,16.7
2026-04-15 07:43:56,86.69,97.5,120.6,6.01,60.0,33.3,16.7
2026-04-15 07:43:57,86.71,91.6,114.6,6.23,59.0,33.9,16.7
2026-04-15 07:43:57,86.73,92.9,115.9,5.96,58.4,30.8,16.7
2026-04-15 07:43:57,86.77,93.0,116.5,5.98,57.3,32.8,16.7
2026-04-15 07:43:57,86.71,85.9,108.9,6.28,60.0,33.9,16.7
2026-04-15 07:43:57,86.76,84.9,98.4,7.54,59.0,36.0,16.7
2026-04-15 07:43:57,86.75,93.2,107.0,7.09,59.0,36.5,16.6
2026-04-15 07:43:57,86.74,84.9,107.8,6.32,59.0,36.4,16.6
2026-04-15 07:43:58,86.76,94.5,109.0,6.99,59.0,40.0,16.6
2026-04-15 07:43:58,86.73,90.4,113.6,6.15,59.0,36.2,16.6
2026-04-15 07:43:58,86.63,92.9,116.0,5.91,57.3,31.3,16.6
2026-04-15 07:43:58,86.81,86.9,109.9,6.23,58.4,34.4,16.7
2026-04-15 07:43:58,86.75,82.4,94.9,7.75,57.9,39.2,16.7
2026-04-15 07:43:58,86.82,85.9,102.6,7.32,58.4,43.9,16.7
2026-04-15 07:43:58,86.77,86.0,100.0,7.47,59.0,38.0,16.8
2026-04-15 07:43:59,86.76,92.7,104.1,7.14,59.5,40.0,16.8
2026-04-15 07:43:59,86.77,83.4,106.6,6.37,59.0,37.5,16.8
2026-04-15 07:43:59,86.77,86.6,102.7,7.34,59.0,40.7,16.8
2026-04-15 07:43:59,86.82,95.6,107.4,7.03,57.9,39.3,16.8
2026-04-15 07:43:59,86.91,93.7,116.9,6.07,58.4,36.4,16.8
2026-04-15 07:43:59,87.0,87.4,110.6,6.24,58.4,31.1,16.8
2026-04-15 07:44:00,86.96,87.3,99.1,7.51,60.0,34.7,16.8
2026-04-15 07:44:00,86.89,86.0,98.2,7.58,59.0,40.7,16.8
2026-04-15 07:44:00,86.93,90.7,104.0,7.25,60.6,39.6,16.8
2026-04-15 07:44:00,86.84,89.5,111.8,6.05,58.4,37.7,16.9
2026-04-15 07:44:00,86.89,82.5,105.7,6.27,57.9,30.6,16.9
2026-04-15 07:44:00,86.89,85.0,101.9,7.37,59.5,40.7,16.9
2026-04-15 07:44:00,87.11,96.0,110.6,6.92,58.4,41.4,16.9
2026-04-15 07:44:01,86.92,88.9,111.9,6.28,60.6,36.4,16.9
2026-04-15 07:44:01,86.92,84.6,107.9,6.16,59.0,31.7,16.9
2026-04-15 07:44:01,86.73,82.2,97.1,7.65,59.5,40.7,16.9
2026-04-15 07:44:01,86.77,88.1,105.2,7.18,59.5,39.6,16.9
2026-04-15 07:44:01,86.8,93.3,117.0,5.81,58.4,36.6,16.9
2026-04-15 07:44:01,86.77,90.3,113.2,6.13,58.4,35.8,16.9
2026-04-15 07:44:01,86.68,85.2,108.3,6.18,58.4,35.8,16.8
2026-04-15 07:44:02,86.71,94.2,108.3,7.04,59.5,39.3,16.8
2026-04-15 07:44:02,86.77,84.3,106.7,6.38,58.4,36.9,16.8
2026-04-15 07:44:02,86.65,85.4,99.0,7.44,59.5,38.5,16.8
2026-04-15 07:44:02,86.65,84.7,98.6,7.54,59.0,38.0,16.9
2026-04-15 07:44:02,86.74,88.5,102.4,7.3,59.5,41.5,16.9
2026-04-15 07:44:02,86.77,93.0,116.3,5.84,59.0,36.6,16.9
2026-04-15 07:44:02,86.73,85.1,108.1,6.3,59.0,32.8,16.9
2026-04-15 07:44:03,86.64,83.4,100.1,7.47,59.0,37.7,16.8
2026-04-15 07:44:03,86.66,84.2,97.2,7.59,59.0,39.2,16.8
2026-04-15 07:44:03,86.8,84.4,99.4,7.51,59.5,41.5,16.8
2026-04-15 07:44:03,86.73,90.2,106.3,7.14,59.0,43.3,16.8
2026-04-15 07:44:03,86.76,91.0,114.2,6.0,59.0,35.8,16.8
2026-04-15 07:44:03,86.69,85.4,108.6,6.22,58.4,35.4,16.8
2026-04-15 07:44:03,86.74,84.3,98.1,7.57,60.0,44.6,16.8
2026-04-15 07:44:04,86.74,100.7,115.3,6.67,58.4,42.6,16.8
2026-04-15 07:44:04,86.77,82.7,105.9,6.72,60.0,33.9,16.8
2026-04-15 07:44:04,86.73,92.8,111.9,6.87,59.0,37.5,16.8
2026-04-15 07:44:04,86.77,83.5,106.4,6.46,59.0,32.8,16.8
2026-04-15 07:44:04,86.86,257.9,272.6,3.25,59.5,76.0,16.7
2026-04-15 07:44:05,86.79,126.4,130.3,5.92,60.0,78.1,16.7
2026-04-15 07:44:05,86.7,114.4,137.7,5.32,59.5,60.5,16.8
2026-04-15 07:44:05,86.84,165.1,187.3,4.49,60.0,74.2,16.9
2026-04-15 07:44:05,86.77,84.7,107.8,6.82,58.4,35.1,16.9
2026-04-15 07:44:05,86.77,89.4,109.1,7.01,60.0,52.5,16.9
2026-04-15 07:44:05,86.76,95.0,118.1,5.97,58.4,33.3,16.8
2026-04-15 07:44:06,86.83,82.9,105.7,6.47,59.0,33.9,16.8
2026-04-15 07:44:06,86.74,93.5,110.5,6.94,59.0,40.7,16.8
2026-04-15 07:44:06,86.79,98.8,121.9,5.82,60.0,34.3,16.8
2026-04-15 07:44:06,86.73,83.6,107.1,6.59,59.0,36.1,16.8
2026-04-15 07:44:06,86.83,100.6,116.4,6.66,59.0,40.0,16.8
2026-04-15 07:44:06,86.84,88.7,111.7,6.47,60.0,33.9,16.8
2026-04-15 07:44:07,86.77,101.4,124.1,5.58,57.9,36.5,16.8
2026-04-15 07:44:07,86.8,83.8,107.2,6.71,59.5,30.9,16.8
2026-04-15 07:44:07,86.79,88.7,102.3,7.25,60.6,39.3,16.8
2026-04-15 07:44:07,86.83,110.2,133.2,5.31,59.0,34.7,16.8
2026-04-15 07:44:07,86.78,86.3,110.3,6.94,59.5,36.2,16.8
2026-04-15 07:44:07,86.75,92.4,114.5,5.85,59.0,36.2,16.8
2026-04-15 07:44:08,86.82,92.0,115.0,6.02,60.0,37.7,16.8
2026-04-15 07:44:08,86.72,84.7,107.9,6.27,58.4,35.9,16.8
2026-04-15 07:44:08,86.67,84.6,99.6,7.5,60.0,40.0,16.8
2026-04-15 07:44:08,86.78,92.5,107.3,7.09,59.5,38.2,16.8
2026-04-15 07:44:08,86.85,83.8,106.9,6.34,58.4,34.4,16.8
2026-04-15 07:44:08,86.73,87.5,103.3,7.29,59.0,37.7,16.8
2026-04-15 07:44:08,86.72,84.3,96.9,7.66,59.5,40.4,16.8
2026-04-15 07:44:09,86.67,111.4,126.9,6.21,59.0,44.8,16.8
2026-04-15 07:44:09,86.7,84.2,104.8,7.22,59.5,38.6,16.8
2026-04-15 07:44:09,86.71,99.5,114.9,6.72,59.0,40.4,16.8
2026-04-15 07:44:09,86.73,84.2,107.5,6.62,59.0,32.8,16.8
2026-04-15 07:44:09,86.64,84.2,97.5,7.52,59.5,38.5,16.8
2026-04-15 07:44:09,86.64,102.4,117.5,6.59,59.5,38.3,16.8
2026-04-15 07:44:09,86.67,89.1,112.0,6.53,60.6,35.6,16.7
2026-04-15 07:44:10,86.53,91.5,114.6,5.91,59.0,33.3,16.7
2026-04-15 07:44:10,86.59,91.9,115.0,5.99,59.0,33.3,16.7
2026-04-15 07:44:10,86.63,87.5,110.5,6.17,59.5,30.0,16.7
2026-04-15 07:44:10,86.62,87.1,99.5,7.5,59.5,40.7,16.7
2026-04-15 07:44:10,86.56,93.7,116.9,5.79,59.0,30.3,16.7
2026-04-15 07:44:10,86.65,94.2,117.3,5.99,59.0,33.3,16.7
2026-04-15 07:44:11,86.71,86.8,111.6,6.21,60.0,31.7,16.7
2026-04-15 07:44:11,86.79,98.9,122.0,5.65,58.4,30.9,16.7
2026-04-15 07:44:11,86.74,103.7,126.8,5.84,60.0,35.4,16.7
2026-04-15 07:44:11,86.74,83.0,106.0,6.85,60.0,35.1,16.8
2026-04-15 07:44:11,86.78,92.5,108.9,7.0,59.5,36.4,16.8
2026-04-15 07:44:11,86.71,84.1,107.4,6.32,60.0,35.9,16.8
2026-04-15 07:44:11,86.82,84.1,100.0,7.49,59.5,39.6,16.9
2026-04-15 07:44:12,86.76,102.5,117.5,6.61,60.6,46.8,16.9
2026-04-15 07:44:12,86.82,86.0,109.3,6.65,60.0,35.0,16.9
2026-04-15 07:44:12,86.84,88.3,100.7,7.39,59.5,41.5,16.8
2026-04-15 07:44:12,86.78,82.7,105.8,6.22,59.5,34.3,16.8
2026-04-15 07:44:12,86.76,87.2,103.7,7.24,59.5,40.0,16.8
2026-04-15 07:44:12,86.8,83.7,95.8,7.71,59.5,34.0,16.8
2026-04-15 07:44:12,86.81,93.6,109.5,6.98,60.0,42.4,16.8
2026-04-15 07:44:13,86.83,100.5,123.5,5.77,59.0,31.8,16.8
2026-04-15 07:44:13,86.76,97.3,120.6,6.11,59.5,37.3,16.8
2026-04-15 07:44:13,86.76,87.3,112.2,6.31,59.5,34.4,16.8
2026-04-15 07:44:13,86.67,100.2,123.7,5.62,58.4,34.7,16.7
2026-04-15 07:44:13,86.68,88.7,111.6,6.47,59.5,36.5,16.7
2026-04-15 07:44:13,86.74,86.4,109.6,6.06,58.4,32.3,16.7
2026-04-15 07:44:14,86.71,83.6,95.4,7.69,60.0,43.4,16.7
2026-04-15 07:44:14,86.68,92.9,108.9,7.0,60.0,37.0,16.7
2026-04-15 07:44:14,86.72,96.4,118.6,5.88,59.5,32.3,16.7
2026-04-15 07:44:14,86.76,94.9,117.9,6.06,59.5,36.4,16.7
2026-04-15 07:44:14,86.68,87.7,110.9,6.19,60.6,33.3,16.7
2026-04-15 07:44:14,86.73,92.7,114.7,5.9,60.0,33.8,16.7
2026-04-15 07:44:15,86.8,85.0,108.1,6.3,59.5,33.9,16.7
2026-04-15 07:44:15,86.7,90.1,104.6,7.23,60.6,42.9,16.7
2026-04-15 07:44:15,86.76,85.0,109.5,6.14,60.0,33.8,16.7
2026-04-15 07:44:15,86.73,86.1,98.6,7.52,60.6,45.6,16.7
2026-04-15 07:44:15,86.72,93.7,107.3,7.08,59.5,38.9,16.7
2026-04-15 07:44:15,86.72,85.1,108.1,6.35,59.0,33.3,16.7
2026-04-15 07:44:15,86.8,90.3,104.2,7.22,60.0,43.1,16.6
2026-04-15 07:44:16,86.81,87.9,111.1,6.07,58.4,33.3,16.7
2026-04-15 07:44:16,86.8,101.0,124.2,5.58,58.4,32.9,16.7
2026-04-15 07:44:16,86.82,97.8,120.8,6.12,60.0,43.3,16.7
2026-04-15 07:44:16,86.79,84.9,107.9,6.51,59.5,36.5,16.7
2026-04-15 07:44:16,86.7,84.9,99.8,7.49,60.0,39.6,16.7
2026-04-15 07:44:16,86.77,87.2,101.5,7.39,60.0,39.6,16.7
2026-04-15 07:44:16,86.78,88.9,101.0,7.4,60.0,40.7,16.7
2026-04-15 07:44:17,86.82,84.4,107.6,6.17,60.0,34.4,16.7
2026-04-15 07:44:17,86.77,88.4,105.5,7.18,57.9,37.7,16.7
2026-04-15 07:44:17,86.85,87.0,110.7,6.08,59.0,33.8,16.7
2026-04-15 07:44:17,86.76,83.1,94.2,7.81,60.0,40.4,16.7
2026-04-15 07:44:17,86.67,88.3,104.6,7.23,58.4,36.5,16.6
2026-04-15 07:44:17,86.64,91.4,114.4,5.89,59.5,31.8,16.6
2026-04-15 07:44:18,86.58,98.1,121.3,5.77,60.0,36.1,16.7
2026-04-15 07:44:18,86.62,86.5,110.9,6.41,60.6,35.0,16.7
2026-04-15 07:44:18,86.57,90.2,112.1,5.92,60.0,31.8,16.7
2026-04-15 07:44:18,86.64,83.8,106.8,6.24,59.5,34.4,16.8
2026-04-15 07:44:18,86.6,81.7,97.5,7.61,60.6,37.3,16.8
2026-04-15 07:44:18,86.59,84.0,103.5,7.28,60.6,37.7,16.8
2026-04-15 07:44:18,86.62,81.3,95.3,7.71,59.5,38.5,16.9
2026-04-15 07:44:19,86.61,85.4,103.9,7.25,60.0,39.6,16.9
2026-04-15 07:44:19,86.64,84.1,96.6,7.66,59.5,43.4,16.9
2026-04-15 07:44:19,86.71,82.0,97.0,7.63,60.6,38.5,16.9
2026-04-15 07:44:19,86.71,85.7,102.0,7.28,59.0,43.9,16.9
2026-04-15 07:44:19,86.71,82.9,96.3,7.67,60.6,41.5,16.9
2026-04-15 07:44:19,86.68,83.9,100.8,7.44,58.4,40.7,16.9
2026-04-15 07:44:19,86.73,83.9,99.6,7.5,60.6,38.9,16.9
2026-04-15 07:44:20,86.74,93.7,111.5,6.89,60.6,41.4,16.8
2026-04-15 07:44:20,86.72,85.5,107.6,6.38,60.6,35.5,16.8
2026-04-15 07:44:20,86.78,82.3,95.5,7.72,59.0,37.3,16.8
2026-04-15 07:44:20,86.78,102.8,120.3,6.48,59.0,42.6,16.8
2026-04-15 07:44:20,86.76,95.4,119.0,6.28,59.5,36.9,16.8
2026-04-15 07:44:20,86.74,84.8,105.5,6.43,60.0,33.9,16.8
2026-04-15 07:44:20,86.68,92.9,107.5,7.07,60.6,37.0,16.8
2026-04-15 07:44:21,86.73,99.4,122.6,5.78,60.0,33.8,16.8
2026-04-15 07:44:21,86.72,84.5,107.5,6.6,59.5,35.0,16.8
2026-04-15 07:44:21,86.76,94.2,110.2,6.95,60.0,37.7,16.8
2026-04-15 07:44:21,86.84,85.8,109.7,6.32,59.0,37.1,16.8
2026-04-15 07:44:21,86.93,81.2,93.8,7.84,60.6,33.3,16.8
2026-04-15 07:44:21,86.85,86.0,104.4,7.24,59.5,38.5,16.8
2026-04-15 07:44:21,86.81,84.6,107.7,6.06,60.0,29.7,16.8
2026-04-15 07:44:22,86.65,86.1,101.0,7.41,60.0,40.4,16.9
2026-04-15 07:44:22,86.67,85.6,98.9,7.53,59.5,41.8,16.9
2026-04-15 07:44:22,86.67,87.7,100.5,7.41,60.6,43.4,16.9
2026-04-15 07:44:22,86.75,86.8,109.9,6.03,59.5,38.0,16.9
2026-04-15 07:44:22,86.72,82.4,93.7,7.74,61.7,40.0,17.0
2026-04-15 07:44:22,86.64,86.2,103.2,7.3,60.0,38.9,17.0
2026-04-15 07:44:22,86.68,84.6,97.5,7.6,59.5,40.4,17.0
2026-04-15 07:44:23,86.71,86.8,101.9,7.38,60.6,39.6,17.0
2026-04-15 07:44:23,86.75,84.4,96.9,7.63,62.2,40.4,17.0
2026-04-15 07:44:23,86.64,93.1,107.8,7.06,60.6,38.9,17.0
2026-04-15 07:44:23,86.66,105.9,128.8,5.57,60.6,33.8,17.1
2026-04-15 07:44:23,86.72,84.7,107.7,6.88,60.0,35.7,17.1
2026-04-15 07:44:23,86.7,91.3,111.1,6.91,59.5,37.5,17.1
2026-04-15 07:44:23,86.68,89.2,112.3,6.26,59.5,30.0,17.0
2026-04-15 07:44:24,86.71,94.3,117.1,5.83,60.6,34.3,17.1
2026-04-15 07:44:24,86.75,84.3,107.0,6.39,61.1,33.9,17.0
2026-04-15 07:44:24,86.74,115.1,130.6,6.09,59.0,38.1,17.0
2026-04-15 07:44:24,86.8,98.8,114.5,6.65,57.9,41.9,17.0
2026-04-15 07:44:24,86.7,87.3,110.2,6.45,60.0,36.1,17.0
2026-04-15 07:44:24,86.64,102.5,112.7,6.74,60.6,39.7,17.0
2026-04-15 07:44:25,86.68,99.7,122.3,6.1,59.5,37.9,16.9
2026-04-15 07:44:25,86.7,100.5,123.6,5.98,59.5,34.8,16.9
2026-04-15 07:44:25,86.67,85.5,107.9,6.54,60.0,35.0,16.9
2026-04-15 07:44:25,86.75,93.9,106.0,7.12,59.5,43.3,16.9
2026-04-15 07:44:25,86.65,90.2,109.3,6.15,59.5,38.8,16.9
2026-04-15 07:44:25,86.74,83.5,106.6,6.25,59.5,34.8,16.8
2026-04-15 07:44:26,86.69,87.4,103.3,7.29,59.5,40.7,16.8
2026-04-15 07:44:26,86.58,87.5,100.4,7.46,59.5,42.6,16.8
2026-04-15 07:44:26,86.72,86.2,109.0,6.07,59.0,34.8,16.8
2026-04-15 07:44:26,86.69,86.0,99.6,7.45,59.5,39.2,16.8
2026-04-15 07:44:26,86.6,99.6,111.8,6.86,59.5,43.1,16.7
2026-04-15 07:44:26,86.76,88.2,110.4,6.42,60.0,36.1,16.7
2026-04-15 07:44:26,86.75,87.7,110.7,6.05,59.5,29.0,16.7
2026-04-15 07:44:27,86.9,86.0,97.8,7.59,59.0,41.5,16.7
2026-04-15 07:44:27,86.74,86.5,99.3,7.47,60.0,44.4,16.7
2026-04-15 07:44:27,86.73,87.6,99.8,7.46,58.4,43.6,16.7
2026-04-15 07:44:27,86.68,88.1,111.2,5.98,60.0,36.2,16.7
2026-04-15 07:44:27,86.89,85.8,108.5,6.09,60.0,34.3,16.6
2026-04-15 07:44:27,86.76,86.3,101.7,7.37,59.0,41.5,16.6
2026-04-15 07:44:27,86.76,88.5,111.2,5.99,59.5,36.2,16.6
2026-04-15 07:44:28,86.79,87.7,100.2,7.44,60.6,41.5,16.6
2026-04-15 07:44:28,86.8,89.9,113.0,5.98,59.0,33.3,16.6
2026-04-15 07:44:28,86.67,84.9,108.2,6.19,59.0,32.8,16.6
2026-04-15 07:44:28,86.63,86.1,100.2,7.45,59.0,40.4,16.6
2026-04-15 07:44:28,86.5,83.8,96.3,7.63,59.5,39.6,16.6
2026-04-15 07:44:28,86.66,86.1,102.9,7.3,60.0,44.6,16.6
2026-04-15 07:44:28,86.6,85.1,97.4,7.62,59.5,38.5,16.6
2026-04-15 07:44:29,86.63,88.3,101.4,7.32,60.6,41.5,16.6
2026-04-15 07:44:29,86.5,85.4,108.5,6.13,60.6,34.3,16.6
2026-04-15 07:44:29,86.46,87.6,101.0,7.38,60.6,40.4,16.6
2026-04-15 07:44:29,86.48,83.9,95.2,7.62,60.0,38.5,16.6
2026-04-15 07:44:29,86.62,86.4,100.6,7.39,60.6,40.4,16.6
2026-04-15 07:44:29,86.68,85.9,108.9,6.06,59.5,29.0,16.6
2026-04-15 07:44:29,86.67,88.6,101.1,7.35,60.0,41.2,16.6
2026-04-15 07:44:30,86.82,90.7,113.6,5.94,60.0,29.7,16.6
2026-04-15 07:44:30,86.56,87.2,111.2,6.09,60.0,32.8,16.6
2026-04-15 07:44:30,86.55,84.9,108.1,6.12,59.0,31.3,16.6
2026-04-15 07:44:30,86.76,87.1,101.5,7.38,60.0,40.7,16.6
2026-04-15 07:44:30,86.89,89.8,101.5,7.36,59.5,41.8,16.6
2026-04-15 07:44:30,86.86,91.8,112.8,5.92,59.5,32.3,16.6
2026-04-15 07:44:31,86.9,87.1,110.4,6.18,60.6,36.4,16.6
2026-04-15 07:44:31,86.8,86.0,98.2,7.57,59.5,42.6,16.6
2026-04-15 07:44:31,86.73,87.0,99.6,7.46,59.5,38.0,16.6
2026-04-15 07:44:31,86.79,86.1,98.4,7.53,59.5,45.3,16.6
2026-04-15 07:44:31,86.81,90.2,103.1,7.3,58.4,40.7,16.6
2026-04-15 07:44:31,86.86,86.3,110.5,6.11,60.0,34.8,16.6
2026-04-15 07:44:31,86.75,103.7,115.5,6.67,59.5,35.7,16.6
2026-04-15 07:44:32,86.81,118.6,141.4,5.52,59.5,38.4,16.6
2026-04-15 07:44:32,86.78,88.1,101.5,7.35,60.0,40.7,16.6
2026-04-15 07:44:32,86.77,108.1,131.1,5.36,59.5,30.0,16.7
2026-04-15 07:44:32,86.78,90.9,113.8,6.68,59.5,35.6,16.7
2026-04-15 07:44:32,86.81,102.2,125.0,5.63,60.6,34.3,16.7
2026-04-15 07:44:32,86.85,98.1,121.3,6.15,60.6,34.4,16.7
2026-04-15 07:44:33,86.81,93.2,116.3,6.19,60.6,35.5,16.6
2026-04-15 07:44:33,86.79,90.7,113.6,6.09,60.0,33.3,16.7
2026-04-15 07:44:33,86.75,85.3,108.4,6.21,61.1,32.8,16.6
2026-04-15 07:44:33,86.74,86.2,100.3,7.44,60.6,43.6,16.7
2026-04-15 07:44:33,86.79,85.2,98.4,7.56,59.5,36.0,16.7
2026-04-15 07:44:33,86.78,86.4,101.5,7.39,60.6,41.5,16.7
2026-04-15 07:44:33,86.75,85.5,97.5,7.61,60.6,37.3,16.7
2026-04-15 07:44:34,86.76,88.5,102.3,7.34,59.5,37.3,16.7
2026-04-15 07:44:34,86.71,85.4,107.7,6.11,59.5,36.4,16.7
2026-04-15 07:44:34,86.75,111.5,124.7,6.28,60.6,38.3,16.7
2026-04-15 07:44:34,86.76,98.0,119.3,6.53,60.0,38.1,16.7
2026-04-15 07:44:34,86.86,108.4,131.2,5.64,58.4,41.7,16.7
2026-04-15 07:44:34,86.81,92.2,115.3,6.67,60.0,29.6,16.7
2026-04-15 07:44:35,86.65,105.9,129.2,5.54,60.6,32.9,16.7
2026-04-15 07:44:35,86.79,92.2,115.3,6.55,60.0,40.3,16.7
2026-04-15 07:44:35,86.7,94.2,117.0,5.92,60.0,33.3,16.7
2026-04-15 07:44:35,86.67,84.2,106.8,6.4,61.1,34.4,16.7
2026-04-15 07:44:35,86.81,88.3,103.9,7.27,61.7,36.5,16.7
2026-04-15 07:44:35,86.71,91.9,115.0,5.88,59.5,33.3,16.7
2026-04-15 07:44:35,86.69,87.5,110.5,6.17,60.0,28.8,16.7
2026-04-15 07:44:36,86.77,87.4,99.4,7.51,59.5,38.5,16.7
2026-04-15 07:44:36,86.77,87.8,99.2,7.47,60.6,45.5,16.7
2026-04-15 07:44:36,86.65,147.1,170.2,4.43,60.6,40.2,16.7
2026-04-15 07:44:36,86.79,94.2,114.9,6.73,61.7,41.3,16.7
2026-04-15 07:44:36,86.71,85.5,108.7,6.4,60.0,34.9,16.7
2026-04-15 07:44:36,86.81,89.5,102.7,7.29,60.0,42.9,16.6
2026-04-15 07:44:37,86.76,89.0,110.8,6.02,60.0,32.3,16.5
2026-04-15 07:44:37,86.76,102.1,125.1,5.56,60.6,34.3,16.5
2026-04-15 07:44:37,86.77,94.4,117.5,6.3,59.5,40.3,16.5
2026-04-15 07:44:37,86.81,85.8,108.8,6.33,61.1,30.0,16.5
2026-04-15 07:44:37,86.77,88.0,100.7,7.39,60.6,38.5,16.5
2026-04-15 07:44:37,86.74,89.4,112.3,5.94,60.0,33.3,16.5
2026-04-15 07:44:38,86.6,87.4,110.7,6.01,60.6,30.2,16.5
2026-04-15 07:44:38,86.54,110.1,133.6,5.33,60.0,36.5,16.5
2026-04-15 07:44:38,86.5,84.8,107.1,7.1,61.1,39.7,16.6
2026-04-15 07:44:38,86.59,86.2,101.1,7.41,60.0,41.8,16.6
2026-04-15 07:44:38,86.82,95.7,117.0,5.68,61.1,33.8,16.6
2026-04-15 07:44:38,87.06,86.3,109.4,6.36,59.5,32.8,16.6
2026-04-15 07:44:38,86.76,88.3,99.1,7.4,59.5,40.7,16.6
2026-04-15 07:44:39,86.75,85.4,108.4,6.11,60.6,35.8,16.7
2026-04-15 07:44:39,86.72,86.5,100.3,7.42,60.6,40.4,16.7
2026-04-15 07:44:39,86.8,101.4,113.7,6.67,60.0,41.7,16.7
2026-04-15 07:44:39,86.76,98.9,119.9,6.18,59.5,35.9,16.8
2026-04-15 07:44:39,86.73,94.5,117.6,6.16,60.6,37.9,16.8
2026-04-15 07:44:39,86.64,86.3,108.9,6.32,60.6,35.5,16.8
2026-04-15 07:44:40,86.64,84.1,96.6,7.62,61.7,41.5,16.9
2026-04-15 07:44:40,86.69,98.0,111.3,6.79,60.6,41.0,16.9
2026-04-15 07:44:40,86.37,92.6,115.8,6.21,60.6,40.9,16.9
2026-04-15 07:44:40,86.28,101.6,124.7,5.7,60.6,32.4,16.9
2026-04-15 07:44:40,86.28,95.1,118.5,6.24,61.1,36.5,16.9
2026-04-15 07:44:40,86.31,86.0,110.3,6.31,60.0,32.3,16.9
2026-04-15 07:44:40,86.3,84.9,97.1,7.62,59.5,41.5,16.9
2026-04-15 07:44:41,86.23,94.5,107.8,6.99,59.0,35.8,16.9
2026-04-15 07:44:41,86.44,105.9,128.8,5.62,61.7,36.6,16.8
2026-04-15 07:44:41,86.47,105.8,129.3,6.0,60.6,36.5,16.8
2026-04-15 07:44:41,86.49,110.4,132.8,5.85,60.0,37.7,16.8
2026-04-15 07:44:41,86.15,85.8,107.0,7.04,61.1,37.5,16.8
2026-04-15 07:44:41,86.21,92.6,103.9,7.14,60.0,41.1,16.8
2026-04-15 07:44:42,86.34,87.7,110.9,6.18,61.7,31.1,16.8
2026-04-15 07:44:42,86.59,97.2,120.6,5.68,60.0,34.3,16.8
2026-04-15 07:44:42,86.41,150.9,173.3,4.54,60.0,48.3,16.8
2026-04-15 07:44:42,86.29,86.8,99.0,7.35,61.1,41.5,16.8
2026-04-15 07:44:42,86.28,86.2,98.3,7.56,60.6,40.0,16.8
2026-04-15 07:44:42,86.24,85.9,99.1,7.51,61.1,41.5,16.8
2026-04-15 07:44:43,86.63,87.0,98.1,7.45,61.7,43.6,16.8
2026-04-15 07:44:43,86.79,85.5,97.9,7.57,60.6,41.5,16.8
2026-04-15 07:44:43,86.74,87.3,100.7,7.41,61.1,44.4,16.8
2026-04-15 07:44:43,86.7,84.5,96.7,7.67,61.7,37.3,16.8
2026-04-15 07:44:43,86.81,86.9,101.8,7.36,60.6,40.0,16.8
2026-04-15 07:44:43,86.81,86.4,96.9,7.54,61.1,40.4,16.8
2026-04-15 07:44:43,86.91,83.8,96.7,7.65,60.6,37.3,16.8
2026-04-15 07:44:43,86.89,86.5,102.4,7.34,61.1,38.5,16.8
2026-04-15 07:44:44,86.71,95.3,106.7,7.03,61.1,38.9,16.7
2026-04-15 07:44:44,86.73,85.4,108.7,6.38,60.6,33.3,16.7
2026-04-15 07:44:44,86.64,94.8,108.5,7.02,60.0,43.1,16.7
2026-04-15 07:44:44,86.8,90.1,113.2,6.18,61.1,37.5,16.7
2026-04-15 07:44:44,86.93,102.2,125.2,5.6,61.1,34.7,16.8
2026-04-15 07:44:44,86.81,106.6,129.6,5.84,61.1,33.8,16.8
2026-04-15 07:44:45,86.65,87.2,110.3,6.8,60.0,35.7,16.8
2026-04-15 07:44:45,86.71,86.0,96.7,7.56,61.7,40.4,16.8
2026-04-15 07:44:45,86.62,89.6,101.6,7.32,60.6,46.6,16.8
2026-04-15 07:44:45,86.14,89.2,112.6,6.0,60.6,32.3,16.7
2026-04-15 07:44:45,86.31,87.3,111.4,6.0,60.0,37.1,16.7
2026-04-15 07:44:45,86.32,97.9,121.2,5.68,60.0,34.3,16.7
2026-04-15 07:44:45,86.27,92.0,114.9,6.26,60.6,35.9,16.7
2026-04-15 07:44:46,86.43,83.5,106.7,6.33,61.1,33.8,16.7
2026-04-15 07:44:46,86.36,86.6,102.2,7.34,60.0,35.4,16.7
2026-04-15 07:44:46,86.28,101.3,113.9,6.75,61.1,47.5,16.8
2026-04-15 07:44:46,86.3,95.3,117.9,6.24,59.5,38.5,16.8
2026-04-15 07:44:46,86.44,85.7,108.8,6.37,61.7,34.4,16.8
2026-04-15 07:44:46,86.46,85.0,98.7,7.54,60.6,39.2,16.8
2026-04-15 07:44:47,86.49,85.9,100.7,7.43,61.7,42.9,16.8
2026-04-15 07:44:47,86.44,88.2,100.1,7.39,60.6,42.9,16.9
2026-04-15 07:44:47,86.53,89.2,112.2,5.98,61.1,30.2,16.9
2026-04-15 07:44:47,86.53,86.2,109.4,6.11,60.6,32.8,16.9
2026-04-15 07:44:47,86.47,96.2,119.3,5.67,61.1,36.6,16.9
2026-04-15 07:44:47,86.51,86.2,109.5,6.38,60.6,37.1,16.9
2026-04-15 07:44:47,86.48,86.0,98.8,7.53,61.1,39.6,16.8
2026-04-15 07:44:48,86.51,87.2,102.3,7.32,61.1,41.8,16.8
2026-04-15 07:44:48,86.41,86.7,109.6,6.1,60.0,35.4,16.8
2026-04-15 07:44:48,86.49,101.7,115.9,6.67,61.1,36.8,16.8
2026-04-15 07:44:48,86.27,87.3,109.9,6.64,60.6,38.3,16.9
2026-04-15 07:44:48,86.24,95.6,109.4,6.99,60.6,40.7,16.9
2026-04-15 07:44:48,86.14,90.1,113.4,6.26,60.6,31.7,16.8
2026-04-15 07:44:49,86.26,103.9,127.8,5.52,61.1,37.8,16.8
2026-04-15 07:44:49,86.2,90.8,114.9,6.51,59.5,33.9,16.8
2026-04-15 07:44:49,86.15,90.0,112.0,6.07,61.7,38.2,16.8
2026-04-15 07:44:49,86.13,87.4,108.5,6.09,61.1,31.7,16.8
2026-04-15 07:44:49,86.04,84.4,95.9,7.68,61.1,42.3,16.8
2026-04-15 07:44:49,86.1,103.0,117.7,6.59,60.6,39.0,16.8
2026-04-15 07:44:49,86.13,86.9,109.8,6.64,60.0,37.1,16.7
2026-04-15 07:44:50,86.11,87.2,100.4,7.43,61.1,41.8,16.7
2026-04-15 07:44:50,86.2,90.1,113.3,5.92,60.6,33.8,16.7
2026-04-15 07:44:50,86.21,87.0,111.2,6.08,61.1,35.4,16.7
2026-04-15 07:44:50,86.16,86.2,109.3,6.07,61.1,34.3,16.7
2026-04-15 07:44:50,86.14,85.4,98.2,7.55,61.1,43.4,16.7
2026-04-15 07:44:50,86.2,89.0,103.1,7.24,60.6,40.4,16.7
2026-04-15 07:44:51,86.16,86.9,109.9,6.13,61.1,35.4,16.7
2026-04-15 07:44:51,86.14,96.4,108.5,7.0,61.1,43.1,16.7
2026-04-15 07:44:51,86.09,89.1,110.6,6.28,61.1,35.5,16.7
2026-04-15 07:44:51,86.07,94.9,105.8,7.08,62.2,44.6,16.7
2026-04-15 07:44:51,86.2,85.3,108.5,6.45,60.6,32.2,16.8
2026-04-15 07:44:51,86.15,88.3,104.1,7.25,60.0,38.9,16.8
2026-04-15 07:44:51,86.14,85.2,108.2,6.17,60.6,36.9,16.8
2026-04-15 07:44:52,86.27,84.8,98.6,7.54,61.7,34.0,16.8
2026-04-15 07:44:52,86.34,87.5,102.2,7.35,60.6,40.7,16.9
2026-04-15 07:44:52,86.16,89.8,101.5,7.38,61.1,42.9,16.9
2026-04-15 07:44:52,86.18,90.1,112.8,5.98,60.6,31.7,16.9
2026-04-15 07:44:52,86.2,97.6,120.7,5.75,61.7,32.9,16.9
2026-04-15 07:44:52,86.15,98.7,121.7,5.96,60.0,32.3,16.9
2026-04-15 07:44:52,86.11,87.9,112.1,6.34,61.7,37.5,16.9
2026-04-15 07:44:53,86.12,98.5,120.8,5.7,61.1,44.3,16.8
2026-04-15 07:44:53,86.16,94.9,117.8,6.14,61.1,34.8,16.8
2026-04-15 07:44:53,86.11,86.2,109.0,6.34,61.1,36.1,16.8
2026-04-15 07:44:53,86.17,95.2,108.4,7.02,61.1,43.3,16.8
2026-04-15 07:44:53,86.02,85.6,108.4,6.37,60.0,33.9,16.8
2026-04-15 07:44:53,86.04,100.0,113.5,6.78,61.7,46.0,16.7
2026-04-15 07:44:54,86.16,94.2,117.3,6.22,60.0,33.9,16.7
2026-04-15 07:44:54,86.15,87.6,110.6,6.25,61.1,37.9,16.7
2026-04-15 07:44:54,86.09,97.2,120.4,5.68,60.6,36.1,16.7
2026-04-15 07:44:54,86.13,90.0,111.2,6.27,61.7,37.5,16.7
2026-04-15 07:44:54,86.13,109.1,131.4,5.38,60.6,33.8,16.7
2026-04-15 07:44:54,86.17,89.5,112.3,6.82,60.6,39.0,16.7
2026-04-15 07:44:55,86.15,126.9,150.3,4.89,60.0,37.8,16.7
2026-04-15 07:44:55,86.13,85.1,108.0,6.35,61.1,32.8,16.7
2026-04-15 07:44:55,86.12,93.2,107.0,7.06,61.1,42.1,16.7
2026-04-15 07:44:55,86.18,101.3,124.2,5.73,61.7,34.8,16.7
2026-04-15 07:44:55,86.07,85.1,108.1,6.66,60.6,36.1,16.7
2026-04-15 07:44:55,86.08,86.3,101.5,7.4,60.6,39.6,16.7
2026-04-15 07:44:56,86.15,90.1,102.2,7.33,61.7,40.0,16.7
2026-04-15 07:44:56,86.09,92.4,99.6,7.38,62.2,43.4,16.7
2026-04-15 07:44:56,86.06,85.1,108.5,6.24,62.2,36.8,16.7
2026-04-15 07:44:56,86.15,106.0,119.8,6.5,61.1,43.3,16.8
2026-04-15 07:44:56,86.12,88.2,111.4,6.74,61.7,39.3,16.8
2026-04-15 07:44:56,86.1,85.6,108.8,6.09,60.6,33.8,16.8
2026-04-15 07:44:56,86.15,84.4,98.0,7.59,62.2,38.5,16.9
2026-04-15 07:44:57,86.13,91.4,106.6,7.12,61.7,40.0,16.9
2026-04-15 07:44:57,86.11,95.4,118.2,5.86,60.6,35.7,16.9
2026-04-15 07:44:57,86.05,102.3,125.3,5.77,62.2,36.2,16.9
2026-04-15 07:44:57,86.13,100.4,121.6,6.06,60.6,38.2,16.9
2026-04-15 07:44:57,86.12,88.5,110.4,6.47,61.7,33.3,16.9
2026-04-15 07:44:57,86.07,87.2,107.1,6.04,60.6,32.8,16.9
2026-04-15 07:44:58,86.15,97.6,109.6,6.97,62.8,39.3,16.9
2026-04-15 07:44:58,86.04,107.3,130.6,5.67,60.6,34.3,16.9
2026-04-15 07:44:58,86.06,89.8,112.6,6.71,61.1,39.0,16.9
2026-04-15 07:44:58,86.04,101.7,124.8,5.6,61.1,32.9,16.9
2026-04-15 07:44:58,86.07,89.3,112.3,6.48,62.2,34.4,16.9
2026-04-15 07:44:58,86.08,91.5,114.4,5.93,60.6,32.3,17.0
2026-04-15 07:44:59,86.06,93.6,116.7,5.92,61.1,30.8,17.0
2026-04-15 07:44:59,86.04,103.7,125.2,5.66,61.1,31.8,17.0
2026-04-15 07:44:59,86.02,87.7,110.7,6.65,61.7,33.9,17.0
2026-04-15 07:44:59,85.99,86.2,109.4,6.04,60.0,36.8,16.9
2026-04-15 07:44:59,85.98,95.1,107.9,7.04,62.2,37.0,16.9
2026-04-15 07:44:59,86.03,91.4,114.6,6.14,61.7,34.4,16.9
2026-04-15 07:44:59,86.01,101.8,124.5,5.65,62.2,37.8,16.8
2026-04-15 07:45:00,86.0,92.4,115.5,6.36,60.0,37.5,16.8
2026-04-15 07:45:00,86.09,101.0,123.9,5.7,60.0,34.3,16.8
2026-04-15 07:45:00,86.0,99.1,122.3,6.08,61.1,38.8,16.8
2026-04-15 07:45:00,86.0,89.0,112.3,6.39,61.1,34.4,16.8
2026-04-15 07:45:00,85.94,87.9,112.0,6.01,60.6,32.8,16.8
2026-04-15 07:45:00,86.05,84.6,107.2,6.17,61.7,33.8,16.8
2026-04-15 07:45:01,86.06,86.1,100.9,7.42,61.1,43.9,16.8
2026-04-15 07:45:01,86.08,115.8,128.2,6.13,60.6,36.7,16.8
2026-04-15 07:45:01,86.12,103.6,120.1,6.48,61.1,41.9,16.8
2026-04-15 07:45:01,86.03,86.1,109.1,6.71,61.1,33.9,16.8
2026-04-15 07:45:01,86.08,86.1,108.7,7.01,61.1,42.3,16.8
2026-04-15 07:45:01,86.13,103.8,126.4,5.71,61.7,33.3,16.7
2026-04-15 07:45:02,86.1,86.6,109.8,6.7,61.7,33.3,16.7
2026-04-15 07:45:02,86.04,84.4,97.4,7.61,61.1,39.6,16.7
2026-04-15 07:45:02,86.09,107.2,123.0,6.36,61.7,35.6,16.7
2026-04-15 07:45:02,86.08,122.2,142.4,5.52,61.1,41.1,16.7
2026-04-15 07:45:02,86.06,84.8,107.9,6.19,60.0,30.6,16.7
2026-04-15 07:45:02,86.01,86.9,101.3,7.39,61.7,43.6,16.7
2026-04-15 07:45:02,86.07,95.9,108.1,7.03,61.7,42.4,16.6
2026-04-15 07:45:03,86.06,84.8,107.9,6.43,61.1,33.9,16.6
2026-04-15 07:45:03,86.06,84.3,99.0,7.53,61.7,41.5,16.6
2026-04-15 07:45:03,86.09,86.2,101.3,7.35,60.6,41.8,16.7
2026-04-15 07:45:03,86.07,105.8,117.8,6.59,61.7,41.9,16.6
2026-04-15 07:45:03,86.02,87.0,110.3,6.76,60.6,39.3,16.7
2026-04-15 07:45:03,86.08,98.6,110.9,6.9,61.1,42.4,16.7
2026-04-15 07:45:03,86.03,87.3,111.8,6.38,61.7,32.8,16.7
2026-04-15 07:45:04,86.03,84.4,107.4,6.18,61.7,32.8,16.6
2026-04-15 07:45:04,86.06,85.0,101.6,7.37,61.7,41.8,16.6
2026-04-15 07:45:04,86.01,91.9,115.2,5.82,61.1,36.6,16.6
2026-04-15 07:45:04,85.95,96.4,119.6,5.85,61.7,31.3,16.6
2026-04-15 07:45:04,85.94,90.3,113.3,6.23,60.6,36.9,16.6
2026-04-15 07:45:04,86.03,86.9,110.0,6.12,60.6,35.8,16.7
2026-04-15 07:45:05,86.01,84.3,96.0,7.63,61.7,42.6,16.7
2026-04-15 07:45:05,86.0,87.8,102.3,7.34,61.7,39.2,16.7
2026-04-15 07:45:05,85.92,101.8,122.4,5.54,60.6,37.0,16.7
2026-04-15 07:45:05,85.97,85.7,106.7,6.64,60.6,38.7,16.7
2026-04-15 07:45:05,85.94,83.7,95.8,7.61,61.1,40.7,16.7
2026-04-15 07:45:05,86.05,88.1,104.9,7.2,61.7,45.6,16.7
2026-04-15 07:45:05,85.92,112.1,135.2,5.29,61.1,32.0,16.6
2026-04-15 07:45:06,86.07,95.9,116.1,6.65,61.7,36.2,16.7
2026-04-15 07:45:06,86.07,94.6,117.8,6.04,61.7,33.8,16.7
2026-04-15 07:45:06,85.95,97.1,118.5,5.92,61.1,38.8,16.7
2026-04-15 07:45:06,85.83,90.8,114.0,6.24,61.1,35.4,16.7
2026-04-15 07:45:06,85.8,95.1,118.9,5.83,61.7,36.2,16.7
2026-04-15 07:45:06,85.96,84.8,107.9,6.43,60.6,33.9,16.7
2026-04-15 07:45:07,85.96,98.6,113.4,6.79,61.7,33.3,16.7
2026-04-15 07:45:07,85.97,101.1,124.1,5.92,61.7,34.8,16.7
2026-04-15 07:45:07,85.97,91.7,114.8,6.36,61.7,34.4,16.7
2026-04-15 07:45:07,86.03,93.8,116.7,5.92,62.8,33.3,16.7
2026-04-15 07:45:07,85.95,91.0,114.0,6.11,62.2,35.8,16.7
2026-04-15 07:45:07,85.93,84.8,109.7,6.16,61.1,37.3,16.7
2026-04-15 07:45:08,85.92,96.0,108.3,7.02,61.1,41.1,16.6
2026-04-15 07:45:08,86.01,86.7,109.9,6.35,62.2,36.5,16.6
2026-04-15 07:45:08,86.07,84.4,97.6,7.52,61.7,32.7,16.6
2026-04-15 07:45:08,85.91,87.7,100.4,7.43,62.8,44.6,16.6
2026-04-15 07:45:08,85.99,98.0,121.1,5.65,62.2,34.7,16.7
2026-04-15 07:45:08,85.97,104.3,127.4,5.79,61.7,34.8,16.7
2026-04-15 07:45:09,85.98,88.3,110.8,6.64,61.1,36.2,16.7
2026-04-15 07:45:09,86.06,91.0,113.4,5.91,61.7,33.3,16.7
2026-04-15 07:45:09,85.95,89.9,113.6,6.02,62.8,35.3,16.8
2026-04-15 07:45:09,85.87,107.2,130.1,5.46,61.1,31.9,16.8
2026-04-15 07:45:09,85.87,103.1,126.2,6.15,61.1,39.4,16.8
2026-04-15 07:45:09,85.9,102.1,123.9,6.04,62.2,37.7,16.8
2026-04-15 07:45:10,85.93,102.3,125.3,6.0,61.7,35.9,16.8
2026-04-15 07:45:10,85.93,85.0,107.9,6.7,60.6,36.7,16.8
2026-04-15 07:45:10,85.93,84.5,98.5,7.52,60.6,38.5,16.8
2026-04-15 07:45:10,85.93,97.3,111.9,6.85,60.6,43.1,16.8
2026-04-15 07:45:10,85.92,102.6,125.4,5.81,61.1,40.3,16.8
2026-04-15 07:45:10,85.87,95.0,118.1,6.3,60.6,36.5,16.8
2026-04-15 07:45:10,85.9,88.2,111.3,6.24,62.2,30.0,16.8
2026-04-15 07:45:11,86.0,83.8,106.4,6.18,61.7,36.4,16.8
2026-04-15 07:45:11,85.93,92.0,106.8,7.08,62.2,39.3,16.8
2026-04-15 07:45:11,85.88,94.1,116.7,5.91,62.2,39.7,16.8
2026-04-15 07:45:11,85.96,83.5,105.4,6.42,61.7,34.9,16.8
2026-04-15 07:45:11,85.93,86.5,101.8,7.35,61.1,40.7,16.8
2026-04-15 07:45:11,85.94,87.1,99.8,7.47,61.1,43.6,16.7
2026-04-15 07:45:12,85.95,88.9,112.0,5.94,62.2,33.8,16.7
2026-04-15 07:45:12,85.88,90.4,113.3,5.95,61.7,32.3,16.7
2026-04-15 07:45:12,85.79,103.9,126.9,5.55,61.1,33.8,16.7
2026-04-15 07:45:12,85.82,108.1,131.6,5.83,61.1,41.4,16.6
2026-04-15 07:45:12,85.9,91.8,115.0,6.68,61.1,33.3,16.6
2026-04-15 07:45:12,85.79,85.7,110.1,6.11,61.7,37.7,16.7
2026-04-15 07:45:13,85.88,89.0,112.1,6.0,62.2,31.8,16.7
2026-04-15 07:45:13,85.88,84.6,106.5,6.17,61.1,35.9,16.7
2026-04-15 07:45:13,85.88,86.6,101.4,7.39,61.7,41.8,16.7
2026-04-15 07:45:13,85.87,86.3,99.0,7.51,61.7,44.6,16.8
2026-04-15 07:45:13,85.8,95.0,107.9,7.05,62.8,35.3,16.8
2026-04-15 07:45:13,85.9,85.7,109.0,6.36,61.1,34.9,16.8
2026-04-15 07:45:13,85.86,96.6,110.4,6.93,61.1,32.7,16.8
2026-04-15 07:45:14,85.91,93.9,116.9,6.11,61.7,34.8,16.7
2026-04-15 07:45:14,85.87,86.3,108.5,6.29,61.7,36.5,16.7
2026-04-15 07:45:14,85.83,83.6,96.6,7.66,61.7,42.6,16.8
2026-04-15 07:45:14,85.89,87.7,103.7,7.27,60.6,40.0,16.8
2026-04-15 07:45:14,85.93,86.1,109.2,6.07,61.7,34.4,16.8
2026-04-15 07:45:14,85.9,84.4,97.1,7.62,62.8,40.7,16.8
2026-04-15 07:45:14,85.98,107.2,122.3,6.4,62.2,36.7,16.7
2026-04-15 07:45:15,85.94,86.0,108.9,6.89,61.1,40.0,16.7
2026-04-15 07:45:15,85.83,93.4,106.7,7.09,61.1,42.9,16.7
2026-04-15 07:45:15,85.82,83.9,107.0,6.38,62.8,32.3,16.7
2026-04-15 07:45:15,85.84,100.3,117.8,6.6,62.2,41.0,16.7
2026-04-15 07:45:15,85.86,96.5,119.6,6.17,61.7,36.4,16.7
2026-04-15 07:45:15,85.86,86.7,109.3,6.42,61.1,36.5,16.8
2026-04-15 07:45:15,85.86,86.0,97.0,7.54,62.2,38.5,16.8
2026-04-15 07:45:16,85.85,91.6,104.2,7.21,62.2,39.6,16.8
2026-04-15 07:45:16,85.73,95.4,118.2,5.87,62.2,31.7,16.8
2026-04-15 07:45:16,85.78,101.7,124.8,5.79,62.2,32.8,16.8
2026-04-15 07:45:16,85.81,85.2,108.9,6.63,61.1,40.3,16.8
2026-04-15 07:45:16,85.82,87.5,100.8,7.42,62.8,39.6,16.8
2026-04-15 07:45:16,85.81,85.8,97.7,7.59,61.7,42.3,16.8
2026-04-15 07:45:16,85.93,86.7,98.8,7.44,61.7,38.5,16.7
2026-04-15 07:45:17,85.91,86.3,98.4,7.54,61.7,40.0,16.7
2026-04-15 07:45:17,86.17,92.4,105.2,7.17,62.2,47.5,16.7
2026-04-15 07:45:17,86.14,94.8,117.9,5.92,61.7,37.7,16.7
2026-04-15 07:45:17,86.22,96.1,119.6,5.94,62.8,33.8,16.7
2026-04-15 07:45:17,86.17,93.8,116.8,6.11,62.8,34.4,16.7
2026-04-15 07:45:17,86.08,85.5,108.5,6.31,62.2,31.1,16.7
2026-04-15 07:45:18,86.09,85.3,99.0,7.52,62.8,40.7,16.7
2026-04-15 07:45:18,86.02,89.8,105.9,7.15,62.8,39.6,16.6
2026-04-15 07:45:18,86.05,106.2,129.4,5.53,62.2,36.0,16.7
2026-04-15 07:45:18,86.11,94.3,117.3,6.47,60.6,34.5,16.7
2026-04-15 07:45:18,86.15,97.4,120.3,5.89,61.7,33.3,16.7
2026-04-15 07:45:18,86.16,95.6,118.6,6.07,61.7,32.8,16.7
2026-04-15 07:45:19,85.98,87.6,110.7,6.3,62.8,35.9,16.7
2026-04-15 07:45:19,85.88,100.0,123.1,5.59,61.1,31.9,16.7
2026-04-15 07:45:19,85.89,90.2,116.0,6.27,62.8,33.9,16.7
2026-04-15 07:45:19,85.95,101.6,123.2,5.68,61.7,33.8,16.7
2026-04-15 07:45:19,85.96,85.4,108.1,6.67,60.6,31.6,16.8
2026-04-15 07:45:19,85.88,95.3,109.4,6.98,62.8,37.5,16.8
2026-04-15 07:45:20,85.74,90.4,113.8,6.19,61.7,37.3,16.7
2026-04-15 07:45:20,85.82,84.3,107.4,6.24,61.7,31.7,16.7
2026-04-15 07:45:20,85.87,86.1,101.3,7.4,61.7,39.6,16.7
2026-04-15 07:45:20,85.81,87.3,96.3,7.43,62.8,44.4,16.7
2026-04-15 07:45:20,85.81,85.9,97.9,7.59,61.7,36.7,16.8
2026-04-15 07:45:20,85.78,119.5,132.8,5.99,61.7,44.1,16.8
2026-04-15 07:45:20,85.81,84.5,97.6,7.6,62.8,39.6,16.7
2026-04-15 07:45:21,85.73,108.1,122.9,6.37,62.8,36.7,16.7
2026-04-15 07:45:21,85.94,86.4,108.4,6.89,62.2,36.4,16.8
2026-04-15 07:45:21,85.8,86.4,99.1,7.49,62.8,41.5,16.8
2026-04-15 07:45:21,85.81,122.4,134.8,5.92,63.4,46.4,16.8
2026-04-15 07:45:21,85.9,107.5,129.6,5.4,63.4,42.9,16.8
2026-04-15 07:45:21,85.91,88.5,111.4,6.78,62.8,37.9,16.9
2026-04-15 07:45:21,85.95,85.6,107.9,6.11,62.2,31.7,16.9
2026-04-15 07:45:22,85.88,84.6,98.3,7.57,62.8,38.5,16.9
2026-04-15 07:45:22,85.89,99.5,114.1,6.74,63.4,37.5,17.0
2026-04-15 07:45:22,86.03,108.8,132.1,5.68,62.2,40.3,17.0
2026-04-15 07:45:22,85.89,85.4,108.6,6.99,61.1,35.7,17.0
2026-04-15 07:45:22,85.78,88.8,102.7,7.31,63.4,37.3,17.0
2026-04-15 07:45:22,85.78,86.5,109.4,6.09,63.4,33.3,17.0
2026-04-15 07:45:22,85.81,84.3,97.4,7.61,63.4,35.4,16.9
2026-04-15 07:45:23,85.79,97.2,112.3,6.85,62.2,39.7,17.0
2026-04-15 07:45:23,85.96,85.3,108.5,6.46,62.2,36.1,17.0
2026-04-15 07:45:23,85.78,83.8,97.7,7.6,62.8,39.6,17.0
2026-04-15 07:45:23,85.96,86.7,102.3,7.34,62.8,43.4,17.0
2026-04-15 07:45:23,85.97,88.0,100.2,7.44,63.4,42.9,17.0
2026-04-15 07:45:23,85.78,93.8,114.6,5.8,62.8,33.8,17.0
2026-04-15 07:45:24,85.82,84.4,107.4,6.36,61.1,36.4,16.9
2026-04-15 07:45:24,85.86,86.3,101.1,7.4,63.9,43.9,16.9
2026-04-15 07:45:24,85.85,84.8,97.5,7.59,63.4,36.7,16.9
2026-04-15 07:45:24,85.78,85.4,98.5,7.46,62.2,39.2,16.9
2026-04-15 07:45:24,85.79,92.6,106.5,7.12,62.8,39.6,17.0
2026-04-15 07:45:24,85.81,93.4,116.2,5.98,63.4,34.8,17.0
2026-04-15 07:45:24,85.86,85.4,108.5,6.3,63.4,32.8,16.9
2026-04-15 07:45:25,85.97,85.0,99.1,7.51,62.2,41.8,16.9
2026-04-15 07:45:25,85.83,98.6,113.0,6.8,62.2,41.4,16.9
2026-04-15 07:45:25,85.84,88.8,110.2,6.39,63.4,30.5,16.9
2026-04-15 07:45:25,85.82,87.4,110.0,6.06,62.2,36.2,16.9
2026-04-15 07:45:25,85.95,85.3,96.1,7.62,63.4,41.2,16.9
2026-04-15 07:45:25,85.77,88.8,102.3,7.3,62.8,38.5,16.9
2026-04-15 07:45:25,85.86,93.5,117.5,5.81,62.8,37.1,16.8
2026-04-15 07:45:26,85.94,89.2,112.3,6.2,62.2,35.8,16.9
2026-04-15 07:45:26,85.74,109.1,131.9,5.36,62.2,30.0,16.8
2026-04-15 07:45:26,85.78,109.7,132.9,5.99,63.9,43.7,16.9
2026-04-15 07:45:26,85.78,96.2,119.1,6.54,63.4,43.1,16.8
2026-04-15 07:45:26,85.92,86.6,109.9,6.36,62.8,39.4,16.8
2026-04-15 07:45:26,85.83,87.6,99.7,7.45,63.4,40.7,16.8
2026-04-15 07:45:27,85.93,85.4,109.4,6.05,61.7,35.8,16.8
2026-04-15 07:45:27,85.88,84.3,97.2,7.62,61.7,39.6,16.7
2026-04-15 07:45:27,85.88,87.6,100.7,7.32,61.1,41.5,16.7
2026-04-15 07:45:27,85.8,91.2,103.9,7.27,61.7,42.9,16.8
2026-04-15 07:45:27,85.83,85.9,109.2,6.2,62.2,31.1,16.8
2026-04-15 07:45:27,85.89,100.2,111.6,6.8,61.1,43.1,16.8
2026-04-15 07:45:27,85.95,93.8,116.9,6.26,62.8,34.4,16.8
2026-04-15 07:45:28,86.06,86.7,109.3,6.26,62.8,34.9,16.9
2026-04-15 07:45:28,86.03,90.7,103.3,7.28,62.8,39.6,16.9
2026-04-15 07:45:28,85.9,85.8,109.0,6.19,62.2,33.3,16.9
2026-04-15 07:45:28,85.92,84.2,96.2,7.6,62.8,39.6,16.9
2026-04-15 07:45:28,85.94,103.2,117.6,6.56,61.7,40.0,16.9
2026-04-15 07:45:28,85.86,89.6,112.7,6.54,62.8,36.7,16.9
2026-04-15 07:45:28,85.92,86.3,109.4,6.13,62.2,35.8,16.9
2026-04-15 07:45:29,85.87,93.4,105.8,7.12,62.8,40.4,16.9
2026-04-15 07:45:29,85.95,89.4,112.6,6.15,63.4,36.8,16.9
2026-04-15 07:45:29,85.92,84.4,107.6,6.19,62.8,33.8,16.9
2026-04-15 07:45:29,85.84,109.6,125.6,6.27,62.8,41.5,16.9
2026-04-15 07:45:29,86.0,89.4,111.8,6.87,62.2,38.6,16.9
2026-04-15 07:45:29,86.0,119.2,142.9,5.08,62.2,44.0,16.8
2026-04-15 07:45:30,85.84,85.3,97.6,7.57,63.4,44.4,16.8
2026-04-15 07:45:30,85.95,89.8,101.8,7.26,61.7,39.6,16.8
2026-04-15 07:45:30,85.85,84.8,107.9,6.19,62.8,31.3,16.8
2026-04-15 07:45:30,85.83,85.6,100.3,7.45,62.8,41.8,16.8
2026-04-15 07:45:30,85.9,86.6,100.2,7.44,62.2,44.6,16.8
2026-04-15 07:45:30,85.96,101.3,113.2,6.77,61.7,44.8,16.8
2026-04-15 07:45:30,85.96,92.3,114.9,6.34,62.8,37.7,16.8
2026-04-15 07:45:31,85.93,87.8,110.2,6.16,61.7,35.8,16.8
2026-04-15 07:45:31,85.92,85.5,108.5,6.09,63.4,29.0,16.8
2026-04-15 07:45:31,85.99,105.8,119.6,6.51,63.9,46.0,16.8
2026-04-15 07:45:31,85.87,89.7,113.1,6.63,63.4,35.6,16.8
2026-04-15 07:45:31,85.98,87.4,110.0,6.1,62.8,31.7,16.8
2026-04-15 07:45:31,85.94,83.7,93.8,7.72,63.4,39.2,16.9
2026-04-15 07:45:32,85.93,98.4,112.8,6.74,62.8,47.5,16.9
2026-04-15 07:45:32,85.97,85.6,108.8,6.52,63.4,31.0,16.9
2026-04-15 07:45:32,85.87,88.8,102.8,7.32,62.8,42.9,16.9
2026-04-15 07:45:32,86.02,83.5,105.3,6.19,62.8,36.4,16.9
2026-04-15 07:45:32,86.09,86.5,102.0,7.35,63.4,42.9,16.9
2026-04-15 07:45:32,86.01,87.9,100.9,7.42,63.9,44.6,16.9
2026-04-15 07:45:32,86.01,87.1,110.3,6.04,65.0,35.3,16.8
2026-04-15 07:45:33,85.91,110.6,122.8,6.38,62.2,44.6,16.9
2026-04-15 07:45:33,85.97,103.6,126.0,6.26,63.4,39.1,16.8
2026-04-15 07:45:33,86.0,100.6,123.6,6.12,62.8,31.7,16.9
2026-04-15 07:45:33,85.96,101.8,126.0,5.92,62.2,34.3,16.9
2026-04-15 07:45:33,85.93,98.3,121.3,6.17,61.7,37.9,16.9
2026-04-15 07:45:33,85.86,88.2,110.0,6.38,63.4,29.8,16.9
2026-04-15 07:45:34,85.9,97.4,120.1,5.7,63.4,35.2,16.9
2026-04-15 07:45:34,85.86,95.8,119.1,6.05,62.8,33.8,16.9
2026-04-15 07:45:34,85.95,92.1,115.2,6.14,62.8,34.4,16.9
2026-04-15 07:45:34,86.04,85.8,108.7,6.24,63.4,35.4,16.9
2026-04-15 07:45:34,86.06,84.4,98.1,7.57,62.8,42.6,16.8
2026-04-15 07:45:34,85.91,92.0,106.9,7.11,62.8,37.7,16.8
2026-04-15 07:45:34,86.07,90.1,111.0,6.07,61.7,39.4,16.8
2026-04-15 07:45:35,86.02,87.9,111.1,6.08,63.9,37.7,16.8
2026-04-15 07:45:35,86.04,98.4,121.5,5.65,63.9,32.4,16.8
2026-04-15 07:45:35,85.99,86.9,109.8,6.45,63.9,37.1,16.8
2026-04-15 07:45:35,86.3,88.2,98.6,7.42,63.9,38.9,16.8
2026-04-15 07:45:35,85.9,88.1,111.8,5.99,63.4,34.8,16.8
2026-04-15 07:45:35,86.04,84.6,107.2,6.16,63.4,32.3,16.8
2026-04-15 07:45:36,86.06,85.5,100.2,7.46,62.2,41.5,16.8
2026-04-15 07:45:36,85.99,86.0,100.0,7.47,62.2,42.6,16.8
2026-04-15 07:45:36,86.15,88.5,101.4,7.38,62.8,40.7,16.8
2026-04-15 07:45:36,86.12,85.0,108.2,6.12,62.2,34.9,16.8
2026-04-15 07:45:36,86.0,85.8,99.9,7.47,63.9,38.0,16.8
2026-04-15 07:45:36,86.08,97.6,111.7,6.87,63.9,42.9,16.8
2026-04-15 07:45:36,86.02,85.6,106.1,6.48,62.2,39.0,16.8
2026-04-15 07:45:37,86.12,84.8,98.1,7.44,63.4,41.1,16.8
2026-04-15 07:45:37,86.03,89.8,102.8,7.31,62.8,39.6,16.8
2026-04-15 07:45:37,86.0,90.0,112.5,6.01,62.8,34.8,16.8
2026-04-15 07:45:37,85.98,105.8,128.9,5.48,63.9,40.6,16.8
2026-04-15 07:45:37,85.87,87.4,110.5,6.76,62.8,34.5,16.8
2026-04-15 07:45:37,86.02,87.7,100.5,7.37,63.4,41.5,16.8
2026-04-15 07:45:38,85.97,87.6,111.6,6.03,65.0,31.7,16.8
2026-04-15 07:45:38,85.9,86.9,109.8,6.08,63.4,32.3,16.7
2026-04-15 07:45:38,86.0,86.1,98.2,7.56,63.4,39.2,16.8
2026-04-15 07:45:38,86.08,84.8,96.5,7.51,62.2,38.5,16.8
2026-04-15 07:45:38,86.08,87.6,100.5,7.38,63.4,45.6,16.8
2026-04-15 07:45:38,86.04,94.8,117.9,5.77,61.7,29.9,16.8
2026-04-15 07:45:38,86.16,88.3,111.5,6.24,62.2,36.9,16.8
2026-04-15 07:45:39,85.88,87.1,109.7,6.05,62.2,33.8,16.7
2026-04-15 07:45:39,85.99,89.7,102.0,7.35,63.9,41.5,16.7
2026-04-15 07:45:39,86.02,87.4,110.5,6.09,62.2,29.0,16.7
2026-04-15 07:45:39,85.91,84.9,97.8,7.58,61.7,39.6,16.7
2026-04-15 07:45:39,86.1,87.4,100.5,7.42,62.8,38.8,16.7
2026-04-15 07:45:39,86.05,89.1,101.3,7.39,63.4,41.5,16.7
2026-04-15 07:45:39,85.99,89.6,112.8,6.0,63.4,32.3,16.6
2026-04-15 07:45:40,85.91,89.0,112.3,6.03,61.7,33.3,16.6
2026-04-15 07:45:40,85.91,94.8,117.7,5.8,63.4,31.3,16.7
2026-04-15 07:45:40,85.98,87.9,110.9,6.25,61.7,31.1,16.7
2026-04-15 07:45:40,85.91,100.7,123.5,5.57,61.1,34.7,16.7
2026-04-15 07:45:40,85.94,101.8,124.9,5.97,62.8,30.6,16.8
2026-04-15 07:45:40,85.8,102.1,123.8,5.98,61.7,38.8,16.8
2026-04-15 07:45:41,85.82,87.8,110.8,6.57,62.2,36.7,16.8
2026-04-15 07:45:41,85.91,92.9,115.2,5.78,62.2,34.3,16.8
2026-04-15 07:45:41,85.88,84.1,107.7,6.38,62.2,38.1,16.9
2026-04-15 07:45:41,85.99,98.2,113.0,6.81,63.4,39.7,16.9
2026-04-15 07:45:41,85.99,91.7,114.9,6.25,61.1,35.5,16.9
2026-04-15 07:45:41,85.95,84.9,108.0,6.26,63.4,34.9,16.9
2026-04-15 07:45:42,85.95,102.0,116.4,6.65,63.4,40.0,16.8
2026-04-15 07:45:42,85.97,91.4,111.1,6.41,63.9,32.8,16.9
2026-04-15 07:45:42,85.98,103.7,126.9,5.59,62.2,34.3,16.9
2026-04-15 07:45:42,86.01,86.9,110.0,6.69,62.8,36.7,16.8
2026-04-15 07:45:42,85.97,89.1,101.7,7.36,64.5,40.4,16.8
2026-04-15 07:45:42,85.99,103.4,125.6,5.51,63.9,34.7,16.8
2026-04-15 07:45:43,85.85,97.0,119.8,6.28,63.4,32.8,16.8
2026-04-15 07:45:43,86.07,86.6,109.3,6.4,63.4,34.4,16.7
2026-04-15 07:45:43,85.93,85.9,110.4,5.98,63.4,33.3,16.7
2026-04-15 07:45:43,85.87,86.8,98.5,7.54,63.4,42.6,16.7
2026-04-15 07:45:43,85.93,86.0,98.3,7.54,63.4,40.4,16.8
2026-04-15 07:45:43,86.16,91.5,104.7,7.21,62.8,48.3,16.7
2026-04-15 07:45:43,86.19,90.0,112.9,6.06,63.9,27.9,16.7
2026-04-15 07:45:44,86.18,86.8,109.8,6.12,63.9,31.1,16.7
2026-04-15 07:45:44,85.72,93.1,103.7,7.16,62.2,37.7,16.7
2026-04-15 07:45:44,85.69,110.2,131.9,5.45,64.5,40.5,16.7
2026-04-15 07:45:44,85.92,87.0,109.5,6.97,63.4,40.7,16.7
2026-04-15 07:45:44,85.72,85.4,97.4,7.61,62.8,39.2,16.8
2026-04-15 07:45:44,85.85,87.9,102.3,7.34,62.8,40.7,16.8
2026-04-15 07:45:45,85.89,106.2,129.0,5.42,63.9,34.7,16.8
2026-04-15 07:45:45,85.9,100.7,123.8,6.21,63.9,32.8,16.8
2026-04-15 07:45:45,85.79,91.2,114.5,6.36,63.4,34.4,16.8
2026-04-15 07:45:45,85.83,88.2,111.2,6.12,63.4,34.4,16.9
2026-04-15 07:45:45,85.99,83.7,106.7,6.17,63.4,34.3,16.9
2026-04-15 07:45:45,85.94,90.5,107.9,7.05,63.9,32.0,16.9
2026-04-15 07:45:45,85.76,89.4,112.8,6.08,63.9,36.9,16.9
2026-04-15 07:45:46,85.75,97.8,121.2,5.73,63.4,34.3,16.9
2026-04-15 07:45:46,85.89,108.9,131.5,5.64,62.8,33.3,16.9
2026-04-15 07:45:46,86.16,98.3,123.0,6.34,64.5,42.2,16.9
2026-04-15 07:45:46,85.71,88.0,110.7,6.46,63.4,35.5,16.9
2026-04-15 07:45:46,85.82,86.0,109.0,6.08,62.2,35.3,16.9
2026-04-15 07:45:46,85.82,111.5,124.3,6.3,62.8,45.3,16.9
2026-04-15 07:45:47,85.86,91.3,110.6,6.82,63.9,39.0,16.9
2026-04-15 07:45:47,86.01,87.4,109.7,6.09,63.9,35.8,16.8
2026-04-15 07:45:47,85.96,87.1,110.3,6.07,62.2,28.3,16.8
2026-04-15 07:45:47,85.82,86.0,97.8,7.57,63.9,41.5,16.8
2026-04-15 07:45:47,85.86,83.7,96.1,7.62,63.4,40.7,16.8
2026-04-15 07:45:47,85.84,114.6,129.5,6.1,63.4,43.3,16.8
2026-04-15 07:45:48,85.83,132.8,150.8,5.41,63.4,41.9,16.8
2026-04-15 07:45:48,85.87,86.0,109.0,6.54,62.2,35.0,16.8
2026-04-15 07:45:48,85.74,89.7,103.1,7.29,63.9,41.1,16.9
2026-04-15 07:45:48,85.89,105.1,128.2,5.5,63.4,31.9,16.9
2026-04-15 07:45:48,85.89,118.4,141.6,5.54,62.2,33.8,16.9
2026-04-15 07:45:48,85.89,86.8,98.8,7.43,62.2,42.9,16.9
2026-04-15 07:45:49,85.98,115.5,138.8,5.12,63.9,32.9,16.9
2026-04-15 07:45:49,85.95,85.6,102.6,7.33,62.8,40.4,16.9
2026-04-15 07:45:49,85.95,115.4,127.6,6.13,63.9,40.0,16.9
2026-04-15 07:45:49,85.92,86.5,103.4,7.25,63.4,39.3,16.9
2026-04-15 07:45:49,85.94,86.1,98.9,7.53,63.9,41.5,16.9
2026-04-15 07:45:49,86.0,85.9,98.4,7.52,63.9,45.5,16.9
2026-04-15 07:45:49,85.96,84.6,98.1,7.57,62.8,40.7,17.0
2026-04-15 07:45:49,85.96,85.0,99.5,7.5,63.9,42.6,16.9
2026-04-15 07:45:50,85.94,88.0,101.8,7.32,63.4,40.4,16.9
2026-04-15 07:45:50,85.89,88.9,111.9,5.98,62.2,34.3,16.9
2026-04-15 07:45:50,85.94,85.2,108.4,6.14,63.4,34.3,16.9
2026-04-15 07:45:50,85.9,84.3,96.9,7.55,62.2,38.0,16.9
2026-04-15 07:45:50,85.9,94.2,108.8,6.99,63.9,38.2,16.9
2026-04-15 07:45:50,85.92,85.2,108.4,6.35,63.9,34.9,16.9
2026-04-15 07:45:51,86.07,97.0,110.7,6.89,63.4,41.4,16.8
2026-04-15 07:45:51,85.93,105.2,128.5,5.72,63.4,40.8,16.8
2026-04-15 07:45:51,85.86,84.9,107.9,6.85,61.7,34.5,16.8
2026-04-15 07:45:51,85.87,84.1,97.8,7.53,63.4,41.2,16.8
2026-04-15 07:45:51,85.87,88.5,103.2,7.24,62.8,39.6,16.8
2026-04-15 07:45:51,85.96,92.7,115.8,5.88,63.9,35.7,16.8
2026-04-15 07:45:51,85.84,95.9,117.6,5.89,63.4,31.8,16.8
2026-04-15 07:45:52,85.89,103.0,126.6,5.74,63.4,34.8,16.8
2026-04-15 07:45:52,85.95,85.4,108.4,6.74,62.8,35.6,16.7
2026-04-15 07:45:52,85.97,100.7,114.3,6.72,62.8,42.6,16.7
2026-04-15 07:45:52,85.89,88.7,111.4,6.47,62.8,39.7,16.8
2026-04-15 07:45:52,85.93,83.2,94.1,7.81,62.8,41.5,16.8
2026-04-15 07:45:52,85.87,92.4,106.4,7.03,63.9,38.2,16.8
2026-04-15 07:45:53,85.93,85.8,108.4,6.25,63.4,34.9,16.8
2026-04-15 07:45:53,85.92,116.4,129.7,6.11,63.4,32.8,16.8
2026-04-15 07:45:53,85.94,104.8,118.8,6.44,62.2,39.0,16.8
2026-04-15 07:45:53,85.89,89.3,112.1,6.63,63.4,39.3,16.8
2026-04-15 07:45:53,85.86,92.3,115.4,5.89,63.9,32.4,16.8
2026-04-15 07:45:53,85.84,85.6,108.6,6.26,63.9,34.4,16.8
2026-04-15 07:45:53,85.85,87.3,101.0,7.41,63.9,39.2,16.8
2026-04-15 07:45:54,85.83,91.7,103.5,7.26,62.8,37.7,16.7
2026-04-15 07:45:54,85.89,98.3,122.1,5.76,63.9,30.3,16.8
2026-04-15 07:45:54,85.98,88.1,111.3,6.42,62.8,36.5,16.8
2026-04-15 07:45:54,85.81,84.4,107.4,6.14,62.8,29.5,16.8
2026-04-15 07:45:54,85.86,89.9,104.9,7.21,62.2,40.0,16.7
2026-04-15 07:45:54,85.86,97.9,121.0,5.72,64.5,32.9,16.7
2026-04-15 07:45:55,85.82,86.4,109.4,6.45,63.4,33.9,16.7
2026-04-15 07:45:55,85.85,89.5,102.1,7.34,62.8,41.8,16.8
2026-04-15 07:45:55,85.74,103.1,125.1,5.51,63.9,37.3,16.8
2026-04-15 07:45:55,85.79,99.3,122.8,6.17,63.9,36.5,16.7
2026-04-15 07:45:55,85.72,87.1,110.1,6.5,63.4,36.9,16.7
2026-04-15 07:45:55,85.82,85.1,96.9,7.62,63.9,38.8,16.7
2026-04-15 07:45:55,85.83,86.4,100.6,7.42,63.9,35.4,16.7
2026-04-15 07:45:56,85.83,85.6,98.4,7.55,63.9,43.4,16.7
2026-04-15 07:45:56,85.85,86.8,97.8,7.45,62.8,42.6,16.7
2026-04-15 07:45:56,85.98,100.3,113.0,6.8,63.4,41.1,16.7
2026-04-15 07:45:56,85.8,97.6,120.7,6.11,63.4,39.4,16.7
2026-04-15 07:45:56,85.83,87.2,108.7,6.4,63.4,32.8,16.8
2026-04-15 07:45:56,85.96,96.4,108.2,7.02,63.9,42.1,16.8
2026-04-15 07:45:56,85.95,89.1,111.6,6.28,63.4,38.5,16.8
2026-04-15 07:45:57,85.9,95.5,117.2,5.78,63.4,32.4,16.8
2026-04-15 07:45:57,85.82,86.4,110.9,6.3,62.8,35.9,16.8
2026-04-15 07:45:57,85.94,88.7,111.8,5.96,62.8,35.4,16.7
2026-04-15 07:45:57,85.94,85.8,109.0,6.11,61.7,29.0,16.7
2026-04-15 07:45:57,85.88,89.2,102.3,7.32,63.4,39.6,16.7
2026-04-15 07:45:57,85.75,88.0,110.7,6.04,63.4,31.3,16.7
2026-04-15 07:45:58,85.87,88.2,100.3,7.42,63.9,39.2,16.7
2026-04-15 07:45:58,85.8,88.0,111.9,6.03,63.9,31.3,16.7
2026-04-15 07:45:58,85.93,90.0,113.1,5.97,62.2,34.8,16.7
2026-04-15 07:45:58,85.88,89.8,113.4,5.99,63.9,35.8,16.7
2026-04-15 07:45:58,85.82,86.4,109.5,6.15,63.4,32.3,16.7
2026-04-15 07:45:58,85.93,91.9,104.5,7.21,63.9,38.5,16.7
2026-04-15 07:45:59,85.93,86.5,109.9,6.19,62.8,33.8,16.7
2026-04-15 07:45:59,85.81,85.9,99.0,7.52,64.5,38.0,16.7
2026-04-15 07:45:59,85.92,87.7,100.2,7.44,64.5,40.7,16.7
2026-04-15 07:45:59,85.85,111.5,135.0,5.2,62.2,34.2,16.7
2026-04-15 07:45:59,85.96,85.1,103.4,7.24,63.4,40.0,16.7
2026-04-15 07:45:59,85.88,99.7,114.3,6.75,65.0,43.5,16.7
2026-04-15 07:45:59,85.86,85.3,108.3,6.58,63.4,33.9,16.7
2026-04-15 07:46:00,85.77,97.1,109.4,6.9,63.9,38.2,16.7
2026-04-15 07:46:00,85.85,87.4,110.6,6.35,64.5,38.1,16.7
2026-04-15 07:46:00,85.91,84.7,107.8,6.12,63.9,32.3,16.7
2026-04-15 07:46:00,85.8,84.1,98.6,7.54,63.9,38.5,16.8
2026-04-15 07:46:00,85.85,87.0,102.5,7.33,63.4,41.5,16.8
2026-04-15 07:46:00,85.76,83.0,93.7,7.75,63.4,39.2,16.8
2026-04-15 07:46:00,85.87,91.0,104.5,7.08,63.9,38.2,16.8
2026-04-15 07:46:01,85.83,95.1,118.3,5.84,63.4,32.3,16.8
2026-04-15 07:46:01,85.99,85.6,108.6,6.38,63.4,36.4,16.8
2026-04-15 07:46:01,85.79,109.2,123.0,6.37,62.2,46.8,16.8
2026-04-15 07:46:01,85.83,87.1,110.2,6.92,63.9,37.9,16.8
2026-04-15 07:46:01,85.84,92.1,104.5,7.23,63.4,42.9,16.8
2026-04-15 07:46:01,85.76,100.9,123.5,5.71,63.9,35.7,16.8
2026-04-15 07:46:02,85.83,87.3,107.3,6.53,63.9,37.7,16.8
2026-04-15 07:46:02,85.8,87.5,99.8,7.48,63.9,44.6,16.8
2026-04-15 07:46:02,85.83,86.8,109.7,6.03,63.4,36.2,16.8
2026-04-15 07:46:02,85.83,83.6,96.2,7.66,63.9,40.4,16.8
2026-04-15 07:46:02,85.81,92.4,107.5,7.06,63.4,42.1,16.8
2026-04-15 07:46:02,85.84,109.5,132.7,5.44,64.5,33.3,16.8
2026-04-15 07:46:02,85.83,92.4,114.9,6.69,63.4,35.1,16.8
2026-04-15 07:46:03,85.77,86.6,109.7,6.22,62.8,31.7,16.8
2026-04-15 07:46:03,86.03,84.0,96.7,7.65,64.5,43.6,16.8
2026-04-15 07:46:03,85.92,97.6,112.8,6.81,64.5,40.4,16.8
2026-04-15 07:46:03,85.89,85.7,108.8,6.47,63.9,31.0,16.9
2026-04-15 07:46:03,85.83,83.3,97.1,7.63,63.4,37.3,16.9
2026-04-15 07:46:03,85.79,87.6,103.9,7.23,65.0,40.4,16.9
2026-04-15 07:46:03,85.86,93.5,116.6,5.83,63.9,37.5,16.8
2026-04-15 07:46:04,85.81,85.8,108.9,6.3,63.4,33.3,16.8
2026-04-15 07:46:04,85.89,86.8,100.4,7.44,64.5,45.6,16.8
2026-04-15 07:46:04,85.73,83.3,95.7,7.71,63.4,38.5,16.8
2026-04-15 07:46:04,85.86,90.4,106.5,7.12,63.9,38.2,16.8
2026-04-15 07:46:04,85.89,86.7,109.9,6.13,64.5,32.3,16.8
2026-04-15 07:46:04,85.85,84.8,97.3,7.62,64.5,40.4,16.8
2026-04-15 07:46:04,85.81,88.9,103.8,7.27,64.5,43.6,16.8
2026-04-15 07:46:05,85.74,85.1,107.9,6.14,65.0,33.8,16.8
2026-04-15 07:46:05,85.84,99.0,112.6,6.81,63.9,43.3,16.8
2026-04-15 07:46:05,85.78,93.9,117.2,6.18,63.4,32.3,16.8
2026-04-15 07:46:05,85.85,84.5,107.6,6.37,62.2,33.9,16.8
2026-04-15 07:46:05,85.87,91.9,105.7,7.12,63.9,40.0,16.9
2026-04-15 07:46:05,85.8,104.0,127.3,5.59,63.4,29.9,16.9
2026-04-15 07:46:06,85.81,85.0,108.4,6.77,63.4,40.3,16.9
2026-04-15 07:46:06,85.89,87.0,100.4,7.4,63.9,43.6,16.9
2026-04-15 07:46:06,85.82,83.7,96.0,7.7,63.9,36.7,16.9
2026-04-15 07:46:06,85.84,104.8,120.4,6.44,63.4,44.1,16.9
2026-04-15 07:46:06,85.91,91.1,113.5,6.55,62.8,38.7,16.8
2026-04-15 07:46:06,85.82,86.5,110.8,6.15,63.9,34.8,16.8
2026-04-15 07:46:06,85.78,85.1,98.0,7.58,65.0,44.4,16.8
2026-04-15 07:46:07,85.95,91.0,114.2,5.83,62.2,32.8,16.7
2026-04-15 07:46:07,85.9,85.8,108.6,6.2,63.9,32.3,16.8
2026-04-15 07:46:07,85.94,93.0,106.3,7.11,64.5,40.0,16.8
2026-04-15 07:46:07,85.84,91.8,115.3,6.04,64.5,34.8,16.7
2026-04-15 07:46:07,85.91,85.0,108.0,6.27,65.0,36.4,16.7
2026-04-15 07:46:07,85.85,96.6,110.9,6.91,64.5,41.7,16.7
2026-04-15 07:46:08,85.9,95.3,119.3,5.97,65.0,34.4,16.7
2026-04-15 07:46:08,85.93,101.0,124.1,5.88,63.9,35.3,16.7
2026-04-15 07:46:08,85.93,106.0,129.3,5.82,62.8,35.3,16.7
2026-04-15 07:46:08,85.86,92.7,115.8,6.53,63.9,36.7,16.8
2026-04-15 07:46:08,85.92,100.1,123.2,5.75,64.5,32.4,16.8
2026-04-15 07:46:08,85.99,88.0,111.1,6.47,63.9,36.1,16.8
2026-04-15 07:46:09,85.89,95.4,118.4,5.75,62.8,33.3,16.8
2026-04-15 07:46:09,85.93,114.0,137.1,5.4,63.4,32.4,16.9
2026-04-15 07:46:09,85.87,87.2,106.1,7.15,63.9,34.6,16.9
2026-04-15 07:46:09,85.9,91.7,103.0,7.25,63.9,42.9,16.9
2026-04-15 07:46:09,85.88,85.4,108.4,6.25,62.8,35.8,17.0
2026-04-15 07:46:09,85.83,92.7,106.9,7.1,62.8,37.0,17.0
2026-04-15 07:46:09,85.89,103.5,126.8,5.64,66.1,35.7,17.0
2026-04-15 07:46:10,85.81,103.3,126.6,6.01,64.5,36.9,17.0
2026-04-15 07:46:10,85.86,95.0,118.1,6.33,64.5,33.3,17.0
2026-04-15 07:46:10,85.86,93.5,116.6,6.05,63.4,35.8,17.0
2026-04-15 07:46:10,85.77,85.4,107.6,6.29,63.9,36.4,17.0
2026-04-15 07:46:10,85.82,85.8,98.7,7.5,64.5,43.6,17.0
2026-04-15 07:46:10,85.87,89.0,102.3,7.34,64.5,39.6,16.9
2026-04-15 07:46:11,85.83,93.0,114.0,5.85,63.9,40.8,16.9
2026-04-15 07:46:11,85.85,94.6,117.6,5.95,63.9,32.8,16.9
2026-04-15 07:46:11,85.77,96.4,119.5,5.94,62.8,35.9,16.9
2026-04-15 07:46:11,85.87,104.9,130.1,5.64,63.4,37.1,16.9
2026-04-15 07:46:11,85.8,97.3,120.2,6.38,62.8,36.5,16.8
2026-04-15 07:46:11,85.91,90.9,114.1,6.24,63.9,35.9,16.8
2026-04-15 07:46:12,85.93,91.2,114.1,5.99,64.5,35.8,16.8
2026-04-15 07:46:12,85.72,87.7,111.3,6.11,63.4,34.4,16.8
2026-04-15 07:46:12,85.79,89.6,112.7,5.95,63.9,34.8,16.8
2026-04-15 07:46:12,85.84,91.0,114.5,5.94,63.9,32.3,16.8
2026-04-15 07:46:12,85.81,85.1,108.4,6.23,63.9,33.3,16.8
2026-04-15 07:46:12,85.83,87.6,101.5,7.38,63.4,41.8,16.8
2026-04-15 07:46:13,85.82,98.6,109.6,6.92,63.9,41.4,16.8
2026-04-15 07:46:13,85.79,101.4,124.4,5.91,63.9,35.4,16.8
2026-04-15 07:46:13,85.82,85.1,108.2,6.66,63.9,36.7,16.8
2026-04-15 07:46:13,86.0,84.4,99.0,7.53,64.5,39.6,16.8
2026-04-15 07:46:13,85.79,85.7,100.5,7.44,64.5,39.2,16.8
2026-04-15 07:46:13,85.64,84.6,98.3,7.46,63.9,40.0,16.8
2026-04-15 07:46:13,85.97,85.1,97.9,7.57,63.9,38.0,16.8
2026-04-15 07:46:14,86.05,90.6,100.4,7.21,65.5,49.1,16.8
2026-04-15 07:46:14,86.21,86.6,109.6,6.15,65.0,34.4,16.8
2026-04-15 07:46:14,86.05,101.2,113.9,6.76,65.0,39.7,16.8
2026-04-15 07:46:14,86.08,83.8,106.5,6.71,63.9,30.4,16.8
2026-04-15 07:46:14,86.17,89.5,103.7,7.19,63.9,42.9,16.8
2026-04-15 07:46:14,86.15,86.0,109.2,6.13,65.0,36.8,16.8
2026-04-15 07:46:14,86.29,85.3,97.6,7.56,63.9,40.4,16.8
2026-04-15 07:46:15,86.17,93.1,107.3,7.07,63.4,40.0,16.8
2026-04-15 07:46:15,86.24,95.2,118.5,5.93,65.0,34.8,16.8
2026-04-15 07:46:15,86.09,96.7,118.1,5.92,63.9,30.6,16.8
2026-04-15 07:46:15,86.17,87.0,109.8,6.42,62.8,38.5,16.8
2026-04-15 07:46:15,86.1,89.6,102.5,7.32,64.5,38.2,16.8
2026-04-15 07:46:15,86.12,87.9,111.0,6.09,65.0,33.8,16.8
2026-04-15 07:46:16,86.02,89.6,112.8,5.94,63.4,34.8,16.8
2026-04-15 07:46:16,85.77,87.3,110.4,6.09,64.5,32.8,16.8
2026-04-15 07:46:16,85.78,86.3,101.5,7.39,63.4,43.9,16.8
2026-04-15 07:46:16,85.87,84.6,111.9,6.02,64.5,37.9,16.9
2026-04-15 07:46:16,85.89,84.7,107.5,6.13,65.0,31.7,16.9
2026-04-15 07:46:16,86.01,85.9,99.9,7.46,65.0,39.6,17.0
2026-04-15 07:46:16,85.94,85.3,99.1,7.52,64.5,40.4,17.0
2026-04-15 07:46:17,85.98,103.2,116.0,6.63,63.9,44.6,17.0
2026-04-15 07:46:17,85.98,100.5,123.7,6.1,63.9,35.9,17.0
2026-04-15 07:46:17,85.91,96.9,119.9,6.14,64.5,34.4,17.0
2026-04-15 07:46:17,85.98,92.0,115.1,6.18,65.0,35.4,17.0
2026-04-15 07:46:17,85.98,88.1,111.2,6.15,63.4,32.8,17.0
2026-04-15 07:46:17,86.02,112.3,135.5,5.24,64.5,31.5,17.0
2026-04-15 07:46:18,86.04,100.0,120.0,6.49,64.5,38.7,17.0
2026-04-15 07:46:18,85.97,98.6,121.8,6.04,63.9,36.9,17.0
2026-04-15 07:46:18,85.94,85.1,107.1,6.53,63.4,36.1,17.0
2026-04-15 07:46:18,86.06,84.6,98.5,7.55,64.5,41.5,17.0
2026-04-15 07:46:18,86.02,83.3,98.2,7.58,63.4,38.5,17.0
2026-04-15 07:46:18,85.99,85.8,103.0,7.31,65.0,38.9,17.0
2026-04-15 07:46:18,85.93,86.4,99.0,7.5,63.9,40.4,17.1
2026-04-15 07:46:19,85.99,86.1,98.5,7.55,65.0,41.5,17.1
2026-04-15 07:46:19,85.9,105.5,118.3,6.55,64.5,43.5,17.1
2026-04-15 07:46:19,85.92,86.1,109.2,6.8,63.4,39.3,17.1
2026-04-15 07:46:19,85.86,100.7,114.0,6.76,65.5,47.0,17.1
2026-04-15 07:46:19,85.95,83.9,107.1,6.67,63.9,33.9,17.1
2026-04-15 07:46:19,85.88,83.9,99.4,7.51,63.4,41.8,17.1
2026-04-15 07:46:19,85.98,89.3,105.4,7.19,65.0,40.0,17.1
2026-04-15 07:46:20,85.95,85.6,111.7,6.04,63.9,33.8,17.1
2026-04-15 07:46:20,85.99,103.7,126.9,5.5,65.0,36.5,17.0
2026-04-15 07:46:20,86.0,84.6,107.7,6.79,63.9,33.3,17.0
2026-04-15 07:46:20,86.01,84.4,99.5,7.51,65.0,39.6,17.0
2026-04-15 07:46:20,85.94,110.6,125.6,6.27,65.5,36.7,17.0
2026-04-15 07:46:20,85.91,87.4,109.4,6.98,64.5,35.7,17.0
2026-04-15 07:46:20,85.89,86.1,98.3,7.57,63.9,40.0,16.9
2026-04-15 07:46:21,86.02,97.3,120.0,5.63,64.5,34.3,16.9
2026-04-15 07:46:21,85.9,108.5,131.6,5.63,64.5,39.2,16.9
2026-04-15 07:46:21,86.01,85.2,108.2,6.97,63.9,41.4,16.9
2026-04-15 07:46:21,85.92,85.2,98.2,7.5,63.4,44.6,16.9
2026-04-15 07:46:21,85.93,99.3,113.4,6.78,63.4,42.1,16.9
2026-04-15 07:46:21,85.87,84.3,107.5,6.61,64.5,36.1,16.9
2026-04-15 07:46:22,85.96,95.2,110.3,6.94,64.5,40.4,16.9
2026-04-15 07:46:22,85.97,90.9,113.5,6.16,63.4,35.4,16.9
2026-04-15 07:46:22,85.73,98.8,122.3,5.72,63.9,36.8,16.8
2026-04-15 07:46:22,85.91,87.9,110.9,6.44,63.9,30.5,16.8
2026-04-15 07:46:22,85.8,89.7,112.7,5.94,63.9,34.8,16.8
2026-04-15 07:46:22,85.89,89.8,112.9,6.0,63.9,34.3,16.8
2026-04-15 07:46:23,85.97,95.2,118.7,5.8,65.0,32.8,16.8
2026-04-15 07:46:23,85.96,107.0,129.9,5.62,63.9,33.3,16.9
2026-04-15 07:46:23,86.06,101.2,124.3,6.22,63.9,36.5,16.9
2026-04-15 07:46:23,85.89,95.6,117.3,6.21,65.0,37.5,16.9
2026-04-15 07:46:23,85.98,102.2,124.4,5.78,65.5,32.4,16.9
2026-04-15 07:46:23,85.94,96.0,120.3,6.18,65.0,37.5,16.9
2026-04-15 07:46:24,85.9,89.4,112.4,6.3,63.9,34.9,16.8
2026-04-15 07:46:24,85.88,100.2,121.4,5.63,65.0,34.8,16.8
2026-04-15 07:46:24,85.93,86.0,110.3,6.52,64.5,38.5,16.8
2026-04-15 07:46:24,85.89,94.3,106.9,7.1,63.9,42.9,16.8
2026-04-15 07:46:24,86.01,83.9,106.3,6.42,63.4,31.0,16.8
2026-04-15 07:46:24,85.94,95.6,111.0,6.89,63.4,41.7,16.8
2026-04-15 07:46:24,85.98,90.6,113.1,6.15,65.0,33.8,16.7
2026-04-15 07:46:25,85.94,89.0,112.1,6.1,66.1,32.8,16.8
2026-04-15 07:46:25,85.99,92.6,115.7,5.88,63.4,32.8,16.8
2026-04-15 07:46:25,85.94,85.9,108.9,6.25,64.5,32.3,16.8
2026-04-15 07:46:25,86.02,100.9,111.8,6.74,62.8,45.0,16.8
2026-04-15 07:46:25,86.08,118.7,141.8,5.42,65.0,31.9,16.8
2026-04-15 07:46:25,86.1,90.3,103.9,7.25,63.9,41.1,16.8
2026-04-15 07:46:26,86.06,94.8,118.0,5.85,64.5,33.3,16.7
2026-04-15 07:46:26,86.1,99.4,122.6,5.83,64.5,35.7,16.7
2026-04-15 07:46:26,86.0,125.1,148.2,5.2,64.5,37.8,16.7
2026-04-15 07:46:26,86.1,90.1,114.2,6.02,64.5,36.9,16.7
2026-04-15 07:46:26,86.1,110.3,134.2,5.37,63.9,37.3,16.7
2026-04-15 07:46:26,85.92,89.4,109.4,6.9,64.5,36.4,16.7
2026-04-15 07:46:27,85.95,122.1,145.1,5.02,63.4,33.8,16.6
2026-04-15 07:46:27,86.06,88.4,111.5,6.02,63.4,32.4,16.6
2026-04-15 07:46:27,85.82,89.2,112.4,5.97,64.5,27.9,16.6
2026-04-15 07:46:27,86.04,103.6,113.5,6.77,63.4,43.3,16.6
2026-04-15 07:46:27,86.02,89.6,113.8,6.51,65.5,36.5,16.6
2026-04-15 07:46:27,86.19,86.4,108.5,6.15,64.5,32.8,16.6
2026-04-15 07:46:28,86.08,115.6,128.0,6.17,64.5,41.3,16.6
2026-04-15 07:46:28,86.07,83.9,100.9,7.41,64.5,37.7,16.6
2026-04-15 07:46:28,86.04,86.8,101.8,7.34,65.0,37.3,16.7
2026-04-15 07:46:28,85.95,84.5,96.8,7.65,64.5,40.4,16.7
2026-04-15 07:46:28,85.87,105.7,120.3,6.47,65.0,41.9,16.7
2026-04-15 07:46:28,86.06,96.5,118.5,6.36,64.5,37.5,16.7
2026-04-15 07:46:29,85.96,113.4,136.6,5.44,63.9,36.1,16.7
2026-04-15 07:46:29,85.96,100.9,120.5,6.48,65.0,37.7,16.7
2026-04-15 07:46:29,85.99,88.8,112.0,6.48,64.5,32.2,16.6
2026-04-15 07:46:29,85.98,85.0,107.9,6.15,65.5,36.2,16.6
2026-04-15 07:46:29,85.9,89.3,103.8,7.26,65.0,41.8,16.5
2026-04-15 07:46:29,85.86,102.0,125.1,5.58,65.0,32.9,16.5
2026-04-15 07:46:29,85.88,86.2,109.8,6.61,63.9,37.7,16.5
2026-04-15 07:46:30,85.77,86.1,99.0,7.51,66.1,39.2,16.5
2026-04-15 07:46:30,85.94,100.0,112.6,6.81,65.0,44.3,16.5
2026-04-15 07:46:30,86.22,92.3,114.9,6.28,65.0,37.5,16.5
2026-04-15 07:46:30,85.98,86.5,110.0,6.22,63.9,31.7,16.5
2026-04-15 07:46:30,85.95,86.6,98.9,7.52,65.0,41.5,16.5
2026-04-15 07:46:30,85.97,88.2,100.9,7.41,65.5,39.6,16.5
2026-04-15 07:46:31,85.93,91.3,114.5,5.89,64.5,34.3,16.5
2026-04-15 07:46:31,85.95,102.5,125.5,5.63,65.0,35.6,16.5
2026-04-15 07:46:31,85.94,89.6,112.7,6.5,63.9,32.8,16.5
2026-04-15 07:46:31,85.92,88.1,111.0,6.06,63.4,36.9,16.5
2026-04-15 07:46:31,85.98,102.5,125.5,5.52,65.0,32.4,16.6
2026-04-15 07:46:31,85.94,86.7,109.8,6.63,64.5,37.1,16.6
2026-04-15 07:46:31,85.95,83.4,97.7,7.57,63.9,40.4,16.6
2026-04-15 07:46:32,85.92,98.2,111.4,6.77,64.5,44.1,16.7
2026-04-15 07:46:32,85.92,85.5,108.2,6.58,63.9,34.4,16.7
2026-04-15 07:46:32,86.06,100.8,114.7,6.73,65.5,41.4,16.7
2026-04-15 07:46:32,86.05,87.9,111.6,6.48,63.9,39.7,16.8
2026-04-15 07:46:32,86.06,84.6,107.6,6.15,63.9,31.2,16.8
2026-04-15 07:46:32,85.99,88.2,103.0,7.3,64.5,39.6,16.8
2026-04-15 07:46:33,85.92,107.0,129.9,5.39,65.5,32.4,16.8
2026-04-15 07:46:33,85.9,85.9,109.2,6.88,63.4,37.3,16.8
2026-04-15 07:46:33,86.05,102.6,116.1,6.67,64.5,41.7,16.7
2026-04-15 07:46:33,85.95,87.6,109.8,6.6,63.4,36.1,16.7
2026-04-15 07:46:33,86.05,85.7,108.4,6.08,65.0,27.9,16.7
2026-04-15 07:46:33,86.03,88.4,101.5,7.35,64.5,43.9,16.7
2026-04-15 07:46:33,86.04,101.6,123.4,5.57,65.0,36.6,16.6
2026-04-15 07:46:34,85.92,91.4,114.5,6.39,63.9,36.5,16.7
2026-04-15 07:46:34,85.98,86.2,107.3,6.2,63.4,37.3,16.6
2026-04-15 07:46:34,86.07,83.9,96.7,7.64,65.0,39.6,16.7
2026-04-15 07:46:34,86.08,90.6,106.1,7.14,63.4,37.7,16.6
2026-04-15 07:46:34,86.16,87.9,110.4,6.09,64.5,32.8,16.6
2026-04-15 07:46:34,86.08,84.5,108.0,6.13,65.0,30.2,16.6
2026-04-15 07:46:35,86.01,96.9,111.7,6.86,64.5,42.1,16.6
2026-04-15 07:46:35,86.12,91.3,114.0,6.22,63.4,34.4,16.6
2026-04-15 07:46:35,86.2,86.6,109.8,6.17,65.0,30.0,16.6
2026-04-15 07:46:35,86.15,86.3,99.0,7.52,65.0,45.6,16.6
2026-04-15 07:46:35,86.07,87.2,97.5,7.46,63.9,42.6,16.6
2026-04-15 07:46:35,86.2,85.4,97.5,7.6,65.0,40.4,16.6
2026-04-15 07:46:35,86.1,107.5,122.2,6.41,64.5,41.3,16.6
2026-04-15 07:46:36,86.19,89.0,112.2,6.77,65.0,39.0,16.6
2026-04-15 07:46:36,86.14,94.1,117.6,5.81,65.0,34.8,16.6
2026-04-15 07:46:36,85.99,97.8,120.9,5.88,65.0,37.9,16.6
2026-04-15 07:46:36,86.15,110.8,133.9,5.58,65.0,32.9,16.6
2026-04-15 07:46:36,86.17,86.2,108.1,7.04,65.0,38.6,16.7
2026-04-15 07:46:36,86.1,87.0,100.0,7.46,63.9,43.6,16.7
2026-04-15 07:46:36,86.22,86.5,99.0,7.52,65.0,36.7,16.7
2026-04-15 07:46:37,86.1,86.8,98.9,7.5,65.0,44.4,16.7
2026-04-15 07:46:37,86.15,103.6,116.2,6.65,65.5,41.4,16.8
2026-04-15 07:46:37,86.15,93.2,116.3,6.41,63.9,36.5,16.8
2026-04-15 07:46:37,85.99,93.0,116.6,5.94,63.9,34.3,16.8
2026-04-15 07:46:37,85.97,84.3,107.4,6.41,64.5,32.8,16.8
2026-04-15 07:46:37,86.12,86.3,101.8,7.37,66.1,37.3,16.8
2026-04-15 07:46:38,86.07,85.4,97.7,7.58,65.5,40.4,16.8
2026-04-15 07:46:38,86.18,99.4,116.7,6.59,63.9,39.7,16.8
2026-04-15 07:46:38,86.09,87.7,110.9,6.64,63.9,39.3,16.8
2026-04-15 07:46:38,86.17,86.2,109.3,6.06,63.9,33.8,16.8
2026-04-15 07:46:38,86.11,85.1,98.3,7.54,65.0,38.5,16.8
2026-04-15 07:46:38,86.1,95.6,109.3,6.98,65.0,43.1,16.8
2026-04-15 07:46:38,85.99,85.6,106.1,6.38,63.9,34.9,16.8
2026-04-15 07:46:39,85.96,89.0,102.5,7.31,64.5,36.5,16.8
2026-04-15 07:46:39,86.06,103.9,130.0,5.42,64.5,35.1,16.8
2026-04-15 07:46:39,85.95,97.8,120.9,6.35,63.9,41.8,16.8
2026-04-15 07:46:39,86.09,88.7,112.2,6.33,65.5,37.5,16.8
2026-04-15 07:46:39,86.11,85.4,108.6,6.14,65.0,31.7,16.8
2026-04-15 07:46:39,86.06,109.2,122.8,6.36,65.5,38.1,16.7
2026-04-15 07:46:40,86.0,91.4,114.3,6.72,65.0,35.7,16.7
2026-04-15 07:46:40,86.06,90.0,113.1,6.06,65.0,32.8,16.7
2026-04-15 07:46:40,86.09,95.4,118.5,5.81,63.4,38.0,16.7
2026-04-15 07:46:40,86.06,86.3,112.7,6.22,65.5,34.4,16.8
2026-04-15 07:46:40,86.05,90.6,113.6,5.94,63.9,33.8,16.8
2026-04-15 07:46:40,86.03,86.5,109.7,6.18,64.5,36.9,16.8
2026-04-15 07:46:40,86.02,84.0,96.6,7.65,65.0,37.3,16.8
2026-04-15 07:46:41,86.09,101.9,117.6,6.61,65.0,41.7,16.8
2026-04-15 07:46:41,86.03,86.1,106.8,6.63,65.0,36.2,16.8
2026-04-15 07:46:41,86.16,117.5,130.4,6.08,64.5,36.8,16.8
2026-04-15 07:46:41,86.17,89.5,102.5,7.22,64.5,40.4,16.8
2026-04-15 07:46:41,86.09,90.0,113.2,5.98,65.5,33.8,16.8
2026-04-15 07:46:41,86.12,102.4,124.3,5.59,65.0,35.2,16.9
2026-04-15 07:46:42,86.06,114.3,139.5,5.54,65.0,33.3,16.9
2026-04-15 07:46:42,86.05,88.6,104.9,7.2,64.5,40.0,16.9
2026-04-15 07:46:42,86.21,105.0,127.9,5.47,64.5,38.7,16.8
2026-04-15 07:46:42,86.16,94.1,117.1,6.43,65.5,36.5,16.8
2026-04-15 07:46:42,86.16,94.9,118.2,5.96,63.9,30.2,16.8
2026-04-15 07:46:42,86.11,104.5,127.2,5.69,63.9,33.3,16.8
2026-04-15 07:46:43,86.09,87.0,110.1,6.71,65.0,35.6,16.8
2026-04-15 07:46:43,86.03,94.2,107.1,7.09,65.5,42.1,16.8
2026-04-15 07:46:43,86.14,86.9,110.1,6.3,63.4,34.9,16.8
2026-04-15 07:46:43,86.15,112.2,124.5,6.3,63.9,41.9,16.8
2026-04-15 07:46:43,86.01,86.4,108.1,7.05,64.5,43.3,16.7
2026-04-15 07:46:43,86.12,88.8,100.6,7.44,64.5,43.9,16.7
2026-04-15 07:46:43,86.16,88.6,111.9,6.0,65.0,32.3,16.7
2026-04-15 07:46:44,86.04,85.3,108.3,6.13,65.0,33.3,16.6
2026-04-15 07:46:44,86.14,87.7,100.9,7.38,64.5,36.7,16.6
2026-04-15 07:46:44,86.09,87.8,110.8,6.0,65.0,31.3,16.6
2026-04-15 07:46:44,86.08,95.5,119.1,5.72,65.0,33.8,16.6
2026-04-15 07:46:44,86.03,84.6,110.0,6.34,63.9,34.9,16.6
2026-04-15 07:46:44,86.08,86.7,96.5,7.51,65.0,40.7,16.6
2026-04-15 07:46:45,85.99,110.9,123.0,6.37,64.5,38.3,16.6
2026-04-15 07:46:45,85.92,89.9,112.3,6.84,64.5,42.6,16.6
2026-04-15 07:46:45,85.95,85.3,112.1,6.05,64.5,32.8,16.5
2026-04-15 07:46:45,85.89,85.9,109.0,6.12,65.5,31.3,16.5
2026-04-15 07:46:45,86.07,108.6,121.9,6.41,65.0,46.8,16.5
2026-04-15 07:46:45,86.04,85.7,108.8,6.96,65.0,34.5,16.5
2026-04-15 07:46:45,85.95,86.9,100.7,7.43,65.0,42.6,16.5
2026-04-15 07:46:46,85.97,93.6,104.5,7.15,65.0,40.0,16.5
2026-04-15 07:46:46,86.03,89.0,111.7,6.17,65.0,35.4,16.5
2026-04-15 07:46:46,85.99,108.7,132.4,5.35,65.0,35.2,16.5
2026-04-15 07:46:46,85.97,86.3,108.9,6.95,65.0,36.2,16.5
2026-04-15 07:46:46,85.96,90.2,102.6,7.32,64.5,43.6,16.6
2026-04-15 07:46:46,85.99,86.5,109.5,6.14,63.9,35.4,16.5
2026-04-15 07:46:47,86.03,85.8,98.4,7.55,65.5,40.7,16.5
2026-04-15 07:46:47,86.06,87.0,99.0,7.42,66.1,38.0,16.5
2026-04-15 07:46:47,86.0,84.3,96.5,7.67,65.0,42.6,16.6
2026-04-15 07:46:47,86.1,91.3,106.4,7.13,65.5,38.5,16.5
2026-04-15 07:46:47,85.98,86.8,108.8,6.16,65.5,35.8,16.5
2026-04-15 07:46:47,85.95,92.8,104.5,7.19,64.5,45.6,16.5
2026-04-15 07:46:47,86.01,103.6,126.6,5.64,65.5,30.9,16.5
2026-04-15 07:46:48,86.04,91.8,114.4,6.45,65.0,33.9,16.5
2026-04-15 07:46:48,86.19,110.6,133.3,5.39,64.5,37.3,16.5
2026-04-15 07:46:48,86.04,86.2,108.3,7.04,65.0,37.5,16.5
2026-04-15 07:46:48,86.06,87.8,101.6,7.38,64.5,41.8,16.5
2026-04-15 07:46:48,86.11,111.5,134.7,5.27,63.9,35.9,16.5
2026-04-15 07:46:48,86.02,88.7,110.2,6.95,64.5,39.3,16.5
2026-04-15 07:46:49,86.03,86.6,109.8,6.08,65.0,31.3,16.4
2026-04-15 07:46:49,85.96,87.3,99.1,7.44,65.0,39.2,16.5
2026-04-15 07:46:49,86.07,89.7,101.6,7.37,64.5,42.6,16.5
2026-04-15 07:46:49,86.08,85.2,109.8,6.13,66.1,34.4,16.5
2026-04-15 07:46:49,86.04,83.9,96.3,7.67,65.5,37.3,16.4
2026-04-15 07:46:49,85.95,88.2,104.0,7.26,64.5,41.1,16.4
2026-04-15 07:46:49,85.97,86.0,108.4,6.09,66.1,33.3,16.4
2026-04-15 07:46:50,85.96,85.4,98.7,7.55,65.0,38.5,16.4
2026-04-15 07:46:50,85.96,88.5,102.0,7.33,66.1,41.8,16.4
2026-04-15 07:46:50,86.08,96.2,119.3,5.73,66.1,33.8,16.4
2026-04-15 07:46:50,85.94,86.3,104.7,6.38,65.0,30.5,16.4
2026-04-15 07:46:50,85.93,87.7,100.5,7.35,65.5,43.9,16.4
2026-04-15 07:46:50,85.93,88.0,111.1,6.04,65.0,31.7,16.4
2026-04-15 07:46:50,85.99,83.7,94.7,7.75,65.0,43.4,16.4
2026-04-15 07:46:51,85.81,89.4,104.9,7.21,65.5,38.9,16.4
2026-04-15 07:46:51,85.94,91.9,114.8,5.91,65.5,35.3,16.4
2026-04-15 07:46:51,85.95,99.3,122.3,5.75,65.5,39.4,16.5
2026-04-15 07:46:51,85.97,92.5,115.2,6.25,64.5,31.7,16.5
2026-04-15 07:46:51,85.98,87.0,107.4,6.21,65.5,35.4,16.5
2026-04-15 07:46:51,86.09,104.0,115.2,6.63,65.5,43.5,16.5
2026-04-15 07:46:52,86.01,90.7,113.7,6.55,64.5,35.6,16.5
2026-04-15 07:46:52,86.0,95.1,118.5,5.84,63.4,33.8,16.5
2026-04-15 07:46:52,86.0,85.5,108.4,6.38,64.5,35.9,16.5
2026-04-15 07:46:52,86.06,87.0,99.7,7.42,66.1,45.6,16.6
2026-04-15 07:46:52,85.99,87.0,99.2,7.51,65.0,40.0,16.6
2026-04-15 07:46:52,86.1,85.8,96.4,7.57,66.1,42.6,16.6
2026-04-15 07:46:52,86.01,116.6,129.9,6.1,65.5,42.4,16.6
2026-04-15 07:46:53,85.96,86.4,101.9,7.34,65.5,39.3,16.7
2026-04-15 07:46:53,86.22,88.1,101.6,7.37,65.0,40.7,16.7
2026-04-15 07:46:53,86.06,107.2,127.5,5.4,66.1,32.4,16.7
2026-04-15 07:46:53,85.99,84.4,107.5,6.96,65.0,39.0,16.7
2026-04-15 07:46:53,86.04,101.0,116.3,6.67,65.0,40.7,16.7
2026-04-15 07:46:53,86.0,100.0,122.9,6.04,65.5,34.4,16.7
2026-04-15 07:46:54,86.02,90.2,113.5,6.37,65.5,39.7,16.7
2026-04-15 07:46:54,85.89,94.1,117.7,5.86,65.0,32.8,16.7
2026-04-15 07:46:54,85.86,104.2,127.0,5.67,66.1,30.3,16.7
2026-04-15 07:46:54,85.92,85.5,108.6,6.77,65.0,36.2,16.7
2026-04-15 07:46:54,86.05,91.9,105.6,7.16,65.5,38.9,16.7
2026-04-15 07:46:54,86.05,86.0,108.7,6.22,64.5,38.2,16.7
2026-04-15 07:46:54,86.01,90.0,103.4,7.29,65.5,33.3,16.7
2026-04-15 07:46:55,85.92,91.7,100.0,7.41,65.5,42.3,16.7
2026-04-15 07:46:55,86.1,106.4,129.6,5.51,65.0,33.3,16.7
2026-04-15 07:46:55,86.02,97.0,120.1,6.37,64.5,36.5,16.8
2026-04-15 07:46:55,86.08,96.9,120.1,6.01,65.5,32.8,16.8
2026-04-15 07:46:55,86.12,91.1,114.2,6.23,65.0,33.9,16.8
2026-04-15 07:46:55,85.99,92.5,115.6,5.95,64.5,35.3,16.7
2026-04-15 07:46:56,86.03,94.8,117.9,5.92,65.5,32.3,16.7
2026-04-15 07:46:56,86.02,89.4,113.6,6.16,65.5,34.9,16.7
2026-04-15 07:46:56,86.1,112.2,135.2,5.31,66.1,34.2,16.7
2026-04-15 07:46:56,86.05,91.1,112.8,6.81,65.0,41.0,16.6
2026-04-15 07:46:56,86.01,91.8,114.9,6.02,65.0,35.3,16.6
2026-04-15 07:46:56,86.1,105.6,128.7,5.55,65.5,32.4,16.6
2026-04-15 07:46:57,85.94,104.1,127.2,6.04,65.0,41.8,16.6
2026-04-15 07:46:57,86.02,90.7,110.4,6.54,65.5,40.3,16.5
2026-04-15 07:46:57,86.02,96.1,119.4,5.81,65.0,32.8,16.5
2026-04-15 07:46:57,86.17,90.2,113.3,6.22,65.5,35.4,16.5
2026-04-15 07:46:57,86.01,87.3,110.3,6.11,63.9,38.6,16.5
2026-04-15 07:46:57,86.13,88.1,100.0,7.47,64.5,39.6,16.5
2026-04-15 07:46:58,85.96,107.3,117.5,6.55,67.2,41.9,16.5
2026-04-15 07:46:58,85.93,87.5,110.4,6.81,65.5,36.8,16.5
2026-04-15 07:46:58,85.98,93.1,115.6,5.81,65.5,32.8,16.5
2026-04-15 07:46:58,86.03,86.7,109.7,6.25,65.0,31.7,16.5
2026-04-15 07:46:58,86.04,85.5,98.3,7.56,65.0,37.3,16.5
2026-04-15 07:46:58,86.04,88.2,101.6,7.37,66.1,39.2,16.5
2026-04-15 07:46:58,86.13,86.9,110.1,6.04,64.5,31.3,16.4
2026-04-15 07:46:59,86.13,113.6,126.0,6.25,65.0,41.0,16.5
2026-04-15 07:46:59,86.01,87.5,107.0,7.1,65.5,38.6,16.5
2026-04-15 07:46:59,86.07,85.3,95.6,7.64,65.0,40.0,16.5
2026-04-15 07:46:59,86.08,118.6,131.5,6.01,65.5,41.2,16.5
2026-04-15 07:46:59,86.1,102.6,115.8,6.65,65.0,39.0,16.5
2026-04-15 07:46:59,86.02,90.1,112.6,6.48,65.0,33.9,16.5
2026-04-15 07:47:00,86.14,87.3,107.5,6.1,65.0,34.4,16.5
2026-04-15 07:47:00,86.2,89.0,101.0,7.42,65.5,38.0,16.6
2026-04-15 07:47:00,86.12,87.3,111.1,6.04,65.5,37.7,16.6
2026-04-15 07:47:00,86.18,85.9,108.9,6.08,65.5,34.3,16.6
2026-04-15 07:47:00,86.23,90.5,105.2,7.17,66.1,40.0,16.7
2026-04-15 07:47:00,86.17,86.2,108.6,6.21,65.5,38.2,16.7
2026-04-15 07:47:00,86.24,106.0,118.9,6.54,65.0,39.0,16.7
2026-04-15 07:47:01,86.17,99.7,123.9,6.2,65.5,34.9,16.8
2026-04-15 07:47:01,86.23,91.6,114.8,6.34,65.0,35.5,16.8
2026-04-15 07:47:01,86.29,91.0,112.9,6.03,65.5,38.1,16.8
2026-04-15 07:47:01,86.28,85.8,108.6,6.2,65.0,33.3,16.8
2026-04-15 07:47:01,86.25,84.8,98.4,7.56,66.1,41.8,16.8
2026-04-15 07:47:01,86.29,91.5,106.3,7.13,66.1,35.8,16.8
2026-04-15 07:47:02,86.18,91.5,113.2,6.01,65.5,35.8,16.8
2026-04-15 07:47:02,86.21,100.5,123.3,5.69,65.5,35.6,16.8
2026-04-15 07:47:02,86.27,103.1,126.1,5.92,65.5,34.4,16.8
2026-04-15 07:47:02,86.17,102.5,125.7,6.02,66.7,33.3,16.8
2026-04-15 07:47:02,86.25,94.4,117.6,6.31,66.1,38.5,16.8
2026-04-15 07:47:02,86.25,87.0,110.1,6.28,65.0,35.9,16.8
2026-04-15 07:47:02,86.26,89.6,101.2,7.35,65.0,38.5,16.7
2026-04-15 07:47:03,86.24,87.7,110.6,6.08,65.5,35.8,16.7
2026-04-15 07:47:03,86.19,87.4,110.6,6.01,65.5,36.2,16.7
2026-04-15 07:47:03,86.17,91.9,98.9,7.26,65.5,41.8,16.6
2026-04-15 07:47:03,86.21,95.3,117.3,5.88,65.5,34.8,16.6
2026-04-15 07:47:03,86.2,95.0,118.0,6.01,65.5,34.4,16.6
2026-04-15 07:47:03,86.14,84.8,108.0,6.39,66.1,35.9,16.5
2026-04-15 07:47:04,86.07,86.6,101.1,7.4,66.7,34.7,16.5
2026-04-15 07:47:04,86.12,88.6,100.9,7.38,66.1,42.9,16.5
2026-04-15 07:47:04,86.21,94.7,117.9,5.8,65.5,32.3,16.5
2026-04-15 07:47:04,86.11,89.6,112.2,6.19,65.5,36.9,16.5
2026-04-15 07:47:04,86.34,86.9,110.0,6.1,65.5,35.3,16.5
2026-04-15 07:47:04,86.26,87.6,99.7,7.47,65.0,41.5,16.5
2026-04-15 07:47:04,86.35,86.9,99.2,7.51,65.5,39.2,16.5
2026-04-15 07:47:05,86.24,90.2,102.1,7.34,65.5,38.5,16.5
2026-04-15 07:47:05,86.19,99.1,122.2,5.7,65.5,33.3,16.5
2026-04-15 07:47:05,86.36,95.6,118.3,6.13,65.5,39.4,16.5
2026-04-15 07:47:05,86.14,92.0,115.2,6.13,65.5,36.9,16.5
2026-04-15 07:47:05,86.14,88.8,111.8,6.12,66.7,33.3,16.5
2026-04-15 07:47:05,86.27,94.2,118.4,5.78,64.5,31.3,16.5
2026-04-15 07:47:06,86.17,85.9,109.2,6.3,65.0,34.4,16.5
2026-04-15 07:47:06,86.28,85.8,97.6,7.59,66.1,45.5,16.5
2026-04-15 07:47:06,86.12,111.6,125.2,6.28,66.1,45.5,16.6
2026-04-15 07:47:06,86.05,97.6,118.8,6.56,66.1,44.4,16.6
2026-04-15 07:47:06,86.05,84.4,107.4,6.53,66.7,31.0,16.6
2026-04-15 07:47:06,86.04,111.7,126.9,6.22,66.7,40.9,16.6
2026-04-15 07:47:07,86.03,114.3,135.7,5.9,65.0,39.1,16.6
2026-04-15 07:47:07,86.05,85.1,101.1,7.3,65.5,38.9,16.6
2026-04-15 07:47:07,86.09,88.4,102.5,7.33,65.0,41.1,16.6
2026-04-15 07:47:07,86.15,86.0,109.0,6.08,66.1,33.8,16.6
2026-04-15 07:47:07,86.18,96.0,107.9,7.0,66.1,43.9,16.6
2026-04-15 07:47:07,86.22,86.6,109.7,6.36,65.5,35.9,16.6
2026-04-15 07:47:07,86.3,94.2,106.9,7.1,64.5,42.4,16.6
2026-04-15 07:47:08,86.12,86.3,109.3,6.3,65.0,34.9,16.6
2026-04-15 07:47:08,86.3,87.2,100.0,7.46,65.5,42.6,16.7
2026-04-15 07:47:08,86.22,88.5,100.7,7.43,65.5,41.8,16.6
2026-04-15 07:47:08,86.23,85.3,108.6,6.12,65.0,32.8,16.6
2026-04-15 07:47:08,86.23,94.7,108.5,7.01,66.1,40.7,16.6
2026-04-15 07:47:08,86.22,101.0,125.5,5.72,66.1,34.3,16.6
2026-04-15 07:47:08,86.15,91.7,112.3,6.43,65.5,36.1,16.6
2026-04-15 07:47:09,86.09,95.6,118.7,5.87,66.1,37.1,16.6
2026-04-15 07:47:09,86.12,86.3,109.4,6.36,66.1,34.4,16.6
2026-04-15 07:47:09,86.21,85.2,97.8,7.57,65.5,36.7,16.6
2026-04-15 07:47:09,86.15,87.0,102.3,7.34,65.5,40.7,16.6
2026-04-15 07:47:09,86.1,87.2,113.4,5.93,65.0,30.8,16.6
2026-04-15 07:47:09,86.05,88.8,110.6,6.06,65.5,35.4,16.5
2026-04-15 07:47:10,86.49,89.8,113.0,5.97,65.5,37.7,16.5
2026-04-15 07:47:10,86.07,84.8,107.6,6.19,66.1,34.3,16.5
2026-04-15 07:47:10,86.16,94.7,109.2,6.98,65.5,44.1,16.5
2026-04-15 07:47:10,86.06,84.8,108.5,6.36,66.1,35.9,16.5
2026-04-15 07:47:10,86.13,83.9,97.5,7.59,66.1,36.0,16.5
2026-04-15 07:47:10,86.11,91.6,109.4,6.98,65.5,40.0,16.5
2026-04-15 07:47:10,86.18,98.5,119.7,5.84,66.1,32.3,16.5
2026-04-15 07:47:11,86.22,85.6,108.8,6.5,65.0,31.0,16.6
2026-04-15 07:47:11,86.11,86.6,100.5,7.43,66.1,42.9,16.6
2026-04-15 07:47:11,86.21,117.2,129.0,6.11,63.9,43.1,16.6
2026-04-15 07:47:11,86.14,84.1,99.8,7.49,66.1,37.7,16.6
2026-04-15 07:47:11,86.15,86.6,100.2,7.37,65.5,43.6,16.6
2026-04-15 07:47:11,86.23,96.8,109.2,6.98,66.1,44.1,16.6
2026-04-15 07:47:12,86.28,93.0,115.6,6.14,65.5,35.9,16.6
2026-04-15 07:47:12,86.19,101.6,124.8,5.7,66.1,34.3,16.6
2026-04-15 07:47:12,86.15,99.0,122.2,6.09,65.5,38.5,16.6
2026-04-15 07:47:12,86.16,84.9,108.0,6.57,65.0,40.3,16.6
2026-04-15 07:47:12,86.17,85.8,100.0,7.46,65.5,41.5,16.6
2026-04-15 07:47:12,86.19,85.9,99.4,7.5,66.1,43.6,16.6
2026-04-15 07:47:12,86.17,84.5,99.2,7.49,66.1,42.6,16.6
2026-04-15 07:47:13,86.19,83.4,98.1,7.57,66.7,36.7,16.6
2026-04-15 07:47:13,86.34,87.3,100.6,7.37,67.2,43.1,16.6
2026-04-15 07:47:13,86.16,87.2,99.1,7.51,65.5,39.2,16.6
2026-04-15 07:47:13,86.18,92.9,106.5,7.12,65.0,41.8,16.6
2026-04-15 07:47:13,86.31,86.3,108.4,6.31,66.7,34.9,16.6
2026-04-15 07:47:13,86.19,84.3,107.5,6.08,66.7,33.8,16.6
2026-04-15 07:47:13,86.16,98.9,114.0,6.76,66.7,36.4,16.6
2026-04-15 07:47:14,86.17,88.8,111.9,6.4,65.0,39.1,16.6
2026-04-15 07:47:14,86.14,86.3,108.9,6.09,66.1,34.8,16.6
2026-04-15 07:47:14,86.18,84.2,97.1,7.62,65.5,39.2,16.6
2026-04-15 07:47:14,86.19,92.1,107.0,7.08,66.1,41.4,16.6
2026-04-15 07:47:14,86.34,86.6,109.7,6.21,66.1,34.4,16.6
2026-04-15 07:47:14,86.3,84.1,96.6,7.65,66.1,39.6,16.6
2026-04-15 07:47:14,86.27,96.1,111.5,6.88,66.1,45.0,16.6
2026-04-15 07:47:15,86.14,85.7,108.9,6.41,66.1,31.7,16.6
2026-04-15 07:47:15,86.08,102.4,115.9,6.67,66.1,40.7,16.6
2026-04-15 07:47:15,86.19,112.8,136.1,5.64,65.5,35.7,16.6
2026-04-15 07:47:15,86.19,86.7,107.3,7.07,66.1,38.6,16.7
2026-04-15 07:47:15,86.28,88.3,109.8,5.98,65.5,35.3,16.7
2026-04-15 07:47:15,86.2,88.2,111.2,6.01,65.5,32.3,16.7
2026-04-15 07:47:16,86.19,89.7,112.7,5.95,66.1,35.3,16.7
2026-04-15 07:47:16,86.15,85.8,107.6,6.15,67.2,31.7,16.7
2026-04-15 07:47:16,86.26,121.7,135.2,5.91,65.5,41.5,16.8
2026-04-15 07:47:16,86.12,90.7,113.5,5.92,65.5,32.3,16.8
2026-04-15 07:47:16,86.13,86.3,109.2,6.16,66.7,31.2,16.8
2026-04-15 07:47:16,86.26,94.1,106.7,7.09,65.5,40.0,16.8
2026-04-15 07:47:17,85.99,92.2,114.2,6.06,65.0,35.4,16.8
2026-04-15 07:47:17,86.07,86.0,108.9,6.23,66.1,35.4,16.7
2026-04-15 07:47:17,86.12,88.4,101.7,7.38,66.1,37.7,16.7
2026-04-15 07:47:17,86.12,102.4,125.4,5.53,65.5,38.4,16.7
2026-04-15 07:47:17,86.09,89.2,112.1,6.53,65.5,36.7,16.7
2026-04-15 07:47:17,86.18,89.8,112.7,5.99,66.1,32.8,16.7
2026-04-15 07:47:18,86.29,89.1,112.1,6.02,66.1,38.6,16.6
2026-04-15 07:47:18,86.17,86.1,109.3,6.11,66.1,34.8,16.6
2026-04-15 07:47:18,86.29,100.6,113.4,6.76,65.5,40.7,16.6
2026-04-15 07:47:18,86.21,107.3,129.8,5.76,66.1,45.8,16.6
2026-04-15 07:47:18,86.2,94.7,114.0,6.51,66.7,37.7,16.6
2026-04-15 07:47:18,86.31,87.4,110.4,6.28,66.1,34.4,16.6
2026-04-15 07:47:18,86.26,85.2,97.2,7.62,65.5,40.4,16.6
2026-04-15 07:47:19,86.21,111.6,125.3,6.27,66.7,40.3,16.6
2026-04-15 07:47:19,86.21,91.7,112.8,6.82,65.0,41.7,16.7
2026-04-15 07:47:19,86.14,85.3,108.5,6.24,66.1,33.8,16.7
2026-04-15 07:47:19,86.15,84.1,98.0,7.56,66.7,41.5,16.6
2026-04-15 07:47:19,86.16,85.7,98.8,7.42,65.5,39.2,16.6
2026-04-15 07:47:19,86.25,107.5,120.9,6.46,66.1,39.7,16.6
2026-04-15 07:47:19,86.25,91.0,112.3,6.65,65.5,32.1,16.6
2026-04-15 07:47:20,86.25,87.3,110.5,6.14,66.7,36.9,16.6
2026-04-15 07:47:20,86.27,82.6,94.6,7.77,65.0,39.2,16.6
2026-04-15 07:47:20,86.28,87.3,103.9,7.25,66.7,41.8,16.6
2026-04-15 07:47:20,86.16,84.5,96.3,7.67,67.2,42.6,16.6
2026-04-15 07:47:20,86.21,86.4,101.0,7.4,67.2,38.0,16.6
2026-04-15 07:47:20,86.32,84.6,97.5,7.61,66.1,39.6,16.6
2026-04-15 07:47:20,86.36,87.1,101.8,7.37,66.1,43.6,16.6
2026-04-15 07:47:21,86.19,89.9,102.1,7.35,66.1,39.2,16.6
2026-04-15 07:47:21,86.31,97.4,120.3,5.74,67.2,33.3,16.6
2026-04-15 07:47:21,86.23,107.7,130.7,5.64,66.7,37.7,16.6
2026-04-15 07:47:21,86.24,95.5,118.5,6.5,66.1,36.1,16.7
2026-04-15 07:47:21,86.28,114.9,136.0,5.37,65.0,36.8,16.6
2026-04-15 07:47:21,86.15,85.3,103.1,7.31,66.1,36.5,16.6
2026-04-15 07:47:22,86.22,106.3,120.3,6.47,67.2,39.3,16.6
2026-04-15 07:47:22,86.25,88.8,111.8,6.7,65.0,41.9,16.6
2026-04-15 07:47:22,86.2,104.7,127.8,5.48,65.5,31.9,16.6
2026-04-15 07:47:22,86.34,88.9,111.1,6.63,65.5,39.7,16.6
2026-04-15 07:47:22,86.21,85.7,108.9,6.12,65.5,32.8,16.6
2026-04-15 07:47:22,86.24,106.6,119.8,6.49,66.1,40.0,16.6
2026-04-15 07:47:23,86.29,90.9,114.2,6.6,66.7,37.7,16.6
2026-04-15 07:47:23,86.22,85.7,106.3,6.21,66.1,35.8,16.6
2026-04-15 07:47:23,86.32,90.8,103.7,7.23,66.1,40.7,16.6
2026-04-15 07:47:23,86.31,105.5,128.8,5.51,66.1,34.3,16.6
2026-04-15 07:47:23,86.23,84.8,108.1,6.86,66.7,35.1,16.6
2026-04-15 07:47:23,86.32,92.6,107.4,7.09,66.1,35.2,16.6
2026-04-15 07:47:23,86.24,89.7,113.0,6.11,66.1,35.4,16.5
2026-04-15 07:47:24,86.19,95.8,118.9,5.8,65.5,33.3,16.5
2026-04-15 07:47:24,86.19,103.5,124.8,5.72,66.7,35.8,16.5
2026-04-15 07:47:24,86.23,83.9,106.9,6.82,66.1,35.6,16.6
2026-04-15 07:47:24,86.26,88.1,104.0,7.25,66.7,41.8,16.6
2026-04-15 07:47:24,86.29,86.4,108.5,6.07,66.7,36.8,16.6
2026-04-15 07:47:24,86.3,84.0,96.8,7.66,66.1,38.5,16.6
2026-04-15 07:47:25,86.23,100.4,116.2,6.66,65.5,36.8,16.7
2026-04-15 07:47:25,86.35,83.6,106.6,6.69,65.0,32.1,16.7
2026-04-15 07:47:25,86.36,102.0,117.9,6.6,65.5,41.0,16.7
2026-04-15 07:47:25,86.34,87.4,110.2,6.58,66.7,35.0,16.7
2026-04-15 07:47:25,86.37,85.5,94.0,7.53,66.1,41.5,16.7
2026-04-15 07:47:25,86.36,93.5,105.7,7.13,66.1,41.8,16.7
2026-04-15 07:47:25,86.26,84.3,107.3,6.35,66.7,33.9,16.7
2026-04-15 07:47:26,86.23,96.3,110.7,6.89,66.7,38.2,16.6
2026-04-15 07:47:26,86.3,86.4,109.6,6.38,67.2,32.8,16.6
2026-04-15 07:47:26,86.36,83.4,96.5,7.67,65.0,41.5,16.6
2026-04-15 07:47:26,86.31,93.1,107.5,7.0,66.7,46.4,16.6
2026-04-15 07:47:26,86.35,88.5,111.7,6.18,65.5,30.6,16.6
2026-04-15 07:47:26,86.39,84.8,107.7,6.14,66.7,35.8,16.6
2026-04-15 07:47:26,86.35,86.5,101.1,7.4,66.1,37.3,16.6
2026-04-15 07:47:27,86.38,84.2,99.0,7.52,67.2,39.6,16.5
2026-04-15 07:47:27,86.48,89.0,101.4,7.35,66.7,40.4,16.6
2026-04-15 07:47:27,86.32,86.5,109.5,6.1,67.2,34.8,16.6
2026-04-15 07:47:27,86.37,88.4,101.3,7.39,66.7,45.5,16.6
2026-04-15 07:47:27,86.43,89.1,112.3,5.97,66.7,35.3,16.6
2026-04-15 07:47:27,86.45,96.5,119.5,5.76,65.5,34.3,16.6
2026-04-15 07:47:28,86.36,96.2,118.2,6.01,65.5,33.3,16.6
2026-04-15 07:47:28,86.39,86.5,109.4,6.38,66.1,32.2,16.6
2026-04-15 07:47:28,86.38,85.6,95.8,7.55,66.1,40.4,16.6
2026-04-15 07:47:28,86.41,86.6,99.0,7.45,67.8,42.6,16.6
2026-04-15 07:47:28,86.42,85.8,98.6,7.54,66.7,42.3,16.6
2026-04-15 07:47:28,86.31,86.3,99.4,7.48,67.2,40.4,16.7
2026-04-15 07:47:28,86.46,100.3,112.9,6.8,66.1,41.7,16.7
2026-04-15 07:47:29,86.41,100.5,123.6,5.99,66.7,31.7,16.7
2026-04-15 07:47:29,86.49,83.7,106.7,6.67,67.2,36.1,16.7
2026-04-15 07:47:29,86.47,99.1,112.4,6.74,67.2,39.0,16.8
2026-04-15 07:47:29,86.47,108.3,131.3,5.68,66.7,31.8,16.8
2026-04-15 07:47:29,86.53,99.0,119.8,6.34,66.7,36.1,16.8
2026-04-15 07:47:29,86.52,86.0,109.2,6.52,67.2,40.0,16.7
2026-04-15 07:47:29,86.32,85.3,100.8,7.42,66.7,41.8,16.7
2026-04-15 07:47:30,86.42,86.0,109.0,6.06,66.1,38.6,16.6
2026-04-15 07:47:30,86.47,89.0,101.3,7.35,67.2,46.6,16.6
2026-04-15 07:47:30,86.47,88.1,111.1,6.04,66.7,33.8,16.5
2026-04-15 07:47:30,86.51,89.1,112.2,5.96,66.1,34.3,16.5
2026-04-15 07:47:30,86.45,91.9,97.4,7.35,67.2,41.2,16.5
2026-04-15 07:47:30,86.49,86.2,107.5,6.21,66.7,34.8,16.5
2026-04-15 07:47:31,86.43,88.8,101.4,7.36,65.0,37.3,16.5
2026-04-15 07:47:31,86.4,84.4,107.2,6.17,66.7,36.8,16.5
2026-04-15 07:47:31,86.49,97.1,111.7,6.86,67.8,39.7,16.5
2026-04-15 07:47:31,86.43,92.0,115.4,6.18,67.2,37.5,16.5
2026-04-15 07:47:31,86.45,110.7,132.5,5.41,67.2,40.0,16.5
2026-04-15 07:47:31,86.36,91.0,113.1,6.8,66.7,37.9,16.4
2026-04-15 07:47:31,86.49,91.9,114.8,5.98,66.7,32.3,16.4
2026-04-15 07:47:32,86.36,107.6,130.9,5.48,65.5,42.3,16.4
2026-04-15 07:47:32,86.48,98.4,121.4,6.36,65.5,31.6,16.5
2026-04-15 07:47:32,86.33,92.2,111.7,6.23,65.0,36.9,16.5
2026-04-15 07:47:32,86.45,109.6,132.8,5.41,65.5,35.2,16.5
2026-04-15 07:47:32,86.37,108.3,130.4,6.07,66.7,33.9,16.6
2026-04-15 07:47:32,86.41,100.5,122.6,6.27,67.2,36.5,16.6
2026-04-15 07:47:33,86.33,96.7,119.3,6.17,66.7,34.4,16.6
2026-04-15 07:47:33,86.38,113.2,136.2,5.47,67.2,31.9,16.7
2026-04-15 07:47:33,86.38,93.2,112.9,6.82,66.7,35.1,16.7
2026-04-15 07:47:33,86.43,92.7,115.5,6.02,66.7,33.8,16.7
2026-04-15 07:47:33,86.29,112.9,136.0,5.35,67.2,33.8,16.7
2026-04-15 07:47:33,86.57,85.5,103.7,7.19,66.1,35.8,16.7
2026-04-15 07:47:34,86.36,88.6,102.8,7.32,67.2,35.3,16.7
2026-04-15 07:47:34,86.43,84.2,107.2,6.18,66.1,34.4,16.7
2026-04-15 07:47:34,86.31,83.2,98.4,7.57,66.7,37.3,16.7
2026-04-15 07:47:34,86.42,94.2,110.5,6.93,66.1,42.1,16.7
2026-04-15 07:47:34,86.36,83.5,106.7,6.42,66.1,34.9,16.7
2026-04-15 07:47:34,86.32,88.7,104.5,7.23,65.5,38.9,16.7
2026-04-15 07:47:35,86.42,92.0,114.5,5.87,66.1,34.3,16.6
2026-04-15 07:47:35,86.36,84.7,107.9,6.29,66.7,33.9,16.6
2026-04-15 07:47:35,86.39,86.3,100.6,7.43,65.5,43.9,16.6
2026-04-15 07:47:35,86.57,84.0,96.5,7.63,66.1,37.3,16.6
2026-04-15 07:47:35,86.41,98.1,113.7,6.77,66.1,44.3,16.6
2026-04-15 07:47:35,86.42,107.7,130.7,5.69,65.5,32.8,16.6
2026-04-15 07:47:35,86.42,84.6,107.6,6.98,66.1,37.3,16.6
2026-04-15 07:47:36,86.48,87.4,102.5,7.34,66.7,40.4,16.6
2026-04-15 07:47:36,86.34,86.6,97.6,7.54,66.1,42.3,16.6
2026-04-15 07:47:36,86.38,87.0,99.2,7.5,67.2,43.9,16.6
2026-04-15 07:47:36,86.44,111.6,123.9,6.34,66.7,45.2,16.6
2026-04-15 07:47:36,86.44,86.3,105.8,7.06,67.2,39.3,16.6
2026-04-15 07:47:36,86.47,85.9,97.6,7.53,65.5,36.7,16.6
2026-04-15 07:47:36,86.47,113.0,126.1,6.24,66.1,45.2,16.6
2026-04-15 07:47:37,86.39,88.2,107.5,7.07,67.8,39.3,16.6
2026-04-15 07:47:37,86.42,102.7,126.1,5.51,67.2,34.7,16.6
2026-04-15 07:47:37,86.39,90.2,113.3,6.5,67.2,31.0,16.6
2026-04-15 07:47:37,86.3,87.6,110.6,6.1,65.5,34.4,16.6
2026-04-15 07:47:37,86.4,85.7,108.7,6.07,66.1,39.4,16.6
2026-04-15 07:47:37,86.45,84.4,97.7,7.59,67.2,38.5,16.6
2026-04-15 07:47:37,86.46,112.7,127.9,6.17,66.1,41.5,16.6
2026-04-15 07:47:38,86.31,85.7,105.7,7.17,67.2,40.4,16.6
2026-04-15 07:47:38,86.43,89.3,102.8,7.3,66.7,43.6,16.6
2026-04-15 07:47:38,86.46,115.8,139.0,5.18,66.1,34.2,16.6
2026-04-15 07:47:38,86.38,88.5,105.6,7.17,67.2,37.5,16.6
2026-04-15 07:47:38,86.36,97.3,120.5,5.71,67.2,31.3,16.6
2026-04-15 07:47:38,86.34,87.2,110.4,6.4,65.0,32.8,16.6
2026-04-15 07:47:39,86.38,86.3,98.7,7.54,67.2,38.0,16.6
2026-04-15 07:47:39,86.42,84.7,98.2,7.56,66.7,42.6,16.6
2026-04-15 07:47:39,86.43,105.2,118.7,6.53,67.2,40.0,16.6
2026-04-15 07:47:39,86.48,86.7,109.3,6.69,66.1,36.7,16.6
2026-04-15 07:47:39,86.49,85.0,108.1,6.11,66.7,33.3,16.6
2026-04-15 07:47:39,86.39,95.6,109.7,6.96,66.1,39.3,16.6
2026-04-15 07:47:39,86.51,84.7,107.9,6.42,66.1,33.3,16.6
2026-04-15 07:47:40,86.48,84.6,98.8,7.52,65.5,38.5,16.6
2026-04-15 07:47:40,86.45,95.9,113.4,6.79,65.5,39.3,16.6
2026-04-15 07:47:40,86.44,94.5,117.5,6.15,67.2,30.6,16.6
2026-04-15 07:47:40,86.37,90.3,113.2,6.15,66.7,36.5,16.6
2026-04-15 07:47:40,86.34,87.0,109.9,6.13,66.7,34.8,16.6
2026-04-15 07:47:40,86.43,84.1,96.4,7.67,66.7,42.6,16.6
2026-04-15 07:47:41,86.35,86.8,102.7,7.32,66.7,39.6,16.5
2026-04-15 07:47:41,86.4,86.7,98.7,7.52,67.2,43.6,16.6
2026-04-15 07:47:41,86.48,83.5,95.7,7.72,66.7,36.7,16.6
2026-04-15 07:47:41,86.39,100.9,119.8,6.51,66.1,42.6,16.6
2026-04-15 07:47:41,86.31,90.8,114.8,6.47,66.7,39.3,16.6
2026-04-15 07:47:41,86.39,111.4,134.5,5.37,67.2,32.9,16.6
2026-04-15 07:47:41,86.31,85.6,107.0,7.1,66.1,35.2,16.6
2026-04-15 07:47:42,86.4,85.1,99.0,7.53,66.7,41.5,16.6
2026-04-15 07:47:42,86.46,95.3,109.4,6.97,66.7,40.0,16.6
2026-04-15 07:47:42,86.42,95.7,118.4,5.98,67.2,34.3,16.6
2026-04-15 07:47:42,86.36,88.8,112.0,6.27,66.7,30.0,16.6
2026-04-15 07:47:42,86.39,88.6,110.6,6.0,66.7,40.6,16.6
2026-04-15 07:47:42,86.34,88.1,111.1,6.04,67.2,30.8,16.6
2026-04-15 07:47:43,86.44,96.9,119.9,5.7,67.2,34.3,16.6
2026-04-15 07:47:43,86.45,84.9,108.0,6.46,66.7,34.4,16.6
2026-04-15 07:47:43,86.25,87.1,99.9,7.39,67.2,39.6,16.7
2026-04-15 07:47:43,86.34,83.9,95.9,7.7,68.3,41.5,16.7
2026-04-15 07:47:43,86.29,91.8,109.9,6.96,66.1,37.5,16.7
2026-04-15 07:47:43,86.23,91.5,114.6,6.09,66.7,35.4,16.8
2026-04-15 07:47:43,86.4,114.1,136.8,5.29,66.7,34.7,16.8
2026-04-15 07:47:44,86.38,85.2,103.8,7.27,67.8,40.4,16.8
2026-04-15 07:47:44,86.32,107.1,121.3,6.43,66.1,41.3,16.9
2026-04-15 07:47:44,86.32,86.4,109.7,6.85,66.7,33.9,16.9
2026-04-15 07:47:44,86.34,85.3,98.1,7.57,66.7,43.4,16.9
2026-04-15 07:47:44,86.28,87.5,101.2,7.39,66.7,40.4,16.9
2026-04-15 07:47:44,86.4,90.2,102.0,7.34,67.2,40.7,16.9
2026-04-15 07:47:44,86.51,85.9,109.1,6.17,66.1,33.3,16.9
2026-04-15 07:47:45,86.39,84.6,97.6,7.58,67.2,45.6,16.8
2026-04-15 07:47:45,86.37,85.7,102.4,7.33,66.7,38.5,16.8
2026-04-15 07:47:45,86.51,84.7,107.6,6.11,66.1,31.3,16.8
2026-04-15 07:47:45,86.34,86.2,100.5,7.44,66.7,41.5,16.8
2026-04-15 07:47:45,86.42,100.1,113.0,6.79,66.7,38.6,16.8
2026-04-15 07:47:45,86.42,88.0,111.4,6.46,67.2,38.7,16.8
2026-04-15 07:47:45,86.42,86.6,109.6,6.06,67.2,33.8,16.7
2026-04-15 07:47:46,86.5,95.5,107.6,7.03,67.2,43.1,16.7
2026-04-15 07:47:46,86.35,118.7,141.5,5.27,66.7,35.1,16.8
2026-04-15 07:47:46,86.47,109.7,123.6,6.35,67.8,41.7,16.8
2026-04-15 07:47:46,86.46,98.8,122.2,6.41,66.7,40.6,16.8
2026-04-15 07:47:46,86.4,103.0,126.2,5.85,67.2,37.7,16.8
2026-04-15 07:47:46,86.32,92.2,115.3,6.43,66.7,39.1,16.8
2026-04-15 07:47:47,86.49,90.5,113.5,6.07,66.1,34.3,16.8
2026-04-15 07:47:47,86.43,88.1,111.1,6.09,66.7,30.6,16.7
2026-04-15 07:47:47,86.49,121.2,144.3,5.01,66.1,35.8,16.7
2026-04-15 07:47:47,86.49,113.8,136.6,5.19,66.1,34.2,16.7
2026-04-15 07:47:47,86.38,99.2,120.7,6.46,66.7,39.0,16.7
2026-04-15 07:47:47,86.34,88.8,113.6,6.43,66.7,34.4,16.7
2026-04-15 07:47:48,86.38,101.5,124.6,5.64,67.8,37.0,16.7
2026-04-15 07:47:48,86.38,88.5,111.9,6.5,66.7,38.1,16.7
2026-04-15 07:47:48,86.39,85.3,108.3,6.13,66.7,34.8,16.7
2026-04-15 07:47:48,86.37,84.2,98.2,7.56,67.2,39.6,16.7
2026-04-15 07:47:48,86.34,95.1,113.3,6.78,65.5,52.4,16.7
2026-04-15 07:47:48,86.37,98.3,121.5,5.99,67.2,39.7,16.6
2026-04-15 07:47:49,86.36,94.8,117.9,6.15,67.2,33.3,16.6
2026-04-15 07:47:49,86.31,84.7,107.5,6.39,67.2,35.9,16.6
2026-04-15 07:47:49,86.39,88.2,102.8,7.31,66.1,42.1,16.6
2026-04-15 07:47:49,86.35,88.3,111.5,6.0,67.2,29.7,16.6
2026-04-15 07:47:49,86.36,86.0,109.3,6.09,66.7,31.7,16.6
2026-04-15 07:47:49,86.41,88.6,102.1,7.35,66.1,41.8,16.6
2026-04-15 07:47:50,86.4,109.8,132.9,5.32,66.1,36.5,16.6
2026-04-15 07:47:50,86.35,88.5,111.3,6.89,66.7,39.0,16.6
2026-04-15 07:47:50,86.28,95.5,119.4,5.66,67.2,33.8,16.6
2026-04-15 07:47:50,86.42,93.0,114.9,6.18,67.2,32.8,16.6
2026-04-15 07:47:50,86.43,90.2,113.2,6.14,66.1,37.3,16.6
2026-04-15 07:47:50,86.35,87.1,110.1,6.11,67.2,37.3,16.5
2026-04-15 07:47:50,86.32,95.4,107.4,7.07,66.7,37.5,16.5
2026-04-15 07:47:51,86.33,90.5,113.5,6.18,66.7,39.4,16.5
2026-04-15 07:47:51,86.41,87.7,110.9,6.1,66.1,33.3,16.5
2026-04-15 07:47:51,86.39,100.4,124.4,5.55,66.7,33.3,16.5
2026-04-15 07:47:51,86.43,111.2,137.7,5.56,66.7,32.8,16.5
2026-04-15 07:47:51,86.39,88.6,107.0,7.1,66.1,38.6,16.5
2026-04-15 07:47:51,86.42,110.9,121.8,6.42,67.2,38.7,16.5
2026-04-15 07:47:52,86.35,97.3,118.7,6.54,67.2,41.0,16.5
2026-04-15 07:47:52,86.3,94.0,117.2,6.13,67.8,33.3,16.5
2026-04-15 07:47:52,86.33,106.5,130.1,5.57,66.1,36.1,16.5
2026-04-15 07:47:52,86.42,89.2,112.6,6.71,67.2,39.7,16.5
2026-04-15 07:47:52,86.28,99.9,121.4,5.64,65.5,36.1,16.5
2026-04-15 07:47:52,86.36,105.3,128.4,5.81,66.1,36.4,16.4
2026-04-15 07:47:53,86.32,85.2,108.2,6.84,66.7,35.1,16.4
2026-04-15 07:47:53,86.24,89.7,105.5,7.17,66.7,48.3,16.4
2026-04-15 07:47:53,86.33,84.4,107.5,6.27,67.2,32.8,16.4
2026-04-15 07:47:53,86.31,89.0,105.8,7.13,66.7,40.0,16.4
2026-04-15 07:47:53,86.35,92.7,115.6,5.91,66.7,33.3,16.5
2026-04-15 07:47:53,86.27,96.0,119.0,5.93,66.7,31.8,16.4
2026-04-15 07:47:54,86.33,105.1,128.3,5.68,67.8,32.8,16.4
2026-04-15 07:47:54,86.35,86.9,110.0,6.75,67.8,36.2,16.5
2026-04-15 07:47:54,86.25,90.3,102.3,7.32,67.2,38.0,16.5
2026-04-15 07:47:54,86.37,87.6,110.6,6.11,66.7,33.3,16.5
2026-04-15 07:47:54,86.26,86.4,109.4,6.05,68.3,36.4,16.6
2026-04-15 07:47:54,86.17,84.4,96.7,7.61,66.1,41.5,16.6
2026-04-15 07:47:54,86.35,87.4,103.6,7.27,67.8,41.8,16.6
2026-04-15 07:47:55,86.29,92.0,115.1,5.84,67.2,32.4,16.7
2026-04-15 07:47:55,86.34,84.9,108.0,6.33,67.8,36.5,16.7
2026-04-15 07:47:55,86.26,84.6,100.9,7.42,67.2,37.3,16.7
2026-04-15 07:47:55,86.3,87.7,101.4,7.39,67.2,39.6,16.8
2026-04-15 07:47:55,86.41,101.8,124.8,5.56,67.2,35.2,16.8
2026-04-15 07:47:55,86.41,108.6,131.7,5.77,67.8,39.1,16.8
2026-04-15 07:47:56,86.3,89.2,112.5,6.74,68.3,38.3,16.7
2026-04-15 07:47:56,86.29,88.8,112.2,6.04,68.3,36.2,16.7
2026-04-15 07:47:56,86.33,109.8,132.7,5.34,67.8,37.5,16.7
2026-04-15 07:47:56,86.27,91.4,114.4,6.73,68.3,39.7,16.7
2026-04-15 07:47:56,86.3,89.1,112.2,6.1,66.1,34.3,16.7
2026-04-15 07:47:56,86.26,87.0,109.2,6.05,66.7,30.6,16.7
2026-04-15 07:47:56,86.37,84.0,95.6,7.71,66.7,41.5,16.7
2026-04-15 07:47:57,86.21,96.2,112.2,6.85,67.8,38.6,16.7
2026-04-15 07:47:57,86.36,102.1,125.3,5.81,67.2,36.2,16.7
2026-04-15 07:47:57,86.26,93.3,116.4,6.34,67.8,38.5,16.7
2026-04-15 07:47:57,86.2,101.7,123.2,5.71,68.3,38.0,16.7
2026-04-15 07:47:57,86.32,91.4,114.2,6.4,67.2,37.5,16.7
2026-04-15 07:47:57,86.3,84.7,108.5,6.23,66.7,34.9,16.7
2026-04-15 07:47:58,86.32,94.6,110.8,6.92,67.2,38.6,16.7
2026-04-15 07:47:58,86.29,84.2,107.4,6.48,68.3,37.5,16.7
2026-04-15 07:47:58,86.26,83.5,98.5,7.56,67.2,37.3,16.7
2026-04-15 07:47:58,86.22,93.4,109.8,6.96,66.7,41.4,16.7
2026-04-15 07:47:58,86.33,105.5,128.6,5.61,67.8,35.7,16.8
2026-04-15 07:47:58,86.35,105.4,128.3,6.01,68.3,36.4,16.8
2026-04-15 07:47:59,86.21,91.1,113.8,6.56,67.8,35.6,16.8
2026-04-15 07:47:59,86.26,84.5,107.5,6.25,67.8,33.8,16.8
2026-04-15 07:47:59,86.25,88.0,103.1,7.3,67.2,42.6,16.8
2026-04-15 07:47:59,86.32,83.4,105.3,6.17,68.3,29.0,16.8
2026-04-15 07:47:59,86.31,104.0,118.4,6.5,67.2,44.4,16.9
2026-04-15 07:47:59,86.3,93.7,117.0,6.38,67.2,38.5,16.9
2026-04-15 07:47:59,86.31,98.7,120.5,5.84,68.3,31.3,16.9
2026-04-15 07:48:00,86.26,88.8,111.9,6.39,67.2,36.5,16.9
2026-04-15 07:48:00,86.35,85.8,109.0,6.1,67.8,33.3,16.8
2026-04-15 07:48:00,86.31,96.3,109.6,6.97,66.7,36.4,16.8
2026-04-15 07:48:00,86.24,86.7,109.5,6.36,66.7,31.0,16.8
2026-04-15 07:48:00,86.48,91.7,104.0,7.23,67.8,42.6,16.8
2026-04-15 07:48:00,86.16,96.4,118.6,5.84,67.8,33.8,16.7
2026-04-15 07:48:01,86.18,84.0,106.8,6.49,66.7,34.4,16.7
2026-04-15 07:48:01,86.32,83.1,99.3,7.51,67.2,41.8,16.7
2026-04-15 07:48:01,86.36,93.5,109.3,7.0,66.7,41.4,16.7
2026-04-15 07:48:01,86.39,104.2,127.1,5.61,67.8,38.9,16.7
2026-04-15 07:48:01,86.38,85.0,108.1,6.84,67.2,33.3,16.6
2026-04-15 07:48:01,86.34,103.7,116.9,6.56,67.8,45.2,16.6
2026-04-15 07:48:01,86.29,105.2,128.5,5.95,66.7,37.9,16.6
2026-04-15 07:48:02,86.31,85.6,108.8,6.82,67.2,36.7,16.6
2026-04-15 07:48:02,86.34,105.3,119.4,6.53,67.2,40.0,16.6
2026-04-15 07:48:02,86.25,89.7,112.7,6.63,67.8,32.8,16.6
2026-04-15 07:48:02,86.28,89.3,112.0,6.01,66.7,35.3,16.7
2026-04-15 07:48:02,86.13,92.4,114.4,5.9,67.8,35.8,16.7
2026-04-15 07:48:02,86.27,114.8,137.9,5.29,67.2,33.8,16.7
2026-04-15 07:48:03,86.32,101.7,120.9,6.47,66.1,40.0,16.6
2026-04-15 07:48:03,86.27,91.9,116.1,6.38,66.7,36.5,16.6
2026-04-15 07:48:03,86.14,104.6,127.2,5.61,68.3,35.2,16.6
2026-04-15 07:48:03,86.33,96.0,119.1,6.33,66.7,38.1,16.7
2026-04-15 07:48:03,86.25,102.1,125.1,5.78,68.3,37.1,16.6
2026-04-15 07:48:03,86.14,87.4,110.7,6.59,66.1,37.1,16.6
2026-04-15 07:48:04,86.23,94.5,117.7,5.76,65.5,34.8,16.6
2026-04-15 07:48:04,86.19,86.6,109.6,6.31,66.7,32.3,16.6
2026-04-15 07:48:04,86.2,85.6,98.4,7.55,67.2,41.5,16.6
2026-04-15 07:48:04,86.14,86.2,99.0,7.48,67.2,42.6,16.5
2026-04-15 07:48:04,86.13,87.8,100.8,7.41,67.2,39.6,16.5
2026-04-15 07:48:04,86.1,87.0,110.2,6.03,67.2,30.2,16.5
2026-04-15 07:48:04,86.29,102.2,114.4,6.72,67.8,41.7,16.5
2026-04-15 07:48:05,86.28,89.5,112.6,6.52,67.2,39.1,16.5
2026-04-15 07:48:05,86.27,92.5,113.0,5.86,67.2,35.3,16.5
2026-04-15 07:48:05,86.31,91.2,114.2,6.09,67.2,34.3,16.5
2026-04-15 07:48:05,86.3,84.6,107.2,6.25,68.3,34.4,16.6
2026-04-15 07:48:05,86.12,95.6,108.4,6.94,68.8,38.2,16.5
2026-04-15 07:48:05,86.32,92.4,119.7,5.96,67.8,34.4,16.5
2026-04-15 07:48:06,86.16,90.7,113.8,6.23,68.8,33.3,16.5
2026-04-15 07:48:06,86.37,91.3,113.0,5.97,66.7,33.8,16.5
2026-04-15 07:48:06,86.2,97.6,120.6,5.79,66.1,37.7,16.5
2026-04-15 07:48:06,86.28,86.5,110.0,6.37,67.2,36.5,16.6
2026-04-15 07:48:06,86.13,96.3,119.4,5.71,67.2,31.3,16.6
2026-04-15 07:48:06,86.25,113.2,136.3,5.45,67.2,34.7,16.6
2026-04-15 07:48:07,86.33,102.4,121.6,6.42,67.8,34.5,16.6
2026-04-15 07:48:07,86.25,98.0,120.9,6.17,66.7,40.0,16.6
2026-04-15 07:48:07,86.5,108.2,131.2,5.65,66.7,34.3,16.6
2026-04-15 07:48:07,86.42,85.8,106.4,6.93,66.7,35.7,16.6
2026-04-15 07:48:07,86.2,119.6,130.1,5.99,67.2,47.0,16.6
2026-04-15 07:48:07,86.39,87.1,100.0,7.45,66.7,41.5,16.6
2026-04-15 07:48:08,86.29,89.4,103.9,7.25,67.8,40.4,16.6
2026-04-15 07:48:08,86.38,106.6,130.3,5.49,67.8,36.1,16.7
2026-04-15 07:48:08,86.3,88.5,111.7,6.78,66.7,35.1,16.6
2026-04-15 07:48:08,86.23,85.9,108.9,6.1,68.3,32.8,16.6
2026-04-15 07:48:08,86.3,87.0,110.1,5.97,67.2,30.2,16.6
2026-04-15 07:48:08,86.22,86.1,98.4,7.56,67.8,41.5,16.6
2026-04-15 07:48:08,86.34,92.5,106.0,7.15,68.3,35.3,16.6
2026-04-15 07:48:09,86.35,85.3,108.3,6.28,68.3,34.9,16.6
2026-04-15 07:48:09,86.38,91.9,105.8,7.15,68.3,46.6,16.6
2026-04-15 07:48:09,86.25,91.8,114.4,6.01,67.8,30.8,16.6
2026-04-15 07:48:09,86.25,107.9,131.2,5.42,67.2,33.3,16.6
2026-04-15 07:48:09,86.42,84.7,106.3,7.06,67.8,36.4,16.6
2026-04-15 07:48:09,86.39,109.5,124.4,6.32,67.8,41.5,16.6
2026-04-15 07:48:10,86.44,101.8,124.8,6.3,68.3,37.1,16.7
2026-04-15 07:48:10,86.38,87.7,110.8,6.55,68.3,35.0,16.7
2026-04-15 07:48:10,86.44,85.9,108.6,6.07,67.8,37.3,16.7
2026-04-15 07:48:10,86.34,86.5,99.0,7.44,67.8,40.7,16.7
2026-04-15 07:48:10,86.49,85.9,98.5,7.55,66.7,42.6,16.8
2026-04-15 07:48:10,86.39,93.1,105.9,7.13,67.8,42.9,16.8
2026-04-15 07:48:10,86.38,89.2,112.5,6.14,67.2,38.2,16.8
2026-04-15 07:48:11,86.37,86.0,109.0,6.14,67.2,29.5,16.8
2026-04-15 07:48:11,86.3,98.5,112.1,6.85,68.3,42.4,16.8
2026-04-15 07:48:11,86.42,122.1,144.6,5.26,68.3,37.8,16.8
2026-04-15 07:48:11,86.39,85.0,108.0,6.14,67.8,33.8,16.8
2026-04-15 07:48:11,86.29,86.9,101.3,7.39,67.8,40.7,16.8
2026-04-15 07:48:11,86.29,88.5,99.4,7.41,67.8,39.2,16.7
2026-04-15 07:48:12,86.31,88.6,111.9,6.0,68.3,38.5,16.7
2026-04-15 07:48:12,86.21,87.9,110.2,6.03,68.8,33.3,16.7
2026-04-15 07:48:12,86.43,94.9,117.9,5.76,67.2,33.8,16.7
2026-04-15 07:48:12,86.37,95.8,118.6,5.97,68.3,34.8,16.7
2026-04-15 07:48:12,86.41,94.7,119.3,5.97,67.2,33.8,16.6
2026-04-15 07:48:12,86.39,89.5,112.4,6.26,68.3,34.9,16.6
2026-04-15 07:48:13,86.36,100.6,123.6,5.63,67.8,37.0,16.6
2026-04-15 07:48:13,86.34,105.2,128.3,5.84,66.1,34.3,16.6
2026-04-15 07:48:13,86.37,117.7,140.7,5.57,66.7,41.1,16.5
2026-04-15 07:48:13,86.43,88.7,103.3,7.28,66.7,37.3,16.6
2026-04-15 07:48:13,86.32,85.8,109.1,6.11,67.2,34.8,16.6
2026-04-15 07:48:13,86.24,111.2,124.2,6.31,68.3,40.3,16.6
2026-04-15 07:48:14,86.42,84.7,106.3,7.14,67.8,37.5,16.6
2026-04-15 07:48:14,86.42,107.8,122.5,6.38,67.8,37.3,16.6
2026-04-15 07:48:14,86.33,86.8,107.1,6.87,68.3,39.0,16.6
2026-04-15 07:48:14,86.39,88.9,101.7,7.37,68.3,41.8,16.6
2026-04-15 07:48:14,86.32,90.8,113.9,5.95,67.8,33.3,16.6
2026-04-15 07:48:14,86.42,95.5,118.5,5.84,66.7,35.3,16.5
2026-04-15 07:48:14,86.43,98.2,121.2,5.9,69.4,33.3,16.5
2026-04-15 07:48:15,86.21,92.2,115.3,6.22,67.8,36.9,16.5
2026-04-15 07:48:15,86.31,87.1,110.2,6.19,69.4,35.9,16.5
2026-04-15 07:48:15,86.35,90.8,102.9,7.31,68.3,41.8,16.5
2026-04-15 07:48:15,86.21,85.5,106.7,6.19,68.3,30.0,16.6
2026-04-15 07:48:15,86.41,88.3,101.6,7.35,66.7,40.7,16.6
2026-04-15 07:48:15,86.37,85.1,109.2,6.1,68.3,34.8,16.6
2026-04-15 07:48:16,86.22,103.2,116.1,6.65,67.2,41.7,16.6
2026-04-15 07:48:16,86.29,89.7,111.9,6.53,68.3,30.9,16.5
2026-04-15 07:48:16,86.35,88.6,111.5,6.05,67.2,35.8,16.6
2026-04-15 07:48:16,86.22,87.2,97.6,7.58,67.8,46.2,16.6
2026-04-15 07:48:16,86.3,86.2,97.9,7.57,68.3,44.6,16.6
2026-04-15 07:48:16,86.27,88.3,100.9,7.39,67.8,43.6,16.6
2026-04-15 07:48:16,86.27,99.1,110.4,6.92,68.3,39.3,16.5
2026-04-15 07:48:17,86.27,84.8,107.8,6.58,67.8,35.6,16.6
2026-04-15 07:48:17,86.29,83.2,97.7,7.61,68.3,36.0,16.5
2026-04-15 07:48:17,86.32,83.8,99.3,7.46,68.3,43.9,16.5
2026-04-15 07:48:17,86.32,97.3,120.6,5.55,67.8,35.7,16.6
2026-04-15 07:48:17,86.31,101.9,125.1,5.85,69.4,33.8,16.6
2026-04-15 07:48:17,86.25,91.4,114.2,6.41,68.8,38.1,16.6
2026-04-15 07:48:17,86.31,99.5,122.4,5.72,67.2,30.9,16.6
2026-04-15 07:48:18,86.24,104.3,127.7,5.83,67.8,34.8,16.6
2026-04-15 07:48:18,86.31,102.3,125.4,6.02,66.7,38.2,16.6
2026-04-15 07:48:18,86.36,107.2,130.1,5.89,67.2,40.0,16.6
2026-04-15 07:48:18,86.24,87.4,110.4,6.81,66.7,38.3,16.6
2026-04-15 07:48:18,86.33,105.8,128.8,5.41,68.3,36.0,16.6
2026-04-15 07:48:18,86.34,86.9,110.4,6.76,68.3,32.1,16.6
2026-04-15 07:48:19,86.39,96.4,107.0,7.03,67.2,38.9,16.7
2026-04-15 07:48:19,86.21,86.8,109.9,6.36,67.8,32.2,16.7
2026-04-15 07:48:19,86.35,87.2,99.2,7.5,67.2,41.8,16.7
2026-04-15 07:48:19,86.31,86.3,96.8,7.54,68.3,42.6,16.6
2026-04-15 07:48:19,86.39,87.3,100.3,7.44,68.8,40.4,16.6
2026-04-15 07:48:19,86.37,88.4,99.9,7.46,67.8,38.0,16.6
2026-04-15 07:48:20,86.35,115.8,139.0,5.15,68.3,35.5,16.6
2026-04-15 07:48:20,86.38,89.3,106.1,7.14,68.3,37.5,16.6
2026-04-15 07:48:20,86.46,85.4,108.6,6.14,68.3,32.8,16.6
2026-04-15 07:48:20,86.4,89.2,102.9,7.31,68.3,40.7,16.5
2026-04-15 07:48:20,86.44,95.4,118.5,5.78,68.3,34.3,16.5
2026-04-15 07:48:20,86.45,87.7,110.4,6.29,67.8,34.4,16.5
2026-04-15 07:48:20,86.26,93.0,115.3,5.8,67.8,37.5,16.5
2026-04-15 07:48:21,86.31,95.1,118.1,5.94,67.2,31.2,16.5
2026-04-15 07:48:21,86.19,110.7,133.9,5.49,67.8,41.1,16.5
2026-04-15 07:48:21,86.24,120.4,143.9,5.6,67.8,38.2,16.5
2026-04-15 07:48:21,86.24,83.5,106.9,6.22,67.8,31.7,16.5
2026-04-15 07:48:21,86.35,103.3,118.4,6.54,68.8,40.7,16.5
2026-04-15 07:48:21,86.33,114.5,137.6,5.63,68.3,30.3,16.6
2026-04-15 07:48:22,86.28,89.9,107.6,7.04,66.7,38.9,16.6
2026-04-15 07:48:22,86.24,110.0,133.3,5.35,68.3,38.5,16.5
2026-04-15 07:48:22,86.35,86.3,108.8,6.95,68.8,39.7,16.5
2026-04-15 07:48:22,86.28,97.5,109.1,6.97,67.8,42.1,16.5
2026-04-15 07:48:22,86.34,83.3,106.5,6.56,67.8,31.7,16.4
2026-04-15 07:48:22,86.38,91.0,107.4,7.09,67.8,43.1,16.4
2026-04-15 07:48:23,86.27,87.6,110.9,6.13,67.2,36.9,16.4
2026-04-15 07:48:23,86.27,86.1,96.1,7.6,68.8,42.3,16.4
2026-04-15 07:48:23,86.29,88.0,100.5,7.4,67.8,43.6,16.4
2026-04-15 07:48:23,86.21,85.3,108.4,6.1,68.3,31.8,16.4
2026-04-15 07:48:23,86.33,102.7,117.8,6.58,68.3,45.9,16.4
2026-04-15 07:48:23,86.33,92.9,115.4,6.41,68.3,36.5,16.4
2026-04-15 07:48:23,86.44,122.2,145.2,5.11,67.2,35.1,16.4
2026-04-15 07:48:24,86.45,95.2,118.2,5.79,67.8,32.4,16.4
2026-04-15 07:48:24,86.33,88.0,113.5,6.17,67.8,34.9,16.5
2026-04-15 07:48:24,86.3,85.6,108.6,6.19,68.3,33.8,16.5
2026-04-15 07:48:24,86.32,102.8,116.7,6.64,68.3,40.0,16.5
2026-04-15 07:48:24,86.3,86.4,109.5,6.66,67.2,33.3,16.6
2026-04-15 07:48:24,86.25,84.8,96.3,7.59,66.7,41.8,16.6
2026-04-15 07:48:25,86.32,89.8,104.2,7.23,68.8,45.5,16.6
2026-04-15 07:48:25,86.24,95.9,119.0,5.79,67.2,33.3,16.7
2026-04-15 07:48:25,86.31,91.3,114.3,6.17,66.7,33.3,16.7
2026-04-15 07:48:25,86.22,92.8,116.3,5.94,67.8,36.8,16.7
2026-04-15 07:48:25,86.39,91.0,114.1,6.09,68.3,31.3,16.8
2026-04-15 07:48:25,86.2,88.0,113.0,6.04,68.3,36.8,16.7
2026-04-15 07:48:26,86.27,103.0,126.6,5.55,67.2,31.4,16.7
2026-04-15 07:48:26,86.32,86.7,102.2,6.67,67.2,46.4,16.7
2026-04-15 07:48:26,86.28,83.7,96.0,7.68,68.8,37.3,16.7
2026-04-15 07:48:26,86.27,86.7,101.3,7.26,67.2,45.5,16.7
2026-04-15 07:48:26,86.32,85.2,110.5,6.02,67.2,32.8,16.8
2026-04-15 07:48:26,86.23,83.0,94.8,7.77,68.3,40.7,16.8
2026-04-15 07:48:26,86.33,86.3,104.3,7.24,67.8,37.7,16.7
2026-04-15 07:48:27,86.41,92.3,115.2,5.84,66.7,35.3,16.7
2026-04-15 07:48:27,86.27,101.9,125.0,5.68,67.2,36.5,16.7
2026-04-15 07:48:27,86.23,93.7,116.6,6.31,68.3,35.0,16.7
2026-04-15 07:48:27,86.25,88.0,111.3,6.21,68.3,35.4,16.7
2026-04-15 07:48:27,86.33,84.3,107.5,6.14,67.8,33.8,16.7
2026-04-15 07:48:27,86.26,86.8,103.2,7.3,68.8,38.2,16.7
2026-04-15 07:48:28,86.32,88.4,99.4,7.48,68.3,44.4,16.7
2026-04-15 07:48:28,86.23,89.2,112.6,5.96,67.8,34.3,16.7
2026-04-15 07:48:28,86.35,87.9,110.9,6.07,67.2,35.8,16.7
2026-04-15 07:48:28,86.35,92.6,116.2,5.83,67.8,33.8,16.7
2026-04-15 07:48:28,86.22,92.3,116.3,5.99,68.3,33.3,16.7
2026-04-15 07:48:28,86.21,96.9,120.2,5.87,67.2,33.3,16.7
2026-04-15 07:48:29,86.38,86.8,110.4,6.38,67.2,34.4,16.6
2026-04-15 07:48:29,86.4,85.0,101.2,7.4,68.3,44.6,16.6
2026-04-15 07:48:29,86.36,87.4,110.4,6.07,68.3,31.3,16.6
2026-04-15 07:48:29,86.27,98.3,111.0,6.88,67.2,43.1,16.6
2026-04-15 07:48:29,86.27,103.0,124.3,5.87,68.3,36.8,16.6
2026-04-15 07:48:29,86.26,95.0,118.1,6.3,68.3,36.9,16.6
2026-04-15 07:48:29,86.3,89.4,112.5,6.21,67.8,34.9,16.6
2026-04-15 07:48:30,86.31,111.5,132.8,5.3,67.2,32.9,16.6
2026-04-15 07:48:30,86.45,92.7,113.5,6.76,68.3,37.9,16.6
2026-04-15 07:48:30,86.41,85.6,108.7,6.27,67.8,34.4,16.6
2026-04-15 07:48:30,86.39,105.5,128.1,5.36,68.3,38.7,16.7
2026-04-15 07:48:30,86.3,117.1,139.3,5.6,68.3,41.4,16.7
2026-04-15 07:48:30,86.34,93.7,108.6,7.01,67.2,37.0,16.7
2026-04-15 07:48:31,86.24,88.4,111.3,6.19,68.3,37.5,16.7
2026-04-15 07:48:31,86.29,87.5,110.5,6.04,68.3,34.8,16.7
2026-04-15 07:48:31,86.36,96.2,108.0,7.05,68.8,40.7,16.7
2026-04-15 07:48:31,86.3,84.3,107.4,6.46,66.7,35.9,16.7
2026-04-15 07:48:31,86.26,86.9,102.5,7.27,69.4,45.5,16.6
2026-04-15 07:48:31,85.99,89.9,113.0,5.96,67.8,34.3,16.6
2026-04-15 07:48:32,85.99,109.1,133.3,5.35,68.8,32.4,16.6
2026-04-15 07:48:32,86.07,86.0,108.1,7.01,68.3,40.0,16.6
2026-04-15 07:48:32,86.35,84.4,97.5,7.61,68.8,39.2,16.6
2026-04-15 07:48:32,86.39,88.0,102.6,7.3,67.8,41.8,16.6
2026-04-15 07:48:32,86.55,112.1,135.1,5.25,67.8,35.4,16.6
2026-04-15 07:48:32,86.59,89.6,110.5,6.93,68.3,41.7,16.6
2026-04-15 07:48:32,86.61,85.2,108.3,6.16,68.3,32.3,16.7
2026-04-15 07:48:33,86.55,87.5,101.4,7.38,68.3,39.6,16.7
2026-04-15 07:48:33,86.53,111.9,121.1,6.35,68.3,48.4,16.7
2026-04-15 07:48:33,86.49,92.0,112.7,6.8,67.8,35.7,16.7
2026-04-15 07:48:33,86.65,116.3,136.5,5.24,68.3,37.3,16.7
2026-04-15 07:48:33,86.48,84.1,100.3,7.44,68.3,38.9,16.7
2026-04-15 07:48:33,86.6,88.0,101.8,7.29,68.3,38.5,16.7
2026-04-15 07:48:34,86.61,98.8,122.0,5.64,67.2,33.8,16.7
2026-04-15 07:48:34,86.55,89.4,111.6,6.37,68.8,37.1,16.8
2026-04-15 07:48:34,86.55,84.4,107.5,6.18,68.3,32.8,16.8
2026-04-15 07:48:34,86.61,88.7,103.4,7.27,68.3,43.9,16.7
2026-04-15 07:48:34,86.52,84.6,107.0,6.15,68.8,31.7,16.7
2026-04-15 07:48:34,86.78,86.1,99.3,7.42,69.4,44.6,16.7
2026-04-15 07:48:34,86.57,86.9,99.0,7.45,68.3,42.6,16.6
2026-04-15 07:48:35,86.56,94.9,107.2,7.09,68.8,35.3,16.6
2026-04-15 07:48:35,86.58,83.8,106.6,6.43,68.3,37.1,16.7
2026-04-15 07:48:35,86.54,84.3,102.2,7.35,67.8,35.8,16.7
2026-04-15 07:48:35,86.57,86.3,98.9,7.51,68.8,41.5,16.7
2026-04-15 07:48:35,86.5,85.7,98.6,7.54,68.3,44.6,16.7
2026-04-15 07:48:35,86.57,86.8,100.8,7.43,68.3,42.6,16.7
2026-04-15 07:48:35,86.66,91.9,104.1,7.24,68.8,41.5,16.6
2026-04-15 07:48:36,86.58,104.4,127.2,5.59,68.3,39.2,16.7
2026-04-15 07:48:36,86.61,105.7,128.6,5.95,67.8,41.7,16.7
2026-04-15 07:48:36,86.58,99.1,121.4,6.25,68.8,39.3,16.6
2026-04-15 07:48:36,86.6,84.8,108.2,6.55,68.8,36.1,16.6
2026-04-15 07:48:36,86.56,83.7,98.1,7.58,68.8,37.3,16.6
2026-04-15 07:48:36,86.56,90.1,107.3,7.07,68.3,37.7,16.6
2026-04-15 07:48:37,86.54,86.7,109.9,6.19,68.3,34.4,16.6
2026-04-15 07:48:37,86.62,85.4,97.9,7.57,68.8,40.4,16.6
2026-04-15 07:48:37,86.6,97.7,110.4,6.89,68.8,45.0,16.6
2026-04-15 07:48:37,86.52,91.3,114.4,6.24,68.8,35.9,16.6
2026-04-15 07:48:37,86.64,86.7,109.6,6.17,68.3,32.3,16.7
2026-04-15 07:48:37,86.59,84.9,97.6,7.59,68.3,39.2,16.6
2026-04-15 07:48:37,86.58,99.5,113.6,6.78,68.3,50.0,16.6
2026-04-15 07:48:38,86.5,86.9,110.0,6.49,68.8,41.5,16.6
2026-04-15 07:48:38,86.66,98.2,111.1,6.88,68.3,38.6,16.5
2026-04-15 07:48:38,86.56,89.8,109.0,6.34,68.8,37.7,16.6
2026-04-15 07:48:38,86.4,86.9,110.0,6.11,68.8,31.3,16.6
2026-04-15 07:48:38,86.53,98.2,110.4,6.92,68.8,37.0,16.6
2026-04-15 07:48:38,86.49,86.2,109.2,6.47,68.3,30.5,16.6
2026-04-15 07:48:38,86.54,89.3,100.3,7.32,68.8,42.9,16.6
2026-04-15 07:48:39,86.43,97.3,107.1,7.1,68.3,44.6,16.7
2026-04-15 07:48:39,86.53,93.7,116.8,6.13,68.8,34.4,16.7
2026-04-15 07:48:39,86.53,91.0,113.6,6.11,68.3,37.9,16.7
2026-04-15 07:48:39,86.53,107.2,130.1,5.47,67.8,31.0,16.8
2026-04-15 07:48:39,86.53,86.6,108.5,6.84,68.3,35.7,16.8
2026-04-15 07:48:39,86.56,88.3,100.7,7.42,67.8,37.7,16.8
2026-04-15 07:48:40,86.55,96.3,119.5,5.72,68.8,31.8,16.8
2026-04-15 07:48:40,86.65,118.0,140.8,5.31,68.3,35.9,16.9
2026-04-15 07:48:40,86.55,102.4,116.8,6.63,68.3,46.0,16.8
2026-04-15 07:48:40,86.59,87.4,110.6,6.59,67.8,31.6,16.8
2026-04-15 07:48:40,86.57,84.4,97.2,7.64,68.8,41.2,16.8
2026-04-15 07:48:40,86.58,89.7,103.4,7.18,68.8,40.0,16.8
2026-04-15 07:48:40,86.42,88.0,111.6,6.1,67.2,31.3,16.8
2026-04-15 07:48:41,86.5,88.5,109.5,6.0,68.3,33.8,16.8
2026-04-15 07:48:41,86.51,86.3,109.4,6.08,69.4,35.8,16.8
2026-04-15 07:48:41,86.48,110.5,123.7,6.35,68.3,43.3,16.8
2026-04-15 07:48:41,86.58,86.7,107.1,7.01,67.8,40.7,16.8
2026-04-15 07:48:41,86.59,87.2,99.5,7.49,68.8,40.7,16.8
2026-04-15 07:48:41,86.52,88.1,100.7,7.43,69.4,45.5,16.8
2026-04-15 07:48:42,86.59,85.9,108.8,6.1,68.8,33.8,16.7
2026-04-15 07:48:42,86.47,86.1,99.3,7.46,68.3,41.5,16.7
2026-04-15 07:48:42,86.46,86.2,99.0,7.52,69.4,38.5,16.7
2026-04-15 07:48:42,86.48,102.5,110.6,6.67,69.4,50.0,16.7
2026-04-15 07:48:42,86.5,103.2,126.3,5.95,68.3,36.6,16.7
2026-04-15 07:48:42,86.53,103.9,127.0,6.02,68.3,35.4,16.7
2026-04-15 07:48:42,86.48,89.4,112.4,6.58,68.8,38.1,16.6
2026-04-15 07:48:43,86.5,90.7,117.9,5.81,68.8,35.7,16.7
2026-04-15 07:48:43,86.54,103.7,126.8,5.7,68.8,34.3,16.7
2026-04-15 07:48:43,86.57,101.2,123.6,6.09,67.8,36.5,16.7
2026-04-15 07:48:43,86.52,85.1,108.2,6.65,68.3,39.7,16.7
2026-04-15 07:48:43,86.56,92.4,106.9,7.1,67.2,45.0,16.7
2026-04-15 07:48:43,86.57,85.4,108.6,6.28,68.8,33.9,16.7
2026-04-15 07:48:44,86.53,85.2,99.1,7.51,68.3,41.5,16.7
2026-04-15 07:48:44,86.63,85.6,100.1,7.45,67.8,39.2,16.7
2026-04-15 07:48:44,86.59,88.3,101.7,7.36,68.8,41.8,16.7
2026-04-15 07:48:44,86.5,92.0,115.0,5.89,68.3,35.3,16.7
2026-04-15 07:48:44,86.51,83.4,106.5,6.33,67.2,30.0,16.7
2026-04-15 07:48:44,86.5,87.2,103.3,7.29,67.8,41.1,16.7
2026-04-15 07:48:44,86.55,88.6,101.6,7.38,68.3,42.6,16.7
2026-04-15 07:48:45,86.57,86.9,111.2,6.05,67.8,34.8,16.7
2026-04-15 07:48:45,86.53,89.2,112.2,5.97,68.3,33.8,16.6
2026-04-15 07:48:45,86.49,98.4,121.3,5.69,67.8,35.2,16.6
2026-04-15 07:48:45,86.57,88.9,114.4,6.24,68.3,38.5,16.6
2026-04-15 07:48:45,86.43,88.1,111.2,6.15,67.2,36.9,16.6
2026-04-15 07:48:45,86.41,86.4,109.4,6.07,68.8,32.3,16.6
2026-04-15 07:48:46,86.38,86.5,98.1,7.49,67.8,40.4,16.6
2026-04-15 07:48:46,86.59,89.8,102.8,7.3,70.5,40.4,16.5
2026-04-15 07:48:46,86.5,99.9,122.8,5.67,68.3,34.7,16.6
2026-04-15 07:48:46,86.56,85.7,108.6,6.57,68.8,39.0,16.6
2026-04-15 07:48:46,86.52,90.1,103.6,7.25,70.5,41.8,16.6
2026-04-15 07:48:46,86.49,84.2,106.9,6.23,68.8,30.6,16.7
2026-04-15 07:48:46,86.61,95.8,111.3,6.89,67.2,42.4,16.6
2026-04-15 07:48:47,86.66,89.5,113.0,6.18,68.8,34.8,16.6
2026-04-15 07:48:47,86.49,94.0,117.1,5.9,69.4,42.6,16.6
2026-04-15 07:48:47,86.54,102.2,125.3,5.72,68.3,29.2,16.6
2026-04-15 07:48:47,86.56,114.0,137.0,5.6,68.8,35.7,16.6
2026-04-15 07:48:47,86.44,91.8,110.8,6.92,68.8,39.7,16.6
2026-04-15 07:48:47,86.48,87.0,110.0,6.19,68.8,33.8,16.6
2026-04-15 07:48:48,86.52,87.4,97.4,7.48,70.0,45.5,16.6
2026-04-15 07:48:48,86.46,85.5,97.5,7.6,68.3,41.5,16.7
2026-04-15 07:48:48,86.37,86.4,100.2,7.44,68.3,41.5,16.7
2026-04-15 07:48:48,86.48,87.3,98.8,7.47,70.0,42.6,16.6
2026-04-15 07:48:48,86.51,84.1,95.6,7.62,69.4,39.6,16.7
2026-04-15 07:48:48,86.59,107.8,121.0,6.41,68.8,42.6,16.7
2026-04-15 07:48:48,86.4,103.3,126.4,6.18,68.8,35.5,16.6
2026-04-15 07:48:49,86.52,91.3,113.4,6.47,69.4,38.1,16.6
2026-04-15 07:48:49,86.43,95.5,118.5,5.86,67.8,30.2,16.6
2026-04-15 07:48:49,86.48,90.8,114.0,6.18,68.3,35.8,16.7
2026-04-15 07:48:49,86.57,89.4,112.3,6.06,67.8,31.1,16.7
2026-04-15 07:48:49,86.46,102.0,125.1,5.58,68.8,33.8,16.7
2026-04-15 07:48:49,86.4,110.5,133.7,5.71,69.4,31.8,16.7
2026-04-15 07:48:50,86.47,83.0,103.4,7.19,68.3,36.4,16.7
2026-04-15 07:48:50,86.53,101.0,119.5,6.5,68.8,41.9,16.6
2026-04-15 07:48:50,86.38,88.8,112.0,6.59,69.4,35.0,16.6
2026-04-15 07:48:50,86.46,126.7,150.0,4.89,66.7,33.3,16.6
2026-04-15 07:48:50,86.31,87.7,111.0,6.21,70.5,33.9,16.6
2026-04-15 07:48:50,86.46,101.3,123.1,5.56,68.8,36.0,16.6
2026-04-15 07:48:51,86.42,89.5,112.6,6.46,68.8,35.0,16.6
2026-04-15 07:48:51,86.5,95.2,118.3,5.81,68.8,34.3,16.6
2026-04-15 07:48:51,86.41,99.7,124.4,5.79,68.3,38.8,16.6
2026-04-15 07:48:51,86.53,90.4,113.5,6.43,67.8,33.9,16.6
2026-04-15 07:48:51,86.46,86.1,107.6,6.15,68.8,38.6,16.6
2026-04-15 07:48:51,86.55,87.6,101.4,7.16,68.3,50.9,16.5
2026-04-15 07:48:52,86.43,87.3,110.4,6.2,67.8,36.4,16.5
2026-04-15 07:48:52,86.56,85.1,97.4,7.61,68.8,39.2,16.5
2026-04-15 07:48:52,86.49,89.2,102.8,7.23,68.8,43.1,16.5
2026-04-15 07:48:52,86.48,106.0,129.1,5.5,68.8,37.8,16.6
2026-04-15 07:48:52,86.54,87.8,110.8,6.73,69.4,33.9,16.6
2026-04-15 07:48:52,86.4,100.8,123.5,5.56,69.4,33.3,16.6
2026-04-15 07:48:52,86.47,105.7,129.1,5.82,68.8,35.8,16.6
2026-04-15 07:48:53,86.59,100.0,122.5,6.23,68.8,38.1,16.6
2026-04-15 07:48:53,86.46,87.5,110.7,6.5,68.8,36.1,16.6
2026-04-15 07:48:53,86.5,84.1,96.3,7.69,68.8,40.4,16.6
2026-04-15 07:48:53,86.32,93.2,108.5,7.02,68.3,40.4,16.5
2026-04-15 07:48:53,86.28,88.7,111.9,6.14,68.8,36.8,16.5
2026-04-15 07:48:53,86.23,103.7,127.1,5.53,68.8,34.8,16.5
2026-04-15 07:48:54,86.24,92.7,115.8,6.45,68.8,36.1,16.5
2026-04-15 07:48:54,86.21,98.0,121.5,5.8,68.3,33.3,16.5
2026-04-15 07:48:54,86.28,90.0,113.1,6.33,68.8,32.8,16.5
2026-04-15 07:48:54,86.26,93.9,116.1,5.86,67.8,34.8,16.5
2026-04-15 07:48:54,86.27,103.9,127.1,5.61,68.8,36.1,16.6
2026-04-15 07:48:54,86.33,99.9,122.5,6.2,68.8,37.9,16.6
2026-04-15 07:48:55,86.33,91.9,113.7,6.31,70.0,38.1,16.6
2026-04-15 07:48:55,86.3,87.0,110.0,6.19,68.8,37.9,16.6
2026-04-15 07:48:55,86.42,86.7,99.2,7.5,68.3,41.5,16.6
2026-04-15 07:48:55,86.35,116.0,128.2,6.16,67.8,39.7,16.6
2026-04-15 07:48:55,86.2,95.4,112.1,6.86,68.8,35.7,16.6
2026-04-15 07:48:55,86.31,89.3,111.2,6.23,68.8,33.9,16.6
2026-04-15 07:48:56,86.45,101.9,125.9,5.49,68.8,32.4,16.5
2026-04-15 07:48:56,86.42,96.1,119.6,6.31,68.3,36.1,16.6
2026-04-15 07:48:56,86.43,101.8,122.2,5.82,68.8,41.2,16.6
2026-04-15 07:48:56,86.44,91.8,112.4,6.38,68.8,40.6,16.6
2026-04-15 07:48:56,86.33,85.7,108.6,6.24,69.4,39.4,16.6
2026-04-15 07:48:56,86.27,90.7,104.1,7.24,69.4,41.1,16.6
2026-04-15 07:48:56,86.21,95.6,118.5,5.82,68.8,34.8,16.6
2026-04-15 07:48:57,86.25,100.1,123.2,5.84,68.8,35.4,16.6
2026-04-15 07:48:57,86.2,105.8,128.9,5.8,67.8,36.8,16.6
2026-04-15 07:48:57,86.42,101.9,122.0,6.12,69.4,38.5,16.6
2026-04-15 07:48:57,86.38,105.0,128.2,5.92,67.8,33.3,16.7
2026-04-15 07:48:57,86.43,85.5,108.5,6.8,69.4,36.8,16.7
2026-04-15 07:48:57,86.32,89.9,104.7,7.22,70.0,41.1,16.7
2026-04-15 07:48:58,86.38,88.0,111.1,6.11,68.8,34.4,16.7
2026-04-15 07:48:58,86.27,116.4,140.5,5.11,69.4,36.7,16.8
2026-04-15 07:48:58,86.44,88.4,100.1,7.27,68.8,33.3,16.7
2026-04-15 07:48:58,86.7,87.3,110.3,6.04,68.8,35.3,16.7
2026-04-15 07:48:58,86.62,85.9,98.1,7.58,69.4,41.2,16.7
2026-04-15 07:48:58,86.67,99.9,112.7,6.8,69.4,36.8,16.7
2026-04-15 07:48:59,86.63,106.3,129.4,5.77,68.8,36.8,16.7
2026-04-15 07:48:59,86.67,112.2,134.8,5.81,68.8,36.4,16.7
2026-04-15 07:48:59,86.57,95.7,114.9,6.66,68.8,36.8,16.7
2026-04-15 07:48:59,86.68,86.5,109.1,6.36,68.3,35.4,16.7
2026-04-15 07:48:59,86.56,84.2,95.8,7.63,68.8,39.2,16.7
2026-04-15 07:48:59,86.62,96.3,111.6,6.88,69.4,42.4,16.7
2026-04-15 07:48:59,86.61,93.8,115.6,6.09,69.4,33.8,16.7
2026-04-15 07:49:00,86.34,91.8,114.9,6.08,67.8,33.8,16.7
2026-04-15 07:49:00,86.55,107.2,130.5,5.43,67.8,36.1,16.7
2026-04-15 07:49:00,86.48,89.9,112.5,6.79,68.3,35.7,16.7
2026-04-15 07:49:00,86.56,102.5,125.5,5.58,68.8,32.4,16.7
2026-04-15 07:49:00,86.65,92.0,114.4,6.4,67.8,35.0,16.7
2026-04-15 07:49:00,86.63,100.7,124.1,5.7,67.8,30.8,16.7
2026-04-15 07:49:01,86.39,96.8,119.9,6.16,68.3,42.6,16.7
2026-04-15 07:49:01,86.29,93.6,116.9,6.11,69.4,39.4,16.7
2026-04-15 07:49:01,86.32,86.0,110.6,6.24,67.8,39.1,16.7
2026-04-15 07:49:01,86.41,92.5,104.2,7.24,70.0,37.7,16.7
2026-04-15 07:49:01,86.36,108.1,130.7,5.48,68.3,33.8,16.7
2026-04-15 07:49:01,86.43,86.5,109.6,6.91,68.8,37.3,16.7
2026-04-15 07:49:02,86.55,88.8,101.8,7.37,68.3,38.9,16.7
2026-04-15 07:49:02,86.57,91.0,112.9,5.92,68.8,38.6,16.7
2026-04-15 07:49:02,86.53,134.5,157.5,4.77,69.4,35.4,16.7
2026-04-15 07:49:02,86.53,91.2,114.3,6.38,68.3,36.5,16.7
2026-04-15 07:49:02,86.54,97.3,120.2,5.79,68.3,32.4,16.7
2026-04-15 07:49:02,86.51,103.1,126.5,5.79,69.4,35.7,16.7
2026-04-15 07:49:03,86.59,91.2,114.0,6.48,67.8,36.1,16.7
2026-04-15 07:49:03,86.43,85.5,105.3,6.21,68.3,38.8,16.7
2026-04-15 07:49:03,86.17,114.5,127.8,6.16,69.4,41.3,16.7
2026-04-15 07:49:03,86.37,103.6,122.0,6.42,69.4,37.7,16.7
2026-04-15 07:49:03,86.37,84.8,108.0,6.77,70.0,35.6,16.7
2026-04-15 07:49:03,86.33,94.9,109.5,6.98,68.8,41.4,16.7
2026-04-15 07:49:04,86.41,89.0,112.3,6.22,68.8,38.5,16.7
2026-04-15 07:49:04,86.34,102.7,125.7,5.55,68.8,33.3,16.7
2026-04-15 07:49:04,86.35,89.4,113.9,6.47,69.4,38.7,16.7
2026-04-15 07:49:04,86.41,85.0,107.8,6.22,69.4,33.3,16.7
2026-04-15 07:49:04,86.36,90.9,105.3,7.18,69.4,38.9,16.7
2026-04-15 07:49:04,86.34,96.6,119.9,5.8,69.4,34.8,16.6
2026-04-15 07:49:04,86.44,90.3,112.1,6.24,67.8,30.5,16.6
2026-04-15 07:49:05,86.31,86.4,109.3,6.14,68.8,36.8,16.5
2026-04-15 07:49:05,86.47,96.7,109.2,6.97,67.8,37.7,16.5
2026-04-15 07:49:05,86.31,103.0,126.3,5.78,69.4,39.4,16.5
2026-04-15 07:49:05,86.4,109.4,132.5,5.79,69.4,30.8,16.5
2026-04-15 07:49:05,86.45,111.8,134.2,5.91,68.8,43.1,16.5
2026-04-15 07:49:05,86.45,92.4,113.5,6.79,70.0,39.3,16.5
2026-04-15 07:49:06,86.37,94.9,117.8,5.92,68.3,38.6,16.5
2026-04-15 07:49:06,86.45,105.7,129.0,5.63,69.4,35.2,16.5
2026-04-15 07:49:06,86.33,100.5,129.5,5.98,68.8,44.6,16.5
2026-04-15 07:49:06,86.28,96.6,119.6,6.38,68.8,35.6,16.5
2026-04-15 07:49:06,86.59,97.4,120.4,5.97,68.8,32.3,16.5
2026-04-15 07:49:06,86.65,87.8,110.1,6.35,69.4,34.4,16.5
2026-04-15 07:49:07,86.55,95.4,118.8,5.75,67.2,34.3,16.4
2026-04-15 07:49:07,86.44,112.8,135.6,5.42,68.8,36.1,16.4
2026-04-15 07:49:07,86.64,86.7,106.1,7.16,68.8,38.2,16.4
2026-04-15 07:49:07,86.54,94.6,107.8,7.05,70.5,40.7,16.5
2026-04-15 07:49:07,86.53,84.5,107.4,6.41,69.4,34.9,16.5
2026-04-15 07:49:07,86.68,87.7,102.7,7.33,70.0,42.6,16.5
2026-04-15 07:49:08,86.61,83.9,107.0,6.15,69.4,31.3,16.5
2026-04-15 07:49:08,86.59,90.8,102.1,7.13,69.4,47.3,16.5
2026-04-15 07:49:08,86.31,88.6,111.5,6.08,70.0,37.3,16.5
2026-04-15 07:49:08,86.47,84.1,107.7,6.1,70.5,31.3,16.5
2026-04-15 07:49:08,86.44,97.7,110.5,6.9,68.8,43.9,16.5
2026-04-15 07:49:08,86.53,84.1,107.3,6.54,69.4,35.5,16.5
2026-04-15 07:49:08,86.58,92.0,107.3,7.08,69.4,42.9,16.4
2026-04-15 07:49:09,86.47,85.5,108.7,6.24,68.3,37.9,16.5
2026-04-15 07:49:09,86.53,120.5,134.3,5.95,68.3,37.1,16.5
2026-04-15 07:49:09,86.49,83.8,93.8,7.69,68.3,38.0,16.5
2026-04-15 07:49:09,86.49,91.7,105.7,7.08,69.4,39.3,16.5
2026-04-15 07:49:09,86.47,86.4,109.3,6.2,70.0,38.2,16.5
2026-04-15 07:49:09,86.45,120.9,133.9,5.96,68.3,37.5,16.5
2026-04-15 07:49:10,86.45,87.6,99.4,7.49,68.8,39.6,16.5
2026-04-15 07:49:10,86.45,84.6,107.5,6.12,68.8,34.3,16.5
2026-04-15 07:49:10,86.42,98.7,113.4,6.79,68.8,41.4,16.5
2026-04-15 07:49:10,86.45,95.2,118.4,6.13,69.4,31.7,16.5
2026-04-15 07:49:10,86.4,107.9,130.9,5.58,68.3,33.8,16.5
2026-04-15 07:49:10,86.4,86.9,109.4,6.85,68.8,38.6,16.5
2026-04-15 07:49:10,86.43,88.5,100.4,7.44,68.3,38.5,16.5
2026-04-15 07:49:11,86.34,85.9,109.1,6.09,68.3,34.3,16.5
2026-04-15 07:49:11,86.5,99.8,112.9,6.81,69.4,41.1,16.5
2026-04-15 07:49:11,86.42,103.1,125.8,5.87,69.4,39.1,16.5
2026-04-15 07:49:11,86.38,86.3,109.4,6.69,70.0,34.5,16.5
2026-04-15 07:49:11,86.45,92.8,105.4,7.16,69.4,39.6,16.5
2026-04-15 07:49:11,86.4,103.0,126.2,5.65,69.4,32.4,16.6
2026-04-15 07:49:12,86.35,91.0,114.1,6.47,69.4,35.5,16.6
2026-04-15 07:49:12,86.36,95.5,117.0,5.84,69.4,31.8,16.6
2026-04-15 07:49:12,86.38,86.2,108.7,6.36,69.4,37.1,16.6
2026-04-15 07:49:12,86.43,87.8,100.0,7.41,70.0,44.6,16.7
2026-04-15 07:49:12,86.44,83.9,107.2,6.15,68.3,32.3,16.7
2026-04-15 07:49:12,86.46,99.1,114.4,6.68,68.8,49.1,16.7
2026-04-15 07:49:13,86.42,98.0,121.0,6.08,68.8,31.3,16.6
2026-04-15 07:49:13,86.49,88.8,111.9,6.36,69.4,38.1,16.6
2026-04-15 07:49:13,86.5,107.2,130.3,5.41,71.6,31.0,16.6
2026-04-15 07:49:13,86.43,87.7,110.9,6.8,69.4,33.9,16.6
2026-04-15 07:49:13,86.56,103.2,126.3,5.49,68.8,35.1,16.7
2026-04-15 07:49:13,86.44,89.1,112.0,6.56,69.4,33.3,16.7
2026-04-15 07:49:13,86.52,90.6,113.6,5.94,68.8,33.3,16.6
2026-04-15 07:49:14,86.53,86.5,111.1,6.09,69.4,33.3,16.6
2026-04-15 07:49:14,86.32,117.6,140.6,5.1,68.3,32.4,16.6
2026-04-15 07:49:14,86.34,106.9,122.3,6.37,68.3,40.0,16.6
2026-04-15 07:49:14,86.37,84.0,106.8,7.01,69.4,39.0,16.6
2026-04-15 07:49:14,86.41,94.6,109.7,6.96,69.4,40.4,16.6
2026-04-15 07:49:14,86.45,91.7,115.3,6.08,67.8,30.6,16.6
2026-04-15 07:49:15,86.35,95.9,132.6,5.44,70.0,38.9,16.6
2026-04-15 07:49:15,86.38,98.3,122.5,6.39,68.8,39.7,16.6
2026-04-15 07:49:15,86.31,94.3,117.4,6.2,69.4,35.9,16.6
2026-04-15 07:49:15,86.43,84.5,106.1,6.37,70.0,32.8,16.6
2026-04-15 07:49:15,86.36,83.7,96.0,7.55,68.3,40.7,16.6
2026-04-15 07:49:15,86.32,97.3,113.0,6.8,68.3,43.3,16.6
2026-04-15 07:49:16,86.44,97.5,120.6,6.01,68.8,31.2,16.5
2026-04-15 07:49:16,86.37,100.0,123.0,5.91,69.4,35.4,16.5
2026-04-15 07:49:16,86.44,123.2,146.5,5.26,68.8,40.0,16.6
2026-04-15 07:49:16,86.44,85.3,108.2,6.18,68.3,33.3,16.6
2026-04-15 07:49:16,86.38,101.4,114.8,6.7,68.8,38.6,16.6
2026-04-15 07:49:16,86.44,84.0,106.8,6.7,68.3,38.7,16.6
2026-04-15 07:49:17,86.51,89.1,104.4,7.12,68.8,41.8,16.6
2026-04-15 07:49:17,86.51,84.4,107.5,6.26,69.4,36.4,16.7
2026-04-15 07:49:17,86.43,90.2,105.6,7.18,69.4,40.0,16.7
2026-04-15 07:49:17,86.44,85.5,109.2,6.16,68.3,37.9,16.7
2026-04-15 07:49:17,86.33,83.7,96.8,7.63,68.3,39.6,16.7
2026-04-15 07:49:17,86.28,91.8,107.1,7.08,69.4,40.0,16.7
2026-04-15 07:49:17,86.34,87.1,110.1,6.17,69.4,35.4,16.7
2026-04-15 07:49:18,86.47,87.6,99.8,7.48,68.8,42.6,16.7
2026-04-15 07:49:18,86.42,89.8,100.0,7.37,69.4,40.7,16.7
2026-04-15 07:49:18,86.29,90.0,113.0,5.99,68.8,33.3,16.7
2026-04-15 07:49:18,86.4,104.5,127.3,5.53,68.8,34.2,16.7
2026-04-15 07:49:18,86.37,83.4,106.4,6.87,68.3,37.3,16.7
2026-04-15 07:49:18,86.41,85.8,99.8,7.37,69.4,42.9,16.7
2026-04-15 07:49:18,86.49,92.2,106.1,7.14,69.4,35.8,16.7
2026-04-15 07:49:19,86.38,92.4,115.5,6.01,68.8,37.3,16.7
2026-04-15 07:49:19,86.38,88.9,112.0,6.14,68.3,34.8,16.7
2026-04-15 07:49:19,86.45,86.5,109.6,6.08,70.0,31.7,16.7
2026-04-15 07:49:19,86.45,122.4,134.1,5.91,68.8,42.6,16.7
2026-04-15 07:49:19,86.36,96.8,119.6,5.75,68.3,34.8,16.7
2026-04-15 07:49:19,86.36,90.6,113.7,6.23,69.4,34.9,16.7
2026-04-15 07:49:20,86.46,101.7,124.7,5.63,70.0,35.7,16.7
2026-04-15 07:49:20,86.37,100.7,127.6,5.91,70.5,32.8,16.7
2026-04-15 07:49:20,86.37,91.3,114.2,6.52,70.0,36.1,16.7
2026-04-15 07:49:20,86.45,113.2,136.2,5.3,68.8,33.3,16.7
2026-04-15 07:49:20,86.33,84.9,104.6,7.23,69.4,37.0,16.7
2026-04-15 07:49:20,86.43,84.7,99.4,7.5,70.0,41.8,16.6
2026-04-15 07:49:21,86.39,86.3,100.9,7.42,69.4,43.6,16.6
2026-04-15 07:49:21,86.43,87.2,100.0,7.45,68.3,39.2,16.6
2026-04-15 07:49:21,86.41,91.7,103.3,7.26,68.8,44.8,16.6
2026-04-15 07:49:21,86.37,85.4,107.9,6.21,70.0,36.1,16.6
2026-04-15 07:49:21,86.44,83.5,96.3,7.66,68.3,42.9,16.6
2026-04-15 07:49:21,86.53,86.1,98.8,7.35,69.4,41.5,16.6
2026-04-15 07:49:21,86.39,86.3,99.2,7.5,69.4,38.0,16.6
2026-04-15 07:49:22,86.33,98.2,111.2,6.89,70.0,43.1,16.5
2026-04-15 07:49:22,86.38,90.8,113.6,6.28,68.8,39.7,16.5
2026-04-15 07:49:22,86.35,87.4,109.1,6.14,68.8,37.7,16.5
2026-04-15 07:49:22,86.38,85.4,97.5,7.6,68.8,42.3,16.5
2026-04-15 07:49:22,86.37,92.0,105.8,7.16,68.3,40.7,16.5
2026-04-15 07:49:22,86.34,96.2,119.3,5.85,70.0,34.8,16.5
2026-04-15 07:49:22,86.34,105.7,128.7,5.68,69.4,37.0,16.5
2026-04-15 07:49:23,86.46,87.9,111.0,6.72,69.4,30.9,16.5
2026-04-15 07:49:23,86.43,93.1,116.1,5.82,70.0,31.7,16.5
2026-04-15 07:49:23,86.35,83.5,106.8,6.36,69.4,34.9,16.6
2026-04-15 07:49:23,86.42,85.2,100.8,7.42,69.4,40.7,16.5
2026-04-15 07:49:23,86.39,125.8,143.6,5.64,69.4,40.8,16.6
2026-04-15 07:49:23,86.44,95.2,118.4,6.02,69.4,35.8,16.5
2026-04-15 07:49:24,86.42,97.2,120.1,5.94,69.4,33.3,16.5
2026-04-15 07:49:24,86.45,90.5,114.4,6.17,68.8,38.2,16.5
2026-04-15 07:49:24,86.48,108.1,131.0,5.49,70.0,42.5,16.5
2026-04-15 07:49:24,86.55,85.6,107.1,6.92,68.8,39.7,16.5
2026-04-15 07:49:24,86.44,112.3,125.6,6.21,68.3,36.7,16.5
2026-04-15 07:49:24,86.5,110.4,129.7,6.11,68.8,37.5,16.5
2026-04-15 07:49:25,86.4,94.6,116.7,6.64,69.4,40.3,16.5
2026-04-15 07:49:25,86.38,86.5,109.7,6.31,68.3,34.9,16.5
2026-04-15 07:49:25,86.34,113.7,125.9,6.22,69.4,40.3,16.5
2026-04-15 07:49:25,86.4,86.9,104.0,7.15,69.4,32.0,16.5
2026-04-15 07:49:25,86.41,87.2,99.6,7.49,68.3,44.6,16.5
2026-04-15 07:49:25,86.45,101.4,112.7,6.79,68.8,41.7,16.6
2026-04-15 07:49:25,86.44,91.1,114.0,6.39,70.0,36.5,16.6
2026-04-15 07:49:26,86.45,92.8,115.9,5.95,70.0,31.3,16.6
2026-04-15 07:49:26,86.4,91.7,116.6,5.97,69.4,33.3,16.6
2026-04-15 07:49:26,86.46,102.9,129.3,5.57,70.0,36.6,16.7
2026-04-15 07:49:26,86.45,92.3,115.4,6.56,68.8,39.7,16.7
2026-04-15 07:49:26,86.47,85.1,108.1,6.28,71.0,35.4,16.7
2026-04-15 07:49:26,86.4,94.3,107.8,7.01,70.0,43.1,16.7
2026-04-15 07:49:27,86.52,88.7,111.9,6.21,71.0,33.3,16.7
2026-04-15 07:49:27,86.29,85.9,109.2,6.1,68.8,30.6,16.7
2026-04-15 07:49:27,86.38,96.5,107.7,6.95,68.8,43.9,16.7
2026-04-15 07:49:27,86.46,108.5,131.7,5.6,70.0,34.3,16.7
2026-04-15 07:49:27,86.38,98.8,121.8,6.38,69.4,32.1,16.7
2026-04-15 07:49:27,86.34,84.6,107.5,6.55,68.8,35.5,16.7
2026-04-15 07:49:28,86.32,88.2,102.3,7.32,70.0,37.7,16.7
2026-04-15 07:49:28,86.27,96.6,119.1,5.71,68.8,31.8,16.7
2026-04-15 07:49:28,86.36,84.5,107.5,6.48,70.0,32.8,16.7
2026-04-15 07:49:28,86.38,102.2,110.4,6.59,70.0,40.7,16.7
2026-04-15 07:49:28,86.34,92.4,115.7,6.39,68.3,36.5,16.7
2026-04-15 07:49:28,86.34,87.4,109.6,6.19,70.0,34.8,16.7
2026-04-15 07:49:28,86.44,89.1,101.1,7.4,69.4,40.4,16.7
2026-04-15 07:49:29,86.54,85.2,109.7,6.11,68.8,35.3,16.6
2026-04-15 07:49:29,86.4,109.3,121.1,6.36,68.8,45.2,16.6
2026-04-15 07:49:29,86.36,104.1,126.5,6.23,70.0,40.3,16.6
2026-04-15 07:49:29,86.48,84.3,107.1,6.81,70.0,34.5,16.6
2026-04-15 07:49:29,86.34,89.3,101.8,7.21,69.4,44.8,16.6
2026-04-15 07:49:29,86.43,113.1,136.2,5.27,68.3,36.5,16.6
2026-04-15 07:49:30,86.32,90.5,107.6,6.95,70.0,41.7,16.6
2026-04-15 07:49:30,86.46,102.4,125.4,5.6,68.3,33.8,16.7
2026-04-15 07:49:30,86.41,96.6,119.9,6.22,70.0,32.8,16.6
2026-04-15 07:49:30,86.29,94.2,117.4,6.09,69.4,39.7,16.7
2026-04-15 07:49:30,86.33,89.5,112.1,6.18,68.3,34.4,16.7
2026-04-15 07:49:30,86.46,117.7,140.8,5.13,69.4,32.0,16.7
2026-04-15 07:49:31,86.43,97.9,113.0,6.82,69.4,39.0,16.7
2026-04-15 07:49:31,86.44,106.2,129.3,5.71,69.4,34.8,16.7
2026-04-15 07:49:31,86.38,111.8,135.0,5.81,69.4,41.2,16.7
2026-04-15 07:49:31,86.34,107.5,128.4,6.17,69.4,41.5,16.6
2026-04-15 07:49:31,86.39,108.3,131.1,5.98,68.8,37.3,16.6
2026-04-15 07:49:31,86.4,107.7,129.4,5.98,68.8,37.9,16.6
2026-04-15 07:49:32,86.36,88.2,110.3,6.85,70.0,36.8,16.5
2026-04-15 07:49:32,86.46,86.6,109.5,6.06,70.0,32.8,16.5
2026-04-15 07:49:32,86.37,93.0,106.0,7.14,70.0,42.1,16.5
2026-04-15 07:49:32,86.34,101.4,124.4,5.68,70.0,37.5,16.4
2026-04-15 07:49:32,86.25,96.0,119.1,6.26,68.8,35.5,16.4
2026-04-15 07:49:32,86.25,92.5,115.1,6.14,69.4,34.4,16.5
2026-04-15 07:49:33,86.34,100.3,123.3,5.74,70.5,33.3,16.4
2026-04-15 07:49:33,86.31,96.6,120.3,6.12,68.3,39.1,16.4
2026-04-15 07:49:33,86.35,88.6,111.9,6.32,69.4,37.5,16.4
2026-04-15 07:49:33,86.38,104.3,127.3,5.49,69.4,28.8,16.4
2026-04-15 07:49:33,86.3,93.6,116.6,6.41,70.0,35.0,16.4
2026-04-15 07:49:33,86.38,96.4,119.0,5.9,70.0,43.3,16.4
2026-04-15 07:49:34,86.4,84.5,107.5,6.47,69.4,34.9,16.5
2026-04-15 07:49:34,86.42,84.9,100.3,7.45,70.0,36.0,16.5
2026-04-15 07:49:34,86.32,85.0,98.8,7.52,69.4,43.9,16.5
2026-04-15 07:49:34,86.39,86.6,99.4,7.41,71.0,44.4,16.6
2026-04-15 07:49:34,86.44,93.3,105.7,7.15,68.8,37.0,16.6
2026-04-15 07:49:34,86.44,94.6,117.6,5.94,70.5,35.4,16.6
2026-04-15 07:49:34,86.35,93.1,116.1,6.07,70.0,34.3,16.7
2026-04-15 07:49:35,86.37,113.2,138.7,5.28,68.8,37.0,16.6
2026-04-15 07:49:35,86.37,96.6,113.1,6.79,70.0,37.3,16.7
2026-04-15 07:49:35,86.26,89.2,111.9,6.27,70.0,33.9,16.7
2026-04-15 07:49:35,86.43,90.3,113.3,5.97,68.3,32.3,16.7
2026-04-15 07:49:35,86.41,97.6,120.5,5.75,69.4,38.0,16.7
2026-04-15 07:49:35,86.25,84.5,107.7,6.51,69.4,35.5,16.7
2026-04-15 07:49:36,86.22,85.6,100.6,7.45,69.4,41.5,16.7
2026-04-15 07:49:36,86.4,96.6,111.5,6.88,69.4,44.6,16.7
2026-04-15 07:49:36,86.37,106.6,127.8,5.7,70.0,37.1,16.7
2026-04-15 07:49:36,86.36,93.8,117.1,6.49,70.0,36.7,16.7
2026-04-15 07:49:36,86.39,95.3,118.3,5.96,70.5,33.8,16.6
2026-04-15 07:49:36,86.29,88.4,110.3,6.24,68.3,37.9,16.6
2026-04-15 07:49:36,86.29,87.2,110.0,6.07,68.3,33.3,16.6
2026-04-15 07:49:37,86.26,88.4,100.6,7.43,68.8,42.9,16.6
2026-04-15 07:49:37,86.24,93.1,116.1,5.85,70.0,32.8,16.6
2026-04-15 07:49:37,86.31,87.2,110.6,6.21,68.8,33.3,16.6
2026-04-15 07:49:37,86.32,97.3,107.4,6.99,70.0,38.2,16.6
2026-04-15 07:49:37,86.24,96.4,119.6,6.03,70.0,40.0,16.6
2026-04-15 07:49:37,86.32,91.0,114.1,6.21,70.5,33.3,16.6
2026-04-15 07:49:38,86.28,88.4,109.6,6.09,69.4,33.8,16.6
2026-04-15 07:49:38,86.34,86.4,109.5,6.08,69.4,31.3,16.6
2026-04-15 07:49:38,86.32,91.8,104.6,7.21,68.8,35.8,16.6
2026-04-15 07:49:38,86.38,113.3,139.2,5.24,70.0,39.5,16.7
2026-04-15 07:49:38,86.34,106.6,123.3,6.37,70.0,42.4,16.7
2026-04-15 07:49:38,86.27,95.7,118.8,6.42,70.0,35.6,16.6
2026-04-15 07:49:39,86.26,84.4,106.3,6.44,69.4,34.4,16.7
2026-04-15 07:49:39,86.34,85.9,101.0,7.42,70.0,39.2,16.6
2026-04-15 07:49:39,86.25,86.9,100.7,7.38,68.8,43.9,16.6
2026-04-15 07:49:39,86.48,86.8,109.9,6.04,70.5,29.5,16.6
2026-04-15 07:49:39,86.33,86.9,99.0,7.53,70.5,40.7,16.6
2026-04-15 07:49:39,86.43,88.6,100.1,7.39,71.0,39.2,16.6
2026-04-15 07:49:39,86.39,84.4,107.7,6.17,69.4,33.8,16.6
2026-04-15 07:49:40,86.36,87.1,101.8,7.37,69.4,41.5,16.6
2026-04-15 07:49:40,86.29,85.3,97.2,7.6,70.0,41.2,16.6
2026-04-15 07:49:40,86.33,85.7,102.4,7.35,71.6,40.7,16.6
2026-04-15 07:49:40,86.35,86.8,110.6,6.03,71.0,30.2,16.6
2026-04-15 07:49:40,86.36,98.2,110.1,6.95,70.5,36.4,16.6
2026-04-15 07:49:40,86.46,86.4,110.1,6.43,70.0,35.0,16.6
2026-04-15 07:49:40,86.46,97.5,109.3,6.94,70.5,42.1,16.6
2026-04-15 07:49:41,86.39,102.7,125.7,5.83,68.3,36.2,16.6
2026-04-15 07:49:41,86.41,98.9,122.1,6.15,68.8,39.7,16.6
2026-04-15 07:49:41,86.43,118.4,141.4,5.38,68.8,33.3,16.6
2026-04-15 07:49:41,86.34,96.9,111.4,6.89,70.5,41.7,16.6
2026-04-15 07:49:41,86.37,109.4,132.5,5.57,69.4,35.7,16.5
2026-04-15 07:49:41,86.41,87.7,110.8,6.91,68.8,37.5,16.5
2026-04-15 07:49:42,86.33,88.0,110.9,5.99,70.5,33.8,16.5
2026-04-15 07:49:42,86.34,88.4,110.8,5.98,69.4,33.8,16.5
2026-04-15 07:49:42,86.4,95.0,117.9,5.79,68.8,32.8,16.5
2026-04-15 07:49:42,86.38,87.8,110.5,6.27,68.8,35.4,16.5
2026-04-15 07:49:42,86.37,91.9,115.0,5.85,70.5,34.8,16.5
2026-04-15 07:49:42,86.4,95.7,118.8,5.87,70.0,35.3,16.5
2026-04-15 07:49:43,86.39,93.9,116.9,6.07,70.0,35.8,16.5
2026-04-15 07:49:43,86.48,108.5,133.7,5.45,70.5,40.3,16.5
2026-04-15 07:49:43,86.37,85.4,105.2,7.08,68.3,35.2,16.5
2026-04-15 07:49:43,86.17,87.2,101.4,7.4,69.4,38.5,16.6
2026-04-15 07:49:43,86.39,86.7,98.7,7.53,68.8,43.6,16.6
2026-04-15 07:49:43,86.34,107.7,120.5,6.47,70.0,39.0,16.6
2026-04-15 07:49:43,86.37,96.6,119.8,6.46,68.3,36.7,16.5
2026-04-15 07:49:44,86.21,87.8,111.3,6.25,69.4,36.4,16.5
2026-04-15 07:49:44,86.43,86.8,109.8,6.11,69.4,35.4,16.5
2026-04-15 07:49:44,86.3,84.1,96.3,7.68,70.0,36.0,16.5
2026-04-15 07:49:44,86.42,87.0,102.4,7.34,69.4,39.6,16.5
2026-04-15 07:49:44,86.46,98.8,110.9,6.89,70.5,40.0,16.5
2026-04-15 07:49:44,86.3,94.8,118.1,6.14,70.5,37.9,16.5
2026-04-15 07:49:45,86.23,96.9,120.2,5.93,68.3,35.8,16.5
2026-04-15 07:49:45,86.17,97.4,120.7,5.98,68.8,36.4,16.5
2026-04-15 07:49:45,86.27,130.1,153.5,5.02,70.5,39.0,16.5
2026-04-15 07:49:45,86.27,87.2,109.5,6.37,70.5,32.8,16.5
2026-04-15 07:49:45,86.47,90.5,102.2,7.33,69.4,42.6,16.5
2026-04-15 07:49:45,86.45,86.0,109.3,6.17,70.0,36.4,16.5
2026-04-15 07:49:46,86.4,104.4,127.1,5.41,70.0,33.8,16.5
2026-04-15 07:49:46,86.46,84.3,107.3,6.83,70.0,33.3,16.5
2026-04-15 07:49:46,86.3,95.5,110.7,6.92,70.0,42.4,16.5
2026-04-15 07:49:46,86.25,88.0,110.9,6.29,70.5,38.5,16.5
2026-04-15 07:49:46,86.28,104.2,127.3,5.47,68.8,32.9,16.5
2026-04-15 07:49:46,86.34,88.7,113.3,6.55,70.0,35.0,16.5
2026-04-15 07:49:47,86.38,94.9,118.0,5.85,70.0,37.5,16.5
2026-04-15 07:49:47,86.41,92.9,116.0,6.07,69.4,37.3,16.5
2026-04-15 07:49:47,86.33,86.1,109.2,6.26,70.0,34.9,16.5
2026-04-15 07:49:47,86.32,85.7,98.9,7.52,70.0,38.0,16.5
2026-04-15 07:49:47,86.41,87.2,100.3,7.43,71.6,42.3,16.5
2026-04-15 07:49:47,86.44,84.2,96.3,7.68,71.0,42.6,16.5
2026-04-15 07:49:47,86.48,85.9,102.6,7.33,70.0,41.8,16.5
2026-04-15 07:49:48,86.4,86.8,100.9,7.41,69.4,41.8,16.5
2026-04-15 07:49:48,86.36,120.1,142.7,5.05,70.0,33.8,16.5
2026-04-15 07:49:48,86.5,83.7,95.6,7.71,69.4,35.4,16.5
2026-04-15 07:49:48,86.43,106.9,122.6,6.39,70.0,39.3,16.5
2026-04-15 07:49:48,86.39,98.7,121.7,6.32,70.5,35.5,16.5
2026-04-15 07:49:48,86.43,85.8,108.3,6.5,70.0,33.3,16.5
2026-04-15 07:49:48,86.41,88.2,101.3,7.36,70.5,39.6,16.5
2026-04-15 07:49:49,86.34,86.2,109.2,6.08,70.5,31.7,16.6
2026-04-15 07:49:49,86.32,85.1,99.2,7.51,70.5,41.5,16.6
2026-04-15 07:49:49,86.46,95.3,107.8,7.02,70.5,41.8,16.6
2026-04-15 07:49:49,86.33,101.2,124.2,5.8,69.4,34.8,16.6
2026-04-15 07:49:49,86.36,92.3,115.6,6.33,70.0,36.5,16.7
2026-04-15 07:49:49,86.34,85.7,108.8,6.26,69.4,34.4,16.7
2026-04-15 07:49:50,86.45,86.5,100.1,7.47,71.0,38.0,16.7
2026-04-15 07:49:50,86.37,87.2,100.0,7.46,71.0,39.2,16.7
2026-04-15 07:49:50,86.33,97.4,109.1,6.95,70.5,49.2,16.7
2026-04-15 07:49:50,86.44,85.1,108.2,6.5,70.5,35.5,16.7
2026-04-15 07:49:50,86.35,84.7,99.2,7.52,71.0,40.4,16.7
2026-04-15 07:49:50,86.41,99.6,113.8,6.66,70.0,41.9,16.7
2026-04-15 07:49:50,86.37,97.8,120.8,6.15,70.0,35.9,16.7
2026-04-15 07:49:51,86.45,101.9,125.1,5.86,70.0,32.8,16.6
2026-04-15 07:49:51,86.29,83.6,106.6,6.74,70.5,30.9,16.6
2026-04-15 07:49:51,86.43,90.4,106.4,7.12,69.4,45.8,16.6
2026-04-15 07:49:51,86.41,86.3,109.3,6.16,70.0,33.9,16.6
2026-04-15 07:49:51,86.35,87.3,100.2,7.45,70.5,41.8,16.7
2026-04-15 07:49:51,86.35,90.6,102.5,7.32,70.5,43.6,16.7
2026-04-15 07:49:51,86.38,108.8,132.2,5.39,69.4,35.5,16.6
2026-04-15 07:49:52,86.41,86.4,109.5,6.96,70.0,37.9,16.6
2026-04-15 07:49:52,86.43,85.1,97.9,7.58,69.4,42.6,16.6
2026-04-15 07:49:52,86.36,98.7,112.8,6.81,69.4,46.7,16.6
2026-04-15 07:49:52,86.43,84.7,107.7,6.56,69.4,35.5,16.6
2026-04-15 07:49:52,86.33,89.3,104.5,7.24,70.5,41.8,16.6
2026-04-15 07:49:52,86.37,92.5,115.7,5.89,70.0,34.3,16.6
2026-04-15 07:49:53,86.46,83.6,106.8,6.35,70.0,32.3,16.6
2026-04-15 07:49:53,86.48,88.9,105.1,7.2,70.5,36.5,16.6
2026-04-15 07:49:53,86.34,84.7,107.8,6.17,69.4,35.8,16.6
2026-04-15 07:49:53,86.35,84.9,99.6,7.49,70.0,43.6,16.7
2026-04-15 07:49:53,86.37,91.1,105.0,7.18,70.5,42.9,16.7
2026-04-15 07:49:53,86.47,86.9,111.0,6.11,71.0,32.3,16.7
2026-04-15 07:49:53,86.51,92.6,114.4,5.85,70.5,31.3,16.7
2026-04-15 07:49:54,86.27,96.6,119.9,5.85,70.0,32.3,16.8
2026-04-15 07:49:54,86.3,89.4,112.5,6.29,70.0,31.1,16.8
2026-04-15 07:49:54,86.39,104.1,124.0,5.51,69.4,36.1,16.8
2026-04-15 07:49:54,86.39,95.0,118.8,6.3,68.8,36.5,16.8
2026-04-15 07:49:54,86.38,94.1,116.7,6.07,71.0,36.4,16.8
2026-04-15 07:49:54,86.42,106.0,129.2,5.61,71.0,41.1,16.8
2026-04-15 07:49:55,86.46,89.0,111.9,6.69,70.5,34.5,16.8
2026-04-15 07:49:55,86.39,120.0,143.0,5.06,68.8,35.1,16.8
2026-04-15 07:49:55,86.43,120.9,144.1,4.97,70.5,35.8,16.8
2026-04-15 07:49:55,86.41,102.0,125.0,5.54,70.0,35.1,16.8
2026-04-15 07:49:55,86.45,92.9,116.1,6.34,68.8,35.0,16.8
2026-04-15 07:49:55,86.41,89.6,112.6,6.13,70.0,30.6,16.7
2026-04-15 07:49:56,86.28,88.2,111.2,6.05,70.0,40.0,16.7
2026-04-15 07:49:56,86.27,91.0,114.2,5.9,70.0,33.3,16.7
2026-04-15 07:49:56,86.46,110.1,133.3,5.37,70.0,39.2,16.7
2026-04-15 07:49:56,86.27,97.1,119.0,6.54,70.0,39.7,16.7
2026-04-15 07:49:56,86.33,89.6,112.5,6.29,70.5,34.9,16.7
2026-04-15 07:49:56,86.27,85.0,107.7,6.17,70.5,33.3,16.7
2026-04-15 07:49:57,86.35,89.5,101.9,7.26,70.5,47.2,16.7
2026-04-15 07:49:57,86.34,86.7,110.1,6.1,71.0,32.8,16.7
2026-04-15 07:49:57,86.39,94.9,106.9,7.08,70.5,41.8,16.7
2026-04-15 07:49:57,86.31,85.0,109.3,6.33,70.0,33.9,16.7
2026-04-15 07:49:57,86.26,92.1,104.6,7.18,70.5,44.8,16.7
2026-04-15 07:49:57,86.33,98.9,120.4,5.76,70.5,32.8,16.8
2026-04-15 07:49:58,86.4,86.0,108.5,6.51,71.0,39.7,16.8
2026-04-15 07:49:58,86.38,89.8,102.5,7.31,71.0,39.6,16.8
2026-04-15 07:49:58,86.45,105.3,128.3,5.49,70.5,32.4,16.8
2026-04-15 07:49:58,86.31,103.7,126.8,6.06,71.0,34.9,16.8
2026-04-15 07:49:58,86.3,88.8,112.0,6.59,70.0,33.9,16.8
2026-04-15 07:49:58,86.43,92.6,114.9,5.87,71.0,36.2,16.8
2026-04-15 07:49:59,86.2,93.2,116.2,5.98,69.4,29.7,16.8
2026-04-15 07:49:59,86.31,92.9,115.9,6.01,69.4,36.8,16.8
2026-04-15 07:49:59,86.36,114.6,137.7,5.31,70.0,39.5,16.8
2026-04-15 07:49:59,86.26,85.2,103.6,7.27,70.0,38.9,16.8
2026-04-15 07:49:59,86.2,93.0,106.6,7.11,70.5,35.3,16.8
2026-04-15 07:49:59,86.37,88.0,111.2,6.17,70.0,35.8,16.8
2026-04-15 07:49:59,86.37,85.6,108.6,6.11,70.5,33.3,16.8
2026-04-15 07:50:00,86.26,83.8,97.4,7.6,69.4,34.7,16.8
2026-04-15 07:50:00,86.2,86.5,102.6,7.33,71.0,42.9,16.8
2026-04-15 07:50:00,86.4,100.6,110.8,6.81,70.0,43.3,16.8
2026-04-15 07:50:00,86.43,105.6,130.1,5.78,69.4,33.8,16.8
2026-04-15 07:50:00,86.34,86.1,109.3,6.86,70.0,38.2,16.8
2026-04-15 07:50:00,86.27,84.0,96.9,7.63,70.5,41.8,16.8
2026-04-15 07:50:00,86.23,95.3,110.7,6.92,70.0,40.4,16.7
2026-04-15 07:50:01,86.36,95.0,118.1,6.01,70.0,35.3,16.7
2026-04-15 07:50:01,86.45,83.3,109.0,6.34,68.8,33.9,16.7
2026-04-15 07:50:01,86.36,107.1,119.1,6.48,70.0,42.4,16.7
2026-04-15 07:50:01,86.32,85.9,109.1,6.88,70.0,40.0,16.7
2026-04-15 07:50:01,86.38,89.0,102.5,7.31,71.0,44.4,16.8
2026-04-15 07:50:01,86.42,86.3,105.9,6.12,69.4,44.1,16.7
2026-04-15 07:50:02,86.22,84.0,96.9,7.65,71.0,38.0,16.7
2026-04-15 07:50:02,86.27,86.6,101.9,7.36,70.0,41.8,16.7
2026-04-15 07:50:02,86.35,85.4,98.2,7.57,69.4,40.7,16.7
2026-04-15 07:50:02,86.24,91.6,105.4,7.13,71.6,41.8,16.6
2026-04-15 07:50:02,86.4,86.6,109.6,6.22,71.0,33.8,16.6
2026-04-15 07:50:02,86.29,110.1,122.6,6.37,70.0,37.9,16.6
2026-04-15 07:50:02,86.22,110.9,133.5,5.97,70.0,35.9,16.6
2026-04-15 07:50:03,86.29,88.4,108.4,6.93,70.0,40.7,16.6
2026-04-15 07:50:03,86.37,96.0,119.1,5.75,71.6,33.8,16.6
2026-04-15 07:50:03,86.39,88.4,111.5,6.29,69.4,34.4,16.6
2026-04-15 07:50:03,86.47,92.5,115.6,5.8,70.0,33.3,16.6
2026-04-15 07:50:03,86.44,92.3,114.4,6.06,69.4,33.3,16.5
2026-04-15 07:50:03,86.26,89.9,113.1,6.1,70.5,35.4,16.5
2026-04-15 07:50:04,86.39,99.7,123.9,5.64,70.5,36.5,16.5
2026-04-15 07:50:04,86.25,84.8,107.7,6.64,69.4,36.7,16.5
2026-04-15 07:50:04,86.38,86.2,100.7,7.42,70.0,40.7,16.5
2026-04-15 07:50:04,86.42,83.7,96.4,7.65,70.0,39.2,16.5
2026-04-15 07:50:04,86.39,85.8,101.6,7.38,70.5,40.7,16.6
2026-04-15 07:50:04,86.51,113.8,127.4,6.2,69.4,39.3,16.6
2026-04-15 07:50:04,86.39,92.4,111.2,6.88,69.4,35.7,16.6
2026-04-15 07:50:05,86.38,86.7,109.8,6.22,70.5,36.4,16.6
2026-04-15 07:50:05,86.42,89.0,100.6,7.38,68.3,42.3,16.6
2026-04-15 07:50:05,86.51,86.4,109.4,6.1,71.6,33.3,16.6
2026-04-15 07:50:05,86.56,89.0,101.6,7.35,70.0,41.8,16.6
2026-04-15 07:50:05,86.35,124.0,147.0,4.95,70.0,41.5,16.6
2026-04-15 07:50:05,86.39,112.7,135.9,5.31,70.0,33.3,16.5
2026-04-15 07:50:06,86.36,93.6,113.5,6.78,70.5,35.7,16.5
2026-04-15 07:50:06,86.26,113.6,136.5,5.36,69.4,37.2,16.5
2026-04-15 07:50:06,86.46,109.4,128.7,6.15,70.0,39.7,16.6
2026-04-15 07:50:06,86.39,104.6,125.8,6.18,70.0,39.3,16.6
2026-04-15 07:50:06,86.42,86.8,108.4,6.72,69.4,39.3,16.6
2026-04-15 07:50:06,86.51,87.3,100.0,7.45,69.4,38.0,16.6
2026-04-15 07:50:07,86.34,86.8,109.7,6.04,69.4,36.4,16.6
2026-04-15 07:50:07,86.47,84.4,95.5,7.64,70.5,39.2,16.6
2026-04-15 07:50:07,86.43,91.6,106.2,7.11,70.5,35.8,16.6
2026-04-15 07:50:07,86.33,97.6,120.7,5.8,69.4,31.3,16.6
2026-04-15 07:50:07,86.39,86.9,109.4,6.4,71.0,39.4,16.6
2026-04-15 07:50:07,86.34,87.2,99.1,7.48,70.0,42.3,16.6
2026-04-15 07:50:07,86.33,84.4,96.0,7.68,70.5,42.6,16.6
2026-04-15 07:50:08,86.3,108.1,122.5,6.38,71.0,41.9,16.6
2026-04-15 07:50:08,86.43,83.1,106.1,7.06,70.5,32.1,16.6
2026-04-15 07:50:08,86.42,89.0,105.6,7.17,71.0,41.1,16.6
2026-04-15 07:50:08,86.38,95.6,118.8,5.77,70.0,32.4,16.6
2026-04-15 07:50:08,86.39,84.3,107.4,6.45,70.0,33.3,16.7
2026-04-15 07:50:08,86.4,90.4,105.8,7.14,70.5,37.7,16.7
2026-04-15 07:50:08,86.53,85.6,108.3,6.2,71.0,41.5,16.7
2026-04-15 07:50:09,86.46,122.3,135.9,5.89,70.5,38.1,16.7
2026-04-15 07:50:09,86.45,87.7,110.7,6.04,71.0,34.3,16.8
2026-04-15 07:50:09,86.34,87.3,110.3,6.02,70.5,32.8,16.8
2026-04-15 07:50:09,86.38,101.4,113.6,6.79,71.0,39.7,16.8
2026-04-15 07:50:09,86.48,91.4,114.5,6.38,71.0,38.1,16.8
2026-04-15 07:50:09,86.47,94.8,117.7,5.89,70.0,30.8,16.7
2026-04-15 07:50:10,86.38,105.0,127.9,5.65,70.5,38.0,16.7
2026-04-15 07:50:10,86.41,93.7,115.6,6.45,70.0,38.1,16.8
2026-04-15 07:50:10,86.45,92.1,115.1,6.06,71.0,35.4,16.7
2026-04-15 07:50:10,86.44,87.6,110.4,6.17,70.5,32.8,16.7
2026-04-15 07:50:10,86.45,84.1,96.1,7.7,71.6,35.4,16.7
2026-04-15 07:50:10,86.38,88.3,104.0,7.26,70.0,41.8,16.7
2026-04-15 07:50:11,86.42,85.0,110.2,6.06,71.0,41.8,16.7
2026-04-15 07:50:11,86.47,121.4,133.9,5.96,70.5,42.6,16.7
2026-04-15 07:50:11,86.46,86.1,108.9,6.09,70.0,36.2,16.7
2026-04-15 07:50:11,86.46,104.8,115.2,6.58,70.5,42.4,16.8
2026-04-15 07:50:11,86.38,87.4,110.6,6.7,70.5,34.5,16.8
2026-04-15 07:50:11,86.44,101.3,113.2,6.78,69.4,44.1,16.8
2026-04-15 07:50:11,86.36,85.1,108.5,6.62,71.0,37.7,16.8
2026-04-15 07:50:12,86.42,84.3,97.1,7.61,71.0,36.0,16.8
2026-04-15 07:50:12,86.37,105.7,120.7,6.46,70.0,45.3,16.8
2026-04-15 07:50:12,86.39,90.1,113.1,6.62,69.4,35.1,16.7
2026-04-15 07:50:12,86.33,85.8,108.8,6.16,71.6,29.5,16.7
2026-04-15 07:50:12,86.38,87.9,101.1,7.39,70.5,43.6,16.7
2026-04-15 07:50:12,86.37,89.0,112.2,5.96,69.4,36.2,16.7
2026-04-15 07:50:13,86.3,91.4,114.5,5.92,71.6,33.3,16.7
2026-04-15 07:50:13,86.36,94.3,115.9,5.89,69.4,39.4,16.6
2026-04-15 07:50:13,86.3,109.2,132.2,5.52,69.4,37.5,16.7
2026-04-15 07:50:13,86.38,98.8,120.2,6.41,70.5,38.1,16.7
2026-04-15 07:50:13,86.29,96.9,120.0,6.07,70.0,36.8,16.7
2026-04-15 07:50:13,86.36,106.5,129.6,5.67,71.6,34.8,16.7
2026-04-15 07:50:14,86.29,92.0,115.1,6.57,71.0,38.7,16.7
2026-04-15 07:50:14,86.46,89.3,112.5,6.1,69.4,35.8,16.7
2026-04-15 07:50:14,86.34,94.1,115.7,5.78,69.4,37.5,16.7
2026-04-15 07:50:14,86.24,91.0,114.4,6.17,70.0,31.1,16.7
2026-04-15 07:50:14,86.23,83.3,106.3,6.3,70.5,34.4,16.7
2026-04-15 07:50:14,86.2,91.2,107.1,7.09,71.6,43.9,16.7
2026-04-15 07:50:14,86.27,84.5,107.4,6.26,71.6,32.8,16.7
2026-04-15 07:50:15,86.26,88.8,101.7,7.24,70.5,42.9,16.7
2026-04-15 07:50:15,86.23,91.7,114.5,5.91,70.0,36.4,16.7
2026-04-15 07:50:15,86.24,86.3,109.7,6.19,69.4,31.1,16.7
2026-04-15 07:50:15,86.25,84.4,97.1,7.62,69.4,38.5,16.7
2026-04-15 07:50:15,86.32,91.5,104.8,7.12,70.5,45.9,16.7
2026-04-15 07:50:15,86.2,132.3,157.4,4.78,69.4,39.5,16.7
2026-04-15 07:50:16,86.33,97.5,120.8,6.13,68.8,33.3,16.7
2026-04-15 07:50:16,86.34,97.8,119.5,6.0,70.0,34.4,16.7
2026-04-15 07:50:16,86.21,104.0,126.8,5.79,71.0,44.4,16.7
2026-04-15 07:50:16,86.32,86.5,109.1,6.71,70.5,36.2,16.7
2026-04-15 07:50:16,86.24,86.7,98.5,7.44,69.4,42.9,16.7
2026-04-15 07:50:16,86.38,102.6,125.8,5.5,70.0,34.7,16.7
2026-04-15 07:50:17,86.23,89.0,111.2,6.54,70.5,37.1,16.7
2026-04-15 07:50:17,86.24,87.9,111.0,6.04,70.5,37.7,16.7
2026-04-15 07:50:17,86.23,87.6,110.5,6.02,71.0,32.3,16.7
2026-04-15 07:50:17,86.18,90.4,113.3,5.9,71.0,36.8,16.6
2026-04-15 07:50:17,86.27,90.6,113.8,6.0,70.5,34.3,16.6
2026-04-15 07:50:17,86.26,102.7,125.7,5.6,70.5,34.8,16.6
2026-04-15 07:50:18,86.27,86.5,109.7,6.65,70.0,35.0,16.5
2026-04-15 07:50:18,86.29,85.9,98.6,7.54,71.0,36.7,16.5
2026-04-15 07:50:18,86.31,103.5,125.6,6.27,70.0,46.2,16.5
2026-04-15 07:50:18,86.38,113.7,133.4,5.94,68.8,39.1,16.6
2026-04-15 07:50:18,86.27,85.1,104.2,7.25,70.5,38.2,16.6
2026-04-15 07:50:18,86.13,113.0,126.1,6.21,70.5,40.6,16.6
2026-04-15 07:50:18,86.2,89.8,106.2,6.98,71.0,42.4,16.6
2026-04-15 07:50:19,86.26,85.1,108.4,6.17,71.0,34.8,16.6
2026-04-15 07:50:19,86.3,108.0,122.0,6.41,69.4,40.3,16.7
2026-04-15 07:50:19,86.26,109.2,132.3,5.96,71.0,36.2,16.7
2026-04-15 07:50:19,86.28,111.2,133.2,5.93,70.5,38.1,16.7
2026-04-15 07:50:19,86.33,85.5,107.1,7.1,70.5,36.4,16.7
2026-04-15 07:50:19,86.21,98.0,111.6,6.86,70.5,43.3,16.7
2026-04-15 07:50:20,86.41,110.6,133.1,5.57,70.0,34.3,16.7
2026-04-15 07:50:20,86.33,83.6,105.3,7.19,70.5,34.0,16.7
2026-04-15 07:50:20,86.39,94.5,109.9,6.94,71.0,42.4,16.8
2026-04-15 07:50:20,86.41,105.2,128.6,5.63,70.0,30.9,16.8
2026-04-15 07:50:20,86.38,108.1,131.0,5.91,70.0,43.3,16.8
2026-04-15 07:50:20,86.31,106.4,129.5,6.06,70.5,41.8,16.8
2026-04-15 07:50:21,86.25,117.2,140.6,5.63,70.0,37.7,16.8
2026-04-15 07:50:21,86.23,88.1,103.4,7.28,69.4,37.0,16.8
2026-04-15 07:50:21,86.35,96.7,117.6,5.71,68.8,33.8,16.8
2026-04-15 07:50:21,86.32,85.2,106.2,6.44,70.0,38.5,16.8
2026-04-15 07:50:21,86.39,89.9,103.6,7.25,70.5,37.7,16.8
2026-04-15 07:50:21,86.41,97.6,120.6,5.74,71.0,39.7,16.8
2026-04-15 07:50:21,86.31,87.0,109.8,6.41,70.0,36.5,16.8
2026-04-15 07:50:22,86.4,90.5,103.2,7.29,71.0,35.3,16.8
2026-04-15 07:50:22,86.27,125.4,148.6,4.97,70.5,31.2,16.8
2026-04-15 07:50:22,86.35,88.7,112.0,6.13,70.0,31.7,16.7
2026-04-15 07:50:22,86.38,103.3,126.4,5.52,71.0,31.4,16.7
2026-04-15 07:50:22,86.4,90.4,112.6,6.51,71.0,36.7,16.7
2026-04-15 07:50:23,86.36,99.6,128.3,5.51,70.5,39.4,16.7
2026-04-15 07:50:23,86.35,89.4,112.0,6.64,71.0,39.7,16.7
2026-04-15 07:50:23,86.2,93.8,117.6,5.83,71.0,34.8,16.7
2026-04-15 07:50:23,86.32,91.7,114.5,6.1,70.0,32.8,16.7
2026-04-15 07:50:23,86.36,101.0,124.1,5.69,70.0,29.9,16.7
2026-04-15 07:50:23,86.36,88.0,110.5,6.51,71.0,39.7,16.7
2026-04-15 07:50:24,86.45,90.4,117.4,5.78,70.0,34.3,16.7
2026-04-15 07:50:24,86.45,92.3,114.8,6.08,70.0,34.4,16.7
2026-04-15 07:50:24,86.53,92.0,115.2,5.94,71.0,28.6,16.7
2026-04-15 07:50:24,86.41,86.1,108.0,6.29,70.0,33.3,16.7
2026-04-15 07:50:24,86.64,93.0,105.4,7.16,71.6,41.1,16.7
2026-04-15 07:50:24,86.39,87.4,110.4,6.21,70.5,35.4,16.7
2026-04-15 07:50:24,86.41,84.9,97.4,7.61,70.5,43.4,16.7
2026-04-15 07:50:25,86.38,118.1,131.8,6.03,70.5,44.6,16.7
2026-04-15 07:50:25,86.37,88.6,103.4,7.29,70.5,34.6,16.7
2026-04-15 07:50:25,86.36,84.1,107.4,6.17,70.5,33.8,16.7
2026-04-15 07:50:25,86.17,93.4,108.8,7.0,71.0,41.4,16.7
2026-04-15 07:50:25,86.3,86.2,109.6,6.26,71.0,35.9,16.7
2026-04-15 07:50:25,86.25,83.9,96.2,7.67,70.0,40.7,16.6
2026-04-15 07:50:25,86.26,99.9,115.4,6.69,70.5,40.7,16.6
2026-04-15 07:50:26,86.31,114.5,138.0,5.5,70.0,41.3,16.6
2026-04-15 07:50:26,86.29,86.6,105.2,7.19,69.4,37.7,16.6
2026-04-15 07:50:26,86.2,104.9,129.9,5.38,71.0,35.6,16.6
2026-04-15 07:50:26,86.17,84.5,107.4,6.93,70.0,39.0,16.6
2026-04-15 07:50:26,86.28,84.4,99.7,7.5,71.6,38.5,16.6
2026-04-15 07:50:26,86.21,89.4,104.6,7.21,71.6,44.8,16.6
2026-04-15 07:50:27,86.23,96.0,118.9,5.79,70.5,35.3,16.6
2026-04-15 07:50:27,86.34,83.0,105.8,6.51,70.0,34.4,16.6
2026-04-15 07:50:27,86.36,84.8,99.7,7.42,71.0,38.9,16.7
2026-04-15 07:50:27,86.34,88.0,102.4,7.31,70.5,42.3,16.6
2026-04-15 07:50:27,86.25,105.2,128.4,5.45,71.0,40.8,16.6
2026-04-15 07:50:27,86.11,86.4,109.4,6.77,70.5,37.3,16.6
2026-04-15 07:50:27,86.26,92.6,105.7,7.16,70.0,42.1,16.6
2026-04-15 07:50:28,86.31,95.5,119.2,5.88,70.0,34.8,16.6
2026-04-15 07:50:28,86.33,88.8,111.6,6.27,70.5,39.1,16.6
2026-04-15 07:50:28,86.33,94.7,117.7,5.8,71.6,34.8,16.6
2026-04-15 07:50:28,86.29,86.9,108.3,6.3,71.0,32.3,16.6
2026-04-15 07:50:28,86.28,85.7,98.0,7.57,71.0,43.6,16.6
2026-04-15 07:50:28,86.27,98.1,111.4,6.86,72.2,42.1,16.6
2026-04-15 07:50:29,86.25,95.6,116.4,6.1,72.7,38.2,16.7
2026-04-15 07:50:29,86.35,90.1,113.0,6.21,70.5,26.8,16.7
2026-04-15 07:50:29,86.41,88.4,111.7,6.06,71.0,33.8,16.7
2026-04-15 07:50:29,86.32,102.6,125.7,5.54,70.5,32.9,16.7
2026-04-15 07:50:29,86.33,106.4,129.6,5.87,70.5,34.3,16.8
2026-04-15 07:50:29,86.3,90.8,112.6,6.62,71.0,37.3,16.7
2026-04-15 07:50:30,86.24,100.6,123.7,5.68,71.0,41.1,16.7
2026-04-15 07:50:30,86.29,87.5,110.3,6.51,69.4,38.7,16.7
2026-04-15 07:50:30,86.31,87.5,98.9,7.51,71.0,40.4,16.7
2026-04-15 07:50:30,86.39,84.7,96.5,7.66,70.0,41.5,16.7
2026-04-15 07:50:30,86.35,85.4,100.2,7.45,69.4,40.7,16.7
2026-04-15 07:50:30,86.25,88.8,104.6,7.22,71.0,45.8,16.7
2026-04-15 07:50:30,86.39,106.7,129.7,5.48,70.5,32.4,16.7
2026-04-15 07:50:31,86.26,87.0,110.2,6.81,70.5,38.3,16.6
2026-04-15 07:50:31,86.37,85.1,97.3,7.62,71.6,40.4,16.6
2026-04-15 07:50:31,86.34,88.1,102.1,7.33,71.0,42.3,16.6
2026-04-15 07:50:31,86.22,108.7,118.6,6.5,71.6,42.9,16.6
2026-04-15 07:50:31,86.24,91.7,115.0,6.68,71.0,36.2,16.6
2026-04-15 07:50:31,86.38,89.0,112.1,6.04,71.6,33.8,16.6
2026-04-15 07:50:31,86.26,86.5,109.4,6.17,71.0,34.4,16.6
2026-04-15 07:50:32,86.24,89.0,102.5,7.32,70.5,41.8,16.6
2026-04-15 07:50:32,86.2,108.5,131.5,5.39,71.6,37.2,16.6
2026-04-15 07:50:32,86.25,107.2,130.5,6.01,71.6,36.4,16.6
2026-04-15 07:50:32,86.26,103.6,125.0,6.18,71.6,40.0,16.6
2026-04-15 07:50:32,86.17,87.8,110.9,6.63,71.6,36.1,16.6
2026-04-15 07:50:32,86.33,104.6,127.9,5.45,70.5,35.6,16.7
2026-04-15 07:50:33,86.37,87.9,110.8,6.67,71.0,32.7,16.7
2026-04-15 07:50:33,86.26,85.3,97.2,7.63,70.0,41.5,16.7
2026-04-15 07:50:33,86.31,114.5,127.6,6.18,71.0,42.4,16.7
2026-04-15 07:50:33,86.3,91.3,109.3,6.98,71.0,41.0,16.7
2026-04-15 07:50:33,86.33,87.7,110.9,6.13,70.5,31.7,16.7
2026-04-15 07:50:33,86.36,87.6,110.7,6.01,70.5,32.3,16.6
2026-04-15 07:50:34,86.33,86.8,110.0,6.02,71.0,34.8,16.6
2026-04-15 07:50:34,86.29,91.1,103.3,7.29,71.0,38.9,16.6
2026-04-15 07:50:34,86.32,90.5,113.9,5.96,71.0,32.8,16.6
2026-04-15 07:50:34,86.44,100.1,123.0,5.73,70.0,37.5,16.6
2026-04-15 07:50:34,86.33,86.0,109.1,6.55,71.0,35.0,16.7
2026-04-15 07:50:34,86.3,92.4,105.2,7.16,71.0,41.1,16.7
2026-04-15 07:50:34,86.22,88.2,111.1,6.16,71.6,33.3,16.7
2026-04-15 07:50:35,86.36,87.1,110.0,6.03,71.0,35.8,16.7
2026-04-15 07:50:35,86.37,88.0,100.1,7.47,71.0,36.7,16.7
2026-04-15 07:50:35,86.5,88.7,112.0,5.97,71.6,32.8,16.8
2026-04-15 07:50:35,86.33,91.4,114.4,5.91,71.6,34.3,16.8
2026-04-15 07:50:35,86.37,85.6,108.1,6.19,70.5,31.7,16.8
2026-04-15 07:50:35,86.35,84.7,95.6,7.59,71.0,35.4,16.7
2026-04-15 07:50:36,86.43,91.2,106.3,7.13,71.0,41.8,16.8
2026-04-15 07:50:36,86.37,101.4,124.8,5.66,70.5,37.1,16.8
2026-04-15 07:50:36,86.35,108.6,131.7,5.77,70.5,40.0,16.8
2026-04-15 07:50:36,86.32,98.9,121.9,6.37,70.0,37.7,16.8
2026-04-15 07:50:36,86.3,97.2,120.3,6.06,71.6,33.8,16.8
2026-04-15 07:50:36,86.24,85.2,109.0,6.44,69.4,36.1,16.8
2026-04-15 07:50:37,86.33,89.8,103.0,7.3,71.6,40.4,16.7
2026-04-15 07:50:37,86.49,88.4,110.6,6.04,71.0,38.2,16.7
2026-04-15 07:50:37,86.46,83.7,106.6,6.18,71.6,36.8,16.7
2026-04-15 07:50:37,86.44,105.5,121.2,6.44,70.5,43.8,16.7
2026-04-15 07:50:37,86.39,104.0,128.2,6.02,71.0,41.5,16.7
2026-04-15 07:50:37,86.3,88.5,111.5,6.68,71.6,38.3,16.8
2026-04-15 07:50:38,86.4,106.3,129.3,5.42,71.0,38.5,16.7
2026-04-15 07:50:38,86.4,99.6,122.6,6.26,71.0,38.5,16.7
2026-04-15 07:50:38,86.42,93.4,116.5,6.23,71.0,36.5,16.7
2026-04-15 07:50:38,86.33,84.5,106.2,6.34,70.5,32.3,16.8
2026-04-15 07:50:38,86.38,90.5,104.2,7.19,71.6,41.5,16.7
2026-04-15 07:50:38,86.27,87.7,111.4,6.08,71.0,34.4,16.7
2026-04-15 07:50:38,86.35,84.7,107.9,6.13,72.2,32.3,16.7
2026-04-15 07:50:39,86.38,93.7,108.2,7.02,71.6,40.7,16.7
2026-04-15 07:50:39,86.49,88.3,111.5,6.21,70.5,35.4,16.7
2026-04-15 07:50:39,86.38,90.3,113.7,5.93,70.5,34.8,16.7
2026-04-15 07:50:39,86.34,83.9,106.9,6.26,71.0,35.8,16.6
2026-04-15 07:50:39,86.4,92.5,107.4,7.04,70.0,44.8,16.6
2026-04-15 07:50:39,86.29,113.1,135.9,5.34,70.5,30.0,16.7
2026-04-15 07:50:40,86.32,95.5,114.0,6.71,71.6,49.2,16.6
2026-04-15 07:50:40,86.37,91.3,113.8,6.16,71.6,38.8,16.6
2026-04-15 07:50:40,86.43,105.7,128.7,5.52,71.0,37.0,16.6
2026-04-15 07:50:40,86.35,100.1,123.1,6.22,71.6,34.9,16.6
2026-04-15 07:50:40,86.39,102.9,126.1,5.9,71.0,36.4,16.6
2026-04-15 07:50:40,86.34,85.7,108.7,6.7,72.2,37.3,16.6
2026-04-15 07:50:41,86.39,87.6,99.5,7.39,71.0,39.6,16.6
2026-04-15 07:50:41,86.43,95.9,118.9,5.72,71.6,39.1,16.7
2026-04-15 07:50:41,86.4,102.1,125.6,5.78,71.0,35.3,16.7
2026-04-15 07:50:41,86.36,92.9,115.7,6.37,70.5,40.0,16.7
2026-04-15 07:50:41,86.31,88.3,110.1,6.16,70.5,35.8,16.8
2026-04-15 07:50:41,86.36,109.2,131.9,5.34,71.0,40.3,16.8
2026-04-15 07:50:42,86.29,87.6,110.7,6.91,72.2,36.2,16.8
2026-04-15 07:50:42,86.3,101.4,113.6,6.78,71.0,41.8,16.9
2026-04-15 07:50:42,86.24,105.3,127.9,5.88,71.0,42.3,16.9
2026-04-15 07:50:42,86.46,113.1,136.5,5.72,71.6,33.8,16.9
2026-04-15 07:50:42,86.36,89.7,108.6,6.99,69.4,37.5,16.9
2026-04-15 07:50:42,86.3,104.2,127.8,5.51,71.0,35.7,16.9
2026-04-15 07:50:43,86.25,113.9,137.1,5.69,70.5,33.8,16.9
2026-04-15 07:50:43,86.33,102.9,116.8,6.42,71.0,38.7,16.8
2026-04-15 07:50:43,86.36,103.7,126.8,5.97,70.5,36.8,16.8
2026-04-15 07:50:43,86.45,86.6,110.3,6.6,70.5,37.1,16.8
2026-04-15 07:50:43,86.36,87.4,110.6,6.05,71.6,37.1,16.8
2026-04-15 07:50:43,86.29,84.3,96.8,7.66,71.6,40.4,16.8
2026-04-15 07:50:43,86.32,107.8,122.8,6.36,71.0,39.3,16.8
2026-04-15 07:50:44,86.32,95.4,118.0,6.51,71.0,41.8,16.8
2026-04-15 07:50:44,86.34,95.7,118.7,6.01,70.0,39.1,16.8
2026-04-15 07:50:44,86.26,87.4,109.3,6.32,71.6,34.4,16.8
2026-04-15 07:50:44,86.41,84.7,96.6,7.65,71.0,38.0,16.7
2026-04-15 07:50:44,86.3,88.3,99.6,7.31,71.0,48.1,16.8
2026-04-15 07:50:44,86.33,93.1,116.1,5.83,71.6,35.7,16.8
2026-04-15 07:50:45,86.36,125.1,147.4,5.01,70.0,33.3,16.8
2026-04-15 07:50:45,86.3,90.9,114.1,6.08,70.0,33.3,16.8
2026-04-15 07:50:45,86.24,85.3,108.2,6.22,70.5,36.8,16.7
2026-04-15 07:50:45,86.18,87.0,100.7,7.4,71.0,40.4,16.7
2026-04-15 07:50:45,86.35,85.9,109.3,6.04,71.0,32.3,16.7
2026-04-15 07:50:45,86.39,85.1,98.2,7.57,70.5,37.3,16.7
2026-04-15 07:50:45,86.42,87.2,101.4,7.39,72.7,39.6,16.6
2026-04-15 07:50:46,86.41,97.1,108.9,6.98,71.0,43.9,16.6
2026-04-15 07:50:46,86.38,83.9,106.9,6.51,71.0,35.5,16.6
2026-04-15 07:50:46,86.39,111.3,126.3,6.23,70.5,43.5,16.6
2026-04-15 07:50:46,86.39,85.3,106.5,7.11,70.5,35.2,16.6
2026-04-15 07:50:46,86.47,105.8,119.9,6.51,70.5,36.7,16.6
2026-04-15 07:50:46,86.43,92.9,116.0,6.5,71.6,36.7,16.6
2026-04-15 07:50:47,86.46,86.9,110.0,6.23,71.6,32.8,16.6
2026-04-15 07:50:47,86.34,87.1,98.5,7.48,71.0,42.3,16.6
2026-04-15 07:50:47,86.39,96.5,104.4,7.02,71.6,38.5,16.7
2026-04-15 07:50:47,86.47,91.8,115.3,6.16,70.5,34.4,16.7
2026-04-15 07:50:47,86.27,96.3,119.3,5.86,71.6,33.3,16.7
2026-04-15 07:50:47,86.39,93.7,117.1,6.08,71.0,33.8,16.7
2026-04-15 07:50:47,86.29,88.8,110.8,6.18,70.0,36.8,16.7
2026-04-15 07:50:48,86.44,94.5,117.9,5.81,71.6,34.3,16.7
2026-04-15 07:50:48,86.42,104.6,127.7,5.67,71.6,37.1,16.7
2026-04-15 07:50:48,86.24,87.1,105.4,6.7,70.5,32.1,16.7
2026-04-15 07:50:48,86.31,86.2,109.2,6.04,71.6,34.8,16.7
2026-04-15 07:50:48,86.28,87.7,100.8,7.41,70.5,37.3,16.8
2026-04-15 07:50:48,86.36,86.5,109.9,6.04,70.0,33.8,16.8
2026-04-15 07:50:49,86.36,86.3,96.6,7.54,70.5,39.2,16.8
2026-04-15 07:50:49,86.29,85.8,98.7,7.53,70.5,39.2,16.8
2026-04-15 07:50:49,86.39,115.5,129.0,6.13,70.0,37.7,16.8
2026-04-15 07:50:49,86.31,93.7,111.2,6.9,70.5,43.1,16.8
2026-04-15 07:50:49,86.27,91.9,114.9,6.08,71.6,36.9,16.8
2026-04-15 07:50:49,86.31,86.1,108.8,6.22,71.0,38.2,16.9
2026-04-15 07:50:49,86.25,85.2,98.1,7.56,71.6,40.4,16.9
2026-04-15 07:50:50,86.27,87.0,99.9,7.38,70.5,42.9,16.9
2026-04-15 07:50:50,86.31,114.2,126.6,6.24,72.2,37.7,16.9
2026-04-15 07:50:50,86.24,95.5,114.4,6.75,70.5,45.0,16.9
2026-04-15 07:50:50,86.25,90.7,113.7,6.2,71.0,32.3,16.9
2026-04-15 07:50:50,86.3,94.5,116.8,5.87,69.4,31.8,16.9
2026-04-15 07:50:50,86.2,89.1,110.8,6.19,71.0,33.3,16.9
2026-04-15 07:50:51,86.23,91.4,114.4,5.92,70.5,35.3,16.8
2026-04-15 07:50:51,86.31,84.4,107.7,6.26,71.0,35.4,16.8
2026-04-15 07:50:51,86.12,86.1,100.6,7.43,71.6,43.6,16.8
2026-04-15 07:50:51,86.14,103.3,113.9,6.59,71.6,48.4,16.8
2026-04-15 07:50:51,86.25,122.3,145.3,5.43,70.5,33.3,16.8
2026-04-15 07:50:51,86.28,87.1,110.3,6.07,71.6,35.8,16.8
2026-04-15 07:50:51,86.25,87.8,100.1,7.46,71.0,42.6,16.8
2026-04-15 07:50:52,86.13,92.0,114.8,5.85,71.6,34.8,16.8
2026-04-15 07:50:52,86.2,90.5,113.5,6.07,72.2,36.8,16.7
2026-04-15 07:50:52,86.11,90.3,114.6,5.95,71.6,35.8,16.7
2026-04-15 07:50:52,86.04,97.5,120.5,5.8,71.6,31.8,16.7
2026-04-15 07:50:52,86.43,92.7,115.9,6.18,72.2,35.4,16.7
2026-04-15 07:50:52,86.17,95.6,118.8,5.9,71.6,38.0,16.7
2026-04-15 07:50:53,86.22,91.3,115.0,6.14,71.0,32.8,16.7
2026-04-15 07:50:53,86.14,104.2,127.2,5.59,71.6,34.3,16.6
2026-04-15 07:50:53,86.13,103.1,125.9,6.04,72.2,37.9,16.6
2026-04-15 07:50:53,86.12,90.5,113.7,6.49,71.6,39.1,16.6
2026-04-15 07:50:53,86.07,86.0,105.6,6.14,71.0,30.6,16.6
2026-04-15 07:50:53,86.13,87.8,100.2,7.44,71.6,41.8,16.6
2026-04-15 07:50:54,86.13,98.8,120.0,5.63,72.2,37.3,16.6
2026-04-15 07:50:54,86.02,86.8,110.3,6.46,71.6,36.5,16.6
2026-04-15 07:50:54,86.1,90.6,102.8,7.31,72.2,37.3,16.6
2026-04-15 07:50:54,86.21,100.9,125.2,5.62,72.7,34.8,16.6
2026-04-15 07:50:54,86.14,85.3,108.4,6.67,71.0,34.5,16.6
2026-04-15 07:50:54,86.09,89.5,103.9,7.26,70.5,40.0,16.6
2026-04-15 07:50:55,86.04,119.5,129.1,6.13,72.2,40.6,16.6
2026-04-15 07:50:55,86.17,90.5,103.2,7.26,71.6,42.1,16.6
2026-04-15 07:50:55,86.11,88.6,111.6,6.07,71.0,32.8,16.6
2026-04-15 07:50:55,85.95,95.0,118.1,5.78,71.0,32.4,16.6
2026-04-15 07:50:55,86.17,89.7,112.9,6.19,71.6,35.9,16.6
2026-04-15 07:50:55,86.15,86.1,109.4,6.13,71.6,34.8,16.6
2026-04-15 07:50:55,86.03,84.8,97.7,7.59,71.6,37.3,16.6
2026-04-15 07:50:56,86.07,106.5,120.3,6.44,71.6,37.9,16.6
2026-04-15 07:50:56,86.07,96.1,119.3,6.4,71.6,33.9,16.6
2026-04-15 07:50:56,85.98,122.6,144.8,5.18,70.0,45.6,16.7
2026-04-15 07:50:56,86.02,95.5,117.5,5.75,71.0,32.8,16.7
2026-04-15 07:50:56,85.99,84.7,107.9,6.46,71.0,40.6,16.7
2026-04-15 07:50:56,86.11,83.4,97.8,7.59,72.2,37.3,16.7
2026-04-15 07:50:57,86.13,86.1,102.1,7.34,72.2,40.7,16.6
2026-04-15 07:50:57,86.1,87.2,100.6,7.42,71.0,41.5,16.6
2026-04-15 07:50:57,86.15,87.9,99.6,7.49,72.2,39.2,16.6
2026-04-15 07:50:57,86.09,96.2,119.3,5.72,71.6,31.3,16.6
2026-04-15 07:50:57,86.21,92.8,116.3,6.12,70.5,37.3,16.6
2026-04-15 07:50:57,86.22,85.8,109.0,6.27,71.0,34.9,16.6
2026-04-15 07:50:57,86.29,83.8,97.7,7.6,70.0,36.7,16.7
2026-04-15 07:50:58,86.16,85.7,99.3,7.4,71.0,45.6,16.7
2026-04-15 07:50:58,85.99,84.8,98.2,7.57,71.6,38.5,16.7
2026-04-15 07:50:58,86.15,86.3,100.6,7.42,71.0,41.5,16.8
2026-04-15 07:50:58,86.14,83.7,96.4,7.65,70.5,39.2,16.8
2026-04-15 07:50:58,86.12,85.1,100.6,7.43,71.6,41.8,16.8
2026-04-15 07:50:58,86.14,113.2,127.2,6.2,71.0,42.9,16.8
2026-04-15 07:50:58,86.2,94.1,113.8,6.78,70.5,41.4,16.7
2026-04-15 07:50:59,86.24,88.6,111.5,6.21,71.0,34.9,16.7
2026-04-15 07:50:59,86.15,96.9,118.0,5.71,72.2,35.2,16.8
2026-04-15 07:50:59,85.99,87.8,111.0,6.34,70.5,31.7,16.8
2026-04-15 07:50:59,86.18,86.0,109.1,6.08,71.0,36.8,16.8
2026-04-15 07:50:59,86.04,112.1,124.1,6.28,71.0,38.1,16.8
2026-04-15 07:50:59,86.19,93.8,114.2,6.73,71.0,40.7,16.8
2026-04-15 07:51:00,86.22,88.0,111.3,6.22,71.0,35.4,16.8
2026-04-15 07:51:00,86.07,88.5,111.4,5.99,72.2,35.3,16.8
2026-04-15 07:51:00,85.99,87.9,113.9,5.92,71.6,30.8,16.8
2026-04-15 07:51:00,86.03,102.7,125.0,5.58,71.0,34.3,16.8
2026-04-15 07:51:00,86.03,84.6,107.7,6.76,71.0,37.7,16.9
2026-04-15 07:51:00,86.0,99.0,114.1,6.77,71.0,43.3,16.9
2026-04-15 07:51:01,86.04,85.5,108.6,6.53,72.2,35.0,16.9
2026-04-15 07:51:01,86.09,86.1,100.1,7.47,71.6,37.3,16.9
2026-04-15 07:51:01,85.85,113.5,127.5,6.18,72.2,44.4,16.9
2026-04-15 07:51:01,85.93,108.8,126.7,6.21,71.6,43.7,16.9
2026-04-15 07:51:01,86.05,90.7,113.7,6.75,71.0,30.9,16.9
2026-04-15 07:51:01,85.98,109.3,132.3,5.39,71.6,39.2,16.9
2026-04-15 07:51:01,85.94,84.9,108.8,6.99,71.6,42.4,16.8
2026-04-15 07:51:02,85.84,85.9,99.4,7.5,71.0,43.6,16.8
2026-04-15 07:51:02,86.02,91.0,102.0,7.23,72.2,40.7,16.8
2026-04-15 07:51:02,86.07,88.1,111.2,6.11,71.6,36.9,16.8
2026-04-15 07:51:02,86.02,85.1,108.2,6.12,70.5,32.8,16.8
2026-04-15 07:51:02,85.92,84.0,98.4,7.56,71.0,40.7,16.8
2026-04-15 07:51:02,86.01,91.1,106.6,7.11,72.2,43.3,16.8
2026-04-15 07:51:03,85.95,86.5,109.6,6.18,72.2,32.8,16.8
2026-04-15 07:51:03,86.04,85.0,97.4,7.6,71.6,38.5,16.8
2026-04-15 07:51:03,86.01,106.3,120.0,6.46,71.0,41.0,16.8
2026-04-15 07:51:03,85.99,95.6,118.5,6.42,72.2,37.7,16.8
2026-04-15 07:51:03,86.08,88.2,110.2,6.27,71.6,40.3,16.8
2026-04-15 07:51:03,86.12,86.0,109.1,6.1,70.5,32.8,16.8
2026-04-15 07:51:03,85.98,83.8,97.2,7.62,72.2,40.7,16.7
2026-04-15 07:51:04,85.98,104.3,118.6,6.51,71.0,43.3,16.7
2026-04-15 07:51:04,86.07,85.7,108.8,6.76,70.5,33.9,16.7
2026-04-15 07:51:04,86.03,104.3,118.7,6.56,71.0,40.0,16.8
2026-04-15 07:51:04,86.01,88.1,111.2,6.67,71.6,34.5,16.8
2026-04-15 07:51:04,86.04,86.9,110.0,6.04,71.6,32.3,16.8
2026-04-15 07:51:04,85.98,89.3,101.1,7.39,73.2,39.2,16.8
2026-04-15 07:51:04,85.95,84.7,107.8,6.17,70.5,31.7,16.8
2026-04-15 07:51:05,86.12,86.6,101.9,7.35,71.6,42.9,16.7
2026-04-15 07:51:05,86.06,86.9,99.3,7.51,71.6,42.3,16.7
2026-04-15 07:51:05,85.93,101.7,113.9,6.76,71.6,42.4,16.7
2026-04-15 07:51:05,86.03,88.5,110.4,6.53,71.6,31.6,16.7
2026-04-15 07:51:05,86.0,85.2,108.1,6.12,72.2,32.3,16.7
2026-04-15 07:51:05,86.08,88.4,99.0,7.32,72.2,48.1,16.8
2026-04-15 07:51:06,86.02,100.8,124.0,5.59,71.6,34.7,16.8
2026-04-15 07:51:06,86.08,109.4,132.6,5.71,71.0,39.1,16.8
2026-04-15 07:51:06,86.01,95.5,118.8,6.55,72.2,37.3,16.8
2026-04-15 07:51:06,86.0,85.7,108.4,6.38,71.6,38.1,16.9
2026-04-15 07:51:06,86.0,102.3,118.1,6.57,72.2,38.3,16.8
2026-04-15 07:51:06,86.03,86.7,109.8,6.72,71.6,38.3,16.9
2026-04-15 07:51:06,86.07,103.8,117.0,6.62,71.6,44.1,16.8
2026-04-15 07:51:07,86.16,88.7,112.0,6.62,72.7,37.3,16.8
2026-04-15 07:51:07,86.08,93.1,116.2,5.85,71.0,36.2,16.8
2026-04-15 07:51:07,86.05,98.5,120.8,5.81,71.6,31.7,16.8
2026-04-15 07:51:07,86.07,85.5,108.5,6.52,71.6,37.5,16.8
2026-04-15 07:51:07,86.08,93.2,107.3,7.09,72.2,36.5,16.8
2026-04-15 07:51:07,86.16,90.3,113.6,6.11,72.7,36.4,16.8
2026-04-15 07:51:08,86.09,86.6,109.6,6.15,71.6,30.2,16.8
2026-04-15 07:51:08,86.22,88.7,99.4,7.38,71.0,48.1,16.8
2026-04-15 07:51:08,86.15,93.0,116.2,5.85,71.0,36.2,16.8
2026-04-15 07:51:08,86.23,94.0,117.3,5.95,72.2,38.2,16.9
2026-04-15 07:51:08,86.1,86.0,109.1,6.32,71.0,35.4,16.9
2026-04-15 07:51:08,86.0,88.6,101.1,7.36,71.6,42.9,16.9
2026-04-15 07:51:09,86.15,94.2,117.6,5.8,71.6,35.7,16.8
2026-04-15 07:51:09,86.16,91.0,114.2,6.13,71.6,33.8,16.8
2026-04-15 07:51:09,86.05,90.5,112.5,6.01,71.0,37.3,16.7
2026-04-15 07:51:09,85.94,87.1,108.1,6.13,70.0,34.8,16.7
2026-04-15 07:51:09,86.08,119.6,132.7,5.99,71.0,36.1,16.7
2026-04-15 07:51:09,86.14,88.5,111.7,5.96,72.7,34.8,16.7
2026-04-15 07:51:10,86.17,91.9,114.9,5.89,71.6,33.8,16.6
2026-04-15 07:51:10,86.16,87.1,112.8,6.08,72.2,38.2,16.6
2026-04-15 07:51:10,86.19,101.7,124.9,5.6,71.0,38.9,16.6
2026-04-15 07:51:10,86.16,105.3,128.2,5.87,71.0,40.6,16.6
2026-04-15 07:51:10,86.13,93.9,117.2,6.4,71.0,38.5,16.6
2026-04-15 07:51:10,86.2,105.4,130.1,5.59,71.6,37.0,16.5
2026-04-15 07:51:11,86.06,86.8,108.7,6.84,71.6,37.9,16.5
2026-04-15 07:51:11,86.06,87.5,99.9,7.46,72.2,41.8,16.5
2026-04-15 07:51:11,86.14,94.2,117.6,5.76,71.0,31.8,16.5
2026-04-15 07:51:11,86.18,87.5,113.9,6.14,71.0,38.7,16.5
2026-04-15 07:51:11,86.1,93.7,117.1,5.9,72.2,37.7,16.5
2026-04-15 07:51:11,86.06,91.6,114.7,6.09,72.7,32.3,16.5
2026-04-15 07:51:11,86.09,101.6,124.6,5.66,72.2,35.7,16.5
2026-04-15 07:51:12,86.2,91.1,116.0,6.33,71.0,38.5,16.5
2026-04-15 07:51:12,86.03,94.5,114.2,5.94,71.6,34.8,16.5
2026-04-15 07:51:12,86.1,99.6,121.5,5.77,71.6,33.8,16.5
2026-04-15 07:51:12,86.09,101.6,124.6,6.0,72.2,45.6,16.5
2026-04-15 07:51:12,86.07,107.9,129.5,5.78,72.2,34.8,16.6
2026-04-15 07:51:12,86.05,89.8,113.0,6.73,71.0,37.3,16.6
2026-04-15 07:51:13,86.11,96.0,118.7,5.79,71.6,28.8,16.6
2026-04-15 07:51:13,86.03,87.8,111.0,6.31,70.5,39.1,16.6
2026-04-15 07:51:13,86.07,91.2,114.2,5.89,71.0,31.3,16.6
2026-04-15 07:51:13,85.96,88.5,109.9,6.1,70.5,34.8,16.6
2026-04-15 07:51:13,86.1,99.9,122.6,5.62,71.6,38.0,16.6
2026-04-15 07:51:13,86.11,83.9,105.9,6.63,71.6,31.0,16.6
2026-04-15 07:51:14,86.17,87.5,105.3,7.17,72.2,40.0,16.6
2026-04-15 07:51:14,86.13,91.8,114.8,5.95,72.2,32.3,16.6
2026-04-15 07:51:14,85.98,125.9,149.1,4.97,71.0,32.9,16.6
2026-04-15 07:51:14,85.98,85.7,108.7,6.28,72.2,34.9,16.6
2026-04-15 07:51:14,85.98,87.0,101.3,7.4,70.5,43.4,16.6
2026-04-15 07:51:14,86.03,86.3,97.8,7.56,71.6,41.2,16.6
2026-04-15 07:51:15,86.12,85.8,108.3,6.02,72.7,42.0,16.7
2026-04-15 07:51:15,86.11,84.7,98.2,7.56,71.0,43.6,16.7
2026-04-15 07:51:15,86.09,85.1,100.0,7.47,71.0,40.4,16.7
2026-04-15 07:51:15,85.9,98.8,109.5,6.82,71.6,44.8,16.7
2026-04-15 07:51:15,86.03,85.2,108.1,6.54,71.6,33.3,16.7
2026-04-15 07:51:15,85.93,83.7,98.2,7.58,73.2,41.5,16.7
2026-04-15 07:51:15,86.05,95.1,108.0,6.93,71.6,44.1,16.7
2026-04-15 07:51:16,86.1,86.8,110.0,6.31,72.2,30.5,16.7
2026-04-15 07:51:16,86.1,94.9,107.4,7.08,71.6,39.3,16.7
2026-04-15 07:51:16,86.09,116.2,139.2,5.32,71.6,37.8,16.7
2026-04-15 07:51:16,86.12,101.9,118.3,6.57,71.6,37.7,16.8
2026-04-15 07:51:16,86.05,89.2,111.3,6.49,71.6,38.7,16.8
2026-04-15 07:51:16,86.04,108.3,131.3,5.39,71.6,33.3,16.7
2026-04-15 07:51:17,86.08,103.2,126.2,6.19,71.0,37.5,16.8
2026-04-15 07:51:17,86.13,86.6,109.9,6.66,72.2,36.2,16.7
2026-04-15 07:51:17,86.13,125.5,137.9,5.81,72.2,42.6,16.7
2026-04-15 07:51:17,86.1,103.2,126.2,5.64,72.2,33.3,16.7
2026-04-15 07:51:17,86.21,90.5,113.4,6.49,72.2,32.2,16.7
2026-04-15 07:51:17,86.21,95.8,119.9,5.78,71.0,33.8,16.7
2026-04-15 07:51:18,86.29,94.7,116.9,6.08,72.2,37.5,16.7
2026-04-15 07:51:18,86.01,83.8,107.1,6.42,72.2,32.3,16.7
2026-04-15 07:51:18,86.12,99.4,115.1,6.72,72.2,39.7,16.7
2026-04-15 07:51:18,86.18,84.0,107.1,6.61,72.2,39.4,16.7
2026-04-15 07:51:18,86.14,86.4,102.0,7.37,72.7,43.6,16.7
2026-04-15 07:51:18,86.06,97.4,110.0,6.93,72.7,40.0,16.7
2026-04-15 07:51:18,86.1,87.4,110.5,6.39,72.2,35.5,16.6
2026-04-15 07:51:19,86.09,99.6,111.9,6.86,72.2,37.5,16.7
2026-04-15 07:51:19,86.03,85.4,108.6,6.57,71.0,35.0,16.7
2026-04-15 07:51:19,86.11,84.8,98.2,7.54,71.6,42.3,16.7
2026-04-15 07:51:19,86.08,108.2,121.7,6.38,71.6,45.2,16.7
2026-04-15 07:51:19,86.16,95.6,118.3,6.49,71.6,39.1,16.8
2026-04-15 07:51:19,86.01,94.3,117.3,6.04,71.6,33.3,16.8
2026-04-15 07:51:20,86.0,92.1,115.2,6.09,71.6,34.8,16.8
2026-04-15 07:51:20,86.18,103.3,126.4,5.62,72.7,32.8,16.8
2026-04-15 07:51:20,86.11,108.3,131.3,5.83,71.6,38.2,16.8
2026-04-15 07:51:20,86.14,86.7,109.9,6.89,72.2,40.0,16.7
2026-04-15 07:51:20,86.11,90.2,102.1,7.29,71.6,37.7,16.7
2026-04-15 07:51:20,86.05,93.9,116.9,5.89,71.6,30.2,16.7
2026-04-15 07:51:20,86.08,86.6,109.8,6.28,71.6,35.9,16.7
2026-04-15 07:51:21,86.25,93.8,106.6,7.1,71.6,37.0,16.7
2026-04-15 07:51:21,86.2,104.4,127.6,5.65,72.2,36.2,16.6
2026-04-15 07:51:21,86.23,115.9,139.0,5.62,72.2,38.9,16.6
2026-04-15 07:51:21,86.16,89.9,106.5,7.11,72.2,37.3,16.6
2026-04-15 07:51:21,86.17,85.3,108.2,6.17,71.6,38.2,16.7
2026-04-15 07:51:21,86.11,84.5,98.5,7.55,72.7,34.7,16.7
2026-04-15 07:51:22,86.1,101.8,114.7,6.64,71.6,43.3,16.7
2026-04-15 07:51:22,86.1,114.2,137.6,5.57,72.2,42.9,16.8
2026-04-15 07:51:22,86.16,86.2,104.1,7.24,71.6,35.8,16.8
2026-04-15 07:51:22,86.05,100.2,114.9,6.72,72.2,40.0,16.8
2026-04-15 07:51:22,86.05,87.9,110.8,6.54,70.5,38.7,16.8
2026-04-15 07:51:22,86.27,84.7,107.4,6.12,71.0,32.8,16.8
2026-04-15 07:51:22,86.23,85.7,100.3,7.44,72.2,41.5,16.8
2026-04-15 07:51:23,86.24,83.7,96.9,7.63,72.2,38.5,16.8
2026-04-15 07:51:23,86.23,89.8,105.8,7.16,72.2,43.6,16.7
2026-04-15 07:51:23,86.25,107.0,130.1,5.46,72.2,37.3,16.7
2026-04-15 07:51:23,86.11,83.7,107.0,6.97,72.2,39.0,16.7
2026-04-15 07:51:23,86.34,86.5,101.2,7.33,72.7,37.3,16.6
2026-04-15 07:51:23,86.2,83.5,95.7,7.69,72.2,41.2,16.6
2026-04-15 07:51:23,86.21,86.8,102.7,7.33,73.8,37.7,16.6
2026-04-15 07:51:24,86.14,95.5,107.1,7.03,73.2,41.8,16.6
2026-04-15 07:51:24,86.22,90.7,113.6,6.19,72.2,34.4,16.6
2026-04-15 07:51:24,86.18,98.6,110.1,5.73,72.7,39.4,16.6
2026-04-15 07:51:24,86.25,94.1,117.2,6.18,70.5,35.4,16.6
2026-04-15 07:51:24,86.13,88.0,111.0,6.23,70.5,38.8,16.6
2026-04-15 07:51:24,86.19,87.9,110.9,6.01,72.7,29.7,16.6
2026-04-15 07:51:25,85.93,102.6,113.9,6.75,72.7,41.7,16.6
2026-04-15 07:51:25,86.14,88.4,111.4,6.56,71.6,38.1,16.6
2026-04-15 07:51:25,86.03,99.5,120.9,5.63,71.6,36.6,16.6
2026-04-15 07:51:25,86.08,87.1,110.3,6.49,70.5,35.5,16.6
2026-04-15 07:51:25,86.16,99.7,111.6,6.84,72.7,40.7,16.6
2026-04-15 07:51:25,86.24,92.4,115.2,6.28,71.6,36.9,16.5
2026-04-15 07:51:26,86.22,94.5,119.0,5.85,71.0,35.3,16.5
2026-04-15 07:51:26,86.3,85.8,108.1,6.43,72.2,37.1,16.5
2026-04-15 07:51:26,86.19,110.9,124.4,6.31,71.0,43.8,16.5
2026-04-15 07:51:26,85.99,84.3,104.4,7.14,72.2,42.1,16.5
2026-04-15 07:51:26,86.15,90.4,111.1,6.86,71.6,48.3,16.5
2026-04-15 07:51:26,86.18,86.0,109.0,6.42,71.0,38.5,16.5
2026-04-15 07:51:26,86.2,87.7,100.3,7.42,71.0,37.3,16.5
2026-04-15 07:51:27,86.14,86.1,109.3,6.05,70.5,38.6,16.6
2026-04-15 07:51:27,86.09,83.5,95.9,7.67,72.7,44.6,16.6
2026-04-15 07:51:27,86.12,101.9,118.3,6.57,71.6,44.1,16.6
2026-04-15 07:51:27,86.04,83.8,107.6,6.68,72.7,33.9,16.6
2026-04-15 07:51:27,86.05,86.4,100.5,7.44,71.0,41.5,16.6
2026-04-15 07:51:27,86.03,108.1,120.6,6.47,70.5,44.6,16.6
2026-04-15 07:51:27,86.08,85.1,108.2,6.96,72.2,36.8,16.6
2026-04-15 07:51:28,86.11,95.5,110.2,6.93,71.0,41.4,16.6
2026-04-15 07:51:28,86.23,90.1,109.6,6.22,71.6,32.8,16.6
2026-04-15 07:51:28,86.14,89.2,112.3,6.05,70.5,34.8,16.6
2026-04-15 07:51:28,86.39,98.3,121.7,5.68,71.0,35.3,16.6
2026-04-15 07:51:28,86.13,87.8,111.2,6.4,72.2,38.1,16.5
2026-04-15 07:51:28,85.97,113.9,136.9,5.2,72.2,40.5,16.5
2026-04-15 07:51:29,86.25,93.7,110.8,6.83,72.7,35.2,16.5
2026-04-15 07:51:29,86.43,89.1,112.3,6.17,72.2,36.4,16.5
2026-04-15 07:51:29,86.27,86.1,108.9,6.1,72.2,31.7,16.5
2026-04-15 07:51:29,86.3,102.0,114.7,6.71,72.2,46.0,16.5
2026-04-15 07:51:29,86.21,91.8,113.3,6.4,72.2,36.1,16.5
2026-04-15 07:51:29,86.27,107.0,130.1,5.5,71.6,32.9,16.5
2026-04-15 07:51:30,86.34,88.0,111.2,6.78,70.5,36.2,16.5
2026-04-15 07:51:30,86.35,88.6,110.0,5.97,72.7,36.2,16.5
2026-04-15 07:51:30,86.4,108.6,131.9,5.36,71.0,32.4,16.5
2026-04-15 07:51:30,86.42,86.4,109.3,6.94,71.6,37.3,16.5
2026-04-15 07:51:30,86.23,92.7,102.6,7.15,72.2,41.5,16.5
2026-04-15 07:51:30,86.19,88.4,110.8,6.16,71.6,34.4,16.5
2026-04-15 07:51:31,86.16,90.6,113.8,5.93,71.0,32.4,16.4
2026-04-15 07:51:31,86.28,93.9,116.0,5.88,71.0,33.3,16.4
2026-04-15 07:51:31,86.42,146.4,169.6,4.57,72.7,42.5,16.4
2026-04-15 07:51:31,86.29,134.4,151.9,5.33,72.7,53.4,16.4
2026-04-15 07:51:31,86.37,122.4,148.4,5.22,72.2,66.2,16.4
2026-04-15 07:51:31,86.46,109.8,131.9,5.41,73.8,60.3,16.4
2026-04-15 07:51:32,86.49,114.0,135.1,5.88,72.7,67.6,16.4
2026-04-15 07:51:32,86.51,228.3,246.6,3.55,72.2,74.1,16.5
2026-04-15 07:51:32,86.37,103.4,126.4,5.76,73.2,33.3,16.5
2026-04-15 07:51:32,86.31,84.3,108.6,6.72,72.7,35.7,16.5
2026-04-15 07:51:32,86.43,99.9,112.9,6.78,71.6,37.5,16.6
2026-04-15 07:51:33,86.33,96.0,119.1,6.14,72.2,36.4,16.6
2026-04-15 07:51:33,86.42,90.2,113.3,6.22,73.2,34.9,16.6
2026-04-15 07:51:33,86.35,89.8,113.1,6.01,72.7,38.2,16.6
2026-04-15 07:51:33,86.4,96.9,120.0,5.76,72.7,35.7,16.7
2026-04-15 07:51:33,86.36,85.3,107.6,6.44,72.2,36.5,16.7
2026-04-15 07:51:33,86.3,87.4,98.3,7.4,73.2,51.0,16.7
2026-04-15 07:51:34,86.32,93.6,116.7,5.79,72.7,32.4,16.7
2026-04-15 07:51:34,86.32,86.5,109.6,6.26,72.2,34.4,16.8
2026-04-15 07:51:34,86.36,100.8,113.5,6.78,72.2,39.3,16.8
2026-04-15 07:51:34,86.33,85.4,108.5,6.61,73.2,38.1,16.8
2026-04-15 07:51:34,86.36,90.2,103.9,7.25,72.7,38.9,16.8
2026-04-15 07:51:34,86.32,111.6,134.1,5.32,72.2,40.5,16.8
2026-04-15 07:51:34,86.31,91.6,112.9,6.82,73.2,35.7,16.7
2026-04-15 07:51:35,86.22,93.9,118.1,5.88,72.7,28.6,16.7
2026-04-15 07:51:35,86.39,87.7,111.2,6.26,72.2,35.5,16.7
2026-04-15 07:51:35,86.23,89.8,101.2,7.39,73.8,40.7,16.7
2026-04-15 07:51:35,86.26,88.0,113.4,5.97,73.2,34.8,16.7
2026-04-15 07:51:35,86.46,87.8,111.5,6.1,72.7,35.3,16.7
2026-04-15 07:51:35,86.35,124.8,150.9,4.82,73.2,37.0,16.7
2026-04-15 07:51:36,86.37,96.4,119.5,5.98,72.2,35.3,16.7
2026-04-15 07:51:36,86.29,88.5,112.0,6.29,72.7,39.4,16.7
2026-04-15 07:51:36,86.31,105.5,130.7,5.38,72.7,37.8,16.7
2026-04-15 07:51:36,86.37,86.4,109.5,6.9,71.6,36.8,16.7
2026-04-15 07:51:36,86.41,101.9,115.1,6.69,71.6,38.6,16.7
2026-04-15 07:51:36,85.88,105.9,129.1,5.88,73.2,36.4,16.6
2026-04-15 07:51:37,85.93,101.0,125.0,6.12,71.0,31.1,16.6
2026-04-15 07:51:37,86.53,88.6,110.8,6.55,72.2,36.7,16.6
2026-04-15 07:51:37,86.16,101.0,123.9,5.59,71.0,33.8,16.6
2026-04-15 07:51:37,86.07,88.3,111.4,6.5,72.2,36.7,16.7
2026-04-15 07:51:37,86.04,85.8,109.4,6.08,72.7,29.0,16.7
2026-04-15 07:51:37,86.13,102.9,113.4,6.67,72.7,39.7,16.7
2026-04-15 07:51:38,86.06,90.4,113.6,6.49,71.0,39.1,16.7
2026-04-15 07:51:38,86.15,111.5,134.6,5.33,72.7,42.9,16.7
2026-04-15 07:51:38,85.87,86.6,105.8,7.07,71.6,34.0,16.7
2026-04-15 07:51:38,85.98,84.0,96.5,7.65,72.2,44.4,16.7
2026-04-15 07:51:38,86.1,101.1,118.1,6.57,72.7,36.8,16.7
2026-04-15 07:51:38,85.93,86.0,109.3,6.62,71.6,38.3,16.7
2026-04-15 07:51:38,85.94,86.6,98.6,7.53,73.2,42.9,16.7
2026-04-15 07:51:39,85.93,106.2,118.6,6.54,72.7,40.7,16.6
2026-04-15 07:51:39,86.0,84.5,107.5,6.91,72.7,34.5,16.7
2026-04-15 07:51:39,85.88,85.3,100.0,7.46,72.7,39.2,16.7
2026-04-15 07:51:39,85.88,84.1,98.1,7.58,71.6,37.3,16.7
2026-04-15 07:51:39,85.98,86.1,101.6,7.38,73.2,40.7,16.7
2026-04-15 07:51:39,85.81,84.6,96.8,7.6,73.2,39.2,16.7
2026-04-15 07:51:39,85.78,85.0,99.7,7.47,73.2,40.4,16.7
2026-04-15 07:51:40,86.01,112.3,128.3,6.17,73.2,42.2,16.7
2026-04-15 07:51:40,85.76,92.0,112.1,6.86,72.2,33.9,16.7
2026-04-15 07:51:40,85.82,113.1,136.2,5.36,72.7,36.6,16.7
2026-04-15 07:51:40,85.85,92.2,111.6,6.87,72.7,35.2,16.7
2026-04-15 07:51:40,85.93,99.3,122.2,5.76,71.6,34.8,16.7
2026-04-15 07:51:40,86.06,88.2,111.3,6.43,73.2,35.0,16.7
2026-04-15 07:51:41,85.91,88.7,111.7,5.99,73.2,34.3,16.7
2026-04-15 07:51:41,85.9,88.7,111.7,6.0,73.8,35.8,16.7
2026-04-15 07:51:41,85.68,106.9,129.8,5.42,72.7,37.5,16.7
2026-04-15 07:51:41,85.91,87.5,108.7,6.79,73.2,30.9,16.8
2026-04-15 07:51:41,85.79,90.3,102.2,7.34,72.7,40.0,16.8
2026-04-15 07:51:41,86.0,84.9,107.8,6.21,72.7,32.3,16.8
2026-04-15 07:51:41,85.87,90.0,104.4,7.23,73.8,40.0,16.8
2026-04-15 07:51:42,85.89,94.2,117.1,5.85,72.2,38.6,16.8
2026-04-15 07:51:42,85.86,105.3,128.2,5.63,72.7,35.8,16.8
2026-04-15 07:51:42,86.05,113.9,137.6,5.66,71.0,36.8,16.7
2026-04-15 07:51:42,85.77,99.0,113.8,6.64,71.6,38.6,16.7
2026-04-15 07:51:42,85.69,89.4,112.3,6.37,72.7,35.9,16.7
2026-04-15 07:51:43,85.79,99.8,122.7,5.65,71.6,35.7,16.6
2026-04-15 07:51:43,85.81,87.5,110.7,6.48,72.2,33.3,16.6
2026-04-15 07:51:43,85.91,91.5,114.6,5.86,72.7,35.8,16.6
2026-04-15 07:51:43,85.93,97.8,120.8,5.79,72.2,35.7,16.6
2026-04-15 07:51:43,85.81,96.4,119.6,6.05,72.2,33.3,16.6
2026-04-15 07:51:43,85.84,91.5,113.4,6.19,71.6,36.9,16.6
2026-04-15 07:51:43,85.83,91.5,114.6,6.0,73.2,34.8,16.5
2026-04-15 07:51:44,85.86,86.7,109.8,6.19,72.2,32.8,16.5
2026-04-15 07:51:44,85.7,95.6,106.7,7.02,72.2,44.8,16.6
2026-04-15 07:51:44,85.83,86.5,108.9,6.35,72.7,36.5,16.6
2026-04-15 07:51:44,85.76,88.6,105.5,7.17,71.6,45.3,16.6
2026-04-15 07:51:44,85.64,86.1,110.1,6.21,73.2,37.9,16.6
2026-04-15 07:51:44,85.99,83.8,95.6,7.71,71.0,40.4,16.6
2026-04-15 07:51:45,85.84,95.4,110.6,6.9,72.7,42.4,16.5
2026-04-15 07:51:45,85.85,104.1,127.3,5.71,72.2,33.8,16.6
2026-04-15 07:51:45,85.75,103.1,126.2,6.03,72.7,36.9,16.6
2026-04-15 07:51:45,86.0,96.5,119.8,6.25,72.2,36.5,16.6
2026-04-15 07:51:45,85.78,85.9,109.0,6.42,72.2,34.4,16.6
2026-04-15 07:51:45,85.75,87.9,101.0,7.39,72.2,41.5,16.6
2026-04-15 07:51:45,85.99,91.1,114.3,5.89,71.0,36.6,16.6
2026-04-15 07:51:46,85.79,97.2,120.3,5.79,72.7,32.4,16.6
2026-04-15 07:51:46,85.96,89.0,112.1,6.24,72.7,35.9,16.5
2026-04-15 07:51:46,85.96,95.7,118.5,5.8,72.7,42.0,16.5
2026-04-15 07:51:46,85.86,85.0,108.0,6.45,72.7,35.9,16.5
2026-04-15 07:51:46,85.88,106.8,121.6,6.44,72.7,50.0,16.5
2026-04-15 07:51:46,85.64,91.4,114.3,6.63,72.7,41.9,16.5
2026-04-15 07:51:47,85.94,85.3,108.1,6.23,73.2,30.2,16.5
2026-04-15 07:51:47,85.91,89.4,102.8,7.29,72.2,44.6,16.5
2026-04-15 07:51:47,86.1,88.2,111.9,6.03,71.0,30.6,16.5
2026-04-15 07:51:47,86.03,88.9,98.6,7.45,72.2,43.1,16.5
2026-04-15 07:51:47,86.05,85.2,108.2,6.17,72.2,34.3,16.6
2026-04-15 07:51:47,86.04,90.4,104.5,7.21,72.7,43.9,16.5
2026-04-15 07:51:48,86.03,93.1,116.0,5.91,72.2,34.3,16.6
2026-04-15 07:51:48,86.19,101.1,123.4,5.73,73.8,34.8,16.6
2026-04-15 07:51:48,86.13,100.5,123.7,6.02,73.2,42.6,16.6
2026-04-15 07:51:48,86.07,103.5,126.5,5.9,72.2,36.9,16.6
2026-04-15 07:51:48,86.13,90.7,113.7,6.51,72.7,35.5,16.7
2026-04-15 07:51:48,86.09,98.9,121.5,5.71,72.7,35.7,16.7
2026-04-15 07:51:49,86.11,99.0,122.0,6.01,72.2,33.8,16.7
2026-04-15 07:51:49,86.19,91.0,110.5,6.3,72.2,34.4,16.7
2026-04-15 07:51:49,86.24,88.1,110.4,6.11,72.2,32.8,16.7
2026-04-15 07:51:49,86.23,84.0,107.0,6.15,72.7,35.8,16.7
2026-04-15 07:51:49,86.18,107.0,124.2,6.33,72.2,41.9,16.7
2026-04-15 07:51:49,86.2,84.9,108.6,6.91,72.7,39.3,16.7
2026-04-15 07:51:49,86.17,106.1,118.6,6.56,72.7,49.2,16.7
2026-04-15 07:51:50,86.19,106.5,129.7,5.97,72.2,35.4,16.8
2026-04-15 07:51:50,86.22,107.4,130.4,5.99,71.6,36.4,16.8
2026-04-15 07:51:50,86.02,86.4,109.2,6.86,72.7,36.8,16.8
2026-04-15 07:51:50,86.13,88.3,100.6,7.41,72.2,42.6,16.7
2026-04-15 07:51:50,86.08,119.4,142.4,5.06,72.2,39.7,16.7
2026-04-15 07:51:50,86.1,85.7,97.0,7.52,72.7,39.6,16.7
2026-04-15 07:51:51,86.15,88.0,102.6,7.29,72.2,40.7,16.7
2026-04-15 07:51:51,86.13,88.2,111.7,6.04,73.2,30.6,16.7
2026-04-15 07:51:51,86.14,108.9,131.5,5.35,72.7,37.8,16.7
2026-04-15 07:51:51,86.12,96.8,119.9,6.48,72.2,36.1,16.7
2026-04-15 07:51:51,86.04,94.5,117.2,6.08,71.6,33.9,16.6
2026-04-15 07:51:51,86.2,105.3,128.3,5.64,72.7,36.2,16.6
2026-04-15 07:51:52,85.96,85.1,108.2,6.83,71.6,35.6,16.7
2026-04-15 07:51:52,86.03,86.4,100.9,7.43,73.2,42.6,16.7
2026-04-15 07:51:52,86.1,86.6,98.0,7.5,72.2,38.8,16.7
2026-04-15 07:51:52,86.17,86.6,99.2,7.51,72.7,39.6,16.7
2026-04-15 07:51:52,86.21,113.9,126.7,6.22,72.2,42.9,16.7
2026-04-15 07:51:52,86.14,84.6,101.1,7.29,72.7,37.0,16.7
2026-04-15 07:51:52,86.1,98.0,112.6,6.82,72.7,49.2,16.7
2026-04-15 07:51:53,86.11,84.5,108.0,6.47,71.6,36.5,16.7
2026-04-15 07:51:53,86.04,86.8,97.3,7.46,73.8,49.1,16.7
2026-04-15 07:51:53,86.07,85.3,96.9,7.59,72.2,42.6,16.6
2026-04-15 07:51:53,86.13,84.3,98.2,7.57,73.2,40.7,16.6
2026-04-15 07:51:53,86.06,103.3,120.3,6.48,72.7,40.3,16.6
2026-04-15 07:51:53,86.15,104.6,127.5,6.02,72.2,35.9,16.6
2026-04-15 07:51:53,86.15,132.0,155.0,5.16,72.7,41.0,16.6
2026-04-15 07:51:54,86.12,102.1,124.9,5.89,73.2,32.8,16.7
2026-04-15 07:51:54,86.17,90.3,113.4,6.45,73.2,40.0,16.7
2026-04-15 07:51:54,86.22,93.1,114.9,5.9,72.7,30.8,16.7
2026-04-15 07:51:54,86.14,87.0,110.0,6.23,72.7,30.5,16.7
2026-04-15 07:51:54,86.09,84.2,95.9,7.65,71.6,40.4,16.7
2026-04-15 07:51:54,86.19,84.1,99.0,7.5,71.6,41.5,16.7
2026-04-15 07:51:55,86.12,115.4,131.0,6.06,73.2,42.9,16.7
2026-04-15 07:51:55,86.13,90.9,106.8,7.09,72.7,41.4,16.7
2026-04-15 07:51:55,86.35,108.8,130.7,5.42,71.6,34.2,16.7
2026-04-15 07:51:55,86.2,88.0,111.1,6.87,73.2,35.7,16.7
2026-04-15 07:51:55,86.11,101.5,125.0,5.54,73.2,37.3,16.7
2026-04-15 07:51:55,86.13,97.2,120.2,6.18,72.7,37.9,16.7
2026-04-15 07:51:56,86.14,92.2,115.1,6.18,72.2,40.3,16.8
2026-04-15 07:51:56,86.08,88.2,111.3,6.15,72.7,36.9,16.8
2026-04-15 07:51:56,86.24,96.5,120.2,5.7,72.2,32.4,16.8
2026-04-15 07:51:56,86.17,86.0,108.8,6.43,72.2,38.7,16.8
2026-04-15 07:51:56,86.0,86.6,99.9,7.46,71.6,42.9,16.8
2026-04-15 07:51:56,86.11,120.9,130.4,5.97,71.0,46.8,16.9
2026-04-15 07:51:56,86.29,85.9,97.9,7.6,72.2,39.6,16.8
2026-04-15 07:51:57,86.35,113.7,126.9,6.21,73.2,39.3,16.8
2026-04-15 07:51:57,86.07,87.9,108.6,7.02,72.2,36.8,16.8
2026-04-15 07:51:57,86.15,90.7,113.8,5.96,72.2,35.8,16.8
2026-04-15 07:51:57,86.17,87.7,111.9,6.08,72.2,29.0,16.8
2026-04-15 07:51:57,86.11,87.8,112.2,5.98,73.2,32.3,16.8
2026-04-15 07:51:57,86.04,92.4,115.6,5.88,72.7,34.3,16.8
2026-04-15 07:51:58,86.06,85.6,108.7,6.27,72.2,28.3,16.8
2026-04-15 07:51:58,86.02,92.2,106.0,7.14,72.2,41.8,16.8
2026-04-15 07:51:58,86.12,88.4,111.4,6.15,73.8,30.2,16.8
2026-04-15 07:51:58,86.08,105.3,124.5,5.45,72.7,36.0,16.8
2026-04-15 07:51:58,86.04,89.4,112.6,6.64,73.2,36.7,16.8
2026-04-15 07:51:58,86.18,86.4,107.7,6.1,72.2,35.8,16.7
2026-04-15 07:51:59,86.24,84.7,97.6,7.6,72.2,39.2,16.7
2026-04-15 07:51:59,86.3,91.3,104.4,7.15,72.2,45.0,16.6
2026-04-15 07:51:59,86.23,91.3,109.2,6.01,73.8,47.1,16.6
2026-04-15 07:51:59,86.01,88.1,111.0,6.13,71.6,35.3,16.6
2026-04-15 07:51:59,86.13,88.9,113.0,5.93,72.2,33.3,16.6
2026-04-15 07:51:59,86.21,102.7,126.3,5.56,72.2,33.3,16.6
2026-04-15 07:51:59,86.22,84.5,107.6,6.77,72.7,38.3,16.6
2026-04-15 07:52:00,86.1,84.5,99.4,7.49,71.6,35.3,16.6
2026-04-15 07:52:00,86.29,95.2,110.3,6.94,72.2,42.9,16.6
2026-04-15 07:52:00,86.2,102.1,125.8,5.75,72.2,33.3,16.6
2026-04-15 07:52:00,86.28,86.7,109.8,6.64,71.6,35.0,16.6
2026-04-15 07:52:00,86.17,91.3,104.3,7.23,72.7,38.5,16.6
2026-04-15 07:52:00,86.11,94.9,118.3,5.88,72.7,36.8,16.5
2026-04-15 07:52:01,86.06,88.2,111.6,6.21,72.2,36.4,16.6
2026-04-15 07:52:01,86.23,88.0,111.3,6.05,72.2,32.8,16.5
2026-04-15 07:52:01,86.18,128.4,150.7,4.83,73.2,41.2,16.5
2026-04-15 07:52:01,86.02,109.6,132.7,5.53,73.2,38.6,16.6
2026-04-15 07:52:01,86.18,86.4,109.6,6.96,73.8,37.5,16.6
2026-04-15 07:52:01,86.16,86.1,98.4,7.53,73.2,44.6,16.6
2026-04-15 07:52:02,86.11,93.8,108.2,7.02,72.2,37.0,16.7
2026-04-15 07:52:02,86.13,98.3,122.2,5.87,72.2,35.8,16.7
2026-04-15 07:52:02,86.11,95.7,119.0,6.12,73.8,36.9,16.7
2026-04-15 07:52:02,86.2,95.1,118.3,5.94,71.6,38.6,16.7
2026-04-15 07:52:02,86.11,86.8,109.7,6.42,73.2,34.4,16.7
2026-04-15 07:52:02,86.18,100.9,113.2,6.79,72.7,43.1,16.8
2026-04-15 07:52:02,86.18,86.7,109.7,6.55,73.2,40.6,16.7
2026-04-15 07:52:03,86.04,83.6,92.3,7.69,71.6,40.0,16.7
2026-04-15 07:52:03,86.24,91.8,107.9,7.04,73.2,40.4,16.8
2026-04-15 07:52:03,86.19,94.0,117.3,5.94,72.7,35.4,16.8
2026-04-15 07:52:03,86.18,98.4,114.9,5.85,72.7,38.8,16.8
2026-04-15 07:52:03,86.07,118.3,144.1,5.29,73.2,37.5,16.8
2026-04-15 07:52:03,85.92,95.2,118.4,5.74,72.2,35.6,16.8
2026-04-15 07:52:04,86.04,88.6,111.8,6.25,71.6,32.8,16.8
2026-04-15 07:52:04,86.24,93.2,116.1,5.85,72.7,36.6,16.7
2026-04-15 07:52:04,86.24,87.8,110.4,6.19,72.2,33.3,16.7
2026-04-15 07:52:04,86.26,87.2,110.2,6.03,72.7,32.3,16.7
2026-04-15 07:52:04,86.24,84.7,109.5,6.03,72.2,36.2,16.7
2026-04-15 07:52:04,86.25,95.3,107.4,7.04,73.2,42.4,16.7
2026-04-15 07:52:05,86.22,96.0,118.9,5.98,71.6,34.8,16.7
2026-04-15 07:52:05,86.22,90.4,113.4,6.21,72.7,36.8,16.7
2026-04-15 07:52:05,86.36,88.0,110.9,6.09,72.7,35.8,16.7
2026-04-15 07:52:05,86.22,99.0,122.5,5.58,72.7,36.1,16.7
2026-04-15 07:52:05,86.25,84.3,107.2,6.64,74.9,36.1,16.7
2026-04-15 07:52:05,86.06,136.3,151.5,5.4,72.2,43.1,16.7
2026-04-15 07:52:06,86.29,98.2,121.6,6.17,73.2,33.9,16.7
2026-04-15 07:52:06,86.19,89.8,112.9,6.33,73.8,35.9,16.7
2026-04-15 07:52:06,86.19,120.9,143.9,5.06,73.2,38.8,16.7
2026-04-15 07:52:06,86.17,96.0,107.9,7.06,73.2,38.9,16.7
2026-04-15 07:52:06,86.22,94.7,114.7,6.05,73.8,37.9,16.7
2026-04-15 07:52:06,86.3,85.7,108.7,6.35,72.7,30.5,16.7
2026-04-15 07:52:07,85.9,94.6,108.0,7.03,72.7,40.4,16.7
2026-04-15 07:52:07,85.94,102.0,124.9,5.75,73.2,32.8,16.7
2026-04-15 07:52:07,86.04,85.3,108.4,6.67,73.2,36.1,16.7
2026-04-15 07:52:07,85.96,83.8,97.7,7.57,72.2,42.6,16.7
2026-04-15 07:52:07,85.86,123.4,137.9,5.79,73.2,41.2,16.7
2026-04-15 07:52:07,86.03,105.7,128.8,5.49,72.7,32.4,16.7
2026-04-15 07:52:08,86.03,117.4,140.3,5.6,73.2,42.5,16.7
2026-04-15 07:52:08,86.14,86.9,101.3,7.36,72.7,40.7,16.6
2026-04-15 07:52:08,86.17,110.2,129.6,6.11,72.7,44.6,16.6
2026-04-15 07:52:08,86.02,101.7,117.2,6.62,73.2,35.6,16.6
2026-04-15 07:52:08,85.93,93.1,116.4,6.32,72.7,39.7,16.6
2026-04-15 07:52:08,86.25,84.0,105.5,6.35,73.2,32.3,16.6
2026-04-15 07:52:08,86.38,91.2,106.6,7.11,73.2,40.7,16.7
2026-04-15 07:52:09,86.2,98.9,121.9,5.74,73.8,31.3,16.7
2026-04-15 07:52:09,86.2,101.3,124.4,5.91,72.2,36.2,16.7
2026-04-15 07:52:09,86.19,86.2,109.4,6.6,73.2,33.9,16.7
2026-04-15 07:52:09,86.34,84.1,97.2,7.62,73.2,41.5,16.7
2026-04-15 07:52:09,86.3,91.1,106.1,7.13,72.2,42.6,16.7
2026-04-15 07:52:09,85.93,86.2,109.2,6.19,73.2,27.1,16.8
2026-04-15 07:52:10,86.11,87.3,101.9,7.35,73.2,40.7,16.8
2026-04-15 07:52:10,86.22,86.8,106.7,6.07,73.2,33.8,16.8
2026-04-15 07:52:10,86.12,85.0,96.9,7.61,72.7,39.6,16.7
2026-04-15 07:52:10,86.07,89.7,104.0,7.25,72.7,44.8,16.7
2026-04-15 07:52:10,86.09,87.4,110.5,6.09,73.2,44.1,16.7
2026-04-15 07:52:10,85.95,86.9,99.3,7.49,72.2,44.6,16.7
2026-04-15 07:52:10,85.93,92.4,114.2,5.84,72.7,34.3,16.7
2026-04-15 07:52:11,85.93,84.3,107.4,6.31,73.2,33.3,16.7
2026-04-15 07:52:11,86.03,86.9,102.0,7.35,73.2,42.6,16.7
2026-04-15 07:52:11,85.91,89.4,100.6,7.37,72.7,42.9,16.7
2026-04-15 07:52:11,86.03,85.6,107.4,6.15,73.2,35.9,16.7
2026-04-15 07:52:11,86.01,83.8,97.5,7.61,72.2,36.0,16.7
2026-04-15 07:52:11,86.0,92.6,108.2,7.03,72.7,35.8,16.7
2026-04-15 07:52:11,85.98,96.5,119.4,5.87,73.2,36.4,16.7
2026-04-15 07:52:12,85.93,84.4,107.1,6.47,73.2,29.3,16.7
2026-04-15 07:52:12,85.77,95.6,110.8,6.91,73.2,40.4,16.7
2026-04-15 07:52:12,85.82,94.4,117.8,6.04,73.8,38.2,16.7
2026-04-15 07:52:12,85.91,101.6,124.6,5.77,73.2,32.8,16.7
2026-04-15 07:52:12,85.96,102.0,125.2,5.99,73.2,32.8,16.7
2026-04-15 07:52:12,85.82,117.6,140.2,5.49,74.3,44.7,16.7
2026-04-15 07:52:13,85.89,107.6,122.9,6.38,73.2,35.1,16.7
2026-04-15 07:52:13,85.91,98.7,121.5,6.32,72.7,42.2,16.6
2026-04-15 07:52:13,85.87,101.4,124.8,5.92,72.7,35.8,16.6
2026-04-15 07:52:13,85.94,87.8,110.9,6.55,72.7,31.0,16.6
2026-04-15 07:52:13,85.94,89.2,100.8,7.42,73.2,42.6,16.6
2026-04-15 07:52:13,85.97,94.4,117.6,5.82,72.7,33.8,16.5
2026-04-15 07:52:14,85.69,93.0,115.8,6.06,72.7,34.4,16.5
2026-04-15 07:52:14,85.82,101.6,125.0,5.71,73.8,38.7,16.5
2026-04-15 07:52:14,85.87,86.1,109.8,6.6,73.2,36.7,16.5
2026-04-15 07:52:14,85.82,86.3,99.1,7.51,72.2,43.6,16.5
2026-04-15 07:52:14,85.7,91.2,103.4,7.24,73.2,41.8,16.5
2026-04-15 07:52:14,85.98,86.0,109.0,6.2,73.8,32.3,16.5
2026-04-15 07:52:14,85.82,96.2,109.5,6.97,73.2,38.2,16.5
2026-04-15 07:52:15,85.88,84.1,107.3,6.47,73.8,33.3,16.6
2026-04-15 07:52:15,85.93,95.9,112.0,6.85,73.8,45.2,16.5
2026-04-15 07:52:15,85.76,116.8,149.0,5.11,73.2,36.0,16.5
2026-04-15 07:52:15,85.78,95.4,119.7,5.87,73.2,34.8,16.6
2026-04-15 07:52:15,85.78,131.8,155.0,4.95,72.2,33.3,16.6
2026-04-15 07:52:15,85.84,91.6,114.9,6.26,73.2,32.3,16.6
2026-04-15 07:52:16,85.71,100.6,123.5,5.69,73.2,38.0,16.6
2026-04-15 07:52:16,85.58,100.9,125.0,5.96,72.7,37.7,16.6
2026-04-15 07:52:16,85.86,91.2,115.7,6.35,72.7,38.7,16.6
2026-04-15 07:52:16,85.86,86.0,109.3,6.25,72.7,31.7,16.6
2026-04-15 07:52:16,86.15,85.4,100.7,7.43,73.8,45.6,16.6
2026-04-15 07:52:16,86.03,89.5,101.1,7.39,74.3,38.5,16.6
2026-04-15 07:52:17,86.09,123.7,146.6,4.98,73.8,39.0,16.6
2026-04-15 07:52:17,86.07,96.7,120.2,5.77,73.2,34.8,16.6
2026-04-15 07:52:17,86.0,111.3,134.6,5.52,73.2,38.0,16.6
2026-04-15 07:52:17,85.99,100.3,121.6,6.44,73.8,35.0,16.6
2026-04-15 07:52:17,86.01,87.2,110.0,6.51,72.7,34.4,16.5
2026-04-15 07:52:17,85.93,99.7,123.0,5.58,73.2,33.8,16.5
2026-04-15 07:52:18,86.02,101.4,123.5,5.95,73.2,36.9,16.5
2026-04-15 07:52:18,85.99,104.0,123.9,5.9,72.7,37.9,16.5
2026-04-15 07:52:18,85.86,108.1,131.5,5.85,72.7,39.7,16.5
2026-04-15 07:52:18,85.79,89.9,112.7,6.75,72.7,39.3,16.5
2026-04-15 07:52:18,85.77,119.5,143.7,5.07,72.2,30.1,16.5
2026-04-15 07:52:18,85.96,85.9,107.5,6.05,71.6,33.8,16.5
2026-04-15 07:52:19,85.88,84.3,96.9,7.6,73.2,42.3,16.5
2026-04-15 07:52:19,85.85,117.3,130.4,6.01,72.7,42.2,16.5
2026-04-15 07:52:19,86.21,108.7,121.3,6.31,73.2,42.9,16.5
2026-04-15 07:52:19,86.19,87.7,110.8,6.9,73.2,35.7,16.5
2026-04-15 07:52:19,86.35,111.3,123.0,6.37,73.2,39.7,16.5
2026-04-15 07:52:19,86.23,104.6,126.1,6.25,73.2,40.6,16.5
2026-04-15 07:52:20,86.25,111.3,134.5,5.77,73.2,33.3,16.5
2026-04-15 07:52:20,86.23,85.8,106.9,7.09,73.8,38.2,16.5
2026-04-15 07:52:20,86.22,104.9,118.1,6.56,71.6,42.4,16.6
2026-04-15 07:52:20,86.28,86.3,109.3,6.77,72.2,35.1,16.6
2026-04-15 07:52:20,86.14,84.4,95.9,7.59,72.7,41.5,16.6
2026-04-15 07:52:20,86.33,90.2,104.5,7.21,72.2,37.7,16.7
2026-04-15 07:52:20,86.0,107.1,130.2,5.45,73.2,30.4,16.7
2026-04-15 07:52:21,86.01,93.5,116.5,6.54,72.7,37.7,16.6
2026-04-15 07:52:21,86.07,106.4,129.4,5.57,72.7,31.9,16.7
2026-04-15 07:52:21,86.18,133.7,156.9,5.16,72.7,43.1,16.7
2026-04-15 07:52:21,86.15,93.2,116.3,6.28,73.2,33.3,16.7
2026-04-15 07:52:21,86.19,90.1,113.2,6.12,72.7,34.4,16.7
2026-04-15 07:52:21,86.03,90.0,111.6,6.01,72.7,33.3,16.7
2026-04-15 07:52:22,86.0,107.2,130.2,5.45,73.8,38.7,16.7
2026-04-15 07:52:22,86.01,84.7,107.9,6.93,72.7,31.5,16.7
2026-04-15 07:52:22,85.97,115.6,128.3,6.09,71.6,43.9,16.6
2026-04-15 07:52:22,85.93,96.0,112.3,6.81,72.7,37.9,16.6
2026-04-15 07:52:22,86.11,92.6,115.7,6.12,72.7,35.4,16.6
2026-04-15 07:52:22,85.93,85.0,108.1,6.29,72.7,37.3,16.6
2026-04-15 07:52:23,85.98,105.3,119.6,6.52,73.2,44.4,16.6
2026-04-15 07:52:23,86.03,115.0,140.2,5.6,73.8,40.0,16.6
2026-04-15 07:52:23,86.09,92.4,108.7,7.02,73.2,35.7,16.6
2026-04-15 07:52:23,86.0,88.1,111.2,6.18,73.2,35.0,16.6
2026-04-15 07:52:23,86.06,85.6,108.6,6.1,72.7,31.7,16.6
2026-04-15 07:52:23,86.0,83.9,97.9,7.58,73.2,34.7,16.6
2026-04-15 07:52:24,86.1,94.2,109.1,6.98,73.8,39.3,16.6
2026-04-15 07:52:24,86.1,92.7,116.0,6.01,73.8,34.3,16.6
2026-04-15 07:52:24,86.01,94.5,117.8,5.98,72.7,33.8,16.6
2026-04-15 07:52:24,86.16,102.0,124.5,5.74,73.2,39.4,16.6
2026-04-15 07:52:24,86.1,83.7,106.7,6.76,72.2,35.6,16.6
2026-04-15 07:52:24,86.15,103.7,121.3,6.45,73.2,39.3,16.6
2026-04-15 07:52:24,86.05,87.3,110.7,6.71,73.2,36.7,16.5
2026-04-15 07:52:25,85.87,95.2,106.5,7.11,73.8,43.6,16.6
2026-04-15 07:52:25,85.94,83.0,106.6,6.45,72.7,28.8,16.6
2026-04-15 07:52:25,85.97,91.8,107.4,7.04,73.8,48.1,16.6
2026-04-15 07:52:25,86.0,95.7,118.7,5.88,72.7,32.3,16.6
2026-04-15 07:52:25,86.02,106.0,129.0,5.66,73.2,34.3,16.6
2026-04-15 07:52:25,86.09,84.6,107.8,6.89,73.2,33.9,16.6
2026-04-15 07:52:26,86.09,99.8,115.0,6.72,73.2,40.7,16.6
2026-04-15 07:52:26,86.04,86.4,108.9,6.52,71.6,38.3,16.6
2026-04-15 07:52:26,86.04,85.7,98.0,7.56,72.2,38.0,16.6
2026-04-15 07:52:26,85.9,102.1,115.9,6.65,73.2,45.0,16.6
2026-04-15 07:52:26,86.04,105.2,133.1,5.75,72.2,36.8,16.7
2026-04-15 07:52:26,85.99,93.0,115.8,6.68,73.8,34.5,16.7
2026-04-15 07:52:26,85.96,102.8,126.1,5.67,73.8,33.8,16.7
2026-04-15 07:52:27,85.95,93.8,117.0,6.35,72.7,34.4,16.7
2026-04-15 07:52:27,85.85,89.7,109.5,6.16,73.2,37.9,16.7
2026-04-15 07:52:27,85.94,109.8,131.9,5.35,72.7,37.3,16.7
2026-04-15 07:52:27,86.14,102.6,117.8,6.28,73.2,47.0,16.7
2026-04-15 07:52:27,85.88,85.6,108.7,6.68,73.2,34.5,16.7
2026-04-15 07:52:27,85.98,87.1,100.9,7.43,73.8,37.3,16.7
2026-04-15 07:52:28,85.96,84.4,96.6,7.64,73.8,41.5,16.6
2026-04-15 07:52:28,86.13,86.8,101.5,7.37,73.2,47.4,16.6
2026-04-15 07:52:28,86.0,83.2,95.5,7.73,73.8,36.7,16.6
2026-04-15 07:52:28,85.94,88.9,105.7,7.17,72.7,41.1,16.6
2026-04-15 07:52:28,85.97,127.3,147.4,4.89,73.8,38.1,16.6
2026-04-15 07:52:28,85.95,84.7,107.8,6.36,73.2,32.8,16.6
2026-04-15 07:52:28,85.88,88.0,102.8,7.32,73.2,42.1,16.6
2026-04-15 07:52:29,86.03,91.8,104.3,7.2,72.7,40.7,16.6
2026-04-15 07:52:29,85.94,83.5,106.5,6.39,74.3,33.9,16.6
2026-04-15 07:52:29,85.95,108.5,123.8,6.32,73.2,40.6,16.6
2026-04-15 07:52:29,85.95,90.3,113.4,6.75,72.2,36.2,16.6
2026-04-15 07:52:29,85.91,95.5,118.4,5.82,72.7,35.8,16.6
2026-04-15 07:52:29,85.98,93.2,116.3,6.08,72.2,32.8,16.6
2026-04-15 07:52:30,85.95,96.7,110.2,5.87,73.2,42.0,16.6
2026-04-15 07:52:30,85.97,90.3,113.2,6.24,73.2,35.5,16.6
2026-04-15 07:52:30,85.96,89.3,112.5,5.97,73.8,31.3,16.6
2026-04-15 07:52:30,85.82,97.0,120.1,5.8,73.2,29.0,16.6
2026-04-15 07:52:30,85.88,106.8,129.9,5.67,72.7,33.3,16.6
2026-04-15 07:52:30,85.98,90.0,113.1,6.67,72.7,35.6,16.7
2026-04-15 07:52:31,85.91,88.9,111.8,6.05,72.2,32.8,16.7
2026-04-15 07:52:31,85.93,94.9,117.9,5.79,72.7,36.2,16.7
2026-04-15 07:52:31,85.97,109.2,132.4,5.53,73.2,38.9,16.7
2026-04-15 07:52:31,85.87,84.0,107.2,7.08,73.2,32.7,16.8
2026-04-15 07:52:31,85.94,89.6,105.9,7.16,72.2,44.8,16.8
2026-04-15 07:52:31,86.0,84.6,107.7,6.22,72.7,31.1,16.8
2026-04-15 07:52:31,85.85,84.7,99.9,7.49,73.8,36.7,16.8
2026-04-15 07:52:32,85.89,116.9,131.9,6.04,72.7,43.1,16.8
2026-04-15 07:52:32,85.96,91.2,106.7,7.08,73.8,43.1,16.8
2026-04-15 07:52:32,86.04,94.9,118.1,5.89,73.8,31.7,16.8
2026-04-15 07:52:32,86.02,88.1,111.1,6.27,73.8,35.4,16.8
2026-04-15 07:52:32,86.04,98.1,121.1,5.65,73.2,38.7,16.8
2026-04-15 07:52:32,86.01,85.8,109.7,6.46,73.2,37.1,16.9
2026-04-15 07:52:33,85.87,84.2,96.6,7.62,73.2,42.6,16.9
2026-04-15 07:52:33,86.08,85.2,101.5,7.37,74.3,40.4,16.9
2026-04-15 07:52:33,86.05,108.1,120.5,6.47,72.7,40.4,16.9
2026-04-15 07:52:33,85.93,99.2,122.4,6.34,73.8,38.7,16.9
2026-04-15 07:52:33,85.98,100.1,123.3,5.96,72.7,37.9,16.9
2026-04-15 07:52:33,86.03,93.0,116.1,6.29,73.2,36.9,16.9
2026-04-15 07:52:34,85.98,108.6,132.6,5.46,73.8,41.7,16.9
2026-04-15 07:52:34,86.03,101.6,124.1,6.3,73.8,37.5,16.9
2026-04-15 07:52:34,86.08,107.7,127.3,5.75,73.8,37.7,16.9
2026-04-15 07:52:34,86.05,93.3,114.5,6.62,73.8,36.7,16.9
2026-04-15 07:52:34,86.01,89.9,112.9,6.14,73.8,33.8,16.9
2026-04-15 07:52:34,86.04,84.4,108.1,6.18,72.7,32.3,16.9
2026-04-15 07:52:35,86.04,106.1,120.2,6.48,73.8,44.3,16.9
2026-04-15 07:52:35,85.91,85.4,108.5,6.86,73.8,37.3,17.0
2026-04-15 07:52:35,86.02,101.7,116.0,6.68,73.8,43.3,17.0
2026-04-15 07:52:35,86.01,95.3,118.4,6.25,72.7,33.3,17.0
2026-04-15 07:52:35,85.97,97.4,115.9,5.92,72.7,33.8,17.0
2026-04-15 07:52:35,86.11,121.8,145.1,5.23,73.8,41.1,17.0
2026-04-15 07:52:36,86.07,88.9,112.0,6.0,73.2,35.3,17.0
2026-04-15 07:52:36,86.04,85.2,108.3,6.14,72.7,35.4,17.0
2026-04-15 07:52:36,85.89,88.2,102.2,7.34,74.3,46.6,16.9
2026-04-15 07:52:36,86.06,94.8,124.1,5.57,73.8,37.1,17.0
2026-04-15 07:52:36,85.84,94.1,117.1,6.26,73.2,35.9,17.0
2026-04-15 07:52:36,85.8,89.6,112.8,6.17,73.2,34.8,16.9
2026-04-15 07:52:36,85.82,92.0,115.1,5.92,73.8,35.8,16.9
2026-04-15 07:52:37,85.94,91.2,114.3,6.04,73.2,32.3,16.9
2026-04-15 07:52:37,85.87,106.7,129.4,5.48,74.3,35.2,16.9
2026-04-15 07:52:37,85.95,96.9,119.8,6.39,73.8,38.7,16.9
2026-04-15 07:52:37,85.84,104.9,125.8,5.69,73.8,35.7,16.9
2026-04-15 07:52:37,85.73,99.2,121.8,6.26,73.2,33.9,16.9
2026-04-15 07:52:37,85.91,109.4,132.8,5.65,73.8,37.5,16.8
2026-04-15 07:52:38,85.8,120.1,143.1,5.65,73.8,43.3,16.9
2026-04-15 07:52:38,85.78,119.1,142.2,5.03,73.2,31.2,16.9
2026-04-15 07:52:38,85.95,90.4,103.5,7.25,73.2,38.2,16.9
2026-04-15 07:52:38,86.02,90.5,113.6,6.0,73.8,35.4,16.9
2026-04-15 07:52:38,86.03,90.8,114.0,5.99,73.2,31.3,16.9
2026-04-15 07:52:39,85.93,96.6,119.8,5.8,72.7,36.2,16.9
2026-04-15 07:52:39,85.95,91.0,114.1,6.2,74.3,35.9,16.9
2026-04-15 07:52:39,85.89,90.5,113.0,6.03,73.2,35.8,16.9
2026-04-15 07:52:39,85.89,141.6,164.7,4.59,72.2,36.0,16.9
2026-04-15 07:52:39,85.89,85.4,108.2,6.96,73.2,35.7,16.9
2026-04-15 07:52:39,86.02,96.7,110.4,6.91,73.2,41.4,16.8
2026-04-15 07:52:40,85.99,93.5,116.5,6.12,73.8,34.4,16.8
2026-04-15 07:52:40,85.86,121.8,144.9,5.14,73.8,36.7,16.8
2026-04-15 07:52:40,85.76,96.0,119.2,5.74,73.2,32.9,16.9
2026-04-15 07:52:40,85.87,120.6,141.7,5.23,72.7,41.6,16.9
2026-04-15 07:52:40,85.9,84.2,96.0,7.69,72.7,41.8,16.9
2026-04-15 07:52:40,85.89,90.7,106.1,7.14,73.2,42.1,16.9
2026-04-15 07:52:40,85.83,84.9,108.0,6.23,72.7,32.8,16.9
2026-04-15 07:52:41,85.79,88.2,102.5,7.32,72.2,42.9,16.9
2026-04-15 07:52:41,85.87,91.3,114.5,5.89,73.2,37.7,16.9
2026-04-15 07:52:41,85.86,105.6,129.7,5.5,73.8,40.0,16.8
2026-04-15 07:52:41,86.03,87.1,110.3,6.8,72.2,36.8,16.8
2026-04-15 07:52:41,85.98,84.4,96.3,7.67,73.2,39.6,16.8
2026-04-15 07:52:41,85.95,88.6,103.2,7.28,73.2,40.7,16.7
2026-04-15 07:52:42,85.82,84.2,95.2,7.7,73.8,38.0,16.7
2026-04-15 07:52:42,85.9,87.6,101.5,7.36,73.8,40.7,16.7
2026-04-15 07:52:42,86.02,95.6,107.4,7.08,73.2,41.8,16.7
2026-04-15 07:52:42,85.82,88.2,111.5,6.26,73.8,37.5,16.6
2026-04-15 07:52:42,85.83,86.8,109.8,6.07,73.2,34.3,16.6
2026-04-15 07:52:42,85.81,87.9,100.1,7.44,73.8,44.6,16.6
2026-04-15 07:52:42,85.87,93.7,116.9,5.8,73.2,42.9,16.6
2026-04-15 07:52:43,85.9,86.7,109.7,6.28,74.3,35.4,16.6
2026-04-15 07:52:43,85.92,87.2,99.9,7.47,73.2,45.6,16.6
2026-04-15 07:52:43,85.97,94.8,106.6,7.1,72.2,48.3,16.6
2026-04-15 07:52:43,85.99,87.6,110.5,6.26,73.8,37.9,16.6
2026-04-15 07:52:43,85.87,116.0,139.3,5.13,73.2,35.1,16.6
2026-04-15 07:52:43,85.93,107.7,124.2,6.33,72.7,40.0,16.6
2026-04-15 07:52:44,85.68,97.0,120.3,6.4,73.8,40.6,16.6
2026-04-15 07:52:44,85.85,86.7,109.8,6.41,74.3,35.5,16.7
2026-04-15 07:52:44,85.88,97.6,109.7,6.94,74.3,45.6,16.7
2026-04-15 07:52:44,85.94,95.2,118.2,6.09,73.2,35.8,16.7
2026-04-15 07:52:44,85.85,90.5,107.9,6.17,73.8,38.2,16.7
2026-04-15 07:52:44,85.91,89.0,112.1,5.99,73.2,35.8,16.8
2026-04-15 07:52:45,85.88,91.5,114.6,5.98,73.2,32.8,16.8
2026-04-15 07:52:45,85.82,108.4,131.4,5.45,73.2,39.7,16.8
2026-04-15 07:52:45,85.96,86.0,109.2,6.93,73.2,34.5,16.8
2026-04-15 07:52:45,85.91,102.7,115.3,6.67,73.8,46.0,16.8
2026-04-15 07:52:45,85.94,111.5,134.6,5.7,73.8,34.8,16.8
2026-04-15 07:52:45,85.97,86.8,107.9,7.06,73.2,36.4,16.8
2026-04-15 07:52:45,85.81,96.8,109.2,6.97,73.8,40.7,16.8
2026-04-15 07:52:46,86.05,92.0,114.7,6.18,73.2,38.5,16.8
2026-04-15 07:52:46,85.97,83.6,106.7,6.33,73.8,32.8,16.8
2026-04-15 07:52:46,86.09,110.9,127.0,6.22,73.8,41.7,16.8
2026-04-15 07:52:46,85.98,85.0,106.6,7.12,73.2,39.3,16.8
2026-04-15 07:52:46,85.93,102.4,117.0,6.62,72.7,41.7,16.8
2026-04-15 07:52:46,85.92,91.0,114.3,6.46,73.8,36.5,16.8
2026-04-15 07:52:47,86.0,84.6,107.7,6.25,73.2,30.0,16.7
2026-04-15 07:52:47,85.96,95.1,109.6,6.96,73.8,40.0,16.7
2026-04-15 07:52:47,86.03,83.5,106.7,6.45,73.8,33.9,16.7
2026-04-15 07:52:47,86.0,90.5,103.8,7.12,73.8,44.2,16.7
2026-04-15 07:52:47,86.01,94.9,119.9,5.78,73.8,47.9,16.7
2026-04-15 07:52:47,86.12,98.8,121.9,5.94,73.2,34.3,16.7
2026-04-15 07:52:47,86.07,92.6,115.6,6.23,73.8,34.9,16.7
2026-04-15 07:52:48,86.16,102.0,125.2,5.68,73.8,33.3,16.7
2026-04-15 07:52:48,86.13,107.3,130.1,5.82,73.2,35.8,16.7
2026-04-15 07:52:48,86.12,91.2,113.1,6.61,72.7,39.7,16.7
2026-04-15 07:52:48,86.29,111.6,134.8,5.36,73.8,37.3,16.7
2026-04-15 07:52:48,86.15,97.6,118.9,6.55,73.8,41.3,16.7
2026-04-15 07:52:48,86.09,83.6,106.5,6.56,73.2,33.9,16.7
2026-04-15 07:52:49,86.1,87.6,101.9,7.28,73.2,43.9,16.7
2026-04-15 07:52:49,85.97,85.3,109.0,6.07,73.8,34.8,16.7
2026-04-15 07:52:49,86.0,88.2,99.6,7.38,74.3,39.6,16.7
2026-04-15 07:52:49,86.13,85.7,108.9,6.08,72.7,34.3,16.7
2026-04-15 07:52:49,86.05,106.6,120.0,6.49,73.2,38.7,16.7
2026-04-15 07:52:49,86.09,94.7,125.8,6.15,73.2,39.3,16.7
2026-04-15 07:52:50,86.15,89.0,112.2,6.54,73.8,38.1,16.7
2026-04-15 07:52:50,86.17,96.2,115.8,5.75,73.2,34.3,16.7
2026-04-15 07:52:50,86.15,112.5,135.6,5.47,72.7,36.1,16.7
2026-04-15 07:52:50,86.17,99.9,120.1,6.49,73.2,33.3,16.7
2026-04-15 07:52:50,86.13,91.9,118.3,6.17,73.8,38.8,16.7
2026-04-15 07:52:50,86.05,93.5,116.5,6.06,73.8,30.6,16.8
2026-04-15 07:52:51,86.17,93.1,116.2,6.02,73.8,35.8,16.8
2026-04-15 07:52:51,86.13,86.5,109.5,6.25,73.8,34.9,16.8
2026-04-15 07:52:51,86.15,87.6,99.7,7.44,72.2,46.4,16.9
2026-04-15 07:52:51,86.04,109.9,134.1,5.27,73.8,36.8,16.9
2026-04-15 07:52:51,86.01,114.4,134.1,5.88,73.8,38.8,16.9
2026-04-15 07:52:51,86.01,89.1,108.1,7.03,73.2,41.4,16.9
2026-04-15 07:52:52,85.79,107.0,126.8,5.46,73.8,31.9,17.0
2026-04-15 07:52:52,85.94,96.5,115.2,6.4,73.2,44.3,17.0
2026-04-15 07:52:52,85.84,93.9,116.9,6.1,73.2,36.4,17.0
2026-04-15 07:52:52,85.93,90.4,113.0,6.12,73.8,35.4,17.0
2026-04-15 07:52:52,85.96,84.2,107.2,6.24,73.2,35.4,17.0
2026-04-15 07:52:52,85.97,87.1,102.3,7.33,72.2,40.0,17.0
2026-04-15 07:52:52,86.13,93.4,106.1,7.15,73.2,43.1,16.9
2026-04-15 07:52:53,86.27,102.8,125.7,5.7,73.8,36.2,16.9
2026-04-15 07:52:53,86.12,82.8,105.8,6.81,74.3,35.6,16.9
2026-04-15 07:52:53,86.32,87.7,104.5,7.23,74.3,38.5,16.9
2026-04-15 07:52:53,86.16,90.4,117.2,5.79,73.8,34.3,17.0
2026-04-15 07:52:53,86.21,97.0,120.0,5.91,73.8,33.8,16.9
2026-04-15 07:52:53,86.15,105.1,128.7,5.71,73.8,39.4,16.9
2026-04-15 07:52:54,86.1,90.0,113.7,6.6,73.8,36.7,16.9
2026-04-15 07:52:54,86.03,87.2,110.4,6.12,73.8,32.3,16.8
2026-04-15 07:52:54,86.18,119.4,142.5,5.03,72.7,37.7,16.8
2026-04-15 07:52:54,86.13,90.8,103.9,7.25,73.2,42.1,16.8
2026-04-15 07:52:54,86.28,85.4,108.5,6.2,73.8,33.3,16.8
2026-04-15 07:52:54,86.17,87.7,100.9,7.37,73.8,40.7,16.7
2026-04-15 07:52:55,86.21,86.7,110.8,6.0,73.2,35.8,16.7
2026-04-15 07:52:55,86.14,94.2,117.4,5.78,72.7,34.8,16.7
2026-04-15 07:52:55,86.1,89.4,112.5,6.18,73.2,32.8,16.7
2026-04-15 07:52:55,86.01,87.4,108.5,6.07,73.8,33.3,16.7
2026-04-15 07:52:55,86.11,86.1,98.3,7.56,73.8,45.5,16.7
2026-04-15 07:52:55,86.2,95.1,107.6,7.05,72.7,40.4,16.7
2026-04-15 07:52:55,86.12,99.5,122.7,5.84,73.2,33.8,16.7
2026-04-15 07:52:56,86.11,84.6,107.1,6.6,72.7,33.3,16.8
2026-04-15 07:52:56,86.23,124.2,139.0,5.78,74.3,49.3,16.8
2026-04-15 07:52:56,86.14,125.1,148.5,4.97,73.8,36.7,16.8
2026-04-15 07:52:56,86.02,85.4,108.4,6.26,73.8,33.3,16.8
2026-04-15 07:52:56,86.07,84.6,95.6,7.53,73.8,50.0,16.7
2026-04-15 07:52:56,86.03,96.9,111.3,6.87,72.2,37.5,16.7
2026-04-15 07:52:57,86.2,89.1,111.2,6.29,73.2,32.8,16.7
2026-04-15 07:52:57,86.26,93.2,116.4,5.86,73.2,36.4,16.7
2026-04-15 07:52:57,86.16,105.7,128.8,5.59,72.7,37.1,16.7
2026-04-15 07:52:57,86.18,88.7,111.7,6.69,72.7,35.6,16.6
2026-04-15 07:52:57,86.21,83.7,106.9,6.18,72.7,32.3,16.6
2026-04-15 07:52:57,86.22,86.6,101.8,7.35,74.3,43.4,16.6
2026-04-15 07:52:58,86.15,84.5,97.1,7.63,73.8,39.6,16.6
2026-04-15 07:52:58,86.17,87.8,102.5,7.33,73.2,40.7,16.6
2026-04-15 07:52:58,86.13,98.9,122.0,5.62,74.3,37.5,16.6
2026-04-15 07:52:58,86.05,91.3,113.7,6.29,73.2,37.9,16.6
2026-04-15 07:52:58,85.89,86.3,107.5,6.18,73.8,31.7,16.6
2026-04-15 07:52:58,85.95,85.2,98.8,7.53,73.8,41.8,16.6
2026-04-15 07:52:58,86.0,117.1,126.3,6.04,73.8,47.7,16.6
2026-04-15 07:52:59,85.99,100.9,115.1,6.7,73.8,39.7,16.6
2026-04-15 07:52:59,86.26,102.6,123.4,5.94,73.2,36.8,16.6
2026-04-15 07:52:59,86.28,107.8,130.9,5.83,72.7,39.1,16.6
2026-04-15 07:52:59,86.06,87.4,107.7,6.84,73.8,37.9,16.6
2026-04-15 07:52:59,86.19,88.5,100.7,7.44,73.2,38.0,16.6
2026-04-15 07:52:59,85.97,88.2,110.8,6.02,72.7,35.8,16.6
2026-04-15 07:53:00,86.2,96.3,119.5,5.72,72.7,30.8,16.5
2026-04-15 07:53:00,86.14,108.4,131.4,5.6,73.2,37.7,16.5
2026-04-15 07:53:00,86.09,93.6,115.8,6.56,74.3,36.2,16.6
2026-04-15 07:53:00,86.23,89.5,112.4,6.18,73.2,37.3,16.6
2026-04-15 07:53:00,86.35,93.2,116.8,5.86,73.8,33.8,16.6
2026-04-15 07:53:00,86.38,83.5,106.6,6.4,72.7,33.3,16.6
2026-04-15 07:53:01,86.41,87.7,101.8,7.26,72.7,40.7,16.6
2026-04-15 07:53:01,86.34,96.0,119.1,5.72,74.3,33.3,16.6
2026-04-15 07:53:01,86.45,86.1,108.9,6.38,73.8,35.5,16.6
2026-04-15 07:53:01,86.48,90.8,105.1,7.14,73.2,47.4,16.6
2026-04-15 07:53:01,86.29,85.6,109.1,6.26,73.2,37.3,16.6
2026-04-15 07:53:01,86.37,90.3,105.6,7.18,73.8,41.8,16.6
2026-04-15 07:53:01,86.44,89.1,113.0,6.08,74.3,31.7,16.6
2026-04-15 07:53:02,86.43,89.1,112.1,6.04,74.3,30.2,16.6
2026-04-15 07:53:02,86.42,83.3,106.2,6.22,73.2,32.8,16.6
2026-04-15 07:53:02,86.5,111.2,126.6,6.2,73.2,46.8,16.6
2026-04-15 07:53:02,86.37,98.8,120.7,6.47,73.8,40.3,16.7
2026-04-15 07:53:02,86.32,85.4,108.3,6.54,73.2,35.0,16.7
2026-04-15 07:53:02,86.31,87.3,100.8,7.38,73.8,38.0,16.7
2026-04-15 07:53:03,86.19,110.3,122.1,6.41,73.8,40.3,16.7
2026-04-15 07:53:03,86.21,104.8,127.4,6.2,73.8,35.5,16.8
2026-04-15 07:53:03,86.22,88.4,110.4,6.66,74.3,41.3,16.8
2026-04-15 07:53:03,86.08,93.8,117.0,5.81,73.8,36.8,16.8
2026-04-15 07:53:03,86.13,92.9,115.7,6.04,73.2,34.8,16.8
2026-04-15 07:53:03,86.22,85.4,107.2,6.23,73.8,35.4,16.8
2026-04-15 07:53:04,86.22,105.3,117.4,6.59,73.8,39.7,16.9
2026-04-15 07:53:04,86.15,102.4,124.8,6.11,72.2,42.0,16.9
2026-04-15 07:53:04,86.29,85.3,108.2,6.7,73.2,36.2,16.9
2026-04-15 07:53:04,86.32,85.1,100.0,7.46,74.3,43.6,16.9
2026-04-15 07:53:04,86.23,84.1,96.8,7.63,73.8,40.7,16.9
2026-04-15 07:53:04,86.17,111.0,124.3,6.24,73.8,44.3,17.0
2026-04-15 07:53:04,86.33,86.6,108.1,7.05,73.2,34.5,17.0
2026-04-15 07:53:05,86.25,92.5,115.4,5.79,73.8,37.0,17.0
2026-04-15 07:53:05,86.2,95.5,118.6,5.9,74.3,33.8,17.0
2026-04-15 07:53:05,86.17,88.4,112.0,6.25,73.2,33.9,17.0
2026-04-15 07:53:05,86.0,112.5,136.9,5.22,73.2,38.7,17.0
2026-04-15 07:53:05,86.0,127.4,146.4,5.53,74.3,57.3,17.0
2026-04-15 07:53:05,85.95,102.9,124.8,5.72,72.7,34.3,16.9
2026-04-15 07:53:06,86.02,107.8,130.6,5.82,73.8,37.3,16.9
2026-04-15 07:53:06,86.13,100.4,123.7,6.29,72.7,37.5,17.0
2026-04-15 07:53:06,85.98,97.0,120.1,6.13,73.2,41.8,17.0
2026-04-15 07:53:06,86.13,93.2,116.1,6.14,73.2,40.3,17.0
2026-04-15 07:53:06,86.14,100.0,123.3,5.76,74.3,34.8,17.0
2026-04-15 07:53:06,86.09,86.2,109.2,6.56,73.8,34.4,17.0
2026-04-15 07:53:07,86.06,86.3,97.1,7.38,74.3,52.6,17.0
2026-04-15 07:53:07,85.98,86.1,108.7,6.08,74.3,34.8,16.9
2026-04-15 07:53:07,86.08,89.0,102.3,7.35,73.2,39.6,16.9
2026-04-15 07:53:07,86.09,98.0,108.0,7.02,73.2,42.9,16.9
2026-04-15 07:53:07,86.15,96.3,119.4,6.06,74.3,33.3,16.9
2026-04-15 07:53:07,86.26,86.0,110.5,6.34,73.8,39.1,16.9
2026-04-15 07:53:07,86.07,83.8,95.8,7.72,72.7,39.2,16.9
2026-04-15 07:53:08,86.16,83.8,99.4,7.5,73.8,43.6,16.8
2026-04-15 07:53:08,86.21,88.5,104.2,7.24,74.3,42.1,16.8
2026-04-15 07:53:08,86.06,90.8,113.8,5.93,73.8,32.3,16.9
2026-04-15 07:53:08,86.02,114.1,137.3,5.27,72.2,32.4,16.9
2026-04-15 07:53:08,86.07,86.6,105.3,7.19,72.7,40.4,16.9
2026-04-15 07:53:08,86.02,102.5,116.5,6.64,73.8,42.1,16.9
2026-04-15 07:53:09,86.05,85.3,108.0,6.74,74.3,35.6,16.9
2026-04-15 07:53:09,85.99,85.4,98.8,7.5,73.8,41.8,16.9
2026-04-15 07:53:09,86.19,103.2,113.6,6.61,72.2,52.5,16.8
2026-04-15 07:53:09,86.12,93.7,116.6,6.39,73.2,33.3,16.8
2026-04-15 07:53:09,86.17,93.0,116.1,6.02,74.9,33.3,16.8
2026-04-15 07:53:09,86.14,83.9,106.9,6.35,73.2,34.9,16.8
2026-04-15 07:53:09,86.12,95.0,112.8,6.82,73.8,41.4,16.8
2026-04-15 07:53:10,86.12,87.1,110.3,6.39,73.8,36.5,16.8
2026-04-15 07:53:10,86.11,84.2,96.1,7.67,73.8,42.6,16.8
2026-04-15 07:53:10,86.01,90.9,106.1,7.14,73.2,37.7,16.8
2026-04-15 07:53:10,86.19,104.2,127.2,5.56,72.7,35.2,16.8
2026-04-15 07:53:10,86.19,93.0,116.1,6.44,72.7,36.1,16.8
2026-04-15 07:53:10,86.22,110.2,133.7,5.42,73.8,33.3,16.8
2026-04-15 07:53:11,86.17,88.1,111.0,6.91,72.2,36.8,16.9
2026-04-15 07:53:11,86.14,90.2,113.1,5.96,73.2,33.3,16.8
2026-04-15 07:53:11,86.14,108.4,131.4,5.41,73.2,34.8,16.8
2026-04-15 07:53:11,86.22,96.9,119.7,6.44,74.3,37.3,16.8
2026-04-15 07:53:11,86.19,105.2,128.1,5.72,72.7,37.1,16.8
2026-04-15 07:53:11,86.26,87.9,110.8,6.7,73.2,35.6,16.8
2026-04-15 07:53:12,86.1,90.9,114.2,5.89,74.3,36.8,16.8
2026-04-15 07:53:12,86.11,87.7,110.7,6.13,73.2,35.4,16.8
2026-04-15 07:53:12,86.12,87.7,110.6,6.0,73.8,36.8,16.7
2026-04-15 07:53:12,86.08,86.3,108.2,6.05,73.2,34.3,16.7
2026-04-15 07:53:12,86.24,93.2,105.8,7.14,73.8,44.8,16.7
2026-04-15 07:53:12,86.02,88.5,111.5,6.17,72.7,34.4,16.7
2026-04-15 07:53:13,86.23,105.2,128.3,5.46,74.9,37.3,16.7
2026-04-15 07:53:13,86.14,96.6,119.5,6.33,74.3,37.5,16.7
2026-04-15 07:53:13,86.07,85.9,109.0,6.41,74.3,33.3,16.7
2026-04-15 07:53:13,86.12,88.8,101.7,7.35,74.3,38.5,16.7
2026-04-15 07:53:13,86.06,87.7,110.9,6.04,74.3,36.4,16.7
2026-04-15 07:53:13,86.17,85.8,93.5,7.62,74.3,48.1,16.7
2026-04-15 07:53:13,86.22,88.9,101.9,7.34,74.9,45.6,16.7
2026-04-15 07:53:14,86.14,106.3,129.3,5.43,73.8,37.8,16.7
2026-04-15 07:53:14,86.25,90.5,114.2,6.57,74.3,31.6,16.7
2026-04-15 07:53:14,86.07,106.2,130.0,5.51,73.8,40.5,16.7
2026-04-15 07:53:14,86.11,87.8,109.8,6.78,73.2,32.7,16.7
2026-04-15 07:53:14,86.17,86.2,110.6,6.02,73.2,33.3,16.7
2026-04-15 07:53:14,86.11,88.2,100.4,7.45,73.8,39.2,16.7
2026-04-15 07:53:15,86.2,95.5,119.1,5.74,72.7,32.4,16.7
2026-04-15 07:53:15,86.27,85.7,108.0,6.41,73.2,36.5,16.7
2026-04-15 07:53:15,86.27,87.9,101.4,7.37,73.8,38.5,16.7
2026-04-15 07:53:15,86.13,91.7,102.5,7.31,72.7,42.6,16.7
2026-04-15 07:53:15,86.24,85.3,108.4,6.24,74.3,33.8,16.7
2026-04-15 07:53:15,86.15,89.5,104.7,7.21,73.2,42.9,16.7
2026-04-15 07:53:15,86.21,84.7,106.1,6.21,73.2,33.8,16.7
2026-04-15 07:53:16,86.3,93.5,107.3,7.04,73.2,32.7,16.7
2026-04-15 07:53:16,86.15,93.8,116.9,6.0,73.8,45.6,16.7
2026-04-15 07:53:16,86.26,93.1,116.9,6.01,73.2,36.8,16.6
2026-04-15 07:53:16,86.21,100.1,123.1,5.78,73.8,36.6,16.7
2026-04-15 07:53:16,86.32,91.2,114.3,6.34,74.3,38.1,16.7
2026-04-15 07:53:16,86.22,102.4,125.3,5.63,72.2,33.3,16.7
2026-04-15 07:53:17,86.17,92.9,115.7,6.36,73.8,34.4,16.7
2026-04-15 07:53:17,86.21,88.8,112.2,6.15,73.8,38.5,16.7
2026-04-15 07:53:17,86.17,85.1,108.7,6.13,73.2,32.8,16.7
2026-04-15 07:53:17,86.24,101.7,116.9,6.61,73.8,45.8,16.7
2026-04-15 07:53:17,86.24,86.9,110.1,6.68,73.8,37.9,16.7
2026-04-15 07:53:17,86.27,92.1,103.9,7.22,73.8,42.4,16.7
2026-04-15 07:53:17,86.22,85.1,111.7,6.13,74.3,34.4,16.7
2026-04-15 07:53:18,86.17,94.9,118.0,5.79,72.7,34.8,16.7
2026-04-15 07:53:18,86.24,95.1,118.2,5.99,74.3,38.2,16.7
2026-04-15 07:53:18,86.23,85.4,108.4,6.38,73.2,34.4,16.7
2026-04-15 07:53:18,86.19,84.9,98.8,7.53,74.3,40.7,16.7
2026-04-15 07:53:18,86.2,93.1,108.1,7.05,73.8,38.9,16.8
2026-04-15 07:53:18,86.09,93.5,116.3,6.0,72.2,34.8,16.8
2026-04-15 07:53:19,86.15,95.2,118.4,5.94,73.8,32.3,16.8
2026-04-15 07:53:19,86.19,95.7,119.0,5.97,73.8,35.3,16.8
2026-04-15 07:53:19,86.14,91.7,114.5,6.16,72.7,38.5,16.7
2026-04-15 07:53:19,86.16,107.5,130.6,5.48,73.8,36.2,16.7
2026-04-15 07:53:19,86.17,85.0,108.0,6.95,74.3,35.7,16.7
2026-04-15 07:53:19,86.14,100.9,115.2,6.69,72.7,46.7,16.7
2026-04-15 07:53:20,86.12,87.3,110.5,6.54,74.9,33.9,16.6
2026-04-15 07:53:20,86.23,91.5,107.5,7.07,72.7,37.7,16.6
2026-04-15 07:53:20,86.12,96.4,117.3,5.97,73.8,37.3,16.7
2026-04-15 07:53:20,86.24,94.3,117.5,6.08,74.3,33.3,16.7
2026-04-15 07:53:20,86.21,85.8,108.8,6.32,73.2,34.4,16.6
2026-04-15 07:53:20,86.1,89.1,102.2,7.32,74.3,40.4,16.6
2026-04-15 07:53:20,86.18,88.4,111.4,6.04,72.7,33.3,16.6
2026-04-15 07:53:21,86.11,97.9,122.2,5.64,73.2,34.7,16.6
2026-04-15 07:53:21,86.13,102.9,125.9,5.87,73.8,30.6,16.6
2026-04-15 07:53:21,86.19,87.5,111.7,6.56,74.3,39.0,16.6
2026-04-15 07:53:21,86.07,102.3,125.9,5.53,73.8,33.8,16.6
2026-04-15 07:53:21,86.13,87.0,110.2,6.63,73.2,36.7,16.6
2026-04-15 07:53:21,86.12,84.0,96.5,7.67,74.3,42.6,16.5
2026-04-15 07:53:22,86.13,104.7,120.2,6.5,74.3,47.5,16.5
2026-04-15 07:53:22,86.12,94.6,118.7,6.35,73.2,36.5,16.5
2026-04-15 07:53:22,86.17,93.7,115.6,6.08,73.8,35.5,16.6
2026-04-15 07:53:22,86.09,84.6,107.7,6.35,73.8,32.3,16.6
2026-04-15 07:53:22,86.18,95.6,110.5,6.92,72.2,41.4,16.6
2026-04-15 07:53:22,86.05,85.2,107.9,6.4,74.3,38.5,16.7
2026-04-15 07:53:23,86.16,88.2,102.0,7.34,73.8,41.8,16.7
2026-04-15 07:53:23,86.12,85.2,108.5,6.11,74.3,33.8,16.7
2026-04-15 07:53:23,86.18,84.5,98.3,7.57,74.9,40.7,16.7
2026-04-15 07:53:23,86.21,89.5,104.8,7.19,74.3,42.6,16.8
2026-04-15 07:53:23,86.31,89.3,112.0,6.03,73.8,37.7,16.8
2026-04-15 07:53:23,86.2,85.9,109.1,6.13,73.8,34.3,16.8
2026-04-15 07:53:23,86.07,86.6,99.6,7.46,73.8,43.6,16.9
2026-04-15 07:53:24,86.13,86.4,109.1,6.01,73.8,33.8,16.9
2026-04-15 07:53:24,86.15,83.9,96.7,7.65,73.8,42.6,16.9
2026-04-15 07:53:24,86.07,95.2,108.7,6.92,73.8,47.4,16.9
2026-04-15 07:53:24,86.09,85.1,108.4,6.38,74.3,36.5,16.9
2026-04-15 07:53:24,86.12,104.2,118.3,6.56,73.2,40.0,16.9
2026-04-15 07:53:24,86.09,90.9,114.3,6.5,74.9,37.7,16.9
2026-04-15 07:53:24,86.23,101.5,124.8,5.59,73.8,33.3,16.9
2026-04-15 07:53:25,86.23,91.2,114.2,6.5,74.3,36.1,17.0
2026-04-15 07:53:25,86.17,86.7,109.7,6.17,73.8,35.4,17.0
2026-04-15 07:53:25,86.25,101.7,124.8,5.5,74.3,38.4,17.0
2026-04-15 07:53:25,86.13,85.2,108.8,6.64,73.8,36.1,17.0
2026-04-15 07:53:25,86.18,84.6,98.6,7.56,73.8,39.6,17.1
2026-04-15 07:53:25,86.08,98.1,110.3,6.8,74.3,35.8,17.1
2026-04-15 07:53:26,86.19,89.7,114.6,6.22,73.8,34.9,17.1
2026-04-15 07:53:26,86.12,85.7,108.7,6.26,73.8,29.5,17.1
2026-04-15 07:53:26,86.16,98.7,111.8,6.8,73.2,43.9,17.0
2026-04-15 07:53:26,85.95,92.2,113.6,6.26,74.3,40.3,17.1
2026-04-15 07:53:26,86.09,88.3,111.1,6.15,73.8,44.1,17.1
2026-04-15 07:53:26,86.07,105.5,115.9,6.65,73.8,45.2,17.1
2026-04-15 07:53:27,86.15,118.6,142.1,5.55,74.3,38.9,17.1
2026-04-15 07:53:27,86.18,90.7,103.7,7.23,73.2,37.0,17.1
2026-04-15 07:53:27,86.23,101.9,124.6,5.62,74.3,35.2,17.0
2026-04-15 07:53:27,86.16,101.4,124.6,6.02,74.9,36.4,17.0
2026-04-15 07:53:27,86.11,86.7,109.7,6.59,73.8,36.2,17.0
2026-04-15 07:53:27,86.08,85.3,96.9,7.58,75.5,42.6,17.0
2026-04-15 07:53:27,86.21,84.8,98.5,7.53,74.3,43.4,16.9
2026-04-15 07:53:28,86.06,83.4,98.3,7.56,74.9,40.7,16.9
2026-04-15 07:53:28,86.14,85.2,101.3,7.39,74.9,37.3,16.9
2026-04-15 07:53:28,86.15,95.8,109.7,6.96,74.9,41.4,16.9
2026-04-15 07:53:28,86.26,87.7,110.5,6.33,74.3,41.9,16.9
2026-04-15 07:53:28,86.16,97.5,120.7,5.66,73.2,38.0,17.0
2026-04-15 07:53:28,86.25,91.5,114.6,6.24,74.3,34.9,17.0
2026-04-15 07:53:29,86.17,90.6,113.8,6.03,74.9,37.7,16.9
2026-04-15 07:53:29,86.11,89.7,112.9,6.04,74.9,29.0,16.9
2026-04-15 07:53:29,86.22,102.2,125.8,5.56,73.2,34.3,17.0
2026-04-15 07:53:29,86.11,83.5,106.5,6.79,73.8,33.9,17.0
2026-04-15 07:53:29,86.02,94.2,109.8,6.95,72.7,41.8,17.0
2026-04-15 07:53:29,86.14,101.3,124.7,5.75,73.8,35.2,17.0
2026-04-15 07:53:29,86.29,88.9,113.1,6.45,74.3,38.7,17.0
2026-04-15 07:53:30,86.19,86.5,109.3,6.14,74.9,31.7,17.0
2026-04-15 07:53:30,86.19,84.1,95.9,7.64,75.5,38.0,17.0
2026-04-15 07:53:30,86.1,88.3,102.5,7.26,73.2,35.8,17.0
2026-04-15 07:53:30,86.28,104.3,127.0,5.48,74.3,32.4,17.0
2026-04-15 07:53:30,86.2,106.9,130.9,5.83,74.3,42.6,17.0
2026-04-15 07:53:30,86.11,87.3,110.4,6.9,73.8,32.7,16.9
2026-04-15 07:53:31,86.16,94.2,105.7,7.15,74.9,40.7,16.8
2026-04-15 07:53:31,86.09,86.7,109.7,6.27,74.3,35.9,16.8
2026-04-15 07:53:31,86.2,87.5,100.2,7.45,74.9,40.4,16.8
2026-04-15 07:53:31,86.18,87.8,110.3,6.01,74.3,34.9,16.8
2026-04-15 07:53:31,86.17,84.3,107.0,6.14,73.8,33.3,16.8
2026-04-15 07:53:31,86.27,88.4,101.9,7.22,73.2,40.7,16.8
2026-04-15 07:53:31,86.24,90.7,109.7,5.95,73.8,33.8,16.8
2026-04-15 07:53:32,86.24,91.2,113.4,5.99,73.2,30.8,16.8
2026-04-15 07:53:32,86.25,86.5,109.5,6.18,72.2,37.9,16.9
2026-04-15 07:53:32,86.27,85.8,98.5,7.55,74.3,40.7,16.9
2026-04-15 07:53:32,86.18,83.7,96.6,7.62,74.9,43.4,16.9
2026-04-15 07:53:32,86.15,86.0,100.8,7.38,74.3,40.7,16.9
2026-04-15 07:53:32,86.14,92.6,106.1,7.15,74.9,35.3,17.0
2026-04-15 07:53:33,86.18,119.6,143.8,5.13,74.3,41.6,17.0
2026-04-15 07:53:33,86.17,84.1,95.8,7.71,73.2,40.4,17.0
2026-04-15 07:53:33,86.3,129.2,144.9,5.6,73.8,50.0,17.0
2026-04-15 07:53:33,86.17,88.2,111.3,6.3,73.8,33.3,17.0
2026-04-15 07:53:33,86.15,92.2,115.3,5.78,73.2,34.8,16.9
2026-04-15 07:53:33,86.32,88.6,110.5,6.2,74.3,31.7,17.0
2026-04-15 07:53:34,86.2,102.4,125.3,5.56,73.8,37.8,16.9
2026-04-15 07:53:34,86.18,92.4,115.5,6.39,74.3,35.5,16.9
2026-04-15 07:53:34,86.26,113.7,136.8,5.32,74.9,33.8,16.9
2026-04-15 07:53:34,86.22,87.8,104.6,7.11,74.9,38.9,16.9
2026-04-15 07:53:34,86.17,85.7,109.0,6.07,73.8,35.8,16.9
2026-04-15 07:53:34,86.19,85.3,98.6,7.55,73.2,42.9,16.9
2026-04-15 07:53:34,86.21,117.8,132.3,6.0,74.3,50.0,16.8
2026-04-15 07:53:35,86.09,83.8,98.0,7.58,73.8,38.5,16.8
2026-04-15 07:53:35,86.19,87.8,104.0,7.24,74.3,40.7,16.8
2026-04-15 07:53:35,86.24,85.6,108.2,6.11,74.3,33.8,16.8
2026-04-15 07:53:35,86.2,85.2,99.1,7.51,74.9,40.4,16.8
2026-04-15 07:53:35,86.25,107.4,121.3,6.43,73.8,40.7,16.8
2026-04-15 07:53:35,86.21,90.1,113.1,6.72,74.9,39.3,16.8
2026-04-15 07:53:36,86.09,86.5,109.7,6.13,74.3,36.9,16.8
2026-04-15 07:53:36,86.36,86.4,99.3,7.51,74.9,46.6,16.8
2026-04-15 07:53:36,86.34,93.7,105.8,7.12,73.8,38.9,16.8
2026-04-15 07:53:36,86.35,93.4,113.7,6.0,73.2,39.4,16.8
2026-04-15 07:53:36,86.26,105.4,128.6,5.61,74.9,35.2,16.8
2026-04-15 07:53:36,86.51,93.8,112.6,6.39,73.8,35.0,16.8
2026-04-15 07:53:36,86.07,87.4,109.7,6.3,74.3,34.4,16.8
2026-04-15 07:53:37,86.14,113.2,124.7,6.29,73.2,49.2,16.8
2026-04-15 07:53:37,86.16,86.2,105.7,7.15,74.3,38.6,16.8
2026-04-15 07:53:37,86.11,85.4,99.1,7.47,74.3,46.6,16.8
2026-04-15 07:53:37,86.09,86.2,99.9,7.48,73.2,42.6,16.8
2026-04-15 07:53:37,86.05,86.6,97.8,7.52,74.3,44.2,16.8
2026-04-15 07:53:37,86.19,84.4,96.0,7.66,73.8,38.5,16.8
2026-04-15 07:53:37,86.15,85.1,99.9,7.45,74.9,44.4,16.8
2026-04-15 07:53:38,86.18,98.1,113.0,6.81,74.3,43.1,16.8
2026-04-15 07:53:38,86.24,85.0,107.0,6.54,73.2,32.2,16.8
2026-04-15 07:53:38,86.06,92.5,107.5,7.08,74.3,36.5,16.9
2026-04-15 07:53:38,86.16,84.6,107.8,6.32,74.9,33.9,16.9
2026-04-15 07:53:38,86.1,88.2,102.5,7.32,74.9,37.3,16.9
2026-04-15 07:53:38,86.14,86.8,98.0,7.58,75.5,39.2,16.9
2026-04-15 07:53:38,86.15,84.7,94.8,7.61,74.3,58.2,16.9
2026-04-15 07:53:39,86.15,88.0,101.9,7.34,74.9,42.9,16.9
2026-04-15 07:53:39,86.15,88.5,111.6,5.98,74.9,38.6,16.9
2026-04-15 07:53:39,86.01,86.0,109.0,6.11,74.9,33.8,16.9
2026-04-15 07:53:39,86.17,91.7,105.4,7.18,75.5,41.1,16.9
2026-04-15 07:53:39,86.05,90.0,106.9,6.05,73.8,33.3,17.0
2026-04-15 07:53:39,86.07,83.7,106.9,6.26,73.8,31.7,17.0
2026-04-15 07:53:39,86.11,115.1,130.8,6.07,74.3,42.2,17.0
2026-04-15 07:53:40,86.2,100.5,117.5,6.59,74.9,35.7,17.0
2026-04-15 07:53:40,86.05,93.9,112.9,6.25,74.3,39.1,16.9
2026-04-15 07:53:40,86.18,86.9,108.8,6.27,74.9,32.8,16.9
2026-04-15 07:53:40,86.13,121.2,132.6,5.96,74.3,38.7,17.0
2026-04-15 07:53:40,85.99,104.1,127.7,5.46,73.8,30.9,17.0
2026-04-15 07:53:40,86.14,86.7,109.8,6.74,73.8,37.7,17.0
2026-04-15 07:53:41,86.03,83.1,94.9,7.69,74.3,36.2,16.9
2026-04-15 07:53:41,86.12,87.6,102.8,7.27,73.8,42.1,17.0
2026-04-15 07:53:41,86.16,86.8,98.1,7.55,74.9,48.2,16.9
2026-04-15 07:53:41,86.06,95.3,106.9,7.06,74.3,45.5,16.9
2026-04-15 07:53:41,86.14,97.7,120.3,5.91,74.3,33.3,16.9
2026-04-15 07:53:41,86.15,90.0,113.0,6.3,74.9,31.7,16.9
2026-04-15 07:53:42,85.97,88.4,111.9,6.04,73.8,33.8,16.9
2026-04-15 07:53:42,86.11,90.8,114.1,5.93,74.3,29.2,16.9
2026-04-15 07:53:42,86.24,101.7,126.1,5.59,74.3,38.9,16.9
2026-04-15 07:53:42,86.2,85.6,108.8,6.72,73.8,37.3,16.8
2026-04-15 07:53:42,86.19,99.3,113.0,6.8,74.3,36.4,16.8
2026-04-15 07:53:42,86.14,94.4,117.5,6.18,74.9,42.9,16.8
2026-04-15 07:53:42,86.12,101.0,124.3,5.77,75.5,36.2,16.8
2026-04-15 07:53:43,86.15,99.9,123.0,6.05,74.3,32.8,16.8
2026-04-15 07:53:43,86.03,96.0,119.0,6.15,73.8,35.4,16.8
2026-04-15 07:53:43,86.05,98.8,121.6,5.9,73.2,40.0,16.8
2026-04-15 07:53:43,86.13,88.3,111.5,6.41,74.3,31.0,16.8
2026-04-15 07:53:43,85.99,91.3,113.4,5.84,73.2,33.8,16.8
2026-04-15 07:53:43,86.07,89.3,111.3,6.13,73.8,35.8,16.8
2026-04-15 07:53:44,86.27,105.9,129.0,5.46,74.3,35.6,16.8
2026-04-15 07:53:44,86.13,83.4,106.4,6.95,74.3,31.5,16.8
2026-04-15 07:53:44,86.26,92.7,108.2,7.01,73.8,42.4,16.7
2026-04-15 07:53:44,86.08,105.7,128.8,5.56,73.8,40.6,16.7
2026-04-15 07:53:44,86.08,88.6,111.7,6.69,74.9,36.7,16.7
2026-04-15 07:53:44,86.14,91.9,114.9,5.89,74.3,31.8,16.8
2026-04-15 07:53:45,86.15,96.7,103.9,7.23,73.8,46.3,16.8
2026-04-15 07:53:45,86.17,84.9,108.0,6.47,72.7,34.4,16.8
2026-04-15 07:53:45,86.11,87.4,102.6,7.33,74.9,42.6,16.8
2026-04-15 07:53:45,86.17,105.2,126.9,5.44,73.8,37.3,16.8
2026-04-15 07:53:45,86.2,84.4,108.0,6.82,73.8,37.7,16.8
2026-04-15 07:53:45,86.12,91.5,105.7,7.16,73.8,38.9,16.8
2026-04-15 07:53:46,86.25,97.9,120.8,5.78,74.3,33.3,16.8
2026-04-15 07:53:46,86.16,92.0,115.1,6.23,74.9,34.4,16.8
2026-04-15 07:53:46,86.14,106.5,129.4,5.52,73.8,40.0,16.8
2026-04-15 07:53:46,86.1,91.9,113.8,6.57,74.3,36.2,16.8
2026-04-15 07:53:46,86.19,94.0,115.6,5.93,74.9,31.7,16.8
2026-04-15 07:53:46,86.15,91.4,113.0,6.1,74.9,32.8,16.8
2026-04-15 07:53:46,86.22,85.8,108.1,6.21,73.8,33.3,16.7
2026-04-15 07:53:47,86.21,88.8,101.9,7.34,73.8,42.9,16.7
2026-04-15 07:53:47,86.07,82.6,105.7,6.24,74.3,30.0,16.7
2026-04-15 07:53:47,86.1,88.2,105.2,7.19,74.3,37.7,16.7
2026-04-15 07:53:47,86.15,88.9,112.8,5.96,74.9,33.8,16.7
2026-04-15 07:53:47,86.15,86.5,108.2,6.11,74.3,37.3,16.7
2026-04-15 07:53:47,86.2,85.3,98.2,7.56,74.9,39.2,16.6
2026-04-15 07:53:48,86.17,94.6,109.0,6.99,74.3,42.1,16.6
2026-04-15 07:53:48,86.24,94.5,117.6,6.03,73.8,35.3,16.6
2026-04-15 07:53:48,86.08,85.4,108.4,6.35,73.2,37.5,16.7
2026-04-15 07:53:48,86.2,103.0,117.4,6.61,72.7,36.2,16.7
2026-04-15 07:53:48,86.16,92.8,113.4,6.41,74.9,44.4,16.7
2026-04-15 07:53:48,86.23,87.8,107.3,6.18,73.8,40.3,16.7
2026-04-15 07:53:49,86.32,96.5,119.6,5.71,74.9,30.3,16.7
2026-04-15 07:53:49,86.21,88.5,111.6,6.31,74.3,32.8,16.7
2026-04-15 07:53:49,86.1,91.5,114.6,5.9,74.3,32.8,16.7
2026-04-15 07:53:49,86.13,100.4,123.4,5.7,73.8,37.5,16.7
2026-04-15 07:53:49,86.33,92.4,115.4,6.31,74.3,36.5,16.7
2026-04-15 07:53:49,86.1,104.6,127.7,5.59,74.9,37.0,16.7
2026-04-15 07:53:50,86.14,94.0,117.2,6.33,74.3,37.1,16.7
2026-04-15 07:53:50,86.23,97.5,120.8,5.93,73.8,39.4,16.7
2026-04-15 07:53:50,86.3,86.9,109.8,6.42,74.3,37.1,16.7
2026-04-15 07:53:50,86.1,93.9,105.9,7.13,73.2,43.9,16.7
2026-04-15 07:53:50,86.29,96.1,119.3,5.93,73.8,32.3,16.7
2026-04-15 07:53:50,86.27,105.1,128.3,5.69,72.7,36.8,16.7
2026-04-15 07:53:50,86.25,104.3,127.5,6.03,73.2,40.3,16.7
2026-04-15 07:53:51,86.12,109.4,132.6,5.83,74.9,37.7,16.7
2026-04-15 07:53:51,86.32,84.8,107.8,7.05,74.9,32.1,16.7
2026-04-15 07:53:51,86.32,118.3,132.7,5.99,73.8,43.7,16.7
2026-04-15 07:53:51,86.3,87.5,101.8,7.37,73.8,41.1,16.7
2026-04-15 07:53:51,86.18,99.8,115.9,6.67,73.2,36.8,16.7
2026-04-15 07:53:51,86.23,89.9,113.1,6.56,74.3,36.7,16.7
2026-04-15 07:53:52,86.12,108.2,131.4,5.41,73.2,34.3,16.7
2026-04-15 07:53:52,86.1,90.6,109.9,6.71,72.7,35.1,16.7
2026-04-15 07:53:52,86.19,87.2,109.9,6.13,73.8,37.3,16.6
2026-04-15 07:53:52,86.13,89.0,100.8,7.4,73.2,41.8,16.6
2026-04-15 07:53:52,86.18,101.3,124.0,5.59,74.3,30.4,16.6
2026-04-15 07:53:52,86.24,113.8,137.2,5.58,72.7,37.5,16.6
2026-04-15 07:53:53,86.12,97.0,115.6,6.69,74.3,41.7,16.6
2026-04-15 07:53:53,86.15,118.1,140.7,5.32,74.9,39.7,16.7
2026-04-15 07:53:53,86.16,95.6,109.2,6.95,74.9,37.5,16.7
2026-04-15 07:53:53,86.26,108.2,131.4,5.58,74.9,31.9,16.7
2026-04-15 07:53:53,86.05,102.2,125.2,6.23,73.8,35.5,16.7
2026-04-15 07:53:53,86.1,102.5,125.5,5.99,74.9,31.7,16.6
2026-04-15 07:53:54,86.09,115.8,139.6,5.54,74.3,38.0,16.6
2026-04-15 07:53:54,85.99,105.1,121.5,6.44,73.8,40.9,16.6
2026-04-15 07:53:54,86.13,126.1,145.8,5.33,74.9,37.7,16.6
2026-04-15 07:53:54,86.14,96.0,117.9,5.89,75.5,30.8,16.6
2026-04-15 07:53:54,86.22,95.9,119.1,6.0,74.3,35.8,16.6
2026-04-15 07:53:54,86.2,84.9,107.8,6.44,74.9,35.5,16.6
2026-04-15 07:53:55,86.22,106.6,121.2,6.45,74.9,42.6,16.6
2026-04-15 07:53:55,86.16,89.8,112.9,6.67,74.9,36.2,16.6
2026-04-15 07:53:55,86.16,105.1,128.2,5.49,73.8,40.0,16.6
2026-04-15 07:53:55,86.05,98.6,121.6,6.26,73.2,43.1,16.6
2026-04-15 07:53:55,86.22,90.0,113.3,6.32,73.2,34.4,16.6
2026-04-15 07:53:55,86.23,88.6,111.6,6.07,73.2,33.3,16.6
2026-04-15 07:53:56,86.13,91.0,114.3,5.91,75.5,36.2,16.6
2026-04-15 07:53:56,86.28,96.8,118.4,5.8,74.3,36.2,16.6
2026-04-15 07:53:56,86.31,98.7,121.7,5.94,73.2,34.8,16.6
2026-04-15 07:53:56,86.24,99.1,122.2,5.99,74.9,40.3,16.5
2026-04-15 07:53:56,86.41,107.4,130.7,5.71,74.3,36.1,16.5
2026-04-15 07:53:56,86.19,94.4,117.5,6.52,74.9,40.3,16.5
2026-04-15 07:53:57,86.05,100.7,121.3,5.77,73.8,34.3,16.6
2026-04-15 07:53:57,86.19,99.4,122.6,6.07,74.3,39.7,16.6
2026-04-15 07:53:57,86.14,86.4,109.4,6.51,75.5,36.7,16.6
2026-04-15 07:53:57,86.18,84.7,101.5,7.37,75.5,38.5,16.7
2026-04-15 07:53:57,86.25,91.1,114.0,5.88,74.3,32.8,16.7
2026-04-15 07:53:57,86.1,94.8,118.2,5.9,74.9,38.6,16.7
2026-04-15 07:53:58,86.19,104.0,127.4,5.69,74.9,37.3,16.7
2026-04-15 07:53:58,86.3,89.5,112.6,6.58,74.9,40.0,16.7
2026-04-15 07:53:58,86.2,88.2,111.3,6.06,74.9,34.8,16.7
2026-04-15 07:53:58,86.22,84.9,107.6,6.12,73.8,27.9,16.7
2026-04-15 07:53:58,86.16,98.4,111.5,6.82,75.5,40.4,16.7
2026-04-15 07:53:58,86.12,87.7,110.4,6.41,75.5,35.0,16.7
2026-04-15 07:53:58,86.14,84.9,107.2,6.1,75.5,34.3,16.7
2026-04-15 07:53:59,86.13,90.2,103.4,7.22,74.9,43.9,16.7
2026-04-15 07:53:59,86.23,98.4,121.9,5.71,75.5,34.8,16.7
2026-04-15 07:53:59,86.17,82.8,106.8,6.6,74.9,33.3,16.7
2026-04-15 07:53:59,86.17,95.2,108.9,6.91,74.9,39.3,16.7
2026-04-15 07:53:59,86.23,85.9,109.1,6.36,74.9,32.8,16.7
2026-04-15 07:53:59,86.03,85.6,97.9,7.53,74.9,44.6,16.7
2026-04-15 07:54:00,86.11,101.6,115.1,6.69,75.5,49.2,16.7
2026-04-15 07:54:00,86.09,87.1,110.4,6.58,74.9,40.3,16.7
2026-04-15 07:54:00,86.08,89.8,105.8,7.16,73.8,42.9,16.7
2026-04-15 07:54:00,86.16,85.4,107.9,6.3,74.9,35.9,16.7
2026-04-15 07:54:00,86.2,84.2,97.5,7.59,74.3,37.3,16.7
2026-04-15 07:54:00,86.29,89.6,105.4,7.19,75.5,43.9,16.7
2026-04-15 07:54:00,86.17,91.0,113.9,5.97,74.9,36.8,16.7
2026-04-15 07:54:01,86.19,88.7,111.8,6.09,74.3,32.3,16.7
2026-04-15 07:54:01,86.29,86.5,110.1,6.06,74.3,33.3,16.7
2026-04-15 07:54:01,86.21,84.9,96.8,7.62,75.5,45.5,16.7
2026-04-15 07:54:01,86.14,87.5,101.4,7.35,75.5,42.3,16.7
2026-04-15 07:54:01,86.14,129.4,152.3,4.8,73.2,31.6,16.7
2026-04-15 07:54:01,86.27,101.3,124.3,5.83,74.9,33.3,16.7
2026-04-15 07:54:02,86.1,91.2,113.6,6.37,74.9,36.9,16.7
2026-04-15 07:54:02,86.27,117.5,139.5,5.17,74.9,41.8,16.7
2026-04-15 07:54:02,86.3,86.6,103.5,7.28,74.3,38.5,16.8
2026-04-15 07:54:02,86.2,104.2,127.3,5.51,73.8,35.6,16.8
2026-04-15 07:54:02,86.21,100.2,123.8,6.14,73.8,38.5,16.8
2026-04-15 07:54:02,86.19,88.0,111.1,6.5,73.2,35.5,16.8
2026-04-15 07:54:03,86.16,107.0,130.4,5.38,74.9,35.1,16.9
2026-04-15 07:54:03,86.22,92.1,114.6,6.6,74.3,38.3,16.9
2026-04-15 07:54:03,86.12,92.1,115.5,5.99,73.2,36.9,16.8
2026-04-15 07:54:03,86.2,92.2,117.3,5.88,74.3,35.3,16.8
2026-04-15 07:54:03,86.16,116.9,140.0,5.33,73.8,35.1,16.8
2026-04-15 07:54:03,86.34,86.3,101.6,7.37,74.3,38.9,16.9
2026-04-15 07:54:03,86.14,85.5,100.4,7.45,75.5,41.8,16.8
2026-04-15 07:54:04,86.25,98.7,111.2,6.89,73.8,41.1,16.8
2026-04-15 07:54:04,86.24,86.7,109.6,6.48,75.5,32.8,16.8
2026-04-15 07:54:04,86.27,84.4,98.8,7.49,76.0,44.4,16.9
2026-04-15 07:54:04,86.33,83.9,96.3,7.68,74.3,39.2,16.9
2026-04-15 07:54:04,86.23,87.1,101.8,7.33,73.8,51.9,16.9
2026-04-15 07:54:04,86.07,83.9,96.1,7.68,74.3,38.5,16.9
2026-04-15 07:54:04,86.06,89.0,104.3,7.22,74.9,42.9,16.9
2026-04-15 07:54:05,86.27,87.0,109.7,6.07,74.3,35.8,17.0
2026-04-15 07:54:05,86.44,86.7,99.0,7.52,75.5,42.3,17.0
2026-04-15 07:54:05,86.44,98.2,110.3,6.85,74.9,45.9,17.0
2026-04-15 07:54:05,86.34,101.4,124.8,5.88,72.7,39.1,17.0
2026-04-15 07:54:05,86.52,87.7,108.9,6.61,74.3,41.9,17.0
2026-04-15 07:54:05,86.42,101.7,124.8,5.54,73.8,32.4,17.1
2026-04-15 07:54:06,86.39,121.5,144.4,5.37,74.3,39.0,17.1
2026-04-15 07:54:06,86.38,91.8,114.9,5.87,74.3,27.0,17.1
2026-04-15 07:54:06,86.38,107.1,130.1,5.5,74.9,40.8,17.1
2026-04-15 07:54:06,86.2,88.4,111.3,6.77,74.9,33.3,17.1
2026-04-15 07:54:06,86.27,111.0,134.0,5.28,73.8,40.5,17.0
2026-04-15 07:54:06,86.02,109.6,129.6,6.06,74.9,37.5,17.1
2026-04-15 07:54:07,86.11,90.5,113.7,6.78,74.9,36.2,17.0
2026-04-15 07:54:07,85.99,85.0,108.1,6.2,74.3,34.4,17.0
2026-04-15 07:54:07,86.03,110.8,127.0,6.2,74.3,43.9,17.0
2026-04-15 07:54:07,86.07,87.9,107.7,7.07,75.5,40.4,17.0
2026-04-15 07:54:07,86.15,86.2,108.9,6.06,75.5,31.7,16.9
2026-04-15 07:54:07,86.1,84.6,96.5,7.6,74.9,45.5,16.9
2026-04-15 07:54:07,86.08,85.2,99.6,7.46,73.2,45.6,16.8
2026-04-15 07:54:08,86.17,86.0,100.2,7.47,75.5,38.5,16.8
2026-04-15 07:54:08,86.34,93.9,107.3,7.08,75.5,42.1,16.8
2026-04-15 07:54:08,86.06,85.0,108.5,6.33,74.9,32.3,16.8
2026-04-15 07:54:08,86.09,93.2,107.7,7.07,74.9,42.1,16.8
2026-04-15 07:54:08,86.2,109.8,132.7,5.46,74.9,40.3,16.8
2026-04-15 07:54:08,85.84,90.4,111.3,6.8,74.3,40.7,16.8
2026-04-15 07:54:09,86.03,86.8,108.9,6.12,75.5,33.8,16.8
2026-04-15 07:54:09,86.08,85.3,98.0,7.59,75.5,41.2,16.8
2026-04-15 07:54:09,86.0,106.9,120.0,6.49,73.8,41.9,16.9
2026-04-15 07:54:09,86.06,92.3,115.3,6.57,74.9,39.7,16.8
2026-04-15 07:54:09,86.09,92.4,115.2,6.0,73.2,35.8,16.8
2026-04-15 07:54:09,85.94,106.5,129.5,5.53,74.3,34.3,16.8
2026-04-15 07:54:09,86.1,92.9,116.1,6.54,74.9,36.5,16.8
2026-04-15 07:54:10,86.06,115.5,138.5,5.28,74.9,31.4,16.8
2026-04-15 07:54:10,86.02,88.2,105.1,7.19,74.3,34.6,16.8
2026-04-15 07:54:10,85.95,95.0,117.3,5.72,74.3,32.4,16.7
2026-04-15 07:54:10,85.82,127.3,150.3,5.06,73.2,39.7,16.7
2026-04-15 07:54:10,85.93,109.1,132.1,5.51,74.9,37.1,16.7
2026-04-15 07:54:11,86.08,102.7,125.5,6.22,73.2,38.1,16.7
2026-04-15 07:54:11,86.1,87.9,111.1,6.61,73.2,39.7,16.7
2026-04-15 07:54:11,86.19,86.4,97.8,7.6,74.3,42.3,16.7
2026-04-15 07:54:11,86.0,109.5,119.7,6.39,74.9,42.2,16.7
2026-04-15 07:54:11,85.91,94.3,116.3,6.58,73.8,38.3,16.8
2026-04-15 07:54:11,86.06,85.7,109.0,6.34,74.3,37.9,16.7
2026-04-15 07:54:11,86.03,97.0,110.0,6.92,74.3,39.3,16.7
2026-04-15 07:54:12,86.17,86.6,110.1,6.38,74.3,40.0,16.7
2026-04-15 07:54:12,86.0,85.4,97.6,7.6,74.9,40.4,16.8
2026-04-15 07:54:12,86.0,94.9,108.7,7.0,73.8,38.9,16.8
2026-04-15 07:54:12,86.01,98.4,120.5,5.89,74.3,32.8,16.8
2026-04-15 07:54:12,85.95,85.1,108.2,6.53,74.9,31.6,16.8
2026-04-15 07:54:12,86.01,221.7,235.7,3.7,74.3,76.6,16.7
2026-04-15 07:54:13,86.19,137.7,149.1,5.22,74.9,71.6,16.5
2026-04-15 07:54:13,86.16,83.0,101.7,7.34,74.3,37.3,16.5
2026-04-15 07:54:13,86.06,104.5,124.1,6.33,74.3,44.4,16.5
2026-04-15 07:54:13,85.97,108.3,131.5,5.98,74.9,35.9,16.5
2026-04-15 07:54:13,86.12,104.4,127.6,6.15,73.8,36.9,16.5
2026-04-15 07:54:13,85.92,95.4,118.5,6.35,74.9,37.1,16.5
2026-04-15 07:54:14,86.11,104.5,127.5,5.69,74.9,36.2,16.6
2026-04-15 07:54:14,86.17,86.3,109.6,6.73,74.9,36.2,16.6
2026-04-15 07:54:14,86.24,85.4,98.1,7.56,74.9,42.3,16.6
2026-04-15 07:54:14,86.3,85.2,100.0,7.45,73.2,40.7,16.6
2026-04-15 07:54:14,86.26,95.7,107.3,6.99,74.9,38.6,16.6
2026-04-15 07:54:14,86.25,89.5,112.3,6.25,74.3,36.9,16.6
2026-04-15 07:54:14,86.15,86.0,109.3,6.13,75.5,34.8,16.6
2026-04-15 07:54:15,86.16,87.6,100.1,7.43,74.9,41.5,16.6
2026-04-15 07:54:15,86.24,90.0,101.5,7.36,73.8,41.5,16.7
2026-04-15 07:54:15,86.19,87.3,110.3,6.11,74.9,32.3,16.7
2026-04-15 07:54:15,86.22,84.8,96.9,7.65,74.9,38.5,16.7
2026-04-15 07:54:15,86.14,85.5,95.2,7.47,73.8,50.0,16.6
2026-04-15 07:54:15,86.08,97.7,112.0,6.86,74.3,43.1,16.6
2026-04-15 07:54:15,86.07,96.9,120.5,5.98,74.3,33.3,16.6
2026-04-15 07:54:16,86.23,100.3,121.7,5.93,73.8,36.9,16.5
2026-04-15 07:54:16,86.06,92.4,114.1,6.31,75.5,34.4,16.5
2026-04-15 07:54:16,86.26,96.7,120.1,5.84,74.9,42.3,16.5
2026-04-15 07:54:16,86.32,95.1,118.4,6.07,74.9,37.3,16.5
2026-04-15 07:54:16,86.21,87.5,110.5,6.29,74.3,33.9,16.6
2026-04-15 07:54:16,86.18,87.3,110.2,6.01,73.8,34.8,16.6
2026-04-15 07:54:17,86.23,83.8,96.0,7.7,76.0,36.7,16.5
2026-04-15 07:54:17,86.21,95.0,106.7,6.91,75.5,50.0,16.5
2026-04-15 07:54:17,86.13,100.1,123.1,5.84,74.9,38.2,16.5
2026-04-15 07:54:17,86.19,85.3,108.5,6.59,74.9,33.9,16.5
2026-04-15 07:54:17,86.28,86.1,100.2,7.46,75.5,36.7,16.5
2026-04-15 07:54:17,86.23,87.7,101.1,7.39,75.5,43.6,16.5
2026-04-15 07:54:18,86.28,86.0,111.8,5.97,75.5,35.3,16.5
2026-04-15 07:54:18,86.11,103.9,126.9,5.51,74.9,37.3,16.5
2026-04-15 07:54:18,86.17,95.2,118.3,6.33,76.0,39.1,16.5
2026-04-15 07:54:18,86.14,91.6,115.4,6.11,74.9,36.4,16.5
2026-04-15 07:54:18,86.16,86.1,108.0,6.22,74.9,36.5,16.5
2026-04-15 07:54:18,86.14,83.8,96.8,7.65,74.9,39.6,16.5
2026-04-15 07:54:18,86.17,101.3,117.3,6.61,73.8,40.7,16.5
2026-04-15 07:54:19,86.16,105.3,129.7,5.84,74.9,36.8,16.4
2026-04-15 07:54:19,86.1,87.3,110.6,6.79,75.5,39.3,16.5
2026-04-15 07:54:19,86.12,96.8,113.1,6.8,74.9,48.3,16.4
2026-04-15 07:54:19,86.13,84.2,106.0,6.66,74.3,39.3,16.5
2026-04-15 07:54:19,86.19,84.0,98.6,7.55,76.0,41.8,16.5
2026-04-15 07:54:19,86.24,86.5,102.5,7.33,74.9,42.9,16.5
2026-04-15 07:54:20,86.34,84.4,108.0,6.07,74.9,31.7,16.5
2026-04-15 07:54:20,86.17,84.4,98.6,7.55,75.5,37.3,16.6
2026-04-15 07:54:20,86.53,86.7,101.1,7.37,74.3,44.6,16.6
2026-04-15 07:54:20,86.25,91.1,104.4,7.19,74.9,40.4,16.6
2026-04-15 07:54:20,86.16,95.1,124.4,5.7,74.9,31.8,16.6
2026-04-15 07:54:20,86.11,88.7,111.9,6.49,74.3,34.4,16.6
2026-04-15 07:54:20,86.25,98.9,110.3,6.93,74.3,43.9,16.6
2026-04-15 07:54:21,86.31,88.8,110.5,6.42,73.8,34.4,16.6
2026-04-15 07:54:21,86.12,100.9,124.0,5.59,74.3,36.6,16.7
2026-04-15 07:54:21,86.01,102.5,124.4,5.95,73.8,34.9,16.7
2026-04-15 07:54:21,86.26,88.9,111.9,6.54,75.5,32.2,16.7
2026-04-15 07:54:21,86.35,87.9,96.9,7.53,75.5,47.1,16.7
2026-04-15 07:54:21,86.38,85.0,107.8,6.13,74.9,37.1,16.6
2026-04-15 07:54:21,86.24,84.3,98.6,7.55,75.5,39.6,16.6
2026-04-15 07:54:22,86.36,86.6,102.1,7.36,75.5,38.5,16.6
2026-04-15 07:54:22,86.45,92.4,103.7,7.18,74.3,40.7,16.6
2026-04-15 07:54:22,86.36,88.8,112.1,6.14,74.3,36.9,16.6
2026-04-15 07:54:22,86.51,86.9,110.0,6.09,74.3,36.4,16.6
2026-04-15 07:54:22,86.45,86.2,98.6,7.54,74.9,40.4,16.6
2026-04-15 07:54:22,86.47,95.3,107.9,7.04,75.5,37.7,16.5
2026-04-15 07:54:23,86.44,88.6,111.7,6.25,73.8,37.3,16.5
2026-04-15 07:54:23,86.41,105.1,128.0,5.43,73.2,34.7,16.5
2026-04-15 07:54:23,86.44,113.3,136.3,5.76,74.3,42.0,16.5
2026-04-15 07:54:23,86.42,93.2,113.8,6.76,74.9,40.0,16.5
2026-04-15 07:54:23,86.37,89.1,112.1,6.21,74.9,34.4,16.5
2026-04-15 07:54:23,86.31,118.8,141.7,5.09,74.9,31.6,16.6
2026-04-15 07:54:24,86.3,86.3,100.6,7.44,74.9,40.7,16.6
2026-04-15 07:54:24,86.4,84.9,97.4,7.59,73.8,39.2,16.6
2026-04-15 07:54:24,86.33,89.4,103.7,7.26,74.3,40.0,16.6
2026-04-15 07:54:24,86.24,88.7,111.7,6.03,74.3,35.8,16.6
2026-04-15 07:54:24,86.34,90.5,113.6,5.95,74.9,34.3,16.6
2026-04-15 07:54:24,86.42,102.0,125.1,5.61,73.8,39.2,16.6
2026-04-15 07:54:24,86.44,85.7,109.0,6.56,74.3,33.9,16.5
2026-04-15 07:54:25,86.48,83.6,106.8,6.16,73.8,33.8,16.5
2026-04-15 07:54:25,86.37,85.7,101.4,7.38,74.9,41.8,16.5
2026-04-15 07:54:25,86.35,92.9,106.1,7.13,74.9,44.6,16.5
2026-04-15 07:54:25,86.27,86.4,109.6,6.24,74.9,32.8,16.6
2026-04-15 07:54:25,86.45,89.2,93.3,7.34,74.3,49.1,16.5
2026-04-15 07:54:25,86.37,106.0,128.9,5.46,76.0,38.7,16.5
2026-04-15 07:54:26,86.41,108.7,132.1,5.9,73.2,34.8,16.5
2026-04-15 07:54:26,86.39,87.8,110.8,6.87,74.3,37.9,16.5
2026-04-15 07:54:26,86.36,102.5,125.6,5.51,74.9,35.6,16.5
2026-04-15 07:54:26,86.29,116.3,138.6,5.55,75.5,39.7,16.6
2026-04-15 07:54:26,86.34,91.5,108.1,7.04,75.5,39.3,16.6
2026-04-15 07:54:26,86.42,122.3,144.9,5.08,76.0,42.0,16.5
2026-04-15 07:54:27,86.39,92.5,115.5,5.88,75.5,29.2,16.6
2026-04-15 07:54:27,86.39,91.9,115.0,6.01,75.5,34.4,16.6
2026-04-15 07:54:27,86.36,89.6,112.8,6.1,74.9,35.4,16.6
2026-04-15 07:54:27,86.43,100.5,122.4,5.64,75.5,32.4,16.6
2026-04-15 07:54:27,86.34,87.1,110.0,6.53,74.3,29.8,16.6
2026-04-15 07:54:27,86.39,109.8,132.7,5.28,73.8,35.1,16.6
2026-04-15 07:54:28,86.25,97.0,119.9,6.5,73.8,35.6,16.6
2026-04-15 07:54:28,86.29,100.7,124.2,5.86,74.9,34.3,16.5
2026-04-15 07:54:28,86.3,90.9,113.9,6.39,74.3,36.5,16.5
2026-04-15 07:54:28,86.3,90.0,113.0,6.04,74.9,37.7,16.5
2026-04-15 07:54:28,86.36,89.6,111.8,6.02,74.9,33.8,16.5
2026-04-15 07:54:28,86.24,87.9,111.0,6.07,74.3,33.3,16.4
2026-04-15 07:54:29,86.27,108.6,130.4,5.34,73.8,34.2,16.3
2026-04-15 07:54:29,86.21,86.4,109.5,6.92,74.3,39.7,16.3
2026-04-15 07:54:29,86.2,109.6,122.7,6.37,74.3,39.0,16.4
2026-04-15 07:54:29,86.19,102.5,125.4,6.28,75.5,39.7,16.4
2026-04-15 07:54:29,86.23,88.2,111.6,6.57,75.5,40.9,16.4
2026-04-15 07:54:29,86.22,92.1,115.8,5.83,73.8,32.4,16.5
2026-04-15 07:54:30,86.23,87.1,110.4,6.22,74.9,39.4,16.4
2026-04-15 07:54:30,86.19,92.1,103.4,7.24,75.5,40.7,16.4
2026-04-15 07:54:30,86.2,83.3,106.4,6.34,74.9,32.3,16.5
2026-04-15 07:54:30,86.22,86.7,102.6,7.31,74.9,40.7,16.5
2026-04-15 07:54:30,86.24,92.0,107.0,7.08,74.3,53.3,16.5
2026-04-15 07:54:30,86.24,85.9,108.9,6.35,73.8,35.4,16.5
2026-04-15 07:54:30,86.22,85.3,96.6,7.47,74.3,43.6,16.5
2026-04-15 07:54:31,86.28,119.5,133.2,5.98,74.9,38.1,16.5
2026-04-15 07:54:31,86.22,87.2,100.7,7.37,74.3,45.6,16.5
2026-04-15 07:54:31,86.31,90.9,113.9,5.94,75.5,31.3,16.5
2026-04-15 07:54:31,86.27,84.6,102.1,6.24,73.8,39.7,16.5
2026-04-15 07:54:31,86.21,85.3,100.3,7.44,74.9,36.5,16.6
2026-04-15 07:54:31,86.19,89.1,101.7,7.33,74.9,34.7,16.6
2026-04-15 07:54:31,86.15,86.8,109.6,6.09,73.2,34.8,16.6
2026-04-15 07:54:32,86.21,84.3,99.7,7.48,74.9,39.2,16.6
2026-04-15 07:54:32,86.24,92.0,115.3,5.82,74.9,33.8,16.5
2026-04-15 07:54:32,86.13,113.0,136.0,5.34,74.3,41.9,16.5
2026-04-15 07:54:32,86.06,97.4,117.1,6.62,74.9,33.3,16.5
2026-04-15 07:54:32,86.18,93.9,116.0,6.13,74.9,36.4,16.5
2026-04-15 07:54:32,86.22,88.6,111.7,6.2,76.0,33.9,16.5
2026-04-15 07:54:33,86.11,90.9,114.1,5.92,73.8,33.3,16.4
2026-04-15 07:54:33,86.2,98.1,118.8,5.75,74.9,31.8,16.5
2026-04-15 07:54:33,86.19,109.0,131.8,5.63,73.2,36.1,16.5
2026-04-15 07:54:33,86.08,91.6,114.7,6.71,74.3,37.3,16.5
2026-04-15 07:54:33,86.17,87.0,110.2,6.17,75.5,34.9,16.5
2026-04-15 07:54:33,86.18,84.0,96.5,7.67,76.0,36.7,16.6
2026-04-15 07:54:34,86.12,90.3,105.5,7.15,75.5,43.1,16.5
2026-04-15 07:54:34,86.1,84.8,108.5,6.21,75.5,32.8,16.5
2026-04-15 07:54:34,86.09,101.8,115.6,6.68,74.3,39.3,16.5
2026-04-15 07:54:34,85.9,95.2,118.6,6.23,75.5,35.5,16.5
2026-04-15 07:54:34,86.05,101.5,124.7,5.78,76.5,37.1,16.5
2026-04-15 07:54:34,85.98,105.3,128.2,5.89,76.0,38.8,16.6
2026-04-15 07:54:34,86.07,103.6,126.7,6.06,75.5,36.4,16.5
2026-04-15 07:54:35,86.14,90.3,113.3,6.54,74.9,40.6,16.6
2026-04-15 07:54:35,86.2,85.6,108.5,6.17,74.3,34.9,16.6
2026-04-15 07:54:35,86.03,86.8,100.8,7.4,75.5,43.6,16.6
2026-04-15 07:54:35,86.14,91.9,101.0,7.25,75.5,39.6,16.6
2026-04-15 07:54:35,86.1,86.6,109.7,6.21,74.9,34.8,16.7
2026-04-15 07:54:35,86.17,84.3,96.8,7.63,76.0,41.5,16.7
2026-04-15 07:54:36,86.0,100.1,115.7,6.68,74.9,40.0,16.7
2026-04-15 07:54:36,86.12,113.0,134.5,5.59,74.9,34.3,16.7
2026-04-15 07:54:36,86.0,92.4,113.2,6.8,76.0,42.6,16.8
2026-04-15 07:54:36,86.01,83.7,103.5,6.37,74.9,37.7,16.8
2026-04-15 07:54:36,86.01,89.7,107.7,7.07,75.5,44.1,16.7
2026-04-15 07:54:36,85.97,91.1,114.8,6.02,74.3,30.8,16.7
2026-04-15 07:54:36,85.98,87.9,111.0,6.13,74.9,36.7,16.8
2026-04-15 07:54:37,86.01,85.9,110.2,6.04,74.3,36.8,16.8
2026-04-15 07:54:37,86.07,94.7,106.4,7.1,75.5,42.1,16.8
2026-04-15 07:54:37,85.92,98.2,121.1,5.88,76.0,34.8,16.8
2026-04-15 07:54:37,86.05,99.0,121.5,5.95,74.9,39.7,16.8
2026-04-15 07:54:37,86.04,85.3,106.4,6.56,74.3,37.5,16.8
2026-04-15 07:54:37,86.07,87.4,100.0,7.37,75.5,42.6,16.8
2026-04-15 07:54:38,86.01,91.6,114.9,5.86,74.3,38.4,16.7
2026-04-15 07:54:38,86.04,94.1,117.2,5.92,75.5,32.8,16.7
2026-04-15 07:54:38,86.09,95.5,120.1,5.9,73.8,34.3,16.7
2026-04-15 07:54:38,86.1,106.1,129.1,5.7,75.5,36.6,16.7
2026-04-15 07:54:38,85.92,92.7,114.7,6.53,73.8,35.0,16.7
2026-04-15 07:54:38,85.88,106.4,129.7,5.55,75.5,34.7,16.7
2026-04-15 07:54:39,86.01,104.1,126.9,6.09,74.3,43.9,16.7
2026-04-15 07:54:39,85.9,106.4,129.2,5.92,74.3,32.8,16.7
2026-04-15 07:54:39,85.96,104.2,127.5,6.07,75.5,41.2,16.7
2026-04-15 07:54:39,85.92,88.1,110.9,6.67,75.5,38.3,16.7
2026-04-15 07:54:39,85.96,92.5,114.1,5.84,74.9,34.8,16.7
2026-04-15 07:54:39,86.08,83.6,106.7,6.35,74.3,32.3,16.7
2026-04-15 07:54:40,85.95,85.4,101.2,7.4,76.0,39.2,16.7
2026-04-15 07:54:40,86.02,101.4,114.7,6.69,74.9,41.7,16.7
2026-04-15 07:54:40,86.02,92.6,116.0,6.33,75.5,36.5,16.7
2026-04-15 07:54:40,86.04,85.8,95.8,6.27,75.5,44.6,16.7
2026-04-15 07:54:40,86.07,84.7,97.8,7.57,74.9,40.7,16.7
2026-04-15 07:54:40,86.06,85.5,100.2,7.43,74.9,43.4,16.7
2026-04-15 07:54:40,86.01,86.8,100.9,7.43,74.9,43.6,16.7
2026-04-15 07:54:41,86.01,85.5,99.4,7.49,74.3,40.4,16.7
2026-04-15 07:54:41,86.07,94.2,106.3,7.13,75.5,44.1,16.7
2026-04-15 07:54:41,86.03,104.6,128.6,5.59,74.3,38.4,16.7
2026-04-15 07:54:41,86.07,96.8,119.2,6.31,74.9,44.6,16.7
2026-04-15 07:54:41,85.95,109.2,132.0,5.64,75.5,33.8,16.6
2026-04-15 07:54:41,86.01,89.2,111.5,6.83,74.9,38.6,16.7
2026-04-15 07:54:42,85.92,90.1,114.2,5.93,75.5,33.8,16.7
2026-04-15 07:54:42,85.97,87.1,110.1,6.15,75.5,31.7,16.7
2026-04-15 07:54:42,85.79,83.6,95.7,7.7,73.2,40.4,16.7
2026-04-15 07:54:42,85.93,116.8,124.1,6.01,75.5,50.0,16.6
2026-04-15 07:54:42,85.93,98.5,114.4,6.75,74.9,33.9,16.6
2026-04-15 07:54:42,85.89,90.0,113.2,6.31,74.9,32.8,16.6
2026-04-15 07:54:42,85.97,85.8,108.1,6.16,74.9,37.5,16.6
2026-04-15 07:54:43,85.81,83.5,96.2,7.66,76.0,39.6,16.5
2026-04-15 07:54:43,85.85,87.5,102.7,7.28,76.0,41.5,16.5
2026-04-15 07:54:43,86.0,83.1,95.1,7.76,74.9,40.7,16.5
2026-04-15 07:54:43,85.85,100.6,117.1,6.63,75.5,39.0,16.5
2026-04-15 07:54:43,86.06,86.9,109.8,6.54,75.5,35.0,16.5
2026-04-15 07:54:43,86.11,83.6,96.5,7.66,76.0,41.5,16.5
2026-04-15 07:54:43,86.03,83.9,98.8,7.52,74.3,36.7,16.6
2026-04-15 07:54:44,86.06,93.2,110.9,6.91,76.0,42.4,16.6
2026-04-15 07:54:44,86.14,98.4,121.4,5.89,75.5,32.3,16.6
2026-04-15 07:54:44,86.16,110.5,133.4,5.6,73.8,31.9,16.6
2026-04-15 07:54:44,86.16,90.4,112.6,6.82,75.5,39.7,16.6
2026-04-15 07:54:44,86.18,87.4,110.6,6.1,74.3,37.3,16.6
2026-04-15 07:54:44,86.25,84.7,107.8,6.12,75.5,32.3,16.6
2026-04-15 07:54:45,86.19,86.5,101.3,7.37,73.8,48.1,16.5
2026-04-15 07:54:45,86.19,96.0,108.7,7.0,75.5,42.1,16.5
2026-04-15 07:54:45,86.04,95.0,119.1,6.03,76.5,34.8,16.5
2026-04-15 07:54:45,86.07,117.8,143.7,5.23,75.5,32.4,16.5
2026-04-15 07:54:45,86.07,86.3,98.2,7.56,74.9,39.6,16.5
2026-04-15 07:54:45,86.21,88.6,100.8,7.37,74.3,45.5,16.6
2026-04-15 07:54:45,86.11,86.6,109.6,6.08,75.5,34.8,16.5
2026-04-15 07:54:46,86.0,90.6,102.7,7.28,75.5,44.4,16.5
2026-04-15 07:54:46,85.98,88.9,112.1,6.07,75.5,34.8,16.5
2026-04-15 07:54:46,86.11,123.6,147.0,4.96,73.8,40.0,16.5
2026-04-15 07:54:46,86.22,123.5,146.4,5.02,75.5,43.0,16.5
2026-04-15 07:54:46,86.19,85.5,108.4,6.17,75.5,35.8,16.5
2026-04-15 07:54:46,86.3,92.3,106.3,7.13,74.3,36.5,16.6
2026-04-15 07:54:47,86.26,96.5,118.0,5.86,76.0,39.1,16.6
2026-04-15 07:54:47,86.2,105.6,128.5,5.7,74.9,34.8,16.6
2026-04-15 07:54:47,86.02,89.9,112.8,6.63,76.0,41.0,16.6
2026-04-15 07:54:47,86.09,84.2,111.0,6.07,75.5,32.8,16.6
2026-04-15 07:54:47,86.06,84.0,95.1,7.73,74.9,44.4,16.6
2026-04-15 07:54:47,86.15,88.1,103.8,7.27,74.9,43.1,16.6
2026-04-15 07:54:48,86.18,84.7,108.5,6.09,76.0,33.3,16.6
2026-04-15 07:54:48,86.13,86.3,99.7,7.47,75.5,41.5,16.6
2026-04-15 07:54:48,86.01,86.3,104.3,7.23,75.5,41.8,16.6
2026-04-15 07:54:48,86.07,92.3,112.8,5.97,76.0,35.8,16.5
2026-04-15 07:54:48,86.09,83.4,106.5,6.35,74.3,33.3,16.5
2026-04-15 07:54:48,86.24,83.6,99.5,7.49,74.9,39.6,16.5
2026-04-15 07:54:48,86.02,102.9,117.6,6.56,74.9,42.6,16.5
2026-04-15 07:54:49,86.27,84.0,107.1,6.77,74.9,32.1,16.5
2026-04-15 07:54:49,86.11,104.1,118.4,6.5,74.3,41.9,16.5
2026-04-15 07:54:49,86.11,85.7,108.4,6.76,75.5,34.5,16.5
2026-04-15 07:54:49,86.15,101.0,115.2,6.71,76.0,40.7,16.5
2026-04-15 07:54:49,86.03,97.7,121.6,6.11,75.5,41.9,16.5
2026-04-15 07:54:49,86.13,91.4,114.5,6.27,74.3,33.3,16.5
2026-04-15 07:54:50,86.04,93.1,116.5,5.92,74.9,34.8,16.5
2026-04-15 07:54:50,86.08,93.4,116.7,6.01,74.3,38.6,16.5
2026-04-15 07:54:50,86.11,92.0,114.9,6.06,74.3,32.8,16.5
2026-04-15 07:54:50,86.14,93.5,116.1,5.95,76.0,37.7,16.4
2026-04-15 07:54:50,86.08,97.0,120.0,5.88,74.9,34.8,16.5
2026-04-15 07:54:50,86.13,99.0,121.8,5.93,74.3,34.3,16.4
2026-04-15 07:54:51,86.15,90.2,112.8,6.34,74.9,39.1,16.4
2026-04-15 07:54:51,85.99,87.9,108.6,6.08,75.5,33.8,16.4
2026-04-15 07:54:51,85.93,101.5,121.6,5.55,75.5,41.3,16.4
2026-04-15 07:54:51,86.12,114.4,133.9,5.55,75.5,42.6,16.5
2026-04-15 07:54:51,86.08,107.9,125.4,6.27,74.9,37.1,16.5
2026-04-15 07:54:51,86.09,104.1,127.2,6.13,76.0,39.7,16.5
2026-04-15 07:54:52,86.16,93.0,116.6,6.42,74.3,32.8,16.5
2026-04-15 07:54:52,86.17,85.5,108.7,6.31,74.9,34.4,16.5
2026-04-15 07:54:52,86.3,89.2,101.3,7.3,74.3,36.7,16.4
2026-04-15 07:54:52,86.21,99.0,122.0,5.68,75.5,33.8,16.4
2026-04-15 07:54:52,86.15,94.5,116.8,6.17,73.8,36.4,16.4
2026-04-15 07:54:52,86.12,98.2,119.9,5.86,75.5,33.8,16.4
2026-04-15 07:54:52,86.0,89.2,112.0,6.36,74.9,36.9,16.4
2026-04-15 07:54:53,86.0,98.8,120.4,5.68,74.3,34.3,16.4
2026-04-15 07:54:53,86.09,91.0,113.9,6.3,75.5,35.5,16.5
2026-04-15 07:54:53,85.95,101.8,124.9,5.64,74.3,33.3,16.5
2026-04-15 07:54:53,86.04,106.6,129.2,5.84,75.5,42.0,16.5
2026-04-15 07:54:53,86.07,83.7,106.9,6.96,74.3,34.5,16.5
2026-04-15 07:54:53,86.13,98.8,113.8,6.74,74.9,41.7,16.4
2026-04-15 07:54:54,86.03,92.4,116.1,6.23,74.9,34.9,16.5
2026-04-15 07:54:54,85.98,112.1,135.3,5.39,75.5,40.0,16.4
2026-04-15 07:54:54,86.18,90.5,110.8,6.89,76.0,39.0,16.4
2026-04-15 07:54:54,86.22,92.2,114.9,5.93,75.5,32.8,16.4
2026-04-15 07:54:54,86.19,102.8,125.7,5.65,77.1,37.8,16.5
2026-04-15 07:54:54,86.33,92.8,115.7,6.38,74.9,37.1,16.5
2026-04-15 07:54:55,86.28,86.4,110.4,6.21,76.0,33.3,16.5
2026-04-15 07:54:55,86.25,106.7,118.4,6.55,75.5,41.0,16.6
2026-04-15 07:54:55,86.24,111.0,133.9,5.86,74.9,41.4,16.6
2026-04-15 07:54:55,86.17,96.4,117.5,6.58,75.5,38.7,16.6
2026-04-15 07:54:55,86.02,85.9,109.2,6.39,75.5,32.1,16.6
2026-04-15 07:54:55,85.99,105.0,118.2,6.57,74.9,41.3,16.6
2026-04-15 07:54:56,86.18,92.4,114.9,6.49,75.5,35.5,16.7
2026-04-15 07:54:56,86.19,85.1,106.6,6.28,75.5,42.9,16.7
2026-04-15 07:54:56,86.19,91.3,106.2,7.14,76.0,38.2,16.7
2026-04-15 07:54:56,86.3,84.9,107.1,6.25,75.5,43.9,16.7
2026-04-15 07:54:56,86.37,95.6,109.7,6.93,74.3,41.1,16.7
2026-04-15 07:54:56,86.31,84.3,107.6,6.45,75.5,29.8,16.8
2026-04-15 07:54:56,86.2,85.7,101.0,7.42,74.3,40.4,16.8
2026-04-15 07:54:57,86.31,85.4,98.6,7.54,75.5,40.4,16.8
2026-04-15 07:54:57,86.23,86.5,100.9,7.42,75.5,42.6,16.7
2026-04-15 07:54:57,86.27,86.2,99.3,7.5,75.5,42.3,16.7
2026-04-15 07:54:57,86.19,105.3,117.4,6.59,76.0,42.9,16.7
2026-04-15 07:54:57,86.3,84.5,107.6,6.86,75.5,35.1,16.7
2026-04-15 07:54:57,86.27,95.7,112.4,6.85,74.9,41.7,16.8
2026-04-15 07:54:57,86.32,87.4,110.7,6.37,76.0,38.5,16.8
2026-04-15 07:54:58,86.18,106.6,129.5,5.4,76.0,39.2,16.8
2026-04-15 07:54:58,86.18,92.5,115.7,6.55,74.9,33.9,16.8
2026-04-15 07:54:58,86.26,109.9,132.7,5.44,74.3,36.0,16.8
2026-04-15 07:54:58,86.17,94.2,116.7,6.62,75.5,37.9,16.7
2026-04-15 07:54:58,86.28,93.5,116.9,6.02,74.3,35.4,16.7
2026-04-15 07:54:58,86.15,93.9,116.9,6.0,74.3,34.3,16.7
2026-04-15 07:54:59,86.2,93.9,117.0,6.0,75.5,37.7,16.7
2026-04-15 07:54:59,86.28,88.3,111.2,6.21,75.5,35.9,16.7
2026-04-15 07:54:59,86.24,106.5,129.4,5.41,73.8,34.7,16.7
2026-04-15 07:54:59,86.08,93.6,116.9,6.5,75.5,34.5,16.7
2026-04-15 07:54:59,86.08,104.6,127.5,5.64,74.9,37.1,16.7
2026-04-15 07:54:59,86.2,90.4,113.5,6.56,74.9,36.7,16.7
2026-04-15 07:55:00,86.17,96.5,119.5,5.79,75.5,28.8,16.7
2026-04-15 07:55:00,86.22,107.5,130.5,5.63,75.5,39.1,16.6
2026-04-15 07:55:00,86.11,86.4,109.4,6.88,74.9,36.8,16.6
2026-04-15 07:55:00,86.06,94.7,107.2,7.05,76.5,43.6,16.6
2026-04-15 07:55:00,86.08,87.9,111.1,6.26,76.0,34.9,16.5
2026-04-15 07:55:00,86.08,84.9,111.4,5.99,75.5,30.8,16.4
2026-04-15 07:55:01,86.09,88.7,111.3,5.96,74.9,32.3,16.4
2026-04-15 07:55:01,85.97,85.2,108.3,6.17,73.8,31.7,16.4
2026-04-15 07:55:01,85.98,87.5,101.5,7.37,74.9,40.7,16.4
2026-04-15 07:55:01,86.11,94.3,117.3,5.77,74.9,35.8,16.4
2026-04-15 07:55:01,86.02,101.8,124.8,5.74,73.8,40.8,16.4
2026-04-15 07:55:01,86.19,97.0,120.1,6.18,75.5,36.5,16.4
2026-04-15 07:55:02,86.25,93.1,116.1,6.15,75.5,33.3,16.4
2026-04-15 07:55:02,86.16,89.6,112.7,6.13,74.3,33.3,16.4
2026-04-15 07:55:02,86.13,92.6,115.6,5.9,74.3,36.1,16.4
2026-04-15 07:55:02,86.0,107.1,130.4,5.51,75.5,36.2,16.5
2026-04-15 07:55:02,86.15,111.4,133.5,5.82,73.8,35.9,16.5
2026-04-15 07:55:02,86.07,109.3,125.0,6.12,76.0,40.0,16.4
2026-04-15 07:55:03,86.16,91.2,114.3,6.73,76.0,37.3,16.4
2026-04-15 07:55:03,86.29,104.8,128.5,5.54,74.9,36.5,16.4
2026-04-15 07:55:03,86.13,95.4,118.3,6.38,75.5,39.1,16.3
2026-04-15 07:55:03,86.1,84.8,107.5,6.41,76.5,33.9,16.3
2026-04-15 07:55:03,86.21,104.8,117.7,6.52,76.5,40.4,16.4
2026-04-15 07:55:03,86.13,101.4,124.5,6.14,76.0,36.9,16.4
2026-04-15 07:55:04,86.13,97.1,120.4,6.15,76.0,33.9,16.4
2026-04-15 07:55:04,86.22,92.3,115.2,6.15,74.9,37.9,16.5
2026-04-15 07:55:04,86.22,99.1,122.2,5.8,74.9,39.7,16.5
2026-04-15 07:55:04,86.15,93.3,115.0,6.22,75.5,39.1,16.5
2026-04-15 07:55:04,86.04,110.0,133.4,5.44,74.9,33.8,16.5
2026-04-15 07:55:04,86.22,84.6,108.1,7.04,75.5,39.7,16.6
2026-04-15 07:55:04,86.04,89.5,101.5,7.29,74.3,42.9,16.6
2026-04-15 07:55:05,86.06,85.9,109.2,6.13,75.5,33.8,16.6
2026-04-15 07:55:05,86.03,88.6,101.5,7.37,75.5,40.0,16.5
2026-04-15 07:55:05,86.1,91.8,115.2,5.88,75.5,33.3,16.6
2026-04-15 07:55:05,86.08,91.3,115.8,5.97,74.9,34.4,16.5
2026-04-15 07:55:05,86.17,98.7,117.2,5.8,76.0,34.8,16.5
2026-04-15 07:55:05,86.17,86.6,106.5,6.48,74.9,36.1,16.4
2026-04-15 07:55:06,86.02,102.0,114.7,6.73,74.9,39.7,16.4
2026-04-15 07:55:06,86.21,88.6,111.9,6.52,76.0,37.1,16.4
2026-04-15 07:55:06,86.15,118.2,141.2,5.1,75.5,40.8,16.4
2026-04-15 07:55:06,86.13,90.8,103.4,7.18,74.9,39.3,16.4
2026-04-15 07:55:06,86.03,95.1,118.3,5.85,75.5,35.3,16.5
2026-04-15 07:55:06,85.81,114.9,137.9,5.36,73.8,42.7,16.4
2026-04-15 07:55:07,85.7,93.3,111.0,6.91,75.5,31.5,16.4
2026-04-15 07:55:07,85.8,101.9,123.8,5.7,74.3,33.8,16.5
2026-04-15 07:55:07,85.82,89.2,111.6,6.5,76.0,38.3,16.5
2026-04-15 07:55:07,85.96,85.9,109.0,6.13,75.5,27.9,16.5
2026-04-15 07:55:07,85.98,95.9,109.3,6.98,76.0,42.1,16.5
2026-04-15 07:55:07,85.99,107.8,131.1,5.6,74.9,40.6,16.6
2026-04-15 07:55:08,86.09,86.5,109.4,6.89,76.5,40.7,16.6
2026-04-15 07:55:08,85.99,87.3,100.2,7.45,76.0,40.4,16.6
2026-04-15 07:55:08,86.0,106.2,117.7,6.58,76.0,40.0,16.7
2026-04-15 07:55:08,85.87,95.6,118.4,6.41,74.9,36.7,16.6
2026-04-15 07:55:08,86.14,100.6,123.7,5.83,74.3,31.8,16.7
2026-04-15 07:55:08,86.16,87.8,111.2,6.48,75.5,39.1,16.7
2026-04-15 07:55:08,86.1,95.1,106.6,7.03,75.5,44.6,16.7
2026-04-15 07:55:09,86.01,87.8,110.8,6.36,75.5,29.3,16.7
2026-04-15 07:55:09,86.07,100.5,123.5,5.58,76.0,30.4,16.7
2026-04-15 07:55:09,85.98,90.4,113.5,6.39,75.5,37.1,16.6
2026-04-15 07:55:09,85.93,90.3,115.3,5.94,76.0,34.3,16.5
2026-04-15 07:55:09,85.91,97.2,120.3,5.83,75.5,36.8,16.5
2026-04-15 07:55:09,86.05,97.1,120.4,6.01,74.3,35.4,16.6
2026-04-15 07:55:10,86.01,110.6,133.9,5.55,73.8,42.3,16.6
2026-04-15 07:55:10,86.04,91.2,113.4,6.8,74.3,39.3,16.6
2026-04-15 07:55:10,86.09,93.2,116.2,5.92,76.0,37.1,16.6
2026-04-15 07:55:10,86.0,102.6,125.7,5.69,76.0,33.3,16.6
2026-04-15 07:55:10,85.94,86.0,109.1,6.66,75.5,40.3,16.6
2026-04-15 07:55:10,86.04,93.2,106.7,7.12,75.5,38.2,16.6
2026-04-15 07:55:11,85.98,104.3,121.4,5.63,74.3,34.8,16.6
2026-04-15 07:55:11,85.98,89.5,112.4,6.59,74.9,34.5,16.6
2026-04-15 07:55:11,86.04,118.2,141.2,5.12,75.5,34.7,16.6
2026-04-15 07:55:11,86.01,105.4,120.5,6.48,75.5,43.8,16.6
2026-04-15 07:55:11,85.91,88.7,112.2,6.68,75.5,33.3,16.6
2026-04-15 07:55:11,86.1,106.1,128.5,5.41,76.0,31.9,16.6
2026-04-15 07:55:12,85.95,106.4,129.3,6.02,74.9,35.5,16.5
2026-04-15 07:55:12,85.97,160.2,183.2,4.54,74.3,45.1,16.6
2026-04-15 07:55:12,86.0,105.3,128.4,5.61,76.0,35.7,16.6
2026-04-15 07:55:12,85.96,94.0,118.0,6.41,74.3,37.7,16.6
2026-04-15 07:55:12,86.12,87.2,108.4,6.28,75.5,33.3,16.6
2026-04-15 07:55:12,85.97,86.7,99.2,7.48,76.0,41.5,16.5
2026-04-15 07:55:13,85.92,89.0,112.0,5.96,74.9,37.7,16.5
2026-04-15 07:55:13,86.03,86.1,109.2,6.11,74.3,33.3,16.5
2026-04-15 07:55:13,86.04,96.9,109.9,6.93,75.5,43.1,16.4
2026-04-15 07:55:13,86.12,109.4,132.5,5.59,76.0,32.4,16.4
2026-04-15 07:55:13,85.92,92.5,115.9,6.67,75.5,40.3,16.5
2026-04-15 07:55:13,86.0,106.3,129.4,5.54,76.5,40.3,16.4
2026-04-15 07:55:14,85.93,93.9,118.4,6.44,76.0,37.1,16.4
2026-04-15 07:55:14,85.85,91.6,114.6,6.13,74.3,34.9,16.4
2026-04-15 07:55:14,86.03,82.8,106.0,6.34,74.3,34.4,16.4
2026-04-15 07:55:14,85.93,99.8,118.2,6.58,76.0,41.3,16.5
2026-04-15 07:55:14,85.98,96.5,119.4,6.19,76.0,38.1,16.5
2026-04-15 07:55:14,86.07,90.5,113.6,6.23,76.0,35.4,16.5
2026-04-15 07:55:15,85.84,103.2,126.1,5.58,75.5,35.6,16.5
2026-04-15 07:55:15,86.02,106.2,130.3,5.86,74.9,39.1,16.5
2026-04-15 07:55:15,86.02,93.6,116.6,6.54,76.0,33.9,16.5
2026-04-15 07:55:15,85.93,89.9,112.8,6.14,76.0,34.8,16.5
2026-04-15 07:55:15,85.75,98.3,121.4,5.71,74.9,38.9,16.5
2026-04-15 07:55:15,85.95,95.6,118.7,6.11,75.5,31.1,16.4
2026-04-15 07:55:16,85.89,88.5,108.6,6.27,74.9,32.8,16.4
2026-04-15 07:55:16,85.95,99.8,122.8,5.59,75.5,41.9,16.4
2026-04-15 07:55:16,85.94,92.6,119.2,6.18,75.5,37.1,16.5
2026-04-15 07:55:16,85.89,86.3,108.3,6.36,76.0,38.7,16.5
2026-04-15 07:55:16,85.89,86.3,102.8,7.31,77.7,36.5,16.5
2026-04-15 07:55:16,85.91,85.5,108.8,6.17,76.0,36.4,16.5
2026-04-15 07:55:16,85.97,89.5,105.4,7.18,73.8,42.9,16.5
2026-04-15 07:55:17,85.88,93.9,117.0,5.92,74.9,32.3,16.5
2026-04-15 07:55:17,86.01,101.4,124.6,5.75,74.9,35.3,16.5
2026-04-15 07:55:17,86.0,104.8,127.9,5.88,74.9,36.4,16.5
2026-04-15 07:55:17,85.9,107.8,130.2,5.9,76.0,41.8,16.4
2026-04-15 07:55:17,85.9,109.4,131.9,5.95,76.5,39.1,16.4
2026-04-15 07:55:17,85.92,83.7,106.7,7.08,76.0,35.2,16.4
2026-04-15 07:55:18,85.92,90.8,104.0,7.14,75.5,39.3,16.5
2026-04-15 07:55:18,85.94,96.6,119.7,5.8,75.5,36.2,16.5
2026-04-15 07:55:18,86.11,108.1,130.8,5.62,76.0,36.6,16.5
2026-04-15 07:55:18,86.11,95.3,118.4,6.5,75.5,35.6,16.6
2026-04-15 07:55:18,85.99,112.7,136.0,5.43,77.1,35.6,16.6
2026-04-15 07:55:18,86.11,97.9,117.6,6.59,77.1,34.5,16.6
2026-04-15 07:55:19,86.07,89.0,112.0,6.3,74.3,40.3,16.6
2026-04-15 07:55:19,86.17,86.1,109.2,6.15,77.1,34.8,16.7
2026-04-15 07:55:19,86.11,90.6,103.8,7.26,74.9,41.8,16.7
2026-04-15 07:55:19,86.02,92.6,116.3,5.85,74.9,34.8,16.7
2026-04-15 07:55:19,86.09,87.6,111.5,6.24,76.5,38.5,16.7
2026-04-15 07:55:19,85.99,110.3,133.6,5.31,74.9,36.1,16.7
2026-04-15 07:55:20,85.98,108.0,130.3,6.09,75.5,38.5,16.8
2026-04-15 07:55:20,86.11,110.6,134.8,5.87,76.5,40.8,16.7
2026-04-15 07:55:20,86.12,93.0,114.3,6.75,76.0,39.0,16.7
2026-04-15 07:55:20,86.12,101.6,129.6,5.56,74.9,35.2,16.6
2026-04-15 07:55:20,85.97,84.9,107.6,6.9,77.1,37.9,16.6
2026-04-15 07:55:20,86.07,85.3,100.1,7.47,76.5,39.2,16.6
2026-04-15 07:55:20,86.04,83.4,97.4,7.62,75.5,39.2,16.6
2026-04-15 07:55:21,86.15,102.8,119.8,6.51,74.3,36.7,16.5
2026-04-15 07:55:21,85.98,91.3,114.5,6.48,75.5,36.7,16.6
2026-04-15 07:55:21,86.02,100.9,123.3,5.68,76.0,41.1,16.6
2026-04-15 07:55:21,85.95,108.8,131.5,5.73,77.1,36.2,16.6
2026-04-15 07:55:21,86.1,83.2,105.2,7.09,76.0,38.2,16.6
2026-04-15 07:55:21,86.14,111.6,122.4,6.19,74.3,37.1,16.5
2026-04-15 07:55:22,86.02,111.7,132.9,6.01,76.0,40.6,16.6
2026-04-15 07:55:22,86.02,95.5,115.1,6.64,75.5,40.3,16.6
2026-04-15 07:55:22,85.99,93.8,115.3,6.07,74.9,38.5,16.6
2026-04-15 07:55:22,86.11,93.6,116.6,6.01,76.0,36.8,16.6
2026-04-15 07:55:22,86.04,93.6,117.4,5.9,76.0,32.8,16.6
2026-04-15 07:55:22,86.05,88.6,114.1,6.13,76.5,34.4,16.5
2026-04-15 07:55:23,86.02,104.5,127.5,5.61,74.9,38.0,16.5
2026-04-15 07:55:23,85.94,88.5,110.3,6.64,74.9,36.7,16.5
2026-04-15 07:55:23,86.06,91.0,114.2,5.91,74.9,31.8,16.5
2026-04-15 07:55:23,86.06,93.8,116.8,5.9,76.0,40.8,16.4
2026-04-15 07:55:23,86.08,95.7,118.8,5.94,75.5,32.3,16.4
2026-04-15 07:55:23,86.14,86.4,109.6,6.35,76.0,36.1,16.4
2026-04-15 07:55:24,85.97,84.8,96.3,7.61,76.5,38.5,16.4
2026-04-15 07:55:24,85.91,86.7,100.9,7.4,75.5,42.6,16.4
2026-04-15 07:55:24,85.87,83.6,96.4,7.64,76.0,35.4,16.4
2026-04-15 07:55:24,86.03,107.7,123.1,6.38,76.5,43.5,16.4
2026-04-15 07:55:24,86.2,105.3,131.7,5.97,76.5,39.4,16.4
2026-04-15 07:55:24,85.97,88.8,111.9,6.81,76.0,35.1,16.4
2026-04-15 07:55:24,85.84,93.9,117.0,5.82,74.9,33.8,16.5
2026-04-15 07:55:25,86.1,93.8,117.5,5.99,75.5,35.4,16.4
2026-04-15 07:55:25,85.96,86.5,109.5,6.3,76.5,35.9,16.4
2026-04-15 07:55:25,85.93,93.0,105.4,7.15,76.0,44.8,16.4
2026-04-15 07:55:25,85.87,85.9,109.1,6.27,75.5,34.4,16.4
2026-04-15 07:55:25,86.02,94.6,106.8,7.04,76.0,42.6,16.4
2026-04-15 07:55:25,85.89,86.6,109.8,6.31,75.5,36.5,16.4
2026-04-15 07:55:26,85.97,86.0,98.6,7.53,74.9,38.5,16.4
2026-04-15 07:55:26,85.95,87.1,99.5,7.45,76.5,36.7,16.4
2026-04-15 07:55:26,85.92,97.3,114.3,6.74,77.1,42.4,16.5
2026-04-15 07:55:26,86.09,107.4,139.4,5.53,75.5,45.2,16.5
2026-04-15 07:55:26,86.03,94.9,111.4,6.89,75.5,38.6,16.5
2026-04-15 07:55:26,86.0,100.7,123.2,5.8,76.5,35.7,16.5
2026-04-15 07:55:26,85.94,119.2,142.6,5.4,74.9,29.4,16.5
2026-04-15 07:55:27,85.93,88.9,103.3,7.29,77.1,42.1,16.5
2026-04-15 07:55:27,85.94,92.3,113.2,5.91,76.0,28.6,16.6
2026-04-15 07:55:27,86.01,98.5,120.5,5.76,76.0,36.8,16.6
2026-04-15 07:55:27,85.9,84.6,107.7,6.59,76.5,35.5,16.6
2026-04-15 07:55:27,85.96,108.6,123.1,6.36,75.5,43.7,16.6
2026-04-15 07:55:27,86.03,105.8,128.8,6.11,76.0,41.0,16.7
2026-04-15 07:55:28,86.13,88.9,112.0,6.69,74.9,30.4,16.7
2026-04-15 07:55:28,86.03,95.2,118.2,5.78,76.5,32.4,16.7
2026-04-15 07:55:28,86.1,88.6,111.3,6.25,75.5,37.3,16.7
2026-04-15 07:55:28,86.04,88.7,111.6,6.0,74.9,32.8,16.8
2026-04-15 07:55:28,85.96,105.5,128.5,5.45,74.9,37.3,16.8
2026-04-15 07:55:28,85.97,91.5,114.7,6.55,74.9,35.6,16.9
2026-04-15 07:55:29,85.95,87.6,110.8,6.15,74.9,31.7,16.9
2026-04-15 07:55:29,85.97,87.5,112.6,5.91,74.9,36.8,16.9
2026-04-15 07:55:29,85.95,84.9,107.3,6.2,74.9,31.3,16.9
2026-04-15 07:55:29,86.03,87.4,101.6,7.36,75.5,41.5,16.9
2026-04-15 07:55:29,85.88,90.8,112.6,5.88,76.0,33.8,16.9
2026-04-15 07:55:29,85.94,98.9,122.1,5.72,76.5,34.3,16.7
2026-04-15 07:55:30,85.94,94.3,117.2,6.18,75.5,35.4,16.7
2026-04-15 07:55:30,86.06,101.2,124.2,5.76,76.0,39.7,16.8
2026-04-15 07:55:30,86.01,98.5,121.8,6.1,75.5,36.9,16.8
2026-04-15 07:55:30,85.96,90.0,114.3,6.29,76.5,38.1,16.8
2026-04-15 07:55:30,85.97,90.0,113.2,6.04,76.5,36.8,16.7
2026-04-15 07:55:30,85.96,100.4,123.7,5.65,77.1,36.6,16.8
2026-04-15 07:55:31,86.1,109.8,133.0,5.69,76.5,35.7,16.8
2026-04-15 07:55:31,86.15,91.1,110.7,6.74,75.5,36.8,16.8
2026-04-15 07:55:31,86.04,112.1,135.1,5.34,74.9,40.3,16.7
2026-04-15 07:55:31,85.99,92.2,112.7,6.81,75.5,39.0,16.7
2026-04-15 07:55:31,86.01,94.2,116.9,5.93,76.5,30.2,16.7
2026-04-15 07:55:31,86.08,91.0,113.4,6.12,76.5,37.5,16.7
2026-04-15 07:55:32,86.03,84.7,109.4,6.18,77.7,37.9,16.7
2026-04-15 07:55:32,86.14,102.1,112.9,6.72,76.0,44.8,16.7
2026-04-15 07:55:32,86.06,117.2,141.2,5.46,76.0,37.1,16.6
2026-04-15 07:55:32,85.94,83.9,97.9,7.58,75.5,38.5,16.6
2026-04-15 07:55:32,86.16,87.6,103.1,7.3,77.1,38.5,16.6
2026-04-15 07:55:32,86.09,87.5,99.9,7.45,76.5,41.2,16.6
2026-04-15 07:55:32,86.13,91.8,102.9,7.31,76.5,44.4,16.6
2026-04-15 07:55:33,86.14,87.4,110.7,6.17,76.0,36.9,16.6
2026-04-15 07:55:33,86.19,85.3,108.4,6.09,75.5,32.3,16.6
2026-04-15 07:55:33,86.14,86.1,99.9,7.46,76.0,45.6,16.6
2026-04-15 07:55:33,86.27,87.2,100.2,7.43,77.1,44.6,16.6
2026-04-15 07:55:33,86.16,83.8,95.3,7.72,76.5,38.0,16.6
2026-04-15 07:55:33,86.19,86.8,101.9,7.33,76.0,40.7,16.6
2026-04-15 07:55:33,86.25,93.0,105.5,7.17,76.5,39.6,16.6
2026-04-15 07:55:34,86.24,87.0,108.1,6.22,74.9,37.9,16.6
2026-04-15 07:55:34,86.11,85.7,90.5,7.57,75.5,53.6,16.6
2026-04-15 07:55:34,86.15,85.8,98.3,7.51,76.5,41.2,16.6
2026-04-15 07:55:34,86.15,109.7,123.5,6.36,77.1,40.3,16.6
2026-04-15 07:55:34,86.28,99.7,122.7,6.39,76.0,36.1,16.6
2026-04-15 07:55:34,86.15,100.1,123.0,5.98,76.0,36.8,16.6
2026-04-15 07:55:34,86.17,100.0,123.2,6.0,74.9,36.5,16.6
2026-04-15 07:55:35,86.15,102.0,126.4,5.89,76.5,37.3,16.6
2026-04-15 07:55:35,86.14,90.4,113.6,6.5,74.9,37.1,16.6
2026-04-15 07:55:35,86.13,110.0,132.7,5.36,76.5,34.2,16.6
2026-04-15 07:55:35,86.15,98.7,121.2,6.45,74.9,39.1,16.6
2026-04-15 07:55:35,86.18,87.3,110.4,6.44,76.0,32.8,16.6
2026-04-15 07:55:35,86.11,98.7,110.9,6.91,76.5,44.6,16.7
2026-04-15 07:55:36,86.05,84.1,106.8,6.59,76.0,38.1,16.7
2026-04-15 07:55:36,86.02,86.6,100.2,7.35,76.5,50.0,16.6
2026-04-15 07:55:36,86.17,85.5,98.3,7.51,74.9,44.6,16.6
2026-04-15 07:55:36,86.14,95.9,106.8,7.0,76.5,42.6,16.6
2026-04-15 07:55:36,86.25,105.9,129.9,5.64,77.1,32.4,16.6
2026-04-15 07:55:36,85.97,85.6,108.8,6.88,76.0,36.2,16.6
2026-04-15 07:55:37,86.05,123.6,138.6,5.8,76.0,41.2,16.6
2026-04-15 07:55:37,86.09,104.4,127.5,5.57,76.5,29.4,16.6
2026-04-15 07:55:37,86.0,118.6,141.4,5.54,77.1,34.8,16.6
2026-04-15 07:55:37,86.05,103.9,117.4,6.57,77.1,44.3,16.6
2026-04-15 07:55:37,86.09,93.2,116.3,6.43,76.5,29.8,16.6
2026-04-15 07:55:37,85.99,92.4,115.5,6.03,74.9,36.8,16.6
2026-04-15 07:55:38,86.15,93.5,116.3,5.96,76.0,36.8,16.6
2026-04-15 07:55:38,86.1,87.7,110.7,6.22,76.0,34.9,16.6
2026-04-15 07:55:38,86.1,85.4,109.9,6.04,76.5,30.2,16.6
2026-04-15 07:55:38,86.11,90.4,99.2,7.3,75.5,46.0,16.6
2026-04-15 07:55:38,86.1,85.6,108.9,6.17,75.5,32.3,16.5
2026-04-15 07:55:38,86.06,83.0,95.6,7.66,76.5,38.5,16.5
2026-04-15 07:55:38,86.11,93.0,107.7,6.96,76.0,43.1,16.5
2026-04-15 07:55:39,86.22,93.2,116.3,6.02,75.5,34.8,16.5
2026-04-15 07:55:39,86.15,94.3,118.0,5.94,78.2,39.1,16.5
2026-04-15 07:55:39,86.18,95.7,119.6,5.94,76.5,33.8,16.6
2026-04-15 07:55:39,86.01,91.1,114.1,6.21,76.0,37.9,16.6
2026-04-15 07:55:39,86.05,85.0,107.5,6.22,77.1,33.3,16.6
2026-04-15 07:55:39,86.17,87.8,102.0,7.35,78.2,43.9,16.6
2026-04-15 07:55:40,86.07,92.5,102.9,7.24,76.0,44.6,16.6
2026-04-15 07:55:40,86.14,90.3,113.4,6.08,76.5,37.7,16.6
2026-04-15 07:55:40,86.05,95.7,117.5,5.81,76.5,33.3,16.6
2026-04-15 07:55:40,86.02,101.8,125.2,5.79,74.9,36.8,16.6
2026-04-15 07:55:40,86.04,86.7,109.7,6.61,75.5,34.4,16.7
2026-04-15 07:55:40,86.02,85.6,99.2,7.51,75.5,45.8,16.7
2026-04-15 07:55:40,86.15,102.7,114.7,6.69,74.9,41.4,16.6
2026-04-15 07:55:41,86.03,87.6,110.6,6.6,76.5,34.5,16.6
2026-04-15 07:55:41,86.02,105.7,128.8,5.42,75.5,36.0,16.6
2026-04-15 07:55:41,86.17,105.8,131.2,5.92,75.5,43.1,16.6
2026-04-15 07:55:41,86.14,85.1,108.0,6.96,76.5,32.7,16.6
2026-04-15 07:55:41,85.97,85.7,100.4,7.45,76.5,42.6,16.6
2026-04-15 07:55:41,86.05,83.8,96.6,7.63,77.1,39.2,16.7
2026-04-15 07:55:42,85.98,85.8,103.6,7.27,74.9,42.6,16.6
2026-04-15 07:55:42,86.06,85.7,108.6,6.1,76.5,33.8,16.6
2026-04-15 07:55:42,86.15,101.6,113.6,6.7,76.0,43.5,16.6
2026-04-15 07:55:42,86.02,97.4,120.2,6.15,77.1,40.6,16.7
2026-04-15 07:55:42,85.96,89.1,112.3,6.31,77.1,34.9,16.7
2026-04-15 07:55:42,86.15,88.8,111.8,6.02,76.0,33.3,16.7
2026-04-15 07:55:42,85.94,85.9,109.1,6.1,75.5,35.3,16.6
2026-04-15 07:55:43,85.97,88.0,107.6,7.06,75.5,50.0,16.7
2026-04-15 07:55:43,86.07,88.1,111.0,6.18,76.5,36.4,16.7
2026-04-15 07:55:43,86.0,91.1,114.0,5.94,74.9,40.6,16.7
2026-04-15 07:55:43,85.86,84.4,107.2,6.27,75.5,31.7,16.7
2026-04-15 07:55:43,85.8,86.8,101.9,7.36,76.5,41.5,16.7
2026-04-15 07:55:43,86.04,86.0,97.9,7.57,76.5,41.2,16.7
2026-04-15 07:55:44,85.9,106.1,119.1,6.51,76.0,41.9,16.7
2026-04-15 07:55:44,85.97,98.5,121.4,6.29,76.5,37.1,16.7
2026-04-15 07:55:44,86.1,87.5,111.8,6.38,76.5,35.5,16.7
2026-04-15 07:55:44,86.13,89.3,112.4,5.97,76.0,32.8,16.7
2026-04-15 07:55:44,85.8,85.2,107.7,6.15,76.0,29.0,16.7
2026-04-15 07:55:44,85.88,87.1,100.8,7.41,76.5,43.6,16.7
2026-04-15 07:55:44,86.13,112.7,125.2,6.29,75.5,44.3,16.7
2026-04-15 07:55:45,86.02,88.0,107.5,7.05,76.0,36.4,16.7
2026-04-15 07:55:45,85.94,91.9,102.6,7.3,74.9,42.6,16.6
2026-04-15 07:55:45,86.08,104.4,127.4,5.59,76.5,34.7,16.6
2026-04-15 07:55:45,86.15,100.6,123.8,6.13,76.0,35.5,16.6
2026-04-15 07:55:45,85.95,87.5,108.0,6.52,76.5,36.1,16.6
2026-04-15 07:55:45,85.96,90.5,113.6,5.91,75.5,36.2,16.6
2026-04-15 07:55:46,86.22,88.2,110.5,6.08,76.5,34.8,16.6
2026-04-15 07:55:46,86.12,85.5,95.7,7.65,75.5,40.0,16.6
2026-04-15 07:55:46,86.3,86.0,99.2,7.47,75.5,44.6,16.6
2026-04-15 07:55:46,86.24,105.6,119.1,6.45,77.1,46.8,16.5
2026-04-15 07:55:46,86.26,84.8,107.9,6.99,75.5,37.9,16.5
2026-04-15 07:55:46,86.2,85.3,98.7,7.44,77.1,39.6,16.5
2026-04-15 07:55:46,86.2,113.1,126.6,6.23,75.5,39.3,16.4
2026-04-15 07:55:47,86.31,94.5,111.8,6.76,76.0,37.9,16.5
2026-04-15 07:55:47,86.31,101.7,124.4,5.76,76.0,41.4,16.5
2026-04-15 07:55:47,86.24,99.3,121.8,6.09,76.0,37.9,16.5
2026-04-15 07:55:47,86.12,93.9,114.2,6.19,77.1,31.0,16.5
2026-04-15 07:55:47,86.07,90.6,113.9,6.13,74.3,35.4,16.5
2026-04-15 07:55:47,86.53,84.8,106.3,6.22,76.0,35.8,16.6
2026-04-15 07:55:48,86.32,85.0,98.1,7.49,76.0,41.5,16.6
2026-04-15 07:55:48,86.24,89.2,103.1,7.28,75.5,43.6,16.6
2026-04-15 07:55:48,86.09,86.5,109.7,6.1,76.0,34.8,16.6
2026-04-15 07:55:48,86.26,87.4,89.3,7.45,75.5,51.9,16.7
2026-04-15 07:55:48,86.15,83.5,106.7,6.15,75.5,35.3,16.7
2026-04-15 07:55:48,86.32,86.4,101.9,7.35,76.0,42.6,16.8
2026-04-15 07:55:48,86.23,86.2,99.6,7.49,76.0,40.4,16.8
2026-04-15 07:55:49,86.52,83.7,96.2,7.66,76.5,40.0,16.8
2026-04-15 07:55:49,86.42,105.9,121.6,6.43,76.5,40.0,16.8
2026-04-15 07:55:49,86.32,82.9,108.2,6.87,74.9,33.3,16.7
2026-04-15 07:55:49,86.35,106.2,117.5,6.47,75.5,43.3,16.7
2026-04-15 07:55:49,86.47,85.6,109.2,6.84,76.0,41.9,16.7
2026-04-15 07:55:49,86.43,103.0,115.9,6.66,76.0,37.5,16.8
2026-04-15 07:55:49,86.39,98.7,121.7,6.16,75.5,38.7,16.8
2026-04-15 07:55:50,86.37,94.5,117.8,6.16,76.5,41.2,16.8
2026-04-15 07:55:50,86.33,106.2,129.4,5.61,76.5,28.8,16.8
2026-04-15 07:55:50,86.3,93.0,116.0,6.52,76.0,38.3,16.9
2026-04-15 07:55:50,86.22,102.5,125.6,5.68,76.5,33.3,16.8
2026-04-15 07:55:50,86.23,84.7,111.4,6.56,74.9,33.3,16.8
2026-04-15 07:55:50,86.31,86.2,109.2,6.08,76.5,34.4,16.8
2026-04-15 07:55:51,86.38,84.2,97.4,7.61,76.0,40.7,16.8
2026-04-15 07:55:51,86.31,114.3,128.3,6.12,76.5,40.6,16.8
2026-04-15 07:55:51,86.47,93.6,111.7,6.86,76.0,37.9,16.8
2026-04-15 07:55:51,86.46,91.2,114.3,6.08,75.5,36.4,16.9
2026-04-15 07:55:51,86.46,94.2,115.5,5.9,77.1,35.8,16.9
2026-04-15 07:55:51,86.5,88.9,112.6,6.18,77.1,35.9,16.8
2026-04-15 07:55:52,86.44,92.7,116.6,5.86,76.5,32.8,16.8
2026-04-15 07:55:52,86.49,84.2,107.4,6.35,76.0,37.5,16.8
2026-04-15 07:55:52,86.46,113.2,128.0,6.18,76.0,42.9,16.8
2026-04-15 07:55:52,86.54,97.4,116.9,6.57,76.5,40.0,16.8
2026-04-15 07:55:52,86.53,96.5,119.1,6.08,76.5,36.9,16.8
2026-04-15 07:55:52,86.56,100.5,123.5,5.86,75.5,32.8,16.8
2026-04-15 07:55:53,86.5,84.7,107.3,6.64,77.1,33.9,16.8
2026-04-15 07:55:53,86.53,99.4,114.8,6.74,75.5,41.7,16.8
2026-04-15 07:55:53,86.44,88.1,111.1,6.43,75.5,40.0,16.8
2026-04-15 07:55:53,86.51,85.9,109.2,6.1,74.3,32.8,16.7
2026-04-15 07:55:53,86.48,84.4,97.4,7.61,77.7,40.4,16.7
2026-04-15 07:55:53,86.52,94.7,113.5,6.78,76.0,43.1,16.7
2026-04-15 07:55:53,86.43,89.3,112.5,6.35,75.5,33.9,16.6
2026-04-15 07:55:54,86.46,88.9,111.3,6.02,77.1,35.8,16.6
2026-04-15 07:55:54,86.5,104.8,128.0,5.48,77.7,38.9,16.6
2026-04-15 07:55:54,86.42,96.8,119.6,6.31,76.5,37.1,16.6
2026-04-15 07:55:54,86.38,88.9,112.3,6.29,76.0,36.4,16.6
2026-04-15 07:55:54,86.48,94.7,117.6,5.8,77.7,35.3,16.6
2026-04-15 07:55:54,86.41,86.7,110.0,6.3,76.5,32.2,16.6
2026-04-15 07:55:55,86.36,93.3,105.6,7.16,78.2,40.0,16.7
2026-04-15 07:55:55,86.44,91.6,114.2,6.07,76.0,34.4,16.7
2026-04-15 07:55:55,86.46,84.2,107.3,6.29,77.1,32.3,16.6
2026-04-15 07:55:55,86.44,87.6,103.4,7.3,75.5,41.8,16.6
2026-04-15 07:55:55,86.47,104.0,127.1,5.47,76.0,34.7,16.6
2026-04-15 07:55:55,86.43,84.3,107.2,6.82,77.1,33.9,16.6
2026-04-15 07:55:55,86.4,87.7,103.6,7.28,75.5,41.8,16.6
2026-04-15 07:55:56,86.39,86.3,109.1,6.02,76.0,32.8,16.6
2026-04-15 07:55:56,86.36,87.3,109.4,6.01,77.1,34.3,16.6
2026-04-15 07:55:56,86.37,125.1,139.6,5.77,77.1,46.2,16.6
2026-04-15 07:55:56,86.29,90.2,113.4,6.15,76.5,29.5,16.6
2026-04-15 07:55:56,86.35,103.4,126.3,5.56,76.0,36.6,16.6
2026-04-15 07:55:56,86.43,90.6,113.6,6.51,75.5,38.1,16.7
2026-04-15 07:55:57,86.54,108.2,129.4,5.42,75.5,32.9,16.7
2026-04-15 07:55:57,86.43,101.1,124.6,6.26,75.5,34.9,16.7
2026-04-15 07:55:57,86.48,113.2,135.0,5.6,76.0,41.1,16.6
2026-04-15 07:55:57,86.36,92.6,112.1,6.85,76.0,41.0,16.6
2026-04-15 07:55:57,86.36,117.6,140.8,5.22,74.3,41.6,16.6
2026-04-15 07:55:57,86.49,86.7,105.4,7.17,74.9,40.4,16.6
2026-04-15 07:55:58,86.34,95.1,117.2,5.85,77.1,36.8,16.6
2026-04-15 07:55:58,86.4,93.0,116.2,6.08,76.0,32.8,16.6
2026-04-15 07:55:58,86.36,87.4,110.4,6.21,76.0,37.9,16.5
2026-04-15 07:55:58,86.4,87.5,100.0,7.47,76.5,41.5,16.5
2026-04-15 07:55:58,86.43,104.0,126.5,5.47,76.0,38.4,16.5
2026-04-15 07:55:58,86.36,98.3,117.1,6.21,75.5,37.7,16.5
2026-04-15 07:55:59,86.49,88.9,112.1,6.36,76.0,34.4,16.6
2026-04-15 07:55:59,86.4,91.9,114.3,5.91,75.5,38.0,16.6
2026-04-15 07:55:59,86.15,91.6,114.8,6.01,76.0,31.7,16.6
2026-04-15 07:55:59,86.36,87.6,110.6,6.15,76.0,35.8,16.6
2026-04-15 07:55:59,86.49,84.4,110.4,6.01,76.5,35.8,16.6
2026-04-15 07:55:59,86.28,89.8,101.3,7.37,76.0,42.6,16.6
2026-04-15 07:56:00,86.72,89.9,114.4,5.95,76.5,33.3,16.6
2026-04-15 07:56:00,86.59,102.6,126.1,5.61,76.5,36.2,16.6
2026-04-15 07:56:00,86.69,85.4,106.1,6.7,77.1,36.7,16.6
2026-04-15 07:56:00,86.54,93.8,106.8,7.05,75.5,36.5,16.6
2026-04-15 07:56:00,86.59,88.5,111.7,6.2,77.1,37.3,16.6
2026-04-15 07:56:00,86.55,86.5,109.6,6.09,75.5,31.3,16.6
2026-04-15 07:56:01,86.54,108.8,142.5,5.01,75.5,38.5,16.6
2026-04-15 07:56:01,86.54,113.0,126.2,6.24,76.0,40.0,16.6
2026-04-15 07:56:01,86.42,98.6,117.1,6.57,77.1,37.3,16.6
2026-04-15 07:56:01,86.46,90.0,113.2,6.32,77.7,37.7,16.6
2026-04-15 07:56:01,86.7,85.4,106.9,6.18,75.5,32.8,16.7
2026-04-15 07:56:01,86.58,87.4,101.1,7.4,77.1,38.0,16.7
2026-04-15 07:56:01,86.72,85.8,98.5,7.55,75.5,41.5,16.7
2026-04-15 07:56:02,86.74,89.9,104.4,7.22,76.5,39.6,16.7
2026-04-15 07:56:02,86.61,84.8,107.8,6.24,75.5,30.0,16.7
2026-04-15 07:56:02,86.7,96.7,116.9,6.6,77.1,48.1,16.7
2026-04-15 07:56:02,86.44,88.9,111.9,6.57,75.5,37.1,16.7
2026-04-15 07:56:02,86.48,94.9,118.1,5.79,76.0,30.3,16.7
2026-04-15 07:56:02,86.35,100.2,123.5,5.82,76.0,40.8,16.7
2026-04-15 07:56:03,86.41,86.2,108.6,6.56,76.5,37.7,16.7
2026-04-15 07:56:03,86.19,86.7,98.7,7.43,75.5,41.5,16.7
2026-04-15 07:56:03,86.14,90.1,102.1,7.35,78.2,42.9,16.7
2026-04-15 07:56:03,86.32,98.3,121.5,5.72,75.5,38.0,16.7
2026-04-15 07:56:03,86.15,86.4,108.0,6.47,77.1,33.9,16.7
2026-04-15 07:56:03,86.2,88.0,100.3,7.41,74.9,41.8,16.7
2026-04-15 07:56:03,86.18,88.7,110.9,5.96,74.9,32.8,16.8
2026-04-15 07:56:04,86.46,84.4,107.6,6.18,76.5,36.4,16.8
2026-04-15 07:56:04,86.37,84.1,98.7,7.52,76.5,31.9,16.8
2026-04-15 07:56:04,86.26,98.5,113.8,6.77,77.1,41.4,16.8
2026-04-15 07:56:04,86.42,110.4,133.3,5.6,77.1,35.4,16.8
2026-04-15 07:56:04,86.26,99.0,121.1,6.45,76.0,32.2,16.9
2026-04-15 07:56:04,86.0,91.1,114.3,6.3,75.5,34.9,16.9
2026-04-15 07:56:05,86.36,113.6,136.7,5.29,77.1,35.1,16.9
2026-04-15 07:56:05,86.35,85.1,104.1,7.25,75.5,40.4,16.9
2026-04-15 07:56:05,86.23,86.3,100.8,7.41,76.5,40.4,16.9
2026-04-15 07:56:05,86.35,86.4,98.9,7.51,75.5,41.5,16.8
2026-04-15 07:56:05,86.14,89.3,103.2,7.29,76.5,43.9,16.8
2026-04-15 07:56:05,86.34,86.7,108.7,6.14,76.5,34.4,16.8
2026-04-15 07:56:05,86.17,90.6,103.2,7.29,76.5,43.9,16.8
2026-04-15 07:56:06,86.27,84.9,108.2,6.21,74.9,35.4,16.7
2026-04-15 07:56:06,86.25,88.5,102.8,7.31,76.5,44.6,16.7
2026-04-15 07:56:06,86.2,110.9,134.3,5.28,75.5,37.0,16.7
2026-04-15 07:56:06,86.25,107.4,128.9,6.14,76.5,35.9,16.7
2026-04-15 07:56:06,86.29,86.6,108.6,6.85,76.5,41.0,16.7
2026-04-15 07:56:06,86.31,98.5,112.4,6.82,76.5,51.7,16.7
2026-04-15 07:56:07,86.29,90.3,113.2,6.39,77.1,35.5,16.7
2026-04-15 07:56:07,86.44,103.1,125.1,5.57,76.5,31.3,16.7
2026-04-15 07:56:07,86.26,87.4,110.2,6.62,76.0,36.7,16.7
2026-04-15 07:56:07,86.36,86.7,108.6,6.03,76.0,33.8,16.7
2026-04-15 07:56:07,86.37,106.4,118.6,6.54,76.5,42.4,16.7
2026-04-15 07:56:07,86.43,99.0,122.2,6.28,76.5,31.7,16.7
2026-04-15 07:56:08,86.44,100.7,123.6,5.94,76.5,38.8,16.7
2026-04-15 07:56:08,86.49,95.4,118.2,6.2,77.1,33.9,16.7
2026-04-15 07:56:08,86.51,94.4,117.5,6.03,74.9,38.8,16.7
2026-04-15 07:56:08,86.35,103.1,127.3,5.65,76.5,35.7,16.7
2026-04-15 07:56:08,86.45,97.0,119.3,6.3,76.0,38.7,16.7
2026-04-15 07:56:08,86.35,85.9,97.6,6.44,77.1,40.0,16.7
2026-04-15 07:56:08,86.32,88.3,100.7,7.37,77.1,48.2,16.6
2026-04-15 07:56:09,86.44,86.8,109.4,6.05,76.0,32.8,16.6
2026-04-15 07:56:09,86.38,87.6,101.8,7.36,76.5,42.6,16.6
2026-04-15 07:56:09,86.44,98.6,121.7,5.69,76.0,35.7,16.5
2026-04-15 07:56:09,86.31,85.9,108.9,6.51,76.5,35.5,16.5
2026-04-15 07:56:09,86.27,85.0,98.8,7.53,76.5,40.7,16.5
2026-04-15 07:56:09,86.28,96.7,113.4,6.8,77.1,42.1,16.5
2026-04-15 07:56:10,86.27,83.9,107.4,6.59,74.9,35.0,16.5
2026-04-15 07:56:10,86.33,85.8,101.2,7.41,76.5,43.6,16.5
2026-04-15 07:56:10,86.27,88.6,102.2,7.33,77.1,40.4,16.5
2026-04-15 07:56:10,86.35,98.1,133.4,5.33,76.0,37.0,16.5
2026-04-15 07:56:10,86.37,110.1,132.6,6.01,76.0,35.4,16.5
2026-04-15 07:56:10,86.32,107.5,131.4,6.06,77.7,38.1,16.5
2026-04-15 07:56:10,86.36,103.4,124.9,6.19,76.5,36.5,16.5
2026-04-15 07:56:11,86.35,101.0,124.2,6.09,76.5,33.3,16.6
2026-04-15 07:56:11,86.31,90.7,114.3,6.38,76.0,33.9,16.6
2026-04-15 07:56:11,86.29,123.0,144.6,5.04,75.5,38.5,16.6
2026-04-15 07:56:11,86.21,88.3,111.0,6.06,77.1,33.8,16.7
2026-04-15 07:56:11,86.23,88.2,111.0,6.01,76.0,35.3,16.6
2026-04-15 07:56:12,86.25,88.7,111.3,5.98,77.1,37.9,16.6
2026-04-15 07:56:12,86.15,86.8,109.7,6.07,76.0,36.8,16.6
2026-04-15 07:56:12,86.1,86.8,97.8,7.49,76.5,42.6,16.6
2026-04-15 07:56:12,86.21,94.4,106.0,7.11,76.5,39.6,16.6
2026-04-15 07:56:12,86.2,99.7,123.0,5.81,77.7,43.5,16.6
2026-04-15 07:56:12,86.2,102.6,127.9,5.83,76.5,34.8,16.6
2026-04-15 07:56:12,86.19,106.4,130.1,5.89,76.5,36.4,16.6
2026-04-15 07:56:13,86.1,103.9,127.0,6.14,76.5,40.9,16.6
2026-04-15 07:56:13,86.19,112.1,135.1,5.72,76.0,33.3,16.6
2026-04-15 07:56:13,86.2,85.6,106.0,7.15,76.5,42.1,16.6
2026-04-15 07:56:13,86.14,108.6,131.4,5.27,76.0,32.4,16.6
2026-04-15 07:56:13,86.08,102.8,125.2,6.21,76.5,39.3,16.6
2026-04-15 07:56:13,86.14,130.9,153.9,5.15,76.5,41.3,16.7
2026-04-15 07:56:14,85.98,88.7,111.8,6.35,75.5,32.8,16.7
2026-04-15 07:56:14,86.1,87.9,99.6,7.5,76.0,45.5,16.7
2026-04-15 07:56:14,85.92,84.0,105.8,6.16,77.1,38.2,16.7
2026-04-15 07:56:14,86.04,83.9,99.1,7.53,76.5,39.6,16.6
2026-04-15 07:56:14,86.16,86.7,102.2,7.35,77.1,41.8,16.6
2026-04-15 07:56:14,86.15,84.2,96.2,7.65,77.7,40.4,16.6
2026-04-15 07:56:14,86.09,100.7,116.1,6.65,76.0,41.4,16.6
2026-04-15 07:56:15,86.11,85.4,108.6,6.63,75.5,39.7,16.5
2026-04-15 07:56:15,86.02,89.1,103.4,7.27,78.2,39.6,16.6
2026-04-15 07:56:15,86.3,84.2,107.3,6.2,77.7,35.4,16.6
2026-04-15 07:56:15,86.26,91.0,106.0,7.13,77.1,42.1,16.6
2026-04-15 07:56:15,86.2,89.5,112.7,6.07,75.5,33.3,16.6
2026-04-15 07:56:15,86.31,120.7,143.6,5.06,77.1,36.8,16.6
2026-04-15 07:56:16,86.17,83.2,93.4,7.65,76.5,35.4,16.6
2026-04-15 07:56:16,86.26,112.0,125.5,6.24,76.5,43.7,16.6
2026-04-15 07:56:16,86.04,93.6,112.1,6.73,77.1,33.3,16.6
2026-04-15 07:56:16,86.23,85.3,108.8,6.3,76.5,42.4,16.6
2026-04-15 07:56:16,86.25,85.9,97.9,7.5,77.1,41.2,16.6
2026-04-15 07:56:16,86.13,86.8,99.9,7.45,76.5,40.4,16.6
2026-04-15 07:56:16,86.03,84.2,96.4,7.66,76.0,38.5,16.7
2026-04-15 07:56:17,86.04,103.8,120.1,6.49,77.1,39.0,16.7
2026-04-15 07:56:17,86.19,84.7,107.8,6.84,76.5,35.1,16.7
2026-04-15 07:56:17,86.08,86.7,101.2,7.38,76.0,44.6,16.7
2026-04-15 07:56:17,86.05,111.8,120.3,6.31,77.1,47.5,16.7
2026-04-15 07:56:17,85.93,90.4,111.5,6.89,76.5,40.0,16.6
2026-04-15 07:56:17,85.92,88.7,111.9,6.08,77.1,31.7,16.6
2026-04-15 07:56:18,85.99,91.6,114.3,5.9,76.0,32.8,16.5
2026-04-15 07:56:18,85.85,99.1,122.1,5.74,77.1,36.8,16.5
2026-04-15 07:56:18,85.9,110.2,133.4,5.62,75.5,39.4,16.5
2026-04-15 07:56:18,85.76,106.8,128.1,6.14,76.5,45.5,16.5
2026-04-15 07:56:18,85.7,91.8,115.0,6.59,76.5,37.3,16.5
2026-04-15 07:56:18,85.9,93.8,116.6,5.93,77.1,34.8,16.5
2026-04-15 07:56:19,85.83,113.3,135.1,5.37,77.1,34.2,16.6
2026-04-15 07:56:19,85.94,110.4,129.7,6.12,76.0,38.7,16.6
2026-04-15 07:56:19,85.79,105.1,127.6,6.2,75.5,37.5,16.6
2026-04-15 07:56:19,85.87,95.8,119.0,6.36,77.7,37.1,16.6
2026-04-15 07:56:19,86.02,92.4,115.5,6.14,76.5,36.4,16.6
2026-04-15 07:56:19,85.95,99.4,122.6,5.76,74.3,31.3,16.6
2026-04-15 07:56:20,86.02,97.3,120.3,6.08,76.5,36.9,16.6
2026-04-15 07:56:20,86.1,102.1,125.2,5.84,74.9,36.2,16.7
2026-04-15 07:56:20,86.0,96.6,119.5,6.2,76.0,36.5,16.7
2026-04-15 07:56:20,86.09,87.9,112.4,6.24,76.5,37.5,16.7
2026-04-15 07:56:20,86.1,86.8,110.0,6.14,77.7,31.7,16.7
2026-04-15 07:56:20,86.03,111.7,135.8,5.2,76.5,32.4,16.6
2026-04-15 07:56:21,86.24,124.1,144.3,5.62,76.5,42.0,16.7
2026-04-15 07:56:21,86.12,101.8,124.4,5.63,76.5,35.7,16.7
2026-04-15 07:56:21,86.15,93.1,116.5,6.31,77.1,37.5,16.7
2026-04-15 07:56:21,86.06,91.4,114.3,6.08,74.9,40.3,16.7
2026-04-15 07:56:21,86.13,96.9,120.0,5.82,76.5,32.4,16.7
2026-04-15 07:56:21,86.19,85.8,108.4,6.43,76.5,31.0,16.7
2026-04-15 07:56:22,86.16,113.9,128.5,6.15,76.5,38.1,16.6
2026-04-15 07:56:22,86.23,115.4,132.8,5.99,76.5,37.5,16.6
2026-04-15 07:56:22,86.2,105.0,122.7,6.4,76.0,39.3,16.7
2026-04-15 07:56:22,86.12,116.0,140.4,5.6,77.1,39.4,16.7
2026-04-15 07:56:22,86.12,88.7,104.3,7.25,77.1,38.6,16.7
2026-04-15 07:56:22,86.16,101.2,124.5,5.58,77.1,37.7,16.7
2026-04-15 07:56:22,86.16,86.7,109.6,6.59,76.0,37.1,16.6
2026-04-15 07:56:23,86.16,92.1,106.5,7.12,77.1,43.9,16.6
2026-04-15 07:56:23,86.26,91.7,114.9,6.08,76.0,33.9,16.6
2026-04-15 07:56:23,86.33,98.6,121.8,5.76,76.5,39.4,16.6
2026-04-15 07:56:23,86.22,96.8,119.9,6.08,76.0,34.8,16.6
2026-04-15 07:56:23,86.26,85.0,110.3,6.36,76.5,39.4,16.6
2026-04-15 07:56:23,86.21,87.5,99.5,7.48,77.1,43.4,16.6
2026-04-15 07:56:24,86.27,86.8,96.3,7.55,76.5,45.5,16.6
2026-04-15 07:56:24,85.99,84.5,96.5,7.64,75.5,39.2,16.6
2026-04-15 07:56:24,86.06,121.7,137.1,5.83,76.0,46.3,16.6
2026-04-15 07:56:24,86.09,102.2,125.4,5.57,75.5,33.8,16.6
2026-04-15 07:56:24,86.07,87.8,109.0,6.57,76.5,33.9,16.6
2026-04-15 07:56:24,86.16,90.2,112.8,5.91,76.5,35.3,16.6
2026-04-15 07:56:25,86.37,88.6,111.7,6.07,77.1,30.2,16.6
2026-04-15 07:56:25,86.51,86.3,109.2,6.09,77.1,30.0,16.7
2026-04-15 07:56:25,86.39,102.8,116.5,6.65,77.1,38.6,16.6
2026-04-15 07:56:25,86.15,91.5,114.2,6.46,76.5,39.3,16.7
2026-04-15 07:56:25,86.15,89.7,112.7,6.08,77.1,36.8,16.7
2026-04-15 07:56:25,86.13,100.6,120.9,5.63,76.0,31.4,16.7
2026-04-15 07:56:26,86.05,104.8,131.9,5.72,76.0,35.7,16.7
2026-04-15 07:56:26,86.19,88.1,111.2,6.85,75.5,39.3,16.7
2026-04-15 07:56:26,86.14,99.9,120.8,5.6,77.1,33.3,16.6
2026-04-15 07:56:26,86.27,107.8,130.4,5.73,76.5,37.7,16.6
2026-04-15 07:56:26,86.26,103.2,126.3,6.18,77.1,42.4,16.6
2026-04-15 07:56:26,86.18,99.7,122.5,6.14,77.1,37.5,16.6
2026-04-15 07:56:27,86.14,111.6,134.4,5.6,76.5,33.3,16.6
2026-04-15 07:56:27,86.23,94.7,116.1,6.67,75.5,38.3,16.6
2026-04-15 07:56:27,86.11,92.2,115.2,6.1,76.5,35.4,16.5
2026-04-15 07:56:27,86.09,101.8,130.0,5.51,76.0,36.1,16.5
2026-04-15 07:56:27,85.97,95.6,118.4,6.46,76.0,41.5,16.5
2026-04-15 07:56:27,86.13,88.5,109.9,6.26,76.0,32.8,16.5
2026-04-15 07:56:28,86.01,112.1,132.4,5.26,77.1,37.0,16.5
2026-04-15 07:56:28,86.08,92.4,111.1,6.81,75.5,35.7,16.5
2026-04-15 07:56:28,85.92,118.9,142.2,5.18,76.5,34.7,16.5
2026-04-15 07:56:28,85.98,104.6,117.7,6.57,76.5,41.9,16.5
2026-04-15 07:56:28,86.1,115.4,137.9,5.64,76.5,42.5,16.5
2026-04-15 07:56:28,86.03,86.2,103.6,7.28,76.5,35.8,16.5
2026-04-15 07:56:28,86.18,87.5,100.3,7.42,76.5,41.5,16.5
2026-04-15 07:56:29,86.07,101.7,124.8,5.53,77.1,30.9,16.5
2026-04-15 07:56:29,86.04,98.4,117.7,6.12,75.5,37.9,16.4
2026-04-15 07:56:29,85.95,112.6,135.5,5.53,76.0,32.4,16.4
2026-04-15 07:56:29,86.03,95.5,115.0,6.7,77.1,38.6,16.5
2026-04-15 07:56:29,85.97,86.2,109.5,6.35,77.1,34.4,16.5
2026-04-15 07:56:29,85.94,96.9,108.9,6.95,77.1,41.1,16.5
2026-04-15 07:56:30,86.07,94.6,117.8,6.09,76.5,35.9,16.5
2026-04-15 07:56:30,86.04,105.7,125.5,5.63,77.7,38.6,16.5
2026-04-15 07:56:30,86.02,106.4,131.1,5.92,77.1,37.5,16.5
2026-04-15 07:56:30,86.09,86.6,109.6,6.89,77.7,40.0,16.5
2026-04-15 07:56:30,86.12,90.4,102.7,7.23,76.5,42.6,16.5
2026-04-15 07:56:30,85.93,89.7,112.8,6.07,76.5,35.4,16.5
2026-04-15 07:56:31,86.0,95.3,118.3,5.82,77.1,35.7,16.5
2026-04-15 07:56:31,86.05,96.0,119.1,5.97,76.5,37.7,16.5
2026-04-15 07:56:31,86.0,90.9,108.0,6.19,77.1,42.6,16.5
2026-04-15 07:56:31,86.04,86.8,109.8,6.15,76.5,37.5,16.5
2026-04-15 07:56:31,86.07,87.5,99.7,7.46,77.7,43.6,16.5
2026-04-15 07:56:31,86.1,87.6,110.7,6.0,76.5,34.4,16.5
2026-04-15 07:56:31,85.94,84.2,95.6,7.71,78.2,41.5,16.5
2026-04-15 07:56:32,85.91,84.5,98.3,7.46,76.5,39.6,16.5
2026-04-15 07:56:32,85.99,84.9,99.7,7.49,78.2,40.7,16.5
2026-04-15 07:56:32,86.03,89.4,103.3,7.28,77.7,41.5,16.5
2026-04-15 07:56:32,86.03,102.6,125.4,5.56,77.1,32.8,16.5
2026-04-15 07:56:32,85.9,106.8,129.7,5.85,75.5,42.6,16.5
2026-04-15 07:56:32,85.92,110.8,134.2,5.86,76.5,38.2,16.5
2026-04-15 07:56:33,85.74,84.4,106.4,7.14,76.5,38.2,16.4
2026-04-15 07:56:33,85.83,86.1,101.4,7.4,77.1,39.2,16.4
2026-04-15 07:56:33,85.93,88.3,101.3,7.39,77.1,38.5,16.4
2026-04-15 07:56:33,85.84,86.3,109.4,6.08,77.7,32.3,16.4
2026-04-15 07:56:33,85.81,109.0,121.7,6.42,77.7,38.7,16.4
2026-04-15 07:56:33,85.88,98.5,120.3,6.41,77.1,39.1,16.5
2026-04-15 07:56:33,86.0,87.2,106.3,6.43,76.5,39.7,16.5
2026-04-15 07:56:34,85.85,100.9,111.8,6.77,76.0,44.3,16.5
2026-04-15 07:56:34,85.9,84.3,107.8,6.64,76.5,32.8,16.5
2026-04-15 07:56:34,85.88,130.2,142.8,5.63,77.1,39.1,16.5
2026-04-15 07:56:34,85.85,85.6,108.6,6.45,76.5,32.8,16.5
2026-04-15 07:56:34,85.96,84.0,98.0,7.59,76.5,40.4,16.5
2026-04-15 07:56:34,85.93,100.7,114.8,6.64,77.1,42.6,16.6
2026-04-15 07:56:35,85.78,112.9,136.0,5.62,76.5,40.6,16.6
2026-04-15 07:56:35,85.8,92.2,110.9,6.84,77.7,42.6,16.6
2026-04-15 07:56:35,85.7,90.6,113.5,6.07,76.5,34.8,16.6
2026-04-15 07:56:35,85.73,90.4,113.4,6.01,76.5,29.5,16.6
2026-04-15 07:56:35,85.78,86.9,110.1,6.13,77.1,29.0,16.6
2026-04-15 07:56:35,85.68,101.6,113.2,6.76,76.5,36.4,16.7
2026-04-15 07:56:35,85.67,88.6,111.7,6.43,76.5,38.3,16.6
2026-04-15 07:56:36,85.69,93.0,116.0,5.91,77.7,37.1,16.6
2026-04-15 07:56:36,85.61,90.1,113.1,6.11,76.5,32.8,16.6
2026-04-15 07:56:36,85.65,85.5,97.1,6.16,76.5,46.0,16.7
2026-04-15 07:56:36,85.6,84.4,108.1,6.02,75.5,34.8,16.7
2026-04-15 07:56:36,85.62,87.5,101.1,7.39,76.5,43.6,16.7
2026-04-15 07:56:36,85.61,85.7,109.2,6.05,77.1,38.6,16.6
2026-04-15 07:56:37,85.42,84.2,97.0,7.61,77.1,41.2,16.6
2026-04-15 07:56:37,85.62,105.3,120.7,6.47,77.1,41.9,16.7
2026-04-15 07:56:37,85.65,88.9,112.0,6.67,77.7,38.7,16.7
2026-04-15 07:56:37,85.66,87.2,110.0,6.06,77.1,33.8,16.7
2026-04-15 07:56:37,85.53,89.2,101.1,7.4,77.7,46.4,16.7
2026-04-15 07:56:37,85.65,117.6,139.6,5.13,76.0,36.4,16.6
2026-04-15 07:56:38,85.7,90.7,105.7,7.16,75.5,35.8,16.6
2026-04-15 07:56:38,85.61,90.6,96.4,7.51,76.5,40.8,16.6
2026-04-15 07:56:38,85.56,104.2,127.2,5.55,76.5,32.4,16.6
2026-04-15 07:56:38,85.45,86.6,110.0,6.7,77.1,35.6,16.6
2026-04-15 07:56:38,85.62,99.6,113.0,6.8,74.3,43.1,16.6
2026-04-15 07:56:38,85.75,97.4,120.4,6.1,76.0,37.9,16.6
2026-04-15 07:56:38,85.76,111.6,134.0,5.54,74.9,33.3,16.5
2026-04-15 07:56:39,85.67,103.6,124.2,6.31,77.1,40.3,16.5
2026-04-15 07:56:39,85.83,93.0,116.2,6.41,77.1,35.5,16.5
2026-04-15 07:56:39,85.92,95.4,118.7,5.92,76.0,37.1,16.5
2026-04-15 07:56:39,85.74,87.6,109.5,6.31,76.5,35.5,16.5
2026-04-15 07:56:39,85.78,86.4,108.4,6.04,76.5,39.4,16.4
2026-04-15 07:56:39,85.82,85.0,97.7,7.59,76.5,40.7,16.4
2026-04-15 07:56:40,85.75,96.6,111.2,6.89,77.1,38.2,16.4
2026-04-15 07:56:40,85.76,114.9,136.9,5.4,76.0,38.9,16.4
2026-04-15 07:56:40,85.71,85.6,102.7,7.33,76.5,41.1,16.4
2026-04-15 07:56:40,85.73,90.1,102.0,7.25,76.5,45.6,16.4
2026-04-15 07:56:40,85.8,83.5,106.0,6.26,76.5,33.3,16.5
2026-04-15 07:56:40,85.82,93.1,108.7,6.99,76.5,43.1,16.5
2026-04-15 07:56:40,85.86,86.6,109.6,6.26,76.0,34.9,16.5
2026-04-15 07:56:41,85.92,86.8,99.7,7.48,77.1,43.9,16.5
2026-04-15 07:56:41,85.84,100.6,112.2,6.8,76.0,45.0,16.6
2026-04-15 07:56:41,85.91,116.0,138.3,5.49,77.1,41.9,16.6
2026-04-15 07:56:41,85.83,90.1,107.8,7.05,76.5,40.4,16.6
2026-04-15 07:56:41,85.89,87.5,110.7,6.14,75.5,31.7,16.6
2026-04-15 07:56:41,85.83,107.3,119.2,6.53,77.1,46.7,16.5
2026-04-15 07:56:42,85.79,108.0,131.0,5.98,76.5,39.7,16.5
2026-04-15 07:56:42,85.57,105.6,128.6,6.09,76.0,37.5,16.5
2026-04-15 07:56:42,85.71,91.4,114.5,6.55,77.1,38.7,16.5
2026-04-15 07:56:42,85.78,103.6,126.6,5.59,76.5,35.7,16.5
2026-04-15 07:56:42,85.82,85.5,108.9,6.73,76.0,36.7,16.5
2026-04-15 07:56:42,85.75,87.0,102.0,7.36,76.0,39.6,16.5
2026-04-15 07:56:43,85.65,85.7,108.7,6.08,76.5,38.2,16.5
2026-04-15 07:56:43,85.69,84.1,97.8,7.59,75.5,37.3,16.4
2026-04-15 07:56:43,85.88,111.3,126.5,6.23,77.1,45.8,16.4
2026-04-15 07:56:43,85.78,106.7,129.0,6.15,77.7,37.1,16.4
2026-04-15 07:56:43,85.73,93.6,116.8,6.55,76.0,32.8,16.5
2026-04-15 07:56:43,85.95,96.1,118.9,5.92,76.5,40.3,16.5
2026-04-15 07:56:43,86.1,86.6,109.3,6.37,76.5,38.1,16.5
2026-04-15 07:56:44,86.09,86.4,98.5,7.52,76.0,38.0,16.5
2026-04-15 07:56:44,86.14,85.8,98.3,7.54,76.5,41.2,16.6
2026-04-15 07:56:44,86.15,103.8,116.8,6.61,76.0,44.4,16.6
2026-04-15 07:56:44,86.03,88.5,112.6,6.56,75.5,37.3,16.7
2026-04-15 07:56:44,86.06,85.7,108.8,6.15,76.0,36.8,16.7
2026-04-15 07:56:44,86.03,83.7,97.0,7.64,77.1,36.7,16.7
2026-04-15 07:56:44,86.01,102.2,118.4,6.56,77.1,41.3,16.7
2026-04-15 07:56:45,86.02,101.7,126.1,5.99,76.5,33.3,16.7
2026-04-15 07:56:45,86.09,88.7,111.9,6.56,77.7,37.1,16.7
2026-04-15 07:56:45,86.09,116.9,139.9,5.13,76.0,42.5,16.8
2026-04-15 07:56:45,86.16,85.0,100.8,7.43,77.7,37.3,16.8
2026-04-15 07:56:45,86.07,103.4,117.2,6.57,77.1,39.3,16.8
2026-04-15 07:56:45,86.11,102.0,125.1,6.06,75.5,37.9,16.8
2026-04-15 07:56:46,86.16,93.8,116.6,6.34,77.7,33.9,16.8
2026-04-15 07:56:46,86.06,110.2,133.2,5.46,76.0,30.9,16.8
2026-04-15 07:56:46,86.15,116.6,139.0,5.79,76.5,41.8,16.8
2026-04-15 07:56:46,86.17,100.6,116.9,6.63,77.7,41.0,16.8
2026-04-15 07:56:46,86.18,89.7,112.8,6.43,77.1,33.3,16.8
2026-04-15 07:56:46,86.13,85.8,108.6,6.15,76.5,36.4,16.8
2026-04-15 07:56:47,86.05,85.6,99.5,7.51,77.1,36.7,16.8
2026-04-15 07:56:47,86.13,94.8,106.1,7.01,76.0,43.1,16.8
2026-04-15 07:56:47,86.07,86.8,110.0,6.31,76.0,31.1,16.8
2026-04-15 07:56:47,86.04,128.5,138.8,5.72,77.1,51.5,16.8
2026-04-15 07:56:47,86.09,83.9,107.1,6.44,77.1,31.7,16.8
2026-04-15 07:56:47,86.13,129.2,144.5,5.6,77.7,58.6,16.8
2026-04-15 07:56:48,86.17,88.9,112.0,6.24,77.1,49.2,16.8
2026-04-15 07:56:48,86.06,89.0,110.8,6.02,77.1,34.8,16.7
2026-04-15 07:56:48,85.98,101.1,124.0,5.59,77.1,30.9,16.7
2026-04-15 07:56:48,86.09,113.6,136.8,5.59,76.5,42.3,16.7
2026-04-15 07:56:48,86.01,90.8,109.3,6.94,76.5,41.4,16.7
2026-04-15 07:56:48,86.06,102.4,126.0,5.6,76.5,36.2,16.7
2026-04-15 07:56:49,85.91,85.4,107.4,6.71,77.1,35.6,16.6
2026-04-15 07:56:49,85.89,104.0,118.2,6.57,76.5,41.9,16.5
2026-04-15 07:56:49,85.73,94.0,117.1,6.39,76.5,33.9,16.5
2026-04-15 07:56:49,85.82,107.8,130.9,5.54,77.1,37.5,16.5
2026-04-15 07:56:49,85.82,106.7,129.4,6.05,76.5,43.1,16.5
2026-04-15 07:56:49,85.72,103.1,126.4,6.13,75.5,34.9,16.5
2026-04-15 07:56:49,85.67,84.7,107.1,6.75,76.0,38.3,16.5
2026-04-15 07:56:50,85.86,85.9,99.9,7.43,76.5,41.5,16.5
2026-04-15 07:56:50,85.76,103.4,115.3,6.64,76.5,39.0,16.5
2026-04-15 07:56:50,85.84,87.3,110.3,6.65,76.5,36.7,16.5
2026-04-15 07:56:50,85.8,96.4,108.3,7.02,77.1,41.1,16.5
2026-04-15 07:56:50,85.67,108.7,131.6,5.58,77.7,40.3,16.6
2026-04-15 07:56:50,85.75,88.0,111.1,6.86,76.5,33.3,16.6
2026-04-15 07:56:51,85.57,88.1,111.1,6.0,76.5,32.8,16.6
2026-04-15 07:56:51,85.65,101.5,124.4,5.56,77.7,34.7,16.6
2026-04-15 07:56:51,85.73,101.7,124.8,5.99,77.1,36.9,16.6
2026-04-15 07:56:51,85.7,112.3,135.3,5.63,78.2,40.8,16.6
2026-04-15 07:56:51,85.64,85.3,105.5,7.18,76.5,35.2,16.6
2026-04-15 07:56:51,85.65,111.4,125.5,6.28,77.1,44.6,16.5
2026-04-15 07:56:52,85.56,86.1,105.4,7.08,77.1,35.7,16.5
2026-04-15 07:56:52,85.75,107.1,128.3,6.1,76.5,46.2,16.5
2026-04-15 07:56:52,85.84,105.8,121.4,6.42,77.1,39.3,16.4
2026-04-15 07:56:52,85.88,85.7,108.8,6.83,77.1,40.3,16.4
2026-04-15 07:56:52,85.84,88.2,101.5,7.35,77.1,40.4,16.4
2026-04-15 07:56:52,85.83,89.1,113.4,5.94,76.5,32.8,16.4
2026-04-15 07:56:52,85.48,95.4,119.9,5.78,76.0,32.8,16.4
2026-04-15 07:56:53,85.49,91.7,114.8,6.19,75.5,37.3,16.4
2026-04-15 07:56:53,85.66,104.1,128.9,5.5,75.5,39.7,16.5
2026-04-15 07:56:53,85.69,86.7,109.8,6.83,76.5,41.0,16.5
2026-04-15 07:56:53,85.57,85.6,97.4,7.56,77.7,39.2,16.5
2026-04-15 07:56:53,85.54,91.0,105.1,7.19,77.7,39.6,16.5
2026-04-15 07:56:53,85.73,98.9,121.9,5.74,77.7,35.3,16.5
2026-04-15 07:56:54,85.51,108.9,130.0,5.66,76.5,36.8,16.5
2026-04-15 07:56:54,85.55,96.5,119.5,6.5,77.1,40.3,16.5
2026-04-15 07:56:54,85.51,96.1,118.8,6.02,77.7,36.4,16.5
2026-04-15 07:56:54,85.46,112.1,135.3,5.47,77.1,36.1,16.5
2026-04-15 07:56:54,85.52,85.4,106.2,7.15,77.1,35.2,16.5
2026-04-15 07:56:54,85.56,92.5,108.2,7.05,76.5,42.1,16.5
2026-04-15 07:56:55,85.37,86.5,109.4,6.28,76.5,31.1,16.4
2026-04-15 07:56:55,85.4,90.4,102.4,7.28,76.5,46.4,16.4
2026-04-15 07:56:55,85.45,89.9,113.0,6.03,77.1,33.8,16.4
2026-04-15 07:56:55,85.43,89.6,118.3,5.83,76.0,39.7,16.5
2026-04-15 07:56:55,85.28,90.7,113.6,6.17,77.1,33.3,16.5
2026-04-15 07:56:55,85.33,91.3,113.9,5.98,76.5,34.8,16.4
2026-04-15 07:56:55,85.3,88.8,111.5,6.1,77.1,35.4,16.4
2026-04-15 07:56:56,85.43,108.5,131.6,5.37,77.1,34.7,16.4
2026-04-15 07:56:56,85.48,93.7,120.2,6.44,76.0,38.7,16.4
2026-04-15 07:56:56,85.48,109.8,133.7,5.55,76.5,39.2,16.4
2026-04-15 07:56:56,85.44,98.5,119.2,6.47,76.5,32.7,16.5
2026-04-15 07:56:56,85.61,86.3,109.6,6.47,77.1,40.0,16.5
2026-04-15 07:56:56,85.36,96.1,108.5,6.99,77.1,38.9,16.5
2026-04-15 07:56:57,85.47,96.3,119.0,5.99,76.5,34.8,16.5
2026-04-15 07:56:57,85.43,110.8,134.4,5.51,76.0,37.0,16.5
2026-04-15 07:56:57,85.49,103.8,125.3,6.28,77.1,40.0,16.5
2026-04-15 07:56:57,85.35,90.0,113.8,6.52,77.1,32.2,16.5
2026-04-15 07:56:57,85.48,101.6,124.4,5.63,77.1,43.1,16.5
2026-04-15 07:56:57,85.41,102.8,125.6,5.95,76.0,32.3,16.4
2026-04-15 07:56:58,85.46,107.6,130.7,5.85,76.5,35.8,16.5
2026-04-15 07:56:58,85.46,111.0,134.2,5.88,76.5,38.8,16.5
2026-04-15 07:56:58,85.49,88.8,108.7,6.93,77.1,40.7,16.5
2026-04-15 07:56:58,85.57,87.9,106.4,6.04,77.1,37.7,16.5
2026-04-15 07:56:58,85.61,86.3,109.1,6.06,77.1,33.8,16.5
2026-04-15 07:56:58,85.67,86.3,99.7,7.48,77.1,42.6,16.6
2026-04-15 07:56:59,85.53,85.5,97.9,7.58,77.7,41.2,16.5
2026-04-15 07:56:59,85.61,132.4,146.7,5.53,76.5,42.5,16.5
2026-04-15 07:56:59,85.57,86.6,108.3,6.5,77.1,33.9,16.5
2026-04-15 07:56:59,85.55,86.5,98.8,7.52,77.1,46.4,16.5
2026-04-15 07:56:59,85.66,84.6,96.9,7.6,78.2,45.5,16.5
2026-04-15 07:56:59,85.54,86.1,100.2,7.43,77.7,41.2,16.5
2026-04-15 07:56:59,85.62,83.9,97.0,7.63,77.7,38.5,16.5
2026-04-15 07:57:00,85.62,106.2,121.3,6.43,77.1,44.1,16.5
2026-04-15 07:57:00,85.59,106.7,129.8,5.98,77.7,38.2,16.5
2026-04-15 07:57:00,85.49,113.4,136.9,5.74,77.7,36.8,16.5
2026-04-15 07:57:00,85.58,88.5,107.1,7.1,76.5,35.8,16.5
2026-04-15 07:57:00,85.61,84.5,108.2,6.13,77.7,35.4,16.5
2026-04-15 07:57:00,85.55,87.9,102.4,7.33,76.5,42.9,16.5
2026-04-15 07:57:01,85.66,86.8,109.8,6.06,77.1,33.8,16.5
2026-04-15 07:57:01,85.53,85.8,98.3,7.54,77.1,40.7,16.5
2026-04-15 07:57:01,85.33,85.7,99.1,7.52,78.2,43.4,16.5
2026-04-15 07:57:01,85.63,111.2,121.1,6.3,77.1,46.0,16.5
2026-04-15 07:57:01,85.57,94.0,115.6,6.7,77.7,41.3,16.5
2026-04-15 07:57:01,85.63,88.9,112.0,6.19,77.1,33.3,16.6
2026-04-15 07:57:01,85.5,91.8,115.1,5.89,76.5,36.8,16.6
2026-04-15 07:57:02,85.66,84.0,107.1,6.31,76.0,31.7,16.6
2026-04-15 07:57:02,85.68,91.5,105.0,7.1,77.1,42.4,16.7
2026-04-15 07:57:02,85.67,136.9,158.3,4.71,76.5,42.4,16.6
2026-04-15 07:57:02,85.62,86.4,109.5,6.7,77.1,39.7,16.6
2026-04-15 07:57:02,85.52,90.1,103.7,7.28,76.5,43.9,16.6
2026-04-15 07:57:02,85.48,99.5,122.2,5.7,76.5,38.0,16.5
2026-04-15 07:57:03,85.6,90.5,113.6,6.35,77.7,36.5,16.5
2026-04-15 07:57:03,85.44,88.6,109.9,6.06,76.0,31.7,16.5
2026-04-15 07:57:03,85.42,84.1,107.0,6.18,77.7,31.7,16.5
2026-04-15 07:57:03,85.55,85.6,100.6,7.42,76.5,40.7,16.5
2026-04-15 07:57:03,85.65,94.4,104.8,7.04,77.1,48.3,16.5
2026-04-15 07:57:03,85.8,114.8,136.5,5.34,76.0,34.2,16.5
2026-04-15 07:57:03,85.69,88.6,104.9,7.13,77.1,39.3,16.5
2026-04-15 07:57:04,85.49,105.5,129.3,5.42,77.7,36.0,16.6
2026-04-15 07:57:04,85.52,136.9,159.5,5.07,75.5,39.7,16.6
2026-04-15 07:57:04,85.52,95.3,118.3,6.32,75.5,32.2,16.5
2026-04-15 07:57:04,85.65,108.4,131.5,5.57,76.5,47.2,16.5
2026-04-15 07:57:04,85.72,90.4,113.5,6.74,77.7,36.7,16.5
2026-04-15 07:57:05,85.73,90.2,112.9,6.01,76.5,35.8,16.5
2026-04-15 07:57:05,85.75,90.3,113.4,6.0,77.7,35.8,16.5
2026-04-15 07:57:05,85.79,94.9,118.1,5.84,76.5,35.8,16.4
2026-04-15 07:57:05,85.65,85.7,108.8,6.36,77.1,33.3,16.4
2026-04-15 07:57:05,85.74,106.0,119.8,6.5,77.7,46.8,16.4
2026-04-15 07:57:05,85.82,93.5,116.6,6.5,76.5,39.1,16.4
2026-04-15 07:57:05,85.89,86.9,109.7,6.26,77.1,31.1,16.4
2026-04-15 07:57:06,85.75,88.8,101.3,7.39,76.5,43.6,16.3
2026-04-15 07:57:06,85.72,87.5,111.2,6.03,76.0,36.8,16.3
2026-04-15 07:57:06,85.71,116.8,139.9,5.12,77.1,36.8,16.3
2026-04-15 07:57:06,85.78,97.3,113.7,6.79,76.5,42.4,16.4
2026-04-15 07:57:06,85.79,83.9,106.8,6.54,77.7,36.1,16.4
2026-04-15 07:57:06,85.62,87.5,103.8,7.27,77.7,49.1,16.4
2026-04-15 07:57:07,85.77,97.1,107.8,7.03,77.1,41.1,16.4
2026-04-15 07:57:07,85.65,84.9,108.0,6.49,77.7,33.3,16.4
2026-04-15 07:57:07,85.65,87.5,102.0,7.35,76.5,41.8,16.4
2026-04-15 07:57:07,85.57,94.2,106.9,7.12,76.0,44.1,16.4
2026-04-15 07:57:07,85.67,92.2,115.1,6.1,77.7,34.9,16.5
2026-04-15 07:57:07,85.57,95.5,118.0,5.88,75.5,33.3,16.5
2026-04-15 07:57:07,85.42,88.8,111.6,6.26,78.2,34.9,16.5
2026-04-15 07:57:08,85.64,88.7,108.6,6.0,76.5,32.8,16.5
2026-04-15 07:57:08,85.4,98.6,122.4,5.63,77.7,34.8,16.5
2026-04-15 07:57:08,85.38,88.3,111.6,6.44,76.0,33.3,16.5
2026-04-15 07:57:08,85.52,88.4,111.4,6.0,77.7,38.0,16.6
2026-04-15 07:57:08,85.62,83.6,111.2,6.0,76.5,32.8,16.6
2026-04-15 07:57:08,85.54,83.4,106.5,6.19,76.5,36.4,16.6
2026-04-15 07:57:09,85.43,87.3,101.3,7.29,76.0,41.5,16.6
2026-04-15 07:57:09,85.59,112.8,125.5,6.28,77.7,46.9,16.6
2026-04-15 07:57:09,85.67,112.5,131.5,6.04,75.5,38.1,16.7
2026-04-15 07:57:09,85.65,112.2,129.2,6.02,77.1,40.0,16.7
2026-04-15 07:57:09,85.47,108.0,127.9,6.16,77.7,43.1,16.7
2026-04-15 07:57:09,85.61,97.6,120.6,6.4,77.1,39.7,16.7
2026-04-15 07:57:10,85.59,85.8,109.1,6.46,77.7,36.1,16.8
2026-04-15 07:57:10,85.54,85.2,98.5,7.55,77.1,39.2,16.8
2026-04-15 07:57:10,85.71,88.4,102.6,7.31,76.5,42.1,16.8
2026-04-15 07:57:10,85.68,94.2,115.7,5.8,77.1,34.3,16.8
2026-04-15 07:57:10,85.49,87.8,110.9,6.25,77.1,35.4,16.8
2026-04-15 07:57:10,85.46,89.1,112.0,5.96,77.1,32.3,16.8
2026-04-15 07:57:11,85.6,94.9,120.3,5.72,76.5,38.0,16.8
2026-04-15 07:57:11,85.77,109.7,132.7,5.59,77.1,32.4,16.8
2026-04-15 07:57:11,85.7,88.8,111.4,6.86,76.5,49.2,16.8
2026-04-15 07:57:11,85.79,88.2,111.5,6.01,77.7,34.9,16.8
2026-04-15 07:57:11,85.71,92.2,115.3,5.87,76.0,33.3,16.8
2026-04-15 07:57:11,85.57,94.6,117.5,5.92,76.5,37.7,16.7
2026-04-15 07:57:12,85.55,114.7,137.8,5.35,77.1,33.3,16.7
2026-04-15 07:57:12,85.74,87.5,104.9,7.18,77.1,37.0,16.7
2026-04-15 07:57:12,85.68,88.8,99.8,7.42,78.8,41.2,16.7
2026-04-15 07:57:12,85.59,87.4,110.6,6.06,77.7,29.0,16.7
2026-04-15 07:57:12,85.61,83.5,95.7,7.71,76.5,38.8,16.7
2026-04-15 07:57:12,85.66,86.6,102.7,7.32,76.5,44.6,16.7
2026-04-15 07:57:12,85.71,85.4,97.2,7.6,77.1,48.2,16.7
2026-04-15 07:57:13,85.72,107.4,120.5,6.44,77.1,40.7,16.7
2026-04-15 07:57:13,85.74,92.1,114.8,6.61,77.1,33.3,16.7
2026-04-15 07:57:13,85.7,94.4,117.5,5.92,77.1,32.8,16.7
2026-04-15 07:57:13,85.71,107.1,130.0,5.58,77.1,40.0,16.7
2026-04-15 07:57:13,85.52,89.9,107.0,6.68,77.1,36.2,16.6
2026-04-15 07:57:13,85.52,90.6,111.9,5.98,77.1,34.3,16.6
2026-04-15 07:57:14,85.74,92.9,115.2,5.88,76.5,34.3,16.6
2026-04-15 07:57:14,85.69,85.3,108.8,6.28,77.1,32.2,16.5
2026-04-15 07:57:14,85.71,87.2,97.9,7.49,77.7,42.6,16.5
2026-04-15 07:57:14,85.68,87.4,99.5,7.49,77.1,45.5,16.5
2026-04-15 07:57:14,85.52,94.3,117.5,5.77,76.0,32.4,16.4
2026-04-15 07:57:14,85.63,122.2,149.8,5.01,76.5,37.7,16.4
2026-04-15 07:57:14,85.63,100.7,123.7,5.77,77.1,33.3,16.5
2026-04-15 07:57:15,85.55,91.1,114.7,6.35,76.0,39.7,16.5
2026-04-15 07:57:15,85.65,88.5,111.8,6.11,76.5,26.7,16.5
2026-04-15 07:57:15,85.55,87.0,111.8,5.99,75.5,34.8,16.5
2026-04-15 07:57:15,85.61,89.4,112.3,5.97,76.5,31.3,16.5
2026-04-15 07:57:15,85.69,85.1,94.7,7.78,76.0,38.3,16.5
2026-04-15 07:57:15,85.43,108.0,123.4,6.36,77.1,38.7,16.5
2026-04-15 07:57:16,85.61,94.0,117.8,6.54,77.1,41.9,16.5
2026-04-15 07:57:16,85.67,106.3,129.5,5.63,76.5,37.5,16.5
2026-04-15 07:57:16,85.48,105.0,126.1,6.05,77.7,39.1,16.5
2026-04-15 07:57:16,85.63,97.2,111.7,6.29,77.7,42.6,16.6
2026-04-15 07:57:16,85.49,89.2,112.5,6.31,76.5,35.9,16.6
2026-04-15 07:57:16,85.68,87.0,109.1,6.04,76.0,35.8,16.5
2026-04-15 07:57:17,85.61,110.8,132.5,5.28,76.5,32.9,16.5
2026-04-15 07:57:17,85.64,105.4,129.1,6.14,77.1,40.9,16.5
2026-04-15 07:57:17,85.69,95.0,118.1,6.48,77.1,32.8,16.5
2026-04-15 07:57:17,85.68,110.3,132.4,5.49,77.7,36.2,16.6
2026-04-15 07:57:17,85.55,91.2,113.6,6.78,76.0,38.3,16.5
2026-04-15 07:57:17,85.49,87.9,110.9,6.12,77.1,39.1,16.5
2026-04-15 07:57:18,85.67,89.2,112.1,5.96,76.0,33.8,16.5
2026-04-15 07:57:18,85.63,97.2,118.8,5.73,77.1,36.6,16.5
2026-04-15 07:57:18,85.53,85.3,108.0,6.47,77.1,31.0,16.5
2026-04-15 07:57:18,85.41,94.2,108.3,7.02,77.1,43.1,16.5
2026-04-15 07:57:18,85.51,106.3,110.7,6.89,77.1,50.0,16.5
2026-04-15 07:57:18,85.67,125.8,148.9,5.37,78.2,37.3,16.5
2026-04-15 07:57:19,85.58,86.0,109.1,6.24,77.7,31.1,16.5
2026-04-15 07:57:19,85.55,98.9,109.4,6.84,76.5,41.7,16.5
2026-04-15 07:57:19,85.65,96.5,119.4,6.09,76.5,42.6,16.5
2026-04-15 07:57:19,85.64,87.5,110.7,6.35,77.1,35.4,16.5
2026-04-15 07:57:19,85.6,96.5,108.1,6.97,77.1,48.4,16.5
2026-04-15 07:57:19,85.63,119.3,142.0,5.31,77.1,41.3,16.5
2026-04-15 07:57:19,85.61,83.3,96.3,7.68,77.7,38.5,16.5
2026-04-15 07:57:20,85.48,96.1,112.5,6.84,77.7,42.1,16.6
2026-04-15 07:57:20,85.57,89.4,113.5,6.22,76.5,37.1,16.6
2026-04-15 07:57:20,85.56,84.3,107.3,6.23,77.1,33.8,16.6
2026-04-15 07:57:20,85.41,86.5,101.5,7.37,78.2,44.6,16.6
2026-04-15 07:57:20,85.65,99.4,116.6,6.6,77.1,39.0,16.6
2026-04-15 07:57:20,85.53,90.5,113.7,6.56,76.5,36.2,16.7
2026-04-15 07:57:21,85.54,91.8,114.8,5.89,78.2,34.3,16.7
2026-04-15 07:57:21,85.51,84.6,105.8,6.35,78.2,33.3,16.7
2026-04-15 07:57:21,85.67,88.9,101.5,7.26,78.8,45.6,16.7
2026-04-15 07:57:21,85.62,109.2,130.3,5.35,77.7,43.8,16.7
2026-04-15 07:57:21,85.72,87.2,110.2,6.93,77.7,40.0,16.7
2026-04-15 07:57:21,85.48,88.3,99.4,7.43,76.5,43.6,16.7
2026-04-15 07:57:21,85.48,85.7,108.3,6.1,77.1,36.4,16.6
2026-04-15 07:57:22,85.6,84.9,98.5,7.56,77.7,38.9,16.6
2026-04-15 07:57:22,85.71,86.5,100.6,7.41,77.7,43.4,16.6
2026-04-15 07:57:22,85.77,93.3,105.5,7.14,76.0,47.5,16.6
2026-04-15 07:57:22,85.58,89.3,112.2,6.15,77.1,35.9,16.6
2026-04-15 07:57:22,85.49,89.1,112.3,6.01,77.1,34.8,16.6
2026-04-15 07:57:22,85.68,83.9,94.4,7.78,77.7,43.4,16.6
2026-04-15 07:57:22,85.57,98.6,112.6,6.78,78.2,40.7,16.5
2026-04-15 07:57:23,85.43,92.1,115.2,6.24,76.0,26.8,16.5
2026-04-15 07:57:23,85.6,84.9,107.6,6.27,77.7,33.3,16.5
2026-04-15 07:57:23,85.67,86.0,100.1,7.41,77.1,44.4,16.5
2026-04-15 07:57:23,85.77,87.0,99.1,7.49,77.1,46.6,16.5
2026-04-15 07:57:23,85.55,86.4,96.4,7.53,76.5,42.3,16.5
2026-04-15 07:57:23,85.83,97.9,111.7,6.83,77.1,46.4,16.5
2026-04-15 07:57:24,85.61,86.6,109.4,6.51,77.7,39.3,16.5
2026-04-15 07:57:24,85.7,83.8,96.4,7.66,77.7,34.7,16.5
2026-04-15 07:57:24,85.62,85.5,100.8,7.41,77.1,38.0,16.5
2026-04-15 07:57:24,85.53,92.8,106.9,7.11,77.7,41.1,16.5
2026-04-15 07:57:24,85.55,99.9,126.5,5.64,77.7,33.3,16.5
2026-04-15 07:57:24,85.51,89.4,111.4,6.56,76.0,36.1,16.5
2026-04-15 07:57:24,85.49,107.3,130.3,5.42,77.1,34.2,16.6
2026-04-15 07:57:25,85.57,88.7,111.8,6.76,75.5,34.5,16.6
2026-04-15 07:57:25,85.58,84.9,108.2,6.14,76.5,37.3,16.6
2026-04-15 07:57:25,85.65,87.9,102.1,7.35,77.1,37.7,16.6
2026-04-15 07:57:25,85.51,90.2,113.9,5.9,77.1,37.3,16.6
2026-04-15 07:57:25,85.63,84.6,107.7,6.24,77.1,33.8,16.6
2026-04-15 07:57:25,85.49,86.5,101.1,7.39,77.1,51.9,16.6
2026-04-15 07:57:25,85.39,92.5,102.9,7.19,78.2,40.0,16.6
2026-04-15 07:57:26,85.46,91.5,115.2,6.02,77.7,37.3,16.6
2026-04-15 07:57:26,85.6,100.6,123.6,5.72,77.7,33.8,16.6
2026-04-15 07:57:26,85.6,123.2,146.5,5.28,76.5,40.3,16.7
2026-04-15 07:57:26,85.42,85.6,108.8,6.17,76.0,30.2,16.7
2026-04-15 07:57:26,85.45,92.8,106.4,7.12,77.1,41.5,16.7
2026-04-15 07:57:26,85.63,116.8,135.5,5.25,77.7,31.5,16.7
2026-04-15 07:57:27,85.73,84.5,100.4,7.45,77.1,38.9,16.7
2026-04-15 07:57:27,85.55,90.2,106.0,7.15,77.7,37.7,16.6
2026-04-15 07:57:27,85.42,90.2,98.2,7.54,77.1,40.0,16.6
2026-04-15 07:57:27,85.51,89.4,111.3,5.99,77.7,33.8,16.6
2026-04-15 07:57:27,85.62,85.9,109.3,6.16,76.5,33.3,16.6
2026-04-15 07:57:27,85.77,86.2,98.7,7.51,77.1,43.4,16.5
2026-04-15 07:57:27,85.54,85.3,91.6,7.56,77.7,51.0,16.5
2026-04-15 07:57:28,85.68,85.9,100.2,7.46,77.7,41.5,16.5
2026-04-15 07:57:28,85.56,89.1,102.2,7.33,77.7,44.6,16.5
2026-04-15 07:57:28,85.53,90.2,113.3,5.97,77.7,30.8,16.6
2026-04-15 07:57:28,85.56,95.4,118.4,5.82,78.2,34.8,16.5
2026-04-15 07:57:28,85.58,88.6,110.6,6.25,77.1,36.9,16.6
2026-04-15 07:57:28,85.74,97.5,108.4,7.02,77.7,37.7,16.5
2026-04-15 07:57:29,85.69,100.2,123.0,5.92,76.5,35.4,16.6
2026-04-15 07:57:29,85.54,94.2,114.8,6.23,76.5,36.9,16.6
2026-04-15 07:57:29,85.47,97.1,120.1,5.9,77.7,34.4,16.6
2026-04-15 07:57:29,85.52,92.7,115.7,6.16,76.5,39.7,16.6
2026-04-15 07:57:29,85.44,83.4,106.6,6.35,77.1,36.9,16.6
2026-04-15 07:57:29,85.41,101.5,113.5,6.61,77.1,41.0,16.6
2026-04-15 07:57:30,85.48,121.7,142.9,5.36,78.2,33.8,16.6
2026-04-15 07:57:30,85.53,85.6,108.7,6.1,77.7,31.3,16.6
2026-04-15 07:57:30,85.45,89.3,94.6,7.3,76.5,48.1,16.6
2026-04-15 07:57:30,85.63,89.3,111.2,6.0,77.7,29.0,16.6
2026-04-15 07:57:30,85.51,96.4,119.5,5.77,77.1,33.8,16.6
2026-04-15 07:57:30,85.54,94.7,117.8,6.06,77.7,38.8,16.6
2026-04-15 07:57:31,85.61,85.9,110.4,6.28,77.1,36.5,16.6
2026-04-15 07:57:31,85.56,87.3,99.0,7.5,77.1,41.5,16.6
2026-04-15 07:57:31,85.56,97.3,109.0,6.99,76.0,40.4,16.6
2026-04-15 07:57:31,85.67,100.3,123.1,5.9,77.7,40.6,16.6
2026-04-15 07:57:31,85.52,85.4,108.2,6.59,78.2,31.0,16.6
2026-04-15 07:57:31,85.56,113.4,127.9,6.17,78.8,44.6,16.7
2026-04-15 07:57:31,85.75,100.6,115.3,6.51,77.7,47.4,16.6
2026-04-15 07:57:32,85.83,92.2,115.3,6.36,76.5,35.9,16.6
2026-04-15 07:57:32,85.72,100.4,125.3,5.67,77.7,32.4,16.6
2026-04-15 07:57:32,85.71,85.7,108.7,6.66,77.7,35.6,16.6
2026-04-15 07:57:32,85.73,87.9,101.0,7.38,78.2,45.6,16.6
2026-04-15 07:57:32,85.61,96.8,118.5,5.69,77.1,30.3,16.5
2026-04-15 07:57:32,85.63,95.6,118.7,6.06,77.1,32.8,16.6
2026-04-15 07:57:33,85.65,93.4,115.6,6.08,78.2,35.4,16.6
2026-04-15 07:57:33,85.65,92.5,113.2,6.04,77.1,34.8,16.5
2026-04-15 07:57:33,85.71,87.9,110.9,6.18,78.2,35.4,16.5
2026-04-15 07:57:33,85.77,91.2,114.0,5.88,76.5,30.8,16.5
2026-04-15 07:57:33,85.72,84.5,110.5,6.15,77.1,42.2,16.5
2026-04-15 07:57:33,85.57,86.3,98.1,7.56,76.0,41.5,16.5
2026-04-15 07:57:34,85.76,97.5,109.2,6.92,78.8,47.5,16.5
2026-04-15 07:57:34,85.78,98.2,121.2,5.98,77.1,33.8,16.5
2026-04-15 07:57:34,85.61,98.3,120.5,5.98,77.7,35.8,16.5
2026-04-15 07:57:34,85.54,91.7,114.1,6.26,77.7,40.0,16.6
2026-04-15 07:57:34,85.39,85.7,109.0,6.23,76.5,32.3,16.6
2026-04-15 07:57:34,85.59,114.0,127.8,6.18,76.0,42.2,16.6
2026-04-15 07:57:34,85.55,91.5,105.8,6.96,76.5,44.8,16.6
2026-04-15 07:57:35,85.27,85.2,108.5,6.22,76.5,31.7,16.6
2026-04-15 07:57:35,85.47,107.7,121.6,6.42,77.7,48.4,16.6
2026-04-15 07:57:35,85.5,88.7,111.7,6.8,78.2,34.5,16.6
2026-04-15 07:57:35,85.43,84.6,108.0,6.15,77.7,32.3,16.6
2026-04-15 07:57:35,85.42,91.6,106.0,7.14,78.2,41.1,16.6
2026-04-15 07:57:35,85.44,90.6,114.5,5.99,77.1,38.2,16.6
2026-04-15 07:57:36,85.38,91.0,114.3,6.03,76.5,30.6,16.6
2026-04-15 07:57:36,85.52,93.0,116.2,5.93,77.1,37.7,16.6
2026-04-15 07:57:36,85.59,99.7,121.9,5.73,76.5,37.1,16.5
2026-04-15 07:57:36,85.67,90.4,113.4,6.41,77.7,35.5,16.5
2026-04-15 07:57:36,85.74,87.2,110.2,6.12,76.5,34.4,16.5
2026-04-15 07:57:36,85.51,88.3,111.9,5.94,77.1,37.1,16.5
2026-04-15 07:57:37,85.82,115.9,138.5,5.15,77.7,35.1,16.5
2026-04-15 07:57:37,85.55,84.5,100.1,7.44,77.7,37.7,16.5
2026-04-15 07:57:37,85.56,86.8,101.3,7.38,78.2,43.6,16.6
2026-04-15 07:57:37,85.59,111.6,124.0,6.31,77.7,46.8,16.6
2026-04-15 07:57:37,85.56,101.9,122.5,6.38,77.1,41.3,16.6
2026-04-15 07:57:37,85.65,100.2,122.8,6.06,76.5,40.3,16.6
2026-04-15 07:57:37,85.49,84.6,108.0,6.62,78.2,35.6,16.6
2026-04-15 07:57:38,85.54,100.9,115.3,6.71,77.7,42.6,16.6
2026-04-15 07:57:38,85.41,89.8,112.8,6.43,77.1,35.5,16.6
2026-04-15 07:57:38,85.54,88.5,111.3,6.04,77.1,34.3,16.5
2026-04-15 07:57:38,85.64,98.8,125.1,5.56,77.7,38.4,16.5
2026-04-15 07:57:38,85.54,85.5,108.6,6.67,77.7,32.8,16.5
2026-04-15 07:57:38,85.58,87.5,100.0,7.38,77.7,44.6,16.5
2026-04-15 07:57:39,85.45,91.7,114.8,5.85,77.7,31.3,16.5
2026-04-15 07:57:39,85.55,92.5,115.4,5.98,76.5,34.8,16.5
2026-04-15 07:57:39,85.5,90.0,112.9,6.09,77.1,36.4,16.5
2026-04-15 07:57:39,85.58,93.0,116.0,5.9,77.1,34.8,16.5
2026-04-15 07:57:39,85.54,102.7,125.6,5.67,77.1,39.7,16.5
2026-04-15 07:57:39,85.67,108.8,131.6,5.78,78.2,35.4,16.5
2026-04-15 07:57:40,85.56,99.8,123.1,6.35,77.1,43.7,16.6
2026-04-15 07:57:40,85.54,89.9,112.7,6.38,78.2,36.7,16.6
2026-04-15 07:57:40,85.67,102.5,125.6,5.58,76.5,36.1,16.6
2026-04-15 07:57:40,85.69,103.5,127.1,5.95,77.1,36.4,16.6
2026-04-15 07:57:40,85.53,104.5,127.5,5.99,77.7,42.9,16.6
2026-04-15 07:57:40,85.54,90.4,113.6,6.55,78.2,33.9,16.6
2026-04-15 07:57:41,85.57,96.9,117.6,5.78,76.5,38.0,16.6
2026-04-15 07:57:41,85.55,92.6,116.1,6.15,76.5,40.0,16.6
2026-04-15 07:57:41,85.6,111.6,134.6,5.4,77.7,42.1,16.5
2026-04-15 07:57:41,85.61,87.4,108.5,7.03,77.7,37.5,16.5
2026-04-15 07:57:41,85.7,91.5,103.3,7.28,77.7,42.9,16.5
2026-04-15 07:57:41,85.7,88.9,113.7,6.01,77.7,34.8,16.5
2026-04-15 07:57:42,85.63,87.9,110.5,6.12,77.1,37.3,16.4
2026-04-15 07:57:42,85.89,94.2,117.3,5.79,77.7,31.3,16.4
2026-04-15 07:57:42,85.77,96.1,96.8,7.38,77.7,51.0,16.4
2026-04-15 07:57:42,85.7,103.3,126.6,5.75,76.5,38.6,16.4
2026-04-15 07:57:42,85.87,85.1,108.2,6.75,78.2,37.7,16.4
2026-04-15 07:57:42,85.61,88.9,103.6,7.28,77.7,42.9,16.4
2026-04-15 07:57:42,85.66,88.7,111.7,6.01,77.1,33.8,16.4
2026-04-15 07:57:43,85.77,85.9,108.6,6.11,76.5,32.3,16.4
2026-04-15 07:57:43,85.81,91.6,103.3,7.11,77.7,40.0,16.4
2026-04-15 07:57:43,85.74,92.8,115.7,6.01,76.5,36.9,16.4
2026-04-15 07:57:43,85.63,99.2,122.2,5.78,77.1,38.9,16.4
2026-04-15 07:57:43,85.69,94.8,117.9,6.17,77.7,37.3,16.4
2026-04-15 07:57:43,85.77,90.0,111.7,6.18,77.1,36.5,16.4
2026-04-15 07:57:44,85.88,97.4,119.8,5.75,77.7,34.3,16.4
2026-04-15 07:57:44,85.6,111.3,134.0,5.54,77.7,35.2,16.4
2026-04-15 07:57:44,85.71,93.4,114.7,6.72,77.7,42.4,16.4
2026-04-15 07:57:44,85.66,112.6,134.6,5.35,76.5,35.2,16.4
2026-04-15 07:57:44,85.8,88.3,109.4,6.97,78.2,39.7,16.4
2026-04-15 07:57:44,85.79,100.6,123.2,5.65,77.1,37.1,16.4
2026-04-15 07:57:45,85.94,85.4,108.6,6.61,76.5,37.1,16.4
2026-04-15 07:57:45,85.94,88.2,101.0,7.34,77.1,38.8,16.4
2026-04-15 07:57:45,85.88,105.2,128.5,5.45,77.1,35.6,16.4
2026-04-15 07:57:45,85.81,85.7,108.9,6.81,75.5,35.1,16.4
2026-04-15 07:57:45,85.85,104.5,116.7,6.58,77.1,43.7,16.4
2026-04-15 07:57:45,85.81,92.3,115.6,6.47,77.7,37.1,16.4
2026-04-15 07:57:46,85.63,100.6,123.7,5.72,77.1,43.7,16.5
2026-04-15 07:57:46,85.86,99.0,121.3,6.07,78.2,34.8,16.5
2026-04-15 07:57:46,85.88,88.5,111.7,6.4,77.1,36.1,16.5
2026-04-15 07:57:46,85.84,102.3,111.2,6.8,77.1,46.4,16.5
2026-04-15 07:57:46,85.77,104.6,127.1,5.91,77.7,37.3,16.4
2026-04-15 07:57:46,85.78,112.0,132.8,5.76,76.5,33.3,16.4
2026-04-15 07:57:47,85.92,90.2,109.8,6.91,78.2,39.7,16.4
2026-04-15 07:57:47,85.74,102.5,125.2,5.59,77.7,33.3,16.5
2026-04-15 07:57:47,85.85,85.8,108.9,6.68,76.0,33.9,16.5
2026-04-15 07:57:47,85.82,111.3,125.3,6.29,77.7,41.7,16.5
2026-04-15 07:57:47,85.78,94.9,115.9,6.67,76.5,40.0,16.5
2026-04-15 07:57:47,85.83,89.5,112.6,6.21,77.7,34.4,16.5
2026-04-15 07:57:47,85.8,91.9,113.7,5.91,77.1,34.3,16.4
2026-04-15 07:57:48,85.96,111.1,134.2,5.39,77.7,41.3,16.4
2026-04-15 07:57:48,85.89,96.7,116.9,6.56,76.5,33.9,16.4
2026-04-15 07:57:48,85.69,99.1,122.3,5.91,76.5,37.9,16.4
2026-04-15 07:57:48,85.9,97.5,120.9,6.06,76.5,39.7,16.4
2026-04-15 07:57:48,85.85,92.1,115.2,6.21,78.2,35.9,16.4
2026-04-15 07:57:48,85.83,86.1,108.5,6.22,77.7,37.9,16.4
2026-04-15 07:57:49,85.79,85.1,98.5,7.55,77.7,38.5,16.4
2026-04-15 07:57:49,85.8,103.1,119.1,6.53,78.2,37.9,16.4
2026-04-15 07:57:49,86.06,93.8,115.6,6.44,76.5,38.7,16.4
2026-04-15 07:57:49,86.07,112.3,135.8,5.39,77.1,41.9,16.5
2026-04-15 07:57:49,85.88,94.3,114.7,6.73,76.5,41.0,16.5
2026-04-15 07:57:49,85.87,93.5,116.3,6.03,77.7,34.4,16.5
2026-04-15 07:57:50,85.84,86.6,109.7,6.28,78.2,36.9,16.6
2026-04-15 07:57:50,85.82,89.0,101.7,7.38,77.7,39.6,16.6
2026-04-15 07:57:50,86.01,89.3,112.0,5.98,77.7,32.8,16.7
2026-04-15 07:57:50,85.97,84.8,108.0,6.17,77.1,38.2,16.7
2026-04-15 07:57:50,85.94,86.2,100.2,7.43,77.1,45.5,16.7
2026-04-15 07:57:50,85.99,85.2,96.9,7.54,77.7,42.6,16.8
2026-04-15 07:57:50,85.96,120.2,133.6,5.96,78.2,48.5,16.7
2026-04-15 07:57:51,85.89,83.6,95.7,7.7,77.7,39.2,16.7
2026-04-15 07:57:51,85.89,101.2,117.0,6.63,76.5,40.0,16.7
2026-04-15 07:57:51,85.79,109.1,132.2,5.74,77.1,40.0,16.7
2026-04-15 07:57:51,85.78,101.6,124.8,6.28,77.7,35.0,16.7
2026-04-15 07:57:51,85.83,85.8,109.0,6.63,78.8,41.0,16.7
2026-04-15 07:57:51,85.78,86.0,100.4,7.44,78.2,39.6,16.7
2026-04-15 07:57:52,85.87,119.0,130.9,6.0,77.7,38.1,16.6
2026-04-15 07:57:52,85.79,86.9,99.9,7.47,76.5,41.8,16.7
2026-04-15 07:57:52,85.81,93.8,116.3,5.79,76.5,32.3,16.7
2026-04-15 07:57:52,85.66,86.0,108.6,6.27,77.1,36.5,16.7
2026-04-15 07:57:52,85.73,84.8,97.3,7.62,77.1,36.0,16.7
2026-04-15 07:57:52,85.84,115.7,130.1,6.09,78.2,43.3,16.7
2026-04-15 07:57:52,85.76,101.4,118.3,6.56,77.7,40.0,16.7
2026-04-15 07:57:53,85.83,83.6,107.1,6.7,77.1,35.6,16.7
2026-04-15 07:57:53,85.76,109.7,125.2,6.3,78.2,42.4,16.6
2026-04-15 07:57:53,85.53,97.4,118.6,6.48,78.2,37.7,16.6
2026-04-15 07:57:53,85.67,129.9,153.1,5.02,76.5,35.1,16.6
2026-04-15 07:57:53,85.65,102.7,125.9,5.79,77.7,38.0,16.5
2026-04-15 07:57:53,85.86,97.8,120.5,6.19,76.0,35.9,16.5
2026-04-15 07:57:54,85.74,95.4,118.7,6.07,76.5,33.9,16.4
2026-04-15 07:57:54,85.71,86.0,109.7,6.35,77.7,35.9,16.4
2026-04-15 07:57:54,85.75,84.7,97.2,7.62,77.1,41.5,16.4
2026-04-15 07:57:54,85.67,90.1,102.4,7.21,77.1,36.5,16.4
2026-04-15 07:57:54,85.77,87.1,110.6,6.1,77.1,36.2,16.4
2026-04-15 07:57:54,85.68,117.4,128.1,6.13,78.2,40.3,16.4
2026-04-15 07:57:55,85.6,100.8,113.4,6.67,77.1,42.6,16.4
2026-04-15 07:57:55,85.67,112.6,135.3,5.59,77.1,38.0,16.4
2026-04-15 07:57:55,85.67,93.2,113.1,6.81,76.0,38.3,16.4
2026-04-15 07:57:55,85.57,97.9,120.9,5.83,76.5,37.1,16.4
2026-04-15 07:57:55,85.58,86.4,109.0,6.44,77.1,29.3,16.4
2026-04-15 07:57:55,85.76,130.5,152.1,5.35,78.2,45.2,16.5
2026-04-15 07:57:56,85.84,97.6,120.8,6.35,77.7,35.6,16.5
2026-04-15 07:57:56,85.83,95.9,118.9,6.07,76.5,35.9,16.5
2026-04-15 07:57:56,85.64,86.1,109.2,6.38,77.1,36.9,16.5
2026-04-15 07:57:56,85.82,89.4,103.6,7.22,78.2,45.3,16.5
2026-04-15 07:57:56,85.83,84.9,108.1,6.24,76.5,34.4,16.5
2026-04-15 07:57:56,85.71,85.9,100.3,7.44,77.7,40.4,16.5
2026-04-15 07:57:56,85.68,106.7,120.2,6.48,77.7,43.3,16.5
2026-04-15 07:57:57,85.54,84.1,107.3,6.95,78.2,37.9,16.6
2026-04-15 07:57:57,85.66,85.8,101.1,7.42,78.2,40.7,16.6
2026-04-15 07:57:57,85.8,85.8,99.1,7.5,77.7,44.4,16.6
2026-04-15 07:57:57,85.77,87.7,100.4,7.39,77.1,43.4,16.6
2026-04-15 07:57:57,85.49,86.0,108.5,6.08,77.7,34.8,16.6
2026-04-15 07:57:57,85.48,89.2,103.0,7.32,77.7,44.6,16.6
2026-04-15 07:57:57,85.62,106.4,129.2,5.44,76.5,43.4,16.6
2026-04-15 07:57:58,85.75,85.9,109.2,6.84,76.5,35.7,16.6
2026-04-15 07:57:58,85.67,91.9,104.9,7.19,77.1,43.9,16.6
2026-04-15 07:57:58,85.55,89.9,113.2,6.06,77.7,32.8,16.6
2026-04-15 07:57:58,85.63,96.0,120.7,5.75,76.5,30.3,16.6
2026-04-15 07:57:58,85.8,115.3,139.6,5.39,77.7,34.7,16.5
2026-04-15 07:57:58,85.91,93.6,109.6,6.97,78.2,35.2,16.5
2026-04-15 07:57:59,85.74,117.0,139.8,5.26,77.7,38.2,16.6
2026-04-15 07:57:59,85.68,84.2,100.0,7.49,77.7,35.3,16.6
2026-04-15 07:57:59,85.7,85.3,98.4,7.44,77.1,42.6,16.6
2026-04-15 07:57:59,85.73,89.4,103.1,7.25,76.5,42.9,16.6
2026-04-15 07:57:59,85.76,88.3,111.3,6.06,77.1,30.6,16.7
2026-04-15 07:57:59,85.59,88.0,107.9,6.01,77.7,33.8,16.6
2026-04-15 07:58:00,85.58,105.5,127.7,5.43,77.7,38.6,16.6
2026-04-15 07:58:00,85.74,94.5,117.6,6.43,77.7,39.3,16.6
2026-04-15 07:58:00,85.78,105.1,127.8,5.64,76.5,36.8,16.6
2026-04-15 07:58:00,85.8,87.9,110.4,6.71,77.1,33.3,16.6
2026-04-15 07:58:00,85.83,105.5,128.6,5.42,77.7,36.8,16.6
2026-04-15 07:58:00,85.67,89.6,112.7,6.65,77.1,35.1,16.6
2026-04-15 07:58:01,85.75,85.5,108.8,6.15,77.7,37.7,16.5
2026-04-15 07:58:01,85.66,93.7,105.8,7.09,78.2,40.0,16.5
2026-04-15 07:58:01,85.77,84.3,107.0,6.36,76.5,37.1,16.5
2026-04-15 07:58:01,85.78,94.6,109.6,6.96,78.2,45.6,16.5
2026-04-15 07:58:01,85.79,86.1,108.5,6.32,77.1,39.1,16.5
2026-04-15 07:58:01,85.9,83.4,96.3,7.67,77.7,36.7,16.5
2026-04-15 07:58:01,85.89,86.2,100.2,7.3,77.1,43.9,16.5
2026-04-15 07:58:02,85.89,84.0,96.3,7.68,77.7,39.2,16.5
2026-04-15 07:58:02,85.87,90.4,106.0,7.16,78.2,40.7,16.5
2026-04-15 07:58:02,85.95,101.8,124.9,5.62,77.7,37.3,16.5
2026-04-15 07:58:02,85.82,104.0,127.3,5.91,76.5,39.7,16.5
2026-04-15 07:58:02,85.77,88.9,112.0,6.61,77.7,35.6,16.5
2026-04-15 07:58:02,85.79,96.3,119.7,5.74,78.2,31.9,16.5
2026-04-15 07:58:02,85.81,91.2,114.9,6.17,76.5,38.1,16.5
2026-04-15 07:58:03,85.78,87.7,110.4,6.16,76.5,32.3,16.5
2026-04-15 07:58:03,85.76,110.2,121.9,6.42,77.1,41.0,16.5
2026-04-15 07:58:03,85.64,89.7,111.3,6.84,77.7,41.7,16.5
2026-04-15 07:58:03,85.67,99.3,123.2,5.65,77.7,34.3,16.5
2026-04-15 07:58:03,85.84,96.2,119.1,6.16,77.1,35.4,16.5
2026-04-15 07:58:03,85.77,91.6,114.4,6.17,78.2,34.4,16.5
2026-04-15 07:58:04,85.76,86.7,108.7,6.18,76.5,37.9,16.5
2026-04-15 07:58:04,85.84,89.2,99.6,7.37,76.0,43.6,16.5
2026-04-15 07:58:04,85.85,95.8,119.0,5.78,78.2,42.0,16.5
2026-04-15 07:58:04,85.85,87.4,110.9,6.31,76.0,35.9,16.5
2026-04-15 07:58:04,85.76,85.0,95.6,7.65,78.2,44.4,16.5
2026-04-15 07:58:04,85.82,90.1,104.3,7.24,77.7,41.8,16.5
2026-04-15 07:58:05,86.09,127.9,149.8,4.89,78.2,31.2,16.5
2026-04-15 07:58:05,85.77,93.0,116.1,6.07,77.7,33.8,16.5
2026-04-15 07:58:05,85.59,83.2,106.6,6.37,77.7,32.3,16.5
2026-04-15 07:58:05,85.76,106.6,119.4,6.39,78.2,41.9,16.5
2026-04-15 07:58:05,85.85,92.3,115.4,6.57,79.3,42.2,16.6
2026-04-15 07:58:05,85.88,106.6,129.9,5.52,77.7,34.7,16.6
2026-04-15 07:58:06,85.82,96.7,119.3,6.39,78.2,38.1,16.6
2026-04-15 07:58:06,85.84,97.8,120.7,5.96,78.2,33.9,16.6
2026-04-15 07:58:06,86.02,97.7,120.7,6.0,78.2,34.8,16.6
2026-04-15 07:58:06,85.89,113.1,134.8,5.5,77.7,42.3,16.6
2026-04-15 07:58:06,85.8,87.5,106.1,7.09,78.2,40.4,16.6
2026-04-15 07:58:06,85.77,91.3,114.0,5.87,78.2,39.7,16.7
2026-04-15 07:58:07,85.76,96.8,117.2,5.82,78.2,33.3,16.6
2026-04-15 07:58:07,85.74,83.9,111.5,6.32,77.7,35.5,16.7
2026-04-15 07:58:07,85.78,92.5,115.4,5.86,77.7,33.3,16.7
2026-04-15 07:58:07,85.87,85.4,108.6,6.26,77.7,33.3,16.7
2026-04-15 07:58:07,85.81,86.3,99.7,7.47,77.1,43.6,16.7
2026-04-15 07:58:07,85.78,97.8,110.5,6.91,78.2,45.8,16.7
2026-04-15 07:58:07,85.9,103.5,125.2,5.81,77.7,33.8,16.7
2026-04-15 07:58:08,85.83,98.2,121.3,6.2,78.2,38.5,16.7
2026-04-15 07:58:08,85.85,88.9,112.1,6.35,77.1,36.5,16.7
2026-04-15 07:58:08,85.93,87.5,110.7,6.06,78.2,31.7,16.7
2026-04-15 07:58:08,85.99,88.5,111.2,5.97,77.7,40.6,16.7
2026-04-15 07:58:08,85.92,84.3,95.1,7.75,77.7,41.5,16.7
2026-04-15 07:58:08,85.98,86.3,101.6,7.37,78.2,44.6,16.7
2026-04-15 07:58:09,85.81,84.4,97.0,7.63,77.7,36.7,16.6
2026-04-15 07:58:09,85.84,91.2,105.9,7.14,76.5,41.8,16.6
2026-04-15 07:58:09,85.88,87.3,109.9,6.14,77.7,34.4,16.6
2026-04-15 07:58:09,85.88,87.7,100.4,7.45,78.2,41.8,16.6
2026-04-15 07:58:09,85.99,106.1,128.9,5.43,77.7,37.0,16.6
2026-04-15 07:58:09,86.01,88.9,112.0,6.7,77.1,37.7,16.5
2026-04-15 07:58:09,86.04,93.3,115.9,5.85,77.7,33.8,16.5
2026-04-15 07:58:10,86.1,107.6,130.5,5.53,77.1,37.0,16.5
2026-04-15 07:58:10,85.9,89.8,111.8,6.72,77.1,37.7,16.5
2026-04-15 07:58:10,85.91,134.0,156.8,4.75,77.1,36.1,16.4
2026-04-15 07:58:10,85.94,110.3,133.5,5.67,76.0,39.4,16.4
2026-04-15 07:58:10,86.06,91.5,112.7,6.76,77.7,37.5,16.5
2026-04-15 07:58:10,86.11,83.4,106.3,6.32,78.2,30.5,16.5
2026-04-15 07:58:11,86.12,85.7,101.6,7.36,77.7,40.7,16.5
2026-04-15 07:58:11,86.08,83.9,97.7,7.58,78.2,35.4,16.5
2026-04-15 07:58:11,86.17,103.8,122.4,6.4,77.7,44.6,16.6
2026-04-15 07:58:11,86.2,97.0,120.0,6.4,77.1,39.3,16.6
2026-04-15 07:58:11,86.01,84.4,107.5,6.51,77.1,30.5,16.6
2026-04-15 07:58:11,86.08,87.2,101.8,7.34,76.5,38.0,16.6
2026-04-15 07:58:11,86.04,94.2,105.3,7.14,77.7,40.7,16.7
2026-04-15 07:58:12,86.09,90.8,113.8,6.13,76.5,37.3,16.7
2026-04-15 07:58:12,86.04,101.9,120.5,5.61,77.1,30.9,16.7
2026-04-15 07:58:12,86.07,90.2,112.3,6.46,77.7,35.6,16.7
2026-04-15 07:58:12,85.95,87.3,113.4,6.0,77.1,35.8,16.7
2026-04-15 07:58:12,86.04,85.3,108.4,6.2,77.1,36.8,16.7
2026-04-15 07:58:12,86.08,88.4,102.1,7.24,77.1,40.4,16.7
2026-04-15 07:58:13,86.08,86.3,109.8,6.12,76.5,42.4,16.6
2026-04-15 07:58:13,86.0,84.0,96.5,7.66,78.2,44.4,16.6
2026-04-15 07:58:13,85.94,95.1,110.5,6.94,77.7,43.1,16.6
2026-04-15 07:58:13,85.86,106.4,129.2,5.63,77.7,38.9,16.6
2026-04-15 07:58:13,85.99,97.6,120.7,6.33,78.2,35.9,16.6
2026-04-15 07:58:13,85.96,98.4,121.3,5.97,78.2,38.2,16.7
2026-04-15 07:58:14,86.13,109.4,132.0,5.62,77.7,38.0,16.7
2026-04-15 07:58:14,86.05,84.8,107.1,7.06,78.2,35.2,16.7
2026-04-15 07:58:14,85.93,97.2,111.4,6.87,78.2,43.1,16.7
2026-04-15 07:58:14,86.0,85.4,108.5,6.46,77.1,34.4,16.7
2026-04-15 07:58:14,86.04,101.5,115.5,6.69,78.2,41.0,16.7
2026-04-15 07:58:14,86.2,90.8,113.9,6.41,76.5,39.4,16.7
2026-04-15 07:58:14,85.89,98.9,121.8,5.73,77.1,36.8,16.7
2026-04-15 07:58:15,85.73,84.8,107.6,6.56,77.7,36.1,16.7
2026-04-15 07:58:15,85.88,93.6,108.5,7.02,77.1,42.1,16.7
2026-04-15 07:58:15,85.82,86.7,112.3,6.17,77.7,41.3,16.7
2026-04-15 07:58:15,85.78,99.0,121.1,5.66,77.7,33.8,16.7
2026-04-15 07:58:15,85.99,89.7,112.5,6.36,77.7,33.9,16.7
2026-04-15 07:58:15,85.96,109.2,131.7,5.38,77.1,36.0,16.6
2026-04-15 07:58:16,85.82,101.7,123.3,6.28,77.7,40.6,16.6
2026-04-15 07:58:16,86.05,88.0,110.9,6.54,76.5,38.7,16.6
2026-04-15 07:58:16,85.93,115.7,137.4,5.15,77.7,35.9,16.6
2026-04-15 07:58:16,85.92,105.2,120.8,6.42,76.5,45.0,16.5
2026-04-15 07:58:16,85.96,94.0,116.8,6.43,77.7,39.1,16.5
2026-04-15 07:58:16,86.06,88.0,110.9,6.23,77.1,33.9,16.6
2026-04-15 07:58:17,85.88,90.3,113.4,5.92,76.5,29.7,16.6
2026-04-15 07:58:17,85.97,102.8,127.4,5.52,78.2,33.3,16.6
2026-04-15 07:58:17,85.83,88.4,111.3,6.65,76.5,34.5,16.6
2026-04-15 07:58:17,85.86,86.6,109.1,6.08,78.2,35.4,16.6
2026-04-15 07:58:17,85.73,96.8,109.7,6.96,78.2,41.4,16.6
2026-04-15 07:58:17,85.88,95.7,119.3,6.03,78.2,32.8,16.6
2026-04-15 07:58:18,85.89,89.0,112.1,6.27,76.5,31.1,16.6
2026-04-15 07:58:18,86.04,135.9,159.3,4.67,78.2,40.2,16.6
2026-04-15 07:58:18,85.93,103.3,126.5,6.0,76.5,33.3,16.5
2026-04-15 07:58:18,85.86,87.6,109.8,6.63,77.1,39.3,16.5
2026-04-15 07:58:18,85.9,86.6,98.0,7.57,76.0,43.6,16.5
2026-04-15 07:58:18,85.88,109.9,121.8,6.37,76.5,47.1,16.5
2026-04-15 07:58:19,85.93,110.8,133.6,5.98,77.7,36.8,16.4
2026-04-15 07:58:19,86.1,87.3,103.1,6.99,77.1,35.8,16.4
2026-04-15 07:58:19,85.92,95.3,107.3,7.06,78.2,43.6,16.4
2026-04-15 07:58:19,85.87,93.5,116.7,6.08,77.1,34.4,16.4
2026-04-15 07:58:19,85.77,88.8,111.7,6.18,77.7,36.8,16.4
2026-04-15 07:58:19,85.86,89.2,112.1,5.99,76.5,33.8,16.4
2026-04-15 07:58:20,85.83,121.5,144.7,5.02,77.7,38.2,16.4
2026-04-15 07:58:20,85.82,92.7,116.1,5.85,78.2,35.7,16.4
2026-04-15 07:58:20,85.67,108.2,130.8,5.49,77.7,37.5,16.4
2026-04-15 07:58:20,85.89,89.7,112.8,6.76,77.7,38.3,16.4
2026-04-15 07:58:20,85.88,108.2,131.3,5.4,76.5,32.9,16.4
2026-04-15 07:58:20,85.83,88.3,111.0,6.82,78.2,39.0,16.4
2026-04-15 07:58:21,85.87,86.5,109.3,6.06,77.1,35.4,16.4
2026-04-15 07:58:21,85.85,94.4,107.1,7.08,77.7,37.0,16.4
2026-04-15 07:58:21,85.92,103.7,126.7,5.69,77.7,40.8,16.4
2026-04-15 07:58:21,85.86,90.1,113.2,6.53,77.1,40.0,16.5
2026-04-15 07:58:21,85.81,134.1,157.1,4.75,77.7,37.8,16.5
2026-04-15 07:58:21,85.72,90.2,113.4,6.41,76.5,31.0,16.5
2026-04-15 07:58:22,85.79,83.8,107.7,6.18,77.7,31.7,16.5
2026-04-15 07:58:22,85.8,88.5,102.0,7.33,76.5,41.5,16.5
2026-04-15 07:58:22,85.77,85.5,108.7,6.11,77.7,37.3,16.5
2026-04-15 07:58:22,85.84,103.5,116.8,6.61,77.1,40.4,16.5
2026-04-15 07:58:22,85.77,84.7,107.9,6.77,78.2,33.3,16.6
2026-04-15 07:58:22,85.87,89.8,104.7,7.22,77.1,42.1,16.6
2026-04-15 07:58:22,85.98,92.8,115.4,5.9,77.7,33.8,16.5
2026-04-15 07:58:23,85.85,85.0,108.1,6.3,78.2,34.4,16.5
2026-04-15 07:58:23,85.71,95.8,112.2,6.85,78.2,39.3,16.5
2026-04-15 07:58:23,85.73,95.8,117.4,6.06,78.2,37.9,16.5
2026-04-15 07:58:23,85.94,114.7,138.2,5.38,77.7,34.3,16.5
2026-04-15 07:58:23,85.81,91.3,108.7,7.02,76.5,38.6,16.5
2026-04-15 07:58:23,85.84,105.4,128.9,5.52,78.8,37.7,16.5
2026-04-15 07:58:24,85.82,85.7,109.0,6.81,77.7,37.3,16.5
2026-04-15 07:58:24,85.77,84.5,97.8,7.57,77.1,39.2,16.5
2026-04-15 07:58:24,85.8,96.4,111.3,6.89,77.7,40.4,16.5
2026-04-15 07:58:24,85.71,86.1,108.9,6.41,77.7,36.7,16.5
2026-04-15 07:58:24,85.81,87.8,101.2,7.29,78.2,37.3,16.5
2026-04-15 07:58:24,85.81,92.1,113.5,5.91,78.8,34.8,16.5
2026-04-15 07:58:24,85.65,86.1,109.1,6.24,78.2,32.8,16.5
2026-04-15 07:58:25,85.7,83.4,97.0,7.64,77.1,41.5,16.5
2026-04-15 07:58:25,85.7,89.7,103.0,7.19,77.7,42.9,16.5
2026-04-15 07:58:25,85.78,85.3,108.5,6.16,77.1,30.6,16.5
2026-04-15 07:58:25,85.84,92.0,103.4,7.15,77.1,41.1,16.5
2026-04-15 07:58:25,85.76,90.2,113.2,6.06,77.1,36.9,16.5
2026-04-15 07:58:25,85.79,102.3,125.5,5.59,76.0,34.3,16.5
2026-04-15 07:58:26,85.75,89.4,111.0,6.52,78.2,46.6,16.5
2026-04-15 07:58:26,85.8,106.4,129.4,5.45,79.3,35.1,16.5
2026-04-15 07:58:26,85.85,88.3,111.3,6.74,76.5,38.3,16.5
2026-04-15 07:58:26,85.97,86.7,108.6,6.06,78.2,40.3,16.5
2026-04-15 07:58:26,85.87,107.1,119.3,6.51,78.8,43.5,16.5
2026-04-15 07:58:26,85.84,100.1,123.5,6.26,77.1,35.9,16.5
2026-04-15 07:58:27,85.8,84.3,107.2,6.64,77.1,37.7,16.6
2026-04-15 07:58:27,85.76,93.4,108.1,7.03,77.7,40.7,16.6
2026-04-15 07:58:27,85.89,98.9,118.9,5.8,77.1,34.3,16.6
2026-04-15 07:58:27,85.88,110.0,132.1,5.62,77.1,36.6,16.6
2026-04-15 07:58:27,85.67,84.8,107.3,7.08,77.7,36.4,16.6
2026-04-15 07:58:27,85.77,85.1,99.8,7.48,78.2,38.0,16.6
2026-04-15 07:58:27,85.86,97.5,112.3,6.82,77.7,45.9,16.6
2026-04-15 07:58:28,85.85,87.0,110.1,6.46,78.2,39.1,16.6
2026-04-15 07:58:28,85.61,119.3,131.5,6.04,78.8,46.2,16.6
2026-04-15 07:58:28,85.98,99.4,110.9,6.81,77.1,40.7,16.6
2026-04-15 07:58:28,86.06,98.4,121.2,6.04,78.2,35.9,16.6
2026-04-15 07:58:28,85.97,85.9,109.4,6.48,77.7,35.5,16.6
2026-04-15 07:58:28,85.97,93.9,107.1,7.08,78.8,35.8,16.6
2026-04-15 07:58:29,85.82,90.1,111.2,6.12,77.1,36.5,16.6
2026-04-15 07:58:29,85.82,86.9,109.9,6.16,78.2,34.4,16.6
2026-04-15 07:58:29,85.97,86.0,99.7,7.47,77.7,41.8,16.6
2026-04-15 07:58:29,85.9,97.1,120.4,5.66,76.0,34.3,16.6
2026-04-15 07:58:29,85.97,85.6,108.7,6.46,77.1,39.7,16.6
2026-04-15 07:58:29,85.98,95.9,109.7,6.96,76.5,41.4,16.6
2026-04-15 07:58:29,85.91,111.0,133.9,5.5,77.1,36.6,16.6
2026-04-15 07:58:30,85.95,85.2,106.9,7.1,77.7,36.8,16.6
2026-04-15 07:58:30,85.94,94.2,109.4,6.98,76.5,38.9,16.6
2026-04-15 07:58:30,85.87,102.0,123.3,5.7,76.5,36.6,16.6
2026-04-15 07:58:30,85.85,83.6,106.8,6.83,77.7,39.6,16.7
2026-04-15 07:58:30,85.88,87.6,103.7,7.27,77.1,44.6,16.7
2026-04-15 07:58:30,85.95,85.3,108.6,6.1,77.1,33.8,16.7
2026-04-15 07:58:31,85.91,120.2,133.8,5.95,76.5,46.3,16.7
2026-04-15 07:58:31,85.91,84.4,96.9,7.64,78.8,40.4,16.6
2026-04-15 07:58:31,85.84,94.7,109.0,6.97,76.5,41.4,16.6
2026-04-15 07:58:31,85.91,90.9,112.6,6.13,78.2,37.1,16.6
2026-04-15 07:58:31,85.88,95.1,119.9,5.79,78.2,34.8,16.6
2026-04-15 07:58:31,85.83,95.2,118.3,6.0,78.2,34.9,16.6
2026-04-15 07:58:31,85.94,88.8,111.8,6.32,77.1,36.9,16.6
2026-04-15 07:58:32,85.99,108.0,130.2,5.38,77.7,32.9,16.7
2026-04-15 07:58:32,86.1,88.9,112.2,6.76,77.7,36.8,16.7
2026-04-15 07:58:32,85.86,93.2,116.4,5.86,78.2,36.6,16.7
2026-04-15 07:58:32,85.9,117.1,136.2,5.25,77.7,43.6,16.7
2026-04-15 07:58:32,85.96,85.3,100.8,7.42,78.2,38.9,16.6
2026-04-15 07:58:32,85.88,95.2,109.0,6.99,76.5,41.4,16.6
2026-04-15 07:58:33,85.94,133.3,156.6,4.87,78.2,37.3,16.6
2026-04-15 07:58:33,85.85,97.1,120.2,6.12,77.7,35.9,16.6
2026-04-15 07:58:33,85.86,113.2,135.5,5.46,78.2,35.2,16.6
2026-04-15 07:58:33,85.84,85.0,104.2,7.24,78.8,35.8,16.6
2026-04-15 07:58:33,85.76,100.4,115.2,6.71,77.7,43.5,16.6
2026-04-15 07:58:33,85.8,92.8,115.3,6.31,78.2,33.9,16.6
2026-04-15 07:58:34,85.84,91.4,114.6,6.05,77.7,33.8,16.6
2026-04-15 07:58:34,85.72,94.8,115.9,5.88,77.7,36.8,16.6
2026-04-15 07:58:34,85.74,125.1,148.3,5.08,77.1,34.6,16.6
2026-04-15 07:58:34,86.05,112.4,134.2,5.34,77.7,41.1,16.6
2026-04-15 07:58:34,85.98,95.3,114.7,6.69,76.5,37.9,16.5
2026-04-15 07:58:34,86.09,88.1,112.8,6.19,77.7,37.5,16.5
2026-04-15 07:58:35,85.92,94.5,117.4,5.85,76.5,32.8,16.5
2026-04-15 07:58:35,85.87,102.8,125.7,5.72,78.8,38.6,16.6
2026-04-15 07:58:35,85.79,87.7,111.0,6.59,79.3,41.3,16.6
2026-04-15 07:58:35,85.88,88.4,111.8,5.98,78.2,32.3,16.5
2026-04-15 07:58:35,85.75,98.4,121.3,5.67,78.2,36.6,16.5
2026-04-15 07:58:35,85.84,96.6,119.7,6.07,78.2,31.1,16.5
2026-04-15 07:58:36,85.66,95.6,119.0,6.03,77.7,35.4,16.5
2026-04-15 07:58:36,85.59,99.1,121.3,5.84,78.2,36.8,16.5
2026-04-15 07:58:36,85.82,122.8,145.7,5.29,78.8,41.3,16.5
2026-04-15 07:58:36,85.96,102.5,125.7,5.57,77.7,36.0,16.5
2026-04-15 07:58:36,85.77,86.9,109.8,6.63,78.2,44.1,16.5
2026-04-15 07:58:36,85.74,85.8,97.7,7.56,78.2,45.5,16.5
2026-04-15 07:58:37,85.79,84.9,95.5,7.53,78.2,38.0,16.5
2026-04-15 07:58:37,85.8,83.8,97.5,7.59,77.1,38.0,16.5
2026-04-15 07:58:37,85.73,83.3,100.6,7.43,77.7,38.9,16.5
2026-04-15 07:58:37,85.78,107.6,124.6,6.3,78.2,47.7,16.6
2026-04-15 07:58:37,85.84,95.3,117.5,6.59,77.7,39.3,16.6
2026-04-15 07:58:37,85.95,83.7,106.8,6.46,77.1,32.2,16.6
2026-04-15 07:58:37,85.77,87.4,103.3,7.3,77.7,39.6,16.6
2026-04-15 07:58:38,85.73,105.7,124.6,5.41,78.2,34.7,16.6
2026-04-15 07:58:38,85.79,89.8,114.1,6.58,76.0,39.1,16.6
2026-04-15 07:58:38,85.8,104.6,127.9,5.55,77.1,34.3,16.6
2026-04-15 07:58:38,85.71,103.5,127.0,6.04,77.7,36.5,16.6
2026-04-15 07:58:38,85.74,86.9,110.0,6.68,77.7,34.5,16.6
2026-04-15 07:58:38,85.88,91.0,103.3,7.25,77.1,35.3,16.6
2026-04-15 07:58:39,85.89,83.1,106.3,6.31,77.7,43.1,16.5
2026-04-15 07:58:39,85.86,88.5,104.7,7.22,77.7,47.5,16.5
2026-04-15 07:58:39,85.94,104.5,127.5,5.48,77.7,31.9,16.5
2026-04-15 07:58:39,86.01,87.4,110.8,6.68,78.2,37.9,16.5
2026-04-15 07:58:39,85.89,88.0,111.0,5.99,77.7,36.4,16.5
2026-04-15 07:58:39,85.77,86.0,109.2,6.07,78.2,36.8,16.5
2026-04-15 07:58:40,85.85,85.0,96.3,7.54,78.2,40.4,16.5
2026-04-15 07:58:40,85.93,84.1,97.8,7.59,77.1,38.5,16.5
2026-04-15 07:58:40,85.71,86.6,102.2,7.34,77.7,41.2,16.5
2026-04-15 07:58:40,85.83,94.9,107.2,7.08,77.7,44.1,16.5
2026-04-15 07:58:40,85.87,105.1,127.1,5.65,77.7,35.7,16.5
2026-04-15 07:58:40,85.9,91.9,113.7,6.52,76.5,40.3,16.5
2026-04-15 07:58:40,85.9,85.4,109.0,6.23,77.1,35.4,16.5
2026-04-15 07:58:41,85.99,87.0,100.1,7.44,77.1,42.3,16.5
2026-04-15 07:58:41,85.82,88.0,98.9,7.45,76.0,50.0,16.5
2026-04-15 07:58:41,85.73,91.4,114.5,5.89,77.7,32.4,16.5
2026-04-15 07:58:41,85.72,95.8,119.4,5.81,77.1,41.2,16.5
2026-04-15 07:58:41,85.87,97.3,120.4,5.99,77.1,32.8,16.5
2026-04-15 07:58:41,85.81,87.9,110.6,6.27,76.5,41.5,16.6
2026-04-15 07:58:42,85.79,104.4,125.4,5.52,78.2,33.8,16.6
2026-04-15 07:58:42,85.82,116.6,138.3,5.6,78.2,41.4,16.6
2026-04-15 07:58:42,85.78,85.2,101.5,7.4,77.7,38.9,16.6
2026-04-15 07:58:42,85.75,98.2,111.6,6.81,77.7,42.4,16.7
2026-04-15 07:58:42,85.87,92.3,115.0,6.25,77.7,35.9,16.7
2026-04-15 07:58:42,85.84,108.0,131.1,5.48,78.2,37.8,16.7
2026-04-15 07:58:43,85.89,120.2,143.5,5.6,76.0,31.8,16.7
2026-04-15 07:58:43,85.77,89.2,101.2,7.38,76.5,43.6,16.8
2026-04-15 07:58:43,85.96,90.4,113.7,5.96,78.2,32.8,16.8
2026-04-15 07:58:43,85.84,93.2,114.4,5.89,78.8,37.9,16.8
2026-04-15 07:58:43,85.69,91.9,114.9,6.06,78.2,34.8,16.8
2026-04-15 07:58:43,85.79,108.1,130.6,5.47,78.2,33.3,16.8
2026-04-15 07:58:44,85.83,92.1,114.8,6.64,78.2,39.3,16.7
2026-04-15 07:58:44,85.82,88.0,111.2,6.15,77.7,33.8,16.7
2026-04-15 07:58:44,85.76,88.4,110.9,6.0,78.2,36.8,16.7
2026-04-15 07:58:44,85.78,115.6,143.1,5.04,78.2,37.7,16.6
2026-04-15 07:58:44,85.85,84.5,96.9,7.64,78.2,38.0,16.6
2026-04-15 07:58:44,85.73,113.4,128.7,6.15,78.2,42.2,16.6
2026-04-15 07:58:44,85.79,103.6,123.0,6.38,77.1,38.1,16.6
2026-04-15 07:58:45,85.66,85.8,106.9,6.72,77.7,36.2,16.6
2026-04-15 07:58:45,85.76,92.0,104.4,7.18,76.5,36.5,16.6
2026-04-15 07:58:45,85.6,86.7,110.1,6.19,77.7,37.9,16.6
2026-04-15 07:58:45,85.67,86.2,98.4,7.55,78.2,43.6,16.6
2026-04-15 07:58:45,85.93,93.9,106.4,7.09,78.2,41.1,16.6
2026-04-15 07:58:45,85.84,107.7,130.7,5.55,77.7,36.2,16.7
2026-04-15 07:58:46,85.87,86.3,109.5,6.88,78.8,35.1,16.7
2026-04-15 07:58:46,85.83,113.0,128.3,6.15,78.2,41.9,16.7
2026-04-15 07:58:46,85.77,85.6,103.4,7.27,78.2,37.7,16.6
2026-04-15 07:58:46,85.67,105.0,118.8,6.47,77.1,45.2,16.6
2026-04-15 07:58:46,85.8,136.0,158.5,5.12,77.7,40.5,16.6
2026-04-15 07:58:46,85.84,99.2,122.2,6.15,78.2,35.9,16.6
2026-04-15 07:58:47,85.91,91.2,114.5,6.3,78.2,38.1,16.5
2026-04-15 07:58:47,85.85,103.0,125.9,5.61,77.7,35.7,16.5
2026-04-15 07:58:47,85.92,96.2,119.8,6.24,77.7,37.5,16.5
2026-04-15 07:58:47,85.94,114.1,137.5,5.43,77.7,34.8,16.5
2026-04-15 07:58:47,85.79,90.4,108.7,7.01,77.1,34.5,16.5
2026-04-15 07:58:47,85.83,123.8,144.0,5.0,77.7,37.7,16.5
2026-04-15 07:58:48,85.82,95.8,117.6,5.8,78.2,35.7,16.6
2026-04-15 07:58:48,85.76,88.3,111.3,6.31,78.8,32.2,16.5
2026-04-15 07:58:48,86.08,86.6,109.6,6.07,76.5,30.6,16.5
2026-04-15 07:58:48,85.85,97.6,109.3,6.92,77.7,45.0,16.5
2026-04-15 07:58:48,85.99,86.8,109.8,6.42,76.5,36.1,16.6
2026-04-15 07:58:48,85.96,87.2,97.8,7.48,76.5,45.5,16.6
2026-04-15 07:58:48,85.88,95.3,107.1,7.09,77.1,40.7,16.5
2026-04-15 07:58:49,85.79,88.0,111.5,6.26,77.1,36.9,16.5
2026-04-15 07:58:49,85.81,99.1,123.2,5.58,77.7,36.1,16.6
2026-04-15 07:58:49,85.93,86.6,109.6,6.56,78.2,32.2,16.6
2026-04-15 07:58:49,85.97,91.1,104.4,7.23,77.7,40.4,16.6
2026-04-15 07:58:49,85.91,103.5,126.5,5.61,77.7,36.1,16.6
2026-04-15 07:58:49,85.88,84.0,107.1,6.8,77.1,32.7,16.6
2026-04-15 07:58:50,85.95,117.7,133.4,5.99,77.7,39.1,16.6
2026-04-15 07:58:50,85.99,103.8,111.3,6.55,76.5,46.7,16.7
2026-04-15 07:58:50,85.94,90.6,112.0,6.53,78.2,35.6,16.7
2026-04-15 07:58:50,85.96,111.1,132.7,5.34,77.7,37.3,16.7
2026-04-15 07:58:50,85.95,84.0,103.2,7.17,77.7,35.2,16.7
2026-04-15 07:58:50,86.0,94.5,110.1,6.95,77.7,38.6,16.7
2026-04-15 07:58:51,85.87,95.3,118.3,5.98,78.8,39.1,16.7
2026-04-15 07:58:51,86.1,87.0,110.0,6.32,78.2,35.5,16.7
2026-04-15 07:58:51,86.12,134.6,147.4,5.51,76.5,42.5,16.7
2026-04-15 07:58:51,86.1,106.9,129.0,5.79,78.2,40.6,16.7
2026-04-15 07:58:51,85.89,99.9,124.6,6.25,77.1,35.5,16.7
2026-04-15 07:58:51,86.14,98.4,121.5,6.11,77.7,35.9,16.7
2026-04-15 07:58:52,86.17,96.6,119.6,6.07,77.7,35.4,16.6
2026-04-15 07:58:52,86.11,125.8,146.8,5.1,77.1,40.8,16.6
2026-04-15 07:58:52,86.04,87.7,110.8,6.18,78.2,33.3,16.6
2026-04-15 07:58:52,86.21,97.1,119.8,5.68,78.2,34.3,16.6
2026-04-15 07:58:52,86.08,96.4,119.6,6.04,77.1,36.2,16.6
2026-04-15 07:58:52,86.14,90.6,113.7,6.22,77.7,36.4,16.6
2026-04-15 07:58:53,86.22,98.1,121.1,5.74,77.7,33.3,16.6
2026-04-15 07:58:53,86.17,93.9,116.9,6.16,78.2,36.9,16.6
2026-04-15 07:58:53,86.18,97.8,120.9,5.86,77.1,33.8,16.6
2026-04-15 07:58:53,86.08,89.5,116.4,6.16,78.2,34.9,16.6
2026-04-15 07:58:53,86.1,100.9,123.2,5.73,78.2,30.8,16.6
2026-04-15 07:58:53,86.08,108.2,131.4,5.77,78.2,40.0,16.6
2026-04-15 07:58:54,86.14,86.2,109.5,6.92,77.7,33.9,16.6
2026-04-15 07:58:54,86.15,93.3,106.0,7.11,77.7,43.1,16.6
2026-04-15 07:58:54,86.04,104.3,126.9,5.64,78.8,45.1,16.6
2026-04-15 07:58:54,86.07,86.1,109.2,6.74,77.7,35.1,16.5
2026-04-15 07:58:54,86.06,85.9,98.7,7.51,78.2,42.6,16.5
2026-04-15 07:58:54,86.04,84.1,97.1,7.6,77.7,40.4,16.5
2026-04-15 07:58:54,86.12,92.1,108.3,7.04,77.1,41.1,16.5
2026-04-15 07:58:55,86.21,93.0,115.2,6.0,78.2,34.4,16.5
2026-04-15 07:58:55,86.15,119.8,143.0,5.18,77.7,33.8,16.5
2026-04-15 07:58:55,86.06,88.2,99.0,7.4,77.7,40.7,16.5
2026-04-15 07:58:55,86.07,92.9,115.8,5.84,77.7,31.3,16.4
2026-04-15 07:58:55,86.02,103.3,126.4,5.65,78.8,34.3,16.4
2026-04-15 07:58:55,86.1,91.5,114.9,6.45,76.5,40.0,16.4
2026-04-15 07:58:56,86.02,105.7,128.8,5.53,77.7,32.9,16.4
2026-04-15 07:58:56,86.06,84.0,107.1,6.92,76.5,40.0,16.4
2026-04-15 07:58:56,86.04,100.7,119.2,6.5,77.1,46.0,16.4
2026-04-15 07:58:56,86.21,108.5,130.8,5.86,77.7,42.6,16.5
2026-04-15 07:58:56,86.08,105.1,127.1,6.13,77.1,39.3,16.5
2026-04-15 07:58:56,86.17,86.8,109.7,6.73,77.7,35.6,16.5
2026-04-15 07:58:57,86.02,102.6,114.6,6.72,77.1,43.5,16.4
2026-04-15 07:58:57,86.1,90.1,112.8,6.48,77.7,38.7,16.5
2026-04-15 07:58:57,86.13,91.8,114.9,5.95,78.8,35.3,16.4
2026-04-15 07:58:57,86.09,92.3,115.5,5.97,78.8,34.9,16.4
2026-04-15 07:58:57,85.98,93.0,112.6,5.98,77.7,33.8,16.4
2026-04-15 07:58:57,86.27,91.2,114.2,6.07,76.5,34.8,16.4
2026-04-15 07:58:58,86.15,101.9,124.6,5.63,77.1,35.2,16.4
2026-04-15 07:58:58,86.16,85.9,110.3,6.55,77.7,37.7,16.4
2026-04-15 07:58:58,86.22,98.8,121.7,5.65,78.8,32.4,16.4
2026-04-15 07:58:58,86.23,98.2,119.9,6.02,77.7,35.9,16.4
2026-04-15 07:58:58,86.25,86.9,110.0,6.44,77.7,36.7,16.4
2026-04-15 07:58:58,86.25,86.6,98.8,7.52,77.1,41.5,16.4
2026-04-15 07:58:58,86.21,117.2,129.6,6.11,78.2,44.4,16.4
2026-04-15 07:58:59,86.17,85.3,101.2,7.41,77.1,41.1,16.4
2026-04-15 07:58:59,86.27,105.1,118.9,6.53,77.1,39.3,16.4
2026-04-15 07:58:59,86.21,94.3,116.9,6.43,77.7,37.3,16.4
2026-04-15 07:58:59,86.21,103.8,126.9,5.67,77.7,34.8,16.4
2026-04-15 07:58:59,86.31,108.5,131.5,5.85,77.7,32.3,16.4
2026-04-15 07:58:59,86.22,104.0,125.6,6.16,78.2,35.9,16.4
2026-04-15 07:59:00,86.26,88.7,109.7,6.62,77.1,43.9,16.5
2026-04-15 07:59:00,86.3,91.0,114.4,5.91,77.1,35.3,16.5
2026-04-15 07:59:00,86.25,104.2,127.0,5.57,78.2,29.9,16.5
2026-04-15 07:59:00,86.22,117.7,141.1,5.54,77.1,39.4,16.5
2026-04-15 07:59:00,86.17,89.7,104.0,7.24,77.7,44.1,16.5
2026-04-15 07:59:00,86.23,85.7,109.0,6.15,78.2,31.1,16.5
2026-04-15 07:59:01,86.32,89.6,102.8,7.28,77.1,38.5,16.5
2026-04-15 07:59:01,86.18,96.7,118.7,5.74,78.2,34.8,16.4
2026-04-15 07:59:01,86.3,88.4,112.3,6.31,76.5,37.1,16.4
2026-04-15 07:59:01,86.23,106.9,130.1,5.41,76.5,44.2,16.4
2026-04-15 07:59:01,86.22,105.5,128.4,6.07,77.1,42.4,16.4
2026-04-15 07:59:01,86.17,112.2,135.1,5.76,77.7,62.3,16.4
2026-04-15 07:59:02,86.23,108.7,129.2,6.11,78.2,47.8,16.5
2026-04-15 07:59:02,86.17,87.1,110.1,6.95,79.3,37.9,16.5
2026-04-15 07:59:02,86.24,85.0,96.7,7.62,78.8,43.4,16.5
2026-04-15 07:59:02,86.22,101.7,116.1,6.66,79.3,45.2,16.5
2026-04-15 07:59:02,86.3,103.4,126.5,5.95,78.2,43.5,16.5
2026-04-15 07:59:02,86.19,87.7,110.9,6.62,77.1,39.1,16.5
2026-04-15 07:59:02,86.18,87.9,99.3,7.49,77.1,41.2,16.5
2026-04-15 07:59:03,86.23,97.3,108.3,6.99,78.2,45.8,16.5
2026-04-15 07:59:03,86.22,89.4,112.6,6.32,77.7,33.9,16.4
2026-04-15 07:59:03,86.2,111.5,134.6,5.3,76.5,40.5,16.4
2026-04-15 07:59:03,86.17,88.1,109.1,6.99,78.2,39.7,16.4
2026-04-15 07:59:03,86.15,89.0,100.0,7.44,78.2,46.3,16.4
2026-04-15 07:59:03,86.24,88.4,111.3,6.03,78.2,35.4,16.4
2026-04-15 07:59:04,86.31,101.4,124.6,5.57,77.1,31.4,16.4
2026-04-15 07:59:04,86.32,91.8,111.5,6.37,77.7,37.1,16.3
2026-04-15 07:59:04,86.36,93.0,115.6,5.96,79.3,31.3,16.3
2026-04-15 07:59:04,86.38,88.0,110.8,6.19,77.1,32.8,16.4
2026-04-15 07:59:04,86.37,101.8,126.2,5.48,78.2,35.2,16.4
2026-04-15 07:59:04,86.3,91.2,114.2,6.5,77.7,37.1,16.4
2026-04-15 07:59:05,86.4,97.4,120.6,5.78,77.7,35.3,16.4
2026-04-15 07:59:05,86.27,91.5,114.5,6.23,77.1,38.8,16.4
2026-04-15 07:59:05,86.37,91.6,110.3,6.0,76.5,31.2,16.4
2026-04-15 07:59:05,86.26,125.9,148.6,4.97,77.7,40.0,16.4
2026-04-15 07:59:05,86.18,132.3,154.9,4.85,77.7,35.4,16.4
2026-04-15 07:59:05,86.21,88.6,111.7,6.4,78.2,37.5,16.5
2026-04-15 07:59:06,86.2,89.3,111.6,5.97,77.1,29.7,16.4
2026-04-15 07:59:06,86.22,110.6,131.9,5.32,78.2,32.9,16.5
2026-04-15 07:59:06,86.28,112.9,134.7,5.93,77.1,41.5,16.5
2026-04-15 07:59:06,86.13,104.5,124.4,6.32,78.2,43.7,16.5
2026-04-15 07:59:06,86.31,96.9,119.8,6.29,76.5,38.1,16.6
2026-04-15 07:59:06,86.29,84.8,107.0,6.47,77.1,36.5,16.6
2026-04-15 07:59:07,86.07,88.5,102.5,7.3,78.8,44.4,16.6
2026-04-15 07:59:07,86.29,92.0,115.2,5.88,78.8,35.3,16.6
2026-04-15 07:59:07,86.22,86.3,109.4,6.22,78.2,34.9,16.5
2026-04-15 07:59:07,86.27,86.8,99.2,7.46,78.8,45.5,16.5
2026-04-15 07:59:07,86.17,105.1,117.2,6.6,78.2,43.1,16.5
2026-04-15 07:59:07,86.19,104.0,127.3,6.04,78.2,37.5,16.5
2026-04-15 07:59:08,86.26,139.9,158.0,4.95,77.7,36.8,16.5
2026-04-15 07:59:08,86.15,98.8,121.8,6.3,77.7,37.5,16.5
2026-04-15 07:59:08,86.11,88.0,111.2,6.41,77.7,39.7,16.5
2026-04-15 07:59:08,86.13,89.7,110.5,5.94,78.2,40.3,16.5
2026-04-15 07:59:08,86.18,88.5,112.0,6.03,78.2,31.2,16.5
2026-04-15 07:59:08,86.12,112.8,135.7,5.25,78.2,37.3,16.5
2026-04-15 07:59:09,86.18,90.1,110.3,6.94,77.7,41.7,16.4
2026-04-15 07:59:09,86.1,94.7,117.9,5.84,77.7,31.8,16.4
2026-04-15 07:59:09,86.07,104.4,127.4,5.68,78.2,45.2,16.4
2026-04-15 07:59:09,86.19,87.4,110.2,6.68,78.2,36.7,16.4
2026-04-15 07:59:09,86.03,87.0,98.7,7.54,77.7,40.0,16.4
2026-04-15 07:59:09,86.13,86.8,99.0,7.5,78.2,39.2,16.4
2026-04-15 07:59:09,86.13,85.7,97.9,7.57,78.2,40.4,16.4
2026-04-15 07:59:10,85.87,103.4,117.2,6.61,76.5,43.1,16.4
2026-04-15 07:59:10,85.95,90.4,113.6,6.43,76.5,37.5,16.4
2026-04-15 07:59:10,85.92,96.4,120.4,5.81,77.7,32.8,16.4
2026-04-15 07:59:10,86.05,91.8,114.8,6.24,78.8,36.5,16.5
2026-04-15 07:59:10,85.82,102.0,124.9,5.65,78.8,32.4,16.5
2026-04-15 07:59:10,85.87,105.4,128.3,5.89,77.7,34.8,16.5
2026-04-15 07:59:11,85.95,114.2,137.5,5.69,77.7,42.3,16.5
2026-04-15 07:59:11,85.88,84.8,103.6,7.28,77.7,35.8,16.6
2026-04-15 07:59:11,85.9,97.9,112.1,6.82,77.7,40.4,16.6
2026-04-15 07:59:11,85.92,93.1,114.3,6.13,78.2,46.2,16.6
2026-04-15 07:59:11,85.98,118.8,141.8,5.26,77.7,41.6,16.6
2026-04-15 07:59:11,85.79,87.1,100.1,7.39,78.8,45.5,16.6
2026-04-15 07:59:12,85.94,104.2,116.9,6.58,79.3,43.5,16.6
2026-04-15 07:59:12,85.92,92.0,115.1,6.56,78.8,40.0,16.6
2026-04-15 07:59:12,85.84,104.2,127.3,5.6,76.5,33.8,16.6
2026-04-15 07:59:12,85.93,92.4,114.3,6.46,78.2,36.7,16.6
2026-04-15 07:59:12,85.86,98.4,121.3,5.79,78.8,35.7,16.7
2026-04-15 07:59:12,86.0,102.0,125.1,5.88,78.8,37.3,16.7
2026-04-15 07:59:12,85.99,89.6,112.7,6.49,77.7,31.0,16.6
2026-04-15 07:59:13,85.92,111.5,133.4,5.3,76.5,38.2,16.6
2026-04-15 07:59:13,85.85,85.8,106.8,7.12,77.7,35.7,16.6
2026-04-15 07:59:13,85.83,112.9,126.8,6.23,78.8,40.3,16.6
2026-04-15 07:59:13,85.76,90.2,110.1,6.95,77.7,41.7,16.6
2026-04-15 07:59:13,85.73,104.7,126.8,5.52,78.8,37.1,16.6
2026-04-15 07:59:13,85.92,90.5,112.8,6.57,78.2,36.7,16.7
2026-04-15 07:59:14,85.71,103.1,123.9,5.58,78.2,33.8,16.7
2026-04-15 07:59:14,85.78,86.3,106.4,6.67,78.2,40.0,16.7
2026-04-15 07:59:14,85.83,83.3,96.0,7.69,78.2,37.3,16.7
2026-04-15 07:59:14,85.83,101.4,117.4,6.61,78.8,44.4,16.7
2026-04-15 07:59:14,85.95,109.6,132.5,5.72,78.2,39.1,16.7
2026-04-15 07:59:14,85.74,84.5,107.4,7.06,78.2,40.0,16.7
2026-04-15 07:59:15,85.75,88.8,103.9,7.26,78.2,42.9,16.6
2026-04-15 07:59:15,85.7,91.0,114.5,5.92,78.8,38.0,16.6
2026-04-15 07:59:15,85.57,87.2,110.1,6.16,78.8,32.8,16.6
2026-04-15 07:59:15,85.69,86.9,99.3,7.51,77.7,44.4,16.6
2026-04-15 07:59:15,85.65,86.2,97.2,7.55,76.5,42.6,16.6
2026-04-15 07:59:15,85.63,99.1,112.2,6.84,77.7,38.2,16.6
2026-04-15 07:59:15,85.73,92.2,115.0,6.27,78.2,34.4,16.6
2026-04-15 07:59:16,85.69,102.1,124.9,5.63,78.2,38.0,16.6
2026-04-15 07:59:16,85.76,99.3,122.8,6.07,78.2,38.5,16.6
2026-04-15 07:59:16,85.67,97.2,120.5,6.14,77.7,40.3,16.6
2026-04-15 07:59:16,85.5,110.9,133.9,5.56,77.1,37.5,16.6
2026-04-15 07:59:16,85.57,86.3,108.9,7.02,77.7,35.8,16.6
2026-04-15 07:59:16,85.68,95.9,107.2,7.01,78.2,44.8,16.5
2026-04-15 07:59:17,85.7,100.0,122.9,5.86,78.2,34.8,16.5
2026-04-15 07:59:17,85.72,90.2,113.4,6.38,76.5,34.9,16.5
2026-04-15 07:59:17,85.64,116.3,138.8,5.19,76.0,33.8,16.5
2026-04-15 07:59:17,85.66,90.4,107.2,7.08,78.2,35.8,16.6
2026-04-15 07:59:17,85.58,84.7,107.6,6.24,78.2,33.9,16.6
2026-04-15 07:59:17,85.59,99.8,114.2,6.75,77.7,39.7,16.6
2026-04-15 07:59:18,85.73,87.0,110.1,6.5,78.8,36.1,16.6
2026-04-15 07:59:18,85.62,96.9,111.0,6.89,77.1,37.5,16.6
2026-04-15 07:59:18,85.85,87.4,109.5,6.44,77.7,40.6,16.6
2026-04-15 07:59:18,85.77,94.4,106.8,7.1,78.2,45.6,16.6
2026-04-15 07:59:18,85.67,88.8,111.7,6.24,78.2,42.4,16.6
2026-04-15 07:59:18,85.76,124.0,147.2,4.95,78.2,34.6,16.7
2026-04-15 07:59:18,85.71,83.6,105.3,6.27,78.2,29.5,16.7
2026-04-15 07:59:19,85.65,86.2,100.8,7.36,78.2,42.9,16.7
2026-04-15 07:59:19,85.69,86.4,98.8,7.5,77.7,47.3,16.6
2026-04-15 07:59:19,85.53,83.4,96.3,7.68,78.2,38.5,16.6
2026-04-15 07:59:19,85.62,96.7,113.2,6.8,78.2,42.4,16.6
2026-04-15 07:59:19,85.71,89.9,113.0,6.27,78.8,33.3,16.7
2026-04-15 07:59:19,85.75,107.0,130.0,5.45,78.2,41.3,16.7
2026-04-15 07:59:20,85.79,101.8,124.2,6.19,78.2,38.1,16.6
2026-04-15 07:59:20,85.61,97.7,120.9,6.15,77.7,36.9,16.6
2026-04-15 07:59:20,85.72,90.1,113.4,6.29,78.8,34.4,16.6
2026-04-15 07:59:20,85.69,86.6,109.8,6.13,77.1,33.3,16.6
2026-04-15 07:59:20,85.67,100.4,115.4,6.65,77.1,43.5,16.6
2026-04-15 07:59:20,85.71,85.4,108.6,6.74,76.5,34.5,16.6
2026-04-15 07:59:20,85.75,106.2,120.0,6.5,78.8,43.7,16.6
2026-04-15 07:59:21,85.66,100.3,123.1,6.22,78.2,38.1,16.6
2026-04-15 07:59:21,85.59,86.2,109.2,6.56,78.2,37.7,16.6
2026-04-15 07:59:21,85.63,103.2,119.2,6.54,78.2,42.6,16.6
2026-04-15 07:59:21,85.7,113.6,136.9,5.73,77.7,39.7,16.6
2026-04-15 07:59:21,85.57,86.6,105.9,7.17,78.8,38.2,16.6
2026-04-15 07:59:21,85.5,88.6,101.1,7.4,78.2,46.4,16.6
2026-04-15 07:59:22,85.45,94.2,106.9,7.09,78.2,42.9,16.6
2026-04-15 07:59:22,85.41,113.4,136.3,5.45,78.8,41.9,16.5
2026-04-15 07:59:22,85.46,84.9,104.1,7.23,78.8,37.0,16.6
2026-04-15 07:59:22,85.43,90.1,105.0,7.2,78.2,43.6,16.6
2026-04-15 07:59:22,85.49,86.7,110.4,6.12,78.8,35.4,16.6
2026-04-15 07:59:22,85.66,85.1,96.9,7.52,77.7,44.4,16.7
2026-04-15 07:59:22,85.75,105.9,118.0,6.57,78.8,42.4,16.6
2026-04-15 07:59:23,85.54,96.9,120.4,6.33,78.2,34.4,16.6
2026-04-15 07:59:23,85.64,91.3,113.9,6.21,77.7,34.4,16.6
2026-04-15 07:59:23,85.63,121.5,144.5,5.09,77.1,39.0,16.6
2026-04-15 07:59:23,85.4,93.4,116.4,5.82,77.1,33.3,16.6
2026-04-15 07:59:23,85.43,95.2,118.3,5.94,77.7,39.1,16.6
2026-04-15 07:59:23,85.49,97.5,120.4,5.92,77.1,34.4,16.6
2026-04-15 07:59:24,85.54,99.2,122.0,5.95,78.8,36.8,16.6
2026-04-15 07:59:24,85.63,107.4,130.4,5.71,78.2,40.3,16.6
2026-04-15 07:59:24,85.6,100.9,124.0,6.25,78.8,33.3,16.6
2026-04-15 07:59:24,85.5,85.0,108.0,6.62,79.3,35.0,16.6
2026-04-15 07:59:24,85.59,105.7,119.9,6.51,77.7,41.4,16.6
2026-04-15 07:59:24,85.51,88.0,111.4,6.7,77.1,40.0,16.6
2026-04-15 07:59:25,85.63,84.7,107.7,6.14,76.5,29.5,16.6
2026-04-15 07:59:25,85.5,99.2,113.9,6.76,77.1,41.0,16.6
2026-04-15 07:59:25,85.45,105.1,127.5,5.8,78.8,32.8,16.5
2026-04-15 07:59:25,85.42,115.9,136.7,5.64,78.8,40.6,16.6
2026-04-15 07:59:25,85.52,85.9,102.5,7.33,77.7,35.3,16.5
2026-04-15 07:59:25,85.5,111.6,124.5,6.27,77.7,42.9,16.6
2026-04-15 07:59:26,85.69,88.1,108.7,7.01,78.2,37.5,16.6
2026-04-15 07:59:26,85.45,90.0,113.2,5.94,77.7,32.3,16.5
2026-04-15 07:59:26,85.49,89.9,113.3,5.99,77.1,33.3,16.5
2026-04-15 07:59:26,85.43,94.5,117.9,5.85,79.3,36.4,16.5
2026-04-15 07:59:26,85.57,86.8,109.8,6.31,77.7,34.4,16.6
2026-04-15 07:59:26,85.73,92.7,101.8,7.17,77.7,48.1,16.5
2026-04-15 07:59:27,85.41,119.7,142.7,5.17,76.5,36.5,16.5
2026-04-15 07:59:27,85.36,83.2,95.5,7.71,78.2,39.2,16.5
2026-04-15 07:59:27,85.53,89.3,105.2,7.17,77.1,37.0,16.6
2026-04-15 07:59:27,85.35,90.5,113.5,5.96,78.8,36.4,16.6
2026-04-15 07:59:27,85.47,83.8,107.0,6.26,78.2,31.7,16.6
2026-04-15 07:59:27,85.57,88.5,102.5,7.25,78.2,41.5,16.6
2026-04-15 07:59:27,85.43,95.5,118.1,5.76,78.2,38.9,16.6
2026-04-15 07:59:28,85.6,85.8,108.9,6.37,77.7,33.9,16.6
2026-04-15 07:59:28,85.63,87.9,101.3,7.36,76.5,42.9,16.7
2026-04-15 07:59:28,85.49,87.3,97.8,7.57,78.8,45.3,16.7
2026-04-15 07:59:28,85.48,88.5,98.6,7.43,77.1,36.5,16.7
2026-04-15 07:59:28,85.53,90.7,114.4,5.88,77.1,33.8,16.7
2026-04-15 07:59:28,85.59,94.1,117.2,5.93,78.2,38.2,16.7
2026-04-15 07:59:29,85.52,106.3,132.1,5.46,78.2,43.4,16.6
2026-04-15 07:59:29,85.56,85.4,107.3,7.09,77.1,38.6,16.6
2026-04-15 07:59:29,85.54,113.0,127.5,6.18,78.2,40.0,16.6
2026-04-15 07:59:29,85.57,83.9,103.3,7.3,77.7,38.9,16.6
2026-04-15 07:59:29,85.53,106.6,122.2,6.42,79.3,40.0,16.6
2026-04-15 07:59:29,85.67,93.5,114.8,6.52,78.8,41.5,16.6
2026-04-15 07:59:29,85.64,89.2,112.2,6.16,78.8,38.5,16.6
2026-04-15 07:59:30,85.7,121.7,146.7,4.98,77.7,36.8,16.6
2026-04-15 07:59:30,85.89,89.8,112.8,6.02,78.2,35.8,16.6
2026-04-15 07:59:30,85.7,96.9,119.9,5.76,77.7,34.8,16.6
2026-04-15 07:59:30,85.67,89.2,112.4,6.29,78.8,37.5,16.6
2026-04-15 07:59:30,85.68,92.2,114.6,5.89,78.8,34.3,16.5
2026-04-15 07:59:30,85.52,95.5,118.3,5.89,77.7,34.8,16.6
2026-04-15 07:59:31,85.67,98.3,121.4,5.9,78.2,32.3,16.6
2026-04-15 07:59:31,85.45,92.8,114.1,6.21,78.8,41.5,16.6
2026-04-15 07:59:31,85.45,99.9,122.9,5.76,78.2,34.3,16.6
2026-04-15 07:59:31,85.5,113.0,135.9,5.57,77.7,37.5,16.7
2026-04-15 07:59:31,85.46,105.8,125.3,6.27,77.7,41.5,16.7
2026-04-15 07:59:31,85.58,86.9,110.0,6.77,78.8,35.6,16.6
2026-04-15 07:59:32,85.53,117.6,129.8,6.09,77.7,45.5,16.6
2026-04-15 07:59:32,85.68,95.6,110.3,6.93,78.2,38.6,16.6
2026-04-15 07:59:32,85.7,86.3,109.7,6.35,77.7,33.3,16.6
2026-04-15 07:59:32,85.57,98.1,107.4,6.9,78.8,45.3,16.6
2026-04-15 07:59:32,85.48,87.8,110.6,6.4,78.8,38.5,16.6
2026-04-15 07:59:32,85.55,106.5,128.2,5.39,78.2,38.2,16.6
2026-04-15 07:59:33,85.62,100.1,123.8,6.21,78.2,37.5,16.6
2026-04-15 07:59:33,85.7,83.6,106.8,6.69,78.2,35.0,16.6
2026-04-15 07:59:33,85.67,84.4,100.1,7.47,77.1,37.3,16.6
2026-04-15 07:59:33,85.69,98.4,113.0,6.78,78.8,44.1,16.6
2026-04-15 07:59:33,85.62,95.3,118.4,6.12,78.8,34.4,16.6
2026-04-15 07:59:33,85.51,93.9,116.5,6.05,78.8,35.9,16.5
2026-04-15 07:59:33,85.63,91.7,114.4,6.09,77.1,34.4,16.5
2026-04-15 07:59:34,85.77,88.1,109.0,6.13,78.8,35.4,16.5
2026-04-15 07:59:34,85.63,93.6,116.7,5.76,78.2,29.7,16.5
2026-04-15 07:59:34,85.78,98.7,121.6,5.88,77.7,36.9,16.5
2026-04-15 07:59:34,85.51,94.3,117.5,6.16,78.2,40.0,16.5
2026-04-15 07:59:34,85.53,119.6,142.5,5.21,78.2,36.8,16.5
2026-04-15 07:59:35,85.47,90.7,113.7,5.85,76.5,31.3,16.5
2026-04-15 07:59:35,85.41,87.3,113.5,6.01,77.7,36.4,16.5
2026-04-15 07:59:35,85.57,87.3,110.4,6.12,78.8,38.2,16.5
2026-04-15 07:59:35,85.56,84.2,96.4,7.67,78.2,40.4,16.5
2026-04-15 07:59:35,85.67,96.3,111.6,6.88,78.8,42.1,16.6
2026-04-15 07:59:35,85.52,85.0,108.6,6.38,77.7,36.1,16.6
2026-04-15 07:59:35,85.55,84.0,96.4,7.66,77.7,41.5,16.5
2026-04-15 07:59:36,85.65,88.8,104.1,7.25,78.2,40.7,16.5
2026-04-15 07:59:36,85.55,97.8,120.9,5.69,78.2,32.9,16.6
2026-04-15 07:59:36,85.52,88.0,110.9,6.38,78.8,37.1,16.6
2026-04-15 07:59:36,85.46,99.0,121.7,5.63,78.2,36.6,16.6
2026-04-15 07:59:36,85.54,95.0,114.6,6.15,77.7,35.5,16.6
2026-04-15 07:59:36,85.38,123.0,146.2,5.14,78.8,37.0,16.6
2026-04-15 07:59:37,85.49,93.3,116.4,5.87,78.8,34.3,16.5
2026-04-15 07:59:37,85.63,101.1,124.5,5.74,77.1,35.3,16.5
2026-04-15 07:59:37,85.5,85.8,107.7,6.62,78.2,35.1,16.5
2026-04-15 07:59:37,85.47,86.5,99.6,7.46,78.8,45.5,16.5
2026-04-15 07:59:37,85.43,93.0,104.6,7.16,78.8,44.6,16.5
2026-04-15 07:59:37,85.72,94.4,117.6,5.95,78.8,32.8,16.5
2026-04-15 07:59:38,85.53,90.4,113.3,6.15,77.7,31.1,16.5
2026-04-15 07:59:38,85.9,92.8,115.7,5.92,78.2,35.8,16.5
2026-04-15 07:59:38,85.62,86.2,109.9,6.22,76.5,35.9,16.5
2026-04-15 07:59:38,85.67,85.8,99.7,7.46,78.2,40.4,16.5
2026-04-15 07:59:38,85.71,93.2,116.2,5.81,77.1,38.9,16.5
2026-04-15 07:59:38,85.74,88.1,111.4,6.19,77.7,37.7,16.5
2026-04-15 07:59:38,85.78,94.5,117.6,5.78,78.2,37.7,16.4
2026-04-15 07:59:39,85.61,117.9,141.0,5.27,78.2,37.8,16.5
2026-04-15 07:59:39,85.67,86.2,100.4,7.42,78.2,42.9,16.5
2026-04-15 07:59:39,85.49,87.2,101.5,7.39,78.2,46.6,16.4
2026-04-15 07:59:39,85.6,88.1,111.1,6.0,78.2,31.7,16.4
2026-04-15 07:59:39,85.74,93.8,117.0,5.8,77.1,37.5,16.5
2026-04-15 07:59:39,85.62,87.3,109.4,6.24,78.2,35.9,16.4
2026-04-15 07:59:40,85.52,95.4,119.1,5.71,78.2,31.3,16.4
2026-04-15 07:59:40,85.63,109.7,134.2,5.5,79.8,37.5,16.4
2026-04-15 07:59:40,85.78,86.9,108.4,7.03,78.2,37.5,16.5
2026-04-15 07:59:40,85.45,97.9,110.0,6.93,78.8,41.7,16.5
2026-04-15 07:59:40,85.67,89.1,112.3,6.33,79.3,32.8,16.5
2026-04-15 07:59:40,85.53,96.8,119.2,5.74,78.8,36.6,16.4
2026-04-15 07:59:41,85.61,92.1,115.5,6.16,77.7,35.8,16.5
2026-04-15 07:59:41,85.5,89.2,112.0,6.12,76.5,31.1,16.5
2026-04-15 07:59:41,85.57,96.2,119.2,5.76,77.1,39.4,16.5
2026-04-15 07:59:41,85.68,105.3,128.2,5.68,78.8,44.6,16.6
2026-04-15 07:59:41,85.64,89.5,112.6,6.64,78.2,38.3,16.6
2026-04-15 07:59:41,85.68,93.5,120.3,5.73,78.2,38.9,16.6
2026-04-15 07:59:42,85.55,86.0,102.9,6.44,76.5,43.1,16.6
2026-04-15 07:59:42,85.56,85.8,99.3,7.5,78.2,44.4,16.6
2026-04-15 07:59:42,85.56,98.5,111.5,6.85,77.7,44.8,16.6
2026-04-15 07:59:42,85.52,98.1,121.2,6.03,78.2,34.9,16.6
2026-04-15 07:59:42,85.68,83.7,106.7,6.56,78.8,38.1,16.7
2026-04-15 07:59:42,85.55,101.1,116.3,6.59,78.2,38.6,16.7
2026-04-15 07:59:42,85.67,92.9,125.2,6.0,78.2,43.1,16.6
2026-04-15 07:59:43,85.66,83.7,106.5,6.77,77.7,35.6,16.6
2026-04-15 07:59:43,85.55,86.1,102.1,7.35,78.2,40.4,16.6
2026-04-15 07:59:43,85.51,86.1,98.3,7.51,77.1,45.5,16.6
2026-04-15 07:59:43,85.53,92.0,105.1,7.17,78.2,40.0,16.6
2026-04-15 07:59:43,85.66,87.6,110.9,6.18,77.7,38.8,16.7
2026-04-15 07:59:43,85.44,103.8,126.8,5.47,77.1,34.8,16.7
2026-04-15 07:59:44,85.42,89.9,113.1,6.55,78.8,39.1,16.6
2026-04-15 07:59:44,85.59,85.9,109.1,6.15,78.2,33.3,16.6
2026-04-15 07:59:44,85.56,86.7,99.9,7.45,78.2,45.6,16.6
2026-04-15 07:59:44,85.54,85.9,97.8,7.56,79.3,41.2,16.6
2026-04-15 07:59:44,85.49,86.6,101.7,7.37,78.8,39.2,16.6
2026-04-15 07:59:44,85.56,89.4,112.3,5.96,78.2,33.3,16.6
2026-04-15 07:59:44,85.54,95.1,120.0,5.74,78.8,34.8,16.5
2026-04-15 07:59:45,85.46,107.1,130.0,5.66,78.8,41.7,16.5
2026-04-15 07:59:45,85.62,102.3,125.5,6.18,77.1,32.8,16.6
2026-04-15 07:59:45,85.63,92.1,114.9,6.4,78.8,39.4,16.6
2026-04-15 07:59:45,85.62,107.2,130.1,5.5,78.8,31.9,16.5
2026-04-15 07:59:45,85.58,105.5,128.6,6.06,78.8,39.4,16.6
2026-04-15 07:59:45,85.6,91.1,114.2,6.57,78.2,34.5,16.6
2026-04-15 07:59:46,85.49,113.9,136.9,5.29,78.2,38.7,16.6
2026-04-15 07:59:46,85.7,85.3,104.4,7.23,77.1,36.4,16.7
2026-04-15 07:59:46,85.52,108.3,122.8,6.38,77.7,45.0,16.7
2026-04-15 07:59:46,85.65,87.3,110.0,6.89,78.8,38.6,16.7
2026-04-15 07:59:46,85.53,84.1,96.1,7.7,78.2,38.0,16.7
2026-04-15 07:59:46,85.5,101.3,116.6,6.63,77.1,41.7,16.8
2026-04-15 07:59:47,85.7,91.8,114.6,6.37,78.2,35.5,16.7
2026-04-15 07:59:47,85.58,99.7,122.0,5.73,78.2,33.3,16.7
2026-04-15 07:59:47,85.66,85.7,108.8,6.56,78.8,42.4,16.7
2026-04-15 07:59:47,85.67,109.9,120.3,6.34,77.1,51.6,16.7
2026-04-15 07:59:47,85.45,93.8,115.8,6.66,78.2,40.3,16.7
2026-04-15 07:59:47,85.56,90.4,113.6,6.13,77.7,32.8,16.7
2026-04-15 07:59:47,85.61,95.1,118.3,5.83,77.1,33.3,16.6
2026-04-15 07:59:48,85.31,120.0,142.1,5.22,78.2,40.7,16.6
2026-04-15 07:59:48,85.34,84.7,97.0,7.63,78.2,37.3,16.6
2026-04-15 07:59:48,85.51,102.4,117.1,6.62,79.3,36.8,16.7
2026-04-15 07:59:48,85.5,86.1,106.7,6.65,77.7,37.3,16.7
2026-04-15 07:59:48,85.57,89.9,102.8,7.31,78.2,37.0,16.7
2026-04-15 07:59:48,85.56,86.9,110.3,6.1,78.2,31.7,16.7
2026-04-15 07:59:49,85.57,86.0,97.5,7.55,77.1,43.4,16.6
2026-04-15 07:59:49,85.72,86.9,99.5,7.47,79.3,43.6,16.6
2026-04-15 07:59:49,85.67,103.1,115.0,6.69,77.7,46.6,16.6
2026-04-15 07:59:49,85.6,109.0,131.0,5.78,77.7,39.7,16.6
2026-04-15 07:59:49,85.69,84.7,106.7,7.04,78.2,36.4,16.6
2026-04-15 07:59:49,85.75,85.7,99.6,7.46,78.8,43.6,16.6
2026-04-15 07:59:49,85.72,106.2,119.5,6.51,78.8,42.6,16.6
2026-04-15 07:59:50,85.94,92.0,115.7,6.54,78.8,37.3,16.6
2026-04-15 07:59:50,85.71,86.6,109.5,6.22,79.3,35.4,16.6
2026-04-15 07:59:50,85.69,90.3,102.7,7.32,78.8,42.9,16.6
2026-04-15 07:59:50,85.64,96.1,119.6,5.79,78.2,35.8,16.6
2026-04-15 07:59:50,85.72,93.0,115.7,6.13,77.7,37.3,16.6
2026-04-15 07:59:50,85.84,93.1,116.5,5.99,77.1,37.7,16.6
2026-04-15 07:59:51,85.88,104.2,126.1,5.63,78.2,34.3,16.6
2026-04-15 07:59:51,85.77,90.2,113.4,6.56,78.8,35.5,16.6
2026-04-15 07:59:51,85.78,94.7,117.5,5.85,78.8,38.6,16.5
2026-04-15 07:59:51,85.9,93.0,115.1,6.06,78.8,41.8,16.5
2026-04-15 07:59:51,85.74,107.1,128.3,5.54,78.2,36.2,16.5
2026-04-15 07:59:51,85.68,115.0,134.1,5.71,77.7,36.8,16.5
2026-04-15 07:59:52,85.75,93.9,110.9,6.89,77.7,39.3,16.5
2026-04-15 07:59:52,85.68,92.4,115.7,6.06,78.2,34.8,16.5
2026-04-15 07:59:52,85.75,111.1,134.4,5.4,79.3,37.3,16.5
2026-04-15 07:59:52,85.76,101.6,122.7,6.35,77.7,45.3,16.5
2026-04-15 07:59:52,85.9,91.1,114.1,6.42,78.8,38.1,16.6
2026-04-15 07:59:52,85.87,109.8,133.1,5.4,79.3,31.4,16.6
2026-04-15 07:59:53,86.01,94.5,112.8,6.61,78.2,42.6,16.6
2026-04-15 07:59:53,85.88,85.4,108.8,6.35,78.8,32.8,16.6
2026-04-15 07:59:53,85.94,90.5,104.0,7.24,78.2,41.8,16.7
2026-04-15 07:59:53,86.03,86.2,109.8,6.14,78.8,38.2,16.7
2026-04-15 07:59:53,85.94,90.6,102.9,7.3,78.2,39.6,16.7
2026-04-15 07:59:53,85.97,97.3,119.6,5.77,78.2,32.3,16.7
2026-04-15 07:59:53,86.16,88.9,112.9,6.24,78.2,46.3,16.7
2026-04-15 07:59:54,86.1,88.2,111.2,6.11,78.8,35.9,16.6
2026-04-15 07:59:54,86.03,83.5,106.2,6.18,78.8,30.6,16.6
2026-04-15 07:59:54,86.11,97.0,112.7,6.81,77.7,39.7,16.6
2026-04-15 07:59:54,85.94,86.6,109.5,6.41,78.8,37.1,16.6
2026-04-15 07:59:54,86.15,105.7,120.4,6.48,77.7,41.7,16.6
2026-04-15 07:59:54,86.08,86.0,108.7,6.9,77.7,36.2,16.7
2026-04-15 07:59:55,86.09,118.7,129.6,6.02,78.8,39.1,16.6
2026-04-15 07:59:55,86.08,86.2,100.7,7.44,78.2,37.7,16.6
2026-04-15 07:59:55,86.04,95.3,107.6,7.05,78.8,42.9,16.5
2026-04-15 07:59:55,86.01,86.6,109.5,6.33,78.2,37.5,16.5
2026-04-15 07:59:55,86.03,90.0,102.7,7.31,78.2,40.4,16.6
2026-04-15 07:59:55,85.98,101.8,124.8,5.61,78.2,34.3,16.6
2026-04-15 07:59:55,86.18,95.5,118.0,6.23,78.2,36.5,16.6
2026-04-15 07:59:56,86.1,89.3,112.3,6.23,78.2,41.9,16.6
2026-04-15 07:59:56,86.16,96.3,119.2,5.72,78.2,34.3,16.6
2026-04-15 07:59:56,86.21,117.3,140.3,5.36,78.8,42.7,16.6
2026-04-15 07:59:56,85.96,92.3,106.7,7.06,78.8,37.5,16.6
2026-04-15 07:59:56,86.1,110.7,134.1,5.4,79.3,35.1,16.7
2026-04-15 07:59:56,86.08,91.7,113.6,6.78,77.7,36.8,16.7
2026-04-15 07:59:57,86.14,100.5,123.0,5.7,78.2,41.1,16.7
2026-04-15 07:59:57,86.14,89.4,112.5,6.44,78.2,34.9,16.7
2026-04-15 07:59:57,86.14,107.4,130.9,5.41,78.2,36.0,16.7
2026-04-15 07:59:57,86.14,107.3,130.6,6.01,77.7,40.0,16.7
2026-04-15 07:59:57,86.15,97.0,120.3,6.4,77.1,38.3,16.7
2026-04-15 07:59:57,86.21,93.2,116.0,6.15,78.8,38.8,16.7
2026-04-15 07:59:58,86.22,95.5,118.6,5.92,78.8,31.3,16.7
2026-04-15 07:59:58,86.26,114.6,137.5,5.38,77.7,38.9,16.6
2026-04-15 07:59:58,86.1,111.1,128.9,6.14,79.3,32.3,16.6
2026-04-15 07:59:58,86.27,103.7,125.4,6.28,78.8,41.5,16.7
2026-04-15 07:59:58,86.27,86.5,109.5,6.64,78.8,35.0,16.7
2026-04-15 07:59:58,86.25,111.7,134.9,5.25,78.2,39.5,16.7
2026-04-15 07:59:59,86.15,95.3,116.2,6.67,78.8,35.1,16.7
2026-04-15 07:59:59,86.21,86.7,110.3,6.32,77.7,35.5,16.7
2026-04-15 07:59:59,86.16,87.4,99.4,7.49,78.2,41.5,16.7
2026-04-15 07:59:59,86.09,96.9,108.7,7.0,78.8,42.1,16.7
2026-04-15 07:59:59,86.18,107.6,130.5,5.64,78.8,35.2,16.7
2026-04-15 07:59:59,86.06,98.9,121.6,6.34,78.8,35.6,16.6
2026-04-15 08:00:00,86.13,93.0,116.0,6.22,77.7,36.5,16.6
2026-04-15 08:00:00,86.22,94.8,116.2,5.93,78.8,31.3,16.6
2026-04-15 08:00:00,86.22,94.3,117.8,6.01,78.8,36.4,16.5
2026-04-15 08:00:00,86.29,86.9,109.5,6.31,78.8,34.4,16.5
2026-04-15 08:00:00,86.38,87.8,94.6,7.44,78.8,51.8,16.5
2026-04-15 08:00:00,86.25,91.5,114.6,5.87,78.8,34.3,16.4
2026-04-15 08:00:01,86.3,107.7,130.5,5.48,77.1,35.6,16.4
2026-04-15 08:00:01,86.25,103.5,127.3,6.14,78.8,39.4,16.4
2026-04-15 08:00:01,86.28,89.1,112.4,6.59,78.8,36.7,16.4
2026-04-15 08:00:01,86.24,102.8,124.5,5.55,79.3,40.3,16.5
2026-04-15 08:00:01,86.19,101.0,123.5,6.07,79.3,34.8,16.5
2026-04-15 08:00:01,86.16,94.5,117.7,6.25,80.4,36.1,16.5
2026-04-15 08:00:02,86.25,86.6,109.7,6.3,77.7,39.7,16.5
2026-04-15 08:00:02,86.15,91.5,103.2,7.24,77.7,39.2,16.5
2026-04-15 08:00:02,86.06,86.8,109.8,6.19,78.8,36.8,16.4
2026-04-15 08:00:02,86.25,101.4,112.8,6.75,78.2,39.3,16.4
2026-04-15 08:00:02,86.02,99.0,122.2,6.09,78.8,34.9,16.4
2026-04-15 08:00:02,86.23,126.2,149.2,5.15,78.2,39.0,16.4
2026-04-15 08:00:03,86.19,110.2,133.3,5.45,77.7,43.4,16.4
2026-04-15 08:00:03,86.2,123.8,146.1,5.54,78.2,37.1,16.3
2026-04-15 08:00:03,86.1,85.5,107.9,6.18,77.7,30.6,16.4
2026-04-15 08:00:03,86.06,102.2,114.1,6.67,78.8,42.4,16.4
2026-04-15 08:00:03,86.28,88.7,111.8,6.54,78.2,39.7,16.4
2026-04-15 08:00:03,86.06,84.8,108.0,6.14,78.8,31.3,16.4
2026-04-15 08:00:03,86.07,93.3,107.4,7.05,78.8,44.1,16.4
2026-04-15 08:00:04,86.21,90.0,113.1,6.13,77.7,36.8,16.4
2026-04-15 08:00:04,85.99,95.6,118.0,5.81,78.8,36.8,16.4
2026-04-15 08:00:04,86.08,85.7,108.7,6.39,77.7,33.9,16.4
2026-04-15 08:00:04,86.07,90.1,104.3,7.24,78.2,39.2,16.4
2026-04-15 08:00:04,86.18,105.8,125.2,5.49,78.8,42.7,16.4
2026-04-15 08:00:04,86.13,87.0,108.8,6.75,78.8,36.8,16.4
2026-04-15 08:00:05,86.14,87.5,99.7,7.49,78.8,44.4,16.4
2026-04-15 08:00:05,86.21,95.5,118.6,5.73,78.8,38.0,16.4
2026-04-15 08:00:05,86.09,86.8,110.1,6.33,78.8,32.8,16.4
2026-04-15 08:00:05,86.17,92.4,105.2,7.19,77.1,38.9,16.4
2026-04-15 08:00:05,86.27,84.1,107.1,6.33,78.2,32.3,16.4
2026-04-15 08:00:05,86.2,86.5,101.6,7.36,78.8,44.6,16.4
2026-04-15 08:00:05,86.16,88.7,101.2,7.38,78.8,44.6,16.4
2026-04-15 08:00:06,86.13,112.4,135.2,5.25,78.8,33.8,16.4
2026-04-15 08:00:06,86.07,93.3,112.7,6.78,78.2,37.5,16.5
2026-04-15 08:00:06,86.12,106.3,129.0,5.57,79.3,41.1,16.5
2026-04-15 08:00:06,86.15,85.0,108.1,6.87,78.2,31.5,16.5
2026-04-15 08:00:06,86.06,84.6,99.0,7.52,76.5,37.3,16.5
2026-04-15 08:00:06,86.2,101.5,117.1,6.61,77.7,40.7,16.5
2026-04-15 08:00:07,86.14,101.1,123.9,6.07,78.8,42.9,16.4
2026-04-15 08:00:07,86.21,103.4,126.1,5.91,78.8,39.7,16.4
2026-04-15 08:00:07,86.25,88.3,110.7,6.55,78.8,36.1,16.4
2026-04-15 08:00:07,86.16,86.8,108.8,6.09,78.8,34.4,16.4
2026-04-15 08:00:07,86.18,110.6,122.6,6.39,77.7,41.0,16.4
2026-04-15 08:00:07,86.15,94.5,115.5,6.63,78.2,41.0,16.5
2026-04-15 08:00:08,86.05,111.0,134.1,5.46,77.7,43.4,16.5
2026-04-15 08:00:08,85.95,85.2,106.6,7.12,79.3,39.3,16.5
2026-04-15 08:00:08,86.06,107.6,122.5,6.4,79.3,43.3,16.5
2026-04-15 08:00:08,86.08,87.0,110.0,6.88,78.8,36.2,16.5
2026-04-15 08:00:08,86.15,112.8,126.2,6.24,78.8,39.7,16.6
2026-04-15 08:00:08,86.01,87.8,105.7,7.13,77.7,40.0,16.5
2026-04-15 08:00:08,86.01,87.4,110.3,5.94,78.8,34.3,16.5
2026-04-15 08:00:09,86.05,109.7,132.9,5.35,77.7,38.0,16.5
2026-04-15 08:00:09,86.05,85.2,108.0,7.03,78.8,34.5,16.4
2026-04-15 08:00:09,86.1,93.5,107.1,7.07,77.1,40.4,16.4
2026-04-15 08:00:09,86.14,85.8,113.1,6.13,77.7,37.3,16.4
2026-04-15 08:00:09,85.95,86.7,109.8,6.13,79.3,32.3,16.4
2026-04-15 08:00:09,85.88,89.2,116.8,5.76,79.3,35.7,16.3
2026-04-15 08:00:10,85.96,87.8,110.9,6.23,78.2,35.4,16.3
2026-04-15 08:00:10,85.83,117.8,126.8,6.12,78.2,40.6,16.4
2026-04-15 08:00:10,86.01,120.0,134.1,5.92,78.8,45.3,16.4
2026-04-15 08:00:10,86.05,90.2,102.5,7.31,78.2,42.1,16.4
2026-04-15 08:00:10,85.96,94.4,118.3,5.82,79.3,38.0,16.4
2026-04-15 08:00:10,86.04,100.0,122.9,5.83,78.2,36.2,16.5
2026-04-15 08:00:11,85.97,89.5,112.7,6.41,78.8,36.1,16.5
2026-04-15 08:00:11,86.03,95.4,118.6,5.8,78.8,35.7,16.5
2026-04-15 08:00:11,86.08,96.3,119.0,5.97,78.8,38.2,16.5
2026-04-15 08:00:11,85.97,103.9,127.0,5.74,78.8,39.1,16.5
2026-04-15 08:00:11,86.07,100.3,123.5,6.13,78.8,33.9,16.5
2026-04-15 08:00:11,86.09,89.2,112.2,6.44,77.1,33.9,16.5
2026-04-15 08:00:12,86.01,109.3,132.2,5.35,78.2,39.4,16.5
2026-04-15 08:00:12,85.92,91.0,113.6,6.73,78.2,40.7,16.5
2026-04-15 08:00:12,85.97,101.6,124.7,5.66,78.2,34.3,16.5
2026-04-15 08:00:12,86.0,108.3,130.4,5.77,77.7,36.4,16.5
2026-04-15 08:00:12,85.93,85.1,108.2,6.98,77.1,41.4,16.5
2026-04-15 08:00:12,85.92,98.1,112.7,6.82,78.8,39.7,16.5
2026-04-15 08:00:13,86.0,91.2,114.2,6.27,78.2,38.8,16.5
2026-04-15 08:00:13,85.99,117.7,140.7,5.17,78.8,38.2,16.5
2026-04-15 08:00:13,86.09,84.4,98.8,7.52,77.1,41.8,16.5
2026-04-15 08:00:13,86.03,107.8,118.6,6.38,78.8,50.0,16.5
2026-04-15 08:00:13,86.12,101.8,125.0,6.22,78.8,35.5,16.5
2026-04-15 08:00:13,86.03,105.7,129.0,5.86,78.8,34.3,16.5
2026-04-15 08:00:13,85.93,85.0,107.6,6.85,78.2,33.9,16.5
2026-04-15 08:00:14,86.1,88.2,101.1,7.33,79.3,44.4,16.5
2026-04-15 08:00:14,86.03,97.7,120.6,5.69,77.7,34.8,16.5
2026-04-15 08:00:14,86.08,98.7,121.8,5.97,79.3,36.2,16.5
2026-04-15 08:00:14,86.02,104.9,128.1,5.78,79.3,39.1,16.5
2026-04-15 08:00:14,86.12,107.8,130.8,5.9,78.2,33.3,16.5
2026-04-15 08:00:14,86.11,98.8,121.8,6.35,78.2,39.7,16.5
2026-04-15 08:00:15,85.98,119.7,142.6,5.33,78.8,43.2,16.5
2026-04-15 08:00:15,86.01,101.7,113.3,6.73,77.7,40.0,16.5
2026-04-15 08:00:15,86.04,92.1,115.8,6.35,78.8,35.5,16.5
2026-04-15 08:00:15,86.04,94.0,118.2,5.88,79.3,36.4,16.6
2026-04-15 08:00:15,86.07,102.5,123.9,5.78,78.8,37.1,16.6
2026-04-15 08:00:15,86.09,88.3,111.3,6.56,79.3,38.3,16.6
2026-04-15 08:00:16,86.01,87.4,109.8,6.04,78.2,33.8,16.6
2026-04-15 08:00:16,85.81,97.2,120.6,5.65,78.8,34.3,16.6
2026-04-15 08:00:16,86.09,110.5,133.5,5.57,78.8,37.1,16.7
2026-04-15 08:00:16,86.06,105.3,125.1,6.19,78.8,40.6,16.7
2026-04-15 08:00:16,86.05,102.8,126.2,6.09,79.3,36.9,16.7
2026-04-15 08:00:16,86.15,91.5,114.6,6.44,78.2,36.1,16.7
2026-04-15 08:00:17,86.01,87.8,111.2,6.14,78.8,32.3,16.8
2026-04-15 08:00:17,85.97,98.3,109.4,6.93,78.2,45.0,16.8
2026-04-15 08:00:17,85.98,86.2,109.3,6.5,78.8,40.7,16.7
2026-04-15 08:00:17,85.9,104.7,117.0,6.59,79.8,44.3,16.7
2026-04-15 08:00:17,85.91,90.9,113.9,6.55,78.8,36.2,16.7
2026-04-15 08:00:17,86.05,86.6,109.7,6.15,77.1,33.8,16.7
2026-04-15 08:00:18,85.91,87.9,100.2,7.44,78.8,42.3,16.7
2026-04-15 08:00:18,85.88,87.5,110.2,6.01,78.8,32.8,16.7
2026-04-15 08:00:18,85.93,102.3,125.9,5.5,77.7,41.0,16.7
2026-04-15 08:00:18,85.95,97.2,120.4,6.21,77.7,35.5,16.7
2026-04-15 08:00:18,85.88,93.2,116.1,6.08,78.8,34.4,16.7
2026-04-15 08:00:18,86.01,85.8,108.0,6.35,78.8,32.8,16.7
2026-04-15 08:00:18,85.97,88.6,101.7,7.35,79.3,40.7,16.7
2026-04-15 08:00:19,85.99,93.5,116.6,5.83,80.4,31.7,16.7
2026-04-15 08:00:19,86.02,85.2,108.3,6.32,78.8,35.4,16.6
2026-04-15 08:00:19,85.89,99.8,114.0,6.75,78.8,42.4,16.6
2026-04-15 08:00:19,85.92,93.3,116.6,6.25,79.3,35.9,16.6
2026-04-15 08:00:19,85.82,98.0,122.1,5.81,79.3,40.9,16.5
2026-04-15 08:00:19,85.95,94.6,117.8,6.17,79.3,35.9,16.5
2026-04-15 08:00:20,85.95,91.3,114.5,6.12,79.3,38.8,16.5
2026-04-15 08:00:20,85.84,88.1,109.2,6.12,78.8,37.3,16.5
2026-04-15 08:00:20,85.75,88.2,109.4,6.0,77.1,29.5,16.4
2026-04-15 08:00:20,85.87,85.1,108.4,6.11,78.2,36.8,16.4
2026-04-15 08:00:20,86.09,85.9,99.8,7.47,79.3,41.5,16.4
2026-04-15 08:00:20,86.0,110.1,123.3,6.35,79.3,43.8,16.4
2026-04-15 08:00:21,85.91,100.3,122.4,6.38,79.3,39.1,16.4
2026-04-15 08:00:21,86.02,86.3,109.0,6.55,78.8,35.6,16.4
2026-04-15 08:00:21,85.9,88.9,101.9,7.34,78.8,37.7,16.4
2026-04-15 08:00:21,85.92,95.6,127.7,5.35,79.3,42.5,16.4
2026-04-15 08:00:21,86.09,102.8,129.0,6.15,78.8,37.5,16.4
2026-04-15 08:00:21,85.93,89.6,112.7,6.64,78.8,41.3,16.4
2026-04-15 08:00:22,86.06,98.6,118.9,5.69,78.2,35.7,16.4
2026-04-15 08:00:22,85.91,91.8,113.6,6.27,79.3,33.3,16.4
2026-04-15 08:00:22,86.0,87.0,109.4,6.18,79.3,35.4,16.4
2026-04-15 08:00:22,86.03,99.7,111.5,6.84,78.2,43.1,16.3
2026-04-15 08:00:22,86.0,97.4,118.9,6.09,78.8,35.4,16.3
2026-04-15 08:00:22,86.21,88.0,111.2,6.36,78.2,39.4,16.3
2026-04-15 08:00:22,86.07,91.3,114.0,5.88,78.2,35.8,16.3
2026-04-15 08:00:23,85.96,98.7,122.2,5.74,77.7,37.1,16.3
2026-04-15 08:00:23,85.94,87.7,109.2,6.43,78.8,37.5,16.3
2026-04-15 08:00:23,85.94,105.7,117.1,6.59,78.8,42.1,16.3
2026-04-15 08:00:23,85.83,87.4,104.0,6.78,79.3,39.0,16.4
2026-04-15 08:00:23,85.89,83.7,95.5,7.72,78.8,40.4,16.4
2026-04-15 08:00:23,86.1,100.5,116.8,6.63,79.3,41.7,16.4
2026-04-15 08:00:24,86.01,88.4,115.5,6.34,79.3,37.7,16.5
2026-04-15 08:00:24,85.87,85.9,109.4,6.23,78.8,31.1,16.5
2026-04-15 08:00:24,85.9,88.2,101.8,7.39,78.2,41.5,16.6
2026-04-15 08:00:24,86.01,94.1,117.2,5.81,80.4,35.3,16.6
2026-04-15 08:00:24,85.87,90.5,113.6,6.13,78.8,32.8,16.6
2026-04-15 08:00:24,85.81,85.6,107.9,6.18,78.8,34.8,16.6
2026-04-15 08:00:25,85.98,116.3,129.6,6.1,78.8,43.9,16.6
2026-04-15 08:00:25,85.85,99.7,115.7,6.66,78.8,39.0,16.6
2026-04-15 08:00:25,85.86,96.2,119.1,6.13,77.7,33.3,16.6
2026-04-15 08:00:25,85.81,84.2,107.4,6.47,79.3,37.5,16.7
2026-04-15 08:00:25,85.82,115.7,131.1,6.07,78.2,43.7,16.7
2026-04-15 08:00:25,85.98,84.2,100.2,7.41,78.2,37.3,16.7
2026-04-15 08:00:25,85.88,86.3,101.3,7.38,79.8,40.4,16.7
2026-04-15 08:00:26,86.01,84.8,97.4,7.6,79.3,39.6,16.7
2026-04-15 08:00:26,85.9,121.0,136.1,5.87,77.7,43.3,16.7
2026-04-15 08:00:26,85.84,104.6,127.7,5.46,79.3,32.9,16.7
2026-04-15 08:00:26,85.92,96.1,117.1,6.33,78.8,38.1,16.7
2026-04-15 08:00:26,85.87,117.1,139.5,5.29,78.2,39.7,16.7
2026-04-15 08:00:26,85.76,87.5,101.5,7.36,79.8,43.4,16.7
2026-04-15 08:00:27,85.93,89.3,112.5,5.94,78.2,36.2,16.7
2026-04-15 08:00:27,85.76,96.3,119.5,5.77,78.8,33.3,16.7
2026-04-15 08:00:27,85.79,113.8,136.7,5.44,78.2,39.2,16.7
2026-04-15 08:00:27,85.96,99.4,118.0,6.56,77.7,38.3,16.7
2026-04-15 08:00:27,85.84,84.1,106.2,6.61,79.3,38.7,16.7
2026-04-15 08:00:27,85.98,102.4,117.9,6.59,79.3,41.7,16.7
2026-04-15 08:00:28,85.75,83.8,105.8,6.71,78.8,35.6,16.7
2026-04-15 08:00:28,85.96,95.0,108.2,6.96,79.3,39.6,16.7
2026-04-15 08:00:28,85.88,118.5,141.6,5.27,79.3,33.3,16.7
2026-04-15 08:00:28,85.9,83.6,97.7,7.6,78.8,41.8,16.7
2026-04-15 08:00:28,85.79,87.7,103.8,7.26,78.2,41.8,16.6
2026-04-15 08:00:28,85.89,107.0,128.8,5.39,79.8,35.6,16.6
2026-04-15 08:00:28,85.95,111.1,134.1,5.86,79.3,39.4,16.6
2026-04-15 08:00:29,85.98,104.8,126.9,6.23,80.4,40.9,16.6
2026-04-15 08:00:29,85.85,85.3,108.5,6.79,78.2,45.2,16.6
2026-04-15 08:00:29,85.83,87.2,102.3,7.35,78.8,43.9,16.6
2026-04-15 08:00:29,86.09,88.2,111.1,6.01,79.3,36.8,16.6
2026-04-15 08:00:29,85.98,97.0,120.1,5.71,78.2,33.8,16.6
2026-04-15 08:00:29,85.95,85.7,108.8,6.44,77.7,33.9,16.6
2026-04-15 08:00:30,85.91,86.7,95.9,7.45,78.2,43.4,16.6
2026-04-15 08:00:30,85.85,92.6,105.6,7.16,79.3,40.4,16.7
2026-04-15 08:00:30,85.88,93.8,117.3,5.96,77.7,37.5,16.7
2026-04-15 08:00:30,85.94,86.6,109.8,6.3,78.8,31.7,16.7
2026-04-15 08:00:30,85.97,111.2,123.6,6.32,78.2,38.3,16.7
2026-04-15 08:00:30,85.92,91.7,113.4,6.8,77.1,41.0,16.7
2026-04-15 08:00:30,85.73,98.4,120.7,5.78,78.8,31.8,16.8
2026-04-15 08:00:31,85.81,107.8,130.9,5.67,78.8,40.0,16.8
2026-04-15 08:00:31,85.95,93.7,116.9,6.56,78.8,39.3,16.8
2026-04-15 08:00:31,86.07,104.1,127.1,5.65,78.2,38.2,16.8
2026-04-15 08:00:31,85.81,91.5,114.5,6.5,78.8,35.0,16.8
2026-04-15 08:00:31,85.84,102.8,126.0,5.62,77.1,36.6,16.8
2026-04-15 08:00:31,85.96,97.4,120.2,6.2,77.1,36.9,16.8
2026-04-15 08:00:32,85.9,107.8,131.1,5.65,78.2,35.2,16.8
2026-04-15 08:00:32,85.88,106.2,128.9,6.06,79.3,44.6,16.8
2026-04-15 08:00:32,86.03,121.3,141.5,5.51,79.3,44.3,16.7
2026-04-15 08:00:32,85.93,84.5,107.4,6.13,78.8,29.5,16.7
2026-04-15 08:00:32,85.93,108.9,123.9,6.33,78.2,42.9,16.7
2026-04-15 08:00:32,85.95,91.3,112.6,6.71,79.3,35.1,16.7
2026-04-15 08:00:33,85.86,108.5,131.6,5.45,78.2,34.7,16.7
2026-04-15 08:00:33,85.91,93.9,116.9,6.58,79.3,41.3,16.7
2026-04-15 08:00:33,85.76,104.5,126.4,5.63,78.8,40.8,16.7
2026-04-15 08:00:33,85.9,96.5,119.5,6.32,79.3,33.3,16.7
2026-04-15 08:00:33,85.78,87.5,110.8,6.34,79.3,33.9,16.7
2026-04-15 08:00:33,85.88,95.7,118.6,5.73,78.2,33.3,16.7
2026-04-15 08:00:34,85.76,101.7,124.3,5.79,77.7,39.4,16.7
2026-04-15 08:00:34,85.76,108.5,131.7,5.77,77.7,33.3,16.6
2026-04-15 08:00:34,85.67,109.7,132.1,5.95,78.2,41.5,16.6
2026-04-15 08:00:34,85.76,87.9,110.7,6.91,80.4,39.7,16.6
2026-04-15 08:00:34,85.75,89.7,112.6,5.94,78.2,31.3,16.6
2026-04-15 08:00:34,85.86,92.3,115.3,5.91,78.8,34.3,16.6
2026-04-15 08:00:35,85.58,94.9,118.1,5.91,77.1,36.6,16.6
2026-04-15 08:00:35,85.67,92.9,114.6,6.08,77.7,30.6,16.6
2026-04-15 08:00:35,85.61,89.3,113.6,6.08,78.8,39.4,16.6
2026-04-15 08:00:35,85.79,102.9,125.9,5.59,78.8,33.8,16.5
2026-04-15 08:00:35,85.75,97.2,120.1,6.21,78.8,36.9,16.6
2026-04-15 08:00:35,85.63,94.8,117.7,6.08,77.7,36.9,16.5
2026-04-15 08:00:36,85.59,85.9,112.5,6.21,77.7,34.4,16.6
2026-04-15 08:00:36,85.8,112.4,135.3,5.28,78.8,42.3,16.6
2026-04-15 08:00:36,85.85,96.7,117.0,6.62,79.3,44.1,16.6
2026-04-15 08:00:36,85.8,93.7,116.9,6.11,79.3,35.5,16.6
2026-04-15 08:00:36,85.68,87.2,110.1,6.25,78.8,33.3,16.6
2026-04-15 08:00:36,85.91,85.3,97.4,7.61,77.7,40.8,16.6
2026-04-15 08:00:37,85.78,97.3,110.5,6.89,78.8,45.2,16.6
2026-04-15 08:00:37,85.83,113.4,136.3,5.47,78.8,28.8,16.6
2026-04-15 08:00:37,85.86,85.7,104.9,7.2,79.8,39.3,16.6
2026-04-15 08:00:37,85.72,104.3,120.1,6.48,78.8,39.3,16.7
2026-04-15 08:00:37,85.83,88.1,111.2,6.77,79.3,33.9,16.7
2026-04-15 08:00:37,85.76,88.1,111.0,5.99,78.8,36.2,16.7
2026-04-15 08:00:38,85.89,97.1,108.1,7.03,77.1,40.4,16.7
2026-04-15 08:00:38,85.81,103.4,125.8,5.79,78.2,40.8,16.7
2026-04-15 08:00:38,85.81,97.1,120.3,6.24,79.3,33.3,16.7
2026-04-15 08:00:38,85.87,99.2,123.6,5.89,77.7,36.4,16.7
2026-04-15 08:00:38,85.75,108.9,131.4,5.71,79.3,42.6,16.7
2026-04-15 08:00:38,85.7,89.6,112.6,6.79,79.3,39.7,16.7
2026-04-15 08:00:39,85.8,88.7,111.9,6.03,78.8,33.8,16.7
2026-04-15 08:00:39,85.84,87.7,110.9,6.04,78.8,34.3,16.7
2026-04-15 08:00:39,85.73,89.3,112.4,5.95,79.3,36.8,16.6
2026-04-15 08:00:39,85.9,91.5,114.5,5.93,78.8,39.1,16.6
2026-04-15 08:00:39,85.85,97.1,120.2,5.81,79.3,39.7,16.6
2026-04-15 08:00:39,85.78,106.3,129.9,5.67,80.4,32.8,16.5
2026-04-15 08:00:40,85.86,88.0,111.1,6.76,78.8,37.9,16.5
2026-04-15 08:00:40,85.93,98.5,122.3,5.63,78.2,38.7,16.4
2026-04-15 08:00:40,85.83,96.0,118.2,6.11,79.3,34.4,16.5
2026-04-15 08:00:40,85.88,91.3,114.1,6.18,77.7,36.9,16.5
2026-04-15 08:00:40,85.82,106.7,129.2,5.5,78.8,35.2,16.5
2026-04-15 08:00:40,85.8,108.9,132.1,5.92,79.3,44.9,16.5
2026-04-15 08:00:41,85.83,95.1,118.2,6.55,79.3,38.3,16.5
2026-04-15 08:00:41,85.93,105.9,129.2,5.63,80.4,35.7,16.5
2026-04-15 08:00:41,85.79,98.9,122.0,6.27,78.8,39.1,16.5
2026-04-15 08:00:41,85.73,86.7,110.0,6.47,79.8,41.3,16.5
2026-04-15 08:00:41,85.89,89.6,102.7,7.24,78.2,37.3,16.5
2026-04-15 08:00:41,85.9,105.3,129.0,5.53,78.2,36.1,16.5
2026-04-15 08:00:41,85.94,83.2,106.4,6.95,79.3,35.1,16.5
2026-04-15 08:00:42,85.88,129.1,145.7,5.57,79.8,45.7,16.6
2026-04-15 08:00:42,85.99,84.1,107.1,6.47,79.3,34.9,16.6
2026-04-15 08:00:42,85.65,103.9,118.9,6.51,79.3,41.4,16.6
2026-04-15 08:00:42,85.86,96.4,119.6,6.29,78.2,34.4,16.6
2026-04-15 08:00:42,86.09,87.4,110.8,6.34,77.1,32.2,16.6
2026-04-15 08:00:42,86.0,88.5,112.3,5.95,77.1,33.8,16.7
2026-04-15 08:00:43,86.09,86.0,104.4,6.12,78.8,35.4,16.7
2026-04-15 08:00:43,85.91,87.4,99.3,7.39,80.4,40.0,16.7
2026-04-15 08:00:43,85.92,113.8,137.1,5.19,78.2,42.9,16.7
2026-04-15 08:00:43,86.01,108.5,127.5,6.2,79.3,34.4,16.7
2026-04-15 08:00:43,85.77,101.8,124.4,6.25,78.8,42.2,16.7
2026-04-15 08:00:43,86.03,100.2,123.3,6.07,79.3,39.7,16.7
2026-04-15 08:00:44,85.87,104.7,127.7,5.85,78.2,34.8,16.6
2026-04-15 08:00:44,86.0,99.5,123.3,6.12,79.3,40.0,16.6
2026-04-15 08:00:44,85.96,102.6,125.8,5.96,77.1,34.8,16.6
2026-04-15 08:00:44,85.94,89.6,112.6,6.51,78.8,38.7,16.6
2026-04-15 08:00:44,85.89,86.8,111.0,6.06,77.7,37.7,16.6
2026-04-15 08:00:44,85.85,91.9,114.8,5.87,78.8,34.8,16.6
2026-04-15 08:00:45,85.85,94.6,117.6,5.84,78.2,34.8,16.5
2026-04-15 08:00:45,86.01,104.4,127.4,5.68,77.7,37.5,16.5
2026-04-15 08:00:45,85.85,90.0,112.5,6.62,78.2,34.5,16.5
2026-04-15 08:00:45,85.84,85.9,110.0,6.12,78.2,35.4,16.5
2026-04-15 08:00:45,85.76,111.2,115.0,6.35,78.8,46.8,16.4
2026-04-15 08:00:45,85.88,87.2,108.7,7.02,78.8,37.9,16.4
2026-04-15 08:00:46,85.83,93.9,106.4,7.13,79.3,49.2,16.4
2026-04-15 08:00:46,85.89,110.2,133.4,5.47,78.8,34.3,16.4
2026-04-15 08:00:46,85.92,89.2,111.6,6.87,79.3,36.4,16.4
2026-04-15 08:00:46,85.85,87.2,110.9,6.05,79.3,38.5,16.4
2026-04-15 08:00:46,85.8,110.5,122.0,6.38,78.8,38.6,16.5
2026-04-15 08:00:46,85.87,87.6,110.4,6.94,77.1,36.2,16.5
2026-04-15 08:00:46,85.81,95.2,118.0,5.78,78.8,32.8,16.5
2026-04-15 08:00:47,85.91,98.7,121.8,5.88,80.4,34.4,16.5
2026-04-15 08:00:47,85.74,87.4,110.5,6.44,77.7,38.1,16.5
2026-04-15 08:00:47,85.82,107.5,119.5,6.52,79.3,41.7,16.5
2026-04-15 08:00:47,85.89,94.6,118.1,6.49,78.8,36.7,16.5
2026-04-15 08:00:47,85.96,103.7,126.7,5.71,78.8,41.4,16.5
2026-04-15 08:00:47,85.96,86.7,109.9,6.69,79.3,32.8,16.5
2026-04-15 08:00:48,85.84,89.7,102.4,7.33,79.8,40.7,16.5
2026-04-15 08:00:48,85.81,108.2,130.8,5.4,78.8,35.2,16.5
2026-04-15 08:00:48,85.78,100.1,123.2,6.32,79.3,37.7,16.5
2026-04-15 08:00:48,85.66,92.8,116.1,6.27,78.2,32.8,16.6
2026-04-15 08:00:48,85.73,85.5,108.6,6.28,78.2,35.4,16.5
2026-04-15 08:00:48,85.69,103.0,116.3,6.62,78.2,45.0,16.6
2026-04-15 08:00:49,85.68,100.6,123.8,6.1,78.8,37.9,16.5
2026-04-15 08:00:49,85.75,96.1,119.4,6.17,79.3,35.9,16.5
2026-04-15 08:00:49,85.73,97.3,118.3,5.97,78.2,35.9,16.5
2026-04-15 08:00:49,85.76,88.3,111.5,6.34,78.8,37.1,16.5
2026-04-15 08:00:49,85.71,85.6,106.7,6.1,77.7,32.3,16.5
2026-04-15 08:00:49,85.63,87.9,100.4,7.36,78.8,42.6,16.5
2026-04-15 08:00:50,85.68,86.8,110.0,6.05,78.8,36.8,16.4
2026-04-15 08:00:50,85.55,100.1,112.4,6.83,79.3,43.1,16.4
2026-04-15 08:00:50,85.69,112.5,134.4,5.59,79.8,42.3,16.4
2026-04-15 08:00:50,85.68,105.3,125.5,6.26,77.7,33.9,16.4
2026-04-15 08:00:50,85.61,91.7,115.1,6.54,78.2,38.3,16.5
2026-04-15 08:00:50,85.78,101.7,124.5,5.67,79.3,36.6,16.5
2026-04-15 08:00:50,85.81,98.1,121.5,6.13,77.7,33.3,16.5
2026-04-15 08:00:51,85.75,85.6,109.0,6.49,79.3,37.1,16.5
2026-04-15 08:00:51,85.78,106.9,120.7,6.47,79.3,41.7,16.5
2026-04-15 08:00:51,85.85,108.0,131.1,5.97,79.3,41.8,16.5
2026-04-15 08:00:51,85.65,95.8,117.5,6.47,78.8,44.1,16.5
2026-04-15 08:00:51,85.71,84.8,107.9,6.43,77.7,34.9,16.5
2026-04-15 08:00:51,85.79,95.5,109.2,6.95,77.7,37.0,16.6
2026-04-15 08:00:52,85.91,100.9,124.1,5.81,79.3,33.8,16.6
2026-04-15 08:00:52,85.8,95.6,118.7,6.2,78.2,36.4,16.5
2026-04-15 08:00:52,85.46,94.6,117.6,6.03,77.1,38.2,16.5
2026-04-15 08:00:52,85.56,115.4,138.4,5.34,78.2,38.4,16.5
2026-04-15 08:00:52,85.55,85.5,103.0,7.32,79.3,40.4,16.5
2026-04-15 08:00:52,85.55,87.7,101.1,7.39,79.3,41.5,16.6
2026-04-15 08:00:53,85.59,84.6,107.0,6.11,79.3,36.4,16.6
2026-04-15 08:00:53,85.66,88.8,103.6,7.26,78.8,41.1,16.6
2026-04-15 08:00:53,85.61,89.2,111.1,6.0,79.3,35.8,16.7
2026-04-15 08:00:53,85.56,90.8,113.9,5.95,78.8,33.8,16.7
2026-04-15 08:00:53,85.62,87.1,109.6,6.14,79.3,36.4,16.7
2026-04-15 08:00:53,85.81,104.9,117.0,6.62,79.3,45.8,16.7
2026-04-15 08:00:53,85.53,96.2,119.5,6.32,78.2,36.1,16.7
2026-04-15 08:00:54,85.75,103.4,126.5,5.76,78.8,33.8,16.7
2026-04-15 08:00:54,85.69,90.5,113.6,6.51,78.8,35.5,16.7
2026-04-15 08:00:54,85.36,91.2,100.2,7.45,78.8,46.4,16.7
2026-04-15 08:00:54,85.52,95.3,118.2,5.86,79.3,33.3,16.7
2026-04-15 08:00:54,85.65,89.4,111.2,6.21,78.8,39.7,16.7
2026-04-15 08:00:54,85.79,83.8,107.0,6.22,78.2,30.6,16.6
2026-04-15 08:00:55,85.74,86.4,101.9,7.35,78.8,41.8,16.6
2026-04-15 08:00:55,85.55,87.8,99.9,7.42,78.8,45.5,16.6
2026-04-15 08:00:55,85.89,86.7,109.5,6.05,78.2,36.4,16.6
2026-04-15 08:00:55,85.83,86.0,98.6,7.55,77.7,40.4,16.6
2026-04-15 08:00:55,85.84,86.4,98.7,7.47,78.8,38.0,16.5
2026-04-15 08:00:55,85.7,94.6,108.4,7.02,79.8,40.4,16.5
2026-04-15 08:00:55,85.7,92.0,115.2,6.14,78.8,31.7,16.5
2026-04-15 08:00:56,85.81,102.8,122.3,5.63,78.8,44.0,16.5
2026-04-15 08:00:56,85.87,84.5,107.1,6.75,79.8,33.9,16.5
2026-04-15 08:00:56,85.89,102.8,117.0,6.6,79.3,45.8,16.5
2026-04-15 08:00:56,85.83,91.8,113.4,6.42,78.2,36.7,16.5
2026-04-15 08:00:56,85.91,85.2,104.3,6.25,78.8,33.9,16.5
2026-04-15 08:00:56,85.92,103.2,117.1,6.6,78.2,41.4,16.5
2026-04-15 08:00:57,85.96,88.5,111.4,6.6,79.3,37.7,16.5
2026-04-15 08:00:57,85.85,84.6,107.9,6.13,79.3,33.3,16.5
2026-04-15 08:00:57,85.76,108.5,122.8,6.33,78.8,41.9,16.5
2026-04-15 08:00:57,85.86,109.6,132.7,5.99,79.3,40.0,16.5
2026-04-15 08:00:57,86.1,84.5,107.3,7.08,78.2,32.1,16.5
2026-04-15 08:00:57,85.9,93.2,108.4,7.04,78.2,43.1,16.6
2026-04-15 08:00:57,85.88,85.8,109.1,6.28,78.8,39.1,16.5
2026-04-15 08:00:58,85.93,84.1,107.1,6.08,78.8,31.8,16.5
2026-04-15 08:00:58,85.96,99.8,115.0,6.7,78.2,42.6,16.5
2026-04-15 08:00:58,85.93,100.1,129.7,5.77,79.3,40.3,16.5
2026-04-15 08:00:58,86.03,88.0,111.1,6.75,79.8,41.7,16.6
2026-04-15 08:00:58,85.84,85.3,108.4,6.11,78.2,31.3,16.6
2026-04-15 08:00:58,85.93,92.8,106.2,7.1,78.2,44.6,16.6
2026-04-15 08:00:59,85.93,108.9,131.5,5.46,77.7,35.6,16.6
2026-04-15 08:00:59,85.81,104.5,127.1,6.18,79.3,38.1,16.6
2026-04-15 08:00:59,85.92,84.6,107.8,6.82,79.3,32.1,16.6
2026-04-15 08:00:59,86.05,128.4,143.4,5.65,79.3,39.4,16.6
2026-04-15 08:00:59,85.94,86.4,109.5,6.34,77.7,35.9,16.6
2026-04-15 08:00:59,85.78,92.2,104.6,7.19,79.3,40.0,16.6
2026-04-15 08:01:00,86.0,91.0,113.9,6.04,79.3,35.9,16.6
2026-04-15 08:01:00,85.96,99.4,123.6,5.68,78.8,32.9,16.6
2026-04-15 08:01:00,85.9,90.3,113.4,6.4,78.2,39.4,16.6
2026-04-15 08:01:00,85.75,111.4,133.0,5.32,78.2,37.3,16.5
2026-04-15 08:01:00,85.71,96.9,118.2,6.58,78.2,41.7,16.5
2026-04-15 08:01:00,85.91,85.8,109.1,6.42,78.2,39.1,16.5
2026-04-15 08:01:01,85.85,92.1,106.1,7.15,78.2,39.6,16.4
2026-04-15 08:01:01,85.69,88.0,110.7,6.18,78.8,39.4,16.4
2026-04-15 08:01:01,85.92,91.1,114.3,5.89,79.3,36.2,16.4
2026-04-15 08:01:01,85.68,91.1,114.9,5.97,79.3,38.5,16.4
2026-04-15 08:01:01,85.84,86.6,109.5,6.21,77.7,35.4,16.4
2026-04-15 08:01:01,85.93,87.7,100.6,7.42,79.3,39.2,16.4
2026-04-15 08:01:01,85.94,85.0,107.8,6.11,78.8,33.8,16.4
2026-04-15 08:01:02,85.87,87.8,102.3,7.35,77.7,42.9,16.3
2026-04-15 08:01:02,85.88,105.6,129.6,5.37,78.2,41.1,16.3
2026-04-15 08:01:02,86.07,101.0,124.1,6.25,78.2,36.5,16.3
2026-04-15 08:01:02,85.76,89.3,112.5,6.45,78.2,35.6,16.3
2026-04-15 08:01:02,85.66,86.1,109.1,6.13,78.8,35.3,16.3
2026-04-15 08:01:02,85.7,93.3,106.4,7.12,78.2,41.5,16.3
2026-04-15 08:01:03,85.78,85.8,108.9,6.28,78.8,34.4,16.3
2026-04-15 08:01:03,85.71,108.5,121.5,6.39,77.7,39.7,16.4
2026-04-15 08:01:03,85.89,89.5,112.2,6.8,78.8,42.6,16.4
2026-04-15 08:01:03,85.93,121.5,142.6,5.04,78.2,31.5,16.4
2026-04-15 08:01:03,86.0,98.9,122.0,5.64,78.8,32.4,16.4
2026-04-15 08:01:03,85.88,95.7,122.2,6.0,78.2,36.8,16.4
2026-04-15 08:01:04,85.94,108.3,132.8,5.64,79.3,37.5,16.4
2026-04-15 08:01:04,85.86,102.3,123.3,6.28,78.2,37.1,16.5
2026-04-15 08:01:04,85.9,86.9,108.8,6.61,78.8,39.3,16.5
2026-04-15 08:01:04,85.79,88.2,100.0,7.44,79.3,40.8,16.5
2026-04-15 08:01:04,85.9,126.8,149.8,4.88,78.8,36.6,16.5
2026-04-15 08:01:04,85.84,90.2,112.7,6.12,78.2,34.8,16.6
2026-04-15 08:01:05,86.03,88.8,111.6,6.05,78.8,36.4,16.6
2026-04-15 08:01:05,85.94,105.2,124.5,5.47,79.3,34.8,16.5
2026-04-15 08:01:05,85.97,95.6,118.7,6.38,78.8,36.5,16.5
2026-04-15 08:01:05,85.9,86.5,109.5,6.35,78.8,34.9,16.5
2026-04-15 08:01:05,85.86,105.6,117.9,6.56,79.8,42.9,16.4
2026-04-15 08:01:05,85.82,85.2,107.9,6.84,77.7,35.7,16.5
2026-04-15 08:01:06,85.96,88.6,108.7,6.96,79.8,48.2,16.5
2026-04-15 08:01:06,85.89,86.7,109.5,6.35,78.2,38.1,16.5
2026-04-15 08:01:06,85.94,88.3,100.8,7.42,77.7,42.9,16.5
2026-04-15 08:01:06,85.98,108.8,131.7,5.34,78.8,34.3,16.6
2026-04-15 08:01:06,85.89,104.1,127.3,6.18,77.7,39.1,16.6
2026-04-15 08:01:06,85.83,104.7,128.2,5.97,78.8,37.3,16.6
2026-04-15 08:01:06,85.9,100.3,123.5,6.18,78.8,36.5,16.6
2026-04-15 08:01:07,85.87,85.5,108.7,6.59,79.3,34.5,16.6
2026-04-15 08:01:07,85.76,83.9,97.8,7.59,79.3,40.7,16.6
2026-04-15 08:01:07,85.79,96.9,112.9,6.82,79.8,45.9,16.5
2026-04-15 08:01:07,85.91,98.8,122.7,5.88,78.2,37.7,16.6
2026-04-15 08:01:07,85.93,96.9,119.2,6.15,78.8,33.9,16.6
2026-04-15 08:01:07,85.88,88.5,112.5,6.28,79.3,38.5,16.5
2026-04-15 08:01:08,85.93,108.5,131.5,5.39,77.1,33.8,16.6
2026-04-15 08:01:08,85.92,86.5,111.0,6.85,79.8,29.6,16.6
2026-04-15 08:01:08,85.81,91.8,112.3,5.87,78.8,42.4,16.6
2026-04-15 08:01:08,85.81,116.4,139.7,5.23,78.2,35.6,16.7
2026-04-15 08:01:08,86.03,105.2,120.4,6.44,79.3,43.5,16.6
2026-04-15 08:01:08,85.99,103.2,126.4,6.06,78.8,63.2,16.6
2026-04-15 08:01:09,85.88,167.1,200.6,4.14,79.8,72.9,16.6
2026-04-15 08:01:09,85.94,104.7,124.7,6.26,77.7,42.4,16.6
2026-04-15 08:01:09,86.04,83.9,106.9,6.87,78.8,33.3,16.6
2026-04-15 08:01:09,86.02,90.0,104.2,7.17,78.8,42.6,16.7
2026-04-15 08:01:09,86.04,97.2,120.7,5.75,79.3,29.0,16.7
2026-04-15 08:01:09,85.93,93.6,116.8,6.15,78.8,34.8,16.7
2026-04-15 08:01:10,86.02,110.9,133.4,5.44,78.2,33.8,16.7
2026-04-15 08:01:10,85.96,108.6,132.0,6.03,78.2,43.1,16.7
2026-04-15 08:01:10,86.0,83.2,105.8,7.16,79.3,38.6,16.7
2026-04-15 08:01:10,85.86,127.0,143.2,5.65,79.3,41.2,16.8
2026-04-15 08:01:10,86.05,85.9,109.0,6.3,78.8,30.6,16.7
2026-04-15 08:01:10,85.99,90.5,103.5,7.24,77.7,42.6,16.7
2026-04-15 08:01:11,86.01,112.7,135.7,5.3,78.8,34.7,16.7
2026-04-15 08:01:11,85.98,94.3,112.7,6.76,79.3,38.6,16.7
2026-04-15 08:01:11,85.89,88.0,111.2,6.23,78.8,31.1,16.7
2026-04-15 08:01:11,86.09,126.0,135.1,5.84,79.3,54.3,16.7
2026-04-15 08:01:11,85.96,93.4,116.5,5.99,78.8,38.2,16.7
2026-04-15 08:01:11,86.02,99.2,120.5,5.79,78.8,36.2,16.7
2026-04-15 08:01:12,85.98,85.4,107.7,6.55,79.8,33.3,16.7
2026-04-15 08:01:12,85.94,94.1,108.3,7.03,78.8,44.1,16.7
2026-04-15 08:01:12,86.0,88.8,112.1,6.2,78.2,35.9,16.7
2026-04-15 08:01:12,85.85,91.8,114.8,5.9,77.7,33.3,16.7
2026-04-15 08:01:12,85.93,93.4,116.5,5.94,78.8,33.8,16.7
2026-04-15 08:01:12,85.9,95.3,119.3,5.9,78.2,33.8,16.7
2026-04-15 08:01:13,86.01,96.3,119.3,6.0,79.3,46.4,16.7
2026-04-15 08:01:13,85.97,86.5,110.1,6.3,78.2,28.8,16.7
2026-04-15 08:01:13,86.03,89.6,111.5,5.97,78.2,35.3,16.7
2026-04-15 08:01:13,86.14,90.8,118.1,5.81,77.7,34.8,16.7
2026-04-15 08:01:13,86.05,88.5,112.8,6.2,79.8,34.4,16.7
2026-04-15 08:01:13,85.98,96.8,119.8,5.76,78.8,30.8,16.7
2026-04-15 08:01:14,86.04,127.5,150.5,5.07,78.8,33.3,16.6
2026-04-15 08:01:14,86.06,96.2,119.4,5.93,78.2,36.2,16.6
2026-04-15 08:01:14,86.06,128.3,151.4,5.03,78.8,38.7,16.6
2026-04-15 08:01:14,85.92,94.4,116.9,6.02,78.2,34.3,16.6
2026-04-15 08:01:14,85.91,105.4,128.8,5.62,78.8,36.2,16.6
2026-04-15 08:01:14,85.96,94.5,117.5,6.45,79.3,38.7,16.5
2026-04-15 08:01:15,86.07,97.7,120.9,5.89,78.8,35.3,16.5
2026-04-15 08:01:15,85.99,92.3,115.5,6.2,79.3,33.9,16.5
2026-04-15 08:01:15,86.05,100.6,124.1,5.71,79.3,34.3,16.5
2026-04-15 08:01:15,86.1,92.0,115.6,6.32,78.2,35.0,16.5
2026-04-15 08:01:15,85.96,94.6,117.7,5.92,79.3,40.0,16.5
2026-04-15 08:01:15,86.06,94.0,116.6,6.0,78.2,40.6,16.5
2026-04-15 08:01:16,86.1,102.3,125.4,5.75,78.8,41.7,16.5
2026-04-15 08:01:16,86.17,108.9,131.7,5.77,79.3,36.8,16.5
2026-04-15 08:01:16,86.14,93.2,116.6,6.53,80.4,37.9,16.5
2026-04-15 08:01:16,86.05,92.0,113.2,6.12,78.8,36.9,16.6
2026-04-15 08:01:16,86.09,110.3,133.4,5.41,78.8,34.7,16.5
2026-04-15 08:01:16,86.07,84.4,106.7,7.12,78.8,32.7,16.5
2026-04-15 08:01:17,86.01,90.1,105.5,7.17,79.3,40.0,16.5
2026-04-15 08:01:17,86.16,88.0,108.4,6.09,78.2,29.0,16.5
2026-04-15 08:01:17,86.09,87.6,110.4,6.01,78.8,38.2,16.5
2026-04-15 08:01:17,86.17,87.4,110.4,6.02,78.2,32.8,16.5
2026-04-15 08:01:17,86.16,84.9,93.9,7.57,78.8,41.5,16.5
2026-04-15 08:01:17,86.1,94.8,107.3,7.05,79.3,47.5,16.5
2026-04-15 08:01:17,86.17,84.4,107.5,6.4,77.7,33.9,16.4
2026-04-15 08:01:18,86.04,87.6,102.8,7.33,79.3,44.6,16.4
2026-04-15 08:01:18,85.99,85.2,97.4,7.63,77.7,38.8,16.4
2026-04-15 08:01:18,86.06,98.7,112.7,6.81,78.2,47.4,16.4
2026-04-15 08:01:18,86.02,104.2,132.1,5.66,78.8,39.4,16.5
2026-04-15 08:01:18,86.13,86.9,109.9,6.92,78.8,35.7,16.5
2026-04-15 08:01:18,86.11,108.6,120.7,6.46,78.2,46.9,16.5
2026-04-15 08:01:19,86.29,118.0,138.4,5.68,78.2,36.4,16.5
2026-04-15 08:01:19,86.25,87.0,101.9,7.37,79.3,37.0,16.5
2026-04-15 08:01:19,86.12,85.9,98.2,7.45,79.8,40.7,16.5
2026-04-15 08:01:19,86.03,112.0,123.9,6.33,78.8,43.5,16.5
2026-04-15 08:01:19,86.05,87.4,107.2,7.08,78.8,36.4,16.5
2026-04-15 08:01:19,85.88,87.9,111.2,5.98,78.8,33.3,16.5
2026-04-15 08:01:19,86.02,83.9,107.0,6.15,78.2,33.8,16.5
2026-04-15 08:01:20,85.82,94.8,109.2,6.94,78.2,40.4,16.5
2026-04-15 08:01:20,85.97,91.4,114.1,6.12,79.8,34.9,16.5
2026-04-15 08:01:20,86.09,91.2,113.8,6.01,79.8,34.4,16.5
2026-04-15 08:01:20,86.01,121.8,144.9,5.07,78.8,41.2,16.5
2026-04-15 08:01:20,85.9,86.5,109.7,6.07,79.3,30.6,16.5
2026-04-15 08:01:20,85.91,96.4,107.5,6.98,78.8,40.0,16.5
2026-04-15 08:01:21,86.02,100.4,123.3,5.86,78.8,36.4,16.5
2026-04-15 08:01:21,85.85,84.4,107.5,6.65,79.3,37.5,16.5
2026-04-15 08:01:21,85.92,88.3,103.6,7.28,78.2,41.5,16.5
2026-04-15 08:01:21,85.9,91.4,111.5,5.9,78.2,36.4,16.5
2026-04-15 08:01:21,85.97,99.1,122.2,5.74,78.8,35.7,16.5
2026-04-15 08:01:21,85.85,116.2,138.3,5.44,78.8,34.3,16.5
2026-04-15 08:01:22,85.8,92.8,109.3,6.98,78.2,43.1,16.5
2026-04-15 08:01:22,85.94,94.8,118.3,5.92,78.2,35.8,16.5
2026-04-15 08:01:22,85.84,96.6,119.3,5.94,78.8,34.8,16.5
2026-04-15 08:01:22,85.92,106.9,130.7,5.62,78.8,38.4,16.5
2026-04-15 08:01:22,85.9,90.6,113.7,6.71,78.2,32.1,16.6
2026-04-15 08:01:22,85.93,115.9,138.8,5.21,78.2,42.3,16.6
2026-04-15 08:01:23,85.84,94.7,111.6,6.88,78.8,43.3,16.6
2026-04-15 08:01:23,85.81,110.7,133.8,5.47,79.8,36.1,16.6
2026-04-15 08:01:23,85.79,92.4,114.5,6.75,78.2,39.3,16.6
2026-04-15 08:01:23,85.77,89.3,112.5,6.11,78.8,33.3,16.6
2026-04-15 08:01:23,85.73,84.5,107.5,6.19,77.7,37.3,16.5
2026-04-15 08:01:23,85.82,87.8,100.6,7.31,78.2,38.0,16.6
2026-04-15 08:01:24,85.93,94.2,114.9,5.78,79.3,35.8,16.5
2026-04-15 08:01:24,85.98,109.0,126.5,5.51,79.3,35.2,16.5
2026-04-15 08:01:24,85.83,104.5,126.8,6.1,78.8,40.6,16.5
2026-04-15 08:01:24,85.84,97.8,120.9,6.33,79.3,39.4,16.6
2026-04-15 08:01:24,85.92,91.0,114.0,6.26,78.8,42.6,16.5
2026-04-15 08:01:24,85.86,88.1,110.8,6.11,78.8,31.7,16.6
2026-04-15 08:01:25,86.0,109.2,131.7,5.33,78.8,40.8,16.6
2026-04-15 08:01:25,85.91,104.4,127.4,6.18,79.3,41.5,16.6
2026-04-15 08:01:25,85.9,96.3,119.6,6.3,77.7,32.2,16.5
2026-04-15 08:01:25,85.85,96.9,120.0,5.99,77.7,35.4,16.6
2026-04-15 08:01:25,85.7,89.0,112.1,6.3,79.3,35.9,16.6
2026-04-15 08:01:25,85.88,136.3,157.3,4.67,77.7,35.7,16.6
2026-04-15 08:01:26,85.91,83.8,105.6,6.78,78.8,34.5,16.6
2026-04-15 08:01:26,86.03,103.5,116.4,6.53,78.8,45.9,16.6
2026-04-15 08:01:26,85.97,112.9,136.1,5.69,78.8,33.8,16.6
2026-04-15 08:01:26,86.0,94.4,112.4,6.75,79.8,45.0,16.6
2026-04-15 08:01:26,86.02,85.5,108.7,6.34,78.8,28.8,16.7
2026-04-15 08:01:26,85.93,112.4,124.1,6.24,77.1,42.9,16.7
2026-04-15 08:01:27,85.97,110.5,130.8,6.08,77.7,39.3,16.7
2026-04-15 08:01:27,85.98,86.8,109.4,6.99,78.2,43.5,16.7
2026-04-15 08:01:27,85.91,87.1,102.5,7.3,77.7,43.9,16.7
2026-04-15 08:01:27,85.96,100.4,123.9,5.64,78.2,34.3,16.8
2026-04-15 08:01:27,86.13,89.0,111.9,6.49,78.8,38.7,16.7
2026-04-15 08:01:27,86.12,89.7,111.7,5.95,78.8,32.8,16.8
2026-04-15 08:01:27,86.13,86.4,109.4,6.15,79.3,32.8,16.8
2026-04-15 08:01:28,86.14,100.5,114.6,6.73,77.7,44.1,16.7
2026-04-15 08:01:28,86.15,88.0,110.8,6.54,78.8,35.0,16.7
2026-04-15 08:01:28,86.06,117.3,138.2,5.1,78.8,37.5,16.7
2026-04-15 08:01:28,86.17,100.0,114.7,6.7,78.2,41.4,16.7
2026-04-15 08:01:28,86.19,92.3,115.6,6.29,79.8,32.3,16.7
2026-04-15 08:01:28,86.09,89.3,112.9,6.05,77.1,37.3,16.7
2026-04-15 08:01:29,86.0,84.9,109.6,6.15,79.3,34.9,16.7
2026-04-15 08:01:29,86.09,84.1,96.4,7.66,78.8,37.3,16.7
2026-04-15 08:01:29,86.05,117.1,128.5,6.01,78.8,49.3,16.7
2026-04-15 08:01:29,85.96,92.3,106.8,6.99,79.3,41.1,16.7
2026-04-15 08:01:29,86.18,84.6,107.6,6.35,78.8,37.9,16.7
2026-04-15 08:01:29,86.12,92.1,107.4,7.08,78.8,37.7,16.7
2026-04-15 08:01:30,86.09,98.7,122.2,5.77,79.3,38.0,16.7
2026-04-15 08:01:30,86.02,84.8,107.9,6.57,78.2,31.0,16.7
2026-04-15 08:01:30,86.1,88.4,103.4,7.3,80.4,39.6,16.7
2026-04-15 08:01:30,85.8,93.1,103.7,7.24,79.3,41.5,16.7
2026-04-15 08:01:30,85.84,100.5,123.2,5.75,78.2,37.1,16.6
2026-04-15 08:01:30,85.9,91.3,114.4,6.36,80.4,37.5,16.6
2026-04-15 08:01:30,85.92,100.9,123.9,5.67,78.2,35.3,16.6
2026-04-15 08:01:31,86.01,131.7,154.9,5.07,79.3,41.0,16.6
2026-04-15 08:01:31,85.96,92.2,115.2,6.24,78.8,39.7,16.6
2026-04-15 08:01:31,86.18,123.3,146.3,5.06,77.7,36.8,16.6
2026-04-15 08:01:31,86.07,87.4,110.3,6.1,79.3,34.4,16.6
2026-04-15 08:01:31,86.1,102.7,114.4,6.73,79.3,43.1,16.6
2026-04-15 08:01:31,86.11,89.6,112.9,6.51,78.8,36.1,16.6
2026-04-15 08:01:32,85.98,87.9,110.9,6.07,78.2,34.8,16.6
2026-04-15 08:01:32,86.13,86.2,109.3,6.06,80.4,34.8,16.6
2026-04-15 08:01:32,86.0,92.5,105.1,7.16,79.3,46.4,16.6
2026-04-15 08:01:32,86.04,100.3,120.2,5.73,78.8,35.3,16.6
2026-04-15 08:01:32,86.02,87.3,110.3,6.52,79.3,33.3,16.6
2026-04-15 08:01:32,86.12,105.4,115.1,6.6,78.2,43.5,16.7
2026-04-15 08:01:33,85.98,108.8,131.6,5.89,78.8,35.5,16.6
2026-04-15 08:01:33,85.97,107.5,130.6,6.05,77.7,41.5,16.6
2026-04-15 08:01:33,85.96,95.2,118.6,6.48,79.3,42.4,16.6
2026-04-15 08:01:33,85.93,86.9,110.4,6.3,78.8,36.1,16.6
2026-04-15 08:01:33,85.88,82.6,94.6,7.79,78.2,43.6,16.6
2026-04-15 08:01:33,85.81,89.8,108.2,7.04,78.2,39.6,16.6
2026-04-15 08:01:34,85.97,99.8,123.5,5.69,78.2,36.6,16.6
2026-04-15 08:01:34,85.92,93.9,117.5,6.23,78.8,33.9,16.6
2026-04-15 08:01:34,85.89,89.6,112.8,6.18,79.3,35.9,16.7
2026-04-15 08:01:34,85.9,98.7,118.3,5.68,78.8,38.9,16.7
2026-04-15 08:01:34,86.05,110.3,133.4,5.62,78.8,38.6,16.7
2026-04-15 08:01:34,86.06,94.9,117.0,6.61,79.3,40.0,16.8
2026-04-15 08:01:34,85.92,90.3,113.0,6.17,79.3,39.4,16.7
2026-04-15 08:01:35,85.88,110.4,129.0,5.36,78.2,33.8,16.6
2026-04-15 08:01:35,85.96,102.4,125.5,6.27,78.8,37.1,16.7
2026-04-15 08:01:35,85.86,98.8,121.9,6.18,79.3,39.3,16.7
2026-04-15 08:01:35,85.92,101.7,124.7,5.9,79.3,42.0,16.7
2026-04-15 08:01:35,85.9,92.1,115.4,6.36,78.8,36.5,16.7
2026-04-15 08:01:35,85.94,89.5,112.7,6.11,78.8,34.4,16.7
2026-04-15 08:01:36,85.83,84.7,108.3,6.16,78.8,31.7,16.7
2026-04-15 08:01:36,85.66,86.4,100.5,7.43,79.3,38.0,16.7
2026-04-15 08:01:36,85.74,101.9,114.6,6.72,79.8,45.0,16.7
2026-04-15 08:01:36,85.77,84.2,106.7,6.72,78.8,37.3,16.7
2026-04-15 08:01:36,85.64,96.7,112.8,6.83,77.7,45.0,16.7
2026-04-15 08:01:36,85.75,113.8,136.9,5.47,78.8,45.2,16.7
2026-04-15 08:01:37,85.8,84.9,103.7,7.27,77.7,35.2,16.7
2026-04-15 08:01:37,85.6,87.1,103.8,7.17,80.4,43.6,16.7
2026-04-15 08:01:37,85.7,96.3,119.3,5.82,79.3,35.3,16.7
2026-04-15 08:01:37,85.8,89.5,113.7,6.22,78.8,40.3,16.7
2026-04-15 08:01:37,85.56,91.9,112.8,5.96,78.2,34.8,16.7
2026-04-15 08:01:37,85.54,94.9,117.1,5.9,78.8,36.8,16.7
2026-04-15 08:01:38,85.43,96.5,118.8,5.94,78.2,33.8,16.7
2026-04-15 08:01:38,85.48,90.1,110.2,6.24,79.8,32.3,16.7
2026-04-15 08:01:38,85.71,96.8,119.7,5.77,78.2,39.4,16.7
2026-04-15 08:01:38,85.74,86.9,109.4,6.39,77.7,37.9,16.7
2026-04-15 08:01:38,85.78,84.5,97.1,7.58,78.2,44.4,16.7
2026-04-15 08:01:38,85.69,86.8,109.8,5.96,78.8,32.3,16.8
2026-04-15 08:01:38,85.67,89.7,102.1,7.33,78.8,45.5,16.8
2026-04-15 08:01:39,85.69,84.4,107.3,6.2,79.3,34.8,16.8
2026-04-15 08:01:39,85.72,86.1,99.0,7.27,79.8,44.9,16.8
2026-04-15 08:01:39,85.66,87.8,111.6,6.01,78.8,37.3,16.9
2026-04-15 08:01:39,85.61,106.7,128.9,5.41,79.8,34.2,16.9
2026-04-15 08:01:39,85.63,112.1,133.8,5.82,78.2,39.4,16.9
2026-04-15 08:01:39,85.76,86.7,107.2,7.08,78.8,40.0,16.9
2026-04-15 08:01:40,85.68,84.9,97.4,7.6,79.3,40.4,16.9
2026-04-15 08:01:40,85.64,106.0,116.7,6.49,78.8,41.7,16.9
2026-04-15 08:01:40,85.68,102.8,125.8,6.12,79.8,34.9,16.8
2026-04-15 08:01:40,85.73,93.3,116.6,6.35,78.8,34.9,16.9
2026-04-15 08:01:40,85.64,89.9,113.0,6.13,79.3,38.5,16.9
2026-04-15 08:01:40,85.66,111.6,132.7,5.28,79.3,35.1,16.8
2026-04-15 08:01:41,85.72,113.3,133.5,5.97,78.8,39.4,16.8
2026-04-15 08:01:41,85.71,88.6,115.7,6.69,79.3,44.1,16.8
2026-04-15 08:01:41,85.76,95.8,117.6,6.03,79.8,33.9,16.8
2026-04-15 08:01:41,85.82,84.8,107.9,6.42,78.8,37.1,16.8
2026-04-15 08:01:41,85.72,88.6,102.2,7.3,78.2,42.9,16.9
2026-04-15 08:01:41,85.68,90.0,102.6,7.34,79.3,45.5,16.9
2026-04-15 08:01:41,85.75,88.2,111.1,6.13,78.8,34.4,16.8
2026-04-15 08:01:42,85.83,109.2,132.1,5.33,78.2,36.0,16.8
2026-04-15 08:01:42,85.72,95.0,118.1,6.56,79.3,37.3,16.8
2026-04-15 08:01:42,85.57,86.2,107.4,6.33,79.3,33.9,16.8
2026-04-15 08:01:42,85.74,93.4,105.8,7.12,77.7,39.6,16.7
2026-04-15 08:01:42,85.7,109.2,132.4,5.49,78.8,38.6,16.8
2026-04-15 08:01:42,85.74,97.8,120.3,6.44,78.8,41.3,16.7
2026-04-15 08:01:43,85.72,103.0,126.0,5.82,78.2,41.1,16.8
2026-04-15 08:01:43,85.55,97.8,119.7,6.21,78.2,34.4,16.8
2026-04-15 08:01:43,85.64,93.1,115.3,6.15,78.8,40.6,16.8
2026-04-15 08:01:43,85.72,90.8,113.8,6.09,79.3,35.9,16.8
2026-04-15 08:01:43,85.58,110.0,133.1,5.39,78.8,31.9,16.8
2026-04-15 08:01:43,85.81,93.1,115.4,6.68,79.8,41.5,16.7
2026-04-15 08:01:44,85.72,92.0,115.2,6.04,78.8,32.8,16.7
2026-04-15 08:01:44,85.7,89.6,112.6,6.1,78.8,38.5,16.6
2026-04-15 08:01:44,85.72,87.2,110.3,6.09,78.8,35.3,16.6
2026-04-15 08:01:44,85.59,95.7,118.6,5.71,78.8,35.7,16.5
2026-04-15 08:01:44,85.63,86.4,109.5,6.36,78.8,34.4,16.5
2026-04-15 08:01:44,85.54,142.3,155.5,5.28,79.3,47.1,16.5
2026-04-15 08:01:45,85.76,98.6,121.7,6.42,79.3,38.7,16.5
2026-04-15 08:01:45,85.61,95.4,118.2,6.12,77.7,36.4,16.5
2026-04-15 08:01:45,85.59,87.4,110.2,6.3,78.2,36.5,16.5
2026-04-15 08:01:45,85.78,98.1,110.2,6.94,78.8,43.9,16.6
2026-04-15 08:01:45,85.62,84.6,107.8,6.54,78.8,38.5,16.6
2026-04-15 08:01:45,85.59,87.8,102.5,7.32,79.8,43.6,16.6
2026-04-15 08:01:45,85.55,89.5,102.6,7.31,78.8,48.3,16.7
2026-04-15 08:01:46,85.66,109.6,133.0,5.4,78.2,36.0,16.7
2026-04-15 08:01:46,85.84,104.9,126.4,6.2,78.8,33.9,16.8
2026-04-15 08:01:46,85.69,95.3,118.5,6.36,78.8,42.6,16.8
2026-04-15 08:01:46,85.87,102.4,125.5,5.76,78.8,41.4,16.8
2026-04-15 08:01:46,85.66,87.8,110.8,6.58,80.4,39.3,16.8
2026-04-15 08:01:46,85.83,86.2,109.1,6.05,79.8,32.8,16.8
2026-04-15 08:01:47,85.69,104.1,113.7,6.62,78.8,38.3,16.8
2026-04-15 08:01:47,85.57,94.4,117.6,6.38,78.8,34.5,16.8
2026-04-15 08:01:47,85.67,95.3,113.9,5.98,78.8,39.4,16.7
2026-04-15 08:01:47,85.61,95.9,116.8,5.98,79.3,33.8,16.7
2026-04-15 08:01:47,85.49,101.6,124.4,5.8,79.3,40.6,16.7
2026-04-15 08:01:47,85.59,87.2,106.3,6.57,78.8,34.5,16.8
2026-04-15 08:01:48,85.62,90.2,113.2,5.9,79.8,33.8,16.8
2026-04-15 08:01:48,85.52,104.1,127.2,5.54,78.8,29.4,16.8
2026-04-15 08:01:48,85.62,91.9,114.8,6.48,78.8,39.7,16.8
2026-04-15 08:01:48,85.58,103.5,126.5,5.61,79.3,37.0,16.8
2026-04-15 08:01:48,85.66,93.7,116.8,6.38,78.2,33.3,16.8
2026-04-15 08:01:48,85.52,97.3,119.9,5.86,78.8,36.4,16.8
2026-04-15 08:01:49,85.75,88.6,112.8,6.25,78.8,40.0,16.7
2026-04-15 08:01:49,85.48,114.6,137.7,5.25,79.3,34.2,16.7
2026-04-15 08:01:49,85.59,87.4,104.8,7.18,79.3,34.6,16.7
2026-04-15 08:01:49,85.63,93.8,104.6,7.15,78.8,46.6,16.7
2026-04-15 08:01:49,85.64,95.1,118.2,5.97,78.8,31.3,16.7
2026-04-15 08:01:49,85.57,96.4,119.5,5.95,78.8,37.9,16.7
2026-04-15 08:01:50,85.58,98.2,121.3,5.93,79.3,37.9,16.7
2026-04-15 08:01:50,85.62,94.5,117.4,6.11,79.3,37.9,16.7
2026-04-15 08:01:50,85.62,95.6,118.4,6.01,78.8,43.9,16.6
2026-04-15 08:01:50,85.53,86.0,109.4,6.35,79.3,40.3,16.6
2026-04-15 08:01:50,85.52,90.8,99.8,7.25,79.3,42.9,16.6
2026-04-15 08:01:50,85.47,90.0,113.0,6.03,78.2,33.8,16.6
2026-04-15 08:01:51,85.51,87.6,109.8,6.09,79.3,33.3,16.6
2026-04-15 08:01:51,85.56,120.8,143.8,5.0,79.3,33.8,16.6
2026-04-15 08:01:51,85.61,94.7,117.8,5.76,78.8,35.3,16.6
2026-04-15 08:01:51,85.61,96.7,122.7,5.83,79.3,36.8,16.6
2026-04-15 08:01:51,85.63,87.7,110.9,6.47,79.8,37.7,16.6
2026-04-15 08:01:51,85.64,109.0,132.0,5.33,79.3,34.7,16.6
2026-04-15 08:01:52,85.62,85.4,108.5,6.99,77.7,33.3,16.6
2026-04-15 08:01:52,85.47,87.8,102.3,7.34,78.8,43.6,16.5
2026-04-15 08:01:52,85.56,90.6,113.7,5.92,78.8,35.3,16.5
2026-04-15 08:01:52,85.58,96.9,119.9,5.73,78.8,34.3,16.5
2026-04-15 08:01:52,85.48,95.6,118.6,6.13,78.8,34.8,16.5
2026-04-15 08:01:52,85.49,107.2,130.1,5.61,78.8,40.6,16.5
2026-04-15 08:01:53,85.75,85.3,108.1,6.91,78.8,36.8,16.5
2026-04-15 08:01:53,85.78,86.5,100.2,7.44,78.8,41.5,16.5
2026-04-15 08:01:53,85.72,86.6,99.4,7.49,78.8,42.3,16.5
2026-04-15 08:01:53,85.58,86.2,98.2,7.54,78.2,41.2,16.5
2026-04-15 08:01:53,85.79,97.7,109.3,6.9,79.3,40.4,16.5
2026-04-15 08:01:53,85.76,112.7,134.5,5.51,78.2,41.3,16.5
2026-04-15 08:01:53,85.66,86.0,106.4,7.14,79.8,34.0,16.5
2026-04-15 08:01:54,85.52,92.6,108.6,7.0,79.8,41.4,16.5
2026-04-15 08:01:54,85.54,93.6,116.8,6.06,79.3,39.1,16.6
2026-04-15 08:01:54,85.61,99.0,122.2,5.83,80.4,34.3,16.6
2026-04-15 08:01:54,85.56,106.7,128.8,5.74,78.2,38.9,16.6
2026-04-15 08:01:54,85.66,85.8,109.0,6.87,79.3,37.3,16.6
2026-04-15 08:01:54,85.65,87.4,99.2,7.41,79.8,41.2,16.5
2026-04-15 08:01:54,85.66,105.1,114.4,6.61,79.3,45.6,16.5
2026-04-15 08:01:55,85.58,145.0,169.0,4.83,77.7,37.0,16.5
2026-04-15 08:01:55,85.6,103.5,124.1,6.34,79.8,40.6,16.5
2026-04-15 08:01:55,85.48,84.6,107.4,6.77,79.3,35.6,16.5
2026-04-15 08:01:55,85.75,96.6,111.5,6.88,78.8,42.4,16.5
2026-04-15 08:01:55,85.75,104.4,130.7,5.63,79.3,38.0,16.5
2026-04-15 08:01:55,85.73,91.7,114.9,6.64,78.2,38.7,16.5
2026-04-15 08:01:56,85.8,108.1,131.4,5.46,79.3,35.2,16.4
2026-04-15 08:01:56,85.57,94.4,117.5,6.55,79.3,35.6,16.5
2026-04-15 08:01:56,85.58,102.1,125.6,5.73,79.3,41.9,16.5
2026-04-15 08:01:56,85.75,90.0,113.2,6.48,79.3,35.6,16.5
2026-04-15 08:01:56,85.86,119.5,142.4,5.1,78.2,31.5,16.5
2026-04-15 08:01:56,85.79,94.6,106.0,7.06,77.7,41.8,16.5
2026-04-15 08:01:57,85.94,112.0,131.6,5.43,80.4,40.3,16.4
2026-04-15 08:01:57,85.66,95.9,116.4,6.65,78.8,37.3,16.4
2026-04-15 08:01:57,85.75,93.9,116.5,6.02,78.2,34.4,16.4
2026-04-15 08:01:57,85.68,85.9,108.3,6.33,78.8,36.9,16.4
2026-04-15 08:01:57,85.79,104.9,116.0,6.6,78.8,42.1,16.4
2026-04-15 08:01:57,85.78,110.0,133.0,5.83,79.8,39.1,16.4
2026-04-15 08:01:58,85.7,86.3,109.2,6.99,79.3,37.5,16.4
2026-04-15 08:01:58,85.77,94.7,107.1,7.06,78.2,45.0,16.4
2026-04-15 08:01:58,85.79,109.3,133.2,5.49,78.8,33.8,16.4
2026-04-15 08:01:58,85.68,89.0,111.6,6.88,79.3,33.3,16.4
2026-04-15 08:01:58,85.84,86.0,109.2,6.11,79.3,32.8,16.4
2026-04-15 08:01:58,85.76,86.5,101.9,7.36,78.8,42.6,16.3
2026-04-15 08:01:59,85.98,89.2,112.1,5.98,79.3,40.6,16.3
2026-04-15 08:01:59,85.96,83.8,106.1,6.21,78.2,36.2,16.3
2026-04-15 08:01:59,85.79,88.2,96.1,7.26,79.8,50.9,16.3
2026-04-15 08:01:59,85.71,88.0,109.5,6.02,78.2,35.4,16.4
2026-04-15 08:01:59,85.84,85.1,108.3,6.11,78.2,30.2,16.3
2026-04-15 08:01:59,85.9,87.9,102.0,7.34,79.3,43.6,16.4
2026-04-15 08:01:59,85.78,93.7,116.6,5.81,79.8,39.7,16.4
2026-04-15 08:02:00,85.91,85.6,108.7,6.31,78.2,32.8,16.4
2026-04-15 08:02:00,85.9,88.1,101.2,7.37,78.8,43.9,16.4
2026-04-15 08:02:00,85.84,107.0,119.2,6.51,79.3,39.0,16.4
2026-04-15 08:02:00,85.88,84.5,107.5,7.01,78.2,36.8,16.4
2026-04-15 08:02:00,85.79,86.4,101.5,7.39,78.8,42.6,16.4
2026-04-15 08:02:00,85.88,92.1,104.7,7.2,78.2,39.6,16.5
2026-04-15 08:02:01,85.88,89.6,116.7,5.95,78.2,36.8,16.5
2026-04-15 08:02:01,85.8,83.9,107.0,6.38,78.8,34.4,16.5
2026-04-15 08:02:01,85.83,89.5,105.7,7.17,79.3,41.8,16.5
2026-04-15 08:02:01,85.67,122.7,144.7,5.02,78.2,31.5,16.6
2026-04-15 08:02:01,85.91,96.0,117.2,5.76,77.7,41.4,16.6
2026-04-15 08:02:01,85.77,86.0,108.5,6.38,79.3,36.1,16.6
2026-04-15 08:02:01,85.89,91.6,102.3,7.2,77.7,42.9,16.6
2026-04-15 08:02:02,85.86,90.4,114.3,6.01,79.3,35.9,16.6
2026-04-15 08:02:02,85.87,106.3,129.4,5.52,77.7,32.9,16.6
2026-04-15 08:02:02,85.83,87.2,109.8,6.77,79.3,40.0,16.6
2026-04-15 08:02:02,85.99,87.2,99.1,7.5,80.4,45.5,16.6
2026-04-15 08:02:02,85.97,86.4,98.2,7.57,78.2,43.4,16.6
2026-04-15 08:02:02,86.03,85.3,96.3,7.56,78.8,42.3,16.6
2026-04-15 08:02:03,85.91,89.8,101.3,7.25,79.3,43.6,16.5
2026-04-15 08:02:03,86.05,94.5,117.8,5.8,80.4,36.6,16.6
2026-04-15 08:02:03,85.91,85.4,108.3,6.33,78.8,31.7,16.6
2026-04-15 08:02:03,85.76,103.4,114.5,6.68,77.7,39.7,16.6
2026-04-15 08:02:03,85.95,112.5,131.9,5.7,78.8,36.2,16.6
2026-04-15 08:02:03,85.65,103.3,124.7,6.31,78.2,43.8,16.5
2026-04-15 08:02:03,85.96,89.3,112.7,6.59,78.2,37.3,16.5
2026-04-15 08:02:04,85.93,86.2,109.3,6.12,79.3,34.8,16.5
2026-04-15 08:02:04,85.84,91.9,115.5,5.79,79.3,40.3,16.5
2026-04-15 08:02:04,85.87,84.4,107.4,6.31,78.8,35.4,16.4
2026-04-15 08:02:04,85.9,87.6,102.3,7.32,79.3,39.2,16.4
2026-04-15 08:02:04,85.96,92.3,101.4,7.25,78.2,47.5,16.4
2026-04-15 08:02:04,85.97,102.6,125.6,5.66,78.2,32.9,16.4
2026-04-15 08:02:05,85.87,92.5,115.5,6.38,79.3,34.4,16.4
2026-04-15 08:02:05,85.98,114.6,134.5,5.26,77.7,42.3,16.4
2026-04-15 08:02:05,85.96,87.0,104.5,7.22,78.8,41.4,16.4
2026-04-15 08:02:05,85.93,88.3,111.6,5.98,77.7,35.4,16.4
2026-04-15 08:02:05,85.92,99.7,111.1,6.9,78.8,43.1,16.4
2026-04-15 08:02:05,86.01,86.4,108.8,6.54,79.8,35.0,16.4
2026-04-15 08:02:06,85.96,87.2,99.1,7.47,78.8,41.2,16.4
2026-04-15 08:02:06,85.93,90.9,101.5,7.27,78.2,47.5,16.4
2026-04-15 08:02:06,85.76,105.5,128.2,5.53,77.7,33.8,16.3
2026-04-15 08:02:06,85.89,98.8,120.8,6.26,78.8,46.2,16.4
2026-04-15 08:02:06,85.97,86.1,107.5,6.5,78.8,36.5,16.4
2026-04-15 08:02:06,85.91,87.7,100.5,7.4,77.7,40.4,16.4
2026-04-15 08:02:06,85.93,96.2,119.0,5.72,78.8,36.1,16.4
2026-04-15 08:02:07,85.85,87.7,110.9,6.33,78.8,29.3,16.4
2026-04-15 08:02:07,85.81,99.3,119.4,5.61,79.3,37.5,16.4
2026-04-15 08:02:07,85.88,119.1,142.2,5.36,79.3,41.7,16.4
2026-04-15 08:02:07,85.92,90.4,101.1,7.26,78.8,37.7,16.4
2026-04-15 08:02:07,86.07,85.2,109.6,6.14,79.3,34.4,16.4
2026-04-15 08:02:07,85.92,84.6,97.2,7.63,78.8,38.5,16.4
2026-04-15 08:02:08,86.05,92.7,108.7,7.01,78.2,41.8,16.3
2026-04-15 08:02:08,86.02,87.0,109.3,6.24,79.3,30.6,16.3
2026-04-15 08:02:08,85.99,86.7,107.2,6.0,78.2,37.7,16.3
2026-04-15 08:02:08,86.06,91.2,115.4,5.85,79.3,33.8,16.3
2026-04-15 08:02:08,85.87,85.7,108.7,6.25,79.3,36.4,16.3
2026-04-15 08:02:08,86.0,87.6,101.2,7.38,78.2,40.4,16.4
2026-04-15 08:02:09,86.08,87.7,111.2,5.99,79.3,35.3,16.4
2026-04-15 08:02:09,86.05,93.0,103.6,7.22,78.2,46.6,16.4
2026-04-15 08:02:09,85.84,92.3,115.3,6.04,78.8,33.3,16.4
2026-04-15 08:02:09,85.97,84.0,107.4,6.3,79.3,34.9,16.4
2026-04-15 08:02:09,85.89,119.4,131.4,5.94,78.2,48.6,16.4
2026-04-15 08:02:09,86.08,87.1,100.2,7.4,79.3,36.5,16.4
2026-04-15 08:02:09,85.85,92.1,115.4,5.85,78.2,32.8,16.4
2026-04-15 08:02:10,85.86,122.1,145.1,5.09,78.8,32.9,16.4
2026-04-15 08:02:10,85.71,93.1,116.0,5.86,79.3,33.8,16.4
2026-04-15 08:02:10,85.88,85.6,112.4,6.14,78.8,31.1,16.4
2026-04-15 08:02:10,85.79,90.3,113.5,5.97,77.1,35.4,16.5
2026-04-15 08:02:10,85.95,86.9,110.6,6.1,79.8,34.4,16.5
2026-04-15 08:02:10,85.87,86.0,97.5,7.6,77.7,44.4,16.5
2026-04-15 08:02:11,85.79,110.5,124.0,6.34,78.8,36.2,16.6
2026-04-15 08:02:11,85.67,96.8,118.9,6.54,77.7,38.7,16.6
2026-04-15 08:02:11,85.67,91.9,115.4,6.16,78.8,35.4,16.6
2026-04-15 08:02:11,85.74,109.6,132.5,5.44,78.8,39.7,16.6
2026-04-15 08:02:11,85.72,105.2,125.4,6.16,79.3,45.2,16.6
2026-04-15 08:02:11,85.68,91.3,114.4,6.56,79.3,39.3,16.6
2026-04-15 08:02:12,85.77,98.9,120.8,5.74,79.3,33.8,16.6
2026-04-15 08:02:12,85.88,92.7,114.7,6.24,78.2,35.9,16.6
2026-04-15 08:02:12,85.78,95.6,118.5,5.9,79.3,33.8,16.6
2026-04-15 08:02:12,85.82,88.4,111.5,6.27,79.3,36.5,16.6
2026-04-15 08:02:12,85.7,90.2,114.4,5.9,78.8,33.3,16.5
2026-04-15 08:02:12,85.81,89.6,112.7,6.03,78.8,38.2,16.5
2026-04-15 08:02:13,85.88,87.0,110.1,6.14,78.8,28.3,16.5
2026-04-15 08:02:13,85.9,87.3,99.0,7.49,78.8,44.4,16.5
2026-04-15 08:02:13,85.78,99.6,111.1,6.86,80.4,44.6,16.5
2026-04-15 08:02:13,85.64,92.5,115.5,6.28,79.3,40.9,16.4
2026-04-15 08:02:13,85.91,92.1,115.2,6.02,79.8,33.8,16.4
2026-04-15 08:02:13,85.87,94.7,117.6,5.91,77.7,38.6,16.4
2026-04-15 08:02:14,85.91,95.9,118.4,5.96,80.4,34.8,16.4
2026-04-15 08:02:14,85.81,85.6,105.8,6.39,79.3,34.4,16.4
2026-04-15 08:02:14,85.8,86.9,98.9,7.42,79.3,41.5,16.5
2026-04-15 08:02:14,85.76,116.3,127.9,6.17,78.2,38.3,16.5
2026-04-15 08:02:14,85.86,85.4,102.1,7.34,79.8,35.3,16.5
2026-04-15 08:02:14,85.79,105.8,119.7,6.5,80.4,46.0,16.5
2026-04-15 08:02:14,85.75,99.2,122.2,6.28,79.3,33.9,16.5
2026-04-15 08:02:15,85.8,117.2,140.0,5.42,78.2,37.5,16.5
2026-04-15 08:02:15,85.76,94.0,109.7,6.97,79.3,41.7,16.5
2026-04-15 08:02:15,85.88,119.0,141.2,5.21,79.8,41.6,16.5
2026-04-15 08:02:15,85.84,90.3,103.1,7.27,79.3,37.7,16.5
2026-04-15 08:02:15,85.67,88.7,111.8,6.06,78.2,35.4,16.5
2026-04-15 08:02:15,85.65,88.5,106.5,6.01,79.8,33.8,16.5
2026-04-15 08:02:16,85.82,85.5,106.5,6.11,79.3,31.7,16.5
2026-04-15 08:02:16,85.76,87.6,100.5,7.37,79.8,42.6,16.5
2026-04-15 08:02:16,85.79,101.4,124.5,5.56,78.2,37.0,16.5
2026-04-15 08:02:16,85.74,111.9,133.5,5.64,78.8,41.7,16.5
2026-04-15 08:02:16,85.8,85.3,106.0,7.15,79.3,37.0,16.5
2026-04-15 08:02:16,85.79,102.3,116.6,6.64,78.8,40.7,16.4
2026-04-15 08:02:17,85.82,108.9,132.1,5.78,79.3,43.5,16.5
2026-04-15 08:02:17,85.72,86.4,109.6,6.94,78.8,40.7,16.5
2026-04-15 08:02:17,85.78,88.6,99.1,7.39,79.3,41.5,16.5
2026-04-15 08:02:17,85.67,88.2,111.5,6.0,78.8,36.8,16.5
2026-04-15 08:02:17,85.83,92.9,115.8,5.85,78.8,34.8,16.5
2026-04-15 08:02:17,85.67,93.6,115.9,5.96,78.2,34.8,16.6
2026-04-15 08:02:17,85.68,100.0,123.2,5.79,78.2,38.0,16.6
2026-04-15 08:02:18,85.72,105.4,128.5,5.81,79.3,37.9,16.6
2026-04-15 08:02:18,85.74,83.7,106.7,6.91,79.8,33.9,16.6
2026-04-15 08:02:18,85.83,86.5,101.9,7.34,78.2,40.4,16.6
2026-04-15 08:02:18,85.72,86.3,99.4,7.5,78.8,40.4,16.6
2026-04-15 08:02:18,85.73,100.0,111.9,6.83,78.2,42.4,16.6
2026-04-15 08:02:18,85.49,124.2,147.2,5.24,78.8,37.7,16.7
2026-04-15 08:02:19,85.76,90.2,112.2,6.0,79.8,36.8,16.7
2026-04-15 08:02:19,85.89,100.1,122.9,5.69,79.8,40.6,16.6
2026-04-15 08:02:19,85.86,94.2,117.3,6.22,78.8,36.5,16.6
2026-04-15 08:02:19,85.69,93.6,116.0,6.03,79.3,31.7,16.6
2026-04-15 08:02:19,85.52,85.2,108.3,6.32,78.8,35.9,16.7
2026-04-15 08:02:19,85.68,87.6,101.3,7.38,78.2,40.4,16.7
2026-04-15 08:02:20,85.61,91.1,103.2,7.3,79.8,43.9,16.7
2026-04-15 08:02:20,85.65,103.0,125.9,5.6,79.8,35.7,16.7
2026-04-15 08:02:20,85.62,93.5,116.7,6.37,79.3,33.9,16.7
2026-04-15 08:02:20,85.78,126.5,149.8,5.0,79.3,36.8,16.7
2026-04-15 08:02:20,85.68,94.8,119.9,5.89,79.8,33.8,16.7
2026-04-15 08:02:20,85.83,90.6,112.5,6.23,78.8,34.9,16.7
2026-04-15 08:02:21,85.66,91.0,113.8,5.99,79.3,40.0,16.7
2026-04-15 08:02:21,85.64,89.4,112.6,6.05,78.2,36.4,16.7
2026-04-15 08:02:21,85.6,85.7,108.7,6.15,78.8,33.8,16.7
2026-04-15 08:02:21,85.74,91.7,105.8,7.15,79.8,45.5,16.7
2026-04-15 08:02:21,85.73,90.6,113.9,6.05,79.8,35.8,16.6
2026-04-15 08:02:21,85.75,88.4,95.5,7.6,78.2,55.6,16.6
2026-04-15 08:02:21,85.74,87.3,110.3,6.06,77.7,29.5,16.6
2026-04-15 08:02:22,85.68,101.4,113.3,6.78,78.8,42.1,16.6
2026-04-15 08:02:22,85.64,95.3,118.4,6.24,79.3,32.8,16.6
2026-04-15 08:02:22,85.67,92.7,115.9,6.1,79.3,40.6,16.6
2026-04-15 08:02:22,85.66,102.1,123.7,5.67,79.8,37.1,16.6
2026-04-15 08:02:22,85.65,86.6,109.2,6.62,79.8,36.1,16.6
2026-04-15 08:02:22,85.79,107.1,119.5,6.5,78.8,39.0,16.6
2026-04-15 08:02:23,85.72,98.3,123.1,6.27,79.3,33.9,16.6
2026-04-15 08:02:23,85.65,95.5,118.8,6.16,79.3,35.0,16.6
2026-04-15 08:02:23,85.56,109.0,132.1,5.56,78.8,43.1,16.6
2026-04-15 08:02:23,85.57,111.7,134.4,5.91,79.3,37.9,16.6
2026-04-15 08:02:23,85.52,92.0,113.0,6.81,79.3,40.0,16.5
2026-04-15 08:02:23,85.61,88.1,111.4,6.14,79.3,33.9,16.5
2026-04-15 08:02:24,85.7,101.7,124.0,5.55,79.3,30.4,16.5
2026-04-15 08:02:24,85.65,100.6,123.9,6.03,78.8,42.6,16.4
2026-04-15 08:02:24,85.69,106.8,131.3,5.75,78.8,34.3,16.4
2026-04-15 08:02:24,85.72,109.1,132.4,5.97,79.3,40.3,16.4
2026-04-15 08:02:24,85.69,86.6,109.6,6.86,79.3,33.9,16.4
2026-04-15 08:02:24,85.78,123.3,133.9,5.91,79.3,64.2,16.4
2026-04-15 08:02:25,85.77,88.4,111.5,6.09,79.8,32.8,16.4
2026-04-15 08:02:25,85.84,94.3,105.3,7.14,79.3,42.1,16.4
2026-04-15 08:02:25,85.8,98.0,121.1,5.9,79.8,37.9,16.4
2026-04-15 08:02:25,85.65,92.1,115.2,6.24,78.8,33.9,16.5
2026-04-15 08:02:25,85.74,86.2,109.0,6.22,79.3,35.9,16.5
2026-04-15 08:02:25,85.72,88.4,98.1,7.39,79.8,46.9,16.6
2026-04-15 08:02:25,85.69,84.0,106.5,6.16,78.8,32.8,16.6
2026-04-15 08:02:26,85.59,113.3,128.8,6.14,79.3,41.3,16.6
2026-04-15 08:02:26,85.54,105.3,124.6,6.32,79.8,39.7,16.6
2026-04-15 08:02:26,85.53,109.9,133.3,5.83,78.2,41.8,16.6
2026-04-15 08:02:26,85.51,110.2,131.4,6.0,80.4,37.9,16.6
2026-04-15 08:02:26,85.7,88.1,110.4,6.91,78.2,40.7,16.6
2026-04-15 08:02:26,85.72,105.6,126.9,5.44,78.2,35.1,16.6
2026-04-15 08:02:27,85.51,100.3,123.4,6.2,79.3,36.1,16.6
2026-04-15 08:02:27,85.56,95.8,118.9,6.17,80.4,32.8,16.6
2026-04-15 08:02:27,85.78,95.0,118.3,6.03,80.4,39.7,16.7
2026-04-15 08:02:27,85.51,101.2,122.8,5.79,78.2,32.3,16.6
2026-04-15 08:02:27,85.52,87.2,110.5,6.55,79.3,37.1,16.7
2026-04-15 08:02:27,85.63,102.2,114.2,6.75,79.3,41.7,16.7
2026-04-15 08:02:28,85.68,100.3,120.6,6.06,79.3,35.9,16.7
2026-04-15 08:02:28,85.48,111.7,141.2,5.38,78.8,42.7,16.7
2026-04-15 08:02:28,85.63,103.7,116.2,6.63,79.3,41.4,16.8
2026-04-15 08:02:28,85.54,83.2,106.5,6.84,79.8,34.5,16.7
2026-04-15 08:02:28,85.55,94.4,110.8,6.92,78.8,43.1,16.7
2026-04-15 08:02:28,85.7,90.6,111.9,6.15,79.3,35.4,16.7
2026-04-15 08:02:29,85.54,88.0,110.0,6.09,79.8,30.6,16.6
2026-04-15 08:02:29,85.29,87.8,110.2,6.01,78.8,33.3,16.6
2026-04-15 08:02:29,85.74,84.6,107.6,6.13,80.4,36.8,16.6
2026-04-15 08:02:29,85.57,97.0,111.8,6.84,79.8,45.8,16.5
2026-04-15 08:02:29,85.6,109.3,131.7,5.6,79.3,41.4,16.5
2026-04-15 08:02:29,85.54,86.3,108.8,6.96,79.3,40.0,16.5
2026-04-15 08:02:29,85.76,86.1,100.4,7.43,78.8,44.6,16.5
2026-04-15 08:02:30,85.68,88.8,112.2,5.95,78.8,34.8,16.5
2026-04-15 08:02:30,85.75,83.8,106.9,6.2,78.8,31.7,16.5
2026-04-15 08:02:30,85.6,83.4,98.9,7.53,79.3,40.7,16.5
2026-04-15 08:02:30,85.54,107.2,123.0,6.33,79.8,45.2,16.5
2026-04-15 08:02:30,85.78,84.7,107.9,6.99,79.3,33.3,16.5
2026-04-15 08:02:30,85.67,95.0,110.2,6.95,79.3,38.6,16.5
2026-04-15 08:02:31,85.61,103.2,126.1,5.73,79.3,34.8,16.5
2026-04-15 08:02:31,85.65,86.8,110.0,6.65,79.8,35.0,16.5
2026-04-15 08:02:31,85.59,99.6,111.7,6.85,79.8,37.5,16.5
2026-04-15 08:02:31,85.55,85.8,110.5,6.45,79.8,37.5,16.5
2026-04-15 08:02:31,85.48,90.9,113.9,5.89,79.3,36.2,16.6
2026-04-15 08:02:31,85.62,87.8,110.9,6.12,79.3,35.8,16.5
2026-04-15 08:02:32,85.77,84.9,107.5,6.1,78.8,33.8,16.5
2026-04-15 08:02:32,85.73,86.2,100.4,7.43,78.8,44.6,16.5
2026-04-15 08:02:32,85.8,90.6,111.2,6.89,78.8,47.3,16.5
2026-04-15 08:02:32,85.72,87.9,110.7,6.4,80.4,40.6,16.6
2026-04-15 08:02:32,85.8,87.4,110.9,6.0,79.3,34.8,16.6
2026-04-15 08:02:32,85.81,83.5,105.4,6.16,78.2,35.4,16.6
2026-04-15 08:02:32,86.14,109.4,123.5,6.28,78.8,41.3,16.6
2026-04-15 08:02:33,85.72,100.1,122.1,6.36,78.8,38.1,16.6
2026-04-15 08:02:33,85.88,100.8,123.2,5.98,78.2,37.9,16.6
2026-04-15 08:02:33,85.84,117.6,140.7,5.45,79.8,37.5,16.6
2026-04-15 08:02:33,85.9,88.5,103.5,7.28,79.8,35.8,16.6
2026-04-15 08:02:33,85.89,99.1,122.5,5.63,79.3,34.3,16.5
2026-04-15 08:02:33,86.06,83.2,106.5,6.64,79.3,37.7,16.5
2026-04-15 08:02:34,85.84,85.7,102.1,7.36,78.2,40.7,16.6
2026-04-15 08:02:34,85.72,87.7,101.1,7.41,79.8,45.5,16.6
2026-04-15 08:02:34,85.63,83.7,94.8,7.74,78.8,38.0,16.6
2026-04-15 08:02:34,85.59,136.0,152.2,5.38,79.3,45.9,16.6
2026-04-15 08:02:34,85.69,104.7,127.5,5.95,79.3,38.2,16.7
2026-04-15 08:02:34,85.89,105.8,128.4,5.96,79.3,36.9,16.7
2026-04-15 08:02:35,85.82,93.0,116.5,6.49,79.8,38.3,16.6
2026-04-15 08:02:35,85.76,94.8,118.2,5.94,79.8,33.3,16.6
2026-04-15 08:02:35,85.83,107.3,126.0,5.59,79.3,36.1,16.7
2026-04-15 08:02:35,85.74,90.0,113.4,6.61,78.2,37.3,16.6
2026-04-15 08:02:35,85.91,85.6,109.0,6.23,78.2,34.4,16.6
2026-04-15 08:02:35,85.87,109.9,123.2,6.35,79.8,43.3,16.6
2026-04-15 08:02:35,85.93,85.1,106.9,7.06,80.4,34.5,16.5
2026-04-15 08:02:36,86.13,92.4,107.3,7.09,80.4,44.1,16.5
2026-04-15 08:02:36,86.0,98.8,119.2,5.8,78.8,37.3,16.5
2026-04-15 08:02:36,86.09,124.4,147.7,5.2,79.3,36.5,16.5
2026-04-15 08:02:36,85.88,109.2,132.1,5.41,78.8,42.7,16.6
2026-04-15 08:02:36,85.79,102.3,124.5,6.23,79.3,40.6,16.6
2026-04-15 08:02:36,85.96,94.0,117.2,6.35,78.2,39.7,16.6
2026-04-15 08:02:37,85.97,84.5,107.7,6.37,78.2,33.3,16.7
2026-04-15 08:02:37,85.71,101.9,115.1,6.64,79.3,38.9,16.7
2026-04-15 08:02:37,85.68,94.3,117.5,6.28,78.2,40.3,16.7
2026-04-15 08:02:37,85.67,85.8,108.6,6.33,78.2,35.5,16.7
2026-04-15 08:02:37,85.36,89.9,102.5,7.27,79.3,44.8,16.7
2026-04-15 08:02:37,85.54,85.5,108.4,6.16,79.8,37.9,16.7
2026-04-15 08:02:38,85.62,84.3,97.8,7.6,79.3,40.7,16.7
2026-04-15 08:02:38,85.68,86.4,101.4,7.37,78.2,42.3,16.7
2026-04-15 08:02:38,85.31,87.1,99.7,7.48,79.3,40.7,16.7
2026-04-15 08:02:38,85.49,94.9,107.0,7.09,77.7,45.8,16.6
2026-04-15 08:02:38,85.5,98.4,121.5,5.84,78.8,34.8,16.6
2026-04-15 08:02:38,85.69,107.6,130.8,5.72,80.4,36.8,16.7
2026-04-15 08:02:38,85.61,91.4,113.3,6.64,78.8,43.3,16.7
2026-04-15 08:02:39,85.64,85.4,108.5,6.24,79.3,31.7,16.7
2026-04-15 08:02:39,85.48,87.7,101.5,7.37,79.8,40.4,16.7
2026-04-15 08:02:39,85.68,98.5,109.6,6.93,79.8,41.8,16.7
2026-04-15 08:02:39,85.99,95.8,119.0,6.11,79.3,28.3,16.7
2026-04-15 08:02:39,85.99,105.1,125.2,5.68,77.7,34.8,16.7
2026-04-15 08:02:39,85.77,110.4,132.7,5.82,79.8,38.8,16.7
2026-04-15 08:02:40,85.78,88.5,110.8,6.92,78.8,40.7,16.7
2026-04-15 08:02:40,85.75,84.8,108.0,6.14,79.3,31.7,16.7
2026-04-15 08:02:40,85.79,102.9,117.2,6.61,80.4,39.7,16.6
2026-04-15 08:02:40,85.71,100.4,124.6,6.04,79.8,45.5,16.7
2026-04-15 08:02:40,85.91,93.1,115.8,6.34,79.3,39.1,16.7
2026-04-15 08:02:40,85.85,92.8,115.3,6.01,79.3,35.3,16.7
2026-04-15 08:02:41,85.84,103.6,127.2,5.62,78.2,33.8,16.6
2026-04-15 08:02:41,85.79,87.3,109.7,6.66,79.3,35.1,16.6
2026-04-15 08:02:41,85.82,106.1,118.7,6.56,78.2,38.6,16.7
2026-04-15 08:02:41,85.9,100.0,123.9,6.22,79.3,42.9,16.7
2026-04-15 08:02:41,85.84,86.8,109.8,6.56,79.8,35.1,16.7
2026-04-15 08:02:41,85.75,83.9,96.4,7.66,78.8,39.2,16.7
2026-04-15 08:02:41,85.86,87.6,101.7,7.3,79.8,39.6,16.7
2026-04-15 08:02:42,85.78,91.9,115.0,5.85,78.8,34.8,16.7
2026-04-15 08:02:42,85.75,108.9,131.7,5.44,79.3,35.6,16.7
2026-04-15 08:02:42,85.79,94.3,117.1,6.58,79.8,37.7,16.7
2026-04-15 08:02:42,85.85,95.0,117.4,5.97,79.3,36.4,16.7
2026-04-15 08:02:42,85.81,86.1,109.0,6.34,79.8,34.4,16.8
2026-04-15 08:02:42,85.68,84.3,97.4,7.62,79.8,39.6,16.8
2026-04-15 08:02:42,85.81,84.8,90.7,7.46,79.8,51.9,16.8
2026-04-15 08:02:43,85.86,94.6,109.0,7.0,79.8,43.6,16.8
2026-04-15 08:02:43,85.92,92.4,115.6,6.08,80.4,36.4,16.8
2026-04-15 08:02:43,85.94,90.1,113.2,6.08,79.8,35.8,16.8
2026-04-15 08:02:43,85.76,87.2,109.6,6.1,79.3,35.4,16.8
2026-04-15 08:02:43,85.91,119.7,130.4,6.04,79.8,43.3,16.8
2026-04-15 08:02:43,85.78,85.8,98.0,7.53,79.3,34.7,16.7
2026-04-15 08:02:44,85.63,105.0,117.9,6.56,79.3,44.6,16.7
2026-04-15 08:02:44,85.71,94.9,117.6,6.39,78.2,40.9,16.7
2026-04-15 08:02:44,85.73,87.8,110.8,6.26,78.8,36.1,16.8
2026-04-15 08:02:44,85.67,115.5,126.9,6.21,79.3,40.3,16.8
2026-04-15 08:02:44,85.68,86.2,103.4,7.29,78.8,39.3,16.8
2026-04-15 08:02:44,85.58,103.1,115.7,6.66,80.4,44.3,16.8
2026-04-15 08:02:44,85.61,85.7,109.0,6.7,79.8,39.7,16.7
2026-04-15 08:02:45,85.8,102.9,118.0,6.58,79.3,44.8,16.7
2026-04-15 08:02:45,85.66,112.9,136.3,5.71,78.8,39.1,16.7
2026-04-15 08:02:45,85.52,91.3,110.9,6.91,78.8,38.6,16.7
2026-04-15 08:02:45,85.59,94.5,118.0,5.87,79.8,37.7,16.7
2026-04-15 08:02:45,85.72,98.2,121.8,5.86,78.8,35.8,16.7
2026-04-15 08:02:45,85.63,86.2,109.3,6.49,79.3,38.1,16.7
2026-04-15 08:02:46,85.53,86.9,100.0,7.46,79.3,42.3,16.7
2026-04-15 08:02:46,85.72,106.0,118.4,6.56,79.3,35.2,16.7
2026-04-15 08:02:46,85.62,106.4,128.0,5.99,78.8,40.0,16.7
2026-04-15 08:02:46,85.71,87.5,109.7,6.77,79.3,37.5,16.7
2026-04-15 08:02:46,85.54,84.8,108.0,6.11,79.8,33.8,16.7
2026-04-15 08:02:46,85.62,85.9,100.1,7.45,79.3,41.5,16.7
2026-04-15 08:02:46,85.59,89.1,102.7,7.32,80.4,45.5,16.7
2026-04-15 08:02:47,85.6,85.4,104.8,6.14,80.4,37.3,16.7
2026-04-15 08:02:47,85.58,103.1,117.1,6.63,80.4,44.1,16.7
2026-04-15 08:02:47,85.62,89.4,112.4,6.53,80.4,45.9,16.7
2026-04-15 08:02:47,85.63,91.1,114.1,5.95,79.8,34.8,16.7
2026-04-15 08:02:47,85.56,84.9,108.5,6.21,80.4,34.4,16.7
2026-04-15 08:02:47,85.46,101.8,114.2,6.69,78.8,40.7,16.6
2026-04-15 08:02:48,85.37,99.1,122.0,6.1,79.8,39.4,16.7
2026-04-15 08:02:48,85.58,106.8,128.2,5.74,79.8,36.6,16.7
2026-04-15 08:02:48,85.52,104.4,127.4,6.09,79.3,44.1,16.7
2026-04-15 08:02:48,85.56,86.9,110.4,6.69,79.8,39.0,16.7
2026-04-15 08:02:48,85.54,87.1,99.1,7.53,81.0,39.6,16.7
2026-04-15 08:02:48,85.5,99.0,110.7,6.83,79.3,47.4,16.7
2026-04-15 08:02:49,85.65,85.2,108.3,6.59,79.3,33.9,16.6
2026-04-15 08:02:49,85.55,86.5,100.1,7.44,78.8,45.5,16.6
2026-04-15 08:02:49,85.42,83.1,95.4,7.7,79.8,39.6,16.6
2026-04-15 08:02:49,85.5,89.3,104.9,7.17,79.8,44.8,16.6
2026-04-15 08:02:49,85.56,108.2,132.5,5.35,79.8,36.5,16.6
2026-04-15 08:02:49,85.51,85.5,110.2,6.93,79.3,36.2,16.6
2026-04-15 08:02:49,85.49,87.9,100.2,7.46,79.8,43.4,16.6
2026-04-15 08:02:50,85.54,98.0,121.0,5.67,79.8,38.7,16.6
2026-04-15 08:02:50,85.53,83.6,106.3,6.58,79.8,37.5,16.6
2026-04-15 08:02:50,85.49,86.5,101.1,7.33,80.4,43.6,16.6
2026-04-15 08:02:50,85.46,86.1,100.0,7.47,79.8,44.4,16.6
2026-04-15 08:02:50,85.45,96.9,107.8,7.01,79.8,41.1,16.6
2026-04-15 08:02:50,85.44,87.6,109.6,6.36,79.8,36.1,16.6
2026-04-15 08:02:50,85.55,85.9,97.8,7.59,80.4,44.4,16.7
2026-04-15 08:02:51,85.74,94.2,103.3,7.06,78.2,49.1,16.6
2026-04-15 08:02:51,85.59,86.3,109.2,6.3,79.3,35.5,16.7
2026-04-15 08:02:51,85.43,85.9,98.6,7.53,79.3,37.3,16.7
2026-04-15 08:02:51,85.38,98.1,111.6,6.88,78.8,47.5,16.8
2026-04-15 08:02:51,85.32,102.6,125.5,5.84,79.8,40.6,16.8
2026-04-15 08:02:51,85.15,87.3,110.3,6.61,79.8,33.9,16.8
2026-04-15 08:02:51,85.45,87.8,100.1,7.46,79.8,44.6,16.8
2026-04-15 08:02:52,85.43,86.9,110.2,6.03,78.2,34.8,16.9
2026-04-15 08:02:52,85.35,89.1,100.9,7.39,79.8,42.6,16.9
2026-04-15 08:02:52,85.36,119.1,142.3,5.08,79.8,33.8,16.9
2026-04-15 08:02:52,85.65,103.4,115.4,6.6,79.8,37.9,17.0
2026-04-15 08:02:52,85.57,98.2,121.3,6.23,79.8,46.4,17.0
2026-04-15 08:02:52,85.4,105.8,128.9,5.74,78.2,32.3,17.0
2026-04-15 08:02:53,85.79,90.5,113.7,6.61,79.8,37.3,17.1
2026-04-15 08:02:53,86.06,90.5,113.7,6.0,79.8,36.2,17.1
2026-04-15 08:02:53,86.14,87.5,109.3,6.11,79.3,42.4,17.1
2026-04-15 08:02:53,85.95,83.7,108.3,6.08,80.4,35.4,17.0
2026-04-15 08:02:53,86.07,91.8,105.6,7.17,80.4,37.7,17.0
2026-04-15 08:02:53,86.25,100.1,124.8,5.67,78.8,37.5,17.0
2026-04-15 08:02:54,86.23,84.2,106.9,6.7,79.8,39.7,17.0
2026-04-15 08:02:54,86.21,83.3,99.2,7.51,79.3,38.5,17.0
2026-04-15 08:02:54,86.07,87.2,101.9,7.32,79.3,41.5,17.1
2026-04-15 08:02:54,86.12,110.0,123.2,6.35,79.3,41.7,17.1
2026-04-15 08:02:54,85.94,94.7,116.8,6.63,78.8,34.5,17.1
2026-04-15 08:02:54,85.83,86.4,108.5,6.35,79.3,31.7,17.1
2026-04-15 08:02:54,86.24,104.8,115.9,6.59,79.8,45.0,17.1
2026-04-15 08:02:55,86.21,98.3,121.7,6.24,79.8,35.9,17.1
2026-04-15 08:02:55,86.31,95.9,118.9,6.1,79.8,37.9,17.1
2026-04-15 08:02:55,86.27,86.2,109.1,6.38,79.3,36.5,17.1
2026-04-15 08:02:55,86.28,111.1,128.3,6.16,79.3,47.0,17.0
2026-04-15 08:02:55,86.18,91.3,109.0,7.01,79.3,40.4,17.1
2026-04-15 08:02:55,86.17,114.2,136.9,5.27,79.3,40.5,17.1
2026-04-15 08:02:56,86.29,108.7,126.7,6.22,77.7,40.0,17.0
2026-04-15 08:02:56,86.27,89.4,112.1,6.71,78.8,40.0,17.0
2026-04-15 08:02:56,86.28,102.6,125.6,5.62,78.8,36.6,17.0
2026-04-15 08:02:56,86.31,92.5,115.5,6.38,79.8,35.6,17.1
2026-04-15 08:02:56,86.26,86.5,109.6,6.23,79.8,33.3,17.1
2026-04-15 08:02:56,86.17,88.9,98.7,7.37,79.8,39.6,17.1
2026-04-15 08:02:57,85.95,106.0,128.4,5.44,79.3,38.2,17.0
2026-04-15 08:02:57,86.03,90.8,113.9,6.61,79.8,38.7,17.0
2026-04-15 08:02:57,85.71,95.1,117.7,5.85,79.3,36.5,17.1
2026-04-15 08:02:57,85.89,87.1,110.3,6.27,79.3,38.7,17.1
2026-04-15 08:02:57,86.01,102.0,124.9,5.54,79.8,32.4,17.0
2026-04-15 08:02:57,86.29,84.5,107.6,6.7,79.8,36.1,17.0
2026-04-15 08:02:57,86.39,101.6,115.3,6.65,78.8,38.6,16.9
2026-04-15 08:02:58,86.35,111.2,134.0,5.67,79.3,39.1,16.9
2026-04-15 08:02:58,86.25,108.1,129.0,6.12,79.3,39.4,16.9
2026-04-15 08:02:58,86.16,83.8,107.1,7.02,79.3,38.6,16.9
2026-04-15 08:02:58,86.29,89.8,98.4,7.19,78.8,49.1,16.9
2026-04-15 08:02:58,86.21,84.3,107.5,6.21,79.3,33.8,16.9
2026-04-15 08:02:58,86.12,88.3,102.9,7.28,78.2,40.7,16.8
2026-04-15 08:02:59,86.16,91.7,102.4,7.33,79.8,42.6,16.8
2026-04-15 08:02:59,86.18,114.5,137.1,5.27,79.8,37.7,16.8
2026-04-15 08:02:59,86.21,112.4,132.5,6.01,79.8,41.2,16.8
2026-04-15 08:02:59,86.19,88.2,106.2,7.12,79.3,40.0,16.9
2026-04-15 08:02:59,86.2,86.2,108.9,6.07,80.4,36.4,16.9
2026-04-15 08:02:59,86.15,97.8,111.4,6.86,79.8,42.1,16.9
2026-04-15 08:03:00,86.31,87.3,109.9,6.45,79.8,38.7,16.9
2026-04-15 08:03:00,86.12,84.7,95.8,7.66,78.8,36.0,16.9
2026-04-15 08:03:00,86.24,116.2,131.4,6.05,79.3,42.9,16.8
2026-04-15 08:03:00,86.32,87.7,103.2,7.25,78.8,36.5,16.8
2026-04-15 08:03:00,86.25,111.7,134.5,5.25,79.8,41.0,16.9
2026-04-15 08:03:00,86.18,84.1,105.5,7.17,78.8,34.0,16.9
2026-04-15 08:03:00,86.13,96.9,111.9,6.86,79.3,44.1,16.9
2026-04-15 08:03:01,86.15,106.1,126.5,5.69,77.7,41.4,16.9
2026-04-15 08:03:01,86.14,95.6,118.8,6.42,78.8,38.7,16.9
2026-04-15 08:03:01,86.31,100.5,122.1,5.83,79.3,39.7,16.9
2026-04-15 08:03:01,86.24,92.9,116.0,6.28,79.3,38.5,16.9
2026-04-15 08:03:01,86.2,99.6,123.4,5.75,79.3,37.7,16.9
2026-04-15 08:03:01,86.27,91.6,114.8,6.34,79.8,37.9,16.9
2026-04-15 08:03:02,86.15,109.0,129.1,5.43,79.8,33.8,16.9
2026-04-15 08:03:02,86.29,87.0,108.3,6.91,79.8,42.6,16.9
2026-04-15 08:03:02,86.24,107.3,115.2,6.52,79.8,50.0,16.9
2026-04-15 08:03:02,86.25,90.2,111.7,6.67,79.3,42.9,16.8
2026-04-15 08:03:02,86.22,104.1,127.7,5.53,78.8,34.7,16.8
2026-04-15 08:03:02,86.22,100.3,123.4,6.17,79.8,37.9,16.8
2026-04-15 08:03:03,86.19,91.5,114.5,6.34,78.8,41.8,16.7
2026-04-15 08:03:03,86.19,88.4,111.4,6.12,79.3,31.7,16.7
2026-04-15 08:03:03,86.4,102.0,125.1,5.55,79.8,38.4,16.6
2026-04-15 08:03:03,86.22,100.8,123.8,6.05,79.8,36.9,16.6
2026-04-15 08:03:03,86.28,105.3,128.7,5.84,78.8,31.3,16.6
2026-04-15 08:03:03,86.28,97.3,120.4,6.32,78.2,38.5,16.6
2026-04-15 08:03:04,86.28,106.9,129.0,5.67,79.8,43.7,16.6
2026-04-15 08:03:04,86.3,105.7,128.4,6.06,79.3,37.5,16.6
2026-04-15 08:03:04,86.24,92.7,115.8,6.5,79.8,35.6,16.6
2026-04-15 08:03:04,86.22,87.1,110.1,6.21,79.3,40.3,16.6
2026-04-15 08:03:04,86.22,92.0,104.0,7.24,79.3,38.9,16.6
2026-04-15 08:03:04,86.28,148.8,171.7,4.48,78.2,34.1,16.6
2026-04-15 08:03:05,86.39,92.9,110.5,6.94,78.8,36.8,16.6
2026-04-15 08:03:05,86.24,92.4,113.9,6.0,79.8,36.4,16.6
2026-04-15 08:03:05,86.28,96.4,117.4,5.88,79.3,36.4,16.6
2026-04-15 08:03:05,86.5,105.3,128.0,5.7,78.8,38.0,16.6
2026-04-15 08:03:05,86.4,105.9,129.0,5.98,79.8,40.3,16.6
2026-04-15 08:03:05,86.38,97.2,120.2,6.34,78.2,36.5,16.6
2026-04-15 08:03:06,86.29,109.2,132.4,5.6,80.4,36.6,16.6
2026-04-15 08:03:06,86.19,106.7,122.2,6.08,79.3,48.5,16.6
2026-04-15 08:03:06,86.33,90.5,112.3,6.65,78.8,40.3,16.7
2026-04-15 08:03:06,86.34,94.1,116.7,5.84,79.3,40.3,16.7
2026-04-15 08:03:06,86.25,85.1,107.7,6.39,79.8,36.5,16.7
2026-04-15 08:03:06,86.3,100.6,116.7,6.64,80.4,40.7,16.7
2026-04-15 08:03:07,86.31,84.1,107.0,6.75,79.8,34.5,16.7
2026-04-15 08:03:07,86.2,87.4,102.9,7.32,79.8,44.6,16.7
2026-04-15 08:03:07,86.3,88.6,111.9,5.96,79.3,34.8,16.6
2026-04-15 08:03:07,86.28,108.2,131.0,5.38,78.2,42.1,16.6
2026-04-15 08:03:07,86.38,88.6,111.5,6.8,78.8,38.6,16.6
2026-04-15 08:03:07,86.36,86.4,109.2,6.08,78.2,33.3,16.6
2026-04-15 08:03:07,86.25,86.1,99.0,7.45,79.8,40.0,16.5
2026-04-15 08:03:08,86.22,84.2,95.6,7.69,78.8,39.2,16.5
2026-04-15 08:03:08,86.24,104.0,117.5,6.53,79.8,42.9,16.5
2026-04-15 08:03:08,86.18,110.8,132.3,5.76,78.8,36.4,16.6
2026-04-15 08:03:08,86.34,104.2,125.3,6.25,79.3,40.0,16.6
2026-04-15 08:03:08,86.42,100.5,123.3,6.15,79.3,39.4,16.6
2026-04-15 08:03:08,86.37,91.5,115.6,6.3,81.0,34.4,16.7
2026-04-15 08:03:09,86.18,84.3,108.3,6.27,79.8,35.5,16.7
2026-04-15 08:03:09,86.44,83.6,97.5,7.61,79.8,38.5,16.7
2026-04-15 08:03:09,86.3,99.7,117.7,6.59,79.8,32.1,16.7
2026-04-15 08:03:09,86.24,92.2,115.2,6.37,79.8,35.0,16.7
2026-04-15 08:03:09,86.29,96.3,119.4,5.86,78.2,39.1,16.7
2026-04-15 08:03:09,86.26,101.8,126.9,5.74,80.4,36.8,16.7
2026-04-15 08:03:09,86.2,98.7,121.7,6.19,79.3,36.1,16.6
2026-04-15 08:03:10,86.34,104.9,126.6,5.79,79.3,41.7,16.7
2026-04-15 08:03:10,86.44,89.9,112.9,6.6,79.3,35.6,16.6
2026-04-15 08:03:10,86.32,102.8,125.8,5.57,79.8,36.6,16.6
2026-04-15 08:03:10,86.34,89.2,110.5,6.54,79.3,35.6,16.6
2026-04-15 08:03:10,86.49,83.6,92.6,7.82,79.8,45.3,16.6
2026-04-15 08:03:10,86.27,87.6,103.9,7.26,80.4,42.9,16.6
2026-04-15 08:03:11,86.3,87.1,110.2,6.04,79.8,36.4,16.5
2026-04-15 08:03:11,86.27,90.0,102.2,7.35,78.8,36.5,16.5
2026-04-15 08:03:11,86.37,126.9,149.9,4.9,79.3,39.0,16.5
2026-04-15 08:03:11,86.33,102.1,124.9,5.73,79.8,33.8,16.5
2026-04-15 08:03:11,86.31,92.1,113.7,6.38,79.3,39.4,16.5
2026-04-15 08:03:11,86.26,109.1,132.1,5.45,78.8,34.7,16.4
2026-04-15 08:03:12,86.34,106.7,129.8,6.09,79.8,43.1,16.4
2026-04-15 08:03:12,86.37,92.5,115.6,6.56,79.3,32.1,16.4
2026-04-15 08:03:12,86.34,116.4,139.5,5.25,80.4,34.7,16.4
2026-04-15 08:03:12,86.32,88.5,105.0,7.2,79.3,37.0,16.4
2026-04-15 08:03:12,86.14,101.8,125.0,5.56,79.8,32.8,16.5
2026-04-15 08:03:12,86.35,116.2,139.7,5.52,79.3,36.2,16.5
2026-04-15 08:03:13,86.23,115.6,131.2,6.04,80.4,43.9,16.5
2026-04-15 08:03:13,86.37,83.9,102.2,7.33,79.8,40.0,16.5
2026-04-15 08:03:13,86.4,85.7,97.6,7.47,78.8,42.6,16.5
2026-04-15 08:03:13,86.32,88.3,102.5,7.34,78.8,37.3,16.5
2026-04-15 08:03:13,86.03,86.3,112.4,5.99,78.2,34.8,16.5
2026-04-15 08:03:13,86.13,95.8,118.9,5.78,79.8,34.8,16.6
2026-04-15 08:03:14,86.16,102.1,125.1,5.79,77.7,37.1,16.6
2026-04-15 08:03:14,86.15,95.3,118.6,6.24,78.8,36.1,16.6
2026-04-15 08:03:14,86.13,85.2,108.5,6.39,78.8,34.9,16.6
2026-04-15 08:03:14,86.18,94.4,108.8,7.02,77.7,41.8,16.5
2026-04-15 08:03:14,86.08,100.3,124.7,5.76,79.8,37.1,16.6
2026-04-15 08:03:14,86.23,95.0,118.1,6.25,79.8,34.9,16.6
2026-04-15 08:03:14,86.24,90.7,112.9,6.12,79.3,36.4,16.6
2026-04-15 08:03:15,86.2,84.7,107.8,6.27,78.8,34.9,16.6
2026-04-15 08:03:15,86.23,129.1,143.9,5.63,79.8,50.7,16.7
2026-04-15 08:03:15,86.22,120.8,144.9,5.18,79.8,40.8,16.7
2026-04-15 08:03:15,86.28,85.6,108.7,6.13,78.2,30.2,16.7
2026-04-15 08:03:15,86.27,86.7,100.2,7.43,79.3,42.3,16.7
2026-04-15 08:03:15,86.16,105.9,117.7,6.56,79.8,43.3,16.6
2026-04-15 08:03:16,86.27,93.9,121.9,6.25,79.8,37.5,16.6
2026-04-15 08:03:16,86.35,93.5,113.7,6.22,78.8,33.3,16.6
2026-04-15 08:03:16,86.34,125.2,148.4,5.03,79.3,39.0,16.6
2026-04-15 08:03:16,86.35,85.1,108.1,6.27,78.8,37.5,16.6
2026-04-15 08:03:16,86.44,86.3,103.0,7.3,78.2,40.7,16.6
2026-04-15 08:03:16,86.31,89.0,112.3,5.99,79.8,37.3,16.6
2026-04-15 08:03:17,86.42,108.1,131.3,5.39,79.3,38.2,16.5
2026-04-15 08:03:17,86.38,90.3,113.5,6.73,78.8,36.2,16.5
2026-04-15 08:03:17,86.36,90.7,113.8,5.99,79.3,36.4,16.5
2026-04-15 08:03:17,86.5,86.3,109.3,6.16,79.3,35.4,16.4
2026-04-15 08:03:17,86.46,101.5,114.2,6.73,80.4,46.4,16.4
2026-04-15 08:03:17,86.31,84.7,107.9,6.67,78.8,31.6,16.4
2026-04-15 08:03:18,86.18,93.1,107.4,7.06,80.4,45.5,16.4
2026-04-15 08:03:18,86.22,98.9,121.7,5.81,79.3,36.2,16.4
2026-04-15 08:03:18,86.19,89.1,112.2,6.38,78.2,37.1,16.4
2026-04-15 08:03:18,86.24,97.4,120.5,5.72,78.2,35.7,16.4
2026-04-15 08:03:18,86.16,101.5,124.5,5.86,78.8,38.2,16.4
2026-04-15 08:03:18,86.3,88.0,111.2,6.54,79.3,39.1,16.4
2026-04-15 08:03:19,86.27,91.5,103.1,7.3,79.3,42.9,16.4
2026-04-15 08:03:19,86.3,111.2,134.2,5.37,78.2,36.1,16.4
2026-04-15 08:03:19,86.21,98.3,120.0,6.51,79.8,39.7,16.4
2026-04-15 08:03:19,86.11,103.0,125.9,5.83,79.3,36.2,16.4
2026-04-15 08:03:19,86.22,84.2,107.3,6.77,79.3,35.1,16.4
2026-04-15 08:03:19,86.31,86.7,102.1,7.36,79.8,40.7,16.4
2026-04-15 08:03:19,86.29,92.4,119.3,5.68,79.3,41.7,16.4
2026-04-15 08:03:20,86.15,102.6,125.7,5.78,79.3,35.8,16.4
2026-04-15 08:03:20,86.24,86.3,109.4,6.65,80.4,38.7,16.4
2026-04-15 08:03:20,86.26,92.1,105.5,7.17,79.3,38.9,16.4
2026-04-15 08:03:20,86.18,87.4,111.0,6.16,79.3,39.4,16.4
2026-04-15 08:03:20,86.19,84.4,95.5,7.72,79.8,39.2,16.5
2026-04-15 08:03:20,86.07,99.0,113.4,6.69,80.4,37.9,16.5
2026-04-15 08:03:21,86.12,86.4,109.4,6.56,80.4,38.7,16.5
2026-04-15 08:03:21,86.29,112.7,125.5,6.27,80.4,42.9,16.5
2026-04-15 08:03:21,86.07,91.9,112.1,6.86,79.3,39.0,16.5
2026-04-15 08:03:21,86.26,106.0,130.1,5.5,78.8,40.5,16.5
2026-04-15 08:03:21,86.28,96.7,119.8,6.4,79.3,38.3,16.5
2026-04-15 08:03:21,86.36,91.5,114.6,6.2,77.7,35.4,16.6
2026-04-15 08:03:22,86.26,96.9,119.8,5.82,78.8,31.2,16.6
2026-04-15 08:03:22,86.31,87.0,110.5,6.35,79.8,34.4,16.6
2026-04-15 08:03:22,86.37,101.8,114.0,6.77,80.4,51.7,16.6
2026-04-15 08:03:22,86.26,96.3,119.0,6.21,79.3,41.2,16.6
2026-04-15 08:03:22,86.31,95.6,118.6,6.03,80.4,33.3,16.6
2026-04-15 08:03:22,86.3,101.3,124.4,5.81,79.8,34.3,16.6
2026-04-15 08:03:22,86.33,84.8,107.9,6.66,78.8,36.7,16.7
2026-04-15 08:03:23,86.21,101.0,112.1,6.66,80.4,35.2,16.6
2026-04-15 08:03:23,86.41,89.5,112.7,6.48,81.0,38.5,16.6
2026-04-15 08:03:23,86.36,127.8,150.9,4.88,79.3,36.6,16.6
2026-04-15 08:03:23,86.28,86.3,107.7,6.3,79.8,33.3,16.6
2026-04-15 08:03:23,86.24,86.5,99.6,7.48,79.3,44.6,16.6
2026-04-15 08:03:23,86.3,92.8,105.1,7.16,78.8,43.6,16.6
2026-04-15 08:03:24,86.33,84.2,107.3,6.36,79.3,34.4,16.6
2026-04-15 08:03:24,86.19,84.1,97.9,7.49,79.8,40.7,16.6
2026-04-15 08:03:24,86.33,92.0,107.2,7.08,80.4,42.9,16.5
2026-04-15 08:03:24,86.28,84.5,107.7,6.28,79.3,38.1,16.5
2026-04-15 08:03:24,86.25,108.2,123.4,6.36,79.8,46.0,16.5
2026-04-15 08:03:24,86.24,94.0,116.1,6.52,79.3,36.2,16.5
2026-04-15 08:03:24,86.22,92.7,114.6,6.08,79.8,38.2,16.5
2026-04-15 08:03:25,86.27,105.7,128.8,5.58,78.8,37.0,16.6
2026-04-15 08:03:25,86.16,97.0,120.0,6.34,79.8,38.1,16.5
2026-04-15 08:03:25,86.31,90.1,113.3,6.26,79.3,36.1,16.5
2026-04-15 08:03:25,86.26,93.6,118.7,5.81,79.8,36.2,16.5
2026-04-15 08:03:25,86.19,112.5,131.5,5.46,79.3,43.8,16.5
2026-04-15 08:03:25,86.13,93.3,111.4,6.79,80.4,36.8,16.5
2026-04-15 08:03:26,86.18,96.2,118.8,5.89,79.8,35.3,16.4
2026-04-15 08:03:26,86.12,98.2,120.7,5.93,80.4,38.2,16.4
2026-04-15 08:03:26,86.37,121.2,144.0,5.28,79.8,33.3,16.4
2026-04-15 08:03:26,86.27,116.4,137.6,5.11,79.3,42.3,16.5
2026-04-15 08:03:26,86.3,83.4,99.2,7.52,78.2,36.0,16.5
2026-04-15 08:03:26,86.33,112.2,128.5,6.15,79.8,39.1,16.5
2026-04-15 08:03:27,86.38,86.2,106.6,7.13,79.8,37.0,16.5
2026-04-15 08:03:27,86.33,88.8,101.6,7.37,78.8,46.4,16.5
2026-04-15 08:03:27,86.21,89.3,112.8,5.97,79.3,31.3,16.5
2026-04-15 08:03:27,86.25,86.4,110.6,6.08,79.3,35.4,16.6
2026-04-15 08:03:27,86.26,87.1,95.0,7.53,78.8,47.2,16.6
2026-04-15 08:03:27,86.25,90.9,104.1,7.24,80.4,39.6,16.7
2026-04-15 08:03:28,86.18,87.1,109.9,6.19,79.3,43.7,16.7
2026-04-15 08:03:28,86.24,89.0,101.5,7.38,78.2,38.9,16.7
2026-04-15 08:03:28,86.24,93.1,115.6,5.86,78.8,40.3,16.7
2026-04-15 08:03:28,86.11,84.9,108.0,6.33,79.3,30.6,16.7
2026-04-15 08:03:28,86.24,103.8,119.2,6.54,80.4,45.2,16.7
2026-04-15 08:03:28,86.29,84.1,106.5,6.84,80.4,35.1,16.7
2026-04-15 08:03:28,86.25,105.9,121.8,6.43,78.8,44.4,16.7
2026-04-15 08:03:29,86.33,98.4,121.6,6.3,79.8,33.9,16.7
2026-04-15 08:03:29,86.32,90.7,112.5,6.3,79.3,34.4,16.7
2026-04-15 08:03:29,86.26,93.8,116.7,5.87,79.3,35.3,16.7
2026-04-15 08:03:29,86.21,104.5,127.8,5.65,78.2,35.3,16.7
2026-04-15 08:03:29,86.32,100.3,123.3,6.17,79.3,42.4,16.8
2026-04-15 08:03:29,86.31,110.8,133.7,5.64,81.0,35.3,16.7
2026-04-15 08:03:30,86.36,122.8,143.7,5.6,79.8,33.3,16.7
2026-04-15 08:03:30,86.22,105.6,127.6,5.48,79.3,38.0,16.7
2026-04-15 08:03:30,86.32,84.5,107.7,6.87,79.8,38.3,16.7
2026-04-15 08:03:30,86.25,97.6,112.6,6.83,79.8,40.4,16.8
2026-04-15 08:03:30,86.17,100.5,123.7,5.89,78.8,34.8,16.8
2026-04-15 08:03:30,86.13,85.4,108.3,6.61,80.4,34.5,16.7
2026-04-15 08:03:31,86.2,94.9,109.0,6.99,79.8,42.4,16.8
2026-04-15 08:03:31,86.26,93.7,117.6,6.03,80.4,36.9,16.8
2026-04-15 08:03:31,86.31,86.7,109.7,6.3,78.2,34.4,16.8
2026-04-15 08:03:31,86.25,95.7,106.0,7.02,78.8,41.8,16.8
2026-04-15 08:03:31,86.22,88.8,111.2,6.26,78.8,38.1,16.7
2026-04-15 08:03:31,86.09,115.4,138.5,5.18,78.8,41.8,16.7
2026-04-15 08:03:32,86.28,86.4,101.7,7.28,80.4,42.1,16.7
2026-04-15 08:03:32,86.26,93.8,107.4,7.07,79.8,37.7,16.7
2026-04-15 08:03:32,86.3,90.2,113.2,6.16,79.8,36.9,16.6
2026-04-15 08:03:32,86.32,85.8,107.9,6.17,79.3,34.8,16.6
2026-04-15 08:03:32,86.25,92.0,105.1,7.18,79.8,39.6,16.6
2026-04-15 08:03:32,86.23,101.8,124.1,5.66,79.8,41.7,16.6
2026-04-15 08:03:32,86.2,91.7,115.2,6.38,78.2,38.5,16.6
2026-04-15 08:03:33,86.34,94.9,116.8,5.9,79.3,35.3,16.5
2026-04-15 08:03:33,86.25,97.2,120.4,5.93,78.8,36.2,16.5
2026-04-15 08:03:33,86.15,85.2,107.5,6.46,80.4,37.1,16.5
2026-04-15 08:03:33,86.29,86.9,99.8,7.41,79.8,41.5,16.6
2026-04-15 08:03:33,86.25,96.4,108.2,7.0,79.8,41.8,16.6
2026-04-15 08:03:33,86.3,101.7,123.6,5.79,79.3,38.0,16.6
2026-04-15 08:03:34,86.26,105.7,128.7,5.9,79.8,34.8,16.6
2026-04-15 08:03:34,86.26,106.9,129.9,5.97,80.4,36.4,16.6
2026-04-15 08:03:34,86.28,93.8,117.0,6.51,79.3,34.5,16.6
2026-04-15 08:03:34,86.27,87.1,110.6,6.24,79.8,32.3,16.6
2026-04-15 08:03:34,86.39,89.4,115.5,5.81,80.4,42.6,16.6
2026-04-15 08:03:34,86.29,85.3,108.4,6.3,79.8,36.4,16.6
2026-04-15 08:03:35,86.21,103.5,117.5,6.6,79.8,45.9,16.6
2026-04-15 08:03:35,86.38,89.9,113.1,6.54,79.3,37.7,16.6
2026-04-15 08:03:35,86.34,89.6,110.6,6.0,79.3,34.4,16.6
2026-04-15 08:03:35,86.34,87.6,109.8,6.07,78.2,37.7,16.6
2026-04-15 08:03:35,86.39,88.8,111.7,5.97,79.8,38.2,16.6
2026-04-15 08:03:35,86.27,88.0,111.3,6.02,80.4,33.8,16.6
2026-04-15 08:03:36,86.33,96.1,119.0,5.73,79.3,35.3,16.6
2026-04-15 08:03:36,86.27,101.8,124.3,5.8,79.8,36.2,16.6
2026-04-15 08:03:36,86.31,94.6,115.5,6.28,78.8,35.5,16.6
2026-04-15 08:03:36,86.13,97.2,117.3,5.9,79.3,43.7,16.7
2026-04-15 08:03:36,86.12,106.0,129.1,5.71,79.3,35.3,16.7
2026-04-15 08:03:36,86.25,89.4,111.0,6.65,79.8,49.2,16.7
2026-04-15 08:03:37,86.18,107.9,131.0,5.41,79.3,36.5,16.7
2026-04-15 08:03:37,86.22,96.8,120.3,6.43,81.0,37.7,16.6
2026-04-15 08:03:37,86.27,104.1,126.8,5.71,78.8,35.7,16.6
2026-04-15 08:03:37,86.17,110.1,133.1,5.84,79.3,39.1,16.6
2026-04-15 08:03:37,86.28,103.4,125.6,6.27,80.4,39.3,16.6
2026-04-15 08:03:37,86.29,87.2,110.3,6.65,79.8,38.3,16.5
2026-04-15 08:03:37,86.42,82.8,95.0,7.75,79.3,38.8,16.5
2026-04-15 08:03:38,86.26,110.9,127.0,6.2,79.3,41.3,16.5
2026-04-15 08:03:38,86.36,97.7,117.4,6.52,79.3,36.1,16.5
2026-04-15 08:03:38,86.25,104.1,127.0,5.78,79.8,40.0,16.6
2026-04-15 08:03:38,86.21,90.3,113.5,6.54,79.3,33.9,16.6
2026-04-15 08:03:38,86.23,90.5,113.6,6.0,79.3,35.3,16.6
2026-04-15 08:03:38,86.31,103.6,126.1,5.56,79.8,40.8,16.6
2026-04-15 08:03:39,86.3,86.0,109.7,6.67,79.8,43.7,16.6
2026-04-15 08:03:39,86.3,115.8,128.2,6.17,80.4,41.9,16.6
2026-04-15 08:03:39,86.3,90.5,107.8,7.07,81.0,37.5,16.6
2026-04-15 08:03:39,86.37,85.1,108.7,6.2,79.8,37.5,16.6
2026-04-15 08:03:39,86.37,107.9,130.8,5.29,80.4,36.0,16.6
2026-04-15 08:03:39,86.29,96.8,119.1,6.43,79.3,39.1,16.7
2026-04-15 08:03:40,86.38,86.9,110.2,6.38,79.8,35.0,16.7
2026-04-15 08:03:40,86.36,100.4,112.5,6.82,79.8,42.4,16.7
2026-04-15 08:03:40,86.48,85.5,108.8,6.59,78.8,36.7,16.7
2026-04-15 08:03:40,86.24,89.2,103.2,7.3,80.4,39.2,16.6
2026-04-15 08:03:40,86.25,94.7,116.7,5.81,78.8,38.0,16.6
2026-04-15 08:03:40,86.25,108.2,129.9,5.54,80.4,42.5,16.6
2026-04-15 08:03:41,86.19,94.3,117.4,6.57,79.3,31.6,16.6
2026-04-15 08:03:41,86.25,88.7,111.9,6.21,79.8,36.5,16.7
2026-04-15 08:03:41,86.22,88.7,110.8,6.0,79.8,34.8,16.6
2026-04-15 08:03:41,86.25,92.3,114.3,5.85,79.3,43.1,16.6
2026-04-15 08:03:41,86.22,107.1,130.3,5.53,79.3,33.8,16.6
2026-04-15 08:03:41,86.21,93.1,116.1,6.56,78.8,39.3,16.6
2026-04-15 08:03:42,86.18,109.0,133.9,5.42,78.8,35.2,16.7
2026-04-15 08:03:42,86.17,106.9,129.6,6.1,78.2,40.9,16.6
2026-04-15 08:03:42,86.19,90.0,113.9,6.69,79.3,41.7,16.6
2026-04-15 08:03:42,86.15,83.8,107.0,6.27,80.4,35.9,16.6
2026-04-15 08:03:42,86.12,87.1,102.3,7.32,80.4,40.4,16.6
2026-04-15 08:03:42,86.16,88.2,99.2,7.45,80.4,41.2,16.6
2026-04-15 08:03:42,86.14,86.3,92.0,6.06,79.3,44.9,16.6
2026-04-15 08:03:43,86.06,108.5,121.7,6.42,80.4,42.9,16.6
2026-04-15 08:03:43,86.11,105.5,130.3,6.07,79.8,37.5,16.6
2026-04-15 08:03:43,86.08,96.6,120.0,6.4,79.8,37.1,16.6
2026-04-15 08:03:43,86.11,90.4,113.4,6.24,80.4,38.1,16.6
2026-04-15 08:03:43,86.21,89.3,111.2,6.03,78.8,33.3,16.6
2026-04-15 08:03:43,86.16,88.0,111.3,6.06,79.8,38.6,16.6
2026-04-15 08:03:44,86.16,99.9,123.1,5.6,78.8,35.6,16.6
2026-04-15 08:03:44,86.2,104.9,128.0,5.83,79.8,36.8,16.6
2026-04-15 08:03:44,86.1,98.8,121.9,6.23,78.8,39.1,16.6
2026-04-15 08:03:44,86.15,112.0,135.3,5.55,78.8,36.5,16.6
2026-04-15 08:03:44,86.19,103.8,124.7,6.31,80.4,41.3,16.6
2026-04-15 08:03:44,86.23,89.8,105.8,6.56,79.8,44.3,16.6
2026-04-15 08:03:45,86.19,90.4,113.5,5.99,79.8,30.2,16.7
2026-04-15 08:03:45,86.13,88.4,111.4,6.07,80.4,36.8,16.7
2026-04-15 08:03:45,86.2,85.2,96.2,7.67,79.8,38.8,16.7
2026-04-15 08:03:45,86.18,95.1,108.0,7.01,80.4,46.6,16.7
2026-04-15 08:03:45,86.25,106.0,129.1,5.64,79.8,33.8,16.7
2026-04-15 08:03:45,86.1,93.3,112.0,6.5,79.8,37.7,16.7
2026-04-15 08:03:46,86.13,94.2,117.4,5.97,79.8,34.3,16.6
2026-04-15 08:03:46,86.15,96.7,119.7,5.91,78.2,38.2,16.6
2026-04-15 08:03:46,86.06,96.0,119.2,6.03,79.8,31.7,16.6
2026-04-15 08:03:46,86.13,93.3,116.4,6.05,80.4,38.5,16.5
2026-04-15 08:03:46,86.15,100.9,124.0,5.79,78.8,39.4,16.4
2026-04-15 08:03:46,86.1,99.5,122.6,6.06,79.3,36.9,16.5
2026-04-15 08:03:47,86.1,87.8,110.8,6.46,79.8,39.7,16.5
2026-04-15 08:03:47,86.03,102.9,126.1,5.5,79.8,37.1,16.5
2026-04-15 08:03:47,86.06,100.9,124.4,6.06,79.3,42.0,16.5
2026-04-15 08:03:47,86.16,86.6,109.5,6.58,80.4,40.3,16.5
2026-04-15 08:03:47,86.07,100.1,112.3,6.83,78.2,45.8,16.5
2026-04-15 08:03:47,86.05,107.6,130.6,5.74,79.8,37.7,16.5
2026-04-15 08:03:47,86.04,88.2,108.9,6.7,80.4,37.3,16.6
2026-04-15 08:03:48,86.08,97.1,120.7,5.75,78.8,38.0,16.5
2026-04-15 08:03:48,86.18,95.4,117.8,6.08,79.8,32.8,16.6
2026-04-15 08:03:48,86.1,91.8,114.7,6.13,79.8,35.4,16.6
2026-04-15 08:03:48,86.0,84.5,110.3,6.18,78.8,38.8,16.6
2026-04-15 08:03:48,86.14,86.4,98.3,7.54,80.4,44.4,16.6
2026-04-15 08:03:48,86.15,91.3,105.8,7.08,79.8,37.7,16.6
2026-04-15 08:03:49,85.96,86.9,109.8,6.27,79.3,35.5,16.6
2026-04-15 08:03:49,86.04,118.0,141.2,5.07,79.8,41.2,16.7
2026-04-15 08:03:49,86.14,97.4,112.7,6.83,79.3,38.6,16.7
2026-04-15 08:03:49,86.11,84.3,107.6,6.51,79.8,35.0,16.7
2026-04-15 08:03:49,86.1,91.9,107.6,7.06,78.8,46.6,16.7
2026-04-15 08:03:49,86.18,90.9,114.3,6.07,79.8,42.0,16.6
2026-04-15 08:03:50,86.14,85.2,108.3,6.23,80.4,34.4,16.6
2026-04-15 08:03:50,86.1,87.3,101.3,7.38,80.4,40.7,16.6
2026-04-15 08:03:50,86.14,95.8,107.8,7.06,79.3,44.6,16.5
2026-04-15 08:03:50,85.93,88.7,111.7,6.27,79.8,33.8,16.5
2026-04-15 08:03:50,86.1,87.4,110.8,6.04,80.4,36.4,16.6
2026-04-15 08:03:50,86.13,92.4,115.7,5.83,78.8,33.3,16.6
2026-04-15 08:03:51,86.15,95.8,119.3,5.86,79.8,36.4,16.6
2026-04-15 08:03:51,86.18,92.5,114.5,6.16,80.4,35.4,16.6
2026-04-15 08:03:51,86.13,84.7,103.5,6.3,81.0,32.8,16.6
2026-04-15 08:03:51,86.08,98.5,108.3,6.78,80.4,53.4,16.6
2026-04-15 08:03:51,86.13,97.0,121.3,6.02,79.8,34.8,16.6
2026-04-15 08:03:51,86.1,97.9,121.5,5.98,80.4,38.5,16.6
2026-04-15 08:03:51,86.21,96.5,119.6,6.08,79.8,34.4,16.6
2026-04-15 08:03:52,85.93,98.6,121.9,5.93,78.2,37.7,16.7
2026-04-15 08:03:52,86.12,88.4,111.8,6.39,79.3,36.1,16.7
2026-04-15 08:03:52,86.09,134.4,147.0,5.53,78.2,43.8,16.7
2026-04-15 08:03:52,86.29,84.8,107.5,6.74,79.8,34.5,16.7
2026-04-15 08:03:52,86.03,91.8,106.6,7.12,78.8,39.6,16.6
2026-04-15 08:03:52,86.19,103.3,126.4,5.62,79.3,37.1,16.6
2026-04-15 08:03:53,86.13,87.8,110.9,6.62,79.3,37.3,16.5
2026-04-15 08:03:53,86.17,85.9,109.1,6.07,79.8,30.2,16.5
2026-04-15 08:03:53,86.11,104.7,113.7,6.57,80.4,52.5,16.5
2026-04-15 08:03:53,86.16,95.1,118.2,6.38,79.3,36.5,16.5
2026-04-15 08:03:53,86.17,118.9,141.8,5.25,80.4,34.2,16.5
2026-04-15 08:03:53,86.13,93.2,107.1,7.09,79.8,41.1,16.5
2026-04-15 08:03:54,86.15,98.5,123.2,5.74,79.8,35.7,16.5
2026-04-15 08:03:54,86.14,105.8,127.6,5.84,81.0,38.6,16.6
2026-04-15 08:03:54,86.16,92.6,115.5,6.52,79.3,40.3,16.6
2026-04-15 08:03:54,86.19,86.9,110.1,6.21,79.3,32.8,16.6
2026-04-15 08:03:54,86.25,86.8,100.0,7.47,79.8,42.6,16.6
2026-04-15 08:03:54,86.2,89.2,110.1,5.94,79.3,35.7,16.6
2026-04-15 08:03:55,86.17,90.7,113.7,5.95,78.8,37.9,16.6
2026-04-15 08:03:55,86.26,89.7,112.8,6.04,78.2,32.3,16.6
2026-04-15 08:03:55,86.17,116.6,139.6,5.16,79.3,40.3,16.6
2026-04-15 08:03:55,86.17,85.8,101.6,7.36,81.5,40.0,16.6
2026-04-15 08:03:55,86.3,95.7,108.6,6.98,79.3,45.9,16.6
2026-04-15 08:03:55,86.25,104.9,127.4,5.69,80.4,36.2,16.6
2026-04-15 08:03:56,86.15,103.3,125.9,6.06,79.3,40.0,16.6
2026-04-15 08:03:56,86.29,101.5,124.6,6.07,80.4,35.4,16.6
2026-04-15 08:03:56,86.36,98.7,121.6,6.1,79.8,37.3,16.7
2026-04-15 08:03:56,86.21,109.0,132.8,5.63,79.3,35.9,16.6
2026-04-15 08:03:56,86.25,93.8,117.0,6.63,78.8,38.7,16.6
2026-04-15 08:03:56,86.18,91.7,115.1,6.07,78.8,36.9,16.6
2026-04-15 08:03:57,86.31,100.1,123.4,5.66,79.3,36.2,16.6
2026-04-15 08:03:57,86.25,87.9,111.0,6.56,79.3,35.6,16.5
2026-04-15 08:03:57,86.42,106.1,128.5,5.37,79.8,40.5,16.5
2026-04-15 08:03:57,86.29,101.9,125.1,6.21,79.3,35.9,16.5
2026-04-15 08:03:57,86.25,102.9,125.9,5.96,78.8,45.1,16.5
2026-04-15 08:03:57,86.3,110.9,133.9,5.73,79.3,41.7,16.5
2026-04-15 08:03:58,86.19,98.3,119.8,6.5,78.8,41.3,16.5
2026-04-15 08:03:58,86.27,87.4,110.3,6.42,79.8,36.1,16.5
2026-04-15 08:03:58,86.34,111.1,119.0,6.37,79.8,42.9,16.5
2026-04-15 08:03:58,86.4,92.0,113.8,6.78,80.4,37.7,16.6
2026-04-15 08:03:58,86.26,93.4,116.2,5.95,81.5,37.3,16.6
2026-04-15 08:03:58,86.35,86.7,109.8,6.26,80.4,35.8,16.6
2026-04-15 08:03:58,86.31,93.6,103.2,7.11,81.0,40.7,16.6
2026-04-15 08:03:59,86.19,90.2,113.3,6.13,81.0,36.5,16.6
2026-04-15 08:03:59,86.32,93.1,116.2,5.9,79.3,30.3,16.6
2026-04-15 08:03:59,86.25,110.3,133.9,5.42,79.8,35.2,16.6
2026-04-15 08:03:59,86.34,108.9,131.0,6.07,78.8,44.8,16.6
2026-04-15 08:03:59,86.2,100.5,123.7,6.33,79.3,34.4,16.6
2026-04-15 08:03:59,86.27,89.6,113.0,6.42,79.8,32.8,16.6
2026-04-15 08:04:00,86.4,95.5,116.7,5.8,79.3,39.1,16.6
2026-04-15 08:04:00,86.3,89.7,112.7,6.23,79.8,35.4,16.6
2026-04-15 08:04:00,86.27,95.9,118.8,5.78,79.3,37.7,16.5
2026-04-15 08:04:00,86.32,102.7,125.8,5.77,78.8,34.3,16.5
2026-04-15 08:04:00,86.29,91.3,114.4,6.45,79.8,33.9,16.5
2026-04-15 08:04:00,86.32,88.1,111.7,6.1,79.3,33.8,16.5
2026-04-15 08:04:01,86.38,109.2,132.2,5.34,80.4,29.0,16.5
2026-04-15 08:04:01,86.45,96.3,118.2,6.48,79.8,39.0,16.5
2026-04-15 08:04:01,86.41,112.7,135.5,5.49,79.8,40.8,16.5
2026-04-15 08:04:01,86.31,111.2,125.4,6.05,79.8,46.3,16.5
2026-04-15 08:04:01,86.46,86.0,107.8,7.06,80.4,34.6,16.5
2026-04-15 08:04:01,86.53,89.9,102.4,7.31,80.4,44.6,16.5
2026-04-15 08:04:02,86.37,86.4,109.3,6.14,79.3,33.3,16.6
2026-04-15 08:04:02,86.49,110.6,133.7,5.24,79.3,32.9,16.5
2026-04-15 08:04:02,86.56,85.2,107.3,7.09,80.4,37.5,16.5
2026-04-15 08:04:02,86.48,99.5,114.3,6.76,81.0,37.5,16.5
2026-04-15 08:04:02,86.5,87.6,111.0,6.47,79.8,38.1,16.5
2026-04-15 08:04:02,86.6,105.9,129.2,5.4,79.8,39.7,16.5
2026-04-15 08:04:03,86.55,87.2,110.1,6.78,80.4,34.5,16.5
2026-04-15 08:04:03,86.55,92.8,109.9,6.92,79.8,51.7,16.5
2026-04-15 08:04:03,86.6,107.1,130.2,5.71,79.8,40.0,16.6
2026-04-15 08:04:03,86.48,83.2,106.4,7.01,81.0,32.7,16.6
2026-04-15 08:04:03,86.45,97.4,113.4,6.78,80.4,45.2,16.6
2026-04-15 08:04:03,86.45,85.7,108.3,6.46,79.8,34.4,16.6
2026-04-15 08:04:03,86.58,88.0,101.4,7.36,79.8,40.0,16.6
2026-04-15 08:04:04,86.54,88.6,112.3,5.97,80.4,34.3,16.6
2026-04-15 08:04:04,86.41,125.2,134.6,5.91,79.8,42.6,16.6
2026-04-15 08:04:04,86.63,109.8,133.0,5.41,79.8,34.2,16.6
2026-04-15 08:04:04,86.67,116.0,139.6,5.77,80.4,41.4,16.7
2026-04-15 08:04:04,86.56,84.7,100.8,7.43,80.4,36.5,16.7
2026-04-15 08:04:04,86.57,115.8,131.2,6.06,78.8,41.8,16.7
2026-04-15 08:04:05,86.53,99.2,114.8,6.7,80.4,43.3,16.7
2026-04-15 08:04:05,86.4,96.2,119.3,6.12,81.0,31.1,16.7
2026-04-15 08:04:05,86.45,87.5,111.7,6.29,79.8,35.5,16.7
2026-04-15 08:04:05,86.21,93.2,116.2,5.84,78.8,40.3,16.7
2026-04-15 08:04:05,86.36,90.4,113.7,6.1,80.4,37.3,16.7
2026-04-15 08:04:05,86.17,148.0,170.9,4.46,80.4,37.9,16.7
2026-04-15 08:04:06,85.98,85.0,103.1,7.31,79.8,38.9,16.6
2026-04-15 08:04:06,86.01,109.5,123.7,6.34,80.4,41.3,16.6
2026-04-15 08:04:06,86.13,106.3,129.9,6.03,79.8,41.5,16.6
2026-04-15 08:04:06,86.15,84.7,107.7,7.0,79.3,37.0,16.6
2026-04-15 08:04:06,85.97,86.7,102.6,7.33,79.3,42.9,16.6
2026-04-15 08:04:06,85.84,93.0,120.5,5.68,80.4,35.2,16.6
2026-04-15 08:04:07,85.86,93.3,116.3,6.16,80.4,32.8,16.6
2026-04-15 08:04:07,85.99,87.6,107.7,6.21,80.4,34.4,16.5
2026-04-15 08:04:07,85.93,88.6,111.7,5.96,79.8,36.2,16.5
2026-04-15 08:04:07,85.92,94.2,118.6,5.77,78.8,38.2,16.5
2026-04-15 08:04:07,85.96,102.2,125.4,5.78,79.3,38.6,16.5
2026-04-15 08:04:07,85.86,91.8,114.8,6.4,80.4,39.1,16.5
2026-04-15 08:04:08,85.91,110.1,133.2,5.4,80.4,38.9,16.5
2026-04-15 08:04:08,85.95,83.7,106.1,7.15,79.3,36.4,16.5
2026-04-15 08:04:08,86.08,98.4,114.1,6.76,79.3,36.8,16.5
2026-04-15 08:04:08,86.03,91.5,116.7,6.17,79.8,40.0,16.5
2026-04-15 08:04:08,86.0,92.3,114.2,6.05,81.0,37.3,16.5
2026-04-15 08:04:08,85.91,85.3,108.4,6.27,80.4,33.8,16.5
2026-04-15 08:04:08,85.94,111.4,125.6,6.26,79.8,45.5,16.5
2026-04-15 08:04:09,85.86,89.4,110.5,6.93,79.8,36.2,16.5
2026-04-15 08:04:09,85.81,93.1,119.0,5.79,79.8,33.8,16.5
2026-04-15 08:04:09,85.83,93.0,116.1,6.11,79.8,30.2,16.5
2026-04-15 08:04:09,85.93,95.5,117.8,5.9,80.4,38.5,16.5
2026-04-15 08:04:09,85.98,93.9,116.8,6.07,79.3,35.3,16.5
2026-04-15 08:04:09,86.06,113.8,136.7,5.36,79.8,41.1,16.5
2026-04-15 08:04:10,86.06,95.3,114.1,6.75,79.8,41.7,16.5
2026-04-15 08:04:10,86.01,99.8,123.2,5.84,81.0,38.6,16.5
2026-04-15 08:04:10,85.89,95.8,118.0,6.16,80.4,38.5,16.6
2026-04-15 08:04:10,85.74,109.4,134.1,5.5,79.8,35.2,16.6
2026-04-15 08:04:10,85.91,85.5,106.7,7.09,78.8,36.4,16.6
2026-04-15 08:04:10,85.99,108.7,123.8,6.34,79.3,39.3,16.6
2026-04-15 08:04:11,85.91,86.9,108.5,6.91,80.4,39.7,16.6
2026-04-15 08:04:11,86.01,86.8,109.9,6.03,78.8,35.8,16.6
2026-04-15 08:04:11,86.15,84.2,96.2,7.68,78.8,39.2,16.5
2026-04-15 08:04:11,86.1,86.8,102.7,7.3,79.8,48.2,16.6
2026-04-15 08:04:11,85.87,85.0,107.9,6.11,79.8,32.8,16.6
2026-04-15 08:04:11,85.87,96.2,110.3,6.92,78.8,41.4,16.6
2026-04-15 08:04:12,85.83,107.4,130.3,5.63,80.4,39.4,16.6
2026-04-15 08:04:12,85.74,86.7,109.9,6.85,79.3,37.9,16.6
2026-04-15 08:04:12,85.96,101.4,111.6,6.76,78.8,38.6,16.6
2026-04-15 08:04:12,85.94,86.9,108.1,6.57,79.3,37.7,16.6
2026-04-15 08:04:12,85.89,102.4,116.1,6.63,80.4,45.0,16.6
2026-04-15 08:04:12,86.02,99.8,122.2,6.16,79.8,35.4,16.6
2026-04-15 08:04:12,86.27,101.8,124.8,5.95,80.4,36.4,16.6
2026-04-15 08:04:13,86.08,87.3,110.4,6.57,81.0,36.7,16.6
2026-04-15 08:04:13,86.06,85.4,97.7,7.61,79.8,41.5,16.5
2026-04-15 08:04:13,86.11,90.7,99.7,7.19,80.4,41.5,16.5
2026-04-15 08:04:13,86.04,110.2,131.3,5.39,80.4,35.1,16.5
2026-04-15 08:04:13,86.12,104.7,126.4,6.2,79.3,40.6,16.5
2026-04-15 08:04:13,86.1,96.8,120.0,6.3,80.4,37.5,16.5
2026-04-15 08:04:14,85.99,90.9,112.8,6.2,79.8,33.3,16.6
2026-04-15 08:04:14,86.08,139.6,160.6,4.66,80.4,39.0,16.5
2026-04-15 08:04:14,85.93,90.3,113.5,6.64,80.4,37.3,16.5
2026-04-15 08:04:14,86.1,91.5,115.1,5.95,79.8,35.3,16.6
2026-04-15 08:04:14,85.96,103.9,126.8,5.6,80.4,37.1,16.6
2026-04-15 08:04:14,86.0,88.4,107.2,6.62,82.6,40.3,16.6
2026-04-15 08:04:15,85.88,109.5,131.7,5.33,79.3,36.5,16.7
2026-04-15 08:04:15,86.21,86.4,108.8,6.97,80.4,37.0,16.6
2026-04-15 08:04:15,86.18,91.7,104.3,7.21,79.8,42.1,16.6
2026-04-15 08:04:15,86.3,91.9,113.2,5.98,79.8,36.4,16.6
2026-04-15 08:04:15,86.13,104.8,129.1,5.55,80.4,34.7,16.6
2026-04-15 08:04:15,86.14,103.3,126.6,6.09,79.3,36.1,16.6
2026-04-15 08:04:16,86.1,89.3,112.7,6.55,79.3,37.7,16.5
2026-04-15 08:04:16,86.17,91.6,98.6,7.39,79.3,49.0,16.5
2026-04-15 08:04:16,86.23,97.4,120.6,5.8,78.2,32.4,16.5
2026-04-15 08:04:16,86.34,139.6,162.7,4.79,78.8,43.0,16.5
2026-04-15 08:04:16,86.56,88.1,111.3,6.74,79.3,36.2,16.5
2026-04-15 08:04:16,86.27,104.8,126.5,5.45,79.8,40.8,16.5
2026-04-15 08:04:17,86.43,85.8,103.9,6.78,80.4,37.3,16.5
2026-04-15 08:04:17,86.39,84.2,97.3,7.6,79.8,41.2,16.5
2026-04-15 08:04:17,86.3,87.4,106.7,7.11,79.8,43.9,16.5
2026-04-15 08:04:17,86.27,107.7,130.6,5.47,79.8,34.7,16.5
2026-04-15 08:04:17,86.32,88.9,112.1,6.77,80.4,35.6,16.5
2026-04-15 08:04:17,86.15,96.3,119.1,5.74,81.0,31.8,16.5
2026-04-15 08:04:17,86.42,92.2,115.5,6.16,80.4,40.0,16.5
2026-04-15 08:04:18,86.25,85.6,108.0,6.25,80.4,36.9,16.5
2026-04-15 08:04:18,86.37,120.6,132.3,5.93,79.8,43.1,16.5
2026-04-15 08:04:18,86.33,101.8,124.7,5.53,79.8,37.5,16.5
2026-04-15 08:04:18,86.45,88.3,111.8,6.51,79.8,39.7,16.5
2026-04-15 08:04:18,86.28,88.4,111.4,6.02,79.8,33.3,16.5
2026-04-15 08:04:18,86.33,108.9,132.1,5.34,79.8,32.9,16.6
2026-04-15 08:04:19,86.36,93.2,117.9,6.57,80.4,38.1,16.6
2026-04-15 08:04:19,86.57,99.0,122.4,5.85,80.4,35.8,16.6
2026-04-15 08:04:19,86.66,95.1,118.2,6.16,78.8,33.3,16.6
2026-04-15 08:04:19,86.64,107.4,130.4,5.58,79.8,36.6,16.6
2026-04-15 08:04:19,86.54,92.1,113.8,6.63,81.0,39.0,16.6
2026-04-15 08:04:19,86.58,108.5,131.6,5.46,79.8,30.4,16.5
2026-04-15 08:04:20,86.64,93.0,115.4,6.62,78.8,40.0,16.5
2026-04-15 08:04:20,86.67,102.0,124.9,5.7,79.3,38.2,16.5
2026-04-15 08:04:20,86.52,92.1,115.3,6.38,79.8,35.0,16.5
2026-04-15 08:04:20,86.32,88.0,111.2,6.16,79.8,34.4,16.5
2026-04-15 08:04:20,86.4,89.6,111.4,5.95,79.8,38.0,16.5
2026-04-15 08:04:20,86.29,89.5,112.5,5.98,79.8,36.4,16.5
2026-04-15 08:04:21,86.42,89.5,112.7,6.02,79.3,35.9,16.6
2026-04-15 08:04:21,86.47,100.5,123.5,5.63,79.3,37.5,16.6
2026-04-15 08:04:21,86.35,96.1,119.1,6.17,79.8,39.1,16.6
2026-04-15 08:04:21,86.45,118.6,140.1,5.29,79.8,40.3,16.6
2026-04-15 08:04:21,86.53,90.0,103.9,7.26,80.4,37.7,16.6
2026-04-15 08:04:21,86.44,90.0,113.0,6.0,79.3,36.9,16.6
2026-04-15 08:04:22,86.32,104.7,126.7,5.51,80.4,34.3,16.6
2026-04-15 08:04:22,86.61,87.9,110.6,6.68,79.8,39.0,16.7
2026-04-15 08:04:22,86.51,96.1,118.8,5.72,79.8,36.6,16.7
2026-04-15 08:04:22,86.51,95.5,120.8,5.94,79.8,39.7,16.6
2026-04-15 08:04:22,86.42,97.7,118.9,6.01,80.4,32.8,16.6
2026-04-15 08:04:22,86.49,89.6,112.8,6.3,78.8,35.4,16.6
2026-04-15 08:04:23,86.38,112.4,134.2,5.28,80.4,43.4,16.6
2026-04-15 08:04:23,86.43,93.6,114.0,6.77,79.8,37.5,16.6
2026-04-15 08:04:23,86.5,85.4,108.3,6.31,78.8,38.5,16.6
2026-04-15 08:04:23,86.37,92.5,107.0,7.11,78.8,45.6,16.6
2026-04-15 08:04:23,86.41,84.1,107.2,6.34,79.3,33.3,16.6
2026-04-15 08:04:23,86.37,107.1,122.4,6.39,79.8,41.9,16.6
2026-04-15 08:04:24,86.43,87.7,109.9,6.79,80.4,43.5,16.6
2026-04-15 08:04:24,86.52,114.8,127.8,6.16,79.3,42.6,16.6
2026-04-15 08:04:24,86.41,86.7,102.0,7.34,79.8,39.3,16.6
2026-04-15 08:04:24,86.3,91.4,104.7,7.21,80.4,40.4,16.7
2026-04-15 08:04:24,86.29,86.7,97.3,6.2,79.3,43.9,16.7
2026-04-15 08:04:24,86.48,87.0,94.1,7.5,79.8,42.3,16.7
2026-04-15 08:04:24,86.31,93.8,106.4,7.13,80.4,35.8,16.6
2026-04-15 08:04:25,86.47,94.4,117.4,5.97,81.0,36.9,16.6
2026-04-15 08:04:25,86.32,95.9,119.3,5.96,79.8,39.1,16.7
2026-04-15 08:04:25,86.33,94.0,115.4,6.06,79.8,35.9,16.7
2026-04-15 08:04:25,86.4,89.9,113.0,6.18,80.4,36.4,16.7
2026-04-15 08:04:25,86.53,99.8,123.1,5.65,79.3,37.3,16.7
2026-04-15 08:04:25,86.47,88.0,111.1,6.48,80.4,36.7,16.6
2026-04-15 08:04:26,86.45,103.2,126.3,5.5,78.8,39.7,16.6
2026-04-15 08:04:26,86.44,106.5,130.7,5.85,80.4,34.4,16.6
2026-04-15 08:04:26,86.53,88.7,112.0,6.76,79.8,37.5,16.5
2026-04-15 08:04:26,86.37,86.9,96.9,7.59,79.8,41.2,16.5
2026-04-15 08:04:26,86.36,101.7,113.2,6.77,81.0,50.0,16.5
2026-04-15 08:04:26,86.45,85.4,108.5,6.58,79.8,33.3,16.5
2026-04-15 08:04:26,86.42,87.6,99.6,7.46,79.8,46.4,16.4
2026-04-15 08:04:27,86.39,95.2,117.6,5.75,79.8,35.8,16.5
2026-04-15 08:04:27,86.4,96.5,118.3,5.96,80.4,37.3,16.4
2026-04-15 08:04:27,86.42,96.9,120.0,5.99,79.8,38.8,16.4
2026-04-15 08:04:27,86.43,88.5,111.6,6.33,80.4,34.9,16.4
2026-04-15 08:04:27,86.52,104.1,122.6,5.48,80.4,32.4,16.5
2026-04-15 08:04:27,86.37,83.9,107.1,6.82,79.3,34.5,16.5
2026-04-15 08:04:28,86.27,118.7,136.3,5.88,80.4,43.5,16.5
2026-04-15 08:04:28,86.37,88.6,100.5,7.45,79.3,44.4,16.6
2026-04-15 08:04:28,86.25,99.1,122.4,5.63,80.4,40.3,16.6
2026-04-15 08:04:28,86.22,105.6,128.3,5.79,79.8,39.1,16.6
2026-04-15 08:04:28,86.19,84.5,106.2,6.87,79.3,38.3,16.6
2026-04-15 08:04:28,86.25,97.8,113.0,6.82,80.4,41.4,16.6
2026-04-15 08:04:29,86.31,100.3,124.1,5.89,80.4,41.8,16.6
2026-04-15 08:04:29,86.26,95.4,118.5,6.21,78.8,35.5,16.6
2026-04-15 08:04:29,86.25,85.6,106.0,6.34,79.8,36.9,16.6
2026-04-15 08:04:29,86.28,120.7,129.4,5.97,79.8,40.0,16.6
2026-04-15 08:04:29,86.42,88.7,100.3,7.43,79.3,40.4,16.6
2026-04-15 08:04:29,86.35,85.7,108.8,6.11,79.8,34.4,16.6
2026-04-15 08:04:30,86.31,97.5,110.9,6.9,80.4,43.1,16.6
2026-04-15 08:04:30,86.31,100.2,117.7,5.88,79.8,46.4,16.6
2026-04-15 08:04:30,86.33,101.6,124.7,5.98,81.0,36.4,16.6
2026-04-15 08:04:30,86.33,116.0,139.2,5.52,79.8,31.9,16.6
2026-04-15 08:04:30,86.35,96.4,113.2,6.8,81.0,41.4,16.6
2026-04-15 08:04:30,86.41,94.9,116.8,6.04,79.3,35.4,16.7
2026-04-15 08:04:31,86.52,86.8,109.9,6.35,78.8,39.4,16.7
2026-04-15 08:04:31,86.35,95.9,108.8,7.0,79.8,40.4,16.6
2026-04-15 08:04:31,86.4,86.0,108.5,6.39,79.8,41.8,16.6
2026-04-15 08:04:31,86.48,106.5,120.6,6.45,79.8,46.7,16.6
2026-04-15 08:04:31,86.42,95.8,120.2,6.42,81.0,42.2,16.6
2026-04-15 08:04:31,86.43,90.7,113.3,6.24,78.8,31.1,16.6
2026-04-15 08:04:31,86.51,104.3,127.2,5.55,79.8,38.7,16.6
2026-04-15 08:04:32,86.48,95.6,118.3,6.33,79.8,35.5,16.6
2026-04-15 08:04:32,86.39,85.8,109.1,6.37,79.8,32.2,16.6
2026-04-15 08:04:32,86.4,122.5,133.9,5.88,79.3,47.8,16.5
2026-04-15 08:04:32,86.38,92.2,115.3,5.9,80.4,34.3,16.5
2026-04-15 08:04:32,86.33,88.3,109.2,6.15,79.8,37.3,16.5
2026-04-15 08:04:32,86.39,85.3,97.5,7.58,79.8,42.6,16.5
2026-04-15 08:04:33,86.25,94.3,106.1,7.12,80.4,43.9,16.5
2026-04-15 08:04:33,86.22,91.1,114.2,6.12,79.8,33.3,16.5
2026-04-15 08:04:33,86.15,88.3,111.0,6.11,80.4,36.9,16.5
2026-04-15 08:04:33,86.19,90.5,109.0,5.91,81.5,44.9,16.5
2026-04-15 08:04:33,86.1,84.5,107.6,6.24,78.8,32.8,16.5
2026-04-15 08:04:33,86.37,108.6,120.7,6.34,79.8,39.3,16.5
2026-04-15 08:04:34,86.17,88.2,111.0,6.85,80.4,39.3,16.5
2026-04-15 08:04:34,86.15,84.9,107.8,6.12,80.4,37.1,16.6
2026-04-15 08:04:34,86.13,105.9,120.2,6.49,81.0,35.7,16.6
2026-04-15 08:04:34,86.14,98.7,121.9,6.26,79.8,36.1,16.7
2026-04-15 08:04:34,86.15,87.1,110.6,6.42,79.8,38.5,16.7
2026-04-15 08:04:34,86.03,87.0,110.1,6.04,80.4,26.3,16.6
2026-04-15 08:04:34,86.08,88.6,101.4,7.38,79.8,47.4,16.6
2026-04-15 08:04:35,86.12,93.9,115.5,5.83,80.4,39.7,16.6
2026-04-15 08:04:35,86.02,89.3,112.4,6.18,79.8,36.4,16.6
2026-04-15 08:04:35,86.01,97.1,120.1,5.73,79.3,34.3,16.6
2026-04-15 08:04:35,86.01,109.0,134.1,5.54,79.3,41.1,16.6
2026-04-15 08:04:35,86.04,101.2,121.9,6.38,82.0,43.5,16.6
2026-04-15 08:04:35,86.23,86.2,110.5,6.55,79.8,40.9,16.6
2026-04-15 08:04:36,86.18,97.7,109.5,6.94,80.4,41.1,16.6
2026-04-15 08:04:36,86.18,88.9,110.7,6.32,80.4,32.2,16.6
2026-04-15 08:04:36,85.98,86.0,109.1,6.14,80.4,40.6,16.6
2026-04-15 08:04:36,86.05,83.1,94.9,7.67,79.8,40.8,16.6
2026-04-15 08:04:36,86.05,87.0,100.0,7.3,80.4,48.3,16.6
2026-04-15 08:04:36,86.1,86.0,102.2,7.35,80.4,40.4,16.6
2026-04-15 08:04:36,86.13,88.5,111.5,6.05,79.8,38.2,16.6
2026-04-15 08:04:37,86.12,120.0,143.1,5.05,81.0,32.9,16.6
2026-04-15 08:04:37,86.13,104.0,116.4,6.64,81.0,35.7,16.6
2026-04-15 08:04:37,86.24,88.4,111.8,6.61,81.0,37.3,16.6
2026-04-15 08:04:37,86.24,85.2,108.4,6.12,79.3,35.4,16.5
2026-04-15 08:04:37,86.2,85.7,99.1,7.47,80.4,39.6,16.5
2026-04-15 08:04:37,86.21,125.1,137.7,5.8,81.0,47.2,16.5
2026-04-15 08:04:38,86.17,97.9,121.0,5.78,79.3,35.8,16.5
2026-04-15 08:04:38,86.16,120.2,143.3,5.3,79.8,35.1,16.5
2026-04-15 08:04:38,86.15,84.3,96.5,7.66,79.3,41.5,16.5
2026-04-15 08:04:38,86.28,94.1,109.1,6.98,80.4,46.7,16.5
2026-04-15 08:04:38,86.12,116.7,138.0,5.29,79.3,39.0,16.5
2026-04-15 08:04:38,86.06,127.2,143.5,5.64,79.3,39.4,16.5
2026-04-15 08:04:39,86.09,102.4,126.4,5.67,79.3,34.3,16.5
2026-04-15 08:04:39,86.3,84.5,107.8,6.78,80.4,36.7,16.5
2026-04-15 08:04:39,86.38,98.9,114.4,6.75,79.8,43.3,16.5
2026-04-15 08:04:39,86.49,94.6,117.8,6.17,79.8,34.9,16.5
2026-04-15 08:04:39,86.54,91.1,114.4,6.13,81.0,38.1,16.5
2026-04-15 08:04:39,86.47,97.0,120.1,5.81,79.8,37.5,16.5
2026-04-15 08:04:40,86.47,105.9,125.3,5.69,79.8,42.3,16.5
2026-04-15 08:04:40,86.51,90.3,113.4,6.62,80.4,40.0,16.5
2026-04-15 08:04:40,86.48,102.1,125.2,5.61,81.0,33.3,16.5
2026-04-15 08:04:40,86.5,96.7,119.8,6.19,81.0,36.5,16.5
2026-04-15 08:04:40,86.43,85.1,108.1,6.38,80.4,32.2,16.5
2026-04-15 08:04:40,86.46,106.3,117.4,6.55,80.4,44.8,16.5
2026-04-15 08:04:41,86.51,101.7,123.7,6.18,80.4,35.9,16.5
2026-04-15 08:04:41,86.58,90.9,114.3,6.41,79.3,36.1,16.5
2026-04-15 08:04:41,86.51,86.5,106.8,6.17,81.0,37.9,16.5
2026-04-15 08:04:41,86.51,109.8,124.2,6.32,79.8,46.0,16.6
2026-04-15 08:04:41,86.36,89.0,109.7,6.94,81.0,42.1,16.6
2026-04-15 08:04:41,86.41,93.1,116.2,5.86,81.5,36.8,16.6
2026-04-15 08:04:42,86.43,88.0,110.8,6.19,80.4,34.8,16.6
2026-04-15 08:04:42,86.41,109.6,122.2,6.39,80.4,48.4,16.6
2026-04-15 08:04:42,86.41,85.7,109.2,6.97,80.4,37.5,16.6
2026-04-15 08:04:42,86.33,90.3,113.5,5.92,81.0,35.4,16.6
2026-04-15 08:04:42,86.47,111.8,135.1,5.32,80.4,34.7,16.6
2026-04-15 08:04:42,86.43,90.7,111.6,6.88,79.8,35.7,16.6
2026-04-15 08:04:42,86.43,104.4,127.4,5.54,80.4,35.7,16.5
2026-04-15 08:04:43,86.41,100.2,123.3,6.17,80.4,44.9,16.5
2026-04-15 08:04:43,86.27,102.2,125.4,5.92,80.4,33.3,16.5
2026-04-15 08:04:43,86.37,92.7,115.9,6.38,79.8,36.5,16.5
2026-04-15 08:04:43,86.4,98.7,121.5,5.78,78.2,36.8,16.5
2026-04-15 08:04:43,86.37,86.9,108.6,6.47,79.8,38.1,16.5
2026-04-15 08:04:43,86.35,110.6,122.9,6.37,81.5,45.0,16.5
2026-04-15 08:04:44,86.27,89.7,111.9,6.87,79.3,39.0,16.5
2026-04-15 08:04:44,86.35,84.9,107.9,6.17,78.8,36.9,16.5
2026-04-15 08:04:44,86.38,86.5,100.8,7.42,80.4,42.6,16.5
2026-04-15 08:04:44,86.43,96.5,108.1,6.98,79.3,40.0,16.5
2026-04-15 08:04:44,86.42,93.3,116.4,6.13,79.3,36.4,16.5
2026-04-15 08:04:44,86.29,91.7,115.1,6.05,78.8,33.9,16.5
2026-04-15 08:04:45,86.15,110.9,133.4,5.39,80.4,41.3,16.5
2026-04-15 08:04:45,86.19,89.2,111.7,6.84,81.0,36.8,16.4
2026-04-15 08:04:45,86.22,90.9,113.8,5.99,79.8,33.8,16.4
2026-04-15 08:04:45,86.12,84.3,111.5,6.09,82.6,33.3,16.5
2026-04-15 08:04:45,86.16,85.7,108.8,6.11,80.4,35.8,16.5
2026-04-15 08:04:45,86.15,85.2,99.3,7.51,80.4,42.6,16.5
2026-04-15 08:04:46,86.1,129.1,140.8,5.66,80.4,43.7,16.5
2026-04-15 08:04:46,86.06,95.8,118.9,6.0,81.0,37.9,16.5
2026-04-15 08:04:46,86.11,86.5,109.5,6.35,79.3,33.9,16.6
2026-04-15 08:04:46,85.94,111.3,124.1,6.33,79.8,45.2,16.6
2026-04-15 08:04:46,86.05,87.0,108.2,7.03,81.0,36.5,16.6
2026-04-15 08:04:46,86.24,85.3,97.6,7.6,81.5,40.7,16.6
2026-04-15 08:04:46,86.25,88.7,102.6,7.31,80.4,45.6,16.6
2026-04-15 08:04:47,86.04,104.4,125.2,5.47,79.8,41.1,16.6
2026-04-15 08:04:47,86.15,101.9,125.1,6.11,79.8,42.4,16.6
2026-04-15 08:04:47,86.21,84.3,107.4,6.71,79.8,37.7,16.6
2026-04-15 08:04:47,86.13,87.8,103.1,7.31,79.8,39.2,16.6
2026-04-15 08:04:47,86.03,89.9,113.3,5.92,82.0,34.8,16.5
2026-04-15 08:04:47,86.06,85.4,108.5,6.18,79.3,34.9,16.5
2026-04-15 08:04:47,86.19,84.8,97.8,7.55,79.8,37.3,16.5
2026-04-15 08:04:48,86.13,104.0,119.6,6.52,80.4,41.9,16.5
2026-04-15 08:04:48,86.15,84.3,106.9,6.85,79.8,37.5,16.5
2026-04-15 08:04:48,86.01,93.8,111.0,6.9,81.0,44.1,16.5
2026-04-15 08:04:48,85.98,87.5,110.7,6.33,81.0,35.9,16.5
2026-04-15 08:04:48,86.1,95.7,103.6,7.06,81.5,48.1,16.6
2026-04-15 08:04:48,86.05,104.3,124.7,5.71,81.0,37.7,16.5
2026-04-15 08:04:49,86.14,86.3,109.8,6.72,81.0,35.6,16.5
2026-04-15 08:04:49,86.05,100.1,112.4,6.82,81.0,42.1,16.6
2026-04-15 08:04:49,86.13,84.3,110.2,6.46,79.8,38.1,16.6
2026-04-15 08:04:49,86.15,87.1,97.6,7.56,81.0,42.9,16.6
2026-04-15 08:04:49,86.16,89.9,100.9,7.35,79.8,39.6,16.6
2026-04-15 08:04:49,86.18,87.9,110.7,6.08,81.5,39.7,16.6
2026-04-15 08:04:49,86.17,83.7,106.9,6.16,81.0,32.3,16.6
2026-04-15 08:04:50,86.16,96.7,112.3,6.83,79.8,39.3,16.6
2026-04-15 08:04:50,86.13,116.3,140.1,5.29,79.8,42.5,16.6
2026-04-15 08:04:50,86.05,84.0,96.1,7.61,80.4,39.6,16.6
2026-04-15 08:04:50,86.12,101.6,114.6,6.63,80.4,47.6,16.6
2026-04-15 08:04:50,86.06,84.6,108.7,6.64,80.4,33.3,16.6
2026-04-15 08:04:50,86.1,87.9,99.8,7.37,79.8,42.3,16.6
2026-04-15 08:04:51,86.2,90.1,112.4,5.93,81.0,41.1,16.6
2026-04-15 08:04:51,86.12,96.1,119.4,5.79,81.5,34.3,16.5
2026-04-15 08:04:51,86.01,104.4,127.8,5.71,79.8,36.2,16.5
2026-04-15 08:04:51,86.12,105.3,128.4,5.98,80.4,41.5,16.6
2026-04-15 08:04:51,86.25,86.1,109.5,6.78,80.4,36.2,16.6
2026-04-15 08:04:51,86.19,87.3,99.6,7.37,81.0,40.4,16.6
2026-04-15 08:04:51,86.23,97.6,107.9,7.03,79.8,43.9,16.6
2026-04-15 08:04:52,86.23,98.6,121.9,5.95,81.0,36.4,16.6
2026-04-15 08:04:52,86.19,83.9,107.0,6.6,81.0,33.9,16.6
2026-04-15 08:04:52,86.34,105.0,119.1,6.47,82.0,46.7,16.6
2026-04-15 08:04:52,86.11,95.1,118.1,6.4,81.0,38.7,16.6
2026-04-15 08:04:52,86.25,102.2,123.3,5.75,81.5,33.8,16.6
2026-04-15 08:04:52,86.16,96.0,119.2,6.23,80.4,32.2,16.6
2026-04-15 08:04:53,86.13,92.9,114.7,6.11,79.3,37.3,16.7
2026-04-15 08:04:53,86.27,90.2,111.3,6.1,81.0,34.8,16.7
2026-04-15 08:04:53,86.2,86.5,110.2,6.11,80.4,37.3,16.7
2026-04-15 08:04:53,86.19,93.3,104.0,7.19,81.0,45.5,16.7
2026-04-15 08:04:53,86.16,102.2,124.3,5.69,79.8,37.7,16.7
2026-04-15 08:04:53,86.2,86.6,110.0,6.62,81.0,35.1,16.7
2026-04-15 08:04:54,86.03,85.4,97.6,7.59,80.4,39.2,16.7
2026-04-15 08:04:54,86.25,94.2,108.3,7.03,81.0,38.9,16.7
2026-04-15 08:04:54,86.3,90.0,111.9,6.16,81.5,37.9,16.7
2026-04-15 08:04:54,86.22,88.2,111.3,6.07,81.0,34.3,16.7
2026-04-15 08:04:54,86.15,101.1,124.1,5.57,78.8,41.4,16.7
2026-04-15 08:04:54,86.14,112.1,133.2,5.62,80.4,57.1,16.7
2026-04-15 08:04:55,86.28,96.1,116.1,6.66,79.8,37.9,16.7
2026-04-15 08:04:55,86.19,94.1,116.6,6.06,79.8,36.8,16.7
2026-04-15 08:04:55,86.02,86.9,109.0,6.26,81.0,36.1,16.7
2026-04-15 08:04:55,85.93,95.2,106.7,7.09,81.0,43.9,16.7
2026-04-15 08:04:55,85.87,85.7,109.1,6.37,80.4,35.5,16.7
2026-04-15 08:04:55,85.79,83.4,95.3,7.65,79.8,40.4,16.7
2026-04-15 08:04:55,86.18,109.2,125.1,6.28,81.5,44.3,16.6
2026-04-15 08:04:56,86.36,84.6,107.8,7.05,79.8,35.7,16.6
2026-04-15 08:04:56,86.17,86.6,101.7,7.38,81.0,42.6,16.6
2026-04-15 08:04:56,86.18,106.1,118.2,6.55,81.0,41.4,16.6
2026-04-15 08:04:56,86.24,105.8,128.9,6.02,79.8,40.3,16.6
2026-04-15 08:04:56,86.28,93.1,116.0,6.5,81.0,41.3,16.6
2026-04-15 08:04:56,86.29,89.8,112.9,6.13,80.4,32.3,16.7
2026-04-15 08:04:57,86.42,97.6,120.3,5.72,79.3,47.9,16.6
2026-04-15 08:04:57,86.36,88.2,109.4,6.36,79.8,32.2,16.6
2026-04-15 08:04:57,86.29,84.6,107.9,6.14,81.5,37.3,16.6
2026-04-15 08:04:57,86.2,87.9,102.6,7.32,80.4,43.4,16.6
2026-04-15 08:04:57,86.13,85.2,94.6,7.67,79.8,43.1,16.6
2026-04-15 08:04:57,86.27,101.3,116.6,6.65,81.0,40.0,16.6
2026-04-15 08:04:57,86.28,101.0,124.2,6.04,81.5,47.1,16.6
2026-04-15 08:04:58,86.29,94.7,117.8,6.25,80.4,35.5,16.6
2026-04-15 08:04:58,86.06,121.7,144.7,5.16,80.4,38.5,16.6
2026-04-15 08:04:58,86.28,94.5,117.5,5.79,78.8,31.9,16.6
2026-04-15 08:04:58,86.22,112.6,135.8,5.41,81.0,35.2,16.7
2026-04-15 08:04:58,86.2,90.9,111.2,6.89,80.4,32.1,16.7
2026-04-15 08:04:58,86.16,90.5,113.5,6.01,81.0,40.0,16.7
2026-04-15 08:04:59,86.21,96.8,119.9,5.8,79.8,34.3,16.7
2026-04-15 08:04:59,86.01,89.0,112.2,6.29,79.8,36.1,16.7
2026-04-15 08:04:59,86.15,86.4,108.4,6.1,79.8,38.2,16.7
2026-04-15 08:04:59,86.23,84.7,98.6,7.54,81.0,38.5,16.7
2026-04-15 08:04:59,86.18,94.3,107.8,6.97,79.3,43.9,16.7
2026-04-15 08:04:59,86.14,97.6,119.6,5.94,80.4,35.8,16.7
2026-04-15 08:05:00,86.16,83.9,106.2,6.54,80.4,35.0,16.7
2026-04-15 08:05:00,86.0,125.7,143.8,5.62,80.4,45.6,16.7
2026-04-15 08:05:00,86.26,87.2,109.3,6.31,79.8,37.3,16.7
2026-04-15 08:05:00,86.08,88.2,100.2,7.45,79.3,40.0,16.6
2026-04-15 08:05:00,86.21,89.0,112.9,5.95,81.0,36.8,16.6
2026-04-15 08:05:00,86.01,88.6,111.6,6.05,79.8,33.8,16.6
2026-04-15 08:05:00,86.08,85.8,105.3,6.1,79.3,32.8,16.6
2026-04-15 08:05:01,86.16,107.8,119.5,6.44,81.5,46.0,16.6
2026-04-15 08:05:01,86.09,87.6,110.9,6.83,79.8,30.2,16.6
2026-04-15 08:05:01,86.11,106.2,129.0,5.41,79.8,37.5,16.6
2026-04-15 08:05:01,86.14,90.6,113.7,6.61,79.8,36.7,16.6
2026-04-15 08:05:01,86.28,101.6,124.6,5.64,80.4,29.2,16.6
2026-04-15 08:05:01,86.29,109.9,131.1,5.72,80.4,36.6,16.5
2026-04-15 08:05:02,86.24,107.3,131.6,6.04,81.5,38.1,16.5
2026-04-15 08:05:02,86.31,98.5,121.7,6.4,81.0,40.6,16.6
2026-04-15 08:05:02,86.36,91.6,107.2,6.26,79.8,47.7,16.6
2026-04-15 08:05:02,86.18,92.9,115.9,5.96,78.8,36.4,16.6
2026-04-15 08:05:02,86.18,84.1,107.3,6.34,79.3,35.9,16.6
2026-04-15 08:05:02,86.21,83.3,98.4,7.53,79.3,36.0,16.5
2026-04-15 08:05:03,86.23,86.2,102.9,7.31,81.0,46.6,16.6
2026-04-15 08:05:03,86.35,107.1,119.0,6.52,80.4,49.2,16.6
2026-04-15 08:05:03,86.12,93.3,116.2,6.54,79.3,40.0,16.6
2026-04-15 08:05:03,86.04,94.2,118.2,5.93,81.0,36.4,16.6
2026-04-15 08:05:03,86.17,87.4,110.4,6.3,79.3,35.5,16.6
2026-04-15 08:05:03,86.13,98.6,110.8,6.92,81.0,44.3,16.7
2026-04-15 08:05:04,86.17,110.3,131.2,5.6,78.8,39.7,16.6
2026-04-15 08:05:04,86.18,102.7,123.9,6.3,79.8,36.1,16.6
2026-04-15 08:05:04,85.72,111.4,135.0,5.69,81.0,41.4,16.7
2026-04-15 08:05:04,85.88,97.5,118.6,6.56,79.3,36.7,16.7
2026-04-15 08:05:04,86.09,105.6,127.2,5.72,81.0,43.8,16.7
2026-04-15 08:05:04,86.01,94.4,116.0,6.44,80.4,33.3,16.7
2026-04-15 08:05:04,86.14,86.0,108.8,6.32,81.0,37.1,16.6
2026-04-15 08:05:05,86.11,86.3,99.2,7.49,80.4,45.5,16.6
2026-04-15 08:05:05,85.96,95.3,107.9,7.03,79.8,45.0,16.7
2026-04-15 08:05:05,86.05,97.5,116.6,5.92,81.5,42.0,16.7
2026-04-15 08:05:05,85.87,88.3,111.3,6.36,81.0,39.1,16.7
2026-04-15 08:05:05,86.01,93.9,116.4,5.81,81.0,38.0,16.6
2026-04-15 08:05:05,86.1,88.7,112.0,6.19,80.4,38.8,16.6
2026-04-15 08:05:06,85.97,92.7,115.4,5.86,79.3,39.4,16.5
2026-04-15 08:05:06,85.88,89.2,115.7,6.01,80.4,33.8,16.5
2026-04-15 08:05:06,85.58,106.4,129.3,5.54,79.8,43.1,16.5
2026-04-15 08:05:06,85.99,108.2,131.3,5.94,79.8,44.9,16.4
2026-04-15 08:05:06,85.91,90.6,113.7,6.72,79.3,33.3,16.4
2026-04-15 08:05:06,86.17,85.3,108.5,6.19,79.8,35.4,16.4
2026-04-15 08:05:07,86.1,87.3,100.7,7.4,78.8,39.2,16.4
2026-04-15 08:05:07,86.15,86.6,98.2,7.55,79.8,43.4,16.4
2026-04-15 08:05:07,86.11,88.2,99.5,7.4,80.4,40.7,16.4
2026-04-15 08:05:07,86.28,110.3,133.6,5.3,82.0,40.3,16.4
2026-04-15 08:05:07,86.27,86.0,108.3,7.04,79.8,36.4,16.4
2026-04-15 08:05:07,86.28,86.2,98.0,7.48,80.4,44.4,16.4
2026-04-15 08:05:07,86.11,84.5,101.2,7.39,81.0,33.3,16.5
2026-04-15 08:05:08,86.02,104.2,124.4,5.48,79.8,34.3,16.5
2026-04-15 08:05:08,86.13,83.4,106.5,6.87,80.4,33.9,16.5
2026-04-15 08:05:08,86.11,104.8,122.7,6.39,79.3,50.8,16.6
2026-04-15 08:05:08,86.07,100.3,123.5,6.23,80.4,44.6,16.6
2026-04-15 08:05:08,86.11,84.2,107.6,6.64,81.0,36.1,16.6
2026-04-15 08:05:08,86.19,100.6,115.6,6.7,80.4,41.4,16.6
2026-04-15 08:05:09,86.41,121.9,144.8,5.31,79.8,39.7,16.6
2026-04-15 08:05:09,86.26,122.4,145.6,4.99,79.8,36.7,16.6
2026-04-15 08:05:09,86.07,94.7,117.8,5.81,79.8,37.1,16.6
2026-04-15 08:05:09,85.97,95.1,118.2,5.99,81.0,37.9,16.6
2026-04-15 08:05:09,86.24,90.9,113.4,6.16,79.3,36.9,16.5
2026-04-15 08:05:09,86.25,86.7,110.1,6.15,79.3,32.8,16.5
2026-04-15 08:05:10,86.26,95.3,106.4,7.05,81.5,41.1,16.5
2026-04-15 08:05:10,86.31,101.3,122.8,5.79,79.3,38.6,16.5
2026-04-15 08:05:10,86.12,95.2,117.8,6.24,80.4,37.1,16.5
2026-04-15 08:05:10,86.26,99.5,122.6,5.85,81.0,38.6,16.5
2026-04-15 08:05:10,86.14,95.4,118.4,6.16,81.5,33.3,16.5
2026-04-15 08:05:10,86.21,94.8,115.0,6.02,81.0,32.8,16.5
2026-04-15 08:05:11,86.37,121.7,144.8,5.17,80.4,37.2,16.5
2026-04-15 08:05:11,86.2,108.1,131.3,5.36,81.5,40.8,16.5
2026-04-15 08:05:11,86.19,105.3,127.2,6.11,81.0,41.0,16.5
2026-04-15 08:05:11,86.4,94.6,117.7,6.42,81.0,36.1,16.5
2026-04-15 08:05:11,86.09,95.5,116.6,5.97,81.5,39.1,16.5
2026-04-15 08:05:11,86.04,89.4,112.2,6.24,79.8,32.3,16.5
2026-04-15 08:05:12,86.27,92.6,115.6,5.88,81.5,35.8,16.5
2026-04-15 08:05:12,86.33,87.6,111.8,6.15,79.8,36.4,16.5
2026-04-15 08:05:12,86.18,85.5,108.5,6.11,80.4,32.3,16.5
2026-04-15 08:05:12,86.28,95.1,108.6,7.0,81.5,46.7,16.5
2026-04-15 08:05:12,86.21,104.8,127.8,5.67,79.8,35.3,16.5
2026-04-15 08:05:12,85.88,101.1,124.3,6.14,80.4,36.4,16.6
2026-04-15 08:05:13,86.05,85.0,108.4,6.64,80.4,39.3,16.5
2026-04-15 08:05:13,86.24,99.2,113.7,6.78,79.8,43.1,16.6
2026-04-15 08:05:13,86.24,91.5,113.2,6.3,80.4,35.9,16.6
2026-04-15 08:05:13,86.18,114.6,136.5,5.26,80.4,40.3,16.6
2026-04-15 08:05:13,86.21,92.3,109.9,6.94,81.5,37.5,16.6
2026-04-15 08:05:13,86.26,91.6,114.8,6.03,81.5,32.3,16.5
2026-04-15 08:05:14,86.16,90.6,113.0,6.04,81.5,34.8,16.5
2026-04-15 08:05:14,86.09,117.5,140.4,5.16,80.4,35.6,16.5
2026-04-15 08:05:14,86.3,95.4,110.4,6.93,79.8,44.8,16.5
2026-04-15 08:05:14,86.17,84.2,107.2,6.43,81.5,38.7,16.5
2026-04-15 08:05:14,86.13,88.6,102.2,7.27,80.4,41.8,16.5
2026-04-15 08:05:14,86.24,93.6,116.5,5.83,81.0,35.3,16.5
2026-04-15 08:05:14,86.39,95.6,118.2,5.92,79.8,35.8,16.5
2026-04-15 08:05:15,86.34,87.0,110.1,6.33,79.8,36.1,16.6
2026-04-15 08:05:15,86.26,84.3,99.7,7.48,80.4,42.9,16.6
2026-04-15 08:05:15,86.27,91.5,103.2,7.28,81.0,46.4,16.6
2026-04-15 08:05:15,86.13,89.5,112.6,6.08,81.0,37.7,16.6
2026-04-15 08:05:15,86.34,85.3,107.8,6.16,79.8,36.4,16.6
2026-04-15 08:05:15,86.33,96.4,102.3,6.92,81.0,47.4,16.6
2026-04-15 08:05:16,86.35,86.6,110.0,6.37,81.0,37.5,16.7
2026-04-15 08:05:16,86.44,105.7,115.3,6.5,79.8,43.1,16.7
2026-04-15 08:05:16,86.43,84.0,107.0,6.98,81.0,37.3,16.7
2026-04-15 08:05:16,86.44,110.2,125.9,6.25,80.4,46.9,16.7
2026-04-15 08:05:16,86.38,86.3,106.7,7.04,81.5,40.0,16.6
2026-04-15 08:05:16,86.42,86.9,99.5,7.46,81.5,46.4,16.6
2026-04-15 08:05:16,86.44,105.7,118.1,6.58,80.4,41.9,16.6
2026-04-15 08:05:17,86.26,109.8,133.0,5.87,81.0,43.5,16.6
2026-04-15 08:05:17,86.14,91.6,114.5,6.74,81.0,39.7,16.5
2026-04-15 08:05:17,86.1,88.4,111.0,6.12,79.8,32.8,16.5
2026-04-15 08:05:17,86.29,102.3,125.3,5.54,81.5,36.1,16.6
2026-04-15 08:05:17,86.21,94.8,116.7,6.29,79.3,37.5,16.6
2026-04-15 08:05:17,86.14,94.1,117.0,6.03,79.8,36.4,16.6
2026-04-15 08:05:18,86.22,104.5,127.4,5.65,80.4,35.2,16.6
2026-04-15 08:05:18,86.07,110.9,131.5,5.77,82.6,42.6,16.6
2026-04-15 08:05:18,86.08,86.4,108.0,7.05,81.0,37.9,16.6
2026-04-15 08:05:18,85.73,98.6,111.7,6.86,81.5,45.8,16.7
2026-04-15 08:05:18,86.0,94.0,116.9,6.18,78.8,40.3,16.7
2026-04-15 08:05:18,85.8,100.6,123.7,5.77,81.5,32.8,16.7
2026-04-15 08:05:19,85.98,94.6,117.8,6.22,79.8,45.2,16.7
2026-04-15 08:05:19,85.84,100.6,123.6,5.81,80.4,34.8,16.7
2026-04-15 08:05:19,85.88,103.3,126.7,5.87,80.4,42.0,16.7
2026-04-15 08:05:19,86.04,100.0,123.2,6.15,79.3,35.5,16.7
2026-04-15 08:05:19,86.14,87.1,110.7,6.49,80.4,39.7,16.7
2026-04-15 08:05:19,86.21,87.8,111.0,6.0,79.8,29.7,16.7
2026-04-15 08:05:20,86.14,113.6,124.6,6.27,80.4,42.9,16.7
2026-04-15 08:05:20,86.17,106.5,125.1,6.28,79.8,39.7,16.7
2026-04-15 08:05:20,86.21,111.6,134.7,5.83,79.8,39.1,16.7
2026-04-15 08:05:20,86.14,92.2,114.0,6.76,81.0,39.0,16.7
2026-04-15 08:05:20,86.18,105.2,128.2,5.59,79.3,37.5,16.7
2026-04-15 08:05:20,86.06,112.2,135.4,5.76,81.0,40.6,16.7
2026-04-15 08:05:21,86.17,85.5,106.2,7.15,79.8,40.0,16.7
2026-04-15 08:05:21,86.29,88.2,101.5,7.36,81.0,43.6,16.7
2026-04-15 08:05:21,86.23,101.8,125.5,5.53,81.0,35.2,16.7
2026-04-15 08:05:21,86.19,108.6,132.1,5.77,79.8,43.5,16.7
2026-04-15 08:05:21,86.14,94.1,115.8,6.57,81.0,39.7,16.7
2026-04-15 08:05:21,85.95,93.2,115.9,6.04,81.5,31.7,16.7
2026-04-15 08:05:21,86.03,85.5,108.4,6.3,79.8,32.8,16.6
2026-04-15 08:05:22,86.01,91.3,105.1,7.17,79.8,40.7,16.6
2026-04-15 08:05:22,86.08,111.6,134.3,5.36,80.4,44.7,16.6
2026-04-15 08:05:22,86.17,98.5,119.7,6.51,80.4,39.0,16.6
2026-04-15 08:05:22,86.15,93.8,116.9,6.19,81.5,43.9,16.6
2026-04-15 08:05:22,86.15,120.3,143.5,5.18,81.0,45.5,16.6
2026-04-15 08:05:22,86.21,124.1,136.3,5.86,81.5,61.5,16.5
