Timestamp,Avg_Conf(%),InferenceTime(ms),TotalLatencyTime(ms),FPS,CPU_Temp(℃),CPU_Usage(%),Memory_Usage(%)
2026-04-17 06:10:19,0.0,194.9,583.7,1.71,32.5,0.0,16.2
2026-04-17 06:10:19,0.0,84.0,106.9,6.46,32.5,33.9,16.2
2026-04-17 06:10:19,0.0,83.5,99.4,7.53,32.0,32.0,16.3
2026-04-17 06:10:19,0.0,88.7,104.9,7.22,32.5,38.6,16.3
2026-04-17 06:10:19,0.0,89.9,113.7,5.93,33.6,34.8,16.3
2026-04-17 06:10:19,0.0,85.0,108.3,6.2,33.6,34.3,16.3
2026-04-17 06:10:19,0.0,84.5,99.5,7.52,33.6,41.5,16.3
2026-04-17 06:10:20,0.0,91.4,106.2,7.16,33.6,42.1,16.3
2026-04-17 06:10:20,0.0,87.5,110.6,6.14,33.1,29.7,16.3
2026-04-17 06:10:20,0.0,82.3,94.4,7.8,33.6,40.0,16.3
2026-04-17 06:10:20,0.0,85.3,102.8,7.34,32.5,41.1,16.3
2026-04-17 06:10:20,0.0,84.3,98.5,7.57,34.2,37.7,16.3
2026-04-17 06:10:20,0.0,87.1,103.1,7.33,33.1,43.9,16.3
2026-04-17 06:10:20,0.0,85.2,97.5,7.63,34.2,42.6,16.3
2026-04-17 06:10:21,0.0,83.6,98.3,7.59,34.2,40.7,16.3
2026-04-17 06:10:21,0.0,100.7,117.0,6.63,33.1,37.9,16.3
2026-04-17 06:10:21,0.0,84.2,107.6,6.66,34.2,32.2,16.3
2026-04-17 06:10:21,0.0,93.2,108.8,7.04,34.2,41.1,16.3
2026-04-17 06:10:21,0.0,85.7,108.2,6.27,34.2,34.4,16.2
2026-04-17 06:10:21,0.0,83.0,96.8,7.68,33.1,37.3,16.2
2026-04-17 06:10:21,0.0,85.8,102.4,7.37,33.1,38.9,16.2
2026-04-17 06:10:22,0.0,89.8,103.9,7.28,34.2,42.9,16.2
2026-04-17 06:10:22,0.0,84.5,106.9,6.2,35.3,38.7,16.2
2026-04-17 06:10:22,0.0,82.1,97.9,7.62,34.8,32.7,16.2
2026-04-17 06:10:22,0.0,86.5,103.6,7.29,34.8,37.3,16.2
2026-04-17 06:10:22,0.0,82.4,95.7,7.73,33.1,42.9,16.2
2026-04-17 06:10:22,0.0,99.6,121.3,6.46,34.8,35.1,16.2
2026-04-17 06:10:22,0.0,82.1,106.3,6.85,33.6,32.8,16.2
2026-04-17 06:10:23,0.0,99.5,115.9,6.69,33.6,40.0,16.2
2026-04-17 06:10:23,0.0,90.9,113.9,6.32,34.2,35.5,16.2
2026-04-17 06:10:23,0.0,82.9,105.9,6.32,33.6,30.2,16.2
2026-04-17 06:10:23,0.0,84.8,101.7,7.39,34.2,40.0,16.2
2026-04-17 06:10:23,0.0,84.6,99.4,7.52,33.6,38.5,16.2
2026-04-17 06:10:23,0.0,84.7,99.7,7.5,33.6,36.0,16.2
2026-04-17 06:10:23,0.0,81.3,96.4,7.7,32.5,40.0,16.2
2026-04-17 06:10:24,0.0,83.9,102.4,7.35,33.1,37.0,16.2
2026-04-17 06:10:24,0.0,85.7,101.8,7.4,33.6,36.5,16.2
2026-04-17 06:10:24,0.0,85.0,99.1,7.55,32.5,36.0,16.2
2026-04-17 06:10:24,0.0,83.0,97.7,7.62,33.1,38.5,16.2
2026-04-17 06:10:24,0.0,83.4,100.3,7.48,34.2,38.5,16.2
2026-04-17 06:10:24,0.0,83.3,99.6,7.52,34.2,37.7,16.2
2026-04-17 06:10:24,0.0,81.5,97.9,7.6,34.2,41.1,16.2
2026-04-17 06:10:24,0.0,86.7,105.3,7.21,34.8,37.7,16.2
2026-04-17 06:10:25,0.0,83.4,96.2,7.71,34.8,34.0,16.2
2026-04-17 06:10:25,0.0,84.4,100.5,7.45,34.8,40.7,16.2
2026-04-17 06:10:25,0.0,81.4,97.0,7.67,34.2,35.8,16.2
2026-04-17 06:10:25,0.0,95.9,114.3,6.77,33.6,35.2,16.2
2026-04-17 06:10:25,0.0,85.3,108.2,6.41,33.6,28.8,16.2
2026-04-17 06:10:25,0.0,82.0,96.7,7.69,32.5,36.0,16.2
2026-04-17 06:10:25,0.0,83.5,100.9,7.43,33.6,41.1,16.3
2026-04-17 06:10:26,0.0,85.5,102.0,7.39,35.9,38.5,16.3
2026-04-17 06:10:26,0.0,81.4,95.8,7.74,34.8,32.7,16.3
2026-04-17 06:10:26,0.0,85.5,104.4,7.26,34.2,40.0,16.4
2026-04-17 06:10:26,0.0,81.2,95.1,7.78,33.6,35.3,16.4
2026-04-17 06:10:26,0.0,84.4,103.4,7.31,34.2,36.5,16.5
2026-04-17 06:10:26,0.0,81.9,97.3,7.66,34.2,40.0,16.5
2026-04-17 06:10:26,0.0,83.8,101.6,7.4,34.8,41.1,16.5
2026-04-17 06:10:26,0.0,81.9,98.2,7.6,33.6,34.0,16.5
2026-04-17 06:10:27,0.0,101.6,119.2,6.55,34.8,44.8,16.5
2026-04-17 06:10:27,0.0,81.6,104.7,6.82,34.2,31.0,16.5
2026-04-17 06:10:27,0.0,82.9,101.8,7.4,34.2,36.5,16.5
2026-04-17 06:10:27,0.0,84.0,100.5,7.47,34.2,40.7,16.5
2026-04-17 06:10:27,0.0,86.5,101.9,7.38,35.3,40.7,16.5
2026-04-17 06:10:27,0.0,81.0,94.4,7.81,34.2,33.3,16.5
2026-04-17 06:10:27,0.0,88.1,106.7,7.13,33.6,42.1,16.5
2026-04-17 06:10:28,0.0,86.0,109.0,6.08,34.8,30.8,16.5
2026-04-17 06:10:28,0.0,84.2,97.7,7.6,34.8,41.8,16.6
2026-04-17 06:10:28,0.0,89.9,105.3,7.21,34.2,41.4,16.6
2026-04-17 06:10:28,0.0,85.2,108.2,6.17,34.8,34.3,16.6
2026-04-17 06:10:28,0.0,87.5,102.1,7.38,33.6,39.6,16.7
2026-04-17 06:10:28,0.0,90.9,103.2,7.31,34.8,40.0,16.7
2026-04-17 06:10:28,0.0,90.9,114.0,6.0,33.6,30.2,16.6
2026-04-17 06:10:29,0.0,104.8,128.0,5.54,34.2,35.6,16.6
2026-04-17 06:10:29,0.0,83.4,106.9,6.88,33.6,38.3,16.6
2026-04-17 06:10:29,0.0,84.3,103.0,7.33,33.6,35.8,16.6
2026-04-17 06:10:29,0.0,98.6,111.4,6.89,34.2,45.0,16.5
2026-04-17 06:10:29,0.0,84.1,107.2,6.57,34.2,37.1,16.5
2026-04-17 06:10:29,0.0,86.2,101.8,7.39,34.2,37.7,16.5
2026-04-17 06:10:30,0.0,85.4,98.5,7.55,34.2,36.0,16.5
2026-04-17 06:10:30,0.0,86.3,100.7,7.45,34.8,40.4,16.5
2026-04-17 06:10:30,0.0,83.1,96.2,7.69,34.8,35.3,16.5
2026-04-17 06:10:30,0.0,87.4,103.9,7.25,35.3,39.6,16.5
2026-04-17 06:10:30,0.0,121.7,133.4,5.98,34.2,42.6,16.4
2026-04-17 06:10:30,0.0,85.3,109.7,6.06,35.3,33.3,16.4
2026-04-17 06:10:30,0.0,85.5,98.1,7.57,34.8,43.4,16.4
2026-04-17 06:10:31,0.0,98.3,112.4,6.85,34.8,42.4,16.4
2026-04-17 06:10:31,0.0,83.9,106.9,6.57,34.8,29.8,16.4
2026-04-17 06:10:31,0.0,97.5,113.8,6.8,34.2,44.1,16.4
2026-04-17 06:10:31,0.0,93.1,116.1,6.17,34.8,36.4,16.4
2026-04-17 06:10:31,0.0,88.9,110.7,6.16,33.6,34.4,16.4
2026-04-17 06:10:31,0.0,91.8,114.6,5.9,33.6,37.5,16.4
2026-04-17 06:10:31,0.0,85.2,108.2,6.25,34.2,35.8,16.4
2026-04-17 06:10:32,0.0,96.2,111.2,6.92,34.8,41.5,16.4
2026-04-17 06:10:32,0.0,87.2,109.3,6.34,34.2,36.9,16.4
2026-04-17 06:10:32,0.0,84.5,96.8,7.67,34.2,40.4,16.4
2026-04-17 06:10:32,0.0,98.5,113.6,6.81,34.8,36.4,16.4
2026-04-17 06:10:32,0.0,95.1,118.2,6.12,34.8,33.3,16.4
2026-04-17 06:10:32,0.0,89.6,112.6,6.2,34.8,37.3,16.4
2026-04-17 06:10:33,0.0,106.7,129.5,5.45,33.6,32.4,16.4
2026-04-17 06:10:33,0.0,89.7,112.8,6.68,34.8,36.2,16.4
2026-04-17 06:10:33,0.0,87.2,110.2,6.09,34.2,36.2,16.4
2026-04-17 06:10:33,0.0,86.5,98.7,7.54,35.3,44.6,16.4
2026-04-17 06:10:33,0.0,104.0,116.6,6.63,34.8,37.5,16.4
2026-04-17 06:10:33,0.0,86.5,109.4,6.72,34.8,37.1,16.4
2026-04-17 06:10:33,0.0,102.8,116.0,6.68,34.2,41.7,16.4
2026-04-17 06:10:34,0.0,88.2,111.2,6.59,34.2,38.3,16.4
2026-04-17 06:10:34,0.0,85.1,108.0,6.12,34.2,31.3,16.4
2026-04-17 06:10:34,0.0,90.9,105.5,7.19,33.6,42.1,16.4
2026-04-17 06:10:34,0.0,89.7,113.0,6.03,33.6,34.3,16.3
2026-04-17 06:10:34,0.0,93.5,117.2,5.86,34.8,31.8,16.3
2026-04-17 06:10:34,0.0,90.7,113.4,6.12,34.8,35.4,16.3
2026-04-17 06:10:35,0.0,104.2,127.1,5.56,33.6,33.3,16.4
2026-04-17 06:10:35,0.0,85.8,108.5,6.74,34.8,38.3,16.4
2026-04-17 06:10:35,0.0,102.3,115.9,6.67,34.8,35.7,16.4
2026-04-17 06:10:35,0.0,85.1,108.2,6.69,34.2,35.6,16.4
2026-04-17 06:10:35,0.0,89.0,103.8,7.29,33.6,39.6,16.4
2026-04-17 06:10:35,0.0,85.9,110.3,6.08,34.2,32.8,16.4
2026-04-17 06:10:35,0.0,85.8,97.9,7.58,32.5,38.0,16.4
2026-04-17 06:10:36,0.0,94.6,108.3,7.04,34.8,41.1,16.4
2026-04-17 06:10:36,0.0,90.0,111.3,6.16,35.3,31.7,16.3
2026-04-17 06:10:36,0.0,87.0,109.8,6.12,34.8,37.9,16.4
2026-04-17 06:10:36,0.0,87.9,100.3,7.46,33.6,36.0,16.3
2026-04-17 06:10:36,0.0,107.5,119.3,6.54,34.8,40.0,16.4
2026-04-17 06:10:36,0.0,86.0,109.2,6.89,33.6,33.9,16.4
2026-04-17 06:10:37,0.0,95.8,109.3,6.99,34.2,36.4,16.4
2026-04-17 06:10:37,0.0,102.9,126.7,5.73,33.1,35.8,16.4
2026-04-17 06:10:37,0.0,101.6,124.6,6.09,34.8,36.9,16.4
2026-04-17 06:10:37,0.0,85.7,108.9,6.63,34.2,36.7,16.4
2026-04-17 06:10:37,0.0,94.7,109.3,7.01,33.6,40.4,16.4
2026-04-17 06:10:37,0.0,111.6,134.9,5.41,34.8,33.3,16.4
2026-04-17 06:10:37,0.0,84.2,104.0,7.28,34.2,40.0,16.4
2026-04-17 06:10:38,0.0,99.1,114.7,6.75,35.3,37.5,16.5
2026-04-17 06:10:38,0.0,86.6,108.7,6.48,34.2,37.1,16.5
2026-04-17 06:10:38,0.0,84.1,98.7,7.56,34.2,39.2,16.5
2026-04-17 06:10:38,0.0,95.7,109.7,6.98,35.3,42.4,16.5
2026-04-17 06:10:38,0.0,90.6,114.8,6.15,34.8,35.4,16.5
2026-04-17 06:10:38,0.0,85.8,108.7,6.22,34.2,36.9,16.6
2026-04-17 06:10:39,0.0,83.9,97.8,7.61,34.8,42.6,16.6
2026-04-17 06:10:39,0.0,86.3,102.2,7.36,34.8,43.9,16.5
2026-04-17 06:10:39,0.0,107.6,120.5,6.48,34.2,43.3,16.5
2026-04-17 06:10:39,0.0,84.4,106.3,6.98,35.9,37.3,16.6
2026-04-17 06:10:39,0.0,108.9,124.2,6.34,33.6,41.3,16.5
2026-04-17 06:10:39,0.0,89.3,112.3,6.8,36.4,39.7,16.5
2026-04-17 06:10:39,0.0,85.1,113.0,5.98,34.2,32.3,16.5
2026-04-17 06:10:40,0.0,83.8,106.8,6.24,35.3,32.8,16.5
2026-04-17 06:10:40,0.0,86.1,101.1,7.38,35.3,36.0,16.5
2026-04-17 06:10:40,0.0,88.0,101.6,7.39,35.3,41.8,16.5
2026-04-17 06:10:40,0.0,86.6,98.3,7.59,35.3,45.5,16.4
2026-04-17 06:10:40,0.0,85.2,96.3,7.57,34.8,41.5,16.4
2026-04-17 06:10:40,0.0,110.0,122.5,6.33,34.8,38.3,16.4
2026-04-17 06:10:40,0.0,88.6,110.4,6.89,34.2,37.9,16.4
2026-04-17 06:10:41,0.0,92.9,115.9,5.85,33.6,35.7,16.3
2026-04-17 06:10:41,0.0,90.7,113.8,6.07,34.8,33.8,16.4
2026-04-17 06:10:41,0.0,84.6,107.5,6.24,33.6,32.3,16.4
2026-04-17 06:10:41,0.0,82.9,98.4,7.58,35.3,42.6,16.4
2026-04-17 06:10:41,0.0,85.8,102.6,7.35,34.2,40.7,16.4
2026-04-17 06:10:41,0.0,84.1,97.9,7.6,35.3,40.4,16.4
2026-04-17 06:10:41,0.0,93.9,109.5,6.99,35.3,42.1,16.4
2026-04-17 06:10:42,0.0,101.4,124.5,5.74,34.8,36.2,16.5
2026-04-17 06:10:42,0.0,87.8,110.8,6.54,34.2,37.1,16.5
2026-04-17 06:10:42,0.0,83.5,95.3,7.77,34.2,42.3,16.5
2026-04-17 06:10:42,0.0,87.1,103.6,7.3,35.3,39.6,16.5
2026-04-17 06:10:42,0.0,86.5,99.3,7.52,35.3,44.6,16.5
2026-04-17 06:10:42,0.0,100.9,113.7,6.78,34.2,44.3,16.5
2026-04-17 06:10:42,0.0,84.7,108.1,6.64,34.8,35.0,16.5
2026-04-17 06:10:43,0.0,91.8,104.5,7.14,34.8,45.8,16.4
2026-04-17 06:10:43,0.0,86.9,109.9,6.19,34.8,35.4,16.4
2026-04-17 06:10:43,0.0,84.1,96.3,7.67,35.3,40.0,16.4
2026-04-17 06:10:43,0.0,87.1,103.0,7.32,34.8,37.3,16.4
2026-04-17 06:10:43,0.0,87.3,99.4,7.51,35.3,34.7,16.4
2026-04-17 06:10:43,0.0,106.1,118.5,6.57,34.2,42.6,16.4
2026-04-17 06:10:43,0.0,86.4,109.8,6.79,35.3,34.5,16.4
2026-04-17 06:10:44,0.0,91.6,103.9,7.24,35.3,42.6,16.4
2026-04-17 06:10:44,0.0,89.8,113.1,6.06,34.2,35.4,16.4
2026-04-17 06:10:44,0.0,110.3,133.4,5.35,34.2,39.0,16.5
2026-04-17 06:10:44,0.0,87.1,109.6,6.98,34.8,38.6,16.5
2026-04-17 06:10:44,0.0,101.2,113.3,6.79,34.8,36.4,16.5
2026-04-17 06:10:44,0.0,110.2,133.2,5.7,34.8,35.2,16.5
2026-04-17 06:10:45,0.0,87.8,110.8,6.94,34.8,37.3,16.5
2026-04-17 06:10:45,0.0,95.1,106.7,7.1,34.2,38.9,16.5
2026-04-17 06:10:45,0.0,124.3,147.3,5.11,34.2,33.3,16.5
2026-04-17 06:10:45,0.0,88.9,112.1,6.08,34.8,30.2,16.5
2026-04-17 06:10:45,0.0,108.4,131.3,5.37,34.8,32.9,16.5
2026-04-17 06:10:45,0.0,86.3,109.5,6.92,34.2,37.9,16.5
2026-04-17 06:10:46,0.0,89.4,102.8,7.34,34.8,40.7,16.4
2026-04-17 06:10:46,0.0,88.8,111.8,6.02,35.9,35.3,16.4
2026-04-17 06:10:46,0.0,86.4,109.4,6.09,34.2,32.8,16.4
2026-04-17 06:10:46,0.0,94.0,107.3,7.1,34.8,36.4,16.4
2026-04-17 06:10:46,0.0,85.8,108.6,6.26,34.8,31.1,16.4
2026-04-17 06:10:46,0.0,86.0,98.2,7.58,35.3,41.2,16.3
2026-04-17 06:10:46,0.0,91.5,105.2,7.2,34.8,44.8,16.3
2026-04-17 06:10:47,0.0,115.5,138.6,5.25,34.8,36.0,16.4
2026-04-17 06:10:47,0.0,85.2,104.4,7.2,35.3,38.9,16.3
2026-04-17 06:10:47,0.0,90.4,100.3,7.36,34.8,41.8,16.3
2026-04-17 06:10:47,0.0,85.0,108.3,6.2,35.3,31.7,16.3
2026-04-17 06:10:47,0.0,85.3,99.3,7.49,35.3,42.6,16.3
2026-04-17 06:10:47,0.0,86.2,100.5,7.45,34.8,41.5,16.3
2026-04-17 06:10:48,0.0,108.1,122.4,6.4,34.8,40.0,16.3
2026-04-17 06:10:48,0.0,86.6,109.7,6.95,35.3,35.7,16.3
2026-04-17 06:10:48,0.0,91.0,104.0,7.26,35.3,38.9,16.3
2026-04-17 06:10:48,0.0,102.2,125.2,5.63,34.8,31.9,16.3
2026-04-17 06:10:48,0.0,85.3,108.1,6.68,34.8,37.7,16.3
2026-04-17 06:10:48,0.0,111.1,125.5,6.29,34.8,37.7,16.3
2026-04-17 06:10:48,0.0,93.6,115.7,6.7,35.3,32.1,16.3
2026-04-17 06:10:49,0.0,104.4,127.3,5.64,35.3,33.8,16.4
2026-04-17 06:10:49,0.0,85.7,111.0,6.66,34.8,35.0,16.4
2026-04-17 06:10:49,0.0,93.2,105.1,7.19,34.8,43.6,16.4
2026-04-17 06:10:49,0.0,97.9,120.8,5.85,34.8,32.3,16.5
2026-04-17 06:10:49,0.0,85.7,108.2,6.47,33.6,39.1,16.5
2026-04-17 06:10:49,0.0,83.7,97.9,7.61,34.8,42.3,16.5
2026-04-17 06:10:49,0.0,94.8,108.9,6.94,34.2,42.4,16.5
2026-04-17 06:10:50,0.0,85.3,108.3,6.37,34.2,31.7,16.5
2026-04-17 06:10:50,0.0,83.6,98.3,7.59,34.2,36.7,16.5
2026-04-17 06:10:50,0.0,86.2,102.2,7.37,33.6,44.6,16.5
2026-04-17 06:10:50,0.0,83.2,96.8,7.67,35.3,36.0,16.5
2026-04-17 06:10:50,0.0,85.6,102.0,7.37,35.3,45.6,16.5
2026-04-17 06:10:50,0.0,93.0,107.3,7.1,33.6,34.6,16.5
2026-04-17 06:10:50,0.0,83.6,105.8,6.36,34.2,36.9,16.5
2026-04-17 06:10:51,0.0,83.7,99.8,7.5,35.9,39.6,16.5
2026-04-17 06:10:51,0.0,87.0,103.3,7.32,34.8,40.4,16.5
2026-04-17 06:10:51,0.0,85.1,97.2,7.62,34.2,43.4,16.5
2026-04-17 06:10:51,0.0,114.1,128.6,6.17,34.8,40.9,16.5
2026-04-17 06:10:51,0.0,85.4,104.6,7.25,35.3,37.0,16.5
2026-04-17 06:10:51,0.0,95.6,106.9,6.97,34.2,42.6,16.6
2026-04-17 06:10:51,0.0,92.4,115.5,6.11,35.3,36.9,16.6
2026-04-17 06:10:52,0.0,91.3,114.6,6.04,35.9,36.8,16.6
2026-04-17 06:10:52,0.0,95.4,118.9,5.85,35.3,31.8,16.6
2026-04-17 06:10:52,0.0,89.2,112.1,6.25,35.3,32.3,16.6
2026-04-17 06:10:52,0.0,91.0,114.0,5.92,33.6,32.3,16.7
2026-04-17 06:10:52,0.0,88.2,111.1,6.12,34.8,36.8,16.7
2026-04-17 06:10:52,0.0,86.3,109.5,6.05,35.3,33.8,16.7
2026-04-17 06:10:53,0.0,88.8,112.4,5.91,34.2,36.8,16.8
2026-04-17 06:10:53,0.0,86.5,109.0,6.11,34.8,35.8,16.8
2026-04-17 06:10:53,0.0,85.1,98.2,7.58,34.2,40.4,16.8
2026-04-17 06:10:53,0.0,90.4,102.8,7.22,35.3,41.8,16.7
2026-04-17 06:10:53,0.0,87.6,110.6,6.11,35.3,36.2,16.7
2026-04-17 06:10:53,0.0,88.5,100.7,7.44,34.8,40.4,16.7
2026-04-17 06:10:54,0.0,87.3,109.2,6.05,34.8,33.8,16.7
2026-04-17 06:10:54,0.0,91.2,103.6,7.27,33.6,42.6,16.7
2026-04-17 06:10:54,0.0,92.8,115.8,5.97,34.8,36.2,16.7
2026-04-17 06:10:54,0.0,102.4,125.4,5.67,33.6,36.1,16.7
2026-04-17 06:10:54,0.0,97.9,120.7,6.17,34.2,34.9,16.7
2026-04-17 06:10:54,0.0,108.7,132.0,5.64,34.8,35.7,16.7
2026-04-17 06:10:55,0.0,97.7,120.5,6.44,34.8,38.1,16.7
2026-04-17 06:10:55,0.0,87.2,110.4,6.4,35.9,33.3,16.7
2026-04-17 06:10:55,0.0,85.5,97.7,7.6,34.8,39.2,16.7
2026-04-17 06:10:55,0.0,85.2,99.5,7.52,34.8,44.4,16.8
2026-04-17 06:10:55,0.0,86.2,102.7,7.34,34.8,40.0,16.8
2026-04-17 06:10:55,0.0,98.7,121.6,5.65,34.8,37.0,16.8
2026-04-17 06:10:55,0.0,84.9,107.8,6.55,34.8,33.9,16.9
2026-04-17 06:10:56,0.0,85.0,100.0,7.49,35.9,37.3,16.9
2026-04-17 06:10:56,0.0,87.7,102.2,7.36,35.3,42.9,16.9
2026-04-17 06:10:56,0.0,87.1,110.2,6.02,34.2,32.8,16.9
2026-04-17 06:10:56,0.0,84.4,96.3,7.67,34.2,39.2,16.9
2026-04-17 06:10:56,0.0,95.0,108.9,6.95,34.8,37.5,16.9
2026-04-17 06:10:56,0.0,84.3,107.8,6.39,35.3,38.5,16.9
2026-04-17 06:10:56,0.0,86.5,101.5,7.41,34.8,37.3,16.9
2026-04-17 06:10:57,0.0,87.2,102.1,7.35,34.2,40.7,16.9
2026-04-17 06:10:57,0.0,94.8,117.7,5.81,34.8,41.1,16.9
2026-04-17 06:10:57,0.0,84.2,107.4,6.32,34.8,31.1,16.8
2026-04-17 06:10:57,0.0,83.0,96.8,7.67,34.8,39.2,16.8
2026-04-17 06:10:57,0.0,95.1,111.2,6.91,35.3,37.9,16.8
2026-04-17 06:10:57,0.0,88.2,111.0,6.26,34.8,34.4,16.8
2026-04-17 06:10:57,0.0,92.1,103.6,7.29,34.8,40.7,16.8
2026-04-17 06:10:58,0.0,89.7,117.4,5.92,36.4,33.3,16.8
2026-04-17 06:10:58,0.0,86.4,109.5,6.31,33.6,30.0,16.8
2026-04-17 06:10:58,0.0,91.8,104.9,7.21,35.3,38.9,16.8
2026-04-17 06:10:58,0.0,92.7,118.1,5.88,34.2,31.8,16.8
2026-04-17 06:10:58,0.0,99.8,122.8,5.83,35.3,33.3,16.8
2026-04-17 06:10:58,0.0,85.7,108.6,6.57,34.8,37.3,16.8
2026-04-17 06:10:59,0.0,84.1,97.9,7.59,35.3,42.3,16.7
2026-04-17 06:10:59,0.0,86.8,102.6,7.34,34.8,41.8,16.7
2026-04-17 06:10:59,0.0,99.4,111.6,6.86,34.8,42.4,16.7
2026-04-17 06:10:59,0.0,96.2,119.3,6.12,35.3,35.4,16.7
2026-04-17 06:10:59,0.0,96.8,119.9,5.98,34.2,37.3,16.7
2026-04-17 06:10:59,0.0,114.7,137.5,5.41,35.3,36.5,16.7
2026-04-17 06:10:59,0.0,90.5,108.2,7.03,35.3,39.7,16.7
2026-04-17 06:11:00,0.0,84.4,107.1,6.22,35.9,34.4,16.7
2026-04-17 06:11:00,0.0,86.0,99.4,7.43,35.9,41.1,16.8
2026-04-17 06:11:00,0.0,95.4,108.6,7.01,35.3,40.4,16.8
2026-04-17 06:11:00,0.0,105.1,130.7,5.59,35.9,32.4,16.8
2026-04-17 06:11:00,0.0,84.9,108.0,6.96,34.8,33.9,16.8
2026-04-17 06:11:00,0.0,94.3,109.2,7.01,35.3,37.5,16.8
2026-04-17 06:11:01,0.0,83.5,106.5,6.41,34.2,35.5,16.8
2026-04-17 06:11:01,0.0,107.4,123.3,6.37,36.4,36.1,16.7
2026-04-17 06:11:01,0.0,102.2,125.3,6.19,36.4,36.9,16.7
2026-04-17 06:11:01,0.0,93.2,117.1,6.25,35.9,34.9,16.7
2026-04-17 06:11:01,0.0,84.9,107.9,6.41,34.8,34.4,16.6
2026-04-17 06:11:01,0.0,100.9,116.0,6.69,36.4,35.7,16.6
2026-04-17 06:11:01,0.0,85.1,108.2,6.64,35.9,33.3,16.5
2026-04-17 06:11:02,0.0,96.8,111.1,6.9,34.8,46.7,16.5
2026-04-17 06:11:02,0.0,98.9,122.0,5.93,34.8,29.7,16.5
2026-04-17 06:11:02,0.0,95.7,118.6,6.13,34.8,35.4,16.5
2026-04-17 06:11:02,0.0,85.2,108.1,6.4,34.8,37.5,16.5
2026-04-17 06:11:02,0.0,86.5,101.1,7.43,35.3,42.9,16.5
2026-04-17 06:11:02,0.0,85.2,98.8,7.56,35.9,40.4,16.5
2026-04-17 06:11:03,0.0,89.0,103.2,7.31,34.8,43.9,16.5
2026-04-17 06:11:03,0.0,87.1,110.3,6.07,35.3,32.8,16.5
2026-04-17 06:11:03,0.0,83.0,95.5,7.73,36.4,45.6,16.5
2026-04-17 06:11:03,0.0,87.5,103.9,7.28,33.6,38.9,16.5
2026-04-17 06:11:03,0.0,86.3,109.4,6.04,34.8,30.2,16.5
2026-04-17 06:11:03,0.0,83.9,97.2,7.63,35.3,40.4,16.5
2026-04-17 06:11:03,0.0,87.9,103.7,7.29,35.3,38.9,16.5
2026-04-17 06:11:04,0.0,92.8,103.6,7.25,36.4,37.7,16.5
2026-04-17 06:11:04,0.0,91.0,113.8,6.06,34.8,31.7,16.5
2026-04-17 06:11:04,0.0,91.4,114.4,5.99,35.3,32.8,16.5
2026-04-17 06:11:04,0.0,91.6,113.8,5.99,33.6,28.1,16.5
2026-04-17 06:11:04,0.0,86.1,109.0,6.21,33.6,37.9,16.5
2026-04-17 06:11:04,0.0,86.1,99.8,7.5,35.3,37.3,16.5
2026-04-17 06:11:04,0.0,89.1,102.5,7.32,34.8,41.5,16.5
2026-04-17 06:11:05,0.0,88.0,111.2,6.04,35.3,32.3,16.5
2026-04-17 06:11:05,0.0,85.8,108.9,6.09,35.3,29.7,16.5
2026-04-17 06:11:05,0.0,109.7,123.3,6.36,35.3,38.3,16.5
2026-04-17 06:11:05,0.0,84.9,107.9,7.06,35.3,35.7,16.5
2026-04-17 06:11:05,0.0,101.6,115.1,6.67,35.9,39.0,16.6
2026-04-17 06:11:05,0.0,98.2,121.2,6.13,35.3,33.9,16.6
2026-04-17 06:11:06,0.0,84.5,105.7,6.53,35.3,35.5,16.6
2026-04-17 06:11:06,0.0,89.0,104.4,7.24,34.2,38.9,16.6
2026-04-17 06:11:06,0.0,83.1,106.4,6.23,35.3,36.8,16.6
2026-04-17 06:11:06,0.0,83.8,100.1,7.49,35.3,38.5,16.5
2026-04-17 06:11:06,0.0,100.0,116.2,6.68,33.6,35.7,16.5
2026-04-17 06:11:06,0.0,88.8,111.9,6.44,34.2,37.5,16.5
2026-04-17 06:11:06,0.0,84.8,107.9,6.16,33.6,29.5,16.5
2026-04-17 06:11:07,0.0,97.5,112.0,6.85,35.9,44.8,16.5
2026-04-17 06:11:07,0.0,98.1,121.0,5.99,35.9,33.8,16.5
2026-04-17 06:11:07,0.0,83.9,107.0,6.55,35.9,34.4,16.5
2026-04-17 06:11:07,0.0,83.2,99.4,7.53,34.8,36.0,16.5
2026-04-17 06:11:07,0.0,98.4,114.6,6.75,35.3,41.4,16.5
2026-04-17 06:11:07,0.0,83.2,106.3,6.6,34.2,31.0,16.5
2026-04-17 06:11:07,0.0,90.8,106.5,7.1,34.8,43.1,16.5
2026-04-17 06:11:08,0.0,91.7,115.0,5.96,35.3,36.8,16.5
2026-04-17 06:11:08,0.0,85.9,109.2,6.22,35.3,33.8,16.5
2026-04-17 06:11:08,0.0,83.7,96.9,7.64,35.3,38.0,16.5
2026-04-17 06:11:08,0.0,89.7,105.8,7.18,34.8,40.4,16.5
2026-04-17 06:11:08,0.0,84.3,107.5,6.2,34.2,32.8,16.5
2026-04-17 06:11:08,0.0,83.1,98.7,7.57,35.3,42.9,16.5
2026-04-17 06:11:09,0.0,95.8,114.9,6.74,35.3,40.7,16.5
2026-04-17 06:11:09,0.0,87.3,110.3,6.42,35.3,35.5,16.6
2026-04-17 06:11:09,0.0,85.5,97.8,7.61,35.9,38.0,16.6
2026-04-17 06:11:09,0.0,90.8,105.3,7.2,35.9,42.1,16.6
2026-04-17 06:11:09,0.0,96.7,120.9,5.77,34.8,32.4,16.7
2026-04-17 06:11:09,0.0,84.8,107.9,6.52,34.8,34.4,16.7
2026-04-17 06:11:09,0.0,83.5,99.2,7.54,35.9,36.7,16.8
2026-04-17 06:11:10,0.0,95.6,109.5,6.91,34.2,38.6,16.8
2026-04-17 06:11:10,0.0,85.8,108.7,6.37,35.9,35.5,16.8
2026-04-17 06:11:10,0.0,85.0,99.1,7.54,35.9,40.7,16.8
2026-04-17 06:11:10,0.0,83.9,99.9,7.49,35.9,42.9,16.9
2026-04-17 06:11:10,0.0,85.1,99.3,7.52,35.3,40.4,16.9
2026-04-17 06:11:10,0.0,84.4,98.9,7.54,35.3,40.7,16.9
2026-04-17 06:11:10,0.0,87.0,102.6,7.36,36.4,43.9,16.9
2026-04-17 06:11:11,0.0,86.1,98.4,7.56,35.9,43.4,16.8
2026-04-17 06:11:11,0.0,85.3,98.7,7.55,35.9,41.8,16.8
2026-04-17 06:11:11,0.0,89.6,101.6,7.26,35.3,38.9,16.8
2026-04-17 06:11:11,0.0,101.0,124.0,5.62,35.9,33.8,16.8
2026-04-17 06:11:11,0.0,90.2,113.0,6.42,35.9,37.9,16.8
2026-04-17 06:11:11,0.0,84.3,106.7,6.17,34.2,34.8,16.8
2026-04-17 06:11:11,0.0,83.4,97.5,7.64,34.8,40.4,16.8
2026-04-17 06:11:12,0.0,85.5,101.8,7.39,34.8,42.6,16.8
2026-04-17 06:11:12,0.0,83.7,97.6,7.6,35.9,43.1,16.8
2026-04-17 06:11:12,0.0,87.1,102.8,7.3,35.3,40.0,16.8
2026-04-17 06:11:12,0.0,86.4,98.7,7.57,36.4,40.7,16.8
2026-04-17 06:11:12,0.0,96.4,109.8,6.98,35.3,41.1,16.8
2026-04-17 06:11:12,0.0,92.9,116.1,6.13,34.8,31.7,16.8
2026-04-17 06:11:12,0.0,84.0,107.0,6.34,35.3,32.8,16.7
2026-04-17 06:11:13,0.0,83.5,99.5,7.52,35.9,41.8,16.8
2026-04-17 06:11:13,0.0,86.9,103.2,7.31,35.9,40.4,16.8
2026-04-17 06:11:13,0.0,85.1,97.4,7.63,35.3,39.2,16.8
2026-04-17 06:11:13,0.0,86.0,100.6,7.46,35.3,42.6,16.8
2026-04-17 06:11:13,0.0,83.5,96.8,7.64,35.3,38.5,16.8
2026-04-17 06:11:13,0.0,83.0,98.4,7.53,36.4,39.2,16.7
2026-04-17 06:11:13,0.0,84.4,101.3,7.42,35.9,39.6,16.7
2026-04-17 06:11:13,0.0,83.2,96.4,7.58,35.3,40.7,16.8
2026-04-17 06:11:14,0.0,87.1,103.1,7.28,35.3,38.5,16.8
2026-04-17 06:11:14,0.0,84.1,96.5,7.68,36.4,36.7,16.8
2026-04-17 06:11:14,0.0,84.0,101.3,7.41,36.4,38.5,16.8
2026-04-17 06:11:14,0.0,84.0,97.7,7.61,36.4,37.3,16.8
2026-04-17 06:11:14,0.0,85.2,101.2,7.42,34.8,43.6,16.8
2026-04-17 06:11:14,0.0,84.0,98.4,7.59,35.9,38.5,16.7
2026-04-17 06:11:14,0.0,88.5,104.2,7.26,36.4,41.8,16.7
2026-04-17 06:11:15,0.0,96.4,119.5,5.73,36.4,32.9,16.7
2026-04-17 06:11:15,0.0,85.9,108.8,6.41,36.4,33.3,16.7
2026-04-17 06:11:15,0.0,83.6,98.0,7.49,35.9,43.9,16.7
2026-04-17 06:11:15,0.0,84.2,97.3,7.62,34.8,42.3,16.8
2026-04-17 06:11:15,0.0,86.6,102.3,7.37,36.4,40.7,16.7
2026-04-17 06:11:15,0.0,83.2,94.7,7.68,34.8,38.0,16.7
2026-04-17 06:11:15,0.0,85.1,99.4,7.42,35.3,41.8,16.7
2026-04-17 06:11:16,0.0,82.9,97.5,7.64,35.9,37.3,16.7
2026-04-17 06:11:16,0.0,93.5,110.8,6.93,35.9,41.8,16.7
2026-04-17 06:11:16,0.0,97.2,120.3,5.88,34.8,34.8,16.7
2026-04-17 06:11:16,0.0,86.1,109.2,6.44,35.3,34.4,16.7
2026-04-17 06:11:16,0.0,91.3,105.1,7.22,35.3,37.7,16.7
2026-04-17 06:11:16,0.0,89.9,112.9,6.05,35.3,33.3,16.8
2026-04-17 06:11:16,0.0,83.8,110.9,6.08,35.9,32.3,16.8
2026-04-17 06:11:17,0.0,122.6,134.4,5.95,35.3,44.8,16.8
2026-04-17 06:11:17,0.0,86.1,109.2,6.12,35.3,33.3,16.8
2026-04-17 06:11:17,0.0,83.9,96.8,7.62,35.9,39.2,16.8
2026-04-17 06:11:17,0.0,87.3,102.7,7.33,35.9,41.1,16.8
2026-04-17 06:11:17,0.0,110.1,122.1,6.41,34.2,41.5,16.8
2026-04-17 06:11:17,0.0,84.0,107.1,7.06,35.3,32.7,16.8
2026-04-17 06:11:17,0.0,88.2,102.4,7.33,34.8,42.1,16.8
2026-04-17 06:11:18,0.0,87.4,109.7,6.03,35.3,36.4,16.8
2026-04-17 06:11:18,0.0,85.1,96.9,7.64,35.9,39.2,16.8
2026-04-17 06:11:18,0.0,94.3,108.5,7.03,35.9,36.4,16.7
2026-04-17 06:11:18,0.0,86.7,114.0,6.12,35.3,37.3,16.8
2026-04-17 06:11:18,0.0,85.9,107.6,6.2,36.4,32.8,16.8
2026-04-17 06:11:18,0.0,92.2,105.9,7.08,35.9,40.4,16.8
2026-04-17 06:11:19,0.0,87.5,110.2,6.23,35.3,37.3,16.8
2026-04-17 06:11:19,0.0,124.8,136.9,5.87,35.9,37.9,16.8
2026-04-17 06:11:19,0.0,89.3,112.2,6.08,35.3,34.8,16.9
2026-04-17 06:11:19,0.0,87.5,110.4,6.07,35.3,32.3,16.9
2026-04-17 06:11:19,0.0,85.2,109.3,6.05,34.8,33.3,16.9
2026-04-17 06:11:19,0.0,110.3,123.7,6.36,34.2,38.7,17.0
2026-04-17 06:11:20,0.0,97.7,120.7,6.48,35.3,44.6,17.0
2026-04-17 06:11:20,0.0,83.9,106.6,6.55,36.4,33.9,17.0
2026-04-17 06:11:20,0.0,117.1,132.0,5.97,34.8,36.5,17.0
2026-04-17 06:11:20,0.0,84.1,99.0,7.55,36.4,40.7,17.0
2026-04-17 06:11:20,0.0,100.2,118.1,6.6,34.8,33.9,16.9
2026-04-17 06:11:20,0.0,94.9,117.6,6.28,35.9,36.5,16.9
2026-04-17 06:11:20,0.0,84.3,107.4,6.41,34.8,31.1,16.9
2026-04-17 06:11:21,0.0,84.2,99.5,7.51,35.9,39.2,16.8
2026-04-17 06:11:21,0.0,83.8,99.6,7.52,35.9,39.2,16.8
2026-04-17 06:11:21,0.0,85.5,100.6,7.41,35.3,41.8,16.8
2026-04-17 06:11:21,0.0,84.1,98.2,7.59,35.9,36.7,16.8
2026-04-17 06:11:21,0.0,84.8,100.5,7.46,35.3,40.4,16.7
2026-04-17 06:11:21,0.0,83.2,97.5,7.59,35.9,41.1,16.7
2026-04-17 06:11:21,0.0,102.2,117.3,6.56,35.9,41.4,16.7
2026-04-17 06:11:22,0.0,96.0,118.9,6.24,35.3,39.1,16.6
2026-04-17 06:11:22,0.0,88.3,111.4,6.28,34.8,36.9,16.7
2026-04-17 06:11:22,0.0,88.5,100.5,7.43,35.3,40.7,16.6
2026-04-17 06:11:22,0.0,102.5,112.4,6.85,35.3,39.3,16.7
2026-04-17 06:11:22,0.0,91.2,114.0,6.45,36.4,37.9,16.6
2026-04-17 06:11:22,0.0,88.6,110.5,6.05,35.3,34.3,16.6
2026-04-17 06:11:22,0.0,87.5,110.6,6.03,34.8,35.3,16.6
2026-04-17 06:11:23,0.0,95.8,119.2,5.75,35.3,35.7,16.7
2026-04-17 06:11:23,0.0,93.2,116.2,6.12,35.9,34.4,16.7
2026-04-17 06:11:23,0.0,85.7,108.7,6.29,35.9,33.9,16.8
2026-04-17 06:11:23,0.0,85.6,99.7,7.51,36.4,44.6,16.8
2026-04-17 06:11:23,0.0,87.7,101.6,7.39,34.8,43.9,16.8
2026-04-17 06:11:23,0.0,85.8,97.6,7.59,36.4,38.5,16.8
2026-04-17 06:11:24,0.0,86.2,99.5,7.5,35.9,40.4,16.8
2026-04-17 06:11:24,0.0,108.1,121.1,6.45,35.3,39.3,16.8
2026-04-17 06:11:24,0.0,90.3,114.5,6.66,35.9,37.7,16.8
2026-04-17 06:11:24,0.0,106.6,132.2,5.43,35.3,35.5,16.8
2026-04-17 06:11:24,0.0,89.9,113.0,6.79,34.8,36.2,16.8
2026-04-17 06:11:24,0.0,87.8,110.9,6.08,34.8,33.8,16.8
2026-04-17 06:11:24,0.0,83.3,95.2,7.76,35.3,39.2,16.8
2026-04-17 06:11:25,0.0,90.7,108.8,7.02,35.9,40.4,16.9
2026-04-17 06:11:25,0.0,109.6,132.9,5.43,34.8,38.4,16.9
2026-04-17 06:11:25,0.0,84.6,107.6,7.09,35.3,37.5,16.9
2026-04-17 06:11:25,0.0,106.0,121.0,6.47,35.9,37.3,16.9
2026-04-17 06:11:25,0.0,84.7,107.9,6.88,35.9,33.9,16.9
2026-04-17 06:11:25,0.0,84.0,101.3,7.3,35.9,41.1,16.8
2026-04-17 06:11:26,0.0,85.0,108.3,6.13,36.4,32.8,16.8
2026-04-17 06:11:26,0.0,84.8,99.4,7.52,35.9,39.6,16.8
2026-04-17 06:11:26,0.0,116.4,129.5,6.07,36.4,40.9,16.7
2026-04-17 06:11:26,0.0,83.6,100.3,7.48,36.4,40.7,16.7
2026-04-17 06:11:26,0.0,87.1,103.2,7.31,35.3,42.1,16.7
2026-04-17 06:11:26,0.0,84.0,96.4,7.68,34.8,38.5,16.6
2026-04-17 06:11:26,0.0,88.2,103.9,7.28,35.3,40.7,16.6
2026-04-17 06:11:27,0.0,85.0,108.0,6.12,34.8,33.3,16.6
2026-04-17 06:11:27,0.0,82.9,95.0,7.61,35.3,44.2,16.6
2026-04-17 06:11:27,0.0,87.9,104.8,7.22,35.3,38.9,16.6
2026-04-17 06:11:27,0.0,100.9,123.9,5.58,35.3,34.7,16.6
2026-04-17 06:11:27,0.0,84.6,108.1,6.64,34.8,29.8,16.6
2026-04-17 06:11:27,0.0,84.8,99.4,7.52,36.4,41.5,16.6
2026-04-17 06:11:27,0.0,86.7,101.8,7.39,35.3,41.8,16.6
2026-04-17 06:11:28,0.0,86.9,99.7,7.5,34.2,32.7,16.6
2026-04-17 06:11:28,0.0,84.3,96.6,7.62,36.4,43.6,16.6
2026-04-17 06:11:28,0.0,91.1,105.6,7.14,36.4,35.3,16.6
2026-04-17 06:11:28,0.0,84.2,107.3,6.28,35.3,34.9,16.6
2026-04-17 06:11:28,0.0,86.9,102.3,7.37,35.3,39.3,16.6
2026-04-17 06:11:28,0.0,85.8,97.9,7.55,35.3,41.2,16.6
2026-04-17 06:11:28,0.0,85.1,99.1,7.54,35.9,39.6,16.6
2026-04-17 06:11:28,0.0,85.4,99.9,7.49,35.3,40.4,16.6
2026-04-17 06:11:29,0.0,108.5,122.8,6.4,34.8,43.1,16.6
2026-04-17 06:11:29,0.0,93.3,116.0,6.6,35.3,36.7,16.7
2026-04-17 06:11:29,0.0,258.4,293.2,2.91,36.4,74.6,16.6
2026-04-17 06:11:29,0.0,117.0,140.0,5.55,35.9,52.1,16.7
2026-04-17 06:11:29,0.0,85.0,107.3,5.96,35.9,41.5,16.7
2026-04-17 06:11:30,0.0,83.4,98.1,7.58,35.9,38.0,16.7
2026-04-17 06:11:30,0.0,92.8,110.0,6.96,36.4,40.4,16.7
2026-04-17 06:11:30,0.0,88.8,112.0,6.12,35.9,34.4,16.8
2026-04-17 06:11:30,0.0,86.2,109.2,6.17,35.3,29.0,16.8
2026-04-17 06:11:30,0.0,85.5,99.1,7.54,35.3,44.6,16.8
2026-04-17 06:11:30,0.0,85.8,99.7,7.5,35.3,40.7,16.9
2026-04-17 06:11:30,0.0,91.0,104.0,7.21,35.3,41.5,16.9
2026-04-17 06:11:31,0.0,85.8,108.7,6.2,35.3,35.9,16.9
2026-04-17 06:11:31,0.0,105.9,119.9,6.49,35.9,38.6,16.9
2026-04-17 06:11:31,0.0,87.5,110.6,6.78,35.9,39.0,16.9
2026-04-17 06:11:31,0.0,86.1,102.4,7.35,37.5,36.5,16.9
2026-04-17 06:11:31,0.0,83.8,107.2,6.24,36.4,35.4,16.8
2026-04-17 06:11:31,0.0,84.0,100.0,7.5,35.3,39.6,16.8
2026-04-17 06:11:32,0.0,87.5,101.4,7.33,36.4,45.6,16.8
2026-04-17 06:11:32,0.0,84.3,96.2,7.68,35.3,46.2,16.8
2026-04-17 06:11:32,0.0,84.6,100.0,7.49,35.3,42.6,16.8
2026-04-17 06:11:32,0.0,93.5,108.4,7.05,35.3,42.4,16.8
2026-04-17 06:11:32,0.0,85.1,108.2,6.32,36.4,35.9,16.8
2026-04-17 06:11:32,0.0,84.2,98.9,7.56,37.0,34.7,16.8
2026-04-17 06:11:32,0.0,87.3,100.9,7.34,34.8,45.8,16.8
2026-04-17 06:11:32,0.0,85.7,98.2,7.58,36.4,36.2,16.8
2026-04-17 06:11:33,0.0,107.3,121.2,6.46,35.3,36.2,16.9
2026-04-17 06:11:33,0.0,86.4,109.4,6.85,36.4,34.5,16.9
2026-04-17 06:11:33,0.0,91.1,104.0,7.25,35.9,37.7,16.9
2026-04-17 06:11:33,0.0,108.2,131.3,5.45,34.8,31.9,16.8
2026-04-17 06:11:33,0.0,84.0,105.9,7.02,35.9,39.0,16.8
2026-04-17 06:11:33,0.0,88.5,106.9,7.05,35.3,41.1,16.8
2026-04-17 06:11:34,0.0,84.7,107.8,6.3,35.9,35.4,16.8
2026-04-17 06:11:34,0.0,84.9,100.8,7.44,35.3,42.9,16.8
2026-04-17 06:11:34,0.0,84.2,97.8,7.6,34.8,40.4,16.8
2026-04-17 06:11:34,0.0,88.5,103.8,7.27,35.3,44.6,16.7
2026-04-17 06:11:34,0.0,85.3,109.7,6.02,35.9,32.8,16.7
2026-04-17 06:11:34,0.0,82.7,94.3,7.81,35.9,41.5,16.7
2026-04-17 06:11:34,0.0,85.9,102.9,7.34,35.9,42.9,16.7
2026-04-17 06:11:35,0.0,96.5,110.2,6.94,35.3,42.4,16.7
2026-04-17 06:11:35,0.0,91.3,114.3,6.2,36.4,33.3,16.7
2026-04-17 06:11:35,0.0,93.6,117.9,5.87,35.3,37.1,16.7
2026-04-17 06:11:35,0.0,85.0,108.1,6.38,34.2,31.1,16.7
2026-04-17 06:11:35,0.0,84.1,98.9,7.55,35.9,38.0,16.7
2026-04-17 06:11:35,0.0,86.7,104.7,7.23,35.9,42.9,16.7
2026-04-17 06:11:35,0.0,84.9,107.8,6.16,35.3,30.2,16.7
2026-04-17 06:11:36,0.0,85.1,99.8,7.49,36.4,42.9,16.7
2026-04-17 06:11:36,0.0,107.0,121.8,6.44,35.3,40.7,16.7
2026-04-17 06:11:36,0.0,89.4,112.5,6.71,35.3,31.6,16.7
2026-04-17 06:11:36,0.0,106.7,130.3,5.42,36.4,32.4,16.7
2026-04-17 06:11:36,0.0,89.6,112.8,6.71,35.3,37.7,16.7
2026-04-17 06:11:36,0.0,87.7,110.4,6.07,35.3,33.3,16.7
2026-04-17 06:11:37,0.0,85.0,96.8,7.67,35.3,42.3,16.7
2026-04-17 06:11:37,0.0,107.5,122.1,6.41,35.3,40.7,16.7
2026-04-17 06:11:37,0.0,86.6,109.0,6.8,35.3,36.2,16.8
2026-04-17 06:11:37,0.0,90.2,113.3,5.93,34.8,31.8,16.8
2026-04-17 06:11:37,0.0,86.5,109.6,6.15,35.9,31.7,16.9
2026-04-17 06:11:37,0.0,87.3,100.2,7.46,36.4,40.7,16.9
2026-04-17 06:11:37,0.0,86.6,110.0,6.02,34.8,30.6,16.9
2026-04-17 06:11:38,0.0,91.5,104.1,7.26,36.4,40.0,16.9
2026-04-17 06:11:38,0.0,89.4,111.6,6.07,35.9,34.4,16.9
2026-04-17 06:11:38,0.0,86.8,109.9,6.1,36.4,35.3,16.9
2026-04-17 06:11:38,0.0,88.7,101.3,7.39,35.9,40.4,16.9
2026-04-17 06:11:38,0.0,89.8,114.8,5.89,36.4,27.4,16.9
2026-04-17 06:11:38,0.0,84.6,107.4,6.27,35.3,35.4,16.9
2026-04-17 06:11:39,0.0,85.4,100.7,7.45,35.9,41.5,16.9
2026-04-17 06:11:39,0.0,97.5,111.5,6.88,35.3,38.2,16.9
2026-04-17 06:11:39,0.0,87.0,110.2,6.41,36.4,37.5,16.9
2026-04-17 06:11:39,0.0,121.2,131.1,5.97,36.4,47.6,16.9
2026-04-17 06:11:39,0.0,93.5,103.4,7.2,35.3,41.8,17.0
2026-04-17 06:11:39,0.0,112.5,135.3,5.39,35.3,42.7,17.0
2026-04-17 06:11:39,0.0,89.5,109.9,6.97,35.9,40.0,16.8
2026-04-17 06:11:40,0.0,87.6,108.7,6.08,35.3,35.8,16.8
2026-04-17 06:11:40,0.0,96.3,103.4,7.03,36.4,42.1,16.8
2026-04-17 06:11:40,0.0,111.1,133.7,5.51,36.4,37.8,16.8
2026-04-17 06:11:40,0.0,86.6,108.4,7.05,35.9,36.4,16.8
2026-04-17 06:11:40,0.0,85.2,98.4,7.57,35.9,41.8,16.8
2026-04-17 06:11:40,0.0,90.2,104.0,7.26,34.8,41.8,16.8
2026-04-17 06:11:41,0.0,87.1,110.1,6.12,35.9,37.9,16.8
2026-04-17 06:11:41,0.0,86.1,98.2,7.56,35.3,41.5,16.8
2026-04-17 06:11:41,0.0,89.0,101.9,7.33,36.4,42.6,16.8
2026-04-17 06:11:41,0.0,86.6,109.7,6.09,34.2,36.8,16.8
2026-04-17 06:11:41,0.0,85.6,98.3,7.57,35.3,36.0,16.8
2026-04-17 06:11:41,0.0,96.6,110.7,6.92,36.4,43.3,16.8
2026-04-17 06:11:41,0.0,84.4,108.6,6.43,34.8,30.5,16.8
2026-04-17 06:11:42,0.0,83.2,97.3,7.64,35.9,38.0,16.8
2026-04-17 06:11:42,0.0,85.9,102.6,7.35,35.9,45.6,16.8
2026-04-17 06:11:42,0.0,85.3,98.9,7.55,35.9,42.6,16.8
2026-04-17 06:11:42,0.0,88.9,101.1,7.3,35.3,38.0,16.8
2026-04-17 06:11:42,0.0,91.5,114.3,5.91,35.3,33.3,16.8
2026-04-17 06:11:42,0.0,93.9,116.8,5.92,36.4,36.2,16.7
2026-04-17 06:11:42,0.0,92.0,115.0,6.07,34.8,36.8,16.7
2026-04-17 06:11:43,0.0,96.7,118.7,5.83,35.9,34.8,16.7
2026-04-17 06:11:43,0.0,87.6,109.9,6.36,35.9,36.1,16.8
2026-04-17 06:11:43,0.0,85.2,97.2,7.63,36.4,40.4,16.8
2026-04-17 06:11:43,0.0,86.8,101.0,7.43,36.4,43.6,16.8
2026-04-17 06:11:43,0.0,85.8,108.8,6.04,36.4,34.8,16.7
2026-04-17 06:11:43,0.0,86.4,99.9,7.46,35.9,36.7,16.8
2026-04-17 06:11:43,0.0,87.5,100.9,7.43,34.8,42.9,16.7
2026-04-17 06:11:44,0.0,88.5,100.3,7.47,35.3,40.4,16.7
2026-04-17 06:11:44,0.0,88.1,111.1,6.02,35.3,35.3,16.7
2026-04-17 06:11:44,0.0,86.9,98.3,7.57,37.0,42.6,16.7
2026-04-17 06:11:44,0.0,87.3,100.1,7.45,35.9,36.7,16.7
2026-04-17 06:11:44,0.0,87.0,98.9,7.56,36.4,37.7,16.7
2026-04-17 06:11:44,0.0,103.1,115.4,6.69,34.8,41.4,16.7
2026-04-17 06:11:44,0.0,84.6,108.0,6.73,35.3,36.1,16.7
2026-04-17 06:11:45,0.0,95.3,110.4,6.96,35.9,39.3,16.7
2026-04-17 06:11:45,0.0,92.4,115.4,6.12,35.3,32.3,16.7
2026-04-17 06:11:45,0.0,90.6,113.7,6.06,34.8,34.4,16.7
2026-04-17 06:11:45,0.0,101.2,124.2,5.64,34.8,38.4,16.7
2026-04-17 06:11:45,0.0,84.0,107.0,6.7,35.9,36.7,16.6
2026-04-17 06:11:45,0.0,86.6,102.8,7.34,35.9,37.7,16.7
2026-04-17 06:11:46,0.0,103.2,116.7,6.61,35.9,42.6,16.7
2026-04-17 06:11:46,0.0,85.7,108.5,6.74,35.9,37.7,16.6
2026-04-17 06:11:46,0.0,85.5,99.0,7.52,34.2,41.5,16.6
2026-04-17 06:11:46,0.0,88.4,101.5,7.4,36.4,35.4,16.6
2026-04-17 06:11:46,0.0,89.5,112.7,5.96,35.3,31.8,16.6
2026-04-17 06:11:46,0.0,86.3,108.1,6.13,35.3,32.3,16.6
2026-04-17 06:11:46,0.0,95.0,108.1,7.03,34.8,41.1,16.6
2026-04-17 06:11:47,0.0,117.5,140.5,5.29,35.3,35.6,16.6
2026-04-17 06:11:47,0.0,96.5,111.5,6.88,34.2,39.0,16.6
2026-04-17 06:11:47,0.0,83.3,106.4,6.43,35.3,32.2,16.7
2026-04-17 06:11:47,0.0,91.8,105.3,7.15,35.3,38.9,16.7
2026-04-17 06:11:47,0.0,83.7,106.7,6.31,35.3,31.7,16.7
2026-04-17 06:11:47,0.0,83.0,99.1,7.54,34.8,40.4,16.8
2026-04-17 06:11:47,0.0,87.3,104.0,7.27,35.9,34.6,16.8
2026-04-17 06:11:48,0.0,102.5,114.8,6.73,36.4,43.5,16.8
2026-04-17 06:11:48,0.0,89.8,112.9,6.49,35.9,35.0,16.9
2026-04-17 06:11:48,0.0,84.9,107.9,6.19,35.9,32.8,16.9
2026-04-17 06:11:48,0.0,83.6,98.4,7.57,35.3,40.7,16.9
2026-04-17 06:11:48,0.0,89.4,105.5,7.19,34.8,43.6,16.8
2026-04-17 06:11:48,0.0,84.2,107.0,6.2,35.9,30.6,16.8
2026-04-17 06:11:49,0.0,86.0,101.5,7.41,35.9,40.7,16.8
2026-04-17 06:11:49,0.0,94.8,108.4,7.04,36.4,41.4,16.8
2026-04-17 06:11:49,0.0,95.4,118.1,5.97,35.9,34.8,16.7
2026-04-17 06:11:49,0.0,86.4,109.4,6.35,35.9,33.9,16.7
2026-04-17 06:11:49,0.0,84.0,97.5,7.63,36.4,41.5,16.7
2026-04-17 06:11:49,0.0,122.5,138.1,5.83,35.3,46.3,16.7
2026-04-17 06:11:49,0.0,121.5,144.7,5.02,34.8,35.8,16.7
2026-04-17 06:11:50,0.0,89.4,112.3,5.97,35.3,28.6,16.7
2026-04-17 06:11:50,0.0,99.5,122.5,5.65,35.9,36.6,16.8
2026-04-17 06:11:50,0.0,85.7,109.8,6.51,36.4,30.5,16.8
2026-04-17 06:11:50,0.0,86.2,99.2,7.53,35.3,37.3,16.8
2026-04-17 06:11:50,0.0,87.6,101.4,7.4,35.3,40.7,16.9
2026-04-17 06:11:50,0.0,87.6,110.7,6.02,34.8,31.7,16.9
2026-04-17 06:11:51,0.0,84.5,96.6,7.69,35.3,42.6,17.0
2026-04-17 06:11:51,0.0,88.1,103.4,7.3,35.3,39.6,17.0
2026-04-17 06:11:51,0.0,88.3,111.6,5.98,35.9,32.8,17.0
2026-04-17 06:11:51,0.0,134.9,157.9,4.7,35.9,31.7,17.0
2026-04-17 06:11:51,0.0,91.7,114.7,6.38,35.9,32.8,16.9
2026-04-17 06:11:51,0.0,85.9,114.0,6.03,35.9,33.3,16.9
2026-04-17 06:11:52,0.0,103.4,125.8,5.58,35.3,36.2,16.9
2026-04-17 06:11:52,0.0,95.8,118.7,6.3,36.4,32.3,16.9
2026-04-17 06:11:52,0.0,94.4,117.3,6.05,36.4,31.7,16.9
2026-04-17 06:11:52,0.0,92.3,114.1,6.08,34.8,37.3,16.9
2026-04-17 06:11:52,0.0,84.0,106.9,6.32,35.3,30.0,16.9
2026-04-17 06:11:52,0.0,85.8,101.8,7.39,36.4,43.9,17.0
2026-04-17 06:11:52,0.0,91.1,105.0,7.21,35.9,37.7,17.0
2026-04-17 06:11:53,0.0,93.1,116.1,5.93,34.8,34.3,17.0
2026-04-17 06:11:53,0.0,95.0,117.6,5.94,35.3,30.2,17.0
2026-04-17 06:11:53,0.0,84.5,107.5,6.4,34.8,34.4,17.0
2026-04-17 06:11:53,0.0,82.7,96.8,7.61,35.3,41.8,17.0
2026-04-17 06:11:53,0.0,95.5,112.1,6.84,34.8,40.4,17.0
2026-04-17 06:11:53,0.0,88.4,111.5,6.27,35.3,30.6,17.1
2026-04-17 06:11:54,0.0,88.0,111.0,6.02,34.2,33.3,17.1
2026-04-17 06:11:54,0.0,89.3,112.1,5.96,35.9,35.3,17.1
2026-04-17 06:11:54,0.0,85.2,108.4,6.14,36.4,34.8,17.0
2026-04-17 06:11:54,0.0,84.3,98.9,7.54,34.8,43.9,17.0
2026-04-17 06:11:54,0.0,88.9,103.9,7.28,35.9,37.3,16.9
2026-04-17 06:11:54,0.0,85.0,109.4,6.09,35.3,36.2,16.9
2026-04-17 06:11:54,0.0,93.3,106.3,7.14,36.4,44.1,16.9
2026-04-17 06:11:55,0.0,83.3,106.4,6.38,35.3,34.9,16.8
2026-04-17 06:11:55,0.0,83.8,100.4,7.47,35.9,39.6,16.8
2026-04-17 06:11:55,0.0,89.4,104.5,7.21,36.4,40.0,16.8
2026-04-17 06:11:55,0.0,88.9,112.2,6.01,35.9,34.3,16.8
2026-04-17 06:11:55,0.0,110.2,133.7,5.31,34.2,34.2,16.7
2026-04-17 06:11:55,0.0,87.1,108.8,7.0,35.9,40.7,16.7
2026-04-17 06:11:56,0.0,118.1,129.7,6.09,35.9,36.1,16.8
2026-04-17 06:11:56,0.0,95.4,110.4,6.95,34.8,39.0,16.8
2026-04-17 06:11:56,0.0,101.6,124.6,5.78,35.9,36.8,16.8
2026-04-17 06:11:56,0.0,89.4,110.4,6.47,36.4,37.1,16.8
2026-04-17 06:11:56,0.0,96.3,119.3,5.77,35.9,33.8,16.7
2026-04-17 06:11:56,0.0,87.5,112.3,6.27,36.4,38.1,16.7
2026-04-17 06:11:57,0.0,88.9,111.5,6.02,35.9,36.8,16.7
2026-04-17 06:11:57,0.0,83.8,106.8,6.19,36.4,35.9,16.7
2026-04-17 06:11:57,0.0,93.3,109.4,6.99,35.9,37.5,16.7
2026-04-17 06:11:57,0.0,90.2,113.3,6.12,35.3,34.4,16.7
2026-04-17 06:11:57,0.0,85.2,108.1,6.19,35.3,35.4,16.7
2026-04-17 06:11:57,0.0,86.3,100.8,7.45,34.2,41.8,16.7
2026-04-17 06:11:57,0.0,83.8,96.9,7.64,36.4,42.3,16.7
2026-04-17 06:11:58,0.0,88.2,105.6,7.18,36.4,38.9,16.6
2026-04-17 06:11:58,0.0,88.3,111.1,6.06,35.3,33.8,16.6
2026-04-17 06:11:58,0.0,96.6,119.7,5.72,35.9,37.0,16.6
2026-04-17 06:11:58,0.0,91.8,113.2,6.18,35.3,32.3,16.7
2026-04-17 06:11:58,0.0,89.6,111.4,6.08,35.9,34.3,16.6
2026-04-17 06:11:58,0.0,85.7,107.6,6.15,34.8,32.8,16.6
2026-04-17 06:11:59,0.0,85.5,99.3,7.5,34.8,38.5,16.6
2026-04-17 06:11:59,0.0,119.1,132.4,6.0,34.8,37.5,16.6
2026-04-17 06:11:59,0.0,107.1,121.4,6.45,34.8,42.6,16.6
2026-04-17 06:11:59,0.0,88.0,110.1,6.79,34.8,33.9,16.6
2026-04-17 06:11:59,0.0,87.8,110.8,6.02,35.3,32.8,16.6
2026-04-17 06:11:59,0.0,83.2,95.0,7.77,34.8,36.7,16.6
2026-04-17 06:11:59,0.0,83.7,100.3,7.46,35.9,37.3,16.6
2026-04-17 06:12:00,0.0,86.3,101.8,7.39,34.8,41.5,16.6
2026-04-17 06:12:00,0.0,83.3,96.4,7.67,35.9,37.3,16.6
2026-04-17 06:12:00,0.0,86.2,102.5,7.34,35.9,39.6,16.6
2026-04-17 06:12:00,0.0,83.6,96.7,7.65,34.2,42.6,16.6
2026-04-17 06:12:00,0.0,92.5,108.7,7.03,35.9,42.1,16.6
2026-04-17 06:12:00,0.0,84.6,107.8,6.3,34.8,39.7,16.6
2026-04-17 06:12:00,0.0,104.8,123.1,6.39,34.2,40.0,16.6
2026-04-17 06:12:01,0.0,89.3,113.6,6.71,35.9,33.9,16.6
2026-04-17 06:12:01,0.0,86.0,107.7,6.17,35.3,38.2,16.6
2026-04-17 06:12:01,0.0,84.2,97.8,7.6,35.3,39.2,16.6
2026-04-17 06:12:01,0.0,94.2,110.4,6.95,34.8,38.2,16.6
2026-04-17 06:12:01,0.0,84.3,107.9,6.39,34.8,35.9,16.6
2026-04-17 06:12:01,0.0,82.6,95.9,7.64,34.8,38.5,16.5
2026-04-17 06:12:01,0.0,90.2,107.4,7.04,35.9,41.8,16.5
2026-04-17 06:12:02,0.0,104.6,127.6,5.55,36.4,37.1,16.6
2026-04-17 06:12:02,0.0,84.8,108.0,6.82,35.9,35.6,16.6
2026-04-17 06:12:02,0.0,106.0,120.6,6.48,34.8,44.4,16.6
2026-04-17 06:12:02,0.0,86.6,108.4,6.75,35.3,36.7,16.6
2026-04-17 06:12:02,0.0,95.8,106.6,7.07,35.9,34.0,16.5
2026-04-17 06:12:02,0.0,97.5,120.2,5.94,36.4,38.6,16.6
2026-04-17 06:12:03,0.0,89.3,113.6,6.27,35.3,35.4,16.6
2026-04-17 06:12:03,0.0,104.1,127.1,5.55,35.9,34.3,16.7
2026-04-17 06:12:03,0.0,87.0,109.9,6.69,35.9,37.3,16.7
2026-04-17 06:12:03,0.0,85.6,98.4,7.57,35.9,42.6,16.7
2026-04-17 06:12:03,0.0,87.3,101.3,7.42,34.8,40.7,16.8
2026-04-17 06:12:03,0.0,86.4,97.8,7.55,35.3,38.0,16.8
2026-04-17 06:12:03,0.0,87.5,100.8,7.44,34.2,39.6,16.8
2026-04-17 06:12:04,0.0,114.1,126.5,6.25,35.9,52.3,16.9
2026-04-17 06:12:04,0.0,107.4,125.7,6.27,35.9,47.7,16.9
2026-04-17 06:12:04,0.0,104.9,128.2,6.08,36.4,40.9,16.9
2026-04-17 06:12:04,0.0,94.1,115.9,6.41,35.3,32.8,16.9
2026-04-17 06:12:04,0.0,87.1,110.1,6.28,35.9,36.9,16.8
2026-04-17 06:12:04,0.0,97.8,106.8,6.94,34.8,38.2,16.8
2026-04-17 06:12:05,0.0,83.0,106.2,6.59,35.9,33.9,16.8
2026-04-17 06:12:05,0.0,84.1,100.8,7.44,35.9,37.3,16.9
2026-04-17 06:12:05,0.0,83.9,106.7,6.01,36.4,30.2,16.9
2026-04-17 06:12:05,0.0,84.9,100.0,7.46,36.4,43.9,16.9
2026-04-17 06:12:05,0.0,85.3,100.1,7.49,35.9,36.7,16.9
2026-04-17 06:12:05,0.0,85.9,100.5,7.46,35.9,41.5,16.9
2026-04-17 06:12:05,0.0,85.6,97.4,7.53,34.8,39.6,16.9
2026-04-17 06:12:05,0.0,100.3,114.3,6.76,34.2,44.8,16.9
2026-04-17 06:12:06,0.0,84.6,107.7,6.62,36.4,33.9,16.9
2026-04-17 06:12:06,0.0,84.1,101.6,7.4,35.3,40.0,16.9
2026-04-17 06:12:06,0.0,86.2,98.6,7.5,35.9,41.5,16.9
2026-04-17 06:12:06,0.0,94.4,108.2,7.06,36.4,40.4,16.9
2026-04-17 06:12:06,0.0,84.9,108.1,6.39,36.4,33.9,16.8
2026-04-17 06:12:06,0.0,82.6,98.5,7.58,35.3,39.6,16.8
2026-04-17 06:12:06,0.0,94.2,109.3,6.95,35.3,39.3,16.8
2026-04-17 06:12:07,0.0,84.6,108.7,6.34,35.3,37.1,16.8
2026-04-17 06:12:07,0.0,83.6,96.5,7.61,36.4,38.0,16.8
2026-04-17 06:12:07,0.0,92.8,108.0,7.03,35.3,39.3,16.8
2026-04-17 06:12:07,0.0,95.9,119.0,5.89,35.9,31.3,16.9
2026-04-17 06:12:07,0.0,96.2,118.1,5.99,35.3,33.3,16.9
2026-04-17 06:12:07,0.0,90.7,113.5,6.21,35.9,37.3,16.9
2026-04-17 06:12:08,0.0,88.0,111.1,6.11,35.3,34.8,16.9
2026-04-17 06:12:08,0.0,109.0,132.0,5.33,36.4,34.7,16.9
2026-04-17 06:12:08,0.0,87.9,111.1,6.88,35.9,38.3,16.9
2026-04-17 06:12:08,0.0,87.4,110.1,6.02,35.9,31.3,16.9
2026-04-17 06:12:08,0.0,101.5,110.3,6.78,35.3,38.6,16.9
2026-04-17 06:12:08,0.0,84.8,107.9,6.67,34.8,35.0,16.9
2026-04-17 06:12:09,0.0,87.3,102.0,7.36,35.9,40.7,16.9
2026-04-17 06:12:09,0.0,82.5,94.5,7.79,34.8,36.7,16.9
2026-04-17 06:12:09,0.0,88.8,106.3,7.15,35.9,35.8,16.9
2026-04-17 06:12:09,0.0,96.0,118.9,5.76,35.9,34.3,16.8
2026-04-17 06:12:09,0.0,86.3,109.4,6.38,35.9,34.4,16.8
2026-04-17 06:12:09,0.0,84.5,96.1,7.6,35.9,42.6,16.9
2026-04-17 06:12:09,0.0,88.8,103.1,7.27,35.9,41.8,16.9
2026-04-17 06:12:10,0.0,87.6,110.7,6.05,35.9,31.8,16.9
2026-04-17 06:12:10,0.0,90.7,100.8,7.32,35.9,46.6,16.9
2026-04-17 06:12:10,0.0,98.8,121.6,5.73,35.3,42.3,16.9
2026-04-17 06:12:10,0.0,88.5,111.6,6.39,35.3,39.7,16.9
2026-04-17 06:12:10,0.0,104.3,124.1,5.43,34.8,37.1,16.8
2026-04-17 06:12:10,0.0,88.2,111.1,6.73,36.4,41.3,16.8
2026-04-17 06:12:11,0.0,89.8,112.7,5.95,35.3,33.3,16.8
2026-04-17 06:12:11,0.0,111.2,134.1,5.31,34.2,37.8,16.8
2026-04-17 06:12:11,0.0,87.5,107.6,7.01,35.3,38.6,16.8
2026-04-17 06:12:11,0.0,89.6,101.8,7.38,33.6,40.4,16.8
2026-04-17 06:12:11,0.0,104.7,127.6,5.51,35.9,37.3,16.8
2026-04-17 06:12:11,0.0,90.5,113.6,6.56,35.9,36.1,16.8
2026-04-17 06:12:11,0.0,86.1,107.5,6.17,35.3,37.7,16.8
2026-04-17 06:12:12,0.0,109.3,122.9,6.38,34.8,41.0,16.8
2026-04-17 06:12:12,0.0,85.9,109.0,6.88,35.3,29.4,16.9
2026-04-17 06:12:12,0.0,87.3,109.7,6.03,35.9,31.2,16.9
2026-04-17 06:12:12,0.0,84.8,96.5,7.65,35.3,42.6,16.9
2026-04-17 06:12:12,0.0,90.5,105.6,7.19,35.9,40.0,16.9
2026-04-17 06:12:12,0.0,85.3,108.4,6.21,34.8,32.8,16.9
2026-04-17 06:12:13,0.0,83.8,98.3,7.58,35.9,38.5,16.9
2026-04-17 06:12:13,0.0,99.2,115.0,6.73,36.4,41.7,16.9
2026-04-17 06:12:13,0.0,87.0,110.0,6.48,36.4,33.9,16.9
2026-04-17 06:12:13,0.0,109.9,122.7,6.39,35.9,39.3,16.9
2026-04-17 06:12:13,0.0,84.7,107.9,7.07,35.9,40.7,16.9
2026-04-17 06:12:13,0.0,83.5,97.0,7.54,34.8,44.6,16.8
2026-04-17 06:12:13,0.0,89.6,104.0,7.21,35.9,37.0,16.8
2026-04-17 06:12:14,0.0,88.1,111.1,6.06,36.4,34.3,16.8
2026-04-17 06:12:14,0.0,83.1,94.6,7.79,35.3,36.7,16.8
2026-04-17 06:12:14,0.0,90.5,106.8,7.12,35.9,38.2,16.8
2026-04-17 06:12:14,0.0,101.8,124.9,5.62,36.4,31.9,16.8
2026-04-17 06:12:14,0.0,87.4,110.1,6.57,34.8,37.7,16.7
2026-04-17 06:12:14,0.0,84.9,96.8,7.65,36.4,39.6,16.7
2026-04-17 06:12:14,0.0,86.1,100.6,7.44,35.9,44.6,16.7
2026-04-17 06:12:15,0.0,83.3,97.0,7.66,35.9,38.5,16.7
2026-04-17 06:12:15,0.0,86.5,103.0,7.32,36.4,42.9,16.7
2026-04-17 06:12:15,0.0,83.7,96.9,7.67,36.4,39.6,16.7
2026-04-17 06:12:15,0.0,100.8,116.9,6.65,35.3,40.7,16.7
2026-04-17 06:12:15,0.0,92.4,115.6,6.31,34.8,31.7,16.7
2026-04-17 06:12:15,0.0,89.1,111.6,6.13,35.3,36.9,16.7
2026-04-17 06:12:15,0.0,100.4,123.5,5.62,34.2,31.9,16.7
2026-04-17 06:12:16,0.0,91.0,114.1,6.37,35.3,38.8,16.7
2026-04-17 06:12:16,0.0,89.3,112.7,6.04,35.9,30.6,16.7
2026-04-17 06:12:16,0.0,86.0,109.1,6.14,36.4,35.8,16.7
2026-04-17 06:12:16,0.0,84.1,93.9,7.61,35.9,38.0,16.7
2026-04-17 06:12:16,0.0,87.3,103.2,7.32,34.8,44.6,16.7
2026-04-17 06:12:16,0.0,84.2,96.4,7.7,35.3,34.7,16.7
2026-04-17 06:12:16,0.0,86.3,102.1,7.37,34.8,37.3,16.7
2026-04-17 06:12:17,0.0,92.3,105.3,7.2,36.4,43.4,16.7
2026-04-17 06:12:17,0.0,85.3,108.8,6.25,34.8,31.1,16.7
2026-04-17 06:12:17,0.0,84.2,98.2,7.59,35.9,38.5,16.7
2026-04-17 06:12:17,0.0,91.3,106.8,7.12,35.3,41.8,16.7
2026-04-17 06:12:17,0.0,105.2,128.3,5.54,35.3,31.9,16.7
2026-04-17 06:12:17,0.0,89.0,112.1,6.65,35.3,37.1,16.7
2026-04-17 06:12:18,0.0,92.4,113.5,5.88,34.2,35.7,16.7
2026-04-17 06:12:18,0.0,85.1,108.1,6.28,36.4,31.1,16.7
2026-04-17 06:12:18,0.0,100.6,115.0,6.72,35.9,43.3,16.7
2026-04-17 06:12:18,0.0,121.8,144.7,5.33,34.8,35.6,16.8
2026-04-17 06:12:18,0.0,89.1,112.3,5.97,35.3,31.3,16.8
2026-04-17 06:12:18,0.0,109.4,132.4,5.35,34.2,31.9,16.8
2026-04-17 06:12:19,0.0,109.0,131.6,6.0,35.9,35.4,16.8
2026-04-17 06:12:19,0.0,87.6,108.7,6.92,35.3,36.8,16.8
2026-04-17 06:12:19,0.0,88.5,100.4,7.45,35.3,43.9,16.9
2026-04-17 06:12:19,0.0,88.9,99.0,7.42,35.3,41.2,16.9
2026-04-17 06:12:19,0.0,86.6,109.6,6.08,36.4,35.8,16.9
2026-04-17 06:12:19,0.0,86.5,98.4,7.58,35.9,43.6,16.9
2026-04-17 06:12:19,0.0,92.0,105.5,7.2,34.8,34.7,16.9
2026-04-17 06:12:20,0.0,91.7,113.6,6.02,36.4,35.3,16.9
2026-04-17 06:12:20,0.0,90.4,112.4,6.05,34.8,32.3,16.9
2026-04-17 06:12:20,0.0,86.5,109.3,6.15,35.3,34.4,16.9
2026-04-17 06:12:20,0.0,87.3,100.6,7.44,34.8,42.9,16.9
2026-04-17 06:12:20,0.0,221.3,227.6,3.74,37.5,80.6,16.9
2026-04-17 06:12:20,0.0,94.7,106.0,6.62,35.9,66.1,16.9
2026-04-17 06:12:21,0.0,91.0,107.6,6.56,34.8,50.8,16.9
2026-04-17 06:12:21,0.0,92.3,114.7,5.98,36.4,35.3,16.9
2026-04-17 06:12:21,0.0,84.3,106.5,6.3,35.9,34.9,16.9
2026-04-17 06:12:21,0.0,83.9,99.4,7.52,35.9,43.6,16.9
2026-04-17 06:12:21,0.0,89.6,104.6,7.21,36.4,38.9,16.9
2026-04-17 06:12:21,0.0,97.7,120.8,5.72,36.4,34.3,16.9
2026-04-17 06:12:22,0.0,84.5,108.9,6.46,36.4,32.8,17.0
2026-04-17 06:12:22,0.0,93.1,106.2,7.12,36.4,44.6,17.0
2026-04-17 06:12:22,0.0,94.1,117.1,5.97,36.4,35.8,17.0
2026-04-17 06:12:22,0.0,85.5,108.6,6.33,35.9,37.3,17.1
2026-04-17 06:12:22,0.0,82.5,96.2,7.68,35.9,36.2,17.1
2026-04-17 06:12:22,0.0,84.9,102.0,7.36,36.4,42.9,17.1
2026-04-17 06:12:22,0.0,86.4,101.1,7.42,36.4,42.6,17.1
2026-04-17 06:12:23,0.0,83.7,97.0,7.66,35.9,37.3,17.1
2026-04-17 06:12:23,0.0,85.8,102.2,7.37,35.9,41.5,17.1
2026-04-17 06:12:23,0.0,88.8,101.9,7.36,35.3,38.5,17.1
2026-04-17 06:12:23,0.0,92.1,115.2,5.88,36.4,31.8,17.1
2026-04-17 06:12:23,0.0,102.0,124.9,5.67,35.3,36.1,17.1
2026-04-17 06:12:23,0.0,85.3,108.2,6.67,36.4,35.6,17.1
2026-04-17 06:12:23,0.0,86.5,101.7,7.37,35.9,40.7,17.1
2026-04-17 06:12:24,0.0,85.8,97.9,7.6,36.4,41.5,17.1
2026-04-17 06:12:24,0.0,91.6,105.2,7.2,34.8,42.9,17.0
2026-04-17 06:12:24,0.0,87.5,110.7,6.15,35.9,26.7,17.1
2026-04-17 06:12:24,0.0,88.9,101.0,7.42,35.3,42.9,17.1
2026-04-17 06:12:24,0.0,85.6,108.8,6.13,35.3,35.4,17.1
2026-04-17 06:12:24,0.0,92.8,108.2,7.05,35.9,40.4,17.1
2026-04-17 06:12:24,0.0,89.0,111.8,6.19,35.9,33.3,17.1
2026-04-17 06:12:25,0.0,90.8,113.7,5.94,36.4,31.8,17.1
2026-04-17 06:12:25,0.0,85.7,109.1,6.17,35.3,30.6,17.1
2026-04-17 06:12:25,0.0,84.5,98.1,7.56,35.3,40.4,17.2
2026-04-17 06:12:25,0.0,93.4,108.0,7.06,35.3,40.4,17.2
2026-04-17 06:12:25,0.0,106.2,129.1,5.57,34.2,34.8,17.2
2026-04-17 06:12:25,0.0,92.3,115.4,6.55,35.3,39.1,17.2
2026-04-17 06:12:26,0.0,89.2,108.1,6.12,36.4,32.8,17.2
2026-04-17 06:12:26,0.0,90.0,113.3,5.96,35.9,35.3,17.2
2026-04-17 06:12:26,0.0,108.7,131.6,5.4,34.2,36.5,17.2
2026-04-17 06:12:26,0.0,87.6,110.4,6.88,34.8,36.8,17.2
2026-04-17 06:12:26,0.0,83.1,105.8,6.17,34.8,33.8,17.2
2026-04-17 06:12:26,0.0,91.4,106.0,7.07,35.9,39.3,17.2
2026-04-17 06:12:27,0.0,96.5,120.9,5.78,35.9,31.8,17.2
2026-04-17 06:12:27,0.0,84.8,107.7,6.52,34.2,36.1,17.2
2026-04-17 06:12:27,0.0,84.8,98.7,7.5,34.8,44.6,17.1
2026-04-17 06:12:27,0.0,85.1,100.2,7.48,34.8,41.5,17.1
2026-04-17 06:12:27,0.0,84.3,99.8,7.51,36.4,38.5,17.1
2026-04-17 06:12:27,0.0,82.5,97.0,7.58,35.9,36.7,17.0
2026-04-17 06:12:27,0.0,84.7,98.4,7.43,35.9,40.0,17.0
2026-04-17 06:12:27,0.0,84.4,98.9,7.55,35.3,41.5,17.0
2026-04-17 06:12:28,0.0,104.5,120.0,6.52,35.3,42.9,17.0
2026-04-17 06:12:28,0.0,86.0,108.9,6.76,35.9,33.3,17.0
2026-04-17 06:12:28,0.0,94.0,107.3,7.08,36.4,40.4,17.0
2026-04-17 06:12:28,0.0,87.1,110.3,6.26,35.9,32.8,17.0
2026-04-17 06:12:28,0.0,91.1,101.0,7.29,36.4,40.7,17.0
2026-04-17 06:12:28,0.0,93.3,116.4,5.93,35.9,35.3,17.0
2026-04-17 06:12:29,0.0,86.4,109.4,6.27,35.3,33.8,17.0
2026-04-17 06:12:29,0.0,84.2,97.7,7.62,35.9,36.7,17.0
2026-04-17 06:12:29,0.0,103.4,118.9,6.56,35.3,37.3,17.0
2026-04-17 06:12:29,0.0,93.5,116.7,6.38,34.8,35.5,17.0
2026-04-17 06:12:29,0.0,85.1,107.9,6.33,34.8,32.8,17.0
2026-04-17 06:12:29,0.0,82.4,97.1,7.65,34.2,39.6,17.0
2026-04-17 06:12:29,0.0,93.5,109.2,6.93,35.9,38.2,17.0
2026-04-17 06:12:30,0.0,103.8,127.0,5.65,35.3,34.3,17.1
2026-04-17 06:12:30,0.0,88.1,111.1,6.64,35.3,33.9,17.1
2026-04-17 06:12:30,0.0,88.7,99.2,7.46,35.9,41.8,17.1
2026-04-17 06:12:30,0.0,87.8,110.4,6.03,35.3,35.3,17.1
2026-04-17 06:12:30,0.0,86.7,109.7,6.05,35.9,29.0,17.1
2026-04-17 06:12:30,0.0,105.6,118.4,6.58,35.9,39.3,17.1
2026-04-17 06:12:31,0.0,83.9,107.1,6.9,36.4,35.1,17.1
2026-04-17 06:12:31,0.0,93.6,109.1,6.99,36.4,43.9,17.1
2026-04-17 06:12:31,0.0,91.1,115.1,6.06,35.3,33.8,17.1
2026-04-17 06:12:31,0.0,98.2,121.3,5.79,35.9,39.7,17.1
2026-04-17 06:12:31,0.0,84.2,108.4,6.5,35.9,37.1,17.0
2026-04-17 06:12:31,0.0,84.5,98.4,7.57,36.4,38.0,17.0
2026-04-17 06:12:31,0.0,86.1,101.4,7.4,36.4,41.1,17.0
2026-04-17 06:12:32,0.0,96.1,109.5,6.98,35.9,42.9,17.0
2026-04-17 06:12:32,0.0,91.5,114.7,6.17,34.8,35.4,17.0
2026-04-17 06:12:32,0.0,85.0,112.1,6.09,36.4,36.2,17.0
2026-04-17 06:12:32,0.0,85.0,110.1,6.07,35.3,31.7,17.0
2026-04-17 06:12:32,0.0,84.3,96.5,7.66,35.3,42.3,16.9
2026-04-17 06:12:32,0.0,87.0,102.8,7.34,36.4,40.7,16.9
2026-04-17 06:12:32,0.0,83.7,95.7,7.72,35.9,41.5,16.9
2026-04-17 06:12:33,0.0,87.5,103.2,7.28,35.9,42.9,16.9
2026-04-17 06:12:33,0.0,86.6,97.7,7.56,36.4,41.8,16.9
2026-04-17 06:12:33,0.0,95.4,107.9,7.04,37.5,40.0,17.0
2026-04-17 06:12:33,0.0,90.9,114.0,6.16,35.9,32.8,17.0
2026-04-17 06:12:33,0.0,83.8,107.0,6.27,35.9,35.4,17.0
2026-04-17 06:12:33,0.0,94.9,110.5,6.94,35.9,39.7,17.0
2026-04-17 06:12:34,0.0,105.1,128.0,5.65,36.4,29.2,17.0
2026-04-17 06:12:34,0.0,89.4,112.4,6.63,35.3,33.9,17.0
2026-04-17 06:12:34,0.0,90.4,113.6,5.96,35.9,33.8,17.1
2026-04-17 06:12:34,0.0,90.5,113.5,6.01,35.9,36.2,17.1
2026-04-17 06:12:34,0.0,86.8,109.1,6.12,35.9,31.1,17.1
2026-04-17 06:12:34,0.0,85.5,97.8,7.6,35.3,41.5,17.1
2026-04-17 06:12:34,0.0,89.5,103.9,7.27,35.9,38.5,17.1
2026-04-17 06:12:35,0.0,88.8,111.8,6.04,34.8,28.6,17.1
2026-04-17 06:12:35,0.0,94.4,117.2,5.8,35.9,33.8,17.0
2026-04-17 06:12:35,0.0,91.3,114.2,6.11,35.9,35.8,17.0
2026-04-17 06:12:35,0.0,93.2,116.2,5.93,35.9,34.8,17.0
2026-04-17 06:12:35,0.0,107.1,129.7,5.54,35.3,31.4,17.0
2026-04-17 06:12:35,0.0,91.3,112.9,6.61,35.3,36.7,17.0
2026-04-17 06:12:36,0.0,113.2,136.3,5.32,35.9,31.5,17.0
2026-04-17 06:12:36,0.0,94.8,115.1,6.72,35.3,39.0,17.0
2026-04-17 06:12:36,0.0,88.3,111.5,6.27,35.9,36.4,17.0
2026-04-17 06:12:36,0.0,112.3,134.5,5.23,34.2,34.2,17.0
2026-04-17 06:12:36,0.0,88.1,108.2,7.06,34.8,36.4,16.9
2026-04-17 06:12:36,0.0,87.7,99.8,7.51,35.9,42.3,16.9
2026-04-17 06:12:37,0.0,87.0,98.7,7.56,35.9,46.6,16.9
2026-04-17 06:12:37,0.0,94.4,102.5,7.09,35.3,46.4,16.9
2026-04-17 06:12:37,0.0,96.9,120.0,5.92,35.3,32.8,16.9
2026-04-17 06:12:37,0.0,103.6,126.6,5.77,37.0,33.8,17.0
2026-04-17 06:12:37,0.0,86.2,109.3,6.68,35.3,35.0,16.9
2026-04-17 06:12:37,0.0,92.9,105.2,7.18,35.9,41.8,16.9
2026-04-17 06:12:37,0.0,85.8,108.3,6.27,35.9,37.3,16.9
2026-04-17 06:12:38,0.0,91.2,105.1,7.2,35.9,44.6,16.9
2026-04-17 06:12:38,0.0,86.5,110.3,6.15,35.9,32.3,16.9
2026-04-17 06:12:38,0.0,86.6,98.8,7.55,35.9,41.8,16.9
2026-04-17 06:12:38,0.0,97.8,109.5,6.91,36.4,34.6,16.9
2026-04-17 06:12:38,0.0,85.8,110.2,6.42,34.8,35.5,16.9
2026-04-17 06:12:38,0.0,84.6,96.5,7.65,35.3,41.2,16.9
2026-04-17 06:12:38,0.0,87.8,105.3,7.21,35.3,37.7,16.9
2026-04-17 06:12:39,0.0,90.6,113.4,5.99,35.3,35.3,16.9
2026-04-17 06:12:39,0.0,88.5,111.6,6.07,35.3,34.8,16.9
2026-04-17 06:12:39,0.0,88.4,111.3,6.01,36.4,35.7,16.9
2026-04-17 06:12:39,0.0,109.7,132.7,5.32,35.3,31.0,16.9
2026-04-17 06:12:39,0.0,86.4,109.3,6.99,35.9,37.9,16.9
2026-04-17 06:12:39,0.0,87.3,99.3,7.44,35.9,34.7,16.9
2026-04-17 06:12:40,0.0,99.2,111.1,6.89,35.9,40.4,16.9
2026-04-17 06:12:40,0.0,100.6,123.8,5.95,35.9,32.3,16.9
2026-04-17 06:12:40,0.0,99.6,124.4,5.98,35.9,34.4,16.9
2026-04-17 06:12:40,0.0,83.2,104.9,6.73,36.4,38.1,16.9
2026-04-17 06:12:40,0.0,99.3,115.9,6.69,36.4,40.7,17.0
2026-04-17 06:12:40,0.0,87.0,110.1,6.49,35.3,37.1,17.0
2026-04-17 06:12:40,0.0,83.3,95.8,7.72,35.3,40.4,17.0
2026-04-17 06:12:41,0.0,92.6,109.2,7.01,35.3,39.3,17.0
2026-04-17 06:12:41,0.0,87.3,109.9,6.21,35.9,34.4,17.1
2026-04-17 06:12:41,0.0,85.0,95.3,7.63,35.9,40.4,17.1
2026-04-17 06:12:41,0.0,91.3,104.7,7.17,35.3,42.1,17.1
2026-04-17 06:12:41,0.0,105.8,128.8,5.52,35.9,33.8,17.1
2026-04-17 06:12:41,0.0,88.1,111.0,6.7,35.3,37.3,17.0
2026-04-17 06:12:42,0.0,94.8,117.8,5.79,34.8,37.7,17.0
2026-04-17 06:12:42,0.0,89.5,112.5,6.2,34.8,35.4,17.0
2026-04-17 06:12:42,0.0,86.7,109.6,6.11,34.8,34.8,17.0
2026-04-17 06:12:42,0.0,86.4,99.5,7.5,35.9,45.6,17.0
2026-04-17 06:12:42,0.0,115.9,128.9,6.15,35.3,40.9,17.0
2026-04-17 06:12:42,0.0,100.0,117.2,6.64,34.8,40.3,17.0
2026-04-17 06:12:42,0.0,86.0,109.1,6.55,34.8,37.1,17.0
2026-04-17 06:12:43,0.0,95.7,109.3,6.99,35.9,43.1,17.0
2026-04-17 06:12:43,0.0,88.5,111.4,6.27,36.4,35.9,17.0
2026-04-17 06:12:43,0.0,85.1,108.8,6.06,35.9,31.2,17.0
2026-04-17 06:12:43,0.0,83.9,96.7,7.67,35.3,43.6,17.1
2026-04-17 06:12:43,0.0,98.9,114.2,6.75,35.9,39.7,17.0
2026-04-17 06:12:43,0.0,83.4,109.3,6.5,35.9,32.2,17.0
2026-04-17 06:12:44,0.0,83.8,96.4,7.65,34.8,36.0,17.0
2026-04-17 06:12:44,0.0,104.0,120.0,6.51,35.3,39.0,17.0
2026-04-17 06:12:44,0.0,96.5,119.4,6.29,35.9,39.1,17.0
2026-04-17 06:12:44,0.0,86.5,109.6,6.38,34.8,32.3,17.0
2026-04-17 06:12:44,0.0,94.3,108.4,7.05,34.8,42.9,17.0
2026-04-17 06:12:44,0.0,87.7,110.8,6.28,35.3,32.8,16.9
2026-04-17 06:12:44,0.0,87.3,98.2,7.51,36.4,44.4,16.9
2026-04-17 06:12:45,0.0,86.1,97.8,7.59,35.3,41.5,16.9
2026-04-17 06:12:45,0.0,87.2,100.5,7.45,35.9,39.2,16.9
2026-04-17 06:12:45,0.0,85.6,98.4,7.57,34.8,39.6,16.9
2026-04-17 06:12:45,0.0,85.1,98.5,7.55,35.9,42.6,16.9
2026-04-17 06:12:45,0.0,85.5,98.3,7.46,35.9,37.3,16.9
2026-04-17 06:12:45,0.0,89.9,103.5,7.28,36.4,43.6,16.9
2026-04-17 06:12:45,0.0,96.2,119.2,5.78,35.9,30.8,16.9
2026-04-17 06:12:46,0.0,85.8,108.9,6.4,35.9,34.9,16.9
2026-04-17 06:12:46,0.0,95.8,109.4,6.98,35.9,38.2,16.9
2026-04-17 06:12:46,0.0,85.9,112.1,6.26,35.3,33.9,16.9
2026-04-17 06:12:46,0.0,88.3,111.4,6.03,35.9,34.8,16.9
2026-04-17 06:12:46,0.0,105.2,128.4,5.45,35.9,34.3,16.9
2026-04-17 06:12:46,0.0,85.6,108.6,6.81,35.9,36.8,16.9
2026-04-17 06:12:46,0.0,93.9,109.0,7.01,35.3,39.3,16.9
2026-04-17 06:12:47,0.0,85.6,108.8,6.35,35.3,39.7,17.0
2026-04-17 06:12:47,0.0,90.0,104.2,7.27,35.3,38.9,17.0
2026-04-17 06:12:47,0.0,87.6,110.7,6.09,36.4,31.3,17.0
2026-04-17 06:12:47,0.0,89.2,101.3,7.4,35.9,38.0,17.0
2026-04-17 06:12:47,0.0,98.3,120.8,5.7,35.3,36.1,16.9
2026-04-17 06:12:47,0.0,85.1,108.1,6.52,34.8,32.2,16.9
2026-04-17 06:12:48,0.0,83.2,98.0,7.61,35.9,40.4,16.9
2026-04-17 06:12:48,0.0,97.7,113.8,6.77,35.9,37.5,16.9
2026-04-17 06:12:48,0.0,89.6,112.7,6.31,36.4,31.1,16.9
2026-04-17 06:12:48,0.0,86.8,113.1,5.98,35.9,32.3,16.9
2026-04-17 06:12:48,0.0,87.1,110.1,6.11,36.4,37.7,16.9
2026-04-17 06:12:48,0.0,93.8,106.2,7.15,35.3,40.0,16.9
2026-04-17 06:12:48,0.0,85.9,109.0,6.29,35.9,33.9,16.9
2026-04-17 06:12:49,0.0,85.7,99.3,7.53,37.0,36.0,16.9
2026-04-17 06:12:49,0.0,87.5,101.7,7.38,34.8,42.9,16.9
2026-04-17 06:12:49,0.0,101.9,124.8,5.54,34.8,29.4,16.9
2026-04-17 06:12:49,0.0,91.3,114.4,6.41,36.4,33.9,16.9
2026-04-17 06:12:49,0.0,86.5,106.3,6.18,35.3,32.3,16.9
2026-04-17 06:12:49,0.0,96.5,109.9,6.97,34.8,37.5,16.9
2026-04-17 06:12:50,0.0,85.6,108.8,6.42,34.8,38.5,16.9
2026-04-17 06:12:50,0.0,94.0,109.9,6.97,35.9,40.4,17.0
2026-04-17 06:12:50,0.0,88.5,111.5,6.29,35.9,33.9,17.0
2026-04-17 06:12:50,0.0,87.8,110.7,6.02,35.9,35.3,17.0
2026-04-17 06:12:50,0.0,89.8,112.7,5.94,36.4,34.3,17.1
2026-04-17 06:12:50,0.0,85.6,108.8,6.15,34.2,32.3,17.1
2026-04-17 06:12:50,0.0,85.3,99.3,7.52,36.4,40.4,17.1
2026-04-17 06:12:51,0.0,89.0,103.3,7.31,35.3,42.9,17.1
2026-04-17 06:12:51,0.0,87.3,110.4,6.06,36.4,35.3,17.1
2026-04-17 06:12:51,0.0,84.9,97.1,7.63,35.9,41.5,17.1
2026-04-17 06:12:51,0.0,88.2,103.2,7.32,35.9,41.8,17.2
2026-04-17 06:12:51,0.0,91.6,115.1,5.88,35.9,31.2,17.1
2026-04-17 06:12:51,0.0,111.3,134.0,5.37,35.3,39.2,17.1
2026-04-17 06:12:52,0.0,102.7,121.2,6.34,35.3,37.9,17.1
2026-04-17 06:12:52,0.0,86.8,109.8,6.64,35.3,36.7,17.2
2026-04-17 06:12:52,0.0,87.4,108.7,5.98,35.9,35.3,17.1
2026-04-17 06:12:52,0.0,86.0,98.2,7.59,35.3,41.8,17.2
2026-04-17 06:12:52,0.0,93.4,106.7,7.11,36.4,42.9,17.2
2026-04-17 06:12:52,0.0,86.6,109.6,6.25,35.9,34.4,17.2
2026-04-17 06:12:52,0.0,97.7,110.2,6.93,36.4,34.0,17.2
2026-04-17 06:12:53,0.0,90.7,114.0,6.25,36.4,34.4,17.2
2026-04-17 06:12:53,0.0,84.3,109.5,6.17,35.9,32.8,17.3
2026-04-17 06:12:53,0.0,84.4,98.7,7.54,35.9,41.5,17.3
2026-04-17 06:12:53,0.0,94.6,108.6,7.03,35.9,37.0,17.3
2026-04-17 06:12:53,0.0,90.6,114.9,6.1,35.3,32.8,17.3
2026-04-17 06:12:53,0.0,85.3,108.4,6.24,35.9,33.3,17.4
2026-04-17 06:12:54,0.0,84.6,99.1,7.55,36.4,41.8,17.4
2026-04-17 06:12:54,0.0,95.9,111.1,6.92,34.2,37.5,17.4
2026-04-17 06:12:54,0.0,89.2,112.2,6.26,35.9,34.4,17.4
2026-04-17 06:12:54,0.0,86.5,109.4,6.1,36.4,31.2,17.4
2026-04-17 06:12:54,0.0,87.2,99.9,7.46,35.9,44.6,17.3
2026-04-17 06:12:54,0.0,100.9,113.4,6.8,35.3,42.4,17.3
2026-04-17 06:12:54,0.0,86.2,109.5,6.57,35.9,40.6,17.3
2026-04-17 06:12:55,0.0,83.4,96.1,7.71,34.8,34.7,17.2
2026-04-17 06:12:55,0.0,89.5,106.0,7.17,36.4,40.7,17.2
2026-04-17 06:12:55,0.0,90.6,113.5,5.97,35.3,31.8,17.2
2026-04-17 06:12:55,0.0,89.3,112.2,6.05,36.4,30.2,17.2
2026-04-17 06:12:55,0.0,88.1,111.2,6.04,35.3,34.8,17.1
2026-04-17 06:12:55,0.0,86.1,109.0,6.08,35.3,32.3,17.1
2026-04-17 06:12:55,0.0,86.7,100.3,7.47,35.3,38.0,17.1
2026-04-17 06:12:56,0.0,86.9,100.3,7.47,35.3,38.5,17.1
2026-04-17 06:12:56,0.0,85.2,97.1,7.61,35.9,38.0,17.1
2026-04-17 06:12:56,0.0,93.6,107.3,7.07,36.4,40.0,17.1
2026-04-17 06:12:56,0.0,114.3,137.2,5.34,35.3,30.4,17.1
2026-04-17 06:12:56,0.0,89.4,109.0,7.02,36.4,39.7,17.1
2026-04-17 06:12:56,0.0,111.8,135.3,5.29,35.9,32.9,17.0
2026-04-17 06:12:57,0.0,130.6,151.3,5.4,35.9,43.4,17.0
2026-04-17 06:12:57,0.0,89.5,112.6,6.3,36.4,33.9,17.0
2026-04-17 06:12:57,0.0,92.2,115.1,5.91,35.3,32.3,17.0
2026-04-17 06:12:57,0.0,85.4,108.8,6.24,34.8,32.3,17.1
2026-04-17 06:12:57,0.0,85.8,102.0,7.38,35.9,38.5,17.0
2026-04-17 06:12:57,0.0,115.9,127.8,6.2,35.9,40.9,17.0
2026-04-17 06:12:58,0.0,98.5,115.4,6.71,35.9,37.3,17.1
2026-04-17 06:12:58,0.0,85.0,108.2,6.53,36.4,39.7,17.1
2026-04-17 06:12:58,0.0,88.4,102.1,7.32,34.8,38.9,17.1
2026-04-17 06:12:58,0.0,84.6,107.9,6.14,35.3,30.6,17.1
2026-04-17 06:12:58,0.0,96.9,111.9,6.88,35.9,37.9,17.1
2026-04-17 06:12:58,0.0,97.3,120.4,5.98,36.4,37.3,17.0
2026-04-17 06:12:58,0.0,96.1,118.5,6.05,34.8,35.8,17.1
2026-04-17 06:12:59,0.0,105.3,126.7,5.69,35.9,31.3,17.1
2026-04-17 06:12:59,0.0,84.5,107.9,6.84,35.9,33.9,17.1
2026-04-17 06:12:59,0.0,99.6,118.9,6.54,34.2,40.3,17.1
2026-04-17 06:12:59,0.0,91.8,114.9,6.5,35.9,36.1,17.1
2026-04-17 06:12:59,0.0,105.5,127.4,5.54,35.9,34.7,17.1
2026-04-17 06:12:59,0.0,87.8,110.7,6.73,34.2,36.2,17.1
2026-04-17 06:13:00,0.0,99.9,111.8,6.87,34.2,39.0,17.2
2026-04-17 06:13:00,0.0,87.8,111.1,6.47,36.4,37.1,17.2
2026-04-17 06:13:00,0.0,83.8,107.1,6.16,36.4,33.8,17.2
2026-04-17 06:13:00,0.0,95.7,113.3,6.82,34.8,38.6,17.2
2026-04-17 06:13:00,0.0,83.3,106.5,6.55,35.3,34.4,17.1
2026-04-17 06:13:00,0.0,83.1,99.5,7.52,34.8,39.6,17.1
2026-04-17 06:13:00,0.0,94.0,110.6,6.93,35.3,39.3,17.1
2026-04-17 06:13:01,0.0,86.6,109.6,6.29,35.9,34.4,17.2
2026-04-17 06:13:01,0.0,96.3,109.3,6.99,35.3,39.3,17.2
2026-04-17 06:13:01,0.0,85.6,110.0,6.36,35.9,34.4,17.2
2026-04-17 06:13:01,0.0,90.6,103.1,7.31,36.4,37.0,17.2
2026-04-17 06:13:01,0.0,90.1,113.1,6.02,36.4,30.6,17.2
2026-04-17 06:13:01,0.0,95.1,123.4,5.65,35.3,34.7,17.3
2026-04-17 06:13:02,0.0,86.5,109.5,6.55,35.3,35.0,17.3
2026-04-17 06:13:02,0.0,96.5,109.1,6.98,35.3,48.3,17.3
2026-04-17 06:13:02,0.0,101.6,125.1,5.8,35.9,34.3,17.3
2026-04-17 06:13:02,0.0,84.2,107.3,6.74,35.9,32.1,17.3
2026-04-17 06:13:02,0.0,92.4,108.0,7.08,36.4,41.4,17.4
2026-04-17 06:13:02,0.0,91.5,114.6,6.03,35.3,33.8,17.4
2026-04-17 06:13:02,0.0,87.1,110.2,6.17,35.9,29.5,17.4
2026-04-17 06:13:03,0.0,103.8,114.9,6.67,35.9,44.4,17.4
2026-04-17 06:13:03,0.0,91.3,114.1,6.48,36.4,36.1,17.3
2026-04-17 06:13:03,0.0,95.0,118.1,5.88,36.4,32.8,17.3
2026-04-17 06:13:03,0.0,86.3,109.5,6.33,36.4,33.3,17.3
2026-04-17 06:13:03,0.0,91.4,103.8,7.22,35.9,39.6,17.3
2026-04-17 06:13:03,0.0,86.5,110.1,6.17,35.9,36.4,17.3
2026-04-17 06:13:04,0.0,85.8,98.3,7.58,35.9,44.8,17.3
2026-04-17 06:13:04,0.0,86.0,98.8,7.5,35.9,40.4,17.3
2026-04-17 06:13:04,0.0,86.3,100.0,7.48,36.4,38.0,17.3
2026-04-17 06:13:04,0.0,89.4,102.8,7.34,35.9,44.6,17.3
2026-04-17 06:13:04,0.0,91.2,114.1,5.94,35.3,31.8,17.3
2026-04-17 06:13:04,0.0,86.6,109.8,6.17,35.9,28.3,17.3
2026-04-17 06:13:04,0.0,96.5,109.5,6.97,35.9,41.4,17.3
2026-04-17 06:13:05,0.0,89.8,112.9,6.27,35.9,33.9,17.3
2026-04-17 06:13:05,0.0,86.8,109.6,6.1,36.4,33.3,17.3
2026-04-17 06:13:05,0.0,86.8,99.1,7.52,35.9,40.4,17.3
2026-04-17 06:13:05,0.0,97.3,110.8,6.9,35.9,40.7,17.3
2026-04-17 06:13:05,0.0,93.6,116.6,6.18,36.4,39.1,17.3
2026-04-17 06:13:05,0.0,91.5,114.5,6.08,35.9,35.8,17.3
2026-04-17 06:13:06,0.0,100.2,123.1,5.71,35.9,31.3,17.3
2026-04-17 06:13:06,0.0,88.2,111.3,6.46,37.5,37.5,17.3
2026-04-17 06:13:06,0.0,84.4,107.1,6.15,35.9,36.8,17.3
2026-04-17 06:13:06,0.0,83.7,99.2,7.53,34.2,39.6,17.3
2026-04-17 06:13:06,0.0,89.1,104.9,7.22,35.9,40.0,17.2
2026-04-17 06:13:06,0.0,87.3,98.0,7.59,36.4,46.4,17.2
2026-04-17 06:13:06,0.0,88.1,100.3,7.47,35.3,41.8,17.2
2026-04-17 06:13:07,0.0,89.7,101.2,7.42,34.8,40.4,17.2
2026-04-17 06:13:07,0.0,102.1,125.0,5.59,35.3,38.4,17.2
2026-04-17 06:13:07,0.0,94.4,117.1,6.29,35.9,36.5,17.2
2026-04-17 06:13:07,0.0,93.5,116.4,6.05,33.6,34.8,17.3
2026-04-17 06:13:07,0.0,84.3,107.3,6.35,35.3,31.7,17.3
2026-04-17 06:13:07,0.0,85.2,103.1,7.21,35.3,38.2,17.3
2026-04-17 06:13:07,0.0,84.9,108.0,6.18,34.8,36.4,17.3
2026-04-17 06:13:08,0.0,98.6,113.5,6.8,35.3,43.3,17.3
2026-04-17 06:13:08,0.0,85.3,108.4,6.53,35.3,34.4,17.4
2026-04-17 06:13:08,0.0,84.1,100.7,7.45,35.9,40.7,17.4
2026-04-17 06:13:08,0.0,86.6,100.0,7.47,35.9,41.5,17.4
2026-04-17 06:13:08,0.0,84.2,97.1,7.64,35.3,44.4,17.3
2026-04-17 06:13:08,0.0,90.4,105.9,7.18,35.9,41.1,17.3
2026-04-17 06:13:08,0.0,91.2,115.1,5.94,34.2,33.3,17.3
2026-04-17 06:13:09,0.0,83.7,106.7,6.33,35.9,33.9,17.3
2026-04-17 06:13:09,0.0,83.2,99.3,7.52,35.9,40.7,17.4
2026-04-17 06:13:09,0.0,84.9,102.6,7.34,34.8,38.9,17.4
2026-04-17 06:13:09,0.0,86.2,98.6,7.5,35.9,41.5,17.3
2026-04-17 06:13:09,0.0,83.0,95.5,7.68,34.8,42.6,17.3
2026-04-17 06:13:09,0.0,101.7,117.6,6.59,36.4,39.0,17.3
2026-04-17 06:13:09,0.0,83.9,106.9,6.72,37.0,32.8,17.3
2026-04-17 06:13:10,0.0,85.4,101.7,7.4,35.3,40.7,17.3
2026-04-17 06:13:10,0.0,137.9,152.2,5.38,36.4,35.3,17.3
2026-04-17 06:13:10,0.0,97.8,121.0,6.28,35.3,31.7,17.3
2026-04-17 06:13:10,0.0,96.1,119.2,6.06,35.9,32.8,17.3
2026-04-17 06:13:10,0.0,88.9,109.7,6.27,35.9,34.9,17.3
2026-04-17 06:13:10,0.0,83.5,106.1,6.21,36.4,31.7,17.3
2026-04-17 06:13:11,0.0,101.2,117.7,6.61,35.9,41.7,17.3
2026-04-17 06:13:11,0.0,86.2,108.9,6.59,35.3,36.1,17.3
2026-04-17 06:13:11,0.0,84.1,97.7,7.61,36.4,41.5,17.3
2026-04-17 06:13:11,0.0,87.3,102.5,7.36,35.9,39.6,17.3
2026-04-17 06:13:11,0.0,83.0,95.5,7.75,36.4,38.5,17.3
2026-04-17 06:13:11,0.0,86.8,103.1,7.29,35.3,40.4,17.3
2026-04-17 06:13:11,0.0,87.6,100.3,7.46,34.2,41.1,17.3
2026-04-17 06:13:12,0.0,89.4,99.2,7.41,35.3,45.6,17.3
2026-04-17 06:13:12,0.0,87.8,110.8,6.06,36.4,34.4,17.3
2026-04-17 06:13:12,0.0,92.5,104.3,7.26,35.9,40.4,17.3
2026-04-17 06:13:12,0.0,87.7,110.9,6.17,34.8,33.3,17.3
2026-04-17 06:13:12,0.0,84.8,96.6,7.67,34.8,39.2,17.3
2026-04-17 06:13:12,0.0,90.6,105.3,7.2,35.9,40.0,17.2
2026-04-17 06:13:12,0.0,86.4,109.0,6.16,34.8,37.3,17.3
2026-04-17 06:13:13,0.0,85.6,98.2,7.55,35.3,42.6,17.3
2026-04-17 06:13:13,0.0,85.4,103.7,7.28,34.8,41.1,17.3
2026-04-17 06:13:13,0.0,85.3,108.3,6.17,36.4,32.8,17.3
2026-04-17 06:13:13,0.0,87.7,102.5,7.31,34.8,42.9,17.3
2026-04-17 06:13:13,0.0,84.0,107.2,6.17,34.8,30.6,17.2
2026-04-17 06:13:13,0.0,85.7,102.7,7.35,36.4,42.1,17.3
2026-04-17 06:13:13,0.0,84.8,97.1,7.63,35.9,46.4,17.3
2026-04-17 06:13:14,0.0,83.8,99.0,7.55,35.9,37.3,17.3
2026-04-17 06:13:14,0.0,86.5,101.8,7.36,35.9,38.0,17.3
2026-04-17 06:13:14,0.0,83.8,96.9,7.66,35.9,39.6,17.3
2026-04-17 06:13:14,0.0,85.1,100.7,7.42,36.4,40.4,17.3
2026-04-17 06:13:14,0.0,85.6,100.0,7.48,35.9,38.9,17.3
2026-04-17 06:13:14,0.0,95.5,109.4,6.99,36.4,42.4,17.3
2026-04-17 06:13:14,0.0,91.5,114.9,6.13,35.9,36.9,17.3
2026-04-17 06:13:15,0.0,84.1,105.8,6.3,35.9,31.1,17.3
2026-04-17 06:13:15,0.0,82.9,98.9,7.56,35.3,34.7,17.3
2026-04-17 06:13:15,0.0,86.9,103.7,7.29,36.4,45.9,17.3
2026-04-17 06:13:15,0.0,103.8,116.3,6.66,35.9,40.0,17.3
2026-04-17 06:13:15,0.0,94.4,117.4,6.37,35.9,35.5,17.3
2026-04-17 06:13:15,0.0,84.4,107.5,6.38,34.8,31.7,17.3
2026-04-17 06:13:15,0.0,84.6,100.0,7.49,35.9,46.6,17.3
2026-04-17 06:13:16,0.0,105.8,121.0,6.47,36.4,38.7,17.3
2026-04-17 06:13:16,0.0,285.1,308.4,2.89,36.4,77.4,17.3
2026-04-17 06:13:16,0.0,143.0,158.3,5.22,36.4,52.7,17.4
2026-04-17 06:13:16,0.0,86.4,108.8,7.02,35.3,40.4,17.4
2026-04-17 06:13:16,0.0,96.3,107.9,6.97,36.4,34.0,17.4
2026-04-17 06:13:17,0.0,105.9,128.8,5.69,35.3,36.4,17.4
2026-04-17 06:13:17,0.0,99.4,122.5,6.24,36.4,34.9,17.4
2026-04-17 06:13:17,0.0,92.9,116.0,6.25,35.9,33.3,17.3
2026-04-17 06:13:17,0.0,91.5,113.5,6.03,35.9,35.3,17.3
2026-04-17 06:13:17,0.0,93.1,114.9,5.96,34.2,30.8,17.3
2026-04-17 06:13:17,0.0,86.8,109.7,6.24,34.8,34.9,17.3
2026-04-17 06:13:18,0.0,96.7,110.9,6.92,34.8,41.4,17.3
2026-04-17 06:13:18,0.0,85.5,108.7,6.49,35.3,37.1,17.3
2026-04-17 06:13:18,0.0,91.2,105.4,7.2,35.3,42.1,17.3
2026-04-17 06:13:18,0.0,85.3,109.0,6.2,35.9,36.9,17.3
2026-04-17 06:13:18,0.0,84.1,97.8,7.61,36.4,37.3,17.2
2026-04-17 06:13:18,0.0,95.9,111.4,6.89,36.4,41.7,17.2
2026-04-17 06:13:18,0.0,90.9,113.6,6.19,35.9,34.4,17.3
2026-04-17 06:13:19,0.0,84.9,107.6,6.23,35.3,36.4,17.3
2026-04-17 06:13:19,0.0,85.6,100.8,7.45,35.3,37.3,17.4
2026-04-17 06:13:19,0.0,96.4,109.6,6.97,35.9,40.4,17.4
2026-04-17 06:13:19,0.0,93.9,116.9,6.1,35.3,32.8,17.4
2026-04-17 06:13:19,0.0,91.7,114.7,6.08,35.9,34.8,17.4
2026-04-17 06:13:19,0.0,94.8,117.9,5.89,35.9,35.3,17.4
2026-04-17 06:13:20,0.0,85.0,108.1,6.38,36.4,36.9,17.4
2026-04-17 06:13:20,0.0,86.4,101.0,7.43,35.9,38.5,17.4
2026-04-17 06:13:20,0.0,85.9,97.5,7.53,35.9,43.6,17.4
2026-04-17 06:13:20,0.0,86.9,100.5,7.45,35.9,41.2,17.4
2026-04-17 06:13:20,0.0,83.7,96.4,7.69,35.9,36.0,17.4
2026-04-17 06:13:20,0.0,96.9,112.9,6.83,35.9,41.7,17.3
2026-04-17 06:13:20,0.0,99.8,122.9,5.89,37.0,34.3,17.3
2026-04-17 06:13:21,0.0,87.7,110.8,6.47,37.5,39.1,17.3
2026-04-17 06:13:21,0.0,91.6,114.8,5.87,36.4,34.8,17.3
2026-04-17 06:13:21,0.0,95.4,118.5,5.87,36.4,33.8,17.3
2026-04-17 06:13:21,0.0,97.1,120.1,5.94,36.4,34.8,17.3
2026-04-17 06:13:21,0.0,85.3,108.2,6.46,35.3,34.4,17.2
2026-04-17 06:13:21,0.0,84.9,99.4,7.52,34.8,40.4,17.2
2026-04-17 06:13:21,0.0,95.9,111.0,6.93,36.4,39.3,17.2
2026-04-17 06:13:22,0.0,102.7,126.7,5.69,35.9,38.9,17.3
2026-04-17 06:13:22,0.0,83.8,106.8,6.88,35.9,32.1,17.3
2026-04-17 06:13:22,0.0,100.2,116.2,6.67,35.3,39.7,17.2
2026-04-17 06:13:22,0.0,94.7,117.7,6.21,35.3,34.9,17.2
2026-04-17 06:13:22,0.0,96.2,119.3,5.96,35.9,34.3,17.2
2026-04-17 06:13:22,0.0,85.8,112.6,6.23,35.9,35.4,17.2
2026-04-17 06:13:23,0.0,92.3,115.5,5.92,36.4,30.2,17.2
2026-04-17 06:13:23,0.0,87.7,110.9,6.17,36.4,33.8,17.2
2026-04-17 06:13:23,0.0,87.4,110.6,6.02,35.3,33.3,17.2
2026-04-17 06:13:23,0.0,91.7,103.8,7.21,36.4,38.9,17.2
2026-04-17 06:13:23,0.0,86.1,108.8,6.26,36.4,34.4,17.2
2026-04-17 06:13:23,0.0,85.1,97.9,7.56,36.4,44.6,17.2
2026-04-17 06:13:24,0.0,87.8,102.3,7.36,34.8,41.5,17.2
2026-04-17 06:13:24,0.0,84.1,96.0,7.72,35.9,45.6,17.2
2026-04-17 06:13:24,0.0,85.5,101.0,7.42,35.9,41.8,17.2
2026-04-17 06:13:24,0.0,86.7,100.8,7.44,36.4,35.4,17.2
2026-04-17 06:13:24,0.0,84.7,97.2,7.62,35.9,40.7,17.2
2026-04-17 06:13:24,0.0,87.1,102.3,7.35,36.4,43.6,17.2
2026-04-17 06:13:24,0.0,85.3,97.1,7.63,35.3,37.5,17.2
2026-04-17 06:13:24,0.0,86.6,101.1,7.42,35.3,44.1,17.2
2026-04-17 06:13:25,0.0,85.7,99.5,7.5,34.2,43.6,17.2
2026-04-17 06:13:25,0.0,84.9,97.8,7.6,35.3,41.2,17.2
2026-04-17 06:13:25,0.0,87.6,102.3,7.37,35.3,38.5,17.2
2026-04-17 06:13:25,0.0,83.8,96.1,7.72,35.3,39.2,17.2
2026-04-17 06:13:25,0.0,86.1,101.4,7.39,36.4,39.2,17.2
2026-04-17 06:13:25,0.0,85.9,99.5,7.51,35.9,41.5,17.2
2026-04-17 06:13:25,0.0,88.1,101.7,7.38,35.9,39.6,17.2
2026-04-17 06:13:26,0.0,102.2,125.4,5.53,35.3,31.4,17.2
2026-04-17 06:13:26,0.0,92.6,115.8,6.37,35.3,38.5,17.2
2026-04-17 06:13:26,0.0,85.1,106.1,6.28,35.3,36.9,17.2
2026-04-17 06:13:26,0.0,84.0,98.6,7.56,35.9,43.9,17.2
2026-04-17 06:13:26,0.0,91.1,106.6,7.13,36.4,39.3,17.2
2026-04-17 06:13:26,0.0,99.8,122.7,5.71,36.4,34.3,17.3
2026-04-17 06:13:26,0.0,87.3,110.3,6.49,34.8,39.1,17.3
2026-04-17 06:13:27,0.0,105.1,116.2,6.62,34.8,40.4,17.4
2026-04-17 06:13:27,0.0,96.6,124.1,6.15,35.9,34.4,17.4
2026-04-17 06:13:27,0.0,86.3,109.4,6.59,35.3,35.0,17.4
2026-04-17 06:13:27,0.0,85.2,100.1,7.46,35.9,43.6,17.4
2026-04-17 06:13:27,0.0,93.8,107.5,7.03,36.4,38.9,17.4
2026-04-17 06:13:27,0.0,91.6,114.6,6.16,35.9,34.8,17.5
2026-04-17 06:13:28,0.0,86.3,109.3,6.2,35.3,30.0,17.5
2026-04-17 06:13:28,0.0,92.7,104.6,7.16,36.4,44.8,17.6
2026-04-17 06:13:28,0.0,89.7,112.8,6.11,35.3,32.3,17.6
2026-04-17 06:13:28,0.0,86.7,109.9,6.11,35.9,35.8,17.6
2026-04-17 06:13:28,0.0,86.2,96.8,7.54,36.4,39.6,17.6
2026-04-17 06:13:28,0.0,87.4,100.6,7.44,35.9,41.5,17.7
2026-04-17 06:13:28,0.0,105.4,117.5,6.61,36.4,39.0,17.7
2026-04-17 06:13:29,0.0,106.7,126.6,5.95,35.3,34.4,17.6
2026-04-17 06:13:29,0.0,88.7,109.5,6.73,35.9,39.3,17.7
2026-04-17 06:13:29,0.0,96.3,119.2,5.75,34.8,33.3,17.7
2026-04-17 06:13:29,0.0,86.3,109.2,6.39,35.3,33.3,17.7
2026-04-17 06:13:29,0.0,83.5,97.3,7.63,35.9,40.7,17.6
2026-04-17 06:13:29,0.0,87.2,103.1,7.33,35.9,40.7,17.6
2026-04-17 06:13:29,0.0,93.1,102.6,7.18,36.4,38.9,17.6
2026-04-17 06:13:30,0.0,91.3,114.3,6.07,35.9,35.4,17.7
2026-04-17 06:13:30,0.0,93.9,117.2,5.9,35.9,31.3,17.7
2026-04-17 06:13:30,0.0,89.5,114.1,6.11,35.9,40.3,17.7
2026-04-17 06:13:30,0.0,86.5,109.1,6.17,36.4,35.8,17.6
2026-04-17 06:13:30,0.0,85.6,98.6,7.55,35.9,36.7,17.6
2026-04-17 06:13:30,0.0,85.7,99.6,7.5,37.0,40.4,17.6
2026-04-17 06:13:31,0.0,102.8,115.4,6.66,36.4,42.6,17.6
2026-04-17 06:13:31,0.0,97.9,121.2,6.17,35.3,37.9,17.6
2026-04-17 06:13:31,0.0,109.9,133.1,5.6,35.9,33.3,17.6
2026-04-17 06:13:31,0.0,88.2,111.4,6.9,35.3,35.7,17.6
2026-04-17 06:13:31,0.0,88.0,111.4,6.0,35.9,34.3,17.5
2026-04-17 06:13:31,0.0,86.0,109.1,6.09,36.4,32.8,17.5
2026-04-17 06:13:32,0.0,87.7,99.4,7.41,35.9,40.7,17.5
2026-04-17 06:13:32,0.0,114.8,127.0,6.23,35.3,47.0,17.6
2026-04-17 06:13:32,0.0,86.8,105.0,7.22,36.4,39.3,17.5
2026-04-17 06:13:32,0.0,92.0,114.4,5.82,35.3,30.3,17.5
2026-04-17 06:13:32,0.0,91.0,114.5,6.03,35.9,33.3,17.5
2026-04-17 06:13:32,0.0,88.6,112.1,6.09,35.3,36.4,17.5
2026-04-17 06:13:32,0.0,89.3,112.3,6.0,35.9,32.8,17.5
2026-04-17 06:13:33,0.0,88.5,111.5,6.03,35.3,35.4,17.5
2026-04-17 06:13:33,0.0,85.9,108.3,6.09,35.9,32.3,17.5
2026-04-17 06:13:33,0.0,87.5,100.2,7.43,35.9,45.6,17.5
2026-04-17 06:13:33,0.0,107.7,119.9,6.52,35.3,37.3,17.5
2026-04-17 06:13:33,0.0,88.8,112.9,6.72,34.8,38.3,17.5
2026-04-17 06:13:33,0.0,101.1,124.2,5.62,35.9,30.9,17.5
2026-04-17 06:13:34,0.0,88.5,111.9,6.48,35.9,35.5,17.5
2026-04-17 06:13:34,0.0,84.4,107.5,6.17,35.3,34.4,17.6
2026-04-17 06:13:34,0.0,92.9,107.9,7.06,36.4,42.1,17.6
2026-04-17 06:13:34,0.0,94.4,117.3,5.94,35.9,31.3,17.6
2026-04-17 06:13:34,0.0,88.5,111.6,6.15,36.4,37.3,17.6
2026-04-17 06:13:34,0.0,83.0,105.5,6.28,35.9,30.6,17.6
2026-04-17 06:13:35,0.0,95.2,111.9,6.87,36.4,39.7,17.6
2026-04-17 06:13:35,0.0,108.7,134.1,5.48,35.3,36.0,17.6
2026-04-17 06:13:35,0.0,84.6,106.6,7.14,35.9,32.7,17.6
2026-04-17 06:13:35,0.0,87.7,102.9,7.33,35.9,41.8,17.6
2026-04-17 06:13:35,0.0,86.3,98.2,7.58,37.0,44.4,17.6
2026-04-17 06:13:35,0.0,94.7,108.0,7.07,35.9,35.8,17.5
2026-04-17 06:13:35,0.0,88.1,111.1,6.24,36.4,30.0,17.5
2026-04-17 06:13:36,0.0,87.5,100.1,7.47,35.3,47.5,17.5
2026-04-17 06:13:36,0.0,84.7,107.8,6.16,35.9,32.8,17.5
2026-04-17 06:13:36,0.0,83.8,98.7,7.56,37.0,37.3,17.5
2026-04-17 06:13:36,0.0,86.7,103.0,7.33,36.4,41.8,17.5
2026-04-17 06:13:36,0.0,85.0,97.7,7.61,36.4,45.5,17.5
2026-04-17 06:13:36,0.0,85.3,100.4,7.48,35.3,40.4,17.4
2026-04-17 06:13:36,0.0,86.4,100.9,7.45,36.4,41.8,17.4
2026-04-17 06:13:37,0.0,84.8,98.0,7.6,35.9,39.2,17.4
2026-04-17 06:13:37,0.0,91.9,106.8,7.1,36.4,49.1,17.4
2026-04-17 06:13:37,0.0,84.5,107.9,6.28,36.4,32.3,17.4
2026-04-17 06:13:37,0.0,106.5,119.3,6.45,35.9,39.3,17.4
2026-04-17 06:13:37,0.0,101.5,124.3,6.15,35.3,38.7,17.3
2026-04-17 06:13:37,0.0,84.9,107.9,6.72,36.4,32.8,17.3
2026-04-17 06:13:37,0.0,86.1,101.1,7.43,34.2,40.7,17.3
2026-04-17 06:13:38,0.0,109.1,121.8,6.39,36.4,43.3,17.3
2026-04-17 06:13:38,0.0,91.6,113.7,6.72,36.4,36.2,17.3
2026-04-17 06:13:38,0.0,89.8,113.0,6.06,34.8,35.8,17.3
2026-04-17 06:13:38,0.0,84.7,111.1,6.05,35.9,33.3,17.3
2026-04-17 06:13:38,0.0,86.5,97.5,7.62,35.3,37.5,17.2
2026-04-17 06:13:38,0.0,92.1,106.7,7.1,36.4,38.2,17.2
2026-04-17 06:13:38,0.0,90.3,113.3,6.14,35.3,33.3,17.2
2026-04-17 06:13:39,0.0,106.2,129.0,5.48,35.3,32.4,17.2
2026-04-17 06:13:39,0.0,96.9,120.2,6.34,35.9,37.5,17.2
2026-04-17 06:13:39,0.0,90.3,113.4,6.26,35.9,35.9,17.3
2026-04-17 06:13:39,0.0,91.2,114.1,5.97,35.9,32.3,17.3
2026-04-17 06:13:39,0.0,87.4,109.1,6.15,36.4,33.8,17.3
2026-04-17 06:13:39,0.0,84.5,96.8,7.66,34.8,41.5,17.4
2026-04-17 06:13:40,0.0,91.4,106.6,7.13,35.9,38.9,17.4
2026-04-17 06:13:40,0.0,86.8,109.9,6.17,35.3,34.4,17.4
2026-04-17 06:13:40,0.0,83.4,95.5,7.71,35.9,38.0,17.5
2026-04-17 06:13:40,0.0,86.7,102.7,7.33,35.3,38.5,17.5
2026-04-17 06:13:40,0.0,83.4,96.3,7.7,36.4,37.3,17.6
2026-04-17 06:13:40,0.0,85.7,101.8,7.38,36.4,40.7,17.6
2026-04-17 06:13:40,0.0,89.2,103.2,7.3,35.9,40.7,17.6
2026-04-17 06:13:41,0.0,98.9,122.3,5.66,35.9,30.3,17.7
2026-04-17 06:13:41,0.0,91.4,114.5,6.3,35.9,36.5,17.7
2026-04-17 06:13:41,0.0,96.2,119.4,5.83,34.8,33.3,17.7
2026-04-17 06:13:41,0.0,86.5,110.3,6.31,35.3,35.9,17.7
2026-04-17 06:13:41,0.0,87.1,110.7,6.0,35.9,33.8,17.6
2026-04-17 06:13:41,0.0,97.7,109.3,7.0,37.0,43.1,17.6
2026-04-17 06:13:42,0.0,88.5,111.6,6.36,35.9,35.5,17.7
2026-04-17 06:13:42,0.0,89.7,101.2,7.31,35.9,45.5,17.7
2026-04-17 06:13:42,0.0,85.6,108.9,6.23,37.0,38.2,17.7
2026-04-17 06:13:42,0.0,85.7,99.7,7.51,35.9,41.8,17.6
2026-04-17 06:13:42,0.0,86.0,100.3,7.48,36.4,40.4,17.6
2026-04-17 06:13:42,0.0,96.5,110.4,6.95,35.9,39.3,17.6
2026-04-17 06:13:42,0.0,83.0,107.6,6.48,36.4,40.0,17.6
2026-04-17 06:13:43,0.0,85.8,102.9,7.34,35.9,40.0,17.6
2026-04-17 06:13:43,0.0,85.8,97.9,7.6,35.3,44.4,17.6
2026-04-17 06:13:43,0.0,88.3,102.5,7.35,35.9,38.5,17.6
2026-04-17 06:13:43,0.0,87.2,110.1,6.05,37.0,31.2,17.6
2026-04-17 06:13:43,0.0,82.3,94.7,7.79,36.4,39.2,17.6
2026-04-17 06:13:43,0.0,85.2,102.4,7.34,35.3,36.0,17.6
2026-04-17 06:13:43,0.0,83.5,98.3,7.59,35.9,42.9,17.6
2026-04-17 06:13:43,0.0,86.8,103.4,7.31,36.4,36.5,17.6
2026-04-17 06:13:44,0.0,90.7,103.0,7.3,36.4,44.4,17.6
2026-04-17 06:13:44,0.0,85.4,108.3,6.21,36.4,29.0,17.5
2026-04-17 06:13:44,0.0,83.4,97.8,7.6,36.4,41.5,17.6
2026-04-17 06:13:44,0.0,87.2,105.3,7.2,36.4,39.3,17.5
2026-04-17 06:13:44,0.0,90.8,115.4,5.88,35.9,33.3,17.5
2026-04-17 06:13:44,0.0,88.7,111.6,6.14,35.3,35.4,17.5
2026-04-17 06:13:45,0.0,93.1,116.2,5.84,35.9,33.8,17.5
2026-04-17 06:13:45,0.0,89.8,112.7,6.13,35.9,35.4,17.5
2026-04-17 06:13:45,0.0,96.7,119.9,5.76,35.9,32.9,17.6
2026-04-17 06:13:45,0.0,97.1,119.9,5.99,35.9,33.3,17.6
2026-04-17 06:13:45,0.0,86.0,108.9,6.43,35.9,34.4,17.6
2026-04-17 06:13:45,0.0,107.8,121.6,6.45,35.9,41.9,17.6
2026-04-17 06:13:46,0.0,89.0,111.4,6.7,35.9,33.3,17.7
2026-04-17 06:13:46,0.0,87.4,109.8,6.11,34.8,34.8,17.7
2026-04-17 06:13:46,0.0,98.0,111.1,6.91,35.9,35.8,17.7
2026-04-17 06:13:46,0.0,86.3,109.7,6.47,35.9,36.1,17.7
2026-04-17 06:13:46,0.0,83.7,96.2,7.68,35.9,41.5,17.7
2026-04-17 06:13:46,0.0,85.8,101.3,7.39,35.3,38.5,17.6
2026-04-17 06:13:46,0.0,84.7,99.2,7.53,35.3,41.5,17.6
2026-04-17 06:13:47,0.0,83.6,95.9,7.6,35.9,38.5,17.6
2026-04-17 06:13:47,0.0,95.8,110.1,6.86,35.3,45.8,17.6
2026-04-17 06:13:47,0.0,92.2,115.3,6.15,35.3,35.8,17.6
2026-04-17 06:13:47,0.0,85.7,108.6,6.25,35.9,34.9,17.5
2026-04-17 06:13:47,0.0,84.6,98.7,7.56,35.9,42.6,17.5
2026-04-17 06:13:47,0.0,85.1,101.0,7.44,35.9,39.6,17.5
2026-04-17 06:13:47,0.0,82.5,95.7,7.67,36.4,40.7,17.5
2026-04-17 06:13:48,0.0,89.8,106.3,7.13,34.8,43.1,17.4
2026-04-17 06:13:48,0.0,89.9,112.9,6.0,36.4,37.3,17.4
2026-04-17 06:13:48,0.0,84.3,107.3,6.22,36.4,31.3,17.4
2026-04-17 06:13:48,0.0,83.5,97.8,7.52,35.9,39.2,17.4
2026-04-17 06:13:48,0.0,88.3,104.1,7.27,36.4,37.7,17.4
2026-04-17 06:13:48,0.0,84.8,107.9,6.13,34.8,34.8,17.3
2026-04-17 06:13:48,0.0,94.0,108.2,7.01,35.9,42.4,17.4
2026-04-17 06:13:49,0.0,104.4,127.6,5.64,35.3,32.4,17.4
2026-04-17 06:13:49,0.0,96.3,119.1,6.31,35.9,39.4,17.4
2026-04-17 06:13:49,0.0,85.9,108.8,6.41,35.3,33.3,17.5
2026-04-17 06:13:49,0.0,83.3,97.0,7.64,35.9,38.0,17.5
2026-04-17 06:13:49,0.0,99.7,115.5,6.69,34.8,38.6,17.6
2026-04-17 06:13:49,0.0,84.6,107.7,6.61,36.4,36.1,17.6
2026-04-17 06:13:49,0.0,88.2,103.4,7.3,34.8,40.0,17.6
2026-04-17 06:13:50,0.0,93.3,116.5,5.82,35.3,32.4,17.6
2026-04-17 06:13:50,0.0,84.4,107.3,6.35,34.8,34.4,17.6
2026-04-17 06:13:50,0.0,83.3,98.7,7.57,34.8,40.4,17.6
2026-04-17 06:13:50,0.0,110.7,127.2,6.22,36.4,43.1,17.6
2026-04-17 06:13:50,0.0,85.6,109.3,6.97,36.4,37.3,17.6
2026-04-17 06:13:50,0.0,85.5,108.3,6.08,34.8,33.8,17.6
2026-04-17 06:13:51,0.0,99.8,114.0,6.78,36.4,39.0,17.6
2026-04-17 06:13:51,0.0,89.1,112.2,6.41,35.9,40.3,17.6
2026-04-17 06:13:51,0.0,85.9,109.1,6.12,36.4,32.8,17.6
2026-04-17 06:13:51,0.0,84.7,98.5,7.57,36.4,38.5,17.6
2026-04-17 06:13:51,0.0,86.5,99.7,7.41,35.9,41.5,17.5
2026-04-17 06:13:51,0.0,84.8,98.1,7.6,34.8,36.0,17.5
2026-04-17 06:13:51,0.0,86.2,102.7,7.34,35.3,38.5,17.5
2026-04-17 06:13:52,0.0,97.1,108.9,7.0,35.3,43.6,17.5
2026-04-17 06:13:52,0.0,100.7,123.5,5.87,36.4,38.6,17.4
2026-04-17 06:13:52,0.0,85.6,108.6,6.62,35.9,36.1,17.4
2026-04-17 06:13:52,0.0,84.8,100.2,7.44,35.9,38.5,17.5
2026-04-17 06:13:52,0.0,87.1,99.5,7.48,35.9,42.6,17.5
2026-04-17 06:13:53,0.0,305.9,318.2,2.84,36.4,78.7,17.5
2026-04-17 06:13:53,0.0,101.8,129.7,5.98,37.0,46.2,17.5
2026-04-17 06:13:53,0.0,92.9,116.0,6.53,35.9,35.6,17.4
2026-04-17 06:13:53,0.0,88.9,111.8,6.16,36.4,33.8,17.5
2026-04-17 06:13:53,0.0,86.9,108.7,6.07,36.4,36.8,17.5
2026-04-17 06:13:53,0.0,86.5,98.9,7.54,35.3,38.5,17.5
2026-04-17 06:13:53,0.0,91.2,103.5,7.25,36.4,42.9,17.5
2026-04-17 06:13:54,0.0,87.6,110.9,6.13,34.8,36.4,17.5
2026-04-17 06:13:54,0.0,87.0,99.2,7.52,35.9,38.5,17.5
2026-04-17 06:13:54,0.0,96.7,108.6,7.02,35.9,40.4,17.5
2026-04-17 06:13:54,0.0,86.2,108.8,6.41,35.9,29.3,17.5
2026-04-17 06:13:54,0.0,89.1,100.8,7.34,35.3,39.6,17.5
2026-04-17 06:13:54,0.0,89.8,112.8,5.98,35.9,33.3,17.5
2026-04-17 06:13:54,0.0,89.4,111.6,6.02,34.8,35.3,17.5
2026-04-17 06:13:55,0.0,91.5,114.5,5.93,36.4,30.8,17.5
2026-04-17 06:13:55,0.0,84.1,107.3,6.27,35.9,36.9,17.5
2026-04-17 06:13:55,0.0,84.4,99.2,7.51,35.3,38.5,17.5
2026-04-17 06:13:55,0.0,108.5,124.3,6.35,35.9,37.3,17.5
2026-04-17 06:13:55,0.0,84.9,107.9,7.0,35.3,36.8,17.5
2026-04-17 06:13:55,0.0,83.2,99.0,7.54,35.9,40.4,17.5
2026-04-17 06:13:56,0.0,101.9,117.6,6.62,35.3,39.7,17.6
2026-04-17 06:13:56,0.0,93.1,116.6,6.32,36.4,34.4,17.6
2026-04-17 06:13:56,0.0,90.8,113.7,6.1,35.9,30.6,17.6
2026-04-17 06:13:56,0.0,89.2,111.9,6.06,35.9,34.3,17.5
2026-04-17 06:13:56,0.0,91.3,114.2,5.93,35.3,34.3,17.5
2026-04-17 06:13:56,0.0,85.8,109.0,6.21,35.3,28.8,17.5
2026-04-17 06:13:56,0.0,86.1,100.2,7.49,36.4,44.8,17.5
2026-04-17 06:13:57,0.0,120.5,133.6,5.97,37.0,43.1,17.5
2026-04-17 06:13:57,0.0,84.3,96.6,7.67,35.9,45.6,17.5
2026-04-17 06:13:57,0.0,95.5,111.3,6.92,36.4,39.3,17.5
2026-04-17 06:13:57,0.0,85.1,107.7,6.4,36.4,33.9,17.5
2026-04-17 06:13:57,0.0,83.5,97.5,7.6,35.3,37.3,17.3
2026-04-17 06:13:57,0.0,99.3,115.5,6.71,35.3,40.4,17.4
2026-04-17 06:13:58,0.0,104.0,131.1,5.69,36.4,38.0,17.4
2026-04-17 06:13:58,0.0,87.1,109.9,6.88,35.9,39.0,17.4
2026-04-17 06:13:58,0.0,85.8,98.1,7.57,35.9,45.5,17.4
2026-04-17 06:13:58,0.0,88.8,102.8,7.33,35.9,41.1,17.4
2026-04-17 06:13:58,0.0,91.0,114.3,5.92,34.8,29.7,17.3
2026-04-17 06:13:58,0.0,95.7,118.9,5.84,36.4,33.8,17.3
2026-04-17 06:13:58,0.0,86.9,109.9,6.34,36.4,32.3,17.4
2026-04-17 06:13:59,0.0,83.1,99.5,7.5,35.9,38.5,17.4
2026-04-17 06:13:59,0.0,103.1,115.9,6.68,35.3,41.7,17.4
2026-04-17 06:13:59,0.0,101.6,124.6,6.07,35.9,33.9,17.4
2026-04-17 06:13:59,0.0,85.7,109.3,6.61,36.4,38.1,17.3
2026-04-17 06:13:59,0.0,84.4,98.2,7.59,36.4,36.0,17.3
2026-04-17 06:13:59,0.0,91.2,105.8,7.15,35.9,40.0,17.2
2026-04-17 06:13:59,0.0,84.8,107.9,6.25,35.3,28.3,17.2
2026-04-17 06:14:00,0.0,86.6,101.1,7.4,35.9,44.6,17.2
2026-04-17 06:14:00,0.0,107.1,118.7,6.49,35.9,36.2,17.2
2026-04-17 06:14:00,0.0,87.6,110.5,6.81,36.4,36.2,17.2
2026-04-17 06:14:00,0.0,85.3,98.5,7.57,35.9,40.4,17.2
2026-04-17 06:14:00,0.0,99.5,112.1,6.83,36.4,38.6,17.3
2026-04-17 06:14:00,0.0,85.8,108.8,6.54,35.3,35.5,17.3
2026-04-17 06:14:00,0.0,89.9,103.5,7.28,35.9,43.9,17.3
2026-04-17 06:14:01,0.0,87.8,110.8,6.08,35.9,33.3,17.4
2026-04-17 06:14:01,0.0,86.0,97.3,7.59,34.8,39.2,17.4
2026-04-17 06:14:01,0.0,85.3,97.7,7.55,35.9,36.7,17.4
2026-04-17 06:14:01,0.0,83.2,97.3,7.62,35.9,36.7,17.3
2026-04-17 06:14:01,0.0,85.8,102.1,7.35,34.8,44.8,17.3
2026-04-17 06:14:01,0.0,87.2,101.3,7.42,35.9,40.4,17.3
2026-04-17 06:14:01,0.0,85.2,97.4,7.62,36.4,41.8,17.3
2026-04-17 06:14:02,0.0,95.7,109.3,6.89,35.3,46.6,17.3
2026-04-17 06:14:02,0.0,97.6,119.9,5.99,35.3,37.7,17.3
2026-04-17 06:14:02,0.0,88.6,115.1,6.21,35.9,33.9,17.3
2026-04-17 06:14:02,0.0,86.2,109.1,6.23,35.3,31.7,17.4
2026-04-17 06:14:02,0.0,86.9,100.6,7.4,35.3,41.8,17.4
2026-04-17 06:14:02,0.0,89.1,100.9,7.44,34.8,43.6,17.4
2026-04-17 06:14:03,0.0,87.1,110.3,6.07,35.9,33.8,17.5
2026-04-17 06:14:03,0.0,99.9,112.1,6.83,35.9,43.3,17.5
2026-04-17 06:14:03,0.0,89.4,112.5,6.42,35.3,36.1,17.5
2026-04-17 06:14:03,0.0,85.8,108.9,6.14,37.0,31.2,17.5
2026-04-17 06:14:03,0.0,88.6,102.4,7.35,36.4,41.5,17.5
2026-04-17 06:14:03,0.0,88.4,114.4,5.9,37.5,30.8,17.5
2026-04-17 06:14:03,0.0,86.7,109.7,6.18,36.4,30.2,17.4
2026-04-17 06:14:04,0.0,85.9,99.1,7.54,35.9,41.5,17.4
2026-04-17 06:14:04,0.0,91.8,104.8,7.19,35.3,37.3,17.5
2026-04-17 06:14:04,0.0,87.7,110.6,6.16,34.8,33.3,17.5
2026-04-17 06:14:04,0.0,83.5,95.6,7.74,34.2,41.5,17.5
2026-04-17 06:14:04,0.0,90.2,106.5,7.15,35.3,41.4,17.5
2026-04-17 06:14:04,0.0,86.8,110.0,6.12,35.3,32.8,17.5
2026-04-17 06:14:04,0.0,82.8,95.1,7.76,34.2,38.0,17.4
2026-04-17 06:14:05,0.0,85.4,103.0,7.32,35.9,42.9,17.5
2026-04-17 06:14:05,0.0,86.6,101.1,7.41,36.4,38.5,17.5
2026-04-17 06:14:05,0.0,152.3,164.4,5.05,36.4,53.2,17.5
2026-04-17 06:14:05,0.0,105.6,116.5,6.53,35.3,49.2,17.5
2026-04-17 06:14:05,0.0,89.4,112.2,6.65,36.4,39.3,17.4
2026-04-17 06:14:05,0.0,85.7,108.7,6.14,35.3,32.8,17.4
2026-04-17 06:14:06,0.0,87.7,101.6,7.4,36.4,40.7,17.4
2026-04-17 06:14:06,0.0,94.3,104.4,7.15,36.4,43.9,17.4
2026-04-17 06:14:06,0.0,94.1,122.6,5.82,36.4,36.1,17.4
2026-04-17 06:14:06,0.0,84.8,106.8,6.59,35.9,37.1,17.4
2026-04-17 06:14:06,0.0,102.9,117.9,6.6,35.9,37.3,17.4
2026-04-17 06:14:06,0.0,90.4,113.1,6.46,35.3,36.5,17.5
2026-04-17 06:14:06,0.0,84.9,107.9,6.24,35.9,33.3,17.5
2026-04-17 06:14:07,0.0,97.6,112.3,6.85,35.9,42.1,17.5
2026-04-17 06:14:07,0.0,99.6,122.8,5.93,35.3,36.8,17.5
2026-04-17 06:14:07,0.0,90.5,113.6,6.36,35.9,32.8,17.4
2026-04-17 06:14:07,0.0,87.0,109.4,6.13,35.3,30.6,17.4
2026-04-17 06:14:07,0.0,84.1,95.0,7.66,36.4,43.4,17.4
2026-04-17 06:14:07,0.0,128.0,142.3,5.65,35.3,38.0,17.4
2026-04-17 06:14:08,0.0,91.0,114.1,6.14,34.8,32.8,17.4
2026-04-17 06:14:08,0.0,104.0,122.0,5.55,36.4,38.9,17.4
2026-04-17 06:14:08,0.0,89.1,111.9,6.62,35.9,34.5,17.4
2026-04-17 06:14:08,0.0,104.8,128.2,5.47,35.9,32.4,17.4
2026-04-17 06:14:08,0.0,87.2,110.2,6.73,35.9,39.7,17.4
2026-04-17 06:14:08,0.0,95.8,108.3,7.04,35.9,40.0,17.3
2026-04-17 06:14:09,0.0,85.8,109.0,6.39,35.3,34.4,17.3
2026-04-17 06:14:09,0.0,85.6,98.7,7.52,36.4,41.8,17.3
2026-04-17 06:14:09,0.0,88.5,102.7,7.34,36.4,36.0,17.3
2026-04-17 06:14:09,0.0,94.4,117.7,5.8,35.9,36.1,17.3
2026-04-17 06:14:09,0.0,114.5,136.0,5.36,35.3,30.4,17.3
2026-04-17 06:14:09,0.0,85.4,104.2,7.27,35.9,39.3,17.3
2026-04-17 06:14:09,0.0,88.2,102.5,7.35,35.9,39.6,17.3
2026-04-17 06:14:10,0.0,92.9,116.4,5.83,35.9,31.8,17.3
2026-04-17 06:14:10,0.0,90.3,113.4,6.11,35.9,37.7,17.4
2026-04-17 06:14:10,0.0,99.2,122.3,5.7,35.9,28.8,17.4
2026-04-17 06:14:10,0.0,87.6,110.6,6.46,35.9,38.1,17.4
2026-04-17 06:14:10,0.0,83.3,95.4,7.74,35.9,40.0,17.4
2026-04-17 06:14:10,0.0,107.4,123.0,6.36,35.3,48.5,17.4
2026-04-17 06:14:11,0.0,83.9,105.7,6.98,35.9,35.1,17.4
2026-04-17 06:14:11,0.0,91.5,107.1,7.11,35.3,42.1,17.4
2026-04-17 06:14:11,0.0,101.5,123.7,5.67,35.9,35.2,17.5
2026-04-17 06:14:11,0.0,89.3,112.3,6.48,35.3,33.9,17.4
2026-04-17 06:14:11,0.0,91.2,114.4,5.93,36.4,35.3,17.3
2026-04-17 06:14:11,0.0,89.4,112.5,6.08,36.4,33.3,17.3
2026-04-17 06:14:12,0.0,103.3,126.8,5.53,35.3,33.8,17.3
2026-04-17 06:14:12,0.0,117.8,141.0,5.53,34.8,38.9,17.3
2026-04-17 06:14:12,0.0,89.3,105.2,7.17,35.9,39.3,17.3
2026-04-17 06:14:12,0.0,88.1,111.0,6.1,36.4,33.3,17.3
2026-04-17 06:14:12,0.0,88.3,111.3,6.0,35.9,32.3,17.4
2026-04-17 06:14:12,0.0,84.1,108.3,6.12,35.9,30.2,17.4
2026-04-17 06:14:12,0.0,89.6,104.1,7.27,37.0,36.5,17.4
2026-04-17 06:14:13,0.0,84.9,108.0,6.17,35.3,37.3,17.4
2026-04-17 06:14:13,0.0,88.9,103.7,7.29,37.0,39.6,17.4
2026-04-17 06:14:13,0.0,113.4,136.4,5.23,35.3,36.0,17.4
2026-04-17 06:14:13,0.0,84.6,103.3,7.28,35.3,39.3,17.4
2026-04-17 06:14:13,0.0,86.6,101.8,7.38,35.3,40.7,17.4
2026-04-17 06:14:13,0.0,85.6,99.1,7.5,35.3,41.5,17.4
2026-04-17 06:14:13,0.0,87.9,100.5,7.44,36.4,37.3,17.3
2026-04-17 06:14:14,0.0,87.8,99.6,7.52,35.9,39.2,17.3
2026-04-17 06:14:14,0.0,100.8,123.8,5.56,35.9,34.3,17.3
2026-04-17 06:14:14,0.0,85.7,108.7,6.6,35.3,33.9,17.3
2026-04-17 06:14:14,0.0,90.1,104.1,7.26,35.9,44.1,17.3
2026-04-17 06:14:14,0.0,88.9,112.0,6.04,35.9,33.3,17.2
2026-04-17 06:14:14,0.0,85.5,108.6,6.13,36.4,33.8,17.2
2026-04-17 06:14:15,0.0,98.7,113.0,6.83,35.3,38.6,17.3
2026-04-17 06:14:15,0.0,86.4,109.4,6.46,36.4,40.0,17.2
2026-04-17 06:14:15,0.0,83.0,95.4,7.74,35.9,39.2,17.2
2026-04-17 06:14:15,0.0,104.9,121.6,6.44,35.9,43.9,17.2
2026-04-17 06:14:15,0.0,84.9,108.0,6.82,36.4,39.0,17.2
2026-04-17 06:14:15,0.0,96.8,111.4,6.89,35.9,37.5,17.2
2026-04-17 06:14:15,0.0,86.2,109.3,6.42,35.9,30.0,17.2
2026-04-17 06:14:16,0.0,93.4,106.1,7.09,34.8,42.1,17.3
2026-04-17 06:14:16,0.0,102.6,125.7,5.7,35.9,35.7,17.3
2026-04-17 06:14:16,0.0,86.9,110.2,6.62,36.4,37.1,17.3
2026-04-17 06:14:16,0.0,86.5,109.3,6.02,35.9,30.2,17.3
2026-04-17 06:14:16,0.0,90.3,103.0,7.3,36.4,43.1,17.3
2026-04-17 06:14:16,0.0,92.1,114.8,5.91,35.9,35.7,17.4
2026-04-17 06:14:17,0.0,97.5,120.4,5.84,36.4,36.8,17.4
2026-04-17 06:14:17,0.0,85.5,108.3,6.47,35.9,36.1,17.4
2026-04-17 06:14:17,0.0,85.9,99.9,7.47,36.4,45.6,17.4
2026-04-17 06:14:17,0.0,86.8,99.8,7.44,36.4,38.0,17.5
2026-04-17 06:14:17,0.0,85.0,97.6,7.62,36.4,35.4,17.5
2026-04-17 06:14:17,0.0,87.0,101.3,7.4,36.4,44.6,17.5
2026-04-17 06:14:17,0.0,84.5,96.4,7.64,37.0,39.2,17.4
2026-04-17 06:14:18,0.0,86.7,102.0,7.39,36.4,41.8,17.4
2026-04-17 06:14:18,0.0,98.7,111.2,6.88,35.9,43.1,17.4
2026-04-17 06:14:18,0.0,93.8,116.8,6.18,36.4,36.9,17.4
2026-04-17 06:14:18,0.0,91.8,114.9,6.08,35.9,31.1,17.4
2026-04-17 06:14:18,0.0,85.3,108.1,6.25,35.3,36.4,17.4
2026-04-17 06:14:18,0.0,86.9,101.3,7.42,35.3,39.2,17.4
2026-04-17 06:14:18,0.0,83.9,96.4,7.67,36.4,39.2,17.4
2026-04-17 06:14:19,0.0,84.9,101.5,7.39,36.4,42.6,17.4
2026-04-17 06:14:19,0.0,83.0,97.0,7.67,35.9,38.5,17.4
2026-04-17 06:14:19,0.0,90.9,105.6,7.09,35.9,39.3,17.4
2026-04-17 06:14:19,0.0,88.0,110.9,6.11,35.3,31.7,17.4
2026-04-17 06:14:19,0.0,85.8,108.9,6.08,36.4,29.7,17.4
2026-04-17 06:14:19,0.0,104.7,117.3,6.57,37.0,44.4,17.4
2026-04-17 06:14:19,0.0,102.3,125.3,6.09,36.4,38.2,17.3
2026-04-17 06:14:20,0.0,85.9,109.0,6.65,36.4,38.7,17.3
2026-04-17 06:14:20,0.0,86.6,98.1,7.47,35.9,44.4,17.4
2026-04-17 06:14:20,0.0,83.7,96.6,7.68,36.4,41.5,17.3
2026-04-17 06:14:20,0.0,85.7,101.5,7.39,34.8,40.7,17.3
2026-04-17 06:14:20,0.0,83.8,98.1,7.6,36.4,42.9,17.3
2026-04-17 06:14:20,0.0,85.7,101.5,7.4,35.9,41.8,17.3
2026-04-17 06:14:20,0.0,85.1,98.8,7.55,36.4,42.3,17.3
2026-04-17 06:14:21,0.0,85.4,100.2,7.48,36.4,43.9,17.4
2026-04-17 06:14:21,0.0,84.8,97.9,7.48,35.3,39.2,17.3
2026-04-17 06:14:21,0.0,87.0,100.3,7.43,37.0,37.3,17.4
2026-04-17 06:14:21,0.0,96.8,108.9,6.99,35.3,44.1,17.4
2026-04-17 06:14:21,0.0,91.6,114.7,6.2,37.0,33.3,17.4
2026-04-17 06:14:21,0.0,87.8,110.6,6.15,36.4,33.8,17.4
2026-04-17 06:14:21,0.0,84.6,96.6,7.67,34.8,43.6,17.4
2026-04-17 06:14:22,0.0,89.0,104.2,7.26,35.3,42.6,17.4
2026-04-17 06:14:22,0.0,82.7,92.7,7.89,35.9,44.2,17.4
2026-04-17 06:14:22,0.0,95.2,112.7,6.83,35.9,39.7,17.4
2026-04-17 06:14:22,0.0,92.8,117.2,6.06,35.3,35.3,17.4
2026-04-17 06:14:22,0.0,89.4,112.5,6.18,35.3,34.4,17.4
2026-04-17 06:14:22,0.0,85.6,114.2,5.95,36.4,32.8,17.3
2026-04-17 06:14:22,0.0,84.5,107.4,6.25,36.4,32.3,17.3
2026-04-17 06:14:23,0.0,90.4,105.6,7.18,36.4,43.9,17.3
2026-04-17 06:14:23,0.0,87.1,110.0,6.12,35.3,38.6,17.3
2026-04-17 06:14:23,0.0,84.2,96.2,7.66,36.4,39.2,17.3
2026-04-17 06:14:23,0.0,86.3,100.3,7.4,36.4,39.2,17.4
2026-04-17 06:14:23,0.0,85.0,98.3,7.58,35.9,38.5,17.3
2026-04-17 06:14:23,0.0,83.4,98.4,7.59,36.4,40.7,17.4
2026-04-17 06:14:23,0.0,85.6,101.7,7.38,36.4,39.2,17.4
2026-04-17 06:14:24,0.0,95.2,109.0,7.0,36.4,43.1,17.4
2026-04-17 06:14:24,0.0,102.7,125.7,5.75,35.9,35.2,17.4
2026-04-17 06:14:24,0.0,85.1,108.0,6.71,34.8,36.2,17.4
2026-04-17 06:14:24,0.0,83.6,99.5,7.52,35.3,36.7,17.4
2026-04-17 06:14:24,0.0,84.4,99.4,7.52,35.9,41.5,17.4
2026-04-17 06:14:24,0.0,101.8,117.6,6.63,35.9,40.3,17.4
2026-04-17 06:14:24,0.0,86.9,109.9,6.59,36.4,38.7,17.4
2026-04-17 06:14:25,0.0,104.0,120.0,6.51,35.9,38.3,17.4
2026-04-17 06:14:25,0.0,85.1,108.2,6.92,37.0,37.3,17.4
2026-04-17 06:14:25,0.0,86.1,98.4,7.45,35.9,47.4,17.4
2026-04-17 06:14:25,0.0,90.9,103.5,7.26,37.0,41.8,17.4
2026-04-17 06:14:25,0.0,96.2,119.2,5.81,35.3,33.3,17.4
2026-04-17 06:14:25,0.0,102.3,125.6,5.77,36.4,32.3,17.4
2026-04-17 06:14:26,0.0,85.8,104.5,6.68,35.9,41.0,17.4
2026-04-17 06:14:26,0.0,83.0,97.4,7.64,35.3,38.5,17.4
2026-04-17 06:14:26,0.0,88.8,105.8,7.17,37.5,42.9,17.4
2026-04-17 06:14:26,0.0,108.6,131.8,5.38,36.4,32.9,17.4
2026-04-17 06:14:26,0.0,85.8,108.9,6.96,35.9,36.8,17.4
2026-04-17 06:14:26,0.0,85.4,97.4,7.53,35.3,41.5,17.4
2026-04-17 06:14:26,0.0,90.4,104.5,7.23,35.9,43.1,17.5
2026-04-17 06:14:27,0.0,101.2,124.2,5.64,36.4,38.4,17.5
2026-04-17 06:14:27,0.0,90.9,113.9,6.39,35.3,34.4,17.5
2026-04-17 06:14:27,0.0,86.5,109.0,6.16,35.3,37.3,17.6
2026-04-17 06:14:27,0.0,100.6,113.4,6.79,36.4,37.5,17.6
2026-04-17 06:14:27,0.0,93.3,116.4,6.28,33.6,34.9,17.6
2026-04-17 06:14:27,0.0,85.7,108.7,6.29,35.3,33.3,17.7
2026-04-17 06:14:28,0.0,88.8,102.6,7.34,35.9,43.6,17.7
2026-04-17 06:14:28,0.0,88.2,111.3,6.02,35.9,34.3,17.7
2026-04-17 06:14:28,0.0,90.1,112.9,5.93,36.4,34.3,17.8
2026-04-17 06:14:28,0.0,88.8,111.3,6.06,34.8,32.3,17.8
2026-04-17 06:14:28,0.0,116.3,139.1,5.16,36.4,35.1,17.7
2026-04-17 06:14:28,0.0,95.3,113.2,6.81,35.9,39.0,17.7
2026-04-17 06:14:29,0.0,116.9,138.2,5.34,35.3,34.2,17.7
2026-04-17 06:14:29,0.0,87.1,103.4,7.31,34.8,39.3,17.7
2026-04-17 06:14:29,0.0,94.2,106.4,7.12,34.8,40.4,17.7
2026-04-17 06:14:29,0.0,86.9,110.0,6.29,35.9,35.4,17.7
2026-04-17 06:14:29,0.0,88.5,101.1,7.41,36.4,41.5,17.6
2026-04-17 06:14:29,0.0,89.2,112.1,5.98,35.3,34.3,17.7
2026-04-17 06:14:29,0.0,86.5,109.5,6.1,34.8,34.3,17.7
2026-04-17 06:14:30,0.0,86.6,99.4,7.49,35.3,42.3,17.7
2026-04-17 06:14:30,0.0,91.9,104.6,7.22,34.8,42.1,17.7
2026-04-17 06:14:30,0.0,95.9,117.0,5.85,34.8,36.2,17.7
2026-04-17 06:14:30,0.0,85.6,108.9,6.4,35.9,36.9,17.7
2026-04-17 06:14:30,0.0,90.3,103.9,7.27,36.4,42.9,17.7
2026-04-17 06:14:30,0.0,87.6,110.4,6.1,35.3,36.4,17.7
2026-04-17 06:14:30,0.0,83.2,95.5,7.76,35.9,45.6,17.7
2026-04-17 06:14:31,0.0,104.7,120.8,6.46,35.9,37.3,17.7
2026-04-17 06:14:31,0.0,95.2,119.2,6.32,36.4,33.3,17.7
2026-04-17 06:14:31,0.0,98.6,122.6,5.88,36.4,34.3,17.8
2026-04-17 06:14:31,0.0,84.2,108.6,6.56,35.3,37.1,17.8
2026-04-17 06:14:31,0.0,83.4,103.9,7.29,35.9,42.1,17.8
2026-04-17 06:14:31,0.0,86.9,109.3,6.09,35.9,34.8,17.8
2026-04-17 06:14:32,0.0,88.1,101.7,7.38,35.3,40.7,17.8
2026-04-17 06:14:32,0.0,107.4,131.0,5.39,36.4,35.2,17.8
2026-04-17 06:14:32,0.0,92.3,115.1,6.63,35.9,39.7,17.8
2026-04-17 06:14:32,0.0,119.2,142.8,5.16,36.4,32.9,17.8
2026-04-17 06:14:32,0.0,88.6,101.5,7.39,35.9,40.7,17.8
2026-04-17 06:14:32,0.0,92.6,103.9,7.26,35.3,39.6,17.8
2026-04-17 06:14:33,0.0,98.7,121.8,5.8,35.9,35.2,17.8
2026-04-17 06:14:33,0.0,87.9,111.1,6.41,35.9,40.0,17.9
2026-04-17 06:14:33,0.0,88.9,111.7,5.97,35.9,32.3,17.9
2026-04-17 06:14:33,0.0,86.7,109.7,6.08,35.9,33.8,17.8
2026-04-17 06:14:33,0.0,104.9,115.7,6.59,34.8,46.0,17.8
2026-04-17 06:14:33,0.0,88.5,111.8,6.66,35.3,37.7,17.8
2026-04-17 06:14:33,0.0,89.8,112.7,5.96,35.9,27.9,17.8
2026-04-17 06:14:34,0.0,88.1,111.3,6.07,35.3,35.3,17.8
2026-04-17 06:14:34,0.0,85.0,107.9,6.12,34.8,28.3,17.7
2026-04-17 06:14:34,0.0,87.9,102.4,7.34,35.9,42.6,17.7
2026-04-17 06:14:34,0.0,88.0,100.2,7.48,35.3,44.6,17.7
2026-04-17 06:14:34,0.0,104.6,128.2,5.46,35.9,33.8,17.7
2026-04-17 06:14:34,0.0,89.5,111.7,6.63,35.9,32.8,17.7
2026-04-17 06:14:35,0.0,86.8,109.9,6.03,35.9,37.1,17.7
2026-04-17 06:14:35,0.0,86.7,109.3,6.07,35.3,29.0,17.6
2026-04-17 06:14:35,0.0,87.5,100.3,7.47,36.4,40.4,17.6
2026-04-17 06:14:35,0.0,88.3,100.1,7.46,35.3,43.6,17.6
2026-04-17 06:14:35,0.0,86.3,109.7,6.06,35.9,30.2,17.5
2026-04-17 06:14:35,0.0,92.5,105.5,7.18,34.8,39.3,17.5
2026-04-17 06:14:35,0.0,88.4,111.6,6.15,35.3,33.3,17.5
2026-04-17 06:14:36,0.0,85.1,112.5,5.97,35.9,32.8,17.5
2026-04-17 06:14:36,0.0,85.6,108.8,6.14,35.3,33.8,17.5
2026-04-17 06:14:36,0.0,87.1,101.0,7.43,35.9,44.6,17.5
2026-04-17 06:14:36,0.0,188.6,201.5,4.26,35.9,72.3,17.4
2026-04-17 06:14:36,0.0,123.9,138.2,5.71,35.3,74.3,17.4
2026-04-17 06:14:37,0.0,91.5,114.1,6.16,35.9,36.9,17.4
2026-04-17 06:14:37,0.0,87.7,108.8,6.2,35.9,39.4,17.4
2026-04-17 06:14:37,0.0,84.5,96.2,7.7,35.3,38.0,17.4
2026-04-17 06:14:37,0.0,94.9,110.5,6.95,36.4,42.9,17.3
2026-04-17 06:14:37,0.0,84.1,107.3,6.42,35.9,33.9,17.3
2026-04-17 06:14:37,0.0,86.3,101.7,7.39,34.2,40.7,17.2
2026-04-17 06:14:37,0.0,88.6,101.2,7.37,34.2,41.8,17.2
2026-04-17 06:14:38,0.0,85.1,108.1,6.13,35.9,33.3,17.2
2026-04-17 06:14:38,0.0,88.2,102.4,7.33,35.3,43.9,17.2
2026-04-17 06:14:38,0.0,83.0,94.0,7.81,35.3,38.0,17.2
2026-04-17 06:14:38,0.0,89.8,105.6,7.12,34.8,45.0,17.2
2026-04-17 06:14:38,0.0,95.5,118.9,5.81,35.3,34.3,17.2
2026-04-17 06:14:38,0.0,87.6,110.7,6.32,36.4,31.1,17.2
2026-04-17 06:14:38,0.0,87.5,98.3,7.45,36.4,41.8,17.2
2026-04-17 06:14:39,0.0,86.9,110.2,6.06,35.9,32.8,17.3
2026-04-17 06:14:39,0.0,87.5,97.6,7.48,37.5,41.5,17.3
2026-04-17 06:14:39,0.0,90.3,102.4,7.35,36.4,40.4,17.4
2026-04-17 06:14:39,0.0,88.2,111.0,6.08,36.4,32.3,17.4
2026-04-17 06:14:39,0.0,107.7,130.8,5.37,35.3,31.9,17.3
2026-04-17 06:14:39,0.0,87.8,111.4,6.76,36.4,38.3,17.3
2026-04-17 06:14:39,0.0,86.8,103.8,7.29,35.9,36.5,17.3
2026-04-17 06:14:40,0.0,90.9,114.2,6.08,34.8,31.7,17.3
2026-04-17 06:14:40,0.0,101.5,124.4,5.65,35.9,33.8,17.3
2026-04-17 06:14:40,0.0,86.7,109.3,6.57,35.9,36.1,17.4
2026-04-17 06:14:40,0.0,88.0,98.7,7.44,35.9,42.6,17.4
2026-04-17 06:14:40,0.0,97.1,108.7,7.02,35.3,39.3,17.4
2026-04-17 06:14:40,0.0,84.2,107.0,6.5,36.4,34.4,17.4
2026-04-17 06:14:41,0.0,91.6,109.2,6.99,35.3,41.4,17.4
2026-04-17 06:14:41,0.0,108.6,131.6,5.52,35.3,31.4,17.4
2026-04-17 06:14:41,0.0,91.8,114.2,6.67,36.4,40.3,17.4
2026-04-17 06:14:41,0.0,94.0,117.2,5.93,34.2,29.0,17.4
2026-04-17 06:14:41,0.0,102.3,125.1,5.72,35.9,34.3,17.4
2026-04-17 06:14:41,0.0,97.9,120.8,6.17,35.9,35.9,17.4
2026-04-17 06:14:42,0.0,86.5,109.6,6.44,35.9,36.5,17.4
2026-04-17 06:14:42,0.0,87.8,99.9,7.43,35.3,45.5,17.4
2026-04-17 06:14:42,0.0,105.4,117.5,6.63,36.4,39.0,17.4
2026-04-17 06:14:42,0.0,89.8,113.0,6.62,34.8,34.5,17.4
2026-04-17 06:14:42,0.0,84.3,107.5,6.21,35.9,32.3,17.3
2026-04-17 06:14:42,0.0,82.6,98.1,7.6,35.3,39.6,17.4
2026-04-17 06:14:42,0.0,98.6,115.6,6.69,35.9,34.5,17.4
2026-04-17 06:14:43,0.0,87.5,110.4,6.45,34.8,33.3,17.4
2026-04-17 06:14:43,0.0,85.7,97.9,7.59,35.3,43.4,17.3
2026-04-17 06:14:43,0.0,95.3,109.0,7.01,35.9,42.1,17.3
2026-04-17 06:14:43,0.0,86.6,109.6,6.33,35.3,37.9,17.3
2026-04-17 06:14:43,0.0,87.3,99.9,7.47,35.3,42.6,17.3
2026-04-17 06:14:43,0.0,104.0,116.4,6.66,35.9,44.3,17.3
2026-04-17 06:14:43,0.0,88.2,111.1,6.64,35.3,37.1,17.3
2026-04-17 06:14:44,0.0,104.8,128.6,5.42,36.4,34.2,17.3
2026-04-17 06:14:44,0.0,85.8,108.8,6.84,35.3,35.6,17.3
2026-04-17 06:14:44,0.0,104.2,118.3,6.57,34.8,45.5,17.3
2026-04-17 06:14:44,0.0,88.3,115.4,6.46,35.9,31.0,17.3
2026-04-17 06:14:44,0.0,84.1,107.1,6.33,35.9,31.1,17.3
2026-04-17 06:14:44,0.0,87.2,102.2,7.33,35.3,38.5,17.3
2026-04-17 06:14:45,0.0,86.6,98.3,7.54,35.9,36.7,17.3
2026-04-17 06:14:45,0.0,87.2,100.0,7.48,35.9,43.6,17.2
2026-04-17 06:14:45,0.0,84.8,97.6,7.61,35.9,37.3,17.2
2026-04-17 06:14:45,0.0,88.9,102.9,7.31,35.9,42.3,17.2
2026-04-17 06:14:45,0.0,87.6,110.3,6.05,35.9,31.2,17.2
2026-04-17 06:14:45,0.0,84.0,95.9,7.71,36.4,41.5,17.2
2026-04-17 06:14:45,0.0,88.4,104.1,7.27,35.9,40.7,17.2
2026-04-17 06:14:46,0.0,98.6,121.5,5.59,36.4,34.7,17.3
2026-04-17 06:14:46,0.0,85.0,108.1,6.62,35.9,35.5,17.3
2026-04-17 06:14:46,0.0,86.8,101.4,7.4,35.3,38.0,17.3
2026-04-17 06:14:46,0.0,84.9,98.8,7.55,36.4,39.2,17.3
2026-04-17 06:14:46,0.0,86.7,99.3,7.47,35.3,39.2,17.4
2026-04-17 06:14:46,0.0,89.1,102.2,7.36,35.9,40.7,17.3
2026-04-17 06:14:46,0.0,83.6,110.3,6.07,34.8,32.3,17.4
2026-04-17 06:14:47,0.0,83.9,95.8,7.7,36.4,31.1,17.4
2026-04-17 06:14:47,0.0,94.1,110.4,6.94,34.8,45.8,17.4
2026-04-17 06:14:47,0.0,106.3,129.0,5.61,36.4,34.8,17.4
2026-04-17 06:14:47,0.0,85.9,108.4,6.83,35.9,38.3,17.4
2026-04-17 06:14:47,0.0,108.6,121.6,6.41,35.3,38.7,17.3
2026-04-17 06:14:47,0.0,87.2,110.3,6.89,35.3,36.2,17.4
2026-04-17 06:14:47,0.0,89.8,113.1,5.9,34.8,37.1,17.4
2026-04-17 06:14:48,0.0,90.7,113.4,5.98,35.3,33.8,17.3
2026-04-17 06:14:48,0.0,85.5,108.6,6.19,35.3,34.4,17.3
2026-04-17 06:14:48,0.0,87.5,100.2,7.4,35.9,40.4,17.3
2026-04-17 06:14:48,0.0,86.3,98.5,7.56,35.3,42.3,17.3
2026-04-17 06:14:48,0.0,86.8,99.5,7.5,36.4,43.6,17.2
2026-04-17 06:14:48,0.0,90.0,102.9,7.32,35.9,40.0,17.2
2026-04-17 06:14:48,0.0,108.5,130.5,5.39,35.9,35.2,17.2
2026-04-17 06:14:49,0.0,88.9,112.0,6.81,34.2,39.0,17.3
2026-04-17 06:14:49,0.0,85.2,107.7,6.16,35.9,35.8,17.3
2026-04-17 06:14:49,0.0,107.4,122.1,6.42,36.4,39.3,17.3
2026-04-17 06:14:49,0.0,98.9,122.0,6.33,36.4,39.7,17.2
2026-04-17 06:14:49,0.0,84.4,107.5,6.57,36.4,32.2,17.2
2026-04-17 06:14:49,0.0,87.2,102.1,7.35,35.9,42.6,17.3
2026-04-17 06:14:50,0.0,87.8,100.1,7.47,34.8,36.7,17.2
2026-04-17 06:14:50,0.0,86.8,109.7,6.04,36.4,35.8,17.2
2026-04-17 06:14:50,0.0,83.6,96.4,7.69,35.3,38.5,17.2
2026-04-17 06:14:50,0.0,87.1,103.0,7.32,35.3,44.6,17.3
2026-04-17 06:14:50,0.0,84.6,98.2,7.52,35.9,36.0,17.2
2026-04-17 06:14:50,0.0,100.9,113.6,6.77,36.4,38.9,17.2
2026-04-17 06:14:50,0.0,86.8,109.4,6.57,35.3,33.3,17.2
2026-04-17 06:14:51,0.0,95.7,108.7,7.02,36.4,38.2,17.2
2026-04-17 06:14:51,0.0,94.7,117.8,6.04,35.9,33.8,17.2
2026-04-17 06:14:51,0.0,89.6,112.5,6.19,34.8,33.8,17.3
2026-04-17 06:14:51,0.0,87.3,109.2,6.08,36.4,35.4,17.3
2026-04-17 06:14:51,0.0,90.2,102.8,7.32,35.3,41.8,17.3
2026-04-17 06:14:51,0.0,86.5,109.7,6.16,35.9,35.4,17.3
2026-04-17 06:14:51,0.0,86.6,99.6,7.51,36.4,35.3,17.3
2026-04-17 06:14:52,0.0,109.0,121.2,6.42,35.9,49.2,17.3
2026-04-17 06:14:52,0.0,102.6,124.5,6.25,35.9,35.9,17.3
2026-04-17 06:14:52,0.0,89.9,107.1,6.49,35.9,40.6,17.3
2026-04-17 06:14:52,0.0,92.6,115.7,5.91,34.8,33.8,17.3
2026-04-17 06:14:52,0.0,99.3,122.4,5.77,36.4,33.3,17.3
2026-04-17 06:14:52,0.0,86.4,109.5,6.51,35.3,37.5,17.3
2026-04-17 06:14:53,0.0,88.9,102.1,7.36,34.8,41.5,17.3
2026-04-17 06:14:53,0.0,86.2,109.3,6.1,36.4,37.7,17.3
2026-04-17 06:14:53,0.0,86.8,100.0,7.39,34.2,40.0,17.3
2026-04-17 06:14:53,0.0,99.0,125.9,5.52,35.9,35.6,17.4
2026-04-17 06:14:53,0.0,86.0,108.9,6.68,36.4,36.1,17.3
2026-04-17 06:14:53,0.0,92.7,116.2,5.75,36.4,31.8,17.3
2026-04-17 06:14:54,0.0,97.8,120.8,5.84,35.9,38.0,17.3
2026-04-17 06:14:54,0.0,86.6,110.0,6.41,35.3,38.5,17.3
2026-04-17 06:14:54,0.0,88.5,101.0,7.42,36.4,41.5,17.3
2026-04-17 06:14:54,0.0,93.6,104.1,7.22,36.4,42.9,17.3
2026-04-17 06:14:54,0.0,87.0,109.9,6.26,35.3,36.4,17.3
2026-04-17 06:14:54,0.0,102.0,114.5,6.74,34.8,38.2,17.3
2026-04-17 06:14:54,0.0,99.3,122.3,6.03,34.8,33.3,17.3
2026-04-17 06:14:55,0.0,83.7,106.8,6.7,34.8,33.3,17.3
2026-04-17 06:14:55,0.0,85.1,99.9,7.44,36.4,39.2,17.3
2026-04-17 06:14:55,0.0,87.3,101.9,7.38,35.9,45.8,17.3
2026-04-17 06:14:55,0.0,112.8,135.9,5.19,35.9,32.9,17.3
2026-04-17 06:14:55,0.0,86.6,106.5,7.14,36.4,36.8,17.3
2026-04-17 06:14:55,0.0,93.3,106.4,7.14,36.4,41.1,17.3
2026-04-17 06:14:56,0.0,95.9,119.2,5.9,35.9,37.1,17.3
2026-04-17 06:14:56,0.0,85.5,108.5,6.42,35.9,34.9,17.3
2026-04-17 06:14:56,0.0,107.3,121.3,6.45,35.3,41.9,17.3
2026-04-17 06:14:56,0.0,86.4,108.8,6.85,37.0,39.3,17.3
2026-04-17 06:14:56,0.0,92.6,105.1,7.17,36.4,40.0,17.3
2026-04-17 06:14:56,0.0,91.7,114.5,6.04,36.4,31.7,17.3
2026-04-17 06:14:56,0.0,84.7,107.8,6.26,36.4,31.7,17.3
2026-04-17 06:14:57,0.0,101.5,115.3,6.67,37.0,44.1,17.4
2026-04-17 06:14:57,0.0,87.6,110.1,6.54,35.9,38.1,17.4
2026-04-17 06:14:57,0.0,83.6,93.9,7.75,35.9,38.0,17.5
2026-04-17 06:14:57,0.0,85.6,101.7,7.39,35.9,42.6,17.5
2026-04-17 06:14:57,0.0,90.6,104.8,7.23,35.9,37.7,17.6
2026-04-17 06:14:57,0.0,84.6,111.2,6.03,36.4,32.3,17.6
2026-04-17 06:14:57,0.0,89.9,112.7,6.0,35.9,31.3,17.6
2026-04-17 06:14:58,0.0,89.4,111.9,6.02,35.9,39.1,17.7
2026-04-17 06:14:58,0.0,84.6,107.5,6.18,36.4,31.7,17.7
2026-04-17 06:14:58,0.0,90.7,104.2,7.17,35.3,40.0,17.8
2026-04-17 06:14:58,0.0,87.5,110.4,6.12,37.0,32.8,17.7
2026-04-17 06:14:58,0.0,85.0,97.0,7.64,37.5,42.6,17.7
2026-04-17 06:14:58,0.0,89.0,101.7,7.29,35.9,39.6,17.7
2026-04-17 06:14:59,0.0,83.7,105.7,6.2,36.4,32.8,17.7
2026-04-17 06:14:59,0.0,109.6,125.6,6.28,35.9,43.9,17.7
2026-04-17 06:14:59,0.0,88.6,111.8,6.86,35.9,37.9,17.8
2026-04-17 06:14:59,0.0,107.3,130.2,5.41,35.9,38.2,17.8
2026-04-17 06:14:59,0.0,93.2,116.4,6.54,35.9,38.7,17.7
2026-04-17 06:14:59,0.0,83.9,106.9,6.37,35.9,33.9,17.7
2026-04-17 06:14:59,0.0,84.8,99.5,7.45,36.4,36.5,17.7
2026-04-17 06:15:00,0.0,86.5,101.3,7.42,37.0,44.6,17.7
2026-04-17 06:15:00,0.0,96.4,107.6,6.98,36.4,41.4,17.7
2026-04-17 06:15:00,0.0,91.5,114.6,6.19,35.9,33.3,17.8
2026-04-17 06:15:00,0.0,83.6,106.7,6.29,36.4,36.9,17.8
2026-04-17 06:15:00,0.0,86.9,103.1,7.33,35.9,38.5,17.8
2026-04-17 06:15:00,0.0,85.8,97.0,7.55,36.4,39.2,17.8
2026-04-17 06:15:00,0.0,99.2,111.7,6.83,35.9,41.4,17.9
2026-04-17 06:15:01,0.0,83.3,106.5,6.63,35.9,36.1,17.9
2026-04-17 06:15:01,0.0,85.3,101.6,7.4,34.8,37.3,17.9
2026-04-17 06:15:01,0.0,91.6,106.1,7.16,35.9,39.3,17.9
2026-04-17 06:15:01,0.0,105.1,128.6,5.54,34.8,33.8,17.9
2026-04-17 06:15:01,0.0,100.5,123.0,6.19,35.9,35.4,17.8
2026-04-17 06:15:01,0.0,110.4,132.6,5.67,36.4,37.5,17.8
2026-04-17 06:15:02,0.0,114.7,137.3,5.8,35.9,34.9,17.7
2026-04-17 06:15:02,0.0,83.7,100.7,7.45,35.9,40.7,17.7
2026-04-17 06:15:02,0.0,96.7,112.6,6.84,34.8,40.7,17.7
2026-04-17 06:15:02,0.0,102.0,125.2,5.8,36.4,35.3,17.7
2026-04-17 06:15:02,0.0,88.4,111.3,6.56,35.9,35.9,17.6
2026-04-17 06:15:02,0.0,85.2,112.9,5.94,36.4,31.3,17.6
2026-04-17 06:15:03,0.0,87.1,110.1,6.11,35.3,32.3,17.6
2026-04-17 06:15:03,0.0,90.9,103.2,7.29,35.9,41.5,17.6
2026-04-17 06:15:03,0.0,85.6,113.3,6.03,36.4,33.3,17.7
2026-04-17 06:15:03,0.0,89.1,112.1,6.05,35.3,29.0,17.7
2026-04-17 06:15:03,0.0,89.4,112.8,5.98,35.3,33.3,17.7
2026-04-17 06:15:03,0.0,86.5,108.1,6.11,35.9,32.8,17.7
2026-04-17 06:15:03,0.0,87.7,100.1,7.44,35.9,41.5,17.7
2026-04-17 06:15:04,0.0,89.5,101.2,7.42,35.9,39.2,17.7
2026-04-17 06:15:04,0.0,103.8,125.7,5.52,34.8,37.5,17.7
2026-04-17 06:15:04,0.0,84.6,107.6,6.79,35.3,34.5,17.7
2026-04-17 06:15:04,0.0,88.1,103.5,7.31,35.9,41.8,17.7
2026-04-17 06:15:04,0.0,88.0,111.1,6.01,35.9,36.8,17.6
2026-04-17 06:15:04,0.0,85.0,96.5,7.66,35.9,37.3,17.6
2026-04-17 06:15:04,0.0,86.7,101.0,7.42,35.9,41.5,17.7
2026-04-17 06:15:05,0.0,85.4,98.3,7.58,35.9,41.8,17.7
2026-04-17 06:15:05,0.0,87.5,103.4,7.3,35.3,36.0,17.7
2026-04-17 06:15:05,0.0,90.8,113.7,5.94,36.4,33.8,17.7
2026-04-17 06:15:05,0.0,87.8,110.9,6.11,35.9,33.8,17.7
2026-04-17 06:15:05,0.0,82.9,106.0,6.19,35.3,31.1,17.7
2026-04-17 06:15:05,0.0,95.6,110.3,6.86,35.3,38.6,17.7
2026-04-17 06:15:06,0.0,94.2,117.5,6.04,35.3,36.2,17.7
2026-04-17 06:15:06,0.0,91.5,112.9,6.11,35.9,36.8,17.7
2026-04-17 06:15:06,0.0,85.4,108.4,6.23,37.0,31.1,17.7
2026-04-17 06:15:06,0.0,93.3,107.8,7.08,36.4,42.9,17.7
2026-04-17 06:15:06,0.0,86.1,109.8,6.19,34.8,34.8,17.6
2026-04-17 06:15:06,0.0,84.8,108.1,6.12,35.3,31.7,17.6
2026-04-17 06:15:06,0.0,89.0,103.4,7.3,34.8,43.1,17.5
2026-04-17 06:15:07,0.0,106.4,129.5,5.43,35.3,37.3,17.5
2026-04-17 06:15:07,0.0,85.1,108.2,6.88,35.9,33.3,17.5
2026-04-17 06:15:07,0.0,94.7,109.5,7.0,36.4,38.2,17.5
2026-04-17 06:15:07,0.0,86.5,113.9,6.15,36.4,35.9,17.5
2026-04-17 06:15:07,0.0,87.1,110.0,6.15,35.3,32.3,17.5
2026-04-17 06:15:07,0.0,106.3,115.9,6.55,35.3,41.7,17.5
2026-04-17 06:15:08,0.0,101.1,123.6,6.19,35.9,36.9,17.5
2026-04-17 06:15:08,0.0,102.1,125.3,5.96,36.4,39.1,17.5
2026-04-17 06:15:08,0.0,102.2,129.7,5.85,35.3,33.3,17.5
2026-04-17 06:15:08,0.0,95.4,118.4,6.44,34.8,38.7,17.5
2026-04-17 06:15:08,0.0,87.9,110.4,6.28,36.4,34.4,17.4
2026-04-17 06:15:08,0.0,95.2,106.8,7.12,35.9,38.2,17.5
2026-04-17 06:15:09,0.0,104.2,127.2,5.69,35.9,36.6,17.5
2026-04-17 06:15:09,0.0,100.6,123.5,6.13,36.4,33.3,17.5
2026-04-17 06:15:09,0.0,94.8,118.6,6.2,36.4,40.0,17.5
2026-04-17 06:15:09,0.0,87.6,110.7,6.31,35.3,31.7,17.5
2026-04-17 06:15:09,0.0,89.8,101.8,7.38,35.9,42.9,17.4
2026-04-17 06:15:09,0.0,89.3,112.7,6.0,35.9,36.2,17.4
2026-04-17 06:15:10,0.0,83.3,106.3,6.25,34.8,34.8,17.4
2026-04-17 06:15:10,0.0,94.7,111.1,6.91,35.9,35.8,17.4
2026-04-17 06:15:10,0.0,87.5,110.5,6.27,35.3,36.4,17.4
2026-04-17 06:15:10,0.0,84.0,96.6,7.66,35.9,41.2,17.4
2026-04-17 06:15:10,0.0,114.5,129.6,6.13,35.9,42.6,17.4
2026-04-17 06:15:10,0.0,89.6,108.6,7.04,35.9,41.4,17.4
2026-04-17 06:15:10,0.0,86.9,110.3,6.09,35.9,32.3,17.4
2026-04-17 06:15:11,0.0,84.3,96.5,7.68,35.9,35.4,17.4
2026-04-17 06:15:11,0.0,91.1,108.7,7.03,36.4,42.4,17.4
2026-04-17 06:15:11,0.0,84.8,106.8,6.3,35.3,28.8,17.4
2026-04-17 06:15:11,0.0,85.9,99.8,7.47,35.3,38.5,17.4
2026-04-17 06:15:11,0.0,85.4,98.5,7.51,35.9,45.5,17.4
2026-04-17 06:15:11,0.0,99.8,113.9,6.79,35.9,37.5,17.4
2026-04-17 06:15:11,0.0,88.0,111.0,6.46,35.3,34.4,17.4
2026-04-17 06:15:12,0.0,103.1,115.7,6.71,35.3,43.1,17.4
2026-04-17 06:15:12,0.0,101.2,124.1,6.09,35.9,37.9,17.4
2026-04-17 06:15:12,0.0,232.7,254.8,3.28,37.0,82.8,17.4
2026-04-17 06:15:12,0.0,97.6,120.7,6.34,36.4,44.3,17.3
2026-04-17 06:15:12,0.0,95.7,118.6,6.05,37.0,46.2,17.3
2026-04-17 06:15:13,0.0,92.4,115.7,6.13,37.0,36.9,17.3
2026-04-17 06:15:13,0.0,86.4,109.2,6.22,37.0,36.5,17.3
2026-04-17 06:15:13,0.0,84.3,97.0,7.65,36.4,41.5,17.3
2026-04-17 06:15:13,0.0,107.2,122.6,6.41,34.8,41.3,17.2
2026-04-17 06:15:13,0.0,96.5,119.8,6.39,36.4,38.7,17.2
2026-04-17 06:15:13,0.0,86.5,111.1,6.33,35.9,32.3,17.2
2026-04-17 06:15:13,0.0,87.2,110.4,6.04,35.3,36.2,17.2
2026-04-17 06:15:14,0.0,114.0,126.2,6.25,36.4,35.5,17.2
2026-04-17 06:15:14,0.0,87.0,106.0,7.16,37.0,41.1,17.2
2026-04-17 06:15:14,0.0,90.3,102.6,7.34,36.4,44.4,17.2
2026-04-17 06:15:14,0.0,88.0,111.8,6.05,35.9,30.2,17.2
2026-04-17 06:15:14,0.0,104.3,127.2,5.5,35.3,35.6,17.2
2026-04-17 06:15:14,0.0,85.1,107.5,6.78,35.3,30.9,17.2
2026-04-17 06:15:15,0.0,94.0,108.9,7.02,36.4,42.1,17.2
2026-04-17 06:15:15,0.0,89.3,112.6,6.17,35.9,32.8,17.2
2026-04-17 06:15:15,0.0,88.2,110.9,6.06,35.9,33.8,17.3
2026-04-17 06:15:15,0.0,84.5,96.3,7.7,36.4,39.2,17.3
2026-04-17 06:15:15,0.0,102.9,117.7,6.6,35.9,40.0,17.2
2026-04-17 06:15:15,0.0,85.9,107.8,6.68,36.4,36.7,17.2
2026-04-17 06:15:15,0.0,91.7,105.1,7.19,35.3,40.0,17.2
2026-04-17 06:15:16,0.0,85.5,108.3,6.23,35.9,34.8,17.2
2026-04-17 06:15:16,0.0,95.0,109.4,7.0,35.9,37.7,17.2
2026-04-17 06:15:16,0.0,88.0,111.3,6.27,36.4,35.9,17.2
2026-04-17 06:15:16,0.0,86.8,98.0,7.58,34.8,37.3,17.2
2026-04-17 06:15:16,0.0,98.3,111.3,6.89,35.9,44.1,17.2
2026-04-17 06:15:16,0.0,106.0,129.1,5.75,35.9,32.3,17.2
2026-04-17 06:15:16,0.0,87.5,110.7,6.75,35.9,35.1,17.2
2026-04-17 06:15:17,0.0,103.2,115.4,6.72,35.9,43.1,17.2
2026-04-17 06:15:17,0.0,86.6,109.7,6.66,35.9,39.3,17.2
2026-04-17 06:15:17,0.0,84.9,96.5,7.59,35.9,38.0,17.2
2026-04-17 06:15:17,0.0,86.8,101.1,7.42,36.4,44.8,17.2
2026-04-17 06:15:17,0.0,86.0,98.5,7.54,36.4,42.6,17.2
2026-04-17 06:15:17,0.0,95.7,109.4,7.0,36.4,38.2,17.2
2026-04-17 06:15:17,0.0,88.6,111.6,6.27,34.8,33.3,17.2
2026-04-17 06:15:18,0.0,93.7,121.9,5.65,35.3,34.7,17.2
2026-04-17 06:15:18,0.0,85.6,108.8,6.52,36.4,34.4,17.3
2026-04-17 06:15:18,0.0,102.6,116.9,6.64,36.4,39.0,17.3
2026-04-17 06:15:18,0.0,90.8,112.8,6.47,35.9,36.1,17.3
2026-04-17 06:15:18,0.0,88.3,111.5,6.09,35.9,38.2,17.3
2026-04-17 06:15:18,0.0,89.6,112.7,5.96,35.9,31.3,17.3
2026-04-17 06:15:19,0.0,83.9,107.0,6.21,35.9,36.4,17.3
2026-04-17 06:15:19,0.0,87.6,103.7,7.27,34.2,36.0,17.3
2026-04-17 06:15:19,0.0,101.0,124.1,5.56,36.4,33.3,17.3
2026-04-17 06:15:19,0.0,100.4,124.5,5.99,37.5,38.8,17.3
2026-04-17 06:15:19,0.0,94.2,117.3,6.28,34.8,32.8,17.4
2026-04-17 06:15:19,0.0,85.5,108.4,6.34,35.9,39.4,17.4
2026-04-17 06:15:20,0.0,87.2,101.5,7.41,35.9,44.6,17.4
2026-04-17 06:15:20,0.0,87.3,110.1,5.99,35.9,36.2,17.4
2026-04-17 06:15:20,0.0,82.4,94.5,7.8,34.8,38.0,17.5
2026-04-17 06:15:20,0.0,86.0,103.4,7.3,36.4,39.2,17.5
2026-04-17 06:15:20,0.0,84.9,98.4,7.57,35.9,39.2,17.5
2026-04-17 06:15:20,0.0,93.4,104.9,7.04,36.4,40.0,17.6
2026-04-17 06:15:20,0.0,94.2,117.2,5.99,35.9,35.3,17.6
2026-04-17 06:15:21,0.0,100.8,121.2,5.77,35.9,30.3,17.6
2026-04-17 06:15:21,0.0,101.5,120.0,5.96,35.3,32.3,17.6
2026-04-17 06:15:21,0.0,86.8,110.0,6.51,35.3,33.9,17.6
2026-04-17 06:15:21,0.0,102.9,125.9,5.54,35.9,34.7,17.6
2026-04-17 06:15:21,0.0,87.9,110.9,6.59,35.3,38.1,17.6
2026-04-17 06:15:21,0.0,88.1,111.1,6.0,36.4,34.3,17.6
2026-04-17 06:15:22,0.0,104.8,127.8,5.46,36.4,38.4,17.6
2026-04-17 06:15:22,0.0,83.7,106.6,6.88,36.4,37.3,17.6
2026-04-17 06:15:22,0.0,87.1,103.6,7.3,35.9,39.6,17.6
2026-04-17 06:15:22,0.0,84.8,96.5,7.63,35.9,42.6,17.5
2026-04-17 06:15:22,0.0,113.0,127.5,6.2,35.9,39.7,17.5
2026-04-17 06:15:22,0.0,100.6,119.4,6.48,35.9,35.0,17.5
2026-04-17 06:15:22,0.0,84.1,106.7,6.65,34.8,36.7,17.4
2026-04-17 06:15:23,0.0,96.5,111.7,6.88,35.3,40.7,17.4
2026-04-17 06:15:23,0.0,92.2,115.0,6.16,35.9,32.3,17.4
2026-04-17 06:15:23,0.0,84.5,107.5,6.3,34.8,34.9,17.4
2026-04-17 06:15:23,0.0,84.9,99.4,7.48,37.0,41.1,17.4
2026-04-17 06:15:23,0.0,91.0,105.5,7.17,35.9,39.6,17.4
2026-04-17 06:15:23,0.0,108.0,131.0,5.45,35.9,31.0,17.4
2026-04-17 06:15:24,0.0,87.5,110.6,6.84,35.9,35.7,17.4
2026-04-17 06:15:24,0.0,85.4,97.7,7.62,35.9,38.0,17.4
2026-04-17 06:15:24,0.0,101.9,116.1,6.68,35.3,32.7,17.5
2026-04-17 06:15:24,0.0,97.1,120.3,6.17,34.8,38.8,17.5
2026-04-17 06:15:24,0.0,88.2,111.3,6.35,35.9,38.5,17.4
2026-04-17 06:15:24,0.0,95.1,118.2,5.76,35.9,31.3,17.4
2026-04-17 06:15:24,0.0,83.2,106.2,6.47,35.9,35.9,17.4
2026-04-17 06:15:25,0.0,89.7,106.3,7.16,35.3,32.7,17.4
2026-04-17 06:15:25,0.0,98.1,120.6,5.71,35.9,34.8,17.4
2026-04-17 06:15:25,0.0,94.2,117.3,6.14,36.4,34.8,17.4
2026-04-17 06:15:25,0.0,86.9,108.8,6.27,35.3,32.8,17.4
2026-04-17 06:15:25,0.0,85.0,97.4,7.63,35.3,40.4,17.4
2026-04-17 06:15:25,0.0,90.0,104.8,7.23,36.4,43.1,17.4
2026-04-17 06:15:26,0.0,88.8,111.5,6.04,37.0,38.6,17.4
2026-04-17 06:15:26,0.0,85.4,108.5,6.13,35.3,32.3,17.4
2026-04-17 06:15:26,0.0,83.9,99.5,7.52,36.4,40.7,17.4
2026-04-17 06:15:26,0.0,93.4,107.9,7.07,35.9,42.1,17.4
2026-04-17 06:15:26,0.0,102.8,125.8,5.67,36.4,32.8,17.4
2026-04-17 06:15:26,0.0,84.8,107.9,6.74,37.0,32.1,17.3
2026-04-17 06:15:26,0.0,90.4,105.3,7.2,37.5,37.7,17.3
2026-04-17 06:15:27,0.0,104.6,127.5,5.53,35.9,40.0,17.3
2026-04-17 06:15:27,0.0,101.4,124.2,6.12,36.4,38.8,17.3
2026-04-17 06:15:27,0.0,86.1,108.7,6.61,35.9,37.1,17.3
2026-04-17 06:15:27,0.0,84.5,101.8,7.39,37.0,42.9,17.3
2026-04-17 06:15:27,0.0,85.1,107.6,6.11,35.9,32.8,17.3
2026-04-17 06:15:27,0.0,90.6,105.2,7.21,35.9,43.1,17.3
2026-04-17 06:15:28,0.0,86.6,110.0,6.14,35.9,33.3,17.3
2026-04-17 06:15:28,0.0,90.0,102.8,7.3,36.4,43.9,17.3
2026-04-17 06:15:28,0.0,84.8,106.0,6.21,36.4,33.3,17.3
2026-04-17 06:15:28,0.0,86.5,101.7,7.39,37.0,41.1,17.3
2026-04-17 06:15:28,0.0,87.4,100.0,7.48,36.4,36.7,17.3
2026-04-17 06:15:28,0.0,93.3,105.2,7.18,35.9,41.8,17.3
2026-04-17 06:15:28,0.0,96.7,119.7,5.88,36.4,33.3,17.3
2026-04-17 06:15:29,0.0,88.1,111.2,6.33,36.4,36.9,17.3
2026-04-17 06:15:29,0.0,86.8,110.7,6.02,35.3,36.2,17.3
2026-04-17 06:15:29,0.0,87.7,100.3,7.43,36.4,39.2,17.4
2026-04-17 06:15:29,0.0,102.3,129.3,5.43,35.9,36.8,17.4
2026-04-17 06:15:29,0.0,89.3,112.4,6.69,34.8,38.3,17.5
2026-04-17 06:15:29,0.0,89.8,101.3,7.39,36.4,40.7,17.5
2026-04-17 06:15:30,0.0,90.9,114.3,6.01,35.9,36.8,17.5
2026-04-17 06:15:30,0.0,85.8,108.8,6.21,35.9,30.6,17.5
2026-04-17 06:15:30,0.0,83.9,97.3,7.61,35.3,41.2,17.5
2026-04-17 06:15:30,0.0,90.6,106.2,7.15,35.3,39.3,17.5
2026-04-17 06:15:30,0.0,94.7,116.6,5.85,35.9,33.8,17.4
2026-04-17 06:15:30,0.0,84.9,108.0,6.38,36.4,38.5,17.3
2026-04-17 06:15:30,0.0,88.5,103.3,7.31,36.4,40.7,17.3
2026-04-17 06:15:31,0.0,94.3,117.2,5.8,36.4,34.8,17.3
2026-04-17 06:15:31,0.0,85.3,108.3,6.34,35.3,34.4,17.3
2026-04-17 06:15:31,0.0,85.6,99.9,7.49,35.9,40.4,17.4
2026-04-17 06:15:31,0.0,84.5,98.7,7.57,35.3,40.7,17.3
2026-04-17 06:15:31,0.0,85.7,108.5,5.96,36.4,34.8,17.3
2026-04-17 06:15:31,0.0,83.9,97.9,7.6,35.3,39.6,17.3
2026-04-17 06:15:31,0.0,101.1,116.8,6.65,35.9,39.0,17.3
2026-04-17 06:15:32,0.0,120.6,143.6,5.37,35.3,36.6,17.3
2026-04-17 06:15:32,0.0,83.0,95.1,7.75,36.4,31.9,17.3
2026-04-17 06:15:32,0.0,86.9,102.6,7.29,34.8,40.7,17.4
2026-04-17 06:15:32,0.0,82.6,95.2,7.76,36.4,36.7,17.4
2026-04-17 06:15:32,0.0,88.0,105.3,7.19,35.9,40.7,17.4
2026-04-17 06:15:32,0.0,83.3,106.3,6.19,36.4,31.7,17.5
2026-04-17 06:15:32,0.0,85.2,101.5,7.4,35.3,40.7,17.5
2026-04-17 06:15:33,0.0,107.9,123.6,6.37,36.4,42.2,17.5
2026-04-17 06:15:33,0.0,88.7,111.6,6.84,35.9,35.1,17.5
2026-04-17 06:15:33,0.0,97.5,120.4,5.7,35.9,37.0,17.6
2026-04-17 06:15:33,0.0,86.1,109.1,6.44,35.3,32.8,17.5
2026-04-17 06:15:33,0.0,101.0,114.3,6.75,35.3,39.3,17.5
2026-04-17 06:15:33,0.0,85.2,108.2,6.62,35.9,37.3,17.5
2026-04-17 06:15:34,0.0,83.1,96.0,7.6,35.9,36.5,17.5
2026-04-17 06:15:34,0.0,102.7,119.0,6.54,35.3,39.7,17.5
2026-04-17 06:15:34,0.0,87.0,110.1,6.65,35.9,36.5,17.5
2026-04-17 06:15:34,0.0,88.0,100.2,7.45,35.9,43.4,17.5
2026-04-17 06:15:34,0.0,86.5,109.0,6.06,34.8,35.3,17.4
2026-04-17 06:15:34,0.0,87.8,100.8,7.42,37.0,43.4,17.4
2026-04-17 06:15:34,0.0,85.7,108.8,6.09,36.4,30.2,17.4
2026-04-17 06:15:35,0.0,84.0,98.1,7.59,36.4,40.7,17.4
2026-04-17 06:15:35,0.0,90.1,105.7,7.19,36.4,36.5,17.4
2026-04-17 06:15:35,0.0,112.0,135.1,5.25,35.9,28.6,17.4
2026-04-17 06:15:35,0.0,86.4,105.9,7.18,37.0,34.0,17.4
2026-04-17 06:15:35,0.0,100.4,113.2,6.79,37.0,41.4,17.4
2026-04-17 06:15:35,0.0,94.7,117.6,6.22,36.4,33.3,17.5
2026-04-17 06:15:36,0.0,85.8,104.3,6.33,35.9,38.5,17.5
2026-04-17 06:15:36,0.0,84.4,98.4,7.58,36.4,42.6,17.6
2026-04-17 06:15:36,0.0,87.1,102.2,7.36,37.0,41.8,17.6
2026-04-17 06:15:36,0.0,86.3,98.5,7.56,36.4,41.5,17.6
2026-04-17 06:15:36,0.0,101.8,113.1,6.72,35.9,39.7,17.7
2026-04-17 06:15:36,0.0,94.7,117.7,6.27,35.3,32.3,17.7
2026-04-17 06:15:36,0.0,97.0,118.4,5.91,35.9,33.8,17.7
2026-04-17 06:15:37,0.0,90.7,113.7,6.25,36.4,32.8,17.7
2026-04-17 06:15:37,0.0,96.9,120.1,5.78,36.4,32.8,17.7
2026-04-17 06:15:37,0.0,114.6,137.7,5.43,35.9,33.8,17.7
2026-04-17 06:15:37,0.0,84.4,103.0,7.33,35.9,37.0,17.7
2026-04-17 06:15:37,0.0,88.5,103.8,7.28,35.9,41.8,17.7
2026-04-17 06:15:37,0.0,84.2,107.4,6.15,35.9,32.3,17.7
2026-04-17 06:15:37,0.0,83.9,99.1,7.54,35.9,40.0,17.7
2026-04-17 06:15:38,0.0,94.0,110.2,6.96,35.9,43.1,17.6
2026-04-17 06:15:38,0.0,87.4,110.3,6.25,35.9,32.3,17.6
2026-04-17 06:15:38,0.0,92.6,112.6,6.83,35.3,45.0,17.6
2026-04-17 06:15:38,0.0,96.5,119.7,6.15,35.3,31.1,17.6
2026-04-17 06:15:38,0.0,96.4,119.2,6.01,35.3,32.8,17.5
2026-04-17 06:15:38,0.0,90.2,115.6,6.15,36.4,33.3,17.5
2026-04-17 06:15:39,0.0,101.6,124.6,5.69,35.9,28.8,17.5
2026-04-17 06:15:39,0.0,94.1,117.4,6.28,35.9,36.5,17.5
2026-04-17 06:15:39,0.0,90.8,113.8,6.13,35.3,35.4,17.6
2026-04-17 06:15:39,0.0,88.4,111.5,6.04,35.3,36.2,17.6
2026-04-17 06:15:39,0.0,103.7,126.7,5.53,35.9,37.5,17.6
2026-04-17 06:15:39,0.0,84.6,106.3,6.8,35.3,35.7,17.6
2026-04-17 06:15:40,0.0,105.5,120.7,6.49,35.9,39.3,17.6
2026-04-17 06:15:40,0.0,87.5,110.1,6.73,36.4,40.3,17.5
2026-04-17 06:15:40,0.0,130.6,143.3,5.66,34.2,35.8,17.6
2026-04-17 06:15:40,0.0,92.1,113.5,6.22,35.9,36.4,17.6
2026-04-17 06:15:40,0.0,90.1,113.0,6.07,35.9,33.8,17.5
2026-04-17 06:15:40,0.0,103.8,126.3,5.55,35.9,30.4,17.6
2026-04-17 06:15:41,0.0,84.5,108.0,6.71,35.9,35.6,17.6
2026-04-17 06:15:41,0.0,101.1,115.0,6.73,35.3,41.4,17.6
2026-04-17 06:15:41,0.0,86.0,109.2,6.61,35.9,37.1,17.6
2026-04-17 06:15:41,0.0,99.6,123.0,5.54,36.4,36.5,17.6
2026-04-17 06:15:41,0.0,105.4,127.7,5.81,36.4,38.0,17.5
2026-04-17 06:15:41,0.0,105.8,129.1,5.97,36.4,32.3,17.6
2026-04-17 06:15:42,0.0,87.5,111.6,6.71,35.9,40.0,17.5
2026-04-17 06:15:42,0.0,84.7,107.2,6.13,35.3,31.7,17.5
2026-04-17 06:15:42,0.0,86.2,100.6,7.45,35.9,39.2,17.5
2026-04-17 06:15:42,0.0,88.1,101.7,7.37,36.4,41.8,17.5
2026-04-17 06:15:42,0.0,84.8,107.7,6.14,35.9,32.8,17.4
2026-04-17 06:15:42,0.0,87.8,102.8,7.35,35.9,41.8,17.4
2026-04-17 06:15:42,0.0,92.9,104.4,7.23,35.9,42.9,17.4
2026-04-17 06:15:43,0.0,88.1,111.3,6.17,36.4,32.3,17.4
2026-04-17 06:15:43,0.0,86.6,109.2,6.07,36.4,32.3,17.4
2026-04-17 06:15:43,0.0,83.9,95.4,7.66,35.9,45.5,17.4
2026-04-17 06:15:43,0.0,304.2,318.2,2.83,36.4,75.9,17.2
2026-04-17 06:15:43,0.0,96.2,120.1,6.26,37.0,46.9,17.2
2026-04-17 06:15:44,0.0,96.0,119.2,6.04,36.4,38.2,17.2
2026-04-17 06:15:44,0.0,87.3,110.0,6.27,35.9,31.1,17.2
2026-04-17 06:15:44,0.0,110.5,133.1,5.32,36.4,36.0,17.2
2026-04-17 06:15:44,0.0,114.3,137.3,5.85,34.2,35.4,17.2
2026-04-17 06:15:44,0.0,86.1,104.6,7.25,35.3,41.4,17.2
2026-04-17 06:15:44,0.0,101.3,114.6,6.74,36.4,40.4,17.3
2026-04-17 06:15:45,0.0,119.3,142.2,5.41,35.3,39.2,17.3
2026-04-17 06:15:45,0.0,87.5,100.7,7.44,35.3,40.0,17.3
2026-04-17 06:15:45,0.0,89.5,100.6,7.38,35.9,39.2,17.3
2026-04-17 06:15:45,0.0,86.3,110.0,6.1,35.3,32.8,17.4
2026-04-17 06:15:45,0.0,84.3,96.8,7.66,37.0,40.4,17.4
2026-04-17 06:15:45,0.0,86.4,103.1,7.32,35.9,38.2,17.4
2026-04-17 06:15:45,0.0,91.2,102.9,7.28,36.4,41.2,17.4
2026-04-17 06:15:46,0.0,88.8,111.8,6.11,35.9,37.3,17.4
2026-04-17 06:15:46,0.0,83.5,106.9,6.19,35.9,30.2,17.3
2026-04-17 06:15:46,0.0,84.1,98.3,7.46,36.4,47.5,17.3
2026-04-17 06:15:46,0.0,91.1,106.2,7.15,36.4,35.3,17.3
2026-04-17 06:15:46,0.0,84.3,107.3,6.26,35.3,31.7,17.3
2026-04-17 06:15:46,0.0,86.4,101.4,7.39,35.3,37.3,17.3
2026-04-17 06:15:46,0.0,105.7,118.9,6.54,35.9,39.0,17.3
2026-04-17 06:15:47,0.0,101.9,123.7,6.15,35.3,36.5,17.3
2026-04-17 06:15:47,0.0,88.8,111.6,6.51,35.9,37.7,17.4
2026-04-17 06:15:47,0.0,95.0,118.1,5.79,35.9,30.8,17.4
2026-04-17 06:15:47,0.0,86.8,109.9,6.32,34.8,34.4,17.4
2026-04-17 06:15:47,0.0,92.0,115.1,5.82,35.9,32.8,17.4
2026-04-17 06:15:47,0.0,93.3,115.6,5.91,36.4,33.8,17.4
2026-04-17 06:15:48,0.0,106.0,128.3,5.61,35.9,37.5,17.3
2026-04-17 06:15:48,0.0,108.0,131.2,5.94,36.4,32.8,17.3
2026-04-17 06:15:48,0.0,90.4,113.3,6.72,34.8,35.1,17.3
2026-04-17 06:15:48,0.0,90.6,113.7,6.0,35.3,34.3,17.3
2026-04-17 06:15:48,0.0,86.4,109.0,6.15,36.4,37.3,17.3
2026-04-17 06:15:48,0.0,84.8,98.0,7.59,36.4,40.4,17.3
2026-04-17 06:15:48,0.0,92.0,106.8,7.13,35.3,37.7,17.2
2026-04-17 06:15:49,0.0,84.1,107.3,6.3,35.9,36.4,17.2
2026-04-17 06:15:49,0.0,84.6,99.3,7.48,35.3,40.7,17.2
2026-04-17 06:15:49,0.0,103.4,118.8,6.57,35.3,39.3,17.2
2026-04-17 06:15:49,0.0,86.1,109.2,6.69,35.9,31.5,17.2
2026-04-17 06:15:49,0.0,85.1,98.4,7.57,35.9,41.8,17.2
2026-04-17 06:15:49,0.0,89.7,104.6,7.22,35.9,42.9,17.2
2026-04-17 06:15:50,0.0,91.3,112.8,5.96,35.3,40.3,17.2
2026-04-17 06:15:50,0.0,107.9,131.1,5.45,34.2,36.1,17.2
2026-04-17 06:15:50,0.0,96.0,117.8,6.49,35.3,39.7,17.2
2026-04-17 06:15:50,0.0,95.5,118.5,6.02,35.9,34.8,17.2
2026-04-17 06:15:50,0.0,84.6,107.0,6.42,35.9,35.5,17.2
2026-04-17 06:15:50,0.0,92.8,106.9,7.06,35.3,35.8,17.2
2026-04-17 06:15:50,0.0,87.9,111.1,6.19,35.9,35.9,17.2
2026-04-17 06:15:51,0.0,90.3,113.4,5.92,35.9,34.8,17.3
2026-04-17 06:15:51,0.0,86.8,111.1,6.09,35.3,33.8,17.3
2026-04-17 06:15:51,0.0,92.6,104.3,7.26,35.3,39.3,17.3
2026-04-17 06:15:51,0.0,115.4,138.3,5.27,35.9,32.4,17.4
2026-04-17 06:15:51,0.0,87.8,104.7,7.2,36.4,42.4,17.4
2026-04-17 06:15:51,0.0,87.4,110.4,6.02,34.8,33.3,17.4
2026-04-17 06:15:52,0.0,107.1,119.3,6.54,36.4,45.0,17.4
2026-04-17 06:15:52,0.0,103.5,126.3,6.14,35.9,39.4,17.4
2026-04-17 06:15:52,0.0,92.2,115.3,6.44,35.9,35.9,17.4
2026-04-17 06:15:52,0.0,87.0,115.8,5.98,36.4,31.2,17.4
2026-04-17 06:15:52,0.0,86.1,109.2,6.26,36.4,34.4,17.4
2026-04-17 06:15:52,0.0,94.5,108.0,7.04,35.3,42.1,17.4
2026-04-17 06:15:53,0.0,89.0,112.0,6.21,36.4,30.5,17.4
2026-04-17 06:15:53,0.0,86.1,109.0,6.11,34.8,32.3,17.4
2026-04-17 06:15:53,0.0,87.5,97.2,7.43,35.9,39.2,17.4
2026-04-17 06:15:53,0.0,88.0,100.2,7.48,36.4,41.5,17.4
2026-04-17 06:15:53,0.0,87.1,110.2,6.03,36.4,33.3,17.4
2026-04-17 06:15:53,0.0,87.8,100.2,7.46,35.9,41.5,17.4
2026-04-17 06:15:53,0.0,86.0,109.2,6.07,35.3,34.4,17.3
2026-04-17 06:15:54,0.0,86.2,99.9,7.5,35.9,38.9,17.3
2026-04-17 06:15:54,0.0,87.3,100.8,7.43,35.9,43.6,17.3
2026-04-17 06:15:54,0.0,102.9,114.7,6.72,35.9,40.4,17.3
2026-04-17 06:15:54,0.0,93.5,116.6,6.37,36.4,35.4,17.4
2026-04-17 06:15:54,0.0,93.0,116.0,6.02,35.9,37.3,17.3
2026-04-17 06:15:54,0.0,102.2,125.3,5.69,36.4,31.3,17.3
2026-04-17 06:15:55,0.0,89.2,112.2,6.51,35.9,40.0,17.3
2026-04-17 06:15:55,0.0,86.9,110.5,6.06,35.9,33.8,17.3
2026-04-17 06:15:55,0.0,87.6,99.8,7.5,35.3,42.6,17.3
2026-04-17 06:15:55,0.0,92.2,104.0,7.26,35.3,40.7,17.3
2026-04-17 06:15:55,0.0,128.1,150.6,4.93,35.9,34.6,17.3
2026-04-17 06:15:55,0.0,95.3,118.4,5.99,34.2,36.8,17.3
2026-04-17 06:15:55,0.0,86.5,109.6,6.34,36.4,29.3,17.4
2026-04-17 06:15:56,0.0,81.9,94.2,7.77,35.9,38.0,17.4
2026-04-17 06:15:56,0.0,86.9,102.7,7.24,35.3,41.8,17.4
2026-04-17 06:15:56,0.0,85.3,98.1,7.59,36.4,37.3,17.4
2026-04-17 06:15:56,0.0,89.4,101.6,7.28,35.9,41.5,17.5
2026-04-17 06:15:56,0.0,87.8,110.8,6.07,36.4,32.3,17.5
2026-04-17 06:15:56,0.0,85.0,97.1,7.65,35.3,39.2,17.4
2026-04-17 06:15:56,0.0,89.8,104.3,7.25,35.9,40.7,17.5
2026-04-17 06:15:57,0.0,104.3,115.5,6.71,36.4,44.8,17.4
2026-04-17 06:15:57,0.0,84.8,110.9,6.71,35.3,33.3,17.5
2026-04-17 06:15:57,0.0,96.0,111.9,6.88,34.8,40.7,17.5
2026-04-17 06:15:57,0.0,97.7,120.4,6.09,35.9,37.3,17.5
2026-04-17 06:15:57,0.0,90.4,113.3,6.28,35.3,34.9,17.5
2026-04-17 06:15:57,0.0,89.1,115.7,5.91,35.3,36.2,17.5
2026-04-17 06:15:58,0.0,101.2,124.2,5.72,35.9,36.1,17.5
2026-04-17 06:15:58,0.0,87.6,110.1,6.53,35.9,37.7,17.5
2026-04-17 06:15:58,0.0,109.3,121.2,6.46,35.3,40.3,17.5
2026-04-17 06:15:58,0.0,94.5,117.7,6.58,36.4,39.7,17.6
2026-04-17 06:15:58,0.0,85.1,108.5,6.35,35.9,33.9,17.5
2026-04-17 06:15:58,0.0,136.9,151.0,5.42,35.9,38.0,17.5
2026-04-17 06:15:59,0.0,105.1,128.1,5.94,36.4,35.8,17.5
2026-04-17 06:15:59,0.0,97.5,121.2,6.27,35.3,38.5,17.5
2026-04-17 06:15:59,0.0,97.9,121.1,6.01,35.3,32.8,17.5
2026-04-17 06:15:59,0.0,85.3,106.7,6.48,35.3,31.0,17.5
2026-04-17 06:15:59,0.0,104.1,118.3,6.57,35.9,40.7,17.4
2026-04-17 06:15:59,0.0,91.5,114.5,6.52,35.3,32.2,17.5
2026-04-17 06:15:59,0.0,100.6,122.2,5.65,36.4,35.2,17.5
2026-04-17 06:16:00,0.0,87.4,110.5,6.48,35.9,33.9,17.5
2026-04-17 06:16:00,0.0,96.9,117.8,5.73,35.3,38.4,17.5
2026-04-17 06:16:00,0.0,88.6,112.8,6.28,35.9,35.9,17.5
2026-04-17 06:16:00,0.0,88.8,111.8,6.04,34.2,33.3,17.5
2026-04-17 06:16:00,0.0,96.7,119.7,5.73,35.3,33.3,17.4
2026-04-17 06:16:00,0.0,87.0,110.1,6.37,34.8,36.5,17.4
2026-04-17 06:16:01,0.0,99.7,112.7,6.82,35.9,39.7,17.4
2026-04-17 06:16:01,0.0,86.0,109.0,6.57,35.3,35.0,17.4
2026-04-17 06:16:01,0.0,94.0,107.9,7.07,35.9,38.9,17.4
2026-04-17 06:16:01,0.0,97.9,126.4,5.68,35.3,34.3,17.4
2026-04-17 06:16:01,0.0,84.4,107.6,6.79,36.4,33.3,17.3
2026-04-17 06:16:01,0.0,111.2,127.5,6.21,36.4,39.7,17.4
2026-04-17 06:16:02,0.0,92.2,113.0,6.81,35.9,37.3,17.4
2026-04-17 06:16:02,0.0,93.4,119.3,5.87,34.8,35.8,17.4
2026-04-17 06:16:02,0.0,86.4,109.5,6.39,36.4,32.3,17.5
2026-04-17 06:16:02,0.0,92.5,106.9,7.11,35.3,38.9,17.5
2026-04-17 06:16:02,0.0,89.8,112.7,6.15,34.8,35.9,17.5
2026-04-17 06:16:02,0.0,85.2,108.6,6.16,35.3,33.8,17.5
2026-04-17 06:16:02,0.0,83.4,97.7,7.62,35.9,41.5,17.5
2026-04-17 06:16:03,0.0,90.0,106.3,7.15,35.9,39.6,17.5
2026-04-17 06:16:03,0.0,84.1,107.0,6.23,35.9,33.3,17.5
2026-04-17 06:16:03,0.0,89.8,105.7,7.18,36.4,40.4,17.5
2026-04-17 06:16:03,0.0,85.8,108.0,6.16,35.3,34.8,17.5
2026-04-17 06:16:03,0.0,86.0,99.6,7.49,35.3,43.6,17.5
2026-04-17 06:16:03,0.0,87.6,100.8,7.42,35.9,39.2,17.5
2026-04-17 06:16:03,0.0,97.1,109.0,7.0,37.0,43.3,17.5
2026-04-17 06:16:04,0.0,96.5,119.5,6.03,36.4,34.4,17.5
2026-04-17 06:16:04,0.0,84.5,107.7,6.38,36.4,30.0,17.6
2026-04-17 06:16:04,0.0,117.7,130.7,6.08,35.9,37.3,17.6
2026-04-17 06:16:04,0.0,86.4,102.0,7.39,35.3,39.3,17.6
2026-04-17 06:16:04,0.0,83.5,106.6,6.11,35.9,33.3,17.6
2026-04-17 06:16:04,0.0,88.0,103.9,7.26,36.4,41.5,17.7
2026-04-17 06:16:05,0.0,84.8,107.9,6.12,36.4,33.8,17.7
2026-04-17 06:16:05,0.0,89.1,102.7,7.27,36.4,40.0,17.7
2026-04-17 06:16:05,0.0,126.5,149.3,4.91,35.9,38.6,17.7
2026-04-17 06:16:05,0.0,86.3,108.3,6.25,35.9,32.8,17.7
2026-04-17 06:16:05,0.0,86.2,99.4,7.51,36.4,43.6,17.7
2026-04-17 06:16:05,0.0,84.8,98.1,7.59,35.3,41.5,17.6
2026-04-17 06:16:05,0.0,92.4,106.6,7.1,35.3,39.6,17.6
2026-04-17 06:16:06,0.0,84.1,107.3,6.31,35.9,34.4,17.6
2026-04-17 06:16:06,0.0,96.5,112.0,6.88,35.3,38.2,17.6
2026-04-17 06:16:06,0.0,97.2,120.4,5.96,34.8,36.8,17.6
2026-04-17 06:16:06,0.0,85.9,110.0,6.41,35.9,33.9,17.6
2026-04-17 06:16:06,0.0,86.9,99.2,7.51,36.4,44.4,17.6
2026-04-17 06:16:06,0.0,88.5,100.7,7.42,37.0,41.2,17.6
2026-04-17 06:16:07,0.0,84.1,107.3,6.16,35.9,33.8,17.6
2026-04-17 06:16:07,0.0,96.6,110.7,6.83,36.4,44.1,17.6
2026-04-17 06:16:07,0.0,85.7,108.6,6.45,37.5,33.3,17.6
2026-04-17 06:16:07,0.0,89.1,103.1,7.32,36.4,36.0,17.6
2026-04-17 06:16:07,0.0,88.2,111.4,6.03,35.9,35.8,17.5
2026-04-17 06:16:07,0.0,88.0,111.1,6.02,35.3,30.8,17.6
2026-04-17 06:16:07,0.0,86.6,109.7,6.05,35.3,33.8,17.6
2026-04-17 06:16:08,0.0,126.3,137.4,5.78,36.4,39.7,17.6
2026-04-17 06:16:08,0.0,88.1,111.1,6.19,35.9,32.8,17.6
2026-04-17 06:16:08,0.0,89.6,109.9,5.95,35.9,30.8,17.6
2026-04-17 06:16:08,0.0,84.4,107.1,6.19,35.9,34.4,17.6
2026-04-17 06:16:08,0.0,86.7,101.7,7.38,35.9,43.6,17.7
2026-04-17 06:16:08,0.0,88.4,100.8,7.41,35.3,48.2,17.7
2026-04-17 06:16:09,0.0,86.9,109.8,6.06,36.4,35.8,17.7
2026-04-17 06:16:09,0.0,83.3,96.2,7.7,35.3,38.0,17.7
2026-04-17 06:16:09,0.0,85.3,101.9,7.38,35.9,39.6,17.7
2026-04-17 06:16:09,0.0,85.8,99.7,7.49,36.4,44.6,17.7
2026-04-17 06:16:09,0.0,103.9,117.9,6.61,35.3,34.5,17.7
2026-04-17 06:16:09,0.0,84.4,107.6,6.79,34.8,36.2,17.6
2026-04-17 06:16:09,0.0,88.3,103.8,7.29,35.9,37.3,17.6
2026-04-17 06:16:10,0.0,86.8,109.3,6.06,35.9,35.8,17.6
2026-04-17 06:16:10,0.0,88.9,101.4,7.39,36.4,40.7,17.6
2026-04-17 06:16:10,0.0,85.7,108.8,6.12,36.4,36.4,17.6
2026-04-17 06:16:10,0.0,96.6,110.2,6.93,35.9,39.3,17.6
2026-04-17 06:16:10,0.0,85.7,108.7,6.43,35.9,36.5,17.5
2026-04-17 06:16:10,0.0,85.9,99.1,7.49,35.3,40.4,17.5
2026-04-17 06:16:10,0.0,87.3,102.1,7.37,35.9,43.6,17.6
2026-04-17 06:16:11,0.0,84.8,107.8,6.14,36.4,31.7,17.6
2026-04-17 06:16:11,0.0,91.8,106.4,7.12,35.9,40.0,17.6
2026-04-17 06:16:11,0.0,89.3,112.7,6.03,35.9,35.8,17.6
2026-04-17 06:16:11,0.0,85.6,108.7,6.21,34.8,32.8,17.6
2026-04-17 06:16:11,0.0,84.3,99.6,7.51,35.3,37.3,17.6
2026-04-17 06:16:11,0.0,93.3,105.1,7.09,37.0,40.0,17.6
2026-04-17 06:16:12,0.0,104.7,127.9,5.61,36.4,30.3,17.6
2026-04-17 06:16:12,0.0,108.5,129.7,5.86,36.4,41.2,17.6
2026-04-17 06:16:12,0.0,85.7,108.5,6.96,36.4,36.8,17.6
2026-04-17 06:16:12,0.0,107.2,121.1,6.46,37.0,41.9,17.6
2026-04-17 06:16:12,0.0,86.5,109.6,6.86,36.4,33.9,17.5
2026-04-17 06:16:12,0.0,101.0,112.3,6.75,35.3,42.6,17.5
2026-04-17 06:16:12,0.0,85.6,107.6,6.62,35.9,35.6,17.6
2026-04-17 06:16:13,0.0,110.2,124.1,6.34,35.3,43.9,17.6
2026-04-17 06:16:13,0.0,91.6,112.3,6.76,34.8,35.1,17.6
2026-04-17 06:16:13,0.0,88.1,111.2,6.13,36.4,37.3,17.6
2026-04-17 06:16:13,0.0,113.3,134.8,5.22,35.9,34.2,17.6
2026-04-17 06:16:13,0.0,85.5,105.0,7.2,35.9,35.8,17.6
2026-04-17 06:16:13,0.0,95.0,109.2,7.01,35.9,40.0,17.6
2026-04-17 06:16:14,0.0,84.2,108.0,6.38,35.9,30.5,17.6
2026-04-17 06:16:14,0.0,92.3,104.5,7.11,35.9,45.6,17.6
2026-04-17 06:16:14,0.0,188.5,207.1,3.8,37.5,90.4,17.3
2026-04-17 06:16:14,0.0,87.7,110.8,6.07,37.5,32.3,17.1
2026-04-17 06:16:14,0.0,88.3,100.5,7.47,37.5,36.0,17.0
2026-04-17 06:16:14,0.0,96.8,107.7,7.04,35.9,37.7,17.0
2026-04-17 06:16:15,0.0,87.5,110.2,6.37,36.4,36.5,17.0
2026-04-17 06:16:15,0.0,110.5,122.6,6.4,36.4,36.2,17.0
2026-04-17 06:16:15,0.0,92.8,115.9,6.7,36.4,37.9,17.0
2026-04-17 06:16:15,0.0,95.2,114.4,5.92,36.4,32.3,17.0
2026-04-17 06:16:15,0.0,85.0,107.4,6.41,34.8,33.3,17.0
2026-04-17 06:16:15,0.0,86.9,101.0,7.38,35.3,42.9,17.0
2026-04-17 06:16:15,0.0,94.9,107.2,7.1,35.9,42.1,17.0
2026-04-17 06:16:16,0.0,88.0,110.8,6.26,35.3,39.4,17.0
2026-04-17 06:16:16,0.0,83.8,95.6,7.75,35.9,39.2,17.0
2026-04-17 06:16:16,0.0,85.3,101.4,7.4,36.4,34.7,17.0
2026-04-17 06:16:16,0.0,103.6,117.7,6.61,35.9,39.0,17.0
2026-04-17 06:16:16,0.0,95.2,118.2,6.32,35.9,36.9,17.0
2026-04-17 06:16:16,0.0,105.2,128.2,5.66,35.3,33.3,17.1
2026-04-17 06:16:16,0.0,86.4,109.9,6.75,35.9,37.3,17.1
2026-04-17 06:16:17,0.0,109.4,121.0,6.41,35.9,44.3,17.1
2026-04-17 06:16:17,0.0,95.2,118.1,6.57,36.4,38.7,17.1
2026-04-17 06:16:17,0.0,84.0,107.0,6.44,35.3,34.9,17.1
2026-04-17 06:16:17,0.0,99.1,114.2,6.73,35.9,39.7,17.1
2026-04-17 06:16:17,0.0,89.4,112.2,6.38,36.4,36.5,17.1
2026-04-17 06:16:17,0.0,84.9,108.1,6.17,35.9,34.8,17.1
2026-04-17 06:16:18,0.0,93.7,108.1,7.04,36.4,41.4,17.1
2026-04-17 06:16:18,0.0,86.6,110.3,6.24,35.3,32.8,17.1
2026-04-17 06:16:18,0.0,85.2,97.5,7.63,35.9,41.5,17.1
2026-04-17 06:16:18,0.0,101.2,116.4,6.68,35.9,39.0,17.1
2026-04-17 06:16:18,0.0,85.0,108.0,6.67,35.9,32.8,17.0
2026-04-17 06:16:18,0.0,86.2,101.3,7.42,35.3,34.0,17.1
2026-04-17 06:16:18,0.0,95.6,109.4,7.0,35.3,42.1,17.0
2026-04-17 06:16:19,0.0,94.4,116.0,6.05,35.9,33.8,17.0
2026-04-17 06:16:19,0.0,84.2,106.9,6.4,34.8,35.9,17.0
2026-04-17 06:16:19,0.0,92.8,108.3,7.04,35.9,39.3,17.0
2026-04-17 06:16:19,0.0,89.1,112.1,6.14,36.4,29.5,17.0
2026-04-17 06:16:19,0.0,85.6,108.8,6.13,35.9,32.3,17.0
2026-04-17 06:16:19,0.0,96.1,109.9,6.96,35.9,42.4,17.1
2026-04-17 06:16:20,0.0,103.1,126.6,5.75,36.4,37.1,17.1
2026-04-17 06:16:20,0.0,101.9,126.0,6.02,35.3,37.3,17.1
2026-04-17 06:16:20,0.0,90.8,113.9,6.46,35.9,36.5,17.1
2026-04-17 06:16:20,0.0,97.1,120.2,5.79,35.9,32.3,17.1
2026-04-17 06:16:20,0.0,120.8,141.0,5.25,34.8,37.3,17.1
2026-04-17 06:16:20,0.0,84.1,95.9,7.72,36.4,38.0,17.1
2026-04-17 06:16:20,0.0,88.5,105.7,7.19,34.8,43.1,17.1
2026-04-17 06:16:21,0.0,90.9,114.0,5.97,34.8,33.3,17.1
2026-04-17 06:16:21,0.0,86.1,108.1,6.18,37.0,34.4,17.1
2026-04-17 06:16:21,0.0,83.0,96.1,7.68,35.9,42.6,17.1
2026-04-17 06:16:21,0.0,89.3,105.9,7.18,35.3,45.9,17.2
2026-04-17 06:16:21,0.0,83.7,106.7,6.2,36.4,34.8,17.2
2026-04-17 06:16:21,0.0,82.8,100.3,7.47,36.4,37.3,17.3
2026-04-17 06:16:22,0.0,88.9,105.0,7.22,36.4,41.8,17.3
2026-04-17 06:16:22,0.0,98.6,121.3,5.69,35.3,35.3,17.3
2026-04-17 06:16:22,0.0,93.8,117.0,6.13,36.4,34.8,17.3
2026-04-17 06:16:22,0.0,97.2,119.7,5.94,34.8,34.3,17.4
2026-04-17 06:16:22,0.0,86.6,109.7,6.41,36.4,34.4,17.4
2026-04-17 06:16:22,0.0,86.6,99.7,7.48,35.9,39.2,17.4
2026-04-17 06:16:22,0.0,105.2,117.0,6.61,36.4,41.7,17.3
2026-04-17 06:16:23,0.0,99.4,122.6,6.21,36.4,37.5,17.3
2026-04-17 06:16:23,0.0,85.1,108.2,6.57,35.3,33.9,17.3
2026-04-17 06:16:23,0.0,87.1,101.7,7.4,36.4,39.6,17.3
2026-04-17 06:16:23,0.0,86.4,98.4,7.54,35.3,43.6,17.3
2026-04-17 06:16:23,0.0,91.2,103.1,7.24,35.9,42.9,17.2
2026-04-17 06:16:23,0.0,93.6,113.8,5.92,36.4,31.8,17.2
2026-04-17 06:16:24,0.0,87.9,108.7,6.21,35.3,34.9,17.2
2026-04-17 06:16:24,0.0,110.4,132.9,5.29,35.9,35.1,17.2
2026-04-17 06:16:24,0.0,88.3,110.0,6.92,35.3,39.3,17.2
2026-04-17 06:16:24,0.0,86.6,109.6,6.07,35.9,36.8,17.1
2026-04-17 06:16:24,0.0,87.0,100.9,7.43,37.5,39.6,17.1
2026-04-17 06:16:24,0.0,87.7,97.9,7.51,36.4,41.8,17.1
2026-04-17 06:16:24,0.0,87.8,97.8,7.51,36.4,42.3,17.1
2026-04-17 06:16:25,0.0,93.9,105.6,7.17,35.9,40.7,17.1
2026-04-17 06:16:25,0.0,89.4,112.4,6.1,35.9,37.3,17.1
2026-04-17 06:16:25,0.0,85.1,108.1,6.24,35.9,30.6,17.1
2026-04-17 06:16:25,0.0,107.6,122.3,6.42,35.3,37.3,17.1
2026-04-17 06:16:25,0.0,93.4,116.6,6.56,35.9,38.3,17.1
2026-04-17 06:16:25,0.0,87.7,110.6,6.22,36.4,35.9,17.1
2026-04-17 06:16:25,0.0,88.4,100.3,7.47,36.4,35.4,17.1
2026-04-17 06:16:26,0.0,87.7,110.9,6.02,35.9,32.3,17.1
2026-04-17 06:16:26,0.0,107.0,118.7,6.56,35.9,41.9,17.2
2026-04-17 06:16:26,0.0,87.8,110.6,6.79,35.3,36.8,17.2
2026-04-17 06:16:26,0.0,91.7,103.6,7.29,36.4,37.7,17.2
2026-04-17 06:16:26,0.0,94.0,117.1,5.91,36.4,33.3,17.3
2026-04-17 06:16:26,0.0,105.0,128.2,5.64,35.9,37.3,17.3
2026-04-17 06:16:27,0.0,97.0,120.0,6.31,34.8,36.2,17.3
2026-04-17 06:16:27,0.0,92.7,115.3,6.17,36.4,35.4,17.3
2026-04-17 06:16:27,0.0,84.0,107.0,6.33,36.4,38.8,17.3
2026-04-17 06:16:27,0.0,85.4,101.4,7.42,35.9,40.4,17.3
2026-04-17 06:16:27,0.0,84.9,99.3,7.53,35.3,39.2,17.4
2026-04-17 06:16:27,0.0,89.5,104.5,7.24,35.3,41.1,17.4
2026-04-17 06:16:28,0.0,112.7,135.7,5.27,35.3,35.5,17.4
2026-04-17 06:16:28,0.0,95.1,116.7,6.66,36.4,41.3,17.4
2026-04-17 06:16:28,0.0,87.3,113.4,6.22,35.9,31.7,17.4
2026-04-17 06:16:28,0.0,83.1,105.4,6.28,35.3,33.8,17.4
2026-04-17 06:16:28,0.0,87.7,104.1,7.26,36.4,36.0,17.4
2026-04-17 06:16:28,0.0,97.1,118.8,5.68,36.4,38.9,17.4
2026-04-17 06:16:28,0.0,92.2,115.3,6.19,34.8,31.1,17.4
2026-04-17 06:16:29,0.0,85.5,108.0,6.25,35.3,36.9,17.4
2026-04-17 06:16:29,0.0,85.9,100.6,7.4,35.9,38.5,17.4
2026-04-17 06:16:29,0.0,100.0,112.0,6.85,35.3,43.3,17.4
2026-04-17 06:16:29,0.0,85.1,108.3,6.51,34.8,34.4,17.4
2026-04-17 06:16:29,0.0,85.8,97.9,7.58,35.3,41.5,17.4
2026-04-17 06:16:29,0.0,87.0,100.8,7.43,35.3,41.5,17.4
2026-04-17 06:16:29,0.0,96.1,108.6,7.03,36.4,42.1,17.4
2026-04-17 06:16:30,0.0,87.9,111.1,6.31,35.9,33.3,17.4
2026-04-17 06:16:30,0.0,89.7,112.7,5.95,35.9,33.8,17.4
2026-04-17 06:16:30,0.0,91.5,114.8,5.92,35.9,32.3,17.4
2026-04-17 06:16:30,0.0,83.2,106.2,6.33,36.4,32.3,17.5
2026-04-17 06:16:30,0.0,108.2,126.6,6.24,35.9,43.1,17.5
2026-04-17 06:16:30,0.0,84.3,105.5,7.11,36.4,29.4,17.4
2026-04-17 06:16:31,0.0,102.9,116.2,6.58,35.3,36.8,17.4
2026-04-17 06:16:31,0.0,93.7,116.7,6.36,36.4,35.5,17.4
2026-04-17 06:16:31,0.0,104.8,127.0,5.62,35.9,33.3,17.4
2026-04-17 06:16:31,0.0,99.1,121.7,6.21,37.0,38.1,17.4
2026-04-17 06:16:31,0.0,92.5,115.8,6.25,35.3,34.9,17.5
2026-04-17 06:16:31,0.0,88.2,111.2,6.16,35.9,32.3,17.4
2026-04-17 06:16:32,0.0,108.7,131.5,5.34,35.3,40.0,17.4
2026-04-17 06:16:32,0.0,94.0,118.0,6.55,35.9,32.8,17.4
2026-04-17 06:16:32,0.0,96.4,120.5,5.86,35.3,38.2,17.5
2026-04-17 06:16:32,0.0,84.4,107.4,6.58,35.9,32.2,17.5
2026-04-17 06:16:32,0.0,91.5,106.8,7.12,35.9,43.1,17.5
2026-04-17 06:16:32,0.0,89.2,112.0,6.08,35.9,28.3,17.5
2026-04-17 06:16:33,0.0,113.6,136.7,5.23,36.4,36.4,17.5
2026-04-17 06:16:33,0.0,90.7,109.9,6.96,35.3,40.4,17.5
2026-04-17 06:16:33,0.0,83.9,107.6,6.24,35.3,35.4,17.5
2026-04-17 06:16:33,0.0,92.3,108.0,7.07,35.3,44.1,17.5
2026-04-17 06:16:33,0.0,96.0,118.4,5.88,37.0,31.2,17.5
2026-04-17 06:16:33,0.0,107.9,131.3,5.59,35.9,32.4,17.5
2026-04-17 06:16:34,0.0,114.2,137.1,5.8,35.3,36.9,17.4
2026-04-17 06:16:34,0.0,85.1,104.6,7.24,35.9,37.0,17.5
2026-04-17 06:16:34,0.0,96.4,110.1,6.9,37.5,40.4,17.5
2026-04-17 06:16:34,0.0,99.1,122.0,5.94,35.9,33.8,17.5
2026-04-17 06:16:34,0.0,108.6,131.6,5.68,35.9,37.8,17.5
2026-04-17 06:16:34,0.0,90.1,113.0,6.75,34.8,35.1,17.5
2026-04-17 06:16:34,0.0,84.7,108.2,6.18,34.8,32.8,17.5
2026-04-17 06:16:35,0.0,90.0,104.4,7.25,36.4,36.7,17.5
2026-04-17 06:16:35,0.0,84.5,107.3,6.21,35.9,34.8,17.4
2026-04-17 06:16:35,0.0,82.9,98.4,7.58,34.8,38.0,17.5
2026-04-17 06:16:35,0.0,90.4,108.6,7.03,35.3,37.0,17.4
2026-04-17 06:16:35,0.0,92.8,115.2,5.97,35.3,33.3,17.4
2026-04-17 06:16:35,0.0,91.5,114.5,6.06,34.8,31.7,17.4
2026-04-17 06:16:36,0.0,120.0,141.7,5.12,35.9,33.3,17.4
2026-04-17 06:16:36,0.0,84.9,107.9,6.07,35.9,36.8,17.4
2026-04-17 06:16:36,0.0,93.8,107.4,7.03,34.2,39.7,17.4
2026-04-17 06:16:36,0.0,104.8,127.9,5.63,34.8,38.6,17.4
2026-04-17 06:16:36,0.0,106.8,129.7,5.93,35.3,37.7,17.4
2026-04-17 06:16:36,0.0,89.9,112.5,6.68,35.3,41.7,17.4
2026-04-17 06:16:37,0.0,85.4,108.5,6.17,36.4,33.3,17.4
2026-04-17 06:16:37,0.0,100.1,114.6,6.75,35.9,46.6,17.5
2026-04-17 06:16:37,0.0,87.1,109.7,6.51,35.3,40.0,17.5
2026-04-17 06:16:37,0.0,89.5,101.6,7.39,34.8,42.6,17.5
2026-04-17 06:16:37,0.0,85.6,108.7,6.14,35.9,30.2,17.5
2026-04-17 06:16:37,0.0,95.7,110.0,6.96,35.3,44.3,17.5
2026-04-17 06:16:37,0.0,87.1,110.3,6.33,35.3,34.4,17.5
2026-04-17 06:16:38,0.0,90.1,102.4,7.34,36.4,40.7,17.5
2026-04-17 06:16:38,0.0,107.6,130.6,5.43,35.3,32.9,17.5
2026-04-17 06:16:38,0.0,85.6,108.7,6.92,35.3,37.3,17.5
2026-04-17 06:16:38,0.0,99.7,113.9,6.79,35.9,38.6,17.5
2026-04-17 06:16:38,0.0,92.2,114.2,6.23,35.3,34.9,17.5
2026-04-17 06:16:38,0.0,92.9,115.4,6.02,35.3,36.2,17.5
2026-04-17 06:16:39,0.0,84.9,107.9,6.31,37.5,34.9,17.5
2026-04-17 06:16:39,0.0,87.6,102.4,7.35,35.9,43.9,17.5
2026-04-17 06:16:39,0.0,85.4,108.7,6.08,36.4,33.3,17.5
2026-04-17 06:16:39,0.0,97.5,111.0,6.89,36.4,39.3,17.6
2026-04-17 06:16:39,0.0,88.1,111.2,6.36,35.9,31.1,17.6
2026-04-17 06:16:39,0.0,97.8,120.8,5.67,35.9,32.9,17.4
2026-04-17 06:16:39,0.0,99.8,123.0,5.93,36.4,32.8,17.4
2026-04-17 06:16:40,0.0,118.4,141.7,5.4,36.4,34.7,17.4
2026-04-17 06:16:40,0.0,101.9,116.2,6.67,36.4,37.9,17.4
2026-04-17 06:16:40,0.0,88.0,111.1,6.54,36.4,40.0,17.4
2026-04-17 06:16:40,0.0,119.4,131.1,6.07,36.4,39.4,17.4
2026-04-17 06:16:40,0.0,102.3,115.2,6.7,35.9,36.8,17.4
2026-04-17 06:16:40,0.0,83.7,106.7,6.75,36.4,35.6,17.5
2026-04-17 06:16:41,0.0,103.4,119.5,6.52,35.9,42.6,17.5
2026-04-17 06:16:41,0.0,87.2,110.4,6.65,36.4,39.3,17.4
2026-04-17 06:16:41,0.0,83.9,95.9,7.71,35.9,39.2,17.4
2026-04-17 06:16:41,0.0,88.1,104.1,7.27,36.4,45.9,17.4
2026-04-17 06:16:41,0.0,87.4,110.4,6.03,35.9,32.3,17.4
2026-04-17 06:16:41,0.0,83.1,95.3,7.75,35.3,39.2,17.4
2026-04-17 06:16:41,0.0,94.8,111.6,6.89,35.3,40.7,17.4
2026-04-17 06:16:42,0.0,105.5,127.9,5.65,35.9,40.0,17.5
2026-04-17 06:16:42,0.0,86.6,109.6,6.77,35.9,37.7,17.5
2026-04-17 06:16:42,0.0,107.8,121.2,6.46,35.9,39.3,17.5
2026-04-17 06:16:42,0.0,85.5,108.7,6.94,35.9,33.3,17.5
2026-04-17 06:16:42,0.0,108.5,122.5,6.4,35.9,35.1,17.5
2026-04-17 06:16:42,0.0,93.0,115.9,6.62,36.4,34.5,17.5
2026-04-17 06:16:43,0.0,93.4,116.6,5.98,35.3,33.8,17.5
2026-04-17 06:16:43,0.0,84.5,105.0,6.34,35.3,36.9,17.5
2026-04-17 06:16:43,0.0,104.8,120.0,6.51,36.4,37.9,17.5
2026-04-17 06:16:43,0.0,84.7,107.8,6.83,34.8,34.5,17.5
2026-04-17 06:16:43,0.0,84.4,99.4,7.52,36.4,38.5,17.5
2026-04-17 06:16:43,0.0,89.5,104.1,7.23,35.3,41.8,17.4
2026-04-17 06:16:43,0.0,90.8,113.8,5.96,34.8,33.3,17.4
2026-04-17 06:16:44,0.0,89.8,111.4,6.04,35.9,33.3,17.4
2026-04-17 06:16:44,0.0,95.4,118.2,5.81,35.9,33.8,17.4
2026-04-17 06:16:44,0.0,90.5,116.1,6.09,36.4,36.8,17.4
2026-04-17 06:16:44,0.0,83.6,106.7,6.28,34.8,32.8,17.3
2026-04-17 06:16:44,0.0,88.1,101.4,7.36,35.3,40.7,17.3
2026-04-17 06:16:44,0.0,88.0,111.1,6.01,37.0,35.3,17.3
2026-04-17 06:16:45,0.0,87.9,110.9,6.01,36.4,34.3,17.3
2026-04-17 06:16:45,0.0,85.6,97.0,7.63,35.9,41.2,17.3
2026-04-17 06:16:45,0.0,86.3,100.3,7.47,36.4,41.5,17.3
2026-04-17 06:16:45,0.0,84.9,96.0,7.58,35.9,37.3,17.3
2026-04-17 06:16:45,0.0,85.8,99.6,7.45,36.4,36.7,17.3
2026-04-17 06:16:45,0.0,83.7,97.6,7.63,35.9,39.6,17.3
2026-04-17 06:16:45,0.0,86.3,103.6,7.3,35.9,41.8,17.3
2026-04-17 06:16:45,0.0,82.9,95.2,7.75,36.4,34.7,17.3
2026-04-17 06:16:46,0.0,95.7,110.1,6.86,35.9,42.1,17.3
2026-04-17 06:16:46,0.0,85.5,108.4,6.39,36.4,34.9,17.3
2026-04-17 06:16:46,0.0,87.0,101.4,7.42,35.9,39.2,17.3
2026-04-17 06:16:46,0.0,86.5,99.0,7.53,35.9,40.4,17.3
2026-04-17 06:16:46,0.0,91.1,103.5,7.26,36.4,41.1,17.3
2026-04-17 06:16:46,0.0,93.3,116.1,5.92,35.9,33.3,17.3
2026-04-17 06:16:47,0.0,86.1,109.1,6.28,35.3,33.3,17.3
2026-04-17 06:16:47,0.0,100.1,113.4,6.77,35.9,44.1,17.3
2026-04-17 06:16:47,0.0,92.3,115.5,6.31,35.9,31.7,17.3
2026-04-17 06:16:47,0.0,93.6,115.8,5.91,36.4,31.3,17.3
2026-04-17 06:16:47,0.0,86.4,110.5,6.28,35.9,32.8,17.3
2026-04-17 06:16:47,0.0,83.0,94.6,7.76,36.4,40.0,17.3
2026-04-17 06:16:47,0.0,93.3,110.0,6.97,35.9,34.6,17.3
2026-04-17 06:16:48,0.0,93.0,116.0,6.02,34.8,35.8,17.3
2026-04-17 06:16:48,0.0,87.5,109.5,6.2,35.9,38.2,17.3
2026-04-17 06:16:48,0.0,84.7,98.9,7.55,35.3,43.6,17.3
2026-04-17 06:16:48,0.0,86.6,99.1,7.51,36.4,38.8,17.3
2026-04-17 06:16:48,0.0,84.2,97.1,7.65,35.9,41.8,17.3
2026-04-17 06:16:48,0.0,87.2,104.4,7.26,35.3,39.6,17.3
2026-04-17 06:16:48,0.0,86.4,110.6,6.03,35.3,36.8,17.3
2026-04-17 06:16:49,0.0,83.1,95.0,7.79,35.3,36.7,17.3
2026-04-17 06:16:49,0.0,84.6,102.0,7.36,35.9,36.7,17.3
2026-04-17 06:16:49,0.0,98.0,112.1,6.86,35.3,38.6,17.3
2026-04-17 06:16:49,0.0,98.4,121.4,5.99,36.4,33.8,17.3
2026-04-17 06:16:49,0.0,86.3,107.6,6.47,34.8,33.9,17.3
2026-04-17 06:16:49,0.0,90.5,103.0,7.26,36.4,41.1,17.3
2026-04-17 06:16:49,0.0,95.7,118.7,5.83,35.3,32.8,17.3
2026-04-17 06:16:50,0.0,91.6,113.7,6.14,36.4,37.3,17.3
2026-04-17 06:16:50,0.0,87.6,108.0,6.17,35.9,34.4,17.3
2026-04-17 06:16:50,0.0,102.7,114.6,6.74,35.9,38.6,17.3
2026-04-17 06:16:50,0.0,85.3,108.4,6.7,35.3,37.7,17.3
2026-04-17 06:16:50,0.0,95.1,109.1,6.99,35.9,40.0,17.3
2026-04-17 06:16:50,0.0,85.8,108.9,6.36,38.6,32.8,17.4
2026-04-17 06:16:51,0.0,83.1,97.0,7.65,37.0,37.3,17.4
2026-04-17 06:16:51,0.0,107.4,124.0,6.35,36.4,39.3,17.5
2026-04-17 06:16:51,0.0,86.6,110.3,6.83,35.9,36.4,17.5
2026-04-17 06:16:51,0.0,88.7,101.1,7.42,36.4,40.7,17.5
2026-04-17 06:16:51,0.0,96.4,119.4,5.73,35.9,35.2,17.6
2026-04-17 06:16:51,0.0,95.5,118.4,6.03,35.3,34.8,17.6
2026-04-17 06:16:51,0.0,84.0,106.4,6.45,35.3,36.5,17.6
2026-04-17 06:16:52,0.0,97.2,113.3,6.81,35.9,44.8,17.7
2026-04-17 06:16:52,0.0,94.6,117.7,6.11,35.3,30.6,17.7
2026-04-17 06:16:52,0.0,97.1,120.2,5.92,35.3,37.7,17.7
2026-04-17 06:16:52,0.0,92.5,115.1,6.17,35.9,35.4,17.7
2026-04-17 06:16:52,0.0,102.1,124.0,5.68,36.4,35.7,17.7
2026-04-17 06:16:52,0.0,90.1,113.1,6.47,36.4,33.3,17.7
2026-04-17 06:16:53,0.0,88.2,110.7,6.07,35.9,35.4,17.7
2026-04-17 06:16:53,0.0,91.7,102.4,7.32,34.8,41.5,17.7
2026-04-17 06:16:53,0.0,89.2,112.8,6.04,35.9,36.4,17.7
2026-04-17 06:16:53,0.0,99.1,121.0,5.71,35.9,37.1,17.6
2026-04-17 06:16:53,0.0,85.3,108.4,6.54,37.0,35.6,17.6
2026-04-17 06:16:53,0.0,85.1,100.5,7.46,35.9,44.6,17.6
2026-04-17 06:16:54,0.0,84.0,98.4,7.58,36.4,36.5,17.6
2026-04-17 06:16:54,0.0,93.4,107.5,7.04,35.9,42.4,17.6
2026-04-17 06:16:54,0.0,88.7,110.9,6.19,36.4,33.9,17.7
2026-04-17 06:16:54,0.0,87.6,110.6,6.03,35.9,34.8,17.7
2026-04-17 06:16:54,0.0,84.8,96.6,7.69,36.4,40.0,17.6
2026-04-17 06:16:54,0.0,90.2,107.4,7.1,34.8,41.1,17.6
2026-04-17 06:16:54,0.0,86.0,107.6,6.24,35.9,30.6,17.6
2026-04-17 06:16:55,0.0,96.3,110.0,6.96,35.3,37.5,17.6
2026-04-17 06:16:55,0.0,88.0,111.1,6.32,35.9,33.9,17.7
2026-04-17 06:16:55,0.0,94.1,117.8,5.77,35.9,33.8,17.7
2026-04-17 06:16:55,0.0,86.3,110.6,6.29,35.9,34.9,17.7
2026-04-17 06:16:55,0.0,86.4,97.0,7.57,35.9,39.2,17.7
2026-04-17 06:16:55,0.0,83.7,95.4,7.63,35.3,41.5,17.7
2026-04-17 06:16:55,0.0,86.1,100.6,7.39,35.9,39.6,17.8
2026-04-17 06:16:56,0.0,98.8,111.6,6.86,35.9,45.0,17.8
2026-04-17 06:16:56,0.0,87.7,110.6,6.42,35.3,35.5,17.8
2026-04-17 06:16:56,0.0,91.8,103.9,7.26,36.4,40.0,17.9
2026-04-17 06:16:56,0.0,91.1,114.1,6.03,36.4,33.8,17.9
2026-04-17 06:16:56,0.0,90.1,113.2,6.05,34.8,31.2,17.9
2026-04-17 06:16:56,0.0,88.0,111.0,6.08,35.9,35.8,17.9
2026-04-17 06:16:57,0.0,105.9,128.8,5.42,36.4,37.8,18.0
2026-04-17 06:16:57,0.0,86.7,110.0,6.77,35.9,29.6,18.0
2026-04-17 06:16:57,0.0,88.1,100.5,7.44,35.9,44.4,18.0
2026-04-17 06:16:57,0.0,87.5,110.7,6.03,35.9,33.3,18.0
2026-04-17 06:16:57,0.0,87.2,99.0,7.52,36.4,43.4,18.0
2026-04-17 06:16:57,0.0,87.3,99.2,7.49,36.4,42.3,18.1
2026-04-17 06:16:57,0.0,84.8,97.0,7.66,35.9,38.5,18.1
2026-04-17 06:16:58,0.0,91.2,106.1,7.15,36.4,38.9,18.1
2026-04-17 06:16:58,0.0,89.6,112.5,6.06,34.2,35.8,18.1
2026-04-17 06:16:58,0.0,87.8,110.8,6.06,34.8,36.4,18.1
2026-04-17 06:16:58,0.0,97.3,109.1,7.01,35.9,42.1,18.1
2026-04-17 06:16:58,0.0,88.1,111.2,6.35,35.3,35.9,18.0
2026-04-17 06:16:58,0.0,95.3,118.4,5.71,34.8,32.9,18.0
2026-04-17 06:16:59,0.0,90.9,113.6,6.2,35.9,33.9,18.0
2026-04-17 06:16:59,0.0,85.8,109.4,6.18,35.9,36.4,17.9
2026-04-17 06:16:59,0.0,89.8,103.0,7.32,36.4,38.9,17.9
2026-04-17 06:16:59,0.0,89.5,118.1,5.82,35.9,34.8,17.9
2026-04-17 06:16:59,0.0,85.8,108.7,6.36,34.8,27.6,17.9
2026-04-17 06:16:59,0.0,98.6,112.8,6.84,36.4,40.7,17.8
2026-04-17 06:16:59,0.0,92.2,115.3,6.24,35.9,35.5,17.8
2026-04-17 06:17:00,0.0,93.8,116.8,5.96,35.9,33.8,17.8
2026-04-17 06:17:00,0.0,95.1,118.0,5.95,35.3,33.8,17.8
2026-04-17 06:17:00,0.0,85.2,107.9,6.37,36.4,34.9,17.8
2026-04-17 06:17:00,0.0,85.6,100.1,7.48,36.4,41.5,17.9
2026-04-17 06:17:00,0.0,88.6,102.5,7.35,36.4,42.6,17.8
2026-04-17 06:17:00,0.0,92.1,115.2,5.88,37.0,35.7,17.8
2026-04-17 06:17:01,0.0,86.6,109.6,6.21,35.3,33.8,17.9
2026-04-17 06:17:01,0.0,88.4,101.4,7.4,34.8,39.2,17.9
2026-04-17 06:17:01,0.0,88.2,111.4,6.01,35.9,33.8,17.9
2026-04-17 06:17:01,0.0,88.1,105.8,6.0,36.4,34.8,17.9
2026-04-17 06:17:01,0.0,89.3,111.8,5.96,35.3,32.3,17.8
2026-04-17 06:17:01,0.0,239.2,262.7,3.12,36.4,79.5,17.3
2026-04-17 06:17:02,0.0,168.2,193.1,4.41,35.9,61.1,17.4
2026-04-17 06:17:02,0.0,88.5,111.6,6.59,36.4,34.5,17.3
2026-04-17 06:17:02,0.0,88.3,106.2,5.96,36.4,33.8,17.3
2026-04-17 06:17:02,0.0,110.1,139.2,5.17,35.9,35.1,17.2
2026-04-17 06:17:02,0.0,85.0,101.9,7.4,36.4,38.2,17.2
2026-04-17 06:17:03,0.0,89.7,104.5,7.25,36.4,42.9,17.2
2026-04-17 06:17:03,0.0,85.7,108.8,6.14,35.9,36.4,17.2
2026-04-17 06:17:03,0.0,85.3,98.6,7.54,36.4,39.2,17.2
2026-04-17 06:17:03,0.0,106.8,120.9,6.47,35.9,47.0,17.2
2026-04-17 06:17:03,0.0,84.1,107.2,6.94,36.4,36.2,17.2
2026-04-17 06:17:03,0.0,87.5,102.9,7.31,35.3,38.9,17.1
2026-04-17 06:17:03,0.0,85.3,96.8,7.63,35.9,43.1,17.1
2026-04-17 06:17:04,0.0,88.4,102.8,7.33,35.3,39.6,17.1
2026-04-17 06:17:04,0.0,87.1,110.0,6.05,36.4,35.3,17.1
2026-04-17 06:17:04,0.0,84.5,97.0,7.65,35.9,36.7,17.1
2026-04-17 06:17:04,0.0,89.3,104.2,7.25,34.8,40.7,17.1
2026-04-17 06:17:04,0.0,87.0,110.0,6.08,36.4,31.3,17.1
2026-04-17 06:17:04,0.0,96.9,109.2,6.99,35.9,45.0,17.1
2026-04-17 06:17:04,0.0,87.4,110.5,6.37,36.4,34.9,17.1
2026-04-17 06:17:05,0.0,85.6,97.8,7.6,36.4,43.6,17.1
2026-04-17 06:17:05,0.0,96.6,109.7,6.94,35.9,43.3,17.2
2026-04-17 06:17:05,0.0,92.7,115.8,6.11,35.9,32.8,17.2
2026-04-17 06:17:05,0.0,107.5,132.1,5.48,35.3,37.8,17.2
2026-04-17 06:17:05,0.0,108.0,131.1,6.06,35.9,35.4,17.2
2026-04-17 06:17:05,0.0,86.3,108.2,6.9,35.3,39.7,17.2
2026-04-17 06:17:05,0.0,88.0,101.4,7.41,34.8,42.6,17.2
2026-04-17 06:17:06,0.0,86.4,109.4,6.06,35.9,35.8,17.1
2026-04-17 06:17:06,0.0,84.6,97.6,7.62,35.3,36.0,17.1
2026-04-17 06:17:06,0.0,103.2,118.5,6.57,36.4,40.0,17.1
2026-04-17 06:17:06,0.0,88.2,111.5,6.59,35.9,37.7,17.1
2026-04-17 06:17:06,0.0,106.4,128.4,5.41,36.4,38.0,17.1
2026-04-17 06:17:06,0.0,106.4,129.1,6.01,36.4,33.3,17.1
2026-04-17 06:17:07,0.0,95.6,118.5,6.42,35.9,42.2,17.2
2026-04-17 06:17:07,0.0,88.7,111.8,6.26,35.3,30.5,17.2
2026-04-17 06:17:07,0.0,95.1,115.9,5.78,36.4,39.4,17.2
2026-04-17 06:17:07,0.0,87.6,110.4,6.29,34.8,34.9,17.2
2026-04-17 06:17:07,0.0,94.1,106.0,7.16,34.8,40.0,17.2
2026-04-17 06:17:07,0.0,89.1,112.2,6.18,36.4,36.4,17.2
2026-04-17 06:17:08,0.0,107.0,129.5,5.42,36.4,34.2,17.2
2026-04-17 06:17:08,0.0,86.1,108.6,6.86,36.4,39.0,17.2
2026-04-17 06:17:08,0.0,109.2,124.1,6.32,35.3,38.7,17.2
2026-04-17 06:17:08,0.0,92.7,114.5,6.76,35.9,37.3,17.2
2026-04-17 06:17:08,0.0,84.4,107.2,6.3,36.4,37.5,17.3
2026-04-17 06:17:08,0.0,83.6,98.8,7.56,36.4,39.6,17.3
2026-04-17 06:17:08,0.0,89.1,104.0,7.2,35.9,43.1,17.3
2026-04-17 06:17:09,0.0,88.9,111.8,6.02,35.9,40.0,17.4
2026-04-17 06:17:09,0.0,85.5,108.5,6.13,35.3,30.2,17.4
2026-04-17 06:17:09,0.0,88.1,101.5,7.36,36.4,42.9,17.4
2026-04-17 06:17:09,0.0,86.0,98.0,7.61,35.9,38.0,17.4
2026-04-17 06:17:09,0.0,85.2,98.3,7.56,35.3,42.3,17.4
2026-04-17 06:17:09,0.0,87.6,102.5,7.34,37.0,43.9,17.4
2026-04-17 06:17:09,0.0,88.7,111.8,5.98,35.9,33.8,17.4
2026-04-17 06:17:10,0.0,104.3,127.5,5.49,35.9,32.4,17.4
2026-04-17 06:17:10,0.0,113.6,136.6,5.69,35.3,36.6,17.4
2026-04-17 06:17:10,0.0,85.6,104.6,7.21,35.9,40.4,17.4
2026-04-17 06:17:10,0.0,94.4,107.9,7.02,35.3,43.1,17.4
2026-04-17 06:17:10,0.0,92.3,115.4,6.09,35.3,33.3,17.4
2026-04-17 06:17:10,0.0,89.6,112.7,6.11,35.9,34.8,17.4
2026-04-17 06:17:11,0.0,107.7,130.8,5.41,35.3,37.3,17.4
2026-04-17 06:17:11,0.0,106.2,129.3,6.05,35.3,37.1,17.4
2026-04-17 06:17:11,0.0,102.0,123.8,6.11,37.0,37.5,17.4
2026-04-17 06:17:11,0.0,112.1,134.6,5.71,36.4,36.2,17.4
2026-04-17 06:17:11,0.0,93.4,114.1,6.76,35.9,39.0,17.4
2026-04-17 06:17:11,0.0,91.6,114.7,6.07,36.4,32.3,17.4
2026-04-17 06:17:12,0.0,92.3,113.2,5.98,35.3,36.9,17.4
2026-04-17 06:17:12,0.0,111.3,135.0,5.37,35.9,35.1,17.4
2026-04-17 06:17:12,0.0,87.5,108.2,7.04,34.8,37.9,17.4
2026-04-17 06:17:12,0.0,97.0,109.0,7.01,36.4,41.8,17.4
2026-04-17 06:17:12,0.0,91.0,114.2,6.21,35.9,36.5,17.4
2026-04-17 06:17:12,0.0,86.1,108.1,6.19,35.9,29.5,17.4
2026-04-17 06:17:13,0.0,102.2,114.8,6.7,35.9,43.5,17.4
2026-04-17 06:17:13,0.0,92.0,115.2,6.38,35.3,37.5,17.4
2026-04-17 06:17:13,0.0,85.9,108.9,6.24,35.3,35.4,17.4
2026-04-17 06:17:13,0.0,93.1,105.6,7.13,34.8,39.6,17.4
2026-04-17 06:17:13,0.0,88.3,111.4,6.18,35.3,35.9,17.3
2026-04-17 06:17:13,0.0,93.8,116.7,5.82,35.9,35.7,17.4
2026-04-17 06:17:14,0.0,85.4,108.5,6.32,35.9,31.7,17.4
2026-04-17 06:17:14,0.0,107.3,121.9,6.43,35.3,41.3,17.4
2026-04-17 06:17:14,0.0,88.2,111.3,6.8,35.9,33.9,17.4
2026-04-17 06:17:14,0.0,87.7,110.1,6.0,35.3,33.3,17.3
2026-04-17 06:17:14,0.0,85.7,109.0,6.09,35.9,32.8,17.3
2026-04-17 06:17:14,0.0,88.4,102.3,7.35,35.9,45.6,17.3
2026-04-17 06:17:14,0.0,85.1,108.7,6.11,35.9,35.8,17.2
2026-04-17 06:17:15,0.0,85.0,99.1,7.55,35.9,38.5,17.2
2026-04-17 06:17:15,0.0,87.6,102.8,7.34,37.0,43.9,17.2
2026-04-17 06:17:15,0.0,89.6,101.6,7.4,36.4,42.6,17.2
2026-04-17 06:17:15,0.0,94.3,117.0,5.84,36.4,32.8,17.2
2026-04-17 06:17:15,0.0,90.5,113.5,6.14,36.4,34.8,17.2
2026-04-17 06:17:15,0.0,85.7,107.3,6.18,34.8,34.4,17.2
2026-04-17 06:17:15,0.0,91.3,105.7,7.17,36.4,40.7,17.3
2026-04-17 06:17:16,0.0,96.7,119.7,5.83,35.9,34.8,17.3
2026-04-17 06:17:16,0.0,88.0,111.3,6.34,35.9,30.5,17.4
2026-04-17 06:17:16,0.0,98.8,110.5,6.93,34.8,43.6,17.4
2026-04-17 06:17:16,0.0,93.9,116.9,6.2,35.3,32.3,17.4
2026-04-17 06:17:16,0.0,104.1,127.3,5.65,35.9,35.2,17.4
2026-04-17 06:17:16,0.0,96.3,119.3,6.31,34.8,36.9,17.3
2026-04-17 06:17:17,0.0,107.0,129.2,5.6,36.4,37.7,17.3
2026-04-17 06:17:17,0.0,89.0,111.4,6.78,36.4,36.8,17.3
2026-04-17 06:17:17,0.0,101.0,124.0,5.6,35.9,36.1,17.3
2026-04-17 06:17:17,0.0,87.2,110.2,6.55,35.3,36.1,17.2
2026-04-17 06:17:17,0.0,106.2,118.3,6.57,35.9,37.9,17.2
2026-04-17 06:17:17,0.0,90.8,113.8,6.62,35.9,33.9,17.2
2026-04-17 06:17:18,0.0,87.2,110.2,6.13,36.4,35.4,17.2
2026-04-17 06:17:18,0.0,86.2,98.2,7.56,35.9,43.4,17.2
2026-04-17 06:17:18,0.0,119.7,133.3,6.0,36.4,43.3,17.2
2026-04-17 06:17:18,0.0,93.0,105.6,7.15,35.9,37.7,17.2
2026-04-17 06:17:18,0.0,88.1,111.3,6.16,35.9,32.3,17.1
2026-04-17 06:17:18,0.0,83.2,106.0,6.2,35.9,31.7,17.1
2026-04-17 06:17:18,0.0,96.1,112.3,6.84,35.9,39.3,17.1
2026-04-17 06:17:19,0.0,85.3,108.4,6.42,35.3,33.3,17.1
2026-04-17 06:17:19,0.0,90.9,104.2,7.2,35.3,38.5,17.2
2026-04-17 06:17:19,0.0,94.1,117.0,5.89,36.4,34.3,17.2
2026-04-17 06:17:19,0.0,109.9,133.2,5.48,35.9,31.4,17.2
2026-04-17 06:17:19,0.0,89.9,109.3,6.84,35.9,34.5,17.2
2026-04-17 06:17:19,0.0,98.9,123.0,5.65,35.9,34.3,17.2
2026-04-17 06:17:20,0.0,100.4,123.5,5.99,35.9,35.4,17.3
2026-04-17 06:17:20,0.0,86.0,109.1,6.48,35.9,33.9,17.2
2026-04-17 06:17:20,0.0,90.8,101.9,7.35,34.8,47.4,17.2
2026-04-17 06:17:20,0.0,85.5,108.4,6.2,36.4,34.4,17.2
2026-04-17 06:17:20,0.0,84.5,98.7,7.56,35.3,38.0,17.2
2026-04-17 06:17:20,0.0,108.6,124.1,6.34,35.3,41.5,17.2
2026-04-17 06:17:21,0.0,86.6,109.7,6.93,35.3,36.8,17.2
2026-04-17 06:17:21,0.0,93.2,106.0,7.15,34.8,40.4,17.2
2026-04-17 06:17:21,0.0,91.7,114.3,6.06,35.9,35.8,17.2
2026-04-17 06:17:21,0.0,110.4,133.3,5.4,34.8,34.7,17.1
2026-04-17 06:17:21,0.0,134.8,157.2,5.24,36.4,38.7,17.1
2026-04-17 06:17:21,0.0,95.5,118.0,6.22,36.4,36.9,17.1
2026-04-17 06:17:22,0.0,107.3,130.3,5.59,36.4,37.5,17.1
2026-04-17 06:17:22,0.0,83.6,105.4,7.01,35.9,37.0,17.2
2026-04-17 06:17:22,0.0,95.9,111.1,6.89,37.0,37.5,17.2
2026-04-17 06:17:22,0.0,91.3,114.2,6.17,36.4,35.9,17.2
2026-04-17 06:17:22,0.0,89.2,112.3,6.08,36.4,32.3,17.3
2026-04-17 06:17:22,0.0,95.0,117.7,5.8,37.0,31.8,17.3
2026-04-17 06:17:22,0.0,90.1,113.0,6.19,37.0,32.8,17.3
2026-04-17 06:17:23,0.0,96.8,119.6,5.77,35.9,38.9,17.3
2026-04-17 06:17:23,0.0,86.8,109.8,6.39,36.4,34.9,17.3
2026-04-17 06:17:23,0.0,83.1,95.3,7.62,35.9,40.4,17.3
2026-04-17 06:17:23,0.0,95.4,108.3,6.94,35.9,44.1,17.3
2026-04-17 06:17:23,0.0,94.8,117.5,6.03,37.0,33.8,17.3
2026-04-17 06:17:23,0.0,91.6,112.7,6.12,35.3,31.1,17.3
2026-04-17 06:17:24,0.0,82.7,100.7,6.35,35.9,28.8,17.3
2026-04-17 06:17:24,0.0,85.2,101.0,7.35,36.4,38.5,17.3
2026-04-17 06:17:24,0.0,88.5,102.1,7.34,36.4,39.2,17.4
2026-04-17 06:17:24,0.0,83.7,105.7,6.17,36.4,34.4,17.4
2026-04-17 06:17:24,0.0,85.8,101.5,7.4,35.9,40.0,17.4
2026-04-17 06:17:24,0.0,83.7,97.9,7.61,35.3,39.2,17.4
2026-04-17 06:17:24,0.0,84.7,100.4,7.46,34.8,46.4,17.5
2026-04-17 06:17:25,0.0,82.7,99.0,7.55,35.9,41.1,17.5
2026-04-17 06:17:25,0.0,93.0,108.7,7.0,35.9,41.1,17.5
2026-04-17 06:17:25,0.0,86.0,109.1,6.28,35.9,34.4,17.5
2026-04-17 06:17:25,0.0,82.8,96.4,7.7,35.9,41.8,17.5
2026-04-17 06:17:25,0.0,86.4,103.4,7.3,35.9,43.9,17.5
2026-04-17 06:17:25,0.0,83.7,96.6,7.66,35.9,38.0,17.4
2026-04-17 06:17:25,0.0,96.1,112.7,6.84,36.4,40.4,17.4
2026-04-17 06:17:26,0.0,83.8,106.5,6.51,35.9,32.2,17.4
2026-04-17 06:17:26,0.0,84.8,101.9,7.38,35.3,42.9,17.4
2026-04-17 06:17:26,0.0,88.1,101.7,7.39,34.8,39.6,17.4
2026-04-17 06:17:26,0.0,101.7,111.9,6.8,36.4,39.7,17.4
2026-04-17 06:17:26,0.0,96.9,119.8,6.18,35.3,39.4,17.4
2026-04-17 06:17:26,0.0,95.3,116.4,6.06,36.4,37.9,17.4
2026-04-17 06:17:26,0.0,87.1,110.3,6.32,36.4,27.6,17.5
2026-04-17 06:17:27,0.0,103.4,126.5,5.47,36.4,36.6,17.5
2026-04-17 06:17:27,0.0,88.7,111.6,6.59,35.9,39.3,17.5
2026-04-17 06:17:27,0.0,97.3,121.4,5.67,35.9,30.9,17.5
2026-04-17 06:17:27,0.0,91.3,114.8,6.21,35.9,31.7,17.6
2026-04-17 06:17:27,0.0,91.8,115.0,5.99,36.4,34.8,17.6
2026-04-17 06:17:27,0.0,94.7,116.6,5.94,35.3,32.8,17.6
2026-04-17 06:17:28,0.0,90.7,115.6,6.05,35.3,34.8,17.6
2026-04-17 06:17:28,0.0,85.2,109.2,6.27,35.3,34.9,17.6
2026-04-17 06:17:28,0.0,90.7,105.2,7.19,35.9,42.1,17.6
2026-04-17 06:17:28,0.0,91.9,114.7,5.98,34.8,34.3,17.6
2026-04-17 06:17:28,0.0,103.6,126.9,5.63,37.0,33.8,17.5
2026-04-17 06:17:28,0.0,100.9,124.0,6.11,37.0,40.3,17.6
2026-04-17 06:17:29,0.0,87.8,109.8,6.52,35.9,29.8,17.6
2026-04-17 06:17:29,0.0,115.5,127.7,6.2,35.3,41.5,17.6
2026-04-17 06:17:29,0.0,98.2,114.4,6.72,35.3,36.8,17.6
2026-04-17 06:17:29,0.0,92.0,115.0,6.24,35.3,32.3,17.6
2026-04-17 06:17:29,0.0,94.2,117.2,5.9,35.9,37.1,17.7
2026-04-17 06:17:29,0.0,85.8,108.5,6.34,35.3,33.3,17.7
2026-04-17 06:17:29,0.0,84.5,98.8,7.56,37.5,42.6,17.7
2026-04-17 06:17:30,0.0,84.5,99.4,7.53,35.9,41.5,17.7
2026-04-17 06:17:30,0.0,90.5,103.7,7.18,35.9,42.1,17.7
2026-04-17 06:17:30,0.0,95.4,119.4,5.79,34.8,33.3,17.7
2026-04-17 06:17:30,0.0,110.5,133.2,5.54,34.8,35.2,17.7
2026-04-17 06:17:30,0.0,84.4,106.7,7.12,35.3,34.6,17.6
2026-04-17 06:17:30,0.0,89.7,105.0,7.22,35.9,36.5,17.6
2026-04-17 06:17:31,0.0,84.8,108.0,6.17,36.4,37.3,17.6
2026-04-17 06:17:31,0.0,84.0,98.6,7.57,35.3,38.5,17.6
2026-04-17 06:17:31,0.0,86.9,102.6,7.34,36.4,40.7,17.6
2026-04-17 06:17:31,0.0,84.5,96.6,7.64,34.8,41.8,17.6
2026-04-17 06:17:31,0.0,85.6,100.3,7.44,36.4,40.0,17.5
2026-04-17 06:17:31,0.0,101.5,116.0,6.69,35.3,47.6,17.5
2026-04-17 06:17:31,0.0,89.6,111.4,6.48,35.3,36.1,17.5
2026-04-17 06:17:32,0.0,100.6,123.6,5.63,36.4,36.2,17.5
2026-04-17 06:17:32,0.0,93.3,116.0,6.28,34.8,34.9,17.5
2026-04-17 06:17:32,0.0,89.4,112.7,6.12,36.4,35.8,17.5
2026-04-17 06:17:32,0.0,94.1,115.6,5.85,36.4,33.8,17.5
2026-04-17 06:17:32,0.0,85.6,109.0,6.31,35.3,34.9,17.5
2026-04-17 06:17:32,0.0,115.3,128.9,6.15,35.9,39.7,17.5
2026-04-17 06:17:33,0.0,87.1,105.1,7.22,35.9,41.4,17.5
2026-04-17 06:17:33,0.0,107.9,120.3,6.49,35.3,43.8,17.5
2026-04-17 06:17:33,0.0,89.7,112.8,6.74,35.9,35.2,17.4
2026-04-17 06:17:33,0.0,85.3,108.4,6.16,35.9,34.3,17.4
2026-04-17 06:17:33,0.0,85.8,99.2,7.48,35.3,38.0,17.4
2026-04-17 06:17:33,0.0,97.6,111.2,6.89,35.3,40.4,17.4
2026-04-17 06:17:33,0.0,107.8,130.9,5.66,36.4,36.1,17.4
2026-04-17 06:17:34,0.0,87.3,108.7,6.8,36.4,31.5,17.4
2026-04-17 06:17:34,0.0,86.3,105.4,6.07,35.3,29.0,17.4
2026-04-17 06:17:34,0.0,95.9,109.0,6.99,36.4,44.3,17.4
2026-04-17 06:17:34,0.0,86.0,109.3,6.38,35.9,35.5,17.4
2026-04-17 06:17:34,0.0,107.9,121.6,6.45,35.3,39.3,17.5
2026-04-17 06:17:34,0.0,96.2,119.5,6.46,35.9,40.0,17.5
2026-04-17 06:17:35,0.0,88.3,114.8,6.17,37.0,34.4,17.5
2026-04-17 06:17:35,0.0,91.0,114.1,6.03,35.9,32.8,17.5
2026-04-17 06:17:35,0.0,87.2,107.2,6.07,35.3,31.7,17.5
2026-04-17 06:17:35,0.0,107.7,130.8,5.4,36.4,31.9,17.5
2026-04-17 06:17:35,0.0,87.2,110.3,6.83,35.3,42.9,17.4
2026-04-17 06:17:35,0.0,88.4,111.5,5.97,35.9,39.4,17.3
2026-04-17 06:17:36,0.0,91.6,114.3,5.89,36.4,32.4,17.3
2026-04-17 06:17:36,0.0,96.0,118.9,5.85,36.4,34.3,17.3
2026-04-17 06:17:36,0.0,94.6,117.4,6.06,35.3,33.8,17.3
2026-04-17 06:17:36,0.0,86.5,107.8,6.3,35.3,34.4,17.3
2026-04-17 06:17:36,0.0,86.3,99.2,7.51,36.4,38.5,17.4
2026-04-17 06:17:36,0.0,109.6,124.0,6.32,35.3,42.6,17.4
2026-04-17 06:17:36,0.0,89.8,111.5,6.89,36.4,32.1,17.5
2026-04-17 06:17:37,0.0,100.7,124.2,5.62,36.4,35.7,17.5
2026-04-17 06:17:37,0.0,111.2,134.5,5.65,36.4,39.4,17.5
2026-04-17 06:17:37,0.0,86.5,108.0,7.04,35.3,33.3,17.5
2026-04-17 06:17:37,0.0,104.2,117.9,6.59,35.3,41.0,17.5
2026-04-17 06:17:37,0.0,107.0,130.5,5.93,36.4,36.4,17.4
2026-04-17 06:17:37,0.0,93.2,116.3,6.56,35.9,38.7,17.4
2026-04-17 06:17:38,0.0,88.9,111.9,6.16,35.9,34.9,17.4
2026-04-17 06:17:38,0.0,88.1,107.7,6.03,36.4,34.3,17.4
2026-04-17 06:17:38,0.0,89.7,112.5,5.95,35.9,34.8,17.4
2026-04-17 06:17:38,0.0,104.7,129.3,5.45,35.9,36.6,17.4
2026-04-17 06:17:38,0.0,84.4,107.9,6.9,35.9,30.2,17.4
2026-04-17 06:17:38,0.0,85.4,100.3,7.48,35.3,41.5,17.3
2026-04-17 06:17:39,0.0,86.4,98.8,7.45,35.3,43.9,17.3
2026-04-17 06:17:39,0.0,230.3,244.5,3.54,36.4,90.2,17.0
2026-04-17 06:17:39,0.0,92.2,115.5,6.38,36.4,39.0,17.0
2026-04-17 06:17:39,0.0,87.7,110.4,6.18,35.9,34.9,17.0
2026-04-17 06:17:39,0.0,86.8,99.3,7.52,35.3,41.2,17.0
2026-04-17 06:17:39,0.0,99.6,111.6,6.88,37.0,39.3,17.0
2026-04-17 06:17:40,0.0,87.3,110.3,6.48,36.4,34.4,17.0
2026-04-17 06:17:40,0.0,84.3,97.2,7.64,35.9,43.6,17.0
2026-04-17 06:17:40,0.0,102.1,116.9,6.64,34.8,37.3,17.0
2026-04-17 06:17:40,0.0,104.1,127.2,5.93,36.4,32.8,17.0
2026-04-17 06:17:40,0.0,88.0,111.2,6.64,35.3,37.7,17.0
2026-04-17 06:17:40,0.0,84.6,107.9,6.1,35.3,35.4,17.0
2026-04-17 06:17:40,0.0,90.6,105.2,7.21,34.8,40.0,17.0
2026-04-17 06:17:41,0.0,88.8,111.9,6.08,36.4,35.3,16.9
2026-04-17 06:17:41,0.0,97.7,120.6,5.7,35.3,33.3,16.9
2026-04-17 06:17:41,0.0,92.9,116.4,6.16,35.9,36.5,16.9
2026-04-17 06:17:41,0.0,95.0,117.7,5.95,35.9,30.8,16.9
2026-04-17 06:17:41,0.0,95.9,119.4,5.95,35.9,36.4,16.9
2026-04-17 06:17:41,0.0,89.9,112.7,6.25,35.9,37.9,16.9
2026-04-17 06:17:42,0.0,101.2,124.3,5.52,35.9,34.3,16.9
2026-04-17 06:17:42,0.0,84.9,107.4,6.73,35.9,32.7,17.0
2026-04-17 06:17:42,0.0,86.3,99.3,7.51,37.0,42.6,17.0
2026-04-17 06:17:42,0.0,107.6,120.6,6.48,35.9,35.1,17.1
2026-04-17 06:17:42,0.0,93.5,116.7,6.55,36.4,41.3,17.1
2026-04-17 06:17:42,0.0,83.9,107.0,6.38,36.4,35.9,17.1
2026-04-17 06:17:43,0.0,110.4,125.9,6.26,35.3,37.7,17.2
2026-04-17 06:17:43,0.0,85.9,109.0,7.01,35.9,37.5,17.2
2026-04-17 06:17:43,0.0,98.6,111.4,6.87,36.4,37.0,17.2
2026-04-17 06:17:43,0.0,95.2,117.7,6.13,35.9,31.7,17.2
2026-04-17 06:17:43,0.0,84.9,106.0,6.39,35.9,34.4,17.1
2026-04-17 06:17:43,0.0,98.2,112.9,6.83,35.3,39.7,17.1
2026-04-17 06:17:43,0.0,103.7,126.6,5.81,35.9,34.3,17.1
2026-04-17 06:17:44,0.0,91.5,114.6,6.47,36.4,34.4,17.1
2026-04-17 06:17:44,0.0,90.2,113.4,6.05,36.4,34.8,17.1
2026-04-17 06:17:44,0.0,86.0,109.1,6.16,35.9,32.8,17.1
2026-04-17 06:17:44,0.0,85.6,97.9,7.49,35.3,41.8,17.1
2026-04-17 06:17:44,0.0,99.6,113.0,6.82,36.4,40.0,17.1
2026-04-17 06:17:44,0.0,84.5,107.7,6.6,36.4,33.3,17.1
2026-04-17 06:17:45,0.0,99.2,116.2,6.68,35.3,41.9,17.1
2026-04-17 06:17:45,0.0,89.0,112.1,6.47,35.9,36.1,17.1
2026-04-17 06:17:45,0.0,86.4,109.4,6.11,34.8,33.3,17.1
2026-04-17 06:17:45,0.0,110.1,120.9,6.37,35.9,43.7,17.1
2026-04-17 06:17:45,0.0,95.2,118.2,6.59,35.9,40.3,17.2
2026-04-17 06:17:45,0.0,95.7,118.9,5.98,36.4,36.4,17.2
2026-04-17 06:17:45,0.0,94.4,117.3,6.05,35.9,34.8,17.2
2026-04-17 06:17:46,0.0,84.1,107.0,6.4,36.4,36.5,17.2
2026-04-17 06:17:46,0.0,87.8,103.8,7.29,34.8,38.9,17.2
2026-04-17 06:17:46,0.0,92.8,104.6,7.23,35.3,40.0,17.2
2026-04-17 06:17:46,0.0,111.4,134.4,5.4,35.9,37.3,17.3
2026-04-17 06:17:46,0.0,95.9,117.1,6.62,35.9,32.1,17.3
2026-04-17 06:17:46,0.0,114.5,137.3,5.4,35.3,37.0,17.2
2026-04-17 06:17:47,0.0,92.8,109.5,6.9,35.9,44.1,17.2
2026-04-17 06:17:47,0.0,92.1,115.0,6.03,37.5,36.2,17.3
2026-04-17 06:17:47,0.0,83.5,106.4,6.33,35.9,30.0,17.3
2026-04-17 06:17:47,0.0,90.9,104.2,7.11,35.9,36.5,17.3
2026-04-17 06:17:47,0.0,89.6,112.4,6.05,34.8,38.6,17.3
2026-04-17 06:17:47,0.0,85.9,109.0,6.06,35.3,31.3,17.3
2026-04-17 06:17:48,0.0,98.6,110.2,6.95,35.3,43.3,17.2
2026-04-17 06:17:48,0.0,89.4,112.0,6.36,36.4,36.7,17.2
2026-04-17 06:17:48,0.0,86.2,109.2,6.12,35.9,32.3,17.2
2026-04-17 06:17:48,0.0,84.5,98.1,7.59,35.3,40.4,17.2
2026-04-17 06:17:48,0.0,86.4,101.4,7.41,35.9,42.9,17.2
2026-04-17 06:17:48,0.0,88.3,100.1,7.4,35.3,41.2,17.2
2026-04-17 06:17:48,0.0,89.8,112.7,5.95,36.4,32.3,17.2
2026-04-17 06:17:49,0.0,111.3,134.3,5.32,36.4,35.9,17.2
2026-04-17 06:17:49,0.0,87.8,109.5,6.97,34.8,40.4,17.2
2026-04-17 06:17:49,0.0,87.5,110.3,6.02,34.8,37.7,17.2
2026-04-17 06:17:49,0.0,82.8,94.9,7.77,36.4,38.5,17.2
2026-04-17 06:17:49,0.0,114.2,130.3,6.08,36.4,34.4,17.2
2026-04-17 06:17:49,0.0,86.0,102.9,7.22,36.4,40.4,17.2
2026-04-17 06:17:49,0.0,91.7,105.6,7.19,35.9,40.0,17.3
2026-04-17 06:17:50,0.0,93.5,116.4,5.94,35.3,33.3,17.3
2026-04-17 06:17:50,0.0,88.9,112.0,6.18,36.4,30.6,17.4
2026-04-17 06:17:50,0.0,87.2,109.9,6.05,34.8,34.4,17.4
2026-04-17 06:17:50,0.0,86.7,98.9,7.55,34.8,38.9,17.4
2026-04-17 06:17:50,0.0,86.1,99.1,7.53,35.3,43.6,17.5
2026-04-17 06:17:50,0.0,91.1,100.1,7.24,35.9,42.6,17.5
2026-04-17 06:17:51,0.0,93.8,116.9,5.9,35.3,32.8,17.5
2026-04-17 06:17:51,0.0,94.0,116.9,6.0,35.3,34.8,17.5
2026-04-17 06:17:51,0.0,95.4,118.5,5.95,35.3,32.3,17.5
2026-04-17 06:17:51,0.0,102.8,125.7,5.75,34.8,32.8,17.6
2026-04-17 06:17:51,0.0,91.6,113.0,6.43,36.4,37.1,17.5
2026-04-17 06:17:51,0.0,83.9,100.5,6.3,35.9,37.5,17.5
2026-04-17 06:17:52,0.0,85.7,101.8,7.4,36.4,37.3,17.5
2026-04-17 06:17:52,0.0,86.0,99.4,7.47,36.4,48.2,17.6
2026-04-17 06:17:52,0.0,95.7,108.7,7.02,35.9,42.1,17.6
2026-04-17 06:17:52,0.0,98.9,120.8,5.89,35.9,34.8,17.6
2026-04-17 06:17:52,0.0,101.6,124.4,5.91,35.3,31.7,17.6
2026-04-17 06:17:52,0.0,107.2,130.3,5.8,35.9,34.8,17.6
2026-04-17 06:17:52,0.0,91.0,114.0,6.66,35.3,35.0,17.6
2026-04-17 06:17:53,0.0,102.1,125.7,5.61,35.3,32.4,17.6
2026-04-17 06:17:53,0.0,100.2,123.1,6.09,35.3,34.4,17.6
2026-04-17 06:17:53,0.0,87.2,110.3,6.51,35.3,37.1,17.6
2026-04-17 06:17:53,0.0,107.6,121.8,6.44,35.9,40.3,17.5
2026-04-17 06:17:53,0.0,89.6,112.8,6.8,35.9,41.0,17.5
2026-04-17 06:17:53,0.0,87.8,111.0,6.07,36.4,31.7,17.5
2026-04-17 06:17:54,0.0,85.8,98.4,7.59,35.9,41.5,17.4
2026-04-17 06:17:54,0.0,88.4,99.3,7.4,36.4,40.4,17.4
2026-04-17 06:17:54,0.0,96.9,120.0,5.71,35.3,34.3,17.4
2026-04-17 06:17:54,0.0,97.5,120.7,5.99,35.3,30.2,17.3
2026-04-17 06:17:54,0.0,92.5,115.8,6.17,35.3,36.5,17.3
2026-04-17 06:17:54,0.0,85.3,107.4,6.28,35.9,33.9,17.3
2026-04-17 06:17:54,0.0,97.4,111.8,6.88,36.4,41.4,17.3
2026-04-17 06:17:55,0.0,101.5,124.7,5.86,35.3,33.3,17.3
2026-04-17 06:17:55,0.0,87.3,110.4,6.57,36.4,35.0,17.3
2026-04-17 06:17:55,0.0,87.5,98.3,7.46,35.9,44.6,17.3
2026-04-17 06:17:55,0.0,90.3,113.3,5.92,36.4,33.3,17.4
2026-04-17 06:17:55,0.0,91.7,114.9,5.95,35.9,33.8,17.4
2026-04-17 06:17:55,0.0,90.6,111.7,6.04,35.9,30.8,17.4
2026-04-17 06:17:56,0.0,89.1,112.1,6.05,35.9,34.9,17.3
2026-04-17 06:17:56,0.0,87.9,110.9,6.05,35.9,36.2,17.3
2026-04-17 06:17:56,0.0,88.6,100.1,7.47,34.8,42.3,17.3
2026-04-17 06:17:56,0.0,87.6,110.7,6.03,35.3,35.8,17.3
2026-04-17 06:17:56,0.0,86.9,99.0,7.55,35.3,39.6,17.3
2026-04-17 06:17:56,0.0,96.3,109.8,6.95,35.9,44.1,17.3
2026-04-17 06:17:57,0.0,98.8,121.7,5.95,35.3,37.7,17.3
2026-04-17 06:17:57,0.0,131.1,152.0,5.01,35.9,40.5,17.4
2026-04-17 06:17:57,0.0,86.0,109.0,6.49,35.3,36.5,17.4
2026-04-17 06:17:57,0.0,85.6,101.4,7.41,35.3,39.6,17.4
2026-04-17 06:17:57,0.0,101.2,112.7,6.8,36.4,44.3,17.4
2026-04-17 06:17:57,0.0,86.8,109.3,6.58,35.9,33.9,17.4
2026-04-17 06:17:57,0.0,103.1,116.2,6.68,34.8,39.0,17.4
2026-04-17 06:17:58,0.0,92.7,115.8,6.4,36.4,43.3,17.4
2026-04-17 06:17:58,0.0,101.8,124.7,5.7,35.9,30.8,17.4
2026-04-17 06:17:58,0.0,92.1,112.9,6.37,35.9,34.4,17.3
2026-04-17 06:17:58,0.0,89.6,108.2,6.1,36.4,35.8,17.2
2026-04-17 06:17:58,0.0,96.3,119.2,5.77,35.3,34.3,17.2
2026-04-17 06:17:58,0.0,89.5,112.5,6.26,34.8,33.9,17.3
2026-04-17 06:17:59,0.0,83.8,109.5,6.12,35.3,31.2,17.3
2026-04-17 06:17:59,0.0,100.0,113.8,6.77,35.3,37.5,17.4
2026-04-17 06:17:59,0.0,100.6,123.4,6.01,34.8,35.8,17.3
2026-04-17 06:17:59,0.0,88.0,104.9,6.48,35.9,35.0,17.3
2026-04-17 06:17:59,0.0,85.2,108.3,6.11,35.9,32.3,17.2
2026-04-17 06:17:59,0.0,87.7,102.3,7.37,35.9,44.8,17.2
2026-04-17 06:18:00,0.0,87.2,98.7,7.54,35.3,41.2,17.2
2026-04-17 06:18:00,0.0,105.7,118.1,6.59,36.4,40.7,17.2
2026-04-17 06:18:00,0.0,86.2,109.2,6.79,35.3,35.7,17.2
2026-04-17 06:18:00,0.0,83.8,97.2,7.63,35.3,41.8,17.2
2026-04-17 06:18:00,0.0,86.2,101.5,7.39,36.4,40.7,17.2
2026-04-17 06:18:00,0.0,94.3,108.2,7.06,35.9,37.0,17.2
2026-04-17 06:18:00,0.0,105.4,130.6,5.57,37.0,34.3,17.2
2026-04-17 06:18:01,0.0,106.7,129.8,6.03,35.9,39.4,17.2
2026-04-17 06:18:01,0.0,92.6,115.6,6.56,35.9,33.9,17.2
2026-04-17 06:18:01,0.0,93.3,116.2,5.97,35.3,33.3,17.1
2026-04-17 06:18:01,0.0,94.0,117.2,5.97,35.9,34.3,17.1
2026-04-17 06:18:01,0.0,85.9,109.4,6.3,35.9,30.5,17.1
2026-04-17 06:18:01,0.0,86.6,99.9,7.49,36.4,42.9,17.2
2026-04-17 06:18:01,0.0,91.7,105.1,7.2,35.9,41.8,17.2
2026-04-17 06:18:02,0.0,89.1,112.7,6.06,36.4,38.5,17.2
2026-04-17 06:18:02,0.0,95.7,118.8,5.82,35.3,31.3,17.2
2026-04-17 06:18:02,0.0,86.9,109.7,6.34,35.3,32.2,17.2
2026-04-17 06:18:02,0.0,95.9,112.1,6.82,35.3,37.5,17.2
2026-04-17 06:18:02,0.0,89.8,113.1,6.39,36.4,34.4,17.2
2026-04-17 06:18:02,0.0,92.8,115.8,5.91,36.4,30.2,17.2
2026-04-17 06:18:03,0.0,89.6,113.5,6.09,36.4,33.3,17.2
2026-04-17 06:18:03,0.0,84.3,107.3,6.23,35.9,32.8,17.2
2026-04-17 06:18:03,0.0,97.6,112.8,6.83,36.4,40.7,17.2
2026-04-17 06:18:03,0.0,88.4,111.2,6.28,36.4,28.8,17.2
2026-04-17 06:18:03,0.0,88.4,111.5,6.06,35.3,35.4,17.2
2026-04-17 06:18:03,0.0,83.9,107.1,6.17,35.3,30.2,17.2
2026-04-17 06:18:04,0.0,94.2,109.8,6.97,34.8,38.2,17.2
2026-04-17 06:18:04,0.0,116.1,139.0,5.31,36.4,33.3,17.2
2026-04-17 06:18:04,0.0,91.4,109.2,7.0,37.0,43.1,17.2
2026-04-17 06:18:04,0.0,84.9,108.1,6.27,37.0,31.7,17.2
2026-04-17 06:18:04,0.0,84.9,101.0,7.43,35.9,41.1,17.3
2026-04-17 06:18:04,0.0,90.0,102.7,7.31,37.0,43.6,17.3
2026-04-17 06:18:04,0.0,85.1,108.3,6.12,35.9,32.8,17.4
2026-04-17 06:18:05,0.0,91.4,105.1,7.19,36.4,38.9,17.4
2026-04-17 06:18:05,0.0,83.2,106.2,6.35,37.5,37.9,17.4
2026-04-17 06:18:05,0.0,94.9,111.4,6.9,35.9,40.4,17.4
2026-04-17 06:18:05,0.0,88.2,111.5,6.25,36.4,36.4,17.4
2026-04-17 06:18:05,0.0,94.8,106.1,7.16,36.4,42.9,17.4
2026-04-17 06:18:05,0.0,107.2,130.3,5.58,36.4,33.8,17.4
2026-04-17 06:18:06,0.0,86.8,109.9,6.84,36.4,36.8,17.4
2026-04-17 06:18:06,0.0,87.5,100.0,7.46,35.9,42.6,17.4
2026-04-17 06:18:06,0.0,91.6,103.6,7.29,35.9,43.6,17.4
2026-04-17 06:18:06,0.0,86.4,108.8,6.18,35.9,33.8,17.4
2026-04-17 06:18:06,0.0,83.7,96.7,7.67,35.9,39.2,17.4
2026-04-17 06:18:06,0.0,108.5,124.6,6.33,35.9,38.7,17.3
2026-04-17 06:18:06,0.0,97.5,120.2,6.41,35.9,42.2,17.4
2026-04-17 06:18:07,0.0,114.0,137.2,5.47,36.4,35.7,17.4
2026-04-17 06:18:07,0.0,87.7,106.6,7.14,35.9,40.4,17.4
2026-04-17 06:18:07,0.0,123.5,135.3,5.9,35.3,42.6,17.4
2026-04-17 06:18:07,0.0,105.1,127.9,5.52,35.3,31.9,17.5
2026-04-17 06:18:07,0.0,89.9,112.9,6.6,35.3,38.7,17.5
2026-04-17 06:18:07,0.0,87.2,111.8,6.04,35.9,36.8,17.6
2026-04-17 06:18:08,0.0,90.3,113.6,5.95,35.9,33.3,17.6
2026-04-17 06:18:08,0.0,86.3,109.2,6.16,36.4,35.8,17.6
2026-04-17 06:18:08,0.0,97.7,110.9,6.9,35.3,37.7,17.7
2026-04-17 06:18:08,0.0,114.5,137.7,5.45,35.9,36.5,17.7
2026-04-17 06:18:08,0.0,89.2,107.6,7.07,36.4,38.2,17.6
2026-04-17 06:18:08,0.0,90.6,113.8,5.95,36.4,30.6,17.6
2026-04-17 06:18:09,0.0,89.0,112.1,6.06,35.9,32.8,17.6
2026-04-17 06:18:09,0.0,86.9,110.0,6.08,34.8,35.3,17.6
2026-04-17 06:18:09,0.0,88.4,100.9,7.41,36.4,45.6,17.6
2026-04-17 06:18:09,0.0,88.5,111.4,6.01,35.9,31.7,17.6
2026-04-17 06:18:09,0.0,85.4,108.5,6.12,36.4,34.8,17.6
2026-04-17 06:18:09,0.0,96.8,111.1,6.91,35.9,38.6,17.6
2026-04-17 06:18:09,0.0,89.5,112.5,6.28,34.8,35.5,17.6
2026-04-17 06:18:10,0.0,97.1,120.2,5.74,37.0,31.3,17.6
2026-04-17 06:18:10,0.0,96.6,119.5,6.02,35.3,35.4,17.5
2026-04-17 06:18:10,0.0,86.5,108.9,6.39,35.9,36.5,17.6
2026-04-17 06:18:10,0.0,93.7,106.7,7.11,36.4,40.4,17.6
2026-04-17 06:18:10,0.0,94.7,117.4,5.95,36.4,35.4,17.5
2026-04-17 06:18:10,0.0,92.3,115.1,6.1,35.3,34.4,17.6
2026-04-17 06:18:11,0.0,91.3,115.5,6.0,35.9,37.1,17.6
2026-04-17 06:18:11,0.0,90.1,113.0,6.1,35.9,38.8,17.6
2026-04-17 06:18:11,0.0,101.3,124.4,5.62,35.9,30.9,17.7
2026-04-17 06:18:11,0.0,90.9,113.5,6.4,35.9,37.1,17.6
2026-04-17 06:18:11,0.0,93.2,115.7,5.91,36.4,33.8,17.6
2026-04-17 06:18:11,0.0,87.9,110.8,6.21,35.9,38.7,17.6
2026-04-17 06:18:12,0.0,127.6,149.0,4.84,35.3,31.6,17.6
2026-04-17 06:18:12,0.0,96.9,114.0,5.92,37.0,36.8,17.5
2026-04-17 06:18:12,0.0,94.0,115.7,6.1,35.3,41.8,17.6
2026-04-17 06:18:12,0.0,104.5,126.3,5.62,35.3,37.7,17.5
2026-04-17 06:18:12,0.0,84.6,106.8,6.87,35.3,39.0,17.5
2026-04-17 06:18:12,0.0,85.7,100.6,7.44,36.4,42.3,17.5
2026-04-17 06:18:13,0.0,108.5,122.7,6.39,36.4,38.6,17.5
2026-04-17 06:18:13,0.0,88.1,110.0,6.86,35.3,35.7,17.5
2026-04-17 06:18:13,0.0,91.2,114.2,5.89,35.9,33.3,17.5
2026-04-17 06:18:13,0.0,89.9,113.3,6.04,35.3,37.7,17.5
2026-04-17 06:18:13,0.0,87.8,107.7,6.09,35.9,34.3,17.5
2026-04-17 06:18:13,0.0,91.4,103.0,7.32,36.4,42.9,17.5
2026-04-17 06:18:14,0.0,85.5,109.0,6.2,35.9,32.8,17.5
2026-04-17 06:18:14,0.0,84.6,97.5,7.59,35.9,42.9,17.5
2026-04-17 06:18:14,0.0,101.7,119.2,6.56,35.9,40.0,17.4
2026-04-17 06:18:14,0.0,103.5,126.5,6.01,34.8,33.8,17.5
2026-04-17 06:18:14,0.0,90.5,118.4,6.31,36.4,33.3,17.4
2026-04-17 06:18:14,0.0,83.8,106.7,6.46,34.8,33.9,17.4
2026-04-17 06:18:14,0.0,95.8,113.1,6.75,35.9,41.7,17.4
2026-04-17 06:18:15,0.0,111.8,140.4,5.39,35.3,33.3,17.4
2026-04-17 06:18:15,0.0,88.0,103.7,7.3,35.3,34.6,17.4
2026-04-17 06:18:15,0.0,89.9,102.0,7.37,35.3,42.6,17.4
2026-04-17 06:18:15,0.0,87.8,111.1,6.01,35.9,32.8,17.5
2026-04-17 06:18:15,0.0,85.8,108.8,6.16,36.4,34.8,17.5
2026-04-17 06:18:15,0.0,90.1,103.7,7.26,35.9,39.6,17.5
2026-04-17 06:18:16,0.0,89.1,112.2,6.04,36.4,37.7,17.5
2026-04-17 06:18:16,0.0,86.3,109.3,6.11,36.4,32.3,17.6
2026-04-17 06:18:16,0.0,91.4,105.0,7.22,36.4,42.9,17.6
2026-04-17 06:18:16,0.0,109.3,132.4,5.42,35.9,34.2,17.6
2026-04-17 06:18:16,0.0,85.8,108.8,7.0,35.3,36.2,17.6
2026-04-17 06:18:16,0.0,93.3,107.2,7.1,34.8,41.8,17.6
2026-04-17 06:18:16,0.0,104.1,131.4,5.49,36.4,34.3,17.6
2026-04-17 06:18:17,0.0,92.9,116.7,6.6,35.3,39.3,17.6
2026-04-17 06:18:17,0.0,86.4,109.5,6.27,36.4,34.9,17.5
2026-04-17 06:18:17,0.0,87.5,100.6,7.45,35.3,42.9,17.5
2026-04-17 06:18:17,0.0,95.8,108.2,7.04,35.9,37.7,17.5
2026-04-17 06:18:17,0.0,100.7,123.9,5.84,35.9,36.8,17.5
2026-04-17 06:18:17,0.0,92.3,114.6,6.33,37.0,39.1,17.5
2026-04-17 06:18:18,0.0,109.1,132.1,5.46,35.3,35.6,17.5
2026-04-17 06:18:18,0.0,86.0,105.8,6.97,35.9,36.4,17.5
2026-04-17 06:18:18,0.0,86.9,99.2,7.42,35.9,39.6,17.5
2026-04-17 06:18:18,0.0,87.7,99.4,7.49,36.4,46.3,17.6
2026-04-17 06:18:18,0.0,89.6,101.6,7.4,35.3,42.6,17.5
2026-04-17 06:18:18,0.0,95.2,117.9,5.81,36.4,32.8,17.6
2026-04-17 06:18:18,0.0,91.4,114.7,6.13,36.4,37.7,17.6
2026-04-17 06:18:19,0.0,90.2,109.3,6.06,35.9,33.3,17.6
2026-04-17 06:18:19,0.0,91.7,118.7,5.81,35.9,35.2,17.6
2026-04-17 06:18:19,0.0,92.6,115.4,6.12,36.4,35.4,17.6
2026-04-17 06:18:19,0.0,91.6,112.9,6.03,36.4,36.8,17.7
2026-04-17 06:18:19,0.0,103.3,126.3,5.62,35.9,32.4,17.7
2026-04-17 06:18:19,0.0,98.2,121.3,6.19,35.9,39.1,17.7
2026-04-17 06:18:20,0.0,111.2,133.8,5.57,35.9,38.9,17.7
2026-04-17 06:18:20,0.0,89.9,112.0,6.87,37.0,38.2,17.7
2026-04-17 06:18:20,0.0,87.3,110.5,6.1,36.4,32.3,17.7
2026-04-17 06:18:20,0.0,86.7,98.5,7.55,35.9,43.4,17.7
2026-04-17 06:18:20,0.0,88.9,101.8,7.37,34.8,41.8,17.6
2026-04-17 06:18:20,0.0,85.0,108.3,6.14,37.0,32.3,17.7
2026-04-17 06:18:21,0.0,86.8,102.4,7.35,36.4,40.0,17.7
2026-04-17 06:18:21,0.0,87.3,99.1,7.54,35.9,41.5,17.7
2026-04-17 06:18:21,0.0,90.2,102.2,7.35,35.9,45.5,17.7
2026-04-17 06:18:21,0.0,91.5,114.7,5.95,35.9,35.3,17.7
2026-04-17 06:18:21,0.0,100.7,123.8,5.69,36.4,32.4,17.7
2026-04-17 06:18:21,0.0,102.9,126.0,5.93,35.9,34.3,17.7
2026-04-17 06:18:21,0.0,85.2,107.7,6.71,34.8,37.3,17.7
2026-04-17 06:18:22,0.0,98.3,112.8,6.81,37.0,42.9,17.7
2026-04-17 06:18:22,0.0,99.7,122.8,5.98,36.4,34.4,17.7
2026-04-17 06:18:22,0.0,85.7,108.8,6.55,37.0,35.5,17.7
2026-04-17 06:18:22,0.0,88.8,101.7,7.31,36.4,37.3,17.7
2026-04-17 06:18:22,0.0,91.9,114.8,5.91,36.4,32.3,17.7
2026-04-17 06:18:22,0.0,84.5,107.6,6.28,35.3,31.1,17.7
2026-04-17 06:18:23,0.0,82.3,95.4,7.62,36.4,39.2,17.7
2026-04-17 06:18:23,0.0,279.6,295.5,3.02,37.0,80.9,17.2
2026-04-17 06:18:23,0.0,119.7,137.9,5.78,37.0,45.6,17.2
2026-04-17 06:18:23,0.0,83.4,94.8,7.68,36.4,38.8,17.2
2026-04-17 06:18:23,0.0,87.8,103.9,7.27,37.0,38.9,17.2
2026-04-17 06:18:23,0.0,96.0,107.7,7.07,35.9,40.7,17.3
2026-04-17 06:18:24,0.0,87.5,110.5,6.32,36.4,31.7,17.3
2026-04-17 06:18:24,0.0,106.8,118.8,6.56,35.9,41.3,17.3
2026-04-17 06:18:24,0.0,96.7,119.6,6.39,35.9,35.6,17.3
2026-04-17 06:18:24,0.0,83.2,105.7,6.53,36.4,34.9,17.2
2026-04-17 06:18:24,0.0,104.3,120.6,6.48,35.9,39.3,17.2
2026-04-17 06:18:24,0.0,100.6,123.6,6.14,35.9,31.7,17.2
2026-04-17 06:18:25,0.0,109.7,132.9,5.69,35.9,37.5,17.3
2026-04-17 06:18:25,0.0,84.4,105.9,7.08,34.8,38.6,17.2
2026-04-17 06:18:25,0.0,104.7,119.8,6.5,36.4,40.3,17.2
2026-04-17 06:18:25,0.0,87.4,110.6,6.7,35.9,43.1,17.3
2026-04-17 06:18:25,0.0,100.7,111.4,6.83,36.4,39.3,17.3
2026-04-17 06:18:25,0.0,85.4,107.3,6.61,36.4,39.1,17.3
2026-04-17 06:18:25,0.0,94.3,108.6,7.03,35.3,43.1,17.3
2026-04-17 06:18:26,0.0,88.6,111.7,6.21,36.4,35.4,17.3
2026-04-17 06:18:26,0.0,86.1,108.9,6.1,36.4,32.3,17.3
2026-04-17 06:18:26,0.0,107.3,121.7,6.42,37.0,41.9,17.3
2026-04-17 06:18:26,0.0,91.3,114.3,6.69,35.9,30.9,17.3
2026-04-17 06:18:26,0.0,88.4,111.5,6.1,34.8,33.8,17.4
2026-04-17 06:18:26,0.0,83.7,106.5,6.19,35.3,34.4,17.3
2026-04-17 06:18:27,0.0,119.6,135.6,5.91,35.3,40.0,17.4
2026-04-17 06:18:27,0.0,98.5,110.5,6.88,35.9,41.1,17.4
2026-04-17 06:18:27,0.0,87.4,110.4,6.43,35.9,31.7,17.3
2026-04-17 06:18:27,0.0,85.8,100.4,7.46,35.3,39.2,17.3
2026-04-17 06:18:27,0.0,91.6,110.0,6.95,36.4,46.3,17.3
2026-04-17 06:18:27,0.0,107.1,129.8,5.71,34.8,39.1,17.3
2026-04-17 06:18:27,0.0,104.8,127.6,6.1,36.4,34.9,17.3
2026-04-17 06:18:28,0.0,90.2,114.3,6.53,35.3,38.7,17.3
2026-04-17 06:18:28,0.0,84.4,106.0,6.26,35.3,31.1,17.3
2026-04-17 06:18:28,0.0,88.1,102.4,7.3,34.8,43.6,17.2
2026-04-17 06:18:28,0.0,85.8,109.1,6.09,37.0,31.7,17.2
2026-04-17 06:18:28,0.0,87.0,100.9,7.44,36.4,43.9,17.2
2026-04-17 06:18:28,0.0,95.9,108.4,7.03,35.9,41.1,17.2
2026-04-17 06:18:29,0.0,90.7,113.8,6.19,36.4,38.5,17.2
2026-04-17 06:18:29,0.0,90.1,112.0,6.03,36.4,30.8,17.2
2026-04-17 06:18:29,0.0,87.8,108.7,6.08,34.8,33.8,17.2
2026-04-17 06:18:29,0.0,92.3,104.0,7.25,36.4,35.3,17.2
2026-04-17 06:18:29,0.0,87.4,115.6,6.0,35.9,32.3,17.3
2026-04-17 06:18:29,0.0,88.9,111.9,6.14,36.4,33.3,17.3
2026-04-17 06:18:30,0.0,109.1,132.3,5.35,35.9,35.1,17.3
2026-04-17 06:18:30,0.0,93.0,116.0,6.65,36.4,41.3,17.3
2026-04-17 06:18:30,0.0,89.2,112.5,6.14,35.9,34.9,17.3
2026-04-17 06:18:30,0.0,91.4,113.6,5.93,35.3,34.3,17.3
2026-04-17 06:18:30,0.0,96.5,121.3,5.76,35.9,37.1,17.2
2026-04-17 06:18:30,0.0,83.4,106.2,6.6,36.4,32.2,17.2
2026-04-17 06:18:30,0.0,95.6,111.7,6.87,35.9,42.4,17.2
2026-04-17 06:18:31,0.0,105.8,128.8,5.66,35.9,32.8,17.2
2026-04-17 06:18:31,0.0,91.5,114.5,6.56,36.4,38.1,17.2
2026-04-17 06:18:31,0.0,87.0,111.1,6.13,35.3,35.8,17.2
2026-04-17 06:18:31,0.0,85.5,104.9,6.1,36.4,32.8,17.2
2026-04-17 06:18:31,0.0,97.9,110.9,6.85,34.8,43.1,17.3
2026-04-17 06:18:31,0.0,109.6,132.9,5.62,36.4,38.4,17.3
2026-04-17 06:18:32,0.0,115.1,136.6,5.81,35.9,38.8,17.2
2026-04-17 06:18:32,0.0,103.2,127.8,6.2,37.0,46.9,17.2
2026-04-17 06:18:32,0.0,85.0,111.9,6.86,35.9,34.5,17.2
2026-04-17 06:18:32,0.0,84.7,107.5,6.16,36.4,30.2,17.2
2026-04-17 06:18:32,0.0,85.4,99.9,7.47,35.9,42.6,17.1
2026-04-17 06:18:32,0.0,86.8,100.7,7.35,36.4,41.5,17.1
2026-04-17 06:18:33,0.0,112.3,135.3,5.23,34.8,35.1,17.1
2026-04-17 06:18:33,0.0,87.0,106.6,7.08,36.4,42.4,17.1
2026-04-17 06:18:33,0.0,91.2,103.3,7.28,35.9,40.7,17.1
2026-04-17 06:18:33,0.0,85.2,108.1,6.23,35.9,35.4,17.1
2026-04-17 06:18:33,0.0,87.1,101.4,7.4,36.4,42.6,17.1
2026-04-17 06:18:33,0.0,91.0,103.6,7.26,35.3,40.0,17.1
2026-04-17 06:18:33,0.0,91.5,115.0,5.98,35.9,35.8,17.1
2026-04-17 06:18:34,0.0,86.8,110.4,6.19,34.8,35.8,17.1
2026-04-17 06:18:34,0.0,89.7,101.5,7.36,35.3,41.5,17.1
2026-04-17 06:18:34,0.0,104.1,127.3,5.52,36.4,36.5,17.1
2026-04-17 06:18:34,0.0,86.4,108.3,6.72,36.4,33.3,17.1
2026-04-17 06:18:34,0.0,105.9,119.4,6.54,35.3,41.0,17.1
2026-04-17 06:18:34,0.0,90.8,115.9,6.51,36.4,36.2,17.1
2026-04-17 06:18:35,0.0,90.5,113.6,6.09,36.4,34.8,17.1
2026-04-17 06:18:35,0.0,85.4,108.2,6.19,36.4,33.3,17.1
2026-04-17 06:18:35,0.0,92.5,107.0,7.12,35.3,43.1,17.2
2026-04-17 06:18:35,0.0,86.2,109.9,6.22,35.9,37.9,17.1
2026-04-17 06:18:35,0.0,84.9,97.5,7.63,36.4,40.7,17.1
2026-04-17 06:18:35,0.0,85.1,100.1,7.49,35.9,40.7,17.1
2026-04-17 06:18:35,0.0,88.0,101.3,7.35,36.4,42.3,17.1
2026-04-17 06:18:36,0.0,86.2,109.2,6.07,35.9,30.2,17.1
2026-04-17 06:18:36,0.0,103.3,115.0,6.63,35.9,37.3,17.1
2026-04-17 06:18:36,0.0,92.0,115.1,6.45,35.3,35.6,17.1
2026-04-17 06:18:36,0.0,105.6,128.8,5.55,35.9,38.2,17.2
2026-04-17 06:18:36,0.0,85.9,109.0,6.81,34.8,33.9,17.2
2026-04-17 06:18:36,0.0,95.4,108.3,7.0,35.9,46.7,17.2
2026-04-17 06:18:36,0.0,86.6,109.6,6.35,35.3,31.7,17.3
2026-04-17 06:18:37,0.0,117.9,127.9,6.07,36.4,47.8,17.3
2026-04-17 06:18:37,0.0,86.6,102.3,7.37,35.9,37.3,17.4
2026-04-17 06:18:37,0.0,93.5,106.0,7.16,35.3,43.3,17.4
2026-04-17 06:18:37,0.0,91.9,117.7,5.95,35.9,37.7,17.4
2026-04-17 06:18:37,0.0,84.9,109.9,6.31,36.4,34.4,17.3
2026-04-17 06:18:37,0.0,97.6,110.2,6.95,35.3,42.4,17.3
2026-04-17 06:18:38,0.0,88.0,111.1,6.37,35.3,39.1,17.3
2026-04-17 06:18:38,0.0,84.7,107.5,6.12,36.4,29.5,17.3
2026-04-17 06:18:38,0.0,86.8,101.4,7.38,35.3,44.8,17.3
2026-04-17 06:18:38,0.0,88.1,100.8,7.44,37.0,40.4,17.2
2026-04-17 06:18:38,0.0,92.0,115.0,5.87,35.9,32.3,17.2
2026-04-17 06:18:38,0.0,90.8,113.8,6.05,35.9,32.8,17.2
2026-04-17 06:18:39,0.0,89.1,111.9,6.06,37.0,32.8,17.3
2026-04-17 06:18:39,0.0,94.6,117.6,5.8,36.4,31.3,17.3
2026-04-17 06:18:39,0.0,88.8,113.3,6.17,35.3,33.3,17.3
2026-04-17 06:18:39,0.0,94.1,117.1,5.87,35.3,35.3,17.3
2026-04-17 06:18:39,0.0,101.4,124.3,5.76,35.9,34.3,17.4
2026-04-17 06:18:39,0.0,87.2,109.0,6.56,35.9,33.3,17.4
2026-04-17 06:18:39,0.0,90.3,102.6,7.31,36.4,43.6,17.4
2026-04-17 06:18:40,0.0,91.7,116.5,5.9,34.2,36.2,17.4
2026-04-17 06:18:40,0.0,104.7,128.9,5.59,35.9,35.2,17.4
2026-04-17 06:18:40,0.0,116.7,140.7,5.61,36.4,36.6,17.4
2026-04-17 06:18:40,0.0,100.7,116.1,6.69,34.8,40.0,17.4
2026-04-17 06:18:40,0.0,112.1,135.8,5.54,35.9,33.3,17.4
2026-04-17 06:18:40,0.0,92.1,110.8,6.93,35.9,39.3,17.4
2026-04-17 06:18:41,0.0,87.9,111.1,6.16,35.9,33.3,17.4
2026-04-17 06:18:41,0.0,116.5,138.8,5.13,36.4,35.5,17.4
2026-04-17 06:18:41,0.0,86.5,102.1,7.31,35.3,39.3,17.4
2026-04-17 06:18:41,0.0,104.1,112.7,6.63,35.9,50.0,17.4
2026-04-17 06:18:41,0.0,85.9,109.0,6.74,36.4,31.6,17.5
2026-04-17 06:18:41,0.0,86.8,100.5,7.45,35.3,46.6,17.5
2026-04-17 06:18:42,0.0,98.2,110.4,6.91,36.4,40.0,17.5
2026-04-17 06:18:42,0.0,86.4,110.2,6.37,36.4,42.9,17.5
2026-04-17 06:18:42,0.0,83.6,94.7,7.79,35.3,41.5,17.5
2026-04-17 06:18:42,0.0,94.5,112.0,6.88,35.9,41.4,17.6
2026-04-17 06:18:42,0.0,82.8,105.8,6.51,35.9,34.9,17.6
2026-04-17 06:18:42,0.0,83.1,100.3,7.43,35.9,43.6,17.6
2026-04-17 06:18:42,0.0,117.0,132.7,6.02,35.9,40.3,17.6
2026-04-17 06:18:43,0.0,87.4,103.5,7.3,36.4,43.1,17.6
2026-04-17 06:18:43,0.0,103.5,113.6,6.69,36.4,45.8,17.6
2026-04-17 06:18:43,0.0,95.6,118.5,6.31,35.9,36.1,17.6
2026-04-17 06:18:43,0.0,84.9,108.0,6.41,36.4,36.9,17.6
2026-04-17 06:18:43,0.0,87.5,104.4,7.26,36.4,41.8,17.6
2026-04-17 06:18:43,0.0,95.5,105.9,7.17,36.4,44.1,17.6
2026-04-17 06:18:43,0.0,101.3,124.4,5.8,37.0,32.3,17.5
2026-04-17 06:18:44,0.0,87.0,109.6,6.57,35.9,36.1,17.5
2026-04-17 06:18:44,0.0,95.3,107.4,7.07,36.4,36.5,17.5
2026-04-17 06:18:44,0.0,116.8,139.8,5.31,35.3,36.5,17.5
2026-04-17 06:18:44,0.0,87.9,102.1,7.27,35.9,34.6,17.5
2026-04-17 06:18:44,0.0,99.4,111.3,6.9,35.9,39.3,17.5
2026-04-17 06:18:44,0.0,92.8,114.5,6.25,34.8,37.5,17.5
2026-04-17 06:18:45,0.0,86.2,109.2,6.26,35.3,34.8,17.5
2026-04-17 06:18:45,0.0,107.1,118.6,6.48,35.3,39.0,17.5
2026-04-17 06:18:45,0.0,89.1,112.3,6.73,35.3,42.2,17.5
2026-04-17 06:18:45,0.0,97.6,120.8,5.71,35.9,36.6,17.5
2026-04-17 06:18:45,0.0,89.1,112.4,6.33,35.3,35.4,17.4
2026-04-17 06:18:45,0.0,85.8,108.0,6.13,35.3,32.8,17.4
2026-04-17 06:18:46,0.0,105.4,119.7,6.5,36.4,41.0,17.4
2026-04-17 06:18:46,0.0,96.6,119.7,6.38,35.3,38.1,17.4
2026-04-17 06:18:46,0.0,89.7,112.7,6.25,35.3,35.4,17.4
2026-04-17 06:18:46,0.0,92.9,112.6,5.9,35.9,33.8,17.4
2026-04-17 06:18:46,0.0,90.1,113.0,6.11,35.9,38.2,17.5
2026-04-17 06:18:46,0.0,87.4,107.2,6.1,36.4,36.8,17.5
2026-04-17 06:18:46,0.0,89.6,102.2,7.34,35.9,39.6,17.5
2026-04-17 06:18:47,0.0,93.8,116.7,5.88,35.9,32.3,17.5
2026-04-17 06:18:47,0.0,107.2,134.5,5.43,36.4,35.6,17.5
2026-04-17 06:18:47,0.0,84.7,104.5,7.16,37.0,35.2,17.4
2026-04-17 06:18:47,0.0,90.7,106.0,7.16,37.0,35.8,17.4
2026-04-17 06:18:47,0.0,85.5,109.1,6.19,36.4,35.9,17.4
2026-04-17 06:18:47,0.0,90.6,104.4,7.25,36.4,42.1,17.4
2026-04-17 06:18:48,0.0,89.2,112.3,6.05,37.0,32.3,17.4
2026-04-17 06:18:48,0.0,111.7,134.7,5.29,35.3,38.7,17.5
2026-04-17 06:18:48,0.0,87.5,108.5,7.03,35.3,42.6,17.5
2026-04-17 06:18:48,0.0,95.6,106.0,7.06,35.9,40.4,17.5
2026-04-17 06:18:48,0.0,85.7,110.1,6.33,36.4,46.9,17.6
2026-04-17 06:18:48,0.0,86.7,100.1,7.47,36.4,36.5,17.5
2026-04-17 06:18:48,0.0,86.8,98.6,7.56,36.4,43.4,17.5
2026-04-17 06:18:49,0.0,94.4,108.5,7.02,35.9,46.7,17.5
2026-04-17 06:18:49,0.0,85.4,107.4,6.4,37.5,35.9,17.5
2026-04-17 06:18:49,0.0,84.0,98.7,7.56,38.0,42.6,17.5
2026-04-17 06:18:49,0.0,88.2,103.2,7.31,36.4,37.3,17.5
2026-04-17 06:18:49,0.0,86.0,109.1,6.09,37.0,35.3,17.5
2026-04-17 06:18:49,0.0,84.1,97.9,7.61,37.0,38.0,17.5
2026-04-17 06:18:49,0.0,95.2,110.4,6.92,36.4,38.6,17.5
2026-04-17 06:18:50,0.0,86.1,109.1,6.35,35.3,35.5,17.5
2026-04-17 06:18:50,0.0,83.8,97.6,7.62,37.0,41.5,17.5
2026-04-17 06:18:50,0.0,102.6,118.2,6.58,35.9,40.7,17.6
2026-04-17 06:18:50,0.0,94.2,119.4,6.24,36.4,33.9,17.6
2026-04-17 06:18:50,0.0,100.9,123.8,5.84,36.4,38.2,17.5
2026-04-17 06:18:50,0.0,84.4,106.2,6.66,35.9,32.8,17.5
2026-04-17 06:18:51,0.0,102.8,118.2,6.6,36.4,41.7,17.5
2026-04-17 06:18:51,0.0,106.5,129.5,5.87,36.4,34.8,17.5
2026-04-17 06:18:51,0.0,86.2,108.3,6.84,36.4,39.0,17.5
2026-04-17 06:18:51,0.0,96.2,107.6,6.98,37.5,42.1,17.6
2026-04-17 06:18:51,0.0,93.6,116.8,6.1,36.4,34.4,17.6
2026-04-17 06:18:51,0.0,89.5,108.5,6.15,37.0,33.8,17.5
2026-04-17 06:18:51,0.0,87.9,110.3,6.06,35.9,33.8,17.5
2026-04-17 06:18:52,0.0,117.5,129.3,6.12,37.0,44.6,17.4
2026-04-17 06:18:52,0.0,84.0,98.2,7.54,35.9,41.5,17.4
2026-04-17 06:18:52,0.0,85.9,101.6,7.4,35.9,44.8,17.3
2026-04-17 06:18:52,0.0,96.4,110.1,6.96,35.9,40.7,17.3
2026-04-17 06:18:52,0.0,92.5,115.8,6.13,35.3,30.0,17.3
2026-04-17 06:18:52,0.0,88.5,111.5,6.16,37.0,38.8,17.3
2026-04-17 06:18:53,0.0,86.2,109.2,6.09,36.4,27.4,17.3
2026-04-17 06:18:53,0.0,107.2,119.9,6.48,35.9,37.9,17.4
2026-04-17 06:18:53,0.0,109.6,131.7,5.91,37.0,42.4,17.4
2026-04-17 06:18:53,0.0,87.1,110.1,6.95,36.4,37.9,17.4
2026-04-17 06:18:53,0.0,91.0,103.3,7.3,37.0,41.5,17.4
2026-04-17 06:18:53,0.0,89.9,112.9,6.04,36.4,40.0,17.5
2026-04-17 06:18:54,0.0,96.4,119.1,5.78,36.4,33.3,17.5
2026-04-17 06:18:54,0.0,97.7,121.6,5.92,35.3,33.3,17.5
2026-04-17 06:18:54,0.0,87.2,108.6,6.45,36.4,39.1,17.5
2026-04-17 06:18:54,0.0,86.2,99.9,7.49,36.4,38.0,17.5
2026-04-17 06:18:54,0.0,88.4,100.1,7.46,35.9,40.4,17.5
2026-04-17 06:18:54,0.0,88.4,110.7,5.95,37.5,29.7,17.5
2026-04-17 06:18:54,0.0,87.4,110.2,6.09,35.9,34.8,17.5
2026-04-17 06:18:55,0.0,87.9,101.3,7.41,36.4,38.5,17.5
2026-04-17 06:18:55,0.0,103.9,127.2,5.51,37.0,36.5,17.5
2026-04-17 06:18:55,0.0,88.5,111.4,6.63,38.0,42.2,17.5
2026-04-17 06:18:55,0.0,92.0,115.2,5.87,36.4,32.4,17.5
2026-04-17 06:18:55,0.0,96.9,120.0,5.83,36.4,33.3,17.5
2026-04-17 06:18:55,0.0,90.6,113.8,6.24,36.4,36.8,17.4
2026-04-17 06:18:56,0.0,91.4,114.5,5.97,35.9,32.3,17.4
2026-04-17 06:18:56,0.0,94.8,117.9,5.88,36.4,32.8,17.4
2026-04-17 06:18:56,0.0,87.0,109.9,6.3,36.4,31.7,17.4
2026-04-17 06:18:56,0.0,94.4,106.7,7.11,38.0,41.1,17.4
2026-04-17 06:18:56,0.0,84.1,107.1,6.4,36.4,32.8,17.4
2026-04-17 06:18:56,0.0,89.0,104.9,7.23,37.0,37.7,17.5
2026-04-17 06:18:56,0.0,90.1,113.2,5.96,35.9,37.3,17.5
2026-04-17 06:18:57,0.0,101.3,126.1,5.57,36.4,38.9,17.5
2026-04-17 06:18:57,0.0,87.1,108.9,6.63,36.4,36.7,17.5
2026-04-17 06:18:57,0.0,86.7,97.6,7.5,36.4,38.0,17.5
2026-04-17 06:18:57,0.0,103.1,115.2,6.71,37.5,40.7,17.5
2026-04-17 06:18:57,0.0,106.2,129.1,5.89,36.4,34.8,17.5
2026-04-17 06:18:57,0.0,85.8,109.0,6.84,34.8,29.6,17.6
2026-04-17 06:18:58,0.0,83.9,97.5,7.61,36.4,43.6,17.6
2026-04-17 06:18:58,0.0,96.1,110.9,6.87,35.9,39.3,17.6
2026-04-17 06:18:58,0.0,107.6,130.4,5.6,36.4,38.4,17.6
2026-04-17 06:18:58,0.0,89.2,110.6,6.76,35.9,38.3,17.6
2026-04-17 06:18:58,0.0,94.1,116.9,5.84,36.4,35.7,17.7
2026-04-17 06:18:58,0.0,95.1,118.2,5.96,37.5,36.8,17.7
2026-04-17 06:18:59,0.0,83.6,106.7,6.46,35.9,32.8,17.7
2026-04-17 06:18:59,0.0,87.3,103.5,7.29,35.9,40.4,17.7
2026-04-17 06:18:59,0.0,92.6,104.8,7.22,35.9,43.9,17.7
2026-04-17 06:18:59,0.0,93.5,116.7,5.96,35.3,40.5,17.7
2026-04-17 06:18:59,0.0,85.2,108.3,6.33,36.4,33.9,17.7
2026-04-17 06:18:59,0.0,82.5,96.8,7.65,36.4,40.4,17.7
2026-04-17 06:18:59,0.0,99.5,116.7,6.65,36.4,41.9,17.7
2026-04-17 06:19:00,0.0,87.8,111.0,6.4,35.3,36.5,17.7
2026-04-17 06:19:00,0.0,85.1,107.5,6.15,37.0,33.8,17.7
2026-04-17 06:19:00,0.0,84.6,99.1,7.52,36.4,42.3,17.7
2026-04-17 06:19:00,0.0,155.6,170.6,4.9,36.4,60.5,17.7
2026-04-17 06:19:00,0.0,176.6,183.1,4.39,38.0,84.6,17.2
2026-04-17 06:19:00,0.0,82.7,99.0,7.55,37.5,36.0,17.2
2026-04-17 06:19:01,0.0,86.3,100.6,7.29,37.0,49.1,17.2
2026-04-17 06:19:01,0.0,84.5,96.9,7.62,36.4,40.7,17.2
2026-04-17 06:19:01,0.0,105.6,121.0,6.47,37.5,43.3,17.3
2026-04-17 06:19:01,0.0,85.8,108.7,6.82,36.4,36.7,17.3
2026-04-17 06:19:01,0.0,82.3,95.1,7.7,35.9,41.2,17.2
2026-04-17 06:19:01,0.0,103.6,120.7,6.44,37.0,36.8,17.2
2026-04-17 06:19:01,0.0,84.4,107.4,6.82,35.9,34.5,17.2
2026-04-17 06:19:02,0.0,95.2,109.2,6.93,37.0,42.1,17.1
2026-04-17 06:19:02,0.0,104.9,127.6,5.67,35.9,39.7,17.2
2026-04-17 06:19:02,0.0,87.0,109.7,6.73,37.0,36.7,17.1
2026-04-17 06:19:02,0.0,95.0,106.1,7.07,37.5,38.9,17.1
2026-04-17 06:19:02,0.0,103.4,126.5,5.72,34.8,34.8,17.1
2026-04-17 06:19:02,0.0,84.8,107.9,6.76,34.8,32.1,17.1
2026-04-17 06:19:02,0.0,87.2,101.9,7.37,37.0,41.5,17.1
2026-04-17 06:19:03,0.0,89.6,101.5,7.37,36.4,46.4,17.1
2026-04-17 06:19:03,0.0,87.6,110.6,6.08,35.3,31.7,17.1
2026-04-17 06:19:03,0.0,83.9,95.3,7.71,37.5,44.4,17.1
2026-04-17 06:19:03,0.0,101.5,116.0,6.63,37.0,41.7,17.1
2026-04-17 06:19:03,0.0,83.6,106.6,6.72,37.0,39.7,17.0
2026-04-17 06:19:03,0.0,98.2,114.5,6.75,35.3,37.9,17.1
2026-04-17 06:19:04,0.0,99.9,125.6,5.85,35.3,35.8,17.1
2026-04-17 06:19:04,0.0,85.1,108.1,6.72,37.0,30.4,17.1
2026-04-17 06:19:04,0.0,120.1,134.5,5.94,35.9,41.8,17.1
2026-04-17 06:19:04,0.0,89.5,102.3,7.35,36.4,42.6,17.1
2026-04-17 06:19:04,0.0,108.2,131.0,5.4,36.4,33.3,17.1
2026-04-17 06:19:04,0.0,88.6,111.6,6.8,37.0,38.3,17.1
2026-04-17 06:19:04,0.0,85.8,108.9,6.1,37.5,32.3,17.1
2026-04-17 06:19:05,0.0,84.6,98.5,7.57,36.4,37.3,17.1
2026-04-17 06:19:05,0.0,103.1,118.7,6.58,37.5,41.7,17.1
2026-04-17 06:19:05,0.0,84.1,102.4,6.78,37.0,38.3,17.2
2026-04-17 06:19:05,0.0,94.3,109.9,6.98,37.0,39.7,17.2
2026-04-17 06:19:05,0.0,86.1,116.3,6.04,36.4,34.8,17.3
2026-04-17 06:19:05,0.0,84.6,107.6,6.34,35.3,35.4,17.3
2026-04-17 06:19:06,0.0,95.1,110.4,6.95,35.9,39.3,17.3
2026-04-17 06:19:06,0.0,84.4,111.3,6.26,37.0,38.8,17.3
2026-04-17 06:19:06,0.0,85.4,109.0,6.09,36.4,35.8,17.3
2026-04-17 06:19:06,0.0,99.1,112.6,6.83,36.4,41.4,17.3
2026-04-17 06:19:06,0.0,87.4,110.5,6.37,36.4,36.5,17.2
2026-04-17 06:19:06,0.0,89.3,99.8,7.44,36.4,44.6,17.3
2026-04-17 06:19:06,0.0,89.3,112.5,6.04,36.4,37.3,17.2
2026-04-17 06:19:07,0.0,108.9,131.9,5.38,36.4,32.4,17.2
2026-04-17 06:19:07,0.0,85.9,107.9,6.97,36.4,39.0,17.3
2026-04-17 06:19:07,0.0,85.8,99.9,7.49,35.3,40.0,17.3
2026-04-17 06:19:07,0.0,101.8,115.5,6.71,36.4,38.6,17.3
2026-04-17 06:19:07,0.0,97.6,119.8,6.16,37.0,34.4,17.3
2026-04-17 06:19:07,0.0,86.6,109.7,6.43,35.9,34.9,17.3
2026-04-17 06:19:08,0.0,95.6,107.0,7.02,37.5,37.7,17.3
2026-04-17 06:19:08,0.0,111.3,134.5,5.42,35.9,33.8,17.3
2026-04-17 06:19:08,0.0,87.2,107.2,7.11,36.4,39.3,17.4
2026-04-17 06:19:08,0.0,106.8,119.0,6.54,36.4,42.6,17.4
2026-04-17 06:19:08,0.0,95.0,117.1,6.48,36.4,38.3,17.4
2026-04-17 06:19:08,0.0,87.8,110.8,6.28,35.9,35.9,17.4
2026-04-17 06:19:08,0.0,85.6,99.4,7.52,36.4,42.6,17.4
2026-04-17 06:19:09,0.0,93.9,106.0,7.15,36.4,40.7,17.4
2026-04-17 06:19:09,0.0,92.0,115.0,6.07,36.4,33.8,17.4
2026-04-17 06:19:09,0.0,88.5,111.8,6.12,35.9,32.3,17.4
2026-04-17 06:19:09,0.0,90.5,116.0,5.85,35.3,34.3,17.4
2026-04-17 06:19:09,0.0,84.1,107.6,6.33,36.4,32.3,17.4
2026-04-17 06:19:09,0.0,91.7,107.0,7.12,38.0,41.1,17.4
2026-04-17 06:19:10,0.0,88.7,112.0,6.11,36.4,34.4,17.4
2026-04-17 06:19:10,0.0,85.9,108.9,6.12,36.4,32.3,17.4
2026-04-17 06:19:10,0.0,90.3,103.9,7.25,37.0,40.4,17.4
2026-04-17 06:19:10,0.0,87.6,110.7,6.1,35.9,31.1,17.3
2026-04-17 06:19:10,0.0,85.4,97.3,7.64,37.0,36.0,17.3
2026-04-17 06:19:10,0.0,104.9,117.0,6.51,36.4,41.0,17.3
2026-04-17 06:19:10,0.0,84.2,107.0,6.89,37.0,33.9,17.3
2026-04-17 06:19:11,0.0,104.3,119.7,6.52,35.9,41.9,17.3
2026-04-17 06:19:11,0.0,87.1,110.2,6.7,37.0,36.1,17.4
2026-04-17 06:19:11,0.0,83.8,105.1,6.13,37.5,32.3,17.4
2026-04-17 06:19:11,0.0,84.9,101.0,7.42,36.4,39.2,17.3
2026-04-17 06:19:11,0.0,98.3,112.7,6.84,37.5,38.6,17.3
2026-04-17 06:19:11,0.0,86.1,109.1,6.48,37.0,35.5,17.3
2026-04-17 06:19:11,0.0,91.8,104.2,7.2,37.0,41.1,17.3
2026-04-17 06:19:12,0.0,92.5,115.9,5.96,35.3,38.2,17.3
2026-04-17 06:19:12,0.0,92.2,113.1,6.02,37.0,36.4,17.3
2026-04-17 06:19:12,0.0,90.1,112.6,6.08,37.0,31.7,17.3
2026-04-17 06:19:12,0.0,86.2,108.5,6.15,35.3,34.8,17.3
2026-04-17 06:19:12,0.0,88.2,101.0,7.39,35.9,38.8,17.3
2026-04-17 06:19:12,0.0,96.1,119.2,5.73,36.4,35.7,17.3
2026-04-17 06:19:13,0.0,91.2,113.8,6.19,35.9,36.4,17.3
2026-04-17 06:19:13,0.0,87.7,111.0,6.12,36.4,34.9,17.3
2026-04-17 06:19:13,0.0,84.9,96.0,7.67,37.0,40.4,17.3
2026-04-17 06:19:13,0.0,107.7,122.2,6.41,35.9,41.7,17.3
2026-04-17 06:19:13,0.0,90.9,113.8,6.68,36.4,35.1,17.3
2026-04-17 06:19:13,0.0,85.2,108.4,6.21,35.3,31.7,17.4
2026-04-17 06:19:14,0.0,84.5,99.0,7.54,35.3,38.0,17.3
2026-04-17 06:19:14,0.0,90.2,103.2,7.2,36.4,44.8,17.3
2026-04-17 06:19:14,0.0,92.5,115.4,5.93,35.3,29.7,17.3
2026-04-17 06:19:14,0.0,84.9,108.1,6.28,35.3,34.9,17.3
2026-04-17 06:19:14,0.0,88.9,101.6,7.29,37.0,38.5,17.3
2026-04-17 06:19:14,0.0,84.6,107.6,6.16,35.9,34.8,17.3
2026-04-17 06:19:14,0.0,84.4,99.3,7.53,35.9,40.7,17.4
2026-04-17 06:19:15,0.0,95.7,109.0,6.92,36.4,43.1,17.4
2026-04-17 06:19:15,0.0,88.7,111.5,6.27,36.4,38.8,17.4
2026-04-17 06:19:15,0.0,91.0,113.3,5.91,36.4,30.8,17.4
2026-04-17 06:19:15,0.0,90.3,113.2,6.04,36.4,35.3,17.4
2026-04-17 06:19:15,0.0,87.6,110.1,6.1,35.9,33.8,17.2
2026-04-17 06:19:15,0.0,84.3,107.2,6.13,35.9,32.8,17.2
2026-04-17 06:19:16,0.0,94.9,110.1,6.95,36.4,37.0,17.3
2026-04-17 06:19:16,0.0,91.8,115.0,6.11,37.0,39.1,17.3
2026-04-17 06:19:16,0.0,118.2,142.1,5.16,36.4,35.4,17.3
2026-04-17 06:19:16,0.0,102.4,115.7,6.67,35.9,41.9,17.4
2026-04-17 06:19:16,0.0,110.6,133.8,5.72,36.4,39.1,17.3
2026-04-17 06:19:16,0.0,100.0,123.2,6.32,36.4,41.5,17.3
2026-04-17 06:19:17,0.0,89.9,113.4,6.41,37.0,34.4,17.3
2026-04-17 06:19:17,0.0,96.8,118.4,5.83,36.4,37.3,17.4
2026-04-17 06:19:17,0.0,85.2,108.1,6.45,37.0,36.9,17.4
2026-04-17 06:19:17,0.0,87.1,101.8,7.4,37.0,43.6,17.4
2026-04-17 06:19:17,0.0,89.7,102.1,7.37,37.5,40.4,17.3
2026-04-17 06:19:17,0.0,83.7,106.6,6.23,36.4,32.8,17.3
2026-04-17 06:19:17,0.0,87.3,103.7,7.29,36.4,43.1,17.3
2026-04-17 06:19:18,0.0,102.9,108.2,6.73,37.0,48.2,17.3
2026-04-17 06:19:18,0.0,85.6,108.4,6.7,35.9,37.7,17.3
2026-04-17 06:19:18,0.0,93.8,108.2,7.06,36.4,38.9,17.3
2026-04-17 06:19:18,0.0,86.8,109.2,6.25,35.3,36.9,17.2
2026-04-17 06:19:18,0.0,104.9,117.3,6.62,35.9,43.3,17.2
2026-04-17 06:19:18,0.0,95.4,118.6,6.36,36.4,39.7,17.2
2026-04-17 06:19:18,0.0,85.7,107.8,6.38,35.9,34.4,17.2
2026-04-17 06:19:19,0.0,84.0,99.6,7.51,37.0,37.3,17.2
2026-04-17 06:19:19,0.0,86.9,100.5,7.44,35.3,38.8,17.2
2026-04-17 06:19:19,0.0,84.7,95.7,7.63,36.4,39.6,17.2
2026-04-17 06:19:19,0.0,86.1,100.7,7.41,35.3,41.5,17.2
2026-04-17 06:19:19,0.0,90.9,104.7,7.24,36.4,39.6,17.2
2026-04-17 06:19:19,0.0,88.3,111.1,6.1,35.9,34.4,17.2
2026-04-17 06:19:19,0.0,89.3,112.3,5.97,36.4,30.8,17.2
2026-04-17 06:19:20,0.0,104.1,126.9,5.52,35.9,33.8,17.2
2026-04-17 06:19:20,0.0,85.1,108.0,6.77,36.4,35.6,17.2
2026-04-17 06:19:20,0.0,102.4,117.2,6.64,35.3,38.6,17.3
2026-04-17 06:19:20,0.0,91.1,114.1,6.44,35.9,32.8,17.3
2026-04-17 06:19:20,0.0,85.7,108.4,6.2,35.9,34.4,17.3
2026-04-17 06:19:20,0.0,83.4,97.5,7.62,36.4,42.6,17.3
2026-04-17 06:19:21,0.0,108.8,123.8,6.31,36.4,40.6,17.4
2026-04-17 06:19:21,0.0,83.8,105.8,7.05,35.9,41.0,17.4
2026-04-17 06:19:21,0.0,98.8,112.9,6.75,35.9,38.6,17.4
2026-04-17 06:19:21,0.0,92.8,117.0,6.18,35.9,36.4,17.4
2026-04-17 06:19:21,0.0,101.4,123.9,5.75,36.4,37.1,17.3
2026-04-17 06:19:21,0.0,95.1,118.0,6.24,35.9,33.3,17.4
2026-04-17 06:19:22,0.0,87.7,104.4,6.28,36.4,37.5,17.4
2026-04-17 06:19:22,0.0,91.9,106.7,7.13,35.9,42.6,17.4
2026-04-17 06:19:22,0.0,86.2,109.5,6.32,36.4,36.9,17.4
2026-04-17 06:19:22,0.0,90.2,101.7,7.27,36.4,39.6,17.4
2026-04-17 06:19:22,0.0,84.6,107.7,6.22,34.8,37.3,17.3
2026-04-17 06:19:22,0.0,97.5,112.6,6.84,36.4,43.9,17.4
2026-04-17 06:19:22,0.0,91.6,114.6,6.22,34.8,38.5,17.4
2026-04-17 06:19:23,0.0,94.0,117.1,5.92,35.3,33.3,17.4
2026-04-17 06:19:23,0.0,85.1,108.1,6.34,35.9,34.9,17.4
2026-04-17 06:19:23,0.0,86.8,101.5,7.4,37.5,39.2,17.4
2026-04-17 06:19:23,0.0,103.6,114.8,6.67,36.4,44.6,17.4
2026-04-17 06:19:23,0.0,89.4,112.4,6.56,35.9,41.3,17.4
2026-04-17 06:19:23,0.0,128.1,151.0,4.87,35.9,35.0,17.4
2026-04-17 06:19:24,0.0,91.8,117.1,6.04,36.4,31.3,17.4
2026-04-17 06:19:24,0.0,89.2,107.2,6.16,35.9,35.4,17.4
2026-04-17 06:19:24,0.0,99.9,122.0,5.65,36.4,33.3,17.5
2026-04-17 06:19:24,0.0,91.0,114.0,6.34,36.4,36.5,17.5
2026-04-17 06:19:24,0.0,101.1,124.1,5.66,37.0,31.3,17.5
2026-04-17 06:19:24,0.0,85.5,108.3,6.63,35.9,35.1,17.5
2026-04-17 06:19:25,0.0,85.7,100.1,7.49,36.4,40.7,17.5
2026-04-17 06:19:25,0.0,91.4,114.5,6.69,36.4,44.6,17.5
2026-04-17 06:19:25,0.0,85.6,108.7,6.65,36.4,33.9,17.5
2026-04-17 06:19:25,0.0,84.7,98.7,7.57,36.4,38.5,17.5
2026-04-17 06:19:25,0.0,87.3,101.9,7.36,37.0,44.8,17.5
2026-04-17 06:19:25,0.0,87.5,104.4,7.22,36.4,45.6,17.5
2026-04-17 06:19:25,0.0,86.2,109.2,6.23,36.4,36.5,17.4
2026-04-17 06:19:26,0.0,84.3,97.5,7.62,35.9,39.6,17.4
2026-04-17 06:19:26,0.0,100.9,116.9,6.65,37.0,40.0,17.4
2026-04-17 06:19:26,0.0,88.4,111.5,6.5,34.8,36.5,17.5
2026-04-17 06:19:26,0.0,92.7,116.9,5.81,35.3,36.2,17.5
2026-04-17 06:19:26,0.0,84.7,107.2,6.36,36.4,35.5,17.5
2026-04-17 06:19:26,0.0,90.6,104.3,7.18,36.4,44.8,17.4
2026-04-17 06:19:26,0.0,85.0,108.1,6.21,35.3,30.0,17.4
2026-04-17 06:19:27,0.0,106.7,121.1,6.45,35.9,45.2,17.4
2026-04-17 06:19:27,0.0,85.0,107.9,6.91,36.4,35.1,17.4
2026-04-17 06:19:27,0.0,89.8,104.8,7.23,37.0,40.0,17.4
2026-04-17 06:19:27,0.0,87.4,111.0,6.07,37.0,35.4,17.4
2026-04-17 06:19:27,0.0,84.2,95.5,7.73,35.3,43.6,17.4
2026-04-17 06:19:27,0.0,99.3,114.3,6.74,36.4,39.7,17.4
2026-04-17 06:19:27,0.0,88.2,111.3,6.42,35.9,37.5,17.4
2026-04-17 06:19:28,0.0,94.7,117.5,5.78,35.3,32.3,17.5
2026-04-17 06:19:28,0.0,96.4,117.6,5.94,35.3,38.9,17.5
2026-04-17 06:19:28,0.0,99.8,122.9,5.88,35.9,34.3,17.5
2026-04-17 06:19:28,0.0,87.8,109.2,6.47,36.4,32.8,17.5
2026-04-17 06:19:28,0.0,113.1,125.1,6.3,36.4,42.2,17.5
2026-04-17 06:19:28,0.0,112.9,130.7,6.01,35.9,39.1,17.5
2026-04-17 06:19:29,0.0,109.1,129.0,6.14,35.9,38.5,17.6
2026-04-17 06:19:29,0.0,98.1,120.3,6.43,36.4,38.3,17.6
2026-04-17 06:19:29,0.0,105.8,128.3,5.74,35.9,32.8,17.6
2026-04-17 06:19:29,0.0,87.0,110.0,6.76,36.4,36.8,17.6
2026-04-17 06:19:29,0.0,97.8,114.0,6.77,35.9,39.7,17.7
2026-04-17 06:19:29,0.0,106.8,130.0,5.81,37.0,41.2,17.7
2026-04-17 06:19:30,0.0,84.2,106.7,6.95,35.9,37.9,17.6
2026-04-17 06:19:30,0.0,90.8,106.1,7.14,35.3,40.0,17.6
2026-04-17 06:19:30,0.0,96.3,119.3,5.82,36.4,32.8,17.6
2026-04-17 06:19:30,0.0,92.2,115.2,6.16,35.9,36.4,17.6
2026-04-17 06:19:30,0.0,85.6,108.5,6.25,35.3,32.3,17.6
2026-04-17 06:19:30,0.0,85.6,99.5,7.5,36.4,45.5,17.7
2026-04-17 06:19:30,0.0,86.8,99.0,7.44,37.0,42.6,17.7
2026-04-17 06:19:31,0.0,83.7,96.7,7.67,36.4,41.5,17.7
2026-04-17 06:19:31,0.0,95.1,110.2,6.91,36.4,43.1,17.7
2026-04-17 06:19:31,0.0,87.6,110.6,6.29,36.4,33.3,17.7
2026-04-17 06:19:31,0.0,86.2,98.4,7.55,37.0,45.5,17.7
2026-04-17 06:19:31,0.0,89.5,101.9,7.35,37.5,42.6,17.7
2026-04-17 06:19:31,0.0,97.5,120.4,5.73,37.0,36.1,17.7
2026-04-17 06:19:32,0.0,84.8,107.2,6.45,35.3,31.0,17.7
2026-04-17 06:19:32,0.0,96.1,109.9,6.97,37.0,47.5,17.7
2026-04-17 06:19:32,0.0,84.4,106.4,6.45,35.3,34.4,17.8
2026-04-17 06:19:32,0.0,94.5,109.8,6.98,37.0,41.4,17.8
2026-04-17 06:19:32,0.0,88.6,110.9,6.22,36.4,39.4,17.7
2026-04-17 06:19:32,0.0,84.0,106.6,6.18,36.4,32.8,17.7
2026-04-17 06:19:32,0.0,86.7,100.2,7.35,37.5,38.5,17.7
2026-04-17 06:19:33,0.0,90.0,102.9,7.32,37.5,40.7,17.7
2026-04-17 06:19:33,0.0,90.9,113.4,5.97,36.4,37.7,17.7
2026-04-17 06:19:33,0.0,106.6,130.1,5.44,36.4,31.0,17.7
2026-04-17 06:19:33,0.0,95.5,118.5,6.5,36.4,40.6,17.7
2026-04-17 06:19:33,0.0,84.6,108.7,6.38,35.9,34.4,17.8
2026-04-17 06:19:33,0.0,86.5,100.8,7.45,37.0,41.8,17.8
2026-04-17 06:19:33,0.0,85.2,97.6,7.59,37.0,44.4,17.8
2026-04-17 06:19:34,0.0,105.2,119.8,6.51,35.3,41.7,17.8
2026-04-17 06:19:34,0.0,87.4,110.4,6.74,35.3,33.3,17.8
2026-04-17 06:19:34,0.0,87.9,100.2,7.47,36.4,38.8,17.8
2026-04-17 06:19:34,0.0,108.3,120.3,6.5,36.4,41.9,17.8
2026-04-17 06:19:34,0.0,112.2,133.2,5.87,36.4,46.3,17.8
2026-04-17 06:19:34,0.0,86.0,106.7,7.13,36.4,38.6,17.8
2026-04-17 06:19:35,0.0,89.1,102.6,7.33,36.4,46.6,17.8
2026-04-17 06:19:35,0.0,88.0,111.0,6.04,37.5,34.4,17.8
2026-04-17 06:19:35,0.0,88.1,111.2,6.0,35.3,33.3,17.9
2026-04-17 06:19:35,0.0,86.6,109.6,6.06,35.3,35.3,17.9
2026-04-17 06:19:35,0.0,86.8,99.7,7.49,35.3,38.8,17.9
2026-04-17 06:19:35,0.0,100.3,111.3,6.81,37.0,44.3,17.9
2026-04-17 06:19:35,0.0,85.1,108.3,6.61,37.0,35.0,17.9
2026-04-17 06:19:36,0.0,87.1,101.6,7.4,35.9,40.7,17.8
2026-04-17 06:19:36,0.0,97.4,107.9,6.96,37.0,45.8,17.9
2026-04-17 06:19:36,0.0,88.4,111.4,6.35,37.0,32.8,17.8
2026-04-17 06:19:36,0.0,104.9,124.6,5.46,35.3,28.4,17.9
2026-04-17 06:19:36,0.0,89.6,112.5,6.61,35.9,35.6,17.9
2026-04-17 06:19:36,0.0,100.8,123.7,5.62,36.4,30.4,17.9
2026-04-17 06:19:37,0.0,88.0,114.7,6.35,36.4,38.5,17.9
2026-04-17 06:19:37,0.0,88.0,110.9,6.14,36.4,40.9,17.9
2026-04-17 06:19:37,0.0,236.5,259.5,3.17,35.9,70.5,17.9
2026-04-17 06:19:37,0.0,109.6,123.1,5.78,36.4,70.1,17.5
2026-04-17 06:19:37,0.0,90.4,110.9,6.78,36.4,45.6,17.6
2026-04-17 06:19:38,0.0,87.4,111.2,6.08,37.0,36.8,17.6
2026-04-17 06:19:38,0.0,88.7,113.0,5.95,36.4,36.2,17.6
2026-04-17 06:19:38,0.0,86.4,109.4,6.13,35.9,34.9,17.6
2026-04-17 06:19:38,0.0,84.0,97.3,7.64,36.4,41.5,17.6
2026-04-17 06:19:38,0.0,86.8,102.6,7.35,36.4,43.9,17.4
2026-04-17 06:19:38,0.0,91.3,104.1,7.24,37.0,42.6,17.4
2026-04-17 06:19:38,0.0,98.5,121.6,5.75,35.9,37.8,17.5
2026-04-17 06:19:39,0.0,86.0,109.0,6.48,36.4,32.8,17.5
2026-04-17 06:19:39,0.0,94.9,107.8,7.06,36.4,44.1,17.5
2026-04-17 06:19:39,0.0,107.1,130.2,5.59,35.9,40.0,17.5
2026-04-17 06:19:39,0.0,84.1,107.1,6.97,36.4,37.3,17.4
2026-04-17 06:19:39,0.0,89.8,105.6,7.19,36.4,38.5,17.4
2026-04-17 06:19:39,0.0,95.9,119.4,5.78,35.9,35.3,17.4
2026-04-17 06:19:40,0.0,91.2,114.3,6.2,35.9,34.8,17.4
2026-04-17 06:19:40,0.0,90.5,114.1,6.01,37.0,37.7,17.4
2026-04-17 06:19:40,0.0,102.7,123.7,5.61,37.0,33.3,17.4
2026-04-17 06:19:40,0.0,90.0,113.1,6.5,36.4,37.1,17.4
2026-04-17 06:19:40,0.0,88.1,110.3,6.08,35.3,33.8,17.4
2026-04-17 06:19:40,0.0,86.6,109.6,6.06,37.5,34.3,17.4
2026-04-17 06:19:40,0.0,91.6,104.5,7.23,36.4,38.0,17.4
2026-04-17 06:19:41,0.0,102.7,126.2,5.62,35.3,37.0,17.4
2026-04-17 06:19:41,0.0,95.1,118.1,6.31,35.9,35.9,17.4
2026-04-17 06:19:41,0.0,94.3,117.5,6.03,36.4,34.8,17.4
2026-04-17 06:19:41,0.0,86.6,109.0,6.3,36.4,34.9,17.3
2026-04-17 06:19:41,0.0,85.5,97.6,7.56,37.5,43.4,17.3
2026-04-17 06:19:41,0.0,109.2,122.9,6.38,36.4,38.3,17.3
2026-04-17 06:19:42,0.0,108.7,131.5,6.02,35.3,38.1,17.3
2026-04-17 06:19:42,0.0,103.3,126.3,6.21,35.9,35.9,17.3
2026-04-17 06:19:42,0.0,86.9,110.7,6.62,37.0,38.3,17.3
2026-04-17 06:19:42,0.0,89.6,102.1,7.37,36.4,46.4,17.3
2026-04-17 06:19:42,0.0,95.7,119.0,5.8,36.4,37.1,17.3
2026-04-17 06:19:42,0.0,86.8,109.9,6.35,35.3,35.9,17.3
2026-04-17 06:19:43,0.0,86.9,99.2,7.5,37.0,38.0,17.3
2026-04-17 06:19:43,0.0,93.0,105.3,7.17,35.3,43.6,17.3
2026-04-17 06:19:43,0.0,125.1,148.0,5.03,36.4,32.5,17.3
2026-04-17 06:19:43,0.0,94.7,117.6,5.9,35.9,31.3,17.3
2026-04-17 06:19:43,0.0,92.9,113.1,6.07,35.9,34.4,17.3
2026-04-17 06:19:43,0.0,92.3,114.6,6.03,35.9,34.8,17.3
2026-04-17 06:19:44,0.0,94.8,117.9,5.91,35.9,34.3,17.4
2026-04-17 06:19:44,0.0,104.1,127.0,5.69,36.4,33.8,17.4
2026-04-17 06:19:44,0.0,119.7,142.8,5.48,35.9,39.7,17.4
2026-04-17 06:19:44,0.0,85.9,98.8,7.54,37.0,40.7,17.4
2026-04-17 06:19:44,0.0,95.2,108.7,7.01,35.3,36.5,17.4
2026-04-17 06:19:44,0.0,90.4,113.3,6.18,35.3,38.2,17.4
2026-04-17 06:19:44,0.0,87.8,112.2,6.01,36.4,33.3,17.4
2026-04-17 06:19:45,0.0,101.3,124.4,5.61,34.8,33.3,17.4
2026-04-17 06:19:45,0.0,86.2,109.2,6.62,37.0,37.7,17.4
2026-04-17 06:19:45,0.0,87.9,101.5,7.4,35.9,42.6,17.4
2026-04-17 06:19:45,0.0,87.7,99.0,7.52,35.3,44.6,17.4
2026-04-17 06:19:45,0.0,96.3,108.1,7.06,37.0,42.9,17.3
2026-04-17 06:19:45,0.0,102.0,125.0,5.8,35.3,36.8,17.3
2026-04-17 06:19:46,0.0,89.3,112.3,6.5,35.9,32.8,17.3
2026-04-17 06:19:46,0.0,112.1,141.0,5.12,36.4,32.5,17.3
2026-04-17 06:19:46,0.0,87.0,101.9,7.38,37.0,41.1,17.3
2026-04-17 06:19:46,0.0,90.2,102.7,7.32,35.3,43.6,17.3
2026-04-17 06:19:46,0.0,98.1,121.2,5.73,35.9,32.4,17.3
2026-04-17 06:19:46,0.0,96.1,118.8,6.08,37.5,44.8,17.3
2026-04-17 06:19:47,0.0,91.3,114.3,6.18,35.9,35.4,17.3
2026-04-17 06:19:47,0.0,106.0,129.2,5.51,36.4,34.3,17.3
2026-04-17 06:19:47,0.0,86.0,109.0,6.83,36.4,36.7,17.3
2026-04-17 06:19:47,0.0,89.0,100.0,7.34,36.4,39.6,17.4
2026-04-17 06:19:47,0.0,88.2,112.6,5.98,35.9,33.8,17.3
2026-04-17 06:19:47,0.0,85.9,106.7,6.14,36.4,33.3,17.3
2026-04-17 06:19:47,0.0,90.4,102.4,7.25,37.0,37.3,17.3
2026-04-17 06:19:48,0.0,90.2,113.2,6.01,36.4,37.3,17.3
2026-04-17 06:19:48,0.0,83.8,106.8,6.25,35.9,34.8,17.3
2026-04-17 06:19:48,0.0,85.3,101.1,7.42,35.9,44.6,17.2
2026-04-17 06:19:48,0.0,86.7,98.6,7.41,35.9,44.8,17.3
2026-04-17 06:19:48,0.0,84.3,97.0,7.65,36.4,35.4,17.2
2026-04-17 06:19:48,0.0,86.5,101.8,7.38,36.4,44.6,17.2
2026-04-17 06:19:48,0.0,86.6,99.9,7.48,35.9,41.5,17.3
2026-04-17 06:19:49,0.0,90.1,102.9,7.32,35.3,36.0,17.3
2026-04-17 06:19:49,0.0,100.2,123.5,5.66,35.9,32.8,17.3
2026-04-17 06:19:49,0.0,91.3,111.9,6.35,34.8,38.8,17.3
2026-04-17 06:19:49,0.0,103.7,126.6,5.58,36.4,34.3,17.3
2026-04-17 06:19:49,0.0,88.2,110.9,6.63,35.9,35.0,17.3
2026-04-17 06:19:49,0.0,89.3,112.5,5.95,35.9,31.7,17.3
2026-04-17 06:19:50,0.0,90.2,113.2,5.98,37.0,34.8,17.3
2026-04-17 06:19:50,0.0,92.8,99.6,7.36,36.4,39.2,17.4
2026-04-17 06:19:50,0.0,86.6,109.6,6.22,35.9,34.4,17.4
2026-04-17 06:19:50,0.0,91.9,104.4,7.22,35.3,41.8,17.4
2026-04-17 06:19:50,0.0,103.3,126.5,5.62,36.4,33.3,17.4
2026-04-17 06:19:50,0.0,96.3,119.4,6.26,36.4,38.7,17.4
2026-04-17 06:19:51,0.0,86.8,110.4,6.35,35.9,37.5,17.4
2026-04-17 06:19:51,0.0,92.4,104.9,7.22,35.3,36.5,17.4
2026-04-17 06:19:51,0.0,98.9,122.3,5.73,34.8,37.5,17.4
2026-04-17 06:19:51,0.0,83.9,108.1,6.62,35.9,35.5,17.4
2026-04-17 06:19:51,0.0,85.8,100.7,7.46,36.4,39.2,17.4
2026-04-17 06:19:51,0.0,87.4,99.5,7.41,36.4,47.5,17.5
2026-04-17 06:19:51,0.0,85.8,97.3,7.45,35.9,49.0,17.5
2026-04-17 06:19:52,0.0,85.7,108.7,6.1,35.9,32.8,17.5
2026-04-17 06:19:52,0.0,86.6,99.4,7.44,36.4,47.3,17.5
2026-04-17 06:19:52,0.0,86.3,98.0,7.54,36.4,43.4,17.5
2026-04-17 06:19:52,0.0,88.0,101.1,7.41,35.3,41.5,17.5
2026-04-17 06:19:52,0.0,85.2,108.3,6.11,35.9,32.3,17.5
2026-04-17 06:19:52,0.0,88.2,103.0,7.32,36.4,43.9,17.5
2026-04-17 06:19:52,0.0,86.7,107.7,6.06,35.9,31.3,17.5
2026-04-17 06:19:53,0.0,89.6,101.8,7.29,35.9,45.6,17.6
2026-04-17 06:19:53,0.0,85.8,107.5,6.19,35.9,37.9,17.5
2026-04-17 06:19:53,0.0,83.8,97.6,7.63,36.4,39.2,17.5
2026-04-17 06:19:53,0.0,95.0,110.9,6.92,35.9,43.3,17.5
2026-04-17 06:19:53,0.0,84.7,107.7,6.4,35.9,31.7,17.5
2026-04-17 06:19:53,0.0,88.3,106.3,7.16,36.4,37.7,17.5
2026-04-17 06:19:53,0.0,91.6,115.0,5.97,35.9,32.8,17.5
2026-04-17 06:19:54,0.0,89.6,112.7,6.09,36.4,35.8,17.5
2026-04-17 06:19:54,0.0,87.6,110.7,6.07,34.8,33.8,17.5
2026-04-17 06:19:54,0.0,95.2,107.5,7.08,34.8,44.8,17.5
2026-04-17 06:19:54,0.0,83.9,105.2,6.44,35.9,39.1,17.5
2026-04-17 06:19:54,0.0,84.7,101.1,7.44,35.3,36.5,17.5
2026-04-17 06:19:54,0.0,103.0,117.5,6.61,35.9,37.9,17.5
2026-04-17 06:19:55,0.0,110.1,133.1,5.76,35.9,41.1,17.5
2026-04-17 06:19:55,0.0,84.1,106.9,7.11,35.9,37.9,17.5
2026-04-17 06:19:55,0.0,91.1,106.6,7.13,35.9,38.9,17.6
2026-04-17 06:19:55,0.0,93.4,116.6,5.92,35.3,34.3,17.6
2026-04-17 06:19:55,0.0,112.0,135.0,5.4,35.9,37.0,17.7
2026-04-17 06:19:55,0.0,89.9,111.0,6.92,35.3,37.9,17.7
2026-04-17 06:19:55,0.0,87.6,108.3,6.08,37.0,35.4,17.7
2026-04-17 06:19:56,0.0,106.6,117.1,6.57,35.9,45.3,17.7
2026-04-17 06:19:56,0.0,112.0,134.8,5.82,36.4,41.8,17.7
2026-04-17 06:19:56,0.0,97.5,118.8,6.57,35.3,37.7,17.7
2026-04-17 06:19:56,0.0,89.7,112.7,6.3,35.9,37.9,17.7
2026-04-17 06:19:56,0.0,94.3,117.3,5.84,35.9,32.3,17.7
2026-04-17 06:19:56,0.0,87.3,109.7,6.27,35.9,35.9,17.7
2026-04-17 06:19:57,0.0,88.3,101.2,7.41,36.4,41.5,17.7
2026-04-17 06:19:57,0.0,94.1,104.1,7.23,37.0,43.4,17.8
2026-04-17 06:19:57,0.0,111.7,134.8,5.43,37.0,33.3,17.7
2026-04-17 06:19:57,0.0,86.0,107.6,7.08,36.4,43.3,17.7
2026-04-17 06:19:57,0.0,89.4,103.0,7.32,35.3,37.3,17.7
2026-04-17 06:19:57,0.0,88.8,111.9,6.03,35.3,36.4,17.7
2026-04-17 06:19:58,0.0,107.6,130.6,5.4,35.9,29.6,17.7
2026-04-17 06:19:58,0.0,88.4,111.6,6.78,36.4,39.7,17.7
2026-04-17 06:19:58,0.0,86.1,105.6,6.07,35.9,32.8,17.7
2026-04-17 06:19:58,0.0,84.6,97.8,7.61,35.3,37.3,17.7
2026-04-17 06:19:58,0.0,97.3,110.2,6.86,35.9,35.8,17.7
2026-04-17 06:19:58,0.0,110.4,131.1,5.56,37.0,38.8,17.7
2026-04-17 06:19:58,0.0,88.0,110.3,6.94,36.4,33.3,17.7
2026-04-17 06:19:59,0.0,98.0,110.1,6.97,36.4,40.7,17.7
2026-04-17 06:19:59,0.0,97.4,120.5,6.03,35.3,38.2,17.7
2026-04-17 06:19:59,0.0,92.3,113.2,6.2,36.4,35.9,17.7
2026-04-17 06:19:59,0.0,119.8,142.5,5.15,36.4,38.2,17.7
2026-04-17 06:19:59,0.0,84.6,97.2,7.63,36.4,40.7,17.7
2026-04-17 06:19:59,0.0,94.6,109.2,6.98,36.4,46.7,17.7
2026-04-17 06:20:00,0.0,95.5,118.6,5.97,35.3,31.8,17.7
2026-04-17 06:20:00,0.0,109.2,132.1,5.55,37.0,34.8,17.7
2026-04-17 06:20:00,0.0,89.6,112.5,6.81,35.3,37.9,17.7
2026-04-17 06:20:00,0.0,85.8,108.3,6.14,36.4,36.4,17.6
2026-04-17 06:20:00,0.0,84.4,96.8,7.59,36.4,39.6,17.6
2026-04-17 06:20:00,0.0,85.9,101.4,7.4,36.4,38.0,17.6
2026-04-17 06:20:00,0.0,104.7,115.9,6.59,35.3,43.5,17.7
2026-04-17 06:20:01,0.0,97.9,120.3,6.26,36.4,36.5,17.7
2026-04-17 06:20:01,0.0,85.9,108.9,6.47,35.3,34.4,17.7
2026-04-17 06:20:01,0.0,87.5,101.3,7.41,36.4,40.4,17.7
2026-04-17 06:20:01,0.0,89.5,101.6,7.39,35.3,44.4,17.7
2026-04-17 06:20:01,0.0,88.9,110.1,6.02,36.4,31.7,17.7
2026-04-17 06:20:01,0.0,87.0,110.0,6.08,35.9,35.7,17.7
2026-04-17 06:20:01,0.0,90.2,102.4,7.32,35.3,42.3,17.7
2026-04-17 06:20:02,0.0,86.9,111.2,6.08,36.4,37.9,17.7
2026-04-17 06:20:02,0.0,99.1,122.4,5.62,36.4,34.3,17.7
2026-04-17 06:20:02,0.0,91.6,114.1,6.24,35.3,34.9,17.7
2026-04-17 06:20:02,0.0,85.7,108.4,6.27,35.9,34.4,17.7
2026-04-17 06:20:02,0.0,95.8,109.8,6.98,36.4,42.1,17.7
2026-04-17 06:20:02,0.0,83.8,106.8,6.46,34.8,39.1,17.8
2026-04-17 06:20:03,0.0,92.9,102.4,7.01,36.4,46.2,17.8
2026-04-17 06:20:03,0.0,84.8,107.9,6.33,35.9,39.1,17.8
2026-04-17 06:20:03,0.0,87.8,105.9,7.18,35.9,41.1,17.8
2026-04-17 06:20:03,0.0,85.5,108.6,6.2,35.9,36.9,17.8
2026-04-17 06:20:03,0.0,83.8,97.6,7.62,36.4,39.6,17.8
2026-04-17 06:20:03,0.0,104.6,122.2,6.41,35.9,43.9,17.8
2026-04-17 06:20:03,0.0,87.7,110.0,6.76,35.9,35.7,17.8
2026-04-17 06:20:04,0.0,103.4,115.2,6.71,36.4,42.6,17.8
2026-04-17 06:20:04,0.0,94.9,119.0,6.29,36.4,31.7,17.8
2026-04-17 06:20:04,0.0,96.7,120.0,5.97,35.9,37.9,17.8
2026-04-17 06:20:04,0.0,87.5,110.5,6.36,35.3,39.4,17.8
2026-04-17 06:20:04,0.0,92.1,104.2,7.25,35.9,38.5,17.8
2026-04-17 06:20:04,0.0,85.5,108.6,6.25,35.3,35.9,17.8
2026-04-17 06:20:05,0.0,101.1,115.5,6.71,35.9,39.3,17.8
2026-04-17 06:20:05,0.0,94.0,118.3,6.23,36.4,36.9,17.7
2026-04-17 06:20:05,0.0,93.9,117.1,6.04,35.9,34.8,17.7
2026-04-17 06:20:05,0.0,94.0,116.9,6.01,36.4,32.8,17.7
2026-04-17 06:20:05,0.0,96.8,119.8,5.9,37.0,32.8,17.7
2026-04-17 06:20:05,0.0,111.0,133.9,5.53,36.4,35.2,17.8
2026-04-17 06:20:06,0.0,87.1,109.1,7.01,35.9,37.5,17.8
2026-04-17 06:20:06,0.0,91.6,104.2,7.25,36.4,41.1,17.9
2026-04-17 06:20:06,0.0,97.4,120.3,5.8,35.3,33.3,17.9
2026-04-17 06:20:06,0.0,87.6,110.7,6.37,34.2,33.9,17.9
2026-04-17 06:20:06,0.0,90.2,101.4,7.36,35.9,44.6,17.9
2026-04-17 06:20:06,0.0,85.3,108.2,6.19,36.4,38.8,17.9
2026-04-17 06:20:06,0.0,88.1,102.1,7.35,35.3,39.2,17.9
2026-04-17 06:20:07,0.0,102.6,114.8,6.72,35.9,48.4,17.9
2026-04-17 06:20:07,0.0,93.6,116.8,6.38,36.4,34.4,17.9
2026-04-17 06:20:07,0.0,85.5,108.5,6.32,37.0,33.9,17.9
2026-04-17 06:20:07,0.0,83.8,98.2,7.59,35.3,39.2,17.9
2026-04-17 06:20:07,0.0,106.0,121.8,6.44,37.5,41.3,17.9
2026-04-17 06:20:07,0.0,123.6,146.7,5.43,36.4,41.9,17.9
2026-04-17 06:20:08,0.0,84.4,107.8,6.21,36.4,36.4,17.9
2026-04-17 06:20:08,0.0,93.7,108.7,7.02,35.9,36.5,18.0
2026-04-17 06:20:08,0.0,84.8,107.7,6.27,34.8,35.4,18.0
2026-04-17 06:20:08,0.0,82.2,94.0,7.74,37.5,41.2,17.9
2026-04-17 06:20:08,0.0,86.2,101.8,7.29,35.9,44.8,17.9
2026-04-17 06:20:08,0.0,82.8,95.9,7.72,35.9,40.4,17.9
2026-04-17 06:20:08,0.0,99.6,116.3,6.66,35.9,36.8,17.9
2026-04-17 06:20:09,0.0,83.8,106.9,6.63,35.9,35.0,17.9
2026-04-17 06:20:09,0.0,87.0,103.1,7.33,36.4,41.8,17.9
2026-04-17 06:20:09,0.0,86.6,98.9,7.53,35.9,43.6,17.8
2026-04-17 06:20:09,0.0,87.0,99.7,7.49,35.3,44.6,17.8
2026-04-17 06:20:09,0.0,115.1,128.2,6.18,34.8,43.7,17.8
2026-04-17 06:20:09,0.0,82.8,102.1,7.38,37.0,36.5,17.8
2026-04-17 06:20:09,0.0,112.1,125.7,6.21,36.4,42.4,17.8
2026-04-17 06:20:10,0.0,94.4,115.4,6.72,36.4,35.1,17.8
2026-04-17 06:20:10,0.0,102.7,125.4,5.71,36.4,35.3,17.8
2026-04-17 06:20:10,0.0,122.9,146.0,5.35,35.9,34.7,17.8
2026-04-17 06:20:10,0.0,101.7,124.8,5.6,36.4,32.4,17.8
2026-04-17 06:20:10,0.0,86.7,109.5,6.6,35.9,38.7,17.8
2026-04-17 06:20:10,0.0,85.7,98.6,7.54,37.0,40.4,17.9
2026-04-17 06:20:11,0.0,92.7,108.2,7.02,35.9,42.1,17.9
2026-04-17 06:20:11,0.0,87.0,109.9,6.3,37.0,38.5,17.9
2026-04-17 06:20:11,0.0,85.2,97.5,7.62,35.9,37.3,17.9
2026-04-17 06:20:11,0.0,97.2,111.8,6.88,37.0,42.1,17.9
2026-04-17 06:20:11,0.0,89.5,112.5,6.29,36.4,36.5,17.9
2026-04-17 06:20:11,0.0,85.6,108.7,6.15,36.4,32.3,17.9
2026-04-17 06:20:11,0.0,96.2,108.2,6.95,36.4,41.8,17.9
2026-04-17 06:20:12,0.0,109.4,132.7,5.56,36.4,38.4,17.9
2026-04-17 06:20:12,0.0,89.8,112.6,6.81,35.9,36.8,17.9
2026-04-17 06:20:12,0.0,107.6,129.1,5.42,37.0,39.7,17.9
2026-04-17 06:20:12,0.0,86.6,109.0,6.87,35.3,39.3,17.9
2026-04-17 06:20:12,0.0,103.2,116.3,6.67,35.3,37.5,17.8
2026-04-17 06:20:12,0.0,102.8,125.9,6.02,37.0,35.4,17.9
2026-04-17 06:20:13,0.0,93.2,116.2,6.37,37.5,36.1,17.9
2026-04-17 06:20:13,0.0,96.6,119.6,5.89,36.4,33.3,18.0
2026-04-17 06:20:13,0.0,84.7,107.8,6.45,35.9,35.5,18.0
2026-04-17 06:20:13,0.0,88.4,103.0,7.3,36.4,38.5,18.0
2026-04-17 06:20:13,0.0,84.4,107.6,6.15,36.4,32.8,18.0
2026-04-17 06:20:13,0.0,84.5,101.5,7.41,36.4,38.9,17.9
2026-04-17 06:20:13,0.0,90.9,103.9,7.25,35.9,38.5,17.9
2026-04-17 06:20:14,0.0,96.2,119.2,5.82,36.4,33.3,17.9
2026-04-17 06:20:14,0.0,89.9,113.0,6.24,34.8,35.4,17.9
2026-04-17 06:20:14,0.0,87.9,110.9,6.08,36.4,34.8,17.9
2026-04-17 06:20:14,0.0,83.5,95.5,7.75,35.9,41.5,17.9
2026-04-17 06:20:14,0.0,100.2,116.5,6.66,35.9,41.4,17.8
2026-04-17 06:20:14,0.0,83.6,106.7,6.69,37.0,40.0,17.8
2026-04-17 06:20:15,0.0,87.8,103.8,7.24,35.9,47.2,17.9
2026-04-17 06:20:15,0.0,103.7,125.5,5.49,35.3,37.3,17.9
2026-04-17 06:20:15,0.0,86.2,109.0,6.72,35.9,32.1,17.8
2026-04-17 06:20:15,0.0,87.2,101.0,7.41,36.4,39.6,17.8
2026-04-17 06:20:15,0.0,85.7,108.9,6.07,37.0,34.4,17.8
2026-04-17 06:20:15,0.0,83.4,96.7,7.64,36.4,37.3,17.8
2026-04-17 06:20:15,0.0,101.9,118.1,6.59,36.4,38.3,17.8
2026-04-17 06:20:16,0.0,85.8,108.9,6.64,37.0,37.7,17.8
2026-04-17 06:20:16,0.0,84.8,102.7,7.34,37.0,40.0,17.8
2026-04-17 06:20:16,0.0,87.4,110.4,6.04,37.0,37.3,17.9
2026-04-17 06:20:16,0.0,84.6,96.4,7.63,37.0,38.5,17.9
2026-04-17 06:20:16,0.0,87.0,100.7,7.42,37.0,45.6,18.0
2026-04-17 06:20:16,0.0,83.4,95.6,7.73,37.0,38.0,18.0
2026-04-17 06:20:16,0.0,88.2,104.8,7.23,37.0,42.1,18.1
2026-04-17 06:20:17,0.0,224.8,247.7,3.3,37.5,67.5,18.1
2026-04-17 06:20:17,0.0,195.0,201.2,4.14,36.4,84.7,17.7
2026-04-17 06:20:17,0.0,102.0,116.6,5.93,35.9,53.0,17.7
2026-04-17 06:20:17,0.0,98.2,119.4,6.13,35.9,42.2,17.7
2026-04-17 06:20:17,0.0,102.3,124.6,5.86,36.4,37.7,17.6
2026-04-17 06:20:18,0.0,114.4,137.5,5.59,37.0,42.3,17.6
2026-04-17 06:20:18,0.0,86.4,105.1,7.22,37.0,34.6,17.5
2026-04-17 06:20:18,0.0,97.1,109.7,6.95,36.4,43.3,17.5
2026-04-17 06:20:18,0.0,94.9,115.3,6.08,35.9,36.4,17.5
2026-04-17 06:20:18,0.0,86.1,109.9,6.29,36.4,34.4,17.5
2026-04-17 06:20:18,0.0,103.9,116.3,6.67,36.4,37.5,17.4
2026-04-17 06:20:19,0.0,100.7,125.8,6.05,34.8,36.5,17.4
2026-04-17 06:20:19,0.0,84.1,105.5,6.76,35.9,35.0,17.5
2026-04-17 06:20:19,0.0,104.0,119.4,6.53,36.4,38.6,17.5
2026-04-17 06:20:19,0.0,85.4,108.7,6.74,37.0,30.4,17.5
2026-04-17 06:20:19,0.0,94.7,108.4,7.03,37.0,43.1,17.5
2026-04-17 06:20:19,0.0,91.4,114.5,6.12,36.4,33.9,17.5
2026-04-17 06:20:20,0.0,123.2,146.4,5.04,37.5,39.2,17.5
2026-04-17 06:20:20,0.0,110.5,133.6,5.34,35.3,36.0,17.5
2026-04-17 06:20:20,0.0,104.8,127.0,6.22,35.9,36.5,17.5
2026-04-17 06:20:20,0.0,87.4,110.2,6.7,35.3,37.3,17.5
2026-04-17 06:20:20,0.0,84.6,96.8,7.67,36.4,43.6,17.5
2026-04-17 06:20:20,0.0,93.8,110.9,6.91,36.4,45.0,17.6
2026-04-17 06:20:20,0.0,114.4,136.2,5.39,35.9,37.3,17.6
2026-04-17 06:20:21,0.0,86.1,102.0,7.26,35.3,38.2,17.6
2026-04-17 06:20:21,0.0,95.9,109.6,6.99,36.4,43.1,17.5
2026-04-17 06:20:21,0.0,127.0,150.2,5.06,35.9,31.1,17.5
2026-04-17 06:20:21,0.0,88.0,111.1,6.22,37.0,33.8,17.5
2026-04-17 06:20:21,0.0,87.5,111.0,6.0,35.3,36.8,17.5
2026-04-17 06:20:21,0.0,92.2,114.6,5.86,35.9,33.8,17.5
2026-04-17 06:20:22,0.0,93.6,120.0,5.83,35.3,36.4,17.5
2026-04-17 06:20:22,0.0,93.8,117.7,6.04,35.3,30.6,17.5
2026-04-17 06:20:22,0.0,92.7,114.0,6.13,35.9,32.8,17.5
2026-04-17 06:20:22,0.0,89.9,113.1,6.1,35.3,34.4,17.4
2026-04-17 06:20:22,0.0,91.4,114.3,5.96,35.9,34.3,17.4
2026-04-17 06:20:22,0.0,85.3,108.3,6.23,35.3,32.8,17.4
2026-04-17 06:20:23,0.0,84.3,99.0,7.55,37.0,41.5,17.3
2026-04-17 06:20:23,0.0,88.0,103.1,7.31,37.0,41.8,17.3
2026-04-17 06:20:23,0.0,94.3,117.5,5.78,36.4,34.8,17.3
2026-04-17 06:20:23,0.0,86.2,109.3,6.32,37.0,34.4,17.3
2026-04-17 06:20:23,0.0,84.6,98.2,7.58,36.4,42.3,17.3
2026-04-17 06:20:23,0.0,87.3,102.3,7.36,36.4,44.6,17.3
2026-04-17 06:20:23,0.0,87.9,98.6,7.47,35.9,42.6,17.3
2026-04-17 06:20:24,0.0,89.0,101.4,7.41,35.3,45.5,17.3
2026-04-17 06:20:24,0.0,86.7,109.8,6.1,37.0,28.8,17.3
2026-04-17 06:20:24,0.0,88.8,101.2,7.38,37.5,40.0,17.3
2026-04-17 06:20:24,0.0,85.3,107.2,6.14,36.4,35.4,17.3
2026-04-17 06:20:24,0.0,83.5,98.2,7.6,36.4,36.0,17.3
2026-04-17 06:20:24,0.0,104.2,113.3,6.49,37.0,52.4,17.3
2026-04-17 06:20:24,0.0,89.0,112.2,6.61,35.9,37.1,17.3
2026-04-17 06:20:25,0.0,90.0,112.4,5.97,37.0,31.2,17.3
2026-04-17 06:20:25,0.0,101.0,124.6,5.61,35.9,35.2,17.3
2026-04-17 06:20:25,0.0,88.6,111.7,6.51,35.9,30.5,17.3
2026-04-17 06:20:25,0.0,83.6,111.8,5.99,36.4,32.3,17.3
2026-04-17 06:20:25,0.0,83.9,105.1,6.18,36.4,33.8,17.3
2026-04-17 06:20:25,0.0,85.7,101.9,7.39,35.9,42.9,17.3
2026-04-17 06:20:26,0.0,88.5,102.7,7.34,35.9,41.5,17.3
2026-04-17 06:20:26,0.0,91.4,114.3,5.92,36.4,34.8,17.3
2026-04-17 06:20:26,0.0,85.7,108.2,6.21,35.9,37.9,17.3
2026-04-17 06:20:26,0.0,102.8,116.6,6.65,36.4,40.0,17.3
2026-04-17 06:20:26,0.0,95.1,118.4,6.29,35.3,41.2,17.2
2026-04-17 06:20:26,0.0,91.5,114.7,6.14,35.3,31.7,17.2
2026-04-17 06:20:27,0.0,113.8,137.1,5.29,36.4,36.5,17.2
2026-04-17 06:20:27,0.0,87.1,106.1,7.14,35.9,40.7,17.3
2026-04-17 06:20:27,0.0,105.1,125.1,6.29,36.4,47.6,17.3
2026-04-17 06:20:27,0.0,86.2,106.7,7.13,35.9,42.6,17.3
2026-04-17 06:20:27,0.0,95.5,108.2,7.04,35.3,41.1,17.2
2026-04-17 06:20:27,0.0,90.9,114.2,6.16,37.0,34.9,17.2
2026-04-17 06:20:27,0.0,92.8,114.7,5.94,37.0,37.9,17.2
2026-04-17 06:20:28,0.0,105.5,128.6,5.57,35.9,36.1,17.3
2026-04-17 06:20:28,0.0,88.9,115.6,6.52,35.3,35.6,17.3
2026-04-17 06:20:28,0.0,84.0,108.2,6.28,34.8,31.1,17.3
2026-04-17 06:20:28,0.0,111.9,126.2,6.25,37.0,41.8,17.3
2026-04-17 06:20:28,0.0,87.4,108.8,7.03,35.9,39.7,17.3
2026-04-17 06:20:28,0.0,105.3,117.4,6.62,35.9,36.8,17.3
2026-04-17 06:20:29,0.0,83.8,106.8,6.89,36.4,35.1,17.3
2026-04-17 06:20:29,0.0,97.0,110.8,6.83,36.4,37.5,17.3
2026-04-17 06:20:29,0.0,89.3,112.4,6.3,35.9,33.3,17.3
2026-04-17 06:20:29,0.0,112.5,135.7,5.26,36.4,31.5,17.3
2026-04-17 06:20:29,0.0,98.6,118.9,6.56,35.9,36.7,17.3
2026-04-17 06:20:29,0.0,92.6,116.4,6.19,36.4,40.6,17.3
2026-04-17 06:20:30,0.0,106.3,128.6,5.54,35.9,40.0,17.3
2026-04-17 06:20:30,0.0,87.1,109.3,6.81,35.9,35.1,17.3
2026-04-17 06:20:30,0.0,97.5,109.6,6.97,37.0,43.3,17.3
2026-04-17 06:20:30,0.0,93.5,116.7,6.15,37.0,36.9,17.3
2026-04-17 06:20:30,0.0,90.1,113.2,6.13,36.4,34.3,17.3
2026-04-17 06:20:30,0.0,87.0,109.9,6.12,35.3,31.1,17.3
2026-04-17 06:20:30,0.0,95.3,108.5,7.03,35.9,39.3,17.4
2026-04-17 06:20:31,0.0,100.2,123.3,5.85,35.9,33.3,17.4
2026-04-17 06:20:31,0.0,101.6,124.7,5.95,36.4,33.8,17.4
2026-04-17 06:20:31,0.0,85.5,108.5,6.64,35.9,34.5,17.4
2026-04-17 06:20:31,0.0,99.8,114.9,6.74,36.4,39.3,17.4
2026-04-17 06:20:31,0.0,86.4,108.8,6.56,35.9,35.6,17.5
2026-04-17 06:20:31,0.0,85.9,99.5,7.51,35.3,43.9,17.5
2026-04-17 06:20:32,0.0,86.5,100.1,7.49,35.9,37.3,17.5
2026-04-17 06:20:32,0.0,104.9,116.9,6.59,35.3,51.6,17.5
2026-04-17 06:20:32,0.0,86.8,109.5,6.74,35.9,36.7,17.5
2026-04-17 06:20:32,0.0,93.8,104.7,7.12,37.0,50.9,17.6
2026-04-17 06:20:32,0.0,90.0,113.1,6.15,35.3,34.4,17.6
2026-04-17 06:20:32,0.0,86.1,109.2,6.15,35.9,35.8,17.6
2026-04-17 06:20:32,0.0,83.8,97.6,7.62,35.3,39.2,17.6
2026-04-17 06:20:33,0.0,87.9,103.6,7.29,37.0,46.6,17.6
2026-04-17 06:20:33,0.0,94.9,116.8,5.75,35.9,34.3,17.6
2026-04-17 06:20:33,0.0,84.2,107.4,6.41,36.4,35.5,17.6
2026-04-17 06:20:33,0.0,92.5,107.7,7.08,36.4,42.1,17.6
2026-04-17 06:20:33,0.0,100.5,123.9,5.71,35.3,34.8,17.5
2026-04-17 06:20:33,0.0,86.5,109.5,6.57,34.8,33.9,17.5
2026-04-17 06:20:34,0.0,90.8,104.2,7.26,36.4,40.0,17.5
2026-04-17 06:20:34,0.0,104.8,127.9,5.54,35.9,34.7,17.5
2026-04-17 06:20:34,0.0,105.2,128.2,5.98,37.0,38.2,17.5
2026-04-17 06:20:34,0.0,84.8,107.6,6.85,36.4,41.9,17.5
2026-04-17 06:20:34,0.0,92.0,106.8,7.12,35.9,42.1,17.6
2026-04-17 06:20:34,0.0,123.1,144.3,5.06,35.9,39.7,17.6
2026-04-17 06:20:35,0.0,90.2,112.9,5.99,35.3,34.8,17.6
2026-04-17 06:20:35,0.0,85.0,108.0,6.2,36.4,27.1,17.6
2026-04-17 06:20:35,0.0,103.2,117.9,6.6,37.0,40.0,17.6
2026-04-17 06:20:35,0.0,91.1,114.2,6.47,36.4,37.7,17.6
2026-04-17 06:20:35,0.0,88.3,111.4,6.11,35.3,31.3,17.6
2026-04-17 06:20:35,0.0,96.2,118.1,5.73,36.4,32.9,17.6
2026-04-17 06:20:35,0.0,90.2,113.1,6.23,35.3,32.8,17.6
2026-04-17 06:20:36,0.0,105.3,128.2,5.5,34.8,35.6,17.6
2026-04-17 06:20:36,0.0,85.5,108.5,6.81,35.9,40.6,17.6
2026-04-17 06:20:36,0.0,86.2,100.0,7.47,35.9,45.5,17.6
2026-04-17 06:20:36,0.0,87.5,101.0,7.42,35.3,42.6,17.7
2026-04-17 06:20:36,0.0,84.2,94.8,7.7,36.4,35.4,17.6
2026-04-17 06:20:36,0.0,89.0,102.2,7.23,35.9,45.6,17.6
2026-04-17 06:20:37,0.0,88.0,111.3,6.05,37.0,30.2,17.6
2026-04-17 06:20:37,0.0,98.7,119.1,5.64,36.4,44.1,17.6
2026-04-17 06:20:37,0.0,89.5,112.6,6.37,36.4,33.3,17.6
2026-04-17 06:20:37,0.0,84.0,106.9,6.2,36.4,32.8,17.7
2026-04-17 06:20:37,0.0,90.6,106.5,7.15,35.9,42.1,17.7
2026-04-17 06:20:37,0.0,86.2,109.4,6.17,36.4,32.3,17.7
2026-04-17 06:20:37,0.0,84.2,97.4,7.63,36.4,40.7,17.7
2026-04-17 06:20:38,0.0,83.9,99.5,7.49,36.4,43.4,17.7
2026-04-17 06:20:38,0.0,84.5,99.0,7.5,36.4,40.7,17.7
2026-04-17 06:20:38,0.0,106.4,121.8,6.44,35.9,37.3,17.7
2026-04-17 06:20:38,0.0,85.6,108.6,6.86,36.4,37.9,17.7
2026-04-17 06:20:38,0.0,84.8,98.1,7.55,35.9,37.3,17.7
2026-04-17 06:20:38,0.0,94.6,109.3,7.0,35.9,44.8,17.7
2026-04-17 06:20:38,0.0,87.5,110.5,6.27,37.0,36.4,17.8
2026-04-17 06:20:39,0.0,86.2,98.7,7.54,35.3,42.3,17.8
2026-04-17 06:20:39,0.0,90.3,101.2,7.31,37.0,42.6,17.8
2026-04-17 06:20:39,0.0,86.6,111.6,6.05,37.0,30.2,17.8
2026-04-17 06:20:39,0.0,84.9,95.5,7.72,34.8,37.5,17.8
2026-04-17 06:20:39,0.0,92.1,105.3,7.14,36.4,42.1,17.9
2026-04-17 06:20:39,0.0,93.0,114.8,5.97,35.9,33.8,17.8
2026-04-17 06:20:40,0.0,113.9,136.9,5.34,35.9,37.8,17.8
2026-04-17 06:20:40,0.0,84.2,103.4,7.29,36.4,34.6,17.8
2026-04-17 06:20:40,0.0,92.6,108.2,7.06,36.4,44.1,17.8
2026-04-17 06:20:40,0.0,85.5,108.4,6.27,36.4,32.8,17.8
2026-04-17 06:20:40,0.0,92.1,105.2,7.16,36.4,40.0,17.9
2026-04-17 06:20:40,0.0,87.5,110.2,6.17,35.9,31.7,17.8
2026-04-17 06:20:40,0.0,87.1,101.2,7.42,36.4,41.8,17.9
2026-04-17 06:20:41,0.0,87.6,115.5,5.88,35.9,34.8,17.8
2026-04-17 06:20:41,0.0,86.7,109.7,6.22,35.9,32.8,17.8
2026-04-17 06:20:41,0.0,87.7,100.4,7.44,35.3,40.0,17.7
2026-04-17 06:20:41,0.0,92.4,104.0,7.24,37.0,44.8,17.7
2026-04-17 06:20:41,0.0,86.9,110.0,6.21,35.3,32.8,17.6
2026-04-17 06:20:41,0.0,83.4,96.0,7.71,35.9,40.4,17.6
2026-04-17 06:20:41,0.0,86.6,103.2,7.31,35.9,42.9,17.6
2026-04-17 06:20:42,0.0,84.6,97.9,7.6,36.4,38.5,17.7
2026-04-17 06:20:42,0.0,89.4,103.9,6.9,36.4,59.6,17.7
2026-04-17 06:20:42,0.0,87.1,109.8,6.37,35.9,32.2,17.6
2026-04-17 06:20:42,0.0,88.3,100.3,7.43,37.0,42.6,17.6
2026-04-17 06:20:42,0.0,87.2,110.0,6.04,35.9,30.6,17.6
2026-04-17 06:20:42,0.0,84.8,97.0,7.65,35.9,39.6,17.6
2026-04-17 06:20:42,0.0,87.2,101.9,7.37,35.9,45.6,17.6
2026-04-17 06:20:43,0.0,83.4,95.8,7.7,36.4,34.0,17.6
2026-04-17 06:20:43,0.0,96.5,112.0,6.84,35.3,41.1,17.6
2026-04-17 06:20:43,0.0,103.6,126.5,5.76,35.3,36.8,17.7
2026-04-17 06:20:43,0.0,83.4,106.4,6.83,37.0,36.7,17.7
2026-04-17 06:20:43,0.0,98.0,113.9,6.76,36.4,41.7,17.7
2026-04-17 06:20:43,0.0,106.3,129.3,5.72,37.0,31.3,17.7
2026-04-17 06:20:43,0.0,89.3,111.5,6.68,35.9,35.1,17.7
2026-04-17 06:20:44,0.0,109.8,132.7,5.34,37.0,32.9,17.7
2026-04-17 06:20:44,0.0,88.3,110.1,6.88,36.4,38.6,17.6
2026-04-17 06:20:44,0.0,84.9,115.1,5.87,35.3,36.1,17.6
2026-04-17 06:20:44,0.0,85.0,108.1,6.28,36.4,31.1,17.6
2026-04-17 06:20:44,0.0,89.6,103.9,7.25,37.0,37.7,17.5
2026-04-17 06:20:44,0.0,92.6,115.8,5.89,35.9,35.8,17.5
2026-04-17 06:20:45,0.0,84.4,107.7,6.31,37.0,35.4,17.5
2026-04-17 06:20:45,0.0,88.1,103.1,7.31,37.0,42.6,17.5
2026-04-17 06:20:45,0.0,86.2,108.1,6.07,36.4,33.8,17.6
2026-04-17 06:20:45,0.0,94.0,107.6,7.08,35.9,41.1,17.6
2026-04-17 06:20:45,0.0,88.0,109.8,6.23,37.0,36.5,17.6
2026-04-17 06:20:45,0.0,83.7,95.5,7.76,36.4,38.0,17.7
2026-04-17 06:20:45,0.0,96.2,112.1,6.86,35.3,37.5,17.7
2026-04-17 06:20:46,0.0,107.2,130.0,5.63,35.9,33.8,17.8
2026-04-17 06:20:46,0.0,96.5,119.7,6.4,37.0,35.6,17.8
2026-04-17 06:20:46,0.0,86.1,106.8,6.41,35.9,36.5,17.8
2026-04-17 06:20:46,0.0,91.5,106.7,7.06,37.0,37.7,17.9
2026-04-17 06:20:46,0.0,86.4,109.6,6.31,35.3,35.9,17.9
2026-04-17 06:20:46,0.0,82.4,95.7,7.74,36.4,36.7,17.9
2026-04-17 06:20:47,0.0,99.6,107.1,6.65,35.9,50.0,17.9
2026-04-17 06:20:47,0.0,83.4,105.2,6.65,37.0,36.7,18.0
2026-04-17 06:20:47,0.0,97.1,113.5,6.79,35.9,44.3,17.9
2026-04-17 06:20:47,0.0,101.5,124.3,5.85,36.4,37.7,17.9
2026-04-17 06:20:47,0.0,90.4,113.3,6.45,35.3,35.5,17.9
2026-04-17 06:20:47,0.0,97.7,121.8,5.71,35.9,29.9,17.8
2026-04-17 06:20:48,0.0,95.5,121.1,6.03,35.9,35.4,17.8
2026-04-17 06:20:48,0.0,88.8,112.0,6.35,35.3,38.5,17.8
2026-04-17 06:20:48,0.0,91.5,114.2,5.91,34.8,36.2,17.8
2026-04-17 06:20:48,0.0,105.6,128.7,5.53,37.0,31.9,17.8
2026-04-17 06:20:48,0.0,88.9,111.4,6.68,37.0,35.1,17.8
2026-04-17 06:20:48,0.0,89.1,112.2,5.99,34.8,35.3,17.9
2026-04-17 06:20:49,0.0,96.3,118.1,5.73,36.4,33.3,17.9
2026-04-17 06:20:49,0.0,87.5,110.3,6.38,35.9,35.5,17.9
2026-04-17 06:20:49,0.0,122.0,134.6,5.95,37.0,37.5,17.9
2026-04-17 06:20:49,0.0,118.3,131.8,5.1,36.4,41.0,17.9
2026-04-17 06:20:49,0.0,86.0,100.8,7.45,36.4,42.1,17.8
2026-04-17 06:20:49,0.0,110.6,124.5,6.33,35.9,42.9,17.8
2026-04-17 06:20:49,0.0,94.4,116.7,6.66,37.0,33.9,17.8
2026-04-17 06:20:50,0.0,120.8,143.8,5.17,37.0,36.4,17.8
2026-04-17 06:20:50,0.0,100.4,112.2,6.86,35.9,39.7,17.7
2026-04-17 06:20:50,0.0,93.0,116.8,6.17,36.4,36.9,17.7
2026-04-17 06:20:50,0.0,99.5,122.5,5.87,35.9,31.8,17.7
2026-04-17 06:20:50,0.0,97.5,125.2,5.9,36.4,37.7,17.7
2026-04-17 06:20:50,0.0,102.3,126.0,5.98,35.9,38.8,17.7
2026-04-17 06:20:51,0.0,85.5,108.4,6.71,35.3,29.1,17.8
2026-04-17 06:20:51,0.0,109.0,120.8,6.38,36.4,41.9,17.8
2026-04-17 06:20:51,0.0,88.9,112.0,6.82,35.9,36.2,17.8
2026-04-17 06:20:51,0.0,87.1,109.9,6.07,35.9,35.4,17.7
2026-04-17 06:20:51,0.0,86.9,101.4,7.39,35.9,40.7,17.7
2026-04-17 06:20:51,0.0,110.9,133.9,5.31,36.4,38.0,17.7
2026-04-17 06:20:52,0.0,95.3,117.6,6.63,37.5,40.0,17.7
2026-04-17 06:20:52,0.0,88.9,111.9,6.24,36.4,30.5,17.6
2026-04-17 06:20:52,0.0,93.1,112.7,5.85,37.0,38.0,17.6
2026-04-17 06:20:52,0.0,101.7,124.6,5.72,35.9,30.3,17.6
2026-04-17 06:20:52,0.0,88.3,110.9,6.52,36.4,38.7,17.7
2026-04-17 06:20:52,0.0,86.5,109.4,6.07,35.9,35.3,17.7
2026-04-17 06:20:53,0.0,87.5,100.2,7.44,35.3,42.3,17.7
2026-04-17 06:20:53,0.0,87.4,109.7,6.0,37.0,37.7,17.8
2026-04-17 06:20:53,0.0,87.0,99.0,7.54,36.4,42.6,17.8
2026-04-17 06:20:53,0.0,85.6,98.3,7.57,35.3,40.4,17.8
2026-04-17 06:20:53,0.0,95.3,109.0,7.0,35.9,47.5,17.9
2026-04-17 06:20:53,0.0,87.3,110.3,6.31,36.4,32.8,17.9
2026-04-17 06:20:53,0.0,87.1,100.2,7.46,36.4,41.8,17.9
2026-04-17 06:20:54,0.0,88.5,99.6,7.45,37.5,40.0,17.9
2026-04-17 06:20:54,0.0,87.7,110.8,6.04,35.9,37.7,17.9
2026-04-17 06:20:54,0.0,89.6,94.0,7.4,35.3,53.7,17.9
2026-04-17 06:20:54,0.0,90.7,113.3,5.97,35.9,34.8,17.9
2026-04-17 06:20:54,0.0,87.4,110.5,6.13,35.3,34.8,17.8
2026-04-17 06:20:54,0.0,89.9,102.6,7.34,35.3,43.1,17.8
2026-04-17 06:20:54,0.0,102.0,125.2,5.61,35.9,33.3,17.8
2026-04-17 06:20:55,0.0,97.1,120.1,6.19,35.9,36.9,17.9
2026-04-17 06:20:55,0.0,115.5,138.5,5.4,35.9,36.1,17.9
2026-04-17 06:20:55,0.0,86.0,100.8,7.3,35.9,42.9,17.8
2026-04-17 06:20:55,0.0,91.6,105.3,7.21,34.8,41.8,17.8
2026-04-17 06:20:55,0.0,92.6,119.0,5.84,37.0,31.8,17.8
2026-04-17 06:20:55,0.0,85.7,108.4,6.4,35.9,33.9,17.8
2026-04-17 06:20:56,0.0,108.0,121.8,6.42,35.9,44.3,17.9
2026-04-17 06:20:56,0.0,83.7,106.0,7.01,36.4,35.1,17.9
2026-04-17 06:20:56,0.0,227.7,243.4,3.61,37.0,67.0,17.9
2026-04-17 06:20:56,0.0,118.4,147.2,5.05,37.5,77.0,17.5
2026-04-17 06:20:56,0.0,100.8,125.4,5.65,36.4,33.3,17.5
2026-04-17 06:20:57,0.0,115.2,133.7,5.59,36.4,47.1,17.5
2026-04-17 06:20:57,0.0,82.8,96.9,7.45,37.0,39.6,17.5
2026-04-17 06:20:57,0.0,91.8,108.4,7.04,35.9,37.7,17.5
2026-04-17 06:20:57,0.0,86.4,109.7,6.19,35.3,30.2,17.5
2026-04-17 06:20:57,0.0,88.2,100.6,7.42,37.0,43.4,17.4
2026-04-17 06:20:57,0.0,99.1,122.5,5.62,35.9,28.8,17.4
2026-04-17 06:20:57,0.0,84.0,107.0,6.62,35.3,40.0,17.4
2026-04-17 06:20:58,0.0,106.6,121.9,6.4,37.0,41.4,17.4
2026-04-17 06:20:58,0.0,103.1,126.1,6.14,34.8,37.5,17.4
2026-04-17 06:20:58,0.0,85.6,107.2,6.71,36.4,35.6,17.3
2026-04-17 06:20:58,0.0,85.0,98.1,7.53,35.9,44.6,17.3
2026-04-17 06:20:58,0.0,84.6,99.9,7.49,35.9,41.8,17.2
2026-04-17 06:20:58,0.0,95.2,109.1,6.99,36.4,44.6,17.3
2026-04-17 06:20:59,0.0,87.1,110.1,6.31,35.9,33.9,17.2
2026-04-17 06:20:59,0.0,92.5,108.0,7.06,35.3,38.2,17.2
2026-04-17 06:20:59,0.0,89.6,112.6,6.22,35.3,35.9,17.2
2026-04-17 06:20:59,0.0,86.1,110.1,6.09,37.0,37.7,17.2
2026-04-17 06:20:59,0.0,83.9,96.2,7.7,35.9,39.2,17.2
2026-04-17 06:20:59,0.0,109.5,126.3,6.26,35.9,41.3,17.2
2026-04-17 06:20:59,0.0,102.0,124.9,6.31,37.0,42.4,17.2
2026-04-17 06:21:00,0.0,82.7,105.8,6.8,36.4,35.0,17.2
2026-04-17 06:21:00,0.0,86.0,102.8,7.32,35.9,44.6,17.2
2026-04-17 06:21:00,0.0,88.8,101.4,7.34,35.3,45.6,17.2
2026-04-17 06:21:00,0.0,93.3,116.3,5.85,36.4,32.3,17.2
2026-04-17 06:21:00,0.0,92.9,115.9,6.02,35.3,32.3,17.2
2026-04-17 06:21:00,0.0,91.2,116.5,5.98,36.4,37.1,17.2
2026-04-17 06:21:01,0.0,86.4,109.6,6.26,37.0,38.5,17.2
2026-04-17 06:21:01,0.0,96.6,109.1,6.98,36.4,34.6,17.3
2026-04-17 06:21:01,0.0,102.3,126.5,5.74,36.4,36.6,17.3
2026-04-17 06:21:01,0.0,89.1,109.1,6.59,36.4,35.6,17.3
2026-04-17 06:21:01,0.0,94.7,117.6,5.81,36.4,34.3,17.3
2026-04-17 06:21:01,0.0,93.1,116.0,6.06,36.4,34.4,17.3
2026-04-17 06:21:01,0.0,96.7,119.8,5.87,36.4,34.3,17.3
2026-04-17 06:21:02,0.0,129.2,152.5,5.02,36.4,43.6,17.2
2026-04-17 06:21:02,0.0,92.5,115.6,6.13,35.9,36.8,17.2
2026-04-17 06:21:02,0.0,85.3,108.2,6.27,36.4,36.9,17.2
2026-04-17 06:21:02,0.0,88.0,101.2,7.35,35.9,43.6,17.2
2026-04-17 06:21:02,0.0,86.6,97.9,7.59,36.4,41.2,17.2
2026-04-17 06:21:02,0.0,90.0,103.1,7.31,35.9,41.5,17.2
2026-04-17 06:21:03,0.0,88.3,109.9,6.05,37.0,35.8,17.3
2026-04-17 06:21:03,0.0,87.4,110.4,6.04,36.4,25.4,17.3
2026-04-17 06:21:03,0.0,86.5,98.9,7.55,35.3,44.4,17.2
2026-04-17 06:21:03,0.0,94.3,106.8,7.09,35.9,40.0,17.2
2026-04-17 06:21:03,0.0,92.3,115.3,6.08,35.3,36.8,17.2
2026-04-17 06:21:03,0.0,85.1,108.2,6.27,35.3,34.4,17.2
2026-04-17 06:21:03,0.0,93.8,108.4,7.04,35.9,38.2,17.2
2026-04-17 06:21:04,0.0,89.5,112.6,6.16,35.9,35.4,17.2
2026-04-17 06:21:04,0.0,86.1,109.2,6.13,35.9,29.0,17.2
2026-04-17 06:21:04,0.0,115.5,131.1,6.07,34.8,39.7,17.2
2026-04-17 06:21:04,0.0,102.5,113.2,6.53,36.4,49.2,17.3
2026-04-17 06:21:04,0.0,95.8,119.1,6.31,37.0,35.9,17.3
2026-04-17 06:21:04,0.0,85.7,108.7,6.4,35.9,37.1,17.3
2026-04-17 06:21:05,0.0,87.0,98.8,7.43,36.4,41.5,17.3
2026-04-17 06:21:05,0.0,85.8,97.7,7.57,36.4,40.4,17.4
2026-04-17 06:21:05,0.0,93.7,107.3,7.09,36.4,43.6,17.4
2026-04-17 06:21:05,0.0,104.0,127.5,5.63,36.4,39.7,17.4
2026-04-17 06:21:05,0.0,84.0,107.0,6.85,35.3,37.9,17.4
2026-04-17 06:21:05,0.0,94.7,110.8,6.94,36.4,35.8,17.4
2026-04-17 06:21:05,0.0,96.2,119.3,5.96,35.3,36.8,17.4
2026-04-17 06:21:06,0.0,88.0,110.9,6.32,35.9,35.9,17.4
2026-04-17 06:21:06,0.0,83.2,95.0,7.77,35.3,40.8,17.3
2026-04-17 06:21:06,0.0,102.2,119.0,6.54,37.5,38.3,17.4
2026-04-17 06:21:06,0.0,97.0,118.9,6.22,35.3,33.3,17.4
2026-04-17 06:21:06,0.0,98.3,121.4,5.94,34.8,36.2,17.4
2026-04-17 06:21:06,0.0,92.4,118.4,6.12,36.4,33.3,17.4
2026-04-17 06:21:07,0.0,86.4,109.0,6.35,35.3,33.9,17.4
2026-04-17 06:21:07,0.0,97.6,110.6,6.9,35.9,45.8,17.4
2026-04-17 06:21:07,0.0,101.7,125.0,5.86,35.3,37.7,17.4
2026-04-17 06:21:07,0.0,83.2,106.0,6.77,35.9,30.9,17.4
2026-04-17 06:21:07,0.0,87.8,104.0,7.24,35.9,42.9,17.4
2026-04-17 06:21:07,0.0,103.7,115.5,6.71,35.9,40.0,17.4
2026-04-17 06:21:07,0.0,102.6,125.6,5.98,36.4,40.0,17.4
2026-04-17 06:21:08,0.0,87.7,109.1,6.67,37.0,33.9,17.4
2026-04-17 06:21:08,0.0,115.6,127.8,6.19,36.4,43.9,17.4
2026-04-17 06:21:08,0.0,85.0,102.5,7.36,35.9,37.3,17.5
2026-04-17 06:21:08,0.0,105.5,119.8,6.51,36.4,37.9,17.5
2026-04-17 06:21:08,0.0,93.8,116.4,6.46,35.9,32.8,17.5
2026-04-17 06:21:08,0.0,102.4,125.0,5.7,37.0,38.2,17.5
2026-04-17 06:21:09,0.0,139.6,161.9,4.91,35.9,38.3,17.5
2026-04-17 06:21:09,0.0,83.9,106.4,6.92,37.0,37.9,17.4
2026-04-17 06:21:09,0.0,98.9,113.7,6.76,35.9,41.4,17.4
2026-04-17 06:21:09,0.0,83.9,106.9,6.6,35.9,32.2,17.5
2026-04-17 06:21:09,0.0,97.6,113.6,6.8,38.0,40.7,17.5
2026-04-17 06:21:09,0.0,93.7,116.6,6.15,37.0,34.9,17.5
2026-04-17 06:21:10,0.0,91.5,114.5,6.09,36.4,30.2,17.5
2026-04-17 06:21:10,0.0,122.6,145.6,5.06,36.4,37.0,17.5
2026-04-17 06:21:10,0.0,109.1,132.2,5.36,35.9,29.0,17.5
2026-04-17 06:21:10,0.0,94.9,118.1,6.55,35.9,36.2,17.5
2026-04-17 06:21:10,0.0,89.6,109.6,6.21,35.3,38.5,17.5
2026-04-17 06:21:10,0.0,88.6,110.9,6.03,37.0,35.3,17.5
2026-04-17 06:21:11,0.0,86.6,109.7,6.08,36.4,28.3,17.4
2026-04-17 06:21:11,0.0,84.1,96.5,7.67,37.0,40.7,17.4
2026-04-17 06:21:11,0.0,87.9,103.7,7.29,36.4,47.5,17.3
2026-04-17 06:21:11,0.0,98.4,110.5,6.95,37.5,36.4,17.3
2026-04-17 06:21:11,0.0,100.9,121.7,5.92,35.9,38.7,17.3
2026-04-17 06:21:11,0.0,92.0,114.9,6.34,35.9,37.5,17.4
2026-04-17 06:21:11,0.0,103.3,126.1,5.63,37.0,33.3,17.4
2026-04-17 06:21:12,0.0,109.9,132.8,5.77,35.9,41.7,17.4
2026-04-17 06:21:12,0.0,84.1,106.0,7.1,37.0,37.5,17.4
2026-04-17 06:21:12,0.0,89.9,104.3,7.19,36.4,42.6,17.4
2026-04-17 06:21:12,0.0,89.7,113.1,6.0,37.0,32.8,17.4
2026-04-17 06:21:12,0.0,86.9,109.9,6.12,35.9,33.8,17.4
2026-04-17 06:21:12,0.0,91.1,103.4,7.28,37.0,42.6,17.4
2026-04-17 06:21:13,0.0,84.6,108.3,6.22,37.0,32.3,17.4
2026-04-17 06:21:13,0.0,87.8,102.2,7.36,37.0,42.3,17.4
2026-04-17 06:21:13,0.0,90.4,102.2,7.36,35.9,41.5,17.4
2026-04-17 06:21:13,0.0,107.7,130.7,5.43,37.0,33.3,17.4
2026-04-17 06:21:13,0.0,84.8,107.9,6.96,37.0,39.0,17.4
2026-04-17 06:21:13,0.0,88.1,103.3,7.32,37.0,39.2,17.4
2026-04-17 06:21:13,0.0,113.1,136.1,5.22,37.5,36.5,17.4
2026-04-17 06:21:14,0.0,87.0,106.9,7.12,35.3,40.7,17.4
2026-04-17 06:21:14,0.0,115.7,128.0,6.17,36.4,37.5,17.4
2026-04-17 06:21:14,0.0,84.8,102.2,7.37,36.4,36.5,17.4
2026-04-17 06:21:14,0.0,87.2,102.6,7.36,36.4,45.6,17.4
2026-04-17 06:21:14,0.0,96.6,109.2,7.0,37.0,35.3,17.4
2026-04-17 06:21:14,0.0,90.6,113.7,6.24,36.4,30.0,17.4
2026-04-17 06:21:15,0.0,89.4,111.9,6.05,35.9,33.3,17.4
2026-04-17 06:21:15,0.0,89.1,111.9,6.02,37.0,34.8,17.4
2026-04-17 06:21:15,0.0,85.2,106.9,6.14,35.9,32.8,17.4
2026-04-17 06:21:15,0.0,83.2,97.1,7.6,36.4,42.3,17.4
2026-04-17 06:21:15,0.0,89.3,105.2,7.19,37.5,38.9,17.4
2026-04-17 06:21:15,0.0,92.8,116.5,5.86,36.4,34.3,17.4
2026-04-17 06:21:15,0.0,84.6,107.7,6.34,35.9,32.3,17.4
2026-04-17 06:21:16,0.0,110.2,125.3,6.29,36.4,37.7,17.4
2026-04-17 06:21:16,0.0,85.1,106.6,7.07,36.4,37.5,17.4
2026-04-17 06:21:16,0.0,87.9,101.8,7.34,35.9,37.7,17.4
2026-04-17 06:21:16,0.0,87.7,90.5,7.5,37.5,51.0,17.4
2026-04-17 06:21:16,0.0,89.6,112.8,5.94,36.4,30.2,17.4
2026-04-17 06:21:16,0.0,86.6,109.8,6.05,36.4,36.4,17.4
2026-04-17 06:21:17,0.0,87.6,110.7,6.04,36.4,31.8,17.4
2026-04-17 06:21:17,0.0,86.6,98.9,7.54,37.0,48.1,17.4
2026-04-17 06:21:17,0.0,92.0,104.5,7.23,36.4,40.4,17.5
2026-04-17 06:21:17,0.0,90.9,114.0,6.04,35.3,32.3,17.4
2026-04-17 06:21:17,0.0,104.4,128.0,5.53,35.9,35.6,17.4
2026-04-17 06:21:17,0.0,106.7,130.2,5.93,35.9,32.8,17.4
2026-04-17 06:21:17,0.0,91.5,114.5,6.63,36.4,38.7,17.4
2026-04-17 06:21:18,0.0,114.7,138.7,5.24,37.0,35.7,17.4
2026-04-17 06:21:18,0.0,88.2,105.6,7.17,35.3,38.2,17.5
2026-04-17 06:21:18,0.0,90.7,114.0,5.89,35.9,36.8,17.5
2026-04-17 06:21:18,0.0,87.2,110.2,6.17,36.4,32.8,17.5
2026-04-17 06:21:18,0.0,82.4,94.8,7.78,36.4,37.5,17.6
2026-04-17 06:21:18,0.0,95.8,113.1,6.81,35.9,39.7,17.6
2026-04-17 06:21:19,0.0,87.2,110.3,6.33,34.8,32.3,17.6
2026-04-17 06:21:19,0.0,100.7,113.1,6.81,35.9,43.3,17.6
2026-04-17 06:21:19,0.0,86.6,109.7,6.56,36.4,36.5,17.6
2026-04-17 06:21:19,0.0,109.1,120.5,6.4,36.4,41.9,17.6
2026-04-17 06:21:19,0.0,87.7,110.9,6.89,36.4,37.9,17.6
2026-04-17 06:21:19,0.0,85.1,96.7,7.66,35.9,43.6,17.5
2026-04-17 06:21:19,0.0,94.1,109.1,6.97,37.0,41.1,17.6
2026-04-17 06:21:20,0.0,83.4,106.5,6.46,34.8,37.5,17.6
2026-04-17 06:21:20,0.0,87.2,103.5,7.3,36.4,40.7,17.6
2026-04-17 06:21:20,0.0,92.3,114.5,5.82,35.9,34.3,17.6
2026-04-17 06:21:20,0.0,102.9,126.0,5.64,37.5,40.0,17.6
2026-04-17 06:21:20,0.0,84.8,106.9,6.74,37.0,36.2,17.6
2026-04-17 06:21:20,0.0,95.6,110.8,6.94,36.4,38.9,17.6
2026-04-17 06:21:21,0.0,85.1,109.1,6.37,35.9,37.5,17.6
2026-04-17 06:21:21,0.0,93.1,107.0,7.12,35.9,38.9,17.6
2026-04-17 06:21:21,0.0,84.4,107.9,6.32,37.5,34.9,17.6
2026-04-17 06:21:21,0.0,86.9,101.8,7.39,37.5,42.9,17.6
2026-04-17 06:21:21,0.0,86.5,99.4,7.49,37.0,45.6,17.6
2026-04-17 06:21:21,0.0,83.6,96.0,7.71,37.0,39.2,17.6
2026-04-17 06:21:21,0.0,91.7,108.3,7.06,35.3,42.1,17.6
2026-04-17 06:21:22,0.0,118.1,141.7,5.17,35.3,35.1,17.6
2026-04-17 06:21:22,0.0,89.0,102.3,7.29,37.0,43.6,17.7
2026-04-17 06:21:22,0.0,105.9,128.4,5.46,35.3,39.0,17.7
2026-04-17 06:21:22,0.0,84.6,107.6,6.88,36.4,36.8,17.7
2026-04-17 06:21:22,0.0,85.6,100.4,7.45,35.3,41.5,17.6
2026-04-17 06:21:22,0.0,85.9,98.3,7.47,37.0,42.6,17.6
2026-04-17 06:21:22,0.0,92.0,104.8,7.19,37.0,40.7,17.7
2026-04-17 06:21:23,0.0,92.1,115.4,5.99,36.4,34.4,17.6
2026-04-17 06:21:23,0.0,84.7,107.7,6.29,38.6,34.4,17.6
2026-04-17 06:21:23,0.0,82.0,96.1,7.65,36.4,35.4,17.7
2026-04-17 06:21:23,0.0,89.1,108.2,6.97,35.9,40.4,17.6
2026-04-17 06:21:23,0.0,108.6,131.9,5.46,37.0,33.8,17.6
2026-04-17 06:21:23,0.0,87.4,110.5,6.89,36.4,32.7,17.6
2026-04-17 06:21:23,0.0,87.6,100.0,7.49,35.9,40.4,17.6
2026-04-17 06:21:24,0.0,90.4,104.1,7.25,36.4,40.0,17.7
2026-04-17 06:21:24,0.0,91.6,114.9,6.01,36.4,34.3,17.7
2026-04-17 06:21:24,0.0,89.8,120.4,5.81,35.3,38.4,17.7
2026-04-17 06:21:24,0.0,84.5,107.6,6.5,35.9,28.6,17.7
2026-04-17 06:21:24,0.0,101.0,115.6,6.68,35.9,40.7,17.7
2026-04-17 06:21:24,0.0,102.1,125.2,5.96,35.3,37.5,17.7
2026-04-17 06:21:25,0.0,86.0,108.8,6.64,36.4,39.7,17.8
2026-04-17 06:21:25,0.0,89.4,103.4,7.31,35.3,44.4,17.8
2026-04-17 06:21:25,0.0,88.5,111.6,6.04,36.4,34.8,17.8
2026-04-17 06:21:25,0.0,86.5,97.5,7.62,36.4,41.5,17.8
2026-04-17 06:21:25,0.0,95.5,108.6,7.03,35.9,46.6,17.9
2026-04-17 06:21:25,0.0,110.7,133.5,5.5,35.3,33.8,17.9
2026-04-17 06:21:25,0.0,86.4,106.6,7.04,34.8,38.6,17.9
2026-04-17 06:21:26,0.0,109.0,121.3,6.41,35.9,39.3,17.9
2026-04-17 06:21:26,0.0,95.6,118.9,6.51,37.0,36.7,17.9
2026-04-17 06:21:26,0.0,91.7,115.0,6.16,35.9,35.9,18.0
2026-04-17 06:21:26,0.0,99.6,123.2,5.71,35.9,36.6,18.0
2026-04-17 06:21:26,0.0,88.3,111.4,6.47,34.8,32.8,18.0
2026-04-17 06:21:26,0.0,87.0,110.5,6.04,35.9,35.8,18.0
2026-04-17 06:21:27,0.0,111.8,124.0,6.34,35.9,41.9,18.0
2026-04-17 06:21:27,0.0,86.9,109.0,7.01,36.4,41.4,18.0
2026-04-17 06:21:27,0.0,86.2,98.2,7.59,37.5,43.4,18.0
2026-04-17 06:21:27,0.0,93.7,106.9,7.11,35.9,44.8,18.0
2026-04-17 06:21:27,0.0,110.3,133.3,5.46,36.4,35.7,18.0
2026-04-17 06:21:27,0.0,86.7,109.1,6.99,35.9,37.5,18.0
2026-04-17 06:21:27,0.0,88.8,101.1,7.39,36.4,44.6,18.0
2026-04-17 06:21:28,0.0,101.4,124.3,5.59,36.4,36.2,18.0
2026-04-17 06:21:28,0.0,97.9,120.6,6.13,37.0,32.3,18.0
2026-04-17 06:21:28,0.0,93.4,116.3,6.17,35.3,35.4,17.9
2026-04-17 06:21:28,0.0,91.7,111.2,6.06,36.4,36.8,17.9
2026-04-17 06:21:28,0.0,94.9,117.9,5.89,36.4,33.8,17.9
2026-04-17 06:21:29,0.0,106.9,129.8,5.59,36.4,38.0,17.9
2026-04-17 06:21:29,0.0,82.8,105.7,7.03,35.9,33.9,17.9
2026-04-17 06:21:29,0.0,92.9,109.9,6.97,36.4,43.1,18.0
2026-04-17 06:21:29,0.0,95.1,118.3,5.92,36.4,33.8,18.0
2026-04-17 06:21:29,0.0,92.9,116.0,6.09,36.4,32.8,18.1
2026-04-17 06:21:29,0.0,85.0,107.9,6.31,36.4,33.9,18.1
2026-04-17 06:21:29,0.0,82.7,97.5,7.58,37.0,40.4,18.1
2026-04-17 06:21:30,0.0,87.3,99.5,7.3,36.4,46.0,18.1
2026-04-17 06:21:30,0.0,83.3,95.4,7.74,34.8,40.4,18.1
2026-04-17 06:21:30,0.0,96.6,112.9,6.81,36.4,40.7,18.1
2026-04-17 06:21:30,0.0,88.7,111.7,6.3,36.4,33.9,18.1
2026-04-17 06:21:30,0.0,88.5,111.5,6.01,37.0,34.8,18.0
2026-04-17 06:21:30,0.0,100.8,124.3,5.58,35.3,28.8,18.1
2026-04-17 06:21:30,0.0,84.7,107.7,6.66,36.4,34.5,18.1
2026-04-17 06:21:31,0.0,87.4,102.5,7.35,35.9,46.6,18.1
2026-04-17 06:21:31,0.0,104.5,116.5,6.66,35.9,43.5,18.1
2026-04-17 06:21:31,0.0,100.8,123.9,6.13,36.4,34.4,18.1
2026-04-17 06:21:31,0.0,85.0,104.7,6.63,35.9,38.3,18.1
2026-04-17 06:21:31,0.0,113.0,127.8,6.2,35.3,38.7,18.1
2026-04-17 06:21:31,0.0,95.7,115.7,6.7,34.8,37.9,18.1
2026-04-17 06:21:32,0.0,90.8,113.7,6.19,35.9,33.3,18.1
2026-04-17 06:21:32,0.0,92.6,115.6,5.93,35.9,39.1,18.1
2026-04-17 06:21:32,0.0,95.7,118.4,5.89,35.3,34.3,18.0
2026-04-17 06:21:32,0.0,88.4,103.7,6.28,36.4,42.6,18.0
2026-04-17 06:21:32,0.0,87.9,111.8,5.99,35.9,35.8,18.0
2026-04-17 06:21:32,0.0,84.1,107.2,6.18,35.9,32.3,18.0
2026-04-17 06:21:33,0.0,145.3,160.7,5.15,35.3,56.6,18.0
2026-04-17 06:21:33,0.0,183.6,200.0,4.15,36.4,87.2,17.6
2026-04-17 06:21:33,0.0,83.0,95.4,7.71,37.0,37.3,17.5
2026-04-17 06:21:33,0.0,109.2,125.9,6.25,35.9,39.3,17.5
2026-04-17 06:21:33,0.0,103.7,127.2,6.21,35.3,37.1,17.5
2026-04-17 06:21:33,0.0,94.2,117.8,6.34,35.9,36.5,17.5
2026-04-17 06:21:34,0.0,88.9,112.0,6.25,36.4,31.1,17.5
2026-04-17 06:21:34,0.0,88.5,110.9,6.01,34.8,35.3,17.4
2026-04-17 06:21:34,0.0,83.2,106.1,6.2,36.4,33.3,17.4
2026-04-17 06:21:34,0.0,104.7,121.3,6.46,35.9,39.3,17.4
2026-04-17 06:21:34,0.0,89.2,112.3,6.61,34.8,38.3,17.4
2026-04-17 06:21:34,0.0,92.5,115.6,5.89,35.9,31.3,17.4
2026-04-17 06:21:35,0.0,120.7,143.5,5.13,36.4,41.2,17.3
2026-04-17 06:21:35,0.0,83.3,94.7,7.71,35.9,41.2,17.3
2026-04-17 06:21:35,0.0,89.9,104.0,7.16,35.9,43.1,17.3
2026-04-17 06:21:35,0.0,98.6,121.2,5.72,35.9,30.9,17.3
2026-04-17 06:21:35,0.0,93.8,115.0,6.16,37.0,38.1,17.3
2026-04-17 06:21:35,0.0,90.4,113.1,6.14,36.4,31.7,17.3
2026-04-17 06:21:36,0.0,97.7,120.8,5.74,35.9,39.4,17.3
2026-04-17 06:21:36,0.0,83.9,106.9,6.57,36.4,33.3,17.3
2026-04-17 06:21:36,0.0,87.3,103.3,7.3,37.0,39.6,17.3
2026-04-17 06:21:36,0.0,91.4,114.4,5.86,35.9,34.3,17.3
2026-04-17 06:21:36,0.0,86.6,109.4,6.19,36.4,32.8,17.3
2026-04-17 06:21:36,0.0,95.9,108.8,7.01,35.9,40.0,17.3
2026-04-17 06:21:36,0.0,93.8,116.9,6.08,35.9,36.2,17.3
2026-04-17 06:21:37,0.0,98.8,121.2,5.83,35.3,37.3,17.3
2026-04-17 06:21:37,0.0,95.4,118.5,6.12,36.4,36.9,17.4
2026-04-17 06:21:37,0.0,101.6,126.3,5.73,37.0,35.3,17.4
2026-04-17 06:21:37,0.0,84.6,107.8,6.77,35.3,37.7,17.4
2026-04-17 06:21:37,0.0,104.4,119.3,6.55,36.4,49.2,17.3
2026-04-17 06:21:37,0.0,108.1,130.8,5.87,35.9,34.3,17.3
2026-04-17 06:21:38,0.0,114.7,137.5,5.77,35.9,40.0,17.3
2026-04-17 06:21:38,0.0,83.8,102.3,7.36,35.9,37.7,17.3
2026-04-17 06:21:38,0.0,84.3,100.1,7.49,37.0,37.3,17.3
2026-04-17 06:21:38,0.0,86.9,102.1,7.36,36.4,46.3,17.3
2026-04-17 06:21:38,0.0,83.5,96.0,7.7,37.0,36.0,17.2
2026-04-17 06:21:38,0.0,92.5,107.9,7.03,35.9,41.8,17.2
2026-04-17 06:21:38,0.0,94.8,118.7,5.89,37.0,27.0,17.2
2026-04-17 06:21:39,0.0,83.8,106.0,6.45,37.0,34.4,17.2
2026-04-17 06:21:39,0.0,85.6,101.7,7.4,35.9,42.6,17.2
2026-04-17 06:21:39,0.0,87.3,101.3,7.42,37.0,36.7,17.2
2026-04-17 06:21:39,0.0,87.9,99.8,7.47,37.0,44.4,17.3
2026-04-17 06:21:39,0.0,87.1,110.6,6.01,35.9,33.8,17.2
2026-04-17 06:21:39,0.0,86.9,99.1,7.54,35.3,39.2,17.3
2026-04-17 06:21:39,0.0,90.3,103.1,7.31,36.4,41.8,17.3
2026-04-17 06:21:40,0.0,115.1,139.1,5.2,35.9,38.7,17.4
2026-04-17 06:21:40,0.0,85.4,100.4,7.36,35.9,38.2,17.4
2026-04-17 06:21:40,0.0,97.5,111.7,6.88,36.4,35.8,17.4
2026-04-17 06:21:40,0.0,115.8,137.6,5.4,35.9,32.9,17.4
2026-04-17 06:21:40,0.0,85.5,103.6,7.3,35.9,37.0,17.3
2026-04-17 06:21:40,0.0,88.0,100.4,7.39,35.9,40.4,17.3
2026-04-17 06:21:41,0.0,100.2,123.3,5.61,36.4,36.6,17.3
2026-04-17 06:21:41,0.0,110.6,133.7,5.64,36.4,38.4,17.3
2026-04-17 06:21:41,0.0,83.7,106.6,7.11,34.8,38.6,17.3
2026-04-17 06:21:41,0.0,89.0,104.2,7.26,34.2,38.5,17.3
2026-04-17 06:21:41,0.0,84.1,106.9,6.2,35.9,36.9,17.3
2026-04-17 06:21:41,0.0,97.7,113.5,6.81,36.4,35.7,17.3
2026-04-17 06:21:41,0.0,89.0,112.2,6.33,36.4,36.9,17.4
2026-04-17 06:21:42,0.0,90.3,113.1,5.96,36.4,38.5,17.4
2026-04-17 06:21:42,0.0,83.2,106.3,6.26,35.3,31.7,17.4
2026-04-17 06:21:42,0.0,83.7,102.5,7.36,35.3,34.6,17.4
2026-04-17 06:21:42,0.0,97.8,111.7,6.89,35.3,42.1,17.4
2026-04-17 06:21:42,0.0,102.5,125.5,5.84,37.0,38.8,17.4
2026-04-17 06:21:42,0.0,83.3,106.2,6.78,35.9,36.2,17.4
2026-04-17 06:21:43,0.0,103.4,119.9,6.51,36.4,36.2,17.4
2026-04-17 06:21:43,0.0,99.9,121.4,6.13,35.9,39.1,17.4
2026-04-17 06:21:43,0.0,85.2,108.2,6.59,35.3,33.3,17.4
2026-04-17 06:21:43,0.0,90.3,104.8,7.23,37.0,39.6,17.4
2026-04-17 06:21:43,0.0,88.0,109.7,6.08,36.4,31.7,17.4
2026-04-17 06:21:43,0.0,85.3,108.1,6.11,35.3,37.7,17.4
2026-04-17 06:21:43,0.0,84.6,103.0,7.33,36.4,40.0,17.4
2026-04-17 06:21:44,0.0,105.9,128.8,5.43,35.9,38.2,17.4
2026-04-17 06:21:44,0.0,87.3,110.0,6.76,36.4,35.7,17.4
2026-04-17 06:21:44,0.0,84.7,97.3,7.63,37.5,44.4,17.3
2026-04-17 06:21:44,0.0,88.7,103.5,7.3,36.4,43.6,17.3
2026-04-17 06:21:44,0.0,90.1,113.0,5.96,36.4,33.8,17.3
2026-04-17 06:21:44,0.0,86.6,109.6,6.13,34.8,30.2,17.3
2026-04-17 06:21:45,0.0,94.4,104.2,7.09,36.4,40.0,17.3
2026-04-17 06:21:45,0.0,85.3,108.1,6.34,34.8,38.5,17.4
2026-04-17 06:21:45,0.0,89.7,103.9,7.26,36.4,42.6,17.4
2026-04-17 06:21:45,0.0,91.8,118.2,5.82,35.9,40.3,17.4
2026-04-17 06:21:45,0.0,85.4,108.2,6.36,36.4,35.9,17.3
2026-04-17 06:21:45,0.0,95.0,108.7,7.02,35.9,43.9,17.3
2026-04-17 06:21:45,0.0,90.2,113.3,6.18,34.8,37.3,17.3
2026-04-17 06:21:46,0.0,90.4,113.5,5.99,35.9,30.2,17.4
2026-04-17 06:21:46,0.0,104.0,127.0,5.55,34.8,33.8,17.4
2026-04-17 06:21:46,0.0,84.4,107.5,6.8,37.0,36.2,17.4
2026-04-17 06:21:46,0.0,93.3,109.0,7.02,35.9,40.0,17.3
2026-04-17 06:21:46,0.0,98.0,121.1,5.84,35.9,38.0,17.3
2026-04-17 06:21:46,0.0,83.9,106.9,6.57,35.9,31.0,17.3
2026-04-17 06:21:47,0.0,117.3,133.2,5.99,34.8,45.6,17.3
2026-04-17 06:21:47,0.0,89.0,104.7,7.23,36.4,38.9,17.4
2026-04-17 06:21:47,0.0,92.4,115.5,5.89,36.4,35.3,17.4
2026-04-17 06:21:47,0.0,91.8,114.9,6.03,35.9,33.8,17.4
2026-04-17 06:21:47,0.0,84.9,107.4,6.26,35.9,36.9,17.4
2026-04-17 06:21:47,0.0,97.8,112.6,6.84,35.3,45.8,17.5
2026-04-17 06:21:48,0.0,89.1,112.3,6.33,36.4,36.1,17.5
2026-04-17 06:21:48,0.0,89.6,111.3,5.98,36.4,33.8,17.5
2026-04-17 06:21:48,0.0,94.3,117.3,5.85,35.9,31.3,17.4
2026-04-17 06:21:48,0.0,86.6,109.8,6.29,35.9,36.5,17.5
2026-04-17 06:21:48,0.0,104.7,115.2,6.6,36.4,40.7,17.4
2026-04-17 06:21:48,0.0,106.7,129.5,5.94,36.4,37.3,17.4
2026-04-17 06:21:49,0.0,84.7,107.8,6.92,36.4,32.7,17.4
2026-04-17 06:21:49,0.0,99.0,114.4,6.77,35.3,42.6,17.3
2026-04-17 06:21:49,0.0,108.1,131.7,5.68,36.4,35.3,17.3
2026-04-17 06:21:49,0.0,96.1,119.2,6.49,35.9,31.6,17.3
2026-04-17 06:21:49,0.0,87.0,110.0,6.35,35.9,37.1,17.4
2026-04-17 06:21:49,0.0,131.9,144.5,5.62,35.9,36.8,17.5
2026-04-17 06:21:49,0.0,91.0,113.7,6.29,35.9,31.7,17.5
2026-04-17 06:21:50,0.0,92.8,120.9,5.76,35.3,38.0,17.5
2026-04-17 06:21:50,0.0,87.0,109.8,6.42,36.4,35.9,17.4
2026-04-17 06:21:50,0.0,89.0,102.3,7.3,36.4,50.0,17.4
2026-04-17 06:21:50,0.0,108.5,130.5,5.42,35.3,34.7,17.3
2026-04-17 06:21:50,0.0,83.8,106.8,7.05,35.9,35.7,17.3
2026-04-17 06:21:50,0.0,107.9,123.8,6.36,36.4,40.3,17.3
2026-04-17 06:21:51,0.0,98.2,121.8,6.35,35.9,36.1,17.3
2026-04-17 06:21:51,0.0,118.1,141.1,5.38,36.4,37.0,17.3
2026-04-17 06:21:51,0.0,105.6,120.4,6.48,35.9,45.2,17.4
2026-04-17 06:21:51,0.0,83.2,106.4,6.94,36.4,42.6,17.4
2026-04-17 06:21:51,0.0,86.7,102.7,7.32,35.9,40.4,17.4
2026-04-17 06:21:51,0.0,84.7,99.6,7.49,36.4,39.2,17.5
2026-04-17 06:21:51,0.0,87.9,101.2,7.35,37.5,39.6,17.5
2026-04-17 06:21:52,0.0,103.5,126.6,5.54,35.9,40.5,17.5
2026-04-17 06:21:52,0.0,84.1,107.1,6.8,35.9,30.9,17.6
2026-04-17 06:21:52,0.0,98.6,114.0,6.76,36.4,41.7,17.6
2026-04-17 06:21:52,0.0,107.4,130.5,5.7,36.4,36.8,17.7
2026-04-17 06:21:52,0.0,114.1,137.2,5.77,35.3,45.9,17.7
2026-04-17 06:21:52,0.0,85.2,103.7,7.27,35.9,42.1,17.7
2026-04-17 06:21:53,0.0,89.1,103.5,7.27,38.6,42.9,17.7
2026-04-17 06:21:53,0.0,89.6,112.5,5.99,35.9,32.8,17.7
2026-04-17 06:21:53,0.0,95.4,118.9,5.78,35.9,34.3,17.7
2026-04-17 06:21:53,0.0,106.6,129.7,5.64,35.3,39.2,17.7
2026-04-17 06:21:53,0.0,96.3,119.2,6.4,35.9,35.0,17.7
2026-04-17 06:21:53,0.0,89.1,112.0,6.28,36.4,35.9,17.7
2026-04-17 06:21:54,0.0,85.2,108.3,6.14,36.4,31.3,17.7
2026-04-17 06:21:54,0.0,96.1,110.6,6.93,35.3,41.4,17.7
2026-04-17 06:21:54,0.0,97.3,120.3,5.96,35.9,37.7,17.7
2026-04-17 06:21:54,0.0,85.2,108.3,6.47,36.4,34.4,17.7
2026-04-17 06:21:54,0.0,141.1,155.9,5.28,36.4,42.1,17.7
2026-04-17 06:21:54,0.0,94.1,115.1,6.54,34.8,38.7,17.7
2026-04-17 06:21:55,0.0,105.8,127.6,5.59,35.3,44.6,17.7
2026-04-17 06:21:55,0.0,85.6,108.8,6.85,35.3,38.3,17.7
2026-04-17 06:21:55,0.0,92.7,106.4,7.14,36.4,40.7,17.7
2026-04-17 06:21:55,0.0,89.0,112.1,6.14,35.9,36.8,17.7
2026-04-17 06:21:55,0.0,90.0,100.7,7.45,35.3,39.2,17.7
2026-04-17 06:21:55,0.0,88.5,111.7,6.06,35.9,35.8,17.7
2026-04-17 06:21:55,0.0,86.6,109.8,6.07,35.3,37.3,17.8
2026-04-17 06:21:56,0.0,87.9,100.5,7.44,34.8,44.6,17.8
2026-04-17 06:21:56,0.0,97.9,109.7,6.98,36.4,41.8,17.8
2026-04-17 06:21:56,0.0,115.7,137.2,5.42,35.3,31.4,17.8
2026-04-17 06:21:56,0.0,91.2,108.5,7.02,35.9,41.1,17.9
2026-04-17 06:21:56,0.0,88.3,111.6,6.12,36.4,30.6,17.8
2026-04-17 06:21:56,0.0,92.4,115.5,5.86,36.4,37.1,17.8
2026-04-17 06:21:57,0.0,90.8,113.9,6.06,36.4,34.4,17.8
2026-04-17 06:21:57,0.0,88.3,111.5,6.09,36.4,37.9,17.8
2026-04-17 06:21:57,0.0,107.8,129.8,5.38,37.0,37.5,17.8
2026-04-17 06:21:57,0.0,88.0,110.8,6.8,36.4,37.9,17.8
2026-04-17 06:21:57,0.0,86.4,109.6,6.06,34.8,32.3,17.9
2026-04-17 06:21:57,0.0,97.3,110.3,6.92,35.9,36.5,17.9
2026-04-17 06:21:58,0.0,83.1,106.1,6.58,35.9,36.5,17.9
2026-04-17 06:21:58,0.0,87.0,106.4,7.15,35.9,41.5,18.0
2026-04-17 06:21:58,0.0,86.2,109.6,6.11,35.9,33.8,18.0
2026-04-17 06:21:58,0.0,85.5,99.5,7.51,35.9,36.0,18.0
2026-04-17 06:21:58,0.0,105.0,117.8,6.58,35.9,46.3,17.9
2026-04-17 06:21:58,0.0,83.3,106.3,6.91,35.3,35.1,17.9
2026-04-17 06:21:58,0.0,86.4,102.0,7.34,36.4,43.6,17.9
2026-04-17 06:21:59,0.0,99.4,112.4,6.83,36.4,40.4,17.9
2026-04-17 06:21:59,0.0,99.3,122.4,6.01,35.3,37.3,17.9
2026-04-17 06:21:59,0.0,93.0,110.2,6.24,36.4,35.9,17.9
2026-04-17 06:21:59,0.0,86.8,106.8,6.23,35.3,34.9,17.9
2026-04-17 06:21:59,0.0,89.4,101.2,7.35,35.9,41.5,17.8
2026-04-17 06:21:59,0.0,113.9,137.4,5.22,34.8,41.8,17.8
2026-04-17 06:22:00,0.0,85.5,103.7,7.26,36.4,35.8,17.8
2026-04-17 06:22:00,0.0,100.3,114.5,6.76,35.9,42.4,17.8
2026-04-17 06:22:00,0.0,103.7,126.6,5.88,35.3,37.7,17.8
2026-04-17 06:22:00,0.0,86.9,109.9,6.68,36.4,34.5,17.8
2026-04-17 06:22:00,0.0,89.4,102.4,7.35,35.9,43.6,17.8
2026-04-17 06:22:00,0.0,91.6,114.6,5.93,37.0,34.8,17.8
2026-04-17 06:22:00,0.0,107.3,130.4,5.49,37.0,30.0,17.8
2026-04-17 06:22:01,0.0,93.7,116.9,6.53,35.9,37.7,17.8
2026-04-17 06:22:01,0.0,89.1,112.2,6.17,36.4,38.2,17.8
2026-04-17 06:22:01,0.0,88.6,116.1,5.87,36.4,34.8,17.8
2026-04-17 06:22:01,0.0,100.6,123.8,5.74,35.3,38.9,17.7
2026-04-17 06:22:01,0.0,89.3,112.0,6.44,35.3,36.7,17.8
2026-04-17 06:22:01,0.0,88.0,111.0,6.05,35.9,35.8,17.8
2026-04-17 06:22:02,0.0,105.6,115.4,6.63,36.4,47.5,17.8
2026-04-17 06:22:02,0.0,88.3,111.2,6.7,35.9,39.7,17.8
2026-04-17 06:22:02,0.0,104.8,125.8,5.46,36.4,37.1,17.8
2026-04-17 06:22:02,0.0,95.1,117.9,6.38,35.9,33.9,17.8
2026-04-17 06:22:02,0.0,86.4,108.4,6.33,35.9,36.5,17.8
2026-04-17 06:22:02,0.0,86.5,99.9,7.5,35.9,40.4,17.8
2026-04-17 06:22:03,0.0,91.8,103.6,7.21,34.8,41.8,17.8
2026-04-17 06:22:03,0.0,89.5,113.2,6.07,35.9,34.4,17.9
2026-04-17 06:22:03,0.0,88.3,111.7,6.06,35.3,29.0,17.9
2026-04-17 06:22:03,0.0,93.5,116.1,5.83,36.4,33.8,17.9
2026-04-17 06:22:03,0.0,106.8,129.8,5.55,36.4,35.7,17.9
2026-04-17 06:22:03,0.0,95.3,118.3,6.45,35.3,36.1,17.9
2026-04-17 06:22:04,0.0,99.5,124.8,5.78,35.9,34.3,17.9
2026-04-17 06:22:04,0.0,102.0,125.0,5.98,35.3,36.8,17.9
2026-04-17 06:22:04,0.0,88.5,111.6,6.53,36.4,35.0,17.9
2026-04-17 06:22:04,0.0,85.5,108.5,6.12,35.3,32.8,17.9
2026-04-17 06:22:04,0.0,86.9,101.0,7.42,37.0,45.6,17.9
2026-04-17 06:22:04,0.0,130.6,143.3,5.65,35.9,41.8,17.8
2026-04-17 06:22:04,0.0,95.6,118.7,6.07,35.3,31.7,17.8
2026-04-17 06:22:05,0.0,99.8,117.6,5.85,36.4,37.7,17.8
2026-04-17 06:22:05,0.0,93.0,115.9,6.26,35.9,37.9,17.9
2026-04-17 06:22:05,0.0,86.3,109.5,6.24,34.8,36.9,17.8
2026-04-17 06:22:05,0.0,94.5,106.5,7.08,36.4,38.9,17.7
2026-04-17 06:22:05,0.0,93.1,116.4,6.05,35.9,35.9,17.7
2026-04-17 06:22:05,0.0,91.7,113.5,6.06,34.8,34.3,17.7
2026-04-17 06:22:06,0.0,256.5,297.1,2.87,37.0,76.1,17.2
2026-04-17 06:22:06,0.0,112.9,137.7,5.76,37.0,54.4,17.2
2026-04-17 06:22:06,0.0,89.5,108.1,7.06,36.4,35.8,17.1
2026-04-17 06:22:06,0.0,134.4,158.8,4.69,35.9,40.2,17.1
2026-04-17 06:22:06,0.0,91.8,114.9,6.44,35.9,35.5,17.2
2026-04-17 06:22:07,0.0,120.9,144.1,5.1,36.4,42.9,17.2
2026-04-17 06:22:07,0.0,87.3,99.0,7.53,35.9,41.8,17.2
2026-04-17 06:22:07,0.0,87.0,99.3,7.51,35.3,42.3,17.3
2026-04-17 06:22:07,0.0,85.9,99.7,7.47,36.4,40.4,17.3
2026-04-17 06:22:07,0.0,87.6,99.8,7.49,35.9,45.5,17.2
2026-04-17 06:22:07,0.0,87.0,98.8,7.56,36.4,41.2,17.3
2026-04-17 06:22:07,0.0,88.2,100.5,7.44,36.4,41.5,17.2
2026-04-17 06:22:08,0.0,92.2,115.2,5.87,36.4,35.3,17.2
2026-04-17 06:22:08,0.0,89.4,111.2,6.1,35.9,33.8,17.2
2026-04-17 06:22:08,0.0,86.5,109.6,6.1,35.9,33.3,17.2
2026-04-17 06:22:08,0.0,101.0,114.2,6.76,35.9,40.4,17.2
2026-04-17 06:22:08,0.0,98.0,125.3,5.97,36.4,38.2,17.3
2026-04-17 06:22:08,0.0,92.0,115.1,6.39,35.9,37.1,17.3
2026-04-17 06:22:09,0.0,87.6,110.5,6.17,35.3,33.8,17.3
2026-04-17 06:22:09,0.0,91.2,101.2,7.29,35.3,42.9,17.3
2026-04-17 06:22:09,0.0,90.4,114.2,5.98,35.3,34.8,17.3
2026-04-17 06:22:09,0.0,106.0,129.1,5.54,35.3,41.9,17.2
2026-04-17 06:22:09,0.0,115.7,139.3,5.66,37.0,35.3,17.3
2026-04-17 06:22:09,0.0,85.3,101.8,7.37,34.8,42.9,17.3
2026-04-17 06:22:10,0.0,90.3,104.6,7.23,36.4,41.8,17.3
2026-04-17 06:22:10,0.0,98.0,121.0,5.74,37.0,34.3,17.3
2026-04-17 06:22:10,0.0,85.2,108.4,6.5,37.5,35.5,17.3
2026-04-17 06:22:10,0.0,89.9,103.2,7.25,35.9,41.8,17.3
2026-04-17 06:22:10,0.0,89.5,111.7,6.01,35.9,33.8,17.3
2026-04-17 06:22:10,0.0,94.8,117.7,5.83,35.9,34.3,17.3
2026-04-17 06:22:11,0.0,103.8,124.3,5.68,35.3,37.5,17.4
2026-04-17 06:22:11,0.0,88.9,109.8,6.58,35.9,41.3,17.4
2026-04-17 06:22:11,0.0,95.2,118.3,5.81,35.3,32.8,17.4
2026-04-17 06:22:11,0.0,95.3,118.2,6.0,35.9,31.7,17.4
2026-04-17 06:22:11,0.0,110.5,133.9,5.49,37.5,43.1,17.5
2026-04-17 06:22:11,0.0,86.0,108.0,7.06,36.4,37.5,17.5
2026-04-17 06:22:11,0.0,113.3,127.0,6.22,35.9,42.9,17.4
2026-04-17 06:22:12,0.0,116.2,134.6,5.91,35.9,39.4,17.4
2026-04-17 06:22:12,0.0,88.0,104.8,7.22,36.4,42.9,17.4
2026-04-17 06:22:12,0.0,108.7,119.9,6.5,37.0,43.3,17.4
2026-04-17 06:22:12,0.0,85.3,108.2,6.99,37.0,36.2,17.4
2026-04-17 06:22:12,0.0,89.6,104.3,7.26,35.9,43.6,17.3
2026-04-17 06:22:12,0.0,90.8,113.4,5.96,36.4,36.8,17.3
2026-04-17 06:22:13,0.0,89.9,112.9,6.04,35.3,37.1,17.3
2026-04-17 06:22:13,0.0,90.8,113.2,5.96,35.9,32.3,17.3
2026-04-17 06:22:13,0.0,92.6,116.7,5.9,34.8,35.4,17.3
2026-04-17 06:22:13,0.0,86.6,109.6,6.27,35.9,35.8,17.3
2026-04-17 06:22:13,0.0,98.2,110.5,6.91,36.4,43.1,17.3
2026-04-17 06:22:13,0.0,96.8,119.1,6.04,35.9,38.2,17.3
2026-04-17 06:22:14,0.0,88.5,110.7,6.31,36.4,39.4,17.3
2026-04-17 06:22:14,0.0,84.8,107.9,6.16,34.8,33.8,17.3
2026-04-17 06:22:14,0.0,111.6,126.4,6.25,36.4,44.4,17.3
2026-04-17 06:22:14,0.0,100.0,121.4,6.45,36.4,38.7,17.3
2026-04-17 06:22:14,0.0,92.4,115.7,6.28,35.9,34.9,17.3
2026-04-17 06:22:14,0.0,92.5,115.7,6.0,37.0,34.3,17.3
2026-04-17 06:22:14,0.0,85.9,109.2,6.25,35.9,33.9,17.3
2026-04-17 06:22:15,0.0,92.7,105.6,7.15,37.0,44.6,17.4
2026-04-17 06:22:15,0.0,94.5,117.6,5.94,36.4,34.3,17.4
2026-04-17 06:22:15,0.0,84.0,107.2,6.4,37.5,34.9,17.4
2026-04-17 06:22:15,0.0,92.8,108.4,7.04,36.4,41.4,17.4
2026-04-17 06:22:15,0.0,88.5,110.7,6.13,35.3,38.8,17.5
2026-04-17 06:22:15,0.0,86.5,109.5,6.12,35.9,34.8,17.5
2026-04-17 06:22:16,0.0,84.2,94.5,7.63,35.9,38.0,17.5
2026-04-17 06:22:16,0.0,89.1,103.9,7.23,37.0,40.7,17.5
2026-04-17 06:22:16,0.0,83.5,106.1,6.21,35.9,30.6,17.5
2026-04-17 06:22:16,0.0,90.0,104.8,7.15,36.4,43.1,17.6
2026-04-17 06:22:16,0.0,91.6,115.1,5.93,35.9,34.8,17.6
2026-04-17 06:22:16,0.0,91.1,114.4,6.03,35.9,34.3,17.6
2026-04-17 06:22:16,0.0,88.6,109.7,6.1,35.9,43.1,17.6
2026-04-17 06:22:17,0.0,87.6,111.8,5.99,37.0,38.8,17.6
2026-04-17 06:22:17,0.0,87.6,110.6,6.04,35.3,35.4,17.6
2026-04-17 06:22:17,0.0,87.8,110.5,6.01,35.9,35.8,17.6
2026-04-17 06:22:17,0.0,86.8,98.5,7.56,35.3,44.4,17.6
2026-04-17 06:22:17,0.0,114.6,126.1,6.21,35.3,38.7,17.5
2026-04-17 06:22:17,0.0,87.0,105.8,7.19,35.3,38.2,17.5
2026-04-17 06:22:18,0.0,98.2,110.9,6.91,35.9,36.5,17.5
2026-04-17 06:22:18,0.0,89.6,112.4,6.33,36.4,38.5,17.5
2026-04-17 06:22:18,0.0,99.3,120.8,5.68,36.4,31.3,17.5
2026-04-17 06:22:18,0.0,85.0,107.9,6.57,35.3,36.1,17.5
2026-04-17 06:22:18,0.0,105.4,120.1,6.51,36.4,40.7,17.5
2026-04-17 06:22:18,0.0,88.8,111.8,6.66,35.3,40.0,17.5
2026-04-17 06:22:19,0.0,85.9,108.6,6.1,36.4,35.4,17.5
2026-04-17 06:22:19,0.0,84.3,98.0,7.61,35.9,38.5,17.4
2026-04-17 06:22:19,0.0,111.8,127.2,6.2,35.3,47.6,17.5
2026-04-17 06:22:19,0.0,85.3,106.3,7.15,35.9,37.5,17.5
2026-04-17 06:22:19,0.0,87.1,98.6,7.42,36.4,37.5,17.4
2026-04-17 06:22:19,0.0,99.9,112.2,6.85,36.4,39.3,17.4
2026-04-17 06:22:19,0.0,93.8,112.6,6.21,35.9,37.5,17.5
2026-04-17 06:22:20,0.0,88.1,111.1,6.23,36.4,32.3,17.5
2026-04-17 06:22:20,0.0,103.0,125.3,5.5,35.9,30.9,17.5
2026-04-17 06:22:20,0.0,99.5,121.9,6.14,37.0,35.9,17.5
2026-04-17 06:22:20,0.0,84.5,106.1,6.59,36.4,35.6,17.6
2026-04-17 06:22:20,0.0,102.0,117.4,6.63,35.9,44.4,17.6
2026-04-17 06:22:20,0.0,88.1,117.2,6.3,36.4,33.9,17.6
2026-04-17 06:22:21,0.0,86.8,111.2,6.23,35.9,35.9,17.6
2026-04-17 06:22:21,0.0,85.1,108.3,6.12,34.8,31.3,17.7
2026-04-17 06:22:21,0.0,86.1,100.5,7.45,36.4,42.3,17.7
2026-04-17 06:22:21,0.0,98.8,111.3,6.84,35.3,52.5,17.7
2026-04-17 06:22:21,0.0,109.0,132.1,5.66,35.9,30.3,17.6
2026-04-17 06:22:21,0.0,85.7,108.2,6.97,35.9,39.7,17.6
2026-04-17 06:22:21,0.0,89.3,103.5,7.3,35.9,34.7,17.7
2026-04-17 06:22:22,0.0,100.2,123.1,5.63,37.0,39.1,17.7
2026-04-17 06:22:22,0.0,87.9,110.7,6.49,36.4,33.3,17.7
2026-04-17 06:22:22,0.0,87.1,98.8,7.55,35.9,43.4,17.7
2026-04-17 06:22:22,0.0,88.1,100.7,7.44,36.4,42.6,17.8
2026-04-17 06:22:22,0.0,96.3,123.0,5.6,36.4,32.9,17.7
2026-04-17 06:22:22,0.0,97.4,120.6,6.1,36.4,38.2,17.7
2026-04-17 06:22:23,0.0,94.2,118.6,6.08,34.8,35.4,17.7
2026-04-17 06:22:23,0.0,85.1,108.4,6.4,36.4,38.5,17.7
2026-04-17 06:22:23,0.0,87.6,106.9,7.13,35.9,37.7,17.7
2026-04-17 06:22:23,0.0,92.3,112.0,6.0,35.9,42.4,17.8
2026-04-17 06:22:23,0.0,101.3,124.3,5.7,35.9,32.8,17.7
2026-04-17 06:22:23,0.0,85.3,108.3,6.65,35.9,38.1,17.7
2026-04-17 06:22:23,0.0,104.2,118.4,6.57,35.9,38.6,17.7
2026-04-17 06:22:24,0.0,86.5,109.5,6.72,35.3,36.7,17.7
2026-04-17 06:22:24,0.0,89.2,102.1,7.34,35.9,39.2,17.7
2026-04-17 06:22:24,0.0,89.2,112.1,6.01,35.9,35.8,17.7
2026-04-17 06:22:24,0.0,91.6,114.7,5.92,35.9,31.8,17.7
2026-04-17 06:22:24,0.0,90.0,111.0,6.06,35.3,32.8,17.6
2026-04-17 06:22:24,0.0,89.4,112.1,6.03,35.9,36.4,17.6
2026-04-17 06:22:25,0.0,89.9,112.8,5.98,35.3,34.3,17.6
2026-04-17 06:22:25,0.0,90.1,112.9,6.0,37.5,30.2,17.6
2026-04-17 06:22:25,0.0,92.5,116.4,5.88,36.4,34.3,17.6
2026-04-17 06:22:25,0.0,84.1,107.0,6.36,36.4,34.4,17.6
2026-04-17 06:22:25,0.0,87.6,98.0,7.31,37.5,50.9,17.7
2026-04-17 06:22:25,0.0,92.9,103.7,7.21,36.4,41.5,17.7
2026-04-17 06:22:26,0.0,99.4,118.1,5.78,36.4,36.6,17.8
2026-04-17 06:22:26,0.0,96.8,120.2,6.06,36.4,33.8,17.8
2026-04-17 06:22:26,0.0,87.1,109.0,6.41,36.4,31.0,17.8
2026-04-17 06:22:26,0.0,108.5,120.7,6.47,35.9,42.4,17.8
2026-04-17 06:22:26,0.0,83.3,106.5,7.06,37.0,36.8,17.8
2026-04-17 06:22:26,0.0,88.7,105.5,7.2,35.3,40.4,17.8
2026-04-17 06:22:26,0.0,111.2,134.3,5.3,35.9,34.2,17.8
2026-04-17 06:22:27,0.0,112.5,132.7,5.93,36.4,45.5,17.8
2026-04-17 06:22:27,0.0,89.0,107.3,7.03,35.3,39.3,17.8
2026-04-17 06:22:27,0.0,93.4,100.9,7.27,35.9,54.4,17.8
2026-04-17 06:22:27,0.0,89.0,112.1,6.16,35.9,28.8,17.8
2026-04-17 06:22:27,0.0,94.4,119.8,5.73,36.4,35.6,17.8
2026-04-17 06:22:27,0.0,90.4,111.9,6.25,35.9,37.5,17.8
2026-04-17 06:22:28,0.0,92.3,115.0,5.93,35.3,36.8,17.8
2026-04-17 06:22:28,0.0,97.7,120.7,5.81,35.9,33.8,17.8
2026-04-17 06:22:28,0.0,93.2,116.1,6.17,35.9,37.3,17.8
2026-04-17 06:22:28,0.0,103.9,126.9,5.64,35.9,33.8,17.8
2026-04-17 06:22:28,0.0,102.0,125.0,6.07,35.3,38.2,17.8
2026-04-17 06:22:28,0.0,84.3,107.1,6.71,35.9,36.2,17.8
2026-04-17 06:22:29,0.0,100.7,113.1,6.67,35.3,49.2,17.8
2026-04-17 06:22:29,0.0,91.1,112.8,6.38,35.9,37.5,17.8
2026-04-17 06:22:29,0.0,100.7,122.9,5.66,37.0,34.3,17.8
2026-04-17 06:22:29,0.0,87.0,110.0,6.57,36.4,36.5,17.8
2026-04-17 06:22:29,0.0,87.5,100.0,7.48,35.3,41.2,17.8
2026-04-17 06:22:29,0.0,103.5,114.6,6.7,37.5,42.4,17.7
2026-04-17 06:22:29,0.0,85.4,108.8,6.73,35.3,38.3,17.7
2026-04-17 06:22:30,0.0,98.7,120.5,6.48,35.9,38.7,17.8
2026-04-17 06:22:30,0.0,87.4,109.8,6.78,36.4,37.9,17.8
2026-04-17 06:22:30,0.0,107.7,120.0,6.51,36.4,39.0,17.8
2026-04-17 06:22:30,0.0,95.2,115.6,6.49,35.3,46.9,17.7
2026-04-17 06:22:30,0.0,112.9,136.0,5.43,35.9,33.8,17.7
2026-04-17 06:22:30,0.0,104.6,124.1,6.31,36.4,38.1,17.7
2026-04-17 06:22:31,0.0,86.7,107.9,6.72,36.4,39.0,17.7
2026-04-17 06:22:31,0.0,87.7,100.3,7.44,35.9,39.2,17.7
2026-04-17 06:22:31,0.0,90.3,101.7,7.37,35.9,43.6,17.7
2026-04-17 06:22:31,0.0,98.6,124.1,5.64,36.4,33.3,17.7
2026-04-17 06:22:31,0.0,83.1,106.1,6.73,36.4,35.0,17.6
2026-04-17 06:22:31,0.0,124.0,140.3,5.74,37.0,40.3,17.7
2026-04-17 06:22:32,0.0,91.2,114.3,5.98,35.9,34.3,17.6
2026-04-17 06:22:32,0.0,113.6,134.7,5.29,34.8,37.5,17.7
2026-04-17 06:22:32,0.0,89.9,104.8,7.01,36.4,42.4,17.7
2026-04-17 06:22:32,0.0,93.4,116.6,5.87,35.3,30.8,17.7
2026-04-17 06:22:32,0.0,100.3,122.8,5.77,35.9,32.8,17.7
2026-04-17 06:22:32,0.0,112.3,133.7,5.6,35.9,42.3,17.7
2026-04-17 06:22:33,0.0,84.3,103.0,7.21,36.4,41.1,17.8
2026-04-17 06:22:33,0.0,90.0,106.0,7.17,35.9,42.6,17.7
2026-04-17 06:22:33,0.0,96.2,120.2,5.77,37.0,32.8,17.7
2026-04-17 06:22:33,0.0,83.9,106.9,6.52,35.9,33.3,17.7
2026-04-17 06:22:33,0.0,87.2,102.9,7.32,35.9,42.6,17.7
2026-04-17 06:22:33,0.0,88.6,101.0,7.42,37.0,40.4,17.7
2026-04-17 06:22:33,0.0,83.7,106.9,6.18,35.9,33.9,17.7
2026-04-17 06:22:34,0.0,85.4,100.4,7.41,36.4,41.5,17.7
2026-04-17 06:22:34,0.0,84.1,98.3,7.58,35.9,37.7,17.7
2026-04-17 06:22:34,0.0,130.5,145.6,5.56,36.4,40.8,17.7
2026-04-17 06:22:34,0.0,121.6,144.7,5.24,36.4,37.3,17.7
2026-04-17 06:22:34,0.0,98.8,108.9,6.95,37.0,44.8,17.7
2026-04-17 06:22:34,0.0,93.6,116.7,6.19,37.0,39.7,17.7
2026-04-17 06:22:35,0.0,116.3,139.2,5.29,35.3,31.5,17.7
2026-04-17 06:22:35,0.0,93.3,109.4,6.96,35.3,39.3,17.8
2026-04-17 06:22:35,0.0,103.2,126.4,5.66,36.4,34.3,17.8
2026-04-17 06:22:35,0.0,84.7,108.5,6.7,36.4,35.6,17.8
2026-04-17 06:22:35,0.0,91.6,103.6,7.18,37.0,37.3,17.7
2026-04-17 06:22:35,0.0,90.5,113.7,6.05,36.4,37.3,17.7
2026-04-17 06:22:36,0.0,100.7,124.2,5.64,35.3,35.7,17.7
2026-04-17 06:22:36,0.0,87.4,110.5,6.54,35.9,36.1,17.7
2026-04-17 06:22:36,0.0,115.4,126.1,6.2,35.9,42.9,17.7
2026-04-17 06:22:36,0.0,94.4,112.5,6.85,35.9,41.4,17.7
2026-04-17 06:22:36,0.0,98.9,121.9,5.85,35.9,35.3,17.7
2026-04-17 06:22:36,0.0,84.9,107.4,6.55,35.3,36.1,17.7
2026-04-17 06:22:36,0.0,96.4,111.3,6.91,37.0,42.4,17.7
2026-04-17 06:22:37,0.0,314.5,337.6,2.6,36.4,76.1,17.2
2026-04-17 06:22:37,0.0,91.6,109.3,6.97,37.0,39.7,17.2
2026-04-17 06:22:37,0.0,90.6,97.7,7.54,35.3,46.3,17.3
2026-04-17 06:22:37,0.0,92.3,114.9,5.94,37.0,36.2,17.3
2026-04-17 06:22:37,0.0,103.2,126.2,5.65,36.4,29.2,17.3
2026-04-17 06:22:38,0.0,85.6,109.5,6.68,37.0,37.3,17.3
2026-04-17 06:22:38,0.0,128.7,141.5,5.69,35.9,43.3,17.3
2026-04-17 06:22:38,0.0,102.0,125.0,5.78,36.4,31.3,17.3
2026-04-17 06:22:38,0.0,89.8,112.9,6.48,35.9,36.5,17.3
2026-04-17 06:22:38,0.0,94.3,117.2,5.85,36.4,35.3,17.3
2026-04-17 06:22:38,0.0,84.5,107.6,6.38,35.9,34.9,17.3
2026-04-17 06:22:39,0.0,110.1,124.9,6.3,35.9,42.2,17.3
2026-04-17 06:22:39,0.0,97.7,120.7,6.48,36.4,36.1,17.3
2026-04-17 06:22:39,0.0,86.6,108.9,6.43,37.0,38.1,17.3
2026-04-17 06:22:39,0.0,98.5,112.1,6.78,35.9,41.7,17.3
2026-04-17 06:22:39,0.0,101.3,124.3,5.99,36.4,37.9,17.3
2026-04-17 06:22:39,0.0,110.0,128.7,5.7,35.3,43.1,17.4
2026-04-17 06:22:40,0.0,112.3,134.2,5.93,36.4,45.5,17.3
2026-04-17 06:22:40,0.0,106.8,127.7,6.2,36.4,40.9,17.3
2026-04-17 06:22:40,0.0,96.2,119.3,6.42,35.9,36.1,17.3
2026-04-17 06:22:40,0.0,107.6,130.5,5.62,35.9,36.2,17.4
2026-04-17 06:22:40,0.0,97.2,119.8,6.4,35.9,35.5,17.3
2026-04-17 06:22:40,0.0,91.1,114.3,6.22,35.9,33.9,17.4
2026-04-17 06:22:41,0.0,86.1,107.4,6.19,36.4,34.4,17.4
2026-04-17 06:22:41,0.0,82.9,95.8,7.68,35.9,36.2,17.4
2026-04-17 06:22:41,0.0,89.0,104.8,7.18,36.4,41.8,17.4
2026-04-17 06:22:41,0.0,87.1,112.6,5.98,37.0,34.3,17.4
2026-04-17 06:22:41,0.0,84.1,107.2,6.21,35.9,32.8,17.3
2026-04-17 06:22:41,0.0,88.6,98.1,7.25,35.9,53.4,17.3
2026-04-17 06:22:41,0.0,101.0,124.1,5.59,34.8,33.3,17.3
2026-04-17 06:22:42,0.0,100.8,124.0,6.01,35.9,35.9,17.3
2026-04-17 06:22:42,0.0,86.6,109.7,6.56,35.9,38.7,17.3
2026-04-17 06:22:42,0.0,93.0,106.4,7.14,35.9,41.8,17.3
2026-04-17 06:22:42,0.0,94.6,117.8,5.96,35.3,35.8,17.3
2026-04-17 06:22:42,0.0,85.4,108.1,6.36,35.3,35.4,17.3
2026-04-17 06:22:42,0.0,107.4,121.5,6.44,35.3,39.0,17.3
2026-04-17 06:22:43,0.0,85.5,108.5,6.91,35.9,37.9,17.3
2026-04-17 06:22:43,0.0,88.8,101.5,7.32,36.4,40.7,17.3
2026-04-17 06:22:43,0.0,98.0,121.1,5.69,36.4,37.1,17.3
2026-04-17 06:22:43,0.0,86.5,109.3,6.45,36.4,36.5,17.3
2026-04-17 06:22:43,0.0,90.4,103.1,7.3,36.4,44.8,17.3
2026-04-17 06:22:43,0.0,92.7,116.0,5.91,36.4,32.3,17.2
2026-04-17 06:22:43,0.0,90.3,114.9,6.03,35.9,34.3,17.2
2026-04-17 06:22:44,0.0,95.5,124.0,5.7,36.4,39.4,17.2
2026-04-17 06:22:44,0.0,84.4,107.4,6.67,35.3,32.8,17.2
2026-04-17 06:22:44,0.0,101.2,114.1,6.66,35.9,39.0,17.3
2026-04-17 06:22:44,0.0,95.1,118.2,6.23,36.4,31.1,17.3
2026-04-17 06:22:44,0.0,98.5,121.5,5.88,35.9,32.8,17.4
2026-04-17 06:22:44,0.0,110.6,134.0,5.57,35.3,39.4,17.4
2026-04-17 06:22:45,0.0,90.9,112.5,6.85,35.9,33.9,17.4
2026-04-17 06:22:45,0.0,117.6,140.5,5.18,35.3,36.3,17.3
2026-04-17 06:22:45,0.0,96.7,110.2,6.86,36.4,39.0,17.3
2026-04-17 06:22:45,0.0,108.4,135.5,5.48,35.9,36.1,17.4
2026-04-17 06:22:45,0.0,87.3,106.9,7.07,37.0,40.7,17.4
2026-04-17 06:22:45,0.0,90.8,102.8,7.31,36.4,43.6,17.4
2026-04-17 06:22:46,0.0,102.1,125.0,5.62,37.0,39.4,17.4
2026-04-17 06:22:46,0.0,91.3,114.3,6.42,36.4,37.9,17.5
2026-04-17 06:22:46,0.0,91.6,114.6,5.99,37.0,35.3,17.5
2026-04-17 06:22:46,0.0,101.9,125.1,5.65,36.4,35.7,17.5
2026-04-17 06:22:46,0.0,109.5,132.6,5.74,36.4,38.2,17.4
2026-04-17 06:22:46,0.0,94.7,117.8,6.59,37.0,38.7,17.4
2026-04-17 06:22:47,0.0,92.3,115.4,6.09,36.4,36.9,17.4
2026-04-17 06:22:47,0.0,88.8,111.2,6.13,37.0,41.4,17.4
2026-04-17 06:22:47,0.0,106.3,128.6,5.44,35.9,36.5,17.5
2026-04-17 06:22:47,0.0,89.9,112.0,6.66,37.0,35.1,17.5
2026-04-17 06:22:47,0.0,99.5,121.4,5.67,35.9,30.9,17.5
2026-04-17 06:22:47,0.0,103.4,124.8,5.81,36.4,35.8,17.5
2026-04-17 06:22:48,0.0,100.3,122.4,6.17,35.9,38.8,17.5
2026-04-17 06:22:48,0.0,100.4,121.9,6.0,35.3,37.3,17.5
2026-04-17 06:22:48,0.0,90.7,110.4,6.39,36.4,36.5,17.5
2026-04-17 06:22:48,0.0,84.7,107.1,6.23,35.3,31.1,17.6
2026-04-17 06:22:48,0.0,88.0,103.2,7.31,35.9,41.5,17.6
2026-04-17 06:22:48,0.0,101.5,124.3,5.56,36.4,39.4,17.6
2026-04-17 06:22:49,0.0,92.1,115.4,6.35,35.3,34.4,17.6
2026-04-17 06:22:49,0.0,83.9,110.7,6.17,35.9,37.3,17.6
2026-04-17 06:22:49,0.0,84.0,96.0,7.72,36.4,34.0,17.6
2026-04-17 06:22:49,0.0,86.5,102.7,7.34,35.9,45.6,17.6
2026-04-17 06:22:49,0.0,99.4,113.4,6.76,37.5,36.4,17.6
2026-04-17 06:22:49,0.0,98.7,121.4,6.1,37.5,33.3,17.5
2026-04-17 06:22:49,0.0,103.1,126.2,5.85,35.3,33.3,17.5
2026-04-17 06:22:50,0.0,90.8,114.1,6.47,35.9,38.3,17.6
2026-04-17 06:22:50,0.0,87.3,110.4,6.13,37.0,33.8,17.6
2026-04-17 06:22:50,0.0,84.9,98.0,7.6,36.4,36.2,17.5
2026-04-17 06:22:50,0.0,88.7,102.6,7.35,37.0,41.5,17.5
2026-04-17 06:22:50,0.0,85.3,108.2,6.13,37.0,33.3,17.5
2026-04-17 06:22:50,0.0,86.1,100.5,7.45,37.0,43.4,17.5
2026-04-17 06:22:50,0.0,88.0,103.4,7.29,35.3,42.6,17.4
2026-04-17 06:22:51,0.0,115.5,138.2,5.21,36.4,39.5,17.4
2026-04-17 06:22:51,0.0,85.8,103.0,7.3,35.3,33.3,17.4
2026-04-17 06:22:51,0.0,93.1,107.2,7.11,35.9,43.9,17.5
2026-04-17 06:22:51,0.0,88.9,111.9,6.17,37.0,37.3,17.5
2026-04-17 06:22:51,0.0,86.2,109.2,6.1,35.9,32.8,17.4
2026-04-17 06:22:51,0.0,90.8,102.1,7.25,35.9,45.6,17.5
2026-04-17 06:22:52,0.0,83.7,106.9,6.26,36.4,34.9,17.4
2026-04-17 06:22:52,0.0,91.1,106.7,7.1,36.4,45.6,17.4
2026-04-17 06:22:52,0.0,91.1,113.0,6.01,35.9,30.8,17.4
2026-04-17 06:22:52,0.0,106.4,128.7,5.49,35.9,37.0,17.4
2026-04-17 06:22:52,0.0,92.0,114.9,6.57,35.3,35.6,17.4
2026-04-17 06:22:52,0.0,84.4,107.4,6.29,36.4,34.9,17.5
2026-04-17 06:22:52,0.0,85.0,101.2,7.43,35.3,40.7,17.5
2026-04-17 06:22:53,0.0,104.4,116.5,6.57,35.3,42.1,17.6
2026-04-17 06:22:53,0.0,88.9,111.8,6.63,36.4,37.1,17.6
2026-04-17 06:22:53,0.0,108.9,131.1,5.34,36.4,40.8,17.5
2026-04-17 06:22:53,0.0,85.9,106.2,6.99,37.0,36.4,17.5
2026-04-17 06:22:53,0.0,86.8,100.4,7.46,37.0,39.2,17.5
2026-04-17 06:22:53,0.0,93.8,107.0,7.11,35.3,40.7,17.5
2026-04-17 06:22:54,0.0,96.8,119.8,5.89,36.4,34.8,17.6
2026-04-17 06:22:54,0.0,91.5,114.5,6.21,35.9,35.4,17.6
2026-04-17 06:22:54,0.0,85.9,108.9,6.21,35.9,37.3,17.6
2026-04-17 06:22:54,0.0,103.8,120.4,6.45,36.4,43.5,17.6
2026-04-17 06:22:54,0.0,93.4,115.9,6.56,35.9,35.0,17.6
2026-04-17 06:22:54,0.0,103.3,126.2,5.67,36.4,37.1,17.6
2026-04-17 06:22:55,0.0,88.8,111.8,6.57,37.5,37.1,17.6
2026-04-17 06:22:55,0.0,86.9,97.4,7.62,34.8,44.4,17.6
2026-04-17 06:22:55,0.0,96.2,108.3,7.01,35.9,39.6,17.6
2026-04-17 06:22:55,0.0,86.8,110.2,6.35,36.4,37.9,17.6
2026-04-17 06:22:55,0.0,84.1,94.8,7.65,35.3,39.2,17.6
2026-04-17 06:22:55,0.0,83.7,96.5,7.54,35.9,43.6,17.6
2026-04-17 06:22:55,0.0,92.7,103.9,6.98,35.9,47.2,17.5
2026-04-17 06:22:56,0.0,86.9,110.7,6.21,36.4,37.9,17.6
2026-04-17 06:22:56,0.0,94.9,118.0,5.77,35.3,33.8,17.6
2026-04-17 06:22:56,0.0,110.3,133.4,5.5,35.9,33.3,17.6
2026-04-17 06:22:56,0.0,86.5,109.0,7.01,37.0,31.4,17.6
2026-04-17 06:22:56,0.0,101.6,115.4,6.7,35.9,41.7,17.6
2026-04-17 06:22:56,0.0,105.1,128.4,5.9,36.4,34.4,17.7
2026-04-17 06:22:56,0.0,86.6,109.7,6.76,36.4,36.7,17.7
2026-04-17 06:22:57,0.0,113.7,124.4,6.23,36.4,42.6,17.7
2026-04-17 06:22:57,0.0,85.6,107.2,7.11,36.4,41.1,17.8
2026-04-17 06:22:57,0.0,88.2,102.0,7.25,37.0,42.9,17.8
2026-04-17 06:22:57,0.0,90.3,113.4,6.08,35.3,33.8,17.8
2026-04-17 06:22:57,0.0,114.6,137.7,5.23,34.8,39.7,17.7
2026-04-17 06:22:57,0.0,103.1,121.4,6.46,35.9,36.7,17.7
2026-04-17 06:22:58,0.0,89.7,113.8,6.48,35.9,45.2,17.7
2026-04-17 06:22:58,0.0,92.7,115.9,5.92,37.5,38.8,17.7
2026-04-17 06:22:58,0.0,95.8,118.9,5.9,36.4,35.7,17.7
2026-04-17 06:22:58,0.0,90.2,113.4,6.21,36.4,32.8,17.6
2026-04-17 06:22:58,0.0,89.2,113.3,6.0,36.4,32.3,17.6
2026-04-17 06:22:58,0.0,96.4,121.8,5.72,37.0,35.2,17.6
2026-04-17 06:22:59,0.0,83.3,105.5,6.6,35.3,35.0,17.7
2026-04-17 06:22:59,0.0,101.3,115.5,6.62,35.9,40.7,17.7
2026-04-17 06:22:59,0.0,84.4,107.3,6.69,37.0,32.7,17.7
2026-04-17 06:22:59,0.0,83.4,98.8,7.56,37.0,41.1,17.7
2026-04-17 06:22:59,0.0,85.2,101.2,7.31,35.9,42.6,17.8
2026-04-17 06:22:59,0.0,85.2,98.0,7.6,35.9,40.7,17.8
2026-04-17 06:22:59,0.0,85.2,108.0,7.06,37.0,39.3,17.8
2026-04-17 06:23:00,0.0,84.6,107.8,6.34,35.9,37.9,17.8
2026-04-17 06:23:00,0.0,88.1,97.3,7.31,36.4,53.6,17.8
2026-04-17 06:23:00,0.0,83.0,94.6,7.77,37.0,45.3,17.8
2026-04-17 06:23:00,0.0,111.1,129.7,6.13,36.4,40.9,17.9
2026-04-17 06:23:00,0.0,102.7,125.2,6.3,35.9,37.1,17.8
2026-04-17 06:23:00,0.0,94.0,116.9,6.45,35.3,39.1,17.9
2026-04-17 06:23:00,0.0,89.3,112.5,6.18,37.0,33.3,17.9
2026-04-17 06:23:01,0.0,105.9,128.9,5.43,35.9,33.8,17.9
2026-04-17 06:23:01,0.0,96.0,119.2,6.43,36.4,36.1,17.9
2026-04-17 06:23:01,0.0,92.7,115.3,6.13,35.9,35.9,17.9
2026-04-17 06:23:01,0.0,95.9,119.1,5.89,35.3,32.3,18.0
2026-04-17 06:23:01,0.0,86.6,109.6,6.36,35.9,33.9,18.0
2026-04-17 06:23:01,0.0,85.6,102.1,7.36,37.0,40.7,18.0
2026-04-17 06:23:02,0.0,110.8,125.2,6.3,35.9,46.0,18.0
2026-04-17 06:23:02,0.0,97.4,116.3,6.67,36.4,38.6,17.9
2026-04-17 06:23:02,0.0,92.2,118.3,6.09,35.9,46.3,17.9
2026-04-17 06:23:02,0.0,87.5,111.8,6.25,35.3,30.6,17.9
2026-04-17 06:23:02,0.0,107.3,130.5,5.4,35.3,36.5,17.9
2026-04-17 06:23:02,0.0,128.5,151.6,5.32,35.9,43.4,17.9
2026-04-17 06:23:03,0.0,88.0,110.6,6.28,34.8,36.9,17.9
2026-04-17 06:23:03,0.0,86.8,98.2,7.57,35.9,40.0,17.9
2026-04-17 06:23:03,0.0,89.7,100.9,7.35,36.4,43.4,17.9
2026-04-17 06:23:03,0.0,90.9,113.9,5.96,35.9,30.2,18.0
2026-04-17 06:23:03,0.0,83.5,106.5,6.28,35.9,33.8,18.0
2026-04-17 06:23:03,0.0,87.4,103.9,7.27,37.0,37.3,18.0
2026-04-17 06:23:03,0.0,82.6,94.4,7.79,35.3,38.8,17.9
2026-04-17 06:23:04,0.0,83.1,98.1,7.48,36.4,45.6,18.0
2026-04-17 06:23:04,0.0,85.2,101.5,7.39,35.3,40.4,18.0
2026-04-17 06:23:04,0.0,87.4,102.0,7.37,35.9,42.6,18.0
2026-04-17 06:23:04,0.0,97.4,118.3,6.59,36.4,49.2,18.0
2026-04-17 06:23:04,0.0,86.0,109.0,6.83,36.4,37.3,17.9
2026-04-17 06:23:04,0.0,84.6,98.2,7.59,37.0,39.2,17.9
2026-04-17 06:23:04,0.0,84.9,99.5,7.49,34.8,44.4,17.9
2026-04-17 06:23:05,0.0,96.1,110.1,6.91,35.3,45.0,17.9
2026-04-17 06:23:05,0.0,84.4,107.5,6.46,37.5,37.5,17.9
2026-04-17 06:23:05,0.0,87.7,103.6,7.3,36.4,39.6,17.9
2026-04-17 06:23:05,0.0,83.1,105.3,6.19,35.9,35.4,17.9
2026-04-17 06:23:05,0.0,83.7,99.9,7.47,35.3,38.9,17.9
2026-04-17 06:23:05,0.0,91.9,108.0,7.06,35.9,41.1,17.9
2026-04-17 06:23:05,0.0,84.7,108.3,6.26,36.4,36.4,17.9
2026-04-17 06:23:06,0.0,87.8,101.6,7.28,36.4,44.8,17.9
2026-04-17 06:23:06,0.0,90.1,112.8,5.98,35.9,32.8,17.9
2026-04-17 06:23:06,0.0,89.9,112.9,6.01,35.9,34.3,17.9
2026-04-17 06:23:06,0.0,102.0,125.0,5.6,37.0,34.8,17.9
2026-04-17 06:23:06,0.0,84.8,107.8,6.7,36.4,35.6,17.9
2026-04-17 06:23:06,0.0,82.6,97.8,7.6,35.9,37.3,17.9
2026-04-17 06:23:07,0.0,89.8,101.5,7.07,35.3,51.7,17.9
2026-04-17 06:23:07,0.0,84.6,107.5,6.25,35.9,34.9,17.9
2026-04-17 06:23:07,0.0,255.4,288.9,3.1,38.0,82.2,17.2
2026-04-17 06:23:07,0.0,114.6,137.6,5.75,36.4,44.8,17.1
2026-04-17 06:23:07,0.0,83.6,102.0,7.38,35.9,39.3,17.1
2026-04-17 06:23:07,0.0,94.0,110.7,6.94,37.0,41.4,17.1
2026-04-17 06:23:08,0.0,87.9,108.4,6.24,36.4,37.1,17.1
2026-04-17 06:23:08,0.0,83.4,95.1,7.77,36.4,36.7,17.1
2026-04-17 06:23:08,0.0,91.7,106.5,7.07,37.0,40.0,17.1
2026-04-17 06:23:08,0.0,105.8,128.8,5.53,35.9,33.3,17.1
2026-04-17 06:23:08,0.0,85.8,107.8,6.82,35.9,37.3,17.1
2026-04-17 06:23:08,0.0,87.4,101.0,7.42,36.4,43.9,17.1
2026-04-17 06:23:09,0.0,84.2,97.1,7.62,35.3,42.3,17.2
2026-04-17 06:23:09,0.0,83.9,97.1,7.58,35.3,41.2,17.2
2026-04-17 06:23:09,0.0,84.7,100.3,7.46,36.4,43.4,17.2
2026-04-17 06:23:09,0.0,84.5,98.3,7.52,35.9,41.8,17.2
2026-04-17 06:23:09,0.0,112.9,128.8,6.02,36.4,44.4,17.2
2026-04-17 06:23:09,0.0,85.0,100.8,7.45,36.4,38.9,17.2
2026-04-17 06:23:09,0.0,86.8,103.6,7.3,38.0,42.9,17.2
2026-04-17 06:23:10,0.0,83.1,106.0,6.21,36.4,33.8,17.3
2026-04-17 06:23:10,0.0,86.1,102.8,7.32,37.0,39.2,17.3
2026-04-17 06:23:10,0.0,88.5,101.0,7.4,37.0,43.6,17.3
2026-04-17 06:23:10,0.0,87.3,110.4,6.04,35.3,34.4,17.4
2026-04-17 06:23:10,0.0,88.3,100.5,7.46,35.3,41.8,17.4
2026-04-17 06:23:10,0.0,86.7,109.7,6.06,35.9,32.8,17.4
2026-04-17 06:23:10,0.0,85.7,98.3,7.57,35.9,39.2,17.5
2026-04-17 06:23:11,0.0,92.4,104.7,7.13,36.4,40.4,17.5
2026-04-17 06:23:11,0.0,96.7,119.7,5.86,37.5,37.1,17.5
2026-04-17 06:23:11,0.0,86.1,109.2,6.4,35.9,35.9,17.6
2026-04-17 06:23:11,0.0,97.0,110.3,6.95,37.5,38.9,17.6
2026-04-17 06:23:11,0.0,96.7,119.7,6.01,35.9,36.4,17.6
2026-04-17 06:23:11,0.0,103.4,126.4,5.77,35.3,36.6,17.6
2026-04-17 06:23:11,0.0,93.4,114.4,6.39,37.0,47.6,17.6
2026-04-17 06:23:12,0.0,124.6,146.6,5.06,37.0,38.5,17.6
2026-04-17 06:23:12,0.0,89.6,112.7,6.07,36.4,33.3,17.6
2026-04-17 06:23:12,0.0,84.5,107.4,6.19,37.0,34.9,17.6
2026-04-17 06:23:12,0.0,93.1,108.7,7.03,37.0,41.4,17.5
2026-04-17 06:23:12,0.0,99.0,122.2,5.81,38.6,34.8,17.6
2026-04-17 06:23:12,0.0,95.2,118.4,6.14,35.9,36.5,17.6
2026-04-17 06:23:13,0.0,121.4,144.8,5.17,36.4,39.5,17.6
2026-04-17 06:23:13,0.0,92.5,115.6,5.87,35.9,35.7,17.6
2026-04-17 06:23:13,0.0,91.9,115.0,6.02,35.9,32.3,17.6
2026-04-17 06:23:13,0.0,89.2,106.3,6.1,36.4,33.3,17.6
2026-04-17 06:23:13,0.0,101.4,124.7,5.59,35.9,32.9,17.6
2026-04-17 06:23:14,0.0,85.9,109.0,6.63,37.0,35.0,17.6
2026-04-17 06:23:14,0.0,87.9,101.5,7.39,35.3,47.4,17.6
2026-04-17 06:23:14,0.0,106.6,115.9,6.58,37.5,46.6,17.6
2026-04-17 06:23:14,0.0,83.5,106.4,6.98,37.5,39.0,17.6
2026-04-17 06:23:14,0.0,94.1,110.5,6.94,35.9,40.4,17.6
2026-04-17 06:23:14,0.0,101.2,124.4,5.76,36.4,38.4,17.6
2026-04-17 06:23:14,0.0,102.0,124.7,5.98,37.0,36.9,17.6
2026-04-17 06:23:15,0.0,109.4,132.2,5.74,35.3,37.1,17.6
2026-04-17 06:23:15,0.0,91.5,114.8,6.7,35.9,37.3,17.6
2026-04-17 06:23:15,0.0,84.7,107.7,6.28,37.0,33.3,17.6
2026-04-17 06:23:15,0.0,88.6,104.0,7.28,36.4,42.6,17.6
2026-04-17 06:23:15,0.0,88.8,110.8,6.01,35.9,37.3,17.6
2026-04-17 06:23:15,0.0,93.0,115.7,5.85,35.9,34.8,17.6
2026-04-17 06:23:16,0.0,101.2,124.4,5.72,35.9,37.1,17.5
2026-04-17 06:23:16,0.0,86.7,109.6,6.57,35.3,35.0,17.5
2026-04-17 06:23:16,0.0,96.6,110.8,6.92,35.9,40.4,17.5
2026-04-17 06:23:16,0.0,106.0,129.0,5.73,36.4,42.3,17.4
2026-04-17 06:23:16,0.0,89.6,112.5,6.67,35.9,37.3,17.4
2026-04-17 06:23:16,0.0,112.0,134.9,5.29,37.0,36.0,17.4
2026-04-17 06:23:17,0.0,128.0,147.6,5.48,36.4,35.2,17.4
2026-04-17 06:23:17,0.0,115.0,137.4,5.3,35.3,39.5,17.5
2026-04-17 06:23:17,0.0,84.3,98.5,7.47,36.4,37.7,17.5
2026-04-17 06:23:17,0.0,83.5,98.8,7.54,35.3,41.5,17.4
2026-04-17 06:23:17,0.0,83.0,98.0,7.53,35.3,41.5,17.4
2026-04-17 06:23:17,0.0,170.5,185.9,4.51,35.9,66.7,17.3
2026-04-17 06:23:18,0.0,176.6,202.1,4.1,38.0,87.1,16.5
2026-04-17 06:23:18,0.0,89.5,107.4,7.09,35.9,38.6,16.5
2026-04-17 06:23:18,0.0,103.1,123.6,5.56,37.0,35.2,16.5
2026-04-17 06:23:18,0.0,112.7,135.7,5.68,36.4,39.4,16.6
2026-04-17 06:23:18,0.0,86.5,104.4,7.13,37.0,34.0,16.5
2026-04-17 06:23:18,0.0,90.2,102.6,7.3,35.9,43.6,16.5
2026-04-17 06:23:19,0.0,104.3,123.7,5.52,37.0,42.3,16.5
2026-04-17 06:23:19,0.0,86.3,109.3,6.75,35.9,37.3,16.5
2026-04-17 06:23:19,0.0,110.9,124.4,6.33,35.9,39.3,16.5
2026-04-17 06:23:19,0.0,91.8,113.6,6.79,37.0,40.7,16.5
2026-04-17 06:23:19,0.0,110.9,132.9,5.38,36.4,36.0,16.5
2026-04-17 06:23:19,0.0,102.9,125.1,6.31,37.0,36.5,16.6
2026-04-17 06:23:20,0.0,96.1,118.8,6.26,35.3,37.5,16.6
2026-04-17 06:23:20,0.0,97.4,120.8,5.95,37.0,34.4,16.6
2026-04-17 06:23:20,0.0,140.1,162.9,4.78,35.9,36.6,16.6
2026-04-17 06:23:20,0.0,98.0,121.1,6.34,37.0,37.5,16.6
2026-04-17 06:23:20,0.0,85.8,105.9,6.48,37.0,37.7,16.5
2026-04-17 06:23:20,0.0,84.7,98.4,7.57,36.4,41.8,16.5
2026-04-17 06:23:20,0.0,83.7,98.6,7.55,36.4,42.6,16.5
2026-04-17 06:23:21,0.0,84.8,101.0,7.43,37.0,42.6,16.5
2026-04-17 06:23:21,0.0,85.7,99.9,7.48,36.4,38.5,16.5
2026-04-17 06:23:21,0.0,98.6,117.9,6.59,35.3,39.0,16.5
2026-04-17 06:23:21,0.0,84.5,107.5,6.8,35.9,36.7,16.5
2026-04-17 06:23:21,0.0,83.3,96.8,7.57,37.0,50.0,16.5
2026-04-17 06:23:21,0.0,90.5,106.0,7.13,36.4,41.8,16.5
2026-04-17 06:23:21,0.0,85.4,107.9,6.19,37.0,33.3,16.5
2026-04-17 06:23:22,0.0,112.1,125.7,6.26,35.9,45.3,16.5
2026-04-17 06:23:22,0.0,85.8,104.5,7.13,36.4,40.4,16.6
2026-04-17 06:23:22,0.0,97.4,111.4,6.89,36.4,41.4,16.6
2026-04-17 06:23:22,0.0,85.5,108.6,6.47,36.4,35.5,16.6
2026-04-17 06:23:22,0.0,97.3,110.0,6.86,37.0,45.2,16.6
2026-04-17 06:23:23,0.0,245.5,276.8,3.1,37.0,78.3,16.6
2026-04-17 06:23:23,0.0,93.9,107.4,7.04,37.0,47.4,16.6
2026-04-17 06:23:23,0.0,87.0,108.4,6.33,35.9,37.1,16.6
2026-04-17 06:23:23,0.0,83.7,94.7,7.7,35.9,43.4,16.6
2026-04-17 06:23:23,0.0,112.5,128.5,6.17,36.4,40.3,16.6
2026-04-17 06:23:23,0.0,94.4,108.2,6.7,35.9,49.2,16.6
2026-04-17 06:23:23,0.0,88.7,111.8,6.25,37.0,34.4,16.6
2026-04-17 06:23:24,0.0,83.8,106.8,6.18,36.4,34.4,16.6
2026-04-17 06:23:24,0.0,85.8,101.8,7.37,35.9,45.6,16.6
2026-04-17 06:23:24,0.0,102.4,115.8,6.67,37.0,38.6,16.6
2026-04-17 06:23:24,0.0,94.1,117.1,6.34,37.0,37.1,16.6
2026-04-17 06:23:24,0.0,86.8,109.9,6.27,36.4,34.4,16.6
2026-04-17 06:23:24,0.0,83.6,95.9,7.7,37.0,42.6,16.6
2026-04-17 06:23:24,0.0,104.1,120.5,6.5,35.3,41.9,16.6
2026-04-17 06:23:25,0.0,86.3,108.5,6.72,36.4,36.8,16.6
2026-04-17 06:23:25,0.0,83.8,97.1,7.65,36.4,38.0,16.6
2026-04-17 06:23:25,0.0,95.5,111.3,6.89,35.9,40.4,16.6
2026-04-17 06:23:25,0.0,85.9,109.0,6.37,35.9,34.9,16.6
2026-04-17 06:23:25,0.0,92.0,106.4,7.16,36.4,38.0,16.6
2026-04-17 06:23:25,0.0,88.0,111.1,6.17,35.9,32.8,16.6
2026-04-17 06:23:25,0.0,86.7,98.3,7.57,35.9,42.6,16.6
2026-04-17 06:23:26,0.0,99.2,108.5,6.83,35.3,49.1,16.6
2026-04-17 06:23:26,0.0,95.3,118.3,6.18,35.3,33.3,16.6
2026-04-17 06:23:26,0.0,109.7,130.3,5.52,36.4,39.2,16.6
2026-04-17 06:23:26,0.0,86.3,109.5,6.97,37.5,35.8,16.6
2026-04-17 06:23:26,0.0,84.7,97.3,7.58,35.3,42.3,16.6
2026-04-17 06:23:26,0.0,83.5,97.3,7.62,35.9,43.4,16.7
2026-04-17 06:23:27,0.0,82.5,99.1,7.53,37.0,41.5,16.7
2026-04-17 06:23:27,0.0,86.9,104.8,7.17,36.4,39.6,16.7
2026-04-17 06:23:27,0.0,86.8,110.0,6.08,37.0,38.2,16.8
2026-04-17 06:23:27,0.0,83.0,95.4,7.74,36.4,43.6,16.8
2026-04-17 06:23:27,0.0,87.0,103.7,7.27,36.4,43.6,16.8
2026-04-17 06:23:27,0.0,113.4,125.8,6.27,37.0,44.1,16.8
2026-04-17 06:23:27,0.0,84.9,104.7,7.24,36.4,38.2,16.8
2026-04-17 06:23:28,0.0,96.9,114.3,6.77,37.0,38.6,16.8
2026-04-17 06:23:28,0.0,105.2,127.3,5.79,35.9,36.4,16.8
2026-04-17 06:23:28,0.0,86.3,109.1,6.78,37.0,35.1,16.8
2026-04-17 06:23:28,0.0,83.2,94.7,7.68,36.4,42.3,16.8
2026-04-17 06:23:28,0.0,83.5,98.7,7.48,35.9,39.2,16.8
2026-04-17 06:23:28,0.0,83.3,95.8,7.52,36.4,39.2,16.8
2026-04-17 06:23:28,0.0,83.7,97.9,7.49,36.4,37.3,16.8
2026-04-17 06:23:29,0.0,91.9,107.6,7.04,37.0,38.9,16.8
2026-04-17 06:23:29,0.0,83.6,106.5,6.33,37.5,38.5,16.8
2026-04-17 06:23:29,0.0,84.6,102.0,7.38,35.9,41.5,16.8
2026-04-17 06:23:29,0.0,97.7,109.8,6.9,37.0,38.6,16.9
2026-04-17 06:23:29,0.0,83.4,105.7,6.56,37.5,39.7,16.9
2026-04-17 06:23:29,0.0,83.7,99.2,7.51,36.4,36.0,16.9
2026-04-17 06:23:29,0.0,92.0,108.2,7.06,35.9,44.1,16.9
2026-04-17 06:23:30,0.0,83.0,105.9,6.34,35.9,41.0,16.9
2026-04-17 06:23:30,0.0,86.1,101.1,7.33,35.9,41.1,16.9
2026-04-17 06:23:30,0.0,85.5,104.5,7.23,35.9,39.2,16.9
2026-04-17 06:23:30,0.0,86.1,108.1,6.19,35.9,34.4,16.9
2026-04-17 06:23:30,0.0,88.8,103.6,7.29,37.0,41.8,17.0
2026-04-17 06:23:30,0.0,105.4,128.4,5.49,35.9,35.1,17.0
2026-04-17 06:23:30,0.0,93.5,116.6,6.47,35.9,31.0,17.0
2026-04-17 06:23:31,0.0,101.7,128.8,5.57,36.4,34.8,17.0
2026-04-17 06:23:31,0.0,92.6,115.4,6.54,36.4,39.7,17.0
2026-04-17 06:23:31,0.0,85.2,107.8,6.29,35.3,35.9,17.1
2026-04-17 06:23:31,0.0,83.0,97.2,7.62,37.0,39.2,17.1
2026-04-17 06:23:31,0.0,82.9,99.4,7.51,37.5,42.6,17.1
2026-04-17 06:23:31,0.0,88.1,105.1,7.2,36.4,41.8,17.2
2026-04-17 06:23:32,0.0,94.8,117.8,5.79,36.4,35.3,17.2
2026-04-17 06:23:32,0.0,133.8,156.4,4.86,35.9,40.7,17.2
2026-04-17 06:23:32,0.0,120.0,143.1,5.37,35.9,37.8,17.2
2026-04-17 06:23:32,0.0,86.0,98.2,7.48,35.3,40.7,17.3
2026-04-17 06:23:32,0.0,85.2,96.8,7.61,35.9,38.8,17.3
2026-04-17 06:23:32,0.0,84.9,97.4,7.52,35.3,38.0,17.3
2026-04-17 06:23:32,0.0,84.7,96.4,7.51,37.0,43.6,17.4
2026-04-17 06:23:33,0.0,87.5,101.6,7.35,36.4,41.5,17.4
2026-04-17 06:23:33,0.0,106.6,118.8,6.53,34.8,45.0,17.4
2026-04-17 06:23:33,0.0,85.1,108.2,6.93,35.9,34.5,17.4
2026-04-17 06:23:33,0.0,83.7,96.3,7.58,36.4,43.4,17.4
2026-04-17 06:23:33,0.0,82.6,98.1,7.57,35.9,41.5,17.4
2026-04-17 06:23:33,0.0,83.1,100.3,7.46,35.3,39.2,17.4
2026-04-17 06:23:33,0.0,88.2,101.0,7.22,37.0,50.9,17.5
2026-04-17 06:23:34,0.0,104.3,127.4,5.49,36.4,30.4,17.5
2026-04-17 06:23:34,0.0,86.6,109.5,6.7,36.4,39.3,17.5
2026-04-17 06:23:34,0.0,83.3,95.5,7.7,36.4,38.8,17.5
2026-04-17 06:23:34,0.0,91.2,107.5,7.09,35.3,42.1,17.5
2026-04-17 06:23:34,0.0,86.6,109.4,6.17,35.9,34.9,17.5
2026-04-17 06:23:34,0.0,87.1,99.9,7.48,36.4,37.3,17.5
2026-04-17 06:23:34,0.0,85.6,96.7,7.57,35.9,41.2,17.5
2026-04-17 06:23:35,0.0,84.3,97.3,7.58,37.0,41.5,17.5
2026-04-17 06:23:35,0.0,87.0,102.3,7.36,35.9,35.3,17.4
2026-04-17 06:23:35,0.0,84.0,97.5,7.48,36.4,46.6,17.5
2026-04-17 06:23:35,0.0,107.1,119.7,6.52,35.9,40.7,17.4
2026-04-17 06:23:35,0.0,91.8,114.8,6.63,35.9,37.3,17.3
2026-04-17 06:23:35,0.0,84.3,107.3,6.29,35.9,34.4,17.3
2026-04-17 06:23:35,0.0,87.1,99.9,7.34,36.4,44.6,17.3
2026-04-17 06:23:36,0.0,84.7,102.3,7.35,35.9,36.0,17.3
2026-04-17 06:23:36,0.0,106.0,129.1,5.47,36.4,40.8,17.3
2026-04-17 06:23:36,0.0,106.1,129.3,5.99,36.4,37.5,17.3
2026-04-17 06:23:36,0.0,84.3,109.0,6.84,35.9,35.6,17.3
2026-04-17 06:23:36,0.0,101.4,114.8,6.68,37.0,40.4,17.2
2026-04-17 06:23:36,0.0,83.9,107.1,6.73,37.0,35.1,17.3
2026-04-17 06:23:37,0.0,84.8,100.6,7.46,36.4,38.9,17.3
2026-04-17 06:23:37,0.0,95.7,112.0,6.77,35.3,47.5,17.3
2026-04-17 06:23:37,0.0,88.2,110.8,6.44,37.0,34.9,17.3
2026-04-17 06:23:37,0.0,87.3,110.2,6.03,37.0,34.8,17.4
2026-04-17 06:23:37,0.0,104.0,115.7,6.65,37.0,39.3,17.3
2026-04-17 06:23:37,0.0,102.4,125.6,6.07,35.9,38.5,17.3
2026-04-17 06:23:37,0.0,91.6,114.6,6.43,36.4,34.4,17.3
2026-04-17 06:23:38,0.0,107.0,130.1,5.49,35.9,36.6,17.3
2026-04-17 06:23:38,0.0,87.2,110.3,6.82,36.4,39.3,17.4
2026-04-17 06:23:38,0.0,103.8,116.3,6.67,35.9,42.6,17.4
2026-04-17 06:23:38,0.0,107.5,130.6,5.87,37.0,44.3,17.4
2026-04-17 06:23:38,0.0,87.9,110.1,6.8,35.9,42.6,17.5
2026-04-17 06:23:38,0.0,118.9,132.0,6.05,36.4,37.9,17.5
2026-04-17 06:23:39,0.0,114.2,125.9,6.22,36.4,41.5,17.5
2026-04-17 06:23:39,0.0,93.4,112.1,6.87,35.9,40.0,17.4
2026-04-17 06:23:39,0.0,91.1,114.3,6.08,37.0,37.3,17.4
2026-04-17 06:23:39,0.0,100.7,125.5,5.63,37.0,34.8,17.5
2026-04-17 06:23:39,0.0,87.7,110.6,6.58,37.0,33.3,17.4
2026-04-17 06:23:39,0.0,101.7,114.0,6.74,35.9,37.5,17.4
2026-04-17 06:23:40,0.0,101.5,124.7,6.04,35.9,37.9,17.4
2026-04-17 06:23:40,0.0,112.2,134.8,5.64,36.4,38.6,17.4
2026-04-17 06:23:40,0.0,93.0,114.2,6.78,35.9,39.0,17.4
2026-04-17 06:23:40,0.0,90.4,113.7,6.09,36.4,33.9,17.4
2026-04-17 06:23:40,0.0,106.2,129.3,5.5,35.3,32.4,17.4
2026-04-17 06:23:40,0.0,117.2,140.4,5.63,36.4,38.0,17.4
2026-04-17 06:23:41,0.0,113.5,129.5,6.1,36.4,39.7,17.4
2026-04-17 06:23:41,0.0,91.2,109.8,6.97,37.5,39.3,17.4
2026-04-17 06:23:41,0.0,83.7,104.7,6.29,37.5,34.9,17.4
2026-04-17 06:23:41,0.0,84.4,100.4,7.46,36.4,40.7,17.4
2026-04-17 06:23:41,0.0,100.8,116.5,6.66,36.4,41.7,17.4
2026-04-17 06:23:41,0.0,88.8,109.1,6.49,36.4,35.0,17.3
2026-04-17 06:23:41,0.0,91.1,114.6,5.91,36.4,32.8,17.3
2026-04-17 06:23:42,0.0,110.0,132.8,5.4,36.4,40.5,17.3
2026-04-17 06:23:42,0.0,111.6,135.3,5.92,35.3,34.4,17.2
2026-04-17 06:23:42,0.0,96.6,117.4,6.62,35.9,41.9,17.3
2026-04-17 06:23:42,0.0,85.8,108.9,6.41,36.4,35.9,17.2
2026-04-17 06:23:42,0.0,86.0,99.9,7.49,37.0,45.5,17.2
2026-04-17 06:23:42,0.0,83.8,97.5,7.63,36.4,36.7,17.2
2026-04-17 06:23:43,0.0,91.9,107.9,7.05,35.9,43.9,17.2
2026-04-17 06:23:43,0.0,104.4,127.6,5.59,35.9,39.1,17.2
2026-04-17 06:23:43,0.0,102.1,125.4,6.08,36.4,35.9,17.2
2026-04-17 06:23:43,0.0,91.8,114.1,6.41,35.9,38.7,17.2
2026-04-17 06:23:43,0.0,85.0,108.0,6.26,37.0,34.4,17.2
2026-04-17 06:23:43,0.0,82.8,97.1,7.63,37.0,39.2,17.2
2026-04-17 06:23:43,0.0,100.7,118.1,6.6,37.0,44.3,17.2
2026-04-17 06:23:44,0.0,95.2,118.3,6.22,36.4,35.5,17.2
2026-04-17 06:23:44,0.0,83.8,106.9,6.44,36.4,36.5,17.2
2026-04-17 06:23:44,0.0,82.1,97.6,7.59,37.5,40.0,17.2
2026-04-17 06:23:44,0.0,86.9,104.6,7.18,37.0,40.0,17.2
2026-04-17 06:23:44,0.0,83.4,95.1,7.78,37.0,39.2,17.2
2026-04-17 06:23:44,0.0,86.0,102.3,7.36,37.0,39.2,17.2
2026-04-17 06:23:44,0.0,82.6,95.5,7.69,37.0,42.9,17.2
2026-04-17 06:23:45,0.0,85.8,103.0,7.33,36.4,40.4,17.2
2026-04-17 06:23:45,0.0,83.4,96.4,7.63,37.5,40.0,17.2
2026-04-17 06:23:45,0.0,97.6,113.4,6.78,37.0,40.7,17.3
2026-04-17 06:23:45,0.0,90.9,112.8,6.26,36.4,37.9,17.3
2026-04-17 06:23:45,0.0,101.0,124.0,5.65,36.4,44.4,17.3
2026-04-17 06:23:45,0.0,107.1,130.0,5.79,35.9,37.3,17.3
2026-04-17 06:23:46,0.0,83.1,105.3,6.99,36.4,33.3,17.4
2026-04-17 06:23:46,0.0,85.5,103.9,7.28,36.4,39.6,17.4
2026-04-17 06:23:46,0.0,86.4,98.6,7.57,35.9,44.6,17.4
2026-04-17 06:23:46,0.0,83.7,96.7,7.65,37.0,44.4,17.4
2026-04-17 06:23:46,0.0,92.8,108.7,7.04,36.4,44.1,17.5
2026-04-17 06:23:46,0.0,87.4,110.4,6.19,36.4,33.3,17.5
2026-04-17 06:23:46,0.0,97.2,120.2,5.68,35.9,32.4,17.5
2026-04-17 06:23:47,0.0,93.4,116.2,6.13,37.0,37.9,17.6
2026-04-17 06:23:47,0.0,95.1,117.8,5.94,36.4,40.0,17.6
2026-04-17 06:23:47,0.0,87.2,110.4,6.29,35.9,36.5,17.6
2026-04-17 06:23:47,0.0,94.2,106.6,7.13,35.3,41.8,17.6
2026-04-17 06:23:47,0.0,84.0,107.1,6.39,37.0,40.3,17.6
2026-04-17 06:23:47,0.0,84.9,102.5,7.35,35.3,34.6,17.6
2026-04-17 06:23:47,0.0,89.1,97.7,7.38,37.0,52.8,17.6
2026-04-17 06:23:48,0.0,99.1,122.0,5.67,35.9,35.6,17.6
2026-04-17 06:23:48,0.0,94.2,117.3,6.18,35.3,34.4,17.6
2026-04-17 06:23:48,0.0,93.0,115.8,6.05,36.4,35.4,17.5
2026-04-17 06:23:48,0.0,94.9,117.8,5.94,36.4,34.8,17.5
2026-04-17 06:23:48,0.0,93.7,116.7,6.05,35.3,31.3,17.5
2026-04-17 06:23:48,0.0,93.3,116.6,6.01,35.3,32.8,17.6
2026-04-17 06:23:49,0.0,84.3,107.2,6.36,36.4,32.8,17.6
2026-04-17 06:23:49,0.0,87.5,103.0,7.33,35.9,39.6,17.6
2026-04-17 06:23:49,0.0,98.0,108.6,6.89,37.5,45.0,17.6
2026-04-17 06:23:49,0.0,87.7,110.8,6.45,37.0,37.9,17.6
2026-04-17 06:23:49,0.0,88.8,101.9,7.37,37.0,43.6,17.6
2026-04-17 06:23:49,0.0,88.6,111.4,6.05,36.4,39.7,17.6
2026-04-17 06:23:50,0.0,103.0,126.0,5.53,37.0,36.1,17.6
2026-04-17 06:23:50,0.0,85.9,109.0,6.68,37.5,38.7,17.6
2026-04-17 06:23:50,0.0,87.5,100.4,7.42,36.4,46.4,17.6
2026-04-17 06:23:50,0.0,84.7,96.3,7.66,36.4,44.4,17.6
2026-04-17 06:23:50,0.0,104.0,118.7,6.55,36.4,40.0,17.6
2026-04-17 06:23:50,0.0,85.0,108.2,6.77,35.9,34.5,17.7
2026-04-17 06:23:50,0.0,110.8,125.3,6.29,35.9,37.3,17.7
2026-04-17 06:23:51,0.0,85.0,107.4,7.03,37.0,39.3,17.7
2026-04-17 06:23:51,0.0,85.5,98.5,7.55,36.4,34.7,17.7
2026-04-17 06:23:51,0.0,107.4,114.7,6.45,35.9,50.0,17.7
2026-04-17 06:23:51,0.0,135.0,158.0,5.15,36.4,37.7,17.7
2026-04-17 06:23:51,0.0,85.9,109.0,6.64,35.9,35.0,17.7
2026-04-17 06:23:51,0.0,91.5,105.1,7.19,35.3,39.6,17.8
2026-04-17 06:23:51,0.0,86.0,109.0,6.21,35.9,35.9,17.8
2026-04-17 06:23:52,0.0,136.3,148.7,5.45,35.9,40.6,17.8
2026-04-17 06:23:52,0.0,84.4,107.4,6.75,35.3,35.6,17.8
2026-04-17 06:23:52,0.0,102.7,119.7,6.51,36.4,38.6,17.8
2026-04-17 06:23:52,0.0,83.9,107.0,6.85,37.0,37.7,17.8
2026-04-17 06:23:52,0.0,85.9,105.5,7.21,37.0,43.1,17.8
2026-04-17 06:23:52,0.0,110.2,133.4,5.34,36.4,32.9,17.8
2026-04-17 06:23:53,0.0,89.9,112.8,6.85,36.4,35.7,17.8
2026-04-17 06:23:53,0.0,94.2,117.2,5.85,35.9,33.8,17.7
2026-04-17 06:23:53,0.0,117.0,140.0,5.28,36.4,35.6,17.7
2026-04-17 06:23:53,0.0,85.4,100.1,7.41,35.9,35.3,17.7
2026-04-17 06:23:53,0.0,85.6,100.0,7.46,36.4,49.0,17.5
2026-04-17 06:23:53,0.0,83.1,95.2,7.69,36.4,45.5,17.5
2026-04-17 06:23:53,0.0,83.8,101.4,7.39,35.3,40.7,17.4
2026-04-17 06:23:54,0.0,84.2,98.7,7.56,35.9,37.3,17.4
2026-04-17 06:23:54,0.0,83.8,99.1,7.52,35.9,41.5,17.4
2026-04-17 06:23:54,0.0,85.2,101.0,7.42,35.9,39.6,17.4
2026-04-17 06:23:54,0.0,83.8,97.9,7.58,35.3,40.0,17.4
2026-04-17 06:23:54,0.0,86.6,102.3,7.35,37.0,44.8,17.4
2026-04-17 06:23:54,0.0,86.8,99.7,7.5,35.9,37.7,17.4
2026-04-17 06:23:54,0.0,84.2,97.7,7.53,35.9,43.4,17.4
2026-04-17 06:23:55,0.0,84.3,97.7,7.62,37.0,41.8,17.4
2026-04-17 06:23:55,0.0,101.9,123.3,6.38,35.9,41.3,17.4
2026-04-17 06:23:55,0.0,88.0,111.1,6.81,35.3,37.9,17.4
2026-04-17 06:23:55,0.0,90.8,102.3,7.34,36.4,41.5,17.4
2026-04-17 06:23:55,0.0,84.2,106.5,6.26,37.0,35.9,17.4
2026-04-17 06:23:55,0.0,86.0,101.6,7.41,35.9,40.0,17.4
2026-04-17 06:23:55,0.0,93.7,102.7,7.1,37.0,50.9,17.4
2026-04-17 06:23:56,0.0,84.8,107.7,6.34,36.4,38.8,17.4
2026-04-17 06:23:56,0.0,85.5,99.8,7.46,37.0,40.7,17.4
2026-04-17 06:23:56,0.0,90.4,108.3,7.06,35.9,42.1,17.4
2026-04-17 06:23:56,0.0,88.2,110.6,6.22,35.9,39.4,17.4
2026-04-17 06:23:56,0.0,84.4,95.8,7.72,35.9,38.0,17.4
2026-04-17 06:23:56,0.0,101.1,116.6,6.66,35.3,41.7,17.4
2026-04-17 06:23:56,0.0,95.2,118.3,6.22,36.4,38.5,17.4
2026-04-17 06:23:57,0.0,101.6,124.6,5.79,35.3,35.8,17.4
2026-04-17 06:23:57,0.0,87.7,110.1,6.53,35.9,40.9,17.5
2026-04-17 06:23:57,0.0,117.1,128.9,6.15,37.0,41.5,17.5
2026-04-17 06:23:57,0.0,94.6,110.5,6.95,36.4,39.7,17.5
2026-04-17 06:23:57,0.0,86.8,109.8,6.3,37.5,34.9,17.5
2026-04-17 06:23:57,0.0,102.4,115.0,6.71,36.4,40.7,17.5
2026-04-17 06:23:58,0.0,108.7,131.5,5.79,36.4,42.9,17.5
2026-04-17 06:23:58,0.0,89.8,112.9,6.77,36.4,37.3,17.5
2026-04-17 06:23:58,0.0,89.7,113.1,6.0,36.4,32.8,17.6
2026-04-17 06:23:58,0.0,93.3,116.7,5.88,37.5,39.4,17.6
2026-04-17 06:23:58,0.0,86.5,109.5,6.27,36.4,31.1,17.6
2026-04-17 06:23:58,0.0,82.4,95.1,7.74,37.0,41.2,17.7
2026-04-17 06:23:58,0.0,87.9,105.4,7.18,37.0,40.0,17.7
2026-04-17 06:23:59,0.0,101.0,123.0,5.58,36.4,34.3,17.7
2026-04-17 06:23:59,0.0,240.4,266.6,3.16,36.4,83.9,17.3
2026-04-17 06:23:59,0.0,104.2,120.3,6.5,36.4,50.0,17.2
2026-04-17 06:23:59,0.0,95.0,118.0,6.38,35.9,40.3,17.1
2026-04-17 06:23:59,0.0,99.6,123.0,5.83,36.4,41.5,17.1
2026-04-17 06:24:00,0.0,84.0,107.0,6.65,36.4,38.1,17.1
2026-04-17 06:24:00,0.0,83.8,99.0,7.51,37.0,43.6,17.1
2026-04-17 06:24:00,0.0,88.2,103.8,7.26,35.9,40.7,17.0
2026-04-17 06:24:00,0.0,95.8,115.8,5.74,36.4,39.1,17.0
2026-04-17 06:24:00,0.0,110.5,133.6,5.52,35.9,33.3,16.9
2026-04-17 06:24:00,0.0,92.4,113.8,6.73,36.4,34.5,17.0
2026-04-17 06:24:01,0.0,95.8,118.6,5.88,35.9,39.7,17.0
2026-04-17 06:24:01,0.0,84.2,107.3,6.45,35.9,34.4,17.0
2026-04-17 06:24:01,0.0,101.9,117.3,6.62,35.9,45.2,17.0
2026-04-17 06:24:01,0.0,120.7,143.6,5.4,35.9,38.0,17.0
2026-04-17 06:24:01,0.0,93.6,105.8,7.17,36.4,41.8,17.0
2026-04-17 06:24:01,0.0,102.2,125.3,5.71,36.4,34.3,17.0
2026-04-17 06:24:02,0.0,88.1,111.0,6.56,36.4,34.4,17.0
2026-04-17 06:24:02,0.0,105.1,128.2,5.44,35.3,39.0,17.0
2026-04-17 06:24:02,0.0,86.0,109.3,6.78,36.4,37.3,17.0
2026-04-17 06:24:02,0.0,93.2,105.3,7.08,35.3,38.2,17.0
2026-04-17 06:24:02,0.0,86.4,108.7,6.28,36.4,36.5,17.0
2026-04-17 06:24:02,0.0,87.8,100.4,7.44,35.9,39.6,17.0
2026-04-17 06:24:02,0.0,98.8,110.5,6.93,37.0,39.3,17.0
2026-04-17 06:24:03,0.0,83.4,106.0,6.62,37.0,33.3,17.0
2026-04-17 06:24:03,0.0,89.7,105.4,7.15,35.9,44.6,17.0
2026-04-17 06:24:03,0.0,92.7,115.6,5.9,36.4,33.3,17.0
2026-04-17 06:24:03,0.0,138.6,162.9,4.68,37.0,38.4,17.0
2026-04-17 06:24:03,0.0,130.3,153.3,5.25,36.4,42.7,17.0
2026-04-17 06:24:03,0.0,110.3,133.5,5.55,37.0,38.7,17.0
2026-04-17 06:24:04,0.0,94.1,116.9,6.66,35.3,35.6,17.0
2026-04-17 06:24:04,0.0,105.4,128.5,5.62,36.4,37.1,17.1
2026-04-17 06:24:04,0.0,94.2,114.2,6.44,35.9,36.7,17.1
2026-04-17 06:24:04,0.0,100.8,123.7,5.75,36.4,36.8,17.1
2026-04-17 06:24:04,0.0,95.0,118.1,6.25,36.4,36.9,17.0
2026-04-17 06:24:04,0.0,85.3,108.3,6.37,35.3,32.8,17.0
2026-04-17 06:24:05,0.0,97.8,111.2,6.85,35.9,46.8,17.0
2026-04-17 06:24:05,0.0,92.6,115.7,6.2,36.4,33.8,17.0
2026-04-17 06:24:05,0.0,104.1,127.3,5.61,35.3,36.2,17.0
2026-04-17 06:24:05,0.0,100.8,123.8,6.13,35.9,37.9,17.0
2026-04-17 06:24:05,0.0,97.7,120.7,6.11,37.0,36.5,16.9
2026-04-17 06:24:05,0.0,93.5,116.5,6.16,35.9,36.4,16.9
2026-04-17 06:24:06,0.0,117.4,138.5,5.24,37.0,42.3,16.9
2026-04-17 06:24:06,0.0,88.0,103.5,7.3,36.4,40.0,16.9
2026-04-17 06:24:06,0.0,100.8,112.8,6.84,35.3,43.1,16.8
2026-04-17 06:24:06,0.0,88.3,107.5,6.5,36.4,38.1,16.8
2026-04-17 06:24:06,0.0,84.8,108.2,6.12,36.4,31.2,16.9
2026-04-17 06:24:06,0.0,88.0,102.2,7.35,35.9,45.6,16.9
2026-04-17 06:24:06,0.0,85.8,97.5,7.63,36.4,38.0,16.8
2026-04-17 06:24:07,0.0,98.6,112.3,6.84,36.4,47.5,16.8
2026-04-17 06:24:07,0.0,90.2,113.2,6.33,36.4,33.9,16.8
2026-04-17 06:24:07,0.0,85.1,108.2,6.19,36.4,34.4,16.8
2026-04-17 06:24:07,0.0,88.3,103.2,7.31,37.0,43.6,16.8
2026-04-17 06:24:07,0.0,103.9,127.1,5.5,35.9,36.1,16.8
2026-04-17 06:24:07,0.0,91.7,114.7,6.48,35.9,37.5,16.9
2026-04-17 06:24:08,0.0,83.9,106.9,6.3,36.4,33.9,16.9
2026-04-17 06:24:08,0.0,91.5,108.0,7.05,36.4,38.9,17.0
2026-04-17 06:24:08,0.0,109.6,132.7,5.44,37.0,41.7,17.0
2026-04-17 06:24:08,0.0,86.0,109.1,7.0,35.9,39.0,17.0
2026-04-17 06:24:08,0.0,88.0,101.8,7.39,35.3,44.4,17.0
2026-04-17 06:24:08,0.0,93.7,114.2,5.8,35.9,35.7,17.0
2026-04-17 06:24:09,0.0,105.8,128.9,5.59,35.9,31.3,17.0
2026-04-17 06:24:09,0.0,99.4,122.4,6.25,35.9,37.1,17.0
2026-04-17 06:24:09,0.0,95.4,118.4,6.15,36.4,33.3,17.0
2026-04-17 06:24:09,0.0,87.5,110.5,6.3,36.4,40.3,17.1
2026-04-17 06:24:09,0.0,87.4,100.6,7.45,35.9,45.5,17.1
2026-04-17 06:24:09,0.0,85.1,108.3,6.12,34.8,38.2,17.1
2026-04-17 06:24:09,0.0,83.0,96.8,7.64,35.9,40.4,17.1
2026-04-17 06:24:10,0.0,91.8,108.2,7.04,36.4,43.1,17.1
2026-04-17 06:24:10,0.0,87.1,110.1,6.18,36.4,36.8,17.2
2026-04-17 06:24:10,0.0,101.3,114.0,6.77,37.0,38.2,17.2
2026-04-17 06:24:10,0.0,97.3,119.5,6.15,36.4,47.8,17.3
2026-04-17 06:24:10,0.0,87.6,110.7,6.38,36.4,33.3,17.2
2026-04-17 06:24:10,0.0,85.1,96.7,7.65,37.0,43.6,17.2
2026-04-17 06:24:10,0.0,101.2,116.1,6.69,35.9,37.5,17.2
2026-04-17 06:24:11,0.0,90.6,113.6,6.42,36.4,34.4,17.2
2026-04-17 06:24:11,0.0,91.6,114.8,5.96,36.4,31.7,17.2
2026-04-17 06:24:11,0.0,88.5,111.6,6.12,35.3,36.4,17.3
2026-04-17 06:24:11,0.0,84.2,94.9,7.76,36.4,38.8,17.3
2026-04-17 06:24:11,0.0,103.0,118.6,6.58,37.0,45.5,17.3
2026-04-17 06:24:11,0.0,86.8,111.5,6.53,37.5,37.1,17.3
2026-04-17 06:24:12,0.0,126.3,149.3,4.92,37.0,40.7,17.2
2026-04-17 06:24:12,0.0,85.3,108.3,6.29,34.8,34.4,17.2
2026-04-17 06:24:12,0.0,103.6,116.2,6.6,36.4,43.3,17.2
2026-04-17 06:24:12,0.0,102.3,125.3,6.05,35.9,40.0,17.2
2026-04-17 06:24:12,0.0,85.2,107.5,6.68,38.0,39.3,17.2
2026-04-17 06:24:12,0.0,97.3,110.0,6.89,37.0,39.0,17.2
2026-04-17 06:24:13,0.0,101.6,124.2,5.85,37.0,35.4,17.2
2026-04-17 06:24:13,0.0,98.7,121.7,6.1,35.9,36.5,17.2
2026-04-17 06:24:13,0.0,104.7,127.1,5.79,36.4,33.3,17.1
2026-04-17 06:24:13,0.0,88.4,111.2,6.67,37.5,33.9,17.1
2026-04-17 06:24:13,0.0,103.7,126.8,5.48,35.9,40.0,17.1
2026-04-17 06:24:13,0.0,95.1,117.9,6.35,35.9,36.1,17.1
2026-04-17 06:24:14,0.0,113.0,136.1,5.42,36.4,33.3,17.1
2026-04-17 06:24:14,0.0,93.8,114.0,6.76,36.4,39.7,17.1
2026-04-17 06:24:14,0.0,90.2,112.6,6.15,36.4,35.4,17.1
2026-04-17 06:24:14,0.0,87.4,110.5,6.1,37.0,34.4,17.1
2026-04-17 06:24:14,0.0,93.7,105.6,7.17,36.4,44.8,17.1
2026-04-17 06:24:14,0.0,110.4,133.1,5.46,35.3,41.7,17.1
2026-04-17 06:24:15,0.0,88.0,110.7,6.93,36.4,37.3,17.2
2026-04-17 06:24:15,0.0,96.2,118.5,5.73,35.9,38.4,17.2
2026-04-17 06:24:15,0.0,90.3,113.5,6.22,36.4,32.8,17.3
2026-04-17 06:24:15,0.0,88.5,111.4,6.07,37.0,35.4,17.3
2026-04-17 06:24:15,0.0,86.8,111.2,6.02,35.9,34.4,17.3
2026-04-17 06:24:15,0.0,85.0,108.0,6.12,37.0,33.3,17.3
2026-04-17 06:24:15,0.0,99.8,114.9,6.74,37.5,40.7,17.4
2026-04-17 06:24:16,0.0,85.6,106.1,6.57,35.9,34.5,17.3
2026-04-17 06:24:16,0.0,88.8,102.9,7.33,35.3,40.4,17.3
2026-04-17 06:24:16,0.0,88.1,109.0,6.03,37.5,33.8,17.3
2026-04-17 06:24:16,0.0,113.6,136.8,5.2,38.0,32.9,17.3
2026-04-17 06:24:16,0.0,93.1,112.5,6.84,37.0,41.4,17.3
2026-04-17 06:24:16,0.0,87.1,110.3,6.24,37.0,32.3,17.2
2026-04-17 06:24:17,0.0,116.2,128.4,6.16,35.9,48.4,17.2
2026-04-17 06:24:17,0.0,100.9,118.0,6.55,35.9,40.0,17.3
2026-04-17 06:24:17,0.0,92.5,115.7,6.36,35.9,39.7,17.3
2026-04-17 06:24:17,0.0,90.0,113.3,6.09,35.9,33.8,17.3
2026-04-17 06:24:17,0.0,83.4,106.2,6.26,35.9,34.4,17.4
2026-04-17 06:24:17,0.0,92.3,109.0,7.0,36.4,42.1,17.4
2026-04-17 06:24:18,0.0,86.6,109.1,6.24,35.3,36.9,17.4
2026-04-17 06:24:18,0.0,98.7,111.9,6.88,35.9,42.1,17.4
2026-04-17 06:24:18,0.0,95.6,118.6,6.12,35.9,36.4,17.3
2026-04-17 06:24:18,0.0,87.2,110.4,6.31,35.3,35.9,17.3
2026-04-17 06:24:18,0.0,89.9,100.5,7.36,35.3,41.2,17.3
2026-04-17 06:24:18,0.0,90.5,111.3,5.98,36.4,35.8,17.2
2026-04-17 06:24:18,0.0,100.5,123.0,5.66,35.9,31.8,17.2
2026-04-17 06:24:19,0.0,87.7,110.9,6.51,35.3,35.1,17.2
2026-04-17 06:24:19,0.0,86.9,99.1,7.52,35.3,40.4,17.2
2026-04-17 06:24:19,0.0,87.5,91.7,7.5,36.4,53.7,17.2
2026-04-17 06:24:19,0.0,85.3,97.6,7.6,36.4,40.8,17.2
2026-04-17 06:24:19,0.0,82.8,97.1,7.64,36.4,41.2,17.1
2026-04-17 06:24:19,0.0,92.2,106.9,7.04,35.3,38.9,17.1
2026-04-17 06:24:19,0.0,88.4,111.6,6.14,36.4,32.8,17.1
2026-04-17 06:24:20,0.0,83.8,94.5,7.79,35.3,42.3,17.1
2026-04-17 06:24:20,0.0,85.3,99.3,7.41,37.5,47.5,17.2
2026-04-17 06:24:20,0.0,84.1,98.4,7.58,36.4,39.6,17.2
2026-04-17 06:24:20,0.0,92.3,108.9,7.02,37.0,46.6,17.2
2026-04-17 06:24:20,0.0,84.4,107.0,6.33,35.9,33.9,17.2
2026-04-17 06:24:20,0.0,83.4,97.9,7.57,36.4,38.5,17.2
2026-04-17 06:24:20,0.0,85.4,101.7,7.37,37.0,43.6,17.1
2026-04-17 06:24:21,0.0,85.4,99.4,7.53,35.9,39.6,17.1
2026-04-17 06:24:21,0.0,105.9,119.1,6.5,36.4,39.0,17.1
2026-04-17 06:24:21,0.0,85.1,108.1,6.87,37.0,35.1,17.1
2026-04-17 06:24:21,0.0,104.0,118.2,6.57,36.4,43.3,17.1
2026-04-17 06:24:21,0.0,84.0,107.0,6.83,36.4,35.6,17.1
2026-04-17 06:24:21,0.0,114.7,130.6,6.09,35.9,43.5,17.2
2026-04-17 06:24:21,0.0,84.1,102.2,7.36,37.0,35.3,17.2
2026-04-17 06:24:22,0.0,95.7,111.2,6.9,36.4,42.6,17.2
2026-04-17 06:24:22,0.0,92.3,115.6,6.13,36.4,34.9,17.3
2026-04-17 06:24:22,0.0,88.9,111.7,6.13,36.4,35.9,17.3
2026-04-17 06:24:22,0.0,94.4,117.9,5.79,36.4,31.8,17.4
2026-04-17 06:24:22,0.0,83.3,106.4,6.45,36.4,34.9,17.4
2026-04-17 06:24:22,0.0,89.1,105.6,7.19,35.3,43.6,17.5
2026-04-17 06:24:23,0.0,97.0,119.9,5.74,37.0,35.7,17.5
2026-04-17 06:24:23,0.0,83.6,106.6,6.52,36.4,37.1,17.5
2026-04-17 06:24:23,0.0,112.7,131.1,6.08,36.4,40.0,17.5
2026-04-17 06:24:23,0.0,99.2,118.0,6.61,36.4,37.3,17.5
2026-04-17 06:24:23,0.0,86.8,110.1,6.49,35.9,40.9,17.5
2026-04-17 06:24:23,0.0,106.9,129.9,5.36,36.4,32.4,17.5
2026-04-17 06:24:24,0.0,109.2,132.2,5.92,36.4,39.4,17.5
2026-04-17 06:24:24,0.0,114.7,137.8,5.8,36.4,43.5,17.6
2026-04-17 06:24:24,0.0,86.8,104.9,7.22,34.8,41.8,17.5
2026-04-17 06:24:24,0.0,90.5,102.9,7.3,34.8,41.8,17.5
2026-04-17 06:24:24,0.0,130.2,153.1,4.85,36.4,30.8,17.5
2026-04-17 06:24:24,0.0,90.6,113.7,6.24,35.9,34.4,17.6
2026-04-17 06:24:25,0.0,93.5,101.9,7.35,35.9,41.8,17.5
2026-04-17 06:24:25,0.0,108.3,130.9,5.51,37.0,33.8,17.5
2026-04-17 06:24:25,0.0,104.3,127.5,6.15,35.3,36.9,17.5
2026-04-17 06:24:25,0.0,91.1,114.3,6.52,35.9,38.7,17.5
2026-04-17 06:24:25,0.0,83.4,102.7,6.29,37.0,32.8,17.4
2026-04-17 06:24:25,0.0,84.6,100.8,7.44,36.4,37.7,17.4
2026-04-17 06:24:25,0.0,84.1,99.2,7.52,35.3,40.4,17.4
2026-04-17 06:24:26,0.0,84.2,97.7,7.5,35.9,40.7,17.4
2026-04-17 06:24:26,0.0,100.8,115.4,6.59,37.0,46.7,17.4
2026-04-17 06:24:26,0.0,95.1,117.9,6.28,36.4,35.0,17.4
2026-04-17 06:24:26,0.0,100.9,123.9,5.81,35.3,34.3,17.4
2026-04-17 06:24:26,0.0,91.0,114.1,6.38,36.4,34.4,17.3
2026-04-17 06:24:26,0.0,87.3,108.6,6.14,35.9,36.4,17.3
2026-04-17 06:24:27,0.0,89.7,101.8,7.37,35.3,43.1,17.3
2026-04-17 06:24:27,0.0,98.8,122.7,5.66,35.9,39.7,17.3
2026-04-17 06:24:27,0.0,85.0,108.3,6.59,35.9,33.3,17.4
2026-04-17 06:24:27,0.0,83.9,98.2,7.58,36.4,43.6,17.4
2026-04-17 06:24:27,0.0,87.3,102.6,7.27,37.5,45.6,17.4
2026-04-17 06:24:27,0.0,99.2,111.2,6.9,36.4,43.3,17.5
2026-04-17 06:24:27,0.0,86.3,109.4,6.53,35.3,34.4,17.5
2026-04-17 06:24:28,0.0,93.6,106.2,7.11,35.9,42.9,17.5
2026-04-17 06:24:28,0.0,107.2,132.5,5.48,35.9,35.2,17.4
2026-04-17 06:24:28,0.0,89.2,112.3,6.83,36.4,33.3,17.4
2026-04-17 06:24:28,0.0,114.1,139.6,5.15,35.9,41.3,17.4
2026-04-17 06:24:28,0.0,84.6,100.7,7.45,36.4,36.5,17.4
2026-04-17 06:24:28,0.0,92.1,107.9,7.07,36.4,37.0,17.4
2026-04-17 06:24:29,0.0,85.0,107.9,6.29,35.9,35.5,17.4
2026-04-17 06:24:29,0.0,85.5,99.7,7.48,35.9,42.9,17.4
2026-04-17 06:24:29,0.0,96.4,110.6,6.93,37.0,40.4,17.4
2026-04-17 06:24:29,0.0,84.6,107.6,6.45,36.4,39.1,17.4
2026-04-17 06:24:29,0.0,85.5,100.6,7.46,35.9,41.8,17.4
2026-04-17 06:24:29,0.0,88.9,103.0,7.32,35.9,41.5,17.3
2026-04-17 06:24:29,0.0,85.2,106.9,6.14,36.4,33.3,17.4
2026-04-17 06:24:30,0.0,88.5,102.6,7.27,34.8,37.7,17.4
2026-04-17 06:24:30,0.0,102.6,125.6,5.56,37.0,36.6,17.4
2026-04-17 06:24:30,0.0,87.6,110.8,6.6,36.4,32.8,17.5
2026-04-17 06:24:30,0.0,90.8,113.7,5.89,36.4,35.8,17.5
2026-04-17 06:24:30,0.0,104.8,126.9,5.53,35.9,38.6,17.5
2026-04-17 06:24:30,0.0,87.7,108.1,6.69,37.0,36.7,17.5
2026-04-17 06:24:30,0.0,109.1,120.1,6.46,36.4,41.0,17.6
2026-04-17 06:24:31,0.0,108.5,131.6,6.03,36.4,37.5,17.6
2026-04-17 06:24:31,0.0,95.2,119.9,6.46,35.9,38.1,17.6
2026-04-17 06:24:31,0.0,95.3,118.2,6.06,36.4,39.1,17.6
2026-04-17 06:24:31,0.0,100.1,123.2,5.83,35.9,36.4,17.6
2026-04-17 06:24:31,0.0,84.0,107.0,6.65,35.9,33.9,17.6
2026-04-17 06:24:31,0.0,86.9,103.5,7.3,35.9,42.6,17.6
2026-04-17 06:24:32,0.0,83.4,94.9,7.75,36.4,42.3,17.6
2026-04-17 06:24:32,0.0,86.6,101.5,7.3,36.4,46.3,17.6
2026-04-17 06:24:32,0.0,83.9,94.6,7.68,37.0,45.5,17.6
2026-04-17 06:24:32,0.0,84.0,97.7,7.5,37.5,41.5,17.6
2026-04-17 06:24:32,0.0,91.8,107.7,7.07,37.5,42.9,17.6
2026-04-17 06:24:32,0.0,85.1,108.5,6.26,37.5,38.8,17.6
2026-04-17 06:24:32,0.0,87.1,95.5,7.34,37.0,50.0,17.6
2026-04-17 06:24:33,0.0,83.1,94.7,7.76,37.0,49.1,17.6
2026-04-17 06:24:33,0.0,102.3,118.4,6.59,36.4,44.4,17.6
2026-04-17 06:24:33,0.0,91.9,115.3,6.39,37.0,31.6,17.6
2026-04-17 06:24:33,0.0,95.4,117.3,5.89,36.4,35.3,17.7
2026-04-17 06:24:33,0.0,86.2,109.3,6.35,35.9,37.5,17.7
2026-04-17 06:24:33,0.0,86.8,100.2,7.46,36.4,41.5,17.7
2026-04-17 06:24:33,0.0,87.5,98.0,7.47,37.0,45.5,17.7
2026-04-17 06:24:34,0.0,90.1,101.4,7.36,35.3,38.5,17.7
2026-04-17 06:24:34,0.0,120.7,142.6,5.06,35.9,39.0,17.7
2026-04-17 06:24:34,0.0,93.6,105.2,7.19,35.9,39.3,17.7
2026-04-17 06:24:34,0.0,122.9,146.1,5.1,36.4,34.7,17.7
2026-04-17 06:24:34,0.0,85.9,108.8,6.15,36.4,30.2,17.7
2026-04-17 06:24:34,0.0,83.5,96.8,7.63,35.3,44.4,17.7
2026-04-17 06:24:35,0.0,105.9,121.9,6.43,35.9,46.8,17.7
2026-04-17 06:24:35,0.0,94.5,117.5,6.45,35.9,39.1,17.7
2026-04-17 06:24:35,0.0,85.1,108.1,6.36,36.4,31.7,17.7
2026-04-17 06:24:35,0.0,91.2,106.1,7.17,37.0,40.0,17.7
2026-04-17 06:24:35,0.0,85.5,108.5,6.22,36.4,35.5,17.7
2026-04-17 06:24:35,0.0,109.8,125.1,6.3,36.4,43.9,17.7
2026-04-17 06:24:35,0.0,85.0,106.9,7.1,35.9,42.1,17.7
2026-04-17 06:24:36,0.0,84.0,100.8,7.45,36.4,37.7,17.7
2026-04-17 06:24:36,0.0,91.0,103.5,7.24,36.4,41.8,17.7
2026-04-17 06:24:36,0.0,85.8,108.7,6.2,35.9,33.3,17.6
2026-04-17 06:24:36,0.0,98.8,111.5,6.83,36.4,47.5,17.7
2026-04-17 06:24:36,0.0,90.4,113.5,6.32,36.4,31.7,17.7
2026-04-17 06:24:36,0.0,85.1,108.0,6.2,35.9,34.4,17.7
2026-04-17 06:24:37,0.0,86.6,101.4,7.39,36.4,41.2,17.8
2026-04-17 06:24:37,0.0,114.4,126.5,6.24,35.9,49.3,17.8
2026-04-17 06:24:37,0.0,120.0,138.8,5.8,35.9,40.9,17.7
2026-04-17 06:24:37,0.0,86.9,99.4,7.5,35.9,40.0,17.7
2026-04-17 06:24:37,0.0,93.6,109.6,6.96,36.4,44.3,17.7
2026-04-17 06:24:37,0.0,90.3,113.3,6.25,35.3,39.1,17.7
2026-04-17 06:24:37,0.0,88.8,111.7,6.07,35.9,34.3,17.7
2026-04-17 06:24:38,0.0,85.3,108.4,6.13,36.4,33.8,17.7
2026-04-17 06:24:38,0.0,87.8,101.5,7.37,36.4,44.6,17.8
2026-04-17 06:24:38,0.0,87.1,110.3,6.01,35.9,36.4,17.8
2026-04-17 06:24:38,0.0,95.3,107.7,7.08,35.9,43.9,17.8
2026-04-17 06:24:38,0.0,104.3,128.1,5.67,35.9,42.0,17.8
2026-04-17 06:24:38,0.0,86.2,109.2,6.78,37.0,40.6,17.8
2026-04-17 06:24:38,0.0,84.1,95.8,7.6,35.9,40.0,17.8
2026-04-17 06:24:39,0.0,87.7,102.9,7.3,36.4,43.6,17.9
2026-04-17 06:24:39,0.0,92.4,115.5,5.85,35.9,34.8,17.9
2026-04-17 06:24:39,0.0,100.9,123.9,5.71,35.9,35.3,17.9
2026-04-17 06:24:39,0.0,108.8,131.9,5.72,36.4,42.3,18.0
2026-04-17 06:24:39,0.0,85.8,108.9,6.98,35.3,34.5,18.0
2026-04-17 06:24:39,0.0,84.6,96.7,7.56,36.4,40.0,18.0
2026-04-17 06:24:40,0.0,87.0,102.1,7.37,36.4,39.6,18.0
2026-04-17 06:24:40,0.0,87.0,99.6,7.5,35.9,38.5,18.0
2026-04-17 06:24:40,0.0,90.7,106.2,7.13,36.4,41.1,18.1
2026-04-17 06:24:40,0.0,84.8,107.9,6.37,37.0,34.4,18.1
2026-04-17 06:24:40,0.0,97.2,111.3,6.86,35.9,41.1,18.1
2026-04-17 06:24:40,0.0,101.8,124.5,5.84,35.9,38.2,18.0
2026-04-17 06:24:40,0.0,84.8,107.2,6.69,37.0,36.1,18.0
2026-04-17 06:24:41,0.0,84.4,99.3,7.52,36.4,39.2,18.1
2026-04-17 06:24:41,0.0,88.8,101.8,7.26,37.0,48.1,18.0
2026-04-17 06:24:41,0.0,83.2,93.3,7.83,35.9,44.0,18.0
2026-04-17 06:24:41,0.0,82.7,99.1,7.53,35.9,42.6,18.0
2026-04-17 06:24:41,0.0,109.5,126.9,6.24,36.4,38.7,18.0
2026-04-17 06:24:41,0.0,120.0,140.4,5.66,34.8,40.6,17.9
2026-04-17 06:24:41,0.0,88.8,100.9,7.4,35.9,43.1,18.0
2026-04-17 06:24:42,0.0,106.5,129.6,5.41,35.3,38.4,18.0
2026-04-17 06:24:42,0.0,85.1,108.1,6.9,35.3,37.3,18.0
2026-04-17 06:24:42,0.0,83.9,98.0,7.57,36.4,40.0,18.0
2026-04-17 06:24:42,0.0,87.7,103.4,7.29,35.9,42.9,18.0
2026-04-17 06:24:42,0.0,106.0,117.9,6.61,35.9,41.9,17.9
2026-04-17 06:24:42,0.0,90.9,114.0,6.59,35.9,36.2,17.9
2026-04-17 06:24:43,0.0,86.3,108.8,6.18,35.9,33.9,17.9
2026-04-17 06:24:43,0.0,305.3,318.4,2.84,37.0,78.3,17.1
2026-04-17 06:24:43,0.0,110.5,134.4,5.8,35.9,46.3,17.1
2026-04-17 06:24:43,0.0,109.5,130.9,6.07,37.0,44.4,17.1
2026-04-17 06:24:43,0.0,97.2,119.0,6.49,37.0,32.8,17.1
2026-04-17 06:24:44,0.0,98.1,121.3,5.96,36.4,33.8,17.1
2026-04-17 06:24:44,0.0,99.8,122.8,5.94,35.9,39.1,17.1
2026-04-17 06:24:44,0.0,87.2,110.4,6.49,36.4,33.3,17.1
2026-04-17 06:24:44,0.0,89.3,101.1,7.39,36.4,42.3,17.2
2026-04-17 06:24:44,0.0,90.3,110.9,5.97,35.9,36.8,17.2
2026-04-17 06:24:44,0.0,87.6,110.7,6.1,36.4,34.8,17.2
2026-04-17 06:24:44,0.0,87.3,99.7,7.5,37.0,39.2,17.2
2026-04-17 06:24:45,0.0,95.9,105.8,7.06,36.4,42.1,17.2
2026-04-17 06:24:45,0.0,89.0,111.4,6.27,35.9,31.7,17.2
2026-04-17 06:24:45,0.0,90.1,100.0,7.43,35.3,44.6,17.2
2026-04-17 06:24:45,0.0,87.6,110.5,6.1,36.4,35.9,17.2
2026-04-17 06:24:45,0.0,85.8,97.7,7.62,37.0,36.7,17.2
2026-04-17 06:24:45,0.0,85.5,100.7,7.45,35.9,40.7,17.2
2026-04-17 06:24:45,0.0,85.1,96.2,7.6,36.4,44.4,17.3
2026-04-17 06:24:46,0.0,94.8,118.2,5.66,35.9,42.3,17.3
2026-04-17 06:24:46,0.0,86.8,109.3,6.33,35.9,35.4,17.3
2026-04-17 06:24:46,0.0,102.6,115.4,6.71,37.5,38.6,17.3
2026-04-17 06:24:46,0.0,94.6,119.1,6.23,35.9,37.5,17.3
2026-04-17 06:24:46,0.0,85.0,108.2,6.43,37.0,33.9,17.2
2026-04-17 06:24:46,0.0,92.6,106.9,7.11,36.4,43.9,17.2
2026-04-17 06:24:47,0.0,87.3,110.4,6.2,37.0,33.3,17.2
2026-04-17 06:24:47,0.0,104.3,115.5,6.65,36.4,45.8,17.2
2026-04-17 06:24:47,0.0,91.1,116.4,6.43,36.4,37.5,17.2
2026-04-17 06:24:47,0.0,87.9,110.9,6.2,35.9,35.9,17.2
2026-04-17 06:24:47,0.0,87.8,97.2,7.52,37.5,41.2,17.1
2026-04-17 06:24:47,0.0,95.1,107.0,7.1,36.4,45.8,17.1
2026-04-17 06:24:47,0.0,88.9,110.8,6.24,36.4,45.5,17.0
2026-04-17 06:24:48,0.0,109.1,132.3,5.35,36.4,35.1,17.0
2026-04-17 06:24:48,0.0,85.4,107.9,6.99,36.4,35.2,17.0
2026-04-17 06:24:48,0.0,93.2,107.6,7.09,36.4,44.1,17.0
2026-04-17 06:24:48,0.0,90.1,113.8,6.09,35.9,36.4,17.0
2026-04-17 06:24:48,0.0,89.1,112.5,6.06,37.5,29.5,17.0
2026-04-17 06:24:48,0.0,98.1,121.5,5.69,35.9,32.4,17.0
2026-04-17 06:24:49,0.0,84.3,106.4,6.55,35.3,36.1,17.0
2026-04-17 06:24:49,0.0,90.5,105.9,7.18,35.9,34.7,17.0
2026-04-17 06:24:49,0.0,92.1,114.7,5.95,34.8,32.3,17.0
2026-04-17 06:24:49,0.0,95.9,119.0,5.87,35.9,35.3,17.0
2026-04-17 06:24:49,0.0,87.8,111.0,6.29,36.4,40.0,16.9
2026-04-17 06:24:49,0.0,84.1,95.3,7.75,36.4,41.2,17.0
2026-04-17 06:24:50,0.0,96.6,112.1,6.86,35.3,38.2,17.0
2026-04-17 06:24:50,0.0,109.2,132.2,5.58,35.9,40.0,16.9
2026-04-17 06:24:50,0.0,85.5,105.2,6.99,35.3,43.1,16.9
2026-04-17 06:24:50,0.0,88.8,101.8,7.32,37.0,42.6,16.9
2026-04-17 06:24:50,0.0,89.0,111.9,6.0,35.9,36.4,17.0
2026-04-17 06:24:50,0.0,87.3,108.5,6.06,36.4,34.3,16.9
2026-04-17 06:24:50,0.0,88.3,100.9,7.42,37.0,41.2,16.9
2026-04-17 06:24:51,0.0,114.0,136.8,5.21,35.9,37.2,17.0
2026-04-17 06:24:51,0.0,86.4,105.7,7.19,37.0,38.6,16.9
2026-04-17 06:24:51,0.0,97.2,110.5,6.93,36.4,44.1,16.9
2026-04-17 06:24:51,0.0,86.8,109.6,6.42,35.9,36.7,17.0
2026-04-17 06:24:51,0.0,84.6,96.7,7.63,34.8,41.5,17.0
2026-04-17 06:24:51,0.0,95.3,109.2,6.95,36.4,42.4,17.0
2026-04-17 06:24:51,0.0,83.5,106.5,6.46,36.4,32.8,17.0
2026-04-17 06:24:52,0.0,107.3,123.7,6.36,37.5,36.4,17.1
2026-04-17 06:24:52,0.0,102.1,124.7,6.13,35.9,39.4,17.1
2026-04-17 06:24:52,0.0,85.0,107.9,6.77,35.9,35.6,17.2
2026-04-17 06:24:52,0.0,87.1,102.1,7.38,36.4,42.6,17.1
2026-04-17 06:24:52,0.0,86.1,106.9,6.03,35.3,44.1,17.1
2026-04-17 06:24:52,0.0,84.9,96.6,7.6,35.9,36.7,17.1
2026-04-17 06:24:53,0.0,93.7,108.6,7.04,35.9,42.4,17.2
2026-04-17 06:24:53,0.0,84.5,109.7,6.26,36.4,35.5,17.2
2026-04-17 06:24:53,0.0,107.8,120.5,6.48,35.9,44.3,17.2
2026-04-17 06:24:53,0.0,112.7,135.6,5.83,35.9,38.6,17.2
2026-04-17 06:24:53,0.0,100.1,118.7,6.49,35.9,33.9,17.2
2026-04-17 06:24:53,0.0,84.2,106.2,6.58,35.9,35.6,17.2
2026-04-17 06:24:53,0.0,93.5,106.1,7.08,36.4,39.3,17.1
2026-04-17 06:24:54,0.0,84.4,107.4,6.36,35.3,33.9,17.1
2026-04-17 06:24:54,0.0,86.9,102.4,7.34,37.0,39.6,17.1
2026-04-17 06:24:54,0.0,94.9,118.0,5.74,37.5,33.8,17.2
2026-04-17 06:24:54,0.0,95.9,118.9,5.96,34.8,37.7,17.2
2026-04-17 06:24:54,0.0,110.2,133.3,5.52,35.9,36.1,17.2
2026-04-17 06:24:54,0.0,103.6,123.6,6.26,35.3,45.6,17.2
2026-04-17 06:24:55,0.0,94.8,117.8,6.34,35.9,34.9,17.2
2026-04-17 06:24:55,0.0,103.2,122.0,5.71,35.9,47.1,17.2
2026-04-17 06:24:55,0.0,89.3,109.3,6.55,35.3,38.7,17.1
2026-04-17 06:24:55,0.0,112.4,135.4,5.27,36.4,33.3,17.1
2026-04-17 06:24:55,0.0,85.4,106.3,7.17,36.4,37.5,17.1
2026-04-17 06:24:55,0.0,92.6,107.4,7.09,37.0,40.7,17.1
2026-04-17 06:24:56,0.0,90.9,113.9,6.09,35.9,33.8,17.1
2026-04-17 06:24:56,0.0,89.7,112.4,6.04,36.4,33.8,17.1
2026-04-17 06:24:56,0.0,87.3,110.7,6.07,35.9,32.8,17.1
2026-04-17 06:24:56,0.0,107.6,119.1,6.54,37.0,41.9,17.1
2026-04-17 06:24:56,0.0,84.8,107.9,6.96,36.4,35.7,17.1
2026-04-17 06:24:56,0.0,127.5,142.5,5.68,36.4,49.3,17.1
2026-04-17 06:24:57,0.0,93.2,116.1,6.04,35.9,34.8,17.1
2026-04-17 06:24:57,0.0,95.2,116.9,5.92,37.0,37.9,17.1
2026-04-17 06:24:57,0.0,94.1,117.1,6.05,35.9,33.3,17.2
2026-04-17 06:24:57,0.0,99.9,123.0,5.8,35.9,38.0,17.2
2026-04-17 06:24:57,0.0,103.4,126.4,5.88,35.9,31.3,17.2
2026-04-17 06:24:57,0.0,95.0,118.0,6.32,35.3,38.5,17.2
2026-04-17 06:24:58,0.0,97.1,120.1,5.93,35.9,36.8,17.2
2026-04-17 06:24:58,0.0,89.3,111.8,6.29,35.9,34.4,17.2
2026-04-17 06:24:58,0.0,97.5,120.5,5.73,36.4,38.9,17.2
2026-04-17 06:24:58,0.0,85.3,108.4,6.48,37.0,32.2,17.3
2026-04-17 06:24:58,0.0,86.9,101.5,7.4,37.0,44.4,17.3
2026-04-17 06:24:58,0.0,89.7,102.2,7.34,36.4,43.4,17.3
2026-04-17 06:24:58,0.0,84.5,108.4,6.16,36.4,37.3,17.3
2026-04-17 06:24:59,0.0,85.6,95.1,7.5,37.5,50.0,17.4
2026-04-17 06:24:59,0.0,86.8,98.9,7.45,36.4,42.3,17.4
2026-04-17 06:24:59,0.0,105.9,117.6,6.56,35.3,43.5,17.4
2026-04-17 06:24:59,0.0,91.0,114.0,6.59,35.3,38.3,17.5
2026-04-17 06:24:59,0.0,99.6,122.6,5.72,35.9,28.8,17.5
2026-04-17 06:24:59,0.0,103.0,125.8,5.87,35.9,40.6,17.5
2026-04-17 06:25:00,0.0,90.6,113.3,6.49,37.0,35.1,17.5
2026-04-17 06:25:00,0.0,90.5,113.8,6.0,36.4,34.3,17.6
2026-04-17 06:25:00,0.0,91.2,112.0,5.98,36.4,35.3,17.6
2026-04-17 06:25:00,0.0,107.4,132.4,5.42,36.4,41.9,17.6
2026-04-17 06:25:00,0.0,96.0,119.1,6.53,35.3,36.1,17.6
2026-04-17 06:25:00,0.0,97.2,120.2,5.96,36.4,35.9,17.6
2026-04-17 06:25:01,0.0,104.8,128.3,5.71,35.3,34.8,17.6
2026-04-17 06:25:01,0.0,87.1,110.0,6.76,35.9,35.6,17.6
2026-04-17 06:25:01,0.0,83.7,96.6,7.66,35.9,39.6,17.6
2026-04-17 06:25:01,0.0,93.0,108.6,7.05,36.4,36.5,17.6
2026-04-17 06:25:01,0.0,93.2,116.2,5.99,35.3,35.8,17.5
2026-04-17 06:25:01,0.0,96.5,119.9,5.87,35.3,31.3,17.5
2026-04-17 06:25:01,0.0,90.7,114.0,6.22,35.9,35.4,17.5
2026-04-17 06:25:02,0.0,95.5,118.9,5.77,36.4,40.6,17.5
2026-04-17 06:25:02,0.0,84.3,105.3,6.52,35.9,36.5,17.5
2026-04-17 06:25:02,0.0,92.7,108.3,7.05,37.0,43.1,17.4
2026-04-17 06:25:02,0.0,98.9,126.7,5.63,36.4,38.8,17.4
2026-04-17 06:25:02,0.0,98.5,121.5,6.2,36.4,33.3,17.4
2026-04-17 06:25:02,0.0,102.3,125.4,5.87,36.4,38.6,17.5
2026-04-17 06:25:03,0.0,85.2,107.7,6.69,36.4,42.6,17.5
2026-04-17 06:25:03,0.0,83.9,97.8,7.58,34.8,40.4,17.5
2026-04-17 06:25:03,0.0,91.8,107.6,7.07,36.4,37.7,17.5
2026-04-17 06:25:03,0.0,84.4,107.9,6.22,35.3,32.8,17.5
2026-04-17 06:25:03,0.0,84.4,97.5,7.62,35.3,41.8,17.5
2026-04-17 06:25:03,0.0,87.2,102.5,7.34,35.9,42.6,17.5
2026-04-17 06:25:03,0.0,104.2,127.7,5.43,35.3,33.8,17.6
2026-04-17 06:25:04,0.0,85.2,108.2,6.8,36.4,38.3,17.6
2026-04-17 06:25:04,0.0,83.3,98.4,7.58,35.3,39.2,17.6
2026-04-17 06:25:04,0.0,107.2,122.9,6.38,36.4,38.3,17.6
2026-04-17 06:25:04,0.0,88.9,112.1,6.74,35.9,36.7,17.6
2026-04-17 06:25:04,0.0,99.3,124.4,5.58,35.9,29.9,17.6
2026-04-17 06:25:04,0.0,100.1,123.2,6.05,35.3,35.4,17.6
2026-04-17 06:25:05,0.0,156.5,179.4,4.48,35.3,41.4,17.6
2026-04-17 06:25:05,0.0,101.9,124.4,5.61,35.9,35.2,17.6
2026-04-17 06:25:05,0.0,98.8,121.6,6.11,37.0,39.7,17.6
2026-04-17 06:25:05,0.0,92.4,115.4,6.25,35.3,39.4,17.6
2026-04-17 06:25:05,0.0,87.7,107.0,6.17,35.3,35.4,17.6
2026-04-17 06:25:05,0.0,87.3,110.6,6.01,36.4,35.4,17.6
2026-04-17 06:25:06,0.0,96.7,108.5,7.02,35.3,43.1,17.6
2026-04-17 06:25:06,0.0,92.9,116.2,6.13,35.3,34.4,17.6
2026-04-17 06:25:06,0.0,101.8,124.8,5.71,36.4,32.3,17.6
2026-04-17 06:25:06,0.0,84.1,107.5,6.7,35.9,32.8,17.6
2026-04-17 06:25:06,0.0,89.1,106.7,7.12,36.4,40.0,17.6
2026-04-17 06:25:06,0.0,87.9,109.9,6.14,35.3,35.8,17.6
2026-04-17 06:25:07,0.0,96.5,119.4,5.71,36.4,36.1,17.6
2026-04-17 06:25:07,0.0,106.9,133.2,5.54,35.3,45.1,17.6
2026-04-17 06:25:07,0.0,82.5,105.2,7.21,35.9,38.2,17.6
2026-04-17 06:25:07,0.0,102.3,119.2,6.54,36.4,43.3,17.6
2026-04-17 06:25:07,0.0,90.7,113.7,6.45,37.0,39.4,17.6
2026-04-17 06:25:07,0.0,86.7,114.1,5.99,35.3,34.8,17.6
2026-04-17 06:25:08,0.0,84.7,107.4,6.25,37.0,35.9,17.6
2026-04-17 06:25:08,0.0,102.1,123.0,6.39,36.4,41.3,17.7
2026-04-17 06:25:08,0.0,87.0,108.8,6.81,35.9,39.0,17.7
2026-04-17 06:25:08,0.0,88.0,99.9,7.5,35.3,33.3,17.7
2026-04-17 06:25:08,0.0,99.6,122.5,5.61,36.4,39.7,17.7
2026-04-17 06:25:08,0.0,87.2,110.2,6.49,35.3,35.5,17.8
2026-04-17 06:25:08,0.0,110.1,122.4,6.4,36.4,40.3,17.8
2026-04-17 06:25:09,0.0,118.8,141.6,5.71,36.4,38.6,17.8
2026-04-17 06:25:09,0.0,87.0,101.6,7.41,35.3,38.9,17.8
2026-04-17 06:25:09,0.0,94.7,107.7,7.07,37.0,37.7,17.8
2026-04-17 06:25:09,0.0,84.5,106.0,6.41,36.4,43.5,17.8
2026-04-17 06:25:09,0.0,85.7,100.6,7.45,37.0,36.5,17.7
2026-04-17 06:25:09,0.0,111.0,124.3,6.28,36.4,37.7,17.7
2026-04-17 06:25:09,0.0,91.7,113.4,6.8,35.3,40.4,17.7
2026-04-17 06:25:10,0.0,95.3,118.5,5.87,36.4,39.1,17.7
2026-04-17 06:25:10,0.0,83.1,106.2,6.5,35.3,34.9,17.7
2026-04-17 06:25:10,0.0,83.4,101.7,7.38,36.4,38.0,17.8
2026-04-17 06:25:10,0.0,82.8,96.6,7.64,35.9,41.5,17.8
2026-04-17 06:25:10,0.0,84.2,100.9,7.42,36.4,39.2,17.7
2026-04-17 06:25:10,0.0,98.2,113.6,6.81,36.4,39.7,17.7
2026-04-17 06:25:11,0.0,98.6,121.4,5.98,35.3,44.9,17.7
2026-04-17 06:25:11,0.0,87.1,110.0,6.45,35.3,39.7,17.7
2026-04-17 06:25:11,0.0,86.0,97.7,7.56,37.0,44.4,17.7
2026-04-17 06:25:11,0.0,82.5,95.8,7.71,37.0,41.2,17.7
2026-04-17 06:25:11,0.0,111.0,128.3,6.17,36.4,41.5,17.8
2026-04-17 06:25:11,0.0,85.3,107.0,7.12,35.9,35.2,17.8
2026-04-17 06:25:11,0.0,93.0,107.4,7.09,36.4,43.9,17.8
2026-04-17 06:25:12,0.0,83.4,106.3,6.37,35.3,34.4,17.8
2026-04-17 06:25:12,0.0,84.8,101.5,7.41,36.4,43.6,17.8
2026-04-17 06:25:12,0.0,93.1,113.4,6.81,36.4,39.7,17.8
2026-04-17 06:25:12,0.0,83.7,106.9,6.6,36.4,36.1,17.9
2026-04-17 06:25:12,0.0,85.1,100.9,7.42,35.9,44.6,17.9
2026-04-17 06:25:12,0.0,83.8,98.3,7.58,35.9,37.3,17.9
2026-04-17 06:25:12,0.0,107.7,126.7,6.24,36.4,37.7,18.0
2026-04-17 06:25:13,0.0,85.7,108.1,7.06,36.4,36.8,18.0
2026-04-17 06:25:13,0.0,87.3,101.3,7.36,36.4,45.5,18.0
2026-04-17 06:25:13,0.0,121.9,145.1,4.99,37.0,38.0,18.0
2026-04-17 06:25:13,0.0,116.1,139.3,5.16,35.9,32.9,18.0
2026-04-17 06:25:13,0.0,97.1,117.3,6.64,36.4,41.9,18.0
2026-04-17 06:25:13,0.0,85.4,108.7,6.58,35.3,38.7,18.0
2026-04-17 06:25:14,0.0,92.1,105.9,7.15,35.9,41.1,18.0
2026-04-17 06:25:14,0.0,85.3,109.2,6.23,34.8,36.9,18.0
2026-04-17 06:25:14,0.0,88.9,101.7,7.34,35.9,42.6,18.0
2026-04-17 06:25:14,0.0,83.5,106.5,6.21,35.9,35.4,18.0
2026-04-17 06:25:14,0.0,84.5,101.3,7.41,35.3,41.5,17.9
2026-04-17 06:25:14,0.0,96.2,110.2,6.93,37.0,44.1,17.9
2026-04-17 06:25:14,0.0,106.1,129.2,5.66,35.9,36.6,17.9
2026-04-17 06:25:15,0.0,114.6,137.7,5.71,36.4,37.3,17.9
2026-04-17 06:25:15,0.0,114.9,130.4,5.98,35.3,39.7,18.0
2026-04-17 06:25:15,0.0,83.3,100.7,7.43,37.0,42.1,18.0
2026-04-17 06:25:15,0.0,86.2,102.8,7.33,35.9,46.6,17.9
2026-04-17 06:25:15,0.0,109.1,120.6,6.39,37.0,39.0,18.0
2026-04-17 06:25:15,0.0,94.5,117.4,6.59,35.9,33.9,18.0
2026-04-17 06:25:16,0.0,97.9,124.3,5.77,36.4,34.3,18.0
2026-04-17 06:25:16,0.0,84.1,107.3,6.69,37.0,37.1,18.0
2026-04-17 06:25:16,0.0,100.5,115.5,6.69,36.4,41.4,18.0
2026-04-17 06:25:16,0.0,100.5,123.5,6.0,36.4,35.3,18.0
2026-04-17 06:25:16,0.0,88.8,111.9,6.45,37.5,37.7,17.9
2026-04-17 06:25:16,0.0,97.8,120.5,5.7,37.0,37.1,18.0
2026-04-17 06:25:16,0.0,89.5,112.7,6.32,35.9,35.5,17.9
2026-04-17 06:25:17,0.0,103.2,124.9,5.55,37.0,41.1,17.9
2026-04-17 06:25:17,0.0,87.0,110.1,6.64,37.0,35.6,17.9
2026-04-17 06:25:17,0.0,83.7,95.8,7.7,35.9,42.6,17.9
2026-04-17 06:25:17,0.0,88.5,99.7,7.22,35.3,52.8,17.9
2026-04-17 06:25:17,0.0,95.1,118.2,5.79,36.4,37.5,17.8
2026-04-17 06:25:17,0.0,90.7,113.8,6.16,36.4,32.8,17.9
2026-04-17 06:25:18,0.0,101.5,123.5,5.64,36.4,36.6,17.9
2026-04-17 06:25:18,0.0,84.1,102.0,6.7,36.4,40.3,17.9
2026-04-17 06:25:18,0.0,97.4,118.0,6.59,35.9,44.4,17.9
2026-04-17 06:25:18,0.0,89.4,112.3,6.51,35.9,32.2,17.9
2026-04-17 06:25:18,0.0,91.8,115.0,5.92,35.9,34.3,17.9
2026-04-17 06:25:18,0.0,87.0,110.1,6.19,35.9,31.7,17.9
2026-04-17 06:25:19,0.0,91.2,104.0,7.26,35.3,40.7,17.9
2026-04-17 06:25:19,0.0,89.8,112.7,6.06,37.0,30.6,17.9
2026-04-17 06:25:19,0.0,96.1,119.2,5.78,36.4,32.8,17.9
2026-04-17 06:25:19,0.0,100.1,123.3,5.86,36.4,35.3,18.0
2026-04-17 06:25:19,0.0,95.5,117.6,6.17,36.4,33.9,18.0
2026-04-17 06:25:19,0.0,103.1,125.5,5.75,35.9,41.8,18.0
2026-04-17 06:25:20,0.0,87.9,106.8,6.59,36.4,36.2,18.0
2026-04-17 06:25:20,0.0,86.8,110.1,6.05,35.9,32.8,18.0
2026-04-17 06:25:20,0.0,110.5,126.2,6.25,36.4,43.7,18.0
2026-04-17 06:25:20,0.0,87.3,107.3,7.1,35.9,40.4,18.0
2026-04-17 06:25:20,0.0,98.5,110.0,6.96,36.4,41.8,17.9
2026-04-17 06:25:20,0.0,88.7,111.9,6.37,37.0,38.1,17.9
2026-04-17 06:25:20,0.0,111.9,129.6,5.26,34.8,34.7,18.0
2026-04-17 06:25:21,0.0,98.2,118.9,6.55,36.4,40.3,18.0
2026-04-17 06:25:21,0.0,90.8,113.7,6.28,35.9,36.5,18.0
2026-04-17 06:25:21,0.0,95.4,111.0,5.84,34.8,32.8,18.0
2026-04-17 06:25:21,0.0,91.2,111.0,6.16,35.9,34.4,18.0
2026-04-17 06:25:21,0.0,86.3,109.9,6.17,36.4,33.8,18.0
2026-04-17 06:25:21,0.0,92.1,102.9,7.19,35.3,44.6,18.0
2026-04-17 06:25:22,0.0,104.3,127.8,5.59,36.4,47.9,18.0
2026-04-17 06:25:22,0.0,107.3,129.6,5.9,34.8,37.7,18.0
2026-04-17 06:25:22,0.0,84.9,108.2,6.95,37.5,38.6,18.0
2026-04-17 06:25:22,0.0,88.8,103.8,7.28,35.3,39.6,18.0
2026-04-17 06:25:22,0.0,98.8,121.8,5.67,35.3,35.7,18.0
2026-04-17 06:25:22,0.0,86.9,110.0,6.47,36.4,34.4,18.0
2026-04-17 06:25:23,0.0,89.0,111.9,5.93,35.9,36.2,18.0
2026-04-17 06:25:23,0.0,91.4,114.5,5.91,35.9,33.8,18.1
2026-04-17 06:25:23,0.0,87.5,110.9,6.13,36.4,36.9,18.1
2026-04-17 06:25:23,0.0,113.9,124.1,6.28,35.3,39.1,18.1
2026-04-17 06:25:23,0.0,95.6,113.5,6.75,35.9,41.9,18.1
2026-04-17 06:25:23,0.0,96.2,119.4,5.98,37.5,36.8,18.1
2026-04-17 06:25:24,0.0,86.4,108.5,6.38,36.4,35.5,18.1
2026-04-17 06:25:24,0.0,93.2,106.3,7.14,36.4,43.6,18.1
2026-04-17 06:25:24,0.0,96.2,118.8,5.87,35.9,44.3,18.2
2026-04-17 06:25:24,0.0,86.3,109.4,6.41,37.0,30.5,18.2
2026-04-17 06:25:24,0.0,83.1,95.3,7.7,37.0,42.3,18.2
2026-04-17 06:25:24,0.0,84.3,98.9,7.43,37.0,42.6,18.2
2026-04-17 06:25:24,0.0,85.3,100.4,7.46,37.0,41.1,18.2
2026-04-17 06:25:25,0.0,85.3,100.8,7.43,35.9,44.4,18.2
2026-04-17 06:25:25,0.0,124.1,137.0,5.85,37.0,42.6,18.2
2026-04-17 06:25:25,0.0,107.4,129.5,5.46,36.4,33.8,18.2
2026-04-17 06:25:25,0.0,110.3,133.3,5.9,35.3,39.7,18.2
2026-04-17 06:25:25,0.0,93.6,114.0,6.68,34.8,39.0,18.2
2026-04-17 06:25:25,0.0,108.1,128.1,5.51,35.9,34.7,18.2
2026-04-17 06:25:26,0.0,90.1,114.0,6.69,37.0,39.7,18.2
2026-04-17 06:25:26,0.0,105.8,129.7,5.49,36.4,32.9,18.2
2026-04-17 06:25:26,0.0,84.2,107.3,6.95,37.0,37.3,18.2
2026-04-17 06:25:26,0.0,101.3,116.9,6.65,36.4,40.4,18.2
2026-04-17 06:25:26,0.0,96.4,114.9,6.19,35.9,42.9,18.2
2026-04-17 06:25:26,0.0,102.5,125.6,5.79,35.9,34.3,18.2
2026-04-17 06:25:26,0.0,94.6,117.7,6.3,36.4,37.5,18.2
2026-04-17 06:25:27,0.0,95.8,118.0,5.96,35.3,39.7,18.3
2026-04-17 06:25:27,0.0,95.7,117.5,5.99,36.4,37.3,18.3
2026-04-17 06:25:27,0.0,88.7,111.6,6.28,36.4,39.1,18.4
2026-04-17 06:25:27,0.0,95.8,118.8,5.76,37.0,35.6,18.3
2026-04-17 06:25:27,0.0,86.9,109.1,6.34,36.4,37.5,18.3
2026-04-17 06:25:27,0.0,87.6,100.7,7.44,36.4,44.4,18.3
2026-04-17 06:25:28,0.0,88.7,100.2,7.46,36.4,45.3,18.3
2026-04-17 06:25:28,0.0,93.5,116.8,5.82,36.4,35.7,18.3
2026-04-17 06:25:28,0.0,93.4,116.8,5.98,37.0,34.4,18.4
2026-04-17 06:25:28,0.0,88.4,111.4,6.23,36.4,34.4,18.4
2026-04-17 06:25:28,0.0,82.5,94.1,7.78,36.4,44.2,18.4
2026-04-17 06:25:28,0.0,87.5,97.6,7.29,36.4,49.1,18.3
2026-04-17 06:25:28,0.0,104.6,117.3,6.6,35.3,42.1,18.3
2026-04-17 06:25:29,0.0,84.9,108.0,6.86,36.4,36.2,18.3
2026-04-17 06:25:29,0.0,88.6,103.6,7.3,35.9,42.9,18.3
2026-04-17 06:25:29,0.0,99.5,122.5,5.63,36.4,33.8,18.3
2026-04-17 06:25:29,0.0,103.0,125.9,5.89,36.4,30.8,18.2
2026-04-17 06:25:29,0.0,95.1,118.0,6.3,37.0,40.9,18.3
2026-04-17 06:25:29,0.0,94.5,117.5,6.03,36.4,34.3,18.3
2026-04-17 06:25:30,0.0,264.5,298.1,2.86,37.5,82.6,17.1
2026-04-17 06:25:30,0.0,117.4,144.1,5.64,36.4,45.7,17.2
2026-04-17 06:25:30,0.0,110.2,133.4,5.31,35.9,33.8,17.2
2026-04-17 06:25:30,0.0,84.6,107.0,7.1,35.9,34.6,17.1
2026-04-17 06:25:30,0.0,103.9,119.4,6.54,37.5,39.7,17.1
2026-04-17 06:25:31,0.0,84.9,107.4,6.78,36.4,33.3,17.1
2026-04-17 06:25:31,0.0,88.5,102.4,7.31,36.4,42.9,17.1
2026-04-17 06:25:31,0.0,85.7,108.7,6.11,36.4,33.3,17.0
2026-04-17 06:25:31,0.0,87.8,103.1,7.32,36.4,47.4,17.0
2026-04-17 06:25:31,0.0,111.0,134.0,5.3,35.9,33.3,17.0
2026-04-17 06:25:31,0.0,89.1,111.3,6.91,35.9,36.4,17.0
2026-04-17 06:25:32,0.0,97.0,119.9,5.74,35.9,33.8,16.9
2026-04-17 06:25:32,0.0,88.1,110.4,6.29,36.4,36.5,16.9
2026-04-17 06:25:32,0.0,130.5,154.0,4.8,35.9,41.2,17.0
2026-04-17 06:25:32,0.0,87.7,111.3,6.36,36.4,30.5,17.0
2026-04-17 06:25:32,0.0,86.1,112.3,5.97,36.4,37.7,17.0
2026-04-17 06:25:32,0.0,85.5,108.6,6.15,35.3,34.3,17.0
2026-04-17 06:25:33,0.0,92.7,107.1,7.03,36.4,44.8,17.1
2026-04-17 06:25:33,0.0,87.0,110.8,6.26,37.0,39.1,17.1
2026-04-17 06:25:33,0.0,101.5,112.5,6.8,35.9,37.5,17.1
2026-04-17 06:25:33,0.0,95.9,119.0,6.21,36.4,39.4,17.1
2026-04-17 06:25:33,0.0,85.4,108.5,6.41,35.3,30.0,17.1
2026-04-17 06:25:33,0.0,91.6,106.1,7.16,36.4,46.6,17.1
2026-04-17 06:25:33,0.0,104.2,127.2,5.59,36.4,31.9,17.1
2026-04-17 06:25:34,0.0,91.0,113.4,6.51,35.3,39.7,17.1
2026-04-17 06:25:34,0.0,124.5,147.6,5.0,35.3,33.3,17.1
2026-04-17 06:25:34,0.0,89.7,112.8,6.06,35.9,31.2,17.1
2026-04-17 06:25:34,0.0,94.2,112.7,5.85,35.9,36.2,17.1
2026-04-17 06:25:34,0.0,101.4,124.3,5.76,36.4,39.1,17.1
2026-04-17 06:25:35,0.0,108.3,131.2,5.76,35.3,36.8,17.1
2026-04-17 06:25:35,0.0,125.6,148.5,5.44,36.4,35.2,17.1
2026-04-17 06:25:35,0.0,96.7,120.4,5.83,35.9,33.3,17.1
2026-04-17 06:25:35,0.0,105.9,121.8,5.7,36.4,34.3,17.1
2026-04-17 06:25:35,0.0,101.2,124.2,6.18,35.9,42.2,17.1
2026-04-17 06:25:35,0.0,108.6,131.8,5.74,36.4,37.7,17.1
2026-04-17 06:25:36,0.0,106.3,129.4,6.1,35.3,41.2,17.1
2026-04-17 06:25:36,0.0,93.9,116.6,6.48,37.0,37.7,17.1
2026-04-17 06:25:36,0.0,89.9,109.3,6.16,35.3,44.6,17.1
2026-04-17 06:25:36,0.0,103.4,126.6,5.55,36.4,35.2,17.1
2026-04-17 06:25:36,0.0,100.5,123.8,6.11,36.4,38.5,17.0
2026-04-17 06:25:36,0.0,85.0,112.8,6.43,35.9,37.5,17.0
2026-04-17 06:25:37,0.0,92.9,115.8,5.88,36.4,36.8,17.0
2026-04-17 06:25:37,0.0,87.4,106.6,6.21,36.4,37.7,17.0
2026-04-17 06:25:37,0.0,112.1,124.3,6.34,35.9,37.3,16.9
2026-04-17 06:25:37,0.0,99.5,125.8,6.28,35.3,39.1,16.9
2026-04-17 06:25:37,0.0,86.0,109.1,6.76,36.4,39.0,16.9
2026-04-17 06:25:37,0.0,103.5,116.1,6.64,35.3,37.5,16.9
2026-04-17 06:25:37,0.0,99.4,126.1,6.02,35.9,36.9,16.9
2026-04-17 06:25:38,0.0,111.6,134.1,5.71,35.9,38.2,16.9
2026-04-17 06:25:38,0.0,84.8,105.8,7.16,36.4,39.3,16.9
2026-04-17 06:25:38,0.0,125.8,140.6,5.74,37.0,44.9,17.0
2026-04-17 06:25:38,0.0,94.1,117.3,5.94,35.9,36.8,17.0
2026-04-17 06:25:38,0.0,85.9,108.3,6.31,36.4,34.4,17.0
2026-04-17 06:25:38,0.0,89.0,102.8,7.34,35.9,39.2,17.0
2026-04-17 06:25:39,0.0,86.2,109.9,6.08,35.9,35.4,17.0
2026-04-17 06:25:39,0.0,83.6,95.7,7.71,35.9,38.5,17.1
2026-04-17 06:25:39,0.0,105.2,120.9,6.45,37.0,39.0,17.1
2026-04-17 06:25:39,0.0,88.3,111.3,6.69,36.4,33.9,17.1
2026-04-17 06:25:39,0.0,85.7,108.7,6.09,37.0,32.3,17.1
2026-04-17 06:25:39,0.0,83.7,102.3,7.36,37.0,37.7,17.1
2026-04-17 06:25:40,0.0,87.3,110.3,6.03,35.9,34.4,17.1
2026-04-17 06:25:40,0.0,83.4,95.6,7.74,37.0,38.0,17.1
2026-04-17 06:25:40,0.0,86.4,102.5,7.34,37.0,39.2,17.1
2026-04-17 06:25:40,0.0,86.1,99.3,7.52,35.9,43.4,17.1
2026-04-17 06:25:40,0.0,86.4,98.5,7.49,37.5,41.2,17.2
2026-04-17 06:25:40,0.0,89.2,102.6,7.35,37.0,43.6,17.1
2026-04-17 06:25:40,0.0,99.4,113.0,5.64,35.9,43.5,17.1
2026-04-17 06:25:41,0.0,88.8,111.6,6.43,37.5,32.2,17.2
2026-04-17 06:25:41,0.0,105.7,128.5,5.45,36.4,37.0,17.1
2026-04-17 06:25:41,0.0,87.2,110.1,6.75,37.0,35.7,17.2
2026-04-17 06:25:41,0.0,93.2,106.1,7.16,36.4,41.1,17.2
2026-04-17 06:25:41,0.0,112.4,135.6,5.39,36.4,37.3,17.2
2026-04-17 06:25:41,0.0,85.0,104.2,7.19,36.4,35.8,17.2
2026-04-17 06:25:41,0.0,88.5,103.6,7.3,36.4,41.5,17.2
2026-04-17 06:25:42,0.0,101.3,124.2,5.58,35.3,37.1,17.2
2026-04-17 06:25:42,0.0,87.6,110.2,6.54,36.4,35.0,17.2
2026-04-17 06:25:42,0.0,88.8,111.8,5.96,37.0,33.8,17.3
2026-04-17 06:25:42,0.0,93.0,116.0,5.86,36.4,34.3,17.2
2026-04-17 06:25:42,0.0,98.1,121.4,5.81,36.4,35.8,17.2
2026-04-17 06:25:42,0.0,84.6,107.8,6.48,35.3,33.9,17.2
2026-04-17 06:25:43,0.0,91.4,103.9,7.21,35.3,37.3,17.2
2026-04-17 06:25:43,0.0,146.9,170.1,4.5,35.9,42.0,17.2
2026-04-17 06:25:43,0.0,91.6,110.8,6.93,35.3,38.6,17.3
2026-04-17 06:25:43,0.0,94.3,115.0,5.91,34.8,30.2,17.2
2026-04-17 06:25:43,0.0,92.3,120.6,5.88,35.9,38.6,17.2
2026-04-17 06:25:43,0.0,83.6,106.7,6.56,36.4,34.4,17.2
2026-04-17 06:25:44,0.0,100.9,115.3,6.64,35.9,40.0,17.2
2026-04-17 06:25:44,0.0,100.7,123.8,6.0,35.3,38.8,17.2
2026-04-17 06:25:44,0.0,86.3,107.6,6.58,35.9,32.2,17.3
2026-04-17 06:25:44,0.0,89.4,101.7,7.32,34.8,44.6,17.2
2026-04-17 06:25:44,0.0,86.3,110.0,6.09,36.4,39.1,17.2
2026-04-17 06:25:44,0.0,84.0,107.1,6.12,34.8,33.3,17.2
2026-04-17 06:25:45,0.0,97.8,111.9,6.8,35.3,40.4,17.2
2026-04-17 06:25:45,0.0,121.9,145.1,5.24,36.4,35.1,17.2
2026-04-17 06:25:45,0.0,105.4,128.5,5.46,35.9,33.8,17.2
2026-04-17 06:25:45,0.0,93.8,116.9,6.45,37.0,36.7,17.2
2026-04-17 06:25:45,0.0,104.4,126.9,5.59,35.3,44.0,17.2
2026-04-17 06:25:45,0.0,99.7,117.0,6.25,36.4,38.7,17.3
2026-04-17 06:25:46,0.0,99.6,122.7,6.0,35.9,40.3,17.3
2026-04-17 06:25:46,0.0,103.1,126.0,5.89,36.4,37.3,17.3
2026-04-17 06:25:46,0.0,88.3,111.2,6.59,36.4,33.9,17.4
2026-04-17 06:25:46,0.0,86.5,98.3,7.57,36.4,46.4,17.4
2026-04-17 06:25:46,0.0,89.0,101.3,7.39,36.4,40.4,17.4
2026-04-17 06:25:46,0.0,93.4,104.0,7.26,36.4,48.3,17.5
2026-04-17 06:25:46,0.0,98.7,121.7,5.82,37.0,36.2,17.5
2026-04-17 06:25:47,0.0,108.2,131.3,5.68,36.4,37.7,17.5
2026-04-17 06:25:47,0.0,89.5,111.9,6.74,36.4,38.6,17.6
2026-04-17 06:25:47,0.0,92.1,111.3,5.85,36.4,43.5,17.6
2026-04-17 06:25:47,0.0,86.1,108.7,6.31,36.4,34.4,17.6
2026-04-17 06:25:47,0.0,92.1,105.8,7.18,36.4,39.6,17.6
2026-04-17 06:25:47,0.0,101.2,124.0,5.7,36.4,37.1,17.7
2026-04-17 06:25:48,0.0,85.8,108.7,6.62,34.8,31.0,17.7
2026-04-17 06:25:48,0.0,111.4,125.5,6.28,36.4,46.2,17.6
2026-04-17 06:25:48,0.0,96.8,118.0,6.59,35.9,37.7,17.6
2026-04-17 06:25:48,0.0,103.6,127.4,5.74,35.9,36.2,17.6
2026-04-17 06:25:48,0.0,100.6,124.9,6.1,35.9,32.3,17.5
2026-04-17 06:25:48,0.0,95.3,119.4,6.21,36.4,39.4,17.5
2026-04-17 06:25:49,0.0,115.3,137.6,5.39,35.9,37.8,17.5
2026-04-17 06:25:49,0.0,110.2,130.0,6.12,36.4,36.1,17.6
2026-04-17 06:25:49,0.0,84.9,105.9,7.16,35.3,38.2,17.6
2026-04-17 06:25:49,0.0,108.7,123.0,6.38,35.3,42.9,17.6
2026-04-17 06:25:49,0.0,102.5,125.4,6.23,37.0,45.5,17.5
2026-04-17 06:25:49,0.0,96.2,119.1,6.24,35.9,37.5,17.5
2026-04-17 06:25:50,0.0,95.2,118.0,6.04,36.4,35.9,17.4
2026-04-17 06:25:50,0.0,85.0,108.0,6.4,36.4,32.8,17.4
2026-04-17 06:25:50,0.0,90.3,104.3,7.22,35.3,40.7,17.4
2026-04-17 06:25:50,0.0,96.3,120.5,5.76,36.4,34.8,17.4
2026-04-17 06:25:50,0.0,87.2,110.3,6.4,35.3,32.8,17.4
2026-04-17 06:25:50,0.0,91.4,104.8,7.21,37.5,43.6,17.4
2026-04-17 06:25:50,0.0,90.2,117.3,5.94,36.4,35.3,17.4
2026-04-17 06:25:51,0.0,103.6,126.5,5.68,35.3,39.7,17.3
2026-04-17 06:25:51,0.0,101.0,124.1,6.1,35.3,34.9,17.4
2026-04-17 06:25:51,0.0,83.7,106.7,6.7,35.9,34.5,17.4
2026-04-17 06:25:51,0.0,86.4,103.1,7.33,35.9,35.4,17.4
2026-04-17 06:25:51,0.0,111.0,124.3,6.33,36.4,50.8,17.4
2026-04-17 06:25:51,0.0,86.2,107.7,7.07,37.0,38.2,17.4
2026-04-17 06:25:51,0.0,85.1,98.5,7.55,36.4,40.8,17.4
2026-04-17 06:25:52,0.0,108.3,121.0,6.4,35.9,45.0,17.5
2026-04-17 06:25:52,0.0,86.4,109.5,6.91,35.3,39.3,17.5
2026-04-17 06:25:52,0.0,83.9,96.7,7.65,35.9,44.4,17.6
2026-04-17 06:25:52,0.0,88.6,104.5,7.24,35.3,41.2,17.6
2026-04-17 06:25:52,0.0,90.4,113.4,5.94,35.9,34.3,17.5
2026-04-17 06:25:52,0.0,86.1,109.2,6.17,35.9,34.9,17.5
2026-04-17 06:25:53,0.0,84.5,97.7,7.6,36.4,41.5,17.5
2026-04-17 06:25:53,0.0,104.2,119.5,6.54,37.0,41.7,17.5
2026-04-17 06:25:53,0.0,87.1,110.0,6.69,37.5,38.3,17.5
2026-04-17 06:25:53,0.0,120.5,132.4,6.0,36.4,46.3,17.6
2026-04-17 06:25:53,0.0,103.9,116.0,6.67,36.4,46.0,17.6
2026-04-17 06:25:53,0.0,102.2,125.3,6.06,36.4,38.2,17.6
2026-04-17 06:25:53,0.0,84.0,107.0,6.74,35.9,33.3,17.6
2026-04-17 06:25:54,0.0,86.8,104.6,7.25,35.9,46.6,17.6
2026-04-17 06:25:54,0.0,84.3,106.9,6.16,36.4,39.7,17.6
2026-04-17 06:25:54,0.0,86.3,100.1,7.39,36.4,35.4,17.6
2026-04-17 06:25:54,0.0,87.0,99.7,7.47,37.0,45.5,17.6
2026-04-17 06:25:54,0.0,102.6,116.4,6.65,35.3,52.5,17.5
2026-04-17 06:25:54,0.0,93.5,116.5,6.4,35.3,36.1,17.5
2026-04-17 06:25:55,0.0,87.8,110.7,6.21,35.3,38.5,17.5
2026-04-17 06:25:55,0.0,94.8,106.5,7.14,37.0,40.0,17.5
2026-04-17 06:25:55,0.0,89.2,110.6,6.21,37.0,37.1,17.5
2026-04-17 06:25:55,0.0,107.1,130.0,5.43,35.9,33.8,17.5
2026-04-17 06:25:55,0.0,87.0,110.1,6.82,37.0,36.8,17.6
2026-04-17 06:25:55,0.0,91.7,104.8,7.2,37.0,38.5,17.6
2026-04-17 06:25:55,0.0,87.8,110.2,6.17,37.0,34.9,17.6
2026-04-17 06:25:56,0.0,88.8,112.0,5.97,36.4,37.1,17.7
2026-04-17 06:25:56,0.0,90.1,113.2,5.96,36.4,34.8,17.7
2026-04-17 06:25:56,0.0,85.7,108.9,6.17,34.8,36.9,17.6
2026-04-17 06:25:56,0.0,87.3,101.5,7.41,37.0,44.8,17.6
2026-04-17 06:25:56,0.0,92.2,102.7,7.24,35.9,42.6,17.6
2026-04-17 06:25:56,0.0,105.5,118.5,5.56,36.4,42.5,17.6
2026-04-17 06:25:57,0.0,90.2,113.3,6.61,36.4,34.5,17.6
2026-04-17 06:25:57,0.0,121.0,142.2,5.06,36.4,41.3,17.7
2026-04-17 06:25:57,0.0,99.9,122.9,5.6,35.9,33.8,17.7
2026-04-17 06:25:57,0.0,87.5,105.5,6.49,35.9,38.7,17.7
2026-04-17 06:25:57,0.0,94.3,106.8,7.11,36.4,44.8,17.7
2026-04-17 06:25:57,0.0,92.0,115.0,6.1,36.4,36.9,17.7
2026-04-17 06:25:58,0.0,120.0,143.5,5.14,37.0,32.0,17.7
2026-04-17 06:25:58,0.0,84.2,94.4,7.66,36.4,41.2,17.8
2026-04-17 06:25:58,0.0,98.8,112.4,6.75,36.4,39.7,17.8
2026-04-17 06:25:58,0.0,101.5,123.8,5.92,36.4,39.7,17.8
2026-04-17 06:25:58,0.0,98.1,121.2,6.13,35.3,39.7,17.8
2026-04-17 06:25:58,0.0,82.9,104.4,6.6,37.0,39.7,17.7
2026-04-17 06:25:58,0.0,84.6,103.7,7.29,37.5,38.9,17.7
2026-04-17 06:25:59,0.0,109.2,123.6,6.35,35.3,47.6,17.7
2026-04-17 06:25:59,0.0,85.6,108.4,7.02,35.9,37.9,17.8
2026-04-17 06:25:59,0.0,90.8,103.5,7.3,35.9,44.6,17.8
2026-04-17 06:25:59,0.0,84.2,107.5,6.24,37.0,37.3,17.7
2026-04-17 06:25:59,0.0,83.6,98.8,7.56,35.9,39.6,17.7
2026-04-17 06:25:59,0.0,101.3,116.3,6.62,35.9,39.7,17.7
2026-04-17 06:25:59,0.0,87.4,110.6,6.54,35.9,38.3,17.8
2026-04-17 06:26:00,0.0,92.9,102.4,7.22,35.9,42.9,17.8
2026-04-17 06:26:00,0.0,89.8,112.9,6.12,37.0,33.3,17.8
2026-04-17 06:26:00,0.0,107.8,129.5,5.41,36.4,32.4,17.8
2026-04-17 06:26:00,0.0,87.7,109.4,6.82,35.9,38.3,17.8
2026-04-17 06:26:00,0.0,93.3,105.2,7.21,36.4,40.7,17.8
2026-04-17 06:26:00,0.0,112.9,141.7,5.2,35.3,39.2,17.8
2026-04-17 06:26:01,0.0,86.4,100.2,7.46,37.0,33.3,17.8
2026-04-17 06:26:01,0.0,107.8,120.9,6.45,36.4,44.3,17.9
2026-04-17 06:26:01,0.0,95.9,118.9,6.47,35.9,38.3,17.9
2026-04-17 06:26:01,0.0,90.4,114.2,6.18,35.9,39.4,17.9
2026-04-17 06:26:01,0.0,86.9,109.8,6.16,35.9,33.8,17.9
2026-04-17 06:26:01,0.0,85.7,97.6,7.56,36.4,40.4,17.9
2026-04-17 06:26:01,0.0,89.3,102.3,7.32,35.9,43.4,17.9
2026-04-17 06:26:02,0.0,124.6,147.7,4.95,36.4,36.2,17.9
2026-04-17 06:26:02,0.0,96.3,119.5,5.82,35.9,38.0,17.9
2026-04-17 06:26:02,0.0,93.3,114.5,6.12,35.9,36.9,17.9
2026-04-17 06:26:02,0.0,109.9,132.4,5.46,36.4,33.3,17.9
2026-04-17 06:26:02,0.0,99.2,120.7,6.42,37.0,43.7,17.9
2026-04-17 06:26:03,0.0,86.9,109.9,6.48,37.5,41.3,17.9
2026-04-17 06:26:03,0.0,86.9,104.7,7.23,35.9,40.7,17.9
2026-04-17 06:26:03,0.0,88.0,110.6,6.15,35.9,36.4,17.9
2026-04-17 06:26:03,0.0,84.4,109.4,6.07,36.4,37.7,18.0
2026-04-17 06:26:03,0.0,85.0,98.3,7.58,36.4,38.0,18.0
2026-04-17 06:26:03,0.0,86.3,99.3,7.41,35.9,41.5,18.0
2026-04-17 06:26:03,0.0,93.1,106.2,7.14,35.9,38.5,18.0
2026-04-17 06:26:04,0.0,98.1,121.1,5.83,35.9,34.3,18.1
2026-04-17 06:26:04,0.0,83.6,106.5,6.58,37.0,32.8,18.1
2026-04-17 06:26:04,0.0,110.6,127.3,6.21,37.0,42.4,18.1
2026-04-17 06:26:04,0.0,93.7,114.7,6.7,37.0,33.9,18.1
2026-04-17 06:26:04,0.0,97.0,114.5,5.88,37.0,43.5,18.1
2026-04-17 06:26:04,0.0,93.1,116.3,6.15,35.9,38.5,18.1
2026-04-17 06:26:05,0.0,86.5,109.5,6.25,36.4,29.5,18.1
2026-04-17 06:26:05,0.0,89.0,101.6,7.37,36.4,45.6,18.1
2026-04-17 06:26:05,0.0,103.8,128.9,5.45,37.0,36.1,18.1
2026-04-17 06:26:05,0.0,87.0,110.2,6.77,36.4,36.7,18.1
2026-04-17 06:26:05,0.0,109.6,121.0,6.42,35.3,40.0,18.1
2026-04-17 06:26:05,0.0,93.3,115.7,6.65,36.4,39.0,18.1
2026-04-17 06:26:05,0.0,83.4,106.6,6.38,35.3,34.4,18.1
2026-04-17 06:26:06,0.0,97.8,115.3,6.67,36.4,44.3,18.1
2026-04-17 06:26:06,0.0,86.5,109.5,6.54,35.3,35.0,18.1
2026-04-17 06:26:06,0.0,103.7,115.1,6.63,36.4,45.0,18.1
2026-04-17 06:26:06,0.0,91.6,115.0,6.46,36.4,39.7,18.1
2026-04-17 06:26:06,0.0,83.6,106.6,6.33,37.0,33.3,18.0
2026-04-17 06:26:06,0.0,101.2,117.0,6.63,37.0,41.0,18.0
2026-04-17 06:26:07,0.0,89.5,112.4,6.42,35.9,34.4,18.0
2026-04-17 06:26:07,0.0,87.3,102.2,6.11,38.0,45.5,18.0
2026-04-17 06:26:07,0.0,98.1,107.8,6.92,36.4,41.1,18.1
2026-04-17 06:26:07,0.0,88.6,110.2,6.38,37.0,36.1,18.1
2026-04-17 06:26:07,0.0,90.2,113.3,5.95,36.4,35.3,18.1
2026-04-17 06:26:07,0.0,88.3,111.2,5.98,37.5,40.0,18.1
2026-04-17 06:26:07,0.0,86.5,108.3,6.16,36.4,33.3,18.0
2026-04-17 06:26:08,0.0,104.7,118.2,6.58,35.9,43.3,18.0
2026-04-17 06:26:08,0.0,94.2,117.6,6.42,37.0,38.7,18.1
2026-04-17 06:26:08,0.0,86.8,109.8,6.3,34.8,32.3,18.1
2026-04-17 06:26:08,0.0,99.7,113.4,6.8,36.4,45.2,18.1
2026-04-17 06:26:08,0.0,103.4,126.2,5.89,37.5,36.4,18.0
2026-04-17 06:26:08,0.0,96.7,119.6,6.26,35.9,35.4,18.1
2026-04-17 06:26:09,0.0,103.4,126.7,5.76,36.4,45.1,18.0
2026-04-17 06:26:09,0.0,90.1,113.1,6.53,35.9,34.5,18.1
2026-04-17 06:26:09,0.0,85.7,108.6,6.16,36.4,32.8,18.1
2026-04-17 06:26:09,0.0,96.0,110.4,6.95,36.4,46.7,18.1
2026-04-17 06:26:09,0.0,89.3,112.7,6.26,35.3,39.4,18.2
2026-04-17 06:26:09,0.0,95.6,119.0,5.79,36.4,33.3,18.1
2026-04-17 06:26:10,0.0,85.3,108.1,6.41,36.4,34.4,18.2
2026-04-17 06:26:10,0.0,87.7,100.9,7.33,36.4,42.6,18.2
2026-04-17 06:26:10,0.0,89.0,112.3,5.98,36.4,33.3,18.2
2026-04-17 06:26:10,0.0,104.3,127.2,5.51,36.4,36.5,18.2
2026-04-17 06:26:10,0.0,100.4,123.6,6.14,36.4,38.2,18.2
2026-04-17 06:26:10,0.0,94.9,117.9,6.21,36.4,38.5,18.2
2026-04-17 06:26:11,0.0,84.5,105.8,6.4,35.3,32.8,18.2
2026-04-17 06:26:11,0.0,89.3,101.8,7.2,35.9,53.4,18.1
2026-04-17 06:26:11,0.0,101.3,124.5,5.62,35.3,38.0,18.0
2026-04-17 06:26:11,0.0,103.8,126.8,5.91,36.4,37.3,18.0
2026-04-17 06:26:11,0.0,101.4,124.4,6.09,36.4,40.0,18.0
2026-04-17 06:26:11,0.0,88.2,110.1,6.54,34.8,35.0,18.0
2026-04-17 06:26:11,0.0,91.7,114.7,5.88,35.9,29.7,18.0
2026-04-17 06:26:12,0.0,100.9,123.8,5.67,37.0,39.4,18.0
2026-04-17 06:26:12,0.0,96.2,119.5,6.18,35.9,36.9,18.0
2026-04-17 06:26:12,0.0,93.2,116.4,6.12,36.4,30.6,18.0
2026-04-17 06:26:12,0.0,89.4,112.4,6.14,35.9,34.9,18.0
2026-04-17 06:26:12,0.0,87.3,109.7,6.07,36.4,33.8,18.0
2026-04-17 06:26:12,0.0,105.2,117.3,6.61,36.4,41.7,18.1
2026-04-17 06:26:13,0.0,110.5,136.4,5.73,35.9,31.7,18.1
2026-04-17 06:26:13,0.0,87.6,102.9,7.09,37.0,50.0,18.1
2026-04-17 06:26:13,0.0,84.7,108.6,6.08,35.9,34.8,18.1
2026-04-17 06:26:13,0.0,84.9,95.3,7.52,36.4,40.4,18.1
2026-04-17 06:26:13,0.0,93.3,107.0,7.09,37.0,37.3,18.1
2026-04-17 06:26:13,0.0,100.3,123.4,5.77,35.9,35.7,18.1
2026-04-17 06:26:14,0.0,85.0,108.0,6.61,36.4,37.7,18.1
2026-04-17 06:26:14,0.0,94.3,109.3,7.0,36.4,42.1,18.1
2026-04-17 06:26:14,0.0,88.9,112.1,6.2,37.0,37.9,18.1
2026-04-17 06:26:14,0.0,90.9,112.3,5.94,36.4,35.8,18.2
2026-04-17 06:26:14,0.0,85.7,108.8,6.2,36.4,35.8,18.2
2026-04-17 06:26:14,0.0,91.4,100.5,7.19,37.0,46.9,18.2
2026-04-17 06:26:14,0.0,89.1,112.1,6.09,36.4,32.8,18.2
2026-04-17 06:26:15,0.0,90.4,112.9,5.96,37.0,34.3,18.2
2026-04-17 06:26:15,0.0,92.1,114.6,5.94,35.9,32.8,18.2
2026-04-17 06:26:15,0.0,98.4,121.1,5.79,37.0,36.8,18.2
2026-04-17 06:26:15,0.0,84.0,107.1,6.57,36.4,37.1,18.2
2026-04-17 06:26:15,0.0,100.6,118.0,6.6,36.4,37.9,18.2
2026-04-17 06:26:15,0.0,88.1,112.8,6.49,35.9,36.7,18.2
2026-04-17 06:26:16,0.0,83.2,106.2,6.25,35.9,32.3,18.2
2026-04-17 06:26:16,0.0,243.5,259.6,3.41,36.4,77.8,18.2
2026-04-17 06:26:16,0.0,95.9,110.7,6.52,37.0,67.2,17.1
2026-04-17 06:26:16,0.0,104.0,123.9,5.75,36.4,45.2,17.0
2026-04-17 06:26:16,0.0,89.5,111.9,6.58,36.4,40.3,17.0
2026-04-17 06:26:17,0.0,103.1,126.2,5.55,35.9,37.7,17.0
2026-04-17 06:26:17,0.0,85.8,107.9,6.7,37.0,45.2,17.0
2026-04-17 06:26:17,0.0,83.5,100.1,7.48,37.0,34.7,17.0
2026-04-17 06:26:17,0.0,100.6,113.2,6.77,36.4,40.7,17.0
2026-04-17 06:26:17,0.0,89.2,112.2,6.45,37.5,34.5,17.0
2026-04-17 06:26:17,0.0,88.5,99.2,7.54,35.3,37.3,17.0
2026-04-17 06:26:17,0.0,100.8,122.8,5.59,36.4,31.9,16.9
2026-04-17 06:26:18,0.0,92.5,116.8,6.27,36.4,37.1,16.9
2026-04-17 06:26:18,0.0,113.8,136.8,5.36,35.9,29.4,16.9
2026-04-17 06:26:18,0.0,86.1,105.1,7.19,35.9,40.0,16.9
2026-04-17 06:26:18,0.0,106.4,121.0,6.46,35.9,43.5,16.9
2026-04-17 06:26:18,0.0,96.9,120.0,6.43,35.9,34.4,16.9
2026-04-17 06:26:18,0.0,87.3,108.6,6.36,35.3,34.4,16.9
2026-04-17 06:26:19,0.0,83.2,95.3,7.76,37.0,40.4,16.9
2026-04-17 06:26:19,0.0,83.8,100.7,7.43,35.9,41.5,16.9
2026-04-17 06:26:19,0.0,99.6,114.2,6.73,35.9,43.5,16.9
2026-04-17 06:26:19,0.0,86.2,110.4,6.47,35.3,33.9,16.9
2026-04-17 06:26:19,0.0,94.7,98.0,7.11,35.9,54.2,16.9
2026-04-17 06:26:19,0.0,83.6,106.6,6.44,35.9,30.0,16.9
2026-04-17 06:26:19,0.0,123.5,139.7,5.77,35.9,41.4,17.0
2026-04-17 06:26:20,0.0,87.7,110.8,6.09,36.4,30.2,16.9
2026-04-17 06:26:20,0.0,95.8,107.1,7.08,35.9,41.1,16.9
2026-04-17 06:26:20,0.0,89.5,111.5,6.23,35.9,38.1,16.9
2026-04-17 06:26:20,0.0,110.8,132.6,5.33,35.3,33.3,16.9
2026-04-17 06:26:20,0.0,99.8,122.1,6.43,35.9,40.7,17.0
2026-04-17 06:26:20,0.0,149.1,167.9,4.63,35.3,47.0,17.0
2026-04-17 06:26:21,0.0,107.9,125.0,6.31,37.0,45.2,17.1
2026-04-17 06:26:21,0.0,120.3,141.3,5.58,35.9,47.2,17.1
2026-04-17 06:26:21,0.0,87.2,99.6,7.51,37.0,43.6,17.1
2026-04-17 06:26:21,0.0,95.2,107.9,7.06,36.4,45.8,17.1
2026-04-17 06:26:21,0.0,121.4,144.5,5.18,35.9,39.5,17.1
2026-04-17 06:26:21,0.0,83.6,106.4,6.19,37.0,30.6,17.1
2026-04-17 06:26:22,0.0,86.9,102.3,7.28,37.0,39.6,17.2
2026-04-17 06:26:22,0.0,97.2,108.2,7.01,36.4,44.4,17.2
2026-04-17 06:26:22,0.0,84.8,107.2,6.48,37.0,35.5,17.2
2026-04-17 06:26:22,0.0,107.3,121.9,6.41,35.9,44.4,17.2
2026-04-17 06:26:22,0.0,97.9,121.7,6.34,37.0,39.7,17.2
2026-04-17 06:26:22,0.0,122.2,145.2,5.26,35.9,45.3,17.2
2026-04-17 06:26:23,0.0,109.0,133.1,5.32,35.9,48.1,17.2
2026-04-17 06:26:23,0.0,99.7,122.6,6.4,35.9,37.7,17.2
2026-04-17 06:26:23,0.0,103.3,126.1,5.88,36.4,33.3,17.3
2026-04-17 06:26:23,0.0,95.0,113.8,6.32,37.0,39.7,17.2
2026-04-17 06:26:23,0.0,119.1,141.1,5.24,36.4,38.7,17.2
2026-04-17 06:26:23,0.0,99.9,113.4,6.79,34.8,39.0,17.2
2026-04-17 06:26:24,0.0,88.7,111.9,6.43,37.5,36.1,17.2
2026-04-17 06:26:24,0.0,88.2,99.6,7.5,35.9,43.6,17.2
2026-04-17 06:26:24,0.0,86.2,109.4,6.05,36.4,35.8,17.2
2026-04-17 06:26:24,0.0,104.4,115.0,6.61,37.0,40.7,17.2
2026-04-17 06:26:24,0.0,89.2,112.2,6.67,35.3,39.0,17.2
2026-04-17 06:26:24,0.0,109.5,132.5,5.35,36.4,36.8,17.1
2026-04-17 06:26:25,0.0,135.3,155.7,5.19,35.3,50.0,17.2
2026-04-17 06:26:25,0.0,98.9,122.0,6.12,35.9,34.4,17.2
2026-04-17 06:26:25,0.0,103.3,122.5,5.84,36.4,33.8,17.2
2026-04-17 06:26:25,0.0,96.8,118.4,6.24,36.4,37.7,17.2
2026-04-17 06:26:25,0.0,94.0,117.1,6.11,36.4,33.3,17.1
2026-04-17 06:26:25,0.0,91.4,113.7,6.09,35.9,32.3,17.1
2026-04-17 06:26:26,0.0,116.6,139.5,5.22,36.4,36.4,17.1
2026-04-17 06:26:26,0.0,93.9,110.3,6.94,35.9,36.4,17.2
2026-04-17 06:26:26,0.0,94.0,117.0,6.0,36.4,36.9,17.2
2026-04-17 06:26:26,0.0,97.5,120.4,5.88,36.4,34.8,17.2
2026-04-17 06:26:26,0.0,99.9,124.2,5.88,37.0,38.2,17.1
2026-04-17 06:26:26,0.0,110.1,133.4,5.69,35.9,41.8,17.1
2026-04-17 06:26:27,0.0,99.3,121.6,6.43,37.0,36.7,17.2
2026-04-17 06:26:27,0.0,86.3,108.9,6.49,35.9,44.4,17.2
2026-04-17 06:26:27,0.0,83.8,96.7,7.67,36.4,39.6,17.2
2026-04-17 06:26:27,0.0,107.9,124.0,6.35,36.4,46.8,17.2
2026-04-17 06:26:27,0.0,86.1,108.0,6.91,35.3,40.0,17.2
2026-04-17 06:26:27,0.0,92.8,106.8,7.13,36.4,41.8,17.2
2026-04-17 06:26:27,0.0,84.9,109.9,6.22,35.9,34.9,17.2
2026-04-17 06:26:28,0.0,84.5,96.9,7.66,35.9,38.5,17.2
2026-04-17 06:26:28,0.0,99.8,114.8,6.73,36.4,42.1,17.2
2026-04-17 06:26:28,0.0,85.6,108.7,6.56,37.0,33.9,17.2
2026-04-17 06:26:28,0.0,94.3,106.4,7.04,37.0,37.7,17.2
2026-04-17 06:26:28,0.0,107.2,130.4,5.57,36.4,35.2,17.2
2026-04-17 06:26:28,0.0,89.1,112.6,6.66,36.4,43.1,17.2
2026-04-17 06:26:28,0.0,94.8,115.3,5.82,36.4,36.2,17.2
2026-04-17 06:26:29,0.0,85.0,107.8,6.42,35.9,37.7,17.2
2026-04-17 06:26:29,0.0,83.3,98.2,7.6,37.0,36.0,17.2
2026-04-17 06:26:29,0.0,90.7,107.5,7.09,37.0,44.6,17.2
2026-04-17 06:26:29,0.0,88.9,111.7,6.08,35.9,31.7,17.2
2026-04-17 06:26:29,0.0,120.5,143.7,5.04,35.9,39.2,17.3
2026-04-17 06:26:29,0.0,106.7,118.5,6.56,35.9,37.9,17.3
2026-04-17 06:26:30,0.0,86.6,109.6,6.82,37.0,38.6,17.3
2026-04-17 06:26:30,0.0,90.3,102.5,7.31,35.3,46.4,17.4
2026-04-17 06:26:30,0.0,90.7,112.7,5.99,36.4,34.3,17.4
2026-04-17 06:26:30,0.0,84.9,108.1,6.21,37.0,34.9,17.4
2026-04-17 06:26:30,0.0,83.8,98.5,7.57,36.4,38.0,17.4
2026-04-17 06:26:30,0.0,85.1,100.3,7.46,36.4,36.2,17.4
2026-04-17 06:26:30,0.0,83.7,97.3,7.57,36.4,35.3,17.5
2026-04-17 06:26:31,0.0,128.4,146.0,5.57,35.9,41.1,17.5
2026-04-17 06:26:31,0.0,100.1,123.2,5.88,36.4,35.3,17.5
2026-04-17 06:26:31,0.0,85.8,107.7,6.57,36.4,35.0,17.5
2026-04-17 06:26:31,0.0,91.9,106.1,7.16,37.0,41.1,17.6
2026-04-17 06:26:31,0.0,90.0,113.0,6.08,35.9,37.3,17.5
2026-04-17 06:26:31,0.0,94.2,117.3,5.86,37.5,28.6,17.5
2026-04-17 06:26:32,0.0,117.2,137.9,5.28,35.9,46.1,17.5
2026-04-17 06:26:32,0.0,89.5,105.6,7.19,36.4,40.4,17.5
2026-04-17 06:26:32,0.0,91.2,114.1,5.95,35.9,33.3,17.5
2026-04-17 06:26:32,0.0,92.8,115.3,5.95,37.0,37.7,17.5
2026-04-17 06:26:32,0.0,103.5,126.5,5.64,36.4,35.7,17.4
2026-04-17 06:26:32,0.0,91.1,113.9,6.49,37.0,32.8,17.4
2026-04-17 06:26:33,0.0,89.5,112.0,6.06,37.0,35.4,17.4
2026-04-17 06:26:33,0.0,102.2,124.8,5.58,37.5,31.9,17.5
2026-04-17 06:26:33,0.0,93.4,111.0,6.35,36.4,38.1,17.5
2026-04-17 06:26:33,0.0,94.4,117.6,5.91,37.0,33.8,17.5
2026-04-17 06:26:33,0.0,89.5,111.9,6.22,35.9,34.9,17.5
2026-04-17 06:26:33,0.0,85.2,104.2,6.18,35.9,37.3,17.5
2026-04-17 06:26:34,0.0,84.1,99.1,7.55,34.8,41.5,17.5
2026-04-17 06:26:34,0.0,95.3,110.6,6.94,37.0,45.0,17.5
2026-04-17 06:26:34,0.0,95.2,118.3,6.01,35.9,37.5,17.5
2026-04-17 06:26:34,0.0,99.4,117.8,5.85,34.8,36.8,17.5
2026-04-17 06:26:34,0.0,107.3,130.1,5.73,36.4,36.2,17.4
2026-04-17 06:26:34,0.0,87.5,110.6,6.82,35.9,35.1,17.5
2026-04-17 06:26:34,0.0,87.8,101.6,7.38,36.4,45.6,17.5
2026-04-17 06:26:35,0.0,91.0,114.1,5.95,36.4,34.3,17.4
2026-04-17 06:26:35,0.0,91.1,114.2,6.01,35.3,36.8,17.5
2026-04-17 06:26:35,0.0,113.3,136.4,5.3,36.4,38.5,17.5
2026-04-17 06:26:35,0.0,86.5,106.3,7.15,35.9,34.0,17.5
2026-04-17 06:26:35,0.0,101.7,122.3,5.5,35.9,43.2,17.5
2026-04-17 06:26:35,0.0,97.4,120.4,6.17,35.3,33.3,17.5
2026-04-17 06:26:36,0.0,97.8,117.2,5.97,35.9,34.4,17.4
2026-04-17 06:26:36,0.0,85.0,108.0,6.52,35.9,34.4,17.4
2026-04-17 06:26:36,0.0,88.6,103.9,7.28,36.4,43.9,17.4
2026-04-17 06:26:36,0.0,93.4,102.6,7.27,37.0,40.4,17.4
2026-04-17 06:26:36,0.0,103.0,124.8,5.66,35.3,33.8,17.4
2026-04-17 06:26:36,0.0,88.4,112.1,6.56,34.8,33.9,17.4
2026-04-17 06:26:37,0.0,116.4,138.1,5.16,37.0,41.8,17.4
2026-04-17 06:26:37,0.0,87.7,103.8,7.27,35.9,42.1,17.4
2026-04-17 06:26:37,0.0,95.7,107.9,7.06,36.4,43.9,17.4
2026-04-17 06:26:37,0.0,84.2,107.5,6.46,36.4,35.0,17.4
2026-04-17 06:26:37,0.0,107.5,122.7,6.4,37.0,40.3,17.4
2026-04-17 06:26:37,0.0,91.5,114.5,6.64,35.9,36.1,17.4
2026-04-17 06:26:38,0.0,89.3,108.8,6.03,37.0,43.3,17.4
2026-04-17 06:26:38,0.0,87.6,108.6,6.11,35.9,36.9,17.4
2026-04-17 06:26:38,0.0,84.7,96.4,7.67,36.4,42.3,17.5
2026-04-17 06:26:38,0.0,96.9,111.6,6.88,36.4,40.7,17.5
2026-04-17 06:26:38,0.0,104.8,127.8,5.73,35.9,36.2,17.5
2026-04-17 06:26:38,0.0,85.9,107.8,6.76,35.9,37.3,17.6
2026-04-17 06:26:38,0.0,95.6,109.7,6.99,36.4,41.1,17.6
2026-04-17 06:26:39,0.0,85.1,108.2,6.42,36.4,36.1,17.7
2026-04-17 06:26:39,0.0,103.2,120.8,6.49,37.0,38.3,17.7
2026-04-17 06:26:39,0.0,87.6,110.6,6.75,36.4,36.7,17.7
2026-04-17 06:26:39,0.0,88.7,101.6,7.38,36.4,46.4,17.7
2026-04-17 06:26:39,0.0,90.8,113.9,5.97,37.0,34.4,17.7
2026-04-17 06:26:39,0.0,87.4,110.7,6.12,36.4,38.2,17.7
2026-04-17 06:26:40,0.0,89.0,112.1,5.95,36.4,33.3,17.6
2026-04-17 06:26:40,0.0,134.9,157.6,4.71,36.4,37.0,17.6
2026-04-17 06:26:40,0.0,95.7,118.8,6.22,36.4,33.3,17.6
2026-04-17 06:26:40,0.0,86.0,109.2,6.33,36.4,38.5,17.6
2026-04-17 06:26:40,0.0,101.3,113.7,6.78,38.0,43.1,17.7
2026-04-17 06:26:40,0.0,85.9,109.0,6.61,36.4,32.2,17.7
2026-04-17 06:26:40,0.0,83.6,98.8,7.48,37.5,42.6,17.7
2026-04-17 06:26:41,0.0,86.5,99.3,7.49,37.0,41.2,17.8
2026-04-17 06:26:41,0.0,111.1,124.3,6.34,36.4,47.0,17.8
2026-04-17 06:26:41,0.0,85.3,107.3,7.11,37.0,35.7,17.8
2026-04-17 06:26:41,0.0,89.4,104.1,7.27,35.9,48.3,17.8
2026-04-17 06:26:41,0.0,88.9,111.9,6.02,37.0,34.3,17.8
2026-04-17 06:26:41,0.0,101.1,123.8,5.6,36.4,34.3,17.9
2026-04-17 06:26:42,0.0,85.6,108.4,6.62,37.5,39.7,17.9
2026-04-17 06:26:42,0.0,123.1,144.5,5.61,36.4,49.3,17.9
2026-04-17 06:26:42,0.0,86.9,109.9,6.39,37.5,36.9,17.9
2026-04-17 06:26:42,0.0,91.9,105.2,7.2,36.4,41.8,17.8
2026-04-17 06:26:42,0.0,86.7,111.0,6.15,35.9,34.9,17.8
2026-04-17 06:26:42,0.0,86.1,109.2,6.1,36.4,27.1,17.8
2026-04-17 06:26:42,0.0,83.6,97.1,7.65,37.0,42.6,17.8
2026-04-17 06:26:43,0.0,91.3,107.3,7.09,37.0,43.9,17.8
2026-04-17 06:26:43,0.0,84.2,107.3,6.27,35.9,34.4,17.8
2026-04-17 06:26:43,0.0,102.1,118.2,6.59,35.9,39.0,17.9
2026-04-17 06:26:43,0.0,89.4,112.7,6.51,36.4,39.7,17.8
2026-04-17 06:26:43,0.0,85.7,108.1,6.14,36.4,33.3,17.8
2026-04-17 06:26:43,0.0,85.5,100.1,7.49,37.0,39.6,17.8
2026-04-17 06:26:44,0.0,94.9,108.8,7.03,36.4,41.8,17.8
2026-04-17 06:26:44,0.0,93.5,116.6,6.05,35.9,35.4,17.8
2026-04-17 06:26:44,0.0,86.3,110.3,6.24,37.5,40.3,17.8
2026-04-17 06:26:44,0.0,92.9,115.9,5.81,36.4,37.7,17.9
2026-04-17 06:26:44,0.0,84.4,107.5,6.33,36.4,31.1,17.8
2026-04-17 06:26:44,0.0,84.8,100.9,7.45,37.0,40.4,17.8
2026-04-17 06:26:44,0.0,87.4,101.4,7.4,35.3,41.2,17.8
2026-04-17 06:26:45,0.0,83.4,95.5,7.73,37.5,42.9,17.8
2026-04-17 06:26:45,0.0,85.1,101.3,7.41,35.9,40.4,17.8
2026-04-17 06:26:45,0.0,93.0,109.8,6.96,36.4,42.1,17.9
2026-04-17 06:26:45,0.0,85.5,108.4,6.39,37.5,31.7,17.9
2026-04-17 06:26:45,0.0,94.1,108.6,7.04,35.3,42.1,17.9
2026-04-17 06:26:45,0.0,84.2,111.5,6.21,36.4,33.9,17.8
2026-04-17 06:26:45,0.0,83.1,106.2,6.21,36.4,30.6,17.8
2026-04-17 06:26:46,0.0,112.3,128.9,6.15,37.0,50.7,17.8
2026-04-17 06:26:46,0.0,83.2,104.1,7.27,36.4,35.2,17.8
2026-04-17 06:26:46,0.0,100.8,116.5,6.61,36.4,37.9,17.8
2026-04-17 06:26:46,0.0,94.0,116.4,6.27,36.4,37.1,17.8
2026-04-17 06:26:46,0.0,85.9,111.4,6.18,37.5,36.9,17.8
2026-04-17 06:26:46,0.0,86.5,109.5,6.1,37.0,32.3,17.8
2026-04-17 06:26:47,0.0,108.8,122.3,6.41,36.4,41.9,17.8
2026-04-17 06:26:47,0.0,110.7,132.0,5.94,36.4,42.4,17.9
2026-04-17 06:26:47,0.0,85.8,107.8,7.08,37.5,37.5,17.9
2026-04-17 06:26:47,0.0,91.4,105.7,7.19,37.0,40.7,18.0
2026-04-17 06:26:47,0.0,92.1,115.5,5.98,36.4,33.8,18.0
2026-04-17 06:26:47,0.0,100.0,123.2,5.74,36.4,31.8,18.0
2026-04-17 06:26:48,0.0,90.3,113.1,6.38,36.4,40.0,18.0
2026-04-17 06:26:48,0.0,95.1,104.4,7.22,36.4,42.9,18.0
2026-04-17 06:26:48,0.0,99.9,122.8,5.84,36.4,42.0,18.0
2026-04-17 06:26:48,0.0,91.5,114.6,6.32,36.4,40.0,18.0
2026-04-17 06:26:48,0.0,86.4,109.4,6.2,35.3,35.4,18.1
2026-04-17 06:26:48,0.0,85.1,102.0,7.35,36.4,40.7,18.1
2026-04-17 06:26:48,0.0,86.3,109.6,6.1,36.4,35.4,18.1
2026-04-17 06:26:49,0.0,84.6,97.5,7.62,35.9,36.0,18.2
2026-04-17 06:26:49,0.0,94.2,109.2,7.0,36.4,41.1,18.2
2026-04-17 06:26:49,0.0,87.2,108.6,6.26,35.9,35.4,18.2
2026-04-17 06:26:49,0.0,88.1,101.1,7.43,36.4,40.7,18.2
2026-04-17 06:26:49,0.0,92.1,102.6,7.32,35.9,40.0,18.2
2026-04-17 06:26:49,0.0,83.5,106.4,6.33,35.9,33.9,18.2
2026-04-17 06:26:49,0.0,84.0,100.3,7.49,37.5,41.8,18.1
2026-04-17 06:26:50,0.0,88.5,101.9,7.25,37.0,41.8,18.1
2026-04-17 06:26:50,0.0,83.8,106.8,6.18,37.0,34.3,18.1
2026-04-17 06:26:50,0.0,84.0,98.8,7.47,37.0,43.4,18.0
2026-04-17 06:26:50,0.0,86.4,103.8,7.29,37.0,44.8,18.0
2026-04-17 06:26:50,0.0,86.2,106.4,6.06,35.3,34.4,17.9
2026-04-17 06:26:50,0.0,92.0,115.6,5.73,37.5,41.4,17.9
2026-04-17 06:26:51,0.0,87.9,111.0,6.24,37.5,32.3,17.9
2026-04-17 06:26:51,0.0,88.2,110.6,6.0,36.4,33.3,17.9
2026-04-17 06:26:51,0.0,105.8,128.7,5.43,36.4,36.1,17.9
2026-04-17 06:26:51,0.0,89.6,112.6,6.65,35.9,38.7,17.9
2026-04-17 06:26:51,0.0,88.9,111.9,6.02,35.9,36.8,17.9
2026-04-17 06:26:51,0.0,105.0,127.6,5.48,37.0,32.9,17.9
2026-04-17 06:26:52,0.0,100.9,123.8,6.16,36.4,38.5,17.9
2026-04-17 06:26:52,0.0,110.1,135.7,5.6,35.9,39.7,18.0
2026-04-17 06:26:52,0.0,102.1,121.6,6.41,36.4,42.2,18.0
2026-04-17 06:26:52,0.0,86.4,108.3,6.63,37.0,41.3,18.0
2026-04-17 06:26:52,0.0,85.7,99.8,7.49,36.4,43.6,18.0
2026-04-17 06:26:52,0.0,88.6,101.2,7.4,35.3,44.4,18.0
2026-04-17 06:26:52,0.0,100.8,124.9,5.56,35.3,41.9,17.9
2026-04-17 06:26:53,0.0,84.2,107.3,6.72,35.9,32.8,17.9
2026-04-17 06:26:53,0.0,101.9,118.7,6.56,36.4,42.6,17.9
2026-04-17 06:26:53,0.0,86.0,108.9,6.71,36.4,36.2,17.9
2026-04-17 06:26:53,0.0,89.8,105.7,7.18,36.4,42.1,17.9
2026-04-17 06:26:53,0.0,87.3,110.4,6.17,37.0,37.5,17.9
2026-04-17 06:26:53,0.0,83.7,95.3,7.72,37.0,37.3,18.0
2026-04-17 06:26:53,0.0,85.7,100.8,7.39,38.0,43.4,18.0
2026-04-17 06:26:54,0.0,83.4,97.5,7.63,36.4,37.3,18.0
2026-04-17 06:26:54,0.0,89.5,105.6,7.18,36.4,41.1,18.0
2026-04-17 06:26:54,0.0,83.9,107.3,6.2,37.5,36.4,18.0
2026-04-17 06:26:54,0.0,83.5,99.6,7.52,35.9,36.5,18.0
2026-04-17 06:26:54,0.0,92.0,110.2,6.91,36.4,42.1,18.0
2026-04-17 06:26:54,0.0,86.2,109.7,6.33,36.4,32.2,18.0
2026-04-17 06:26:54,0.0,84.9,95.5,7.61,35.9,40.7,18.0
2026-04-17 06:26:55,0.0,86.6,99.7,7.42,37.0,45.5,18.0
2026-04-17 06:26:55,0.0,82.1,95.2,7.76,37.5,38.5,18.0
2026-04-17 06:26:55,0.0,85.9,99.6,7.28,37.5,49.0,18.0
2026-04-17 06:26:55,0.0,83.1,97.5,7.62,37.0,40.4,18.1
2026-04-17 06:26:55,0.0,85.5,100.7,7.35,37.0,40.7,18.0
2026-04-17 06:26:55,0.0,91.5,104.3,7.25,37.0,36.0,18.0
2026-04-17 06:26:55,0.0,89.7,112.9,6.07,36.4,37.3,18.1
2026-04-17 06:26:56,0.0,100.2,123.3,5.65,35.9,34.3,18.1
2026-04-17 06:26:56,0.0,102.5,120.6,5.92,35.9,38.7,18.1
2026-04-17 06:26:56,0.0,88.8,111.8,6.54,36.4,37.1,18.1
2026-04-17 06:26:56,0.0,94.7,115.4,5.8,36.4,35.7,18.1
2026-04-17 06:26:56,0.0,97.8,120.8,5.89,36.4,38.2,18.2
2026-04-17 06:26:56,0.0,110.0,131.4,5.59,35.9,33.3,18.2
2026-04-17 06:26:57,0.0,104.2,126.1,6.21,35.9,43.9,18.2
2026-04-17 06:26:57,0.0,85.1,108.1,6.79,37.0,39.3,18.2
2026-04-17 06:26:57,0.0,89.2,102.3,7.28,35.3,40.7,18.2
2026-04-17 06:26:57,0.0,102.0,125.1,5.57,35.9,33.3,18.3
2026-04-17 06:26:57,0.0,86.5,109.6,6.61,35.3,33.9,18.2
2026-04-17 06:26:57,0.0,98.2,116.3,6.67,35.3,39.0,18.2
2026-04-17 06:26:58,0.0,88.1,111.3,6.61,37.0,41.9,18.1
2026-04-17 06:26:58,0.0,84.3,107.8,6.13,36.4,33.3,18.1
2026-04-17 06:26:58,0.0,87.2,102.2,7.35,35.9,43.9,18.1
2026-04-17 06:26:58,0.0,111.0,123.1,6.38,35.9,49.2,18.1
2026-04-17 06:26:58,0.0,86.4,108.5,7.04,36.4,37.5,18.1
2026-04-17 06:26:58,0.0,103.4,116.5,6.65,36.4,44.3,18.1
2026-04-17 06:26:58,0.0,94.2,117.2,6.35,35.9,37.5,18.1
2026-04-17 06:26:59,0.0,93.3,115.7,6.03,35.9,38.2,18.1
2026-04-17 06:26:59,0.0,93.8,116.9,5.99,37.0,35.3,18.1
2026-04-17 06:26:59,0.0,96.5,119.2,5.91,35.9,34.3,18.1
2026-04-17 06:26:59,0.0,87.9,110.2,6.32,35.9,32.3,18.1
2026-04-17 06:26:59,0.0,87.0,99.8,7.49,35.9,45.5,18.1
2026-04-17 06:26:59,0.0,95.5,106.5,7.1,36.4,40.0,18.2
2026-04-17 06:27:00,0.0,92.6,115.7,6.13,36.4,29.5,18.2
2026-04-17 06:27:00,0.0,86.8,107.6,6.22,37.0,34.9,18.2
2026-04-17 06:27:00,0.0,88.6,102.0,7.37,35.9,40.4,18.2
2026-04-17 06:27:00,0.0,87.1,111.4,5.98,37.0,34.3,18.2
2026-04-17 06:27:00,0.0,97.5,120.7,5.73,36.4,33.3,18.3
2026-04-17 06:27:00,0.0,102.0,124.3,5.85,36.4,40.9,18.3
2026-04-17 06:27:01,0.0,92.7,116.9,6.31,36.4,31.7,18.3
2026-04-17 06:27:01,0.0,84.7,99.9,6.35,35.9,35.9,18.3
2026-04-17 06:27:01,0.0,103.3,123.3,6.38,35.9,42.9,18.3
2026-04-17 06:27:01,0.0,91.8,114.9,6.66,36.4,36.7,18.3
2026-04-17 06:27:01,0.0,87.1,109.0,6.17,36.4,33.9,18.2
2026-04-17 06:27:01,0.0,99.7,111.4,6.86,36.4,44.3,18.2
2026-04-17 06:27:01,0.0,94.6,117.0,6.19,35.9,37.1,18.2
2026-04-17 06:27:02,0.0,92.1,115.0,6.1,36.4,38.8,18.2
2026-04-17 06:27:02,0.0,94.5,116.6,5.91,35.3,33.3,18.2
2026-04-17 06:27:02,0.0,84.2,104.3,6.4,35.9,36.1,18.2
2026-04-17 06:27:02,0.0,87.5,104.9,7.22,37.0,37.7,18.2
2026-04-17 06:27:02,0.0,87.5,110.4,6.07,37.0,35.4,18.2
2026-04-17 06:27:02,0.0,89.2,96.8,7.41,36.4,40.0,18.2
2026-04-17 06:27:03,0.0,84.0,107.1,6.2,35.9,32.3,18.2
2026-04-17 06:27:03,0.0,99.4,113.3,6.72,36.4,51.7,18.2
2026-04-17 06:27:03,0.0,84.4,107.9,6.58,36.4,35.6,18.2
2026-04-17 06:27:03,0.0,100.4,115.5,6.72,38.0,38.6,18.2
2026-04-17 06:27:03,0.0,119.3,141.9,5.39,36.4,39.2,18.3
2026-04-17 06:27:03,0.0,92.2,105.7,7.18,35.9,38.2,18.3
2026-04-17 06:27:03,0.0,88.1,111.2,6.15,37.0,35.9,18.3
2026-04-17 06:27:04,0.0,103.2,124.7,5.47,36.4,32.4,18.4
2026-04-17 06:27:04,0.0,102.5,125.1,6.06,36.4,41.8,18.4
2026-04-17 06:27:04,0.0,90.9,113.9,6.46,36.4,32.2,18.4
2026-04-17 06:27:04,0.0,97.1,119.3,5.79,37.0,37.1,18.4
2026-04-17 06:27:04,0.0,84.7,105.6,6.48,35.9,40.6,18.4
2026-04-17 06:27:04,0.0,85.9,101.5,7.4,37.0,40.7,18.5
2026-04-17 06:27:05,0.0,87.4,96.1,7.46,36.4,40.4,18.5
2026-04-17 06:27:05,0.0,106.7,118.5,6.56,36.4,48.3,18.5
2026-04-17 06:27:05,0.0,88.7,111.7,6.73,37.0,37.3,18.5
2026-04-17 06:27:05,0.0,85.8,110.2,6.06,36.4,31.7,18.6
2026-04-17 06:27:05,0.0,87.5,99.8,7.46,35.9,41.2,18.6
2026-04-17 06:27:05,0.0,89.1,101.1,7.43,35.9,44.4,18.6
2026-04-17 06:27:05,0.0,85.3,108.9,6.12,35.9,33.3,18.6
2026-04-17 06:27:06,0.0,84.7,98.4,7.57,37.0,40.7,18.7
2026-04-17 06:27:06,0.0,102.3,119.3,6.55,37.0,39.7,18.7
2026-04-17 06:27:06,0.0,100.0,123.2,6.16,37.0,31.7,18.7
2026-04-17 06:27:06,0.0,85.3,105.5,6.58,35.9,37.3,18.7
2026-04-17 06:27:06,0.0,85.8,100.3,7.47,35.3,42.9,18.7
2026-04-17 06:27:06,0.0,100.5,115.5,6.69,35.9,40.4,18.8
2026-04-17 06:27:06,0.0,84.6,107.4,6.71,36.4,33.9,18.8
2026-04-17 06:27:07,0.0,92.9,111.0,6.92,35.9,45.6,18.8
2026-04-17 06:27:07,0.0,111.6,134.7,5.48,35.9,41.7,18.8
2026-04-17 06:27:07,0.0,105.2,126.6,6.23,36.4,39.1,18.8
2026-04-17 06:27:07,0.0,86.9,111.0,6.71,35.9,41.7,18.8
2026-04-17 06:27:07,0.0,87.9,110.9,6.01,35.3,34.8,18.8
2026-04-17 06:27:07,0.0,85.8,97.7,7.63,35.9,41.8,18.8
2026-04-17 06:27:08,0.0,83.6,96.9,7.63,37.5,41.2,18.8
2026-04-17 06:27:08,0.0,95.2,110.6,6.89,35.9,41.1,18.8
2026-04-17 06:27:08,0.0,103.8,126.8,5.72,35.3,33.8,18.8
2026-04-17 06:27:08,0.0,95.6,119.1,6.29,35.9,35.5,18.8
2026-04-17 06:27:08,0.0,119.1,139.9,5.27,35.3,44.2,18.7
2026-04-17 06:27:08,0.0,86.5,99.2,7.47,35.9,37.3,18.7
2026-04-17 06:27:09,0.0,97.9,110.6,6.92,36.4,41.1,18.7
2026-04-17 06:27:09,0.0,86.9,110.1,6.42,35.9,37.1,18.7
2026-04-17 06:27:09,0.0,90.2,102.2,7.32,36.4,34.0,18.7
2026-04-17 06:27:09,0.0,87.0,111.4,6.07,35.9,32.8,18.7
2026-04-17 06:27:09,0.0,111.8,134.7,5.27,37.0,32.9,18.7
2026-04-17 06:27:09,0.0,101.0,118.8,6.41,36.4,41.3,18.7
2026-04-17 06:27:09,0.0,84.3,107.4,6.68,36.4,38.7,18.7
2026-04-17 06:27:10,0.0,95.7,111.5,6.9,35.9,39.7,18.8
2026-04-17 06:27:10,0.0,91.6,114.3,6.11,36.4,35.4,18.8
2026-04-17 06:27:10,0.0,92.7,115.7,6.01,35.9,30.2,18.8
2026-04-17 06:27:10,0.0,118.7,141.2,5.19,36.4,42.9,18.8
2026-04-17 06:27:10,0.0,89.9,104.3,7.26,37.0,38.2,18.8
2026-04-17 06:27:10,0.0,99.5,122.3,5.67,36.4,31.3,18.8
2026-04-17 06:27:11,0.0,88.7,110.7,6.42,35.3,33.9,18.8
2026-04-17 06:27:11,0.0,86.0,108.8,6.1,35.9,35.8,18.8
2026-04-17 06:27:11,0.0,94.9,108.7,7.03,36.4,38.9,18.8
2026-04-17 06:27:11,0.0,87.3,111.6,6.24,37.0,32.8,18.8
2026-04-17 06:27:11,0.0,94.3,117.7,5.79,36.4,29.2,18.8
2026-04-17 06:27:11,0.0,90.1,112.3,6.17,37.0,32.3,18.8
2026-04-17 06:27:12,0.0,90.5,110.6,5.95,35.9,35.8,18.8
2026-04-17 06:27:12,0.0,84.7,102.3,6.26,35.3,48.5,18.7
2026-04-17 06:27:12,0.0,88.4,104.1,7.27,37.0,44.1,18.7
2026-04-17 06:27:12,0.0,97.3,120.3,5.7,35.3,35.8,18.8
2026-04-17 06:27:12,0.0,84.3,107.2,6.53,36.4,33.9,18.7
2026-04-17 06:27:12,0.0,90.3,103.8,7.18,37.0,40.4,18.8
2026-04-17 06:27:12,0.0,86.6,111.4,6.07,36.4,37.3,18.8
2026-04-17 06:27:13,0.0,90.8,113.8,5.92,35.3,29.7,18.7
2026-04-17 06:27:13,0.0,86.5,107.9,6.15,35.9,35.9,18.7
2026-04-17 06:27:13,0.0,83.4,94.9,7.68,35.3,43.6,18.8
2026-04-17 06:27:13,0.0,83.4,97.4,7.53,37.0,40.4,18.8
2026-04-17 06:27:13,0.0,84.5,100.9,7.44,35.9,37.3,18.7
2026-04-17 06:27:13,0.0,88.8,103.7,7.26,35.9,42.9,18.8
2026-04-17 06:27:14,0.0,90.8,114.3,5.92,35.3,33.8,18.8
2026-04-17 06:27:14,0.0,91.7,114.8,5.99,35.9,34.3,18.8
2026-04-17 06:27:14,0.0,86.7,110.4,6.15,36.4,35.9,18.8
2026-04-17 06:27:14,0.0,83.9,94.5,7.73,35.9,39.2,18.8
2026-04-17 06:27:14,0.0,101.9,117.0,6.56,35.9,37.9,18.8
2026-04-17 06:27:14,0.0,108.4,131.4,5.83,35.9,46.5,18.8
2026-04-17 06:27:14,0.0,90.0,113.0,6.73,37.0,40.0,18.8
2026-04-17 06:27:15,0.0,93.1,114.9,5.9,36.4,35.3,18.8
2026-04-17 06:27:15,0.0,98.9,121.9,5.8,36.4,30.3,18.9
2026-04-17 06:27:15,0.0,88.1,103.7,6.41,35.3,39.7,18.9
2026-04-17 06:27:15,0.0,85.8,108.9,6.09,35.9,33.3,18.9
2026-04-17 06:27:15,0.0,91.3,103.6,7.2,35.9,39.6,18.9
2026-04-17 06:27:15,0.0,115.5,138.6,5.24,37.0,35.5,18.9
2026-04-17 06:27:16,0.0,83.4,101.0,7.44,37.0,34.0,18.9
2026-04-17 06:27:16,0.0,86.9,105.8,7.18,35.9,41.8,18.9
2026-04-17 06:27:16,0.0,98.0,122.2,5.67,37.0,33.3,19.0
2026-04-17 06:27:16,0.0,88.1,110.8,6.42,35.3,36.1,18.9
2026-04-17 06:27:16,0.0,89.7,108.4,5.94,35.3,34.3,18.9
2026-04-17 06:27:16,0.0,85.4,106.4,6.16,36.4,42.2,18.9
2026-04-17 06:27:17,0.0,112.4,126.5,6.25,37.0,41.3,18.9
2026-04-17 06:27:17,0.0,85.3,106.2,7.16,36.4,41.1,18.9
2026-04-17 06:27:17,0.0,100.8,115.3,6.72,36.4,45.2,18.9
2026-04-17 06:27:17,0.0,86.7,109.7,6.57,35.3,35.0,18.9
2026-04-17 06:27:17,0.0,93.1,106.1,7.16,36.4,43.1,18.9
2026-04-17 06:27:17,0.0,100.2,124.4,5.72,35.9,37.1,19.0
2026-04-17 06:27:17,0.0,93.0,115.9,6.32,35.9,32.8,18.9
2026-04-17 06:27:18,0.0,121.0,144.1,5.13,36.4,42.7,19.0
2026-04-17 06:27:18,0.0,101.6,124.6,5.55,36.4,28.6,19.0
2026-04-17 06:27:18,0.0,87.3,110.0,6.56,36.4,36.7,19.0
2026-04-17 06:27:18,0.0,104.7,120.2,6.5,35.9,41.9,19.0
2026-04-17 06:27:18,0.0,95.8,119.5,6.45,35.9,36.7,19.1
2026-04-17 06:27:18,0.0,95.1,118.9,6.01,35.9,34.4,19.1
2026-04-17 06:27:19,0.0,92.1,110.0,6.15,37.0,35.9,19.1
2026-04-17 06:27:19,0.0,85.4,108.4,6.25,36.4,37.3,19.1
2026-04-17 06:27:19,0.0,83.7,101.2,7.4,36.4,39.6,19.1
2026-04-17 06:27:19,0.0,87.7,99.6,7.48,35.9,46.4,19.1
2026-04-17 06:27:19,0.0,92.9,104.8,7.23,36.4,40.0,19.0
2026-04-17 06:27:19,0.0,87.2,110.7,6.19,35.9,36.9,19.0
2026-04-17 06:27:19,0.0,88.3,100.1,7.47,35.9,42.3,19.0
2026-04-17 06:27:20,0.0,93.0,115.1,5.83,35.3,35.3,19.0
2026-04-17 06:27:20,0.0,90.6,113.7,6.09,35.9,31.3,19.0
2026-04-17 06:27:20,0.0,107.8,130.5,5.44,36.4,38.6,19.0
2026-04-17 06:27:20,0.0,84.9,103.2,6.95,35.9,35.2,18.9
2026-04-17 06:27:20,0.0,105.3,120.2,6.51,37.0,40.7,19.0
2026-04-17 06:27:20,0.0,90.4,113.2,6.6,35.9,36.7,19.0
2026-04-17 06:27:21,0.0,87.2,110.2,6.12,36.4,31.7,19.0
2026-04-17 06:27:21,0.0,90.9,100.9,7.26,36.4,43.9,19.0
2026-04-17 06:27:21,0.0,89.6,113.3,6.06,35.9,31.1,19.0
2026-04-17 06:27:21,0.0,84.4,107.5,6.22,36.4,33.8,19.0
2026-04-17 06:27:21,0.0,86.4,101.9,7.37,36.4,39.2,19.1
2026-04-17 06:27:21,0.0,99.6,111.7,6.84,36.4,37.7,19.1
2026-04-17 06:27:22,0.0,307.3,331.6,2.66,35.9,75.8,17.4
2026-04-17 06:27:22,0.0,98.1,118.8,6.39,36.4,52.5,17.4
2026-04-17 06:27:22,0.0,89.5,112.1,6.35,37.5,35.0,17.4
2026-04-17 06:27:22,0.0,118.2,140.1,5.12,35.3,41.0,17.4
2026-04-17 06:27:22,0.0,91.3,101.8,7.17,35.9,45.9,17.4
2026-04-17 06:27:23,0.0,89.8,113.0,6.05,36.4,33.3,17.4
2026-04-17 06:27:23,0.0,96.2,119.2,5.79,35.9,37.7,17.4
2026-04-17 06:27:23,0.0,88.7,111.7,6.24,35.9,34.8,17.3
2026-04-17 06:27:23,0.0,85.5,108.3,6.16,35.9,32.3,17.3
2026-04-17 06:27:23,0.0,85.4,100.9,7.41,35.9,41.2,17.2
2026-04-17 06:27:23,0.0,88.9,100.9,7.42,37.0,42.6,17.2
2026-04-17 06:27:23,0.0,89.7,112.8,5.97,35.9,37.3,17.1
2026-04-17 06:27:24,0.0,85.5,108.8,6.14,37.0,31.7,17.0
2026-04-17 06:27:24,0.0,83.8,97.7,7.63,35.9,39.6,17.0
2026-04-17 06:27:24,0.0,83.8,99.7,7.49,38.6,41.5,16.9
2026-04-17 06:27:24,0.0,105.9,120.1,6.45,36.4,40.7,16.9
2026-04-17 06:27:24,0.0,89.9,113.0,6.64,36.4,39.7,16.9
2026-04-17 06:27:24,0.0,112.2,133.4,5.29,37.0,37.1,16.9
2026-04-17 06:27:25,0.0,96.3,118.3,6.59,35.9,36.7,17.0
2026-04-17 06:27:25,0.0,100.1,121.9,5.91,37.0,37.3,16.9
2026-04-17 06:27:25,0.0,90.9,114.0,6.36,34.8,30.5,16.9
2026-04-17 06:27:25,0.0,86.4,108.9,6.17,37.0,35.9,16.9
2026-04-17 06:27:25,0.0,115.1,128.9,6.15,35.9,39.7,16.9
2026-04-17 06:27:25,0.0,102.9,121.0,6.48,35.9,41.3,16.9
2026-04-17 06:27:26,0.0,85.1,108.6,6.73,35.9,38.3,16.9
2026-04-17 06:27:26,0.0,103.3,116.8,6.63,35.9,44.3,16.9
2026-04-17 06:27:26,0.0,85.1,106.9,6.74,35.9,36.1,16.9
2026-04-17 06:27:26,0.0,97.0,113.5,6.7,36.4,49.2,17.0
2026-04-17 06:27:26,0.0,108.4,131.3,5.75,35.9,32.3,17.0
2026-04-17 06:27:26,0.0,84.8,103.4,7.0,35.9,36.4,17.0
2026-04-17 06:27:26,0.0,113.2,128.4,6.17,36.4,43.9,17.0
2026-04-17 06:27:27,0.0,112.9,132.6,6.02,35.9,37.1,17.0
2026-04-17 06:27:27,0.0,103.4,123.2,6.37,36.4,39.3,17.1
2026-04-17 06:27:27,0.0,84.0,107.0,6.8,36.4,35.1,17.1
2026-04-17 06:27:27,0.0,89.6,105.8,7.18,37.0,43.1,17.1
2026-04-17 06:27:27,0.0,84.3,107.4,6.21,37.5,33.9,17.1
2026-04-17 06:27:27,0.0,86.4,104.1,7.28,37.0,38.0,17.2
2026-04-17 06:27:28,0.0,85.0,108.1,6.12,37.0,33.3,17.1
2026-04-17 06:27:28,0.0,103.1,117.6,6.61,35.9,43.3,17.2
2026-04-17 06:27:28,0.0,99.6,123.6,6.09,36.4,35.9,17.2
2026-04-17 06:27:28,0.0,104.8,127.9,5.86,35.9,37.9,17.2
2026-04-17 06:27:28,0.0,85.1,108.0,6.81,35.3,36.2,17.2
2026-04-17 06:27:28,0.0,103.1,117.9,6.61,36.4,43.3,17.2
2026-04-17 06:27:28,0.0,90.4,113.2,6.51,35.3,40.6,17.3
2026-04-17 06:27:29,0.0,105.2,128.1,5.51,37.0,32.9,17.3
2026-04-17 06:27:29,0.0,107.4,130.4,5.93,35.9,33.3,17.3
2026-04-17 06:27:29,0.0,89.7,112.9,6.71,35.3,41.3,17.3
2026-04-17 06:27:29,0.0,96.9,120.0,5.75,36.4,32.8,17.3
2026-04-17 06:27:29,0.0,90.9,114.3,6.22,35.9,38.5,17.2
2026-04-17 06:27:29,0.0,94.2,117.0,5.9,37.0,34.3,17.2
2026-04-17 06:27:30,0.0,88.8,111.2,6.14,35.9,35.4,17.3
2026-04-17 06:27:30,0.0,86.0,108.5,6.17,35.9,35.4,17.3
2026-04-17 06:27:30,0.0,138.6,152.3,5.38,35.9,44.4,17.3
2026-04-17 06:27:30,0.0,100.2,123.1,6.18,37.0,36.5,17.3
2026-04-17 06:27:30,0.0,89.4,112.4,6.42,36.4,35.0,17.3
2026-04-17 06:27:30,0.0,93.8,115.7,5.86,35.9,38.0,17.3
2026-04-17 06:27:31,0.0,86.2,109.2,6.29,36.4,35.4,17.3
2026-04-17 06:27:31,0.0,88.5,103.3,7.31,37.0,42.9,17.3
2026-04-17 06:27:31,0.0,110.8,134.1,5.32,35.3,35.1,17.2
2026-04-17 06:27:31,0.0,87.8,109.8,6.98,35.9,37.9,17.2
2026-04-17 06:27:31,0.0,105.0,117.2,6.63,36.4,43.3,17.3
2026-04-17 06:27:31,0.0,86.6,108.7,6.75,36.4,37.1,17.3
2026-04-17 06:27:32,0.0,114.1,127.5,6.21,36.4,39.3,17.3
2026-04-17 06:27:32,0.0,88.8,107.5,7.08,34.8,45.8,17.4
2026-04-17 06:27:32,0.0,90.6,111.3,5.95,36.4,43.9,17.4
2026-04-17 06:27:32,0.0,92.6,115.5,5.94,36.4,32.8,17.4
2026-04-17 06:27:32,0.0,96.2,119.8,5.85,35.9,39.4,17.5
2026-04-17 06:27:32,0.0,105.3,128.4,5.71,35.3,37.3,17.5
2026-04-17 06:27:33,0.0,91.9,115.2,6.52,35.9,35.6,17.6
2026-04-17 06:27:33,0.0,94.2,117.3,5.89,35.9,39.1,17.6
2026-04-17 06:27:33,0.0,87.1,109.4,6.31,35.9,37.5,17.6
2026-04-17 06:27:33,0.0,84.8,96.7,7.65,37.5,40.0,17.6
2026-04-17 06:27:33,0.0,90.7,98.8,7.11,36.4,55.9,17.6
2026-04-17 06:27:33,0.0,87.5,111.2,6.14,37.0,37.9,17.6
2026-04-17 06:27:33,0.0,109.6,132.6,5.32,36.4,33.8,17.6
2026-04-17 06:27:34,0.0,86.7,109.1,6.94,35.3,42.4,17.6
2026-04-17 06:27:34,0.0,95.5,108.8,7.02,37.0,40.0,17.6
2026-04-17 06:27:34,0.0,94.5,117.8,6.05,35.3,35.8,17.6
2026-04-17 06:27:34,0.0,101.8,124.2,5.76,36.4,42.3,17.6
2026-04-17 06:27:34,0.0,101.9,124.9,5.99,35.9,36.5,17.6
2026-04-17 06:27:34,0.0,90.1,113.2,6.46,35.3,36.7,17.6
2026-04-17 06:27:35,0.0,110.1,132.4,5.36,35.3,38.4,17.6
2026-04-17 06:27:35,0.0,120.1,143.2,5.66,37.0,32.3,17.6
2026-04-17 06:27:35,0.0,114.9,127.0,6.2,37.0,40.3,17.6
2026-04-17 06:27:35,0.0,94.2,112.6,6.85,35.9,38.3,17.6
2026-04-17 06:27:35,0.0,92.7,115.8,6.05,36.4,38.1,17.6
2026-04-17 06:27:35,0.0,91.7,114.8,6.04,36.4,38.2,17.6
2026-04-17 06:27:36,0.0,96.7,119.6,5.83,36.4,35.4,17.7
2026-04-17 06:27:36,0.0,93.6,116.7,6.12,36.4,35.4,17.7
2026-04-17 06:27:36,0.0,99.5,119.5,5.8,37.0,39.4,17.7
2026-04-17 06:27:36,0.0,88.1,108.1,6.44,34.8,36.7,17.7
2026-04-17 06:27:36,0.0,83.5,106.4,6.18,35.9,32.8,17.7
2026-04-17 06:27:36,0.0,84.2,100.9,7.43,35.9,36.7,17.7
2026-04-17 06:27:37,0.0,98.0,114.7,6.73,36.4,39.3,17.7
2026-04-17 06:27:37,0.0,85.2,108.7,6.57,37.0,37.5,17.7
2026-04-17 06:27:37,0.0,87.4,101.5,7.4,37.0,40.4,17.6
2026-04-17 06:27:37,0.0,92.1,104.3,7.24,37.5,43.6,17.6
2026-04-17 06:27:37,0.0,85.5,108.7,6.25,35.9,33.3,17.6
2026-04-17 06:27:37,0.0,82.8,97.0,7.66,35.9,42.9,17.6
2026-04-17 06:27:37,0.0,90.5,107.7,7.07,36.4,42.1,17.5
2026-04-17 06:27:38,0.0,107.8,130.7,5.44,37.0,40.5,17.6
2026-04-17 06:27:38,0.0,85.1,108.2,6.96,36.4,33.9,17.6
2026-04-17 06:27:38,0.0,89.7,103.9,7.23,35.3,42.6,17.6
2026-04-17 06:27:38,0.0,97.2,118.0,5.74,36.4,43.1,17.6
2026-04-17 06:27:38,0.0,86.7,107.6,6.41,36.4,37.1,17.5
2026-04-17 06:27:38,0.0,102.7,114.5,6.69,35.3,38.2,17.6
2026-04-17 06:27:38,0.0,91.2,114.4,6.46,37.0,35.0,17.6
2026-04-17 06:27:39,0.0,102.5,125.6,5.62,35.9,37.5,17.7
2026-04-17 06:27:39,0.0,100.7,123.8,6.07,36.4,37.3,17.7
2026-04-17 06:27:39,0.0,110.7,133.9,5.66,35.3,40.0,17.7
2026-04-17 06:27:39,0.0,107.0,129.3,6.15,36.4,38.7,17.7
2026-04-17 06:27:39,0.0,117.8,145.6,5.49,38.0,43.2,17.7
2026-04-17 06:27:40,0.0,101.2,124.2,5.6,36.4,33.8,17.7
2026-04-17 06:27:40,0.0,85.7,109.0,6.6,36.4,35.1,17.7
2026-04-17 06:27:40,0.0,89.2,104.6,7.24,36.4,43.9,17.7
2026-04-17 06:27:40,0.0,85.6,107.0,6.2,35.9,39.1,17.7
2026-04-17 06:27:40,0.0,90.9,106.2,7.14,36.4,42.6,17.7
2026-04-17 06:27:40,0.0,108.1,130.9,5.48,35.9,38.4,17.7
2026-04-17 06:27:40,0.0,85.3,108.3,6.96,36.4,33.3,17.7
2026-04-17 06:27:41,0.0,99.9,114.6,6.76,37.0,43.3,17.7
2026-04-17 06:27:41,0.0,85.7,107.8,6.57,36.4,33.3,17.7
2026-04-17 06:27:41,0.0,99.2,113.4,6.8,36.4,45.0,17.7
2026-04-17 06:27:41,0.0,87.4,105.1,6.42,35.3,39.1,17.7
2026-04-17 06:27:41,0.0,86.8,110.3,6.0,35.9,35.4,17.7
2026-04-17 06:27:41,0.0,112.8,135.7,5.24,36.4,37.5,17.7
2026-04-17 06:27:42,0.0,88.1,108.2,7.05,36.4,36.8,17.6
2026-04-17 06:27:42,0.0,90.3,112.8,5.92,35.9,39.7,17.6
2026-04-17 06:27:42,0.0,92.6,115.4,5.93,36.4,35.8,17.6
2026-04-17 06:27:42,0.0,101.9,124.5,5.68,35.3,34.8,17.6
2026-04-17 06:27:42,0.0,91.7,111.1,6.4,35.9,40.9,17.6
2026-04-17 06:27:42,0.0,102.7,125.3,5.63,37.0,33.8,17.6
2026-04-17 06:27:43,0.0,95.5,118.1,6.28,36.4,36.1,17.6
2026-04-17 06:27:43,0.0,101.4,123.8,5.73,35.3,37.3,17.7
2026-04-17 06:27:43,0.0,104.0,124.4,5.92,35.9,41.2,17.7
2026-04-17 06:27:43,0.0,85.1,107.8,6.85,35.9,45.9,17.6
2026-04-17 06:27:43,0.0,103.9,118.6,6.57,35.9,41.1,17.6
2026-04-17 06:27:43,0.0,102.2,125.4,6.07,36.4,32.8,17.6
2026-04-17 06:27:44,0.0,85.9,108.2,6.66,35.9,37.7,17.7
2026-04-17 06:27:44,0.0,96.9,110.7,6.92,37.0,40.4,17.7
2026-04-17 06:27:44,0.0,93.8,119.1,6.03,37.0,33.9,17.8
2026-04-17 06:27:44,0.0,84.0,107.1,6.47,36.4,31.7,17.8
2026-04-17 06:27:44,0.0,98.4,115.8,6.71,36.4,40.7,17.8
2026-04-17 06:27:44,0.0,114.8,138.0,5.5,36.4,35.7,17.8
2026-04-17 06:27:44,0.0,82.2,100.5,7.47,37.0,36.5,17.8
2026-04-17 06:27:45,0.0,88.2,107.7,7.07,37.0,41.1,17.8
2026-04-17 06:27:45,0.0,84.2,107.3,6.23,37.0,33.8,17.8
2026-04-17 06:27:45,0.0,83.6,100.0,7.5,37.5,36.7,17.8
2026-04-17 06:27:45,0.0,82.2,97.3,7.62,35.9,42.3,17.9
2026-04-17 06:27:45,0.0,108.9,125.1,6.26,35.9,48.4,17.9
2026-04-17 06:27:45,0.0,83.9,106.7,7.06,37.0,39.3,17.8
2026-04-17 06:27:45,0.0,83.3,99.1,7.55,36.4,41.8,17.8
2026-04-17 06:27:46,0.0,84.0,98.6,7.45,36.4,44.6,17.8
2026-04-17 06:27:46,0.0,88.6,103.9,7.27,37.0,38.5,17.9
2026-04-17 06:27:46,0.0,87.8,110.3,5.98,36.4,31.3,17.9
2026-04-17 06:27:46,0.0,87.5,109.7,6.02,35.9,33.8,17.9
2026-04-17 06:27:46,0.0,92.1,114.0,5.88,37.0,35.3,17.9
2026-04-17 06:27:46,0.0,102.4,125.3,5.66,36.4,35.2,17.9
2026-04-17 06:27:47,0.0,117.5,140.5,5.51,36.4,33.8,17.9
2026-04-17 06:27:47,0.0,108.6,117.9,6.34,36.4,45.8,17.9
2026-04-17 06:27:47,0.0,94.0,117.1,6.58,35.9,43.5,17.9
2026-04-17 06:27:47,0.0,92.1,115.2,6.07,35.9,35.8,18.0
2026-04-17 06:27:47,0.0,85.3,108.4,6.23,35.9,34.9,17.9
2026-04-17 06:27:47,0.0,98.1,112.0,6.88,36.4,39.3,17.9
2026-04-17 06:27:48,0.0,84.7,110.5,6.42,36.4,35.0,17.8
2026-04-17 06:27:48,0.0,87.1,98.8,7.52,35.9,40.7,17.8
2026-04-17 06:27:48,0.0,112.6,124.1,6.25,35.9,46.2,17.8
2026-04-17 06:27:48,0.0,84.4,103.5,7.3,36.4,38.2,17.8
2026-04-17 06:27:48,0.0,87.9,105.7,7.19,35.3,44.6,17.8
2026-04-17 06:27:48,0.0,110.4,133.5,5.35,35.9,32.9,17.8
2026-04-17 06:27:48,0.0,85.1,107.7,7.07,36.4,43.3,17.8
2026-04-17 06:27:49,0.0,89.2,104.1,7.28,35.3,40.7,17.8
2026-04-17 06:27:49,0.0,86.3,109.3,6.09,36.4,32.3,17.8
2026-04-17 06:27:49,0.0,83.3,95.9,7.71,35.3,38.0,17.8
2026-04-17 06:27:49,0.0,109.5,126.0,6.27,35.9,47.0,17.8
2026-04-17 06:27:49,0.0,87.2,109.0,6.92,35.9,34.5,17.8
2026-04-17 06:27:49,0.0,88.1,101.0,7.43,35.3,44.6,17.8
2026-04-17 06:27:49,0.0,96.6,119.0,5.73,36.4,34.3,17.8
2026-04-17 06:27:50,0.0,94.3,117.5,6.08,36.4,35.8,17.8
2026-04-17 06:27:50,0.0,106.3,129.4,5.61,36.4,26.2,17.8
2026-04-17 06:27:50,0.0,104.7,125.6,6.06,37.0,41.2,17.8
2026-04-17 06:27:50,0.0,87.5,110.5,6.7,35.9,31.5,17.8
2026-04-17 06:27:50,0.0,99.9,112.0,6.86,37.0,42.4,17.9
2026-04-17 06:27:50,0.0,116.2,139.3,5.46,36.4,42.5,17.9
2026-04-17 06:27:51,0.0,91.6,108.4,7.05,35.9,39.7,17.9
2026-04-17 06:27:51,0.0,90.9,114.2,6.02,36.4,35.8,18.0
2026-04-17 06:27:51,0.0,97.1,120.3,5.79,36.4,37.5,18.0
2026-04-17 06:27:51,0.0,101.7,124.8,5.85,36.4,34.3,18.0
2026-04-17 06:27:51,0.0,101.1,120.2,6.02,37.0,36.9,18.0
2026-04-17 06:27:51,0.0,86.1,109.1,6.6,35.9,39.3,18.0
2026-04-17 06:27:52,0.0,92.2,106.0,7.17,35.3,43.9,18.0
2026-04-17 06:27:52,0.0,86.2,108.9,6.23,36.4,36.1,18.0
2026-04-17 06:27:52,0.0,86.7,99.5,7.49,37.0,44.4,18.0
2026-04-17 06:27:52,0.0,83.9,96.9,7.66,36.4,38.5,17.9
2026-04-17 06:27:52,0.0,92.0,108.0,7.07,36.4,43.1,17.9
2026-04-17 06:27:52,0.0,90.8,112.6,6.04,37.0,31.7,17.9
2026-04-17 06:27:52,0.0,103.9,122.3,5.57,37.0,41.7,17.9
2026-04-17 06:27:53,0.0,95.9,117.3,6.3,36.4,40.3,17.9
2026-04-17 06:27:53,0.0,87.5,110.5,6.33,35.9,33.9,17.9
2026-04-17 06:27:53,0.0,109.7,123.2,6.37,35.9,42.6,17.9
2026-04-17 06:27:53,0.0,84.8,106.9,7.13,36.4,37.5,17.9
2026-04-17 06:27:53,0.0,109.8,125.0,6.32,36.4,43.7,17.9
2026-04-17 06:27:53,0.0,90.4,113.6,6.79,36.4,39.0,18.0
2026-04-17 06:27:54,0.0,90.9,114.2,5.98,36.4,34.4,18.0
2026-04-17 06:27:54,0.0,104.7,127.8,5.52,36.4,35.6,18.0
2026-04-17 06:27:54,0.0,97.5,120.0,6.3,37.0,38.1,18.0
2026-04-17 06:27:54,0.0,96.0,119.1,6.06,36.4,36.4,18.0
2026-04-17 06:27:54,0.0,91.0,113.3,6.19,36.4,35.4,18.0
2026-04-17 06:27:54,0.0,86.2,109.8,6.15,36.4,32.8,18.0
2026-04-17 06:27:55,0.0,84.4,97.1,7.65,37.0,36.0,18.0
2026-04-17 06:27:55,0.0,93.9,107.6,7.01,36.4,45.6,18.0
2026-04-17 06:27:55,0.0,85.9,108.9,6.3,36.4,39.1,18.0
2026-04-17 06:27:55,0.0,103.1,117.2,6.63,36.4,42.6,18.1
2026-04-17 06:27:55,0.0,122.4,149.1,5.29,35.9,32.9,18.1
2026-04-17 06:27:55,0.0,93.0,115.8,5.99,35.9,29.0,18.1
2026-04-17 06:27:55,0.0,95.0,117.5,5.93,35.3,34.8,18.1
2026-04-17 06:27:56,0.0,91.3,113.9,6.14,35.9,32.3,18.1
2026-04-17 06:27:56,0.0,97.2,120.2,5.79,35.9,36.6,18.2
2026-04-17 06:27:56,0.0,105.6,126.5,5.71,34.2,41.4,18.2
2026-04-17 06:27:56,0.0,92.8,115.7,6.51,38.0,36.7,18.2
2026-04-17 06:27:56,0.0,90.3,113.4,6.08,36.4,36.5,18.2
2026-04-17 06:27:56,0.0,92.0,115.0,5.95,35.3,33.3,18.2
2026-04-17 06:27:57,0.0,120.1,143.1,5.09,36.4,38.0,18.3
2026-04-17 06:27:57,0.0,81.8,90.4,7.85,36.4,34.8,18.3
2026-04-17 06:27:57,0.0,95.1,111.2,6.86,35.9,40.4,18.3
2026-04-17 06:27:57,0.0,83.1,109.1,6.35,36.4,32.2,18.4
2026-04-17 06:27:57,0.0,85.8,109.0,6.01,35.3,35.8,18.4
2026-04-17 06:27:57,0.0,83.2,95.2,7.65,35.3,41.5,18.4
2026-04-17 06:27:58,0.0,98.2,114.5,6.75,35.3,36.4,18.4
2026-04-17 06:27:58,0.0,83.2,105.3,6.59,35.9,39.1,18.5
2026-04-17 06:27:58,0.0,94.8,110.9,6.91,36.4,39.3,18.5
2026-04-17 06:27:58,0.0,103.4,125.4,5.67,35.3,35.2,18.5
2026-04-17 06:27:58,0.0,105.8,130.9,5.88,36.4,40.3,18.5
2026-04-17 06:27:58,0.0,108.6,132.2,5.96,36.4,40.9,18.6
2026-04-17 06:27:59,0.0,92.6,115.4,6.67,35.9,40.0,18.6
2026-04-17 06:27:59,0.0,93.7,116.9,5.96,35.9,38.0,18.6
2026-04-17 06:27:59,0.0,94.8,118.4,5.94,35.3,31.7,18.6
2026-04-17 06:27:59,0.0,87.7,111.0,6.28,35.9,33.9,18.6
2026-04-17 06:27:59,0.0,113.2,133.4,5.21,35.9,33.3,18.6
2026-04-17 06:27:59,0.0,86.5,106.3,7.12,35.9,38.9,18.6
2026-04-17 06:27:59,0.0,102.9,115.2,6.71,36.4,41.4,18.6
2026-04-17 06:28:00,0.0,86.9,109.7,6.59,36.4,38.7,18.6
2026-04-17 06:28:00,0.0,92.2,104.1,7.27,36.4,37.7,18.6
2026-04-17 06:28:00,0.0,85.0,108.2,6.27,35.3,37.5,18.5
2026-04-17 06:28:00,0.0,85.8,101.2,7.43,35.9,44.6,18.5
2026-04-17 06:28:00,0.0,96.0,107.6,7.0,34.8,40.7,18.4
2026-04-17 06:28:00,0.0,91.4,114.3,6.17,36.4,31.7,18.4
2026-04-17 06:28:01,0.0,87.9,110.9,6.13,35.3,42.9,18.5
2026-04-17 06:28:01,0.0,87.9,111.0,6.01,37.0,35.3,18.5
2026-04-17 06:28:01,0.0,85.0,96.9,7.66,35.3,42.3,18.5
2026-04-17 06:28:01,0.0,86.6,100.3,7.41,35.9,40.4,18.5
2026-04-17 06:28:01,0.0,84.4,95.8,7.62,37.0,37.3,18.5
2026-04-17 06:28:01,0.0,115.7,130.0,6.09,37.0,42.4,18.5
2026-04-17 06:28:01,0.0,83.5,100.8,7.44,37.0,41.4,18.5
2026-04-17 06:28:02,0.0,120.6,137.4,5.85,34.8,39.4,18.5
2026-04-17 06:28:02,0.0,86.9,98.3,7.55,36.4,41.5,18.5
2026-04-17 06:28:02,0.0,85.7,98.1,7.58,36.4,45.3,18.5
2026-04-17 06:28:02,0.0,103.3,117.1,6.62,35.9,41.7,18.6
2026-04-17 06:28:02,0.0,88.8,111.8,6.58,36.4,38.1,18.5
2026-04-17 06:28:02,0.0,88.6,110.8,6.0,34.8,35.8,18.5
2026-04-17 06:28:03,0.0,112.6,134.4,5.23,36.4,37.7,18.5
2026-04-17 06:28:03,0.0,95.8,116.7,6.65,37.0,38.3,18.5
2026-04-17 06:28:03,0.0,102.1,125.3,5.81,37.0,36.9,18.5
2026-04-17 06:28:03,0.0,88.7,113.2,6.48,35.9,40.6,18.5
2026-04-17 06:28:03,0.0,101.5,124.4,5.62,36.4,35.7,18.5
2026-04-17 06:28:03,0.0,84.0,106.3,6.7,37.0,40.0,18.5
2026-04-17 06:28:03,0.0,92.1,105.5,7.08,36.4,41.1,18.5
2026-04-17 06:28:04,0.0,91.6,114.7,6.02,36.4,33.8,18.5
2026-04-17 06:28:04,0.0,96.2,118.0,5.79,36.4,30.8,18.5
2026-04-17 06:28:04,0.0,88.8,111.1,6.33,36.4,37.1,18.5
2026-04-17 06:28:04,0.0,112.2,134.4,5.27,37.0,40.0,18.5
2026-04-17 06:28:04,0.0,121.5,142.1,5.68,35.9,40.8,18.5
2026-04-17 06:28:04,0.0,95.1,117.3,5.77,36.4,35.8,18.5
2026-04-17 06:28:05,0.0,86.9,109.9,6.31,35.9,34.9,18.5
2026-04-17 06:28:05,0.0,86.8,104.5,7.23,36.4,42.1,18.5
2026-04-17 06:28:05,0.0,96.9,120.1,5.82,34.8,33.8,18.5
2026-04-17 06:28:05,0.0,86.5,109.5,6.42,35.9,35.9,18.5
2026-04-17 06:28:05,0.0,93.5,110.3,6.95,36.4,41.1,18.5
2026-04-17 06:28:05,0.0,90.1,113.0,6.26,37.0,36.1,18.5
2026-04-17 06:28:06,0.0,85.5,108.6,6.17,36.4,31.7,18.6
2026-04-17 06:28:06,0.0,83.4,97.7,7.63,36.4,41.5,18.6
2026-04-17 06:28:06,0.0,100.9,115.3,6.64,37.0,41.7,18.5
2026-04-17 06:28:06,0.0,84.1,107.2,6.67,35.9,36.1,18.5
2026-04-17 06:28:06,0.0,108.5,124.5,6.34,36.4,39.3,18.5
2026-04-17 06:28:06,0.0,89.0,112.4,6.79,37.0,38.6,18.5
2026-04-17 06:28:07,0.0,120.7,143.7,5.05,35.9,40.5,18.6
2026-04-17 06:28:07,0.0,103.2,115.2,6.71,35.3,42.1,18.6
2026-04-17 06:28:07,0.0,86.1,109.3,6.67,35.3,38.3,18.6
2026-04-17 06:28:07,0.0,98.4,110.1,6.87,36.4,39.3,18.6
2026-04-17 06:28:07,0.0,88.6,111.8,6.38,35.9,40.0,18.5
2026-04-17 06:28:07,0.0,103.3,121.8,5.52,35.9,33.3,18.5
2026-04-17 06:28:07,0.0,98.4,121.3,6.18,36.4,39.4,18.5
2026-04-17 06:28:08,0.0,89.4,111.8,6.34,35.9,33.3,18.5
2026-04-17 06:28:08,0.0,90.6,113.7,5.96,36.4,38.2,18.5
2026-04-17 06:28:08,0.0,119.0,142.0,5.14,35.9,32.9,18.5
2026-04-17 06:28:08,0.0,114.0,128.4,6.18,36.4,43.5,18.5
2026-04-17 06:28:08,0.0,87.2,105.5,7.16,35.9,39.6,18.5
2026-04-17 06:28:08,0.0,93.2,105.4,7.18,37.0,41.8,18.5
2026-04-17 06:28:09,0.0,85.5,114.6,6.01,36.4,33.8,18.6
2026-04-17 06:28:09,0.0,101.3,124.4,5.72,35.9,32.4,18.6
2026-04-17 06:28:09,0.0,116.6,139.2,5.5,36.4,35.2,18.6
2026-04-17 06:28:09,0.0,99.1,115.7,6.71,36.4,39.0,18.7
2026-04-17 06:28:09,0.0,87.7,110.7,6.44,35.3,37.1,18.7
2026-04-17 06:28:09,0.0,106.8,116.9,6.56,35.9,40.7,18.7
2026-04-17 06:28:10,0.0,87.6,110.8,6.79,35.3,37.3,18.8
2026-04-17 06:28:10,0.0,104.7,116.1,6.65,36.4,42.1,18.7
2026-04-17 06:28:10,0.0,92.9,115.9,6.47,35.9,35.0,18.7
2026-04-17 06:28:10,0.0,102.4,125.9,5.66,35.9,36.1,18.8
2026-04-17 06:28:10,0.0,88.4,111.1,6.57,36.4,39.3,18.7
2026-04-17 06:28:10,0.0,107.7,130.5,5.37,36.4,40.5,18.7
2026-04-17 06:28:11,0.0,85.6,108.4,6.93,36.4,35.2,18.7
2026-04-17 06:28:11,0.0,86.1,100.4,7.46,35.9,46.6,18.7
2026-04-17 06:28:11,0.0,93.4,105.2,7.13,35.9,41.5,18.8
2026-04-17 06:28:11,0.0,104.7,127.9,5.62,35.3,32.9,18.7
2026-04-17 06:28:11,0.0,87.9,107.7,6.68,36.4,39.0,18.7
2026-04-17 06:28:11,0.0,88.3,102.0,7.37,35.3,39.2,18.7
2026-04-17 06:28:11,0.0,86.1,109.6,6.13,35.9,33.9,18.7
2026-04-17 06:28:12,0.0,97.3,110.2,6.95,35.3,42.4,18.7
2026-04-17 06:28:12,0.0,86.0,108.2,6.44,35.9,39.3,18.7
2026-04-17 06:28:12,0.0,86.7,102.5,7.33,37.0,42.9,18.8
2026-04-17 06:28:12,0.0,83.5,107.0,6.2,37.0,37.3,18.8
2026-04-17 06:28:12,0.0,83.0,100.6,7.45,36.4,41.5,18.8
2026-04-17 06:28:12,0.0,101.4,115.3,6.69,37.5,44.1,18.9
2026-04-17 06:28:12,0.0,88.3,110.2,6.51,36.4,37.5,18.9
2026-04-17 06:28:13,0.0,100.6,120.7,5.58,36.4,41.2,18.9
2026-04-17 06:28:13,0.0,92.5,115.5,6.32,35.3,37.9,19.0
2026-04-17 06:28:13,0.0,95.1,117.5,5.91,36.4,35.8,19.0
2026-04-17 06:28:13,0.0,90.6,113.1,6.17,35.3,37.9,19.0
2026-04-17 06:28:13,0.0,104.0,126.5,5.55,35.9,38.9,19.0
2026-04-17 06:28:13,0.0,84.4,106.0,6.81,34.2,41.9,19.0
2026-04-17 06:28:14,0.0,94.2,111.9,6.88,36.4,38.2,18.9
2026-04-17 06:28:14,0.0,93.0,114.3,6.12,37.0,36.9,18.9
2026-04-17 06:28:14,0.0,89.5,112.4,6.14,36.4,37.9,18.8
2026-04-17 06:28:14,0.0,98.9,121.7,5.68,37.5,45.1,18.8
2026-04-17 06:28:14,0.0,92.7,114.6,6.23,36.4,34.9,18.8
2026-04-17 06:28:14,0.0,87.2,104.3,6.2,35.9,38.5,18.8
2026-04-17 06:28:15,0.0,90.7,104.5,7.24,36.4,37.7,18.8
2026-04-17 06:28:15,0.0,96.8,119.8,5.83,37.0,35.3,18.8
2026-04-17 06:28:15,0.0,89.8,112.8,6.27,36.4,37.5,18.8
2026-04-17 06:28:15,0.0,91.4,110.4,5.95,35.9,36.2,18.8
2026-04-17 06:28:15,0.0,91.8,116.9,5.9,35.9,33.8,18.8
2026-04-17 06:28:15,0.0,92.6,115.6,6.05,35.3,37.9,18.8
2026-04-17 06:28:16,0.0,104.3,127.5,5.62,36.4,34.8,18.8
2026-04-17 06:28:16,0.0,109.7,132.7,5.82,37.0,31.3,18.9
2026-04-17 06:28:16,0.0,90.7,113.6,6.78,35.3,43.3,18.9
2026-04-17 06:28:16,0.0,100.1,123.2,5.68,37.0,32.4,18.9
2026-04-17 06:28:16,0.0,90.1,108.5,6.39,35.9,46.8,19.0
2026-04-17 06:28:16,0.0,92.8,116.1,5.9,36.4,32.3,19.0
2026-04-17 06:28:17,0.0,104.9,127.6,5.61,35.9,31.9,19.0
2026-04-17 06:28:17,0.0,102.4,121.0,6.03,37.0,39.7,19.0
2026-04-17 06:28:17,0.0,100.0,123.6,6.13,36.4,40.0,19.0
2026-04-17 06:28:17,0.0,90.4,113.2,6.39,35.3,33.3,19.0
2026-04-17 06:28:17,0.0,97.2,120.5,5.76,37.0,37.1,19.0
2026-04-17 06:28:17,0.0,92.8,116.1,6.17,35.9,36.4,19.0
2026-04-17 06:28:18,0.0,86.1,108.5,6.26,36.4,36.5,19.0
2026-04-17 06:28:18,0.0,86.3,100.9,7.44,36.4,39.2,19.1
2026-04-17 06:28:18,0.0,87.9,99.5,7.48,36.4,44.4,19.1
2026-04-17 06:28:18,0.0,86.3,98.1,7.59,36.4,40.4,19.0
2026-04-17 06:28:18,0.0,89.0,102.4,7.35,35.9,45.5,19.0
2026-04-17 06:28:18,0.0,85.2,108.3,6.07,36.4,28.6,19.0
2026-04-17 06:28:18,0.0,98.1,107.1,6.9,36.4,51.9,19.0
2026-04-17 06:28:19,0.0,97.5,121.1,6.02,35.9,41.8,19.0
2026-04-17 06:28:19,0.0,91.3,113.9,6.27,36.4,40.0,19.0
2026-04-17 06:28:19,0.0,84.7,107.6,6.26,35.9,32.8,19.0
2026-04-17 06:28:19,0.0,85.6,101.4,7.4,36.4,40.4,19.0
2026-04-17 06:28:19,0.0,94.1,106.3,7.1,36.4,44.6,19.0
2026-04-17 06:28:19,0.0,96.8,119.8,5.91,36.4,36.6,19.0
2026-04-17 06:28:19,0.0,85.0,107.2,6.45,35.9,31.6,19.0
2026-04-17 06:28:20,0.0,90.3,107.4,7.08,35.9,44.1,19.1
2026-04-17 06:28:20,0.0,89.9,113.2,6.1,35.3,31.1,19.1
2026-04-17 06:28:20,0.0,87.5,110.9,6.09,36.4,35.4,19.1
2026-04-17 06:28:20,0.0,97.7,119.7,5.67,37.5,33.3,19.1
2026-04-17 06:28:20,0.0,90.1,113.1,6.29,36.4,37.9,19.0
2026-04-17 06:28:20,0.0,87.3,106.8,6.1,35.9,36.9,19.0
2026-04-17 06:28:21,0.0,102.4,114.5,6.75,35.9,40.7,19.1
2026-04-17 06:28:21,0.0,90.5,113.1,6.46,37.5,46.0,19.1
2026-04-17 06:28:21,0.0,83.3,108.5,6.19,37.0,32.3,19.1
2026-04-17 06:28:21,0.0,82.6,96.7,7.68,37.5,43.6,19.2
2026-04-17 06:28:21,0.0,99.8,117.3,6.63,36.4,41.9,19.2
2026-04-17 06:28:21,0.0,102.0,125.1,5.94,36.4,37.1,19.2
2026-04-17 06:28:22,0.0,86.6,108.7,6.59,37.5,38.3,19.3
2026-04-17 06:28:22,0.0,134.1,146.1,5.55,35.9,47.3,19.4
2026-04-17 06:28:22,0.0,92.2,121.9,6.07,36.4,32.8,19.4
2026-04-17 06:28:22,0.0,93.5,116.4,6.2,35.3,34.9,19.4
2026-04-17 06:28:22,0.0,98.6,120.2,5.82,35.3,32.3,19.3
2026-04-17 06:28:22,0.0,101.2,124.8,5.9,35.9,36.9,19.3
2026-04-17 06:28:23,0.0,85.9,108.9,6.63,35.9,35.6,19.4
2026-04-17 06:28:23,0.0,119.3,136.4,5.88,35.9,42.0,19.3
2026-04-17 06:28:23,0.0,93.4,115.2,5.86,36.4,34.8,19.4
2026-04-17 06:28:23,0.0,88.1,111.1,6.19,35.9,44.4,19.4
2026-04-17 06:28:23,0.0,102.3,125.2,5.54,36.4,36.8,19.4
2026-04-17 06:28:23,0.0,95.7,116.8,6.23,35.9,37.5,19.4
2026-04-17 06:28:24,0.0,98.1,116.8,5.93,36.4,37.3,19.4
2026-04-17 06:28:24,0.0,87.1,107.6,6.42,35.3,41.3,19.4
2026-04-17 06:28:24,0.0,83.2,95.4,7.74,35.9,37.3,19.4
2026-04-17 06:28:24,0.0,86.5,102.9,7.32,36.4,43.6,19.4
2026-04-17 06:28:24,0.0,83.9,97.0,7.66,36.4,36.0,19.4
2026-04-17 06:28:24,0.0,87.3,102.8,7.31,35.9,39.2,19.4
2026-04-17 06:28:24,0.0,84.6,98.9,7.54,36.4,33.3,19.4
2026-04-17 06:28:25,0.0,120.1,132.2,5.99,35.9,44.3,19.4
2026-04-17 06:28:25,0.0,85.5,97.9,7.59,35.3,36.5,19.4
2026-04-17 06:28:25,0.0,104.3,118.3,6.57,37.0,43.3,19.3
2026-04-17 06:28:25,0.0,95.7,118.7,6.33,36.4,35.5,19.3
2026-04-17 06:28:25,0.0,84.5,106.9,6.43,37.0,36.5,19.3
2026-04-17 06:28:25,0.0,86.3,101.6,7.4,37.5,39.2,19.3
2026-04-17 06:28:25,0.0,113.7,125.9,6.19,36.4,48.4,19.3
2026-04-17 06:28:26,0.0,91.1,110.6,6.94,37.0,39.0,19.3
2026-04-17 06:28:26,0.0,85.3,108.5,6.26,37.0,35.5,19.4
2026-04-17 06:28:26,0.0,106.6,120.5,6.48,36.4,39.7,19.4
2026-04-17 06:28:26,0.0,86.1,108.1,6.83,37.5,36.2,19.4
2026-04-17 06:28:26,0.0,108.7,121.9,6.42,36.4,36.2,19.4
2026-04-17 06:28:26,0.0,91.6,114.8,6.68,35.9,37.9,19.5
2026-04-17 06:28:26,0.0,83.8,107.5,6.28,35.3,33.9,19.5
2026-04-17 06:28:27,0.0,120.0,134.2,5.93,36.4,40.6,19.4
2026-04-17 06:28:27,0.0,109.4,122.5,6.41,37.5,33.9,19.5
2026-04-17 06:28:27,0.0,92.1,115.7,6.68,35.9,41.0,19.5
2026-04-17 06:28:27,0.0,84.9,108.1,6.29,35.3,36.5,19.5
2026-04-17 06:28:27,0.0,83.7,101.4,7.41,37.0,40.7,19.5
2026-04-17 06:28:27,0.0,87.7,100.4,7.44,35.3,43.4,19.6
2026-04-17 06:28:28,0.0,86.0,98.8,7.55,37.0,43.4,19.6
2026-04-17 06:28:28,0.0,290.3,302.9,2.97,37.5,77.0,19.6
2026-04-17 06:28:28,0.0,118.3,124.7,6.0,37.5,78.1,17.5
2026-04-17 06:28:28,0.0,89.8,112.5,6.02,37.0,37.3,17.4
2026-04-17 06:28:28,0.0,83.6,107.9,6.14,37.5,32.8,17.4
2026-04-17 06:28:28,0.0,97.7,110.9,6.9,37.0,40.7,17.4
2026-04-17 06:28:29,0.0,94.9,118.3,6.1,36.4,31.1,17.4
2026-04-17 06:28:29,0.0,87.0,109.8,6.31,37.0,38.1,17.4
2026-04-17 06:28:29,0.0,94.0,117.2,5.76,37.5,31.8,17.4
2026-04-17 06:28:29,0.0,88.3,111.5,6.21,35.3,35.9,17.3
2026-04-17 06:28:29,0.0,90.0,113.5,5.93,37.0,35.8,17.3
2026-04-17 06:28:29,0.0,86.1,108.1,6.16,37.0,35.4,17.3
2026-04-17 06:28:30,0.0,92.3,106.0,7.14,36.4,41.1,17.4
2026-04-17 06:28:30,0.0,103.3,126.0,5.64,35.9,35.7,17.4
2026-04-17 06:28:30,0.0,113.3,136.0,5.67,37.0,42.9,17.4
2026-04-17 06:28:30,0.0,91.1,111.1,6.92,37.0,35.2,17.4
2026-04-17 06:28:30,0.0,87.9,112.0,6.08,37.0,38.8,17.4
2026-04-17 06:28:30,0.0,93.5,117.0,5.83,37.0,31.3,17.4
2026-04-17 06:28:31,0.0,102.1,127.3,5.66,37.0,31.8,17.5
2026-04-17 06:28:31,0.0,87.3,110.3,6.69,36.4,35.1,17.5
2026-04-17 06:28:31,0.0,87.5,104.6,7.23,35.9,40.0,17.5
2026-04-17 06:28:31,0.0,96.3,120.2,5.83,37.0,36.8,17.4
2026-04-17 06:28:31,0.0,87.3,109.9,6.38,35.9,39.1,17.4
2026-04-17 06:28:31,0.0,84.7,96.6,7.55,37.0,43.6,17.4
2026-04-17 06:28:32,0.0,95.1,107.8,7.05,37.0,37.7,17.3
2026-04-17 06:28:32,0.0,89.4,112.8,6.2,37.0,39.4,17.3
2026-04-17 06:28:32,0.0,85.1,108.6,6.16,37.0,38.8,17.3
2026-04-17 06:28:32,0.0,91.6,104.0,7.18,36.4,45.8,17.3
2026-04-17 06:28:32,0.0,115.4,138.6,5.25,37.5,37.5,17.3
2026-04-17 06:28:32,0.0,94.4,112.1,6.88,35.9,34.5,17.3
2026-04-17 06:28:32,0.0,90.6,113.2,6.14,35.9,40.6,17.3
2026-04-17 06:28:33,0.0,100.4,122.2,5.67,35.9,34.8,17.3
2026-04-17 06:28:33,0.0,95.9,118.2,6.08,35.3,37.9,17.2
2026-04-17 06:28:33,0.0,93.2,115.4,6.18,36.4,35.9,17.2
2026-04-17 06:28:33,0.0,84.2,107.5,6.35,35.9,36.5,17.2
2026-04-17 06:28:33,0.0,134.1,149.3,5.47,38.6,41.7,17.2
2026-04-17 06:28:33,0.0,87.2,111.6,6.48,36.4,38.1,17.2
2026-04-17 06:28:34,0.0,113.7,136.0,5.22,35.3,40.0,17.2
2026-04-17 06:28:34,0.0,91.2,107.6,6.93,36.4,39.3,17.1
2026-04-17 06:28:34,0.0,93.3,116.6,5.93,36.4,39.4,17.2
2026-04-17 06:28:34,0.0,103.2,125.7,5.67,36.4,35.7,17.2
2026-04-17 06:28:34,0.0,118.8,141.7,5.49,36.4,36.1,17.2
2026-04-17 06:28:34,0.0,86.0,100.7,7.43,36.4,43.6,17.2
2026-04-17 06:28:35,0.0,99.0,111.5,6.88,35.9,44.1,17.2
2026-04-17 06:28:35,0.0,100.5,123.7,5.94,36.4,40.0,17.2
2026-04-17 06:28:35,0.0,89.2,112.4,6.44,36.4,32.8,17.2
2026-04-17 06:28:35,0.0,137.5,157.2,4.65,35.9,43.7,17.3
2026-04-17 06:28:35,0.0,89.3,112.1,6.6,37.0,37.5,17.3
2026-04-17 06:28:35,0.0,91.4,114.5,5.91,36.4,39.1,17.3
2026-04-17 06:28:36,0.0,106.4,129.0,5.51,35.9,34.3,17.3
2026-04-17 06:28:36,0.0,91.1,112.4,6.61,36.4,42.2,17.3
2026-04-17 06:28:36,0.0,90.4,110.1,6.03,36.4,32.3,17.3
2026-04-17 06:28:36,0.0,92.8,115.3,5.91,37.0,35.7,17.4
2026-04-17 06:28:36,0.0,92.6,115.6,6.02,35.9,38.8,17.4
2026-04-17 06:28:36,0.0,104.4,127.4,5.61,37.0,33.3,17.4
2026-04-17 06:28:37,0.0,97.3,121.3,6.23,36.4,36.1,17.5
2026-04-17 06:28:37,0.0,101.9,124.8,5.88,37.0,42.3,17.5
2026-04-17 06:28:37,0.0,86.6,109.0,6.56,37.5,37.3,17.5
2026-04-17 06:28:37,0.0,87.5,95.6,7.52,35.9,43.4,17.6
2026-04-17 06:28:37,0.0,101.5,112.8,6.79,37.0,48.3,17.6
2026-04-17 06:28:37,0.0,85.7,108.7,6.63,38.0,36.7,17.6
2026-04-17 06:28:38,0.0,104.8,118.6,6.55,37.0,40.0,17.6
2026-04-17 06:28:38,0.0,99.8,125.3,6.09,35.9,40.3,17.6
2026-04-17 06:28:38,0.0,83.6,106.6,6.78,35.9,33.3,17.5
2026-04-17 06:28:38,0.0,95.4,112.1,6.86,37.0,43.3,17.6
2026-04-17 06:28:38,0.0,93.0,116.3,6.1,37.0,33.9,17.5
2026-04-17 06:28:38,0.0,90.1,116.9,5.98,37.0,34.8,17.5
2026-04-17 06:28:38,0.0,85.0,108.6,6.32,37.5,34.9,17.5
2026-04-17 06:28:39,0.0,100.7,112.4,6.73,36.4,44.3,17.5
2026-04-17 06:28:39,0.0,96.5,119.5,6.16,36.4,36.5,17.5
2026-04-17 06:28:39,0.0,97.1,120.1,5.98,37.0,37.3,17.6
2026-04-17 06:28:39,0.0,87.2,108.1,6.38,36.4,40.0,17.5
2026-04-17 06:28:39,0.0,102.2,115.6,6.69,37.0,39.7,17.6
2026-04-17 06:28:39,0.0,110.3,133.2,5.76,36.4,38.0,17.6
2026-04-17 06:28:40,0.0,87.5,108.4,6.94,35.9,27.5,17.6
2026-04-17 06:28:40,0.0,88.2,104.5,5.99,36.4,44.8,17.6
2026-04-17 06:28:40,0.0,101.7,125.0,5.55,37.0,38.7,17.7
2026-04-17 06:28:40,0.0,100.7,122.6,6.05,36.4,32.8,17.7
2026-04-17 06:28:40,0.0,106.8,129.9,5.79,36.4,40.0,17.7
2026-04-17 06:28:40,0.0,96.9,119.7,6.38,36.4,35.0,17.8
2026-04-17 06:28:41,0.0,89.3,112.9,6.27,35.3,32.2,17.8
2026-04-17 06:28:41,0.0,85.4,96.1,7.72,35.9,44.2,17.8
2026-04-17 06:28:41,0.0,82.6,95.8,7.7,36.4,40.0,17.8
2026-04-17 06:28:41,0.0,92.5,109.1,6.99,37.0,41.1,17.8
2026-04-17 06:28:41,0.0,84.1,107.3,6.32,37.5,30.0,17.8
2026-04-17 06:28:41,0.0,94.8,109.7,6.95,35.9,41.1,17.8
2026-04-17 06:28:41,0.0,101.7,125.1,5.76,36.4,36.2,17.8
2026-04-17 06:28:42,0.0,119.5,142.6,5.43,35.9,37.1,17.8
2026-04-17 06:28:42,0.0,92.5,105.6,7.17,35.3,40.7,17.8
2026-04-17 06:28:42,0.0,93.6,117.5,5.92,35.9,40.6,17.8
2026-04-17 06:28:42,0.0,97.4,120.7,5.9,35.3,34.8,17.8
2026-04-17 06:28:42,0.0,88.1,114.2,6.24,37.0,37.5,17.7
2026-04-17 06:28:42,0.0,86.6,109.7,6.18,36.4,34.4,17.7
2026-04-17 06:28:43,0.0,126.7,139.8,5.77,35.9,45.1,17.7
2026-04-17 06:28:43,0.0,104.3,127.3,5.63,35.9,31.9,17.7
2026-04-17 06:28:43,0.0,87.6,108.4,6.67,37.0,41.0,17.7
2026-04-17 06:28:43,0.0,89.8,102.0,7.39,35.9,39.6,17.7
2026-04-17 06:28:43,0.0,103.2,126.4,5.55,36.4,39.7,17.8
2026-04-17 06:28:43,0.0,86.8,108.5,6.67,35.3,43.1,17.8
2026-04-17 06:28:44,0.0,104.0,116.0,6.57,37.0,39.3,17.8
2026-04-17 06:28:44,0.0,97.6,120.6,6.31,37.0,41.5,17.8
2026-04-17 06:28:44,0.0,95.1,119.2,6.05,35.9,35.4,17.8
2026-04-17 06:28:44,0.0,85.6,108.6,6.41,35.3,36.1,17.8
2026-04-17 06:28:44,0.0,92.5,104.8,7.13,36.4,45.8,17.8
2026-04-17 06:28:44,0.0,110.0,132.5,5.43,37.5,37.0,17.8
2026-04-17 06:28:45,0.0,101.6,124.8,6.32,35.9,31.7,17.8
2026-04-17 06:28:45,0.0,109.9,132.9,5.72,35.9,37.7,17.9
2026-04-17 06:28:45,0.0,83.5,106.5,7.14,37.0,37.5,17.9
2026-04-17 06:28:45,0.0,98.6,115.9,6.67,37.0,40.7,17.9
2026-04-17 06:28:45,0.0,106.9,125.2,5.76,37.0,36.8,17.9
2026-04-17 06:28:45,0.0,107.4,130.6,5.99,35.9,34.4,17.9
2026-04-17 06:28:45,0.0,86.6,109.5,6.86,37.0,39.0,18.0
2026-04-17 06:28:46,0.0,101.0,112.8,6.78,36.4,44.1,18.0
2026-04-17 06:28:46,0.0,105.0,127.9,5.86,37.5,41.8,17.9
2026-04-17 06:28:46,0.0,83.5,106.8,6.88,35.3,32.7,17.9
2026-04-17 06:28:46,0.0,93.4,109.7,6.99,37.0,44.1,17.9
2026-04-17 06:28:46,0.0,96.5,119.8,5.89,36.4,36.8,17.9
2026-04-17 06:28:46,0.0,92.5,115.5,6.16,37.5,34.4,17.9
2026-04-17 06:28:47,0.0,90.5,106.0,6.07,37.0,40.6,17.9
2026-04-17 06:28:47,0.0,95.6,118.3,5.82,35.9,33.3,17.9
2026-04-17 06:28:47,0.0,97.2,120.2,5.95,35.9,35.9,17.9
2026-04-17 06:28:47,0.0,109.5,132.6,5.59,36.4,36.1,17.9
2026-04-17 06:28:47,0.0,88.5,111.7,6.86,36.4,39.3,17.9
2026-04-17 06:28:47,0.0,113.4,136.1,5.23,35.9,34.2,17.9
2026-04-17 06:28:48,0.0,85.0,104.5,7.22,35.9,37.0,17.9
2026-04-17 06:28:48,0.0,98.8,111.4,6.78,35.3,40.4,17.8
2026-04-17 06:28:48,0.0,100.3,123.6,5.96,37.0,40.0,17.8
2026-04-17 06:28:48,0.0,85.7,108.7,6.59,36.4,37.7,17.8
2026-04-17 06:28:48,0.0,89.7,117.0,6.64,37.0,44.8,17.8
2026-04-17 06:28:48,0.0,107.4,130.7,5.84,36.4,37.7,17.8
2026-04-17 06:28:49,0.0,107.0,130.3,5.97,35.9,36.9,17.8
2026-04-17 06:28:49,0.0,88.7,111.7,6.81,36.4,35.2,17.8
2026-04-17 06:28:49,0.0,84.9,108.0,6.14,36.4,40.0,17.8
2026-04-17 06:28:49,0.0,107.0,122.3,6.42,35.9,35.7,17.8
2026-04-17 06:28:49,0.0,89.8,112.8,6.7,36.4,41.0,17.7
2026-04-17 06:28:49,0.0,88.5,111.9,6.04,37.0,31.3,17.7
2026-04-17 06:28:50,0.0,91.6,119.0,5.76,35.9,34.3,17.7
2026-04-17 06:28:50,0.0,95.0,119.5,5.99,35.3,34.8,17.7
2026-04-17 06:28:50,0.0,97.1,117.3,5.98,36.4,37.7,17.7
2026-04-17 06:28:50,0.0,91.2,109.8,6.22,36.4,34.9,17.8
2026-04-17 06:28:50,0.0,95.4,117.2,5.85,35.9,35.3,17.8
2026-04-17 06:28:50,0.0,113.5,136.4,5.42,35.9,40.0,17.8
2026-04-17 06:28:50,0.0,89.4,108.9,7.02,36.4,37.5,17.8
2026-04-17 06:28:51,0.0,122.5,145.2,5.0,35.9,35.1,17.8
2026-04-17 06:28:51,0.0,95.6,118.6,5.8,35.9,33.3,17.8
2026-04-17 06:28:51,0.0,86.1,108.5,6.37,37.0,38.1,17.8
2026-04-17 06:28:51,0.0,84.4,100.9,7.44,37.5,42.9,17.8
2026-04-17 06:28:51,0.0,89.9,101.9,7.35,36.4,42.6,17.8
2026-04-17 06:28:51,0.0,91.2,113.2,5.95,35.3,34.8,17.8
2026-04-17 06:28:52,0.0,111.0,136.6,5.28,35.9,43.6,17.8
2026-04-17 06:28:52,0.0,84.7,105.1,7.22,37.5,37.5,17.8
2026-04-17 06:28:52,0.0,109.6,123.3,6.35,36.4,36.2,17.9
2026-04-17 06:28:52,0.0,110.2,133.3,6.0,37.0,45.6,17.9
2026-04-17 06:28:52,0.0,85.2,108.1,7.07,35.9,35.2,17.8
2026-04-17 06:28:52,0.0,89.0,103.7,7.28,36.4,45.6,17.9
2026-04-17 06:28:53,0.0,90.6,113.4,5.96,36.4,36.4,17.9
2026-04-17 06:28:53,0.0,85.3,106.7,6.19,37.5,36.9,17.9
2026-04-17 06:28:53,0.0,86.9,100.1,7.42,36.4,40.4,17.9
2026-04-17 06:28:53,0.0,103.3,115.9,6.68,35.9,42.4,17.9
2026-04-17 06:28:53,0.0,98.9,121.9,6.18,35.9,33.9,17.9
2026-04-17 06:28:53,0.0,96.4,118.2,6.08,35.3,35.4,17.9
2026-04-17 06:28:53,0.0,86.3,109.5,6.4,36.4,33.3,17.9
2026-04-17 06:28:54,0.0,91.8,103.8,7.21,36.4,43.9,18.0
2026-04-17 06:28:54,0.0,106.2,129.4,5.52,37.0,34.7,18.0
2026-04-17 06:28:54,0.0,99.9,123.1,6.24,36.4,35.9,18.0
2026-04-17 06:28:54,0.0,83.5,108.2,6.58,37.0,35.6,18.1
2026-04-17 06:28:54,0.0,87.4,99.6,7.38,36.4,37.3,18.2
2026-04-17 06:28:54,0.0,121.0,132.9,6.0,37.5,45.5,18.2
2026-04-17 06:28:55,0.0,120.9,133.0,6.01,36.4,37.5,18.3
2026-04-17 06:28:55,0.0,90.6,111.1,5.89,36.4,36.2,18.2
2026-04-17 06:28:55,0.0,91.7,114.4,5.97,37.5,32.8,18.2
2026-04-17 06:28:55,0.0,88.0,108.4,6.14,36.4,33.8,18.2
2026-04-17 06:28:55,0.0,95.3,118.9,5.73,35.9,37.5,18.2
2026-04-17 06:28:55,0.0,97.0,120.5,5.95,37.5,37.3,18.3
2026-04-17 06:28:56,0.0,87.3,112.8,6.3,35.9,35.9,18.3
2026-04-17 06:28:56,0.0,84.3,106.5,6.2,36.4,38.8,18.3
2026-04-17 06:28:56,0.0,115.7,131.1,6.08,36.4,39.7,18.3
2026-04-17 06:28:56,0.0,86.2,103.7,7.3,36.4,40.4,18.3
2026-04-17 06:28:56,0.0,92.4,105.0,7.18,37.0,41.8,18.3
2026-04-17 06:28:56,0.0,95.0,117.8,5.9,36.4,33.8,18.4
2026-04-17 06:28:57,0.0,100.9,123.4,5.8,36.4,43.7,18.4
2026-04-17 06:28:57,0.0,86.5,109.9,6.53,37.0,46.0,18.3
2026-04-17 06:28:57,0.0,86.6,98.6,7.55,37.0,46.4,18.3
2026-04-17 06:28:57,0.0,96.6,107.2,6.99,37.0,43.9,18.3
2026-04-17 06:28:57,0.0,93.0,116.1,6.14,35.3,38.2,18.3
2026-04-17 06:28:57,0.0,85.8,108.9,6.27,37.5,34.4,18.4
2026-04-17 06:28:57,0.0,92.2,107.1,7.11,35.3,44.1,18.4
2026-04-17 06:28:58,0.0,91.8,115.2,6.04,36.4,37.3,18.4
2026-04-17 06:28:58,0.0,104.0,127.1,5.6,35.9,35.2,18.4
2026-04-17 06:28:58,0.0,88.4,111.3,6.63,37.5,46.6,18.4
2026-04-17 06:28:58,0.0,85.4,108.2,6.12,37.0,35.4,18.4
2026-04-17 06:28:58,0.0,86.9,100.7,7.42,35.3,43.4,18.5
2026-04-17 06:28:58,0.0,90.6,102.7,7.3,36.4,37.3,18.5
2026-04-17 06:28:59,0.0,87.1,110.2,6.13,36.4,37.3,18.5
2026-04-17 06:28:59,0.0,95.0,109.3,6.99,35.9,40.0,18.5
2026-04-17 06:28:59,0.0,95.5,118.6,6.05,36.4,35.9,18.5
2026-04-17 06:28:59,0.0,93.9,117.4,6.05,35.9,35.4,18.6
2026-04-17 06:28:59,0.0,106.3,129.6,5.59,36.4,35.7,18.5
2026-04-17 06:28:59,0.0,95.8,118.2,6.42,35.9,39.3,18.5
2026-04-17 06:28:59,0.0,84.3,107.3,6.45,35.3,35.5,18.5
2026-04-17 06:29:00,0.0,87.7,103.2,7.32,35.9,42.6,18.5
2026-04-17 06:29:00,0.0,93.4,105.3,7.2,35.3,45.6,18.5
2026-04-17 06:29:00,0.0,87.2,110.3,6.23,37.0,33.3,18.5
2026-04-17 06:29:00,0.0,100.3,115.2,6.71,36.4,44.8,18.5
2026-04-17 06:29:00,0.0,116.5,139.7,5.55,35.9,36.2,18.5
2026-04-17 06:29:00,0.0,85.6,103.7,7.29,37.0,32.0,18.5
2026-04-17 06:29:01,0.0,97.3,109.4,6.97,35.3,43.9,18.5
2026-04-17 06:29:01,0.0,97.9,121.0,5.98,36.4,36.8,18.5
2026-04-17 06:29:01,0.0,89.6,112.0,6.32,37.5,39.4,18.5
2026-04-17 06:29:01,0.0,86.0,108.3,6.14,37.5,35.9,18.6
2026-04-17 06:29:01,0.0,84.4,99.6,7.51,37.0,42.6,18.6
2026-04-17 06:29:01,0.0,86.7,98.9,7.46,36.4,41.2,18.6
2026-04-17 06:29:01,0.0,82.9,95.8,7.73,37.5,35.4,18.6
2026-04-17 06:29:02,0.0,114.1,131.2,6.07,37.5,40.9,18.6
2026-04-17 06:29:02,0.0,86.4,105.1,7.18,36.4,42.9,18.7
2026-04-17 06:29:02,0.0,92.8,105.4,7.18,35.9,42.9,18.7
2026-04-17 06:29:02,0.0,106.2,129.3,5.55,35.3,31.8,18.7
2026-04-17 06:29:02,0.0,89.6,112.7,6.67,35.9,36.7,18.6
2026-04-17 06:29:02,0.0,112.2,135.1,5.29,36.4,39.7,18.6
2026-04-17 06:29:03,0.0,86.8,107.7,7.08,35.9,37.9,18.6
2026-04-17 06:29:03,0.0,113.3,125.5,6.26,36.4,41.0,18.6
2026-04-17 06:29:03,0.0,121.7,141.3,5.72,36.4,36.8,18.6
2026-04-17 06:29:03,0.0,86.0,108.9,6.09,36.4,34.8,18.6
2026-04-17 06:29:03,0.0,84.6,98.4,7.57,37.0,38.0,18.6
2026-04-17 06:29:03,0.0,109.4,124.3,6.33,35.9,40.3,18.6
2026-04-17 06:29:03,0.0,89.1,112.4,6.83,37.0,38.6,18.6
2026-04-17 06:29:04,0.0,89.1,112.7,5.97,37.0,37.3,18.6
2026-04-17 06:29:04,0.0,88.0,111.0,6.08,35.9,36.2,18.6
2026-04-17 06:29:04,0.0,84.8,100.6,7.46,35.3,42.6,18.6
2026-04-17 06:29:04,0.0,95.3,105.2,7.15,34.8,53.6,18.6
2026-04-17 06:29:04,0.0,140.1,161.9,4.73,35.9,38.6,18.6
2026-04-17 06:29:04,0.0,92.6,114.6,6.53,35.3,35.5,18.6
2026-04-17 06:29:05,0.0,102.2,125.1,5.7,37.5,38.6,18.6
2026-04-17 06:29:05,0.0,91.2,114.3,6.42,36.4,31.6,18.6
2026-04-17 06:29:05,0.0,98.6,121.7,5.75,35.9,37.0,18.6
2026-04-17 06:29:05,0.0,84.9,109.7,6.46,37.0,36.1,18.6
2026-04-17 06:29:05,0.0,93.1,104.7,7.15,36.4,41.8,18.6
2026-04-17 06:29:05,0.0,89.6,113.1,6.12,36.4,38.2,18.6
2026-04-17 06:29:06,0.0,94.6,117.6,5.85,36.4,35.7,18.6
2026-04-17 06:29:06,0.0,86.2,107.0,6.31,37.0,36.1,18.7
2026-04-17 06:29:06,0.0,104.0,118.3,6.56,36.4,41.0,18.7
2026-04-17 06:29:06,0.0,85.2,107.9,6.83,37.0,39.0,18.7
2026-04-17 06:29:06,0.0,89.9,103.8,7.25,37.0,45.6,18.7
2026-04-17 06:29:06,0.0,89.0,112.7,6.01,37.0,43.9,18.7
2026-04-17 06:29:06,0.0,90.3,113.3,5.98,36.4,32.8,18.7
2026-04-17 06:29:07,0.0,103.0,126.6,5.55,36.4,37.1,18.7
2026-04-17 06:29:07,0.0,95.0,117.2,6.33,36.4,39.7,18.7
2026-04-17 06:29:07,0.0,100.5,123.4,5.81,36.4,39.4,18.7
2026-04-17 06:29:07,0.0,90.9,113.8,6.38,35.3,32.8,18.8
2026-04-17 06:29:07,0.0,84.1,104.9,6.25,36.4,32.8,18.7
2026-04-17 06:29:07,0.0,90.5,106.2,7.16,37.0,44.1,18.7
2026-04-17 06:29:08,0.0,92.8,116.2,5.91,36.4,38.2,18.7
2026-04-17 06:29:08,0.0,86.6,109.6,6.25,37.0,34.9,18.7
2026-04-17 06:29:08,0.0,84.4,97.4,7.58,36.4,40.4,18.8
2026-04-17 06:29:08,0.0,92.3,106.2,7.14,37.0,45.8,18.8
2026-04-17 06:29:08,0.0,86.8,108.8,6.2,36.4,33.3,18.8
2026-04-17 06:29:08,0.0,84.5,97.6,7.6,37.0,40.0,18.8
2026-04-17 06:29:09,0.0,104.1,118.4,6.57,36.4,47.5,18.8
2026-04-17 06:29:09,0.0,95.6,118.6,6.33,35.9,36.4,18.8
2026-04-17 06:29:09,0.0,87.3,109.6,6.31,35.9,39.7,18.8
2026-04-17 06:29:09,0.0,82.5,94.6,7.8,36.4,39.2,18.8
2026-04-17 06:29:09,0.0,96.9,111.1,6.77,37.5,39.7,18.8
2026-04-17 06:29:09,0.0,88.4,111.4,6.33,36.4,34.4,18.8
2026-04-17 06:29:09,0.0,113.5,136.0,5.21,35.9,39.5,18.8
2026-04-17 06:29:10,0.0,90.8,108.9,6.95,35.9,40.4,18.8
2026-04-17 06:29:10,0.0,102.4,125.2,5.62,37.0,37.1,18.8
2026-04-17 06:29:10,0.0,84.5,107.6,6.74,36.4,34.5,18.8
2026-04-17 06:29:10,0.0,86.0,103.9,7.29,37.0,40.7,18.9
2026-04-17 06:29:10,0.0,93.5,116.3,5.82,36.4,34.8,18.9
2026-04-17 06:29:10,0.0,82.9,106.3,6.4,35.3,36.4,18.9
2026-04-17 06:29:11,0.0,90.3,107.2,7.12,35.9,39.6,18.8
2026-04-17 06:29:11,0.0,84.6,107.9,6.19,37.0,33.9,18.9
2026-04-17 06:29:11,0.0,82.9,97.2,7.65,37.5,39.6,18.8
2026-04-17 06:29:11,0.0,106.2,123.3,6.38,37.0,45.0,18.8
2026-04-17 06:29:11,0.0,127.5,150.5,5.33,35.9,32.9,18.8
2026-04-17 06:29:11,0.0,120.5,143.5,5.18,36.4,37.7,18.9
2026-04-17 06:29:11,0.0,89.2,101.6,7.4,37.0,37.7,18.9
2026-04-17 06:29:12,0.0,128.0,151.3,4.86,35.3,41.2,18.9
2026-04-17 06:29:12,0.0,89.6,113.2,6.15,36.4,34.8,18.8
2026-04-17 06:29:12,0.0,97.0,128.9,5.49,36.4,32.9,18.8
2026-04-17 06:29:12,0.0,110.2,133.1,5.87,37.0,42.0,18.7
2026-04-17 06:29:12,0.0,87.6,110.3,6.94,36.4,39.3,18.7
2026-04-17 06:29:12,0.0,87.3,98.7,7.53,36.4,45.3,18.7
2026-04-17 06:29:13,0.0,93.9,106.6,7.09,35.9,44.4,18.8
2026-04-17 06:29:13,0.0,94.3,117.5,6.02,35.9,35.3,18.8
2026-04-17 06:29:13,0.0,86.3,114.0,6.13,36.4,36.4,18.8
2026-04-17 06:29:13,0.0,87.4,110.2,6.14,35.9,35.9,18.7
2026-04-17 06:29:13,0.0,93.9,106.5,7.13,35.9,39.6,18.8
2026-04-17 06:29:13,0.0,93.0,115.8,6.05,35.3,36.9,18.8
2026-04-17 06:29:14,0.0,86.2,109.5,6.25,35.3,36.4,18.8
2026-04-17 06:29:14,0.0,91.0,104.9,7.2,36.4,37.3,18.8
2026-04-17 06:29:14,0.0,118.0,140.8,5.19,35.9,39.5,18.8
2026-04-17 06:29:14,0.0,91.6,106.8,7.14,36.4,37.0,18.8
2026-04-17 06:29:14,0.0,90.8,114.0,6.02,36.4,40.8,18.8
2026-04-17 06:29:14,0.0,91.9,113.9,5.97,35.9,32.8,18.9
2026-04-17 06:29:15,0.0,103.4,126.1,5.61,35.3,34.8,18.9
2026-04-17 06:29:15,0.0,88.7,110.9,6.55,36.4,42.2,18.9
2026-04-17 06:29:15,0.0,89.1,112.0,6.03,36.4,36.4,18.9
2026-04-17 06:29:15,0.0,88.6,109.9,6.02,36.4,33.8,19.0
2026-04-17 06:29:15,0.0,109.9,132.2,5.32,36.4,37.7,19.0
2026-04-17 06:29:15,0.0,111.6,135.7,5.91,37.0,43.5,19.1
2026-04-17 06:29:16,0.0,98.1,122.3,6.35,36.4,38.7,19.1
2026-04-17 06:29:16,0.0,116.0,139.2,5.58,34.8,41.1,19.1
2026-04-17 06:29:16,0.0,96.8,114.2,6.77,36.4,36.4,19.2
2026-04-17 06:29:16,0.0,90.8,113.6,6.24,35.3,36.9,19.2
2026-04-17 06:29:16,0.0,90.1,112.2,6.03,35.9,33.8,19.1
2026-04-17 06:29:16,0.0,89.7,114.0,5.91,35.3,38.6,19.1
2026-04-17 06:29:17,0.0,83.4,106.6,6.36,36.4,30.0,19.1
2026-04-17 06:29:17,0.0,98.3,116.2,6.69,38.0,44.8,19.1
2026-04-17 06:29:17,0.0,87.1,110.3,6.49,36.4,36.7,19.1
2026-04-17 06:29:17,0.0,87.1,99.2,7.51,37.5,43.4,19.1
2026-04-17 06:29:17,0.0,133.8,145.7,5.56,36.4,46.4,19.1
2026-04-17 06:29:17,0.0,97.4,120.7,6.1,36.4,35.4,19.1
2026-04-17 06:29:17,0.0,87.2,110.3,6.4,37.0,36.1,19.2
2026-04-17 06:29:18,0.0,103.2,115.9,6.68,35.9,45.9,19.2
2026-04-17 06:29:18,0.0,111.7,135.1,5.72,37.0,38.6,19.3
2026-04-17 06:29:18,0.0,85.5,106.7,7.13,36.4,39.3,19.3
2026-04-17 06:29:18,0.0,89.4,103.0,7.3,37.0,45.5,19.3
2026-04-17 06:29:18,0.0,87.9,111.0,6.06,37.0,39.4,19.3
2026-04-17 06:29:18,0.0,94.3,105.9,7.15,36.4,44.8,19.4
2026-04-17 06:29:19,0.0,87.8,110.9,6.25,37.0,38.8,19.4
2026-04-17 06:29:19,0.0,84.8,100.5,7.46,38.6,40.4,19.5
2026-04-17 06:29:19,0.0,95.3,118.1,5.78,35.9,37.5,19.5
2026-04-17 06:29:19,0.0,102.7,125.3,5.74,36.4,31.8,19.5
2026-04-17 06:29:19,0.0,90.1,108.3,6.49,37.0,36.1,19.5
2026-04-17 06:29:19,0.0,112.7,135.3,5.28,37.5,40.0,19.5
2026-04-17 06:29:20,0.0,98.4,118.5,6.58,37.0,37.3,19.5
2026-04-17 06:29:20,0.0,120.3,143.3,5.3,35.9,38.7,19.5
2026-04-17 06:29:20,0.0,94.2,105.8,7.13,35.9,42.9,19.5
2026-04-17 06:29:20,0.0,94.4,116.9,5.99,35.3,36.4,19.5
2026-04-17 06:29:20,0.0,91.9,115.1,6.09,35.9,39.7,19.5
2026-04-17 06:29:20,0.0,88.7,111.4,6.13,35.3,32.3,19.5
2026-04-17 06:29:21,0.0,101.5,127.8,5.47,36.4,35.6,19.5
2026-04-17 06:29:21,0.0,89.5,112.6,6.55,36.4,37.1,19.5
2026-04-17 06:29:21,0.0,99.5,122.4,5.71,35.9,33.8,19.5
2026-04-17 06:29:21,0.0,86.5,109.5,6.51,35.9,35.5,19.5
2026-04-17 06:29:21,0.0,90.8,114.0,5.84,36.4,33.3,19.4
2026-04-17 06:29:21,0.0,109.1,132.1,5.41,35.9,40.5,19.4
2026-04-17 06:29:22,0.0,89.3,112.5,6.81,37.0,43.3,19.4
2026-04-17 06:29:22,0.0,139.2,164.5,4.57,35.9,38.4,19.4
2026-04-17 06:29:22,0.0,84.9,107.9,6.98,35.9,39.3,19.4
2026-04-17 06:29:22,0.0,92.1,107.4,7.1,37.0,39.6,19.4
2026-04-17 06:29:22,0.0,95.1,117.9,5.91,35.9,40.0,19.4
2026-04-17 06:29:22,0.0,86.9,109.5,6.3,37.0,25.0,19.4
2026-04-17 06:29:22,0.0,91.2,104.1,7.27,35.9,42.1,19.4
2026-04-17 06:29:23,0.0,111.5,134.4,5.35,35.9,34.7,19.4
2026-04-17 06:29:23,0.0,105.0,126.7,6.24,37.0,36.9,19.4
2026-04-17 06:29:23,0.0,86.0,108.6,6.77,36.4,39.0,19.4
2026-04-17 06:29:23,0.0,107.6,120.3,6.46,36.4,44.4,19.4
2026-04-17 06:29:23,0.0,85.2,108.2,6.93,36.4,36.2,19.5
2026-04-17 06:29:23,0.0,89.0,103.2,7.29,37.0,41.8,19.5
2026-04-17 06:29:24,0.0,91.7,114.8,5.9,36.4,37.1,19.5
2026-04-17 06:29:24,0.0,85.6,110.2,6.17,35.9,31.7,19.5
2026-04-17 06:29:24,0.0,86.9,99.3,7.52,35.9,41.2,19.5
2026-04-17 06:29:24,0.0,120.6,132.4,5.99,37.0,49.3,19.5
2026-04-17 06:29:24,0.0,84.0,107.0,6.13,36.4,34.3,19.4
2026-04-17 06:29:24,0.0,86.0,101.7,7.38,38.0,44.6,19.4
2026-04-17 06:29:24,0.0,97.6,111.1,6.91,38.0,38.9,19.4
2026-04-17 06:29:25,0.0,86.2,109.2,6.45,35.9,35.5,19.4
2026-04-17 06:29:25,0.0,118.7,132.3,6.02,36.4,38.1,19.5
2026-04-17 06:29:25,0.0,94.3,108.4,7.04,36.4,40.0,19.5
2026-04-17 06:29:25,0.0,95.1,119.0,5.95,37.0,37.3,19.5
2026-04-17 06:29:25,0.0,94.1,117.2,6.07,37.5,31.7,19.5
2026-04-17 06:29:25,0.0,96.7,118.7,5.91,36.4,38.2,19.4
2026-04-17 06:29:26,0.0,84.1,108.1,6.45,36.4,34.9,19.4
2026-04-17 06:29:26,0.0,95.5,110.5,6.95,36.4,42.1,19.5
2026-04-17 06:29:26,0.0,103.5,126.7,5.73,36.4,35.3,19.5
2026-04-17 06:29:26,0.0,84.0,107.1,6.81,35.9,35.6,19.5
2026-04-17 06:29:26,0.0,86.3,102.3,7.37,37.0,41.5,19.5
2026-04-17 06:29:26,0.0,127.2,140.3,5.74,37.0,47.1,19.5
2026-04-17 06:29:27,0.0,89.1,112.0,6.19,35.3,32.3,19.5
2026-04-17 06:29:27,0.0,118.8,135.9,5.09,35.9,38.5,19.6
2026-04-17 06:29:27,0.0,102.0,116.1,6.68,36.4,34.5,19.6
2026-04-17 06:29:27,0.0,85.1,108.2,6.67,35.9,38.7,19.6
2026-04-17 06:29:27,0.0,86.9,101.8,7.4,35.9,44.4,19.6
2026-04-17 06:29:27,0.0,96.1,118.7,5.69,37.0,31.8,19.7
2026-04-17 06:29:28,0.0,86.4,109.4,6.38,35.9,31.7,19.7
2026-04-17 06:29:28,0.0,88.0,102.5,7.34,37.0,43.6,19.7
2026-04-17 06:29:28,0.0,84.0,106.8,6.19,35.9,33.9,19.7
2026-04-17 06:29:28,0.0,86.9,102.3,7.36,37.5,45.6,19.7
2026-04-17 06:29:28,0.0,94.5,109.6,6.98,35.9,44.1,19.7
2026-04-17 06:29:28,0.0,95.3,117.5,6.06,35.3,34.9,19.7
2026-04-17 06:29:28,0.0,110.5,133.5,5.5,37.0,39.4,19.7
2026-04-17 06:29:29,0.0,87.4,109.9,6.96,37.0,38.6,19.7
2026-04-17 06:29:29,0.0,91.2,114.4,5.87,37.0,32.3,19.7
2026-04-17 06:29:29,0.0,101.2,126.0,5.61,35.9,35.2,19.7
2026-04-17 06:29:29,0.0,95.7,118.7,6.28,36.4,32.2,19.7
2026-04-17 06:29:29,0.0,104.0,127.1,5.71,35.9,39.4,19.7
2026-04-17 06:29:29,0.0,96.5,119.5,6.29,37.5,36.9,19.7
2026-04-17 06:29:30,0.0,84.3,103.8,6.45,36.4,38.1,19.7
2026-04-17 06:29:30,0.0,109.9,126.9,6.23,35.3,39.7,19.7
2026-04-17 06:29:30,0.0,99.8,120.8,6.48,36.4,41.0,19.7
2026-04-17 06:29:30,0.0,105.4,128.4,5.8,35.9,40.6,19.7
2026-04-17 06:29:30,0.0,106.5,129.4,5.97,35.3,35.8,19.7
2026-04-17 06:29:30,0.0,87.3,106.9,6.78,36.4,36.2,19.7
2026-04-17 06:29:31,0.0,120.2,133.3,5.98,36.4,43.3,19.7
2026-04-17 06:29:31,0.0,84.6,97.5,7.52,35.9,39.6,19.7
2026-04-17 06:29:31,0.0,104.8,115.8,6.65,37.0,42.4,19.6
2026-04-17 06:29:31,0.0,103.7,126.3,6.04,36.4,39.4,19.6
2026-04-17 06:29:31,0.0,96.4,119.7,6.28,36.4,32.8,19.6
2026-04-17 06:29:31,0.0,85.1,107.1,6.43,36.4,38.1,19.7
2026-04-17 06:29:31,0.0,92.4,106.9,7.13,36.4,39.3,19.7
2026-04-17 06:29:32,0.0,105.3,128.3,5.57,35.9,38.6,19.7
2026-04-17 06:29:32,0.0,90.9,114.0,6.57,37.5,33.3,19.8
2026-04-17 06:29:32,0.0,105.4,128.7,5.52,35.3,35.2,19.8
2026-04-17 06:29:32,0.0,104.8,127.9,6.03,36.4,42.4,19.8
2026-04-17 06:29:32,0.0,90.8,114.1,6.54,37.0,37.7,19.8
2026-04-17 06:29:32,0.0,86.4,109.4,6.17,35.9,32.3,19.7
2026-04-17 06:29:33,0.0,95.5,107.7,7.01,36.4,37.7,19.7
2026-04-17 06:29:33,0.0,96.6,117.1,5.94,35.9,42.6,19.8
2026-04-17 06:29:33,0.0,86.9,109.9,6.41,37.0,37.1,19.7
2026-04-17 06:29:33,0.0,95.3,108.0,7.06,37.0,40.0,19.7
2026-04-17 06:29:33,0.0,94.4,117.5,6.03,36.4,40.3,19.7
2026-04-17 06:29:33,0.0,88.2,111.4,6.23,36.4,34.5,19.7
2026-04-17 06:29:34,0.0,87.3,97.7,7.57,37.0,48.2,19.8
2026-04-17 06:29:34,0.0,105.9,117.9,6.59,37.0,45.2,19.8
2026-04-17 06:29:34,0.0,113.9,137.0,5.72,36.4,34.8,19.8
2026-04-17 06:29:34,0.0,85.5,102.6,7.21,35.9,38.2,19.8
2026-04-17 06:29:34,0.0,101.5,114.6,6.73,36.4,42.4,19.8
2026-04-17 06:29:34,0.0,116.9,140.0,5.49,37.0,35.7,19.8
2026-04-17 06:29:34,0.0,91.2,107.3,7.11,35.9,39.3,19.8
2026-04-17 06:29:35,0.0,98.7,121.8,5.74,37.5,34.8,19.8
2026-04-17 06:29:35,0.0,87.0,106.8,6.46,35.3,43.3,19.8
2026-04-17 06:29:35,0.0,93.3,105.5,7.17,35.9,42.9,19.8
2026-04-17 06:29:35,0.0,88.2,111.8,6.17,37.0,34.9,19.8
2026-04-17 06:29:35,0.0,91.4,103.6,7.28,37.0,38.9,19.8
2026-04-17 06:29:35,0.0,88.3,111.3,6.17,35.9,36.9,19.8
2026-04-17 06:29:36,0.0,86.6,109.7,6.07,36.4,31.7,19.8
2026-04-17 06:29:36,0.0,98.4,112.2,6.84,37.0,42.4,19.9
2026-04-17 06:29:36,0.0,83.2,106.6,6.63,35.9,41.0,19.9
2026-04-17 06:29:36,0.0,107.7,123.6,6.35,37.0,40.3,19.9
2026-04-17 06:29:36,0.0,88.1,111.0,6.81,35.3,40.3,19.9
2026-04-17 06:29:36,0.0,120.9,144.0,5.01,36.4,35.0,20.0
2026-04-17 06:29:36,0.0,90.5,102.3,7.35,36.4,40.7,20.0
2026-04-17 06:29:37,0.0,102.1,112.8,6.8,36.4,49.2,20.0
2026-04-17 06:29:37,0.0,103.7,126.2,6.0,37.0,34.8,20.0
2026-04-17 06:29:37,0.0,93.5,115.3,6.38,35.9,37.1,20.1
2026-04-17 06:29:37,0.0,102.2,125.2,5.73,35.9,41.4,20.1
2026-04-17 06:29:37,0.0,85.3,96.6,6.68,36.4,42.4,20.1
2026-04-17 06:29:37,0.0,85.5,100.0,7.49,36.4,40.0,20.1
2026-04-17 06:29:38,0.0,101.0,112.9,6.72,35.9,40.7,20.1
2026-04-17 06:29:38,0.0,92.4,114.4,6.32,35.9,39.7,20.1
2026-04-17 06:29:38,0.0,89.1,112.1,6.13,35.9,34.4,20.1
2026-04-17 06:29:38,0.0,92.8,115.6,5.87,35.9,29.7,20.1
2026-04-17 06:29:38,0.0,83.5,106.4,6.36,37.0,34.4,20.0
2026-04-17 06:29:39,0.0,271.5,288.1,3.11,37.5,78.1,20.0
2026-04-17 06:29:39,0.0,143.7,156.8,4.87,37.5,68.7,17.6
2026-04-17 06:29:39,0.0,92.1,114.4,6.76,37.0,40.0,17.6
2026-04-17 06:29:39,0.0,108.7,131.8,5.46,37.0,35.6,17.6
2026-04-17 06:29:39,0.0,85.9,106.1,6.96,37.0,42.4,17.6
2026-04-17 06:29:39,0.0,104.8,118.1,6.57,35.9,38.6,17.6
2026-04-17 06:29:40,0.0,86.8,110.1,6.72,37.0,41.9,17.6
2026-04-17 06:29:40,0.0,85.3,97.8,7.6,36.4,38.8,17.6
2026-04-17 06:29:40,0.0,86.1,100.3,7.45,36.4,45.5,17.6
2026-04-17 06:29:40,0.0,83.8,95.5,7.63,35.9,41.5,17.6
2026-04-17 06:29:40,0.0,94.0,107.8,6.97,35.9,42.9,17.6
2026-04-17 06:29:40,0.0,86.1,109.1,6.31,36.4,32.3,17.5
2026-04-17 06:29:40,0.0,107.8,122.2,6.42,36.4,39.3,17.6
2026-04-17 06:29:41,0.0,97.3,119.8,6.43,35.9,40.3,17.6
2026-04-17 06:29:41,0.0,132.3,155.2,4.96,35.9,38.2,17.6
2026-04-17 06:29:41,0.0,123.9,147.0,5.23,37.0,35.1,17.6
2026-04-17 06:29:41,0.0,86.6,109.7,6.15,34.8,33.8,17.6
2026-04-17 06:29:41,0.0,83.7,96.6,7.66,37.0,42.3,17.6
2026-04-17 06:29:41,0.0,88.7,102.2,7.24,37.0,44.6,17.6
2026-04-17 06:29:42,0.0,94.9,117.9,5.79,34.8,31.8,17.5
2026-04-17 06:29:42,0.0,114.7,135.0,5.36,35.3,38.0,17.5
2026-04-17 06:29:42,0.0,93.3,112.9,6.84,35.9,38.6,17.6
2026-04-17 06:29:42,0.0,114.1,137.0,5.36,36.4,32.4,17.6
2026-04-17 06:29:42,0.0,96.6,115.1,6.71,37.5,40.0,17.6
2026-04-17 06:29:42,0.0,91.1,114.3,6.21,36.4,38.5,17.6
2026-04-17 06:29:43,0.0,97.6,120.2,5.78,37.0,37.1,17.6
2026-04-17 06:29:43,0.0,88.5,111.2,6.35,35.9,36.5,17.7
2026-04-17 06:29:43,0.0,98.8,121.5,5.66,35.9,39.7,17.7
2026-04-17 06:29:43,0.0,109.3,132.3,5.64,35.9,40.0,17.7
2026-04-17 06:29:43,0.0,87.4,112.2,6.82,35.9,40.7,17.8
2026-04-17 06:29:43,0.0,88.2,112.5,6.0,36.4,34.4,17.8
2026-04-17 06:29:43,0.0,84.1,94.9,7.79,36.4,38.8,17.8
2026-04-17 06:29:44,0.0,102.8,118.2,6.59,37.0,39.7,17.8
2026-04-17 06:29:44,0.0,86.5,109.4,6.66,36.4,39.1,17.8
2026-04-17 06:29:44,0.0,92.0,105.0,7.2,36.4,43.6,17.8
2026-04-17 06:29:44,0.0,99.4,121.2,5.75,37.0,35.3,17.8
2026-04-17 06:29:44,0.0,84.0,107.1,6.61,38.0,36.1,17.8
2026-04-17 06:29:44,0.0,86.4,102.4,7.36,36.4,43.6,17.8
2026-04-17 06:29:45,0.0,98.2,109.6,6.9,35.9,41.1,17.9
2026-04-17 06:29:45,0.0,88.8,111.7,6.37,36.4,36.9,17.9
2026-04-17 06:29:45,0.0,87.3,109.6,6.05,35.9,36.4,17.8
2026-04-17 06:29:45,0.0,89.7,100.5,7.33,36.4,41.5,17.8
2026-04-17 06:29:45,0.0,113.2,139.4,5.18,36.4,35.6,17.8
2026-04-17 06:29:45,0.0,88.4,102.8,7.22,36.4,38.2,17.8
2026-04-17 06:29:45,0.0,90.7,99.1,7.4,36.4,53.7,17.8
2026-04-17 06:29:46,0.0,116.0,138.9,5.21,35.9,31.0,17.8
2026-04-17 06:29:46,0.0,85.6,102.4,7.36,35.9,40.0,17.8
2026-04-17 06:29:46,0.0,99.5,113.8,6.79,35.9,43.3,17.9
2026-04-17 06:29:46,0.0,91.3,113.9,6.31,37.0,38.1,17.8
2026-04-17 06:29:46,0.0,95.5,118.6,5.86,36.4,32.8,17.8
2026-04-17 06:29:46,0.0,92.6,112.9,6.11,37.0,33.3,17.8
2026-04-17 06:29:47,0.0,89.2,111.3,6.12,37.0,36.9,17.8
2026-04-17 06:29:47,0.0,122.8,142.5,4.99,36.4,40.5,17.9
2026-04-17 06:29:47,0.0,89.5,112.3,6.02,36.4,31.7,17.9
2026-04-17 06:29:47,0.0,84.8,112.5,6.0,36.4,31.7,17.9
2026-04-17 06:29:47,0.0,87.5,110.5,6.08,36.4,37.7,17.9
2026-04-17 06:29:47,0.0,83.9,94.4,7.69,35.9,40.0,17.9
2026-04-17 06:29:48,0.0,92.6,106.9,7.06,37.0,45.8,17.8
2026-04-17 06:29:48,0.0,92.0,115.1,6.03,37.0,32.3,17.9
2026-04-17 06:29:48,0.0,100.1,123.2,5.66,35.3,36.1,17.9
2026-04-17 06:29:48,0.0,86.0,108.3,6.64,35.9,36.7,17.9
2026-04-17 06:29:48,0.0,86.7,99.6,7.48,36.4,42.9,17.9
2026-04-17 06:29:48,0.0,91.7,104.6,7.23,35.3,44.8,17.8
2026-04-17 06:29:48,0.0,84.1,107.8,6.26,37.0,32.8,17.8
2026-04-17 06:29:49,0.0,83.1,97.9,7.61,37.0,40.7,17.9
2026-04-17 06:29:49,0.0,107.0,123.2,6.36,37.0,39.0,17.9
2026-04-17 06:29:49,0.0,96.0,119.1,6.43,36.4,40.0,17.9
2026-04-17 06:29:49,0.0,108.1,131.2,5.59,37.0,43.1,18.0
2026-04-17 06:29:49,0.0,93.9,117.3,6.56,37.0,38.3,18.0
2026-04-17 06:29:49,0.0,84.6,107.6,6.35,36.4,31.7,18.0
2026-04-17 06:29:50,0.0,97.3,112.0,6.86,36.4,42.4,18.0
2026-04-17 06:29:50,0.0,92.3,117.6,6.11,37.0,30.5,18.0
2026-04-17 06:29:50,0.0,83.5,106.5,6.43,36.4,32.3,18.0
2026-04-17 06:29:50,0.0,104.8,120.3,6.46,35.9,42.6,18.0
2026-04-17 06:29:50,0.0,91.9,114.1,6.51,35.9,37.7,17.9
2026-04-17 06:29:50,0.0,107.6,131.0,5.46,35.9,39.4,17.9
2026-04-17 06:29:50,0.0,84.5,107.6,7.01,35.3,33.9,17.9
2026-04-17 06:29:51,0.0,87.5,104.8,7.24,37.0,43.9,17.9
2026-04-17 06:29:51,0.0,95.0,117.8,5.79,36.4,36.2,17.9
2026-04-17 06:29:51,0.0,93.4,116.5,6.08,35.3,31.7,17.9
2026-04-17 06:29:51,0.0,90.7,113.9,6.1,35.9,34.4,17.9
2026-04-17 06:29:51,0.0,106.0,129.4,5.49,35.9,44.0,17.8
2026-04-17 06:29:51,0.0,86.6,109.6,6.82,36.4,30.9,17.8
2026-04-17 06:29:52,0.0,94.4,105.8,7.07,35.3,47.5,17.7
2026-04-17 06:29:52,0.0,101.3,124.6,5.76,36.4,37.7,17.7
2026-04-17 06:29:52,0.0,91.4,114.5,6.4,37.0,32.2,17.7
2026-04-17 06:29:52,0.0,87.5,110.7,6.08,37.0,36.4,17.7
2026-04-17 06:29:52,0.0,85.1,108.0,6.16,36.4,33.8,17.7
2026-04-17 06:29:52,0.0,95.8,110.1,6.94,35.3,37.0,17.7
2026-04-17 06:29:53,0.0,97.3,120.4,5.95,36.4,34.4,17.7
2026-04-17 06:29:53,0.0,85.0,112.2,6.31,35.3,36.5,17.7
2026-04-17 06:29:53,0.0,88.6,111.7,6.03,34.8,31.3,17.7
2026-04-17 06:29:53,0.0,100.2,120.5,5.61,37.0,34.3,17.7
2026-04-17 06:29:53,0.0,90.1,113.5,6.38,35.9,36.7,17.7
2026-04-17 06:29:53,0.0,83.7,106.8,6.25,36.4,34.4,17.7
2026-04-17 06:29:54,0.0,89.4,105.6,7.16,37.0,41.1,17.7
2026-04-17 06:29:54,0.0,89.3,112.5,6.03,36.4,41.3,17.7
2026-04-17 06:29:54,0.0,109.8,132.8,5.35,37.0,30.6,17.7
2026-04-17 06:29:54,0.0,88.3,110.2,6.88,37.0,41.7,17.7
2026-04-17 06:29:54,0.0,106.9,128.4,5.4,36.4,31.9,17.8
2026-04-17 06:29:54,0.0,100.7,123.4,6.22,35.9,41.5,17.8
2026-04-17 06:29:55,0.0,88.4,111.5,6.5,37.5,33.9,17.8
2026-04-17 06:29:55,0.0,88.8,109.9,5.98,36.4,34.8,17.9
2026-04-17 06:29:55,0.0,88.6,111.1,6.01,37.0,38.2,17.9
2026-04-17 06:29:55,0.0,86.9,107.6,6.07,36.4,33.8,18.0
2026-04-17 06:29:55,0.0,98.9,124.4,6.32,35.9,42.4,18.1
2026-04-17 06:29:55,0.0,97.9,119.7,6.52,36.4,38.3,18.1
2026-04-17 06:29:56,0.0,99.3,122.4,5.98,36.4,36.8,18.2
2026-04-17 06:29:56,0.0,92.0,114.1,6.28,37.0,36.1,18.2
2026-04-17 06:29:56,0.0,90.8,114.0,6.04,36.4,36.4,18.2
2026-04-17 06:29:56,0.0,90.0,111.2,6.04,35.9,34.8,18.2
2026-04-17 06:29:56,0.0,89.2,112.4,6.02,36.4,37.7,18.3
2026-04-17 06:29:56,0.0,87.1,109.8,6.09,35.9,32.3,18.3
2026-04-17 06:29:56,0.0,97.2,109.1,6.98,36.4,41.8,18.3
2026-04-17 06:29:57,0.0,93.6,116.7,6.13,36.4,38.1,18.3
2026-04-17 06:29:57,0.0,83.7,105.6,6.38,37.0,37.5,18.2
2026-04-17 06:29:57,0.0,90.4,106.6,7.13,37.0,36.5,18.3
2026-04-17 06:29:57,0.0,100.1,123.6,5.66,36.4,38.9,18.2
2026-04-17 06:29:57,0.0,84.9,107.8,6.63,36.4,34.4,18.2
2026-04-17 06:29:57,0.0,106.3,121.3,6.46,37.0,43.5,18.3
2026-04-17 06:29:58,0.0,113.0,136.7,5.74,37.0,46.5,18.3
2026-04-17 06:29:58,0.0,83.9,102.9,7.32,36.4,37.7,18.3
2026-04-17 06:29:58,0.0,89.5,105.4,7.2,36.4,39.6,18.3
2026-04-17 06:29:58,0.0,85.8,108.4,6.14,37.0,38.8,18.3
2026-04-17 06:29:58,0.0,87.4,100.8,7.42,37.5,40.0,18.3
2026-04-17 06:29:58,0.0,109.8,122.3,6.41,35.9,43.5,18.3
2026-04-17 06:29:58,0.0,85.1,107.8,7.07,37.0,36.8,18.3
2026-04-17 06:29:59,0.0,105.2,120.7,6.49,36.4,41.0,18.3
2026-04-17 06:29:59,0.0,98.1,120.3,6.28,37.0,43.3,18.3
2026-04-17 06:29:59,0.0,115.7,138.8,5.43,35.3,31.9,18.3
2026-04-17 06:29:59,0.0,84.7,99.8,7.38,36.4,43.9,18.3
2026-04-17 06:29:59,0.0,88.4,103.0,7.31,36.4,44.6,18.3
2026-04-17 06:29:59,0.0,84.9,108.1,6.13,35.9,36.4,18.3
2026-04-17 06:30:00,0.0,91.0,105.7,7.18,38.0,44.8,18.3
2026-04-17 06:30:00,0.0,86.1,108.8,6.18,35.3,38.8,18.4
2026-04-17 06:30:00,0.0,84.6,97.8,7.6,35.9,42.9,18.4
2026-04-17 06:30:00,0.0,93.1,105.9,7.03,36.4,49.1,18.4
2026-04-17 06:30:00,0.0,84.1,106.0,6.35,35.3,34.4,18.5
2026-04-17 06:30:00,0.0,98.3,112.0,6.78,35.9,41.1,18.5
2026-04-17 06:30:00,0.0,108.3,131.3,5.67,35.3,39.4,18.5
2026-04-17 06:30:01,0.0,84.7,107.7,7.0,36.4,37.9,18.5
2026-04-17 06:30:01,0.0,92.1,107.1,7.06,35.9,41.1,18.6
2026-04-17 06:30:01,0.0,95.2,118.2,5.92,37.0,37.7,18.6
2026-04-17 06:30:01,0.0,84.8,108.0,6.4,35.9,31.7,18.6
2026-04-17 06:30:01,0.0,91.3,104.3,7.15,37.0,43.6,18.6
2026-04-17 06:30:01,0.0,92.5,118.3,5.87,36.4,34.3,18.6
2026-04-17 06:30:02,0.0,85.3,108.4,6.38,36.4,34.4,18.6
2026-04-17 06:30:02,0.0,129.4,143.6,5.64,35.9,45.8,18.6
2026-04-17 06:30:02,0.0,94.2,117.3,6.07,36.4,34.8,18.6
2026-04-17 06:30:02,0.0,87.6,110.1,6.25,35.9,38.8,18.6
2026-04-17 06:30:02,0.0,102.3,114.0,6.76,36.4,44.1,18.7
2026-04-17 06:30:02,0.0,98.7,121.7,6.13,36.4,36.4,18.7
2026-04-17 06:30:03,0.0,98.8,121.4,5.99,36.4,41.8,18.7
2026-04-17 06:30:03,0.0,96.6,119.4,6.09,37.0,39.1,18.7
2026-04-17 06:30:03,0.0,90.7,112.8,6.2,37.0,34.8,18.7
2026-04-17 06:30:03,0.0,95.0,120.0,5.8,36.4,33.3,18.7
2026-04-17 06:30:03,0.0,92.8,115.9,6.16,37.5,38.8,18.7
2026-04-17 06:30:03,0.0,103.6,126.5,5.64,35.9,38.0,18.6
2026-04-17 06:30:03,0.0,88.8,111.8,6.59,37.5,33.3,18.6
2026-04-17 06:30:04,0.0,84.6,106.8,6.16,36.4,34.4,18.6
2026-04-17 06:30:04,0.0,85.9,98.7,7.43,37.5,41.5,18.6
2026-04-17 06:30:04,0.0,117.8,131.5,6.06,35.3,39.4,18.6
2026-04-17 06:30:04,0.0,102.3,117.5,6.61,36.4,46.9,18.6
2026-04-17 06:30:04,0.0,100.9,122.3,6.05,36.4,34.8,18.6
2026-04-17 06:30:04,0.0,88.9,112.0,6.46,35.9,40.3,18.6
2026-04-17 06:30:05,0.0,90.5,113.4,5.95,36.4,32.8,18.6
2026-04-17 06:30:05,0.0,101.3,124.2,5.63,36.4,38.2,18.7
2026-04-17 06:30:05,0.0,105.5,129.1,5.84,37.0,39.1,18.7
2026-04-17 06:30:05,0.0,92.9,116.1,6.51,37.0,40.9,18.6
2026-04-17 06:30:05,0.0,97.5,120.6,5.84,36.4,35.8,18.6
2026-04-17 06:30:05,0.0,95.5,118.5,6.08,37.5,34.9,18.6
2026-04-17 06:30:06,0.0,115.1,135.4,5.37,36.4,38.7,18.6
2026-04-17 06:30:06,0.0,87.1,104.0,7.22,36.4,40.7,18.6
2026-04-17 06:30:06,0.0,100.4,114.0,6.76,37.0,45.0,18.6
2026-04-17 06:30:06,0.0,91.3,114.4,6.4,37.0,37.1,18.5
2026-04-17 06:30:06,0.0,96.2,119.6,5.82,35.3,36.2,18.6
2026-04-17 06:30:06,0.0,106.0,128.9,5.68,37.0,41.7,18.6
2026-04-17 06:30:07,0.0,97.6,116.9,6.32,37.0,35.9,18.6
2026-04-17 06:30:07,0.0,88.3,107.2,6.35,36.4,41.0,18.6
2026-04-17 06:30:07,0.0,90.2,110.0,5.94,37.0,33.3,18.5
2026-04-17 06:30:07,0.0,91.2,114.5,5.96,37.5,39.1,18.5
2026-04-17 06:30:07,0.0,89.3,112.3,6.08,36.4,32.8,18.5
2026-04-17 06:30:07,0.0,107.4,127.8,5.41,35.9,36.5,18.4
2026-04-17 06:30:08,0.0,90.7,114.8,6.62,37.0,41.0,18.5
2026-04-17 06:30:08,0.0,83.8,107.0,6.31,36.4,32.3,18.5
2026-04-17 06:30:08,0.0,105.2,120.8,6.48,35.3,42.6,18.5
2026-04-17 06:30:08,0.0,102.7,125.8,6.09,36.4,36.9,18.5
2026-04-17 06:30:08,0.0,93.8,114.9,6.34,35.9,36.1,18.5
2026-04-17 06:30:08,0.0,115.5,134.1,5.31,37.0,37.5,18.5
2026-04-17 06:30:09,0.0,83.2,100.4,7.45,37.0,42.9,18.5
2026-04-17 06:30:09,0.0,107.5,123.5,6.35,37.0,41.3,18.5
2026-04-17 06:30:09,0.0,88.1,111.2,6.8,37.0,35.6,18.5
2026-04-17 06:30:09,0.0,95.4,108.6,7.02,37.0,43.9,18.6
2026-04-17 06:30:09,0.0,95.5,117.9,6.06,35.9,36.9,18.5
2026-04-17 06:30:09,0.0,94.7,117.7,6.04,37.0,37.7,18.5
2026-04-17 06:30:09,0.0,96.3,111.7,5.95,35.9,35.4,18.5
2026-04-17 06:30:10,0.0,87.5,109.8,6.34,36.4,37.5,18.6
2026-04-17 06:30:10,0.0,87.3,98.3,7.47,35.9,43.4,18.6
2026-04-17 06:30:10,0.0,86.3,109.6,6.07,35.9,33.8,18.6
2026-04-17 06:30:10,0.0,103.9,116.9,6.63,35.9,40.4,18.5
2026-04-17 06:30:10,0.0,100.5,129.7,5.91,36.4,33.3,18.6
2026-04-17 06:30:10,0.0,90.6,113.1,6.64,36.4,33.9,18.5
2026-04-17 06:30:11,0.0,117.7,140.6,5.16,36.4,40.3,18.6
2026-04-17 06:30:11,0.0,109.7,125.1,6.31,36.4,40.3,18.6
2026-04-17 06:30:11,0.0,88.7,112.4,6.84,37.0,41.9,18.6
2026-04-17 06:30:11,0.0,105.6,128.3,5.47,36.4,33.8,18.6
2026-04-17 06:30:11,0.0,94.8,117.9,6.41,36.4,39.1,18.6
2026-04-17 06:30:11,0.0,90.9,113.2,6.15,35.9,34.4,18.6
2026-04-17 06:30:12,0.0,89.4,111.7,6.05,37.0,35.4,18.7
2026-04-17 06:30:12,0.0,91.3,107.5,5.93,35.9,37.9,18.7
2026-04-17 06:30:12,0.0,101.0,124.0,5.68,37.0,35.2,18.8
2026-04-17 06:30:12,0.0,87.0,109.2,6.49,37.0,36.2,18.8
2026-04-17 06:30:12,0.0,88.6,101.5,7.41,37.5,38.5,18.8
2026-04-17 06:30:12,0.0,89.2,112.8,6.01,37.0,34.8,18.9
2026-04-17 06:30:13,0.0,85.6,108.7,6.17,37.0,30.6,18.8
2026-04-17 06:30:13,0.0,93.4,107.7,7.03,37.0,47.5,18.8
2026-04-17 06:30:13,0.0,107.4,130.0,5.57,36.4,45.3,18.8
2026-04-17 06:30:13,0.0,98.7,118.0,6.34,35.9,43.9,18.8
2026-04-17 06:30:13,0.0,106.5,129.5,5.73,36.4,36.2,18.8
2026-04-17 06:30:13,0.0,93.4,114.1,6.52,35.9,33.3,18.8
2026-04-17 06:30:13,0.0,95.2,112.5,5.93,37.0,35.4,18.7
2026-04-17 06:30:14,0.0,92.1,115.8,6.09,37.0,38.8,18.8
2026-04-17 06:30:14,0.0,124.6,147.6,5.05,37.0,38.0,18.8
2026-04-17 06:30:14,0.0,93.9,116.8,5.91,36.4,32.8,18.8
2026-04-17 06:30:14,0.0,85.5,107.8,6.32,35.9,34.9,18.8
2026-04-17 06:30:14,0.0,85.0,106.8,7.11,35.9,42.9,18.8
2026-04-17 06:30:14,0.0,87.7,110.9,6.19,37.0,38.8,18.8
2026-04-17 06:30:15,0.0,93.5,101.1,7.2,35.9,41.8,18.8
2026-04-17 06:30:15,0.0,89.9,112.7,6.14,36.4,33.8,18.8
2026-04-17 06:30:15,0.0,101.5,124.6,5.61,36.4,36.6,18.9
2026-04-17 06:30:15,0.0,85.6,108.7,6.52,36.4,34.5,18.9
2026-04-17 06:30:15,0.0,86.5,98.3,7.6,37.5,46.3,18.9
2026-04-17 06:30:15,0.0,95.8,108.6,7.02,36.4,45.8,18.9
2026-04-17 06:30:16,0.0,107.4,130.4,5.61,37.0,33.3,18.9
2026-04-17 06:30:16,0.0,96.4,115.5,6.43,37.5,37.1,18.9
2026-04-17 06:30:16,0.0,97.7,121.0,5.94,35.9,36.9,18.9
2026-04-17 06:30:16,0.0,118.5,137.7,5.35,35.9,40.3,18.9
2026-04-17 06:30:16,0.0,84.5,98.8,7.54,37.0,41.5,18.8
2026-04-17 06:30:16,0.0,92.5,105.7,7.08,36.4,41.8,18.9
2026-04-17 06:30:17,0.0,86.1,109.1,6.25,36.4,34.9,18.8
2026-04-17 06:30:17,0.0,100.6,116.4,6.67,37.0,40.4,18.9
2026-04-17 06:30:17,0.0,103.3,125.8,5.97,36.4,33.8,18.9
2026-04-17 06:30:17,0.0,96.3,119.5,6.27,35.9,42.4,18.9
2026-04-17 06:30:17,0.0,84.3,108.9,6.4,36.4,38.1,19.0
2026-04-17 06:30:17,0.0,82.5,95.8,7.7,35.9,42.6,19.0
2026-04-17 06:30:17,0.0,86.0,102.8,7.32,37.0,43.6,19.0
2026-04-17 06:30:18,0.0,83.4,97.4,7.64,37.0,37.3,19.0
2026-04-17 06:30:18,0.0,95.9,112.1,6.86,37.0,42.1,19.0
2026-04-17 06:30:18,0.0,88.9,112.0,6.27,36.4,32.3,19.0
2026-04-17 06:30:18,0.0,93.3,108.5,5.85,37.0,36.8,19.0
2026-04-17 06:30:18,0.0,107.4,130.1,5.54,35.9,34.3,19.0
2026-04-17 06:30:18,0.0,91.6,113.3,6.61,35.9,35.6,19.0
2026-04-17 06:30:19,0.0,92.2,115.0,6.0,35.9,32.8,19.0
2026-04-17 06:30:19,0.0,87.1,110.2,6.19,37.0,44.6,19.0
2026-04-17 06:30:19,0.0,87.3,100.3,7.44,35.9,43.4,19.0
2026-04-17 06:30:19,0.0,88.5,111.3,5.99,35.9,33.8,19.0
2026-04-17 06:30:19,0.0,84.7,110.3,6.05,36.4,32.8,19.1
2026-04-17 06:30:19,0.0,86.2,98.7,7.55,35.9,37.3,19.1
2026-04-17 06:30:19,0.0,89.0,101.5,7.37,37.0,42.6,19.1
2026-04-17 06:30:20,0.0,92.4,115.3,5.88,36.4,33.8,19.1
2026-04-17 06:30:20,0.0,100.9,123.5,5.71,37.0,31.8,19.1
2026-04-17 06:30:20,0.0,92.1,116.8,6.27,38.0,36.5,19.1
2026-04-17 06:30:20,0.0,88.7,111.6,6.19,35.3,40.9,19.2
2026-04-17 06:30:20,0.0,88.7,111.8,6.0,35.3,35.8,19.2
2026-04-17 06:30:20,0.0,83.6,106.6,6.2,35.9,36.4,19.2
2026-04-17 06:30:21,0.0,120.5,136.6,5.87,36.4,45.3,19.2
2026-04-17 06:30:21,0.0,93.6,105.7,7.16,36.4,44.8,19.2
2026-04-17 06:30:21,0.0,92.7,116.1,5.95,36.4,36.8,19.2
2026-04-17 06:30:21,0.0,102.7,124.8,5.73,35.3,38.9,19.2
2026-04-17 06:30:21,0.0,100.4,120.9,6.09,35.9,40.0,19.2
2026-04-17 06:30:21,0.0,97.4,119.1,6.11,35.3,33.8,19.2
2026-04-17 06:30:22,0.0,95.2,117.4,6.08,35.9,39.4,19.2
2026-04-17 06:30:22,0.0,117.1,135.7,5.31,35.9,37.0,19.2
2026-04-17 06:30:22,0.0,91.1,104.9,7.12,35.9,43.1,19.3
2026-04-17 06:30:22,0.0,98.8,122.0,5.73,37.0,34.3,19.3
2026-04-17 06:30:22,0.0,86.1,107.3,6.5,36.4,32.8,19.2
2026-04-17 06:30:22,0.0,88.4,102.7,7.3,37.0,52.7,19.2
2026-04-17 06:30:23,0.0,86.4,109.4,6.12,35.9,32.8,19.2
2026-04-17 06:30:23,0.0,86.5,99.4,7.51,37.0,42.6,19.2
2026-04-17 06:30:23,0.0,103.0,116.5,6.66,35.3,41.4,19.2
2026-04-17 06:30:23,0.0,88.6,111.0,6.59,36.4,41.3,19.2
2026-04-17 06:30:23,0.0,86.4,109.9,6.07,37.0,35.9,19.2
2026-04-17 06:30:23,0.0,84.0,96.8,7.67,35.9,43.9,19.2
2026-04-17 06:30:23,0.0,109.3,125.1,6.31,35.3,41.3,19.2
2026-04-17 06:30:24,0.0,86.8,109.8,6.94,36.4,36.8,19.2
2026-04-17 06:30:24,0.0,87.0,101.4,7.4,37.0,42.6,19.2
2026-04-17 06:30:24,0.0,86.8,98.6,7.56,37.0,40.4,19.2
2026-04-17 06:30:24,0.0,103.4,104.2,6.62,35.9,54.8,19.2
2026-04-17 06:30:24,0.0,101.6,124.6,6.14,37.0,35.9,19.3
2026-04-17 06:30:24,0.0,85.4,106.2,6.64,36.4,36.2,19.3
2026-04-17 06:30:24,0.0,89.4,103.8,7.28,37.0,40.7,19.3
2026-04-17 06:30:25,0.0,88.1,111.3,6.05,35.9,35.4,19.2
2026-04-17 06:30:25,0.0,84.5,107.8,6.13,36.4,36.2,19.2
2026-04-17 06:30:25,0.0,89.4,103.0,7.25,37.0,41.8,19.2
2026-04-17 06:30:25,0.0,95.4,117.7,5.79,35.3,36.8,19.1
2026-04-17 06:30:25,0.0,85.4,108.1,6.39,36.4,34.9,19.1
2026-04-17 06:30:25,0.0,84.0,97.4,7.59,37.5,40.0,19.1
2026-04-17 06:30:25,0.0,99.4,114.9,6.72,37.5,42.6,19.1
2026-04-17 06:30:26,0.0,85.6,108.2,6.55,37.0,33.3,19.1
2026-04-17 06:30:26,0.0,94.9,109.3,7.01,35.9,41.1,19.2
2026-04-17 06:30:26,0.0,86.6,113.5,6.16,37.0,32.3,19.2
2026-04-17 06:30:26,0.0,107.1,130.3,5.46,36.4,38.7,19.2
2026-04-17 06:30:26,0.0,87.6,109.8,6.79,37.0,41.7,19.2
2026-04-17 06:30:26,0.0,100.5,112.2,6.85,37.0,50.0,19.2
2026-04-17 06:30:27,0.0,123.6,145.8,5.26,35.9,35.1,19.3
2026-04-17 06:30:27,0.0,99.4,122.7,5.68,36.4,33.3,19.4
2026-04-17 06:30:27,0.0,94.6,118.0,6.19,37.0,33.3,19.4
2026-04-17 06:30:27,0.0,95.1,116.0,5.99,35.9,34.9,19.4
2026-04-17 06:30:27,0.0,90.3,111.9,6.18,35.3,37.9,19.4
2026-04-17 06:30:27,0.0,83.5,106.1,6.26,36.4,34.9,19.5
2026-04-17 06:30:28,0.0,83.9,100.1,7.47,37.5,41.5,19.5
2026-04-17 06:30:28,0.0,94.6,111.5,6.89,37.0,38.9,19.5
2026-04-17 06:30:28,0.0,88.5,108.9,6.28,35.3,36.5,19.6
2026-04-17 06:30:28,0.0,88.7,100.6,7.43,36.4,47.4,19.6
2026-04-17 06:30:28,0.0,95.8,118.8,5.8,35.9,28.1,19.6
2026-04-17 06:30:28,0.0,110.7,133.9,5.5,35.3,34.8,19.7
2026-04-17 06:30:29,0.0,122.9,144.1,5.6,37.0,47.2,19.7
2026-04-17 06:30:29,0.0,95.7,118.8,5.79,37.0,32.4,19.7
2026-04-17 06:30:29,0.0,98.9,121.7,5.9,36.4,37.9,19.7
2026-04-17 06:30:29,0.0,94.0,117.0,6.18,35.9,36.9,19.7
2026-04-17 06:30:29,0.0,86.1,107.1,6.3,36.4,37.5,19.7
2026-04-17 06:30:29,0.0,86.0,99.6,7.5,35.9,40.4,19.7
2026-04-17 06:30:29,0.0,86.9,98.6,7.44,35.9,41.2,19.7
2026-04-17 06:30:30,0.0,87.6,99.7,7.48,37.0,46.4,19.7
2026-04-17 06:30:30,0.0,97.0,108.4,7.01,36.4,40.7,19.6
2026-04-17 06:30:30,0.0,85.6,108.7,6.44,36.4,30.5,19.6
2026-04-17 06:30:30,0.0,92.3,104.0,7.15,36.4,43.9,19.6
2026-04-17 06:30:30,0.0,90.7,115.6,5.99,36.4,33.3,19.5
2026-04-17 06:30:30,0.0,102.3,125.2,5.67,36.4,36.6,19.5
2026-04-17 06:30:31,0.0,89.3,111.5,6.51,37.0,37.1,19.5
2026-04-17 06:30:31,0.0,114.8,137.8,5.21,35.9,41.0,19.5
2026-04-17 06:30:31,0.0,91.6,109.8,6.98,37.0,37.9,19.4
2026-04-17 06:30:31,0.0,89.0,110.6,6.09,37.5,35.4,19.4
2026-04-17 06:30:31,0.0,95.8,118.3,5.77,35.9,38.2,19.4
2026-04-17 06:30:31,0.0,85.2,108.0,6.41,36.4,39.1,19.4
2026-04-17 06:30:32,0.0,84.0,99.4,7.52,35.9,40.4,19.4
2026-04-17 06:30:32,0.0,106.0,121.0,6.48,37.0,45.0,19.4
2026-04-17 06:30:32,0.0,87.4,110.5,6.75,36.4,37.3,19.4
2026-04-17 06:30:32,0.0,115.5,127.8,6.2,36.4,37.7,19.4
2026-04-17 06:30:32,0.0,117.7,135.7,5.91,36.4,47.1,19.4
2026-04-17 06:30:32,0.0,89.2,101.8,7.27,36.4,43.6,19.4
2026-04-17 06:30:32,0.0,97.0,122.6,5.65,35.9,36.1,19.4
2026-04-17 06:30:33,0.0,84.7,106.1,6.59,34.8,32.2,19.4
2026-04-17 06:30:33,0.0,91.1,103.8,7.14,35.9,46.6,19.4
2026-04-17 06:30:33,0.0,86.5,110.1,6.16,35.3,34.9,19.4
2026-04-17 06:30:33,0.0,83.6,96.0,7.71,35.9,39.6,19.4
2026-04-17 06:30:33,0.0,103.3,119.4,6.54,37.0,41.7,19.4
2026-04-17 06:30:33,0.0,84.7,107.9,6.74,36.4,35.6,19.4
2026-04-17 06:30:33,0.0,97.4,112.4,6.86,36.4,43.3,19.4
2026-04-17 06:30:34,0.0,103.1,127.4,5.76,35.9,41.2,19.4
2026-04-17 06:30:34,0.0,84.5,107.5,6.83,35.9,33.9,19.4
2026-04-17 06:30:34,0.0,86.9,102.7,7.34,37.0,43.6,19.4
2026-04-17 06:30:34,0.0,88.0,100.2,7.46,37.0,46.4,19.5
2026-04-17 06:30:34,0.0,86.6,108.1,6.06,35.9,35.9,19.4
2026-04-17 06:30:34,0.0,84.1,96.6,7.66,36.4,38.5,19.4
2026-04-17 06:30:35,0.0,98.0,113.6,6.79,37.5,41.1,19.5
2026-04-17 06:30:35,0.0,107.6,130.6,5.68,35.9,32.8,19.5
2026-04-17 06:30:35,0.0,87.3,107.0,6.83,37.0,39.7,19.5
2026-04-17 06:30:35,0.0,92.8,105.0,7.21,37.0,42.9,19.5
2026-04-17 06:30:35,0.0,84.9,109.9,6.23,37.0,38.8,19.5
2026-04-17 06:30:35,0.0,88.9,99.4,7.38,36.4,51.0,19.5
2026-04-17 06:30:35,0.0,95.1,118.7,5.73,37.5,34.8,19.5
2026-04-17 06:30:36,0.0,84.1,107.1,6.51,35.3,35.9,19.5
2026-04-17 06:30:36,0.0,93.5,109.3,7.0,35.3,41.8,19.6
2026-04-17 06:30:36,0.0,85.5,108.8,6.31,35.3,34.4,19.6
2026-04-17 06:30:36,0.0,108.1,122.1,6.42,36.4,41.9,19.7
2026-04-17 06:30:36,0.0,93.2,116.2,6.59,36.4,35.6,19.7
2026-04-17 06:30:36,0.0,118.9,141.7,5.19,35.3,34.7,19.7
2026-04-17 06:30:37,0.0,97.4,109.4,6.9,36.4,42.1,19.8
2026-04-17 06:30:37,0.0,105.2,128.4,5.73,35.3,40.8,19.8
2026-04-17 06:30:37,0.0,88.2,110.7,6.65,36.4,35.6,19.9
2026-04-17 06:30:37,0.0,90.7,111.0,5.95,36.4,35.4,19.9
2026-04-17 06:30:37,0.0,104.4,127.3,5.55,37.0,45.3,19.9
2026-04-17 06:30:37,0.0,87.3,109.4,6.68,37.5,36.8,19.9
2026-04-17 06:30:38,0.0,90.8,103.2,7.3,37.0,45.6,20.0
2026-04-17 06:30:38,0.0,114.2,137.7,5.26,36.4,37.3,20.0
2026-04-17 06:30:38,0.0,86.5,103.1,7.23,36.4,38.2,20.0
2026-04-17 06:30:38,0.0,88.0,103.6,7.28,37.0,41.5,20.1
2026-04-17 06:30:38,0.0,97.5,120.5,5.76,37.0,37.5,20.1
2026-04-17 06:30:38,0.0,89.0,114.0,6.22,36.4,40.6,20.1
2026-04-17 06:30:38,0.0,83.0,106.1,6.34,36.4,32.3,20.1
2026-04-17 06:30:39,0.0,97.3,114.0,6.77,36.4,43.3,20.1
2026-04-17 06:30:39,0.0,87.3,110.3,6.39,37.5,36.1,20.1
2026-04-17 06:30:39,0.0,103.2,115.4,6.71,36.4,42.4,20.2
2026-04-17 06:30:39,0.0,102.4,125.5,6.03,37.0,32.3,20.2
2026-04-17 06:30:39,0.0,118.6,141.7,5.47,35.9,44.6,20.1
2026-04-17 06:30:39,0.0,102.1,119.4,6.52,36.4,35.7,20.1
2026-04-17 06:30:40,0.0,112.1,135.1,5.77,37.0,37.3,20.1
2026-04-17 06:30:40,0.0,85.8,106.6,7.14,36.4,38.6,20.1
2026-04-17 06:30:40,0.0,92.1,106.1,7.16,35.9,39.6,20.2
2026-04-17 06:30:40,0.0,90.0,113.2,6.07,37.5,39.1,20.2
2026-04-17 06:30:40,0.0,87.9,111.1,6.09,38.0,29.5,20.2
2026-04-17 06:30:40,0.0,86.9,110.6,6.01,37.0,30.0,20.2
2026-04-17 06:30:41,0.0,100.8,123.8,5.57,36.4,32.4,20.2
2026-04-17 06:30:41,0.0,105.9,129.2,5.78,35.3,32.8,20.2
2026-04-17 06:30:41,0.0,105.6,128.4,6.06,35.3,37.1,20.3
2026-04-17 06:30:41,0.0,94.8,117.9,6.41,37.0,39.1,20.3
2026-04-17 06:30:41,0.0,85.0,106.6,6.37,36.4,36.5,20.2
2026-04-17 06:30:41,0.0,122.3,136.9,5.86,35.3,44.3,20.2
2026-04-17 06:30:42,0.0,109.6,132.0,5.33,36.4,40.0,20.2
2026-04-17 06:30:42,0.0,95.3,118.4,6.57,35.9,39.3,20.2
2026-04-17 06:30:42,0.0,102.1,125.1,5.78,35.3,33.3,20.2
2026-04-17 06:30:42,0.0,117.9,141.0,5.48,35.9,38.4,20.2
2026-04-17 06:30:42,0.0,84.5,99.5,7.52,35.9,37.7,20.2
2026-04-17 06:30:42,0.0,101.9,116.7,6.63,37.5,45.9,20.2
2026-04-17 06:30:43,0.0,86.0,109.0,6.64,37.0,31.6,20.2
2026-04-17 06:30:43,0.0,94.1,108.0,7.07,37.0,43.9,20.2
2026-04-17 06:30:43,0.0,88.1,111.3,6.23,36.4,36.5,20.2
2026-04-17 06:30:43,0.0,92.7,114.7,5.84,36.4,34.3,20.2
2026-04-17 06:30:43,0.0,105.4,128.6,5.57,35.9,37.5,20.1
2026-04-17 06:30:43,0.0,92.6,115.3,6.51,36.4,36.7,20.1
2026-04-17 06:30:43,0.0,86.9,109.9,6.21,35.3,39.1,20.1
2026-04-17 06:30:44,0.0,96.6,110.1,6.92,36.4,48.2,20.1
2026-04-17 06:30:44,0.0,109.1,131.9,5.64,35.9,39.4,20.1
2026-04-17 06:30:44,0.0,93.1,116.9,6.61,35.9,37.3,20.1
2026-04-17 06:30:44,0.0,95.2,118.4,5.95,36.4,37.3,20.1
2026-04-17 06:30:44,0.0,90.7,112.5,6.17,37.0,38.8,20.0
2026-04-17 06:30:44,0.0,95.1,116.8,5.85,35.9,38.9,20.0
2026-04-17 06:30:45,0.0,91.6,113.9,6.13,37.0,36.9,20.0
2026-04-17 06:30:45,0.0,88.0,107.3,6.14,35.9,36.9,20.0
2026-04-17 06:30:45,0.0,85.8,108.5,6.08,37.0,32.8,20.0
2026-04-17 06:30:45,0.0,113.1,140.0,5.06,38.0,37.3,20.0
2026-04-17 06:30:45,0.0,86.4,101.1,7.37,37.0,37.7,20.0
2026-04-17 06:30:45,0.0,96.1,109.5,6.98,37.0,41.8,20.1
2026-04-17 06:30:46,0.0,92.6,115.3,6.13,37.0,39.7,20.1
2026-04-17 06:30:46,0.0,87.7,110.8,6.19,37.0,31.1,20.1
2026-04-17 06:30:46,0.0,87.6,103.2,7.31,36.4,40.4,20.1
2026-04-17 06:30:46,0.0,90.9,113.5,6.0,36.4,34.8,20.1
2026-04-17 06:30:46,0.0,107.0,130.3,5.48,35.9,37.3,20.1
2026-04-17 06:30:46,0.0,86.5,109.2,6.86,35.9,33.3,20.1
2026-04-17 06:30:47,0.0,110.9,124.1,6.34,36.4,43.9,20.1
2026-04-17 06:30:47,0.0,101.3,123.5,6.37,37.5,39.0,20.1
2026-04-17 06:30:47,0.0,95.2,118.0,6.22,37.0,38.8,20.1
2026-04-17 06:30:47,0.0,83.0,105.9,6.48,37.0,36.5,20.2
2026-04-17 06:30:47,0.0,90.3,107.1,7.11,35.9,40.0,20.2
2026-04-17 06:30:47,0.0,87.8,111.3,6.08,37.5,34.4,20.2
2026-04-17 06:30:47,0.0,85.3,108.4,6.11,35.9,30.2,20.3
2026-04-17 06:30:48,0.0,106.9,121.3,6.46,36.4,49.2,20.3
2026-04-17 06:30:48,0.0,93.7,116.9,6.52,36.4,38.3,20.3
2026-04-17 06:30:48,0.0,87.3,110.4,6.24,35.3,38.1,20.3
2026-04-17 06:30:48,0.0,87.7,103.4,7.3,35.3,39.6,20.4
2026-04-17 06:30:48,0.0,89.8,111.8,6.04,35.9,37.9,20.3
2026-04-17 06:30:48,0.0,87.8,110.8,6.1,36.4,32.8,20.3
2026-04-17 06:30:49,0.0,103.5,116.0,6.69,36.4,39.3,20.3
2026-04-17 06:30:49,0.0,102.4,125.5,6.06,36.4,39.4,20.3
2026-04-17 06:30:49,0.0,86.4,109.4,6.65,36.4,37.7,20.4
2026-04-17 06:30:49,0.0,97.4,111.0,6.9,36.4,40.0,20.4
2026-04-17 06:30:49,0.0,89.4,112.2,6.33,36.4,35.5,20.4
2026-04-17 06:30:49,0.0,92.0,115.2,5.9,37.0,35.8,20.4
2026-04-17 06:30:50,0.0,91.4,110.3,6.03,36.4,35.8,20.4
2026-04-17 06:30:50,0.0,137.7,160.6,4.69,37.0,38.1,20.5
2026-04-17 06:30:50,0.0,91.3,114.3,6.52,37.0,38.7,20.5
2026-04-17 06:30:50,0.0,101.8,125.1,5.65,37.0,39.2,20.5
2026-04-17 06:30:50,0.0,130.4,153.4,5.13,37.5,33.3,20.5
2026-04-17 06:30:50,0.0,84.7,107.8,6.48,36.4,37.1,20.5
2026-04-17 06:30:51,0.0,109.1,124.0,6.34,36.4,42.2,20.5
2026-04-17 06:30:51,0.0,90.9,113.2,6.74,37.0,32.7,20.5
2026-04-17 06:30:51,0.0,83.3,106.2,6.29,35.3,34.9,20.5
2026-04-17 06:30:51,0.0,103.9,120.7,6.49,35.9,41.7,20.6
2026-04-17 06:30:51,0.0,100.4,125.2,6.06,35.9,32.3,20.6
2026-04-17 06:30:51,0.0,108.5,131.3,5.79,36.4,35.8,20.6
2026-04-17 06:30:52,0.0,106.4,129.3,6.07,35.9,35.5,20.6
2026-04-17 06:30:52,0.0,112.9,136.0,5.78,36.4,42.9,20.6
2026-04-17 06:30:52,0.0,103.8,123.6,6.35,37.0,45.5,20.6
2026-04-17 06:30:52,0.0,115.8,139.1,5.6,36.4,39.4,20.6
2026-04-17 06:30:52,0.0,108.0,124.5,6.31,36.4,41.0,20.6
2026-04-17 06:30:52,0.0,88.5,111.6,6.79,36.4,30.9,20.6
2026-04-17 06:30:53,0.0,94.4,117.2,5.8,35.3,33.3,20.6
2026-04-17 06:30:53,0.0,109.1,132.0,5.52,35.3,37.5,20.6
2026-04-17 06:30:53,0.0,85.2,108.3,7.01,36.4,35.7,20.6
2026-04-17 06:30:53,0.0,90.9,105.7,7.18,36.4,43.6,20.6
2026-04-17 06:30:53,0.0,96.7,119.0,5.81,35.9,36.2,20.5
2026-04-17 06:30:53,0.0,87.2,111.9,6.29,36.4,32.8,20.5
2026-04-17 06:30:53,0.0,93.7,115.9,5.84,36.4,36.2,20.6
2026-04-17 06:30:54,0.0,101.1,123.9,5.75,35.3,33.3,20.6
2026-04-17 06:30:54,0.0,105.1,128.0,5.87,34.8,29.2,20.6
2026-04-17 06:30:54,0.0,97.6,120.5,6.28,35.9,39.7,20.6
2026-04-17 06:30:54,0.0,91.9,114.7,6.22,35.9,36.5,20.6
2026-04-17 06:30:54,0.0,111.6,134.5,5.37,35.9,42.5,20.6
2026-04-17 06:30:54,0.0,85.0,105.8,7.08,35.3,39.3,20.6
2026-04-17 06:30:55,0.0,96.0,110.7,6.92,36.4,39.3,20.6
2026-04-17 06:30:55,0.0,89.4,111.8,6.31,37.5,37.1,20.6
2026-04-17 06:30:55,0.0,88.3,111.6,6.03,36.4,36.4,20.5
2026-04-17 06:30:55,0.0,87.3,109.4,6.04,35.3,31.3,20.5
2026-04-17 06:30:55,0.0,84.0,96.1,7.7,35.9,41.2,20.5
2026-04-17 06:30:55,0.0,91.5,107.2,7.11,37.0,44.8,20.5
2026-04-17 06:30:56,0.0,83.4,106.6,6.3,36.4,34.4,20.4
2026-04-17 06:30:56,0.0,98.3,112.4,6.75,35.3,36.8,20.4
2026-04-17 06:30:56,0.0,103.0,126.0,5.84,36.4,39.1,20.4
2026-04-17 06:30:56,0.0,84.1,107.1,6.77,35.3,38.7,20.4
2026-04-17 06:30:56,0.0,106.0,121.3,6.44,37.0,41.3,20.4
2026-04-17 06:30:56,0.0,88.0,110.6,6.74,37.0,40.7,20.4
2026-04-17 06:30:56,0.0,84.0,105.6,6.13,36.4,30.2,20.4
2026-04-17 06:30:57,0.0,124.8,140.0,5.75,37.0,53.5,20.4
2026-04-17 06:30:57,0.0,86.4,109.3,6.2,35.9,34.8,20.4
2026-04-17 06:30:57,0.0,93.0,106.0,7.15,37.0,43.9,20.4
2026-04-17 06:30:57,0.0,85.2,108.8,6.27,35.9,37.5,20.4
2026-04-17 06:30:57,0.0,98.6,112.4,6.85,35.3,39.7,20.4
2026-04-17 06:30:57,0.0,93.7,117.0,6.17,36.4,35.4,20.5
2026-04-17 06:30:58,0.0,111.7,134.5,5.42,37.0,36.1,20.5
2026-04-17 06:30:58,0.0,84.0,105.6,7.19,35.3,33.3,20.5
2026-04-17 06:30:58,0.0,101.3,117.9,6.61,34.8,39.7,20.5
2026-04-17 06:30:58,0.0,96.3,119.4,6.22,36.4,41.2,20.5
2026-04-17 06:30:58,0.0,126.9,151.1,5.04,36.4,43.0,20.5
2026-04-17 06:30:58,0.0,95.5,118.6,5.99,36.4,34.4,20.6
2026-04-17 06:30:59,0.0,91.3,113.7,6.16,36.4,35.4,20.6
2026-04-17 06:30:59,0.0,92.8,116.6,5.92,36.4,39.1,20.6
2026-04-17 06:30:59,0.0,88.3,111.4,6.2,35.9,31.7,20.7
2026-04-17 06:30:59,0.0,84.8,105.0,6.13,36.4,35.4,20.7
2026-04-17 06:30:59,0.0,83.2,98.6,7.58,35.9,41.5,20.8
2026-04-17 06:30:59,0.0,89.8,108.3,7.05,36.4,40.4,20.8
2026-04-17 06:31:00,0.0,102.4,123.8,5.6,35.9,37.1,20.8
2026-04-17 06:31:00,0.0,93.3,116.4,6.41,36.4,36.5,20.8
2026-04-17 06:31:00,0.0,87.6,110.6,6.21,35.9,41.4,20.8
2026-04-17 06:31:00,0.0,87.8,99.9,7.48,35.9,43.4,20.8
2026-04-17 06:31:00,0.0,86.1,109.1,6.07,34.8,36.4,20.8
2026-04-17 06:31:00,0.0,84.1,97.7,7.63,36.4,40.7,20.8
2026-04-17 06:31:00,0.0,104.3,120.1,6.51,37.5,42.4,20.8
2026-04-17 06:31:01,0.0,115.5,138.5,5.62,37.0,38.0,20.8
2026-04-17 06:31:01,0.0,92.6,110.0,6.95,35.9,40.0,20.8
2026-04-17 06:31:01,0.0,96.3,119.5,5.87,36.4,34.8,20.8
2026-04-17 06:31:01,0.0,105.5,128.6,5.69,35.3,34.3,20.8
2026-04-17 06:31:01,0.0,91.8,115.1,6.52,35.9,38.3,20.8
2026-04-17 06:31:01,0.0,99.6,122.6,5.75,36.4,32.8,20.8
2026-04-17 06:31:02,0.0,97.8,120.3,6.07,37.0,38.8,20.9
2026-04-17 06:31:02,0.0,103.1,125.9,5.81,35.9,42.6,20.9
2026-04-17 06:31:02,0.0,96.2,118.3,6.28,35.9,38.1,20.9
2026-04-17 06:31:02,0.0,102.6,125.0,5.78,35.3,36.2,20.9
2026-04-17 06:31:02,0.0,96.7,119.9,6.22,35.3,39.1,20.9
2026-04-17 06:31:02,0.0,120.8,143.9,5.24,35.9,33.3,20.9
2026-04-17 06:31:03,0.0,91.0,102.5,7.32,37.0,48.3,20.9
2026-04-17 06:31:03,0.0,121.0,144.3,5.08,37.0,36.1,20.9
2026-04-17 06:31:03,0.0,87.4,99.4,7.5,37.5,39.6,20.9
2026-04-17 06:31:03,0.0,95.7,121.8,5.63,37.0,32.4,20.7
2026-04-17 06:31:03,0.0,86.7,109.8,6.48,35.9,34.4,20.8
2026-04-17 06:31:03,0.0,104.6,117.8,6.61,35.3,42.6,20.8
2026-04-17 06:31:04,0.0,97.5,120.4,6.26,35.9,37.1,20.8
2026-04-17 06:31:04,0.0,86.0,111.3,6.36,35.9,36.1,20.9
2026-04-17 06:31:04,0.0,84.7,107.8,6.14,35.9,29.0,20.9
2026-04-17 06:31:04,0.0,87.4,103.5,7.3,37.0,43.6,20.9
2026-04-17 06:31:04,0.0,95.0,103.1,7.16,37.5,42.9,20.9
2026-04-17 06:31:04,0.0,88.1,111.2,6.26,37.0,33.3,20.9
2026-04-17 06:31:04,0.0,93.9,117.6,5.76,35.9,38.9,20.9
2026-04-17 06:31:05,0.0,85.6,109.7,6.32,35.9,30.0,20.9
2026-04-17 06:31:05,0.0,96.7,109.6,6.98,35.9,38.2,21.0
2026-04-17 06:31:05,0.0,104.1,127.0,5.75,36.4,36.2,21.0
2026-04-17 06:31:05,0.0,93.9,116.9,6.39,37.0,41.2,21.0
2026-04-17 06:31:05,0.0,83.7,105.3,6.38,36.4,33.9,21.0
2026-04-17 06:31:05,0.0,85.9,104.5,7.25,37.0,50.0,21.0
2026-04-17 06:31:06,0.0,89.5,112.4,5.96,38.0,32.3,21.0
2026-04-17 06:31:06,0.0,94.0,117.0,5.85,37.0,32.4,21.0
2026-04-17 06:31:06,0.0,92.1,116.4,5.95,36.4,35.8,21.1
2026-04-17 06:31:06,0.0,92.6,115.5,6.1,36.4,31.7,21.1
2026-04-17 06:31:06,0.0,94.9,110.6,5.92,35.9,37.3,21.1
2026-04-17 06:31:06,0.0,84.9,107.2,6.39,35.9,35.5,21.1
2026-04-17 06:31:07,0.0,98.5,113.5,6.8,36.4,38.9,21.2
2026-04-17 06:31:07,0.0,95.5,119.8,6.07,35.9,36.5,21.2
2026-04-17 06:31:07,0.0,100.7,126.0,5.75,35.9,35.9,21.2
2026-04-17 06:31:07,0.0,89.3,112.3,6.6,35.9,33.9,21.2
2026-04-17 06:31:07,0.0,94.5,117.6,5.82,36.4,33.8,21.1
2026-04-17 06:31:07,0.0,90.5,114.5,6.11,35.3,35.9,21.1
2026-04-17 06:31:08,0.0,137.9,161.4,4.68,36.4,39.0,21.1
2026-04-17 06:31:08,0.0,89.8,115.3,6.51,37.0,33.3,21.0
2026-04-17 06:31:08,0.0,88.3,110.1,6.09,35.9,34.4,21.0
2026-04-17 06:31:08,0.0,103.2,126.8,5.54,36.4,37.8,21.1
2026-04-17 06:31:08,0.0,106.5,129.5,5.91,35.9,35.3,21.0
2026-04-17 06:31:08,0.0,84.7,107.7,6.9,37.0,36.4,21.0
2026-04-17 06:31:09,0.0,108.3,122.9,6.36,36.4,43.8,21.0
2026-04-17 06:31:09,0.0,86.1,109.4,6.93,36.4,34.6,21.1
2026-04-17 06:31:09,0.0,95.0,106.5,7.04,36.4,45.9,21.1
2026-04-17 06:31:09,0.0,90.1,117.4,6.03,37.5,35.8,21.1
2026-04-17 06:31:09,0.0,106.2,129.0,5.61,36.4,33.8,21.1
2026-04-17 06:31:09,0.0,86.2,104.6,6.82,35.3,39.0,21.2
2026-04-17 06:31:09,0.0,91.9,105.5,7.17,36.4,40.7,21.2
2026-04-17 06:31:10,0.0,92.0,115.0,6.02,36.4,36.9,21.2
2026-04-17 06:31:10,0.0,85.8,108.9,6.24,37.0,33.8,21.3
2026-04-17 06:31:10,0.0,102.3,116.1,6.67,35.9,40.4,21.3
2026-04-17 06:31:10,0.0,91.5,115.5,6.38,36.4,46.8,21.3
2026-04-17 06:31:10,0.0,87.6,110.7,6.19,37.0,33.3,21.3
2026-04-17 06:31:10,0.0,86.3,99.6,7.51,37.0,38.0,21.3
2026-04-17 06:31:11,0.0,87.9,99.0,7.48,37.0,48.2,21.3
2026-04-17 06:31:11,0.0,95.2,107.6,7.09,37.0,43.6,21.3
2026-04-17 06:31:11,0.0,87.2,109.9,6.32,37.0,36.5,21.3
2026-04-17 06:31:11,0.0,84.1,94.3,7.69,36.4,38.0,21.4
2026-04-17 06:31:11,0.0,86.1,101.7,7.38,35.9,46.6,21.4
2026-04-17 06:31:11,0.0,83.6,97.2,7.66,35.9,35.4,21.4
2026-04-17 06:31:11,0.0,88.9,105.2,7.21,36.4,45.6,21.4
2026-04-17 06:31:12,0.0,105.4,128.5,5.46,37.0,33.3,21.4
2026-04-17 06:31:12,0.0,106.7,128.2,5.91,36.4,43.5,21.4
2026-04-17 06:31:12,0.0,86.4,109.2,6.89,37.0,42.4,21.4
2026-04-17 06:31:12,0.0,103.4,116.7,6.65,35.3,42.1,21.4
2026-04-17 06:31:12,0.0,92.6,115.1,6.43,36.4,32.1,21.4
2026-04-17 06:31:12,0.0,87.8,113.6,6.07,35.9,35.4,21.4
2026-04-17 06:31:12,0.0,90.0,114.2,5.98,36.4,35.3,21.5
2026-04-17 06:31:13,0.0,91.8,114.4,5.98,35.9,37.9,21.5
2026-04-17 06:31:13,0.0,85.2,104.2,6.25,35.9,36.9,21.5
2026-04-17 06:31:13,0.0,88.9,102.6,7.3,36.4,41.5,21.5
2026-04-17 06:31:13,0.0,102.0,125.7,5.54,35.3,34.3,21.5
2026-04-17 06:31:13,0.0,101.8,124.5,6.04,36.4,36.4,21.5
2026-04-17 06:31:13,0.0,85.6,108.7,6.65,37.0,35.6,21.5
2026-04-17 06:31:14,0.0,97.5,112.3,6.74,35.9,43.1,21.5
2026-04-17 06:31:14,0.0,85.0,107.9,6.64,35.3,32.2,21.5
2026-04-17 06:31:14,0.0,109.6,125.1,6.31,35.9,47.6,21.5
2026-04-17 06:31:14,0.0,105.6,127.9,6.16,36.4,43.3,21.5
2026-04-17 06:31:14,0.0,99.6,122.6,6.24,36.4,38.8,21.5
2026-04-17 06:31:14,0.0,110.4,133.7,5.63,36.4,38.4,21.5
2026-04-17 06:31:15,0.0,97.1,119.8,6.52,37.0,37.3,21.5
2026-04-17 06:31:15,0.0,98.7,122.0,5.94,37.0,37.3,21.5
2026-04-17 06:31:15,0.0,105.5,128.7,5.78,36.4,36.2,21.5
2026-04-17 06:31:15,0.0,93.7,116.7,6.46,36.4,37.7,21.5
2026-04-17 06:31:15,0.0,100.5,123.3,5.77,36.4,37.3,21.4
2026-04-17 06:31:15,0.0,102.8,126.0,5.86,35.9,34.3,21.4
2026-04-17 06:31:16,0.0,108.3,131.1,5.87,37.0,40.9,21.5
2026-04-17 06:31:16,0.0,83.7,106.5,7.05,37.0,31.5,21.5
2026-04-17 06:31:16,0.0,88.7,105.1,7.22,35.9,41.5,21.5
2026-04-17 06:31:16,0.0,95.8,117.4,5.77,37.0,34.8,21.5
2026-04-17 06:31:16,0.0,106.9,130.1,5.62,37.0,32.9,21.5
2026-04-17 06:31:17,0.0,309.3,332.0,2.71,38.0,81.1,17.8
2026-04-17 06:31:17,0.0,142.9,164.8,4.98,37.5,58.2,17.7
2026-04-17 06:31:17,0.0,91.6,114.9,6.74,35.3,38.7,17.7
2026-04-17 06:31:17,0.0,113.7,134.0,5.3,37.0,35.1,17.7
2026-04-17 06:31:17,0.0,87.3,106.6,7.14,35.3,42.4,17.8
2026-04-17 06:31:17,0.0,105.0,117.8,6.6,37.0,42.4,17.8
2026-04-17 06:31:18,0.0,108.9,131.5,5.88,35.3,35.9,17.8
2026-04-17 06:31:18,0.0,89.1,112.3,6.8,36.4,39.3,17.8
2026-04-17 06:31:18,0.0,93.1,115.5,5.87,37.0,36.2,17.7
2026-04-17 06:31:18,0.0,109.9,132.3,5.43,36.4,37.0,17.7
2026-04-17 06:31:18,0.0,85.9,107.8,7.05,36.4,32.1,17.7
2026-04-17 06:31:18,0.0,100.7,116.3,6.67,35.9,39.0,17.7
2026-04-17 06:31:19,0.0,107.4,130.2,5.84,36.4,33.3,17.5
2026-04-17 06:31:19,0.0,97.7,120.8,6.37,35.3,42.9,17.5
2026-04-17 06:31:19,0.0,87.8,110.8,6.38,35.9,38.7,17.5
2026-04-17 06:31:19,0.0,88.2,100.1,7.49,37.0,42.6,17.5
2026-04-17 06:31:19,0.0,111.0,133.0,5.28,35.9,31.9,17.5
2026-04-17 06:31:19,0.0,85.6,107.7,7.08,36.4,37.5,17.6
2026-04-17 06:31:19,0.0,94.0,108.7,7.04,36.4,41.8,17.6
2026-04-17 06:31:20,0.0,93.1,116.2,6.05,35.9,34.4,17.6
2026-04-17 06:31:20,0.0,85.8,108.9,6.28,35.3,32.8,17.5
2026-04-17 06:31:20,0.0,88.5,102.9,7.32,35.9,40.4,17.6
2026-04-17 06:31:20,0.0,89.0,100.4,7.44,37.0,45.3,17.5
2026-04-17 06:31:20,0.0,87.8,111.0,6.08,35.9,36.4,17.6
2026-04-17 06:31:20,0.0,102.7,114.1,6.75,35.9,45.0,17.6
2026-04-17 06:31:21,0.0,90.5,113.5,6.48,36.4,33.9,17.6
2026-04-17 06:31:21,0.0,86.8,109.7,6.14,35.3,37.3,17.6
2026-04-17 06:31:21,0.0,97.4,109.0,6.95,37.0,36.5,17.6
2026-04-17 06:31:21,0.0,116.4,140.1,5.37,36.4,41.1,17.6
2026-04-17 06:31:21,0.0,86.1,102.0,7.38,35.9,42.1,17.6
2026-04-17 06:31:21,0.0,109.4,123.9,6.33,36.4,42.6,17.6
2026-04-17 06:31:21,0.0,84.6,107.1,7.12,37.0,31.4,17.6
2026-04-17 06:31:22,0.0,92.9,108.5,7.04,35.9,40.0,17.7
2026-04-17 06:31:22,0.0,119.5,140.8,5.18,35.3,37.3,17.7
2026-04-17 06:31:22,0.0,89.7,112.4,5.88,35.3,30.3,17.7
2026-04-17 06:31:22,0.0,109.7,133.3,5.34,36.4,37.8,17.7
2026-04-17 06:31:22,0.0,101.2,124.0,6.35,36.4,38.3,17.7
2026-04-17 06:31:22,0.0,97.8,121.0,6.13,36.4,34.9,17.7
2026-04-17 06:31:23,0.0,87.6,109.5,6.4,36.4,38.1,17.7
2026-04-17 06:31:23,0.0,87.1,99.8,7.48,36.4,46.3,17.7
2026-04-17 06:31:23,0.0,86.5,109.6,6.05,37.5,33.3,17.8
2026-04-17 06:31:23,0.0,86.1,98.8,7.54,35.3,37.7,17.8
2026-04-17 06:31:23,0.0,86.0,98.1,7.46,37.0,44.2,17.8
2026-04-17 06:31:23,0.0,92.7,105.3,7.17,35.9,42.1,17.8
2026-04-17 06:31:23,0.0,96.2,119.2,5.89,36.4,38.2,17.8
2026-04-17 06:31:24,0.0,86.0,110.2,6.35,37.0,35.5,17.8
2026-04-17 06:31:24,0.0,83.8,96.8,7.65,37.0,41.5,17.8
2026-04-17 06:31:24,0.0,96.3,111.3,6.88,35.9,38.9,17.9
2026-04-17 06:31:24,0.0,91.2,114.1,6.21,36.4,36.4,17.8
2026-04-17 06:31:24,0.0,86.8,110.5,6.14,37.0,33.3,17.9
2026-04-17 06:31:24,0.0,83.2,96.6,7.68,37.0,40.0,17.9
2026-04-17 06:31:25,0.0,87.3,102.3,7.34,36.4,45.5,17.9
2026-04-17 06:31:25,0.0,83.5,95.4,7.72,36.4,39.2,17.9
2026-04-17 06:31:25,0.0,85.9,93.2,7.37,37.5,52.8,17.9
2026-04-17 06:31:25,0.0,83.3,97.0,7.66,37.0,38.5,17.9
2026-04-17 06:31:25,0.0,109.8,126.5,6.25,37.0,41.3,17.9
2026-04-17 06:31:25,0.0,89.8,112.8,6.82,34.8,38.6,17.9
2026-04-17 06:31:25,0.0,89.7,113.1,6.0,35.3,35.8,17.9
2026-04-17 06:31:26,0.0,86.0,108.9,6.15,36.4,35.8,17.9
2026-04-17 06:31:26,0.0,88.0,100.5,7.25,37.5,45.3,17.9
2026-04-17 06:31:26,0.0,85.9,109.1,6.17,36.4,35.4,17.9
2026-04-17 06:31:26,0.0,90.4,103.9,7.27,37.0,38.0,17.9
2026-04-17 06:31:26,0.0,83.6,106.2,6.25,35.9,33.8,17.9
2026-04-17 06:31:26,0.0,97.0,113.0,6.82,37.5,41.1,18.0
2026-04-17 06:31:26,0.0,89.2,116.0,6.15,35.3,37.9,18.0
2026-04-17 06:31:27,0.0,103.5,126.2,5.65,36.4,36.2,18.0
2026-04-17 06:31:27,0.0,89.2,112.3,6.56,35.3,37.7,18.1
2026-04-17 06:31:27,0.0,83.8,111.6,6.03,35.3,34.4,18.1
2026-04-17 06:31:27,0.0,84.3,107.6,6.15,35.3,36.2,18.0
2026-04-17 06:31:27,0.0,86.4,101.8,7.39,36.4,52.7,18.0
2026-04-17 06:31:27,0.0,86.7,98.1,7.48,35.9,44.4,18.0
2026-04-17 06:31:28,0.0,85.9,98.2,7.56,35.3,40.8,18.0
2026-04-17 06:31:28,0.0,89.8,103.0,7.29,36.4,48.2,18.0
2026-04-17 06:31:28,0.0,101.2,124.0,5.62,36.4,34.8,18.0
2026-04-17 06:31:28,0.0,86.4,110.5,6.54,35.9,35.0,18.0
2026-04-17 06:31:28,0.0,91.3,103.3,7.29,36.4,44.1,18.0
2026-04-17 06:31:28,0.0,98.5,119.6,5.75,37.0,35.3,18.1
2026-04-17 06:31:28,0.0,109.6,132.6,5.63,35.9,38.6,18.1
2026-04-17 06:31:29,0.0,106.7,129.3,6.11,35.9,36.9,18.1
2026-04-17 06:31:29,0.0,88.4,110.1,6.73,37.5,43.5,18.0
2026-04-17 06:31:29,0.0,85.0,108.5,6.12,36.4,37.3,18.0
2026-04-17 06:31:29,0.0,84.0,98.2,7.59,36.4,41.8,18.0
2026-04-17 06:31:29,0.0,89.6,105.0,7.21,37.0,40.7,18.0
2026-04-17 06:31:29,0.0,83.4,106.4,6.23,37.0,33.8,18.0
2026-04-17 06:31:30,0.0,86.7,95.4,7.3,37.0,51.9,18.0
2026-04-17 06:31:30,0.0,91.7,104.3,7.24,35.9,46.4,18.0
2026-04-17 06:31:30,0.0,83.4,106.5,6.33,37.0,32.3,18.0
2026-04-17 06:31:30,0.0,87.3,102.3,7.28,37.5,45.6,18.0
2026-04-17 06:31:30,0.0,107.9,120.0,6.51,38.0,43.5,18.0
2026-04-17 06:31:30,0.0,88.3,111.5,6.8,35.3,35.6,18.0
2026-04-17 06:31:30,0.0,101.7,122.9,5.55,37.0,35.2,18.0
2026-04-17 06:31:31,0.0,106.0,128.3,5.86,37.0,40.9,18.0
2026-04-17 06:31:31,0.0,88.1,110.8,6.73,35.3,39.0,18.0
2026-04-17 06:31:31,0.0,91.0,114.1,5.9,36.4,33.3,18.0
2026-04-17 06:31:31,0.0,92.8,115.2,5.94,36.4,30.2,18.0
2026-04-17 06:31:31,0.0,87.6,107.7,6.18,35.3,34.9,18.1
2026-04-17 06:31:31,0.0,85.0,105.3,6.11,35.9,35.4,18.1
2026-04-17 06:31:32,0.0,84.4,99.0,7.52,35.9,43.6,18.1
2026-04-17 06:31:32,0.0,101.2,117.4,6.62,35.9,44.8,18.2
2026-04-17 06:31:32,0.0,105.2,128.2,5.91,36.4,33.9,18.2
2026-04-17 06:31:32,0.0,114.0,135.9,5.7,36.4,32.4,18.2
2026-04-17 06:31:32,0.0,84.7,100.3,7.28,36.4,43.9,18.2
2026-04-17 06:31:32,0.0,100.4,115.4,6.72,35.3,42.1,18.2
2026-04-17 06:31:32,0.0,92.1,115.2,6.32,35.9,37.5,18.2
2026-04-17 06:31:33,0.0,116.2,134.6,5.25,36.4,37.3,18.2
2026-04-17 06:31:33,0.0,90.4,107.4,7.1,35.3,39.3,18.2
2026-04-17 06:31:33,0.0,97.6,100.8,7.12,37.5,47.2,18.3
2026-04-17 06:31:33,0.0,87.0,114.4,6.23,35.3,37.5,18.3
2026-04-17 06:31:33,0.0,87.0,109.9,6.17,36.4,34.9,18.2
2026-04-17 06:31:33,0.0,86.3,99.8,7.47,35.9,42.6,18.2
2026-04-17 06:31:34,0.0,90.9,102.5,7.33,37.5,40.0,18.2
2026-04-17 06:31:34,0.0,88.3,111.2,6.09,36.4,37.3,18.2
2026-04-17 06:31:34,0.0,84.4,111.2,6.01,37.0,32.8,18.1
2026-04-17 06:31:34,0.0,83.9,106.9,6.17,36.4,33.3,18.1
2026-04-17 06:31:34,0.0,91.5,105.2,7.1,35.3,36.5,18.1
2026-04-17 06:31:34,0.0,96.4,119.9,5.81,35.3,33.3,18.1
2026-04-17 06:31:35,0.0,92.6,115.2,6.16,36.4,34.4,18.1
2026-04-17 06:31:35,0.0,90.2,113.5,6.08,35.9,34.9,18.1
2026-04-17 06:31:35,0.0,96.2,118.3,5.8,37.0,37.1,18.1
2026-04-17 06:31:35,0.0,84.5,108.1,6.41,35.3,33.3,18.1
2026-04-17 06:31:35,0.0,86.3,102.1,7.23,35.9,50.9,18.2
2026-04-17 06:31:35,0.0,95.6,118.5,5.83,36.4,40.3,18.2
2026-04-17 06:31:35,0.0,86.2,109.3,6.37,35.9,31.0,18.2
2026-04-17 06:31:36,0.0,88.1,102.2,7.36,37.0,42.6,18.2
2026-04-17 06:31:36,0.0,89.4,112.0,5.98,37.0,32.8,18.3
2026-04-17 06:31:36,0.0,87.9,110.5,6.07,37.0,32.8,18.3
2026-04-17 06:31:36,0.0,82.8,97.3,7.64,37.0,36.7,18.3
2026-04-17 06:31:36,0.0,90.8,105.0,7.21,35.9,42.3,18.3
2026-04-17 06:31:36,0.0,86.5,109.4,6.17,36.4,36.8,18.3
2026-04-17 06:31:37,0.0,83.3,99.9,7.49,37.0,34.0,18.3
2026-04-17 06:31:37,0.0,127.0,139.3,5.76,37.5,45.1,18.3
2026-04-17 06:31:37,0.0,95.0,118.0,5.96,36.4,34.3,18.3
2026-04-17 06:31:37,0.0,96.9,116.9,5.93,35.9,36.4,18.4
2026-04-17 06:31:37,0.0,88.3,111.5,6.32,37.0,37.1,18.3
2026-04-17 06:31:37,0.0,141.6,162.7,4.55,35.9,41.6,18.3
2026-04-17 06:31:38,0.0,87.2,109.6,6.88,35.9,35.7,18.4
2026-04-17 06:31:38,0.0,106.0,119.5,6.52,36.4,46.0,18.3
2026-04-17 06:31:38,0.0,89.8,112.9,6.7,36.4,41.0,18.3
2026-04-17 06:31:38,0.0,102.6,125.7,5.58,37.0,33.8,18.3
2026-04-17 06:31:38,0.0,87.1,110.2,6.62,35.9,37.7,18.3
2026-04-17 06:31:38,0.0,103.0,115.5,6.7,36.4,37.5,18.3
2026-04-17 06:31:38,0.0,87.8,111.1,6.6,37.0,38.3,18.4
2026-04-17 06:31:39,0.0,97.6,120.7,5.67,36.4,35.7,18.4
2026-04-17 06:31:39,0.0,84.3,105.9,6.5,37.5,35.5,18.4
2026-04-17 06:31:39,0.0,86.8,101.8,7.39,35.3,43.6,18.4
2026-04-17 06:31:39,0.0,86.2,98.5,7.54,35.9,43.4,18.4
2026-04-17 06:31:39,0.0,108.2,121.3,6.44,35.3,48.4,18.4
2026-04-17 06:31:39,0.0,89.3,112.4,6.77,35.9,39.3,18.4
2026-04-17 06:31:40,0.0,96.2,119.1,5.76,36.4,29.0,18.4
2026-04-17 06:31:40,0.0,84.5,107.1,6.46,36.4,36.1,18.4
2026-04-17 06:31:40,0.0,90.6,106.2,7.17,35.9,40.0,18.4
2026-04-17 06:31:40,0.0,96.8,120.1,5.78,35.9,36.6,18.5
2026-04-17 06:31:40,0.0,98.3,121.3,5.96,36.4,31.7,18.5
2026-04-17 06:31:40,0.0,89.7,111.6,6.32,35.9,39.1,18.5
2026-04-17 06:31:41,0.0,87.6,107.7,6.08,37.0,35.3,18.6
2026-04-17 06:31:41,0.0,90.2,102.1,7.36,35.9,44.4,18.6
2026-04-17 06:31:41,0.0,113.6,136.7,5.26,35.9,32.9,18.6
2026-04-17 06:31:41,0.0,86.7,106.3,7.16,37.0,41.7,18.7
2026-04-17 06:31:41,0.0,111.3,123.6,6.34,37.0,42.6,18.7
2026-04-17 06:31:41,0.0,86.6,108.4,6.97,36.4,43.3,18.7
2026-04-17 06:31:41,0.0,110.2,133.1,5.3,36.4,39.7,18.7
2026-04-17 06:31:42,0.0,110.5,135.2,5.92,35.3,40.0,18.7
2026-04-17 06:31:42,0.0,87.6,106.6,7.05,36.4,40.0,18.8
2026-04-17 06:31:42,0.0,93.3,106.0,7.15,36.4,41.8,18.8
2026-04-17 06:31:42,0.0,91.0,113.0,6.13,36.4,37.9,18.8
2026-04-17 06:31:42,0.0,97.0,120.2,5.79,37.0,35.2,18.7
2026-04-17 06:31:42,0.0,92.5,113.8,6.17,35.9,36.9,18.8
2026-04-17 06:31:43,0.0,108.8,131.8,5.46,35.9,39.4,18.8
2026-04-17 06:31:43,0.0,112.1,135.2,5.89,37.5,37.3,18.8
2026-04-17 06:31:43,0.0,96.7,116.0,6.61,35.3,40.0,18.8
2026-04-17 06:31:43,0.0,92.5,115.8,6.15,37.0,37.5,18.7
2026-04-17 06:31:43,0.0,87.0,110.0,6.22,35.9,31.7,18.7
2026-04-17 06:31:43,0.0,101.3,113.7,6.78,35.9,41.4,18.7
2026-04-17 06:31:44,0.0,101.3,124.6,5.98,36.4,39.7,18.6
2026-04-17 06:31:44,0.0,86.6,109.5,6.61,35.9,36.1,18.6
2026-04-17 06:31:44,0.0,112.4,126.0,6.2,37.0,48.4,18.6
2026-04-17 06:31:44,0.0,92.1,109.5,6.94,35.3,36.2,18.7
2026-04-17 06:31:44,0.0,106.4,129.7,5.51,35.9,33.3,18.6
2026-04-17 06:31:44,0.0,86.5,109.0,6.83,36.4,36.2,18.7
2026-04-17 06:31:44,0.0,87.9,101.3,7.41,37.0,42.3,18.7
2026-04-17 06:31:45,0.0,88.2,111.4,6.0,36.4,33.3,18.7
2026-04-17 06:31:45,0.0,103.1,126.1,5.52,35.3,32.4,18.7
2026-04-17 06:31:45,0.0,87.5,110.2,6.62,36.4,39.3,18.7
2026-04-17 06:31:45,0.0,106.9,118.9,6.55,35.3,41.0,18.8
2026-04-17 06:31:45,0.0,83.7,107.2,6.95,36.4,37.5,18.8
2026-04-17 06:31:45,0.0,87.6,103.6,7.3,36.4,43.6,18.8
2026-04-17 06:31:46,0.0,86.0,97.8,7.61,36.4,43.4,18.8
2026-04-17 06:31:46,0.0,97.0,110.5,6.92,37.0,40.7,18.9
2026-04-17 06:31:46,0.0,107.2,130.2,5.66,37.0,34.8,18.9
2026-04-17 06:31:46,0.0,83.3,106.4,7.0,37.0,33.9,18.9
2026-04-17 06:31:46,0.0,99.7,124.4,6.28,35.3,43.3,19.0
2026-04-17 06:31:46,0.0,95.2,116.6,6.56,36.4,40.3,19.0
2026-04-17 06:31:46,0.0,99.7,123.9,5.74,35.3,37.1,19.0
2026-04-17 06:31:47,0.0,109.7,132.8,5.77,35.9,37.3,19.0
2026-04-17 06:31:47,0.0,106.5,129.4,6.13,34.8,40.6,18.9
2026-04-17 06:31:47,0.0,94.1,117.1,6.49,35.9,39.1,18.9
2026-04-17 06:31:47,0.0,119.8,143.0,5.19,35.9,40.3,18.9
2026-04-17 06:31:47,0.0,105.8,118.4,6.56,36.4,41.7,19.0
2026-04-17 06:31:47,0.0,94.0,117.4,6.45,35.9,39.3,19.0
2026-04-17 06:31:48,0.0,107.9,131.1,5.55,35.9,35.3,19.1
2026-04-17 06:31:48,0.0,85.8,107.1,6.92,35.9,42.6,19.1
2026-04-17 06:31:48,0.0,92.3,106.2,7.15,36.4,41.8,19.1
2026-04-17 06:31:48,0.0,87.2,109.6,6.19,35.9,33.3,19.1
2026-04-17 06:31:48,0.0,84.1,96.3,7.69,36.4,37.3,19.2
2026-04-17 06:31:48,0.0,100.2,115.5,6.7,35.9,41.7,19.2
2026-04-17 06:31:49,0.0,86.1,109.2,6.56,36.4,37.1,19.2
2026-04-17 06:31:49,0.0,86.2,100.1,7.46,36.4,42.3,19.1
2026-04-17 06:31:49,0.0,89.1,101.2,7.39,36.4,44.4,19.1
2026-04-17 06:31:49,0.0,105.5,128.4,5.46,37.5,37.3,19.1
2026-04-17 06:31:49,0.0,94.5,117.2,6.43,34.2,30.5,19.1
2026-04-17 06:31:49,0.0,113.4,136.3,5.39,36.4,42.7,19.1
2026-04-17 06:31:49,0.0,86.0,104.7,7.19,37.0,38.2,19.1
2026-04-17 06:31:50,0.0,106.7,120.1,6.4,36.4,44.6,19.2
2026-04-17 06:31:50,0.0,87.2,110.8,6.87,37.0,37.5,19.2
2026-04-17 06:31:50,0.0,93.8,105.5,7.17,36.4,40.4,19.2
2026-04-17 06:31:50,0.0,85.3,108.7,6.32,36.4,38.5,19.2
2026-04-17 06:31:50,0.0,83.8,97.7,7.62,35.9,40.7,19.1
2026-04-17 06:31:50,0.0,102.3,118.7,6.57,37.5,39.3,19.1
2026-04-17 06:31:51,0.0,91.7,114.5,6.43,37.0,33.3,19.1
2026-04-17 06:31:51,0.0,87.4,101.9,6.16,36.4,33.3,19.1
2026-04-17 06:31:51,0.0,87.1,99.0,7.51,37.0,42.3,19.1
2026-04-17 06:31:51,0.0,122.0,134.2,5.95,36.4,40.0,19.1
2026-04-17 06:31:51,0.0,86.8,110.7,6.03,35.3,32.4,19.1
2026-04-17 06:31:51,0.0,93.0,104.4,7.22,36.4,39.6,19.2
2026-04-17 06:31:51,0.0,87.8,111.5,6.18,36.4,33.9,19.1
2026-04-17 06:31:52,0.0,87.4,110.0,6.05,35.9,36.2,19.1
2026-04-17 06:31:52,0.0,135.5,144.2,5.51,35.3,41.8,19.2
2026-04-17 06:31:52,0.0,92.8,111.2,6.37,36.4,46.0,19.2
2026-04-17 06:31:52,0.0,85.0,108.7,6.27,35.9,36.9,19.2
2026-04-17 06:31:52,0.0,85.7,100.2,7.48,35.9,37.3,19.2
2026-04-17 06:31:52,0.0,119.4,132.4,6.0,36.4,40.6,19.2
2026-04-17 06:31:53,0.0,88.6,101.0,7.35,36.4,41.5,19.2
2026-04-17 06:31:53,0.0,95.6,125.6,5.54,35.3,39.2,19.2
2026-04-17 06:31:53,0.0,110.9,132.9,5.71,36.4,35.8,19.2
2026-04-17 06:31:53,0.0,106.1,127.8,6.19,36.4,39.1,19.2
2026-04-17 06:31:53,0.0,85.7,108.8,6.84,35.9,39.7,19.2
2026-04-17 06:31:53,0.0,112.8,126.5,6.24,34.8,45.5,19.2
2026-04-17 06:31:54,0.0,84.8,105.2,7.22,35.9,40.0,19.1
2026-04-17 06:31:54,0.0,92.2,107.1,7.11,35.9,37.7,19.2
2026-04-17 06:31:54,0.0,111.3,129.9,5.38,36.4,33.3,19.2
2026-04-17 06:31:54,0.0,113.1,134.9,5.94,35.9,40.0,19.2
2026-04-17 06:31:54,0.0,92.0,111.9,6.87,37.5,39.7,19.2
2026-04-17 06:31:54,0.0,84.0,107.1,6.3,36.4,33.3,19.2
2026-04-17 06:31:54,0.0,85.9,101.8,7.4,37.0,44.6,19.3
2026-04-17 06:31:55,0.0,92.9,106.5,7.14,36.4,44.6,19.3
2026-04-17 06:31:55,0.0,83.0,105.9,6.38,38.0,34.4,19.3
2026-04-17 06:31:55,0.0,87.8,104.8,7.23,35.9,46.6,19.3
2026-04-17 06:31:55,0.0,106.3,118.1,6.6,37.5,39.7,19.3
2026-04-17 06:31:55,0.0,118.0,141.1,5.61,35.9,38.8,19.3
2026-04-17 06:31:55,0.0,95.6,110.5,6.93,36.4,47.6,19.3
2026-04-17 06:31:56,0.0,107.1,131.4,5.57,37.0,40.5,19.3
2026-04-17 06:31:56,0.0,84.0,107.1,7.03,36.4,37.9,19.3
2026-04-17 06:31:56,0.0,87.6,103.7,7.29,36.4,40.4,19.3
2026-04-17 06:31:56,0.0,86.3,97.8,7.59,37.0,47.3,19.3
2026-04-17 06:31:56,0.0,85.8,97.3,7.52,37.0,43.4,19.3
2026-04-17 06:31:56,0.0,91.6,102.0,7.21,37.5,41.5,19.3
2026-04-17 06:31:56,0.0,117.2,140.6,5.19,35.9,33.8,19.3
2026-04-17 06:31:57,0.0,105.8,122.2,6.42,37.0,43.7,19.3
2026-04-17 06:31:57,0.0,97.4,121.3,6.31,35.9,43.8,19.3
2026-04-17 06:31:57,0.0,106.3,129.4,5.74,36.4,39.1,19.3
2026-04-17 06:31:57,0.0,92.0,115.3,6.56,36.4,36.7,19.3
2026-04-17 06:31:57,0.0,89.9,113.1,6.08,35.9,33.3,19.3
2026-04-17 06:31:57,0.0,88.3,116.7,5.87,35.9,34.8,19.3
2026-04-17 06:31:58,0.0,88.0,109.5,6.22,36.4,32.3,19.3
2026-04-17 06:31:58,0.0,110.5,122.0,6.41,37.0,41.7,19.4
2026-04-17 06:31:58,0.0,98.4,121.0,6.48,35.3,41.9,19.4
2026-04-17 06:31:58,0.0,108.5,132.2,5.64,37.0,35.7,19.4
2026-04-17 06:31:58,0.0,100.3,123.4,6.35,36.4,36.5,19.4
2026-04-17 06:31:58,0.0,91.6,113.6,6.32,37.0,38.1,19.4
2026-04-17 06:31:59,0.0,93.4,116.3,5.94,36.4,36.4,19.5
2026-04-17 06:31:59,0.0,94.2,117.3,5.97,35.9,29.0,19.5
2026-04-17 06:31:59,0.0,110.2,132.7,5.48,35.9,40.0,19.5
2026-04-17 06:31:59,0.0,100.0,121.9,6.35,36.4,42.2,19.5
2026-04-17 06:31:59,0.0,91.8,114.7,6.36,35.9,38.5,19.5
2026-04-17 06:31:59,0.0,107.6,129.5,5.48,34.8,33.3,19.5
2026-04-17 06:32:00,0.0,92.9,115.2,6.59,36.4,42.9,19.6
2026-04-17 06:32:00,0.0,86.3,109.4,6.25,35.3,34.9,19.6
2026-04-17 06:32:00,0.0,94.0,107.5,7.09,35.9,41.1,19.6
2026-04-17 06:32:00,0.0,98.8,115.9,5.83,36.4,40.9,19.7
2026-04-17 06:32:00,0.0,97.2,120.1,6.07,36.4,36.5,19.7
2026-04-17 06:32:00,0.0,96.9,120.0,6.01,36.4,34.8,19.6
2026-04-17 06:32:00,0.0,93.6,115.8,6.12,35.9,37.9,19.7
2026-04-17 06:32:01,0.0,113.5,134.8,5.36,37.5,37.3,19.6
2026-04-17 06:32:01,0.0,87.6,107.3,7.11,37.0,37.0,19.6
2026-04-17 06:32:01,0.0,106.0,116.9,6.59,35.9,43.5,19.6
2026-04-17 06:32:01,0.0,97.0,120.5,6.33,37.0,41.5,19.6
2026-04-17 06:32:01,0.0,94.1,117.2,6.13,35.9,28.8,19.6
2026-04-17 06:32:01,0.0,92.3,114.7,6.06,36.4,38.8,19.6
2026-04-17 06:32:02,0.0,94.2,116.4,5.94,36.4,35.8,19.6
2026-04-17 06:32:02,0.0,91.5,108.4,6.1,35.9,36.9,19.7
2026-04-17 06:32:02,0.0,89.6,112.3,6.06,35.3,37.9,19.7
2026-04-17 06:32:02,0.0,91.4,113.8,5.95,35.9,38.8,19.7
2026-04-17 06:32:02,0.0,97.7,126.0,5.62,35.9,40.0,19.7
2026-04-17 06:32:02,0.0,87.0,110.2,6.59,36.4,42.2,19.7
2026-04-17 06:32:03,0.0,97.0,119.1,5.7,35.3,32.4,19.7
2026-04-17 06:32:03,0.0,86.7,109.7,6.4,36.4,36.7,19.7
2026-04-17 06:32:03,0.0,142.9,155.5,5.28,35.3,38.9,19.7
2026-04-17 06:32:03,0.0,85.6,108.4,7.0,35.3,37.0,19.7
2026-04-17 06:32:03,0.0,89.3,104.3,7.25,37.0,42.9,19.7
2026-04-17 06:32:03,0.0,93.0,114.2,5.91,35.9,34.8,19.7
2026-04-17 06:32:04,0.0,88.3,111.5,6.17,36.4,35.4,19.7
2026-04-17 06:32:04,0.0,101.8,124.1,5.56,35.9,35.2,19.7
2026-04-17 06:32:04,0.0,99.2,116.4,6.07,36.4,39.7,19.7
2026-04-17 06:32:04,0.0,93.4,116.4,6.25,35.9,39.1,19.7
2026-04-17 06:32:04,0.0,86.6,109.7,6.26,35.3,34.8,19.7
2026-04-17 06:32:04,0.0,88.6,101.1,7.39,36.4,44.4,19.7
2026-04-17 06:32:05,0.0,105.7,128.8,5.44,35.9,40.3,19.7
2026-04-17 06:32:05,0.0,101.5,125.0,6.14,36.4,35.9,19.7
2026-04-17 06:32:05,0.0,95.7,118.6,6.23,36.4,39.4,19.7
2026-04-17 06:32:05,0.0,91.3,113.3,6.14,36.4,39.7,19.7
2026-04-17 06:32:05,0.0,91.7,114.9,6.02,36.4,31.1,19.7
2026-04-17 06:32:05,0.0,87.2,109.7,6.17,37.0,39.7,19.7
2026-04-17 06:32:06,0.0,84.8,99.6,7.5,37.0,39.2,19.7
2026-04-17 06:32:06,0.0,89.3,100.8,7.39,35.3,47.4,19.7
2026-04-17 06:32:06,0.0,85.9,108.9,6.13,36.4,31.2,19.7
2026-04-17 06:32:06,0.0,96.8,110.4,6.93,37.5,43.9,19.8
2026-04-17 06:32:06,0.0,114.6,137.4,5.42,36.4,36.1,19.8
2026-04-17 06:32:06,0.0,99.6,120.2,6.51,34.8,36.2,19.8
2026-04-17 06:32:06,0.0,93.8,117.0,6.3,35.3,37.1,19.8
2026-04-17 06:32:07,0.0,86.7,109.9,6.27,36.4,36.4,19.8
2026-04-17 06:32:07,0.0,90.3,95.3,7.31,37.0,56.6,19.8
2026-04-17 06:32:07,0.0,97.1,120.1,5.77,36.4,38.9,19.7
2026-04-17 06:32:07,0.0,91.6,114.3,6.21,36.4,33.3,19.7
2026-04-17 06:32:07,0.0,89.0,106.9,6.1,36.4,33.3,19.7
2026-04-17 06:32:07,0.0,88.1,107.2,6.04,34.8,32.3,19.7
2026-04-17 06:32:08,0.0,119.1,142.5,5.05,36.4,39.0,19.7
2026-04-17 06:32:08,0.0,86.7,99.0,7.47,35.3,36.5,19.8
2026-04-17 06:32:08,0.0,96.9,109.5,6.98,35.9,45.6,19.8
2026-04-17 06:32:08,0.0,130.5,153.6,5.0,35.9,42.7,19.8
2026-04-17 06:32:08,0.0,89.6,112.7,6.29,35.3,33.3,19.9
2026-04-17 06:32:08,0.0,96.9,120.8,5.72,35.9,35.3,19.9
2026-04-17 06:32:09,0.0,100.7,123.7,5.9,35.9,32.8,19.9
2026-04-17 06:32:09,0.0,85.6,104.7,6.6,35.9,37.3,19.9
2026-04-17 06:32:09,0.0,90.7,105.3,7.19,36.4,38.9,19.9
2026-04-17 06:32:09,0.0,111.1,133.5,5.35,35.9,40.8,19.9
2026-04-17 06:32:09,0.0,87.8,109.1,7.02,35.3,39.0,19.9
2026-04-17 06:32:09,0.0,96.0,108.6,7.03,37.0,42.1,20.0
2026-04-17 06:32:10,0.0,93.8,116.7,6.11,37.0,41.2,20.0
2026-04-17 06:32:10,0.0,94.8,117.8,5.97,35.3,32.8,20.0
2026-04-17 06:32:10,0.0,102.9,125.9,5.72,36.4,41.7,20.0
2026-04-17 06:32:10,0.0,90.3,113.3,6.49,35.9,36.1,20.0
2026-04-17 06:32:10,0.0,109.3,132.2,5.39,35.9,40.3,20.0
2026-04-17 06:32:10,0.0,96.3,119.4,6.51,36.4,40.6,20.0
2026-04-17 06:32:11,0.0,89.8,113.1,6.24,37.0,37.9,20.0
2026-04-17 06:32:11,0.0,106.5,129.3,5.46,37.5,36.6,20.0
2026-04-17 06:32:11,0.0,102.7,125.8,6.14,35.3,32.8,20.0
2026-04-17 06:32:11,0.0,84.2,107.2,6.7,36.4,35.6,20.0
2026-04-17 06:32:11,0.0,96.2,109.8,6.94,35.9,43.9,20.0
2026-04-17 06:32:11,0.0,87.2,110.2,6.35,35.3,32.8,20.0
2026-04-17 06:32:11,0.0,86.0,104.3,7.24,36.4,38.5,20.0
2026-04-17 06:32:12,0.0,94.0,119.3,5.84,35.9,33.3,20.0
2026-04-17 06:32:12,0.0,96.3,119.3,6.01,35.3,41.5,20.0
2026-04-17 06:32:12,0.0,94.1,116.5,6.09,36.4,35.8,20.0
2026-04-17 06:32:12,0.0,87.8,110.3,6.23,35.3,37.5,20.0
2026-04-17 06:32:12,0.0,88.5,101.1,7.43,35.9,43.6,20.0
2026-04-17 06:32:12,0.0,112.6,136.1,5.25,37.0,42.1,20.1
2026-04-17 06:32:13,0.0,106.2,126.2,6.27,35.9,39.7,20.0
2026-04-17 06:32:13,0.0,94.0,117.2,6.46,34.8,41.3,20.0
2026-04-17 06:32:13,0.0,89.3,111.7,6.17,36.4,33.9,20.0
2026-04-17 06:32:13,0.0,87.3,109.5,6.08,35.3,34.8,20.0
2026-04-17 06:32:13,0.0,120.9,133.2,5.98,36.4,44.6,20.0
2026-04-17 06:32:13,0.0,101.4,124.4,5.55,36.4,33.8,19.9
2026-04-17 06:32:14,0.0,85.3,108.3,6.65,35.9,34.4,19.9
2026-04-17 06:32:14,0.0,95.1,109.8,6.98,35.9,41.1,19.9
2026-04-17 06:32:14,0.0,93.3,116.2,6.07,36.4,37.9,20.0
2026-04-17 06:32:14,0.0,93.4,116.7,6.0,35.3,38.6,19.9
2026-04-17 06:32:14,0.0,97.7,120.5,5.86,35.9,36.2,20.0
2026-04-17 06:32:14,0.0,95.6,118.2,6.08,36.4,36.9,19.9
2026-04-17 06:32:15,0.0,103.0,126.0,5.74,36.4,37.5,19.9
2026-04-17 06:32:15,0.0,87.1,110.4,6.63,36.4,35.1,19.9
2026-04-17 06:32:15,0.0,102.9,115.2,6.72,36.4,44.3,20.0
2026-04-17 06:32:15,0.0,85.4,109.0,6.69,35.9,33.9,20.0
2026-04-17 06:32:15,0.0,97.7,111.2,6.89,36.4,44.8,20.0
2026-04-17 06:32:15,0.0,88.2,111.6,6.36,35.9,33.3,20.1
2026-04-17 06:32:15,0.0,94.4,117.5,5.8,35.3,35.7,20.1
2026-04-17 06:32:16,0.0,103.5,126.2,5.69,35.9,37.5,20.2
2026-04-17 06:32:16,0.0,85.7,108.5,6.71,37.0,41.0,20.1
2026-04-17 06:32:16,0.0,86.9,99.8,7.46,36.4,42.3,20.1
2026-04-17 06:32:16,0.0,89.8,102.3,7.34,35.9,41.5,20.2
2026-04-17 06:32:16,0.0,108.5,128.7,5.38,36.4,32.9,20.2
2026-04-17 06:32:16,0.0,84.5,107.5,7.04,36.4,37.9,20.2
2026-04-17 06:32:17,0.0,95.4,109.7,6.94,36.4,44.1,20.3
2026-04-17 06:32:17,0.0,129.1,153.3,4.95,36.4,44.3,20.3
2026-04-17 06:32:17,0.0,89.3,112.3,6.31,35.3,35.9,20.3
2026-04-17 06:32:17,0.0,107.8,129.7,5.4,36.4,37.0,20.4
2026-04-17 06:32:17,0.0,84.7,107.9,6.97,35.9,37.5,20.4
2026-04-17 06:32:17,0.0,88.1,102.8,7.32,36.4,42.3,20.4
2026-04-17 06:32:18,0.0,102.3,125.1,5.49,36.4,32.4,20.4
2026-04-17 06:32:18,0.0,115.0,147.5,5.33,38.0,34.7,20.4
2026-04-17 06:32:18,0.0,91.7,116.3,5.93,36.4,34.8,20.4
2026-04-17 06:32:18,0.0,87.6,110.3,6.18,35.9,37.5,20.5
2026-04-17 06:32:18,0.0,106.7,129.6,5.4,36.4,45.8,20.4
2026-04-17 06:32:18,0.0,114.3,137.2,5.74,34.2,35.8,20.5
2026-04-17 06:32:19,0.0,83.5,102.5,7.35,36.4,40.7,20.4
2026-04-17 06:32:19,0.0,101.1,116.5,6.65,35.9,42.4,20.4
2026-04-17 06:32:19,0.0,106.9,130.0,5.8,36.4,36.6,20.4
2026-04-17 06:32:19,0.0,84.6,107.7,6.93,36.4,39.7,20.4
2026-04-17 06:32:19,0.0,99.6,112.2,6.75,36.4,39.7,20.3
2026-04-17 06:32:19,0.0,88.6,111.7,6.42,34.8,35.5,20.3
2026-04-17 06:32:19,0.0,87.5,109.8,6.04,35.9,35.8,20.3
2026-04-17 06:32:20,0.0,114.9,126.8,6.23,35.9,40.3,20.3
2026-04-17 06:32:20,0.0,86.6,106.5,7.14,36.4,41.1,20.3
2026-04-17 06:32:20,0.0,89.8,112.8,5.95,36.4,36.9,20.4
2026-04-17 06:32:20,0.0,96.5,119.5,5.77,36.4,35.2,20.4
2026-04-17 06:32:20,0.0,103.9,126.7,5.75,35.9,44.3,20.4
2026-04-17 06:32:20,0.0,86.6,109.8,6.69,35.9,35.1,20.5
2026-04-17 06:32:21,0.0,101.7,114.6,6.74,37.0,42.4,20.5
2026-04-17 06:32:21,0.0,115.4,138.5,5.55,36.4,35.7,20.5
2026-04-17 06:32:21,0.0,90.1,107.5,7.09,36.4,39.7,20.5
2026-04-17 06:32:21,0.0,89.1,108.9,6.02,36.4,34.4,20.5
2026-04-17 06:32:21,0.0,85.2,108.0,6.15,37.0,34.4,20.5
2026-04-17 06:32:21,0.0,85.9,100.2,7.48,35.3,38.5,20.5
2026-04-17 06:32:22,0.0,88.4,102.0,7.36,36.4,50.0,20.5
2026-04-17 06:32:22,0.0,112.6,113.4,6.35,35.9,58.1,20.5
2026-04-17 06:32:22,0.0,87.4,108.0,7.07,36.4,38.6,20.5
2026-04-17 06:32:22,0.0,89.8,101.6,7.38,37.0,44.6,20.5
2026-04-17 06:32:22,0.0,86.7,109.9,6.11,35.3,34.4,20.5
2026-04-17 06:32:22,0.0,105.8,119.3,6.54,37.0,44.4,20.6
2026-04-17 06:32:22,0.0,103.9,127.1,6.09,37.5,39.4,20.6
2026-04-17 06:32:23,0.0,89.1,112.1,6.6,35.3,36.7,20.6
2026-04-17 06:32:23,0.0,93.1,116.2,5.8,36.4,33.3,20.6
2026-04-17 06:32:23,0.0,85.3,107.8,6.37,35.9,34.9,20.6
2026-04-17 06:32:23,0.0,87.1,101.8,7.39,37.0,45.5,20.6
2026-04-17 06:32:23,0.0,84.9,110.3,6.0,37.0,34.4,20.6
2026-04-17 06:32:23,0.0,97.3,109.4,6.99,35.9,38.6,20.6
2026-04-17 06:32:24,0.0,95.9,119.2,6.03,35.3,41.2,20.6
2026-04-17 06:32:24,0.0,97.3,120.8,5.95,35.9,43.9,20.6
2026-04-17 06:32:24,0.0,87.1,110.2,6.41,36.4,33.9,20.6
2026-04-17 06:32:24,0.0,96.9,109.5,6.98,36.4,41.1,20.6
2026-04-17 06:32:24,0.0,92.7,117.1,6.04,37.0,39.1,20.6
2026-04-17 06:32:24,0.0,95.4,118.3,5.96,35.3,35.3,20.6
2026-04-17 06:32:24,0.0,87.8,109.7,6.37,35.9,38.1,20.6
2026-04-17 06:32:25,0.0,112.7,124.7,6.32,37.0,38.3,20.6
2026-04-17 06:32:25,0.0,85.3,106.0,7.18,36.4,44.1,20.6
2026-04-17 06:32:25,0.0,95.6,109.4,6.96,37.0,40.0,20.6
2026-04-17 06:32:25,0.0,83.9,109.4,6.36,36.4,38.1,20.7
2026-04-17 06:32:25,0.0,114.4,127.3,6.2,36.4,37.7,20.6
2026-04-17 06:32:25,0.0,83.9,102.6,7.35,34.8,40.0,20.7
2026-04-17 06:32:26,0.0,88.0,103.5,7.28,35.9,41.5,20.7
2026-04-17 06:32:26,0.0,97.8,110.1,6.97,35.9,45.8,20.8
2026-04-17 06:32:26,0.0,116.7,139.3,5.4,37.5,40.0,20.8
2026-04-17 06:32:26,0.0,83.7,100.2,7.48,37.0,37.3,20.9
2026-04-17 06:32:26,0.0,97.8,111.9,6.77,36.4,39.3,20.9
2026-04-17 06:32:26,0.0,86.3,108.5,6.44,37.0,37.7,20.9
2026-04-17 06:32:26,0.0,86.1,99.0,7.54,37.0,35.3,20.9
2026-04-17 06:32:27,0.0,93.0,104.7,7.13,35.9,43.4,21.0
2026-04-17 06:32:27,0.0,92.9,116.1,6.0,37.0,35.4,21.0
2026-04-17 06:32:27,0.0,104.3,126.7,5.62,34.2,38.9,21.1
2026-04-17 06:32:27,0.0,106.7,126.9,5.92,36.4,35.4,21.1
2026-04-17 06:32:27,0.0,97.6,121.2,6.33,35.3,37.1,21.1
2026-04-17 06:32:27,0.0,104.9,128.2,5.76,36.4,40.0,21.1
2026-04-17 06:32:28,0.0,94.0,117.2,6.42,36.4,39.7,21.1
2026-04-17 06:32:28,0.0,83.5,106.5,6.41,36.4,40.9,21.1
2026-04-17 06:32:28,0.0,82.8,99.0,7.55,37.0,38.9,21.1
2026-04-17 06:32:28,0.0,102.7,127.1,6.22,37.5,45.0,21.1
2026-04-17 06:32:28,0.0,100.6,124.7,6.33,36.4,36.5,21.1
2026-04-17 06:32:28,0.0,96.7,119.5,6.19,37.0,40.0,21.1
2026-04-17 06:32:29,0.0,93.9,112.5,6.1,35.9,33.3,21.1
2026-04-17 06:32:29,0.0,123.6,146.4,5.09,35.3,40.5,21.1
2026-04-17 06:32:29,0.0,96.8,121.5,5.73,35.9,37.1,21.1
2026-04-17 06:32:29,0.0,104.1,125.1,5.81,35.3,37.1,21.1
2026-04-17 06:32:29,0.0,84.8,106.9,6.78,35.9,37.5,21.1
2026-04-17 06:32:29,0.0,105.2,120.2,6.51,36.4,37.9,21.1
2026-04-17 06:32:30,0.0,108.9,132.0,5.87,37.0,42.2,21.1
2026-04-17 06:32:30,0.0,108.2,131.1,6.03,36.4,40.3,21.1
2026-04-17 06:32:30,0.0,96.3,119.5,6.46,35.3,39.3,21.2
2026-04-17 06:32:30,0.0,99.7,122.6,5.89,36.4,34.8,21.1
2026-04-17 06:32:30,0.0,96.8,119.0,6.1,35.9,34.4,21.1
2026-04-17 06:32:30,0.0,85.4,107.7,6.45,37.0,36.1,21.2
2026-04-17 06:32:30,0.0,103.7,118.1,6.59,36.4,40.7,21.2
2026-04-17 06:32:31,0.0,85.0,117.3,6.37,36.4,37.5,21.2
2026-04-17 06:32:31,0.0,88.9,111.8,6.2,36.4,27.6,21.2
2026-04-17 06:32:31,0.0,83.5,105.9,6.21,36.4,35.4,21.1
2026-04-17 06:32:31,0.0,86.2,104.2,7.25,35.9,40.7,21.1
2026-04-17 06:32:31,0.0,105.0,127.8,5.45,35.3,36.5,21.1
2026-04-17 06:32:31,0.0,83.8,106.8,6.88,37.0,40.3,21.1
2026-04-17 06:32:32,0.0,85.9,102.3,7.38,36.4,46.6,21.1
2026-04-17 06:32:32,0.0,109.3,123.1,6.39,36.4,44.1,21.1
2026-04-17 06:32:32,0.0,84.3,105.1,7.07,35.9,36.8,21.1
2026-04-17 06:32:32,0.0,124.9,141.7,5.71,35.3,45.7,21.1
2026-04-17 06:32:32,0.0,92.0,115.1,6.03,36.4,34.8,21.1
2026-04-17 06:32:32,0.0,86.8,108.7,6.2,37.0,36.5,21.0
2026-04-17 06:32:33,0.0,103.9,117.4,6.61,37.0,41.7,21.1
2026-04-17 06:32:33,0.0,94.6,120.7,6.27,35.9,41.5,21.1
2026-04-17 06:32:33,0.0,92.0,114.9,6.21,35.3,35.5,21.1
2026-04-17 06:32:33,0.0,90.9,114.1,6.04,35.3,33.3,21.1
2026-04-17 06:32:33,0.0,98.3,122.2,5.72,35.9,33.8,21.1
2026-04-17 06:32:33,0.0,87.6,110.6,6.38,35.3,32.8,21.1
2026-04-17 06:32:34,0.0,101.2,124.4,5.6,36.4,35.6,21.1
2026-04-17 06:32:34,0.0,86.5,110.5,6.55,36.4,37.3,21.1
2026-04-17 06:32:34,0.0,123.4,146.7,4.93,37.0,44.4,21.0
2026-04-17 06:32:34,0.0,83.9,106.9,6.25,35.9,30.6,21.0
2026-04-17 06:32:34,0.0,88.5,103.4,7.24,36.4,44.6,21.0
2026-04-17 06:32:34,0.0,96.1,119.0,5.74,37.0,32.4,21.0
2026-04-17 06:32:34,0.0,83.1,106.1,6.52,35.9,34.4,21.0
2026-04-17 06:32:35,0.0,87.6,104.6,7.25,35.3,42.9,21.0
2026-04-17 06:32:35,0.0,107.9,119.8,6.51,35.3,45.2,21.0
2026-04-17 06:32:35,0.0,101.5,124.4,6.24,35.9,34.9,21.1
2026-04-17 06:32:35,0.0,86.3,109.7,6.59,35.3,37.7,21.1
2026-04-17 06:32:35,0.0,106.6,119.4,6.53,35.9,38.6,21.1
2026-04-17 06:32:35,0.0,96.4,119.4,6.4,35.9,37.1,21.1
2026-04-17 06:32:36,0.0,85.7,109.2,6.4,36.4,39.4,21.1
2026-04-17 06:32:36,0.0,88.1,101.8,7.38,36.4,47.4,21.2
2026-04-17 06:32:36,0.0,95.0,117.8,5.77,37.0,35.3,21.2
2026-04-17 06:32:36,0.0,83.0,106.2,6.46,35.9,34.9,21.2
2026-04-17 06:32:36,0.0,86.9,98.0,7.2,37.0,50.0,21.2
2026-04-17 06:32:36,0.0,91.1,113.9,5.92,37.0,32.3,21.2
2026-04-17 06:32:36,0.0,88.8,111.9,6.07,36.4,34.3,21.2
2026-04-17 06:32:37,0.0,106.1,126.7,5.44,37.5,38.9,21.2
2026-04-17 06:32:37,0.0,93.4,112.2,6.5,35.9,36.7,21.2
2026-04-17 06:32:37,0.0,90.1,113.2,6.12,35.9,34.4,21.2
2026-04-17 06:32:37,0.0,99.4,118.5,5.69,37.0,30.8,21.2
2026-04-17 06:32:37,0.0,93.4,105.6,6.23,35.9,45.2,21.3
2026-04-17 06:32:37,0.0,95.7,118.9,5.92,36.4,39.4,21.3
2026-04-17 06:32:38,0.0,107.5,130.7,5.61,35.9,33.3,21.3
2026-04-17 06:32:38,0.0,109.5,132.5,5.94,35.3,36.8,21.3
2026-04-17 06:32:38,0.0,84.8,108.0,7.04,35.3,35.2,21.3
2026-04-17 06:32:38,0.0,90.3,107.1,7.12,35.9,44.6,21.3
2026-04-17 06:32:38,0.0,94.3,117.4,5.92,36.4,34.8,21.3
2026-04-17 06:32:38,0.0,84.2,107.2,6.4,36.4,33.3,21.4
2026-04-17 06:32:39,0.0,102.2,117.9,6.6,35.3,37.5,21.4
2026-04-17 06:32:39,0.0,93.6,116.8,6.33,35.3,40.0,21.4
2026-04-17 06:32:39,0.0,96.7,124.2,5.74,35.3,37.7,21.4
2026-04-17 06:32:39,0.0,108.9,132.0,5.74,35.3,42.9,21.4
2026-04-17 06:32:39,0.0,88.1,110.8,6.85,36.4,38.2,21.4
2026-04-17 06:32:39,0.0,111.5,122.7,6.39,35.9,39.0,21.4
2026-04-17 06:32:40,0.0,84.7,109.2,7.01,35.9,40.4,21.4
2026-04-17 06:32:40,0.0,88.5,100.3,7.46,35.3,42.6,21.4
2026-04-17 06:32:40,0.0,102.3,113.4,6.8,36.4,47.5,21.4
2026-04-17 06:32:40,0.0,89.3,112.3,6.51,36.4,32.2,21.4
2026-04-17 06:32:40,0.0,96.4,119.6,5.75,35.3,35.7,21.4
2026-04-17 06:32:40,0.0,91.9,115.0,6.17,35.3,38.5,21.4
2026-04-17 06:32:40,0.0,86.1,109.3,6.21,35.9,33.9,21.4
2026-04-17 06:32:41,0.0,111.5,125.6,6.27,35.3,41.9,21.4
2026-04-17 06:32:41,0.0,83.9,104.7,7.24,34.8,36.5,21.4
2026-04-17 06:32:41,0.0,97.0,113.1,6.83,36.4,42.6,21.5
2026-04-17 06:32:41,0.0,105.7,128.9,5.7,35.9,42.9,21.4
2026-04-17 06:32:41,0.0,85.4,108.0,6.85,35.9,35.1,21.4
2026-04-17 06:32:41,0.0,93.7,108.2,7.05,35.9,41.8,21.4
2026-04-17 06:32:42,0.0,88.5,112.4,6.17,37.0,37.9,21.4
2026-04-17 06:32:42,0.0,83.3,106.6,6.22,35.9,35.9,21.4
2026-04-17 06:32:42,0.0,86.7,102.8,7.32,35.9,42.9,21.4
2026-04-17 06:32:42,0.0,88.7,111.8,5.93,36.4,30.6,21.4
2026-04-17 06:32:42,0.0,99.1,122.3,5.65,35.9,29.9,21.4
2026-04-17 06:32:42,0.0,84.4,109.2,6.51,35.3,36.7,21.4
2026-04-17 06:32:42,0.0,89.5,102.4,7.31,35.9,45.6,21.5
2026-04-17 06:32:43,0.0,93.2,116.2,5.87,35.3,37.7,21.5
2026-04-17 06:32:43,0.0,102.8,124.0,5.68,36.4,38.2,21.5
2026-04-17 06:32:43,0.0,94.7,117.9,6.31,36.4,37.5,21.5
2026-04-17 06:32:43,0.0,92.0,113.5,6.11,35.9,38.5,21.5
2026-04-17 06:32:43,0.0,83.2,106.2,6.33,35.9,32.3,21.5
2026-04-17 06:32:43,0.0,87.7,103.9,7.26,35.9,46.6,21.5
2026-04-17 06:32:44,0.0,93.2,104.9,7.21,35.9,44.6,21.5
2026-04-17 06:32:44,0.0,83.8,106.8,6.36,36.4,37.3,21.5
2026-04-17 06:32:44,0.0,94.5,110.6,6.94,36.4,42.1,21.5
2026-04-17 06:32:44,0.0,89.2,112.2,6.21,36.4,35.5,21.5
2026-04-17 06:32:44,0.0,84.0,106.9,6.2,35.9,31.7,21.6
2026-04-17 06:32:44,0.0,87.6,102.5,7.31,35.9,41.5,21.6
2026-04-17 06:32:44,0.0,96.0,107.7,7.07,35.9,43.1,21.6
2026-04-17 06:32:45,0.0,110.6,133.2,5.52,35.3,35.7,21.6
2026-04-17 06:32:45,0.0,90.2,112.5,6.77,36.4,36.2,21.5
2026-04-17 06:32:45,0.0,90.3,113.3,6.05,35.3,37.3,21.6
2026-04-17 06:32:45,0.0,93.5,115.6,5.89,35.9,30.2,21.6
2026-04-17 06:32:45,0.0,93.4,95.8,7.51,35.3,56.6,21.6
2026-04-17 06:32:45,0.0,107.4,133.5,5.44,35.9,34.2,21.6
2026-04-17 06:32:46,0.0,88.0,109.8,6.94,36.4,37.9,21.6
2026-04-17 06:32:46,0.0,97.6,120.8,5.67,35.9,37.5,21.6
2026-04-17 06:32:46,0.0,111.8,133.8,5.47,34.8,35.2,21.7
2026-04-17 06:32:46,0.0,90.3,106.6,6.98,36.4,40.4,21.7
2026-04-17 06:32:46,0.0,89.4,112.8,6.04,37.0,36.8,21.7
2026-04-17 06:32:46,0.0,93.3,119.8,5.76,36.4,34.8,21.7
2026-04-17 06:32:47,0.0,121.8,148.8,5.11,36.4,41.8,21.8
2026-04-17 06:32:47,0.0,86.3,108.2,6.24,36.4,33.8,21.8
2026-04-17 06:32:47,0.0,106.5,120.0,6.51,35.9,35.7,21.9
2026-04-17 06:32:47,0.0,106.2,129.5,6.01,35.3,38.8,21.9
2026-04-17 06:32:47,0.0,111.7,137.4,5.73,35.9,37.9,21.9
2026-04-17 06:32:47,0.0,95.7,113.0,6.76,36.4,44.3,21.9
2026-04-17 06:32:48,0.0,88.4,112.1,6.17,35.9,38.5,22.0
2026-04-17 06:32:48,0.0,90.8,99.5,7.46,36.4,49.1,22.0
2026-04-17 06:32:48,0.0,102.1,125.2,5.65,35.3,35.7,22.0
2026-04-17 06:32:48,0.0,89.0,112.2,6.52,35.9,35.1,22.0
2026-04-17 06:32:48,0.0,87.9,111.5,6.02,35.9,34.4,22.0
2026-04-17 06:32:48,0.0,86.3,109.3,6.09,35.9,32.3,22.0
2026-04-17 06:32:49,0.0,89.7,100.0,7.31,36.4,44.6,22.0
2026-04-17 06:32:49,0.0,91.3,114.4,5.93,35.9,33.8,22.0
2026-04-17 06:32:49,0.0,84.6,109.4,6.15,35.3,32.3,22.0
2026-04-17 06:32:49,0.0,109.4,121.7,6.43,35.3,45.2,22.0
2026-04-17 06:32:49,0.0,93.8,117.0,6.63,35.9,41.7,22.0
2026-04-17 06:32:49,0.0,104.0,127.3,5.66,34.8,36.6,22.1
2026-04-17 06:32:50,0.0,90.2,113.3,6.55,35.3,36.7,22.0
2026-04-17 06:32:50,0.0,88.7,111.8,6.06,35.9,33.3,22.0
2026-04-17 06:32:50,0.0,87.6,109.6,6.05,35.9,34.8,22.0
2026-04-17 06:32:50,0.0,111.4,119.8,6.37,36.4,49.2,22.1
2026-04-17 06:32:50,0.0,110.7,132.6,6.02,37.5,40.9,22.1
2026-04-17 06:32:50,0.0,95.4,116.2,6.61,35.3,35.1,22.1
2026-04-17 06:32:50,0.0,91.3,114.4,6.15,34.8,36.9,22.1
2026-04-17 06:32:51,0.0,100.3,120.5,5.7,35.9,35.7,22.1
2026-04-17 06:32:51,0.0,99.3,121.6,6.04,35.9,32.8,22.1
2026-04-17 06:32:51,0.0,89.7,111.9,6.37,35.9,38.1,22.1
2026-04-17 06:32:51,0.0,104.1,127.2,5.52,36.4,32.9,22.1
2026-04-17 06:32:51,0.0,101.2,128.0,5.98,37.5,40.3,22.1
2026-04-17 06:32:51,0.0,85.9,109.0,6.77,35.9,37.3,22.1
2026-04-17 06:32:52,0.0,90.9,104.9,7.23,36.4,43.6,22.1
2026-04-17 06:32:52,0.0,87.4,110.4,6.13,35.9,37.5,22.2
2026-04-17 06:32:52,0.0,111.0,122.9,6.38,35.9,32.1,22.2
2026-04-17 06:32:52,0.0,109.5,132.0,6.04,35.9,44.6,22.2
2026-04-17 06:32:52,0.0,96.3,124.2,6.34,35.9,37.1,22.2
2026-04-17 06:32:52,0.0,96.5,119.7,6.17,36.4,35.0,22.3
2026-04-17 06:32:53,0.0,83.4,105.8,6.52,36.4,39.1,22.3
2026-04-17 06:32:53,0.0,120.4,136.9,5.87,36.4,41.2,22.3
2026-04-17 06:32:53,0.0,83.3,95.5,7.73,36.4,39.2,22.3
2026-04-17 06:32:53,0.0,95.8,112.1,6.86,37.0,38.2,22.4
2026-04-17 06:32:53,0.0,100.4,123.5,5.84,35.9,34.8,22.4
2026-04-17 06:32:53,0.0,94.5,117.6,6.22,35.9,33.9,22.4
2026-04-17 06:32:54,0.0,90.6,111.3,6.14,35.9,34.4,22.4
2026-04-17 06:32:54,0.0,88.4,111.9,6.06,36.4,38.2,22.4
2026-04-17 06:32:54,0.0,93.6,116.5,5.84,35.9,38.2,22.4
2026-04-17 06:32:54,0.0,96.7,119.8,5.89,35.9,34.8,22.3
2026-04-17 06:32:54,0.0,117.0,139.4,5.34,35.3,36.2,22.3
2026-04-17 06:32:54,0.0,85.1,100.4,7.44,36.4,41.5,22.3
2026-04-17 06:32:54,0.0,83.5,93.0,7.59,36.4,51.0,22.3
2026-04-17 06:32:55,0.0,94.0,110.6,6.94,36.4,43.1,22.3
2026-04-17 06:32:55,0.0,90.3,106.8,6.15,37.0,36.4,22.4
2026-04-17 06:32:55,0.0,100.6,123.1,5.65,36.4,38.0,22.4
2026-04-17 06:32:55,0.0,95.1,118.0,6.22,34.8,35.4,22.4
2026-04-17 06:32:55,0.0,96.2,117.5,5.95,36.4,35.9,22.4
2026-04-17 06:32:55,0.0,84.7,107.8,6.45,35.9,32.2,22.4
2026-04-17 06:32:56,0.0,128.0,143.1,5.67,35.3,42.5,22.4
2026-04-17 06:32:56,0.0,91.8,115.1,6.1,37.0,33.9,22.4
2026-04-17 06:32:56,0.0,102.1,125.0,5.66,35.9,38.9,22.4
2026-04-17 06:32:56,0.0,110.5,133.5,5.71,36.4,35.7,22.4
2026-04-17 06:32:56,0.0,101.3,123.6,6.35,35.9,35.1,22.5
2026-04-17 06:32:56,0.0,86.3,109.4,6.6,35.3,35.0,22.5
2026-04-17 06:32:57,0.0,88.2,101.7,7.4,36.4,38.8,22.5
2026-04-17 06:32:57,0.0,97.9,129.1,5.38,35.3,41.7,22.5
2026-04-17 06:32:57,0.0,103.5,126.5,6.16,35.9,36.9,22.5
2026-04-17 06:32:57,0.0,114.9,138.2,5.61,36.4,40.3,22.5
2026-04-17 06:32:57,0.0,91.5,108.5,6.99,35.3,36.4,22.5
2026-04-17 06:32:57,0.0,90.6,109.9,6.04,36.4,39.7,22.5
2026-04-17 06:32:58,0.0,88.5,111.2,6.08,35.9,35.4,22.5
2026-04-17 06:32:58,0.0,86.9,107.5,6.05,35.9,33.8,22.4
2026-04-17 06:32:58,0.0,120.1,132.7,5.98,35.9,43.3,22.4
2026-04-17 06:32:58,0.0,96.0,108.9,6.81,36.4,52.5,22.4
2026-04-17 06:32:58,0.0,97.0,120.2,6.16,35.9,37.9,22.4
2026-04-17 06:32:58,0.0,87.7,110.7,6.36,35.9,38.7,22.4
2026-04-17 06:32:59,0.0,92.1,104.3,7.26,36.4,45.6,22.4
2026-04-17 06:32:59,0.0,88.2,115.6,5.99,36.4,36.8,22.4
2026-04-17 06:32:59,0.0,90.7,113.7,6.08,37.0,33.8,22.4
2026-04-17 06:32:59,0.0,98.7,121.6,5.73,37.0,37.1,22.4
2026-04-17 06:32:59,0.0,89.3,112.3,6.36,36.4,37.1,22.4
2026-04-17 06:32:59,0.0,113.8,136.6,5.23,35.3,36.0,22.5
2026-04-17 06:33:00,0.0,99.7,118.0,6.55,37.0,37.7,22.5
2026-04-17 06:33:00,0.0,96.2,119.7,6.12,35.9,36.5,22.5
2026-04-17 06:33:00,0.0,91.6,114.1,6.18,35.3,34.9,22.6
2026-04-17 06:33:00,0.0,99.5,121.8,5.73,35.3,37.9,22.5
2026-04-17 06:33:00,0.0,107.7,130.7,5.72,35.9,37.7,22.5
2026-04-17 06:33:00,0.0,160.4,183.3,4.56,36.4,58.8,22.5
2026-04-17 06:33:01,0.0,94.8,99.7,7.4,35.9,58.2,22.5
2026-04-17 06:33:01,0.0,86.1,109.7,6.34,34.8,33.3,22.4
2026-04-17 06:33:01,0.0,112.8,125.8,6.27,36.4,45.3,22.5
2026-04-17 06:33:01,0.0,84.6,104.8,7.24,37.0,32.0,22.5
2026-04-17 06:33:01,0.0,86.6,101.8,7.39,37.0,44.6,22.5
2026-04-17 06:33:01,0.0,90.8,103.1,7.26,35.3,40.0,22.6
2026-04-17 06:33:02,0.0,253.0,276.2,3.04,37.0,72.5,22.6
2026-04-17 06:33:02,0.0,143.0,148.1,5.0,37.0,82.1,17.0
2026-04-17 06:33:02,0.0,101.3,114.6,6.7,37.0,55.0,17.0
2026-04-17 06:33:02,0.0,104.0,127.2,5.96,38.0,38.8,16.9
2026-04-17 06:33:02,0.0,115.3,139.1,5.6,36.4,40.6,17.0
2026-04-17 06:33:02,0.0,88.4,105.7,7.17,37.5,42.1,17.0
2026-04-17 06:33:03,0.0,106.3,127.8,5.41,36.4,37.5,17.0
2026-04-17 06:33:03,0.0,99.5,122.2,6.29,36.4,36.5,16.9
2026-04-17 06:33:03,0.0,107.0,129.8,5.75,36.4,38.2,16.9
2026-04-17 06:33:03,0.0,97.9,121.0,6.35,35.3,37.1,16.9
2026-04-17 06:33:03,0.0,86.7,109.0,6.43,36.4,38.1,17.0
2026-04-17 06:33:03,0.0,105.3,118.4,6.58,37.0,46.0,17.0
2026-04-17 06:33:04,0.0,96.8,119.8,6.33,36.4,36.7,17.0
2026-04-17 06:33:04,0.0,85.8,108.9,6.43,35.9,32.2,17.0
2026-04-17 06:33:04,0.0,102.2,119.2,6.54,37.5,39.7,17.1
2026-04-17 06:33:04,0.0,84.5,107.6,6.86,37.0,35.7,17.2
2026-04-17 06:33:04,0.0,121.0,136.3,5.88,37.0,44.8,17.2
2026-04-17 06:33:04,0.0,86.5,110.0,6.04,37.0,35.9,17.2
2026-04-17 06:33:05,0.0,91.0,103.2,7.29,36.4,45.6,17.2
2026-04-17 06:33:05,0.0,85.7,111.2,6.1,36.4,36.5,17.2
2026-04-17 06:33:05,0.0,302.2,325.1,2.63,36.4,72.2,17.2
2026-04-17 06:33:05,0.0,103.7,127.2,5.94,37.5,33.9,17.2
2026-04-17 06:33:05,0.0,88.1,111.4,6.63,36.4,36.7,17.2
2026-04-17 06:33:06,0.0,86.7,108.8,6.06,36.4,34.4,17.2
2026-04-17 06:33:06,0.0,93.3,106.9,7.1,35.9,45.6,17.1
2026-04-17 06:33:06,0.0,87.6,110.1,6.25,35.3,37.5,17.1
2026-04-17 06:33:06,0.0,90.1,101.8,7.37,35.9,40.4,17.1
2026-04-17 06:33:06,0.0,91.0,112.2,5.93,36.4,42.4,17.1
2026-04-17 06:33:06,0.0,92.0,115.6,5.99,35.9,34.3,17.0
2026-04-17 06:33:06,0.0,84.3,111.3,6.16,35.9,34.9,17.0
2026-04-17 06:33:07,0.0,116.4,139.4,5.14,35.3,40.3,17.0
2026-04-17 06:33:07,0.0,86.3,101.6,7.33,35.9,35.8,17.0
2026-04-17 06:33:07,0.0,92.7,106.2,7.16,35.3,41.8,17.0
2026-04-17 06:33:07,0.0,93.3,115.7,5.98,36.4,40.0,17.0
2026-04-17 06:33:07,0.0,84.6,107.6,6.34,36.4,31.7,17.0
2026-04-17 06:33:07,0.0,109.5,124.7,6.32,37.0,44.6,17.0
2026-04-17 06:33:08,0.0,91.6,114.6,6.72,35.9,33.9,17.0
2026-04-17 06:33:08,0.0,84.8,106.8,6.26,36.4,36.1,17.0
2026-04-17 06:33:08,0.0,83.4,99.4,7.53,35.3,43.6,17.0
2026-04-17 06:33:08,0.0,92.0,107.1,7.1,34.8,43.1,17.0
2026-04-17 06:33:08,0.0,100.5,123.6,5.71,36.4,30.8,17.0
2026-04-17 06:33:08,0.0,102.0,124.9,5.9,37.0,37.9,17.0
2026-04-17 06:33:09,0.0,122.0,144.9,5.4,37.0,44.0,17.0
2026-04-17 06:33:09,0.0,103.0,126.1,5.52,35.3,34.3,17.0
2026-04-17 06:33:09,0.0,93.0,116.4,6.38,37.0,32.8,17.0
2026-04-17 06:33:09,0.0,90.3,113.3,6.12,36.4,40.3,17.1
2026-04-17 06:33:09,0.0,86.3,109.8,6.13,37.0,34.8,17.1
2026-04-17 06:33:09,0.0,127.4,140.1,5.75,35.9,39.4,17.2
2026-04-17 06:33:10,0.0,106.5,129.0,5.6,35.9,36.6,17.2
2026-04-17 06:33:10,0.0,96.7,119.1,6.38,35.9,39.7,17.2
2026-04-17 06:33:10,0.0,98.0,121.1,5.95,35.9,37.7,17.2
2026-04-17 06:33:10,0.0,93.4,116.6,6.17,35.9,38.5,17.3
2026-04-17 06:33:10,0.0,96.0,119.0,5.92,35.3,35.8,17.3
2026-04-17 06:33:10,0.0,86.3,109.3,6.37,35.9,40.6,17.3
2026-04-17 06:33:11,0.0,87.4,105.4,7.2,34.8,35.8,17.3
2026-04-17 06:33:11,0.0,113.2,134.4,5.32,34.2,42.7,17.3
2026-04-17 06:33:11,0.0,85.0,104.9,7.23,36.4,35.2,17.2
2026-04-17 06:33:11,0.0,113.5,128.2,6.19,35.3,42.2,17.2
2026-04-17 06:33:11,0.0,97.1,116.6,6.65,35.9,37.9,17.2
2026-04-17 06:33:11,0.0,101.6,125.8,5.81,35.3,38.2,17.2
2026-04-17 06:33:11,0.0,92.9,116.3,6.37,37.0,38.1,17.2
2026-04-17 06:33:12,0.0,103.0,126.3,5.66,35.3,41.4,17.1
2026-04-17 06:33:12,0.0,86.7,109.8,6.66,36.4,33.9,17.1
2026-04-17 06:33:12,0.0,94.0,107.0,7.1,36.4,37.7,17.1
2026-04-17 06:33:12,0.0,104.1,127.1,5.62,36.4,38.4,17.2
2026-04-17 06:33:12,0.0,117.6,140.5,5.59,36.4,39.7,17.2
2026-04-17 06:33:12,0.0,85.9,100.5,7.41,35.3,45.6,17.2
2026-04-17 06:33:13,0.0,113.1,125.7,6.24,35.9,45.5,17.2
2026-04-17 06:33:13,0.0,83.6,103.8,7.29,36.4,36.5,17.2
2026-04-17 06:33:13,0.0,91.2,106.9,7.06,36.4,42.9,17.2
2026-04-17 06:33:13,0.0,85.5,108.5,6.25,35.9,28.3,17.3
2026-04-17 06:33:13,0.0,90.1,103.9,7.25,35.3,45.8,17.3
2026-04-17 06:33:13,0.0,98.3,123.4,5.65,34.8,37.1,17.2
2026-04-17 06:33:14,0.0,87.8,110.6,6.5,35.3,32.8,17.2
2026-04-17 06:33:14,0.0,104.8,116.2,6.63,36.4,42.4,17.2
2026-04-17 06:33:14,0.0,89.0,114.0,6.56,36.4,36.2,17.3
2026-04-17 06:33:14,0.0,109.1,131.8,5.42,36.4,39.5,17.3
2026-04-17 06:33:14,0.0,89.9,111.1,6.77,35.9,38.6,17.3
2026-04-17 06:33:14,0.0,95.3,124.2,5.62,36.4,36.6,17.3
2026-04-17 06:33:14,0.0,104.6,127.6,5.88,35.9,33.8,17.3
2026-04-17 06:33:15,0.0,158.0,180.9,4.55,36.4,41.0,17.3
2026-04-17 06:33:15,0.0,90.5,113.8,6.03,35.9,35.3,17.3
2026-04-17 06:33:15,0.0,85.8,108.7,6.1,37.0,37.3,17.4
2026-04-17 06:33:15,0.0,86.0,98.3,7.59,35.9,43.4,17.4
2026-04-17 06:33:15,0.0,114.6,126.7,6.21,36.4,41.0,17.4
2026-04-17 06:33:15,0.0,96.9,115.4,6.7,35.3,37.3,17.4
2026-04-17 06:33:16,0.0,106.7,132.1,5.6,36.4,43.1,17.4
2026-04-17 06:33:16,0.0,85.0,104.2,7.02,35.3,39.3,17.3
2026-04-17 06:33:16,0.0,125.9,140.3,5.74,35.3,38.8,17.3
2026-04-17 06:33:16,0.0,91.3,114.3,6.05,36.4,32.3,17.4
2026-04-17 06:33:16,0.0,88.9,111.3,6.09,35.9,37.3,17.4
2026-04-17 06:33:16,0.0,101.2,124.4,5.52,34.8,36.1,17.4
2026-04-17 06:33:17,0.0,126.2,147.5,5.27,35.9,39.7,17.4
2026-04-17 06:33:17,0.0,89.0,112.2,6.15,36.4,39.7,17.4
2026-04-17 06:33:17,0.0,98.9,121.5,5.67,36.4,34.3,17.4
2026-04-17 06:33:17,0.0,104.2,127.9,5.8,35.9,35.3,17.3
2026-04-17 06:33:17,0.0,128.4,151.3,5.26,35.9,37.3,17.4
2026-04-17 06:33:18,0.0,93.4,116.4,6.06,36.4,35.3,17.4
2026-04-17 06:33:18,0.0,109.0,133.0,5.45,36.4,37.0,17.4
2026-04-17 06:33:18,0.0,93.9,119.2,6.54,35.9,41.4,17.4
2026-04-17 06:33:18,0.0,96.9,120.0,5.98,36.4,37.3,17.4
2026-04-17 06:33:18,0.0,94.7,115.9,6.09,35.9,38.5,17.5
2026-04-17 06:33:18,0.0,84.6,105.5,6.39,34.8,35.5,17.5
2026-04-17 06:33:19,0.0,107.6,122.3,6.41,35.9,42.9,17.5
2026-04-17 06:33:19,0.0,99.8,123.2,6.28,36.4,33.9,17.5
2026-04-17 06:33:19,0.0,86.5,109.5,6.54,35.9,41.3,17.5
2026-04-17 06:33:19,0.0,98.2,111.2,6.89,36.4,41.8,17.5
2026-04-17 06:33:19,0.0,103.3,123.8,5.83,37.0,39.1,17.5
2026-04-17 06:33:19,0.0,112.3,134.2,5.7,35.9,37.3,17.5
2026-04-17 06:33:19,0.0,88.7,111.7,6.89,36.4,36.8,17.5
2026-04-17 06:33:20,0.0,96.9,120.3,5.79,35.3,38.0,17.4
2026-04-17 06:33:20,0.0,94.4,118.1,6.08,36.4,40.0,17.4
2026-04-17 06:33:20,0.0,90.2,113.2,6.18,34.8,30.6,17.4
2026-04-17 06:33:20,0.0,101.0,124.0,5.63,35.9,42.6,17.3
2026-04-17 06:33:20,0.0,90.6,113.1,6.41,35.9,34.4,17.3
2026-04-17 06:33:20,0.0,86.5,109.0,6.15,35.9,37.3,17.3
2026-04-17 06:33:21,0.0,89.7,102.8,7.33,36.4,44.6,17.4
2026-04-17 06:33:21,0.0,85.3,108.5,6.16,36.4,38.8,17.4
2026-04-17 06:33:21,0.0,85.0,98.1,7.54,37.0,41.1,17.4
2026-04-17 06:33:21,0.0,301.9,315.7,2.85,36.4,81.5,17.0
2026-04-17 06:33:21,0.0,102.5,128.6,5.87,37.0,45.1,17.0
2026-04-17 06:33:22,0.0,88.7,111.5,6.66,36.4,37.9,17.0
2026-04-17 06:33:22,0.0,98.6,121.0,5.67,36.4,39.4,17.0
2026-04-17 06:33:22,0.0,88.6,111.4,6.38,36.4,37.7,17.0
2026-04-17 06:33:22,0.0,101.6,122.3,5.57,35.9,35.2,17.1
2026-04-17 06:33:22,0.0,96.0,118.6,6.21,35.3,41.2,17.0
2026-04-17 06:33:22,0.0,86.5,107.5,6.36,37.0,36.5,17.1
2026-04-17 06:33:23,0.0,119.6,131.9,6.01,36.4,46.0,17.1
2026-04-17 06:33:23,0.0,116.3,127.9,6.11,36.4,46.2,17.1
2026-04-17 06:33:23,0.0,83.2,98.3,7.52,36.4,37.3,17.0
2026-04-17 06:33:23,0.0,91.0,107.3,7.1,35.9,43.1,17.0
2026-04-17 06:33:23,0.0,86.1,109.4,6.18,36.4,36.9,17.0
2026-04-17 06:33:23,0.0,88.6,101.5,7.38,36.4,41.2,17.0
2026-04-17 06:33:23,0.0,85.4,108.9,6.1,37.0,37.9,17.0
2026-04-17 06:33:24,0.0,87.0,99.0,7.45,36.4,47.4,17.0
2026-04-17 06:33:24,0.0,83.4,95.8,7.72,35.9,38.0,17.0
2026-04-17 06:33:24,0.0,87.9,104.2,7.25,36.4,41.8,17.0
2026-04-17 06:33:24,0.0,83.7,94.9,7.74,36.4,35.4,17.0
2026-04-17 06:33:24,0.0,90.0,104.1,7.17,36.4,42.9,17.0
2026-04-17 06:33:24,0.0,90.6,113.6,5.98,36.4,34.3,17.0
2026-04-17 06:33:24,0.0,93.4,111.9,5.9,35.3,32.8,17.0
2026-04-17 06:33:25,0.0,86.0,108.8,6.28,36.4,38.1,16.9
2026-04-17 06:33:25,0.0,92.5,106.0,7.15,37.0,39.6,16.9
2026-04-17 06:33:25,0.0,102.4,127.9,5.6,35.9,42.3,17.0
2026-04-17 06:33:25,0.0,87.6,110.7,6.69,35.9,42.4,17.0
2026-04-17 06:33:25,0.0,103.8,115.9,6.69,35.9,40.4,17.0
2026-04-17 06:33:25,0.0,99.7,123.0,6.14,36.4,42.4,17.0
2026-04-17 06:33:26,0.0,107.2,130.1,5.76,35.9,35.3,17.1
2026-04-17 06:33:26,0.0,97.3,120.4,6.39,35.9,41.5,17.1
2026-04-17 06:33:26,0.0,98.3,121.3,5.96,36.4,36.9,17.2
2026-04-17 06:33:26,0.0,86.2,109.3,6.48,36.4,33.3,17.2
2026-04-17 06:33:26,0.0,88.0,101.7,7.38,35.9,43.6,17.1
2026-04-17 06:33:26,0.0,118.0,141.2,5.09,35.9,33.8,17.1
2026-04-17 06:33:27,0.0,92.7,107.8,7.07,35.9,38.6,17.1
2026-04-17 06:33:27,0.0,101.7,126.9,5.63,37.5,39.7,17.1
2026-04-17 06:33:27,0.0,90.3,112.7,6.54,36.4,37.1,17.1
2026-04-17 06:33:27,0.0,92.4,112.4,5.93,35.9,45.6,17.1
2026-04-17 06:33:27,0.0,100.3,122.8,5.74,35.9,34.3,17.2
2026-04-17 06:33:27,0.0,109.5,132.2,5.69,37.0,40.0,17.2
2026-04-17 06:33:28,0.0,85.8,107.7,7.0,36.4,35.7,17.2
2026-04-17 06:33:28,0.0,99.9,114.6,6.73,36.4,44.1,17.2
2026-04-17 06:33:28,0.0,87.7,110.9,6.52,35.3,39.3,17.2
2026-04-17 06:33:28,0.0,96.2,108.7,6.89,35.9,42.1,17.1
2026-04-17 06:33:28,0.0,93.2,116.2,6.25,35.3,40.0,17.1
2026-04-17 06:33:28,0.0,98.5,120.6,5.81,35.9,35.3,17.1
2026-04-17 06:33:28,0.0,95.9,118.9,6.1,35.9,38.5,17.1
2026-04-17 06:33:29,0.0,86.4,110.0,6.34,35.9,40.9,17.1
2026-04-17 06:33:29,0.0,83.2,93.8,7.73,34.8,38.0,17.2
2026-04-17 06:33:29,0.0,85.9,102.3,7.35,36.4,43.6,17.2
2026-04-17 06:33:29,0.0,83.4,97.1,7.65,35.9,39.6,17.2
2026-04-17 06:33:29,0.0,102.9,121.3,6.46,35.9,42.9,17.1
2026-04-17 06:33:29,0.0,102.0,124.9,6.11,36.4,42.4,17.1
2026-04-17 06:33:30,0.0,111.3,133.6,5.68,35.9,42.3,17.2
2026-04-17 06:33:30,0.0,97.4,119.3,6.55,35.9,37.3,17.2
2026-04-17 06:33:30,0.0,100.6,123.9,5.87,34.8,40.3,17.2
2026-04-17 06:33:30,0.0,93.5,111.0,6.24,35.3,33.3,17.3
2026-04-17 06:33:30,0.0,85.6,105.7,6.34,36.4,37.1,17.3
2026-04-17 06:33:30,0.0,83.4,98.0,7.61,35.9,41.5,17.3
2026-04-17 06:33:30,0.0,91.6,107.3,7.09,36.4,45.6,17.4
2026-04-17 06:33:31,0.0,111.4,132.5,5.34,36.4,34.2,17.4
2026-04-17 06:33:31,0.0,84.7,106.3,7.16,35.3,37.5,17.4
2026-04-17 06:33:31,0.0,118.9,132.9,5.99,35.9,38.1,17.4
2026-04-17 06:33:31,0.0,105.4,120.4,6.5,37.0,39.3,17.4
2026-04-17 06:33:31,0.0,116.9,139.3,5.64,35.9,38.6,17.4
2026-04-17 06:33:31,0.0,91.2,105.4,7.1,35.9,35.8,17.4
2026-04-17 06:33:32,0.0,117.4,140.2,5.19,36.4,39.2,17.4
2026-04-17 06:33:32,0.0,82.8,98.4,7.57,35.3,38.8,17.4
2026-04-17 06:33:32,0.0,86.5,103.1,7.31,36.4,46.6,17.4
2026-04-17 06:33:32,0.0,114.0,126.8,6.22,35.3,41.5,17.4
2026-04-17 06:33:32,0.0,87.4,107.8,7.08,36.4,38.6,17.4
2026-04-17 06:33:32,0.0,85.2,108.5,6.12,35.3,35.4,17.4
2026-04-17 06:33:32,0.0,88.8,103.1,7.3,35.9,44.4,17.4
2026-04-17 06:33:33,0.0,90.9,114.1,5.93,35.3,38.2,17.4
2026-04-17 06:33:33,0.0,105.5,128.1,5.52,36.4,40.5,17.3
2026-04-17 06:33:33,0.0,119.6,142.8,5.54,35.9,35.2,17.3
2026-04-17 06:33:33,0.0,93.0,105.7,7.14,35.9,40.0,17.3
2026-04-17 06:33:33,0.0,104.3,127.6,5.62,35.9,33.8,17.4
2026-04-17 06:33:33,0.0,112.1,135.7,5.72,35.9,38.2,17.3
2026-04-17 06:33:34,0.0,88.2,107.9,7.03,35.3,39.3,17.3
2026-04-17 06:33:34,0.0,109.9,132.6,5.31,36.4,42.7,17.4
2026-04-17 06:33:34,0.0,100.7,123.7,6.36,35.9,35.5,17.4
2026-04-17 06:33:34,0.0,107.0,129.9,5.78,37.0,35.4,17.3
2026-04-17 06:33:34,0.0,93.9,108.4,6.51,35.3,36.7,17.4
2026-04-17 06:33:34,0.0,84.3,107.5,6.36,35.9,36.5,17.4
2026-04-17 06:33:35,0.0,101.5,114.5,6.66,35.9,41.4,17.4
2026-04-17 06:33:35,0.0,89.3,112.4,6.48,36.4,32.2,17.4
2026-04-17 06:33:35,0.0,92.8,112.6,5.88,34.8,35.8,17.4
2026-04-17 06:33:35,0.0,121.6,140.6,5.1,35.9,41.2,17.4
2026-04-17 06:33:35,0.0,95.6,118.8,5.77,35.9,33.8,17.5
2026-04-17 06:33:35,0.0,86.0,110.0,6.31,35.9,36.5,17.4
2026-04-17 06:33:36,0.0,89.3,112.1,5.95,35.9,36.4,17.5
2026-04-17 06:33:36,0.0,88.9,111.9,6.02,35.9,35.8,17.5
2026-04-17 06:33:36,0.0,102.3,112.6,6.82,35.3,45.0,17.6
2026-04-17 06:33:36,0.0,88.9,111.9,6.53,36.4,35.0,17.6
2026-04-17 06:33:36,0.0,245.0,276.2,2.99,37.0,79.4,17.3
2026-04-17 06:33:37,0.0,141.0,165.8,4.56,35.9,40.4,17.3
2026-04-17 06:33:37,0.0,92.0,114.7,6.71,35.3,38.3,17.3
2026-04-17 06:33:37,0.0,93.2,116.4,5.96,35.9,32.8,17.3
2026-04-17 06:33:37,0.0,87.0,109.8,6.24,35.9,33.9,17.3
2026-04-17 06:33:37,0.0,111.4,123.4,6.27,35.3,40.0,17.2
2026-04-17 06:33:37,0.0,85.4,105.4,7.19,37.0,40.4,17.1
2026-04-17 06:33:38,0.0,105.6,124.1,6.35,36.4,50.8,17.1
2026-04-17 06:33:38,0.0,90.1,113.1,6.81,35.9,40.4,17.1
2026-04-17 06:33:38,0.0,88.1,110.7,6.08,35.3,31.7,17.1
2026-04-17 06:33:38,0.0,91.5,114.0,5.88,35.9,36.2,17.1
2026-04-17 06:33:38,0.0,94.9,117.5,5.88,35.3,33.8,17.1
2026-04-17 06:33:38,0.0,90.9,113.5,6.15,36.4,37.9,17.0
2026-04-17 06:33:39,0.0,84.9,108.2,6.14,34.8,35.4,17.0
2026-04-17 06:33:39,0.0,89.4,102.9,7.31,35.9,38.5,17.0
2026-04-17 06:33:39,0.0,86.0,111.3,6.08,36.4,35.9,17.0
2026-04-17 06:33:39,0.0,83.4,106.4,6.19,35.3,32.3,17.0
2026-04-17 06:33:39,0.0,92.9,108.0,6.99,35.3,52.5,17.0
2026-04-17 06:33:39,0.0,92.5,115.7,6.02,35.9,37.3,17.0
2026-04-17 06:33:40,0.0,95.0,118.2,5.91,36.4,31.8,17.0
2026-04-17 06:33:40,0.0,103.5,126.3,5.72,37.5,36.8,17.0
2026-04-17 06:33:40,0.0,87.9,111.1,6.62,35.9,35.6,17.0
2026-04-17 06:33:40,0.0,92.7,102.9,7.25,36.4,45.8,17.0
2026-04-17 06:33:40,0.0,89.5,112.1,6.1,35.9,35.9,17.0
2026-04-17 06:33:40,0.0,89.9,111.7,6.0,35.9,35.3,17.0
2026-04-17 06:33:40,0.0,90.0,112.8,6.0,35.3,35.4,17.0
2026-04-17 06:33:41,0.0,84.7,106.1,6.2,37.5,34.9,17.0
2026-04-17 06:33:41,0.0,89.1,104.1,7.26,37.0,39.6,17.0
2026-04-17 06:33:41,0.0,88.1,111.2,6.03,35.9,32.8,17.0
2026-04-17 06:33:41,0.0,84.9,107.7,6.13,35.9,34.3,17.0
2026-04-17 06:33:41,0.0,92.4,107.1,7.1,36.4,42.9,17.0
2026-04-17 06:33:41,0.0,124.4,146.7,5.03,35.3,40.3,17.0
2026-04-17 06:33:42,0.0,93.5,116.6,5.93,36.4,32.8,17.0
2026-04-17 06:33:42,0.0,88.9,115.6,6.03,36.4,38.5,17.0
2026-04-17 06:33:42,0.0,94.8,117.6,5.93,36.4,38.8,17.0
2026-04-17 06:33:42,0.0,83.5,106.5,6.43,36.4,33.9,17.0
2026-04-17 06:33:42,0.0,96.4,112.6,6.84,35.3,43.1,17.0
2026-04-17 06:33:42,0.0,90.4,118.0,6.06,37.0,37.3,17.0
2026-04-17 06:33:43,0.0,110.9,133.6,5.48,35.9,38.6,16.9
2026-04-17 06:33:43,0.0,84.6,106.6,7.12,36.4,42.4,17.0
2026-04-17 06:33:43,0.0,109.7,123.8,6.32,35.3,42.9,17.0
2026-04-17 06:33:43,0.0,86.7,109.6,6.95,36.4,38.6,17.0
2026-04-17 06:33:43,0.0,96.4,108.9,7.01,37.0,41.4,17.0
2026-04-17 06:33:43,0.0,92.4,117.3,6.07,36.4,34.9,17.0
2026-04-17 06:33:44,0.0,110.3,133.3,5.48,35.9,35.6,17.0
2026-04-17 06:33:44,0.0,103.8,126.8,6.24,37.5,36.1,17.1
2026-04-17 06:33:44,0.0,85.5,108.5,6.75,35.3,35.1,17.2
2026-04-17 06:33:44,0.0,90.6,104.6,7.22,36.4,41.5,17.2
2026-04-17 06:33:44,0.0,94.3,117.2,5.88,36.4,33.8,17.2
2026-04-17 06:33:44,0.0,100.2,124.0,5.76,35.3,33.8,17.2
2026-04-17 06:33:44,0.0,98.6,119.3,6.11,35.9,36.5,17.3
2026-04-17 06:33:45,0.0,108.5,131.6,5.66,37.0,41.4,17.3
2026-04-17 06:33:45,0.0,88.1,109.6,6.84,36.4,40.7,17.3
2026-04-17 06:33:45,0.0,100.7,123.6,5.57,36.4,39.7,17.3
2026-04-17 06:33:45,0.0,92.3,115.4,6.33,35.3,38.5,17.4
2026-04-17 06:33:45,0.0,110.5,133.4,5.42,35.9,36.1,17.4
2026-04-17 06:33:45,0.0,93.1,115.7,6.7,36.4,38.3,17.5
2026-04-17 06:33:46,0.0,96.6,120.9,5.81,36.4,37.1,17.5
2026-04-17 06:33:46,0.0,85.0,107.1,6.53,36.4,31.6,17.5
2026-04-17 06:33:46,0.0,90.3,99.8,7.23,36.4,51.8,17.5
2026-04-17 06:33:46,0.0,83.7,111.1,6.09,37.0,34.4,17.5
2026-04-17 06:33:46,0.0,84.2,107.2,6.15,35.9,35.3,17.4
2026-04-17 06:33:46,0.0,89.6,105.0,7.21,36.4,40.4,17.4
2026-04-17 06:33:47,0.0,85.2,109.9,6.1,35.9,33.9,17.4
2026-04-17 06:33:47,0.0,102.9,113.5,6.7,35.9,46.4,17.4
2026-04-17 06:33:47,0.0,92.6,115.7,6.4,36.4,36.5,17.4
2026-04-17 06:33:47,0.0,105.6,122.3,5.57,35.3,34.3,17.4
2026-04-17 06:33:47,0.0,89.2,110.0,6.65,35.9,36.8,17.4
2026-04-17 06:33:47,0.0,89.5,111.8,5.99,35.3,38.2,17.4
2026-04-17 06:33:48,0.0,105.5,128.9,5.47,35.9,32.4,17.4
2026-04-17 06:33:48,0.0,125.8,147.5,5.36,35.9,39.2,17.4
2026-04-17 06:33:48,0.0,85.7,108.8,6.26,35.9,34.8,17.4
2026-04-17 06:33:48,0.0,138.3,150.4,5.37,37.0,44.3,17.4
2026-04-17 06:33:48,0.0,87.1,110.0,6.74,35.9,34.5,17.4
2026-04-17 06:33:48,0.0,93.9,106.4,7.14,37.0,39.3,17.4
2026-04-17 06:33:49,0.0,99.9,123.2,5.79,37.0,37.3,17.5
2026-04-17 06:33:49,0.0,89.5,112.5,6.41,36.4,39.1,17.5
2026-04-17 06:33:49,0.0,102.0,128.1,5.49,37.0,37.0,17.5
2026-04-17 06:33:49,0.0,85.8,108.9,6.79,35.9,29.6,17.5
2026-04-17 06:33:49,0.0,88.1,102.2,7.37,37.0,43.4,17.5
2026-04-17 06:33:49,0.0,86.6,110.0,6.04,37.0,32.3,17.5
2026-04-17 06:33:49,0.0,85.5,97.8,7.6,36.4,39.6,17.5
2026-04-17 06:33:50,0.0,89.7,103.4,7.28,37.0,44.4,17.5
2026-04-17 06:33:50,0.0,87.6,110.5,6.08,37.0,38.2,17.5
2026-04-17 06:33:50,0.0,100.3,112.0,6.85,37.0,41.7,17.5
2026-04-17 06:33:50,0.0,116.1,139.4,5.47,35.3,41.1,17.5
2026-04-17 06:33:50,0.0,84.7,101.5,7.41,35.9,40.0,17.5
2026-04-17 06:33:50,0.0,106.9,121.0,6.43,35.9,47.5,17.6
2026-04-17 06:33:51,0.0,106.2,129.3,6.03,35.9,36.9,17.6
2026-04-17 06:33:51,0.0,121.8,145.0,5.48,35.9,35.2,17.6
2026-04-17 06:33:51,0.0,96.6,119.5,5.73,36.4,33.3,17.6
2026-04-17 06:33:51,0.0,89.7,111.4,6.24,36.4,37.5,17.6
2026-04-17 06:33:51,0.0,115.3,124.3,6.32,36.4,42.9,17.6
2026-04-17 06:33:51,0.0,84.0,101.8,7.39,35.9,36.5,17.6
2026-04-17 06:33:52,0.0,99.2,115.3,6.72,35.3,42.4,17.6
2026-04-17 06:33:52,0.0,115.7,136.3,5.47,35.3,37.1,17.7
2026-04-17 06:33:52,0.0,93.0,110.5,6.95,35.9,40.0,17.7
2026-04-17 06:33:52,0.0,102.6,125.2,5.67,35.9,39.7,17.8
2026-04-17 06:33:52,0.0,310.5,333.8,2.67,37.0,76.4,17.1
2026-04-17 06:33:53,0.0,97.2,120.2,6.51,37.5,40.0,17.1
2026-04-17 06:33:53,0.0,105.9,129.1,5.72,37.0,37.7,17.1
2026-04-17 06:33:53,0.0,102.7,125.7,6.13,36.4,35.4,17.1
2026-04-17 06:33:53,0.0,95.5,115.5,6.27,35.9,47.6,17.1
2026-04-17 06:33:53,0.0,96.6,120.1,5.95,36.4,34.8,17.0
2026-04-17 06:33:53,0.0,85.2,117.5,6.09,36.4,36.9,17.0
2026-04-17 06:33:54,0.0,89.0,112.0,6.21,35.9,36.9,17.1
2026-04-17 06:33:54,0.0,104.7,126.9,5.48,36.4,32.9,17.1
2026-04-17 06:33:54,0.0,103.7,127.0,6.03,36.4,41.8,17.1
2026-04-17 06:33:54,0.0,85.0,108.1,6.77,37.0,36.7,17.1
2026-04-17 06:33:54,0.0,86.2,100.6,7.45,36.4,46.4,17.0
2026-04-17 06:33:54,0.0,98.3,112.4,6.85,37.0,45.8,17.0
2026-04-17 06:33:54,0.0,106.1,128.3,5.75,35.3,35.8,17.0
2026-04-17 06:33:55,0.0,86.3,109.3,6.81,36.4,37.9,17.0
2026-04-17 06:33:55,0.0,112.9,126.3,6.26,36.4,38.7,17.1
2026-04-17 06:33:55,0.0,84.4,101.1,7.26,36.4,47.2,17.0
2026-04-17 06:33:55,0.0,108.2,123.7,6.36,36.4,40.0,17.0
2026-04-17 06:33:55,0.0,85.9,107.3,6.93,36.4,40.0,17.0
2026-04-17 06:33:55,0.0,105.9,119.2,6.52,36.4,46.0,17.0
2026-04-17 06:33:56,0.0,105.6,129.9,5.97,36.4,37.9,17.0
2026-04-17 06:33:56,0.0,113.1,136.1,5.78,35.9,35.8,17.0
2026-04-17 06:33:56,0.0,85.5,105.9,7.18,36.4,42.1,17.0
2026-04-17 06:33:56,0.0,85.6,99.3,7.52,36.4,43.4,17.0
2026-04-17 06:33:56,0.0,86.4,93.4,7.45,35.3,52.0,17.0
2026-04-17 06:33:56,0.0,90.0,103.0,7.29,36.4,43.6,17.0
2026-04-17 06:33:56,0.0,95.3,118.2,5.83,37.0,34.8,17.0
2026-04-17 06:33:57,0.0,111.5,134.7,5.47,34.8,38.4,17.0
2026-04-17 06:33:57,0.0,108.9,128.2,6.1,35.3,38.5,17.0
2026-04-17 06:33:57,0.0,119.5,142.1,5.63,36.4,37.7,17.1
2026-04-17 06:33:57,0.0,106.9,117.8,6.52,36.4,36.7,17.1
2026-04-17 06:33:57,0.0,92.8,115.5,6.54,35.3,41.3,17.1
2026-04-17 06:33:57,0.0,96.7,119.7,5.87,36.4,39.1,17.1
2026-04-17 06:33:58,0.0,88.2,111.3,6.33,37.0,31.7,17.1
2026-04-17 06:33:58,0.0,128.1,149.9,4.84,36.4,32.5,17.1
2026-04-17 06:33:58,0.0,84.3,107.4,6.41,35.3,36.9,17.1
2026-04-17 06:33:58,0.0,87.1,102.8,7.35,36.4,40.4,17.1
2026-04-17 06:33:58,0.0,89.6,101.9,7.36,35.9,36.7,17.1
2026-04-17 06:33:58,0.0,95.7,123.0,5.66,37.0,40.6,17.1
2026-04-17 06:33:59,0.0,89.1,111.5,6.41,35.9,40.0,17.1
2026-04-17 06:33:59,0.0,83.4,93.2,7.85,34.8,40.8,17.1
2026-04-17 06:33:59,0.0,104.9,120.9,6.46,36.4,40.7,17.1
2026-04-17 06:33:59,0.0,94.7,117.7,6.4,35.3,35.0,17.1
2026-04-17 06:33:59,0.0,88.8,112.0,6.21,35.9,35.5,17.1
2026-04-17 06:33:59,0.0,83.7,106.2,6.2,36.4,32.3,17.1
2026-04-17 06:33:59,0.0,87.5,103.6,7.28,35.3,39.2,17.1
2026-04-17 06:34:00,0.0,121.6,133.0,5.98,35.3,43.5,17.2
2026-04-17 06:34:00,0.0,105.3,127.2,5.44,36.4,38.9,17.2
2026-04-17 06:34:00,0.0,100.6,122.3,6.17,35.3,38.5,17.2
2026-04-17 06:34:00,0.0,104.0,127.1,5.89,35.9,38.6,17.3
2026-04-17 06:34:00,0.0,102.4,125.4,6.06,35.3,39.4,17.3
2026-04-17 06:34:00,0.0,95.6,118.7,6.26,36.4,36.5,17.3
2026-04-17 06:34:01,0.0,94.2,117.0,6.06,36.4,33.9,17.3
2026-04-17 06:34:01,0.0,85.8,110.0,6.27,35.9,33.3,17.3
2026-04-17 06:34:01,0.0,94.3,104.8,7.11,35.9,45.6,17.4
2026-04-17 06:34:01,0.0,97.9,124.1,5.77,37.0,38.6,17.3
2026-04-17 06:34:01,0.0,86.8,109.9,6.57,36.4,35.0,17.3
2026-04-17 06:34:01,0.0,90.8,102.2,7.27,36.4,47.4,17.3
2026-04-17 06:34:02,0.0,101.5,104.7,6.96,35.9,49.1,17.3
2026-04-17 06:34:02,0.0,111.7,135.3,5.64,35.3,43.1,17.2
2026-04-17 06:34:02,0.0,89.5,110.6,6.94,37.0,40.4,17.2
2026-04-17 06:34:02,0.0,86.1,111.7,6.04,36.4,36.4,17.2
2026-04-17 06:34:02,0.0,84.4,107.9,6.14,35.9,31.2,17.2
2026-04-17 06:34:02,0.0,90.6,104.7,7.19,35.3,39.6,17.2
2026-04-17 06:34:02,0.0,86.2,109.7,6.14,36.4,39.7,17.2
2026-04-17 06:34:03,0.0,85.6,98.1,7.57,35.9,41.8,17.2
2026-04-17 06:34:03,0.0,102.7,116.2,6.62,37.0,41.4,17.2
2026-04-17 06:34:03,0.0,85.3,108.2,6.73,35.9,33.3,17.3
2026-04-17 06:34:03,0.0,96.9,111.7,6.88,36.4,43.1,17.3
2026-04-17 06:34:03,0.0,110.2,133.5,5.56,35.9,37.8,17.3
2026-04-17 06:34:03,0.0,87.8,110.4,6.95,34.8,36.4,17.3
2026-04-17 06:34:04,0.0,91.7,103.4,7.29,35.9,42.9,17.4
2026-04-17 06:34:04,0.0,87.0,111.2,6.12,36.4,32.2,17.5
2026-04-17 06:34:04,0.0,100.3,123.7,5.59,36.4,36.1,17.5
2026-04-17 06:34:04,0.0,116.5,139.6,5.42,36.4,38.4,17.5
2026-04-17 06:34:04,0.0,93.6,108.3,7.05,37.0,44.1,17.5
2026-04-17 06:34:04,0.0,86.5,109.4,6.26,37.0,36.5,17.5
2026-04-17 06:34:05,0.0,104.1,116.7,6.64,37.0,46.9,17.5
2026-04-17 06:34:05,0.0,89.3,112.4,6.58,36.4,38.1,17.5
2026-04-17 06:34:05,0.0,96.5,119.5,5.76,35.3,36.6,17.5
2026-04-17 06:34:05,0.0,111.8,134.7,5.5,35.3,41.7,17.5
2026-04-17 06:34:05,0.0,106.3,128.1,6.19,35.9,35.6,17.5
2026-04-17 06:34:05,0.0,90.1,113.4,6.66,35.9,38.3,17.5
2026-04-17 06:34:05,0.0,97.4,120.2,5.75,36.4,33.8,17.6
2026-04-17 06:34:06,0.0,91.2,112.4,6.18,37.5,38.1,17.6
2026-04-17 06:34:06,0.0,89.7,113.2,6.1,36.4,38.2,17.6
2026-04-17 06:34:06,0.0,92.8,118.8,5.79,36.4,36.2,17.6
2026-04-17 06:34:06,0.0,86.3,109.5,6.38,36.4,37.9,17.7
2026-04-17 06:34:06,0.0,94.9,108.6,7.02,36.4,42.1,17.7
2026-04-17 06:34:06,0.0,92.8,116.5,6.08,36.4,40.3,17.7
2026-04-17 06:34:07,0.0,118.2,141.3,5.22,36.4,38.2,17.7
2026-04-17 06:34:07,0.0,91.4,105.9,7.16,36.4,43.9,17.7
2026-04-17 06:34:07,0.0,257.3,279.0,3.01,36.4,71.5,17.7
2026-04-17 06:34:07,0.0,137.7,138.5,5.45,35.9,66.2,17.0
2026-04-17 06:34:07,0.0,105.5,127.8,6.07,37.0,35.9,17.0
2026-04-17 06:34:08,0.0,85.6,108.7,6.81,37.5,36.8,17.0
2026-04-17 06:34:08,0.0,98.5,112.1,6.85,35.9,43.1,16.9
2026-04-17 06:34:08,0.0,90.9,117.9,6.14,36.4,33.3,17.0
2026-04-17 06:34:08,0.0,94.5,117.5,6.02,35.3,32.3,16.9
2026-04-17 06:34:08,0.0,102.3,124.6,5.73,35.9,33.3,16.9
2026-04-17 06:34:08,0.0,89.7,113.0,6.44,37.0,36.1,16.9
2026-04-17 06:34:09,0.0,86.9,109.1,6.16,35.9,32.3,17.0
2026-04-17 06:34:09,0.0,87.3,99.4,7.48,37.0,48.2,16.9
2026-04-17 06:34:09,0.0,90.9,102.8,7.3,36.4,38.5,16.9
2026-04-17 06:34:09,0.0,104.1,127.0,5.57,37.0,34.3,17.0
2026-04-17 06:34:09,0.0,92.5,115.6,6.45,37.5,39.1,16.9
2026-04-17 06:34:09,0.0,85.2,108.4,6.27,35.9,36.9,16.9
2026-04-17 06:34:09,0.0,95.5,109.9,6.96,36.4,43.9,16.9
2026-04-17 06:34:10,0.0,104.6,126.2,5.69,36.4,44.3,17.0
2026-04-17 06:34:10,0.0,89.2,112.2,6.61,35.9,38.7,17.0
2026-04-17 06:34:10,0.0,108.0,131.1,5.4,37.0,37.8,17.0
2026-04-17 06:34:10,0.0,89.4,108.9,6.76,36.4,39.0,17.0
2026-04-17 06:34:10,0.0,95.5,118.3,5.8,35.9,34.3,17.0
2026-04-17 06:34:10,0.0,91.9,114.2,6.13,35.9,35.9,17.0
2026-04-17 06:34:11,0.0,96.6,119.2,5.84,35.9,33.3,17.0
2026-04-17 06:34:11,0.0,103.9,126.5,5.75,35.3,37.7,17.0
2026-04-17 06:34:11,0.0,105.9,129.1,5.93,36.4,37.9,17.0
2026-04-17 06:34:11,0.0,101.9,123.7,6.15,35.9,38.5,17.0
2026-04-17 06:34:11,0.0,91.6,114.7,6.41,36.4,32.8,17.0
2026-04-17 06:34:11,0.0,102.0,124.7,5.65,35.3,37.5,17.0
2026-04-17 06:34:12,0.0,104.1,126.2,5.93,34.8,42.6,17.0
2026-04-17 06:34:12,0.0,110.1,133.1,5.79,35.9,46.5,17.0
2026-04-17 06:34:12,0.0,86.6,109.7,6.99,35.9,38.6,17.0
2026-04-17 06:34:12,0.0,94.2,107.3,7.09,35.9,44.1,17.0
2026-04-17 06:34:12,0.0,98.0,120.2,5.88,36.4,40.0,17.0
2026-04-17 06:34:12,0.0,95.0,117.9,6.11,35.9,35.8,17.0
2026-04-17 06:34:13,0.0,96.2,121.2,5.88,35.9,35.8,17.0
2026-04-17 06:34:13,0.0,84.4,106.8,6.51,37.5,31.6,17.0
2026-04-17 06:34:13,0.0,91.6,105.0,7.16,35.9,42.9,17.1
2026-04-17 06:34:13,0.0,89.4,112.4,6.09,36.4,34.8,17.1
2026-04-17 06:34:13,0.0,101.9,125.1,5.58,36.4,33.3,17.2
2026-04-17 06:34:13,0.0,99.1,125.5,5.99,35.9,41.4,17.2
2026-04-17 06:34:14,0.0,94.0,116.9,6.33,36.4,33.9,17.2
2026-04-17 06:34:14,0.0,123.3,143.4,5.1,36.4,44.2,17.2
2026-04-17 06:34:14,0.0,90.1,113.0,6.01,35.9,30.6,17.2
2026-04-17 06:34:14,0.0,92.7,113.6,5.9,37.0,34.8,17.3
2026-04-17 06:34:14,0.0,97.9,126.0,5.65,35.9,36.2,17.2
2026-04-17 06:34:14,0.0,86.6,108.5,6.67,34.8,40.3,17.2
2026-04-17 06:34:15,0.0,92.8,107.4,7.09,36.4,41.1,17.2
2026-04-17 06:34:15,0.0,90.0,111.8,6.16,36.4,38.8,17.2
2026-04-17 06:34:15,0.0,85.6,94.8,7.74,35.9,46.2,17.2
2026-04-17 06:34:15,0.0,88.7,102.3,7.35,36.4,43.4,17.2
2026-04-17 06:34:15,0.0,110.8,134.3,5.29,35.3,34.7,17.1
2026-04-17 06:34:15,0.0,118.3,140.6,5.72,36.4,40.0,17.1
2026-04-17 06:34:16,0.0,85.4,99.6,7.51,36.4,41.5,17.2
2026-04-17 06:34:16,0.0,119.3,133.0,6.0,36.4,49.2,17.2
2026-04-17 06:34:16,0.0,94.2,107.9,7.04,36.4,39.6,17.2
2026-04-17 06:34:16,0.0,96.2,119.4,5.93,34.8,36.8,17.3
2026-04-17 06:34:16,0.0,98.1,121.0,5.95,35.9,36.8,17.3
2026-04-17 06:34:16,0.0,95.8,118.8,6.09,34.8,34.4,17.3
2026-04-17 06:34:16,0.0,88.0,109.7,6.29,35.3,37.1,17.3
2026-04-17 06:34:17,0.0,97.7,119.9,5.67,36.4,40.0,17.3
2026-04-17 06:34:17,0.0,120.5,144.2,5.26,36.4,37.0,17.3
2026-04-17 06:34:17,0.0,84.1,96.0,7.73,36.4,36.7,17.3
2026-04-17 06:34:17,0.0,100.3,115.6,6.69,36.4,43.3,17.3
2026-04-17 06:34:17,0.0,92.9,115.1,6.27,35.9,34.4,17.3
2026-04-17 06:34:17,0.0,91.5,114.5,6.05,35.9,38.5,17.3
2026-04-17 06:34:18,0.0,87.0,109.9,6.17,35.3,35.4,17.3
2026-04-17 06:34:18,0.0,91.1,102.9,7.27,36.4,41.5,17.3
2026-04-17 06:34:18,0.0,90.9,104.9,6.01,35.9,42.2,17.3
2026-04-17 06:34:18,0.0,94.5,120.4,5.78,35.9,32.3,17.2
2026-04-17 06:34:18,0.0,88.5,112.6,6.3,34.8,35.4,17.3
2026-04-17 06:34:18,0.0,101.4,124.6,5.59,35.3,31.9,17.3
2026-04-17 06:34:19,0.0,114.5,137.4,5.58,35.3,41.1,17.3
2026-04-17 06:34:19,0.0,84.6,103.4,7.31,36.4,37.0,17.4
2026-04-17 06:34:19,0.0,102.9,118.1,6.59,35.3,42.1,17.4
2026-04-17 06:34:19,0.0,88.1,110.4,6.54,35.3,37.5,17.4
2026-04-17 06:34:19,0.0,84.1,106.7,6.21,35.3,37.3,17.5
2026-04-17 06:34:19,0.0,86.9,101.3,7.35,36.4,39.2,17.5
2026-04-17 06:34:20,0.0,85.6,108.7,6.05,35.9,34.4,17.5
2026-04-17 06:34:20,0.0,87.2,101.0,7.41,35.9,46.4,17.5
2026-04-17 06:34:20,0.0,91.0,103.6,7.3,36.4,37.7,17.6
2026-04-17 06:34:20,0.0,94.3,117.5,5.88,35.3,37.1,17.6
2026-04-17 06:34:20,0.0,94.6,117.7,6.0,36.4,34.8,17.6
2026-04-17 06:34:20,0.0,92.4,102.8,6.09,35.9,43.8,17.6
2026-04-17 06:34:20,0.0,112.2,135.1,5.36,35.3,38.7,17.7
2026-04-17 06:34:21,0.0,87.7,107.8,6.99,36.4,36.4,17.7
2026-04-17 06:34:21,0.0,95.4,106.7,7.12,36.4,43.6,17.7
2026-04-17 06:34:21,0.0,95.0,117.7,6.04,35.9,35.9,17.7
2026-04-17 06:34:21,0.0,92.2,115.2,6.11,34.8,33.3,17.7
2026-04-17 06:34:21,0.0,98.6,120.9,5.78,35.9,33.8,17.7
2026-04-17 06:34:22,0.0,236.0,268.3,3.14,37.0,82.0,17.2
2026-04-17 06:34:22,0.0,119.9,137.4,5.86,37.0,44.6,17.3
2026-04-17 06:34:22,0.0,98.2,121.0,5.65,36.4,33.3,17.2
2026-04-17 06:34:22,0.0,95.4,117.8,6.1,36.4,35.9,17.2
2026-04-17 06:34:22,0.0,101.0,123.5,5.8,35.3,42.6,17.2
2026-04-17 06:34:22,0.0,101.1,124.1,6.01,36.4,39.7,17.1
2026-04-17 06:34:23,0.0,91.3,113.6,6.38,37.0,36.1,17.2
2026-04-17 06:34:23,0.0,94.8,117.4,5.88,34.8,40.6,17.2
2026-04-17 06:34:23,0.0,108.4,131.6,5.49,35.9,36.1,17.2
2026-04-17 06:34:23,0.0,103.1,123.0,6.27,35.9,37.1,17.2
2026-04-17 06:34:23,0.0,86.1,109.1,6.68,35.3,37.7,17.1
2026-04-17 06:34:23,0.0,106.5,119.9,6.52,35.9,42.6,17.1
2026-04-17 06:34:24,0.0,97.6,120.5,6.35,36.4,42.2,17.1
2026-04-17 06:34:24,0.0,93.8,116.8,6.15,35.9,34.9,17.2
2026-04-17 06:34:24,0.0,108.5,128.5,5.51,35.9,38.6,17.2
2026-04-17 06:34:24,0.0,89.6,112.8,6.77,36.4,47.8,17.2
2026-04-17 06:34:24,0.0,100.8,123.9,5.62,36.4,38.0,17.2
2026-04-17 06:34:24,0.0,103.7,125.2,5.86,37.0,36.2,17.2
2026-04-17 06:34:25,0.0,89.1,112.1,6.63,35.9,39.0,17.2
2026-04-17 06:34:25,0.0,87.7,110.8,6.06,36.4,34.8,17.2
2026-04-17 06:34:25,0.0,98.8,121.6,5.62,35.9,35.2,17.3
2026-04-17 06:34:25,0.0,87.9,110.9,6.42,35.3,40.6,17.3
2026-04-17 06:34:25,0.0,86.7,98.3,7.58,37.0,39.2,17.3
2026-04-17 06:34:25,0.0,113.0,124.2,6.27,36.4,43.3,17.3
2026-04-17 06:34:25,0.0,91.7,111.9,6.88,35.9,40.3,17.3
2026-04-17 06:34:26,0.0,109.0,131.5,5.43,35.9,41.1,17.3
2026-04-17 06:34:26,0.0,97.8,121.0,6.44,36.4,40.3,17.3
2026-04-17 06:34:26,0.0,105.2,130.6,5.68,35.3,35.8,17.3
2026-04-17 06:34:26,0.0,116.9,139.3,5.67,35.3,42.0,17.2
2026-04-17 06:34:26,0.0,89.6,105.1,7.19,35.3,43.6,17.2
2026-04-17 06:34:26,0.0,86.6,114.7,5.93,37.0,34.8,17.2
2026-04-17 06:34:27,0.0,102.6,126.0,5.63,36.4,36.2,17.2
2026-04-17 06:34:27,0.0,92.1,114.4,6.41,35.9,38.7,17.2
2026-04-17 06:34:27,0.0,88.2,111.5,6.14,35.9,33.3,17.3
2026-04-17 06:34:27,0.0,97.2,105.9,7.04,35.3,45.8,17.3
2026-04-17 06:34:27,0.0,96.1,119.1,6.05,35.9,37.3,17.3
2026-04-17 06:34:27,0.0,93.9,116.4,6.07,35.3,37.9,17.4
2026-04-17 06:34:28,0.0,87.0,110.1,6.21,36.4,33.3,17.4
2026-04-17 06:34:28,0.0,103.3,114.4,6.73,37.5,44.8,17.5
2026-04-17 06:34:28,0.0,109.1,131.1,5.82,35.9,39.1,17.5
2026-04-17 06:34:28,0.0,99.3,121.7,6.38,35.9,39.1,17.5
2026-04-17 06:34:28,0.0,111.5,134.9,5.58,35.9,36.2,17.4
2026-04-17 06:34:28,0.0,107.7,123.4,6.16,35.3,42.9,17.5
2026-04-17 06:34:29,0.0,86.5,108.8,6.88,35.9,43.1,17.5
2026-04-17 06:34:29,0.0,86.2,99.0,7.53,37.0,46.4,17.5
2026-04-17 06:34:29,0.0,86.7,97.9,7.47,35.9,42.0,17.5
2026-04-17 06:34:29,0.0,84.3,97.2,7.63,36.4,42.9,17.4
2026-04-17 06:34:29,0.0,91.6,107.0,7.12,36.4,42.6,17.4
2026-04-17 06:34:29,0.0,87.0,109.2,6.17,35.9,29.0,17.4
2026-04-17 06:34:29,0.0,90.2,102.2,7.31,35.9,46.6,17.4
2026-04-17 06:34:30,0.0,84.9,109.5,6.15,36.4,37.9,17.4
2026-04-17 06:34:30,0.0,84.0,97.1,7.66,35.9,39.2,17.4
2026-04-17 06:34:30,0.0,97.2,113.2,6.81,35.9,38.2,17.4
2026-04-17 06:34:30,0.0,89.1,111.9,6.32,36.4,38.5,17.4
2026-04-17 06:34:30,0.0,102.1,124.8,5.56,35.9,41.7,17.4
2026-04-17 06:34:30,0.0,84.8,108.0,6.71,34.8,37.9,17.4
2026-04-17 06:34:30,0.0,92.0,106.8,7.12,36.4,36.5,17.4
2026-04-17 06:34:31,0.0,90.1,114.9,5.99,36.4,35.8,17.4
2026-04-17 06:34:31,0.0,94.7,117.9,5.89,35.3,38.8,17.5
2026-04-17 06:34:31,0.0,93.7,117.2,6.06,35.9,30.6,17.5
2026-04-17 06:34:31,0.0,116.5,139.3,5.29,35.9,37.3,17.5
2026-04-17 06:34:31,0.0,86.2,101.2,7.33,35.3,37.0,17.5
2026-04-17 06:34:31,0.0,100.2,105.3,6.79,35.9,49.1,17.5
2026-04-17 06:34:32,0.0,98.5,121.5,6.07,35.9,36.4,17.5
2026-04-17 06:34:32,0.0,109.5,129.7,5.63,35.9,38.2,17.6
2026-04-17 06:34:32,0.0,85.6,103.2,7.0,35.3,37.5,17.6
2026-04-17 06:34:32,0.0,87.1,103.1,7.32,36.4,43.9,17.5
2026-04-17 06:34:32,0.0,91.4,101.9,7.33,35.9,49.1,17.6
2026-04-17 06:34:32,0.0,85.4,112.7,6.09,36.4,31.1,17.5
2026-04-17 06:34:33,0.0,86.5,109.5,6.12,36.4,34.8,17.5
2026-04-17 06:34:33,0.0,115.2,128.4,6.15,36.4,41.9,17.5
2026-04-17 06:34:33,0.0,96.1,114.0,6.78,37.0,40.0,17.6
2026-04-17 06:34:33,0.0,96.3,118.8,6.02,35.9,35.9,17.6
2026-04-17 06:34:33,0.0,89.3,112.4,6.25,37.0,39.4,17.6
2026-04-17 06:34:33,0.0,85.5,108.8,6.15,37.0,33.9,17.6
2026-04-17 06:34:33,0.0,89.1,103.1,7.3,36.4,44.6,17.7
2026-04-17 06:34:34,0.0,104.8,107.3,6.72,35.9,54.1,17.7
2026-04-17 06:34:34,0.0,89.2,112.3,6.53,36.4,35.7,17.7
2026-04-17 06:34:34,0.0,91.5,114.5,5.99,35.3,33.8,17.8
2026-04-17 06:34:34,0.0,99.3,121.2,5.74,35.3,35.3,17.8
2026-04-17 06:34:34,0.0,99.6,119.1,5.99,35.9,38.2,17.8
2026-04-17 06:34:35,0.0,249.2,283.0,3.06,36.4,80.6,17.3
2026-04-17 06:34:35,0.0,101.9,125.5,5.7,36.4,38.0,17.2
2026-04-17 06:34:35,0.0,118.9,141.5,5.46,36.4,37.8,17.2
2026-04-17 06:34:35,0.0,111.8,125.7,6.26,36.4,48.5,17.2
2026-04-17 06:34:35,0.0,111.7,131.5,6.02,37.0,40.6,17.1
2026-04-17 06:34:35,0.0,92.8,112.4,6.76,35.3,38.3,17.1
2026-04-17 06:34:36,0.0,108.2,130.8,5.5,36.4,33.3,17.1
2026-04-17 06:34:36,0.0,104.1,127.9,6.09,35.9,43.3,17.2
2026-04-17 06:34:36,0.0,88.0,111.0,6.72,36.4,39.7,17.2
2026-04-17 06:34:36,0.0,86.9,110.0,6.05,35.9,38.2,17.2
2026-04-17 06:34:36,0.0,85.4,98.2,7.58,36.4,40.4,17.3
2026-04-17 06:34:36,0.0,111.5,125.6,6.28,37.0,45.3,17.3
2026-04-17 06:34:37,0.0,91.9,113.2,6.81,37.5,35.8,17.3
2026-04-17 06:34:37,0.0,103.8,106.6,6.88,36.4,56.9,17.3
2026-04-17 06:34:37,0.0,95.9,118.8,6.3,36.4,32.2,17.3
2026-04-17 06:34:37,0.0,87.8,111.2,6.3,35.9,37.5,17.2
2026-04-17 06:34:37,0.0,89.5,109.6,5.95,35.9,32.3,17.2
2026-04-17 06:34:37,0.0,92.2,115.1,5.91,36.4,35.4,17.2
2026-04-17 06:34:38,0.0,97.5,118.8,5.82,37.0,36.8,17.3
2026-04-17 06:34:38,0.0,109.1,132.1,5.61,37.0,40.0,17.2
2026-04-17 06:34:38,0.0,97.8,118.7,6.43,37.0,37.7,17.3
2026-04-17 06:34:38,0.0,105.4,128.1,5.75,36.4,37.3,17.3
2026-04-17 06:34:38,0.0,107.1,130.6,5.93,36.4,34.8,17.3
2026-04-17 06:34:38,0.0,95.6,118.5,6.47,35.3,42.9,17.3
2026-04-17 06:34:39,0.0,90.8,114.3,6.16,36.4,37.3,17.3
2026-04-17 06:34:39,0.0,94.2,117.0,5.9,36.4,36.8,17.3
2026-04-17 06:34:39,0.0,101.7,124.5,5.75,36.4,36.2,17.4
2026-04-17 06:34:39,0.0,99.5,122.1,6.08,35.3,36.5,17.4
2026-04-17 06:34:39,0.0,104.0,127.2,5.84,35.3,39.1,17.4
2026-04-17 06:34:39,0.0,98.3,121.4,6.23,35.9,35.5,17.4
2026-04-17 06:34:40,0.0,95.1,118.5,6.1,35.3,38.8,17.4
2026-04-17 06:34:40,0.0,90.8,114.2,6.14,36.4,34.9,17.4
2026-04-17 06:34:40,0.0,103.6,126.0,5.6,35.3,34.7,17.3
2026-04-17 06:34:40,0.0,132.7,155.9,5.12,37.0,43.4,17.3
2026-04-17 06:34:40,0.0,84.1,107.1,6.61,37.0,37.1,17.3
2026-04-17 06:34:40,0.0,102.5,118.5,6.59,35.9,40.7,17.4
2026-04-17 06:34:41,0.0,88.0,111.3,6.58,35.9,37.3,17.4
2026-04-17 06:34:41,0.0,90.4,113.7,5.91,35.9,31.7,17.5
2026-04-17 06:34:41,0.0,113.9,137.0,5.25,35.9,34.2,17.5
2026-04-17 06:34:41,0.0,87.4,106.3,7.15,35.9,38.9,17.5
2026-04-17 06:34:41,0.0,94.5,106.1,7.14,37.0,47.5,17.5
2026-04-17 06:34:41,0.0,86.9,110.2,6.28,35.9,34.4,17.6
2026-04-17 06:34:41,0.0,90.8,101.5,7.29,36.4,45.5,17.6
2026-04-17 06:34:42,0.0,86.8,113.8,6.01,36.4,36.8,17.4
2026-04-17 06:34:42,0.0,98.5,121.4,5.74,36.4,39.7,17.4
2026-04-17 06:34:42,0.0,85.5,114.7,6.26,36.4,35.5,17.4
2026-04-17 06:34:42,0.0,88.2,111.2,6.13,36.4,50.0,17.4
2026-04-17 06:34:42,0.0,109.1,140.3,5.09,36.4,32.9,17.3
2026-04-17 06:34:42,0.0,85.1,99.1,7.48,35.9,36.5,17.3
2026-04-17 06:34:43,0.0,96.8,111.3,6.9,36.4,45.8,17.3
2026-04-17 06:34:43,0.0,97.5,120.7,5.97,35.3,35.4,17.3
2026-04-17 06:34:43,0.0,101.7,124.9,5.86,35.9,39.1,17.2
2026-04-17 06:34:43,0.0,85.1,107.6,6.67,37.0,37.3,17.2
2026-04-17 06:34:43,0.0,101.1,115.9,6.7,35.9,37.9,17.2
2026-04-17 06:34:43,0.0,97.4,120.3,6.14,35.3,40.9,17.3
2026-04-17 06:34:44,0.0,95.3,118.3,6.08,36.4,36.4,17.3
2026-04-17 06:34:44,0.0,105.4,127.7,5.61,35.9,35.7,17.3
2026-04-17 06:34:44,0.0,86.2,105.6,6.85,35.3,37.9,17.4
2026-04-17 06:34:44,0.0,101.2,114.8,6.73,36.4,43.1,17.4
2026-04-17 06:34:44,0.0,95.7,124.5,6.01,36.4,46.3,17.4
2026-04-17 06:34:44,0.0,93.9,116.9,6.29,36.4,36.5,17.4
2026-04-17 06:34:45,0.0,91.5,114.2,6.08,35.9,38.8,17.4
2026-04-17 06:34:45,0.0,87.3,106.9,6.16,35.9,36.4,17.4
2026-04-17 06:34:45,0.0,90.0,102.0,7.35,35.9,44.6,17.4
2026-04-17 06:34:45,0.0,93.4,114.7,5.88,36.4,35.4,17.4
2026-04-17 06:34:45,0.0,88.1,111.1,6.21,35.9,31.7,17.4
2026-04-17 06:34:45,0.0,113.5,136.4,5.21,36.4,36.7,17.4
2026-04-17 06:34:45,0.0,103.1,122.4,6.41,35.9,43.8,17.4
2026-04-17 06:34:46,0.0,83.8,106.7,6.79,36.4,32.1,17.4
2026-04-17 06:34:46,0.0,94.7,111.0,6.93,35.3,44.1,17.5
2026-04-17 06:34:46,0.0,98.4,121.7,5.87,34.8,38.8,17.5
2026-04-17 06:34:46,0.0,97.5,120.4,6.04,35.9,36.4,17.5
2026-04-17 06:34:46,0.0,117.0,140.2,5.37,36.4,40.5,17.5
2026-04-17 06:34:46,0.0,101.3,117.1,6.63,37.0,40.7,17.5
2026-04-17 06:34:47,0.0,90.7,112.5,6.39,37.0,36.1,17.5
2026-04-17 06:34:47,0.0,115.8,138.6,5.23,36.4,38.2,17.5
2026-04-17 06:34:47,0.0,111.4,130.5,6.09,35.9,42.4,17.5
2026-04-17 06:34:47,0.0,82.2,101.7,7.39,36.4,43.3,17.5
2026-04-17 06:34:47,0.0,100.7,122.8,6.39,35.9,43.5,17.6
2026-04-17 06:34:47,0.0,86.4,109.4,6.78,36.4,38.7,17.6
2026-04-17 06:34:48,0.0,117.0,129.9,6.1,36.4,42.2,17.6
2026-04-17 06:34:48,0.0,88.5,105.2,7.22,36.4,41.8,17.6
2026-04-17 06:34:48,0.0,84.7,107.9,6.15,37.0,34.9,17.5
2026-04-17 06:34:48,0.0,102.2,113.6,6.64,36.4,44.4,17.6
2026-04-17 06:34:48,0.0,106.8,130.4,5.83,36.4,40.0,17.5
2026-04-17 06:34:49,0.0,290.3,313.9,2.86,37.5,80.0,16.9
2026-04-17 06:34:49,0.0,91.0,113.5,6.0,37.5,32.8,16.9
2026-04-17 06:34:49,0.0,100.7,119.3,5.67,35.9,35.7,16.9
2026-04-17 06:34:49,0.0,96.1,119.0,6.15,35.3,37.5,16.9
2026-04-17 06:34:49,0.0,88.2,111.7,6.3,37.5,37.5,17.0
2026-04-17 06:34:49,0.0,94.3,117.4,5.81,35.9,33.3,17.0
2026-04-17 06:34:50,0.0,92.5,113.8,6.06,37.0,35.4,17.0
2026-04-17 06:34:50,0.0,91.2,109.2,6.06,37.0,35.4,17.0
2026-04-17 06:34:50,0.0,105.2,122.5,5.53,35.3,35.2,17.0
2026-04-17 06:34:50,0.0,96.7,119.1,6.33,35.9,39.1,17.0
2026-04-17 06:34:50,0.0,103.8,126.3,5.76,36.4,42.7,17.1
2026-04-17 06:34:50,0.0,91.0,114.1,6.5,35.3,36.1,17.1
2026-04-17 06:34:51,0.0,87.1,102.2,6.14,35.9,36.4,17.1
2026-04-17 06:34:51,0.0,101.2,111.6,6.79,36.4,40.4,17.1
2026-04-17 06:34:51,0.0,95.8,119.4,6.18,37.0,47.8,17.2
2026-04-17 06:34:51,0.0,106.8,130.0,5.65,35.3,37.1,17.2
2026-04-17 06:34:51,0.0,87.4,108.4,6.77,36.4,37.9,17.1
2026-04-17 06:34:51,0.0,101.6,113.4,6.8,34.8,40.7,17.2
2026-04-17 06:34:51,0.0,103.4,125.5,5.93,36.4,35.4,17.2
2026-04-17 06:34:52,0.0,106.3,129.2,5.91,36.4,43.3,17.2
2026-04-17 06:34:52,0.0,91.7,114.9,6.58,35.3,36.2,17.3
2026-04-17 06:34:52,0.0,108.8,132.0,5.45,35.3,36.6,17.3
2026-04-17 06:34:52,0.0,84.9,107.9,7.01,36.4,35.7,17.3
2026-04-17 06:34:52,0.0,88.8,104.0,7.28,35.9,44.6,17.3
2026-04-17 06:34:52,0.0,87.4,110.2,6.06,37.5,38.8,17.2
2026-04-17 06:34:53,0.0,83.3,95.5,7.75,37.0,38.0,17.2
2026-04-17 06:34:53,0.0,110.0,126.7,6.25,35.3,46.7,17.2
2026-04-17 06:34:53,0.0,84.1,106.8,7.1,37.0,34.5,17.2
2026-04-17 06:34:53,0.0,107.2,123.3,6.38,36.4,49.3,17.2
2026-04-17 06:34:53,0.0,86.7,109.8,6.86,35.3,38.7,17.2
2026-04-17 06:34:53,0.0,87.0,109.5,6.0,35.3,33.3,17.2
2026-04-17 06:34:53,0.0,97.6,109.4,6.95,36.4,39.3,17.2
2026-04-17 06:34:54,0.0,96.8,119.9,6.03,35.9,35.8,17.2
2026-04-17 06:34:54,0.0,89.9,112.9,6.26,36.4,37.5,17.3
2026-04-17 06:34:54,0.0,106.1,129.1,5.47,35.9,38.9,17.3
2026-04-17 06:34:54,0.0,87.9,107.4,6.74,36.4,39.3,17.3
2026-04-17 06:34:54,0.0,87.7,97.6,7.51,36.4,48.3,17.3
2026-04-17 06:34:54,0.0,106.4,118.1,6.59,37.0,50.0,17.3
2026-04-17 06:34:55,0.0,103.8,126.9,6.1,36.4,36.9,17.3
2026-04-17 06:34:55,0.0,97.6,120.4,6.24,37.0,41.5,17.3
2026-04-17 06:34:55,0.0,103.5,126.6,5.8,36.4,37.1,17.3
2026-04-17 06:34:55,0.0,86.6,107.5,6.68,35.3,39.3,17.3
2026-04-17 06:34:55,0.0,92.8,105.6,7.16,36.4,41.8,17.3
2026-04-17 06:34:55,0.0,96.8,120.5,5.84,37.0,35.3,17.3
2026-04-17 06:34:56,0.0,103.8,127.0,5.79,36.4,35.7,17.3
2026-04-17 06:34:56,0.0,103.3,126.1,5.99,35.9,35.5,17.3
2026-04-17 06:34:56,0.0,96.0,118.8,6.31,35.9,38.1,17.3
2026-04-17 06:34:56,0.0,84.7,107.7,6.44,34.8,38.5,17.4
2026-04-17 06:34:56,0.0,106.3,121.8,6.44,35.9,46.0,17.4
2026-04-17 06:34:56,0.0,120.2,143.3,5.55,35.9,43.7,17.4
2026-04-17 06:34:57,0.0,86.6,109.6,6.02,35.3,31.7,17.4
2026-04-17 06:34:57,0.0,96.9,109.8,6.95,35.3,43.6,17.4
2026-04-17 06:34:57,0.0,96.8,120.0,6.02,36.4,35.4,17.5
2026-04-17 06:34:57,0.0,87.3,113.7,6.24,35.9,38.5,17.5
2026-04-17 06:34:57,0.0,90.7,114.0,5.99,36.4,35.9,17.5
2026-04-17 06:34:57,0.0,91.0,114.7,5.96,36.4,35.8,17.5
2026-04-17 06:34:57,0.0,89.2,110.1,6.1,35.9,36.9,17.6
2026-04-17 06:34:58,0.0,106.2,129.4,5.45,35.3,36.6,17.6
2026-04-17 06:34:58,0.0,85.6,108.9,6.84,37.0,35.6,17.6
2026-04-17 06:34:58,0.0,89.6,103.5,7.29,37.0,41.2,17.7
2026-04-17 06:34:58,0.0,97.0,119.5,5.75,35.3,37.1,17.7
2026-04-17 06:34:58,0.0,94.6,116.6,6.1,35.9,32.8,17.7
2026-04-17 06:34:58,0.0,87.3,105.1,6.28,36.4,35.5,17.7
2026-04-17 06:34:59,0.0,92.5,104.4,7.22,35.9,43.6,17.7
2026-04-17 06:34:59,0.0,100.6,123.6,5.72,35.3,43.5,17.8
2026-04-17 06:34:59,0.0,86.3,109.4,6.57,34.8,35.5,17.8
2026-04-17 06:34:59,0.0,105.2,118.9,6.48,35.9,42.6,17.8
2026-04-17 06:34:59,0.0,100.1,123.0,6.27,35.9,43.9,17.8
2026-04-17 06:34:59,0.0,86.5,109.5,6.54,36.4,34.4,17.7
2026-04-17 06:35:00,0.0,102.6,115.6,6.69,36.4,42.6,17.7
2026-04-17 06:35:00,0.0,98.7,130.7,5.83,37.5,42.4,17.7
2026-04-17 06:35:00,0.0,85.6,108.6,6.92,37.0,39.0,17.7
2026-04-17 06:35:00,0.0,95.1,107.9,6.99,36.4,38.9,17.8
2026-04-17 06:35:00,0.0,90.5,113.4,6.18,35.9,42.9,17.8
2026-04-17 06:35:00,0.0,92.7,114.8,5.92,35.9,33.8,17.7
2026-04-17 06:35:00,0.0,90.4,112.5,6.09,37.0,31.1,17.8
2026-04-17 06:35:01,0.0,100.1,123.0,5.67,37.0,34.3,17.8
2026-04-17 06:35:01,0.0,90.9,114.2,6.34,35.3,39.4,17.8
2026-04-17 06:35:01,0.0,98.5,121.6,5.75,35.3,31.8,17.8
2026-04-17 06:35:01,0.0,92.4,115.8,6.22,35.9,47.0,17.9
2026-04-17 06:35:01,0.0,127.4,149.0,4.97,34.8,40.0,17.9
2026-04-17 06:35:02,0.0,100.3,123.2,5.8,37.0,34.3,17.9
2026-04-17 06:35:02,0.0,102.3,125.2,5.93,37.0,41.8,17.9
2026-04-17 06:35:02,0.0,93.3,116.0,6.34,35.9,38.1,17.9
2026-04-17 06:35:02,0.0,100.8,124.0,5.74,35.9,33.8,17.9
2026-04-17 06:35:02,0.0,120.5,141.0,5.37,36.4,42.5,17.9
2026-04-17 06:35:03,0.0,262.7,289.9,3.09,36.4,82.5,17.2
2026-04-17 06:35:03,0.0,104.4,126.2,6.25,37.0,43.1,17.2
2026-04-17 06:35:03,0.0,87.4,109.4,6.67,37.0,43.7,17.2
2026-04-17 06:35:03,0.0,91.0,102.6,7.31,36.4,49.2,17.3
2026-04-17 06:35:03,0.0,96.2,119.8,5.8,37.5,34.8,17.3
2026-04-17 06:35:03,0.0,86.1,102.9,6.42,36.4,38.1,17.2
2026-04-17 06:35:03,0.0,106.4,120.2,6.5,35.9,40.7,17.1
2026-04-17 06:35:04,0.0,91.6,114.6,6.6,36.4,43.8,16.9
2026-04-17 06:35:04,0.0,88.3,111.3,6.12,35.9,32.3,16.9
2026-04-17 06:35:04,0.0,82.6,105.5,6.22,35.9,32.8,16.9
2026-04-17 06:35:04,0.0,110.4,126.8,6.16,35.3,40.3,17.0
2026-04-17 06:35:04,0.0,87.4,107.0,7.02,35.9,41.1,17.0
2026-04-17 06:35:04,0.0,92.8,104.3,7.22,36.4,43.6,16.9
2026-04-17 06:35:05,0.0,115.2,138.4,5.29,35.9,39.2,16.9
2026-04-17 06:35:05,0.0,83.8,101.7,7.4,35.9,37.7,16.9
2026-04-17 06:35:05,0.0,88.7,104.3,7.24,35.9,44.6,16.9
2026-04-17 06:35:05,0.0,90.0,99.7,7.37,35.9,44.4,16.9
2026-04-17 06:35:05,0.0,88.3,111.9,6.08,36.4,33.8,16.9
2026-04-17 06:35:05,0.0,83.0,106.1,6.22,35.9,32.3,16.9
2026-04-17 06:35:05,0.0,95.1,111.5,6.88,35.9,41.1,16.9
2026-04-17 06:35:06,0.0,95.7,119.5,5.95,34.8,35.8,16.9
2026-04-17 06:35:06,0.0,84.7,107.8,6.46,36.4,36.5,16.9
2026-04-17 06:35:06,0.0,87.2,102.5,7.36,35.9,39.2,16.9
2026-04-17 06:35:06,0.0,88.6,98.9,7.42,37.0,42.3,16.9
2026-04-17 06:35:06,0.0,96.9,120.9,5.68,37.0,35.7,16.9
2026-04-17 06:35:06,0.0,86.7,109.8,6.44,37.0,32.8,16.9
2026-04-17 06:35:07,0.0,89.0,101.9,7.36,35.3,44.4,17.0
2026-04-17 06:35:07,0.0,115.6,139.1,5.16,37.5,45.5,17.0
2026-04-17 06:35:07,0.0,84.6,101.3,7.42,37.0,38.9,17.1
2026-04-17 06:35:07,0.0,98.6,113.5,6.78,35.3,44.1,17.1
2026-04-17 06:35:07,0.0,104.6,127.7,5.79,35.9,39.4,17.1
2026-04-17 06:35:07,0.0,87.6,110.8,6.68,35.3,41.0,17.1
2026-04-17 06:35:07,0.0,116.2,128.0,6.18,36.4,42.2,17.2
2026-04-17 06:35:08,0.0,85.7,103.0,7.33,37.5,40.7,17.2
2026-04-17 06:35:08,0.0,87.8,101.0,7.4,38.6,44.2,17.2
2026-04-17 06:35:08,0.0,90.2,101.9,7.38,35.9,43.4,17.2
2026-04-17 06:35:08,0.0,98.4,120.7,5.72,37.0,37.1,17.3
2026-04-17 06:35:08,0.0,86.6,109.5,6.47,37.0,36.5,17.3
2026-04-17 06:35:08,0.0,92.9,105.5,7.15,35.9,41.8,17.3
2026-04-17 06:35:09,0.0,98.4,121.8,5.81,35.3,37.7,17.4
2026-04-17 06:35:09,0.0,112.1,135.2,5.56,36.4,36.8,17.4
2026-04-17 06:35:09,0.0,95.8,115.5,6.65,37.0,40.0,17.4
2026-04-17 06:35:09,0.0,98.8,121.5,5.89,37.0,38.8,17.5
2026-04-17 06:35:09,0.0,90.8,114.0,6.32,37.0,33.9,17.4
2026-04-17 06:35:09,0.0,86.2,109.4,6.17,37.0,38.8,17.4
2026-04-17 06:35:09,0.0,89.9,101.4,7.31,37.0,41.5,17.4
2026-04-17 06:35:10,0.0,107.0,131.4,5.41,36.4,37.0,17.4
2026-04-17 06:35:10,0.0,92.7,116.1,6.61,36.4,39.7,17.4
2026-04-17 06:35:10,0.0,93.9,117.0,5.92,36.4,35.8,17.4
2026-04-17 06:35:10,0.0,93.2,114.4,6.07,35.3,39.1,17.5
2026-04-17 06:35:10,0.0,86.5,109.6,6.26,35.9,37.5,17.4
2026-04-17 06:35:10,0.0,97.0,109.7,6.96,36.4,42.9,17.4
2026-04-17 06:35:11,0.0,87.9,112.7,6.27,36.4,38.1,17.4
2026-04-17 06:35:11,0.0,87.4,110.3,6.1,35.3,32.3,17.3
2026-04-17 06:35:11,0.0,91.2,95.5,7.28,36.4,52.8,17.4
2026-04-17 06:35:11,0.0,100.9,123.8,5.68,36.4,43.4,17.4
2026-04-17 06:35:11,0.0,94.5,117.5,6.24,36.4,36.9,17.4
2026-04-17 06:35:11,0.0,99.8,122.9,5.81,35.9,43.1,17.3
2026-04-17 06:35:12,0.0,86.1,106.3,6.54,36.4,36.1,17.4
2026-04-17 06:35:12,0.0,92.1,107.6,7.09,34.8,47.3,17.4
2026-04-17 06:35:12,0.0,101.3,136.3,5.35,35.3,38.6,17.4
2026-04-17 06:35:12,0.0,88.4,108.2,7.06,36.4,33.3,17.4
2026-04-17 06:35:12,0.0,111.0,133.5,5.31,35.3,36.5,17.4
2026-04-17 06:35:12,0.0,93.9,113.9,6.7,36.4,41.7,17.4
2026-04-17 06:35:13,0.0,88.4,112.2,6.18,35.9,38.8,17.5
2026-04-17 06:35:13,0.0,85.7,108.8,6.13,36.4,30.6,17.5
2026-04-17 06:35:13,0.0,89.0,101.0,7.33,35.9,42.6,17.6
2026-04-17 06:35:13,0.0,88.9,114.9,5.89,36.4,34.8,17.6
2026-04-17 06:35:13,0.0,96.2,118.8,5.86,35.9,35.3,17.6
2026-04-17 06:35:13,0.0,100.2,124.9,5.8,36.4,34.3,17.7
2026-04-17 06:35:14,0.0,98.3,117.5,6.13,35.9,39.4,17.7
2026-04-17 06:35:14,0.0,97.8,120.3,6.02,35.9,38.2,17.7
2026-04-17 06:35:14,0.0,111.2,129.0,5.56,36.4,36.2,17.7
2026-04-17 06:35:14,0.0,89.2,110.9,6.92,35.9,41.7,17.7
2026-04-17 06:35:14,0.0,89.4,105.9,5.99,35.9,46.3,17.7
2026-04-17 06:35:14,0.0,86.4,110.0,6.1,35.3,36.4,17.7
2026-04-17 06:35:14,0.0,99.8,112.4,6.84,36.4,39.3,17.7
2026-04-17 06:35:15,0.0,96.0,117.5,6.15,37.0,36.5,17.6
2026-04-17 06:35:15,0.0,85.7,108.7,6.4,35.9,33.9,17.6
2026-04-17 06:35:15,0.0,88.9,103.7,7.26,35.9,41.5,17.6
2026-04-17 06:35:15,0.0,88.0,110.9,6.08,35.9,38.8,17.6
2026-04-17 06:35:15,0.0,85.9,97.7,7.62,34.8,40.4,17.6
2026-04-17 06:35:15,0.0,113.4,126.9,6.22,35.3,43.1,17.6
2026-04-17 06:35:16,0.0,96.5,116.1,6.68,35.9,36.2,17.6
2026-04-17 06:35:16,0.0,281.8,318.3,2.74,36.4,76.2,16.8
2026-04-17 06:35:16,0.0,92.3,115.0,6.12,37.0,36.9,16.9
2026-04-17 06:35:16,0.0,95.0,116.0,5.9,35.9,36.8,16.9
2026-04-17 06:35:16,0.0,84.8,106.6,6.4,36.4,35.5,16.9
2026-04-17 06:35:17,0.0,104.3,113.3,6.54,35.9,51.7,17.0
2026-04-17 06:35:17,0.0,101.3,124.9,6.1,37.5,43.7,17.0
2026-04-17 06:35:17,0.0,84.8,107.8,6.69,37.0,31.0,17.0
2026-04-17 06:35:17,0.0,90.8,104.2,7.17,35.9,42.9,17.0
2026-04-17 06:35:17,0.0,92.0,114.8,5.95,36.4,34.4,17.0
2026-04-17 06:35:17,0.0,95.7,118.8,5.88,36.4,33.8,17.0
2026-04-17 06:35:18,0.0,87.8,111.3,6.27,35.9,39.7,17.0
2026-04-17 06:35:18,0.0,97.2,120.1,5.71,36.4,32.4,17.0
2026-04-17 06:35:18,0.0,116.1,136.1,5.39,35.9,35.7,17.1
2026-04-17 06:35:18,0.0,89.1,106.6,7.06,35.9,43.3,17.1
2026-04-17 06:35:18,0.0,90.6,113.8,6.01,35.9,39.4,17.1
2026-04-17 06:35:18,0.0,125.9,149.1,4.96,37.5,45.7,17.2
2026-04-17 06:35:19,0.0,103.8,126.8,5.63,36.4,30.9,17.2
2026-04-17 06:35:19,0.0,96.2,121.8,6.19,36.4,36.5,17.1
2026-04-17 06:35:19,0.0,106.7,129.6,5.73,35.9,38.6,17.2
2026-04-17 06:35:19,0.0,84.5,107.4,6.93,36.4,36.8,17.2
2026-04-17 06:35:19,0.0,107.7,121.4,6.39,37.0,44.4,17.2
2026-04-17 06:35:19,0.0,101.4,124.2,6.24,34.8,38.5,17.2
2026-04-17 06:35:20,0.0,90.3,110.6,6.43,35.9,37.7,17.2
2026-04-17 06:35:20,0.0,92.6,115.9,5.87,35.3,37.1,17.2
2026-04-17 06:35:20,0.0,100.5,122.8,5.79,37.0,39.4,17.2
2026-04-17 06:35:20,0.0,84.8,107.7,6.63,35.9,41.9,17.2
2026-04-17 06:35:20,0.0,90.2,105.0,7.21,35.9,42.6,17.2
2026-04-17 06:35:20,0.0,98.8,122.0,5.7,34.8,33.3,17.3
2026-04-17 06:35:20,0.0,98.2,120.0,6.02,36.4,46.4,17.3
2026-04-17 06:35:21,0.0,99.4,122.5,5.97,35.9,37.3,17.3
2026-04-17 06:35:21,0.0,84.3,107.1,6.58,36.4,38.3,17.3
2026-04-17 06:35:21,0.0,91.7,106.9,7.13,35.9,43.1,17.4
2026-04-17 06:35:21,0.0,123.7,146.7,5.04,35.3,30.7,17.4
2026-04-17 06:35:21,0.0,112.5,135.5,5.3,35.3,38.2,17.4
2026-04-17 06:35:21,0.0,87.2,108.7,7.02,35.9,33.3,17.4
2026-04-17 06:35:22,0.0,118.0,141.2,5.09,36.4,42.3,17.4
2026-04-17 06:35:22,0.0,84.2,99.7,7.51,37.0,38.5,17.4
2026-04-17 06:35:22,0.0,88.5,104.5,7.23,36.4,40.7,17.4
2026-04-17 06:35:22,0.0,87.6,110.7,6.08,36.4,37.9,17.3
2026-04-17 06:35:22,0.0,84.8,97.1,7.65,37.5,35.4,17.3
2026-04-17 06:35:22,0.0,83.9,87.0,7.55,37.0,54.7,17.2
2026-04-17 06:35:23,0.0,106.3,120.8,6.44,35.9,45.5,17.2
2026-04-17 06:35:23,0.0,95.8,118.4,6.41,36.4,41.0,17.3
2026-04-17 06:35:23,0.0,85.4,108.4,6.41,34.8,30.0,17.3
2026-04-17 06:35:23,0.0,94.0,106.7,7.01,37.0,43.9,17.3
2026-04-17 06:35:23,0.0,87.0,110.5,6.28,35.9,34.4,17.3
2026-04-17 06:35:23,0.0,104.6,116.4,6.65,36.4,44.3,17.4
2026-04-17 06:35:23,0.0,95.4,121.8,6.14,36.4,40.0,17.4
2026-04-17 06:35:24,0.0,101.6,124.5,5.98,36.4,33.3,17.5
2026-04-17 06:35:24,0.0,87.7,110.7,6.55,35.9,33.9,17.5
2026-04-17 06:35:24,0.0,95.8,108.3,7.05,36.4,41.8,17.5
2026-04-17 06:35:24,0.0,133.6,157.8,4.87,37.0,36.2,17.5
2026-04-17 06:35:24,0.0,106.5,129.5,5.82,35.3,38.0,17.6
2026-04-17 06:35:24,0.0,94.2,116.9,6.48,36.4,35.6,17.6
2026-04-17 06:35:25,0.0,93.5,103.3,6.03,35.3,42.6,17.6
2026-04-17 06:35:25,0.0,117.9,140.6,5.24,36.4,34.2,17.6
2026-04-17 06:35:25,0.0,91.3,106.3,7.15,36.4,35.8,17.5
2026-04-17 06:35:25,0.0,111.4,134.1,5.36,37.0,39.5,17.5
2026-04-17 06:35:25,0.0,91.1,111.7,6.83,36.4,35.7,17.5
2026-04-17 06:35:25,0.0,91.0,113.1,6.0,36.4,33.9,17.5
2026-04-17 06:35:26,0.0,88.4,111.0,6.1,36.4,32.8,17.5
2026-04-17 06:35:26,0.0,95.9,118.3,5.74,35.9,38.0,17.5
2026-04-17 06:35:26,0.0,101.4,121.6,5.82,36.4,33.8,17.5
2026-04-17 06:35:26,0.0,95.8,119.1,6.2,35.9,40.3,17.5
2026-04-17 06:35:26,0.0,85.1,108.2,6.42,35.9,31.7,17.5
2026-04-17 06:35:26,0.0,88.4,103.9,7.26,36.4,42.6,17.6
2026-04-17 06:35:27,0.0,88.5,111.5,6.04,35.9,35.9,17.6
2026-04-17 06:35:27,0.0,97.4,117.7,5.69,35.3,37.1,17.6
2026-04-17 06:35:27,0.0,103.2,126.5,5.8,35.3,44.8,17.7
2026-04-17 06:35:27,0.0,101.5,124.4,6.07,35.9,33.3,17.6
2026-04-17 06:35:27,0.0,84.6,107.6,6.68,36.4,39.3,17.6
2026-04-17 06:35:27,0.0,100.3,115.0,6.72,34.8,42.4,17.6
2026-04-17 06:35:28,0.0,99.5,124.7,5.95,34.8,35.4,17.6
2026-04-17 06:35:28,0.0,94.5,117.6,6.27,35.9,36.9,17.6
2026-04-17 06:35:28,0.0,97.1,118.1,5.91,36.4,38.2,17.5
2026-04-17 06:35:28,0.0,90.1,113.1,6.27,36.4,33.3,17.5
2026-04-17 06:35:28,0.0,92.0,122.6,5.67,36.4,35.7,17.6
2026-04-17 06:35:28,0.0,91.9,116.9,6.17,35.3,35.5,17.6
2026-04-17 06:35:29,0.0,86.3,110.4,6.29,36.4,33.3,17.6
2026-04-17 06:35:29,0.0,101.9,114.0,6.78,36.4,43.9,17.6
2026-04-17 06:35:29,0.0,113.3,137.3,5.58,36.4,45.1,17.6
2026-04-17 06:35:29,0.0,84.4,103.3,7.31,36.4,34.0,17.6
2026-04-17 06:35:29,0.0,92.7,105.8,7.06,35.3,42.9,17.6
2026-04-17 06:35:29,0.0,106.6,131.3,5.49,35.9,37.8,17.6
2026-04-17 06:35:29,0.0,86.9,109.9,6.89,36.4,36.2,17.6
2026-04-17 06:35:30,0.0,96.0,105.1,7.02,36.4,44.8,17.6
2026-04-17 06:35:30,0.0,95.2,117.3,6.03,36.4,33.9,17.6
2026-04-17 06:35:30,0.0,90.0,113.1,6.2,35.3,30.6,17.7
2026-04-17 06:35:30,0.0,86.9,113.6,5.98,36.4,29.5,17.7
2026-04-17 06:35:30,0.0,89.8,112.7,6.02,35.3,34.8,17.6
2026-04-17 06:35:30,0.0,92.7,115.9,5.9,36.4,36.4,17.6
2026-04-17 06:35:31,0.0,100.4,123.4,5.74,35.9,34.8,17.6
2026-04-17 06:35:31,0.0,100.6,123.7,6.0,34.8,33.8,17.6
2026-04-17 06:35:31,0.0,107.0,130.0,5.78,35.3,35.9,17.7
2026-04-17 06:35:31,0.0,102.1,125.3,6.19,35.3,42.2,17.7
2026-04-17 06:35:32,0.0,314.4,336.3,2.64,36.4,76.7,17.0
2026-04-17 06:35:32,0.0,92.2,111.2,6.92,37.0,47.4,17.0
2026-04-17 06:35:32,0.0,95.8,119.1,5.88,36.4,39.1,17.0
2026-04-17 06:35:32,0.0,104.5,127.6,5.7,36.4,37.1,17.0
2026-04-17 06:35:32,0.0,90.8,113.8,6.55,36.4,37.3,17.0
2026-04-17 06:35:32,0.0,83.4,106.6,6.28,36.4,35.9,17.0
2026-04-17 06:35:32,0.0,108.6,124.6,6.3,35.9,43.1,17.0
2026-04-17 06:35:33,0.0,88.2,111.5,6.84,35.9,36.2,16.9
2026-04-17 06:35:33,0.0,85.9,111.2,6.01,37.0,34.4,16.9
2026-04-17 06:35:33,0.0,89.7,112.8,5.96,35.9,30.2,16.9
2026-04-17 06:35:33,0.0,87.7,112.0,5.98,37.0,36.4,16.9
2026-04-17 06:35:33,0.0,83.8,102.3,6.25,36.4,31.7,16.9
2026-04-17 06:35:33,0.0,104.8,120.8,6.48,35.9,44.6,16.9
2026-04-17 06:35:34,0.0,98.7,121.7,6.23,36.4,43.1,16.9
2026-04-17 06:35:34,0.0,102.6,126.8,5.83,36.4,34.8,17.0
2026-04-17 06:35:34,0.0,96.0,118.9,6.29,37.0,43.1,17.0
2026-04-17 06:35:34,0.0,95.0,118.0,6.04,35.9,30.2,17.0
2026-04-17 06:35:34,0.0,110.1,133.0,5.5,37.0,39.4,16.9
2026-04-17 06:35:34,0.0,87.1,107.7,6.96,36.4,37.9,16.9
2026-04-17 06:35:35,0.0,103.4,114.4,6.68,35.9,46.9,17.0
2026-04-17 06:35:35,0.0,98.9,120.5,6.18,36.4,40.0,17.0
2026-04-17 06:35:35,0.0,84.8,107.9,6.56,35.9,34.4,17.0
2026-04-17 06:35:35,0.0,98.3,114.2,6.75,35.9,52.5,17.0
2026-04-17 06:35:35,0.0,97.2,119.8,6.09,35.9,35.5,17.0
2026-04-17 06:35:35,0.0,82.7,105.9,6.57,37.0,37.7,17.0
2026-04-17 06:35:35,0.0,96.4,113.1,6.81,37.5,41.1,17.1
2026-04-17 06:35:36,0.0,90.3,113.4,6.23,36.4,34.4,17.1
2026-04-17 06:35:36,0.0,93.4,116.4,5.89,36.4,32.3,17.2
2026-04-17 06:35:36,0.0,86.9,109.2,6.24,35.9,38.1,17.2
2026-04-17 06:35:36,0.0,92.0,103.8,7.24,35.9,45.8,17.2
2026-04-17 06:35:36,0.0,107.0,129.1,5.49,36.4,39.4,17.3
2026-04-17 06:35:36,0.0,83.3,106.4,7.03,35.9,35.7,17.3
2026-04-17 06:35:37,0.0,90.6,107.0,7.12,35.3,46.6,17.3
2026-04-17 06:35:37,0.0,88.0,110.0,6.09,35.9,43.3,17.3
2026-04-17 06:35:37,0.0,112.8,135.9,5.23,36.4,38.4,17.3
2026-04-17 06:35:37,0.0,99.3,120.0,6.52,34.8,40.0,17.3
2026-04-17 06:35:37,0.0,88.5,111.9,6.41,36.4,39.3,17.2
2026-04-17 06:35:37,0.0,95.0,118.5,5.77,36.4,34.3,17.3
2026-04-17 06:35:38,0.0,100.4,121.9,5.82,37.0,36.4,17.3
2026-04-17 06:35:38,0.0,103.0,126.1,5.84,35.9,34.8,17.3
2026-04-17 06:35:38,0.0,100.4,123.3,6.18,36.4,38.1,17.3
2026-04-17 06:35:38,0.0,105.4,125.7,5.82,36.4,37.7,17.3
2026-04-17 06:35:38,0.0,111.5,134.6,5.79,35.9,37.3,17.3
2026-04-17 06:35:38,0.0,101.1,122.1,6.4,34.8,42.9,17.3
2026-04-17 06:35:39,0.0,95.4,118.6,6.21,36.4,37.5,17.3
2026-04-17 06:35:39,0.0,108.5,130.6,5.57,35.9,41.3,17.4
2026-04-17 06:35:39,0.0,85.3,108.3,6.98,35.9,38.3,17.4
2026-04-17 06:35:39,0.0,105.9,120.4,6.5,36.4,43.3,17.4
2026-04-17 06:35:39,0.0,108.0,133.0,5.86,36.4,40.3,17.4
2026-04-17 06:35:39,0.0,104.5,124.3,6.14,36.4,40.6,17.4
2026-04-17 06:35:40,0.0,85.1,108.3,6.86,36.4,37.9,17.5
2026-04-17 06:35:40,0.0,101.5,116.6,6.66,35.3,41.7,17.5
2026-04-17 06:35:40,0.0,90.2,112.7,6.48,35.9,35.1,17.5
2026-04-17 06:35:40,0.0,115.0,138.1,5.21,34.8,31.1,17.5
2026-04-17 06:35:40,0.0,95.9,113.5,6.8,36.4,44.3,17.4
2026-04-17 06:35:40,0.0,92.4,114.6,6.13,35.3,39.4,17.5
2026-04-17 06:35:41,0.0,120.0,141.4,5.15,35.3,37.2,17.5
2026-04-17 06:35:41,0.0,89.1,102.0,7.37,37.0,41.1,17.5
2026-04-17 06:35:41,0.0,85.2,108.1,6.14,36.4,34.9,17.5
2026-04-17 06:35:41,0.0,88.3,104.9,7.21,37.0,40.4,17.6
2026-04-17 06:35:41,0.0,87.5,110.3,6.12,35.3,35.9,17.5
2026-04-17 06:35:41,0.0,96.0,108.1,7.06,35.9,39.3,17.5
2026-04-17 06:35:41,0.0,89.9,110.7,6.23,37.0,47.7,17.5
2026-04-17 06:35:42,0.0,85.9,108.9,6.15,35.9,36.4,17.5
2026-04-17 06:35:42,0.0,117.4,132.3,6.02,35.3,45.5,17.6
2026-04-17 06:35:42,0.0,89.2,104.1,7.27,35.9,39.6,17.6
2026-04-17 06:35:42,0.0,89.7,112.9,6.0,35.9,35.4,17.6
2026-04-17 06:35:42,0.0,136.3,159.2,4.69,36.4,39.3,17.6
2026-04-17 06:35:42,0.0,84.1,107.2,6.78,35.3,36.7,17.6
2026-04-17 06:35:43,0.0,115.4,131.3,6.07,36.4,45.6,17.7
2026-04-17 06:35:43,0.0,89.4,107.4,7.1,34.8,32.7,17.7
2026-04-17 06:35:43,0.0,89.4,110.6,6.01,35.9,37.3,17.7
2026-04-17 06:35:43,0.0,105.3,128.2,5.48,36.4,37.5,17.7
2026-04-17 06:35:43,0.0,95.2,118.4,6.39,35.9,31.0,17.6
2026-04-17 06:35:43,0.0,113.3,138.7,5.34,36.4,44.6,17.6
2026-04-17 06:35:44,0.0,83.6,100.8,7.45,36.4,35.3,17.7
2026-04-17 06:35:44,0.0,86.2,102.2,7.36,35.9,44.6,17.7
2026-04-17 06:35:44,0.0,91.3,104.7,7.23,35.9,46.4,17.7
2026-04-17 06:35:44,0.0,107.3,129.2,5.47,35.9,41.0,17.7
2026-04-17 06:35:44,0.0,90.9,114.1,6.65,35.9,30.9,17.6
2026-04-17 06:35:44,0.0,93.2,116.0,5.92,36.4,34.8,17.6
2026-04-17 06:35:45,0.0,86.7,107.7,6.24,35.3,39.1,17.6
2026-04-17 06:35:45,0.0,90.9,103.1,7.28,35.3,42.6,17.6
2026-04-17 06:35:45,0.0,102.8,126.9,5.57,35.3,35.7,17.6
2026-04-17 06:35:45,0.0,94.2,117.2,6.38,35.9,33.9,17.6
2026-04-17 06:35:45,0.0,86.6,109.5,6.27,36.4,36.5,17.6
2026-04-17 06:35:45,0.0,89.7,102.2,7.36,35.9,39.6,17.6
2026-04-17 06:35:46,0.0,271.1,294.0,2.87,37.0,72.5,17.6
2026-04-17 06:35:46,0.0,88.6,102.5,6.63,35.3,63.9,17.0
2026-04-17 06:35:46,0.0,93.1,116.3,5.85,37.0,32.8,17.0
2026-04-17 06:35:46,0.0,89.8,112.3,6.13,35.9,33.9,17.0
2026-04-17 06:35:46,0.0,89.6,112.1,6.0,35.9,34.4,17.0
2026-04-17 06:35:46,0.0,86.4,109.4,6.13,35.9,41.2,17.0
2026-04-17 06:35:47,0.0,87.4,100.5,7.45,36.4,43.4,16.9
2026-04-17 06:35:47,0.0,137.5,151.8,5.4,37.0,42.3,17.0
2026-04-17 06:35:47,0.0,84.1,107.0,6.92,36.4,35.1,17.0
2026-04-17 06:35:47,0.0,131.5,146.4,5.53,35.3,42.5,17.0
2026-04-17 06:35:47,0.0,106.4,129.4,5.72,35.9,40.3,16.9
2026-04-17 06:35:47,0.0,107.7,130.5,5.95,35.9,37.5,16.9
2026-04-17 06:35:48,0.0,88.3,111.3,6.81,36.4,43.3,16.9
2026-04-17 06:35:48,0.0,121.8,144.7,4.99,35.3,43.7,16.9
2026-04-17 06:35:48,0.0,87.9,110.9,6.04,35.9,29.2,16.9
2026-04-17 06:35:48,0.0,93.9,105.2,7.18,37.0,40.0,17.0
2026-04-17 06:35:48,0.0,110.9,134.4,5.43,36.4,37.8,17.0
2026-04-17 06:35:48,0.0,108.9,130.9,6.08,36.4,31.0,17.0
2026-04-17 06:35:49,0.0,94.8,117.8,6.57,35.9,37.9,17.0
2026-04-17 06:35:49,0.0,86.0,107.6,6.34,36.4,32.2,17.0
2026-04-17 06:35:49,0.0,92.4,104.8,7.15,35.9,44.8,17.0
2026-04-17 06:35:49,0.0,95.5,118.2,5.9,36.4,36.8,17.1
2026-04-17 06:35:49,0.0,85.6,108.7,6.38,35.9,32.8,17.1
2026-04-17 06:35:49,0.0,103.4,116.7,6.61,35.9,40.4,17.1
2026-04-17 06:35:50,0.0,92.1,114.4,6.45,36.4,41.3,17.1
2026-04-17 06:35:50,0.0,106.2,128.1,5.53,36.4,33.8,17.1
2026-04-17 06:35:50,0.0,84.0,105.2,6.92,36.4,36.8,17.1
2026-04-17 06:35:50,0.0,113.3,131.0,6.08,36.4,48.4,17.2
2026-04-17 06:35:50,0.0,107.2,126.1,6.26,37.0,41.0,17.1
2026-04-17 06:35:50,0.0,104.2,127.3,6.16,35.9,35.9,17.1
2026-04-17 06:35:50,0.0,89.6,112.5,6.58,35.3,40.0,17.1
2026-04-17 06:35:51,0.0,95.3,118.0,5.8,36.4,34.3,17.1
2026-04-17 06:35:51,0.0,95.6,118.7,5.99,36.4,35.8,17.2
2026-04-17 06:35:51,0.0,96.1,119.4,5.98,36.4,33.3,17.2
2026-04-17 06:35:51,0.0,86.3,108.5,6.39,36.4,35.0,17.3
2026-04-17 06:35:51,0.0,95.7,109.1,7.0,35.9,43.1,17.3
2026-04-17 06:35:51,0.0,105.0,128.3,5.62,35.3,39.7,17.3
2026-04-17 06:35:52,0.0,95.6,117.8,6.46,35.9,37.5,17.3
2026-04-17 06:35:52,0.0,93.0,109.7,6.1,35.9,50.0,17.3
2026-04-17 06:35:52,0.0,89.6,112.7,6.13,35.9,34.8,17.3
2026-04-17 06:35:52,0.0,89.9,105.2,6.0,35.3,37.3,17.4
2026-04-17 06:35:52,0.0,87.5,103.6,6.09,34.8,32.8,17.4
2026-04-17 06:35:52,0.0,106.9,118.2,6.54,36.4,46.8,17.3
2026-04-17 06:35:53,0.0,130.0,153.3,5.26,35.3,42.1,17.3
2026-04-17 06:35:53,0.0,114.3,137.5,5.44,35.3,35.6,17.3
2026-04-17 06:35:53,0.0,96.7,116.6,6.66,35.9,42.6,17.4
2026-04-17 06:35:53,0.0,93.6,117.3,6.14,36.4,37.5,17.4
2026-04-17 06:35:53,0.0,117.7,139.5,5.26,34.8,37.3,17.3
2026-04-17 06:35:53,0.0,88.0,103.5,7.3,35.3,41.1,17.4
2026-04-17 06:35:54,0.0,100.2,123.0,5.59,35.9,40.0,17.4
2026-04-17 06:35:54,0.0,84.5,107.6,6.64,35.9,32.8,17.5
2026-04-17 06:35:54,0.0,107.8,123.4,6.37,36.4,50.0,17.5
2026-04-17 06:35:54,0.0,84.9,108.0,6.97,35.9,38.3,17.5
2026-04-17 06:35:54,0.0,94.6,109.7,6.97,37.0,44.8,17.5
2026-04-17 06:35:54,0.0,115.1,138.3,5.35,35.3,34.7,17.4
2026-04-17 06:35:55,0.0,86.7,104.6,7.24,36.4,40.0,17.5
2026-04-17 06:35:55,0.0,90.0,102.9,7.3,36.4,42.6,17.5
2026-04-17 06:35:55,0.0,96.1,119.0,5.8,35.9,33.8,17.4
2026-04-17 06:35:55,0.0,90.3,113.4,6.22,34.8,33.8,17.4
2026-04-17 06:35:55,0.0,90.1,113.9,5.93,36.4,38.2,17.3
2026-04-17 06:35:55,0.0,94.8,117.8,5.92,37.0,37.7,17.3
2026-04-17 06:35:56,0.0,96.2,119.2,5.95,36.4,37.9,17.3
2026-04-17 06:35:56,0.0,91.4,111.7,6.18,36.4,37.5,17.3
2026-04-17 06:35:56,0.0,114.1,132.3,5.28,35.9,37.3,17.3
2026-04-17 06:35:56,0.0,85.6,104.0,7.24,37.0,38.9,17.3
2026-04-17 06:35:56,0.0,116.8,130.5,6.09,36.4,47.7,17.3
2026-04-17 06:35:56,0.0,102.3,117.9,6.57,35.9,42.6,17.4
2026-04-17 06:35:56,0.0,95.9,119.1,6.24,35.9,40.9,17.4
2026-04-17 06:35:57,0.0,96.2,118.4,5.98,35.9,41.8,17.4
2026-04-17 06:35:57,0.0,90.2,111.6,6.24,35.9,30.5,17.4
2026-04-17 06:35:57,0.0,110.0,133.1,5.36,35.9,38.4,17.4
2026-04-17 06:35:57,0.0,85.7,108.7,7.04,35.3,32.1,17.5
2026-04-17 06:35:57,0.0,110.1,123.8,6.34,35.9,43.5,17.5
2026-04-17 06:35:57,0.0,88.9,111.9,6.88,35.9,38.6,17.5
2026-04-17 06:35:58,0.0,97.9,108.0,7.03,37.5,42.1,17.6
2026-04-17 06:35:58,0.0,122.3,146.6,5.2,35.9,41.6,17.6
2026-04-17 06:35:58,0.0,99.7,100.5,7.02,36.4,57.1,17.6
2026-04-17 06:35:58,0.0,86.8,109.9,6.5,35.9,33.3,17.6
2026-04-17 06:35:58,0.0,95.6,108.1,7.03,34.8,42.6,17.6
2026-04-17 06:35:58,0.0,102.3,125.1,5.78,35.9,37.1,17.6
2026-04-17 06:35:59,0.0,85.6,108.7,6.67,35.9,37.7,17.6
2026-04-17 06:35:59,0.0,87.1,101.3,7.41,36.4,47.4,17.6
2026-04-17 06:35:59,0.0,87.7,100.2,7.45,35.9,46.3,17.6
2026-04-17 06:35:59,0.0,90.4,112.5,5.92,35.9,38.6,17.6
2026-04-17 06:35:59,0.0,96.8,118.0,5.78,36.4,34.3,17.6
2026-04-17 06:35:59,0.0,88.4,110.4,6.33,36.4,38.1,17.7
2026-04-17 06:36:00,0.0,303.7,333.5,2.57,36.4,77.0,17.0
2026-04-17 06:36:00,0.0,101.4,123.3,6.36,36.4,38.7,17.0
2026-04-17 06:36:00,0.0,100.9,128.8,5.84,37.5,37.7,17.1
2026-04-17 06:36:00,0.0,106.5,129.2,5.99,36.4,41.8,17.1
2026-04-17 06:36:00,0.0,85.8,108.9,6.85,35.9,36.2,17.1
2026-04-17 06:36:00,0.0,89.6,109.4,6.97,36.4,40.0,17.2
2026-04-17 06:36:01,0.0,91.1,114.7,6.16,35.3,38.1,17.2
2026-04-17 06:36:01,0.0,91.6,114.5,6.01,35.3,37.3,17.2
2026-04-17 06:36:01,0.0,93.2,116.1,5.95,36.4,31.8,17.1
2026-04-17 06:36:01,0.0,100.4,123.3,5.74,36.4,35.8,17.2
2026-04-17 06:36:01,0.0,86.3,109.7,6.56,36.4,38.1,17.2
2026-04-17 06:36:01,0.0,104.3,115.4,6.63,35.9,42.4,17.2
2026-04-17 06:36:02,0.0,100.4,123.5,6.14,36.4,39.7,17.2
2026-04-17 06:36:02,0.0,88.3,111.0,6.47,36.4,41.9,17.2
2026-04-17 06:36:02,0.0,89.3,112.2,5.97,35.3,40.3,17.3
2026-04-17 06:36:02,0.0,89.3,112.3,6.01,35.9,33.3,17.3
2026-04-17 06:36:02,0.0,84.2,101.7,6.19,35.9,36.4,17.2
2026-04-17 06:36:02,0.0,88.1,103.0,7.29,36.4,41.5,17.2
2026-04-17 06:36:03,0.0,86.7,110.3,6.04,35.9,35.9,17.2
2026-04-17 06:36:03,0.0,89.7,101.9,7.37,37.0,37.7,17.2
2026-04-17 06:36:03,0.0,113.2,132.8,5.25,35.9,38.2,17.2
2026-04-17 06:36:03,0.0,84.2,103.9,7.28,35.3,38.2,17.2
2026-04-17 06:36:03,0.0,95.6,111.3,6.91,37.0,43.9,17.2
2026-04-17 06:36:03,0.0,104.4,127.1,5.7,36.4,38.9,17.2
2026-04-17 06:36:04,0.0,92.1,115.3,6.48,35.9,35.5,17.2
2026-04-17 06:36:04,0.0,92.6,116.6,5.95,36.4,36.9,17.2
2026-04-17 06:36:04,0.0,86.6,109.7,6.27,37.0,30.6,17.2
2026-04-17 06:36:04,0.0,91.2,103.5,7.25,36.4,42.3,17.2
2026-04-17 06:36:04,0.0,98.4,121.7,5.75,36.4,45.1,17.2
2026-04-17 06:36:04,0.0,86.8,109.9,6.47,36.4,33.3,17.2
2026-04-17 06:36:04,0.0,93.5,105.9,7.14,36.4,46.6,17.1
2026-04-17 06:36:05,0.0,96.9,120.6,5.86,36.4,35.4,17.2
2026-04-17 06:36:05,0.0,86.0,109.3,6.37,37.0,34.4,17.2
2026-04-17 06:36:05,0.0,94.6,118.6,5.75,36.4,36.8,17.2
2026-04-17 06:36:05,0.0,96.3,119.3,5.98,36.4,33.3,17.1
2026-04-17 06:36:05,0.0,102.3,125.1,5.79,35.9,39.1,17.1
2026-04-17 06:36:05,0.0,93.3,116.1,6.34,36.4,38.5,17.1
2026-04-17 06:36:06,0.0,105.1,132.2,5.47,35.9,42.9,17.2
2026-04-17 06:36:06,0.0,86.8,109.9,6.95,35.3,35.1,17.2
2026-04-17 06:36:06,0.0,90.9,103.4,7.28,35.3,45.5,17.2
2026-04-17 06:36:06,0.0,104.2,127.5,5.5,35.9,34.3,17.2
2026-04-17 06:36:06,0.0,89.8,111.7,6.61,36.4,36.7,17.2
2026-04-17 06:36:06,0.0,89.0,112.1,6.07,35.9,38.2,17.2
2026-04-17 06:36:07,0.0,87.8,106.9,6.04,35.3,35.9,17.2
2026-04-17 06:36:07,0.0,118.7,143.2,5.03,35.9,35.1,17.3
2026-04-17 06:36:07,0.0,92.4,105.2,7.21,35.9,38.2,17.2
2026-04-17 06:36:07,0.0,89.9,119.2,5.86,35.9,31.2,17.2
2026-04-17 06:36:07,0.0,86.6,109.6,6.38,35.9,33.9,17.2
2026-04-17 06:36:07,0.0,92.7,105.6,7.17,36.4,46.6,17.3
2026-04-17 06:36:08,0.0,89.4,113.7,6.06,36.4,40.3,17.3
2026-04-17 06:36:08,0.0,92.8,115.8,5.94,36.4,33.3,17.3
2026-04-17 06:36:08,0.0,106.8,136.4,5.34,36.4,36.0,17.3
2026-04-17 06:36:08,0.0,89.2,109.9,6.97,36.4,39.7,17.3
2026-04-17 06:36:08,0.0,109.9,133.5,5.36,36.4,46.2,17.3
2026-04-17 06:36:08,0.0,90.1,112.8,6.84,35.3,41.9,17.3
2026-04-17 06:36:09,0.0,88.7,112.0,6.04,36.4,38.2,17.3
2026-04-17 06:36:09,0.0,118.9,141.9,5.09,36.4,36.4,17.3
2026-04-17 06:36:09,0.0,86.1,100.1,7.48,36.4,41.8,17.3
2026-04-17 06:36:09,0.0,90.8,104.3,7.23,36.4,45.6,17.3
2026-04-17 06:36:09,0.0,93.2,116.2,5.92,36.4,37.9,17.3
2026-04-17 06:36:09,0.0,89.0,112.1,6.16,35.9,40.0,17.3
2026-04-17 06:36:10,0.0,94.8,117.2,5.8,35.9,40.0,17.3
2026-04-17 06:36:10,0.0,87.2,110.2,6.29,36.4,38.5,17.4
2026-04-17 06:36:10,0.0,124.4,136.8,5.86,35.9,38.5,17.4
2026-04-17 06:36:10,0.0,84.9,107.4,6.23,36.4,34.9,17.4
2026-04-17 06:36:10,0.0,141.7,156.6,5.26,35.9,48.1,17.4
2026-04-17 06:36:10,0.0,86.9,110.0,6.9,35.9,39.3,17.4
2026-04-17 06:36:10,0.0,104.6,116.9,6.63,36.4,37.0,17.5
2026-04-17 06:36:11,0.0,107.7,131.6,5.86,36.4,36.8,17.5
2026-04-17 06:36:11,0.0,89.9,112.5,6.77,35.9,42.6,17.5
2026-04-17 06:36:11,0.0,101.7,124.6,5.61,37.5,35.3,17.6
2026-04-17 06:36:11,0.0,85.8,104.0,6.63,35.9,39.3,17.6
2026-04-17 06:36:11,0.0,86.1,99.9,7.49,37.5,38.8,17.7
2026-04-17 06:36:11,0.0,110.7,121.5,6.33,35.9,45.3,17.7
2026-04-17 06:36:12,0.0,94.7,117.0,6.64,37.0,39.7,17.8
2026-04-17 06:36:12,0.0,103.8,128.1,5.65,35.9,38.2,17.8
2026-04-17 06:36:12,0.0,83.6,106.6,6.91,35.9,32.7,17.8
2026-04-17 06:36:12,0.0,93.5,109.3,6.97,36.4,44.8,17.9
2026-04-17 06:36:12,0.0,95.0,118.3,5.94,36.4,38.6,17.8
2026-04-17 06:36:12,0.0,89.3,112.3,6.24,37.0,35.4,17.9
2026-04-17 06:36:13,0.0,122.1,144.9,5.02,35.9,42.0,17.8
2026-04-17 06:36:13,0.0,104.9,127.9,5.47,37.0,37.0,17.8
2026-04-17 06:36:13,0.0,114.7,137.4,5.66,36.4,38.6,17.9
2026-04-17 06:36:13,0.0,114.4,132.4,6.01,35.3,43.3,17.9
2026-04-17 06:36:13,0.0,85.6,103.1,7.27,35.9,41.4,17.9
2026-04-17 06:36:13,0.0,92.1,106.4,7.15,36.4,40.0,17.9
2026-04-17 06:36:14,0.0,86.0,108.7,6.24,35.9,38.7,18.0
2026-04-17 06:36:14,0.0,86.0,99.5,7.5,36.4,40.7,17.9
2026-04-17 06:36:14,0.0,91.6,104.2,7.2,36.4,44.6,17.9
2026-04-17 06:36:14,0.0,88.0,108.6,6.13,37.0,39.4,17.9
2026-04-17 06:36:14,0.0,97.8,120.7,5.68,35.3,32.4,17.8
2026-04-17 06:36:14,0.0,87.1,108.6,6.4,36.4,37.5,17.8
2026-04-17 06:36:15,0.0,305.9,318.5,2.84,36.4,81.2,17.5
2026-04-17 06:36:15,0.0,116.8,141.1,5.61,35.9,42.6,17.4
2026-04-17 06:36:15,0.0,102.0,121.3,6.46,35.9,40.0,17.2
2026-04-17 06:36:15,0.0,112.7,135.9,5.77,36.4,33.3,17.2
2026-04-17 06:36:15,0.0,85.2,105.9,7.18,36.4,40.0,17.2
2026-04-17 06:36:15,0.0,103.1,115.7,6.6,37.0,48.4,17.2
2026-04-17 06:36:16,0.0,96.4,118.8,6.27,37.5,38.7,17.2
2026-04-17 06:36:16,0.0,118.5,141.6,5.3,37.0,40.5,17.2
2026-04-17 06:36:16,0.0,83.7,98.0,7.59,35.3,42.6,17.2
2026-04-17 06:36:16,0.0,107.2,122.1,6.38,35.9,43.8,17.1
2026-04-17 06:36:16,0.0,83.3,105.7,7.0,37.0,37.3,17.1
2026-04-17 06:36:16,0.0,91.8,107.2,7.06,37.0,42.9,17.1
2026-04-17 06:36:17,0.0,104.8,127.9,5.57,37.0,33.3,17.1
2026-04-17 06:36:17,0.0,119.3,139.5,5.52,37.0,43.1,17.1
2026-04-17 06:36:17,0.0,87.8,100.9,7.4,36.4,43.6,17.1
2026-04-17 06:36:17,0.0,94.9,115.7,5.76,36.4,34.8,17.2
2026-04-17 06:36:17,0.0,118.9,142.4,5.24,35.3,35.1,17.2
2026-04-17 06:36:17,0.0,89.1,102.9,7.33,35.3,38.9,17.2
2026-04-17 06:36:17,0.0,92.7,102.6,7.31,35.3,42.6,17.2
2026-04-17 06:36:18,0.0,95.0,118.4,5.9,36.4,40.0,17.2
2026-04-17 06:36:18,0.0,83.5,106.4,6.47,36.4,33.3,17.2
2026-04-17 06:36:18,0.0,108.4,124.0,6.31,35.9,41.3,17.2
2026-04-17 06:36:18,0.0,105.9,127.5,6.08,36.4,40.0,17.2
2026-04-17 06:36:18,0.0,116.6,137.9,5.65,35.9,40.0,17.2
2026-04-17 06:36:18,0.0,112.3,130.0,6.12,35.9,38.1,17.2
2026-04-17 06:36:19,0.0,91.4,111.8,6.88,36.4,42.6,17.2
2026-04-17 06:36:19,0.0,102.3,126.1,5.63,37.0,38.0,17.2
2026-04-17 06:36:19,0.0,88.5,112.5,6.54,36.4,34.5,17.2
2026-04-17 06:36:19,0.0,92.7,116.3,5.88,36.4,34.3,17.2
2026-04-17 06:36:19,0.0,93.1,112.2,6.01,35.9,34.8,17.3
2026-04-17 06:36:19,0.0,84.9,107.9,6.32,36.4,34.4,17.3
2026-04-17 06:36:20,0.0,111.4,126.2,6.25,35.3,47.0,17.2
2026-04-17 06:36:20,0.0,85.7,107.4,7.1,35.9,35.7,17.2
2026-04-17 06:36:20,0.0,88.4,95.2,7.35,36.4,51.0,17.2
2026-04-17 06:36:20,0.0,88.2,109.7,6.0,36.4,35.4,17.1