Timestamp,Avg_Conf(%),InferenceTime(ms),TotalLatencyTime(ms),FPS,CPU_Temp(℃),CPU_Usage(%),Memory_Usage(%)
2026-04-17 06:37:50,0.0,160.8,546.9,1.83,35.3,0.0,17.0
2026-04-17 06:37:51,0.0,80.9,104.1,6.53,34.8,30.0,17.1
2026-04-17 06:37:51,0.0,81.8,100.8,7.46,35.3,33.3,17.1
2026-04-17 06:37:51,0.0,81.0,99.0,7.55,34.8,39.3,17.1
2026-04-17 06:37:51,0.0,81.4,101.4,7.42,35.3,31.4,17.1
2026-04-17 06:37:51,0.0,80.8,98.4,7.59,34.8,34.6,17.1
2026-04-17 06:37:51,0.0,87.2,106.2,7.16,34.8,37.9,17.1
2026-04-17 06:37:51,0.0,82.9,95.2,7.75,34.2,36.0,17.1
2026-04-17 06:37:52,0.0,81.0,98.0,7.62,34.8,32.7,17.1
2026-04-17 06:37:52,0.0,90.3,109.4,7.0,34.8,41.4,17.1
2026-04-17 06:37:52,0.0,94.4,118.9,5.81,34.2,32.8,17.1
2026-04-17 06:37:52,0.0,83.8,106.5,6.47,36.4,32.8,17.1
2026-04-17 06:37:52,0.0,83.0,99.1,7.55,34.8,30.6,17.1
2026-04-17 06:37:52,0.0,83.3,100.1,7.49,35.3,37.0,17.2
2026-04-17 06:37:52,0.0,83.1,99.5,7.51,34.8,36.5,17.2
2026-04-17 06:37:53,0.0,82.7,99.5,7.52,34.8,33.3,17.2
2026-04-17 06:37:53,0.0,87.3,104.2,7.26,34.2,39.7,17.2
2026-04-17 06:37:53,0.0,90.4,102.5,7.33,36.4,42.1,17.2
2026-04-17 06:37:53,0.0,82.7,105.6,6.29,35.3,33.3,17.2
2026-04-17 06:37:53,0.0,82.8,100.1,7.49,35.3,38.2,17.2
2026-04-17 06:37:53,0.0,82.3,99.0,7.51,35.3,34.6,17.2
2026-04-17 06:37:53,0.0,82.0,99.1,7.55,35.3,38.9,17.2
2026-04-17 06:37:53,0.0,81.2,98.9,7.56,34.8,38.2,17.2
2026-04-17 06:37:54,0.0,81.3,100.1,7.49,34.2,35.8,17.2
2026-04-17 06:37:54,0.0,82.5,101.2,7.42,35.9,37.0,17.2
2026-04-17 06:37:54,0.0,97.7,114.6,6.76,35.9,40.0,17.2
2026-04-17 06:37:54,0.0,93.9,116.9,6.14,35.3,32.8,17.2
2026-04-17 06:37:54,0.0,97.7,120.7,5.88,34.8,37.7,17.1
2026-04-17 06:37:54,0.0,84.2,104.8,6.53,35.3,37.5,17.1
2026-04-17 06:37:55,0.0,82.8,98.6,7.58,35.3,38.5,17.1
2026-04-17 06:37:55,0.0,85.2,101.8,7.38,35.9,38.9,17.1
2026-04-17 06:37:55,0.0,84.1,98.7,7.57,34.8,37.7,17.1
2026-04-17 06:37:55,0.0,82.8,95.9,7.57,35.3,42.6,17.1
2026-04-17 06:37:55,0.0,86.8,103.7,7.29,33.6,35.8,17.1
2026-04-17 06:37:55,0.0,83.3,96.2,7.7,34.8,36.5,17.1
2026-04-17 06:37:55,0.0,84.9,101.1,7.41,34.8,41.8,17.1
2026-04-17 06:37:55,0.0,89.5,104.4,7.26,34.8,36.5,17.1
2026-04-17 06:37:56,0.0,111.8,134.7,5.3,35.3,30.6,17.1
2026-04-17 06:37:56,0.0,80.6,102.1,7.38,35.3,36.8,17.1
2026-04-17 06:37:56,0.0,85.3,105.6,7.19,35.3,35.8,17.1
2026-04-17 06:37:56,0.0,83.6,96.7,7.66,35.3,40.0,17.1
2026-04-17 06:37:56,0.0,82.5,99.2,7.54,35.9,38.9,17.1
2026-04-17 06:37:56,0.0,85.8,102.5,7.36,35.9,39.6,17.1
2026-04-17 06:37:56,0.0,82.2,96.5,7.7,35.3,37.7,17.1
2026-04-17 06:37:57,0.0,83.3,100.7,7.44,36.4,42.9,17.1
2026-04-17 06:37:57,0.0,84.8,101.6,7.41,35.3,44.4,17.1
2026-04-17 06:37:57,0.0,83.2,98.0,7.62,35.3,35.3,17.1
2026-04-17 06:37:57,0.0,84.0,101.0,7.43,35.9,41.8,17.1
2026-04-17 06:37:57,0.0,83.7,99.0,7.55,36.4,35.3,17.1
2026-04-17 06:37:57,0.0,83.4,99.2,7.52,35.3,37.3,17.1
2026-04-17 06:37:57,0.0,84.1,100.5,7.46,35.3,37.7,17.1
2026-04-17 06:37:58,0.0,81.7,96.1,7.64,35.9,47.3,17.1
2026-04-17 06:37:58,0.0,90.8,108.9,7.03,36.4,44.6,17.1
2026-04-17 06:37:58,0.0,87.0,109.9,6.15,35.9,33.3,17.1
2026-04-17 06:37:58,0.0,83.7,96.6,7.67,35.9,36.0,17.1
2026-04-17 06:37:58,0.0,86.5,102.4,7.36,35.9,37.3,17.1
2026-04-17 06:37:58,0.0,82.8,96.1,7.72,35.3,36.5,17.1
2026-04-17 06:37:58,0.0,86.2,102.8,7.31,35.3,42.9,17.1
2026-04-17 06:37:59,0.0,98.9,112.2,6.86,35.9,37.5,17.1
2026-04-17 06:37:59,0.0,82.1,104.9,6.67,35.3,33.3,17.1
2026-04-17 06:37:59,0.0,82.2,100.4,7.48,36.4,34.6,17.1
2026-04-17 06:37:59,0.0,82.9,100.6,7.46,35.3,38.9,17.1
2026-04-17 06:37:59,0.0,81.6,98.3,7.58,35.9,38.9,17.2
2026-04-17 06:37:59,0.0,85.5,103.7,7.29,37.5,38.9,17.2
2026-04-17 06:37:59,0.0,82.2,96.5,7.7,35.9,34.7,17.2
2026-04-17 06:37:59,0.0,84.0,101.8,7.39,35.3,37.7,17.3
2026-04-17 06:38:00,0.0,82.4,98.2,7.6,36.4,36.0,17.3
2026-04-17 06:38:00,0.0,85.0,102.5,7.36,35.9,36.5,17.4
2026-04-17 06:38:00,0.0,81.3,96.1,7.73,36.4,37.7,17.4
2026-04-17 06:38:00,0.0,97.5,115.2,6.68,35.3,46.2,17.4
2026-04-17 06:38:00,0.0,95.6,118.3,6.08,35.9,36.9,17.4
2026-04-17 06:38:00,0.0,93.7,116.8,6.07,34.8,34.4,17.5
2026-04-17 06:38:00,0.0,84.0,106.9,6.38,35.3,34.9,17.4
2026-04-17 06:38:01,0.0,82.4,98.5,7.59,37.0,38.5,17.4
2026-04-17 06:38:01,0.0,86.4,103.5,7.27,36.4,42.9,17.4
2026-04-17 06:38:01,0.0,82.0,93.5,7.77,36.4,38.5,17.4
2026-04-17 06:38:01,0.0,81.6,97.3,7.53,36.4,40.8,17.4
2026-04-17 06:38:01,0.0,97.7,116.0,6.7,37.0,36.7,17.4
2026-04-17 06:38:01,0.0,109.3,131.3,5.62,37.5,38.0,17.4
2026-04-17 06:38:02,0.0,93.9,116.9,6.61,36.4,37.1,17.4
2026-04-17 06:38:02,0.0,99.5,122.3,5.8,35.3,35.4,17.4
2026-04-17 06:38:02,0.0,89.0,110.4,6.41,35.3,36.9,17.4
2026-04-17 06:38:02,0.0,99.5,122.3,5.65,35.9,33.3,17.4
2026-04-17 06:38:02,0.0,110.7,134.0,5.6,35.9,39.4,17.3
2026-04-17 06:38:02,0.0,83.9,105.3,7.18,35.9,38.9,17.3
2026-04-17 06:38:02,0.0,82.1,97.7,7.61,35.3,37.3,17.3
2026-04-17 06:38:03,0.0,83.8,101.2,7.41,36.4,38.5,17.3
2026-04-17 06:38:03,0.0,91.7,105.8,7.07,38.0,41.1,17.3
2026-04-17 06:38:03,0.0,97.2,120.3,5.82,36.4,35.7,17.3
2026-04-17 06:38:03,0.0,83.0,106.5,6.54,36.4,35.5,17.3
2026-04-17 06:38:03,0.0,90.9,107.8,7.08,35.9,41.4,17.3
2026-04-17 06:38:03,0.0,84.9,108.0,6.24,36.4,32.3,17.2
2026-04-17 06:38:04,0.0,89.6,104.6,7.25,36.4,38.9,17.2
2026-04-17 06:38:04,0.0,103.3,125.1,5.55,37.0,34.2,17.2
2026-04-17 06:38:04,0.0,86.8,109.8,6.67,37.0,32.1,17.3
2026-04-17 06:38:04,0.0,92.6,104.0,7.16,37.0,35.3,17.3
2026-04-17 06:38:04,0.0,82.9,106.6,6.37,36.4,36.9,17.2
2026-04-17 06:38:04,0.0,99.0,115.5,6.72,36.4,36.8,17.2
2026-04-17 06:38:04,0.0,83.3,106.5,6.61,37.0,35.0,17.2
2026-04-17 06:38:05,0.0,89.6,105.6,7.19,36.4,42.1,17.2
2026-04-17 06:38:05,0.0,90.8,113.8,5.96,36.4,32.8,17.2
2026-04-17 06:38:05,0.0,82.7,104.3,6.31,35.9,34.4,17.2
2026-04-17 06:38:05,0.0,83.4,100.5,7.47,36.4,39.6,17.2
2026-04-17 06:38:05,0.0,117.2,138.2,5.83,36.4,35.8,17.2
2026-04-17 06:38:05,0.0,100.3,123.8,5.59,35.3,30.9,17.2
2026-04-17 06:38:06,0.0,91.2,114.2,6.37,37.0,32.8,17.2
2026-04-17 06:38:06,0.0,108.6,131.5,5.44,36.4,30.6,17.2
2026-04-17 06:38:06,0.0,91.0,113.9,6.71,36.4,35.6,17.2
2026-04-17 06:38:06,0.0,85.2,104.8,6.21,36.4,32.8,17.3
2026-04-17 06:38:06,0.0,82.4,96.8,7.68,36.4,40.7,17.3
2026-04-17 06:38:06,0.0,88.3,105.6,7.19,37.0,38.9,17.3
2026-04-17 06:38:06,0.0,88.4,111.2,5.99,37.0,33.3,17.3
2026-04-17 06:38:07,0.0,83.6,106.7,6.18,37.0,35.8,17.3
2026-04-17 06:38:07,0.0,91.7,108.0,7.06,37.5,44.8,17.4
2026-04-17 06:38:07,0.0,85.7,108.7,6.24,35.9,37.9,17.4
2026-04-17 06:38:07,0.0,97.5,111.1,6.9,35.9,39.7,17.4
2026-04-17 06:38:07,0.0,97.2,120.2,6.02,37.0,35.8,17.4
2026-04-17 06:38:07,0.0,108.3,132.5,5.59,37.0,33.3,17.4
2026-04-17 06:38:08,0.0,95.7,118.7,6.54,35.9,36.7,17.4
2026-04-17 06:38:08,0.0,99.7,122.8,5.86,38.0,35.8,17.4
2026-04-17 06:38:08,0.0,89.0,113.1,6.37,37.0,39.4,17.4
2026-04-17 06:38:08,0.0,96.1,119.1,5.8,37.0,34.3,17.4
2026-04-17 06:38:08,0.0,85.1,105.9,6.38,37.5,35.9,17.3
2026-04-17 06:38:08,0.0,94.0,107.8,7.02,37.0,38.2,17.3
2026-04-17 06:38:09,0.0,87.2,110.3,6.31,37.0,31.7,17.3
2026-04-17 06:38:09,0.0,85.3,96.8,7.61,35.9,40.4,17.3
2026-04-17 06:38:09,0.0,86.7,101.0,7.43,37.0,39.6,17.3
2026-04-17 06:38:09,0.0,102.5,115.7,6.7,37.0,43.5,17.3
2026-04-17 06:38:09,0.0,96.4,119.4,6.23,37.0,32.8,17.3
2026-04-17 06:38:09,0.0,85.4,108.0,6.42,37.0,33.9,17.2
2026-04-17 06:38:09,0.0,86.7,101.4,7.37,36.4,40.7,17.3
2026-04-17 06:38:10,0.0,94.5,107.3,7.09,37.0,38.2,17.3
2026-04-17 06:38:10,0.0,85.4,109.4,6.35,37.5,34.9,17.3
2026-04-17 06:38:10,0.0,84.7,98.8,7.53,37.0,41.5,17.3
2026-04-17 06:38:10,0.0,96.2,109.9,6.97,37.0,44.1,17.3
2026-04-17 06:38:10,0.0,92.5,115.6,6.14,36.4,36.9,17.2
2026-04-17 06:38:10,0.0,94.0,117.0,5.96,36.4,33.8,17.2
2026-04-17 06:38:10,0.0,86.8,109.3,6.27,35.9,40.3,17.2
2026-04-17 06:38:11,0.0,83.6,96.6,7.69,37.5,40.0,17.2
2026-04-17 06:38:11,0.0,95.4,111.5,6.9,37.0,39.0,17.2
2026-04-17 06:38:11,0.0,92.1,115.1,6.13,37.5,34.9,17.2
2026-04-17 06:38:11,0.0,84.6,107.7,6.28,37.0,40.0,17.3
2026-04-17 06:38:11,0.0,99.5,116.1,6.68,37.0,36.4,17.2
2026-04-17 06:38:11,0.0,99.7,122.5,6.02,38.6,38.2,17.2
2026-04-17 06:38:12,0.0,84.9,106.7,6.63,38.0,33.9,17.2
2026-04-17 06:38:12,0.0,125.8,142.0,5.7,37.5,44.1,17.2
2026-04-17 06:38:12,0.0,91.3,115.2,6.05,37.0,34.3,17.2
2026-04-17 06:38:12,0.0,102.4,125.8,5.65,37.0,29.9,17.2
2026-04-17 06:38:12,0.0,88.6,118.3,6.29,38.0,35.5,17.2
2026-04-17 06:38:12,0.0,87.2,112.7,6.17,37.5,30.0,17.2
2026-04-17 06:38:13,0.0,88.3,111.3,6.09,37.0,34.4,17.3
2026-04-17 06:38:13,0.0,89.1,113.1,5.93,37.0,36.2,17.3
2026-04-17 06:38:13,0.0,85.6,110.0,6.12,37.0,36.4,17.3
2026-04-17 06:38:13,0.0,84.0,96.3,7.69,37.5,38.8,17.3
2026-04-17 06:38:13,0.0,86.2,101.9,7.39,38.0,42.9,17.3
2026-04-17 06:38:13,0.0,83.4,96.7,7.66,37.0,34.7,17.3
2026-04-17 06:38:13,0.0,86.8,99.7,7.31,38.0,45.6,17.4
2026-04-17 06:38:14,0.0,98.0,110.9,6.92,37.5,39.3,17.4
2026-04-17 06:38:14,0.0,87.6,110.7,6.4,37.5,37.5,17.4
2026-04-17 06:38:14,0.0,91.9,102.1,7.27,38.0,42.1,17.4
2026-04-17 06:38:14,0.0,93.5,116.7,5.95,38.0,33.8,17.4
2026-04-17 06:38:14,0.0,108.9,131.9,5.5,37.0,33.3,17.4
2026-04-17 06:38:14,0.0,91.8,115.4,6.67,35.9,38.3,17.4
2026-04-17 06:38:15,0.0,101.7,123.8,5.67,37.5,33.3,17.4
2026-04-17 06:38:15,0.0,89.7,111.3,6.45,38.0,35.5,17.4
2026-04-17 06:38:15,0.0,95.3,118.2,5.83,38.0,31.2,17.5
2026-04-17 06:38:15,0.0,85.8,109.0,6.36,37.0,35.9,17.4
2026-04-17 06:38:15,0.0,84.7,98.7,7.56,38.0,39.2,17.3
2026-04-17 06:38:15,0.0,89.6,102.1,7.25,38.0,38.9,17.3
2026-04-17 06:38:15,0.0,105.0,128.0,5.49,38.6,34.2,17.3
2026-04-17 06:38:16,0.0,90.2,114.3,6.55,38.0,36.1,17.3
2026-04-17 06:38:16,0.0,86.7,112.4,6.07,38.6,37.7,17.3
2026-04-17 06:38:16,0.0,92.2,103.1,7.26,37.5,38.9,17.3
2026-04-17 06:38:16,0.0,84.4,108.2,6.32,38.0,35.9,17.3
2026-04-17 06:38:16,0.0,84.8,98.8,7.54,37.5,40.7,17.3
2026-04-17 06:38:16,0.0,91.3,107.4,7.1,38.0,42.4,17.3
2026-04-17 06:38:16,0.0,92.0,115.2,6.02,38.0,33.8,17.3
2026-04-17 06:38:17,0.0,102.8,125.7,5.64,37.5,38.9,17.3
2026-04-17 06:38:17,0.0,86.4,108.3,6.65,38.0,38.7,17.3
2026-04-17 06:38:17,0.0,110.1,123.1,6.38,37.5,43.1,17.3
2026-04-17 06:38:17,0.0,91.6,114.8,6.74,38.6,35.1,17.3
2026-04-17 06:38:17,0.0,101.5,123.5,5.66,38.0,34.3,17.3
2026-04-17 06:38:17,0.0,83.3,106.2,6.74,36.4,37.3,17.3
2026-04-17 06:38:18,0.0,87.0,102.6,7.31,38.6,39.6,17.3
2026-04-17 06:38:18,0.0,87.5,100.1,7.47,38.0,39.6,17.3
2026-04-17 06:38:18,0.0,83.6,105.7,6.14,38.6,36.4,17.3
2026-04-17 06:38:18,0.0,84.6,100.6,7.45,38.0,41.8,17.3
2026-04-17 06:38:18,0.0,86.0,100.4,7.43,38.6,43.6,17.2
2026-04-17 06:38:18,0.0,84.3,98.0,7.61,38.0,40.7,17.2
2026-04-17 06:38:18,0.0,95.1,110.7,6.91,38.6,45.0,17.2
2026-04-17 06:38:19,0.0,88.6,111.5,6.27,38.0,33.9,17.3
2026-04-17 06:38:19,0.0,86.6,109.4,6.07,37.5,36.8,17.2
2026-04-17 06:38:19,0.0,84.6,97.6,7.62,38.6,39.2,17.3
2026-04-17 06:38:19,0.0,86.1,101.3,7.42,38.0,40.4,17.3
2026-04-17 06:38:19,0.0,86.1,98.1,7.5,39.7,41.5,17.2
2026-04-17 06:38:19,0.0,85.5,99.0,7.54,38.6,42.6,17.2
2026-04-17 06:38:19,0.0,87.8,101.9,7.38,38.6,39.6,17.2
2026-04-17 06:38:20,0.0,93.2,116.1,5.82,38.6,36.6,17.2
2026-04-17 06:38:20,0.0,86.4,109.7,6.24,38.0,35.4,17.3
2026-04-17 06:38:20,0.0,84.7,97.5,7.62,38.0,41.5,17.2
2026-04-17 06:38:20,0.0,86.8,101.8,7.38,39.1,39.6,17.2
2026-04-17 06:38:20,0.0,86.1,98.5,7.56,38.6,41.5,17.2
2026-04-17 06:38:20,0.0,84.4,98.0,7.6,38.0,42.9,17.2
2026-04-17 06:38:20,0.0,86.7,102.4,7.36,39.1,41.2,17.2
2026-04-17 06:38:21,0.0,92.3,104.9,7.2,38.6,43.1,17.2
2026-04-17 06:38:21,0.0,86.6,109.8,6.22,38.0,32.8,17.2
2026-04-17 06:38:21,0.0,107.1,119.9,6.51,37.5,42.2,17.3
2026-04-17 06:38:21,0.0,103.0,126.0,6.15,38.0,34.4,17.3
2026-04-17 06:38:21,0.0,97.6,120.6,6.21,38.0,39.4,17.3
2026-04-17 06:38:21,0.0,87.8,110.7,6.38,39.1,32.8,17.3
2026-04-17 06:38:22,0.0,118.3,128.3,6.1,38.0,44.1,17.3
2026-04-17 06:38:22,0.0,107.0,121.6,6.44,38.0,43.5,17.3
2026-04-17 06:38:22,0.0,91.0,114.1,6.64,38.0,37.9,17.3
2026-04-17 06:38:22,0.0,84.1,107.2,6.26,38.6,31.1,17.3
2026-04-17 06:38:22,0.0,93.8,109.7,6.99,38.0,38.6,17.4
2026-04-17 06:38:22,0.0,93.2,116.2,6.03,38.0,38.2,17.4
2026-04-17 06:38:22,0.0,87.3,110.3,6.23,38.0,31.7,17.4
2026-04-17 06:38:23,0.0,97.4,109.3,6.97,39.1,45.9,17.4
2026-04-17 06:38:23,0.0,85.7,107.8,6.45,39.1,34.4,17.4
2026-04-17 06:38:23,0.0,105.7,119.8,6.53,38.0,37.9,17.5
2026-04-17 06:38:23,0.0,82.8,106.0,6.96,37.0,35.7,17.5
2026-04-17 06:38:23,0.0,91.4,107.2,7.05,38.6,37.5,17.5
2026-04-17 06:38:23,0.0,85.7,109.0,6.21,38.0,33.8,17.5
2026-04-17 06:38:23,0.0,83.7,95.5,7.62,39.1,39.2,17.5
2026-04-17 06:38:24,0.0,84.3,99.3,7.47,38.6,39.6,17.5
2026-04-17 06:38:24,0.0,83.7,99.0,7.55,38.6,36.0,17.5
2026-04-17 06:38:24,0.0,83.6,98.8,7.5,38.0,43.6,17.5
2026-04-17 06:38:24,0.0,99.7,116.1,6.69,37.0,40.7,17.5
2026-04-17 06:38:24,0.0,87.3,109.8,6.46,37.5,38.5,17.5
2026-04-17 06:38:24,0.0,93.6,105.3,7.2,37.5,42.1,17.5
2026-04-17 06:38:24,0.0,83.9,106.7,6.37,39.1,32.2,17.5
2026-04-17 06:38:25,0.0,85.9,103.0,7.33,38.0,44.1,17.5
2026-04-17 06:38:25,0.0,91.5,114.0,5.85,38.6,31.8,17.5
2026-04-17 06:38:25,0.0,94.3,117.1,5.9,39.1,33.8,17.5
2026-04-17 06:38:25,0.0,85.2,107.9,6.35,39.1,32.8,17.4
2026-04-17 06:38:25,0.0,83.6,95.9,7.59,38.6,40.4,17.5
2026-04-17 06:38:25,0.0,95.0,110.2,6.92,39.1,37.5,17.5
2026-04-17 06:38:26,0.0,114.1,137.0,5.39,39.7,35.6,17.5
2026-04-17 06:38:26,0.0,87.3,106.8,7.13,39.1,40.4,17.5
2026-04-17 06:38:26,0.0,92.2,104.6,7.24,38.0,41.8,17.6
2026-04-17 06:38:26,0.0,99.0,122.1,5.77,39.1,36.6,17.6
2026-04-17 06:38:26,0.0,84.6,107.6,6.57,39.1,36.1,17.5
2026-04-17 06:38:26,0.0,83.5,99.2,7.54,38.6,44.8,17.5
2026-04-17 06:38:26,0.0,90.9,105.8,7.13,39.1,37.7,17.5
2026-04-17 06:38:27,0.0,121.3,145.5,5.05,39.1,40.0,17.5
2026-04-17 06:38:27,0.0,88.3,111.5,6.03,39.7,33.3,17.5
2026-04-17 06:38:27,0.0,90.0,99.9,7.41,38.6,41.5,17.5
2026-04-17 06:38:27,0.0,86.8,110.0,6.12,38.0,33.3,17.6
2026-04-17 06:38:27,0.0,97.8,110.2,6.94,39.1,42.1,17.6
2026-04-17 06:38:27,0.0,106.4,129.8,5.69,38.0,39.7,17.6
2026-04-17 06:38:28,0.0,103.8,125.7,6.08,39.7,37.9,17.6
2026-04-17 06:38:28,0.0,94.2,116.5,6.33,38.6,35.5,17.6
2026-04-17 06:38:28,0.0,90.4,112.1,6.19,39.1,33.9,17.6
2026-04-17 06:38:28,0.0,85.9,108.8,6.17,38.6,32.8,17.6
2026-04-17 06:38:28,0.0,81.9,94.7,7.76,39.1,36.0,17.5
2026-04-17 06:38:28,0.0,87.9,105.3,7.19,38.6,39.3,17.5
2026-04-17 06:38:29,0.0,96.6,119.8,5.7,39.1,33.3,17.6
2026-04-17 06:38:29,0.0,96.3,119.2,6.02,39.1,35.8,17.6
2026-04-17 06:38:29,0.0,86.7,109.6,6.37,38.0,36.5,17.5
2026-04-17 06:38:29,0.0,86.7,101.0,7.44,39.1,39.6,17.5
2026-04-17 06:38:29,0.0,106.3,117.9,6.58,39.1,37.9,17.4
2026-04-17 06:38:29,0.0,99.0,122.1,6.28,40.2,38.5,17.4
2026-04-17 06:38:29,0.0,109.9,132.6,5.63,39.1,32.4,17.4
2026-04-17 06:38:30,0.0,97.5,115.2,6.48,39.1,43.5,17.3
2026-04-17 06:38:30,0.0,93.2,116.3,6.16,39.1,36.9,17.4
2026-04-17 06:38:30,0.0,94.2,116.2,5.93,38.6,32.8,17.3
2026-04-17 06:38:30,0.0,86.0,109.2,6.35,39.7,36.4,17.3
2026-04-17 06:38:30,0.0,84.7,99.7,7.51,38.0,43.4,17.2
2026-04-17 06:38:30,0.0,85.4,108.6,6.02,39.1,33.3,17.2
2026-04-17 06:38:31,0.0,100.1,114.3,6.77,39.1,42.6,17.2
2026-04-17 06:38:31,0.0,89.4,112.6,6.4,39.1,37.1,17.2
2026-04-17 06:38:31,0.0,95.2,118.2,5.81,39.7,37.5,17.2
2026-04-17 06:38:31,0.0,85.7,108.9,6.36,39.1,32.8,17.2
2026-04-17 06:38:31,0.0,86.7,102.1,7.37,38.6,41.8,17.1
2026-04-17 06:38:31,0.0,86.5,98.4,7.59,38.6,43.6,17.1
2026-04-17 06:38:31,0.0,89.2,103.6,7.3,39.1,41.8,17.1
2026-04-17 06:38:32,0.0,96.7,119.9,5.78,38.0,40.0,17.1
2026-04-17 06:38:32,0.0,91.8,114.8,6.18,39.7,38.5,17.2
2026-04-17 06:38:32,0.0,87.7,110.5,6.16,38.6,35.9,17.2
2026-04-17 06:38:32,0.0,86.5,99.0,7.54,39.1,42.9,17.2
2026-04-17 06:38:32,0.0,89.2,100.1,7.38,39.7,39.2,17.1
2026-04-17 06:38:32,0.0,86.5,109.7,6.1,38.6,36.2,17.1
2026-04-17 06:38:33,0.0,104.5,117.4,6.62,39.1,43.3,17.2
2026-04-17 06:38:33,0.0,88.5,111.8,6.63,39.1,39.3,17.2
2026-04-17 06:38:33,0.0,86.1,108.4,6.06,39.7,29.5,17.2
2026-04-17 06:38:33,0.0,91.2,103.2,7.28,39.1,35.3,17.2
2026-04-17 06:38:33,0.0,109.1,132.0,5.42,39.7,37.3,17.1
2026-04-17 06:38:33,0.0,90.5,112.5,6.75,39.1,41.0,17.2
2026-04-17 06:38:33,0.0,88.0,111.0,6.1,39.7,32.8,17.1
2026-04-17 06:38:34,0.0,87.9,99.9,7.5,39.7,45.6,17.1
2026-04-17 06:38:34,0.0,95.6,105.7,7.1,39.7,41.8,17.2
2026-04-17 06:38:34,0.0,87.5,110.5,6.31,39.1,36.9,17.1
2026-04-17 06:38:34,0.0,85.7,97.9,7.61,39.1,43.6,17.1
2026-04-17 06:38:34,0.0,95.3,108.0,7.0,39.7,44.1,17.1
2026-04-17 06:38:34,0.0,107.5,130.5,5.59,39.1,34.3,17.1
2026-04-17 06:38:35,0.0,87.7,110.7,6.81,39.7,36.2,17.1
2026-04-17 06:38:35,0.0,105.0,117.3,6.63,39.7,40.7,17.1
2026-04-17 06:38:35,0.0,94.6,118.0,6.4,39.7,35.0,17.1
2026-04-17 06:38:35,0.0,91.6,113.4,6.13,40.2,36.9,17.1
2026-04-17 06:38:35,0.0,86.5,109.6,6.19,39.1,35.8,17.1
2026-04-17 06:38:35,0.0,87.1,100.2,7.46,40.2,40.4,17.1
2026-04-17 06:38:35,0.0,97.7,109.8,6.96,39.1,41.4,17.1
2026-04-17 06:38:36,0.0,106.1,129.2,5.71,39.7,35.3,17.1
2026-04-17 06:38:36,0.0,85.0,105.7,6.87,38.0,36.8,17.2
2026-04-17 06:38:36,0.0,84.1,99.4,7.52,39.7,38.5,17.2
2026-04-17 06:38:36,0.0,84.2,99.5,7.51,40.2,40.4,17.3
2026-04-17 06:38:36,0.0,89.2,104.4,7.25,39.7,41.1,17.3
2026-04-17 06:38:36,0.0,113.3,136.3,5.24,40.8,36.0,17.3
2026-04-17 06:38:36,0.0,82.5,102.3,7.37,40.2,34.6,17.3
2026-04-17 06:38:37,0.0,84.7,103.1,7.3,40.2,41.8,17.4
2026-04-17 06:38:37,0.0,84.7,97.2,7.56,40.2,44.2,17.4
2026-04-17 06:38:37,0.0,99.3,113.9,6.78,39.1,39.0,17.5
2026-04-17 06:38:37,0.0,109.4,132.5,5.66,39.7,39.7,17.5
2026-04-17 06:38:37,0.0,84.2,107.3,7.07,39.7,34.0,17.5
2026-04-17 06:38:37,0.0,88.8,105.6,7.19,40.2,42.1,17.5
2026-04-17 06:38:38,0.0,84.7,107.9,6.2,40.2,36.4,17.5
2026-04-17 06:38:38,0.0,109.4,124.6,6.33,40.2,43.7,17.5
2026-04-17 06:38:38,0.0,93.0,115.9,6.67,39.7,36.8,17.6
2026-04-17 06:38:38,0.0,106.6,129.6,5.55,39.7,35.6,17.6
2026-04-17 06:38:38,0.0,86.9,109.7,6.8,40.2,37.9,17.5
2026-04-17 06:38:38,0.0,90.9,103.5,7.29,39.7,40.0,17.5
2026-04-17 06:38:38,0.0,96.7,119.7,5.8,39.7,32.4,17.5
2026-04-17 06:38:39,0.0,94.0,116.7,6.11,40.2,36.5,17.5
2026-04-17 06:38:39,0.0,100.5,123.3,5.78,38.6,33.3,17.5
2026-04-17 06:38:39,0.0,111.0,134.0,5.65,38.6,33.3,17.5
2026-04-17 06:38:39,0.0,85.7,107.6,7.07,40.2,37.0,17.5
2026-04-17 06:38:39,0.0,83.9,98.7,7.53,40.2,39.6,17.5
2026-04-17 06:38:39,0.0,89.2,103.5,7.29,39.7,40.7,17.5
2026-04-17 06:38:40,0.0,95.5,118.5,5.79,39.1,35.7,17.6
2026-04-17 06:38:40,0.0,89.4,112.4,6.22,39.7,35.4,17.6
2026-04-17 06:38:40,0.0,85.3,108.3,6.16,39.7,32.8,17.6
2026-04-17 06:38:40,0.0,101.4,115.9,6.69,39.1,41.7,17.7
2026-04-17 06:38:40,0.0,91.2,113.5,6.39,39.1,37.5,17.7
2026-04-17 06:38:40,0.0,90.0,113.0,6.05,39.7,31.2,17.7
2026-04-17 06:38:40,0.0,86.0,95.4,7.73,40.2,40.4,17.6
2026-04-17 06:38:41,0.0,122.7,135.3,5.88,40.2,40.6,17.6
2026-04-17 06:38:41,0.0,106.1,129.2,5.46,39.7,34.7,17.7
2026-04-17 06:38:41,0.0,94.0,117.1,6.47,39.1,37.1,17.7
2026-04-17 06:38:41,0.0,88.9,111.9,6.2,40.2,35.9,17.6
2026-04-17 06:38:41,0.0,85.0,108.1,6.13,39.7,33.8,17.6
2026-04-17 06:38:41,0.0,85.0,99.5,7.52,40.2,38.5,17.6
2026-04-17 06:38:42,0.0,85.2,99.8,7.5,39.7,41.5,17.6
2026-04-17 06:38:42,0.0,96.9,110.2,6.88,40.8,46.4,17.6
2026-04-17 06:38:42,0.0,88.4,111.5,6.33,40.2,36.5,17.6
2026-04-17 06:38:42,0.0,85.2,96.1,7.68,40.8,43.1,17.5
2026-04-17 06:38:42,0.0,95.8,110.3,6.94,39.1,40.4,17.5
2026-04-17 06:38:42,0.0,90.4,112.2,6.21,40.2,41.8,17.5
2026-04-17 06:38:42,0.0,100.8,123.8,5.66,40.8,33.8,17.5
2026-04-17 06:38:43,0.0,91.9,114.9,6.34,40.2,35.5,17.5
2026-04-17 06:38:43,0.0,84.7,107.6,6.27,40.8,35.9,17.5
2026-04-17 06:38:43,0.0,85.6,98.3,7.46,40.2,42.6,17.5
2026-04-17 06:38:43,0.0,88.5,102.4,7.35,40.8,44.4,17.6
2026-04-17 06:38:43,0.0,84.6,107.5,6.14,40.8,34.8,17.5
2026-04-17 06:38:43,0.0,106.2,121.0,6.47,40.2,40.0,17.5
2026-04-17 06:38:44,0.0,95.5,119.0,6.39,40.2,38.1,17.5
2026-04-17 06:38:44,0.0,100.4,122.3,5.84,40.2,39.1,17.4
2026-04-17 06:38:44,0.0,82.9,105.9,6.71,41.4,35.0,17.4
2026-04-17 06:38:44,0.0,85.6,101.5,7.3,40.2,41.8,17.4
2026-04-17 06:38:44,0.0,86.5,98.9,7.52,40.2,42.6,17.4
2026-04-17 06:38:44,0.0,90.7,104.3,7.24,39.7,37.3,17.3
2026-04-17 06:38:44,0.0,93.4,116.0,5.93,40.2,36.2,17.3
2026-04-17 06:38:45,0.0,87.9,110.9,6.2,39.1,31.7,17.3
2026-04-17 06:38:45,0.0,85.9,108.9,6.07,39.7,35.8,17.3
2026-04-17 06:38:45,0.0,84.1,98.3,7.57,41.4,42.6,17.3
2026-04-17 06:38:45,0.0,87.1,102.0,7.38,39.1,40.7,17.3
2026-04-17 06:38:45,0.0,84.0,96.3,7.68,40.2,39.2,17.4
2026-04-17 06:38:45,0.0,84.5,101.5,7.38,42.5,42.9,17.4
2026-04-17 06:38:45,0.0,83.8,96.9,7.64,40.8,39.2,17.4
2026-04-17 06:38:46,0.0,85.7,98.9,7.39,40.8,47.5,17.5
2026-04-17 06:38:46,0.0,121.8,135.7,5.91,41.9,37.1,17.4
2026-04-17 06:38:46,0.0,86.9,110.0,6.05,39.7,32.8,17.4
2026-04-17 06:38:46,0.0,101.0,113.6,6.78,40.8,40.7,17.5
2026-04-17 06:38:46,0.0,86.4,109.6,6.58,40.8,32.8,17.4
2026-04-17 06:38:46,0.0,86.1,99.2,7.52,40.8,40.7,17.4
2026-04-17 06:38:46,0.0,86.2,98.9,7.51,40.8,43.6,17.4
2026-04-17 06:38:47,0.0,85.4,99.3,7.52,40.2,38.5,17.4
2026-04-17 06:38:47,0.0,89.5,101.2,7.26,41.4,45.3,17.4
2026-04-17 06:38:47,0.0,86.8,109.9,6.13,40.8,30.0,17.4
2026-04-17 06:38:47,0.0,86.4,99.0,7.53,40.2,39.6,17.4
2026-04-17 06:38:47,0.0,98.3,109.8,6.89,39.7,39.3,17.4
2026-04-17 06:38:47,0.0,98.3,121.4,6.0,40.8,31.7,17.4
2026-04-17 06:38:48,0.0,96.8,119.6,6.03,40.8,35.8,17.5
2026-04-17 06:38:48,0.0,110.7,133.9,5.57,41.4,40.3,17.5
2026-04-17 06:38:48,0.0,98.8,120.7,6.47,41.4,37.3,17.5
2026-04-17 06:38:48,0.0,86.5,110.5,6.43,39.7,35.5,17.5
2026-04-17 06:38:48,0.0,89.0,101.1,7.41,40.8,39.6,17.5
2026-04-17 06:38:48,0.0,85.1,108.4,6.15,40.8,33.3,17.5
2026-04-17 06:38:48,0.0,104.1,118.8,6.57,41.4,39.0,17.4
2026-04-17 06:38:49,0.0,106.9,129.9,5.9,40.2,35.8,17.5
2026-04-17 06:38:49,0.0,101.7,124.5,6.19,40.2,40.0,17.4
2026-04-17 06:38:49,0.0,95.9,118.2,6.22,41.4,31.1,17.4
2026-04-17 06:38:49,0.0,83.8,103.9,6.47,40.8,33.9,17.4
2026-04-17 06:38:49,0.0,85.8,101.6,7.4,40.2,34.7,17.4
2026-04-17 06:38:49,0.0,86.9,100.4,7.44,39.1,41.8,17.4
2026-04-17 06:38:50,0.0,102.2,113.6,6.72,41.4,41.7,17.5
2026-04-17 06:38:50,0.0,99.6,122.6,6.11,40.8,35.5,17.5
2026-04-17 06:38:50,0.0,91.1,114.1,6.33,39.7,33.3,17.5
2026-04-17 06:38:50,0.0,85.0,107.5,6.22,41.9,36.9,17.5
2026-04-17 06:38:50,0.0,82.5,100.5,7.44,40.8,34.7,17.4
2026-04-17 06:38:50,0.0,84.9,99.0,7.53,40.8,40.7,17.4
2026-04-17 06:38:50,0.0,83.4,98.7,7.56,41.4,41.5,17.4
2026-04-17 06:38:51,0.0,84.3,97.2,7.54,41.4,44.6,17.4
2026-04-17 06:38:51,0.0,85.2,100.7,7.46,41.9,38.5,17.4
2026-04-17 06:38:51,0.0,83.6,97.9,7.58,40.8,42.3,17.4
2026-04-17 06:38:51,0.0,83.6,99.9,7.49,41.9,41.5,17.4
2026-04-17 06:38:51,0.0,85.0,100.1,7.41,40.8,39.6,17.4
2026-04-17 06:38:51,0.0,82.1,96.5,7.7,40.8,41.5,17.3
2026-04-17 06:38:51,0.0,90.7,109.2,6.99,41.9,40.0,17.3
2026-04-17 06:38:52,0.0,94.0,117.0,5.93,41.4,36.8,17.3
2026-04-17 06:38:52,0.0,96.8,119.9,5.9,41.9,36.4,17.3
2026-04-17 06:38:52,0.0,88.3,111.3,6.33,40.8,32.2,17.3
2026-04-17 06:38:52,0.0,100.2,123.6,5.59,40.2,33.8,17.3
2026-04-17 06:38:52,0.0,87.1,111.1,6.48,41.4,36.1,17.3
2026-04-17 06:38:52,0.0,83.2,105.9,6.19,41.4,36.8,17.3
2026-04-17 06:38:52,0.0,90.7,107.1,7.1,41.4,33.3,17.3
2026-04-17 06:38:53,0.0,92.0,115.5,5.88,39.7,32.8,17.3
2026-04-17 06:38:53,0.0,82.7,105.1,6.43,41.9,39.1,17.3
2026-04-17 06:38:53,0.0,82.1,98.2,7.56,41.4,38.5,17.3
2026-04-17 06:38:53,0.0,86.2,104.7,7.24,41.4,37.0,17.3
2026-04-17 06:38:53,0.0,90.8,114.3,5.85,40.8,35.3,17.3
2026-04-17 06:38:53,0.0,87.3,110.8,6.14,41.4,32.8,17.3
2026-04-17 06:38:54,0.0,84.8,96.8,7.67,40.2,42.3,17.3
2026-04-17 06:38:54,0.0,85.0,100.4,7.48,41.9,42.9,17.3
2026-04-17 06:38:54,0.0,101.8,114.3,6.67,40.2,39.0,17.3
2026-04-17 06:38:54,0.0,82.0,108.7,6.64,40.8,35.6,17.3
2026-04-17 06:38:54,0.0,85.7,99.9,7.5,40.2,34.7,17.3
2026-04-17 06:38:54,0.0,83.4,95.4,7.58,41.4,38.0,17.3
2026-04-17 06:38:54,0.0,96.3,110.4,6.9,40.8,41.7,17.3
2026-04-17 06:38:55,0.0,85.5,108.4,6.41,41.9,38.5,17.3
2026-04-17 06:38:55,0.0,99.8,114.0,6.78,41.9,41.0,17.3
2026-04-17 06:38:55,0.0,94.8,117.9,6.18,41.4,37.5,17.3
2026-04-17 06:38:55,0.0,98.9,122.2,5.86,41.9,32.8,17.3
2026-04-17 06:38:55,0.0,102.1,125.1,5.9,40.8,35.8,17.3
2026-04-17 06:38:55,0.0,102.1,125.3,6.0,40.8,34.8,17.3
2026-04-17 06:38:56,0.0,91.9,114.9,6.4,40.8,34.4,17.3
2026-04-17 06:38:56,0.0,84.8,107.7,6.27,41.4,33.9,17.3
2026-04-17 06:38:56,0.0,85.2,100.3,7.46,41.9,38.5,17.4
2026-04-17 06:38:56,0.0,86.0,99.6,7.48,40.8,40.4,17.4
2026-04-17 06:38:56,0.0,84.2,97.9,7.6,43.0,37.3,17.4
2026-04-17 06:38:56,0.0,84.3,97.8,7.5,42.5,42.3,17.5
2026-04-17 06:38:56,0.0,91.1,104.8,7.14,41.4,35.8,17.5
2026-04-17 06:38:57,0.0,84.7,107.9,6.24,40.8,34.4,17.5
2026-04-17 06:38:57,0.0,95.9,110.9,6.93,41.9,41.8,17.5
2026-04-17 06:38:57,0.0,102.5,125.5,5.77,41.9,35.3,17.5
2026-04-17 06:38:57,0.0,95.6,118.8,6.26,41.4,35.0,17.5
2026-04-17 06:38:57,0.0,95.3,118.4,6.01,42.5,35.3,17.4
2026-04-17 06:38:57,0.0,84.9,106.4,6.4,41.9,39.1,17.4
2026-04-17 06:38:57,0.0,84.4,99.4,7.53,41.4,39.6,17.4
2026-04-17 06:38:58,0.0,106.0,119.2,6.45,42.5,41.9,17.4
2026-04-17 06:38:58,0.0,98.0,120.9,6.31,41.9,38.1,17.4
2026-04-17 06:38:58,0.0,103.3,131.9,5.62,41.4,37.1,17.5
2026-04-17 06:38:58,0.0,91.9,115.6,6.67,41.4,38.3,17.5
2026-04-17 06:38:58,0.0,96.6,119.8,5.85,41.9,33.8,17.5
2026-04-17 06:38:58,0.0,99.6,122.6,5.9,42.5,33.8,17.5
2026-04-17 06:38:59,0.0,82.5,105.3,6.69,41.9,33.9,17.5
2026-04-17 06:38:59,0.0,83.7,103.2,7.32,41.9,37.7,17.5
2026-04-17 06:38:59,0.0,88.9,102.9,7.32,40.8,41.8,17.5
2026-04-17 06:38:59,0.0,83.5,106.6,6.21,41.9,31.1,17.5
2026-04-17 06:38:59,0.0,86.9,103.2,7.32,42.5,40.7,17.5
2026-04-17 06:38:59,0.0,109.3,121.9,6.43,41.4,40.3,17.5
2026-04-17 06:38:59,0.0,103.0,126.2,6.23,41.9,33.9,17.5
2026-04-17 06:39:00,0.0,89.3,112.1,6.54,42.5,36.1,17.5
2026-04-17 06:39:00,0.0,91.1,114.1,5.94,41.9,34.8,17.4
2026-04-17 06:39:00,0.0,84.4,109.1,6.19,41.9,33.8,17.4
2026-04-17 06:39:00,0.0,91.4,104.8,7.22,42.5,38.5,17.4
2026-04-17 06:39:00,0.0,83.3,106.4,6.31,40.8,34.4,17.4
2026-04-17 06:39:00,0.0,82.6,99.2,7.54,43.0,39.6,17.4
2026-04-17 06:39:00,0.0,84.3,101.6,7.4,40.8,40.7,17.4
2026-04-17 06:39:01,0.0,82.5,97.6,7.63,41.9,37.3,17.4
2026-04-17 06:39:01,0.0,85.6,102.6,7.33,41.4,38.5,17.4
2026-04-17 06:39:01,0.0,90.4,104.7,7.24,41.4,45.6,17.4
2026-04-17 06:39:01,0.0,89.5,112.9,6.02,42.5,32.3,17.4
2026-04-17 06:39:01,0.0,99.5,122.5,5.68,42.5,34.8,17.3
2026-04-17 06:39:01,0.0,88.4,111.5,6.43,42.5,33.9,17.4
2026-04-17 06:39:02,0.0,83.3,100.5,6.19,40.8,33.9,17.4
2026-04-17 06:39:02,0.0,106.7,123.2,6.38,41.4,42.9,17.4
2026-04-17 06:39:02,0.0,100.4,123.6,6.24,41.4,32.2,17.4
2026-04-17 06:39:02,0.0,85.4,107.8,6.6,41.9,35.0,17.4
2026-04-17 06:39:02,0.0,83.0,97.6,7.62,41.9,38.5,17.4
2026-04-17 06:39:02,0.0,91.7,108.0,7.07,42.5,38.2,17.5
2026-04-17 06:39:02,0.0,98.6,121.7,5.77,41.9,31.3,17.5
2026-04-17 06:39:03,0.0,91.1,115.1,6.24,41.9,34.9,17.5
2026-04-17 06:39:03,0.0,89.3,111.9,6.1,41.9,36.4,17.5
2026-04-17 06:39:03,0.0,94.6,117.9,5.82,41.9,37.5,17.5
2026-04-17 06:39:03,0.0,104.7,127.7,5.67,41.4,33.3,17.4
2026-04-17 06:39:03,0.0,85.4,107.2,6.78,43.0,37.3,17.4
2026-04-17 06:39:03,0.0,88.8,102.2,7.32,43.0,39.6,17.5
2026-04-17 06:39:04,0.0,94.5,117.5,5.8,43.0,35.2,17.5
2026-04-17 06:39:04,0.0,110.2,133.2,5.49,42.5,38.7,17.5
2026-04-17 06:39:04,0.0,94.7,117.5,6.62,41.9,35.6,17.5
2026-04-17 06:39:04,0.0,89.1,112.2,6.2,41.9,34.9,17.5
2026-04-17 06:39:04,0.0,86.7,109.6,6.1,41.9,36.8,17.5
2026-04-17 06:39:04,0.0,116.4,130.8,6.08,43.0,39.4,17.6
2026-04-17 06:39:05,0.0,110.5,126.5,6.26,43.0,40.0,17.6
2026-04-17 06:39:05,0.0,83.0,103.5,7.22,42.5,38.2,17.6
2026-04-17 06:39:05,0.0,83.9,100.7,7.45,42.5,40.4,17.6
2026-04-17 06:39:05,0.0,85.0,99.5,7.45,43.0,39.6,17.6
2026-04-17 06:39:05,0.0,88.5,103.2,7.31,42.5,36.5,17.5
2026-04-17 06:39:05,0.0,97.2,120.3,5.71,42.5,34.8,17.4
2026-04-17 06:39:05,0.0,95.6,118.7,6.06,43.0,36.8,17.4
2026-04-17 06:39:06,0.0,86.1,105.1,6.36,41.9,35.5,17.4
2026-04-17 06:39:06,0.0,86.1,97.3,7.5,42.5,41.8,17.4
2026-04-17 06:39:06,0.0,85.2,96.5,7.56,41.4,41.5,17.4
2026-04-17 06:39:06,0.0,88.7,103.0,7.31,42.5,36.0,17.4
2026-04-17 06:39:06,0.0,89.0,111.9,6.0,41.9,35.3,17.4
2026-04-17 06:39:06,0.0,84.6,94.8,7.74,43.0,43.6,17.5
2026-04-17 06:39:06,0.0,85.7,99.6,7.46,43.0,41.5,17.5
2026-04-17 06:39:07,0.0,86.0,100.1,7.48,42.5,46.6,17.5
2026-04-17 06:39:07,0.0,105.1,119.8,6.51,41.9,43.5,17.5
2026-04-17 06:39:07,0.0,105.7,128.8,6.02,43.0,38.8,17.6
2026-04-17 06:39:07,0.0,86.5,109.7,6.79,42.5,32.1,17.6
2026-04-17 06:39:07,0.0,93.0,107.0,7.1,43.0,40.7,17.6
2026-04-17 06:39:07,0.0,86.4,109.6,6.29,41.9,34.4,17.6
2026-04-17 06:39:07,0.0,85.2,98.1,7.57,43.0,43.6,17.6
2026-04-17 06:39:08,0.0,86.9,101.4,7.41,43.0,40.4,17.6
2026-04-17 06:39:08,0.0,84.1,96.2,7.66,43.0,42.6,17.6
2026-04-17 06:39:08,0.0,109.3,124.4,6.31,41.9,36.7,17.5
2026-04-17 06:39:08,0.0,112.3,133.2,5.87,41.9,41.7,17.5
2026-04-17 06:39:08,0.0,85.7,105.6,7.18,42.5,37.7,17.5
2026-04-17 06:39:08,0.0,90.8,104.3,7.22,41.4,41.1,17.5
2026-04-17 06:39:09,0.0,82.2,105.2,6.33,43.0,35.4,17.5
2026-04-17 06:39:09,0.0,83.3,99.5,7.44,43.0,38.5,17.5
2026-04-17 06:39:09,0.0,89.2,105.8,7.19,42.5,41.8,17.6
2026-04-17 06:39:09,0.0,90.0,112.9,5.98,41.9,33.3,17.5
2026-04-17 06:39:09,0.0,88.9,111.7,6.04,43.0,34.3,17.5
2026-04-17 06:39:09,0.0,95.2,118.3,5.78,42.5,35.2,17.5
2026-04-17 06:39:09,0.0,86.3,109.2,6.35,42.5,34.9,17.5
2026-04-17 06:39:10,0.0,84.8,98.7,7.56,43.5,41.8,17.5
2026-04-17 06:39:10,0.0,94.1,108.5,7.04,43.0,42.1,17.5
2026-04-17 06:39:10,0.0,94.8,116.8,5.96,43.0,36.4,17.5
2026-04-17 06:39:10,0.0,83.9,106.9,6.43,43.5,36.9,17.5
2026-04-17 06:39:10,0.0,86.0,102.8,7.35,43.5,40.7,17.5
2026-04-17 06:39:10,0.0,91.0,103.7,7.27,43.0,41.8,17.4
2026-04-17 06:39:11,0.0,90.0,113.2,6.03,44.1,34.3,17.4
2026-04-17 06:39:11,0.0,86.8,109.8,6.13,43.5,36.4,17.4
2026-04-17 06:39:11,0.0,86.3,99.1,7.53,43.0,40.4,17.4
2026-04-17 06:39:11,0.0,84.9,97.8,7.59,42.5,38.5,17.4
2026-04-17 06:39:11,0.0,84.4,98.8,7.52,43.0,44.4,17.4
2026-04-17 06:39:11,0.0,86.9,102.4,7.35,43.5,41.8,17.4
2026-04-17 06:39:11,0.0,83.6,94.3,7.71,43.5,35.4,17.4
2026-04-17 06:39:11,0.0,91.9,107.4,7.05,44.1,38.2,17.4
2026-04-17 06:39:12,0.0,119.3,142.3,5.16,43.5,37.3,17.5
2026-04-17 06:39:12,0.0,85.0,98.7,7.57,43.0,39.6,17.5
2026-04-17 06:39:12,0.0,84.2,96.7,7.54,41.9,40.0,17.4
2026-04-17 06:39:12,0.0,95.1,110.6,6.94,42.5,36.4,17.4
2026-04-17 06:39:12,0.0,89.3,112.4,6.22,42.5,35.9,17.5
2026-04-17 06:39:12,0.0,84.7,107.6,6.18,44.1,33.8,17.5
2026-04-17 06:39:13,0.0,83.9,96.6,7.55,43.0,39.2,17.5
2026-04-17 06:39:13,0.0,92.5,108.2,7.05,42.5,40.0,17.5
2026-04-17 06:39:13,0.0,90.9,119.7,5.86,43.5,36.6,17.5
2026-04-17 06:39:13,0.0,95.8,118.2,6.03,43.5,33.8,17.5
2026-04-17 06:39:13,0.0,96.4,119.7,5.96,42.5,36.4,17.5
2026-04-17 06:39:13,0.0,97.6,120.6,5.99,42.5,36.4,17.5
2026-04-17 06:39:13,0.0,87.0,109.6,6.4,43.0,33.9,17.5
2026-04-17 06:39:14,0.0,108.9,121.2,6.45,43.0,39.7,17.5
2026-04-17 06:39:14,0.0,86.1,109.8,6.92,43.5,37.5,17.5
2026-04-17 06:39:14,0.0,94.8,107.3,7.07,44.1,42.1,17.5
2026-04-17 06:39:14,0.0,86.9,109.9,6.3,43.5,33.3,17.5
2026-04-17 06:39:14,0.0,85.1,97.7,7.6,42.5,39.2,17.5
2026-04-17 06:39:14,0.0,88.4,102.6,7.33,43.0,37.7,17.5
2026-04-17 06:39:15,0.0,95.3,117.3,5.76,43.0,34.8,17.5
2026-04-17 06:39:15,0.0,85.6,108.7,6.37,43.0,35.9,17.5
2026-04-17 06:39:15,0.0,102.0,116.2,6.68,44.6,38.6,17.5
2026-04-17 06:39:15,0.0,97.2,120.2,6.19,43.0,36.5,17.5
2026-04-17 06:39:15,0.0,86.4,108.9,6.42,43.0,35.5,17.4
2026-04-17 06:39:15,0.0,86.0,99.6,7.51,43.0,41.8,17.4
2026-04-17 06:39:15,0.0,89.0,102.3,7.35,42.5,38.5,17.4
2026-04-17 06:39:16,0.0,87.7,111.2,6.03,44.1,35.8,17.4
2026-04-17 06:39:16,0.0,98.4,121.4,5.65,43.5,33.8,17.4
2026-04-17 06:39:16,0.0,87.5,110.7,6.42,43.5,37.1,17.4
2026-04-17 06:39:16,0.0,91.3,103.4,7.29,43.0,42.1,17.4
2026-04-17 06:39:16,0.0,86.3,107.4,6.19,44.1,29.5,17.4
2026-04-17 06:39:16,0.0,105.2,117.9,6.58,43.0,38.6,17.4
2026-04-17 06:39:17,0.0,90.9,113.7,6.56,43.5,36.7,17.4
2026-04-17 06:39:17,0.0,111.0,134.1,5.36,43.0,39.2,17.4
2026-04-17 06:39:17,0.0,88.0,109.9,6.96,43.5,36.8,17.4
2026-04-17 06:39:17,0.0,86.5,99.5,7.51,43.0,45.5,17.4
2026-04-17 06:39:17,0.0,105.8,117.4,6.62,43.5,37.5,17.3
2026-04-17 06:39:17,0.0,95.8,118.9,6.38,43.5,37.7,17.3
2026-04-17 06:39:17,0.0,86.4,108.6,6.37,44.1,32.8,17.3
2026-04-17 06:39:18,0.0,85.4,98.7,7.55,43.5,41.5,17.3
2026-04-17 06:39:18,0.0,88.4,103.7,7.29,43.0,40.7,17.3
2026-04-17 06:39:18,0.0,121.4,144.5,5.04,43.0,32.9,17.3
2026-04-17 06:39:18,0.0,87.0,110.0,6.04,43.0,34.3,17.3
2026-04-17 06:39:18,0.0,85.7,108.6,6.05,43.5,31.3,17.3
2026-04-17 06:39:18,0.0,83.8,98.2,7.59,43.0,34.7,17.3
2026-04-17 06:39:19,0.0,92.0,107.4,7.09,44.6,36.5,17.4
2026-04-17 06:39:19,0.0,92.5,115.6,5.98,43.5,38.2,17.4
2026-04-17 06:39:19,0.0,91.7,114.9,6.03,43.5,35.3,17.4
2026-04-17 06:39:19,0.0,87.1,109.0,6.17,43.5,35.4,17.4
2026-04-17 06:39:19,0.0,85.9,98.3,7.57,43.5,36.7,17.5
2026-04-17 06:39:19,0.0,87.4,100.8,7.43,44.1,42.9,17.5
2026-04-17 06:39:19,0.0,86.7,98.3,7.54,43.5,41.5,17.6
2026-04-17 06:39:20,0.0,87.5,100.2,7.47,44.1,39.2,17.6
2026-04-17 06:39:20,0.0,83.7,96.0,7.71,44.1,40.4,17.6
2026-04-17 06:39:20,0.0,83.6,98.1,7.51,43.5,40.4,17.7
2026-04-17 06:39:20,0.0,90.9,106.6,7.11,43.0,36.5,17.7
2026-04-17 06:39:20,0.0,87.7,110.8,6.12,43.5,35.8,17.7
2026-04-17 06:39:20,0.0,84.7,96.6,7.69,43.5,40.4,17.6
2026-04-17 06:39:20,0.0,83.1,97.3,7.59,44.1,38.0,17.7
2026-04-17 06:39:21,0.0,89.6,106.0,7.16,44.6,44.1,17.7
2026-04-17 06:39:21,0.0,98.5,121.6,5.7,43.5,34.8,17.7
2026-04-17 06:39:21,0.0,96.2,120.5,6.04,44.1,38.2,17.7
2026-04-17 06:39:21,0.0,90.2,113.3,6.27,44.1,36.9,17.7
2026-04-17 06:39:21,0.0,85.6,108.8,6.16,43.0,34.8,17.6
2026-04-17 06:39:21,0.0,96.2,109.2,6.98,43.5,40.4,17.7
2026-04-17 06:39:22,0.0,105.8,128.6,5.67,43.5,32.4,17.7
2026-04-17 06:39:22,0.0,96.1,122.9,6.23,44.1,41.5,17.7
2026-04-17 06:39:22,0.0,92.6,115.6,6.28,44.1,34.9,17.7
2026-04-17 06:39:22,0.0,265.4,296.2,2.88,45.2,78.3,17.5
2026-04-17 06:39:22,0.0,110.7,136.6,5.75,45.8,61.1,17.5
2026-04-17 06:39:22,0.0,87.2,106.0,7.14,44.6,39.6,17.5
2026-04-17 06:39:23,0.0,88.2,100.4,7.45,44.6,39.6,17.5
2026-04-17 06:39:23,0.0,85.7,110.5,6.02,43.5,36.8,17.5
2026-04-17 06:39:23,0.0,103.2,115.0,6.72,43.5,38.9,17.4
2026-04-17 06:39:23,0.0,86.8,109.3,6.66,44.1,36.1,17.4
2026-04-17 06:39:23,0.0,84.8,98.3,7.58,43.0,40.4,17.4
2026-04-17 06:39:23,0.0,104.1,117.7,6.58,43.5,41.9,17.4
2026-04-17 06:39:24,0.0,94.6,117.7,6.36,43.5,33.3,17.4
2026-04-17 06:39:24,0.0,121.4,144.2,5.17,44.6,35.9,17.4
2026-04-17 06:39:24,0.0,87.5,110.6,6.03,44.6,34.3,17.4
2026-04-17 06:39:24,0.0,103.2,113.8,6.71,43.0,36.4,17.4
2026-04-17 06:39:24,0.0,83.4,106.6,6.81,44.6,38.3,17.4
2026-04-17 06:39:24,0.0,107.6,123.9,6.35,45.2,35.0,17.4
2026-04-17 06:39:25,0.0,97.0,119.9,6.41,44.1,36.1,17.4
2026-04-17 06:39:25,0.0,85.9,108.7,6.42,43.5,38.8,17.4
2026-04-17 06:39:25,0.0,105.9,118.9,6.53,43.5,39.0,17.4
2026-04-17 06:39:25,0.0,87.3,111.9,6.69,43.5,36.2,17.4
2026-04-17 06:39:25,0.0,88.7,111.9,6.0,43.0,34.3,17.4
2026-04-17 06:39:25,0.0,92.4,115.5,5.88,43.5,31.8,17.4
2026-04-17 06:39:25,0.0,86.9,106.0,6.21,44.1,33.3,17.4
2026-04-17 06:39:26,0.0,86.8,99.5,7.49,44.6,44.6,17.4
2026-04-17 06:39:26,0.0,91.4,103.7,7.27,43.5,36.0,17.3
2026-04-17 06:39:26,0.0,94.2,117.5,5.9,45.2,34.3,17.3
2026-04-17 06:39:26,0.0,86.0,109.4,6.3,44.6,32.8,17.3
2026-04-17 06:39:26,0.0,85.2,98.5,7.57,44.6,40.7,17.3
2026-04-17 06:39:26,0.0,87.6,101.7,7.38,44.6,40.4,17.2
2026-04-17 06:39:26,0.0,95.7,118.8,5.72,44.1,34.3,17.2
2026-04-17 06:39:27,0.0,93.6,116.6,6.08,44.6,34.9,17.2
2026-04-17 06:39:27,0.0,93.7,114.4,6.0,44.6,37.7,17.2
2026-04-17 06:39:27,0.0,88.1,113.6,6.12,43.5,31.1,17.2
2026-04-17 06:39:27,0.0,84.5,107.4,6.23,44.1,34.4,17.3
2026-04-17 06:39:27,0.0,84.2,97.8,7.52,45.2,37.3,17.3
2026-04-17 06:39:27,0.0,86.0,101.6,7.4,44.1,44.6,17.3
2026-04-17 06:39:28,0.0,84.4,97.9,7.6,45.2,37.3,17.3
2026-04-17 06:39:28,0.0,89.3,104.9,7.22,44.1,42.6,17.3
2026-04-17 06:39:28,0.0,101.5,124.6,5.61,45.2,35.7,17.3
2026-04-17 06:39:28,0.0,84.8,107.7,6.67,44.6,37.7,17.3
2026-04-17 06:39:28,0.0,85.3,100.2,7.47,45.8,40.4,17.3
2026-04-17 06:39:28,0.0,109.6,123.0,6.34,44.1,41.0,17.4
2026-04-17 06:39:28,0.0,88.4,111.2,6.89,45.2,39.7,17.4
2026-04-17 06:39:29,0.0,94.3,117.2,5.8,43.5,37.7,17.4
2026-04-17 06:39:29,0.0,88.3,111.0,6.23,45.2,34.4,17.4
2026-04-17 06:39:29,0.0,87.1,110.0,6.05,45.2,30.6,17.4
2026-04-17 06:39:29,0.0,93.4,105.5,7.17,45.2,40.0,17.4
2026-04-17 06:39:29,0.0,101.2,123.8,5.7,44.6,37.1,17.3
2026-04-17 06:39:29,0.0,85.4,108.3,6.67,44.1,35.0,17.3
2026-04-17 06:39:30,0.0,90.6,105.1,7.2,43.0,42.9,17.2
2026-04-17 06:39:30,0.0,91.9,115.1,5.96,44.1,32.3,17.2
2026-04-17 06:39:30,0.0,88.9,113.8,6.05,44.1,32.3,17.3
2026-04-17 06:39:30,0.0,95.7,119.8,5.8,44.6,35.8,17.3
2026-04-17 06:39:30,0.0,94.4,117.4,6.09,43.5,32.8,17.3
2026-04-17 06:39:30,0.0,85.7,108.6,6.33,44.1,33.9,17.3
2026-04-17 06:39:31,0.0,82.8,96.9,7.67,43.0,38.0,17.4
2026-04-17 06:39:31,0.0,93.0,109.7,6.98,44.6,38.2,17.4
2026-04-17 06:39:31,0.0,95.3,116.7,5.92,44.6,36.2,17.4
2026-04-17 06:39:31,0.0,89.5,112.8,6.21,44.1,33.9,17.4
2026-04-17 06:39:31,0.0,93.4,116.5,5.87,44.1,35.3,17.4
2026-04-17 06:39:31,0.0,86.1,109.0,6.28,45.2,32.3,17.4
2026-04-17 06:39:31,0.0,84.0,97.5,7.62,45.2,37.3,17.5
2026-04-17 06:39:32,0.0,106.5,122.1,6.43,44.6,43.1,17.5
2026-04-17 06:39:32,0.0,91.4,113.6,6.6,45.2,37.9,17.5
2026-04-17 06:39:32,0.0,101.1,124.0,5.68,45.8,33.3,17.5
2026-04-17 06:39:32,0.0,84.5,107.5,6.66,44.1,36.2,17.5
2026-04-17 06:39:32,0.0,82.9,99.3,7.53,45.2,42.9,17.4
2026-04-17 06:39:32,0.0,91.0,106.3,7.14,44.1,41.1,17.4
2026-04-17 06:39:33,0.0,86.8,109.7,6.16,44.1,33.8,17.4
2026-04-17 06:39:33,0.0,90.9,102.9,7.27,45.2,43.9,17.5
2026-04-17 06:39:33,0.0,83.7,106.8,6.27,44.6,30.0,17.5
2026-04-17 06:39:33,0.0,85.9,102.5,7.36,45.2,44.8,17.5
2026-04-17 06:39:33,0.0,104.5,117.9,6.6,45.2,41.7,17.5
2026-04-17 06:39:33,0.0,92.1,115.1,6.5,44.6,41.8,17.5
2026-04-17 06:39:33,0.0,102.9,125.9,5.64,44.6,32.8,17.5
2026-04-17 06:39:34,0.0,93.2,116.3,6.36,44.6,38.5,17.6
2026-04-17 06:39:34,0.0,84.9,108.0,6.26,45.2,35.4,17.5
2026-04-17 06:39:34,0.0,83.0,95.7,7.7,44.1,39.2,17.5
2026-04-17 06:39:34,0.0,94.4,110.3,6.92,45.8,38.2,17.5
2026-04-17 06:39:34,0.0,86.0,109.1,6.33,44.6,38.5,17.4
2026-04-17 06:39:34,0.0,82.4,94.6,7.71,44.1,38.5,17.4
2026-04-17 06:39:34,0.0,85.1,101.5,7.32,45.2,43.6,17.4
2026-04-17 06:39:35,0.0,86.9,100.9,7.44,46.3,43.9,17.4
2026-04-17 06:39:35,0.0,83.2,95.6,7.69,45.2,31.1,17.4
2026-04-17 06:39:35,0.0,83.8,98.2,7.48,44.1,43.6,17.4
2026-04-17 06:39:35,0.0,92.0,107.7,7.08,44.6,44.1,17.4
2026-04-17 06:39:35,0.0,86.6,109.4,6.2,45.2,34.9,17.3
2026-04-17 06:39:35,0.0,84.4,97.6,7.62,45.2,44.6,17.3
2026-04-17 06:39:35,0.0,85.1,100.3,7.47,45.8,41.8,17.3
2026-04-17 06:39:36,0.0,82.8,97.1,7.64,45.2,37.3,17.3
2026-04-17 06:39:36,0.0,104.2,120.6,6.46,44.1,43.8,17.3
2026-04-17 06:39:36,0.0,103.8,126.7,6.02,45.2,34.4,17.4
2026-04-17 06:39:36,0.0,85.8,109.0,6.72,45.2,40.3,17.4
2026-04-17 06:39:36,0.0,98.7,112.5,6.85,44.1,34.6,17.3
2026-04-17 06:39:36,0.0,92.7,115.7,6.23,44.1,39.4,17.4
2026-04-17 06:39:36,0.0,93.4,116.5,5.97,45.8,31.8,17.4
2026-04-17 06:39:37,0.0,96.1,119.0,5.91,45.2,34.4,17.4
2026-04-17 06:39:37,0.0,87.6,109.9,6.33,46.3,31.7,17.4
2026-04-17 06:39:37,0.0,83.0,93.9,7.75,45.2,43.4,17.4
2026-04-17 06:39:37,0.0,93.3,110.2,6.96,45.2,37.5,17.4
2026-04-17 06:39:37,0.0,89.6,112.6,6.16,44.1,32.3,17.5
2026-04-17 06:39:37,0.0,84.7,107.3,6.19,44.6,33.8,17.5
2026-04-17 06:39:38,0.0,81.6,96.3,7.68,44.1,42.6,17.5
2026-04-17 06:39:38,0.0,103.2,121.5,6.45,44.6,39.3,17.5
2026-04-17 06:39:38,0.0,95.3,118.3,6.31,45.2,38.1,17.5
2026-04-17 06:39:38,0.0,97.5,120.4,5.92,45.8,35.8,17.6
2026-04-17 06:39:38,0.0,84.6,108.0,6.49,44.6,36.1,17.6
2026-04-17 06:39:38,0.0,93.2,108.2,7.07,45.2,43.1,17.5
2026-04-17 06:39:38,0.0,88.2,111.9,6.14,44.6,40.6,17.5
2026-04-17 06:39:39,0.0,84.9,95.3,7.74,44.1,41.2,17.6
2026-04-17 06:39:39,0.0,85.4,97.7,7.5,44.1,38.5,17.5
2026-04-17 06:39:39,0.0,83.8,98.1,7.6,44.6,36.0,17.6
2026-04-17 06:39:39,0.0,87.2,102.1,7.31,44.6,41.5,17.6
2026-04-17 06:39:39,0.0,90.6,102.8,7.32,45.2,42.9,17.6
2026-04-17 06:39:39,0.0,83.3,106.3,6.28,45.8,37.3,17.6
2026-04-17 06:39:39,0.0,96.1,112.4,6.85,44.6,41.4,17.6
2026-04-17 06:39:40,0.0,83.9,106.7,6.46,45.2,39.4,17.6
2026-04-17 06:39:40,0.0,85.0,99.5,7.43,44.6,40.7,17.6
2026-04-17 06:39:40,0.0,91.6,105.8,7.18,45.2,39.3,17.5
2026-04-17 06:39:40,0.0,108.4,132.1,5.4,45.8,31.9,17.5
2026-04-17 06:39:40,0.0,84.6,107.2,7.1,45.8,39.7,17.5
2026-04-17 06:39:40,0.0,86.9,102.3,7.37,45.8,41.8,17.5
2026-04-17 06:39:41,0.0,84.8,107.8,6.08,44.1,34.8,17.5
2026-04-17 06:39:41,0.0,89.5,102.1,7.25,44.6,34.6,17.5
2026-04-17 06:39:41,0.0,104.6,127.8,5.5,45.2,30.4,17.6
2026-04-17 06:39:41,0.0,96.1,119.2,6.33,45.8,38.1,17.6
2026-04-17 06:39:41,0.0,84.0,102.4,6.46,45.8,31.0,17.6
2026-04-17 06:39:41,0.0,84.3,100.0,7.49,45.2,39.6,17.5
2026-04-17 06:39:41,0.0,86.7,101.7,7.39,46.3,41.5,17.5
2026-04-17 06:39:42,0.0,87.5,100.5,7.45,46.3,40.7,17.5
2026-04-17 06:39:42,0.0,108.8,119.6,6.47,46.3,45.2,17.5
2026-04-17 06:39:42,0.0,102.6,125.7,6.16,45.8,38.5,17.5
2026-04-17 06:39:42,0.0,87.2,109.9,6.7,45.8,33.3,17.5
2026-04-17 06:39:42,0.0,103.3,115.6,6.69,44.6,44.3,17.5
2026-04-17 06:39:42,0.0,84.1,107.0,6.8,46.9,37.3,17.6
2026-04-17 06:39:42,0.0,81.4,97.1,7.67,44.6,38.5,17.6
2026-04-17 06:39:43,0.0,81.7,97.8,7.47,45.8,42.6,17.6
2026-04-17 06:39:43,0.0,107.1,128.3,6.15,45.2,39.1,17.6
2026-04-17 06:39:43,0.0,103.4,125.5,6.3,46.3,37.1,17.6
2026-04-17 06:39:43,0.0,94.2,117.5,6.35,45.2,40.9,17.6
2026-04-17 06:39:43,0.0,88.6,111.6,6.22,44.6,33.3,17.6
2026-04-17 06:39:43,0.0,85.3,108.7,6.11,45.8,30.2,17.5
2026-04-17 06:39:44,0.0,85.1,99.5,7.51,45.8,41.5,17.5
2026-04-17 06:39:44,0.0,122.3,135.1,5.88,44.6,36.9,17.5
2026-04-17 06:39:44,0.0,92.8,115.8,5.88,45.8,30.8,17.4
2026-04-17 06:39:44,0.0,97.6,119.1,5.83,44.6,38.0,17.4
2026-04-17 06:39:44,0.0,111.0,134.1,5.56,47.4,29.2,17.3
2026-04-17 06:39:44,0.0,95.5,118.0,6.6,46.3,38.3,17.3
2026-04-17 06:39:45,0.0,104.4,127.3,5.72,46.9,37.1,17.3
2026-04-17 06:39:45,0.0,88.3,111.4,6.64,45.8,35.6,17.4
2026-04-17 06:39:45,0.0,86.3,109.2,6.08,45.2,30.6,17.4
2026-04-17 06:39:45,0.0,84.7,97.4,7.6,45.2,44.6,17.4
2026-04-17 06:39:45,0.0,84.3,98.9,7.52,46.9,43.9,17.4
2026-04-17 06:39:45,0.0,105.8,121.2,6.46,44.6,35.1,17.5
2026-04-17 06:39:45,0.0,87.6,110.1,6.74,45.2,38.3,17.5
2026-04-17 06:39:46,0.0,85.8,98.3,7.58,44.6,39.6,17.5
2026-04-17 06:39:46,0.0,101.6,114.9,6.73,45.8,39.7,17.4
2026-04-17 06:39:46,0.0,93.4,116.3,6.31,45.2,36.5,17.4
2026-04-17 06:39:46,0.0,111.7,134.2,5.41,45.8,39.2,17.4
2026-04-17 06:39:46,0.0,89.3,110.2,6.93,44.6,33.3,17.4
2026-04-17 06:39:46,0.0,106.2,127.5,5.45,45.2,31.9,17.4
2026-04-17 06:39:47,0.0,87.7,110.5,6.76,45.8,40.3,17.4
2026-04-17 06:39:47,0.0,102.4,113.9,6.74,45.8,40.0,17.4
2026-04-17 06:39:47,0.0,86.5,109.3,6.65,46.3,34.5,17.3
2026-04-17 06:39:47,0.0,96.1,109.4,6.97,45.8,38.2,17.4
2026-04-17 06:39:47,0.0,85.9,108.8,6.41,45.8,33.3,17.3
2026-04-17 06:39:47,0.0,86.3,99.6,7.49,45.8,41.8,17.3
2026-04-17 06:39:47,0.0,88.3,101.8,7.39,47.4,38.5,17.3
2026-04-17 06:39:48,0.0,105.5,128.5,5.44,47.4,34.2,17.3
2026-04-17 06:39:48,0.0,86.5,109.5,6.77,46.3,39.7,17.3
2026-04-17 06:39:48,0.0,92.1,105.0,7.2,46.9,40.4,17.3
2026-04-17 06:39:48,0.0,107.9,130.7,5.48,46.3,38.4,17.3
2026-04-17 06:39:48,0.0,99.7,123.0,6.32,46.3,33.3,17.3
2026-04-17 06:39:48,0.0,87.6,110.7,6.47,46.3,39.1,17.3
2026-04-17 06:39:48,0.0,85.1,99.5,7.51,45.8,36.0,17.4
2026-04-17 06:39:49,0.0,85.8,97.7,7.61,46.9,43.6,17.4
2026-04-17 06:39:49,0.0,85.7,97.7,7.5,45.2,41.5,17.4
2026-04-17 06:39:49,0.0,85.3,99.2,7.52,46.3,43.6,17.5
2026-04-17 06:39:49,0.0,86.3,100.7,7.45,46.9,39.6,17.5
2026-04-17 06:39:49,0.0,84.4,101.8,7.31,46.9,44.4,17.5
2026-04-17 06:39:49,0.0,101.6,124.6,5.6,46.9,32.9,17.5
2026-04-17 06:39:49,0.0,98.8,121.9,6.1,46.3,32.3,17.5
2026-04-17 06:39:50,0.0,106.2,127.8,5.7,45.8,32.4,17.5
2026-04-17 06:39:50,0.0,86.9,109.1,6.85,46.3,36.8,17.5
2026-04-17 06:39:50,0.0,113.6,126.2,6.25,46.3,43.1,17.5
2026-04-17 06:39:50,0.0,101.5,121.3,6.46,45.2,37.3,17.5
2026-04-17 06:39:50,0.0,98.7,121.7,6.12,46.9,34.4,17.5
2026-04-17 06:39:50,0.0,110.1,133.1,5.62,45.8,36.6,17.5
2026-04-17 06:39:51,0.0,88.2,109.3,6.91,46.3,36.2,17.5
2026-04-17 06:39:51,0.0,95.5,117.5,5.75,45.2,33.3,17.6
2026-04-17 06:39:51,0.0,88.1,111.0,6.28,46.3,38.5,17.6
2026-04-17 06:39:51,0.0,100.9,112.5,6.84,47.4,42.4,17.6
2026-04-17 06:39:51,0.0,88.6,111.8,6.48,46.3,35.5,17.5
2026-04-17 06:39:51,0.0,85.9,108.8,6.11,46.9,35.4,17.5
2026-04-17 06:39:52,0.0,89.5,103.5,7.3,44.6,42.1,17.5
2026-04-17 06:39:52,0.0,114.7,136.2,5.2,45.8,37.7,17.5
2026-04-17 06:39:52,0.0,101.2,118.3,6.5,45.8,39.3,17.5
2026-04-17 06:39:52,0.0,97.3,120.5,6.19,46.3,38.5,17.5
2026-04-17 06:39:52,0.0,102.1,125.1,5.84,46.9,34.3,17.4
2026-04-17 06:39:52,0.0,102.3,125.8,5.98,46.3,37.3,17.4
2026-04-17 06:39:53,0.0,94.2,117.1,6.34,46.3,39.7,17.4
2026-04-17 06:39:53,0.0,90.9,111.4,6.1,45.8,39.4,17.4
2026-04-17 06:39:53,0.0,93.9,117.0,5.91,46.3,33.8,17.4
2026-04-17 06:39:53,0.0,90.0,113.3,6.14,46.9,34.8,17.4
2026-04-17 06:39:53,0.0,85.8,108.6,6.15,46.9,36.4,17.5
2026-04-17 06:39:53,0.0,88.9,102.1,7.35,45.8,40.7,17.5
2026-04-17 06:39:54,0.0,86.9,109.7,6.08,46.3,38.2,17.5
2026-04-17 06:39:54,0.0,90.6,103.2,7.3,45.8,41.1,17.5
2026-04-17 06:39:54,0.0,105.7,128.9,5.49,46.9,34.8,17.5
2026-04-17 06:39:54,0.0,98.6,121.3,6.29,46.3,37.1,17.5
2026-04-17 06:39:54,0.0,82.9,106.3,6.62,46.3,32.8,17.5
2026-04-17 06:39:54,0.0,84.4,99.5,7.43,46.3,40.7,17.6
2026-04-17 06:39:54,0.0,82.5,97.8,7.62,45.8,38.5,17.6
2026-04-17 06:39:55,0.0,82.1,98.7,7.51,46.3,34.8,17.6
2026-04-17 06:39:55,0.0,85.2,102.8,7.34,45.2,37.7,17.6
2026-04-17 06:39:55,0.0,81.5,97.9,7.61,46.3,36.0,17.6
2026-04-17 06:39:55,0.0,83.5,96.5,7.49,46.9,42.6,17.7
2026-04-17 06:39:55,0.0,104.0,119.8,6.5,45.8,41.3,17.7
2026-04-17 06:39:55,0.0,101.8,124.7,6.09,46.3,34.4,17.7
2026-04-17 06:39:55,0.0,102.2,125.1,5.99,45.8,38.2,17.6
2026-04-17 06:39:56,0.0,94.1,117.2,6.3,46.9,33.3,17.6
2026-04-17 06:39:56,0.0,88.9,110.7,6.2,46.9,32.3,17.6
2026-04-17 06:39:56,0.0,87.1,109.9,6.07,47.4,35.8,17.6
2026-04-17 06:39:56,0.0,90.4,105.9,7.15,46.9,50.0,17.6
2026-04-17 06:39:56,0.0,102.4,125.6,5.7,46.3,37.5,17.5
2026-04-17 06:39:56,0.0,84.6,107.8,6.72,46.3,31.6,17.5
2026-04-17 06:39:57,0.0,82.2,95.9,7.64,47.4,40.4,17.5
2026-04-17 06:39:57,0.0,94.4,111.5,6.88,46.9,45.0,17.5
2026-04-17 06:39:57,0.0,93.7,116.7,6.03,46.3,37.7,17.6
2026-04-17 06:39:57,0.0,81.8,104.8,6.46,46.3,35.0,17.5
2026-04-17 06:39:57,0.0,85.7,102.0,7.28,47.4,40.0,17.5
2026-04-17 06:39:57,0.0,90.5,104.3,7.24,46.9,41.1,17.5
2026-04-17 06:39:57,0.0,90.6,113.6,6.01,47.4,36.8,17.5
2026-04-17 06:39:58,0.0,96.6,120.0,5.78,46.3,30.9,17.5
2026-04-17 06:39:58,0.0,85.8,109.4,6.38,46.9,40.0,17.5
2026-04-17 06:39:58,0.0,103.0,115.6,6.69,46.3,38.2,17.5
2026-04-17 06:39:58,0.0,84.2,107.3,6.76,46.9,34.5,17.5
2026-04-17 06:39:58,0.0,83.2,99.1,7.54,46.3,39.2,17.5
2026-04-17 06:39:58,0.0,94.5,109.0,6.95,46.3,36.4,17.6
2026-04-17 06:39:58,0.0,99.8,122.9,5.81,45.8,35.8,17.6
2026-04-17 06:39:59,0.0,87.2,110.2,6.5,45.8,34.4,17.6
2026-04-17 06:39:59,0.0,95.1,110.4,6.94,45.8,41.4,17.6
2026-04-17 06:39:59,0.0,98.1,121.3,5.93,45.8,39.1,17.6
2026-04-17 06:39:59,0.0,84.7,105.3,6.6,46.3,34.5,17.6
2026-04-17 06:39:59,0.0,88.8,104.0,7.28,46.3,41.8,17.6
2026-04-17 06:39:59,0.0,83.2,106.0,6.21,46.9,33.3,17.6
2026-04-17 06:40:00,0.0,97.2,113.6,6.8,45.8,37.9,17.6
2026-04-17 06:40:00,0.0,103.1,126.1,5.79,47.4,35.3,17.6
2026-04-17 06:40:00,0.0,92.6,116.7,6.37,46.3,35.5,17.6
2026-04-17 06:40:00,0.0,100.0,123.1,5.78,46.9,35.7,17.7
2026-04-17 06:40:00,0.0,85.1,108.0,6.6,46.9,33.3,17.7
2026-04-17 06:40:00,0.0,82.7,98.5,7.58,46.9,41.8,17.6
2026-04-17 06:40:00,0.0,86.0,102.0,7.38,47.4,37.7,17.6
2026-04-17 06:40:01,0.0,82.5,96.3,7.7,45.8,35.4,17.6
2026-04-17 06:40:01,0.0,84.0,99.5,7.41,46.3,46.7,17.6
2026-04-17 06:40:01,0.0,87.4,103.3,7.32,47.4,42.9,17.5
2026-04-17 06:40:01,0.0,84.9,97.2,7.64,46.9,41.2,17.5
2026-04-17 06:40:01,0.0,91.7,106.2,7.14,47.4,38.5,17.5
2026-04-17 06:40:01,0.0,84.9,107.8,6.26,47.4,35.9,17.5
2026-04-17 06:40:01,0.0,82.2,96.3,7.66,47.4,37.3,17.5
2026-04-17 06:40:02,0.0,95.9,112.1,6.79,47.4,40.4,17.5
2026-04-17 06:40:02,0.0,93.7,117.0,6.08,47.4,34.4,17.5
2026-04-17 06:40:02,0.0,92.6,115.3,6.05,46.3,35.3,17.5
2026-04-17 06:40:02,0.0,84.4,107.4,6.31,46.9,32.8,17.5
2026-04-17 06:40:02,0.0,82.9,98.2,7.59,46.9,41.5,17.5
2026-04-17 06:40:02,0.0,89.6,106.1,7.15,46.3,37.7,17.5
2026-04-17 06:40:03,0.0,92.0,116.8,5.85,46.3,32.8,17.5
2026-04-17 06:40:03,0.0,99.7,122.6,5.8,47.4,33.8,17.5
2026-04-17 06:40:03,0.0,87.9,110.9,6.46,46.9,37.1,17.5
2026-04-17 06:40:03,0.0,97.9,121.0,5.66,46.3,33.3,17.4
2026-04-17 06:40:03,0.0,87.3,110.7,6.4,47.4,40.9,17.4
2026-04-17 06:40:03,0.0,102.3,113.0,6.75,47.4,43.3,17.4
2026-04-17 06:40:03,0.0,102.0,125.1,6.02,46.3,37.9,17.4
2026-04-17 06:40:04,0.0,84.1,107.1,6.73,46.9,32.8,17.4
2026-04-17 06:40:04,0.0,83.6,98.8,7.52,47.4,46.4,17.5
2026-04-17 06:40:04,0.0,96.0,113.0,6.83,47.4,42.6,17.5
2026-04-17 06:40:04,0.0,114.2,137.5,5.43,46.3,38.9,17.5
2026-04-17 06:40:04,0.0,84.0,101.0,7.33,47.4,38.2,17.6
2026-04-17 06:40:04,0.0,88.1,103.8,7.29,47.4,42.9,17.6
2026-04-17 06:40:05,0.0,83.7,106.9,6.17,46.9,32.8,17.6
2026-04-17 06:40:05,0.0,88.4,102.7,7.24,46.9,34.6,17.6
2026-04-17 06:40:05,0.0,82.8,105.6,6.21,47.4,33.8,17.6
2026-04-17 06:40:05,0.0,84.7,99.5,7.41,46.9,41.8,17.6
2026-04-17 06:40:05,0.0,102.0,116.7,6.64,46.9,41.7,17.6
2026-04-17 06:40:05,0.0,89.7,112.8,6.48,47.4,34.5,17.5
2026-04-17 06:40:05,0.0,84.8,107.9,6.18,48.0,35.8,17.6
2026-04-17 06:40:06,0.0,95.1,113.5,6.81,48.5,37.9,17.6
2026-04-17 06:40:06,0.0,86.1,109.8,6.39,47.4,33.9,17.6
2026-04-17 06:40:06,0.0,85.1,107.3,6.12,46.9,32.3,17.6
2026-04-17 06:40:06,0.0,84.8,99.7,7.5,47.4,39.2,17.6
2026-04-17 06:40:06,0.0,101.6,115.9,6.69,47.4,41.4,17.6
2026-04-17 06:40:06,0.0,90.4,113.2,6.43,48.0,37.1,17.6
2026-04-17 06:40:07,0.0,100.8,123.8,5.65,46.9,33.3,17.6
2026-04-17 06:40:07,0.0,96.7,119.8,6.15,46.9,39.4,17.5
2026-04-17 06:40:07,0.0,85.8,109.8,6.38,46.9,37.1,17.5
2026-04-17 06:40:07,0.0,91.5,104.2,7.25,47.4,40.7,17.5
2026-04-17 06:40:07,0.0,90.2,113.2,6.04,46.9,34.8,17.4
2026-04-17 06:40:07,0.0,88.5,111.6,6.07,48.0,30.2,17.4
2026-04-17 06:40:07,0.0,103.3,122.4,5.51,48.0,36.1,17.4
2026-04-17 06:40:08,0.0,84.4,107.3,6.77,48.0,39.3,17.4
2026-04-17 06:40:08,0.0,88.0,103.3,7.31,47.4,41.1,17.4
2026-04-17 06:40:08,0.0,84.5,107.6,6.13,48.5,33.8,17.5
2026-04-17 06:40:08,0.0,89.3,103.5,7.24,46.9,42.9,17.5
2026-04-17 06:40:08,0.0,86.5,109.4,6.11,48.0,36.4,17.6
2026-04-17 06:40:08,0.0,92.3,110.2,6.94,48.0,36.4,17.6
2026-04-17 06:40:09,0.0,92.3,116.6,6.1,46.3,33.3,17.6
2026-04-17 06:40:09,0.0,99.0,122.4,5.84,46.3,35.3,17.6
2026-04-17 06:40:09,0.0,101.1,124.3,5.93,47.4,39.4,17.6
2026-04-17 06:40:09,0.0,83.7,106.8,6.7,47.4,38.7,17.6
2026-04-17 06:40:09,0.0,97.4,117.0,6.65,46.9,40.7,17.6
2026-04-17 06:40:09,0.0,84.3,108.0,6.64,46.9,39.7,17.7
2026-04-17 06:40:09,0.0,92.3,105.5,7.11,47.4,37.7,17.7
2026-04-17 06:40:10,0.0,86.7,109.3,6.21,47.4,35.4,17.7
2026-04-17 06:40:10,0.0,83.2,96.3,7.7,48.0,43.6,17.8
2026-04-17 06:40:10,0.0,93.9,110.2,6.95,48.5,39.3,17.7
2026-04-17 06:40:10,0.0,91.3,114.5,6.09,48.5,37.3,17.7
2026-04-17 06:40:10,0.0,82.1,105.1,6.36,47.4,32.8,17.7
2026-04-17 06:40:10,0.0,86.5,108.4,7.06,47.4,42.4,17.6
2026-04-17 06:40:11,0.0,92.8,115.6,5.92,47.4,32.8,17.6
2026-04-17 06:40:11,0.0,90.5,113.5,6.09,47.4,35.8,17.6
2026-04-17 06:40:11,0.0,83.7,106.7,6.26,48.5,32.3,17.6
2026-04-17 06:40:11,0.0,108.8,124.9,6.31,48.0,39.3,17.6
2026-04-17 06:40:11,0.0,95.9,118.1,6.51,46.3,35.6,17.6
2026-04-17 06:40:11,0.0,95.2,118.2,6.03,48.5,36.4,17.6
2026-04-17 06:40:12,0.0,96.3,119.3,5.97,48.0,34.8,17.6
2026-04-17 06:40:12,0.0,91.9,114.9,6.15,48.0,39.4,17.6
2026-04-17 06:40:12,0.0,84.2,107.0,6.29,47.4,32.3,17.6
2026-04-17 06:40:12,0.0,85.1,100.0,7.46,46.3,42.9,17.6
2026-04-17 06:40:12,0.0,95.9,110.2,6.95,48.0,41.4,17.6
2026-04-17 06:40:12,0.0,89.9,113.0,6.22,46.9,35.5,17.6
2026-04-17 06:40:12,0.0,93.6,116.5,5.88,47.4,35.2,17.6
2026-04-17 06:40:13,0.0,88.9,111.8,6.17,46.9,35.4,17.6
2026-04-17 06:40:13,0.0,100.0,111.7,6.86,48.0,42.1,17.6
2026-04-17 06:40:13,0.0,84.8,107.9,6.66,46.9,33.3,17.7
2026-04-17 06:40:13,0.0,84.2,100.2,7.49,47.4,41.8,17.7
2026-04-17 06:40:13,0.0,85.1,100.7,7.45,48.0,40.4,17.7
2026-04-17 06:40:13,0.0,94.3,107.9,7.07,48.0,38.2,17.7
2026-04-17 06:40:13,0.0,89.9,114.9,6.08,47.4,30.2,17.7
2026-04-17 06:40:14,0.0,91.5,114.5,6.04,47.4,30.6,17.6
2026-04-17 06:40:14,0.0,89.6,112.6,6.07,47.4,34.8,17.6
2026-04-17 06:40:14,0.0,94.2,117.0,5.84,48.0,32.4,17.6
2026-04-17 06:40:14,0.0,84.5,110.3,6.26,48.0,36.5,17.6
2026-04-17 06:40:14,0.0,83.9,96.1,7.69,48.0,41.2,17.6
2026-04-17 06:40:14,0.0,93.9,109.6,6.99,47.4,39.7,17.6
2026-04-17 06:40:15,0.0,89.0,112.0,6.19,48.0,31.1,17.6
2026-04-17 06:40:15,0.0,90.5,113.4,5.95,47.4,31.8,17.6
2026-04-17 06:40:15,0.0,93.7,115.3,5.87,48.0,35.7,17.6
2026-04-17 06:40:15,0.0,83.0,106.3,6.43,46.9,34.4,17.6
2026-04-17 06:40:15,0.0,85.1,101.9,7.39,47.4,39.6,17.5
2026-04-17 06:40:15,0.0,85.4,99.8,7.49,46.9,44.6,17.5
2026-04-17 06:40:15,0.0,85.2,100.1,7.48,47.4,39.2,17.5
2026-04-17 06:40:16,0.0,104.7,118.8,6.56,47.4,40.7,17.5
2026-04-17 06:40:16,0.0,89.6,112.8,6.61,48.0,38.7,17.5
2026-04-17 06:40:16,0.0,84.2,107.2,6.21,47.4,30.6,17.5
2026-04-17 06:40:16,0.0,99.0,112.8,6.75,47.4,35.7,17.5
2026-04-17 06:40:16,0.0,100.8,124.7,5.91,46.9,35.8,17.5
2026-04-17 06:40:16,0.0,103.2,124.6,5.94,47.4,37.3,17.5
2026-04-17 06:40:17,0.0,88.0,112.2,6.56,49.0,33.3,17.5
2026-04-17 06:40:17,0.0,90.4,113.7,5.89,47.4,35.3,17.6
2026-04-17 06:40:17,0.0,85.5,108.5,6.25,47.4,31.1,17.6
2026-04-17 06:40:17,0.0,85.9,100.8,7.45,47.4,42.6,17.6
2026-04-17 06:40:17,0.0,96.1,109.0,7.0,48.0,43.3,17.5
2026-04-17 06:40:17,0.0,93.2,116.4,6.11,48.0,38.8,17.5
2026-04-17 06:40:18,0.0,86.8,109.8,6.24,48.5,35.4,17.5
2026-04-17 06:40:18,0.0,86.9,98.8,7.48,48.5,44.6,17.5
2026-04-17 06:40:18,0.0,88.3,101.1,7.39,48.0,43.6,17.5
2026-04-17 06:40:18,0.0,86.1,109.3,6.12,48.0,34.8,17.5
2026-04-17 06:40:18,0.0,94.0,108.4,7.01,48.0,38.2,17.5
2026-04-17 06:40:18,0.0,102.4,125.5,5.76,48.5,37.3,17.5
2026-04-17 06:40:18,0.0,93.4,116.1,6.35,48.5,31.7,17.5
2026-04-17 06:40:19,0.0,85.9,105.7,6.28,48.0,37.5,17.5
2026-04-17 06:40:19,0.0,91.4,105.2,7.21,49.0,44.8,17.5
2026-04-17 06:40:19,0.0,86.4,109.5,6.18,48.5,33.8,17.5
2026-04-17 06:40:19,0.0,90.8,104.1,7.26,49.0,41.8,17.4
2026-04-17 06:40:19,0.0,98.5,121.7,5.74,47.4,33.8,17.4
2026-04-17 06:40:19,0.0,112.4,135.3,5.54,48.0,38.0,17.4
2026-04-17 06:40:19,0.0,87.0,107.3,7.1,46.9,37.5,17.4
2026-04-17 06:40:20,0.0,89.8,102.4,7.35,48.5,37.3,17.4
2026-04-17 06:40:20,0.0,91.3,115.1,5.92,48.0,32.3,17.4
2026-04-17 06:40:20,0.0,91.0,114.1,5.96,49.0,32.3,17.4
2026-04-17 06:40:20,0.0,87.9,108.9,6.19,48.0,34.4,17.4
2026-04-17 06:40:20,0.0,91.7,103.8,7.28,48.5,45.6,17.4
2026-04-17 06:40:20,0.0,84.8,107.9,6.27,50.1,34.4,17.4
2026-04-17 06:40:21,0.0,89.3,104.4,7.26,48.5,40.7,17.4
2026-04-17 06:40:21,0.0,86.3,109.4,6.12,48.5,33.8,17.4
2026-04-17 06:40:21,0.0,95.4,108.2,7.02,49.0,42.4,17.4
2026-04-17 06:40:21,0.0,102.6,128.3,5.63,47.4,31.8,17.4
2026-04-17 06:40:21,0.0,110.9,133.6,5.85,49.0,37.9,17.4
2026-04-17 06:40:21,0.0,87.0,109.4,7.0,48.5,35.7,17.4
2026-04-17 06:40:22,0.0,95.7,108.4,7.03,48.5,39.6,17.4
2026-04-17 06:40:22,0.0,105.9,128.3,5.66,48.0,41.3,17.4
2026-04-17 06:40:22,0.0,97.3,120.3,6.33,48.5,35.0,17.4
2026-04-17 06:40:22,0.0,86.8,109.8,6.41,48.5,34.9,17.4
2026-04-17 06:40:22,0.0,92.7,105.5,7.18,48.0,42.1,17.4
2026-04-17 06:40:22,0.0,90.1,113.2,6.1,48.5,33.3,17.4
2026-04-17 06:40:22,0.0,86.6,109.9,6.13,48.0,33.3,17.4
2026-04-17 06:40:23,0.0,90.6,103.1,7.3,48.5,44.8,17.4
2026-04-17 06:40:23,0.0,87.5,110.6,6.11,47.4,34.4,17.4
2026-04-17 06:40:23,0.0,90.0,100.5,7.37,47.4,40.4,17.4
2026-04-17 06:40:23,0.0,87.7,111.0,6.08,49.0,32.8,17.4
2026-04-17 06:40:23,0.0,99.0,110.8,6.93,48.0,41.4,17.4
2026-04-17 06:40:23,0.0,86.0,109.5,6.49,49.6,35.0,17.4
2026-04-17 06:40:23,0.0,86.4,99.0,7.52,48.5,43.6,17.5
2026-04-17 06:40:24,0.0,97.0,110.1,6.95,48.5,40.4,17.5
2026-04-17 06:40:24,0.0,100.9,123.8,5.86,49.0,35.7,17.5
2026-04-17 06:40:24,0.0,89.1,112.5,6.46,48.0,37.1,17.5
2026-04-17 06:40:24,0.0,85.2,108.1,6.16,49.6,34.4,17.6
2026-04-17 06:40:24,0.0,86.2,101.1,7.43,49.6,37.3,17.6
2026-04-17 06:40:24,0.0,93.9,106.6,7.1,49.0,36.5,17.7
2026-04-17 06:40:25,0.0,96.6,119.7,5.91,48.5,39.1,17.7
2026-04-17 06:40:25,0.0,118.9,141.9,5.3,48.0,31.5,17.7
2026-04-17 06:40:25,0.0,101.4,114.9,6.71,49.0,35.2,17.8
2026-04-17 06:40:25,0.0,87.0,110.2,6.56,48.0,33.9,17.8
2026-04-17 06:40:25,0.0,98.4,110.4,6.91,49.0,39.3,17.8
2026-04-17 06:40:25,0.0,85.9,109.5,6.47,48.5,34.4,17.8
2026-04-17 06:40:26,0.0,95.1,108.2,7.05,49.0,42.1,17.8
2026-04-17 06:40:26,0.0,86.8,110.0,6.31,49.6,34.4,17.8
2026-04-17 06:40:26,0.0,83.1,95.8,7.72,48.5,40.4,17.8
2026-04-17 06:40:26,0.0,90.9,107.2,7.1,48.5,41.4,17.8
2026-04-17 06:40:26,0.0,97.1,120.2,5.78,48.5,35.3,17.9
2026-04-17 06:40:26,0.0,90.4,113.6,6.25,48.5,34.4,17.9
2026-04-17 06:40:26,0.0,87.5,108.5,6.1,48.0,36.4,17.9
2026-04-17 06:40:27,0.0,89.0,102.6,7.34,48.0,37.7,17.9
2026-04-17 06:40:27,0.0,85.2,109.4,6.15,48.5,37.5,18.0
2026-04-17 06:40:27,0.0,83.6,96.3,7.68,48.5,40.4,17.9
2026-04-17 06:40:27,0.0,98.4,114.5,6.76,49.6,38.6,17.9
2026-04-17 06:40:27,0.0,93.1,116.9,6.17,49.6,36.4,17.9
2026-04-17 06:40:27,0.0,97.7,120.9,5.86,49.0,34.8,17.9
2026-04-17 06:40:27,0.0,86.5,109.7,6.44,50.1,34.4,17.9
2026-04-17 06:40:28,0.0,86.4,99.5,7.51,50.1,43.6,17.8
2026-04-17 06:40:28,0.0,91.2,103.7,7.25,49.0,45.5,17.8
2026-04-17 06:40:28,0.0,87.6,111.9,6.05,48.0,32.8,17.7
2026-04-17 06:40:28,0.0,90.4,113.2,5.98,48.5,37.7,17.7
2026-04-17 06:40:28,0.0,88.0,110.9,6.09,48.5,36.4,17.6
2026-04-17 06:40:28,0.0,85.9,111.1,6.0,49.0,33.3,17.6
2026-04-17 06:40:29,0.0,85.8,109.1,6.08,48.0,33.8,17.6
2026-04-17 06:40:29,0.0,89.8,103.4,7.3,48.5,37.3,17.6
2026-04-17 06:40:29,0.0,86.3,109.2,6.13,48.5,32.8,17.6
2026-04-17 06:40:29,0.0,90.5,103.5,7.28,49.6,40.4,17.6
2026-04-17 06:40:29,0.0,88.6,110.1,6.06,48.5,36.8,17.5
2026-04-17 06:40:29,0.0,90.5,113.4,5.94,49.0,33.3,17.5
2026-04-17 06:40:30,0.0,276.5,289.4,2.78,48.5,81.6,17.5
2026-04-17 06:40:30,0.0,133.5,152.0,5.39,49.6,53.4,17.5
2026-04-17 06:40:30,0.0,88.1,110.7,6.57,48.5,32.8,17.5
2026-04-17 06:40:30,0.0,87.2,109.6,6.03,49.6,31.3,17.5
2026-04-17 06:40:30,0.0,93.5,106.1,7.14,48.5,41.1,17.5
2026-04-17 06:40:31,0.0,88.3,111.5,6.21,49.6,34.4,17.5
2026-04-17 06:40:31,0.0,87.5,111.9,5.99,49.6,30.8,17.5
2026-04-17 06:40:31,0.0,86.1,109.3,6.1,49.6,31.7,17.6
2026-04-17 06:40:31,0.0,82.9,95.1,7.7,49.6,39.2,17.6
2026-04-17 06:40:31,0.0,95.0,110.6,6.88,50.7,40.7,17.6
2026-04-17 06:40:31,0.0,90.6,113.6,6.16,50.1,36.9,17.6
2026-04-17 06:40:31,0.0,86.9,109.9,6.13,50.1,34.4,17.6
2026-04-17 06:40:32,0.0,86.8,99.2,7.52,49.0,41.5,17.6
2026-04-17 06:40:32,0.0,88.9,102.3,7.34,50.1,48.2,17.6
2026-04-17 06:40:32,0.0,100.0,121.5,5.65,49.6,41.6,17.6
2026-04-17 06:40:32,0.0,85.4,108.1,6.58,50.1,33.3,17.6
2026-04-17 06:40:32,0.0,86.8,102.0,7.39,49.6,42.6,17.6
2026-04-17 06:40:32,0.0,88.0,99.8,7.48,49.0,42.6,17.6
2026-04-17 06:40:32,0.0,86.3,97.1,7.59,49.0,38.8,17.6
2026-04-17 06:40:33,0.0,95.7,109.0,7.01,49.0,40.4,17.6
2026-04-17 06:40:33,0.0,97.1,120.3,5.95,49.6,38.5,17.6
2026-04-17 06:40:33,0.0,114.7,137.7,5.44,49.6,34.7,17.6
2026-04-17 06:40:33,0.0,84.3,104.3,7.26,49.0,32.7,17.6
2026-04-17 06:40:33,0.0,107.0,120.9,6.45,49.0,42.9,17.6
2026-04-17 06:40:33,0.0,103.5,126.1,6.15,48.5,37.1,17.6
2026-04-17 06:40:34,0.0,86.5,109.6,6.68,49.0,39.1,17.6
2026-04-17 06:40:34,0.0,83.2,102.6,6.13,48.5,34.8,17.6
2026-04-17 06:40:34,0.0,86.3,102.4,7.33,50.1,42.9,17.6
2026-04-17 06:40:34,0.0,95.4,109.7,6.97,49.6,44.1,17.6
2026-04-17 06:40:34,0.0,104.0,127.1,5.74,49.0,34.3,17.6
2026-04-17 06:40:34,0.0,86.2,109.2,6.72,49.6,36.7,17.6
2026-04-17 06:40:34,0.0,93.8,107.3,7.09,49.6,38.9,17.6
2026-04-17 06:40:35,0.0,86.9,110.2,6.18,49.0,31.7,17.6
2026-04-17 06:40:35,0.0,90.9,102.9,7.3,49.6,40.7,17.6
2026-04-17 06:40:35,0.0,88.8,111.8,6.16,49.0,38.8,17.6
2026-04-17 06:40:35,0.0,85.2,108.3,6.13,50.1,34.8,17.6
2026-04-17 06:40:35,0.0,83.6,98.3,7.6,50.1,38.5,17.6
2026-04-17 06:40:35,0.0,94.6,110.3,6.92,49.6,41.4,17.6
2026-04-17 06:40:36,0.0,95.2,118.3,5.99,49.6,38.6,17.6
2026-04-17 06:40:36,0.0,90.3,113.6,6.17,50.1,30.0,17.6
2026-04-17 06:40:36,0.0,111.0,134.3,5.35,49.6,33.3,17.6
2026-04-17 06:40:36,0.0,85.0,107.3,7.1,50.1,37.5,17.6
2026-04-17 06:40:36,0.0,85.7,100.3,7.47,49.6,41.8,17.5
2026-04-17 06:40:36,0.0,94.1,106.2,7.06,50.7,39.6,17.5
2026-04-17 06:40:36,0.0,90.0,113.2,6.16,49.6,35.4,17.6
2026-04-17 06:40:37,0.0,85.4,108.4,6.17,50.1,34.4,17.6
2026-04-17 06:40:37,0.0,85.2,97.4,7.48,50.1,43.4,17.6
2026-04-17 06:40:37,0.0,102.1,115.9,6.69,50.1,40.7,17.6
2026-04-17 06:40:37,0.0,118.7,141.8,5.45,49.6,38.4,17.6
2026-04-17 06:40:37,0.0,88.4,102.5,7.34,49.0,37.7,17.6
2026-04-17 06:40:37,0.0,86.5,109.7,6.07,49.6,34.8,17.6
2026-04-17 06:40:38,0.0,96.7,109.7,6.98,50.1,38.9,17.5
2026-04-17 06:40:38,0.0,90.0,113.0,6.25,50.1,34.9,17.5
2026-04-17 06:40:38,0.0,86.5,109.6,6.12,49.6,34.8,17.5
2026-04-17 06:40:38,0.0,93.6,106.1,7.15,49.0,42.9,17.5
2026-04-17 06:40:38,0.0,92.1,115.1,6.05,49.0,33.3,17.4
2026-04-17 06:40:38,0.0,86.3,108.5,6.22,48.5,38.5,17.5
2026-04-17 06:40:38,0.0,87.7,101.1,7.37,49.0,43.4,17.5
2026-04-17 06:40:39,0.0,89.5,113.7,5.93,49.6,35.8,17.5
2026-04-17 06:40:39,0.0,95.4,118.4,5.84,50.1,32.3,17.5
2026-04-17 06:40:39,0.0,106.1,129.2,5.64,49.0,34.8,17.5
2026-04-17 06:40:39,0.0,85.6,108.5,6.84,50.7,35.7,17.5
2026-04-17 06:40:39,0.0,86.3,98.8,7.45,50.1,39.6,17.5
2026-04-17 06:40:39,0.0,88.0,98.6,7.42,49.6,41.5,17.6
2026-04-17 06:40:40,0.0,110.0,121.8,6.44,48.5,43.3,17.6
2026-04-17 06:40:40,0.0,85.6,109.3,6.99,50.1,37.9,17.6
2026-04-17 06:40:40,0.0,89.3,103.1,7.33,50.1,42.6,17.7
2026-04-17 06:40:40,0.0,99.0,121.9,5.68,48.5,35.2,17.7
2026-04-17 06:40:40,0.0,103.6,126.5,5.85,50.1,32.8,17.7
2026-04-17 06:40:40,0.0,92.9,115.9,6.41,49.6,33.9,17.8
2026-04-17 06:40:40,0.0,85.5,108.5,6.28,50.7,35.9,17.8
2026-04-17 06:40:41,0.0,84.3,98.7,7.56,50.1,40.4,17.7
2026-04-17 06:40:41,0.0,100.9,115.9,6.69,50.7,38.6,17.7
2026-04-17 06:40:41,0.0,100.8,123.8,6.0,50.1,38.2,17.7
2026-04-17 06:40:41,0.0,85.6,108.7,6.61,50.1,36.5,17.7
2026-04-17 06:40:41,0.0,110.8,126.9,6.24,50.1,41.3,17.7
2026-04-17 06:40:41,0.0,97.7,116.6,6.6,49.0,41.9,17.7
2026-04-17 06:40:42,0.0,86.0,109.2,6.45,49.6,36.5,17.7
2026-04-17 06:40:42,0.0,103.0,116.8,6.64,50.7,45.2,17.6
2026-04-17 06:40:42,0.0,101.8,125.0,6.06,49.6,35.4,17.6
2026-04-17 06:40:42,0.0,87.7,110.7,6.56,49.6,36.1,17.7
2026-04-17 06:40:42,0.0,104.3,116.4,6.67,50.1,40.7,17.7
2026-04-17 06:40:42,0.0,85.4,108.4,6.77,49.6,40.3,17.7
2026-04-17 06:40:42,0.0,86.5,100.8,7.44,50.1,40.4,17.7
2026-04-17 06:40:43,0.0,83.7,95.8,7.66,50.1,44.4,17.8
2026-04-17 06:40:43,0.0,85.1,101.3,7.42,50.1,43.6,17.8
2026-04-17 06:40:43,0.0,89.3,104.0,7.27,50.7,40.7,17.8
2026-04-17 06:40:43,0.0,94.0,113.1,5.85,50.1,37.1,17.8
2026-04-17 06:40:43,0.0,88.9,112.0,6.19,49.0,34.9,17.7
2026-04-17 06:40:43,0.0,85.6,108.1,6.13,49.6,35.8,17.8
2026-04-17 06:40:43,0.0,84.8,99.2,7.54,49.0,42.6,17.8
2026-04-17 06:40:44,0.0,91.9,106.8,7.13,50.1,40.7,17.8
2026-04-17 06:40:44,0.0,101.2,124.3,5.68,50.1,31.3,17.8
2026-04-17 06:40:44,0.0,92.3,115.4,6.35,50.1,37.5,17.8
2026-04-17 06:40:44,0.0,86.1,106.8,6.23,50.7,35.9,17.8
2026-04-17 06:40:44,0.0,85.9,99.4,7.5,50.1,42.9,17.7
2026-04-17 06:40:44,0.0,94.2,106.9,7.07,50.1,35.8,17.7
2026-04-17 06:40:45,0.0,91.2,114.1,6.11,49.0,32.8,17.7
2026-04-17 06:40:45,0.0,121.2,144.1,5.08,50.1,39.5,17.7
2026-04-17 06:40:45,0.0,82.8,93.8,7.81,49.6,41.2,17.7
2026-04-17 06:40:45,0.0,90.3,107.2,7.11,50.7,38.9,17.7
2026-04-17 06:40:45,0.0,93.2,116.2,5.9,50.7,33.3,17.7
2026-04-17 06:40:45,0.0,82.8,106.1,6.39,49.6,32.8,17.7
2026-04-17 06:40:45,0.0,90.3,106.8,7.12,49.6,40.7,17.7
2026-04-17 06:40:46,0.0,83.7,106.9,6.24,49.6,33.3,17.7
2026-04-17 06:40:46,0.0,83.7,99.7,7.51,50.7,37.3,17.7
2026-04-17 06:40:46,0.0,86.7,103.0,7.32,50.7,44.8,17.7
2026-04-17 06:40:46,0.0,101.4,114.2,6.76,50.7,40.0,17.7
2026-04-17 06:40:46,0.0,89.8,112.9,6.44,50.7,33.9,17.6
2026-04-17 06:40:46,0.0,83.4,106.8,6.21,50.1,29.0,17.6
2026-04-17 06:40:47,0.0,83.4,98.5,7.56,50.1,43.4,17.6
2026-04-17 06:40:47,0.0,113.7,130.2,6.11,50.1,47.0,17.7
2026-04-17 06:40:47,0.0,83.5,102.7,7.35,50.1,36.5,17.7
2026-04-17 06:40:47,0.0,82.4,98.1,7.56,50.7,43.6,17.7
2026-04-17 06:40:47,0.0,108.0,126.7,6.25,51.2,39.7,17.7
2026-04-17 06:40:47,0.0,91.2,114.4,6.73,50.7,37.9,17.7
2026-04-17 06:40:47,0.0,87.8,110.8,6.14,50.1,34.8,17.7
2026-04-17 06:40:48,0.0,83.7,95.7,7.58,51.2,39.2,17.7
2026-04-17 06:40:48,0.0,101.5,113.5,6.69,51.2,43.5,17.7
2026-04-17 06:40:48,0.0,91.3,113.4,6.43,50.7,36.5,17.7
2026-04-17 06:40:48,0.0,85.5,108.4,6.22,49.6,38.2,17.7
2026-04-17 06:40:48,0.0,86.1,100.3,7.47,49.6,37.3,17.6
2026-04-17 06:40:48,0.0,96.7,109.9,6.96,51.2,45.0,17.6
2026-04-17 06:40:48,0.0,95.2,118.4,6.05,50.7,33.3,17.6
2026-04-17 06:40:49,0.0,92.3,116.4,6.07,50.1,32.8,17.6
2026-04-17 06:40:49,0.0,89.5,112.4,6.15,50.7,37.3,17.6
2026-04-17 06:40:49,0.0,85.5,108.4,6.15,50.7,31.7,17.6
2026-04-17 06:40:49,0.0,84.0,98.4,7.58,49.6,39.6,17.6
2026-04-17 06:40:49,0.0,97.9,112.0,6.81,50.7,38.6,17.6
2026-04-17 06:40:49,0.0,97.3,120.4,6.02,51.8,33.3,17.6
2026-04-17 06:40:50,0.0,89.7,112.8,6.28,51.2,32.8,17.6
2026-04-17 06:40:50,0.0,93.4,116.4,5.87,50.7,36.8,17.7
2026-04-17 06:40:50,0.0,109.0,132.0,5.5,50.7,38.2,17.7
2026-04-17 06:40:50,0.0,86.3,109.4,6.94,50.1,28.8,17.6
2026-04-17 06:40:50,0.0,82.7,105.6,6.14,49.6,34.4,17.6
2026-04-17 06:40:50,0.0,83.8,99.5,7.44,50.7,35.3,17.6
2026-04-17 06:40:50,0.0,91.2,106.8,7.12,49.6,38.9,17.7
2026-04-17 06:40:51,0.0,105.9,129.0,5.51,50.1,32.4,17.7
2026-04-17 06:40:51,0.0,86.5,109.5,6.8,50.1,30.9,17.7
2026-04-17 06:40:51,0.0,102.5,115.5,6.69,50.7,41.9,17.7
2026-04-17 06:40:51,0.0,93.9,116.9,6.32,50.1,42.6,17.8
2026-04-17 06:40:51,0.0,90.2,112.8,6.15,50.7,28.8,17.8
2026-04-17 06:40:51,0.0,92.5,115.5,5.92,50.1,35.3,17.8
2026-04-17 06:40:52,0.0,83.5,106.4,6.35,49.6,31.7,17.7
2026-04-17 06:40:52,0.0,90.7,103.6,7.11,50.1,46.3,17.8
2026-04-17 06:40:52,0.0,83.9,107.1,6.26,50.1,39.1,17.7
2026-04-17 06:40:52,0.0,91.7,107.2,7.1,50.7,40.4,17.7
2026-04-17 06:40:52,0.0,87.6,110.4,6.16,50.7,33.8,17.6
2026-04-17 06:40:52,0.0,97.2,108.5,6.97,50.1,42.1,17.7
2026-04-17 06:40:53,0.0,112.1,135.2,5.52,51.2,37.0,17.7
2026-04-17 06:40:53,0.0,96.4,115.8,6.6,50.7,42.2,17.6
2026-04-17 06:40:53,0.0,91.6,115.9,6.12,51.2,32.8,17.6
2026-04-17 06:40:53,0.0,90.5,113.6,6.13,50.7,36.8,17.6
2026-04-17 06:40:53,0.0,87.2,110.0,6.13,50.1,33.3,17.6
2026-04-17 06:40:53,0.0,88.9,100.8,7.4,50.7,39.6,17.6
2026-04-17 06:40:53,0.0,96.3,119.9,5.73,50.7,33.8,17.6
2026-04-17 06:40:54,0.0,90.4,113.4,6.25,50.1,37.9,17.5
2026-04-17 06:40:54,0.0,86.3,109.4,6.15,50.7,34.8,17.5
2026-04-17 06:40:54,0.0,89.0,101.7,7.35,51.8,39.6,17.5
2026-04-17 06:40:54,0.0,86.9,110.0,6.01,50.1,32.3,17.5
2026-04-17 06:40:54,0.0,86.5,109.6,6.09,51.2,33.8,17.5
2026-04-17 06:40:54,0.0,97.1,110.1,6.96,49.6,35.8,17.5
2026-04-17 06:40:55,0.0,86.8,113.0,6.27,50.7,35.9,17.5
2026-04-17 06:40:55,0.0,86.6,96.2,7.69,50.1,41.2,17.5
2026-04-17 06:40:55,0.0,116.6,129.7,6.12,51.8,43.1,17.5
2026-04-17 06:40:55,0.0,102.4,118.8,6.56,50.1,37.9,17.5
2026-04-17 06:40:55,0.0,113.2,136.2,5.64,50.1,34.8,17.5
2026-04-17 06:40:55,0.0,87.3,107.5,7.08,50.7,39.3,17.5
2026-04-17 06:40:55,0.0,90.8,102.8,7.33,50.7,39.6,17.5
2026-04-17 06:40:56,0.0,86.2,109.2,6.17,51.2,34.4,17.5
2026-04-17 06:40:56,0.0,88.9,102.2,7.36,50.1,45.6,17.5
2026-04-17 06:40:56,0.0,86.4,109.9,6.07,50.7,33.3,17.5
2026-04-17 06:40:56,0.0,89.3,101.7,7.38,50.7,44.6,17.6
2026-04-17 06:40:56,0.0,88.8,112.2,6.0,51.2,36.2,17.5
2026-04-17 06:40:56,0.0,85.7,107.6,6.13,51.2,32.3,17.5
2026-04-17 06:40:57,0.0,107.5,119.4,6.45,50.1,44.4,17.6
2026-04-17 06:40:57,0.0,110.5,133.7,5.89,50.1,41.2,17.6
2026-04-17 06:40:57,0.0,93.6,114.8,6.69,50.7,35.6,17.6
2026-04-17 06:40:57,0.0,95.0,117.9,5.95,50.7,33.8,17.7
2026-04-17 06:40:57,0.0,90.8,114.0,6.15,51.8,32.3,17.7
2026-04-17 06:40:57,0.0,84.3,107.4,6.25,50.7,33.3,17.7
2026-04-17 06:40:58,0.0,91.0,106.3,7.15,52.4,44.8,17.7
2026-04-17 06:40:58,0.0,93.3,116.5,5.92,50.7,32.3,17.8
2026-04-17 06:40:58,0.0,85.9,109.0,6.29,50.7,35.5,17.8
2026-04-17 06:40:58,0.0,86.8,100.7,7.45,50.1,41.8,17.8
2026-04-17 06:40:58,0.0,84.1,96.6,7.66,51.8,38.8,17.8
2026-04-17 06:40:58,0.0,85.3,102.5,7.35,51.2,41.8,17.8
2026-04-17 06:40:58,0.0,82.1,94.7,7.78,52.4,40.4,17.8
2026-04-17 06:40:59,0.0,95.6,111.6,6.81,50.7,44.1,17.8
2026-04-17 06:40:59,0.0,91.6,114.8,6.15,50.7,38.2,17.8
2026-04-17 06:40:59,0.0,86.6,109.7,6.19,51.8,33.3,17.8
2026-04-17 06:40:59,0.0,84.2,97.3,7.64,50.7,40.4,17.8
2026-04-17 06:40:59,0.0,113.8,129.3,6.15,51.2,35.0,17.7
2026-04-17 06:40:59,0.0,98.7,118.2,6.6,50.7,41.3,17.7
2026-04-17 06:40:59,0.0,95.5,118.5,6.12,51.2,34.4,17.8
2026-04-17 06:41:00,0.0,85.9,108.7,6.37,50.7,35.5,17.8
2026-04-17 06:41:00,0.0,84.6,101.5,7.41,51.2,39.6,17.8
2026-04-17 06:41:00,0.0,88.9,100.8,7.43,51.2,38.5,17.8
2026-04-17 06:41:00,0.0,107.7,130.6,5.39,49.6,40.0,17.8
2026-04-17 06:41:00,0.0,101.9,124.9,6.21,49.6,40.9,17.8
2026-04-17 06:41:00,0.0,83.7,106.2,6.76,50.1,36.2,17.8
2026-04-17 06:41:01,0.0,85.5,101.6,7.4,50.7,43.9,17.9
2026-04-17 06:41:01,0.0,81.8,91.4,7.72,50.7,39.2,17.9
2026-04-17 06:41:01,0.0,89.4,105.4,7.1,50.7,41.8,17.9
2026-04-17 06:41:01,0.0,86.3,109.2,6.12,52.9,31.7,17.9
2026-04-17 06:41:01,0.0,84.4,97.8,7.61,51.2,37.3,17.8
2026-04-17 06:41:01,0.0,85.6,101.0,7.43,51.2,42.3,17.8
2026-04-17 06:41:01,0.0,88.3,102.0,7.36,51.8,39.6,17.8
2026-04-17 06:41:02,0.0,95.6,117.7,5.74,50.7,37.5,17.8
2026-04-17 06:41:02,0.0,112.4,135.5,5.45,51.2,38.0,17.8
2026-04-17 06:41:02,0.0,86.9,107.2,7.1,51.2,37.5,17.8
2026-04-17 06:41:02,0.0,90.2,102.7,7.31,51.8,41.1,17.8
2026-04-17 06:41:02,0.0,86.7,109.8,6.13,51.2,35.4,17.8
2026-04-17 06:41:02,0.0,94.9,107.7,7.07,51.8,40.4,17.8
2026-04-17 06:41:02,0.0,98.6,121.6,5.87,51.8,34.3,17.8
2026-04-17 06:41:03,0.0,97.7,121.0,6.03,51.2,35.5,17.8
2026-04-17 06:41:03,0.0,91.0,113.3,6.26,51.2,33.3,17.8
2026-04-17 06:41:03,0.0,87.9,109.7,6.11,50.1,33.3,17.8
2026-04-17 06:41:03,0.0,101.3,124.6,5.54,51.8,35.6,17.7
2026-04-17 06:41:03,0.0,106.9,129.9,5.83,51.2,35.8,17.7
2026-04-17 06:41:03,0.0,97.5,120.4,6.36,50.7,36.1,17.8
2026-04-17 06:41:04,0.0,100.7,123.9,5.88,51.2,33.8,17.8
2026-04-17 06:41:04,0.0,96.0,119.9,6.15,51.2,34.9,17.8
2026-04-17 06:41:04,0.0,91.3,114.3,6.2,51.2,38.8,17.9
2026-04-17 06:41:04,0.0,97.3,120.3,5.79,51.2,32.4,17.9
2026-04-17 06:41:04,0.0,83.9,109.6,6.41,51.2,35.5,17.8
2026-04-17 06:41:04,0.0,96.0,109.0,7.01,50.1,41.4,17.8
2026-04-17 06:41:05,0.0,86.9,110.1,6.35,51.2,38.5,17.8
2026-04-17 06:41:05,0.0,88.8,103.4,7.28,51.2,41.1,17.8
2026-04-17 06:41:05,0.0,88.8,111.8,6.08,51.2,34.8,17.8
2026-04-17 06:41:05,0.0,96.5,119.2,5.74,51.2,33.3,17.8
2026-04-17 06:41:05,0.0,115.8,138.9,5.37,50.1,35.6,17.8
2026-04-17 06:41:05,0.0,84.3,100.8,7.42,51.8,39.6,17.7
2026-04-17 06:41:06,0.0,101.7,117.1,6.63,52.4,39.0,17.7
2026-04-17 06:41:06,0.0,102.9,126.2,5.95,51.8,37.3,17.7
2026-04-17 06:41:06,0.0,86.7,109.7,6.66,50.7,35.6,17.6
2026-04-17 06:41:06,0.0,91.9,108.6,7.02,50.7,41.4,17.6
2026-04-17 06:41:06,0.0,89.6,112.7,6.24,51.2,36.4,17.6
2026-04-17 06:41:06,0.0,90.7,112.5,5.96,51.8,35.8,17.6
2026-04-17 06:41:06,0.0,99.4,122.3,5.71,51.2,31.3,17.6
2026-04-17 06:41:07,0.0,95.1,118.5,6.15,51.2,40.0,17.6
2026-04-17 06:41:07,0.0,85.7,108.9,6.37,51.8,36.1,17.7
2026-04-17 06:41:07,0.0,83.7,97.5,7.63,50.7,39.2,17.7
2026-04-17 06:41:07,0.0,89.4,104.1,7.2,52.4,37.7,17.7
2026-04-17 06:41:07,0.0,97.5,120.5,5.72,51.8,33.8,17.7
2026-04-17 06:41:07,0.0,88.0,110.8,6.37,50.7,35.5,17.7
2026-04-17 06:41:08,0.0,114.7,126.7,6.24,52.9,41.9,17.8
2026-04-17 06:41:08,0.0,104.6,123.1,6.39,51.8,41.9,17.8
2026-04-17 06:41:08,0.0,86.9,116.1,6.43,50.7,32.2,17.8
2026-04-17 06:41:08,0.0,87.1,110.0,6.25,51.8,35.9,17.8
2026-04-17 06:41:08,0.0,88.5,100.6,7.43,51.8,43.6,17.7
2026-04-17 06:41:08,0.0,94.9,118.3,5.77,51.2,31.3,17.8
2026-04-17 06:41:09,0.0,84.5,107.6,6.42,50.7,33.9,17.8
2026-04-17 06:41:09,0.0,85.7,100.6,7.42,51.2,40.0,17.7
2026-04-17 06:41:09,0.0,111.8,123.4,6.28,51.2,36.1,17.8
2026-04-17 06:41:09,0.0,91.9,113.1,6.83,50.7,38.6,17.8
2026-04-17 06:41:09,0.0,87.9,110.8,6.14,51.2,34.8,17.7
2026-04-17 06:41:09,0.0,88.5,101.6,7.39,51.8,39.6,17.7
2026-04-17 06:41:09,0.0,88.7,111.9,6.05,50.1,33.3,17.8
2026-04-17 06:41:10,0.0,101.3,124.3,5.59,51.2,30.9,17.7
2026-04-17 06:41:10,0.0,88.9,110.7,6.48,50.7,35.0,17.8
2026-04-17 06:41:10,0.0,87.5,109.7,6.05,51.8,32.3,17.7
2026-04-17 06:41:10,0.0,84.3,96.1,7.68,52.4,43.4,17.7
2026-04-17 06:41:10,0.0,105.4,120.6,6.49,52.4,39.3,17.7
2026-04-17 06:41:10,0.0,110.8,134.0,5.76,50.1,37.3,17.7
2026-04-17 06:41:11,0.0,96.4,117.1,6.63,50.7,37.3,17.7
2026-04-17 06:41:11,0.0,86.5,109.4,6.38,51.2,35.5,17.7
2026-04-17 06:41:11,0.0,109.6,122.1,6.4,51.8,42.4,17.7
2026-04-17 06:41:11,0.0,88.5,113.0,6.8,50.7,37.9,17.7
2026-04-17 06:41:11,0.0,89.7,112.6,6.02,51.8,35.3,17.7
2026-04-17 06:41:11,0.0,84.9,107.8,6.18,52.4,32.8,17.7
2026-04-17 06:41:11,0.0,84.9,97.7,7.49,51.8,40.4,17.7
2026-04-17 06:41:12,0.0,104.2,120.2,6.51,51.8,38.7,17.7
2026-04-17 06:41:12,0.0,103.9,127.0,6.05,52.4,37.1,17.7
2026-04-17 06:41:12,0.0,91.7,114.6,6.49,51.8,39.7,17.7
2026-04-17 06:41:12,0.0,93.0,115.9,5.95,52.4,32.3,17.7
2026-04-17 06:41:12,0.0,84.4,107.3,6.33,51.8,33.3,17.7
2026-04-17 06:41:12,0.0,81.7,97.3,7.65,52.9,38.0,17.7
2026-04-17 06:41:13,0.0,96.5,113.8,6.75,52.9,37.9,17.7
2026-04-17 06:41:13,0.0,96.3,120.5,5.97,52.4,36.4,17.7
2026-04-17 06:41:13,0.0,85.1,108.7,6.46,51.2,37.1,17.7
2026-04-17 06:41:13,0.0,85.2,99.2,7.54,51.8,39.2,17.7
2026-04-17 06:41:13,0.0,92.2,103.2,7.11,51.8,38.2,17.7
2026-04-17 06:41:13,0.0,89.5,112.6,6.11,51.2,35.9,17.7
2026-04-17 06:41:13,0.0,97.9,121.8,5.69,51.8,32.9,17.8
2026-04-17 06:41:14,0.0,97.9,121.0,6.04,52.4,35.9,17.8
2026-04-17 06:41:14,0.0,84.9,108.1,6.5,52.9,36.1,17.9
2026-04-17 06:41:14,0.0,83.1,98.2,7.59,50.7,36.0,17.9
2026-04-17 06:41:14,0.0,88.0,104.8,7.22,51.2,42.9,17.9
2026-04-17 06:41:14,0.0,89.7,112.8,5.97,51.8,31.3,17.8
2026-04-17 06:41:14,0.0,84.5,95.0,7.77,51.8,42.6,17.8
2026-04-17 06:41:14,0.0,94.4,108.8,7.02,51.2,38.2,17.9
2026-04-17 06:41:15,0.0,94.9,118.0,5.98,54.0,31.1,17.8
2026-04-17 06:41:15,0.0,84.3,107.4,6.41,52.4,37.5,17.8
2026-04-17 06:41:15,0.0,91.4,107.0,7.13,50.7,38.9,17.8
2026-04-17 06:41:15,0.0,100.3,122.3,5.69,52.4,36.1,17.9
2026-04-17 06:41:15,0.0,113.6,136.6,5.57,52.4,39.7,17.9
2026-04-17 06:41:15,0.0,97.6,118.1,6.58,51.8,40.3,17.8
2026-04-17 06:41:16,0.0,91.6,112.5,6.27,52.4,36.5,17.8
2026-04-17 06:41:16,0.0,85.7,108.7,6.23,52.4,34.4,17.8
2026-04-17 06:41:16,0.0,87.2,101.8,7.39,51.2,41.5,17.7
2026-04-17 06:41:16,0.0,89.0,112.1,5.96,52.4,34.3,17.7
2026-04-17 06:41:16,0.0,95.4,118.4,5.79,51.8,33.8,17.7
2026-04-17 06:41:16,0.0,87.9,110.8,6.28,51.8,34.9,17.7
2026-04-17 06:41:17,0.0,96.7,108.6,7.04,51.2,40.0,17.6
2026-04-17 06:41:17,0.0,114.2,137.3,5.43,50.7,38.4,17.7
2026-04-17 06:41:17,0.0,89.2,106.0,7.07,51.8,39.3,17.7
2026-04-17 06:41:17,0.0,86.7,110.1,6.02,51.2,38.0,17.7
2026-04-17 06:41:17,0.0,104.5,127.5,5.49,52.9,35.2,17.7
2026-04-17 06:41:17,0.0,94.5,117.5,6.39,51.2,31.7,17.8
2026-04-17 06:41:18,0.0,86.2,109.7,6.29,51.8,34.4,17.8
2026-04-17 06:41:18,0.0,126.5,139.4,5.77,52.4,41.4,17.8
2026-04-17 06:41:18,0.0,302.9,327.3,2.65,53.5,75.2,17.6
2026-04-17 06:41:18,0.0,90.3,111.8,6.53,52.9,45.8,17.6
2026-04-17 06:41:18,0.0,86.8,109.6,6.15,51.8,32.8,17.6
2026-04-17 06:41:19,0.0,85.4,98.3,7.59,52.4,38.0,17.6
2026-04-17 06:41:19,0.0,88.9,103.3,7.31,52.9,41.5,17.5
2026-04-17 06:41:19,0.0,104.3,127.5,5.5,52.9,35.6,17.5
2026-04-17 06:41:19,0.0,89.5,112.6,6.59,52.4,38.7,17.5
2026-04-17 06:41:19,0.0,85.8,108.5,6.14,53.5,30.6,17.5
2026-04-17 06:41:19,0.0,88.7,102.4,7.35,51.8,45.6,17.5
2026-04-17 06:41:19,0.0,87.0,110.2,6.06,52.4,30.2,17.5
2026-04-17 06:41:20,0.0,87.9,100.0,7.46,53.5,42.6,17.5
2026-04-17 06:41:20,0.0,86.1,97.8,7.6,51.2,41.5,17.5
2026-04-17 06:41:20,0.0,94.5,107.5,7.04,52.9,37.3,17.5
2026-04-17 06:41:20,0.0,101.6,124.6,5.77,51.8,37.5,17.5
2026-04-17 06:41:20,0.0,83.3,106.3,6.75,52.9,33.3,17.5
2026-04-17 06:41:20,0.0,101.7,118.8,6.57,51.8,40.0,17.5
2026-04-17 06:41:21,0.0,96.3,120.1,6.19,52.9,38.5,17.6
2026-04-17 06:41:21,0.0,123.5,146.6,5.17,51.2,41.0,17.6
2026-04-17 06:41:21,0.0,98.1,120.9,5.74,51.8,30.3,17.5
2026-04-17 06:41:21,0.0,88.9,112.0,6.35,52.4,38.5,17.5
2026-04-17 06:41:21,0.0,92.1,116.1,5.85,52.9,35.7,17.5
2026-04-17 06:41:21,0.0,87.1,110.2,6.23,53.5,33.3,17.5
2026-04-17 06:41:22,0.0,86.5,98.3,7.53,51.2,39.6,17.5
2026-04-17 06:41:22,0.0,94.4,107.1,7.09,52.9,43.6,17.5
2026-04-17 06:41:22,0.0,88.5,111.6,6.22,51.8,33.3,17.5
2026-04-17 06:41:22,0.0,85.9,108.9,6.08,52.9,35.8,17.5
2026-04-17 06:41:22,0.0,96.8,109.9,6.95,52.4,40.4,17.5
2026-04-17 06:41:22,0.0,95.2,118.1,6.07,51.8,35.8,17.5
2026-04-17 06:41:22,0.0,89.0,111.2,6.23,52.4,32.3,17.5
2026-04-17 06:41:23,0.0,84.5,107.4,6.18,52.4,33.8,17.5
2026-04-17 06:41:23,0.0,90.6,108.2,7.04,52.9,38.9,17.5
2026-04-17 06:41:23,0.0,100.2,123.2,5.76,52.4,31.8,17.5
2026-04-17 06:41:23,0.0,84.9,108.1,6.61,51.8,36.7,17.5
2026-04-17 06:41:23,0.0,87.0,101.8,7.4,52.9,38.5,17.5
2026-04-17 06:41:23,0.0,83.5,105.4,6.12,52.9,34.8,17.6
2026-04-17 06:41:24,0.0,88.6,103.9,7.24,52.4,40.0,17.6
2026-04-17 06:41:24,0.0,90.3,113.8,5.92,52.9,34.8,17.6
2026-04-17 06:41:24,0.0,108.4,131.4,5.43,53.5,34.7,17.6
2026-04-17 06:41:24,0.0,109.7,132.1,5.95,52.9,36.4,17.6
2026-04-17 06:41:24,0.0,91.2,114.3,6.76,53.5,38.7,17.6
2026-04-17 06:41:24,0.0,93.3,114.5,5.89,52.4,34.3,17.6
2026-04-17 06:41:25,0.0,84.8,108.2,6.35,51.8,31.7,17.6
2026-04-17 06:41:25,0.0,100.4,115.1,6.74,52.9,39.0,17.6
2026-04-17 06:41:25,0.0,112.1,133.2,5.61,52.9,35.2,17.7
2026-04-17 06:41:25,0.0,90.6,113.4,6.81,51.8,45.0,17.7
2026-04-17 06:41:25,0.0,93.0,116.3,5.97,51.8,33.8,17.6
2026-04-17 06:41:25,0.0,88.5,111.5,6.18,51.8,35.4,17.6
2026-04-17 06:41:25,0.0,86.4,107.5,6.08,52.9,37.1,17.5
2026-04-17 06:41:26,0.0,94.0,107.0,7.1,52.4,42.9,17.5
2026-04-17 06:41:26,0.0,112.6,135.5,5.39,51.2,39.2,17.5
2026-04-17 06:41:26,0.0,86.6,107.0,7.12,52.9,35.2,17.5
2026-04-17 06:41:26,0.0,90.4,103.1,7.31,53.5,39.6,17.5
2026-04-17 06:41:26,0.0,86.7,109.9,6.13,52.4,32.3,17.5
2026-04-17 06:41:26,0.0,103.9,116.2,6.65,53.5,41.9,17.5
2026-04-17 06:41:27,0.0,87.0,112.8,6.56,52.4,37.7,17.5
2026-04-17 06:41:27,0.0,114.9,138.0,5.22,53.5,40.3,17.5
2026-04-17 06:41:27,0.0,97.1,116.4,6.67,51.8,36.7,17.5
2026-04-17 06:41:27,0.0,108.8,129.0,5.63,51.8,38.9,17.5
2026-04-17 06:41:27,0.0,93.3,116.1,6.63,53.5,38.3,17.5
2026-04-17 06:41:27,0.0,85.8,111.5,6.18,53.5,35.8,17.6
2026-04-17 06:41:28,0.0,86.5,109.4,6.08,52.9,33.8,17.6
2026-04-17 06:41:28,0.0,120.2,133.2,5.98,54.0,43.3,17.7
2026-04-17 06:41:28,0.0,98.7,121.6,5.62,51.8,36.1,17.7
2026-04-17 06:41:28,0.0,86.5,109.1,6.48,51.8,32.8,17.6
2026-04-17 06:41:28,0.0,85.6,98.9,7.55,52.9,40.4,17.6
2026-04-17 06:41:28,0.0,93.5,106.9,7.09,53.5,41.8,17.6
2026-04-17 06:41:28,0.0,88.0,109.9,6.21,52.9,32.8,17.5
2026-04-17 06:41:29,0.0,84.5,96.0,7.7,52.9,42.3,17.5
2026-04-17 06:41:29,0.0,107.3,124.4,6.33,53.5,37.9,17.5
2026-04-17 06:41:29,0.0,88.0,110.7,6.89,52.9,35.1,17.5
2026-04-17 06:41:29,0.0,88.6,111.5,5.98,52.4,37.7,17.5
2026-04-17 06:41:29,0.0,86.1,109.0,6.09,54.0,34.3,17.5
2026-04-17 06:41:29,0.0,123.8,137.3,5.85,52.4,40.9,17.5
2026-04-17 06:41:30,0.0,103.4,127.2,5.54,51.8,36.5,17.5
2026-04-17 06:41:30,0.0,110.8,133.8,5.79,51.8,36.4,17.5
2026-04-17 06:41:30,0.0,92.4,114.7,6.75,52.9,36.7,17.6
2026-04-17 06:41:30,0.0,97.1,118.7,5.83,52.4,35.8,17.6
2026-04-17 06:41:30,0.0,87.8,110.9,6.36,52.4,35.9,17.6
2026-04-17 06:41:30,0.0,85.3,97.0,7.65,52.4,40.4,17.6
2026-04-17 06:41:31,0.0,88.5,102.7,7.34,52.4,40.7,17.7
2026-04-17 06:41:31,0.0,86.1,109.0,6.09,52.9,35.8,17.7
2026-04-17 06:41:31,0.0,90.2,102.5,7.28,52.4,39.6,17.8
2026-04-17 06:41:31,0.0,109.4,132.4,5.37,52.4,37.8,17.8
2026-04-17 06:41:31,0.0,101.4,124.7,6.31,53.5,41.5,17.9
2026-04-17 06:41:31,0.0,85.2,106.9,6.66,52.9,33.3,17.9
2026-04-17 06:41:31,0.0,96.0,110.9,6.93,52.9,42.1,17.9
2026-04-17 06:41:32,0.0,105.3,128.4,5.69,53.5,30.3,17.9
2026-04-17 06:41:32,0.0,85.0,104.3,6.81,52.9,45.0,17.9
2026-04-17 06:41:32,0.0,97.4,112.0,6.87,52.9,42.4,18.0
2026-04-17 06:41:32,0.0,86.6,113.2,6.24,52.4,34.4,17.9
2026-04-17 06:41:32,0.0,98.1,121.1,5.73,52.4,36.6,17.9
2026-04-17 06:41:32,0.0,100.3,123.4,5.97,51.8,33.8,17.9
2026-04-17 06:41:33,0.0,101.8,124.2,5.95,52.4,38.2,17.9
2026-04-17 06:41:33,0.0,96.8,119.9,6.19,52.9,34.4,17.8
2026-04-17 06:41:33,0.0,105.8,129.5,5.68,52.9,36.2,17.8
2026-04-17 06:41:33,0.0,100.4,123.5,6.23,53.5,39.4,17.9
2026-04-17 06:41:33,0.0,94.3,117.4,6.22,53.5,33.9,17.8
2026-04-17 06:41:33,0.0,88.1,110.0,6.24,52.9,36.4,17.8
2026-04-17 06:41:34,0.0,89.3,112.2,5.96,52.9,34.3,17.8
2026-04-17 06:41:34,0.0,89.9,111.9,5.94,53.5,33.3,17.8
2026-04-17 06:41:34,0.0,85.5,108.5,6.21,53.5,35.4,17.8
2026-04-17 06:41:34,0.0,122.6,136.8,5.87,52.9,38.8,17.8
2026-04-17 06:41:34,0.0,95.7,118.8,5.78,53.5,34.3,17.7
2026-04-17 06:41:34,0.0,83.7,106.7,6.47,52.9,32.2,17.8
2026-04-17 06:41:35,0.0,111.8,127.1,6.2,54.0,38.1,17.8
2026-04-17 06:41:35,0.0,94.3,115.4,6.71,52.4,39.7,17.8
2026-04-17 06:41:35,0.0,101.4,124.4,5.76,53.5,37.5,17.8
2026-04-17 06:41:35,0.0,91.3,115.2,6.36,52.9,33.9,17.8
2026-04-17 06:41:35,0.0,96.7,119.2,5.79,53.5,33.8,17.8
2026-04-17 06:41:35,0.0,85.8,108.5,6.48,52.9,38.1,17.8
2026-04-17 06:41:35,0.0,85.4,98.7,7.53,54.0,44.6,17.9
2026-04-17 06:41:36,0.0,88.6,104.1,7.27,54.5,35.3,17.9
2026-04-17 06:41:36,0.0,84.7,107.9,6.19,53.5,36.4,17.9
2026-04-17 06:41:36,0.0,92.2,107.1,7.11,52.4,38.9,17.9
2026-04-17 06:41:36,0.0,107.3,130.6,5.5,52.4,37.8,17.9
2026-04-17 06:41:36,0.0,86.0,108.9,6.89,53.5,36.8,17.9
2026-04-17 06:41:36,0.0,86.5,99.7,7.48,52.9,41.8,17.9
2026-04-17 06:41:37,0.0,84.6,97.2,7.62,54.0,44.4,17.9
2026-04-17 06:41:37,0.0,126.5,142.3,5.69,53.5,40.6,17.9
2026-04-17 06:41:37,0.0,90.2,111.6,6.13,54.0,33.9,17.9
2026-04-17 06:41:37,0.0,88.5,109.9,6.01,53.5,34.3,17.8
2026-04-17 06:41:37,0.0,86.7,110.5,6.1,52.4,36.8,17.8
2026-04-17 06:41:37,0.0,93.4,106.0,7.17,54.0,43.9,17.8
2026-04-17 06:41:38,0.0,92.2,115.2,6.06,53.5,32.8,17.8
2026-04-17 06:41:38,0.0,85.1,108.5,6.26,54.5,32.8,17.8
2026-04-17 06:41:38,0.0,97.0,111.1,6.91,52.9,38.9,17.7
2026-04-17 06:41:38,0.0,87.4,110.4,6.37,53.5,34.4,17.7
2026-04-17 06:41:38,0.0,94.6,106.4,7.13,54.0,37.7,17.7
2026-04-17 06:41:38,0.0,89.6,112.6,6.19,54.0,34.4,17.7
2026-04-17 06:41:38,0.0,91.5,114.6,5.87,54.0,32.8,17.7
2026-04-17 06:41:39,0.0,84.0,106.8,6.36,53.5,36.9,17.7
2026-04-17 06:41:39,0.0,86.7,103.4,7.31,53.5,40.7,17.7
2026-04-17 06:41:39,0.0,102.3,126.4,5.48,52.9,35.1,17.7
2026-04-17 06:41:39,0.0,93.2,116.4,6.39,54.0,36.1,17.7
2026-04-17 06:41:39,0.0,84.9,107.5,6.32,52.9,38.8,17.6
2026-04-17 06:41:39,0.0,91.3,106.3,7.16,53.5,42.9,17.6
2026-04-17 06:41:40,0.0,93.7,118.5,5.86,54.0,31.3,17.7
2026-04-17 06:41:40,0.0,104.9,127.9,5.68,53.5,35.7,17.7
2026-04-17 06:41:40,0.0,86.6,110.6,6.68,52.4,39.7,17.7
2026-04-17 06:41:40,0.0,99.8,111.7,6.88,54.0,43.1,17.7
2026-04-17 06:41:40,0.0,86.9,109.7,6.51,53.5,32.8,17.7
2026-04-17 06:41:40,0.0,88.9,101.5,7.4,53.5,42.6,17.7
2026-04-17 06:41:40,0.0,85.3,108.2,6.13,52.9,36.8,17.6
2026-04-17 06:41:41,0.0,89.4,103.2,7.23,53.5,42.9,17.6
2026-04-17 06:41:41,0.0,100.1,122.9,5.67,52.9,32.8,17.6
2026-04-17 06:41:41,0.0,102.2,125.1,5.93,53.5,37.3,17.6
2026-04-17 06:41:41,0.0,100.6,123.8,6.05,52.9,35.9,17.5
2026-04-17 06:41:41,0.0,115.6,138.6,5.5,52.4,38.9,17.6
2026-04-17 06:41:41,0.0,103.1,120.3,6.49,54.0,41.5,17.6
2026-04-17 06:41:42,0.0,88.1,111.1,6.6,54.5,31.6,17.6
2026-04-17 06:41:42,0.0,94.0,111.9,5.8,54.0,37.7,17.6
2026-04-17 06:41:42,0.0,91.5,112.3,6.09,54.0,35.4,17.7
2026-04-17 06:41:42,0.0,97.1,120.2,5.81,54.5,34.8,17.7
2026-04-17 06:41:42,0.0,91.1,114.0,6.23,54.5,32.8,17.7
2026-04-17 06:41:42,0.0,99.0,122.1,5.73,53.5,37.5,17.7
2026-04-17 06:41:43,0.0,87.2,110.3,6.45,52.9,32.8,17.7
2026-04-17 06:41:43,0.0,87.6,99.7,7.49,54.5,40.4,17.7
2026-04-17 06:41:43,0.0,98.8,110.1,6.92,54.5,44.1,17.7
2026-04-17 06:41:43,0.0,85.2,108.2,6.53,52.9,35.6,17.7
2026-04-17 06:41:43,0.0,84.9,100.5,7.46,54.0,40.7,17.7
2026-04-17 06:41:43,0.0,84.1,95.2,7.61,54.5,40.4,17.7
2026-04-17 06:41:43,0.0,86.0,99.9,7.4,53.5,39.6,17.7
2026-04-17 06:41:44,0.0,84.1,97.3,7.62,54.5,38.5,17.7
2026-04-17 06:41:44,0.0,86.8,102.0,7.35,53.5,45.5,17.7
2026-04-17 06:41:44,0.0,89.6,101.6,7.35,54.5,45.5,17.7
2026-04-17 06:41:44,0.0,85.1,108.4,6.16,53.5,33.8,17.7
2026-04-17 06:41:44,0.0,83.7,97.9,7.6,54.0,38.0,17.7
2026-04-17 06:41:44,0.0,87.1,103.0,7.33,55.1,41.1,17.7
2026-04-17 06:41:44,0.0,84.6,97.0,7.65,53.5,39.2,17.7
2026-04-17 06:41:45,0.0,84.6,98.7,7.5,54.0,39.2,17.7
2026-04-17 06:41:45,0.0,166.5,183.7,4.6,52.9,38.1,17.7
2026-04-17 06:41:45,0.0,91.7,114.7,6.39,54.5,38.1,17.8
2026-04-17 06:41:45,0.0,84.4,107.3,6.27,54.5,34.4,17.8
2026-04-17 06:41:45,0.0,90.8,105.9,7.17,54.0,41.4,17.8
2026-04-17 06:41:45,0.0,85.3,108.5,6.2,54.0,35.4,17.8
2026-04-17 06:41:46,0.0,106.4,120.8,6.48,53.5,40.3,17.9
2026-04-17 06:41:46,0.0,101.1,124.4,6.18,53.5,35.5,17.9
2026-04-17 06:41:46,0.0,98.0,121.0,6.13,54.5,39.1,17.9
2026-04-17 06:41:46,0.0,87.8,111.0,6.39,54.5,39.1,17.9
2026-04-17 06:41:46,0.0,87.2,99.2,7.54,53.5,40.4,17.8
2026-04-17 06:41:46,0.0,98.7,110.9,6.91,54.0,38.2,17.8
2026-04-17 06:41:46,0.0,97.1,117.3,6.06,52.9,41.4,17.8
2026-04-17 06:41:47,0.0,88.2,110.9,6.32,53.5,35.9,17.8
2026-04-17 06:41:47,0.0,103.6,127.0,5.35,54.0,38.4,17.8
2026-04-17 06:41:47,0.0,100.8,124.0,6.32,55.1,40.0,17.8
2026-04-17 06:41:47,0.0,86.5,109.4,6.57,53.5,33.9,17.7
2026-04-17 06:41:47,0.0,102.3,115.5,6.7,54.0,42.6,17.7
2026-04-17 06:41:47,0.0,96.6,119.5,6.22,54.0,33.9,17.7
2026-04-17 06:41:48,0.0,98.3,121.4,5.94,53.5,36.8,17.7
2026-04-17 06:41:48,0.0,91.8,115.3,6.23,53.5,34.9,17.8
2026-04-17 06:41:48,0.0,95.7,118.5,5.88,52.9,36.2,17.8
2026-04-17 06:41:48,0.0,97.4,120.5,5.94,52.9,34.3,17.8
2026-04-17 06:41:48,0.0,86.7,108.0,6.41,54.5,33.3,17.8
2026-04-17 06:41:48,0.0,86.5,99.0,7.5,54.0,37.3,17.9
2026-04-17 06:41:49,0.0,94.4,106.7,7.11,54.0,38.2,17.9
2026-04-17 06:41:49,0.0,88.4,111.4,6.23,54.0,35.9,17.9
2026-04-17 06:41:49,0.0,90.8,114.0,5.91,54.0,36.2,17.9
2026-04-17 06:41:49,0.0,91.1,114.1,6.0,54.5,31.3,17.9
2026-04-17 06:41:49,0.0,88.5,111.0,6.09,54.0,36.8,17.8
2026-04-17 06:41:49,0.0,92.9,115.9,5.85,54.5,38.4,17.8
2026-04-17 06:41:49,0.0,94.0,116.9,5.97,54.5,33.3,17.8
2026-04-17 06:41:50,0.0,85.8,108.1,6.3,54.0,38.5,17.8
2026-04-17 06:41:50,0.0,89.5,102.8,7.33,54.0,40.7,17.8
2026-04-17 06:41:50,0.0,92.1,115.0,5.9,54.5,33.3,17.8
2026-04-17 06:41:50,0.0,92.1,115.0,6.01,54.0,36.8,17.8
2026-04-17 06:41:50,0.0,85.9,112.1,6.11,52.9,35.4,17.8
2026-04-17 06:41:50,0.0,86.3,108.3,6.1,54.0,36.4,17.8
2026-04-17 06:41:51,0.0,86.9,100.1,7.47,54.5,39.2,17.8
2026-04-17 06:41:51,0.0,86.0,98.4,7.56,54.0,44.6,17.8
2026-04-17 06:41:51,0.0,87.3,100.8,7.43,55.1,42.3,17.8
2026-04-17 06:41:51,0.0,86.0,98.3,7.57,54.5,42.9,17.8
2026-04-17 06:41:51,0.0,111.6,124.0,6.28,54.5,43.5,17.8
2026-04-17 06:41:51,0.0,97.0,118.0,6.6,55.1,41.0,17.8
2026-04-17 06:41:51,0.0,110.3,132.1,5.52,55.1,35.7,17.8
2026-04-17 06:41:52,0.0,84.6,104.5,7.16,54.5,37.5,17.8
2026-04-17 06:41:52,0.0,105.3,120.0,6.48,54.5,42.6,17.9
2026-04-17 06:41:52,0.0,85.7,108.9,6.81,54.5,35.1,17.9
2026-04-17 06:41:52,0.0,96.9,110.5,6.94,55.1,42.1,17.9
2026-04-17 06:41:52,0.0,93.6,116.8,6.12,54.0,35.4,17.8
2026-04-17 06:41:52,0.0,85.8,108.7,6.3,54.5,33.9,17.9
2026-04-17 06:41:53,0.0,96.6,110.0,6.94,54.0,39.7,17.9
2026-04-17 06:41:53,0.0,100.1,121.8,5.84,54.0,30.6,17.9
2026-04-17 06:41:53,0.0,89.8,112.3,6.44,54.0,39.7,18.0
2026-04-17 06:41:53,0.0,87.3,110.4,6.08,54.5,37.3,18.0
2026-04-17 06:41:53,0.0,84.2,96.1,7.71,54.5,40.4,18.0
2026-04-17 06:41:53,0.0,94.4,110.2,6.95,54.5,42.4,18.1
2026-04-17 06:41:53,0.0,91.4,114.2,6.13,54.5,35.4,18.1
2026-04-17 06:41:54,0.0,86.6,109.6,6.17,54.5,34.4,18.1
2026-04-17 06:41:54,0.0,94.9,108.0,7.06,54.5,37.0,18.1
2026-04-17 06:41:54,0.0,82.7,105.1,6.46,54.5,32.8,18.1
2026-04-17 06:41:54,0.0,98.2,114.2,6.73,54.0,42.4,18.1
2026-04-17 06:41:54,0.0,86.9,109.9,6.45,54.0,37.5,18.1
2026-04-17 06:41:54,0.0,119.0,131.0,6.05,55.1,38.1,18.1
2026-04-17 06:41:55,0.0,83.5,97.3,7.62,54.5,40.7,18.1
2026-04-17 06:41:55,0.0,90.3,106.6,7.13,53.5,41.4,18.1
2026-04-17 06:41:55,0.0,89.5,111.2,6.04,55.1,38.2,18.1
2026-04-17 06:41:55,0.0,85.9,109.0,6.14,54.0,33.8,18.1
2026-04-17 06:41:55,0.0,96.0,109.9,6.96,54.0,45.0,18.1
2026-04-17 06:41:55,0.0,84.2,107.3,6.47,54.5,36.5,18.0
2026-04-17 06:41:55,0.0,85.1,98.4,7.46,55.1,44.6,18.0
2026-04-17 06:41:56,0.0,84.0,98.6,7.56,54.5,36.5,18.0
2026-04-17 06:41:56,0.0,317.0,332.5,2.73,55.6,80.6,17.7
2026-04-17 06:41:56,0.0,88.6,104.8,7.21,55.1,49.1,17.7
2026-04-17 06:41:56,0.0,97.6,120.7,5.71,54.0,32.4,17.7
2026-04-17 06:41:56,0.0,89.7,112.8,6.3,54.0,34.4,17.7
2026-04-17 06:41:57,0.0,94.4,117.5,5.84,53.5,41.1,17.8
2026-04-17 06:41:57,0.0,106.0,130.3,5.57,54.0,35.7,17.8
2026-04-17 06:41:57,0.0,102.9,128.1,6.09,54.5,38.1,17.8
2026-04-17 06:41:57,0.0,90.3,111.5,6.58,54.5,34.5,17.9
2026-04-17 06:41:57,0.0,105.9,128.8,5.49,54.0,35.1,17.9
2026-04-17 06:41:57,0.0,87.4,114.2,6.59,55.1,37.7,17.9
2026-04-17 06:41:58,0.0,98.8,121.8,5.74,54.5,34.8,17.9
2026-04-17 06:41:58,0.0,85.2,108.4,6.53,54.5,39.7,17.9
2026-04-17 06:41:58,0.0,91.2,104.3,7.19,55.1,40.0,17.9
2026-04-17 06:41:58,0.0,88.0,111.2,6.11,54.5,35.4,18.0
2026-04-17 06:41:58,0.0,107.4,130.5,5.38,55.1,34.2,17.9
2026-04-17 06:41:58,0.0,102.1,125.1,6.2,54.0,36.4,17.9
2026-04-17 06:41:59,0.0,105.2,126.0,5.89,54.5,37.9,17.9
2026-04-17 06:41:59,0.0,92.2,115.2,6.51,55.1,36.2,17.9
2026-04-17 06:41:59,0.0,89.6,111.9,6.09,54.5,34.8,17.9
2026-04-17 06:41:59,0.0,85.0,106.1,6.17,54.0,31.7,17.9
2026-04-17 06:41:59,0.0,90.1,103.0,7.23,54.5,44.6,17.9
2026-04-17 06:41:59,0.0,91.6,114.8,5.95,54.5,33.3,17.9
2026-04-17 06:41:59,0.0,94.1,117.2,5.92,54.5,32.3,17.9
2026-04-17 06:42:00,0.0,93.6,116.6,6.03,54.5,33.3,17.9
2026-04-17 06:42:00,0.0,87.0,111.3,6.2,55.6,32.3,17.9
2026-04-17 06:42:00,0.0,93.0,116.0,5.83,55.1,32.8,17.9
2026-04-17 06:42:00,0.0,105.5,128.3,5.59,54.5,35.7,17.8
2026-04-17 06:42:00,0.0,87.3,113.7,6.59,54.0,39.3,17.8
2026-04-17 06:42:00,0.0,90.6,114.0,5.98,55.1,36.2,17.8
2026-04-17 06:42:01,0.0,104.1,126.8,5.56,54.5,33.8,17.8
2026-04-17 06:42:01,0.0,84.7,107.8,6.8,56.2,37.9,17.8
2026-04-17 06:42:01,0.0,105.4,120.5,6.5,54.5,41.9,17.8
2026-04-17 06:42:01,0.0,96.1,119.3,6.36,55.6,35.5,17.8
2026-04-17 06:42:01,0.0,90.8,113.9,6.2,55.6,37.9,17.8
2026-04-17 06:42:01,0.0,99.1,122.2,5.69,55.1,34.7,17.8
2026-04-17 06:42:02,0.0,111.0,133.9,5.63,54.5,39.1,17.8
2026-04-17 06:42:02,0.0,130.5,152.3,5.37,55.1,40.0,17.9
2026-04-17 06:42:02,0.0,83.4,106.8,6.54,55.1,35.5,17.9
2026-04-17 06:42:02,0.0,104.5,121.4,6.45,55.1,42.6,17.8
2026-04-17 06:42:02,0.0,108.1,130.5,5.86,54.0,35.8,17.8
2026-04-17 06:42:02,0.0,99.7,122.6,6.38,55.1,39.7,17.9
2026-04-17 06:42:03,0.0,103.6,126.8,5.86,55.1,33.3,17.9
2026-04-17 06:42:03,0.0,99.0,121.2,6.18,55.1,40.3,17.8
2026-04-17 06:42:03,0.0,87.4,110.9,6.43,56.2,37.7,17.9
2026-04-17 06:42:03,0.0,98.7,110.4,6.94,54.5,39.7,17.9
2026-04-17 06:42:03,0.0,86.0,108.9,6.5,54.5,30.9,17.9
2026-04-17 06:42:03,0.0,83.3,97.1,7.66,55.6,39.6,17.9
2026-04-17 06:42:04,0.0,85.7,99.6,7.37,55.6,43.4,17.9
2026-04-17 06:42:04,0.0,85.0,98.9,7.55,55.6,37.7,17.9
2026-04-17 06:42:04,0.0,84.0,98.5,7.54,54.5,42.3,17.9
2026-04-17 06:42:04,0.0,101.0,114.7,6.66,54.5,45.2,18.0
2026-04-17 06:42:04,0.0,106.5,129.6,5.81,55.6,31.8,18.0
2026-04-17 06:42:04,0.0,110.8,133.8,5.86,55.6,32.8,17.9
2026-04-17 06:42:04,0.0,84.3,106.8,7.13,55.1,40.4,17.9
2026-04-17 06:42:05,0.0,85.9,101.5,7.42,54.5,37.3,17.9
2026-04-17 06:42:05,0.0,84.5,98.1,7.59,55.6,43.4,17.9
2026-04-17 06:42:05,0.0,86.7,101.8,7.39,56.2,39.6,17.9
2026-04-17 06:42:05,0.0,86.3,99.2,7.53,55.6,40.4,17.8
2026-04-17 06:42:05,0.0,90.1,103.0,7.28,55.1,43.9,17.8
2026-04-17 06:42:05,0.0,111.8,134.6,5.31,55.1,32.9,17.8
2026-04-17 06:42:05,0.0,101.7,122.8,6.4,55.1,36.1,17.8
2026-04-17 06:42:06,0.0,85.2,108.2,6.66,55.1,40.3,17.8
2026-04-17 06:42:06,0.0,93.0,107.9,7.07,54.5,39.6,17.8
2026-04-17 06:42:06,0.0,85.0,108.2,6.32,55.1,31.7,17.8
2026-04-17 06:42:06,0.0,83.9,98.8,7.56,54.5,39.2,17.8
2026-04-17 06:42:06,0.0,87.6,103.2,7.31,55.1,38.9,17.7
2026-04-17 06:42:06,0.0,105.9,117.8,6.61,55.1,40.0,17.7
2026-04-17 06:42:06,0.0,84.3,107.5,6.88,55.1,37.9,17.7
2026-04-17 06:42:07,0.0,91.2,107.8,7.09,55.6,41.4,17.8
2026-04-17 06:42:07,0.0,86.4,109.5,6.22,54.5,35.9,17.8
2026-04-17 06:42:07,0.0,94.3,107.3,7.08,55.1,39.6,17.9
2026-04-17 06:42:07,0.0,94.2,117.2,6.01,55.1,32.8,17.9
2026-04-17 06:42:07,0.0,83.9,106.7,6.39,55.6,39.4,17.9
2026-04-17 06:42:07,0.0,81.9,97.8,7.62,55.6,39.6,18.0
2026-04-17 06:42:07,0.0,88.9,106.8,7.13,54.5,37.0,17.9
2026-04-17 06:42:08,0.0,91.3,114.6,5.91,54.5,32.8,17.9
2026-04-17 06:42:08,0.0,97.3,119.3,5.74,55.1,32.9,17.9
2026-04-17 06:42:08,0.0,88.4,118.9,6.12,55.6,39.7,17.9
2026-04-17 06:42:08,0.0,85.0,111.0,6.31,56.2,32.3,17.9
2026-04-17 06:42:08,0.0,89.8,101.6,7.41,55.1,40.4,17.9
2026-04-17 06:42:08,0.0,86.4,109.6,6.12,55.6,36.8,17.9
2026-04-17 06:42:09,0.0,93.8,106.5,7.12,54.5,39.3,17.9
2026-04-17 06:42:09,0.0,98.0,119.5,5.85,55.6,36.2,17.9
2026-04-17 06:42:09,0.0,89.3,112.2,6.34,54.5,35.5,17.9
2026-04-17 06:42:09,0.0,83.0,106.0,6.24,54.5,31.1,17.9
2026-04-17 06:42:09,0.0,87.5,103.7,7.25,55.1,42.9,17.9
2026-04-17 06:42:09,0.0,88.4,100.3,7.47,54.5,40.4,17.9
2026-04-17 06:42:10,0.0,104.1,127.2,5.48,55.1,31.0,17.9
2026-04-17 06:42:10,0.0,98.4,120.2,6.22,55.1,32.3,17.9
2026-04-17 06:42:10,0.0,84.2,107.0,6.55,56.2,39.7,17.9
2026-04-17 06:42:10,0.0,86.4,102.4,7.36,55.1,39.6,17.9
2026-04-17 06:42:10,0.0,88.6,101.2,7.41,55.1,42.3,17.8
2026-04-17 06:42:10,0.0,86.1,109.0,6.1,55.1,37.7,17.8
2026-04-17 06:42:10,0.0,82.0,95.9,7.73,56.2,36.0,17.8
2026-04-17 06:42:11,0.0,87.6,105.1,7.21,55.6,47.5,17.8
2026-04-17 06:42:11,0.0,83.8,94.9,7.72,55.1,38.8,17.8
2026-04-17 06:42:11,0.0,87.7,102.3,7.29,54.5,42.6,17.8
2026-04-17 06:42:11,0.0,96.0,108.0,7.06,55.1,44.8,17.8
2026-04-17 06:42:11,0.0,85.3,107.7,6.33,55.1,36.4,17.8
2026-04-17 06:42:11,0.0,112.8,125.1,6.28,55.6,43.3,17.8
2026-04-17 06:42:11,0.0,81.7,101.8,7.4,54.0,37.7,17.8
2026-04-17 06:42:12,0.0,85.4,103.2,7.3,55.6,33.3,17.8
2026-04-17 06:42:12,0.0,97.6,111.8,6.88,55.1,44.8,17.8
2026-04-17 06:42:12,0.0,83.2,105.9,6.56,54.5,36.1,17.8
2026-04-17 06:42:12,0.0,85.1,102.2,7.32,54.5,40.7,17.8
2026-04-17 06:42:12,0.0,89.8,102.5,7.34,55.1,42.9,17.8
2026-04-17 06:42:12,0.0,85.1,108.1,6.17,55.1,31.2,17.8
2026-04-17 06:42:12,0.0,82.7,97.5,7.63,55.6,44.4,17.8
2026-04-17 06:42:13,0.0,94.1,110.8,6.93,55.1,38.6,17.8
2026-04-17 06:42:13,0.0,91.0,114.2,6.1,55.1,35.4,17.8
2026-04-17 06:42:13,0.0,84.1,108.5,6.22,54.5,35.9,17.8
2026-04-17 06:42:13,0.0,87.8,102.7,7.33,55.6,44.6,17.8
2026-04-17 06:42:13,0.0,87.7,110.7,6.03,54.0,37.7,17.8
2026-04-17 06:42:13,0.0,82.6,95.9,7.73,55.1,38.5,17.8
2026-04-17 06:42:13,0.0,86.3,102.1,7.36,55.6,44.4,17.8
2026-04-17 06:42:14,0.0,85.0,97.9,7.57,55.6,43.9,17.8
2026-04-17 06:42:14,0.0,83.1,97.3,7.61,55.1,44.4,17.8
2026-04-17 06:42:14,0.0,87.4,103.9,7.27,55.1,37.7,17.8
2026-04-17 06:42:14,0.0,91.2,102.6,7.29,55.1,44.1,17.8
2026-04-17 06:42:14,0.0,84.8,107.9,6.25,55.6,35.9,17.8
2026-04-17 06:42:14,0.0,91.7,106.7,7.14,55.6,40.4,17.8
2026-04-17 06:42:14,0.0,84.4,107.4,6.27,54.5,31.1,17.8
2026-04-17 06:42:15,0.0,96.5,110.8,6.88,55.6,39.3,17.8
2026-04-17 06:42:15,0.0,86.7,109.2,6.38,55.1,36.5,17.8
2026-04-17 06:42:15,0.0,84.4,94.9,7.63,54.5,42.6,17.9
2026-04-17 06:42:15,0.0,101.5,115.9,6.65,55.6,39.0,17.9
2026-04-17 06:42:15,0.0,90.4,113.2,6.44,55.6,36.1,17.9
2026-04-17 06:42:15,0.0,90.1,112.4,6.01,55.1,32.8,17.8
2026-04-17 06:42:16,0.0,85.5,108.4,6.18,56.2,34.8,17.8
2026-04-17 06:42:16,0.0,90.1,104.6,7.23,56.2,44.6,17.8
2026-04-17 06:42:16,0.0,87.2,110.0,6.12,55.6,37.3,17.8
2026-04-17 06:42:16,0.0,91.3,103.6,7.28,55.1,39.6,17.8
2026-04-17 06:42:16,0.0,87.1,110.8,6.13,55.6,35.4,17.8
2026-04-17 06:42:16,0.0,86.7,97.9,7.57,56.2,40.7,17.8
2026-04-17 06:42:16,0.0,88.8,101.6,7.38,56.8,45.5,17.8
2026-04-17 06:42:17,0.0,85.8,108.8,6.12,56.2,32.3,17.8
2026-04-17 06:42:17,0.0,103.4,119.3,6.53,56.2,47.6,17.8
2026-04-17 06:42:17,0.0,99.8,122.6,6.22,55.6,40.6,17.8
2026-04-17 06:42:17,0.0,97.1,119.2,6.05,55.6,38.2,17.8
2026-04-17 06:42:17,0.0,90.9,114.9,6.24,55.6,35.5,17.8
2026-04-17 06:42:17,0.0,86.3,109.3,6.21,56.8,36.9,17.8
2026-04-17 06:42:17,0.0,88.3,101.2,7.39,55.6,40.7,17.8
2026-04-17 06:42:18,0.0,88.2,111.8,5.99,56.2,34.3,17.8
2026-04-17 06:42:18,0.0,91.8,114.9,5.89,55.6,34.8,17.8
2026-04-17 06:42:18,0.0,97.9,121.2,5.78,55.6,31.8,17.8
2026-04-17 06:42:18,0.0,88.6,111.6,6.37,55.1,36.5,17.7
2026-04-17 06:42:18,0.0,93.1,116.1,5.78,56.2,33.8,17.7
2026-04-17 06:42:18,0.0,87.7,110.6,6.28,55.1,37.9,17.7
2026-04-17 06:42:19,0.0,97.1,109.1,7.01,55.6,37.0,17.8
2026-04-17 06:42:19,0.0,85.5,108.7,6.45,55.6,37.5,17.8
2026-04-17 06:42:19,0.0,89.0,102.2,7.32,55.6,37.3,17.8
2026-04-17 06:42:19,0.0,91.7,114.5,5.91,56.2,31.2,17.9
2026-04-17 06:42:19,0.0,91.2,113.2,6.02,56.2,35.3,17.9
2026-04-17 06:42:19,0.0,88.8,111.8,6.1,55.6,34.3,17.9
2026-04-17 06:42:20,0.0,96.8,123.7,5.6,55.6,34.3,17.8
2026-04-17 06:42:20,0.0,99.1,122.1,6.06,56.2,36.9,17.8
2026-04-17 06:42:20,0.0,87.9,110.7,6.42,56.2,35.5,17.8
2026-04-17 06:42:20,0.0,87.3,110.4,5.97,54.0,33.3,17.8
2026-04-17 06:42:20,0.0,88.3,111.1,6.04,55.1,32.3,17.7
2026-04-17 06:42:20,0.0,85.5,108.5,6.1,56.2,34.8,17.8
2026-04-17 06:42:21,0.0,84.1,98.5,7.58,54.0,41.8,17.8
2026-04-17 06:42:21,0.0,92.8,109.3,7.0,55.1,40.7,17.8
2026-04-17 06:42:21,0.0,101.0,123.8,5.75,55.6,35.3,17.8
2026-04-17 06:42:21,0.0,95.0,118.1,6.23,56.2,39.4,17.8
2026-04-17 06:42:21,0.0,110.4,133.3,5.5,55.6,33.3,17.8
2026-04-17 06:42:21,0.0,91.4,114.3,6.77,56.8,36.8,17.8
2026-04-17 06:42:22,0.0,87.2,109.0,6.13,56.8,35.4,17.8
2026-04-17 06:42:22,0.0,108.8,120.9,6.47,56.2,42.4,17.8
2026-04-17 06:42:22,0.0,93.2,116.2,6.64,55.1,37.7,17.8
2026-04-17 06:42:22,0.0,92.2,115.2,6.04,56.2,36.4,17.8
2026-04-17 06:42:22,0.0,83.9,107.1,6.31,55.1,32.8,17.8
2026-04-17 06:42:22,0.0,84.1,100.1,7.49,56.2,41.8,17.9
2026-04-17 06:42:22,0.0,107.1,123.7,6.36,56.8,37.7,17.9
2026-04-17 06:42:23,0.0,110.7,133.7,5.92,56.2,39.7,18.0
2026-04-17 06:42:23,0.0,87.1,109.9,6.95,55.6,35.7,18.0
2026-04-17 06:42:23,0.0,85.4,96.2,7.65,55.6,42.3,18.0
2026-04-17 06:42:23,0.0,90.2,104.3,7.24,56.2,45.6,17.9
2026-04-17 06:42:23,0.0,91.9,114.8,5.94,56.2,33.8,17.9
2026-04-17 06:42:23,0.0,82.7,105.8,6.35,56.2,34.4,17.9
2026-04-17 06:42:23,0.0,88.4,105.6,7.2,56.2,46.6,17.9
2026-04-17 06:42:24,0.0,86.1,109.3,6.08,55.6,30.6,18.0
2026-04-17 06:42:24,0.0,87.0,100.5,7.47,55.6,40.4,18.0
2026-04-17 06:42:24,0.0,86.0,97.9,7.55,56.2,44.6,18.0
2026-04-17 06:42:24,0.0,84.4,97.7,7.6,56.2,40.4,18.1
2026-04-17 06:42:24,0.0,85.7,100.7,7.43,54.5,40.0,18.1
2026-04-17 06:42:24,0.0,85.0,99.2,7.54,56.2,37.7,18.1
2026-04-17 06:42:24,0.0,89.0,102.6,7.29,56.2,41.5,18.2
2026-04-17 06:42:25,0.0,83.3,95.0,7.77,56.2,44.6,18.2
2026-04-17 06:42:25,0.0,88.2,100.3,7.28,56.2,44.6,18.2
2026-04-17 06:42:25,0.0,115.9,138.9,5.15,57.3,32.9,18.2
2026-04-17 06:42:25,0.0,85.5,102.6,7.32,56.8,42.9,18.2
2026-04-17 06:42:25,0.0,86.9,100.5,7.44,55.1,39.2,18.1
2026-04-17 06:42:25,0.0,89.6,102.0,7.36,56.2,40.7,18.1
2026-04-17 06:42:25,0.0,89.5,112.5,6.01,55.1,30.6,18.1
2026-04-17 06:42:26,0.0,84.5,107.4,6.18,56.8,33.3,18.1
2026-04-17 06:42:26,0.0,84.3,99.1,7.51,56.2,37.3,18.1
2026-04-17 06:42:26,0.0,94.2,110.7,6.93,56.8,40.7,18.2
2026-04-17 06:42:26,0.0,105.0,127.1,5.68,56.8,33.3,18.2
2026-04-17 06:42:26,0.0,87.6,110.0,6.69,56.8,38.3,18.2
2026-04-17 06:42:26,0.0,87.4,99.4,7.52,56.2,41.8,18.2
2026-04-17 06:42:27,0.0,85.1,98.3,7.57,56.2,45.5,18.3
2026-04-17 06:42:27,0.0,84.6,98.2,7.57,56.2,38.5,18.3
2026-04-17 06:42:27,0.0,110.4,121.3,6.3,55.6,45.2,18.3
2026-04-17 06:42:27,0.0,92.3,115.0,6.74,55.1,35.6,18.3
2026-04-17 06:42:27,0.0,83.3,109.6,6.21,55.1,33.9,18.3
2026-04-17 06:42:27,0.0,85.5,98.4,7.57,56.2,42.6,18.3
2026-04-17 06:42:27,0.0,82.0,99.0,7.53,56.2,39.6,18.3
2026-04-17 06:42:28,0.0,106.1,121.2,6.46,56.2,41.9,18.3
2026-04-17 06:42:28,0.0,92.0,115.1,6.57,56.8,35.6,18.2
2026-04-17 06:42:28,0.0,89.1,111.9,6.11,56.2,33.8,18.2
2026-04-17 06:42:28,0.0,90.8,113.0,5.93,56.8,35.8,18.2
2026-04-17 06:42:28,0.0,92.1,115.0,5.97,56.2,35.3,18.2
2026-04-17 06:42:28,0.0,105.2,124.1,5.57,55.6,36.1,18.2
2026-04-17 06:42:29,0.0,95.4,118.4,6.37,55.1,39.1,18.2
2026-04-17 06:42:29,0.0,87.6,110.6,6.29,56.2,39.1,18.1
2026-04-17 06:42:29,0.0,96.1,108.2,7.06,56.8,41.1,18.1
2026-04-17 06:42:29,0.0,87.9,110.4,6.31,55.6,35.9,18.0
2026-04-17 06:42:29,0.0,92.5,115.1,5.84,55.6,34.3,17.9
2026-04-17 06:42:29,0.0,89.5,112.1,6.11,56.2,33.8,17.9
2026-04-17 06:42:29,0.0,88.0,109.3,6.06,55.1,32.8,17.8
2026-04-17 06:42:30,0.0,113.6,124.5,6.29,55.6,41.9,17.8
2026-04-17 06:42:30,0.0,101.5,119.5,6.47,56.8,39.7,17.8
2026-04-17 06:42:30,0.0,113.3,136.3,5.61,56.2,33.8,17.8
2026-04-17 06:42:30,0.0,93.3,114.7,6.76,56.8,38.6,17.7
2026-04-17 06:42:30,0.0,88.3,110.7,6.24,56.8,33.3,17.7
2026-04-17 06:42:30,0.0,108.4,131.9,5.34,55.6,31.0,17.8
2026-04-17 06:42:31,0.0,88.9,112.0,6.82,56.2,39.0,17.8
2026-04-17 06:42:31,0.0,84.7,106.7,6.07,56.2,31.7,17.8
2026-04-17 06:42:31,0.0,89.8,102.1,7.35,56.8,40.7,17.9
2026-04-17 06:42:31,0.0,117.7,140.7,5.14,56.8,36.7,17.9
2026-04-17 06:42:31,0.0,92.1,107.6,7.09,56.8,36.4,17.9
2026-04-17 06:42:31,0.0,91.3,97.4,7.52,56.8,47.3,18.0
2026-04-17 06:42:32,0.0,101.1,124.2,5.69,56.2,33.8,18.0
2026-04-17 06:42:32,0.0,90.9,113.9,6.4,57.3,37.7,18.1
2026-04-17 06:42:32,0.0,83.8,101.8,6.26,55.6,38.1,18.1
2026-04-17 06:42:32,0.0,111.3,127.4,6.22,56.8,39.3,18.1
2026-04-17 06:42:32,0.0,88.6,110.5,6.94,56.8,39.3,18.1
2026-04-17 06:42:32,0.0,86.7,109.6,6.09,57.3,33.3,18.1
2026-04-17 06:42:32,0.0,88.1,98.5,7.43,56.2,38.0,18.1
2026-04-17 06:42:33,0.0,100.8,114.2,6.77,57.3,40.4,18.1
2026-04-17 06:42:33,0.0,88.2,112.5,6.51,56.8,35.5,18.1
2026-04-17 06:42:33,0.0,85.2,108.0,6.17,56.2,37.3,18.0
2026-04-17 06:42:33,0.0,108.6,121.5,6.38,56.8,41.7,18.0
2026-04-17 06:42:33,0.0,104.5,127.6,6.16,56.8,36.5,18.0
2026-04-17 06:42:33,0.0,90.2,113.3,6.57,57.3,36.7,18.0
2026-04-17 06:42:34,0.0,96.1,118.5,5.8,56.8,33.3,18.0
2026-04-17 06:42:34,0.0,87.9,110.9,6.31,56.2,33.3,18.0
2026-04-17 06:42:34,0.0,90.6,102.4,7.35,55.6,40.0,18.0
2026-04-17 06:42:34,0.0,100.5,126.7,5.53,57.3,34.7,18.1
2026-04-17 06:42:34,0.0,99.6,122.6,6.19,56.2,41.2,18.1
2026-04-17 06:42:34,0.0,88.7,111.8,6.43,56.2,33.9,18.1
2026-04-17 06:42:35,0.0,248.6,277.9,3.0,59.0,80.9,17.9
2026-04-17 06:42:35,0.0,103.7,129.6,5.43,57.3,45.3,17.9
2026-04-17 06:42:35,0.0,91.2,114.0,6.61,56.8,39.7,17.9
2026-04-17 06:42:35,0.0,82.9,106.2,6.32,56.8,34.9,17.9
2026-04-17 06:42:35,0.0,92.4,108.9,7.01,56.8,37.0,17.9
2026-04-17 06:42:36,0.0,93.8,117.1,5.94,56.8,34.3,17.9
2026-04-17 06:42:36,0.0,90.8,113.3,6.12,56.2,36.8,17.9
2026-04-17 06:42:36,0.0,107.9,133.2,5.37,56.2,32.9,17.8
2026-04-17 06:42:36,0.0,99.4,122.2,6.42,56.2,39.7,17.8
2026-04-17 06:42:36,0.0,98.6,121.1,6.03,56.8,34.8,17.8
2026-04-17 06:42:36,0.0,94.6,118.2,6.08,55.6,33.3,17.8
2026-04-17 06:42:37,0.0,90.0,113.1,6.25,56.8,32.8,17.8
2026-04-17 06:42:37,0.0,109.7,132.7,5.37,57.9,36.1,17.8
2026-04-17 06:42:37,0.0,107.7,129.2,6.07,55.6,41.2,17.8
2026-04-17 06:42:37,0.0,88.7,110.7,6.78,56.8,33.9,17.8
2026-04-17 06:42:37,0.0,107.3,130.3,5.39,55.6,37.8,17.8
2026-04-17 06:42:37,0.0,83.8,106.0,7.0,56.2,42.6,17.7
2026-04-17 06:42:37,0.0,88.1,104.2,7.26,56.8,41.8,17.7
2026-04-17 06:42:38,0.0,98.5,121.7,5.65,55.6,34.2,17.7
2026-04-17 06:42:38,0.0,88.4,111.6,6.4,56.8,33.3,17.8
2026-04-17 06:42:38,0.0,88.3,110.0,6.01,57.9,32.8,17.8
2026-04-17 06:42:38,0.0,87.6,98.7,7.54,57.9,41.5,17.7
2026-04-17 06:42:38,0.0,88.9,101.1,7.43,56.8,37.3,17.7
2026-04-17 06:42:38,0.0,108.9,132.1,5.36,57.3,35.6,17.7
2026-04-17 06:42:39,0.0,91.2,114.3,6.72,56.2,37.1,17.7
2026-04-17 06:42:39,0.0,88.8,110.6,6.09,56.2,35.4,17.7
2026-04-17 06:42:39,0.0,84.1,107.8,6.16,56.8,28.3,17.7
2026-04-17 06:42:39,0.0,90.1,103.2,7.21,56.8,42.1,17.7
2026-04-17 06:42:39,0.0,86.7,109.7,6.13,56.8,34.9,17.7
2026-04-17 06:42:39,0.0,93.2,106.2,7.15,56.8,39.3,17.7
2026-04-17 06:42:40,0.0,93.1,115.7,5.96,56.2,31.2,17.7
2026-04-17 06:42:40,0.0,89.2,112.2,6.2,57.3,35.9,17.7
2026-04-17 06:42:40,0.0,91.5,114.5,5.92,56.2,33.3,17.7
2026-04-17 06:42:40,0.0,85.3,107.9,6.23,57.3,34.4,17.7
2026-04-17 06:42:40,0.0,89.7,103.7,7.27,57.9,36.5,17.7
2026-04-17 06:42:40,0.0,93.9,117.3,5.84,57.9,36.2,17.7
2026-04-17 06:42:40,0.0,91.7,114.7,6.1,56.8,35.8,17.7
2026-04-17 06:42:41,0.0,87.9,110.7,6.14,57.9,33.3,17.7
2026-04-17 06:42:41,0.0,97.7,126.0,5.51,57.3,34.2,17.7
2026-04-17 06:42:41,0.0,112.9,134.8,5.66,57.9,33.3,17.7
2026-04-17 06:42:41,0.0,84.8,105.1,7.22,56.8,35.8,17.8
2026-04-17 06:42:41,0.0,100.7,115.4,6.71,57.3,41.7,17.8
2026-04-17 06:42:41,0.0,104.6,127.5,5.87,57.3,35.8,17.8
2026-04-17 06:42:42,0.0,84.2,107.2,6.83,57.9,32.7,17.8
2026-04-17 06:42:42,0.0,105.7,123.7,6.37,56.8,45.2,17.8
2026-04-17 06:42:42,0.0,86.0,109.1,6.91,57.9,36.8,17.8
2026-04-17 06:42:42,0.0,86.2,98.9,7.49,56.2,40.0,17.8
2026-04-17 06:42:42,0.0,90.7,104.4,7.23,57.3,41.1,17.8
2026-04-17 06:42:42,0.0,103.7,125.4,5.57,56.2,40.0,17.8
2026-04-17 06:42:43,0.0,106.5,129.5,5.92,56.2,38.5,17.8
2026-04-17 06:42:43,0.0,86.5,107.1,6.83,57.3,36.8,17.8
2026-04-17 06:42:43,0.0,86.6,98.2,7.48,56.8,42.6,17.8
2026-04-17 06:42:43,0.0,96.2,108.7,7.02,57.3,40.0,17.8
2026-04-17 06:42:43,0.0,99.6,122.9,5.87,57.3,33.3,17.8
2026-04-17 06:42:43,0.0,84.2,107.1,6.62,56.8,35.0,17.8
2026-04-17 06:42:43,0.0,87.9,103.6,7.23,57.3,44.6,17.8
2026-04-17 06:42:44,0.0,88.9,112.1,6.0,57.9,30.8,17.8
2026-04-17 06:42:44,0.0,85.0,108.1,6.15,57.3,32.8,17.8
2026-04-17 06:42:44,0.0,92.3,107.0,7.11,56.2,41.8,17.8
2026-04-17 06:42:44,0.0,92.7,115.8,5.99,57.9,36.2,17.9
2026-04-17 06:42:44,0.0,87.5,109.8,6.18,56.8,37.9,17.8
2026-04-17 06:42:44,0.0,87.1,98.6,7.54,56.8,40.4,17.8
2026-04-17 06:42:44,0.0,95.3,107.6,7.06,56.2,40.0,17.9
2026-04-17 06:42:45,0.0,84.7,107.8,6.42,56.2,34.9,17.9
2026-04-17 06:42:45,0.0,82.6,98.3,7.57,56.8,38.8,17.9
2026-04-17 06:42:45,0.0,85.2,101.6,7.39,56.8,42.9,17.9
2026-04-17 06:42:45,0.0,84.0,98.3,7.58,57.3,41.5,17.9
2026-04-17 06:42:45,0.0,87.3,102.8,7.33,56.2,40.4,17.9
2026-04-17 06:42:45,0.0,85.0,96.8,7.64,57.9,40.7,17.9
2026-04-17 06:42:45,0.0,90.7,105.3,7.17,56.8,46.7,17.8
2026-04-17 06:42:46,0.0,93.5,116.6,5.92,57.3,37.3,17.9
2026-04-17 06:42:46,0.0,83.3,106.4,6.39,56.8,31.1,17.8
2026-04-17 06:42:46,0.0,86.5,104.3,7.2,57.9,43.9,17.8
2026-04-17 06:42:46,0.0,86.2,99.1,7.54,57.9,42.9,17.8
2026-04-17 06:42:46,0.0,82.8,107.6,6.14,57.9,32.8,17.8
2026-04-17 06:42:46,0.0,90.6,105.8,7.18,56.2,41.8,17.8
2026-04-17 06:42:46,0.0,82.7,105.6,6.3,55.6,33.9,17.8
2026-04-17 06:42:47,0.0,83.0,100.0,7.48,57.3,43.1,17.8
2026-04-17 06:42:47,0.0,98.6,114.9,6.72,57.3,43.1,17.8
2026-04-17 06:42:47,0.0,89.5,112.3,6.35,57.9,35.9,17.8
2026-04-17 06:42:47,0.0,98.3,121.3,5.7,57.3,31.3,17.8
2026-04-17 06:42:47,0.0,93.6,115.6,6.11,56.8,29.5,17.8
2026-04-17 06:42:47,0.0,87.6,110.4,6.3,55.6,33.9,17.8
2026-04-17 06:42:48,0.0,86.1,98.1,7.59,56.2,44.4,17.8
2026-04-17 06:42:48,0.0,88.4,101.9,7.38,55.6,43.4,17.8
2026-04-17 06:42:48,0.0,93.0,117.1,5.81,57.3,33.3,17.8
2026-04-17 06:42:48,0.0,83.4,106.4,6.41,57.3,33.3,17.8
2026-04-17 06:42:48,0.0,93.5,110.1,6.97,57.9,44.8,17.8
2026-04-17 06:42:48,0.0,91.7,114.8,6.07,57.9,36.4,17.9
2026-04-17 06:42:48,0.0,86.3,108.7,6.21,57.3,36.4,17.9
2026-04-17 06:42:49,0.0,91.5,104.9,7.22,58.4,37.3,17.9
2026-04-17 06:42:49,0.0,88.0,112.7,6.07,57.9,35.4,17.9
2026-04-17 06:42:49,0.0,85.9,108.8,6.14,57.3,29.0,17.9
2026-04-17 06:42:49,0.0,91.1,104.7,7.2,57.9,43.9,17.9
2026-04-17 06:42:49,0.0,93.6,116.4,5.93,57.9,38.6,17.8
2026-04-17 06:42:49,0.0,85.6,108.6,6.3,56.8,34.9,17.8
2026-04-17 06:42:50,0.0,93.3,107.5,7.09,56.8,44.8,17.8
2026-04-17 06:42:50,0.0,95.7,118.9,5.91,57.9,34.3,17.8
2026-04-17 06:42:50,0.0,98.5,121.7,5.91,57.3,35.3,17.8
2026-04-17 06:42:50,0.0,88.4,111.6,6.39,56.8,36.9,17.8
2026-04-17 06:42:50,0.0,84.6,108.6,6.05,58.4,33.8,17.8
2026-04-17 06:42:50,0.0,90.4,102.4,7.33,57.9,36.0,17.9
2026-04-17 06:42:51,0.0,92.8,115.9,5.91,57.9,32.3,17.9
2026-04-17 06:42:51,0.0,89.2,112.1,6.13,57.9,38.2,17.9
2026-04-17 06:42:51,0.0,84.9,105.3,6.17,57.3,29.5,17.9
2026-04-17 06:42:51,0.0,84.8,100.1,7.49,57.9,34.7,17.9
2026-04-17 06:42:51,0.0,98.2,112.7,6.83,57.3,41.1,17.8
2026-04-17 06:42:51,0.0,95.9,119.0,6.08,57.9,38.2,17.8
2026-04-17 06:42:51,0.0,94.1,117.0,6.07,57.9,38.2,17.8
2026-04-17 06:42:52,0.0,85.3,109.1,6.3,57.3,33.9,17.8
2026-04-17 06:42:52,0.0,92.3,105.4,7.17,57.9,41.5,17.9
2026-04-17 06:42:52,0.0,101.1,124.2,5.71,57.9,34.8,17.9
2026-04-17 06:42:52,0.0,100.5,123.5,6.03,57.9,36.4,17.9
2026-04-17 06:42:52,0.0,87.1,110.0,6.52,57.9,35.6,18.0
2026-04-17 06:42:52,0.0,87.6,100.2,7.47,59.5,43.6,18.0
2026-04-17 06:42:53,0.0,88.3,99.0,7.48,57.9,42.6,18.0
2026-04-17 06:42:53,0.0,93.6,104.7,7.21,56.8,44.8,18.0
2026-04-17 06:42:53,0.0,86.6,110.6,6.23,56.2,35.9,18.0
2026-04-17 06:42:53,0.0,95.7,105.5,7.08,57.3,39.3,18.0
2026-04-17 06:42:53,0.0,102.0,125.5,5.76,56.8,34.3,18.0
2026-04-17 06:42:53,0.0,110.1,133.1,5.75,57.3,33.3,18.0
2026-04-17 06:42:53,0.0,103.8,126.8,6.24,57.9,41.2,18.0
2026-04-17 06:42:54,0.0,104.0,127.0,6.0,57.3,37.3,18.0
2026-04-17 06:42:54,0.0,89.2,111.6,6.58,57.9,33.9,18.1
2026-04-17 06:42:54,0.0,108.5,131.7,5.37,57.9,35.6,18.1
2026-04-17 06:42:54,0.0,100.8,123.8,6.3,57.3,40.0,18.0
2026-04-17 06:42:54,0.0,87.1,110.2,6.53,57.3,37.7,18.0
2026-04-17 06:42:54,0.0,98.7,111.0,6.91,57.3,39.3,18.0
2026-04-17 06:42:55,0.0,86.8,109.4,6.46,57.9,36.5,18.0
2026-04-17 06:42:55,0.0,83.5,97.2,7.65,58.4,36.7,18.0
2026-04-17 06:42:55,0.0,94.9,110.3,6.95,56.8,44.3,18.0
2026-04-17 06:42:55,0.0,124.3,147.4,5.1,58.4,44.3,18.0
2026-04-17 06:42:55,0.0,86.2,109.2,6.18,59.0,33.3,18.1
2026-04-17 06:42:55,0.0,92.2,115.4,5.78,57.9,32.3,18.1
2026-04-17 06:42:56,0.0,98.0,122.2,5.78,59.0,31.8,18.1
2026-04-17 06:42:56,0.0,85.2,108.1,6.55,57.3,36.1,18.1
2026-04-17 06:42:56,0.0,83.5,98.2,7.57,57.9,39.6,18.1
2026-04-17 06:42:56,0.0,94.3,107.8,6.97,56.2,39.3,18.1
2026-04-17 06:42:56,0.0,91.0,114.2,6.12,56.8,36.4,18.1
2026-04-17 06:42:56,0.0,89.3,110.1,6.07,56.8,29.5,18.2
2026-04-17 06:42:56,0.0,86.6,113.6,5.95,56.8,31.8,18.2
2026-04-17 06:42:57,0.0,94.3,116.6,5.88,57.3,37.3,18.2
2026-04-17 06:42:57,0.0,85.4,107.3,6.34,57.9,33.9,18.1
2026-04-17 06:42:57,0.0,87.0,101.4,7.41,57.9,43.9,18.1
2026-04-17 06:42:57,0.0,95.9,108.3,7.03,57.3,42.9,18.1
2026-04-17 06:42:57,0.0,93.4,116.5,6.1,57.3,32.8,18.1
2026-04-17 06:42:57,0.0,86.4,108.9,6.26,57.9,37.5,18.1
2026-04-17 06:42:58,0.0,83.2,96.4,7.69,57.3,44.6,18.1
2026-04-17 06:42:58,0.0,99.7,117.8,6.6,57.3,43.1,18.1
2026-04-17 06:42:58,0.0,89.1,112.1,6.48,57.9,37.1,18.1
2026-04-17 06:42:58,0.0,85.5,108.4,6.14,58.4,31.7,18.1
2026-04-17 06:42:58,0.0,83.6,98.0,7.61,57.9,40.7,18.0
2026-04-17 06:42:58,0.0,94.6,110.5,6.93,57.9,38.9,18.0
2026-04-17 06:42:58,0.0,94.6,117.7,6.0,58.4,35.8,18.0
2026-04-17 06:42:59,0.0,83.0,106.2,6.45,57.9,33.3,18.0
2026-04-17 06:42:59,0.0,86.1,102.7,7.34,58.4,41.8,18.0
2026-04-17 06:42:59,0.0,87.6,101.6,7.41,56.8,42.6,18.0
2026-04-17 06:42:59,0.0,100.0,112.0,6.87,57.9,38.2,18.0
2026-04-17 06:42:59,0.0,84.4,107.4,6.63,56.8,36.1,18.0
2026-04-17 06:42:59,0.0,91.8,107.9,7.07,57.9,41.8,18.0
2026-04-17 06:42:59,0.0,86.1,109.5,6.22,57.9,31.1,18.0
2026-04-17 06:43:00,0.0,86.1,98.9,7.54,57.9,41.5,18.0
2026-04-17 06:43:00,0.0,95.2,108.9,7.02,57.3,40.0,18.0
2026-04-17 06:43:00,0.0,89.0,111.4,6.24,58.4,30.0,18.0
2026-04-17 06:43:00,0.0,101.3,124.3,5.59,57.9,34.7,18.0
2026-04-17 06:43:00,0.0,92.1,115.0,6.35,58.4,38.1,18.0
2026-04-17 06:43:00,0.0,91.8,114.1,6.01,57.9,37.3,18.0
2026-04-17 06:43:01,0.0,91.5,109.2,6.01,57.9,38.6,18.0
2026-04-17 06:43:01,0.0,92.9,115.1,5.95,57.3,33.3,18.0
2026-04-17 06:43:01,0.0,85.5,108.4,6.29,57.3,35.9,17.9
2026-04-17 06:43:01,0.0,105.5,119.6,6.52,57.3,40.0,17.9
2026-04-17 06:43:01,0.0,92.7,115.7,6.5,58.4,39.3,17.9
2026-04-17 06:43:01,0.0,107.4,130.4,5.52,58.4,37.3,17.9
2026-04-17 06:43:02,0.0,90.6,114.0,6.66,58.4,33.9,17.9
2026-04-17 06:43:02,0.0,114.4,139.2,5.21,57.9,36.8,17.9
2026-04-17 06:43:02,0.0,97.0,113.4,6.79,57.3,39.0,17.9
2026-04-17 06:43:02,0.0,88.4,116.2,6.14,57.3,33.3,17.9
2026-04-17 06:43:02,0.0,91.3,114.8,6.0,57.9,32.8,17.8
2026-04-17 06:43:02,0.0,86.3,109.4,6.26,58.4,33.9,17.9
2026-04-17 06:43:03,0.0,108.0,121.1,6.45,58.4,44.4,17.9
2026-04-17 06:43:03,0.0,95.4,118.8,6.48,57.3,38.3,17.9
2026-04-17 06:43:03,0.0,103.1,126.3,5.74,57.3,35.8,17.9
2026-04-17 06:43:03,0.0,94.6,117.4,6.34,57.3,40.0,17.9
2026-04-17 06:43:03,0.0,109.6,132.5,5.51,57.3,32.9,17.9
2026-04-17 06:43:03,0.0,94.5,117.5,6.6,59.0,39.0,17.9
2026-04-17 06:43:04,0.0,93.8,116.6,6.03,58.4,36.8,17.9
2026-04-17 06:43:04,0.0,94.3,117.4,5.98,58.4,34.8,18.0
2026-04-17 06:43:04,0.0,86.3,109.2,6.31,59.5,35.9,18.0
2026-04-17 06:43:04,0.0,82.8,97.8,7.62,59.0,39.6,18.0
2026-04-17 06:43:04,0.0,90.9,106.4,7.15,58.4,41.1,18.1
2026-04-17 06:43:04,0.0,240.1,263.4,3.16,59.5,62.4,18.1
2026-04-17 06:43:05,0.0,130.1,163.4,4.85,59.0,76.8,18.0
2026-04-17 06:43:05,0.0,87.2,106.1,7.11,58.4,35.2,18.0
2026-04-17 06:43:05,0.0,91.8,114.8,5.84,59.0,30.8,18.0
2026-04-17 06:43:05,0.0,88.2,112.4,6.08,59.0,37.3,17.9
2026-04-17 06:43:05,0.0,87.1,110.7,6.07,58.4,31.7,17.9
2026-04-17 06:43:05,0.0,89.2,100.6,7.43,57.9,37.3,17.9
2026-04-17 06:43:06,0.0,97.5,120.7,5.71,58.4,31.9,17.9
2026-04-17 06:43:06,0.0,113.9,135.9,5.46,59.0,35.2,17.9
2026-04-17 06:43:06,0.0,85.7,104.7,7.23,57.9,35.8,17.9
2026-04-17 06:43:06,0.0,107.4,121.6,6.45,59.0,44.6,17.8
2026-04-17 06:43:06,0.0,96.4,119.5,6.43,59.0,35.6,17.8
2026-04-17 06:43:06,0.0,99.3,122.2,5.91,57.9,35.8,17.7
2026-04-17 06:43:07,0.0,88.2,111.4,6.43,58.4,37.1,17.7
2026-04-17 06:43:07,0.0,98.0,121.8,5.64,57.9,38.9,17.7
2026-04-17 06:43:07,0.0,92.0,115.1,6.27,59.0,35.4,17.7
2026-04-17 06:43:07,0.0,87.4,110.2,6.17,58.4,35.9,17.7
2026-04-17 06:43:07,0.0,89.9,103.6,7.28,59.5,40.4,17.6
2026-04-17 06:43:07,0.0,85.9,108.6,6.2,57.9,37.3,17.6
2026-04-17 06:43:07,0.0,87.4,101.1,7.41,59.5,38.0,17.6
2026-04-17 06:43:08,0.0,86.9,98.9,7.55,59.5,40.4,17.7
2026-04-17 06:43:08,0.0,87.8,100.5,7.44,58.4,43.4,17.6
2026-04-17 06:43:08,0.0,88.2,111.4,6.0,57.3,32.8,17.6
2026-04-17 06:43:08,0.0,100.3,123.4,5.6,58.4,36.1,17.6
2026-04-17 06:43:08,0.0,97.2,120.3,6.12,59.0,36.4,17.6
2026-04-17 06:43:08,0.0,91.3,109.9,6.22,57.9,33.3,17.6
2026-04-17 06:43:09,0.0,100.3,129.5,5.5,59.0,32.4,17.6
2026-04-17 06:43:09,0.0,98.3,121.3,6.32,57.3,35.0,17.6
2026-04-17 06:43:09,0.0,84.9,108.1,6.52,59.5,35.5,17.7
2026-04-17 06:43:09,0.0,117.4,133.7,5.98,59.0,39.1,17.7
2026-04-17 06:43:09,0.0,93.3,106.0,7.08,58.4,39.3,17.7
2026-04-17 06:43:09,0.0,102.4,126.3,5.67,59.5,36.6,17.7
2026-04-17 06:43:10,0.0,108.1,131.1,5.84,59.0,36.4,17.7
2026-04-17 06:43:10,0.0,85.8,108.9,6.92,58.4,36.8,17.7
2026-04-17 06:43:10,0.0,96.2,110.1,6.96,58.4,43.9,17.7
2026-04-17 06:43:10,0.0,85.0,108.0,6.44,59.5,34.4,17.7
2026-04-17 06:43:10,0.0,96.2,110.5,6.92,59.0,38.9,17.7
2026-04-17 06:43:10,0.0,85.3,108.4,6.42,58.4,36.5,17.7
2026-04-17 06:43:10,0.0,91.3,107.2,7.11,59.0,42.9,17.7
2026-04-17 06:43:11,0.0,101.9,125.3,5.68,59.0,32.4,17.6
2026-04-17 06:43:11,0.0,95.5,118.6,6.25,59.0,37.5,17.7
2026-04-17 06:43:11,0.0,95.2,118.1,6.02,59.0,34.8,17.7
2026-04-17 06:43:11,0.0,87.8,110.8,6.28,59.0,37.5,17.7
2026-04-17 06:43:11,0.0,89.9,101.7,7.39,59.5,43.6,17.7
2026-04-17 06:43:11,0.0,84.7,107.6,6.2,59.0,33.3,17.7
2026-04-17 06:43:12,0.0,110.0,123.0,6.3,58.4,40.7,17.7
2026-04-17 06:43:12,0.0,98.8,121.9,6.44,59.0,43.8,17.7
2026-04-17 06:43:12,0.0,91.0,114.0,6.3,59.0,33.3,17.7
2026-04-17 06:43:12,0.0,92.2,115.0,5.96,59.0,33.3,17.7
2026-04-17 06:43:12,0.0,101.0,122.8,5.7,58.4,30.3,17.6
2026-04-17 06:43:12,0.0,117.4,140.2,5.47,59.5,36.6,17.7
2026-04-17 06:43:13,0.0,85.3,99.0,7.42,59.0,40.7,17.7
2026-04-17 06:43:13,0.0,93.0,107.2,7.11,59.0,44.1,17.7
2026-04-17 06:43:13,0.0,98.2,121.2,5.82,59.0,36.2,17.7
2026-04-17 06:43:13,0.0,85.3,109.9,6.44,59.5,33.3,17.7
2026-04-17 06:43:13,0.0,86.3,98.3,7.54,57.9,45.5,17.7
2026-04-17 06:43:13,0.0,98.2,111.8,6.88,57.9,39.3,17.7
2026-04-17 06:43:13,0.0,88.6,111.5,6.37,58.4,34.9,17.7
2026-04-17 06:43:14,0.0,87.1,109.8,6.04,59.5,37.3,17.7
2026-04-17 06:43:14,0.0,88.2,100.1,7.47,59.5,44.4,17.7
2026-04-17 06:43:14,0.0,84.7,107.5,6.13,59.5,32.8,17.7
2026-04-17 06:43:14,0.0,92.4,107.3,7.1,59.5,44.8,17.7
2026-04-17 06:43:14,0.0,86.5,109.4,6.22,59.0,32.3,17.7
2026-04-17 06:43:14,0.0,84.1,97.5,7.62,59.5,39.2,17.7
2026-04-17 06:43:14,0.0,89.8,104.8,7.22,58.4,42.9,17.7
2026-04-17 06:43:15,0.0,88.3,110.7,6.06,58.4,33.8,17.6
2026-04-17 06:43:15,0.0,95.4,118.3,5.76,59.0,32.9,17.7
2026-04-17 06:43:15,0.0,90.5,111.7,6.18,59.5,35.9,17.7
2026-04-17 06:43:15,0.0,108.5,130.5,5.42,59.5,36.1,17.7
2026-04-17 06:43:15,0.0,85.7,108.2,6.97,60.6,36.2,17.7
2026-04-17 06:43:15,0.0,107.5,121.8,6.44,58.4,43.5,17.6
2026-04-17 06:43:16,0.0,90.7,113.6,6.68,59.5,37.3,17.6
2026-04-17 06:43:16,0.0,91.0,111.2,5.99,59.5,37.1,17.6
2026-04-17 06:43:16,0.0,92.3,115.1,5.96,59.5,33.3,17.7
2026-04-17 06:43:16,0.0,85.3,108.2,6.26,59.0,33.3,17.6
2026-04-17 06:43:16,0.0,107.5,122.0,6.43,59.0,41.9,17.6
2026-04-17 06:43:16,0.0,90.3,113.0,6.56,58.4,45.9,17.7
2026-04-17 06:43:17,0.0,84.1,107.5,6.3,59.0,32.8,17.7
2026-04-17 06:43:17,0.0,102.7,116.5,6.64,59.0,45.2,17.7
2026-04-17 06:43:17,0.0,93.6,116.6,6.35,59.0,37.7,17.8
2026-04-17 06:43:17,0.0,103.7,126.8,5.66,58.4,35.7,17.8
2026-04-17 06:43:17,0.0,86.7,109.7,6.69,59.5,35.6,17.8
2026-04-17 06:43:17,0.0,85.8,96.9,7.56,57.9,43.6,17.8
2026-04-17 06:43:17,0.0,95.3,107.8,7.0,59.5,45.8,17.8
2026-04-17 06:43:18,0.0,83.3,106.5,6.47,59.0,30.5,17.8
2026-04-17 06:43:18,0.0,86.6,103.7,7.28,59.0,45.6,17.9
2026-04-17 06:43:18,0.0,89.5,101.4,7.38,59.5,42.6,17.9
2026-04-17 06:43:18,0.0,114.1,137.7,5.16,57.3,34.7,17.9
2026-04-17 06:43:18,0.0,86.8,102.8,7.32,59.5,39.6,17.9
2026-04-17 06:43:18,0.0,84.5,96.8,7.62,59.5,37.5,17.9
2026-04-17 06:43:19,0.0,86.9,100.5,7.39,59.5,44.8,17.9
2026-04-17 06:43:19,0.0,84.1,96.9,7.67,60.0,39.2,17.9
2026-04-17 06:43:19,0.0,87.5,102.9,7.31,59.0,44.4,17.9
2026-04-17 06:43:19,0.0,84.6,96.8,7.68,58.4,41.8,17.9
2026-04-17 06:43:19,0.0,87.4,101.9,7.34,60.0,44.4,18.0
2026-04-17 06:43:19,0.0,84.4,95.1,7.68,60.0,40.7,17.9
2026-04-17 06:43:19,0.0,85.4,98.7,7.45,59.5,43.4,18.0
2026-04-17 06:43:19,0.0,92.2,106.5,7.14,59.5,42.9,18.0
2026-04-17 06:43:20,0.0,95.9,117.9,5.84,58.4,38.9,17.9
2026-04-17 06:43:20,0.0,103.0,125.0,5.78,58.4,34.3,17.9
2026-04-17 06:43:20,0.0,91.3,114.3,6.46,59.5,35.0,17.9
2026-04-17 06:43:20,0.0,88.6,111.0,6.1,60.0,34.8,17.9
2026-04-17 06:43:20,0.0,88.5,111.9,5.99,59.0,33.8,17.9
2026-04-17 06:43:20,0.0,99.0,123.0,5.63,59.5,35.7,17.9
2026-04-17 06:43:21,0.0,96.1,119.5,6.13,58.4,41.2,17.9
2026-04-17 06:43:21,0.0,84.7,107.9,6.45,57.9,36.5,17.8
2026-04-17 06:43:21,0.0,94.7,109.7,6.98,59.0,41.4,17.8
2026-04-17 06:43:21,0.0,88.5,112.9,6.17,59.0,36.4,17.8
2026-04-17 06:43:21,0.0,86.2,109.3,6.15,59.5,35.8,17.8
2026-04-17 06:43:21,0.0,88.4,101.8,7.38,59.5,42.6,17.8
2026-04-17 06:43:22,0.0,95.4,118.4,5.76,60.6,37.1,17.7
2026-04-17 06:43:22,0.0,101.4,127.4,5.7,59.0,37.7,17.7
2026-04-17 06:43:22,0.0,91.7,114.9,6.49,59.5,33.3,17.8
2026-04-17 06:43:22,0.0,88.7,111.5,6.12,59.5,31.7,17.8
2026-04-17 06:43:22,0.0,90.3,113.2,5.94,59.0,34.3,17.8
2026-04-17 06:43:22,0.0,112.9,136.0,5.29,57.9,35.5,17.8
2026-04-17 06:43:23,0.0,88.3,108.1,7.04,59.0,35.2,17.8
2026-04-17 06:43:23,0.0,89.9,112.6,5.94,58.4,35.8,17.8
2026-04-17 06:43:23,0.0,98.8,122.4,5.68,59.5,33.3,17.7
2026-04-17 06:43:23,0.0,104.9,128.0,5.81,57.9,37.1,17.7
2026-04-17 06:43:23,0.0,105.0,128.0,6.0,59.5,36.9,17.7
2026-04-17 06:43:23,0.0,88.5,111.5,6.66,59.5,38.7,17.7
2026-04-17 06:43:24,0.0,85.1,108.1,6.13,57.9,36.8,17.7
2026-04-17 06:43:24,0.0,96.3,110.2,6.92,59.0,38.2,17.7
2026-04-17 06:43:24,0.0,89.9,113.0,6.25,59.5,34.4,17.7
2026-04-17 06:43:24,0.0,85.4,106.3,6.17,60.6,34.8,17.7
2026-04-17 06:43:24,0.0,91.4,103.5,7.17,58.4,44.8,17.7
2026-04-17 06:43:24,0.0,108.0,130.8,5.46,60.0,33.8,17.7
2026-04-17 06:43:24,0.0,89.7,112.7,6.76,60.0,39.3,17.7
2026-04-17 06:43:25,0.0,88.5,110.7,6.04,59.0,35.8,17.7
2026-04-17 06:43:25,0.0,87.0,109.9,6.06,59.0,33.3,17.7
2026-04-17 06:43:25,0.0,93.8,106.1,7.13,59.0,47.5,17.7
2026-04-17 06:43:25,0.0,101.2,123.9,5.75,59.0,34.8,17.7
2026-04-17 06:43:25,0.0,88.3,110.7,6.51,58.4,37.1,17.7
2026-04-17 06:43:25,0.0,86.5,99.5,7.5,59.0,43.6,17.7
2026-04-17 06:43:26,0.0,108.6,131.8,5.35,59.5,35.6,17.7
2026-04-17 06:43:26,0.0,109.5,132.7,5.98,59.5,36.9,17.7
2026-04-17 06:43:26,0.0,85.5,107.9,7.0,58.4,36.4,17.7
2026-04-17 06:43:26,0.0,108.0,122.0,6.42,60.0,41.7,17.7
2026-04-17 06:43:26,0.0,86.9,110.1,6.87,60.6,41.7,17.7
2026-04-17 06:43:26,0.0,90.8,103.0,7.3,59.0,40.4,17.7
2026-04-17 06:43:27,0.0,85.4,108.6,6.2,59.5,32.8,17.7
2026-04-17 06:43:27,0.0,106.5,120.4,6.49,59.0,40.4,17.7
2026-04-17 06:43:27,0.0,87.9,110.8,6.75,59.5,39.0,17.7
2026-04-17 06:43:27,0.0,89.9,101.7,7.39,59.0,40.7,17.7
2026-04-17 06:43:27,0.0,97.5,120.4,5.74,59.0,36.6,17.7
2026-04-17 06:43:27,0.0,86.5,109.4,6.35,59.0,31.1,17.7
2026-04-17 06:43:27,0.0,90.1,112.5,5.94,60.0,35.8,17.7
2026-04-17 06:43:28,0.0,110.3,133.4,5.35,59.0,37.3,17.7
2026-04-17 06:43:28,0.0,106.9,128.1,6.13,59.5,41.5,17.7
2026-04-17 06:43:28,0.0,95.5,118.6,6.45,59.5,37.1,17.7
2026-04-17 06:43:28,0.0,90.9,114.1,6.17,59.0,36.4,17.6
2026-04-17 06:43:28,0.0,89.5,110.3,6.05,59.0,36.2,17.7
2026-04-17 06:43:28,0.0,92.9,116.6,5.87,59.0,31.8,17.7
2026-04-17 06:43:29,0.0,105.7,128.7,5.6,59.0,33.8,17.7
2026-04-17 06:43:29,0.0,90.9,114.1,6.58,58.4,35.6,17.7
2026-04-17 06:43:29,0.0,92.2,114.9,5.94,59.0,32.3,17.7
2026-04-17 06:43:29,0.0,88.5,111.4,6.16,58.4,37.3,17.7
2026-04-17 06:43:29,0.0,87.5,110.1,6.04,59.0,32.3,17.7
2026-04-17 06:43:29,0.0,86.7,110.0,6.02,58.4,34.3,17.7
2026-04-17 06:43:30,0.0,103.4,115.5,6.68,59.5,40.4,17.7
2026-04-17 06:43:30,0.0,99.9,124.2,6.09,60.0,35.4,17.7
2026-04-17 06:43:30,0.0,85.7,108.1,6.61,59.5,35.6,17.7
2026-04-17 06:43:30,0.0,86.3,102.2,7.37,60.6,40.0,17.7
2026-04-17 06:43:30,0.0,88.9,111.9,5.97,60.0,35.3,17.7
2026-04-17 06:43:30,0.0,106.2,116.3,6.64,59.5,43.5,17.7
2026-04-17 06:43:31,0.0,89.3,112.1,6.68,60.0,39.3,17.7
2026-04-17 06:43:31,0.0,107.8,130.9,5.4,60.0,30.9,17.7
2026-04-17 06:43:31,0.0,94.5,117.5,6.53,59.0,40.6,17.7
2026-04-17 06:43:31,0.0,89.5,111.9,6.18,60.0,34.8,17.7
2026-04-17 06:43:31,0.0,91.0,114.1,5.95,59.0,33.8,17.7
2026-04-17 06:43:31,0.0,94.4,119.3,5.82,59.0,36.2,17.7
2026-04-17 06:43:32,0.0,89.4,112.2,6.26,59.0,31.7,17.7
2026-04-17 06:43:32,0.0,108.5,132.9,5.32,59.5,37.3,17.7
2026-04-17 06:43:32,0.0,100.5,122.6,6.4,60.0,38.7,17.7
2026-04-17 06:43:32,0.0,87.8,110.9,6.5,58.4,35.5,17.7
2026-04-17 06:43:32,0.0,88.6,100.6,7.45,59.0,39.6,17.7
2026-04-17 06:43:32,0.0,97.5,120.5,5.7,60.0,30.3,17.7
2026-04-17 06:43:33,0.0,124.4,147.6,5.17,59.5,36.8,17.7
2026-04-17 06:43:33,0.0,96.7,118.6,5.81,59.5,37.1,17.7
2026-04-17 06:43:33,0.0,90.2,114.3,6.21,59.0,34.8,17.7
2026-04-17 06:43:33,0.0,92.5,119.6,5.81,59.5,38.0,17.8
2026-04-17 06:43:33,0.0,96.8,118.7,5.99,59.0,39.1,17.7
2026-04-17 06:43:33,0.0,86.6,109.6,6.4,58.4,36.5,17.8
2026-04-17 06:43:33,0.0,93.1,105.8,7.15,59.5,40.0,17.8
2026-04-17 06:43:34,0.0,101.9,125.8,5.67,60.0,33.8,17.9
2026-04-17 06:43:34,0.0,113.8,136.7,5.64,58.4,35.7,17.9
2026-04-17 06:43:34,0.0,88.1,107.2,7.1,59.5,39.3,17.9
2026-04-17 06:43:34,0.0,85.1,108.4,6.11,59.5,35.8,17.9
2026-04-17 06:43:34,0.0,93.4,107.7,7.07,60.0,37.0,18.0
2026-04-17 06:43:34,0.0,91.9,115.2,6.05,59.0,38.2,18.0
2026-04-17 06:43:35,0.0,88.6,110.2,6.11,59.5,30.6,18.0
2026-04-17 06:43:35,0.0,89.7,113.9,5.94,61.7,32.3,18.0
2026-04-17 06:43:35,0.0,105.4,128.6,5.52,59.5,31.9,17.9
2026-04-17 06:43:35,0.0,87.2,104.3,6.73,58.4,33.9,17.9
2026-04-17 06:43:35,0.0,96.9,109.0,7.01,60.0,43.1,17.8
2026-04-17 06:43:35,0.0,90.1,112.1,6.25,60.0,36.9,17.8
2026-04-17 06:43:36,0.0,86.9,109.8,6.12,59.5,29.5,17.8
2026-04-17 06:43:36,0.0,95.0,107.5,7.08,60.0,42.9,17.8
2026-04-17 06:43:36,0.0,104.0,127.7,5.68,59.0,35.7,17.8
2026-04-17 06:43:36,0.0,97.1,120.1,6.28,60.0,35.9,17.8
2026-04-17 06:43:36,0.0,95.9,118.9,6.05,60.0,32.3,17.8
2026-04-17 06:43:37,0.0,278.9,320.9,2.71,61.1,77.2,17.8
2026-04-17 06:43:37,0.0,183.1,208.1,3.93,61.1,68.9,17.8
2026-04-17 06:43:37,0.0,89.2,103.2,7.31,59.0,37.7,17.7
2026-04-17 06:43:37,0.0,86.8,110.3,6.06,60.6,36.4,17.7
2026-04-17 06:43:37,0.0,119.5,131.3,6.05,60.0,44.9,17.7
2026-04-17 06:43:37,0.0,94.6,107.8,7.07,59.5,41.1,17.7
2026-04-17 06:43:38,0.0,115.7,138.6,5.33,59.5,35.1,17.7
2026-04-17 06:43:38,0.0,91.8,109.1,7.0,60.0,38.2,17.7
2026-04-17 06:43:38,0.0,96.0,119.0,5.86,60.0,34.8,17.7
2026-04-17 06:43:38,0.0,92.0,114.9,6.15,59.5,36.9,17.6
2026-04-17 06:43:38,0.0,98.1,121.2,5.79,60.0,33.8,17.6
2026-04-17 06:43:38,0.0,89.5,112.5,6.33,60.0,35.5,17.6
2026-04-17 06:43:39,0.0,98.7,118.2,5.68,59.5,36.6,17.6
2026-04-17 06:43:39,0.0,90.0,113.0,6.33,60.6,34.4,17.6
2026-04-17 06:43:39,0.0,92.2,115.9,5.91,59.0,32.8,17.7
2026-04-17 06:43:39,0.0,105.9,128.8,5.56,60.0,35.6,17.7
2026-04-17 06:43:39,0.0,92.1,113.1,6.5,60.0,38.7,17.7
2026-04-17 06:43:39,0.0,98.0,121.1,5.83,60.0,38.0,17.7
2026-04-17 06:43:40,0.0,100.4,123.3,5.92,59.5,37.3,17.6
2026-04-17 06:43:40,0.0,96.3,121.7,6.06,60.0,35.4,17.7
2026-04-17 06:43:40,0.0,88.7,111.9,6.37,60.6,39.1,17.6
2026-04-17 06:43:40,0.0,91.5,114.7,5.91,59.5,35.8,17.6
2026-04-17 06:43:40,0.0,87.2,110.1,6.16,60.0,34.4,17.6
2026-04-17 06:43:40,0.0,86.8,99.1,7.52,60.0,43.6,17.6
2026-04-17 06:43:41,0.0,93.8,106.1,7.14,59.5,39.6,17.6
2026-04-17 06:43:41,0.0,102.0,125.3,5.7,60.0,34.8,17.6
2026-04-17 06:43:41,0.0,98.6,121.5,6.16,59.5,34.9,17.5
2026-04-17 06:43:41,0.0,107.5,131.2,5.67,60.6,35.7,17.5
2026-04-17 06:43:41,0.0,109.1,132.2,5.97,60.0,36.9,17.5
2026-04-17 06:43:41,0.0,88.9,112.0,6.83,60.0,34.5,17.5
2026-04-17 06:43:42,0.0,89.5,112.4,5.99,59.0,37.7,17.5
2026-04-17 06:43:42,0.0,120.2,141.3,5.07,60.6,36.4,17.5
2026-04-17 06:43:42,0.0,90.1,101.9,7.31,59.0,41.1,17.6
2026-04-17 06:43:42,0.0,86.2,108.1,6.15,59.0,37.3,17.6
2026-04-17 06:43:42,0.0,89.1,102.4,7.35,60.6,44.8,17.7
2026-04-17 06:43:42,0.0,85.6,109.2,6.11,59.5,34.4,17.7
2026-04-17 06:43:42,0.0,95.8,109.1,7.01,60.6,42.1,17.7
2026-04-17 06:43:43,0.0,96.2,119.4,5.98,60.6,35.8,17.8
2026-04-17 06:43:43,0.0,90.7,113.6,6.22,60.0,37.5,17.8
2026-04-17 06:43:43,0.0,84.8,93.7,7.83,60.0,40.8,17.8
2026-04-17 06:43:43,0.0,87.7,102.1,7.37,60.6,43.9,17.9
2026-04-17 06:43:43,0.0,84.3,95.9,7.7,60.6,34.0,17.9
2026-04-17 06:43:43,0.0,96.9,112.1,6.84,60.0,41.4,18.0
2026-04-17 06:43:44,0.0,107.0,131.2,5.64,61.1,37.5,18.0
2026-04-17 06:43:44,0.0,88.6,111.2,6.78,59.0,36.8,18.0
2026-04-17 06:43:44,0.0,92.6,115.7,5.87,60.0,32.4,18.0
2026-04-17 06:43:44,0.0,92.2,115.6,6.0,60.0,34.4,18.0
2026-04-17 06:43:44,0.0,88.9,112.0,6.14,60.0,30.0,18.0
2026-04-17 06:43:44,0.0,86.6,109.8,6.08,60.0,33.8,18.0
2026-04-17 06:43:44,0.0,95.9,108.8,7.01,60.0,45.8,18.0
2026-04-17 06:43:45,0.0,86.4,109.2,6.32,60.0,34.9,18.1
2026-04-17 06:43:45,0.0,91.9,103.8,7.27,60.0,41.8,18.1
2026-04-17 06:43:45,0.0,98.7,122.3,5.75,59.5,36.6,18.2
2026-04-17 06:43:45,0.0,89.0,111.2,6.39,60.0,35.5,18.2
2026-04-17 06:43:45,0.0,84.8,107.8,6.15,60.6,33.3,18.1
2026-04-17 06:43:45,0.0,88.6,102.9,7.31,59.5,41.8,18.1
2026-04-17 06:43:46,0.0,86.4,109.3,6.08,60.6,34.8,18.1
2026-04-17 06:43:46,0.0,91.4,103.3,7.24,59.5,38.0,18.1
2026-04-17 06:43:46,0.0,92.1,115.3,5.97,60.6,36.2,18.1
2026-04-17 06:43:46,0.0,95.4,118.5,5.89,61.1,35.3,18.1
2026-04-17 06:43:46,0.0,88.9,111.3,6.24,60.0,37.9,18.0
2026-04-17 06:43:46,0.0,88.5,110.2,6.02,60.6,36.8,18.0
2026-04-17 06:43:47,0.0,97.2,120.2,5.7,60.0,30.9,18.0
2026-04-17 06:43:47,0.0,107.4,130.2,5.65,61.1,41.7,18.0
2026-04-17 06:43:47,0.0,96.2,119.1,6.45,60.6,34.5,18.0
2026-04-17 06:43:47,0.0,90.5,113.4,6.22,59.5,31.1,18.0
2026-04-17 06:43:47,0.0,86.7,109.8,6.14,60.0,35.4,18.0
2026-04-17 06:43:47,0.0,90.9,103.5,7.28,60.6,37.3,18.0
2026-04-17 06:43:48,0.0,97.0,119.0,5.78,60.6,38.6,17.9
2026-04-17 06:43:48,0.0,105.2,128.2,5.73,60.6,41.7,17.9
2026-04-17 06:43:48,0.0,121.4,143.3,5.47,60.0,33.8,17.9
2026-04-17 06:43:48,0.0,88.8,95.2,7.47,60.0,45.6,17.9
2026-04-17 06:43:48,0.0,93.3,115.7,5.83,60.0,38.0,17.9
2026-04-17 06:43:48,0.0,109.3,132.3,5.47,60.0,36.6,17.9
2026-04-17 06:43:49,0.0,104.5,124.2,6.19,60.6,37.1,17.9
2026-04-17 06:43:49,0.0,86.8,110.2,6.7,61.1,35.6,17.9
2026-04-17 06:43:49,0.0,93.7,116.7,5.78,60.6,36.2,17.9
2026-04-17 06:43:49,0.0,89.4,112.5,6.16,59.5,39.1,17.9
2026-04-17 06:43:49,0.0,94.3,117.4,5.83,61.1,32.3,17.8
2026-04-17 06:43:49,0.0,94.1,115.7,6.01,60.0,35.4,17.8
2026-04-17 06:43:50,0.0,101.7,124.6,5.74,60.0,34.8,17.7
2026-04-17 06:43:50,0.0,97.7,120.7,6.14,60.6,33.9,17.7
2026-04-17 06:43:50,0.0,97.2,116.9,6.03,61.1,34.8,17.7
2026-04-17 06:43:50,0.0,93.8,117.2,6.11,59.5,39.7,17.7
2026-04-17 06:43:50,0.0,96.8,120.0,5.9,60.0,35.3,17.7
2026-04-17 06:43:50,0.0,128.6,151.7,5.05,61.1,37.2,17.7
2026-04-17 06:43:51,0.0,93.4,116.4,6.07,61.7,35.3,17.7
2026-04-17 06:43:51,0.0,88.5,111.4,6.18,60.6,40.3,17.7
2026-04-17 06:43:51,0.0,101.2,127.1,5.44,60.0,33.3,17.6
2026-04-17 06:43:51,0.0,95.8,118.9,6.37,61.1,39.1,17.6
2026-04-17 06:43:51,0.0,100.9,123.9,5.83,60.0,33.3,17.6
2026-04-17 06:43:51,0.0,85.3,108.3,6.62,60.0,35.0,17.6
2026-04-17 06:43:52,0.0,94.6,109.1,7.01,60.0,38.9,17.6
2026-04-17 06:43:52,0.0,91.4,114.5,6.12,61.1,39.7,17.6
2026-04-17 06:43:52,0.0,100.3,123.2,5.7,60.0,32.8,17.6
2026-04-17 06:43:52,0.0,90.3,113.4,6.39,60.6,34.4,17.6
2026-04-17 06:43:52,0.0,84.2,107.2,6.23,60.6,34.9,17.6
2026-04-17 06:43:52,0.0,123.5,140.9,5.73,60.0,43.7,17.6
2026-04-17 06:43:53,0.0,110.2,133.2,5.41,60.6,31.9,17.6
2026-04-17 06:43:53,0.0,89.1,112.0,6.87,61.1,40.7,17.7
2026-04-17 06:43:53,0.0,88.4,111.4,6.03,61.1,31.7,17.7
2026-04-17 06:43:53,0.0,107.3,130.3,5.39,61.1,34.2,17.7
2026-04-17 06:43:53,0.0,87.4,110.5,6.81,60.0,36.2,17.7
2026-04-17 06:43:53,0.0,96.2,107.1,7.04,61.1,41.8,17.7
2026-04-17 06:43:53,0.0,107.7,131.5,5.59,59.5,34.8,17.7
2026-04-17 06:43:54,0.0,89.4,111.9,6.78,60.0,37.9,17.7
2026-04-17 06:43:54,0.0,89.9,112.7,5.99,60.0,35.3,17.7
2026-04-17 06:43:54,0.0,86.5,107.5,6.12,60.6,35.4,17.7
2026-04-17 06:43:54,0.0,100.4,112.8,6.8,61.1,43.3,17.6
2026-04-17 06:43:54,0.0,120.2,143.5,5.36,60.6,39.0,17.6
2026-04-17 06:43:54,0.0,88.0,100.1,7.47,60.6,34.7,17.7
2026-04-17 06:43:55,0.0,107.3,131.2,5.35,61.1,32.9,17.7
2026-04-17 06:43:55,0.0,95.2,118.2,6.51,60.0,40.6,17.7
2026-04-17 06:43:55,0.0,92.6,116.6,6.06,61.7,37.3,17.7
2026-04-17 06:43:55,0.0,121.5,144.4,5.15,60.6,34.2,17.7
2026-04-17 06:43:55,0.0,95.6,107.1,7.1,61.1,38.9,17.7
2026-04-17 06:43:55,0.0,89.6,112.8,6.22,60.0,33.3,17.8
2026-04-17 06:43:56,0.0,88.6,111.2,6.03,61.1,34.4,17.8
2026-04-17 06:43:56,0.0,88.8,112.0,6.0,60.6,36.2,17.8
2026-04-17 06:43:56,0.0,87.8,110.6,6.04,59.5,31.3,17.8
2026-04-17 06:43:56,0.0,85.6,97.3,7.63,60.0,34.0,17.8
2026-04-17 06:43:56,0.0,106.9,121.9,6.42,60.6,42.4,17.9
2026-04-17 06:43:56,0.0,88.0,111.0,6.82,60.6,40.0,17.9
2026-04-17 06:43:57,0.0,94.1,117.2,5.8,59.5,34.8,17.9
2026-04-17 06:43:57,0.0,97.2,120.1,5.89,60.0,39.7,17.9
2026-04-17 06:43:57,0.0,97.9,121.5,5.96,61.1,38.8,17.9
2026-04-17 06:43:57,0.0,86.2,109.9,6.46,60.6,36.1,17.9
2026-04-17 06:43:57,0.0,88.2,100.9,7.42,61.1,42.6,17.9
2026-04-17 06:43:57,0.0,88.5,100.4,7.46,61.1,41.5,17.9
2026-04-17 06:43:57,0.0,100.9,123.9,5.6,60.6,35.1,17.9
2026-04-17 06:43:58,0.0,101.0,124.4,5.99,59.5,34.4,17.9
2026-04-17 06:43:58,0.0,95.8,119.0,6.2,61.1,40.3,17.9
2026-04-17 06:43:58,0.0,106.2,130.5,5.62,60.0,37.1,17.9
2026-04-17 06:43:58,0.0,98.1,121.0,6.37,61.1,40.9,17.9
2026-04-17 06:43:58,0.0,103.0,125.3,5.83,61.7,37.1,17.9
2026-04-17 06:43:58,0.0,96.6,118.9,6.24,61.7,37.1,17.8
2026-04-17 06:43:59,0.0,104.5,126.8,5.72,60.0,41.4,17.8
2026-04-17 06:43:59,0.0,98.0,121.0,6.26,61.7,34.9,17.8
2026-04-17 06:43:59,0.0,114.4,137.3,5.47,61.7,35.7,17.8
2026-04-17 06:43:59,0.0,95.6,114.1,6.77,61.7,39.3,17.8
2026-04-17 06:43:59,0.0,87.7,109.1,6.29,61.7,34.9,17.7
2026-04-17 06:43:59,0.0,85.2,97.0,7.66,61.1,41.5,17.7
2026-04-17 06:44:00,0.0,103.1,117.4,6.62,61.1,44.3,17.7
2026-04-17 06:44:00,0.0,96.7,119.7,6.24,62.2,38.5,17.7
2026-04-17 06:44:00,0.0,87.7,109.5,6.35,60.0,34.4,17.7
2026-04-17 06:44:00,0.0,86.5,98.4,7.56,60.6,42.6,17.7
2026-04-17 06:44:00,0.0,87.9,98.5,7.43,60.6,39.2,17.7
2026-04-17 06:44:00,0.0,85.7,97.2,7.64,62.2,42.6,17.7
2026-04-17 06:44:00,0.0,87.8,101.8,7.37,61.1,44.4,17.7
2026-04-17 06:44:01,0.0,121.0,143.9,4.97,62.8,35.0,17.7
2026-04-17 06:44:01,0.0,87.8,107.2,6.06,61.7,30.6,17.7
2026-04-17 06:44:01,0.0,101.7,113.7,6.79,61.1,43.5,17.8
2026-04-17 06:44:01,0.0,95.7,118.8,6.23,60.0,37.5,17.8
2026-04-17 06:44:01,0.0,90.1,115.7,6.12,61.7,37.9,17.8
2026-04-17 06:44:01,0.0,105.5,128.4,5.57,60.0,38.4,17.8
2026-04-17 06:44:02,0.0,100.6,123.8,6.18,60.6,33.3,17.8
2026-04-17 06:44:02,0.0,87.3,113.3,6.35,60.6,41.5,17.8
2026-04-17 06:44:02,0.0,102.8,126.2,5.62,61.1,32.4,17.8
2026-04-17 06:44:02,0.0,88.4,109.2,6.58,60.6,35.0,17.9
2026-04-17 06:44:02,0.0,93.2,116.2,5.83,62.2,34.3,17.8
2026-04-17 06:44:02,0.0,106.6,129.6,5.56,61.7,31.9,17.8
2026-04-17 06:44:03,0.0,91.9,114.9,6.58,60.6,40.3,17.9
2026-04-17 06:44:03,0.0,89.4,112.5,6.09,61.7,37.3,17.9
2026-04-17 06:44:03,0.0,89.8,113.1,5.99,61.1,36.2,17.8
2026-04-17 06:44:03,0.0,86.4,109.1,6.13,60.6,34.4,17.8
2026-04-17 06:44:03,0.0,110.0,123.0,6.37,61.7,41.0,17.8
2026-04-17 06:44:03,0.0,87.5,110.3,6.95,60.6,43.5,17.8
2026-04-17 06:44:04,0.0,90.9,102.9,7.32,61.1,38.9,17.8
2026-04-17 06:44:04,0.0,94.5,117.0,5.83,60.6,38.8,17.8
2026-04-17 06:44:04,0.0,88.2,112.4,6.17,61.1,34.9,17.7
2026-04-17 06:44:04,0.0,104.0,126.9,5.58,61.7,33.8,17.7
2026-04-17 06:44:04,0.0,86.9,110.0,6.68,61.1,38.3,17.7
2026-04-17 06:44:04,0.0,90.3,110.8,5.89,60.6,32.4,17.7
2026-04-17 06:44:05,0.0,89.1,111.6,6.03,61.7,36.4,17.7
2026-04-17 06:44:05,0.0,114.2,137.1,5.23,60.6,36.8,17.7
2026-04-17 06:44:05,0.0,92.8,111.7,6.89,60.0,35.1,17.8
2026-04-17 06:44:05,0.0,118.0,135.1,5.21,61.7,37.3,17.8
2026-04-17 06:44:05,0.0,109.9,125.0,6.31,61.7,37.7,17.8
2026-04-17 06:44:05,0.0,85.2,106.5,7.06,61.1,38.6,17.8
2026-04-17 06:44:06,0.0,89.0,103.4,7.29,61.7,44.6,17.8
2026-04-17 06:44:06,0.0,105.8,128.9,5.45,60.6,34.7,17.9
2026-04-17 06:44:06,0.0,107.4,130.4,5.95,59.5,41.4,17.9
2026-04-17 06:44:06,0.0,106.2,129.1,6.04,59.5,38.8,17.9
2026-04-17 06:44:06,0.0,121.0,144.0,5.51,60.0,36.2,17.9
2026-04-17 06:44:06,0.0,91.8,103.4,7.29,61.7,44.8,18.0
2026-04-17 06:44:07,0.0,108.3,131.5,5.4,60.6,33.3,18.0
2026-04-17 06:44:07,0.0,113.8,137.9,5.82,61.1,41.8,18.0
2026-04-17 06:44:07,0.0,87.6,103.0,7.19,61.1,37.0,18.1
2026-04-17 06:44:07,0.0,89.2,101.4,7.4,61.7,44.4,18.1
2026-04-17 06:44:07,0.0,107.6,130.7,5.41,61.1,30.9,18.1
2026-04-17 06:44:07,0.0,108.1,130.6,5.99,60.6,37.3,18.1
2026-04-17 06:44:07,0.0,95.8,118.8,6.48,60.6,36.2,18.1
2026-04-17 06:44:08,0.0,92.2,119.4,5.98,62.8,39.7,18.1
2026-04-17 06:44:08,0.0,91.3,114.1,6.2,62.2,35.9,18.1
2026-04-17 06:44:08,0.0,90.7,113.7,6.02,60.6,33.8,18.1
2026-04-17 06:44:08,0.0,94.9,118.0,5.85,61.1,38.9,18.0
2026-04-17 06:44:08,0.0,103.3,125.8,5.71,60.6,37.1,18.0
2026-04-17 06:44:08,0.0,89.2,112.4,6.56,60.0,39.1,18.0
2026-04-17 06:44:09,0.0,101.6,124.6,5.59,60.0,34.3,18.0
2026-04-17 06:44:09,0.0,100.3,120.0,6.05,60.6,37.9,17.9
2026-04-17 06:44:09,0.0,87.9,109.8,6.48,61.1,40.6,17.9
2026-04-17 06:44:09,0.0,88.8,104.6,7.23,61.7,43.1,17.9
2026-04-17 06:44:09,0.0,94.7,117.9,5.94,60.6,33.8,17.9
2026-04-17 06:44:09,0.0,96.1,119.1,5.96,61.7,36.8,17.9
2026-04-17 06:44:10,0.0,92.4,115.6,6.12,61.7,37.5,17.9
2026-04-17 06:44:10,0.0,94.6,117.4,5.93,60.6,36.8,17.9
2026-04-17 06:44:10,0.0,92.0,113.9,6.1,61.1,38.2,17.9
2026-04-17 06:44:10,0.0,102.9,126.1,5.63,60.6,30.9,17.9
2026-04-17 06:44:10,0.0,106.0,129.6,5.88,62.8,41.4,17.9
2026-04-17 06:44:10,0.0,87.7,110.6,6.77,61.1,39.0,17.8
2026-04-17 06:44:11,0.0,123.4,146.7,4.94,62.2,35.4,17.8
2026-04-17 06:44:11,0.0,95.0,118.1,5.84,61.1,34.3,17.8
2026-04-17 06:44:11,0.0,98.8,121.8,5.87,60.6,31.8,17.8
2026-04-17 06:44:11,0.0,104.6,129.4,5.74,60.6,35.7,17.8
2026-04-17 06:44:11,0.0,93.7,115.9,6.5,61.7,37.7,17.8
2026-04-17 06:44:11,0.0,90.0,113.1,6.14,62.2,36.8,17.9
2026-04-17 06:44:12,0.0,91.0,113.9,5.97,61.7,32.8,17.9
2026-04-17 06:44:12,0.0,88.5,111.3,6.1,61.7,38.5,18.0
2026-04-17 06:44:12,0.0,89.9,112.8,5.95,62.2,34.3,18.0
2026-04-17 06:44:12,0.0,101.7,125.4,5.58,61.1,35.7,18.0
2026-04-17 06:44:12,0.0,94.4,117.2,6.31,61.1,37.1,18.0
2026-04-17 06:44:12,0.0,92.8,115.8,6.06,61.7,36.4,18.0
2026-04-17 06:44:13,0.0,119.5,142.4,5.17,62.2,37.3,18.0
2026-04-17 06:44:13,0.0,86.4,99.6,7.49,61.7,38.9,18.0
2026-04-17 06:44:13,0.0,94.5,107.7,6.98,62.8,43.6,18.0
2026-04-17 06:44:13,0.0,91.3,114.3,6.19,60.6,33.9,18.0
2026-04-17 06:44:13,0.0,92.4,116.3,5.93,62.8,34.4,18.0
2026-04-17 06:44:13,0.0,112.1,133.9,5.4,61.1,32.9,18.0
2026-04-17 06:44:14,0.0,88.9,110.4,6.95,61.7,36.8,18.1
2026-04-17 06:44:14,0.0,87.0,110.0,6.08,61.1,37.9,18.1
2026-04-17 06:44:14,0.0,111.2,123.6,6.35,61.7,41.7,18.1
2026-04-17 06:44:14,0.0,116.8,138.7,5.8,61.7,39.7,18.1
2026-04-17 06:44:14,0.0,84.4,100.0,7.47,61.7,31.3,18.1
2026-04-17 06:44:14,0.0,128.5,143.9,5.63,61.7,40.6,18.1
2026-04-17 06:44:15,0.0,110.7,133.0,5.49,61.1,33.3,18.1
2026-04-17 06:44:15,0.0,119.8,142.3,5.68,61.7,36.8,18.1
2026-04-17 06:44:15,0.0,102.7,115.3,6.71,61.7,45.3,18.1
2026-04-17 06:44:15,0.0,96.2,119.3,6.25,60.6,33.3,18.1
2026-04-17 06:44:15,0.0,116.7,139.7,5.35,61.7,37.8,18.0
2026-04-17 06:44:15,0.0,91.1,107.6,7.08,62.2,40.4,18.0
2026-04-17 06:44:16,0.0,115.0,138.2,5.25,61.7,34.2,18.0
2026-04-17 06:44:16,0.0,92.7,108.5,6.93,62.2,40.7,18.0
2026-04-17 06:44:16,0.0,95.9,118.7,5.89,61.7,35.3,18.0
2026-04-17 06:44:16,0.0,102.2,126.2,5.74,61.7,34.3,17.9
2026-04-17 06:44:16,0.0,87.2,110.1,6.65,61.7,38.7,17.9
2026-04-17 06:44:16,0.0,85.1,98.1,7.59,61.1,44.6,17.9
2026-04-17 06:44:17,0.0,95.4,109.0,6.99,62.2,44.8,17.9
2026-04-17 06:44:17,0.0,104.8,127.9,5.68,62.8,40.0,17.9
2026-04-17 06:44:17,0.0,106.4,129.3,5.95,61.7,36.8,17.9
2026-04-17 06:44:17,0.0,95.9,118.3,6.4,61.1,37.7,17.9
2026-04-17 06:44:17,0.0,91.9,115.2,6.14,61.7,31.1,17.9
2026-04-17 06:44:17,0.0,88.7,111.1,6.13,62.2,38.2,17.9
2026-04-17 06:44:18,0.0,111.8,134.7,5.27,61.7,32.0,17.9
2026-04-17 06:44:18,0.0,93.3,114.4,6.74,62.2,35.2,17.9
2026-04-17 06:44:18,0.0,94.3,114.3,5.93,61.1,37.7,18.0
2026-04-17 06:44:18,0.0,89.1,110.9,6.24,63.4,31.1,18.0
2026-04-17 06:44:18,0.0,90.5,119.1,5.76,62.2,34.3,18.0
2026-04-17 06:44:18,0.0,106.2,129.0,5.66,61.1,38.4,17.9
2026-04-17 06:44:19,0.0,93.5,116.6,6.5,61.7,34.5,17.9
2026-04-17 06:44:19,0.0,101.1,124.4,5.73,61.7,36.6,17.9
2026-04-17 06:44:19,0.0,85.8,106.4,6.62,60.6,37.3,18.0
2026-04-17 06:44:19,0.0,94.4,108.4,7.04,61.1,42.1,17.9
2026-04-17 06:44:19,0.0,101.3,124.8,5.75,61.1,35.8,17.9
2026-04-17 06:44:19,0.0,119.1,140.2,5.44,62.2,36.1,17.9
2026-04-17 06:44:19,0.0,99.0,112.5,6.82,62.2,39.7,17.9
2026-04-17 06:44:20,0.0,86.4,109.1,6.49,61.1,36.1,18.0
2026-04-17 06:44:20,0.0,95.1,108.5,7.01,61.1,41.1,18.0
2026-04-17 06:44:20,0.0,86.1,110.5,6.33,61.7,37.9,18.0
2026-04-17 06:44:20,0.0,107.2,119.1,6.54,61.1,41.9,18.0
2026-04-17 06:44:20,0.0,84.2,107.2,6.96,60.0,39.7,18.1
2026-04-17 06:44:20,0.0,101.9,117.8,6.61,61.7,45.2,18.1
2026-04-17 06:44:21,0.0,89.3,112.2,6.5,61.7,36.1,18.1
2026-04-17 06:44:21,0.0,109.2,132.2,5.36,62.2,35.6,18.1
2026-04-17 06:44:21,0.0,95.8,118.2,6.52,62.2,31.6,18.1
2026-04-17 06:44:21,0.0,88.0,111.1,6.29,61.7,32.8,18.1
2026-04-17 06:44:21,0.0,96.8,108.2,7.03,61.1,40.4,18.1
2026-04-17 06:44:21,0.0,90.4,113.3,6.24,62.8,35.9,18.1
2026-04-17 06:44:22,0.0,94.1,116.5,5.86,62.2,34.3,18.0
2026-04-17 06:44:22,0.0,107.0,130.1,5.59,61.7,41.1,18.0
2026-04-17 06:44:22,0.0,90.7,112.6,6.65,62.8,39.0,18.0
2026-04-17 06:44:22,0.0,94.2,117.1,5.89,61.1,36.8,18.1
2026-04-17 06:44:22,0.0,91.2,114.3,6.1,61.7,37.9,18.1
2026-04-17 06:44:22,0.0,114.7,137.7,5.27,62.2,30.0,18.1
2026-04-17 06:44:22,0.0,88.8,108.0,7.06,62.2,39.7,18.0
2026-04-17 06:44:23,0.0,89.3,112.5,6.02,61.7,35.8,18.0
2026-04-17 06:44:23,0.0,89.3,112.3,6.0,62.8,34.4,18.0
2026-04-17 06:44:23,0.0,85.1,95.2,7.74,62.8,44.4,18.0
2026-04-17 06:44:23,0.0,99.9,114.1,6.77,62.2,38.9,18.0
2026-04-17 06:44:23,0.0,88.8,112.3,6.41,62.2,39.1,18.0
2026-04-17 06:44:23,0.0,89.9,112.9,5.98,62.8,32.8,18.0
2026-04-17 06:44:24,0.0,94.2,117.2,5.84,61.7,37.1,18.0
2026-04-17 06:44:24,0.0,119.2,142.2,5.22,62.2,32.9,18.0
2026-04-17 06:44:24,0.0,97.6,110.9,6.88,62.2,44.3,18.0
2026-04-17 06:44:24,0.0,87.6,110.7,6.39,61.7,36.5,18.0
2026-04-17 06:44:24,0.0,104.6,116.5,6.65,62.2,40.4,18.0
2026-04-17 06:44:24,0.0,86.1,112.0,6.63,61.7,36.7,18.0
2026-04-17 06:44:25,0.0,99.0,124.4,5.58,61.1,33.8,18.0
2026-04-17 06:44:25,0.0,91.4,113.5,6.34,61.1,38.7,18.0
2026-04-17 06:44:25,0.0,95.7,118.7,5.9,62.2,39.4,18.0
2026-04-17 06:44:25,0.0,89.0,112.0,6.25,61.7,31.7,18.0
2026-04-17 06:44:25,0.0,88.3,111.3,6.03,61.7,34.3,18.0
2026-04-17 06:44:25,0.0,90.3,112.8,5.93,62.8,35.3,18.0
2026-04-17 06:44:26,0.0,105.1,127.9,5.51,61.7,32.9,18.0
2026-04-17 06:44:26,0.0,92.9,116.6,6.45,63.4,39.3,18.0
2026-04-17 06:44:26,0.0,101.9,124.6,5.71,62.2,31.8,18.0
2026-04-17 06:44:26,0.0,97.5,120.8,6.17,62.8,36.9,18.0
2026-04-17 06:44:26,0.0,105.9,129.1,5.71,63.4,34.8,18.0
2026-04-17 06:44:26,0.0,94.7,116.9,6.43,63.4,36.7,18.0
2026-04-17 06:44:27,0.0,91.1,113.8,6.14,62.8,34.9,18.0
2026-04-17 06:44:27,0.0,113.9,137.0,5.28,61.7,38.7,18.0
2026-04-17 06:44:27,0.0,105.7,122.4,6.32,61.7,38.7,18.0
2026-04-17 06:44:27,0.0,94.6,117.6,6.43,61.7,35.6,18.0
2026-04-17 06:44:27,0.0,89.7,112.6,6.19,61.7,38.8,18.0
2026-04-17 06:44:27,0.0,87.0,109.8,6.1,62.8,29.5,18.0
2026-04-17 06:44:28,0.0,97.5,108.6,6.96,63.4,44.8,18.0
2026-04-17 06:44:28,0.0,101.8,123.8,5.85,62.2,35.4,18.0
2026-04-17 06:44:28,0.0,94.3,117.4,6.29,61.7,39.1,18.0
2026-04-17 06:44:28,0.0,94.7,113.2,5.98,62.2,34.8,18.0
2026-04-17 06:44:28,0.0,88.9,111.8,6.23,62.2,33.9,18.0
2026-04-17 06:44:28,0.0,107.3,130.6,5.4,62.8,31.9,18.1
2026-04-17 06:44:29,0.0,94.8,117.8,6.51,62.2,36.7,18.1
2026-04-17 06:44:29,0.0,112.0,134.9,5.44,62.8,36.1,18.1
2026-04-17 06:44:29,0.0,94.8,115.4,6.7,62.2,37.3,18.1
2026-04-17 06:44:29,0.0,107.2,130.4,5.58,62.8,34.3,18.1
2026-04-17 06:44:29,0.0,90.2,113.2,6.7,62.2,35.7,18.1
2026-04-17 06:44:29,0.0,93.1,119.1,5.8,61.1,31.3,18.1
2026-04-17 06:44:30,0.0,97.5,119.4,5.96,62.2,35.8,18.2
2026-04-17 06:44:30,0.0,90.7,113.7,6.24,62.8,33.9,18.2
2026-04-17 06:44:30,0.0,98.0,121.5,5.74,62.8,41.1,18.2
2026-04-17 06:44:30,0.0,96.5,119.5,6.08,62.2,38.8,18.2
2026-04-17 06:44:30,0.0,96.1,119.0,6.02,62.8,33.3,18.2
2026-04-17 06:44:30,0.0,108.3,131.3,5.6,62.8,38.9,18.3
2026-04-17 06:44:31,0.0,92.1,115.1,6.65,62.2,35.6,18.3
2026-04-17 06:44:31,0.0,103.1,126.0,5.62,62.8,34.3,18.3
2026-04-17 06:44:31,0.0,90.8,113.7,6.49,61.7,40.3,18.3
2026-04-17 06:44:31,0.0,96.4,119.4,5.81,61.7,30.3,18.2
2026-04-17 06:44:31,0.0,86.8,110.8,6.31,61.7,39.4,18.2
2026-04-17 06:44:31,0.0,96.5,119.5,5.72,62.8,31.3,18.2
2026-04-17 06:44:32,0.0,87.1,110.2,6.36,61.7,34.4,18.2
2026-04-17 06:44:32,0.0,89.5,105.6,7.18,61.7,42.6,18.2
2026-04-17 06:44:32,0.0,84.9,108.1,6.31,61.7,35.5,18.2
2026-04-17 06:44:32,0.0,100.9,115.7,6.7,61.1,41.9,18.3
2026-04-17 06:44:32,0.0,94.0,117.1,6.27,62.8,35.5,18.3
2026-04-17 06:44:32,0.0,91.7,114.6,6.09,62.2,34.4,18.3
2026-04-17 06:44:33,0.0,280.4,302.1,2.81,62.8,70.0,18.3
2026-04-17 06:44:33,0.0,108.0,109.9,6.19,63.4,82.8,17.8
2026-04-17 06:44:33,0.0,107.4,130.0,6.05,63.4,40.9,17.9
2026-04-17 06:44:33,0.0,101.8,124.9,6.21,63.4,37.5,17.9
2026-04-17 06:44:33,0.0,90.4,111.1,6.45,63.4,37.1,17.8
2026-04-17 06:44:33,0.0,86.0,109.8,6.11,62.8,33.8,17.8
2026-04-17 06:44:34,0.0,99.9,111.9,6.86,62.2,44.8,17.9
2026-04-17 06:44:34,0.0,96.0,119.3,6.14,63.9,36.9,17.9
2026-04-17 06:44:34,0.0,87.3,109.6,6.33,63.4,36.5,17.9
2026-04-17 06:44:34,0.0,86.9,98.9,7.53,63.4,36.7,17.9
2026-04-17 06:44:34,0.0,87.6,99.6,7.47,63.4,47.4,17.9
2026-04-17 06:44:34,0.0,103.5,115.5,6.7,62.2,43.1,17.8
2026-04-17 06:44:34,0.0,90.3,112.9,6.52,62.8,37.7,17.8
2026-04-17 06:44:35,0.0,83.6,107.0,6.24,61.7,31.1,17.8
2026-04-17 06:44:35,0.0,88.0,103.7,7.28,62.8,42.9,17.8
2026-04-17 06:44:35,0.0,90.4,113.7,5.91,62.2,37.1,17.8
2026-04-17 06:44:35,0.0,88.8,111.7,6.07,62.8,34.4,17.8
2026-04-17 06:44:35,0.0,84.5,108.1,6.14,62.2,34.8,17.7
2026-04-17 06:44:35,0.0,101.5,116.2,6.67,61.1,41.7,17.7
2026-04-17 06:44:36,0.0,84.9,107.7,6.67,62.2,35.0,17.7
2026-04-17 06:44:36,0.0,84.7,101.6,7.39,62.2,41.5,17.8
2026-04-17 06:44:36,0.0,99.9,112.9,6.82,62.8,40.4,17.8
2026-04-17 06:44:36,0.0,91.9,114.9,6.32,62.8,39.7,17.8
2026-04-17 06:44:36,0.0,100.1,123.2,5.72,61.7,35.3,17.8
2026-04-17 06:44:36,0.0,94.9,118.1,6.2,63.4,32.8,17.7
2026-04-17 06:44:37,0.0,94.3,116.9,6.02,62.8,35.4,17.8
2026-04-17 06:44:37,0.0,96.7,119.4,5.85,62.8,39.1,17.8
2026-04-17 06:44:37,0.0,86.7,109.6,6.44,63.4,37.1,17.8
2026-04-17 06:44:37,0.0,101.5,113.6,6.78,63.9,40.0,17.8
2026-04-17 06:44:37,0.0,101.8,126.9,5.93,62.2,32.8,17.8
2026-04-17 06:44:37,0.0,101.6,124.6,6.09,62.8,34.9,17.8
2026-04-17 06:44:37,0.0,86.5,109.6,6.6,62.2,38.1,17.8
2026-04-17 06:44:38,0.0,94.8,108.0,7.06,62.8,42.9,17.8
2026-04-17 06:44:38,0.0,126.6,149.7,5.04,63.4,33.8,17.8
2026-04-17 06:44:38,0.0,96.5,118.4,5.89,62.2,31.8,17.8
2026-04-17 06:44:38,0.0,87.9,111.1,6.32,62.8,39.4,17.8
2026-04-17 06:44:38,0.0,110.2,124.8,6.3,62.2,41.9,17.8
2026-04-17 06:44:38,0.0,108.6,129.5,6.14,61.7,39.4,17.7
2026-04-17 06:44:39,0.0,88.0,110.7,6.9,63.4,35.2,17.6
2026-04-17 06:44:39,0.0,89.8,111.8,5.94,63.9,34.3,17.6
2026-04-17 06:44:39,0.0,85.3,108.3,6.16,62.8,31.7,17.7
2026-04-17 06:44:39,0.0,108.2,123.2,6.36,62.8,42.9,17.7
2026-04-17 06:44:39,0.0,102.7,125.6,6.25,63.4,35.5,17.7
2026-04-17 06:44:39,0.0,100.1,123.1,6.1,62.8,37.1,17.7
2026-04-17 06:44:40,0.0,91.1,113.1,6.34,61.1,33.3,17.7
2026-04-17 06:44:40,0.0,89.1,109.4,6.08,61.1,33.8,17.6
2026-04-17 06:44:40,0.0,86.3,109.4,6.1,63.4,32.3,17.7
2026-04-17 06:44:40,0.0,83.3,95.2,7.63,62.8,41.8,17.7
2026-04-17 06:44:40,0.0,105.7,119.0,6.46,63.4,40.3,17.7
2026-04-17 06:44:40,0.0,99.7,122.7,6.23,62.8,31.0,17.7
2026-04-17 06:44:41,0.0,85.3,108.2,6.57,61.7,36.1,17.7
2026-04-17 06:44:41,0.0,95.1,108.0,6.99,62.8,41.4,17.8
2026-04-17 06:44:41,0.0,91.2,114.5,6.14,61.7,35.5,17.8
2026-04-17 06:44:41,0.0,87.3,110.3,6.15,62.8,35.8,17.8
2026-04-17 06:44:41,0.0,87.2,110.1,6.01,63.9,34.4,17.8
2026-04-17 06:44:41,0.0,96.6,108.7,7.01,63.4,42.1,17.7
2026-04-17 06:44:41,0.0,94.6,116.5,6.05,62.8,37.3,17.7
2026-04-17 06:44:42,0.0,88.6,112.3,6.22,63.4,36.4,17.7
2026-04-17 06:44:42,0.0,110.5,133.3,5.33,63.4,40.0,17.7
2026-04-17 06:44:42,0.0,93.5,116.1,6.68,62.8,34.5,17.7
2026-04-17 06:44:42,0.0,92.5,115.5,6.04,61.7,35.8,17.7
2026-04-17 06:44:42,0.0,96.5,118.9,5.86,62.8,34.8,17.7
2026-04-17 06:44:42,0.0,104.4,128.1,5.71,61.7,36.8,17.7
2026-04-17 06:44:43,0.0,90.9,113.6,6.56,63.4,41.3,17.7
2026-04-17 06:44:43,0.0,95.7,117.7,5.83,63.9,32.3,17.6
2026-04-17 06:44:43,0.0,87.7,110.3,6.28,63.9,30.5,17.6
2026-04-17 06:44:43,0.0,107.2,118.7,6.57,63.4,44.3,17.6
2026-04-17 06:44:43,0.0,85.5,108.6,6.91,63.9,32.1,17.6
2026-04-17 06:44:43,0.0,90.4,104.2,7.25,63.4,40.4,17.6
2026-04-17 06:44:44,0.0,86.5,109.5,6.14,62.8,31.2,17.6
2026-04-17 06:44:44,0.0,86.3,100.8,7.43,63.9,43.4,17.6
2026-04-17 06:44:44,0.0,103.3,114.9,6.72,63.4,43.3,17.6
2026-04-17 06:44:44,0.0,91.7,114.6,6.45,65.0,37.7,17.7
2026-04-17 06:44:44,0.0,91.4,114.3,6.01,63.4,35.8,17.6
2026-04-17 06:44:44,0.0,86.8,108.0,6.17,62.8,37.3,17.6
2026-04-17 06:44:44,0.0,101.1,114.7,6.72,63.4,40.4,17.6
2026-04-17 06:44:45,0.0,87.7,110.9,6.58,63.4,33.3,17.6
2026-04-17 06:44:45,0.0,103.7,115.3,6.7,62.8,39.7,17.6
2026-04-17 06:44:45,0.0,96.6,119.9,6.26,64.5,39.1,17.6
2026-04-17 06:44:45,0.0,86.2,109.1,6.41,63.9,34.4,17.7
2026-04-17 06:44:45,0.0,105.1,118.0,6.57,63.4,41.7,17.7
2026-04-17 06:44:45,0.0,90.0,112.9,6.6,63.4,37.7,17.7
2026-04-17 06:44:46,0.0,89.3,112.3,6.02,63.4,35.3,17.7
2026-04-17 06:44:46,0.0,95.1,121.0,5.71,62.8,35.7,17.7
2026-04-17 06:44:46,0.0,106.5,129.6,5.72,63.4,38.6,17.7
2026-04-17 06:44:46,0.0,94.0,117.0,6.4,62.8,34.4,17.7
2026-04-17 06:44:46,0.0,108.4,130.7,5.59,63.9,38.0,17.7
2026-04-17 06:44:46,0.0,96.7,119.6,6.46,63.4,40.6,17.7
2026-04-17 06:44:47,0.0,95.6,118.6,6.04,62.8,35.4,17.7
2026-04-17 06:44:47,0.0,99.4,121.7,5.87,63.4,36.4,17.8
2026-04-17 06:44:47,0.0,90.1,111.2,6.36,63.9,38.5,17.8
2026-04-17 06:44:47,0.0,106.9,130.4,5.44,63.9,37.5,17.8
2026-04-17 06:44:47,0.0,92.1,115.1,6.61,63.9,43.1,17.8
2026-04-17 06:44:47,0.0,91.3,114.1,6.04,65.0,36.2,17.9
2026-04-17 06:44:48,0.0,98.1,122.0,5.73,62.8,37.7,17.9
2026-04-17 06:44:48,0.0,93.1,116.1,6.21,63.9,38.5,17.8
2026-04-17 06:44:48,0.0,86.7,109.9,6.25,64.5,39.4,17.9
2026-04-17 06:44:48,0.0,104.2,116.7,6.65,64.5,42.4,17.9
2026-04-17 06:44:48,0.0,86.3,109.4,6.72,62.8,37.1,17.8
2026-04-17 06:44:48,0.0,84.1,99.5,7.47,63.4,42.3,17.9
2026-04-17 06:44:48,0.0,93.9,106.5,7.13,62.8,45.6,17.9
2026-04-17 06:44:49,0.0,89.2,112.2,6.18,63.9,32.8,17.9
2026-04-17 06:44:49,0.0,85.3,107.6,6.14,64.5,37.3,17.9
2026-04-17 06:44:49,0.0,96.6,111.4,6.9,63.9,43.9,17.9
2026-04-17 06:44:49,0.0,89.9,113.1,6.27,62.8,37.5,17.9
2026-04-17 06:44:49,0.0,87.9,109.4,6.07,62.2,36.8,17.9
2026-04-17 06:44:49,0.0,104.2,127.2,5.48,63.4,33.3,17.9
2026-04-17 06:44:50,0.0,106.6,129.6,5.91,63.9,38.8,17.9
2026-04-17 06:44:50,0.0,100.2,123.3,6.24,63.4,39.1,17.9
2026-04-17 06:44:50,0.0,91.1,114.8,6.33,63.4,38.1,17.9
2026-04-17 06:44:50,0.0,90.9,113.8,6.04,62.2,37.3,17.9
2026-04-17 06:44:50,0.0,101.4,124.4,5.65,63.4,34.3,17.9
2026-04-17 06:44:50,0.0,99.1,122.0,6.09,64.5,37.3,17.8
2026-04-17 06:44:51,0.0,88.2,110.8,6.4,63.4,37.1,17.9
2026-04-17 06:44:51,0.0,96.4,108.2,7.05,63.4,42.1,17.8
2026-04-17 06:44:51,0.0,96.8,120.0,5.95,62.8,34.4,17.8
2026-04-17 06:44:51,0.0,87.4,110.7,6.42,63.9,33.3,17.8
2026-04-17 06:44:51,0.0,88.4,105.7,7.18,63.9,44.8,17.8
2026-04-17 06:44:51,0.0,86.3,109.6,6.28,62.8,32.8,17.8
2026-04-17 06:44:51,0.0,96.2,108.8,6.99,63.9,42.1,17.8
2026-04-17 06:44:52,0.0,109.0,132.3,5.57,63.4,37.1,17.8
2026-04-17 06:44:52,0.0,113.8,135.1,5.84,62.8,39.4,17.8
2026-04-17 06:44:52,0.0,104.8,123.8,6.34,63.4,41.3,17.8
2026-04-17 06:44:52,0.0,85.8,110.1,6.72,63.9,35.1,17.8
2026-04-17 06:44:52,0.0,90.6,102.4,7.21,64.5,41.1,17.8
2026-04-17 06:44:52,0.0,104.5,126.3,5.59,64.5,37.1,17.8
2026-04-17 06:44:53,0.0,116.5,139.4,5.61,63.9,37.5,17.8
2026-04-17 06:44:53,0.0,89.7,106.4,7.15,63.9,41.4,17.9
2026-04-17 06:44:53,0.0,101.3,124.4,5.61,63.9,38.9,17.9
2026-04-17 06:44:53,0.0,100.8,123.9,6.03,63.9,33.8,17.9
2026-04-17 06:44:53,0.0,84.8,104.9,6.64,62.2,34.5,17.9
2026-04-17 06:44:53,0.0,86.1,101.7,7.28,63.9,41.8,17.9
2026-04-17 06:44:54,0.0,85.2,108.3,6.13,63.9,31.7,17.9
2026-04-17 06:44:54,0.0,88.2,102.6,7.35,63.9,39.6,17.9
2026-04-17 06:44:54,0.0,92.7,115.5,5.84,62.8,34.8,18.0
2026-04-17 06:44:54,0.0,85.3,108.5,6.27,62.8,36.5,18.0
2026-04-17 06:44:54,0.0,88.0,104.0,7.26,63.4,43.1,17.9
2026-04-17 06:44:54,0.0,85.4,108.3,6.17,63.9,36.9,17.9
2026-04-17 06:44:54,0.0,85.8,99.8,7.49,63.4,36.7,17.9
2026-04-17 06:44:55,0.0,84.9,98.8,7.55,62.8,42.3,17.9
2026-04-17 06:44:55,0.0,89.6,102.6,7.25,64.5,42.9,17.9
2026-04-17 06:44:55,0.0,109.9,133.0,5.35,63.9,35.5,17.9
2026-04-17 06:44:55,0.0,101.2,123.9,6.33,63.4,38.1,17.9
2026-04-17 06:44:55,0.0,93.2,110.7,6.31,62.8,33.9,17.9
2026-04-17 06:44:55,0.0,90.8,113.8,6.09,63.4,33.3,17.9
2026-04-17 06:44:56,0.0,92.7,115.4,5.94,62.8,32.3,17.9
2026-04-17 06:44:56,0.0,87.9,111.1,6.1,63.9,27.1,17.9
2026-04-17 06:44:56,0.0,98.6,120.5,5.71,63.9,33.3,17.9
2026-04-17 06:44:56,0.0,86.8,110.8,6.42,63.9,37.7,18.0
2026-04-17 06:44:56,0.0,98.2,110.1,6.95,62.8,40.0,17.9
2026-04-17 06:44:56,0.0,95.3,118.4,6.11,63.9,37.3,17.9
2026-04-17 06:44:57,0.0,89.5,112.4,6.22,64.5,34.4,18.0
2026-04-17 06:44:57,0.0,108.3,133.5,5.33,63.9,37.0,18.0
2026-04-17 06:44:57,0.0,94.9,117.4,6.63,62.8,41.0,18.0
2026-04-17 06:44:57,0.0,86.0,107.7,6.28,63.4,33.3,18.0
2026-04-17 06:44:57,0.0,102.8,114.6,6.65,65.0,39.0,18.0
2026-04-17 06:44:57,0.0,86.2,109.3,6.74,64.5,36.7,18.0
2026-04-17 06:44:57,0.0,95.1,108.0,7.02,64.5,48.4,18.0
2026-04-17 06:44:58,0.0,110.8,133.8,5.5,63.9,38.9,18.0
2026-04-17 06:44:58,0.0,108.8,130.1,6.07,64.5,35.4,17.9
2026-04-17 06:44:58,0.0,93.4,116.1,6.61,65.0,43.5,18.0
2026-04-17 06:44:58,0.0,92.3,115.3,6.04,63.9,33.3,18.0
2026-04-17 06:44:58,0.0,97.1,120.1,5.84,62.8,36.2,18.0
2026-04-17 06:44:58,0.0,94.9,117.9,6.09,64.5,36.4,18.0
2026-04-17 06:44:59,0.0,89.3,112.6,6.2,64.5,35.9,18.1
2026-04-17 06:44:59,0.0,118.1,140.8,5.12,63.9,36.8,18.1
2026-04-17 06:44:59,0.0,88.4,102.7,7.3,63.9,44.6,18.1
2026-04-17 06:44:59,0.0,87.0,109.4,6.04,64.5,33.8,18.1
2026-04-17 06:44:59,0.0,90.6,102.8,7.32,63.4,40.7,18.1
2026-04-17 06:44:59,0.0,98.1,121.6,5.74,63.9,33.8,18.2
2026-04-17 06:45:00,0.0,117.3,140.3,5.39,62.2,36.0,18.2
2026-04-17 06:45:00,0.0,94.0,109.5,6.97,64.5,44.1,18.2
2026-04-17 06:45:00,0.0,85.8,109.1,6.31,64.5,32.8,18.2
2026-04-17 06:45:00,0.0,88.2,101.6,7.38,64.5,43.6,18.3
2026-04-17 06:45:00,0.0,90.9,114.5,5.89,63.4,32.3,18.2
2026-04-17 06:45:00,0.0,85.7,108.1,6.22,63.9,33.3,18.3
2026-04-17 06:45:01,0.0,105.8,120.0,6.5,65.0,42.6,18.3
2026-04-17 06:45:01,0.0,93.1,115.5,6.5,63.9,35.0,18.3
2026-04-17 06:45:01,0.0,86.9,110.4,6.22,63.9,37.3,18.3
2026-04-17 06:45:01,0.0,86.7,97.5,7.53,65.0,47.3,18.3
2026-04-17 06:45:01,0.0,97.4,109.9,6.95,64.5,40.4,18.2
2026-04-17 06:45:01,0.0,90.2,113.1,6.28,63.9,36.5,18.2
2026-04-17 06:45:01,0.0,89.6,112.2,6.02,62.8,34.8,18.2
2026-04-17 06:45:02,0.0,90.8,113.9,5.96,64.5,36.4,18.1
2026-04-17 06:45:02,0.0,98.0,120.8,5.75,63.9,37.7,18.1
2026-04-17 06:45:02,0.0,89.6,113.0,6.3,63.9,36.1,18.1
2026-04-17 06:45:02,0.0,93.7,114.3,5.87,64.5,37.5,18.0
2026-04-17 06:45:02,0.0,94.5,119.6,5.9,63.9,37.3,18.0
2026-04-17 06:45:02,0.0,94.0,120.0,6.0,63.9,37.7,17.9
2026-04-17 06:45:03,0.0,106.4,129.6,5.67,64.5,35.3,17.9
2026-04-17 06:45:03,0.0,97.1,120.1,6.37,63.9,38.1,17.9
2026-04-17 06:45:03,0.0,87.9,113.2,6.26,63.4,34.4,17.9
2026-04-17 06:45:03,0.0,112.0,135.4,5.3,63.9,33.8,17.9
2026-04-17 06:45:03,0.0,99.7,120.4,6.5,63.9,41.3,17.9
2026-04-17 06:45:03,0.0,88.7,107.8,6.42,64.5,33.9,17.9
2026-04-17 06:45:04,0.0,88.9,112.0,6.0,64.5,32.3,17.9
2026-04-17 06:45:04,0.0,95.1,117.9,5.79,63.9,38.0,17.9
2026-04-17 06:45:04,0.0,90.9,113.8,6.16,63.4,30.5,17.9
2026-04-17 06:45:04,0.0,118.7,145.3,5.04,63.9,35.1,17.8
2026-04-17 06:45:04,0.0,93.7,117.0,5.84,64.5,29.2,17.8
2026-04-17 06:45:05,0.0,85.9,109.1,6.3,63.9,31.0,17.9
2026-04-17 06:45:05,0.0,90.2,103.5,7.27,64.5,43.9,17.9
2026-04-17 06:45:05,0.0,86.1,113.9,5.98,65.0,33.3,17.9
2026-04-17 06:45:05,0.0,107.8,130.8,5.45,64.5,36.1,17.9
2026-04-17 06:45:05,0.0,87.0,110.0,6.86,64.5,40.3,17.9
2026-04-17 06:45:05,0.0,96.1,109.4,6.98,63.9,40.7,17.9
2026-04-17 06:45:05,0.0,123.5,147.0,5.17,63.4,34.7,17.9
2026-04-17 06:45:06,0.0,100.6,123.6,5.66,65.0,35.2,17.9
2026-04-17 06:45:06,0.0,103.3,126.4,5.91,63.4,37.3,17.9
2026-04-17 06:45:06,0.0,102.4,125.9,6.0,64.5,37.3,17.8
2026-04-17 06:45:06,0.0,122.4,145.6,5.39,63.9,37.8,17.8
2026-04-17 06:45:06,0.0,102.3,125.4,5.56,64.5,35.2,17.8
2026-04-17 06:45:07,0.0,91.4,114.2,6.44,63.9,34.4,17.8
2026-04-17 06:45:07,0.0,105.5,130.5,5.47,63.9,38.9,17.8
2026-04-17 06:45:07,0.0,87.7,111.4,6.79,63.9,39.7,17.8
2026-04-17 06:45:07,0.0,96.0,119.5,5.72,63.4,35.7,17.8
2026-04-17 06:45:07,0.0,110.6,133.4,5.54,64.5,34.7,17.9
2026-04-17 06:45:07,0.0,112.8,133.6,5.92,63.9,37.3,17.9
2026-04-17 06:45:08,0.0,94.1,117.2,6.64,64.5,39.0,17.8
2026-04-17 06:45:08,0.0,89.3,112.4,6.29,64.5,39.7,17.8
2026-04-17 06:45:08,0.0,95.4,118.4,5.79,65.0,30.8,17.8
2026-04-17 06:45:08,0.0,93.4,116.3,6.07,63.9,37.9,17.8
2026-04-17 06:45:08,0.0,89.8,112.7,6.14,63.9,38.8,17.7
2026-04-17 06:45:08,0.0,90.9,114.0,5.96,63.9,34.8,17.7
2026-04-17 06:45:09,0.0,87.8,110.7,6.12,64.5,35.8,17.7
2026-04-17 06:45:09,0.0,106.0,117.7,6.6,65.0,40.4,17.7
2026-04-17 06:45:09,0.0,101.6,124.6,6.17,63.9,40.3,17.7
2026-04-17 06:45:09,0.0,100.5,123.5,6.04,64.5,37.9,17.7
2026-04-17 06:45:09,0.0,102.9,126.3,5.91,63.9,34.3,17.7
2026-04-17 06:45:09,0.0,101.4,124.6,6.07,63.4,35.9,17.7
2026-04-17 06:45:09,0.0,92.8,115.9,6.33,63.9,38.1,17.7
2026-04-17 06:45:10,0.0,93.9,113.1,5.91,64.5,37.1,17.7
2026-04-17 06:45:10,0.0,96.3,118.6,5.95,63.4,39.1,17.8
2026-04-17 06:45:10,0.0,109.5,131.5,5.57,64.5,33.8,17.8
2026-04-17 06:45:10,0.0,89.1,108.0,6.85,63.9,38.3,17.8
2026-04-17 06:45:10,0.0,92.3,115.4,5.88,63.9,36.8,17.9
2026-04-17 06:45:10,0.0,89.1,112.2,6.12,63.4,33.9,17.9
2026-04-17 06:45:11,0.0,88.5,111.4,6.03,62.8,31.7,18.0
2026-04-17 06:45:11,0.0,96.6,119.5,5.73,63.9,33.3,18.0
2026-04-17 06:45:11,0.0,114.8,137.7,5.4,62.8,34.7,18.0
2026-04-17 06:45:11,0.0,83.6,103.3,7.29,63.9,41.8,18.0
2026-04-17 06:45:11,0.0,92.1,106.2,7.15,63.9,43.6,17.9
2026-04-17 06:45:11,0.0,87.6,110.4,6.16,63.4,36.4,18.0
2026-04-17 06:45:12,0.0,82.6,94.5,7.8,63.9,34.0,17.9
2026-04-17 06:45:12,0.0,101.3,118.3,6.59,64.5,50.8,18.0
2026-04-17 06:45:12,0.0,90.3,113.3,6.43,63.9,38.7,18.0
2026-04-17 06:45:12,0.0,85.5,109.0,6.16,63.4,37.3,18.0
2026-04-17 06:45:12,0.0,92.4,106.3,7.15,64.5,43.6,17.9
2026-04-17 06:45:12,0.0,95.9,119.1,5.88,63.4,34.8,17.9
2026-04-17 06:45:13,0.0,94.4,117.5,6.06,64.5,34.3,18.0
2026-04-17 06:45:13,0.0,104.7,127.7,5.65,63.9,36.8,18.0
2026-04-17 06:45:13,0.0,91.8,113.2,6.51,65.0,36.1,18.0
2026-04-17 06:45:13,0.0,94.8,117.7,5.9,65.0,36.4,18.0
2026-04-17 06:45:13,0.0,110.1,133.1,5.5,64.5,35.7,18.0
2026-04-17 06:45:13,0.0,87.1,110.1,6.97,64.5,36.2,18.0
2026-04-17 06:45:14,0.0,100.9,119.6,5.54,63.9,35.3,18.0
2026-04-17 06:45:14,0.0,111.2,134.2,5.66,65.0,35.2,18.0
2026-04-17 06:45:14,0.0,85.0,105.8,7.1,65.0,41.4,18.1
2026-04-17 06:45:14,0.0,101.2,115.1,6.71,63.9,45.9,18.1
2026-04-17 06:45:14,0.0,89.5,112.4,6.46,65.0,31.6,18.1
2026-04-17 06:45:14,0.0,91.7,114.8,5.93,63.9,32.8,18.0
2026-04-17 06:45:14,0.0,87.4,109.0,6.15,64.5,37.3,18.0
2026-04-17 06:45:15,0.0,85.5,97.6,7.61,65.0,38.0,18.0
2026-04-17 06:45:15,0.0,91.3,105.2,7.2,62.8,44.8,18.0
2026-04-17 06:45:15,0.0,94.5,117.9,5.88,64.5,31.8,18.0
2026-04-17 06:45:15,0.0,85.5,108.5,6.35,63.9,34.4,18.0
2026-04-17 06:45:15,0.0,91.1,105.1,7.2,65.0,40.0,18.0
2026-04-17 06:45:15,0.0,87.1,110.6,6.13,65.0,35.8,17.9
2026-04-17 06:45:16,0.0,91.3,103.1,7.31,65.0,41.5,17.9
2026-04-17 06:45:16,0.0,90.9,110.3,6.01,64.5,33.8,17.9
2026-04-17 06:45:16,0.0,99.8,125.2,5.6,64.5,36.5,17.9
2026-04-17 06:45:16,0.0,99.5,122.3,6.13,65.0,35.5,18.0
2026-04-17 06:45:16,0.0,90.4,113.6,6.34,64.5,37.5,17.9
2026-04-17 06:45:16,0.0,87.7,110.2,6.1,65.5,33.8,17.9
2026-04-17 06:45:16,0.0,88.9,101.0,7.43,64.5,40.7,17.9
2026-04-17 06:45:17,0.0,98.5,122.0,5.67,64.5,34.3,17.9
2026-04-17 06:45:17,0.0,101.7,124.6,5.91,63.9,36.9,17.9
2026-04-17 06:45:17,0.0,104.4,127.4,5.9,63.9,39.1,18.0
2026-04-17 06:45:17,0.0,88.8,111.7,6.63,63.9,40.6,18.0
2026-04-17 06:45:17,0.0,87.3,108.3,6.05,64.5,36.8,18.0
2026-04-17 06:45:17,0.0,83.7,93.5,7.69,63.9,42.6,18.0
2026-04-17 06:45:18,0.0,103.0,116.9,6.58,65.0,43.7,18.0
2026-04-17 06:45:18,0.0,100.2,123.3,6.11,63.9,36.1,18.0
2026-04-17 06:45:18,0.0,89.3,112.5,6.41,65.0,36.1,18.0
2026-04-17 06:45:18,0.0,87.5,106.5,6.07,63.9,34.8,18.0
2026-04-17 06:45:18,0.0,96.2,120.1,5.69,65.0,36.2,18.0
2026-04-17 06:45:18,0.0,92.5,115.6,6.17,64.5,36.9,18.0
2026-04-17 06:45:19,0.0,86.9,110.3,6.2,63.9,38.2,18.0
2026-04-17 06:45:19,0.0,89.3,101.4,7.4,66.1,38.5,18.0
2026-04-17 06:45:19,0.0,113.1,135.2,5.22,65.0,32.4,18.1
2026-04-17 06:45:19,0.0,91.8,110.8,6.93,62.8,39.3,18.1
2026-04-17 06:45:19,0.0,98.6,121.5,5.77,66.1,36.6,18.1
2026-04-17 06:45:19,0.0,88.2,111.4,6.39,65.0,37.1,18.1
2026-04-17 06:45:20,0.0,86.2,104.9,6.05,65.0,30.2,18.1
2026-04-17 06:45:20,0.0,92.6,104.7,7.22,64.5,43.6,18.1
2026-04-17 06:45:20,0.0,92.5,115.7,6.0,63.9,40.0,18.2
2026-04-17 06:45:20,0.0,104.7,127.7,5.59,65.0,37.7,18.2
2026-04-17 06:45:20,0.0,88.8,111.3,6.64,64.5,42.2,18.3
2026-04-17 06:45:20,0.0,106.0,126.9,5.44,65.0,35.6,18.3
2026-04-17 06:45:21,0.0,87.6,109.2,6.73,65.0,38.3,18.3
2026-04-17 06:45:21,0.0,116.7,128.6,6.17,64.5,42.2,18.4
2026-04-17 06:45:21,0.0,101.5,117.8,6.61,64.5,41.9,18.4
2026-04-17 06:45:21,0.0,94.9,118.0,6.24,65.5,36.5,18.4
2026-04-17 06:45:21,0.0,88.2,112.8,6.2,64.5,35.9,18.3
2026-04-17 06:45:21,0.0,84.3,110.0,6.11,64.5,33.8,18.3
2026-04-17 06:45:21,0.0,90.6,103.2,7.3,64.5,40.7,18.3
2026-04-17 06:45:22,0.0,100.5,123.4,5.67,63.9,31.3,18.3
2026-04-17 06:45:22,0.0,94.2,113.7,6.23,64.5,38.1,18.3
2026-04-17 06:45:22,0.0,94.7,116.7,5.98,64.5,39.1,18.4
2026-04-17 06:45:22,0.0,104.2,127.1,5.69,64.5,36.8,18.4
2026-04-17 06:45:22,0.0,88.1,110.9,6.65,64.5,37.3,18.4
2026-04-17 06:45:22,0.0,96.9,113.7,5.7,66.1,34.3,18.4
2026-04-17 06:45:23,0.0,95.8,118.7,6.04,64.5,36.4,18.4
2026-04-17 06:45:23,0.0,88.7,109.5,6.26,65.5,31.0,18.4
2026-04-17 06:45:23,0.0,87.7,107.0,6.04,64.5,32.3,18.4
2026-04-17 06:45:23,0.0,94.0,105.7,7.17,66.1,46.6,18.3
2026-04-17 06:45:23,0.0,93.3,114.6,6.02,65.0,35.4,18.3
2026-04-17 06:45:23,0.0,89.0,112.1,6.16,65.5,30.0,18.3
2026-04-17 06:45:24,0.0,90.3,113.6,5.95,63.9,36.8,18.3
2026-04-17 06:45:24,0.0,112.1,135.2,5.31,65.5,37.8,18.3
2026-04-17 06:45:24,0.0,100.9,123.0,6.39,64.5,38.5,18.3
2026-04-17 06:45:24,0.0,89.7,112.7,6.48,65.0,36.2,18.3
2026-04-17 06:45:24,0.0,89.2,112.4,6.01,63.9,35.4,18.2
2026-04-17 06:45:24,0.0,93.9,116.9,5.84,65.0,33.8,18.2
2026-04-17 06:45:25,0.0,95.9,118.8,5.93,65.0,36.8,18.2
2026-04-17 06:45:25,0.0,90.9,113.8,6.2,65.0,30.0,18.3
2026-04-17 06:45:25,0.0,86.4,105.8,6.15,64.5,28.3,18.3
2026-04-17 06:45:25,0.0,113.9,126.7,6.22,63.9,50.0,18.3
2026-04-17 06:45:25,0.0,87.4,105.9,7.16,65.5,38.9,18.3
2026-04-17 06:45:25,0.0,89.8,102.9,7.32,65.5,43.6,18.3
2026-04-17 06:45:26,0.0,91.2,114.1,5.99,65.5,32.8,18.3
2026-04-17 06:45:26,0.0,87.3,110.3,6.15,63.4,35.3,18.3
2026-04-17 06:45:26,0.0,90.6,103.0,7.29,65.0,40.4,18.2
2026-04-17 06:45:26,0.0,99.4,122.6,5.71,64.5,38.6,18.2
2026-04-17 06:45:26,0.0,127.4,149.6,5.13,64.5,32.4,18.2
2026-04-17 06:45:26,0.0,86.7,109.9,6.29,64.5,32.2,18.2
2026-04-17 06:45:26,0.0,86.1,98.9,7.54,64.5,40.7,18.1
2026-04-17 06:45:27,0.0,88.9,101.4,7.37,65.0,41.5,18.2
2026-04-17 06:45:27,0.0,106.8,129.5,5.41,65.0,37.0,18.2
2026-04-17 06:45:27,0.0,86.0,108.7,6.86,65.0,35.7,18.2
2026-04-17 06:45:27,0.0,95.3,108.4,7.02,65.5,42.1,18.2
2026-04-17 06:45:27,0.0,91.4,114.6,6.14,65.5,35.9,18.1
2026-04-17 06:45:27,0.0,102.7,125.6,5.62,66.1,38.4,18.1
2026-04-17 06:45:28,0.0,90.1,113.0,6.5,65.0,37.1,18.1
2026-04-17 06:45:28,0.0,89.2,113.3,6.0,64.5,34.4,18.1
2026-04-17 06:45:28,0.0,92.3,115.0,5.92,65.5,35.8,18.1
2026-04-17 06:45:28,0.0,100.9,124.0,5.71,65.0,35.2,18.1
2026-04-17 06:45:28,0.0,88.2,111.7,6.48,64.5,37.7,18.1
2026-04-17 06:45:28,0.0,104.3,127.3,5.49,63.9,33.8,18.2
2026-04-17 06:45:29,0.0,99.2,122.6,6.18,63.9,40.3,18.2
2026-04-17 06:45:29,0.0,90.8,113.9,6.33,63.9,33.3,18.2
2026-04-17 06:45:29,0.0,89.9,112.7,6.03,64.5,35.8,18.2
2026-04-17 06:45:29,0.0,99.5,122.4,5.68,65.0,33.3,18.2
2026-04-17 06:45:29,0.0,89.8,111.0,6.37,65.0,35.6,18.2
2026-04-17 06:45:29,0.0,88.4,110.6,6.05,65.0,31.7,18.1
2026-04-17 06:45:30,0.0,92.5,115.4,5.87,64.5,34.3,18.1
2026-04-17 06:45:30,0.0,97.6,121.7,5.79,65.0,38.6,18.1
2026-04-17 06:45:30,0.0,108.1,131.2,5.68,63.9,34.8,18.1
2026-04-17 06:45:30,0.0,103.3,126.3,6.19,65.5,35.0,18.1
2026-04-17 06:45:30,0.0,102.6,125.6,6.02,64.5,37.9,18.1
2026-04-17 06:45:30,0.0,94.1,117.0,6.34,65.0,39.7,18.1
2026-04-17 06:45:31,0.0,97.5,120.5,5.88,63.9,36.2,18.0
2026-04-17 06:45:31,0.0,90.5,113.5,6.27,65.5,36.9,18.0
2026-04-17 06:45:31,0.0,91.2,111.7,5.93,63.9,34.3,18.0
2026-04-17 06:45:31,0.0,97.0,118.5,5.84,65.0,31.2,18.0
2026-04-17 06:45:31,0.0,90.6,113.4,6.25,64.5,37.9,17.9
2026-04-17 06:45:31,0.0,101.8,124.8,5.62,64.5,35.3,18.0
2026-04-17 06:45:32,0.0,94.9,118.1,6.26,65.5,34.4,18.0
2026-04-17 06:45:32,0.0,108.4,131.5,5.56,66.1,42.7,18.0
2026-04-17 06:45:32,0.0,104.7,131.8,5.99,65.0,46.0,18.1
2026-04-17 06:45:32,0.0,89.2,112.9,6.77,66.1,36.8,18.1
2026-04-17 06:45:32,0.0,87.4,110.3,6.07,65.0,35.8,18.1
2026-04-17 06:45:32,0.0,98.5,110.1,6.95,64.5,42.1,18.2
2026-04-17 06:45:33,0.0,92.8,115.9,6.13,64.5,35.4,18.2
2026-04-17 06:45:33,0.0,90.4,113.3,6.17,65.5,35.5,18.2
2026-04-17 06:45:33,0.0,88.6,110.7,6.06,65.0,32.8,18.2
2026-04-17 06:45:33,0.0,94.3,117.4,5.81,64.5,37.5,18.3
2026-04-17 06:45:33,0.0,89.3,112.4,6.19,64.5,32.3,18.3
2026-04-17 06:45:33,0.0,88.2,111.2,6.04,65.0,33.3,18.3
2026-04-17 06:45:34,0.0,87.6,110.7,6.02,65.0,37.3,18.3
2026-04-17 06:45:34,0.0,94.8,106.8,7.13,65.5,40.0,18.3
2026-04-17 06:45:34,0.0,89.9,114.0,6.14,64.5,39.1,18.4
2026-04-17 06:45:34,0.0,87.5,110.6,6.13,66.1,31.7,18.3
2026-04-17 06:45:34,0.0,87.5,98.4,7.43,66.1,43.6,18.3
2026-04-17 06:45:34,0.0,85.1,108.5,6.12,65.5,34.4,18.3
2026-04-17 06:45:34,0.0,91.8,106.0,7.16,66.1,40.0,18.3
2026-04-17 06:45:35,0.0,91.8,115.2,5.99,65.5,35.4,18.3
2026-04-17 06:45:35,0.0,247.5,271.5,3.06,67.2,86.9,17.9
2026-04-17 06:45:35,0.0,141.0,154.2,5.32,65.5,54.1,17.8
2026-04-17 06:45:35,0.0,115.9,137.8,5.71,65.0,39.1,17.8
2026-04-17 06:45:35,0.0,89.1,108.3,7.05,65.0,41.1,17.8
2026-04-17 06:45:36,0.0,100.5,123.6,5.69,65.0,37.1,17.7
2026-04-17 06:45:36,0.0,92.1,115.1,6.32,65.5,34.4,17.7
2026-04-17 06:45:36,0.0,87.0,110.2,6.19,65.5,31.1,17.7
2026-04-17 06:45:36,0.0,92.7,104.8,7.21,66.1,40.7,17.7
2026-04-17 06:45:36,0.0,90.2,110.0,6.08,66.1,39.7,17.6
2026-04-17 06:45:36,0.0,97.2,120.3,5.77,66.1,36.6,17.6
2026-04-17 06:45:37,0.0,86.5,106.9,6.42,64.5,36.1,17.6
2026-04-17 06:45:37,0.0,120.6,133.7,5.98,66.1,45.5,17.6
2026-04-17 06:45:37,0.0,86.2,98.3,7.57,65.5,41.5,17.6
2026-04-17 06:45:37,0.0,95.3,107.9,7.0,65.5,43.9,17.6
2026-04-17 06:45:37,0.0,103.4,126.4,5.74,65.0,38.0,17.6
2026-04-17 06:45:37,0.0,90.3,113.2,6.51,65.5,36.7,17.5
2026-04-17 06:45:38,0.0,94.0,117.0,5.88,66.1,34.3,17.5
2026-04-17 06:45:38,0.0,87.6,110.5,6.24,65.5,34.4,17.6
2026-04-17 06:45:38,0.0,84.3,96.3,7.63,65.0,38.8,17.6
2026-04-17 06:45:38,0.0,95.7,109.6,6.96,64.5,42.1,17.6
2026-04-17 06:45:38,0.0,87.3,110.2,6.33,65.5,40.0,17.6
2026-04-17 06:45:38,0.0,100.2,112.7,6.83,65.5,39.3,17.7
2026-04-17 06:45:38,0.0,95.9,118.5,6.17,65.5,38.5,17.7
2026-04-17 06:45:39,0.0,89.7,113.1,6.22,65.0,34.9,17.7
2026-04-17 06:45:39,0.0,82.6,108.5,6.17,65.0,38.6,17.7
2026-04-17 06:45:39,0.0,110.4,122.8,6.32,66.7,39.0,17.6
2026-04-17 06:45:39,0.0,90.9,114.2,6.74,67.2,42.1,17.7
2026-04-17 06:45:39,0.0,98.2,121.1,5.79,65.5,40.0,17.7
2026-04-17 06:45:39,0.0,92.1,115.1,6.23,65.5,33.3,17.7
2026-04-17 06:45:40,0.0,99.1,121.7,5.76,64.5,34.3,17.7
2026-04-17 06:45:40,0.0,103.5,126.4,5.85,65.5,36.2,17.7
2026-04-17 06:45:40,0.0,109.5,133.6,5.75,64.5,38.8,17.7
2026-04-17 06:45:40,0.0,97.7,117.0,6.51,65.5,38.3,17.7
2026-04-17 06:45:40,0.0,92.7,115.5,6.17,65.5,38.8,17.7
2026-04-17 06:45:40,0.0,115.2,138.2,5.3,64.5,37.5,17.6
2026-04-17 06:45:41,0.0,102.0,119.2,6.52,65.5,42.2,17.6
2026-04-17 06:45:41,0.0,91.7,114.8,6.39,65.0,33.3,17.7
2026-04-17 06:45:41,0.0,109.2,132.2,5.44,65.5,34.3,17.7
2026-04-17 06:45:41,0.0,90.5,113.6,6.75,66.1,40.7,17.6
2026-04-17 06:45:41,0.0,88.4,111.6,6.08,66.1,34.8,17.6
2026-04-17 06:45:41,0.0,100.9,123.7,5.59,65.5,38.4,17.6
2026-04-17 06:45:42,0.0,109.6,132.6,5.7,66.7,36.2,17.6
2026-04-17 06:45:42,0.0,114.5,137.3,5.83,66.1,41.2,17.6
2026-04-17 06:45:42,0.0,105.8,126.1,6.27,65.5,39.7,17.6
2026-04-17 06:45:42,0.0,88.4,111.3,6.78,65.5,37.5,17.7
2026-04-17 06:45:42,0.0,94.6,116.7,5.78,65.5,33.8,17.6
2026-04-17 06:45:42,0.0,91.6,114.5,6.12,66.1,37.9,17.6
2026-04-17 06:45:43,0.0,88.5,112.9,6.07,64.5,33.8,17.6
2026-04-17 06:45:43,0.0,105.4,128.5,5.5,64.5,35.6,17.6
2026-04-17 06:45:43,0.0,88.0,111.2,6.7,66.1,37.3,17.6
2026-04-17 06:45:43,0.0,84.1,102.8,6.15,64.5,34.8,17.6
2026-04-17 06:45:43,0.0,105.7,121.2,6.46,65.0,43.8,17.6
2026-04-17 06:45:43,0.0,101.7,124.7,6.06,65.5,34.9,17.6
2026-04-17 06:45:43,0.0,88.4,109.0,6.62,65.5,37.7,17.6
2026-04-17 06:45:44,0.0,112.6,129.6,5.21,66.1,42.9,17.6
2026-04-17 06:45:44,0.0,97.4,115.0,6.63,65.5,38.6,17.6
2026-04-17 06:45:44,0.0,101.1,125.0,5.86,65.5,35.3,17.6
2026-04-17 06:45:44,0.0,102.9,125.8,5.97,65.0,36.4,17.6
2026-04-17 06:45:44,0.0,91.9,115.3,6.41,66.1,39.1,17.5
2026-04-17 06:45:44,0.0,90.6,113.4,6.07,66.1,35.8,17.5
2026-04-17 06:45:45,0.0,89.9,112.8,6.02,65.0,35.8,17.5
2026-04-17 06:45:45,0.0,99.3,122.3,5.68,66.1,35.2,17.5
2026-04-17 06:45:45,0.0,88.9,111.5,6.4,67.2,39.1,17.5
2026-04-17 06:45:45,0.0,90.4,111.4,5.94,64.5,32.3,17.4
2026-04-17 06:45:45,0.0,104.1,130.1,5.46,65.5,35.6,17.4
2026-04-17 06:45:46,0.0,108.4,131.4,5.96,65.5,41.8,17.4
2026-04-17 06:45:46,0.0,96.3,119.4,6.47,65.5,38.1,17.4
2026-04-17 06:45:46,0.0,88.6,111.1,6.29,66.7,37.9,17.4
2026-04-17 06:45:46,0.0,108.6,129.9,5.36,64.5,32.9,17.4
2026-04-17 06:45:46,0.0,86.8,109.7,6.91,65.0,37.5,17.5
2026-04-17 06:45:46,0.0,91.5,104.2,7.24,65.0,44.6,17.5
2026-04-17 06:45:46,0.0,109.0,132.8,5.41,65.5,33.3,17.5
2026-04-17 06:45:47,0.0,90.7,114.2,6.75,65.5,34.5,17.6
2026-04-17 06:45:47,0.0,93.8,116.5,5.92,65.0,41.2,17.6
2026-04-17 06:45:47,0.0,89.6,112.4,6.16,65.5,35.4,17.6
2026-04-17 06:45:47,0.0,92.7,115.6,5.89,65.0,35.7,17.6
2026-04-17 06:45:47,0.0,107.1,131.2,5.49,65.0,35.7,17.6
2026-04-17 06:45:47,0.0,105.8,128.8,6.09,65.0,37.1,17.7
2026-04-17 06:45:48,0.0,87.0,110.0,6.77,67.2,38.3,17.7
2026-04-17 06:45:48,0.0,88.6,102.8,7.31,66.1,45.5,17.7
2026-04-17 06:45:48,0.0,88.5,111.4,6.06,66.7,36.8,17.8
2026-04-17 06:45:48,0.0,90.9,113.9,5.93,66.1,36.2,17.8
2026-04-17 06:45:48,0.0,105.2,127.7,5.53,66.1,34.8,17.8
2026-04-17 06:45:48,0.0,110.2,133.1,5.83,65.5,37.9,17.8
2026-04-17 06:45:49,0.0,86.4,109.2,7.01,65.0,34.5,17.8
2026-04-17 06:45:49,0.0,96.8,109.9,6.94,65.5,43.1,17.8
2026-04-17 06:45:49,0.0,87.2,110.1,6.38,64.5,37.1,17.7
2026-04-17 06:45:49,0.0,89.0,100.9,7.41,66.7,37.3,17.7
2026-04-17 06:45:49,0.0,89.3,112.1,5.99,65.5,35.8,17.7
2026-04-17 06:45:49,0.0,114.2,136.2,5.2,65.5,33.3,17.7
2026-04-17 06:45:50,0.0,90.0,108.2,7.05,65.0,40.4,17.7
2026-04-17 06:45:50,0.0,94.6,117.0,5.83,66.1,34.8,17.7
2026-04-17 06:45:50,0.0,85.9,108.9,6.35,64.5,35.5,17.7
2026-04-17 06:45:50,0.0,88.3,102.3,7.36,66.1,44.6,17.7
2026-04-17 06:45:50,0.0,87.3,110.2,6.05,66.7,35.8,17.6
2026-04-17 06:45:50,0.0,93.3,116.4,5.79,65.5,35.3,17.6
2026-04-17 06:45:50,0.0,92.2,115.2,6.04,66.1,35.8,17.6
2026-04-17 06:45:51,0.0,103.0,125.9,5.63,65.5,38.0,17.6
2026-04-17 06:45:51,0.0,101.7,124.5,6.06,67.2,37.5,17.6
2026-04-17 06:45:51,0.0,92.1,115.2,6.37,66.1,34.4,17.6
2026-04-17 06:45:51,0.0,97.2,120.2,5.83,66.1,37.1,17.6
2026-04-17 06:45:51,0.0,93.1,116.6,6.06,66.1,33.3,17.6
2026-04-17 06:45:51,0.0,90.0,112.8,6.21,65.5,35.5,17.6
2026-04-17 06:45:52,0.0,110.6,133.4,5.35,65.0,40.8,17.6
2026-04-17 06:45:52,0.0,105.8,127.8,6.16,66.1,37.1,17.6
2026-04-17 06:45:52,0.0,88.9,111.8,6.69,65.5,39.3,17.7
2026-04-17 06:45:52,0.0,88.9,110.2,6.0,66.1,35.8,17.7
2026-04-17 06:45:52,0.0,94.0,116.6,5.83,65.0,37.1,17.7
2026-04-17 06:45:52,0.0,87.5,110.5,6.25,64.5,34.4,17.8
2026-04-17 06:45:53,0.0,84.9,100.2,7.46,66.1,44.6,17.8
2026-04-17 06:45:53,0.0,96.1,119.4,5.65,65.5,35.7,17.8
2026-04-17 06:45:53,0.0,108.3,130.5,5.67,66.7,34.8,17.8
2026-04-17 06:45:53,0.0,87.8,111.0,6.84,66.1,39.0,17.9
2026-04-17 06:45:53,0.0,92.4,104.2,7.27,66.1,38.0,17.9
2026-04-17 06:45:53,0.0,85.3,108.3,6.26,66.1,30.5,17.9
2026-04-17 06:45:54,0.0,87.8,101.3,7.37,66.7,41.8,17.9
2026-04-17 06:45:54,0.0,105.7,117.0,6.62,66.1,41.4,17.9
2026-04-17 06:45:54,0.0,108.8,131.7,5.9,65.5,37.7,17.9
2026-04-17 06:45:54,0.0,86.6,105.9,6.92,66.1,37.5,18.0
2026-04-17 06:45:54,0.0,102.6,116.2,6.65,67.2,44.3,17.9
2026-04-17 06:45:54,0.0,93.5,116.6,6.39,65.5,40.6,17.9
2026-04-17 06:45:54,0.0,90.3,113.0,6.12,65.5,33.8,17.9
2026-04-17 06:45:55,0.0,91.1,113.3,5.97,66.1,35.3,17.9
2026-04-17 06:45:55,0.0,98.1,120.9,5.76,65.0,35.3,17.9
2026-04-17 06:45:55,0.0,104.1,127.1,5.8,65.5,38.0,18.0
2026-04-17 06:45:55,0.0,84.6,107.5,6.8,66.1,36.2,18.0
2026-04-17 06:45:55,0.0,88.7,103.2,7.27,65.5,46.4,18.0
2026-04-17 06:45:55,0.0,98.4,121.4,5.68,66.1,35.2,18.0
2026-04-17 06:45:56,0.0,94.5,117.6,6.15,65.5,37.3,17.9
2026-04-17 06:45:56,0.0,120.1,143.7,5.18,65.5,36.8,17.9
2026-04-17 06:45:56,0.0,102.1,114.0,6.77,65.5,40.4,17.9
2026-04-17 06:45:56,0.0,95.0,118.2,6.26,65.0,38.5,17.9
2026-04-17 06:45:56,0.0,114.8,137.8,5.36,65.5,38.5,17.8
2026-04-17 06:45:56,0.0,95.9,111.6,6.79,65.5,37.0,17.8
2026-04-17 06:45:57,0.0,85.1,109.1,6.38,65.5,33.3,17.8
2026-04-17 06:45:57,0.0,105.3,118.3,6.51,66.1,48.5,17.8
2026-04-17 06:45:57,0.0,107.8,130.6,5.95,65.0,35.4,17.9
2026-04-17 06:45:57,0.0,102.8,125.9,6.19,64.5,39.1,17.9
2026-04-17 06:45:57,0.0,90.3,113.2,6.49,65.0,36.1,17.8
2026-04-17 06:45:57,0.0,89.0,111.6,6.05,67.2,38.2,17.8
2026-04-17 06:45:58,0.0,88.0,111.1,6.04,65.5,33.3,17.8
2026-04-17 06:45:58,0.0,90.3,111.2,5.93,65.5,36.4,17.7
2026-04-17 06:45:58,0.0,88.7,114.6,5.95,66.1,30.2,17.7
2026-04-17 06:45:58,0.0,87.5,110.8,6.15,66.1,36.4,17.7
2026-04-17 06:45:58,0.0,88.7,100.5,7.45,65.5,45.6,17.6
2026-04-17 06:45:58,0.0,90.5,114.7,5.9,67.2,39.4,17.6
2026-04-17 06:45:59,0.0,101.0,124.0,5.69,67.2,34.3,17.6
2026-04-17 06:45:59,0.0,97.1,120.1,6.14,66.1,32.3,17.6
2026-04-17 06:45:59,0.0,85.6,105.9,6.45,66.7,35.0,17.7
2026-04-17 06:45:59,0.0,96.9,111.1,6.91,66.7,44.1,17.7
2026-04-17 06:45:59,0.0,113.1,135.5,5.47,66.7,34.2,17.7
2026-04-17 06:45:59,0.0,95.4,115.1,6.73,65.0,42.6,17.6
2026-04-17 06:46:00,0.0,88.5,111.4,6.25,66.1,32.8,17.6
2026-04-17 06:46:00,0.0,88.9,111.8,5.99,66.1,35.8,17.6
2026-04-17 06:46:00,0.0,90.8,113.2,5.93,65.5,34.3,17.6
2026-04-17 06:46:00,0.0,111.5,134.4,5.34,66.1,36.8,17.6
2026-04-17 06:46:00,0.0,86.2,107.4,7.08,66.1,35.8,17.6
2026-04-17 06:46:00,0.0,94.1,107.9,7.07,66.7,41.5,17.6
2026-04-17 06:46:00,0.0,93.2,116.4,6.04,66.7,36.8,17.6
2026-04-17 06:46:01,0.0,96.8,119.6,5.88,65.5,32.3,17.6
2026-04-17 06:46:01,0.0,96.5,119.5,6.01,66.1,36.4,17.5
2026-04-17 06:46:01,0.0,121.6,144.4,5.21,65.0,40.8,17.5
2026-04-17 06:46:01,0.0,101.3,124.3,5.57,65.0,30.9,17.5
2026-04-17 06:46:01,0.0,91.6,111.9,6.37,66.1,38.1,17.5
2026-04-17 06:46:02,0.0,88.9,111.5,6.1,66.1,33.3,17.6
2026-04-17 06:46:02,0.0,106.0,129.0,5.45,66.1,39.2,17.5
2026-04-17 06:46:02,0.0,96.6,117.4,6.34,66.7,38.1,17.6
2026-04-17 06:46:02,0.0,91.6,106.8,6.2,65.5,32.2,17.6
2026-04-17 06:46:02,0.0,106.0,128.2,5.52,67.2,37.3,17.5
2026-04-17 06:46:02,0.0,97.0,119.8,6.35,67.2,40.9,17.5
2026-04-17 06:46:03,0.0,105.5,128.0,5.71,66.1,42.9,17.6
2026-04-17 06:46:03,0.0,91.9,110.4,6.54,66.1,37.3,17.6
2026-04-17 06:46:03,0.0,114.9,137.9,5.27,66.1,36.0,17.6
2026-04-17 06:46:03,0.0,102.9,121.1,6.47,67.2,36.2,17.6
2026-04-17 06:46:03,0.0,92.9,116.0,6.39,66.7,37.1,17.6
2026-04-17 06:46:03,0.0,108.7,131.8,5.49,66.7,36.1,17.6
2026-04-17 06:46:04,0.0,91.4,114.7,6.69,66.7,35.1,17.6
2026-04-17 06:46:04,0.0,102.9,126.1,5.6,66.1,34.3,17.6
2026-04-17 06:46:04,0.0,89.7,112.6,6.5,66.1,34.5,17.6
2026-04-17 06:46:04,0.0,100.1,123.0,5.68,66.7,33.3,17.6
2026-04-17 06:46:04,0.0,97.7,120.4,6.09,66.1,36.9,17.6
2026-04-17 06:46:04,0.0,110.3,133.1,5.58,65.5,35.7,17.6
2026-04-17 06:46:05,0.0,99.1,121.8,6.43,65.5,37.7,17.6
2026-04-17 06:46:05,0.0,94.0,115.8,6.2,66.1,39.4,17.6
2026-04-17 06:46:05,0.0,88.5,112.0,6.19,66.7,31.1,17.7
2026-04-17 06:46:05,0.0,85.9,97.0,7.66,65.5,42.3,17.7
2026-04-17 06:46:05,0.0,85.0,99.2,7.5,65.5,40.4,17.8
2026-04-17 06:46:05,0.0,92.7,106.2,7.16,65.5,37.7,17.8
2026-04-17 06:46:05,0.0,87.5,110.4,6.2,66.7,32.8,17.8
2026-04-17 06:46:06,0.0,102.1,113.6,6.76,67.2,38.2,17.9
2026-04-17 06:46:06,0.0,85.0,111.8,6.52,65.5,36.1,17.9
2026-04-17 06:46:06,0.0,91.8,114.8,5.9,66.7,36.8,17.9
2026-04-17 06:46:06,0.0,107.0,130.1,5.5,66.1,34.2,18.0
2026-04-17 06:46:06,0.0,95.9,120.2,6.38,66.7,36.7,17.9
2026-04-17 06:46:06,0.0,107.6,130.6,5.65,67.2,36.2,17.9
2026-04-17 06:46:07,0.0,113.2,136.2,5.81,66.7,40.6,18.0
2026-04-17 06:46:07,0.0,100.9,120.9,6.48,65.5,39.0,18.0
2026-04-17 06:46:07,0.0,87.8,116.0,6.29,65.5,33.9,18.1
2026-04-17 06:46:07,0.0,84.7,108.1,6.31,65.5,34.4,18.1
2026-04-17 06:46:07,0.0,97.3,111.8,6.88,66.7,41.4,18.1
2026-04-17 06:46:07,0.0,84.9,107.3,6.48,67.2,37.1,18.1
2026-04-17 06:46:07,0.0,87.5,102.4,7.35,67.2,40.4,18.1
2026-04-17 06:46:08,0.0,95.4,107.1,7.11,66.1,43.9,18.1
2026-04-17 06:46:08,0.0,115.3,138.4,5.36,66.1,37.8,18.1
2026-04-17 06:46:08,0.0,86.3,102.6,7.28,66.7,39.3,18.1
2026-04-17 06:46:08,0.0,108.9,124.1,6.33,67.2,43.5,18.1
2026-04-17 06:46:08,0.0,104.7,128.4,6.14,66.7,39.4,18.1
2026-04-17 06:46:08,0.0,112.7,135.7,5.8,66.7,39.1,18.1
2026-04-17 06:46:09,0.0,86.8,106.1,7.11,67.2,38.9,18.1
2026-04-17 06:46:09,0.0,85.4,108.5,6.05,66.7,34.3,18.1
2026-04-17 06:46:09,0.0,86.7,99.9,7.43,66.1,40.4,18.1
2026-04-17 06:46:09,0.0,90.4,103.3,7.29,66.1,40.4,18.1
2026-04-17 06:46:09,0.0,93.9,117.0,5.89,65.5,32.3,18.0
2026-04-17 06:46:09,0.0,86.9,109.7,6.27,66.7,36.9,18.0
2026-04-17 06:46:09,0.0,98.3,111.1,6.9,66.1,39.6,18.0
2026-04-17 06:46:10,0.0,93.9,118.4,6.11,66.7,35.9,18.0
2026-04-17 06:46:10,0.0,93.2,114.4,6.08,66.7,32.8,18.0
2026-04-17 06:46:10,0.0,94.1,116.9,5.96,65.5,38.2,18.0
2026-04-17 06:46:10,0.0,95.0,117.5,5.97,66.1,36.8,18.0
2026-04-17 06:46:10,0.0,117.0,139.8,5.31,67.2,37.0,18.0
2026-04-17 06:46:10,0.0,101.0,117.5,6.63,67.2,36.2,18.0
2026-04-17 06:46:11,0.0,94.5,116.9,6.26,67.2,38.5,18.0
2026-04-17 06:46:11,0.0,100.3,123.3,5.8,66.1,30.8,18.0
2026-04-17 06:46:11,0.0,91.0,113.1,6.36,66.7,36.5,17.9
2026-04-17 06:46:11,0.0,92.1,115.1,5.96,66.7,33.3,17.9
2026-04-17 06:46:11,0.0,99.4,123.0,5.73,67.2,32.8,17.9
2026-04-17 06:46:12,0.0,112.0,135.8,5.58,65.5,35.3,18.0
2026-04-17 06:46:12,0.0,86.9,105.1,7.1,67.2,38.2,18.0
2026-04-17 06:46:12,0.0,106.1,118.4,6.55,67.2,50.0,18.0
2026-04-17 06:46:12,0.0,123.2,145.8,5.44,66.1,41.7,18.0
2026-04-17 06:46:12,0.0,89.6,112.6,6.02,66.7,36.8,18.0
2026-04-17 06:46:12,0.0,88.8,111.4,6.03,67.2,31.2,18.0
2026-04-17 06:46:12,0.0,101.2,124.5,5.58,65.5,32.8,18.0
2026-04-17 06:46:13,0.0,95.6,119.6,6.18,66.7,38.8,18.0
2026-04-17 06:46:13,0.0,94.9,117.9,6.06,66.7,35.9,18.0
2026-04-17 06:46:13,0.0,111.5,134.3,5.47,66.7,34.7,18.0
2026-04-17 06:46:13,0.0,93.5,115.1,6.72,66.1,40.4,18.0
2026-04-17 06:46:13,0.0,97.9,120.9,5.85,66.7,34.8,18.0
2026-04-17 06:46:13,0.0,89.8,112.7,6.31,66.1,39.7,18.0
2026-04-17 06:46:14,0.0,85.1,106.6,6.18,66.1,37.3,18.0
2026-04-17 06:46:14,0.0,83.0,97.8,7.61,66.7,40.4,17.9
2026-04-17 06:46:14,0.0,103.6,120.1,6.5,67.2,37.9,17.9
2026-04-17 06:46:14,0.0,91.4,114.5,6.48,68.3,38.7,17.9
2026-04-17 06:46:14,0.0,86.9,109.4,6.17,66.7,36.4,17.9
2026-04-17 06:46:14,0.0,93.0,115.9,5.79,66.7,35.2,17.9
2026-04-17 06:46:15,0.0,84.4,107.4,6.32,66.7,37.9,17.9
2026-04-17 06:46:15,0.0,102.8,118.0,6.59,67.2,42.6,17.9
2026-04-17 06:46:15,0.0,85.9,109.2,6.68,66.7,38.3,18.0
2026-04-17 06:46:15,0.0,102.0,114.3,6.7,66.7,41.4,18.0
2026-04-17 06:46:15,0.0,95.1,118.1,6.27,67.2,37.5,17.9
2026-04-17 06:46:15,0.0,89.0,107.6,6.19,66.7,34.4,18.0
2026-04-17 06:46:16,0.0,91.4,110.2,5.94,65.5,36.8,18.0
2026-04-17 06:46:16,0.0,91.6,114.7,6.0,67.8,35.9,17.9
2026-04-17 06:46:16,0.0,111.1,131.8,5.38,66.1,32.4,17.9
2026-04-17 06:46:16,0.0,119.9,141.8,5.7,67.2,41.2,17.9
2026-04-17 06:46:16,0.0,96.2,108.7,6.99,66.1,38.2,17.9
2026-04-17 06:46:16,0.0,115.7,143.3,5.25,67.2,36.4,17.9
2026-04-17 06:46:17,0.0,102.7,115.8,6.69,66.7,43.3,18.0
2026-04-17 06:46:17,0.0,127.4,150.6,5.24,66.1,35.7,18.0
2026-04-17 06:46:17,0.0,107.3,127.5,5.57,65.0,38.8,18.0
2026-04-17 06:46:17,0.0,94.3,117.2,6.51,67.2,33.3,18.0
2026-04-17 06:46:17,0.0,96.2,117.9,5.93,67.2,36.8,18.1
2026-04-17 06:46:17,0.0,90.9,113.9,6.21,67.2,32.8,18.0
2026-04-17 06:46:18,0.0,89.7,111.6,6.04,67.8,36.8,18.1
2026-04-17 06:46:18,0.0,101.7,125.9,5.56,66.7,37.1,18.1
2026-04-17 06:46:18,0.0,103.4,125.3,5.99,67.2,34.9,18.1
2026-04-17 06:46:18,0.0,109.0,132.1,5.81,66.1,35.3,18.2
2026-04-17 06:46:18,0.0,91.4,114.5,6.71,65.5,41.0,18.1
2026-04-17 06:46:18,0.0,104.0,127.0,5.58,67.2,34.3,18.1
2026-04-17 06:46:19,0.0,105.5,128.4,5.95,66.1,39.7,18.1
2026-04-17 06:46:19,0.0,91.6,114.6,6.55,66.7,38.7,18.1
2026-04-17 06:46:19,0.0,96.7,119.7,5.82,66.7,32.8,18.1
2026-04-17 06:46:19,0.0,92.8,115.8,6.06,67.2,34.4,18.1
2026-04-17 06:46:19,0.0,91.0,114.5,6.11,67.2,36.4,18.1
2026-04-17 06:46:19,0.0,100.9,123.5,5.7,66.7,33.8,18.1
2026-04-17 06:46:20,0.0,104.5,127.7,5.87,66.1,40.0,18.1
2026-04-17 06:46:20,0.0,94.1,117.1,6.41,67.2,36.1,18.1
2026-04-17 06:46:20,0.0,107.4,130.9,5.54,66.7,35.2,18.1
2026-04-17 06:46:20,0.0,94.8,117.9,6.52,67.8,39.7,18.1
2026-04-17 06:46:20,0.0,93.6,116.9,6.04,67.2,35.4,18.1
2026-04-17 06:46:20,0.0,90.3,112.2,6.13,66.1,34.4,18.1
2026-04-17 06:46:21,0.0,91.0,117.0,5.87,67.2,35.3,18.1
2026-04-17 06:46:21,0.0,91.1,114.2,6.11,67.2,35.5,18.2
2026-04-17 06:46:21,0.0,90.6,113.6,6.02,67.2,37.7,18.2
2026-04-17 06:46:21,0.0,85.6,108.7,6.1,66.7,34.8,18.2
2026-04-17 06:46:21,0.0,94.5,105.6,7.13,65.0,45.6,18.3
2026-04-17 06:46:21,0.0,96.6,118.5,5.94,67.2,41.8,18.3
2026-04-17 06:46:22,0.0,92.0,114.5,6.17,67.2,38.5,18.3
2026-04-17 06:46:22,0.0,103.8,126.8,5.61,65.5,38.0,18.2
2026-04-17 06:46:22,0.0,95.7,119.7,6.27,66.7,38.5,18.2
2026-04-17 06:46:22,0.0,109.6,132.7,5.57,66.7,31.9,18.3
2026-04-17 06:46:22,0.0,87.7,110.7,6.91,66.7,39.7,18.2
2026-04-17 06:46:22,0.0,91.1,103.4,7.31,67.8,44.6,18.3
2026-04-17 06:46:22,0.0,100.9,124.6,5.65,67.8,34.8,18.3
2026-04-17 06:46:23,0.0,94.3,117.2,6.28,67.2,33.9,18.3
2026-04-17 06:46:23,0.0,86.7,109.7,6.28,67.2,35.5,18.3
2026-04-17 06:46:23,0.0,108.6,121.0,6.45,67.8,39.0,18.3
2026-04-17 06:46:23,0.0,100.2,121.7,6.31,67.8,36.1,18.3
2026-04-17 06:46:23,0.0,86.3,110.3,6.51,66.7,36.1,18.3
2026-04-17 06:46:23,0.0,102.5,114.9,6.73,66.7,45.0,18.3
2026-04-17 06:46:24,0.0,85.9,108.7,6.67,65.0,40.3,18.3
2026-04-17 06:46:24,0.0,85.5,108.5,6.02,66.1,32.8,18.3
2026-04-17 06:46:24,0.0,91.7,105.9,7.17,66.7,40.4,18.3
2026-04-17 06:46:24,0.0,100.5,123.6,5.7,67.8,34.8,18.3
2026-04-17 06:46:24,0.0,93.3,116.6,6.27,66.7,39.1,18.3
2026-04-17 06:46:24,0.0,95.5,118.5,5.93,67.2,34.8,18.3
2026-04-17 06:46:25,0.0,99.9,121.7,5.83,66.1,37.3,18.3
2026-04-17 06:46:25,0.0,91.4,114.5,6.34,66.1,38.5,18.3
2026-04-17 06:46:25,0.0,86.6,110.9,6.14,67.2,36.9,18.3
2026-04-17 06:46:25,0.0,94.3,115.8,5.78,67.2,34.8,18.2
2026-04-17 06:46:25,0.0,84.6,107.5,6.37,67.2,36.5,18.2
2026-04-17 06:46:25,0.0,85.5,100.8,7.44,67.2,43.6,18.2
2026-04-17 06:46:25,0.0,89.2,102.2,7.32,67.2,43.6,18.2
2026-04-17 06:46:26,0.0,90.9,113.8,5.94,67.2,33.3,18.2
2026-04-17 06:46:26,0.0,101.3,126.7,5.57,66.1,30.9,18.2
2026-04-17 06:46:26,0.0,85.2,108.5,6.68,65.5,38.3,18.3
2026-04-17 06:46:26,0.0,84.4,100.0,7.48,67.2,41.8,18.2
2026-04-17 06:46:26,0.0,237.2,243.1,3.53,67.8,84.1,18.2
2026-04-17 06:46:27,0.0,168.8,197.6,4.17,67.8,64.8,17.8
2026-04-17 06:46:27,0.0,162.3,184.7,4.58,67.2,39.8,17.8
2026-04-17 06:46:27,0.0,95.0,118.4,6.02,66.7,33.8,17.8
2026-04-17 06:46:27,0.0,93.9,118.0,6.0,68.3,33.3,17.8
2026-04-17 06:46:27,0.0,88.7,111.6,6.24,68.3,36.5,17.8
2026-04-17 06:46:28,0.0,99.3,122.4,5.65,67.8,38.9,17.8
2026-04-17 06:46:28,0.0,105.4,128.4,5.8,67.8,34.3,17.8
2026-04-17 06:46:28,0.0,100.8,118.6,6.17,67.2,40.0,17.9
2026-04-17 06:46:28,0.0,95.1,118.1,6.22,67.2,32.8,17.9
2026-04-17 06:46:28,0.0,101.3,124.2,5.78,67.2,41.4,17.8
2026-04-17 06:46:28,0.0,92.4,115.5,6.34,67.2,33.3,17.8
2026-04-17 06:46:29,0.0,103.1,131.7,5.47,66.7,36.5,17.8
2026-04-17 06:46:29,0.0,95.1,118.1,6.54,67.8,32.7,17.8
2026-04-17 06:46:29,0.0,90.4,113.6,6.17,67.8,37.3,17.7
2026-04-17 06:46:29,0.0,103.4,130.3,5.44,66.1,33.8,17.6
2026-04-17 06:46:29,0.0,91.7,114.8,6.64,67.2,40.3,17.6
2026-04-17 06:46:29,0.0,90.1,113.0,6.06,67.8,36.4,17.5
2026-04-17 06:46:30,0.0,99.0,122.0,5.7,66.1,36.6,17.5
2026-04-17 06:46:30,0.0,91.1,114.0,6.3,67.8,37.1,17.5
2026-04-17 06:46:30,0.0,115.5,138.6,5.23,67.2,33.8,17.5
2026-04-17 06:46:30,0.0,102.0,119.2,6.55,66.7,36.2,17.5
2026-04-17 06:46:30,0.0,89.1,112.2,6.5,67.8,39.1,17.5
2026-04-17 06:46:30,0.0,86.9,110.0,6.08,67.8,31.7,17.6
2026-04-17 06:46:30,0.0,82.9,95.4,7.73,67.8,40.0,17.6
2026-04-17 06:46:31,0.0,85.5,101.9,7.35,68.3,35.4,17.6
2026-04-17 06:46:31,0.0,88.1,101.9,7.37,67.2,39.6,17.6
2026-04-17 06:46:31,0.0,89.0,100.3,7.46,67.8,42.3,17.6
2026-04-17 06:46:31,0.0,102.5,125.2,5.55,67.2,31.9,17.6
2026-04-17 06:46:31,0.0,109.6,131.4,5.76,67.2,42.0,17.6
2026-04-17 06:46:31,0.0,94.8,118.0,6.57,67.2,37.9,17.6
2026-04-17 06:46:32,0.0,87.7,110.7,6.28,68.3,31.0,17.7
2026-04-17 06:46:32,0.0,105.5,117.5,6.62,68.3,43.5,17.7
2026-04-17 06:46:32,0.0,111.8,134.6,5.78,67.8,36.4,17.7
2026-04-17 06:46:32,0.0,118.5,139.7,5.77,68.3,36.8,17.7
2026-04-17 06:46:32,0.0,87.9,102.3,7.34,66.7,37.3,17.7
2026-04-17 06:46:32,0.0,86.4,109.4,6.06,67.8,29.0,17.7
2026-04-17 06:46:32,0.0,87.1,100.2,7.47,67.8,45.5,17.7
2026-04-17 06:46:33,0.0,111.3,124.0,6.33,66.7,42.2,17.7
2026-04-17 06:46:33,0.0,98.6,120.2,6.51,68.3,43.1,17.7
2026-04-17 06:46:33,0.0,90.3,118.1,6.13,67.8,34.9,17.7
2026-04-17 06:46:33,0.0,123.3,145.3,5.14,67.8,35.1,17.7
2026-04-17 06:46:33,0.0,91.2,114.2,5.96,68.3,31.8,17.7
2026-04-17 06:46:33,0.0,88.9,110.8,6.06,67.2,33.9,17.7
2026-04-17 06:46:34,0.0,87.1,108.9,6.1,67.2,34.8,17.7
2026-04-17 06:46:34,0.0,92.0,104.3,7.24,67.2,41.5,17.6
2026-04-17 06:46:34,0.0,95.8,118.7,5.87,67.2,34.8,17.6
2026-04-17 06:46:34,0.0,98.8,121.8,5.9,67.8,39.1,17.6
2026-04-17 06:46:34,0.0,88.8,111.8,6.38,67.8,37.1,17.5
2026-04-17 06:46:34,0.0,87.6,105.7,6.05,68.3,31.2,17.5
2026-04-17 06:46:35,0.0,95.9,107.5,7.06,67.8,42.1,17.5
2026-04-17 06:46:35,0.0,89.8,113.1,6.22,66.7,36.5,17.5
2026-04-17 06:46:35,0.0,117.9,140.5,5.14,66.7,34.6,17.5
2026-04-17 06:46:35,0.0,98.8,115.6,6.71,67.2,42.6,17.5
2026-04-17 06:46:35,0.0,87.0,103.1,6.54,67.8,40.6,17.4
2026-04-17 06:46:35,0.0,107.1,119.7,6.51,67.2,44.4,17.4
2026-04-17 06:46:36,0.0,92.3,115.4,6.59,67.8,42.9,17.4
2026-04-17 06:46:36,0.0,90.5,114.7,6.03,66.7,34.8,17.4
2026-04-17 06:46:36,0.0,89.0,112.0,6.11,66.7,35.8,17.4
2026-04-17 06:46:36,0.0,91.5,114.6,5.91,67.8,34.3,17.5
2026-04-17 06:46:36,0.0,95.5,118.5,5.86,66.7,31.2,17.5
2026-04-17 06:46:36,0.0,101.8,124.9,5.79,67.8,38.6,17.5
2026-04-17 06:46:37,0.0,92.1,119.0,6.21,66.1,37.5,17.6
2026-04-17 06:46:37,0.0,95.2,118.0,6.03,67.2,37.5,17.6
2026-04-17 06:46:37,0.0,91.1,116.9,6.04,67.2,33.3,17.6
2026-04-17 06:46:37,0.0,95.2,118.2,5.97,68.3,38.2,17.5
2026-04-17 06:46:37,0.0,94.5,118.1,6.01,67.8,37.7,17.6
2026-04-17 06:46:37,0.0,87.9,110.8,6.27,67.2,35.9,17.6
2026-04-17 06:46:38,0.0,91.3,114.3,5.88,67.2,35.3,17.6
2026-04-17 06:46:38,0.0,91.7,114.7,5.98,66.7,37.3,17.6
2026-04-17 06:46:38,0.0,93.0,115.9,5.96,67.2,32.8,17.6
2026-04-17 06:46:38,0.0,107.9,131.0,5.5,67.2,38.7,17.5
2026-04-17 06:46:38,0.0,129.1,152.3,5.33,67.2,40.0,17.5
2026-04-17 06:46:38,0.0,91.7,114.4,6.15,67.2,33.9,17.5
2026-04-17 06:46:39,0.0,92.3,115.1,5.98,66.7,33.3,17.5
2026-04-17 06:46:39,0.0,96.3,119.2,5.86,67.2,35.3,17.5
2026-04-17 06:46:39,0.0,103.5,126.5,5.76,68.3,38.6,17.5
2026-04-17 06:46:39,0.0,96.3,119.3,6.28,68.3,39.1,17.5
2026-04-17 06:46:39,0.0,101.4,123.9,5.83,67.8,36.8,17.5
2026-04-17 06:46:39,0.0,102.5,125.5,5.96,67.8,32.3,17.4
2026-04-17 06:46:40,0.0,91.5,113.6,6.43,67.8,40.6,17.5
2026-04-17 06:46:40,0.0,94.6,117.5,5.89,67.8,35.3,17.4
2026-04-17 06:46:40,0.0,97.5,121.5,5.86,67.2,34.3,17.4
2026-04-17 06:46:40,0.0,100.3,123.1,5.93,67.2,38.8,17.5
2026-04-17 06:46:40,0.0,92.8,115.4,6.3,66.7,36.5,17.5
2026-04-17 06:46:40,0.0,89.4,112.3,6.13,67.8,34.8,17.5
2026-04-17 06:46:41,0.0,93.1,119.2,5.76,68.3,34.8,17.6
2026-04-17 06:46:41,0.0,86.6,110.1,6.35,67.8,36.5,17.6
2026-04-17 06:46:41,0.0,100.5,112.9,6.82,68.3,45.2,17.6
2026-04-17 06:46:41,0.0,105.1,128.0,5.84,68.3,36.2,17.7
2026-04-17 06:46:41,0.0,89.0,111.3,6.64,68.3,37.3,17.7
2026-04-17 06:46:41,0.0,92.7,115.2,5.86,68.8,33.8,17.7
2026-04-17 06:46:42,0.0,108.1,132.3,5.42,67.2,36.1,17.7
2026-04-17 06:46:42,0.0,114.5,136.5,5.84,66.7,39.4,17.7
2026-04-17 06:46:42,0.0,83.4,101.1,7.43,66.7,40.7,17.7
2026-04-17 06:46:42,0.0,115.1,132.0,6.03,67.2,38.5,17.7
2026-04-17 06:46:42,0.0,107.1,123.7,6.36,68.3,37.3,17.6
2026-04-17 06:46:42,0.0,102.3,130.1,6.0,67.8,34.4,17.6
2026-04-17 06:46:43,0.0,108.2,131.2,5.96,67.2,40.0,17.6
2026-04-17 06:46:43,0.0,91.7,114.8,6.65,68.3,37.5,17.6
2026-04-17 06:46:43,0.0,88.7,111.8,6.11,68.3,34.4,17.6
2026-04-17 06:46:43,0.0,108.8,132.3,5.35,67.8,41.1,17.6
2026-04-17 06:46:43,0.0,101.0,123.9,6.32,67.8,39.7,17.5
2026-04-17 06:46:43,0.0,101.6,122.0,5.97,67.8,37.3,17.5
2026-04-17 06:46:44,0.0,89.8,112.8,6.47,68.3,35.5,17.5
2026-04-17 06:46:44,0.0,94.0,117.2,5.85,68.3,37.3,17.5
2026-04-17 06:46:44,0.0,108.3,130.9,5.54,67.8,34.8,17.5
2026-04-17 06:46:44,0.0,94.3,117.3,6.55,68.3,37.7,17.5
2026-04-17 06:46:44,0.0,92.3,115.4,6.07,67.8,37.3,17.5
2026-04-17 06:46:44,0.0,98.5,121.4,5.79,68.3,36.2,17.6
2026-04-17 06:46:45,0.0,94.3,117.4,6.15,68.8,39.7,17.6
2026-04-17 06:46:45,0.0,87.3,109.9,6.26,67.8,34.9,17.6
2026-04-17 06:46:45,0.0,92.4,104.6,7.23,69.4,43.4,17.7
2026-04-17 06:46:45,0.0,91.7,114.6,6.03,68.3,33.3,17.7
2026-04-17 06:46:45,0.0,97.7,120.4,5.79,68.3,35.3,17.8
2026-04-17 06:46:45,0.0,85.9,108.9,6.46,67.2,37.1,17.8
2026-04-17 06:46:45,0.0,89.6,105.4,7.19,67.8,35.3,17.8
2026-04-17 06:46:46,0.0,101.6,124.8,5.66,67.2,33.8,17.8
2026-04-17 06:46:46,0.0,92.4,115.4,6.36,68.3,40.6,17.8
2026-04-17 06:46:46,0.0,88.9,111.8,6.13,67.8,31.7,17.8
2026-04-17 06:46:46,0.0,89.8,109.6,5.97,68.3,33.3,17.9
2026-04-17 06:46:46,0.0,85.7,108.6,6.15,67.8,34.4,17.8
2026-04-17 06:46:46,0.0,100.5,114.3,6.74,68.3,42.1,17.8
2026-04-17 06:46:47,0.0,109.3,130.5,5.7,67.2,43.1,17.9
2026-04-17 06:46:47,0.0,106.5,127.6,6.11,67.8,40.3,17.9
2026-04-17 06:46:47,0.0,87.5,107.6,6.69,67.8,38.7,17.8
2026-04-17 06:46:47,0.0,106.5,116.8,6.64,67.8,45.2,17.8
2026-04-17 06:46:47,0.0,101.6,125.1,6.18,67.8,33.3,17.8
2026-04-17 06:46:47,0.0,87.9,110.8,6.56,67.8,39.1,17.9
2026-04-17 06:46:48,0.0,94.7,109.3,7.0,67.8,43.1,17.9
2026-04-17 06:46:48,0.0,113.4,136.6,5.47,68.3,37.7,17.9
2026-04-17 06:46:48,0.0,108.8,127.0,6.18,68.3,43.5,17.9
2026-04-17 06:46:48,0.0,97.6,119.8,6.43,67.2,38.7,17.9
2026-04-17 06:46:48,0.0,94.6,114.2,6.12,68.3,38.2,18.0
2026-04-17 06:46:48,0.0,87.3,107.9,6.27,67.8,39.4,18.0
2026-04-17 06:46:48,0.0,94.9,106.8,7.09,68.3,45.8,18.0
2026-04-17 06:46:49,0.0,86.2,112.5,6.2,66.7,33.9,18.0
2026-04-17 06:46:49,0.0,91.6,114.5,5.94,68.3,36.8,18.0
2026-04-17 06:46:49,0.0,84.5,91.0,7.92,67.8,44.0,18.0
2026-04-17 06:46:49,0.0,87.4,102.5,7.35,67.8,42.9,18.0
2026-04-17 06:46:49,0.0,88.6,98.8,7.43,67.8,38.8,17.9
2026-04-17 06:46:49,0.0,93.2,116.2,5.84,68.3,34.8,17.9
2026-04-17 06:46:50,0.0,89.7,112.6,6.13,67.8,35.8,17.9
2026-04-17 06:46:50,0.0,117.0,142.8,5.07,68.3,37.2,17.9
2026-04-17 06:46:50,0.0,99.3,111.7,6.87,68.3,44.3,17.9
2026-04-17 06:46:50,0.0,108.9,132.2,5.67,68.3,34.3,17.9
2026-04-17 06:46:50,0.0,99.4,121.3,6.37,68.3,43.5,17.9
2026-04-17 06:46:50,0.0,100.3,122.3,5.97,67.8,36.9,17.9
2026-04-17 06:46:51,0.0,95.2,118.0,6.19,67.2,36.9,17.9
2026-04-17 06:46:51,0.0,103.1,126.1,5.73,68.3,36.4,18.0
2026-04-17 06:46:51,0.0,86.9,109.9,6.65,67.8,39.3,18.0
2026-04-17 06:46:51,0.0,87.3,100.0,7.48,67.8,44.6,18.0
2026-04-17 06:46:51,0.0,96.8,108.7,7.0,67.8,36.5,18.1
2026-04-17 06:46:51,0.0,119.2,142.3,5.29,68.3,36.5,18.1
2026-04-17 06:46:51,0.0,84.1,97.0,7.61,68.3,43.6,18.1
2026-04-17 06:46:52,0.0,88.6,104.0,7.27,68.3,39.6,18.1
2026-04-17 06:46:52,0.0,104.3,125.2,5.46,67.8,42.1,18.1
2026-04-17 06:46:52,0.0,92.2,115.0,6.51,68.8,40.6,18.0
2026-04-17 06:46:52,0.0,104.7,127.7,5.58,68.8,31.9,18.0
2026-04-17 06:46:52,0.0,91.4,114.5,6.53,66.7,35.6,18.0
2026-04-17 06:46:52,0.0,97.4,120.3,5.8,67.8,38.0,18.1
2026-04-17 06:46:53,0.0,124.5,147.9,5.15,67.8,38.0,18.1
2026-04-17 06:46:53,0.0,86.2,108.9,6.2,68.3,37.3,18.1
2026-04-17 06:46:53,0.0,106.0,119.9,6.52,67.8,39.7,18.1
2026-04-17 06:46:53,0.0,89.0,112.1,6.7,68.8,40.0,18.1
2026-04-17 06:46:53,0.0,100.2,123.5,5.62,68.3,32.4,18.0
2026-04-17 06:46:53,0.0,125.0,146.8,5.24,68.3,34.7,18.0
2026-04-17 06:46:54,0.0,107.7,132.0,5.44,68.3,36.5,18.0
2026-04-17 06:46:54,0.0,103.7,126.8,6.19,68.3,37.7,18.0
2026-04-17 06:46:54,0.0,93.6,116.7,6.39,68.3,36.1,18.0
2026-04-17 06:46:54,0.0,88.6,110.4,6.19,67.2,33.9,18.0
2026-04-17 06:46:54,0.0,95.0,124.4,5.54,68.3,36.1,18.0
2026-04-17 06:46:54,0.0,106.4,128.8,5.87,67.8,36.4,17.9
2026-04-17 06:46:55,0.0,103.8,126.1,6.09,68.8,43.1,17.9
2026-04-17 06:46:55,0.0,97.7,120.5,6.24,67.2,37.5,18.0
2026-04-17 06:46:55,0.0,88.2,111.2,6.37,68.3,35.0,18.0
2026-04-17 06:46:55,0.0,92.2,115.2,5.86,68.8,36.2,18.0
2026-04-17 06:46:55,0.0,105.4,128.6,5.56,68.3,37.8,18.0
2026-04-17 06:46:55,0.0,88.5,111.5,6.69,69.4,41.0,18.0
2026-04-17 06:46:56,0.0,104.9,127.9,5.46,67.8,34.2,18.0
2026-04-17 06:46:56,0.0,85.1,104.4,6.82,68.8,39.0,18.0
2026-04-17 06:46:56,0.0,96.8,111.8,6.88,67.8,43.3,18.0
2026-04-17 06:46:56,0.0,101.0,122.9,5.86,67.8,37.1,18.0
2026-04-17 06:46:56,0.0,138.9,162.0,4.9,68.3,36.3,18.0
2026-04-17 06:46:56,0.0,94.1,117.1,6.45,68.8,33.3,18.0
2026-04-17 06:46:57,0.0,90.7,113.1,6.12,67.8,34.9,18.0
2026-04-17 06:46:57,0.0,108.2,131.0,5.43,68.3,40.0,18.0
2026-04-17 06:46:57,0.0,109.1,132.0,5.97,68.3,39.4,18.0
2026-04-17 06:46:57,0.0,95.9,117.6,6.51,68.8,50.0,18.0
2026-04-17 06:46:57,0.0,90.7,114.4,6.18,69.4,31.7,18.0
2026-04-17 06:46:57,0.0,90.0,113.4,6.04,68.3,35.8,18.0
2026-04-17 06:46:58,0.0,90.4,112.5,5.97,67.8,36.8,18.0
2026-04-17 06:46:58,0.0,115.3,137.3,5.25,67.8,39.5,18.0
2026-04-17 06:46:58,0.0,105.0,122.7,6.4,68.3,41.3,18.0
2026-04-17 06:46:58,0.0,91.5,114.5,6.53,68.3,33.9,18.0
2026-04-17 06:46:58,0.0,98.4,121.4,5.76,67.8,34.3,17.9
2026-04-17 06:46:58,0.0,97.0,120.0,6.06,68.3,33.3,17.9
2026-04-17 06:46:59,0.0,98.3,121.2,5.96,67.8,38.2,17.9
2026-04-17 06:46:59,0.0,96.6,119.4,6.06,67.8,40.6,17.8
2026-04-17 06:46:59,0.0,103.8,124.7,5.75,67.8,35.3,17.9
2026-04-17 06:46:59,0.0,89.9,112.4,6.55,68.3,37.7,17.9
2026-04-17 06:46:59,0.0,106.5,129.5,5.46,68.3,36.2,17.9
2026-04-17 06:46:59,0.0,94.5,117.5,6.47,67.2,37.7,17.9
2026-04-17 06:47:00,0.0,101.4,124.6,5.76,68.8,32.4,17.9
2026-04-17 06:47:00,0.0,89.5,112.6,6.46,68.8,36.2,17.9
2026-04-17 06:47:00,0.0,87.0,111.5,6.05,67.8,32.8,17.9
2026-04-17 06:47:00,0.0,109.8,132.8,5.32,68.3,32.9,17.9
2026-04-17 06:47:00,0.0,107.8,131.1,6.06,68.3,32.8,18.0
2026-04-17 06:47:00,0.0,92.9,118.0,6.52,68.8,35.6,18.0
2026-04-17 06:47:01,0.0,86.5,109.0,6.31,67.2,35.9,18.1
2026-04-17 06:47:01,0.0,95.3,107.9,7.04,68.3,41.5,18.1
2026-04-17 06:47:01,0.0,91.5,114.6,6.14,67.2,38.2,18.1
2026-04-17 06:47:01,0.0,99.6,123.0,5.71,68.3,35.2,18.0
2026-04-17 06:47:01,0.0,102.0,125.1,5.93,67.8,33.8,18.1
2026-04-17 06:47:01,0.0,97.3,120.0,6.18,67.8,36.5,18.1
2026-04-17 06:47:02,0.0,85.6,108.0,6.45,68.8,36.1,18.1
2026-04-17 06:47:02,0.0,137.5,151.4,5.4,68.3,48.7,18.1
2026-04-17 06:47:02,0.0,102.6,124.5,6.02,68.3,40.0,18.1
2026-04-17 06:47:02,0.0,88.1,109.7,6.62,68.8,38.3,18.1
2026-04-17 06:47:02,0.0,84.4,96.0,7.72,68.3,42.6,18.1
2026-04-17 06:47:02,0.0,97.1,109.9,6.85,68.3,43.1,18.1
2026-04-17 06:47:03,0.0,102.5,126.6,5.78,68.8,32.8,18.1
2026-04-17 06:47:03,0.0,93.2,116.2,6.4,68.8,43.1,18.1
2026-04-17 06:47:03,0.0,88.9,110.0,6.16,68.8,35.9,18.1
2026-04-17 06:47:03,0.0,92.0,115.0,5.89,67.8,35.8,18.1
2026-04-17 06:47:03,0.0,102.3,124.7,5.65,69.4,35.3,18.1
2026-04-17 06:47:03,0.0,87.3,110.1,6.6,68.3,32.1,18.1
2026-04-17 06:47:03,0.0,96.9,109.3,6.99,69.4,45.8,18.1
2026-04-17 06:47:04,0.0,95.4,118.7,6.06,67.8,33.3,18.1
2026-04-17 06:47:04,0.0,101.9,123.3,5.78,67.8,35.7,18.0
2026-04-17 06:47:04,0.0,87.6,110.7,6.56,68.8,36.2,18.1
2026-04-17 06:47:04,0.0,89.7,101.8,7.36,67.2,43.9,18.0
2026-04-17 06:47:04,0.0,94.2,99.0,7.3,68.3,50.0,18.0
2026-04-17 06:47:04,0.0,99.9,123.1,5.8,68.3,37.3,18.0
2026-04-17 06:47:05,0.0,89.0,113.4,6.37,68.3,40.9,18.0
2026-04-17 06:47:05,0.0,110.1,132.9,5.36,68.8,39.0,18.0
2026-04-17 06:47:05,0.0,94.0,117.0,6.65,69.4,39.3,18.0
2026-04-17 06:47:05,0.0,90.0,113.3,6.06,68.8,36.4,18.0
2026-04-17 06:47:05,0.0,93.6,116.4,5.95,69.4,35.3,18.0
2026-04-17 06:47:05,0.0,87.9,110.5,6.22,68.3,30.0,18.0
2026-04-17 06:47:06,0.0,97.3,120.4,5.68,69.4,37.1,18.1
2026-04-17 06:47:06,0.0,102.1,125.0,5.84,67.8,37.7,18.1
2026-04-17 06:47:06,0.0,135.0,157.8,5.01,67.8,37.5,18.1
2026-04-17 06:47:06,0.0,96.9,119.8,6.18,68.3,32.3,18.1
2026-04-17 06:47:06,0.0,88.6,109.6,6.31,67.8,39.1,18.1
2026-04-17 06:47:06,0.0,112.4,135.3,5.26,68.3,39.5,18.1
2026-04-17 06:47:07,0.0,87.8,106.0,7.05,68.8,38.9,18.1
2026-04-17 06:47:07,0.0,92.2,104.5,7.13,67.8,44.4,18.1
2026-04-17 06:47:07,0.0,96.7,118.7,5.92,68.8,38.2,18.1
2026-04-17 06:47:07,0.0,138.3,161.3,4.8,68.8,40.0,18.1
2026-04-17 06:47:07,0.0,92.7,116.3,6.45,67.2,32.2,18.0
2026-04-17 06:47:07,0.0,94.1,109.0,5.99,68.3,36.9,18.0
2026-04-17 06:47:08,0.0,86.1,108.3,6.31,68.3,32.8,18.0
2026-04-17 06:47:08,0.0,110.5,123.8,6.34,68.8,42.6,18.0
2026-04-17 06:47:08,0.0,87.9,108.5,6.95,67.2,34.0,18.0
2026-04-17 06:47:08,0.0,96.9,119.6,5.69,68.8,34.3,18.0
2026-04-17 06:47:08,0.0,96.3,118.0,6.03,69.4,38.2,18.0
2026-04-17 06:47:08,0.0,107.9,131.0,5.61,67.8,30.8,18.0
2026-04-17 06:47:09,0.0,96.2,118.7,6.45,70.0,36.7,18.0
2026-04-17 06:47:09,0.0,120.1,143.2,5.25,68.3,40.0,18.0
2026-04-17 06:47:09,0.0,86.5,98.6,7.52,68.3,37.3,18.1
2026-04-17 06:47:09,0.0,100.5,115.6,6.69,68.8,42.4,18.1
2026-04-17 06:47:09,0.0,93.3,116.3,6.36,68.8,35.0,18.1
2026-04-17 06:47:09,0.0,91.7,114.8,6.07,68.8,35.4,18.1
2026-04-17 06:47:10,0.0,88.9,112.2,6.09,68.3,30.6,18.1
2026-04-17 06:47:10,0.0,114.7,137.7,5.21,68.3,35.1,18.1
2026-04-17 06:47:10,0.0,88.5,107.1,7.11,67.8,42.1,18.1
2026-04-17 06:47:10,0.0,101.3,124.4,5.58,68.3,39.2,18.1
2026-04-17 06:47:10,0.0,94.2,116.8,6.27,68.3,35.5,18.0
2026-04-17 06:47:10,0.0,86.8,109.9,6.28,68.8,36.4,18.1
2026-04-17 06:47:11,0.0,86.1,98.2,7.55,67.8,44.4,18.1
2026-04-17 06:47:11,0.0,106.4,117.9,6.51,68.3,35.7,18.1
2026-04-17 06:47:11,0.0,103.5,126.7,6.1,67.8,40.0,18.1
2026-04-17 06:47:11,0.0,96.2,119.2,6.29,68.8,37.5,18.1
2026-04-17 06:47:11,0.0,96.2,116.7,6.0,68.8,37.3,18.2
2026-04-17 06:47:11,0.0,89.2,112.8,6.21,69.4,32.3,18.2
2026-04-17 06:47:12,0.0,299.8,329.4,2.62,69.4,79.4,17.6
2026-04-17 06:47:12,0.0,109.0,132.8,5.87,69.4,46.2,17.6
2026-04-17 06:47:12,0.0,90.0,111.4,6.81,70.0,39.7,17.6
2026-04-17 06:47:12,0.0,108.4,131.9,5.41,68.3,35.2,17.6
2026-04-17 06:47:12,0.0,88.8,110.3,6.81,68.8,36.2,17.6
2026-04-17 06:47:13,0.0,99.1,122.4,5.65,68.3,33.8,17.5
2026-04-17 06:47:13,0.0,93.0,116.0,6.24,68.8,34.4,17.5
2026-04-17 06:47:13,0.0,98.9,121.9,5.8,68.3,40.8,17.5
2026-04-17 06:47:13,0.0,91.3,114.6,6.28,70.0,34.9,17.5
2026-04-17 06:47:13,0.0,91.6,114.6,6.0,68.8,38.2,17.5
2026-04-17 06:47:13,0.0,90.2,113.3,6.05,70.0,33.3,17.5
2026-04-17 06:47:14,0.0,86.4,109.2,6.15,69.4,36.4,17.5
2026-04-17 06:47:14,0.0,95.6,107.9,7.02,68.8,41.8,17.6
2026-04-17 06:47:14,0.0,91.6,114.7,6.15,67.8,47.1,17.6
2026-04-17 06:47:14,0.0,88.2,113.0,6.06,67.8,36.4,17.6
2026-04-17 06:47:14,0.0,87.5,110.7,6.09,69.4,34.8,17.5
2026-04-17 06:47:14,0.0,93.5,105.5,7.19,67.8,41.8,17.5
2026-04-17 06:47:14,0.0,96.5,119.4,5.9,68.3,36.2,17.5
2026-04-17 06:47:15,0.0,89.1,113.4,6.23,68.3,36.5,17.4
2026-04-17 06:47:15,0.0,112.3,135.3,5.31,68.8,34.7,17.4
2026-04-17 06:47:15,0.0,101.8,122.6,6.4,68.3,35.6,17.4
2026-04-17 06:47:15,0.0,107.4,128.5,5.81,67.2,36.8,17.4
2026-04-17 06:47:15,0.0,105.0,127.9,6.09,68.8,34.9,17.4
2026-04-17 06:47:15,0.0,98.8,121.8,6.24,68.8,36.9,17.4
2026-04-17 06:47:16,0.0,90.7,109.3,6.31,68.3,32.2,17.4
2026-04-17 06:47:16,0.0,87.1,107.2,6.13,68.3,37.3,17.4
2026-04-17 06:47:16,0.0,101.5,113.7,6.78,69.4,43.1,17.4
2026-04-17 06:47:16,0.0,87.2,110.4,6.57,68.3,35.6,17.5
2026-04-17 06:47:16,0.0,94.0,105.1,7.15,68.8,44.6,17.5
2026-04-17 06:47:16,0.0,90.7,110.2,6.12,68.8,38.2,17.6
2026-04-17 06:47:17,0.0,87.5,106.9,6.12,69.4,38.2,17.6
2026-04-17 06:47:17,0.0,111.9,125.7,6.25,68.3,41.3,17.6
2026-04-17 06:47:17,0.0,88.7,107.9,7.04,68.8,32.7,17.6
2026-04-17 06:47:17,0.0,85.7,108.5,6.15,68.8,34.4,17.6
2026-04-17 06:47:17,0.0,104.1,117.6,6.61,70.0,39.7,17.7
2026-04-17 06:47:17,0.0,122.6,147.4,5.35,68.3,37.8,17.7
2026-04-17 06:47:18,0.0,96.7,119.7,5.81,68.8,33.3,17.7
2026-04-17 06:47:18,0.0,106.6,129.8,5.66,68.3,37.1,17.8
2026-04-17 06:47:18,0.0,123.1,146.1,5.47,68.3,38.0,17.8
2026-04-17 06:47:18,0.0,87.5,110.5,6.08,69.4,36.8,17.8
2026-04-17 06:47:18,0.0,91.6,105.1,7.17,68.3,37.7,17.8
2026-04-17 06:47:18,0.0,109.1,132.3,5.49,68.3,40.0,17.8
2026-04-17 06:47:19,0.0,113.7,136.6,5.85,68.8,43.3,17.8
2026-04-17 06:47:19,0.0,96.2,115.5,6.71,69.4,43.5,17.8
2026-04-17 06:47:19,0.0,96.5,119.6,5.99,70.0,34.4,17.7
2026-04-17 06:47:19,0.0,91.2,113.1,6.2,68.8,35.9,17.7
2026-04-17 06:47:19,0.0,88.9,113.0,6.03,68.8,36.8,17.7
2026-04-17 06:47:19,0.0,88.7,111.6,6.07,70.0,33.8,17.6
2026-04-17 06:47:20,0.0,93.5,116.7,5.82,68.8,35.7,17.6
2026-04-17 06:47:20,0.0,88.4,109.7,6.2,68.8,35.9,17.6
2026-04-17 06:47:20,0.0,88.3,110.6,6.01,68.8,30.6,17.6
2026-04-17 06:47:20,0.0,108.2,131.3,5.36,69.4,35.6,17.6
2026-04-17 06:47:20,0.0,88.0,110.9,6.83,68.8,41.9,17.5
2026-04-17 06:47:20,0.0,86.6,111.2,5.95,69.4,34.3,17.5
2026-04-17 06:47:21,0.0,86.6,109.3,6.11,68.3,36.4,17.5
2026-04-17 06:47:21,0.0,98.2,111.2,6.9,69.4,41.4,17.5
2026-04-17 06:47:21,0.0,93.5,115.7,6.18,70.0,36.9,17.5
2026-04-17 06:47:21,0.0,99.8,123.1,5.77,68.3,36.2,17.5
2026-04-17 06:47:21,0.0,93.3,112.1,6.25,67.8,32.8,17.5
2026-04-17 06:47:21,0.0,105.4,128.5,5.59,70.0,36.2,17.6
2026-04-17 06:47:21,0.0,94.4,117.4,6.44,69.4,39.3,17.6
2026-04-17 06:47:22,0.0,95.2,118.2,5.97,70.0,34.8,17.6
2026-04-17 06:47:22,0.0,96.2,118.3,5.97,68.3,42.0,17.6
2026-04-17 06:47:22,0.0,88.2,111.1,6.3,68.8,33.9,17.6
2026-04-17 06:47:22,0.0,86.2,101.9,7.35,68.8,42.9,17.6
2026-04-17 06:47:22,0.0,95.6,118.8,5.84,69.4,33.3,17.6
2026-04-17 06:47:22,0.0,105.3,129.9,5.62,67.2,32.3,17.6
2026-04-17 06:47:23,0.0,90.6,113.6,6.66,68.3,38.3,17.6
2026-04-17 06:47:23,0.0,85.6,107.3,6.17,68.3,33.9,17.5
2026-04-17 06:47:23,0.0,90.0,102.6,7.27,68.8,44.8,17.5
2026-04-17 06:47:23,0.0,95.3,119.5,5.78,69.4,34.8,17.5
2026-04-17 06:47:23,0.0,112.1,135.1,5.49,68.8,41.1,17.5
2026-04-17 06:47:23,0.0,89.3,110.4,6.94,69.4,39.3,17.5
2026-04-17 06:47:24,0.0,93.9,116.9,5.85,70.0,33.8,17.5
2026-04-17 06:47:24,0.0,95.9,119.4,5.91,70.0,36.8,17.5
2026-04-17 06:47:24,0.0,105.0,128.1,5.71,69.4,34.8,17.5
2026-04-17 06:47:24,0.0,97.9,121.1,6.27,70.0,37.5,17.5
2026-04-17 06:47:24,0.0,88.1,111.2,6.37,68.8,40.6,17.5
2026-04-17 06:47:24,0.0,86.1,109.2,6.08,69.4,33.8,17.5
2026-04-17 06:47:25,0.0,93.3,105.9,7.13,68.8,40.4,17.6
2026-04-17 06:47:25,0.0,93.5,115.2,5.99,69.4,37.3,17.6
2026-04-17 06:47:25,0.0,90.1,113.1,6.13,69.4,37.9,17.6
2026-04-17 06:47:25,0.0,84.8,107.8,6.2,69.4,35.4,17.6
2026-04-17 06:47:25,0.0,100.6,115.9,6.68,69.4,39.0,17.6
2026-04-17 06:47:25,0.0,89.3,112.3,6.47,69.4,38.7,17.7
2026-04-17 06:47:26,0.0,103.6,127.1,5.52,70.5,35.2,17.7
2026-04-17 06:47:26,0.0,87.1,111.2,6.63,70.0,33.3,17.7
2026-04-17 06:47:26,0.0,115.1,138.1,5.16,70.0,43.8,17.7
2026-04-17 06:47:26,0.0,124.6,142.1,5.68,70.0,37.1,17.8
2026-04-17 06:47:26,0.0,89.1,112.1,6.08,68.8,36.8,17.8
2026-04-17 06:47:26,0.0,102.1,124.5,5.56,68.8,32.8,17.8
2026-04-17 06:47:27,0.0,104.7,127.7,5.92,68.3,40.6,17.8
2026-04-17 06:47:27,0.0,105.8,128.7,5.96,70.0,41.2,17.8
2026-04-17 06:47:27,0.0,107.7,130.8,5.93,68.8,42.6,17.8
2026-04-17 06:47:27,0.0,95.9,118.7,6.47,68.8,37.3,17.8
2026-04-17 06:47:27,0.0,85.5,108.6,6.4,69.4,34.9,17.7
2026-04-17 06:47:27,0.0,92.4,105.8,7.13,69.4,45.5,17.7
2026-04-17 06:47:28,0.0,106.4,130.0,5.52,69.4,30.3,17.7
2026-04-17 06:47:28,0.0,104.8,128.0,6.07,69.4,40.9,17.7
2026-04-17 06:47:28,0.0,94.9,118.1,6.38,69.4,36.1,17.8
2026-04-17 06:47:28,0.0,87.1,108.6,6.29,68.8,36.5,17.8
2026-04-17 06:47:28,0.0,90.0,101.9,7.36,70.0,38.0,17.7
2026-04-17 06:47:28,0.0,108.9,123.0,5.39,68.8,41.3,17.7
2026-04-17 06:47:28,0.0,96.1,118.1,6.51,69.4,42.2,17.8
2026-04-17 06:47:29,0.0,95.4,118.4,6.02,70.0,39.7,17.8
2026-04-17 06:47:29,0.0,101.7,124.1,5.79,68.8,34.8,17.8
2026-04-17 06:47:29,0.0,90.6,113.5,6.43,68.3,41.5,17.8
2026-04-17 06:47:29,0.0,91.0,113.3,5.99,70.0,34.8,17.8
2026-04-17 06:47:29,0.0,90.6,113.5,6.01,69.4,39.7,17.8
2026-04-17 06:47:29,0.0,87.1,110.4,6.13,70.0,36.4,17.8
2026-04-17 06:47:30,0.0,96.4,108.6,7.03,69.4,44.1,17.8
2026-04-17 06:47:30,0.0,88.5,111.9,6.28,68.8,35.5,17.8
2026-04-17 06:47:30,0.0,90.1,113.3,5.96,69.4,33.8,17.7
2026-04-17 06:47:30,0.0,89.0,112.4,6.03,69.4,37.7,17.7
2026-04-17 06:47:30,0.0,105.9,129.1,5.46,67.8,36.5,17.6
2026-04-17 06:47:30,0.0,91.2,114.3,6.58,68.8,33.3,17.6
2026-04-17 06:47:31,0.0,89.2,108.5,6.07,70.0,38.2,17.6
2026-04-17 06:47:31,0.0,88.0,110.8,6.06,69.4,32.3,17.6
2026-04-17 06:47:31,0.0,108.9,120.5,6.48,69.4,43.5,17.6
2026-04-17 06:47:31,0.0,96.5,119.6,6.48,68.3,38.7,17.7
2026-04-17 06:47:31,0.0,85.8,108.9,6.42,69.4,38.1,17.7
2026-04-17 06:47:31,0.0,83.5,96.4,7.58,68.8,45.5,17.7
2026-04-17 06:47:32,0.0,121.4,136.4,5.88,70.0,44.3,17.7
2026-04-17 06:47:32,0.0,107.4,130.4,5.38,70.0,38.4,17.8
2026-04-17 06:47:32,0.0,110.7,132.1,5.88,70.5,37.3,17.8
2026-04-17 06:47:32,0.0,90.3,111.9,6.83,68.8,42.4,17.9
2026-04-17 06:47:32,0.0,95.8,118.7,5.82,70.5,35.7,17.9
2026-04-17 06:47:32,0.0,91.4,114.4,6.17,70.0,36.9,17.9
2026-04-17 06:47:33,0.0,112.5,135.0,5.33,70.0,37.3,17.9
2026-04-17 06:47:33,0.0,108.5,128.9,6.13,68.8,45.6,17.9
2026-04-17 06:47:33,0.0,90.6,114.0,6.72,69.4,41.4,18.0
2026-04-17 06:47:33,0.0,90.3,113.3,6.03,69.4,34.3,18.0
2026-04-17 06:47:33,0.0,95.8,118.9,5.8,70.0,41.5,17.9
2026-04-17 06:47:33,0.0,101.3,124.6,5.81,69.4,39.1,17.9
2026-04-17 06:47:34,0.0,103.5,124.9,5.92,70.0,34.8,17.9
2026-04-17 06:47:34,0.0,89.7,110.8,6.55,70.0,38.1,17.9
2026-04-17 06:47:34,0.0,91.3,114.2,5.95,69.4,35.8,17.9
2026-04-17 06:47:34,0.0,88.8,111.9,6.09,70.0,36.8,17.9
2026-04-17 06:47:34,0.0,91.5,112.1,5.92,70.0,36.2,17.9
2026-04-17 06:47:34,0.0,90.2,113.3,6.04,68.3,38.8,17.9
2026-04-17 06:47:35,0.0,88.3,111.2,6.08,68.8,37.3,17.9
2026-04-17 06:47:35,0.0,88.1,111.1,6.01,69.4,35.8,18.0
2026-04-17 06:47:35,0.0,93.7,116.6,5.81,70.0,37.7,18.0
2026-04-17 06:47:35,0.0,88.6,111.6,6.19,69.4,38.8,18.0
2026-04-17 06:47:35,0.0,104.8,127.7,5.47,70.0,31.0,18.0
2026-04-17 06:47:35,0.0,109.9,132.0,5.82,69.4,39.1,18.1
2026-04-17 06:47:36,0.0,89.7,106.8,6.83,70.0,48.3,18.1
2026-04-17 06:47:36,0.0,108.7,132.4,5.36,70.0,35.1,18.0
2026-04-17 06:47:36,0.0,89.4,112.3,6.84,68.8,36.8,18.1
2026-04-17 06:47:36,0.0,118.6,141.7,5.11,68.8,32.0,18.1
2026-04-17 06:47:36,0.0,101.4,116.1,6.65,70.0,41.4,18.0
2026-04-17 06:47:36,0.0,92.2,115.3,6.39,70.0,38.1,18.0
2026-04-17 06:47:37,0.0,102.1,122.9,5.67,69.4,34.8,18.0
2026-04-17 06:47:37,0.0,115.3,137.3,5.56,69.4,41.1,18.1
2026-04-17 06:47:37,0.0,89.9,107.1,7.08,69.4,40.4,18.1
2026-04-17 06:47:37,0.0,85.8,108.4,6.15,69.4,37.3,18.1
2026-04-17 06:47:37,0.0,93.2,108.8,7.03,68.8,39.3,18.1
2026-04-17 06:47:37,0.0,87.0,109.2,6.27,70.0,33.9,18.1
2026-04-17 06:47:37,0.0,90.2,101.8,7.37,70.0,43.6,18.1
2026-04-17 06:47:38,0.0,103.2,127.0,5.55,70.0,30.9,18.1
2026-04-17 06:47:38,0.0,153.3,175.7,4.63,69.4,39.0,18.1
2026-04-17 06:47:38,0.0,88.5,101.7,7.35,70.0,38.5,18.1
2026-04-17 06:47:38,0.0,110.3,133.6,5.33,70.0,38.5,18.1
2026-04-17 06:47:38,0.0,91.0,113.3,6.81,68.8,38.6,18.1
2026-04-17 06:47:39,0.0,96.8,119.7,5.8,69.4,36.6,18.0
2026-04-17 06:47:39,0.0,89.5,112.8,6.27,68.3,37.9,18.0
2026-04-17 06:47:39,0.0,87.8,108.7,6.07,68.3,33.8,18.0
2026-04-17 06:47:39,0.0,116.9,126.8,6.15,70.0,42.9,18.0
2026-04-17 06:47:39,0.0,102.8,119.7,6.52,70.0,36.8,17.9
2026-04-17 06:47:39,0.0,88.7,111.5,6.61,70.0,39.7,17.9
2026-04-17 06:47:39,0.0,87.9,110.9,6.03,69.4,33.8,17.9
2026-04-17 06:47:40,0.0,90.7,114.8,5.87,68.8,38.6,17.9
2026-04-17 06:47:40,0.0,88.1,113.4,6.05,70.0,34.8,17.9
2026-04-17 06:47:40,0.0,91.0,117.8,5.85,69.4,36.8,17.9
2026-04-17 06:47:40,0.0,117.2,140.1,5.29,70.0,41.3,17.8
2026-04-17 06:47:40,0.0,87.5,103.3,7.3,69.4,41.8,17.8
2026-04-17 06:47:40,0.0,110.4,122.2,6.41,68.8,46.2,17.8
2026-04-17 06:47:41,0.0,93.4,116.5,6.61,70.5,37.7,17.8
2026-04-17 06:47:41,0.0,95.4,121.0,5.89,70.0,35.8,17.8
2026-04-17 06:47:41,0.0,97.6,120.7,6.02,70.0,35.9,17.9
2026-04-17 06:47:41,0.0,85.2,108.0,6.49,68.8,38.5,17.9
2026-04-17 06:47:41,0.0,97.1,111.7,6.88,70.5,43.9,17.9
2026-04-17 06:47:41,0.0,91.0,114.2,6.23,68.8,36.9,17.9
2026-04-17 06:47:42,0.0,110.5,133.7,5.37,68.3,32.4,17.9
2026-04-17 06:47:42,0.0,104.9,127.4,6.22,69.4,45.5,17.9
2026-04-17 06:47:42,0.0,88.5,110.2,6.64,69.4,38.3,17.9
2026-04-17 06:47:42,0.0,84.6,107.6,6.15,68.8,33.8,17.9
2026-04-17 06:47:42,0.0,103.6,118.3,6.57,68.8,40.0,18.0
2026-04-17 06:47:42,0.0,114.6,137.3,5.63,71.6,36.6,18.0
2026-04-17 06:47:43,0.0,87.4,102.8,7.17,69.4,45.3,18.0
2026-04-17 06:47:43,0.0,108.9,120.6,6.46,69.4,41.7,18.1
2026-04-17 06:47:43,0.0,93.2,116.2,6.63,70.0,35.7,18.1
2026-04-17 06:47:43,0.0,125.1,147.1,5.03,69.4,38.0,18.1
2026-04-17 06:47:43,0.0,95.0,118.1,5.9,68.8,35.4,18.1
2026-04-17 06:47:43,0.0,97.3,120.6,5.92,70.5,37.1,18.1
2026-04-17 06:47:44,0.0,87.6,110.7,6.38,70.5,39.1,18.0
2026-04-17 06:47:44,0.0,84.3,96.1,7.71,69.4,39.2,18.0
2026-04-17 06:47:44,0.0,96.4,110.4,6.88,70.5,44.8,18.1
2026-04-17 06:47:44,0.0,103.7,126.8,5.69,68.8,33.8,18.1
2026-04-17 06:47:44,0.0,88.1,110.9,6.69,70.0,37.3,18.1
2026-04-17 06:47:44,0.0,87.3,109.9,6.04,69.4,33.3,18.0
2026-04-17 06:47:44,0.0,96.7,108.7,7.01,69.4,43.6,18.1
2026-04-17 06:47:45,0.0,103.9,126.7,5.76,69.4,35.7,18.0
2026-04-17 06:47:45,0.0,102.4,125.4,6.06,70.0,37.5,18.0
2026-04-17 06:47:45,0.0,129.4,155.7,5.08,70.0,40.0,17.9
2026-04-17 06:47:45,0.0,108.5,131.6,5.69,71.6,35.3,17.9
2026-04-17 06:47:45,0.0,88.3,110.6,6.83,70.0,36.8,17.9
2026-04-17 06:47:45,0.0,92.0,115.1,5.86,68.3,41.7,17.8
2026-04-17 06:47:46,0.0,88.7,111.6,6.14,68.8,36.4,17.8
2026-04-17 06:47:46,0.0,89.8,100.8,7.42,68.3,46.4,17.8
2026-04-17 06:47:46,0.0,107.0,130.0,5.45,70.0,35.1,17.8
2026-04-17 06:47:46,0.0,97.9,120.9,6.35,70.5,35.6,17.8
2026-04-17 06:47:46,0.0,96.1,119.3,6.07,71.0,36.4,17.8
2026-04-17 06:47:46,0.0,85.9,109.0,6.39,69.4,37.1,17.8
2026-04-17 06:47:47,0.0,84.3,97.4,7.59,70.5,41.5,17.8
2026-04-17 06:47:47,0.0,116.6,129.5,6.05,70.0,49.3,17.9
2026-04-17 06:47:47,0.0,95.3,112.2,6.86,69.4,37.5,17.9
2026-04-17 06:47:47,0.0,104.5,127.5,5.7,70.0,36.2,17.9
2026-04-17 06:47:47,0.0,99.0,119.9,6.21,70.5,40.9,17.9
2026-04-17 06:47:47,0.0,85.0,108.6,6.53,70.5,37.1,18.0
2026-04-17 06:47:48,0.0,86.1,102.5,7.34,70.0,39.6,18.0
2026-04-17 06:47:48,0.0,88.0,111.2,6.01,71.6,37.7,17.9
2026-04-17 06:47:48,0.0,94.7,118.0,5.76,70.0,29.7,17.9
2026-04-17 06:47:48,0.0,91.9,114.9,6.12,68.8,38.8,18.0
2026-04-17 06:47:48,0.0,100.3,122.9,5.69,70.0,34.3,17.9
2026-04-17 06:47:48,0.0,108.0,131.2,5.75,69.4,37.7,18.0
2026-04-17 06:47:49,0.0,87.1,110.1,6.87,70.0,40.7,18.0
2026-04-17 06:47:49,0.0,92.9,105.2,7.2,71.0,36.5,18.0
2026-04-17 06:47:49,0.0,103.4,126.7,5.64,70.5,35.7,18.0
2026-04-17 06:47:49,0.0,93.0,114.7,6.4,69.4,35.5,18.0
2026-04-17 06:47:49,0.0,87.0,110.0,6.23,69.4,36.5,18.1
2026-04-17 06:47:49,0.0,100.6,114.0,6.77,69.4,43.3,18.1
2026-04-17 06:47:49,0.0,90.4,113.7,6.42,71.0,40.6,18.1
2026-04-17 06:47:50,0.0,86.8,109.9,6.15,70.0,34.8,18.1
2026-04-17 06:47:50,0.0,88.3,100.5,7.42,71.0,43.4,18.2
2026-04-17 06:47:50,0.0,95.0,118.5,5.75,70.5,38.4,18.2
2026-04-17 06:47:50,0.0,106.8,130.8,5.59,70.5,36.6,18.2
2026-04-17 06:47:50,0.0,94.6,117.8,6.51,70.5,37.7,18.2
2026-04-17 06:47:50,0.0,90.2,110.7,6.17,69.4,32.3,18.2
2026-04-17 06:47:51,0.0,85.4,107.9,6.18,69.4,34.4,18.2
2026-04-17 06:47:51,0.0,84.5,99.2,7.53,70.5,42.6,18.3
2026-04-17 06:47:51,0.0,100.9,118.3,6.58,70.5,41.4,18.3
2026-04-17 06:47:51,0.0,90.0,112.0,6.53,70.5,33.9,18.3
2026-04-17 06:47:51,0.0,94.3,117.4,5.85,69.4,37.7,18.3
2026-04-17 06:47:51,0.0,98.4,121.7,5.85,70.5,39.1,18.4
2026-04-17 06:47:52,0.0,108.3,131.7,5.67,70.0,39.4,18.3
2026-04-17 06:47:52,0.0,106.6,129.6,6.08,71.0,39.4,18.3
2026-04-17 06:47:52,0.0,117.2,140.6,5.62,71.0,35.4,18.3
2026-04-17 06:47:52,0.0,99.0,113.7,6.76,70.5,43.3,18.3
2026-04-17 06:47:52,0.0,114.7,137.8,5.48,70.0,36.2,18.2
2026-04-17 06:47:52,0.0,92.9,112.0,6.87,70.5,41.1,18.2
2026-04-17 06:47:53,0.0,93.8,116.9,5.99,70.5,32.8,18.2
2026-04-17 06:47:53,0.0,87.3,110.3,6.25,70.5,35.5,18.2
2026-04-17 06:47:53,0.0,88.7,100.3,7.41,70.0,43.4,18.3
2026-04-17 06:47:53,0.0,86.0,109.3,6.1,71.6,38.2,18.3
2026-04-17 06:47:53,0.0,87.6,101.3,7.42,70.5,43.4,18.3
2026-04-17 06:47:53,0.0,113.4,136.3,5.19,69.4,37.2,18.3
2026-04-17 06:47:53,0.0,103.3,122.6,6.41,70.0,38.3,18.3
2026-04-17 06:47:54,0.0,94.2,122.1,6.16,70.5,34.4,18.3
2026-04-17 06:47:54,0.0,116.1,139.4,5.44,70.0,37.8,18.3
2026-04-17 06:47:54,0.0,88.5,105.3,7.2,71.0,36.5,18.3
2026-04-17 06:47:54,0.0,86.1,109.1,6.09,70.0,29.5,18.3
2026-04-17 06:47:54,0.0,93.8,106.8,7.1,70.0,42.6,18.3
2026-04-17 06:47:54,0.0,89.0,112.5,6.11,70.5,35.4,18.3
2026-04-17 06:47:55,0.0,85.9,109.2,6.18,70.0,32.8,18.3
2026-04-17 06:47:55,0.0,145.8,159.1,5.18,70.5,47.4,18.3
2026-04-17 06:47:55,0.0,95.7,116.2,6.68,70.0,40.3,18.3
2026-04-17 06:47:55,0.0,90.4,113.3,6.2,70.5,41.2,18.2
2026-04-17 06:47:55,0.0,93.1,116.1,5.91,70.5,34.8,18.2
2026-04-17 06:47:55,0.0,87.3,110.2,6.22,70.5,36.9,18.2
2026-04-17 06:47:56,0.0,110.0,120.4,6.41,70.5,41.7,18.2
2026-04-17 06:47:56,0.0,95.8,118.8,6.56,70.5,36.7,18.2
2026-04-17 06:47:56,0.0,91.0,109.9,6.17,71.0,35.9,18.2
2026-04-17 06:47:56,0.0,101.0,122.3,5.67,70.5,29.7,18.2
2026-04-17 06:47:56,0.0,95.5,118.1,6.21,71.0,33.9,18.2
2026-04-17 06:47:56,0.0,116.4,135.0,5.33,70.0,34.7,18.2
2026-04-17 06:47:57,0.0,84.8,98.3,7.41,68.8,40.7,18.2
2026-04-17 06:47:57,0.0,110.6,125.0,6.29,70.5,45.3,18.2
2026-04-17 06:47:57,0.0,92.2,114.5,6.75,70.5,35.7,18.3
2026-04-17 06:47:57,0.0,88.2,110.8,6.15,70.5,32.3,18.3
2026-04-17 06:47:57,0.0,104.1,124.1,5.48,71.0,42.7,18.3
2026-04-17 06:47:57,0.0,120.5,143.7,5.46,68.8,38.4,18.3
2026-04-17 06:47:58,0.0,103.8,118.0,6.57,71.6,41.7,18.3
2026-04-17 06:47:58,0.0,109.2,132.0,5.89,70.5,39.7,18.3
2026-04-17 06:47:58,0.0,91.9,114.8,6.7,70.0,37.9,18.3
2026-04-17 06:47:58,0.0,294.5,317.7,2.71,71.6,73.2,17.7
2026-04-17 06:47:58,0.0,124.6,125.5,5.81,70.5,69.1,17.6
2026-04-17 06:47:59,0.0,88.3,110.3,6.47,70.5,37.1,17.6
2026-04-17 06:47:59,0.0,87.8,110.8,6.02,70.5,37.7,17.6
2026-04-17 06:47:59,0.0,102.5,122.2,5.51,70.0,33.3,17.5
2026-04-17 06:47:59,0.0,106.9,129.7,5.86,70.5,37.7,17.5
2026-04-17 06:47:59,0.0,90.5,108.7,6.65,70.0,34.5,17.5
2026-04-17 06:47:59,0.0,96.8,119.8,5.78,71.0,37.7,17.5
2026-04-17 06:48:00,0.0,96.5,119.0,6.01,71.6,31.1,17.5
2026-04-17 06:48:00,0.0,125.7,146.0,5.11,70.0,42.5,17.5
2026-04-17 06:48:00,0.0,103.4,126.4,5.63,70.5,34.3,17.6
2026-04-17 06:48:00,0.0,87.8,109.0,6.62,71.6,37.3,17.6
2026-04-17 06:48:00,0.0,86.5,100.3,7.47,69.4,40.7,17.5
2026-04-17 06:48:00,0.0,106.5,129.7,5.41,71.0,38.2,17.5
2026-04-17 06:48:01,0.0,95.6,118.2,6.43,71.0,35.6,17.5
2026-04-17 06:48:01,0.0,89.3,112.4,6.23,70.0,33.9,17.5
2026-04-17 06:48:01,0.0,95.9,117.7,5.78,71.0,33.8,17.4
2026-04-17 06:48:01,0.0,102.2,125.9,5.76,70.5,37.1,17.5
2026-04-17 06:48:01,0.0,96.9,119.7,6.23,70.5,34.4,17.4
2026-04-17 06:48:01,0.0,89.0,113.6,6.24,70.5,37.5,17.4
2026-04-17 06:48:02,0.0,91.3,99.9,7.44,70.5,40.0,17.4
2026-04-17 06:48:02,0.0,103.3,128.4,5.55,71.0,37.1,17.4
2026-04-17 06:48:02,0.0,93.4,116.5,6.44,70.5,37.1,17.4
2026-04-17 06:48:02,0.0,101.9,125.0,5.73,70.0,33.8,17.3
2026-04-17 06:48:02,0.0,105.9,129.0,5.85,71.6,40.9,17.4
2026-04-17 06:48:02,0.0,101.6,124.6,6.17,71.0,32.8,17.4
2026-04-17 06:48:03,0.0,94.5,117.5,6.27,70.5,35.5,17.4
2026-04-17 06:48:03,0.0,91.7,114.2,6.1,70.0,32.3,17.4
2026-04-17 06:48:03,0.0,94.8,121.3,5.77,70.5,33.8,17.4
2026-04-17 06:48:03,0.0,96.3,119.2,6.09,70.5,36.9,17.5
2026-04-17 06:48:03,0.0,92.5,116.0,6.11,70.5,35.9,17.5
2026-04-17 06:48:03,0.0,90.7,111.5,6.09,70.0,33.3,17.5
2026-04-17 06:48:04,0.0,107.0,129.9,5.46,70.0,37.8,17.5
2026-04-17 06:48:04,0.0,101.8,124.5,6.2,70.0,39.4,17.6
2026-04-17 06:48:04,0.0,84.5,106.9,6.7,71.0,37.7,17.6
2026-04-17 06:48:04,0.0,101.4,116.8,6.65,71.6,43.3,17.6
2026-04-17 06:48:04,0.0,93.7,116.6,6.3,71.6,33.3,17.6
2026-04-17 06:48:04,0.0,93.3,116.4,6.01,70.0,36.4,17.6
2026-04-17 06:48:04,0.0,99.1,122.1,5.8,70.5,31.8,17.6
2026-04-17 06:48:05,0.0,104.5,127.4,5.82,70.5,39.4,17.6
2026-04-17 06:48:05,0.0,86.8,106.5,6.72,71.0,37.3,17.6
2026-04-17 06:48:05,0.0,94.5,107.3,7.09,71.0,39.6,17.6
2026-04-17 06:48:05,0.0,111.1,133.3,5.46,70.5,36.5,17.6
2026-04-17 06:48:05,0.0,98.9,121.0,6.47,71.0,38.3,17.6
2026-04-17 06:48:05,0.0,103.6,130.9,5.7,69.4,34.3,17.6
2026-04-17 06:48:06,0.0,94.2,117.2,6.54,70.5,39.3,17.6
2026-04-17 06:48:06,0.0,86.7,110.0,6.27,70.5,35.9,17.6
2026-04-17 06:48:06,0.0,92.5,105.1,7.2,71.0,36.5,17.6
2026-04-17 06:48:06,0.0,92.6,119.5,5.87,70.5,35.7,17.6
2026-04-17 06:48:06,0.0,95.8,119.1,6.02,70.5,33.3,17.6
2026-04-17 06:48:06,0.0,87.9,111.1,6.31,71.0,36.5,17.7
2026-04-17 06:48:07,0.0,85.9,109.0,6.08,70.5,34.4,17.6
2026-04-17 06:48:07,0.0,102.6,115.0,6.66,71.0,45.9,17.6
2026-04-17 06:48:07,0.0,87.4,109.7,6.6,70.0,37.7,17.6
2026-04-17 06:48:07,0.0,121.2,133.0,6.0,71.0,47.0,17.6
2026-04-17 06:48:07,0.0,96.0,108.3,7.05,70.5,42.1,17.6
2026-04-17 06:48:07,0.0,91.7,114.5,6.17,70.5,38.8,17.6
2026-04-17 06:48:08,0.0,106.1,129.4,5.51,70.0,33.8,17.6
2026-04-17 06:48:08,0.0,94.8,118.0,6.46,71.0,34.5,17.6
2026-04-17 06:48:08,0.0,88.9,112.3,6.21,70.5,37.9,17.6
2026-04-17 06:48:08,0.0,100.9,122.8,5.62,70.5,33.3,17.6
2026-04-17 06:48:08,0.0,88.5,111.8,6.38,70.5,38.1,17.5
2026-04-17 06:48:08,0.0,101.2,123.3,5.64,70.0,36.2,17.5
2026-04-17 06:48:09,0.0,100.6,124.0,6.02,70.5,37.9,17.5
2026-04-17 06:48:09,0.0,102.4,125.7,5.94,70.5,37.9,17.5
2026-04-17 06:48:09,0.0,87.0,110.0,6.63,70.5,35.6,17.5
2026-04-17 06:48:09,0.0,95.2,108.3,7.04,70.0,39.6,17.5
2026-04-17 06:48:09,0.0,101.3,124.4,5.81,69.4,31.7,17.5
2026-04-17 06:48:09,0.0,92.8,115.9,6.32,71.6,37.5,17.5
2026-04-17 06:48:09,0.0,101.7,125.4,5.68,71.6,33.8,17.6
2026-04-17 06:48:10,0.0,104.6,127.8,5.88,70.0,43.1,17.6
2026-04-17 06:48:10,0.0,88.3,112.1,6.66,71.6,38.7,17.6
2026-04-17 06:48:10,0.0,104.3,131.0,5.4,70.5,32.4,17.6
2026-04-17 06:48:10,0.0,111.0,133.8,5.9,70.0,44.3,17.6
2026-04-17 06:48:10,0.0,104.9,126.9,6.23,71.0,37.5,17.6
2026-04-17 06:48:10,0.0,97.4,120.6,6.28,71.6,39.7,17.6
2026-04-17 06:48:11,0.0,107.0,127.6,5.68,70.5,33.8,17.6
2026-04-17 06:48:11,0.0,102.2,125.8,6.16,71.6,38.3,17.6
2026-04-17 06:48:11,0.0,93.8,117.2,6.33,70.5,38.1,17.7
2026-04-17 06:48:11,0.0,98.4,121.3,5.85,71.0,37.1,17.6
2026-04-17 06:48:11,0.0,98.0,120.1,6.02,71.6,37.3,17.6
2026-04-17 06:48:11,0.0,107.2,130.2,5.69,70.5,32.8,17.7
2026-04-17 06:48:12,0.0,104.4,128.2,6.08,71.6,43.3,17.7
2026-04-17 06:48:12,0.0,90.7,111.7,6.57,71.0,40.7,17.7
2026-04-17 06:48:12,0.0,90.8,114.0,5.99,71.6,44.1,17.7
2026-04-17 06:48:12,0.0,89.9,113.0,6.04,70.5,33.8,17.6
2026-04-17 06:48:12,0.0,88.5,111.5,6.05,70.5,39.1,17.6
2026-04-17 06:48:12,0.0,93.3,118.9,5.75,71.6,38.6,17.7
2026-04-17 06:48:13,0.0,95.8,118.8,6.01,71.0,33.3,17.7
2026-04-17 06:48:13,0.0,87.6,110.3,6.3,70.0,37.5,17.7
2026-04-17 06:48:13,0.0,96.8,112.5,6.84,70.0,41.4,17.7
2026-04-17 06:48:13,0.0,100.1,123.2,6.02,70.5,36.9,17.7
2026-04-17 06:48:13,0.0,97.6,120.3,6.1,71.0,40.9,17.7
2026-04-17 06:48:13,0.0,87.8,111.3,6.36,71.6,36.1,17.6
2026-04-17 06:48:14,0.0,113.2,136.2,5.22,70.5,33.3,17.6
2026-04-17 06:48:14,0.0,112.9,132.9,6.01,69.4,45.7,17.6
2026-04-17 06:48:14,0.0,98.5,123.0,6.39,70.5,35.0,17.6
2026-04-17 06:48:14,0.0,107.5,129.4,5.85,71.0,42.6,17.6
2026-04-17 06:48:14,0.0,120.3,143.4,5.57,70.5,43.8,17.6
2026-04-17 06:48:14,0.0,86.5,97.2,7.53,71.6,36.7,17.6
2026-04-17 06:48:15,0.0,102.9,115.7,6.69,70.5,41.4,17.6
2026-04-17 06:48:15,0.0,105.1,128.1,5.92,71.0,38.2,17.6
2026-04-17 06:48:15,0.0,88.2,110.5,6.68,70.5,40.3,17.6
2026-04-17 06:48:15,0.0,125.0,148.0,4.92,71.0,35.4,17.6
2026-04-17 06:48:15,0.0,95.4,118.3,5.87,71.0,33.3,17.6
2026-04-17 06:48:15,0.0,87.4,110.2,6.31,70.5,35.5,17.6
2026-04-17 06:48:16,0.0,94.5,106.5,7.12,72.2,40.7,17.7
2026-04-17 06:48:16,0.0,89.9,112.7,6.16,70.0,34.9,17.7
2026-04-17 06:48:16,0.0,93.9,116.9,5.87,70.5,37.1,17.8
2026-04-17 06:48:16,0.0,87.3,110.2,6.25,70.5,33.9,17.8
2026-04-17 06:48:16,0.0,101.8,115.0,6.72,71.0,41.4,17.8
2026-04-17 06:48:16,0.0,101.8,124.6,6.03,71.0,34.9,17.8
2026-04-17 06:48:17,0.0,94.2,117.2,6.29,71.6,36.1,17.8
2026-04-17 06:48:17,0.0,105.9,128.7,5.61,70.5,41.1,17.8
2026-04-17 06:48:17,0.0,87.7,111.4,6.7,71.6,43.5,17.9
2026-04-17 06:48:17,0.0,98.0,119.7,5.68,71.6,34.3,17.9
2026-04-17 06:48:17,0.0,118.2,141.2,5.35,71.6,39.5,17.9
2026-04-17 06:48:17,0.0,89.5,103.8,7.25,70.5,41.1,17.9
2026-04-17 06:48:17,0.0,94.4,105.8,7.17,71.6,46.4,17.9
2026-04-17 06:48:18,0.0,100.3,123.5,5.84,71.0,33.3,17.9
2026-04-17 06:48:18,0.0,92.4,115.4,6.31,71.0,33.3,17.9
2026-04-17 06:48:18,0.0,87.7,110.6,6.18,69.4,34.9,17.9
2026-04-17 06:48:18,0.0,99.3,112.0,6.87,71.0,41.7,17.9
2026-04-17 06:48:18,0.0,88.3,111.3,6.45,71.0,37.7,18.0
2026-04-17 06:48:18,0.0,89.5,112.7,5.96,71.6,35.3,18.0
2026-04-17 06:48:19,0.0,89.9,113.9,5.96,71.6,34.8,18.0
2026-04-17 06:48:19,0.0,110.6,130.9,5.37,70.5,43.4,18.0
2026-04-17 06:48:19,0.0,86.1,105.9,7.03,71.6,40.7,18.0
2026-04-17 06:48:19,0.0,100.5,111.6,6.77,71.0,44.8,17.9
2026-04-17 06:48:19,0.0,99.7,123.1,6.01,71.0,34.9,18.0
2026-04-17 06:48:19,0.0,96.2,118.7,6.16,71.0,37.9,18.0
2026-04-17 06:48:20,0.0,86.2,108.0,6.38,71.0,35.5,18.0
2026-04-17 06:48:20,0.0,107.2,120.7,6.48,70.5,44.3,18.0
2026-04-17 06:48:20,0.0,94.1,118.2,6.47,70.5,39.3,18.0
2026-04-17 06:48:20,0.0,95.0,111.5,6.0,70.5,37.9,18.0
2026-04-17 06:48:20,0.0,92.4,115.1,6.11,71.6,34.4,18.0
2026-04-17 06:48:20,0.0,126.2,149.4,4.99,71.6,36.4,18.0
2026-04-17 06:48:21,0.0,97.2,120.1,5.86,71.6,34.3,18.0
2026-04-17 06:48:21,0.0,90.9,114.1,6.22,70.5,34.9,18.0
2026-04-17 06:48:21,0.0,101.7,121.6,5.65,71.0,35.2,18.0
2026-04-17 06:48:21,0.0,124.5,147.4,5.28,71.6,33.3,18.0
2026-04-17 06:48:21,0.0,112.7,126.8,5.31,70.0,44.9,18.0
2026-04-17 06:48:21,0.0,93.8,109.3,6.77,70.5,45.9,18.0
2026-04-17 06:48:22,0.0,98.6,121.4,5.84,70.5,32.3,18.0
2026-04-17 06:48:22,0.0,103.6,126.2,5.82,71.6,38.2,18.0
2026-04-17 06:48:22,0.0,96.0,119.0,6.29,70.5,37.5,18.0
2026-04-17 06:48:22,0.0,87.4,108.6,6.33,71.6,33.9,18.0
2026-04-17 06:48:22,0.0,100.2,112.4,6.84,72.2,47.6,18.0
2026-04-17 06:48:22,0.0,94.5,115.9,6.21,71.0,36.5,18.0
2026-04-17 06:48:23,0.0,93.1,114.1,6.06,71.0,39.1,18.0
2026-04-17 06:48:23,0.0,88.5,108.9,6.18,72.2,34.9,18.0
2026-04-17 06:48:23,0.0,103.1,128.7,5.44,71.0,29.4,18.0
2026-04-17 06:48:23,0.0,111.1,134.1,5.81,71.0,32.8,18.0
2026-04-17 06:48:23,0.0,88.6,111.3,6.91,71.6,44.3,17.9
2026-04-17 06:48:23,0.0,90.2,112.6,5.97,70.5,32.3,17.9
2026-04-17 06:48:24,0.0,90.3,113.3,6.0,71.0,43.9,17.9
2026-04-17 06:48:24,0.0,108.2,131.3,5.42,72.2,33.8,17.9
2026-04-17 06:48:24,0.0,94.9,116.4,6.53,71.0,42.9,17.9
2026-04-17 06:48:24,0.0,92.4,115.2,6.09,71.0,34.8,17.9
2026-04-17 06:48:24,0.0,95.1,117.9,5.9,71.6,34.8,17.9
2026-04-17 06:48:24,0.0,95.9,118.9,5.98,71.0,35.4,17.9
2026-04-17 06:48:25,0.0,85.6,108.7,6.39,70.0,35.5,18.0
2026-04-17 06:48:25,0.0,105.4,118.9,6.54,71.0,41.9,18.0
2026-04-17 06:48:25,0.0,97.1,120.0,6.32,72.2,35.0,18.0
2026-04-17 06:48:25,0.0,89.2,112.3,6.29,70.5,36.5,18.0
2026-04-17 06:48:25,0.0,96.5,116.6,5.75,72.2,34.8,18.0
2026-04-17 06:48:25,0.0,88.8,111.5,6.3,70.5,37.5,18.0
2026-04-17 06:48:26,0.0,91.6,112.9,5.9,71.0,33.3,18.0
2026-04-17 06:48:26,0.0,96.0,118.9,5.85,71.6,37.1,18.0
2026-04-17 06:48:26,0.0,103.8,125.3,5.73,70.5,42.5,17.9
2026-04-17 06:48:26,0.0,90.0,111.8,6.54,72.7,41.0,18.0
2026-04-17 06:48:26,0.0,108.1,130.8,5.42,71.0,38.7,17.9
2026-04-17 06:48:26,0.0,99.9,122.8,6.32,71.0,37.7,17.9
2026-04-17 06:48:27,0.0,100.8,123.8,5.97,72.2,38.8,17.9
2026-04-17 06:48:27,0.0,108.4,131.5,5.74,73.2,40.8,17.9
2026-04-17 06:48:27,0.0,90.4,113.6,6.73,71.0,39.0,17.9
2026-04-17 06:48:27,0.0,88.4,111.6,6.07,70.5,32.3,17.9
2026-04-17 06:48:27,0.0,89.0,112.1,5.99,70.5,37.1,17.9
2026-04-17 06:48:27,0.0,85.6,96.1,7.66,70.5,45.3,17.9
2026-04-17 06:48:27,0.0,96.0,109.3,6.98,72.7,42.1,18.0
2026-04-17 06:48:28,0.0,116.1,141.5,5.3,72.2,38.2,18.0
2026-04-17 06:48:28,0.0,91.9,108.1,7.05,71.6,45.0,18.0
2026-04-17 06:48:28,0.0,85.3,107.3,6.28,71.0,36.9,18.0
2026-04-17 06:48:28,0.0,86.6,104.5,7.24,71.0,41.1,18.0
2026-04-17 06:48:28,0.0,106.3,129.5,5.5,72.2,41.7,18.0
2026-04-17 06:48:28,0.0,87.7,110.9,6.75,72.2,41.9,18.0
2026-04-17 06:48:29,0.0,85.8,109.1,6.07,71.6,35.8,18.0
2026-04-17 06:48:29,0.0,88.6,102.4,7.36,71.6,40.4,18.0
2026-04-17 06:48:29,0.0,85.7,109.0,6.1,71.6,37.7,18.0
2026-04-17 06:48:29,0.0,96.5,110.1,6.95,71.6,41.1,18.0
2026-04-17 06:48:29,0.0,91.0,114.1,6.2,71.6,40.3,18.0
2026-04-17 06:48:29,0.0,107.0,129.9,5.48,71.6,32.4,18.0
2026-04-17 06:48:30,0.0,95.7,118.9,6.44,71.6,36.1,18.0
2026-04-17 06:48:30,0.0,87.4,109.4,6.31,71.6,34.9,18.1
2026-04-17 06:48:30,0.0,93.1,104.9,7.2,72.2,44.6,18.1
2026-04-17 06:48:30,0.0,88.0,110.9,6.2,72.2,35.9,18.1
2026-04-17 06:48:30,0.0,88.8,100.6,7.45,71.0,43.4,18.1
2026-04-17 06:48:30,0.0,96.5,119.5,5.74,71.6,37.5,18.1
2026-04-17 06:48:31,0.0,114.7,135.9,5.41,71.6,40.0,18.1
2026-04-17 06:48:31,0.0,129.7,148.0,5.51,71.0,43.7,18.2
2026-04-17 06:48:31,0.0,91.5,114.7,6.18,71.6,31.7,18.2
2026-04-17 06:48:31,0.0,98.8,120.8,5.75,71.6,35.7,18.2
2026-04-17 06:48:31,0.0,87.8,110.7,6.43,70.5,39.1,18.1
2026-04-17 06:48:31,0.0,97.2,111.2,6.9,71.6,43.1,18.1
2026-04-17 06:48:31,0.0,91.7,114.1,6.27,71.0,35.9,18.1
2026-04-17 06:48:32,0.0,89.5,110.0,6.1,70.5,33.3,18.0
2026-04-17 06:48:32,0.0,93.3,116.7,5.86,73.8,38.2,18.0
2026-04-17 06:48:32,0.0,104.5,127.2,5.64,71.6,33.3,18.0
2026-04-17 06:48:32,0.0,90.5,111.9,6.54,70.5,41.3,17.9
2026-04-17 06:48:32,0.0,94.6,117.9,5.85,70.5,35.3,17.9
2026-04-17 06:48:32,0.0,103.5,125.9,5.71,71.0,39.7,17.9
2026-04-17 06:48:33,0.0,98.0,121.1,6.2,71.0,33.3,18.0
2026-04-17 06:48:33,0.0,94.3,113.2,6.12,71.6,33.9,18.0
2026-04-17 06:48:33,0.0,94.9,114.9,6.0,71.6,47.8,18.0
2026-04-17 06:48:33,0.0,89.0,112.2,6.21,71.6,35.9,18.0
2026-04-17 06:48:33,0.0,86.7,110.1,6.09,70.5,33.8,18.1
2026-04-17 06:48:33,0.0,92.3,104.6,7.22,72.2,39.6,18.1
2026-04-17 06:48:34,0.0,99.4,121.4,5.75,71.6,35.3,18.2
2026-04-17 06:48:34,0.0,84.2,107.1,6.62,70.0,34.4,18.2
2026-04-17 06:48:34,0.0,89.9,103.9,7.19,71.6,45.5,18.3
2026-04-17 06:48:34,0.0,95.0,118.1,5.81,71.0,36.2,18.3
2026-04-17 06:48:34,0.0,87.1,111.0,6.28,72.7,35.0,18.3
2026-04-17 06:48:34,0.0,84.8,107.5,6.12,70.0,34.8,18.2
2026-04-17 06:48:35,0.0,86.2,101.2,7.41,71.6,40.4,18.2
2026-04-17 06:48:35,0.0,94.1,107.1,7.1,71.0,40.0,18.2
2026-04-17 06:48:35,0.0,89.6,112.1,6.16,71.0,38.8,18.2
2026-04-17 06:48:35,0.0,122.9,145.8,5.01,70.0,35.8,18.3
2026-04-17 06:48:35,0.0,116.0,138.4,5.18,70.5,33.8,18.3
2026-04-17 06:48:36,0.0,264.4,282.2,3.11,71.6,92.2,17.9
2026-04-17 06:48:36,0.0,128.7,151.8,5.25,71.0,46.7,17.9
2026-04-17 06:48:36,0.0,84.7,107.6,6.42,71.6,34.9,17.9
2026-04-17 06:48:36,0.0,86.9,102.2,7.37,70.5,45.5,17.9
2026-04-17 06:48:36,0.0,143.2,155.5,5.28,71.6,36.6,17.8
2026-04-17 06:48:36,0.0,112.2,134.3,5.91,71.6,35.9,17.9
2026-04-17 06:48:37,0.0,95.1,115.8,6.7,72.7,41.0,17.9
2026-04-17 06:48:37,0.0,93.4,116.6,6.06,71.0,36.5,17.9
2026-04-17 06:48:37,0.0,103.8,126.7,5.66,71.6,34.8,17.9
2026-04-17 06:48:37,0.0,91.9,114.9,6.46,71.6,35.6,17.9
2026-04-17 06:48:37,0.0,86.7,109.9,6.19,71.0,37.3,17.8
2026-04-17 06:48:37,0.0,89.6,102.6,7.33,72.2,43.4,17.8
2026-04-17 06:48:38,0.0,90.0,112.8,6.0,72.2,38.2,17.8
2026-04-17 06:48:38,0.0,93.9,115.8,5.87,71.6,32.8,17.8
2026-04-17 06:48:38,0.0,90.1,112.7,6.14,72.7,40.6,17.8
2026-04-17 06:48:38,0.0,113.0,135.5,5.28,72.2,37.0,17.8
2026-04-17 06:48:38,0.0,99.0,117.8,6.56,71.0,39.0,17.7
2026-04-17 06:48:38,0.0,87.2,112.2,6.37,72.2,38.5,17.8
2026-04-17 06:48:39,0.0,87.5,114.2,5.94,72.7,36.8,17.8
2026-04-17 06:48:39,0.0,94.3,117.3,5.89,72.2,33.3,17.8
2026-04-17 06:48:39,0.0,89.3,112.6,6.18,71.6,34.9,17.8
2026-04-17 06:48:39,0.0,94.0,117.2,5.84,72.2,35.7,17.7
2026-04-17 06:48:39,0.0,100.3,122.0,5.78,70.5,36.2,17.7
2026-04-17 06:48:39,0.0,108.5,131.5,5.68,72.2,34.3,17.7
2026-04-17 06:48:40,0.0,91.1,114.0,6.77,71.0,41.7,17.7
2026-04-17 06:48:40,0.0,87.3,110.2,6.15,72.7,33.9,17.7
2026-04-17 06:48:40,0.0,92.5,115.6,5.82,72.2,34.3,17.7
2026-04-17 06:48:40,0.0,100.6,123.7,5.72,71.6,32.8,17.7
2026-04-17 06:48:40,0.0,85.9,108.8,6.59,71.6,38.1,17.7
2026-04-17 06:48:40,0.0,98.0,111.0,6.87,72.2,44.6,17.7
2026-04-17 06:48:40,0.0,93.0,116.1,6.19,72.2,37.3,17.7
2026-04-17 06:48:41,0.0,103.7,125.3,5.64,71.6,40.8,17.6
2026-04-17 06:48:41,0.0,95.9,119.2,6.29,72.7,38.7,17.6
2026-04-17 06:48:41,0.0,91.2,113.9,6.19,72.2,34.9,17.6
2026-04-17 06:48:41,0.0,87.6,110.5,6.14,72.2,34.8,17.6
2026-04-17 06:48:41,0.0,105.5,117.2,6.62,72.7,37.5,17.6
2026-04-17 06:48:41,0.0,87.1,110.4,6.74,71.0,41.9,17.6
2026-04-17 06:48:42,0.0,88.6,100.1,7.42,72.7,35.4,17.6
2026-04-17 06:48:42,0.0,102.1,126.6,5.51,72.2,39.7,17.6
2026-04-17 06:48:42,0.0,94.3,117.4,6.36,72.2,33.9,17.7
2026-04-17 06:48:42,0.0,93.7,116.0,6.01,72.7,36.4,17.7
2026-04-17 06:48:42,0.0,96.6,119.3,5.91,72.2,35.3,17.7
2026-04-17 06:48:42,0.0,90.1,113.3,6.23,72.7,43.3,17.7
2026-04-17 06:48:43,0.0,95.3,118.3,5.83,73.2,41.1,17.7
2026-04-17 06:48:43,0.0,103.4,126.4,5.73,72.7,36.4,17.7
2026-04-17 06:48:43,0.0,120.0,143.0,5.46,72.2,41.7,17.7
2026-04-17 06:48:43,0.0,86.6,99.3,7.51,72.2,39.6,17.7
2026-04-17 06:48:43,0.0,97.8,110.4,6.93,71.6,44.1,17.8
2026-04-17 06:48:43,0.0,90.3,113.2,6.27,71.6,36.1,17.8
2026-04-17 06:48:44,0.0,85.6,107.8,6.19,72.2,33.3,17.8
2026-04-17 06:48:44,0.0,83.7,98.1,7.59,72.2,40.4,17.8
2026-04-17 06:48:44,0.0,96.0,111.4,6.89,72.2,43.1,17.8
2026-04-17 06:48:44,0.0,90.3,114.0,6.18,71.6,32.8,17.9
2026-04-17 06:48:44,0.0,96.7,119.7,5.81,72.2,36.8,17.9
2026-04-17 06:48:44,0.0,116.1,138.5,5.37,71.0,39.2,17.9
2026-04-17 06:48:44,0.0,87.4,103.6,7.26,71.0,36.5,17.9
2026-04-17 06:48:45,0.0,105.1,127.6,5.43,73.2,37.3,17.9
2026-04-17 06:48:45,0.0,103.5,127.0,6.05,72.2,39.4,17.9
2026-04-17 06:48:45,0.0,87.6,110.7,6.65,71.6,33.9,18.0
2026-04-17 06:48:45,0.0,102.2,114.7,6.75,72.2,38.9,17.9
2026-04-17 06:48:45,0.0,93.0,115.9,6.37,71.0,38.1,17.9
2026-04-17 06:48:45,0.0,110.6,129.2,5.43,72.7,39.4,17.9
2026-04-17 06:48:46,0.0,102.4,124.8,6.31,72.2,40.6,17.9
2026-04-17 06:48:46,0.0,96.3,117.6,6.23,72.2,39.1,17.9
2026-04-17 06:48:46,0.0,92.1,114.7,6.15,72.7,35.9,17.9
2026-04-17 06:48:46,0.0,89.1,110.2,6.12,72.7,39.1,17.8
2026-04-17 06:48:46,0.0,104.0,126.4,5.51,72.2,29.9,17.8
2026-04-17 06:48:46,0.0,88.1,110.0,6.63,71.6,41.9,17.8
2026-04-17 06:48:47,0.0,105.1,128.0,5.45,72.7,38.2,17.8
2026-04-17 06:48:47,0.0,99.4,123.5,6.17,72.7,47.1,17.8
2026-04-17 06:48:47,0.0,101.2,124.6,5.98,71.6,35.3,17.8
2026-04-17 06:48:47,0.0,86.7,109.7,6.59,72.2,35.1,17.8
2026-04-17 06:48:47,0.0,95.2,107.4,7.03,72.2,44.1,17.8
2026-04-17 06:48:47,0.0,96.6,123.2,5.84,72.7,34.8,17.9
2026-04-17 06:48:48,0.0,107.3,130.4,5.76,72.2,35.8,17.9
2026-04-17 06:48:48,0.0,115.8,139.0,5.7,72.7,45.1,17.9
2026-04-17 06:48:48,0.0,84.1,101.2,7.42,73.2,38.5,17.9
2026-04-17 06:48:48,0.0,97.2,112.0,6.8,72.7,47.5,17.9
2026-04-17 06:48:48,0.0,85.1,108.2,6.5,72.7,33.3,17.9
2026-04-17 06:48:48,0.0,89.6,99.0,7.25,72.7,44.4,17.9
2026-04-17 06:48:49,0.0,86.7,110.0,6.09,71.6,37.3,17.9
2026-04-17 06:48:49,0.0,89.3,101.2,7.4,72.7,42.6,18.0
2026-04-17 06:48:49,0.0,85.0,107.9,6.16,72.2,35.4,18.0
2026-04-17 06:48:49,0.0,90.0,104.3,7.19,72.7,47.5,18.0
2026-04-17 06:48:49,0.0,91.4,114.3,5.99,73.2,34.8,18.0
2026-04-17 06:48:49,0.0,103.5,126.4,5.6,71.6,37.8,17.9
2026-04-17 06:48:49,0.0,107.9,130.8,5.84,71.0,35.4,17.9
2026-04-17 06:48:50,0.0,94.9,122.3,6.33,71.6,37.7,18.0
2026-04-17 06:48:50,0.0,118.5,141.5,5.38,72.2,39.2,18.0
2026-04-17 06:48:50,0.0,87.0,101.2,7.42,71.6,38.9,18.0
2026-04-17 06:48:50,0.0,125.7,137.6,5.81,72.7,45.5,18.0
2026-04-17 06:48:50,0.0,100.3,123.3,5.73,71.6,33.8,17.9
2026-04-17 06:48:50,0.0,87.2,110.2,6.51,72.2,35.0,17.9
2026-04-17 06:48:51,0.0,95.1,105.8,7.09,72.2,41.1,17.9
2026-04-17 06:48:51,0.0,94.7,117.6,6.02,72.7,34.4,17.9
2026-04-17 06:48:51,0.0,91.4,113.8,6.12,72.7,35.4,17.9
2026-04-17 06:48:51,0.0,102.1,124.8,5.65,73.2,37.0,17.9
2026-04-17 06:48:51,0.0,89.8,112.6,6.48,72.7,37.1,17.9
2026-04-17 06:48:51,0.0,96.4,118.7,5.77,71.6,36.2,17.9
2026-04-17 06:48:52,0.0,92.4,115.3,6.15,72.7,38.5,17.9
2026-04-17 06:48:52,0.0,102.6,125.8,5.65,72.2,37.3,17.8
2026-04-17 06:48:52,0.0,93.8,116.8,6.35,72.7,38.1,17.8
2026-04-17 06:48:52,0.0,87.0,107.5,6.25,73.2,37.9,17.8
2026-04-17 06:48:52,0.0,106.6,119.1,6.54,72.2,46.0,17.8
2026-04-17 06:48:52,0.0,113.0,134.9,5.78,72.2,45.1,17.8
2026-04-17 06:48:53,0.0,97.1,117.4,6.62,72.2,41.0,17.8
2026-04-17 06:48:53,0.0,102.5,125.4,5.83,72.2,37.3,17.9
2026-04-17 06:48:53,0.0,101.5,124.4,6.04,72.2,38.2,17.9
2026-04-17 06:48:53,0.0,101.3,124.5,6.0,71.6,36.9,17.9
2026-04-17 06:48:53,0.0,97.2,120.5,6.15,72.2,36.5,17.9
2026-04-17 06:48:53,0.0,93.8,116.7,6.13,72.7,38.8,18.0
2026-04-17 06:48:54,0.0,93.3,116.4,6.02,72.2,31.1,18.0
2026-04-17 06:48:54,0.0,94.0,118.9,5.9,72.2,33.3,18.0
2026-04-17 06:48:54,0.0,110.2,132.1,5.54,72.7,35.4,18.0
2026-04-17 06:48:54,0.0,92.5,115.2,6.72,72.7,37.7,18.0
2026-04-17 06:48:54,0.0,96.2,119.0,5.87,71.6,35.4,18.0
2026-04-17 06:48:54,0.0,108.3,131.1,5.6,72.2,38.0,18.0
2026-04-17 06:48:55,0.0,115.8,137.6,5.74,72.2,39.7,18.0
2026-04-17 06:48:55,0.0,86.3,102.7,7.3,73.2,44.8,18.0
2026-04-17 06:48:55,0.0,95.9,109.2,6.99,73.2,44.8,18.0
2026-04-17 06:48:55,0.0,101.7,124.7,5.8,71.6,41.4,18.0
2026-04-17 06:48:55,0.0,87.8,110.9,6.55,72.2,36.2,18.0
2026-04-17 06:48:55,0.0,87.2,110.2,6.03,72.7,34.8,18.0
2026-04-17 06:48:55,0.0,86.6,101.6,7.38,72.2,46.4,17.9
2026-04-17 06:48:56,0.0,89.4,100.3,7.46,72.2,42.3,17.9
2026-04-17 06:48:56,0.0,87.6,110.0,6.09,72.2,32.3,17.9
2026-04-17 06:48:56,0.0,98.6,110.4,6.94,72.7,43.1,17.9
2026-04-17 06:48:56,0.0,94.8,117.7,6.14,72.2,37.5,17.9
2026-04-17 06:48:56,0.0,97.3,120.3,5.91,72.7,31.2,17.9
2026-04-17 06:48:56,0.0,108.7,126.6,5.61,71.6,37.5,17.9
2026-04-17 06:48:57,0.0,114.6,136.4,5.8,72.7,41.2,17.9
2026-04-17 06:48:57,0.0,107.2,123.6,6.28,72.2,41.7,17.9
2026-04-17 06:48:57,0.0,84.7,108.7,6.88,71.6,36.8,17.9
2026-04-17 06:48:57,0.0,88.0,103.2,7.29,71.6,45.6,17.9
2026-04-17 06:48:57,0.0,85.3,108.3,6.16,71.6,34.9,18.0
2026-04-17 06:48:57,0.0,89.0,103.7,7.29,72.7,41.8,17.9
2026-04-17 06:48:58,0.0,118.3,141.1,5.11,72.7,37.3,18.0
2026-04-17 06:48:58,0.0,96.5,111.2,6.91,72.7,39.3,18.0
2026-04-17 06:48:58,0.0,88.5,114.4,6.19,71.6,39.1,18.0
2026-04-17 06:48:58,0.0,96.0,119.2,5.84,71.6,35.3,17.9
2026-04-17 06:48:58,0.0,98.6,121.5,5.92,72.2,35.8,17.9
2026-04-17 06:48:58,0.0,92.5,115.5,6.23,71.6,34.9,17.9
2026-04-17 06:48:59,0.0,97.3,119.0,5.83,71.6,34.4,17.9
2026-04-17 06:48:59,0.0,102.2,125.0,5.83,71.0,36.8,18.0
2026-04-17 06:48:59,0.0,88.2,110.8,6.56,71.0,40.6,17.9
2026-04-17 06:48:59,0.0,86.8,109.8,6.06,72.7,33.8,17.9
2026-04-17 06:48:59,0.0,101.0,126.1,5.47,72.2,32.9,17.9
2026-04-17 06:48:59,0.0,94.0,120.6,6.21,72.7,34.9,17.9
2026-04-17 06:49:00,0.0,107.9,130.9,5.65,72.2,36.2,17.9
2026-04-17 06:49:00,0.0,125.0,148.8,5.42,71.6,39.7,17.9
2026-04-17 06:49:00,0.0,106.3,129.3,5.54,72.2,41.7,17.9
2026-04-17 06:49:00,0.0,106.3,128.1,6.0,72.7,36.4,18.0
2026-04-17 06:49:00,0.0,84.3,108.6,6.86,71.6,36.8,17.9
2026-04-17 06:49:00,0.0,94.3,107.3,7.03,73.2,36.0,17.9
2026-04-17 06:49:01,0.0,101.2,123.8,5.77,73.8,36.2,17.9
2026-04-17 06:49:01,0.0,85.2,108.1,6.65,71.6,31.0,18.0
2026-04-17 06:49:01,0.0,88.0,103.1,7.32,72.7,47.5,18.0
2026-04-17 06:49:01,0.0,87.0,110.7,6.03,71.6,36.4,18.0
2026-04-17 06:49:01,0.0,89.7,101.6,7.4,72.2,44.6,18.0
2026-04-17 06:49:01,0.0,89.6,112.4,6.0,71.6,32.8,18.1
2026-04-17 06:49:01,0.0,96.3,119.5,5.77,72.7,35.3,18.1
2026-04-17 06:49:02,0.0,89.2,112.4,6.27,71.6,39.7,18.2
2026-04-17 06:49:02,0.0,87.5,109.1,6.06,72.2,41.2,18.2
2026-04-17 06:49:02,0.0,105.1,116.9,6.64,72.2,43.5,18.2
2026-04-17 06:49:02,0.0,93.8,116.7,6.44,72.2,31.6,18.3
2026-04-17 06:49:02,0.0,87.9,111.0,6.22,72.7,33.3,18.3
2026-04-17 06:49:02,0.0,109.3,132.1,5.32,72.7,42.1,18.4
2026-04-17 06:49:03,0.0,90.4,112.9,6.77,71.6,36.8,18.4
2026-04-17 06:49:03,0.0,89.4,112.5,6.04,71.6,36.4,18.4
2026-04-17 06:49:03,0.0,96.4,119.9,5.74,71.6,29.2,18.4
2026-04-17 06:49:03,0.0,93.3,116.3,6.14,72.2,37.9,18.4
2026-04-17 06:49:03,0.0,94.1,117.2,5.97,71.0,36.8,18.4
2026-04-17 06:49:03,0.0,92.1,108.7,6.07,72.2,38.2,18.4
2026-04-17 06:49:04,0.0,86.6,109.6,6.21,72.7,32.3,18.4
2026-04-17 06:49:04,0.0,102.7,115.5,6.7,72.2,43.3,18.4
2026-04-17 06:49:04,0.0,100.7,123.6,6.07,73.2,36.5,18.4
2026-04-17 06:49:04,0.0,97.9,121.0,6.11,73.2,35.9,18.4
2026-04-17 06:49:04,0.0,88.5,111.6,6.36,72.7,38.1,18.4
2026-04-17 06:49:04,0.0,109.3,132.2,5.34,71.6,36.0,18.4
2026-04-17 06:49:05,0.0,104.1,127.0,6.2,72.7,35.5,18.4
2026-04-17 06:49:05,0.0,112.1,132.1,5.72,72.2,44.4,18.4
2026-04-17 06:49:05,0.0,116.5,137.7,5.83,72.2,36.5,18.4
2026-04-17 06:49:05,0.0,84.0,100.3,7.47,72.2,40.7,18.4
2026-04-17 06:49:05,0.0,103.6,118.9,6.55,72.2,43.3,18.4
2026-04-17 06:49:05,0.0,98.2,121.3,6.2,72.7,38.8,18.3
2026-04-17 06:49:05,0.0,86.2,108.5,6.47,71.0,32.1,18.3
2026-04-17 06:49:06,0.0,90.3,102.5,7.24,72.2,42.9,18.3
2026-04-17 06:49:06,0.0,86.5,109.7,6.17,71.6,34.4,18.3
2026-04-17 06:49:06,0.0,87.2,99.7,7.47,72.2,44.4,18.3
2026-04-17 06:49:06,0.0,91.9,103.8,7.25,72.7,42.9,18.3
2026-04-17 06:49:06,0.0,98.4,121.5,5.77,71.6,35.7,18.2
2026-04-17 06:49:06,0.0,85.5,110.6,6.42,71.6,34.4,18.2
2026-04-17 06:49:07,0.0,113.1,125.3,6.28,72.2,46.2,18.3
2026-04-17 06:49:07,0.0,144.6,164.3,5.06,72.7,44.7,18.3
2026-04-17 06:49:07,0.0,96.4,116.1,6.59,72.7,36.7,18.3
2026-04-17 06:49:07,0.0,85.9,108.8,6.41,73.2,36.1,18.3
2026-04-17 06:49:07,0.0,102.0,118.1,6.59,72.7,48.3,18.4
2026-04-17 06:49:07,0.0,104.0,126.9,6.02,73.8,41.2,18.4
2026-04-17 06:49:08,0.0,98.6,121.6,6.21,73.2,36.5,18.4
2026-04-17 06:49:08,0.0,91.7,113.4,6.26,73.2,37.1,18.4
2026-04-17 06:49:08,0.0,91.7,118.8,5.78,71.6,36.2,18.4
2026-04-17 06:49:08,0.0,121.1,142.6,5.27,72.2,39.0,18.3
2026-04-17 06:49:08,0.0,87.9,99.5,7.5,71.6,39.6,18.3
2026-04-17 06:49:08,0.0,114.0,126.0,6.27,71.6,43.8,18.3
2026-04-17 06:49:09,0.0,98.9,117.6,6.6,72.7,39.7,18.3
2026-04-17 06:49:09,0.0,96.4,119.3,6.1,72.7,38.5,18.3
2026-04-17 06:49:09,0.0,94.4,116.9,6.07,71.6,34.4,18.3
2026-04-17 06:49:09,0.0,100.7,123.7,5.78,72.2,37.7,18.3
2026-04-17 06:49:09,0.0,120.4,143.4,5.37,73.2,37.0,18.2
2026-04-17 06:49:09,0.0,91.5,106.0,7.15,72.7,42.1,18.2
2026-04-17 06:49:10,0.0,117.1,139.8,5.22,73.2,40.0,18.2
2026-04-17 06:49:10,0.0,89.4,103.7,7.28,73.2,42.6,18.2
2026-04-17 06:49:10,0.0,93.9,115.8,5.79,73.2,36.2,18.2
2026-04-17 06:49:10,0.0,109.1,132.2,5.55,72.7,39.2,18.2
2026-04-17 06:49:10,0.0,85.8,108.4,6.99,72.2,36.4,18.2
2026-04-17 06:49:10,0.0,106.2,120.2,6.5,72.7,45.2,18.2
2026-04-17 06:49:10,0.0,88.9,112.3,6.69,72.2,33.9,18.2
2026-04-17 06:49:11,0.0,107.0,130.3,5.42,72.7,36.0,18.2
2026-04-17 06:49:11,0.0,93.3,116.3,6.56,73.8,38.7,18.2
2026-04-17 06:49:11,0.0,86.6,109.8,6.24,71.6,34.4,18.2
2026-04-17 06:49:11,0.0,91.7,102.6,7.24,73.2,41.8,18.2
2026-04-17 06:49:11,0.0,91.8,114.6,6.0,73.2,32.8,18.2
2026-04-17 06:49:11,0.0,95.4,118.3,5.87,73.2,34.3,18.2
2026-04-17 06:49:12,0.0,88.5,108.8,6.26,73.2,38.8,18.2
2026-04-17 06:49:12,0.0,121.5,146.5,4.95,73.2,43.8,18.2
2026-04-17 06:49:12,0.0,95.3,118.3,5.84,73.8,31.2,18.2
2026-04-17 06:49:12,0.0,101.5,125.7,5.74,72.7,38.0,18.2
2026-04-17 06:49:12,0.0,102.2,125.2,6.02,73.8,35.9,18.2
2026-04-17 06:49:12,0.0,89.5,112.4,6.5,73.2,35.6,18.2
2026-04-17 06:49:13,0.0,94.1,117.1,5.84,72.2,35.3,18.1
2026-04-17 06:49:13,0.0,94.3,117.7,5.98,72.2,35.8,18.1
2026-04-17 06:49:13,0.0,88.4,110.5,6.24,72.2,33.9,18.1
2026-04-17 06:49:13,0.0,88.2,108.5,6.01,72.2,34.3,18.1
2026-04-17 06:49:13,0.0,105.4,131.8,5.34,72.7,37.0,18.0
2026-04-17 06:49:13,0.0,89.7,112.8,6.79,71.6,42.6,18.0
2026-04-17 06:49:14,0.0,89.9,112.5,6.0,72.2,38.2,18.0
2026-04-17 06:49:14,0.0,91.3,115.1,5.93,72.2,35.3,18.0
2026-04-17 06:49:14,0.0,94.8,119.0,5.87,72.2,31.3,18.0
2026-04-17 06:49:14,0.0,106.8,130.0,5.62,71.6,36.8,18.0
2026-04-17 06:49:14,0.0,125.0,147.9,5.42,73.2,38.4,18.0
2026-04-17 06:49:15,0.0,99.8,122.8,5.72,72.7,32.8,18.0
2026-04-17 06:49:15,0.0,89.5,112.9,6.38,73.2,35.5,18.1
2026-04-17 06:49:15,0.0,111.1,133.8,5.31,73.8,36.1,18.2
2026-04-17 06:49:15,0.0,101.8,123.5,6.37,73.8,39.3,18.2
2026-04-17 06:49:15,0.0,106.9,129.7,5.82,71.6,41.2,18.2
2026-04-17 06:49:15,0.0,86.0,109.1,6.87,72.7,39.7,18.2
2026-04-17 06:49:15,0.0,107.8,121.5,6.45,72.2,44.4,18.3
2026-04-17 06:49:16,0.0,101.4,122.3,6.24,72.2,38.5,18.3
2026-04-17 06:49:16,0.0,112.3,135.4,5.64,72.2,34.8,18.3
2026-04-17 06:49:16,0.0,102.2,122.7,6.39,73.8,38.1,18.3
2026-04-17 06:49:16,0.0,86.7,110.1,6.58,73.2,42.2,18.3
2026-04-17 06:49:16,0.0,90.2,102.3,7.34,72.7,44.6,18.3
2026-04-17 06:49:16,0.0,85.0,109.7,6.13,72.7,33.3,18.3
2026-04-17 06:49:17,0.0,89.4,103.9,7.26,72.7,43.1,18.3
2026-04-17 06:49:17,0.0,311.8,333.8,2.58,72.7,80.9,17.9
2026-04-17 06:49:17,0.0,119.0,140.5,5.74,73.2,44.1,17.8
2026-04-17 06:49:17,0.0,87.3,100.4,7.44,73.2,40.4,17.8
2026-04-17 06:49:17,0.0,110.7,122.6,6.39,72.7,41.9,17.7
2026-04-17 06:49:18,0.0,124.4,146.6,5.53,73.2,36.2,17.7
2026-04-17 06:49:18,0.0,98.4,121.4,5.76,72.7,33.8,17.7
2026-04-17 06:49:18,0.0,108.1,131.0,5.67,73.8,35.7,17.7
2026-04-17 06:49:18,0.0,105.1,128.0,6.11,73.2,45.1,17.8
2026-04-17 06:49:18,0.0,93.6,116.6,6.45,73.8,36.1,17.8
2026-04-17 06:49:18,0.0,94.5,117.4,5.97,73.8,32.3,17.8
2026-04-17 06:49:19,0.0,92.5,115.6,6.07,73.8,39.7,17.8
2026-04-17 06:49:19,0.0,92.6,115.6,6.0,73.8,38.2,17.8
2026-04-17 06:49:19,0.0,88.4,107.4,6.15,72.7,33.9,17.8
2026-04-17 06:49:19,0.0,93.9,113.7,5.81,73.2,37.1,17.8
2026-04-17 06:49:19,0.0,110.5,133.3,5.46,73.2,43.8,17.7
2026-04-17 06:49:19,0.0,90.9,113.5,6.8,72.7,35.2,17.7
2026-04-17 06:49:20,0.0,101.6,124.7,5.64,73.2,36.2,17.7
2026-04-17 06:49:20,0.0,95.4,118.4,6.24,73.2,36.5,17.8
2026-04-17 06:49:20,0.0,90.9,113.9,6.17,73.2,34.4,17.8
2026-04-17 06:49:20,0.0,89.0,109.8,6.08,72.7,34.8,17.7
2026-04-17 06:49:20,0.0,112.7,135.8,5.25,72.7,40.8,17.7
2026-04-17 06:49:20,0.0,105.2,125.5,6.29,71.6,41.5,17.7
2026-04-17 06:49:21,0.0,89.7,112.3,6.62,72.7,40.0,17.6
2026-04-17 06:49:21,0.0,88.8,111.9,6.03,73.2,32.8,17.6
2026-04-17 06:49:21,0.0,97.5,120.6,5.71,72.7,34.8,17.6
2026-04-17 06:49:21,0.0,87.8,110.6,6.37,72.2,35.9,17.6
2026-04-17 06:49:21,0.0,92.1,101.3,7.25,72.7,47.4,17.6
2026-04-17 06:49:21,0.0,87.3,110.3,6.19,73.2,34.9,17.6
2026-04-17 06:49:22,0.0,87.4,99.2,7.5,73.8,48.0,17.6
2026-04-17 06:49:22,0.0,101.5,113.1,6.79,73.2,43.6,17.7
2026-04-17 06:49:22,0.0,89.0,113.2,6.44,73.8,37.7,17.7
2026-04-17 06:49:22,0.0,86.6,109.6,6.14,73.8,35.8,17.7
2026-04-17 06:49:22,0.0,85.0,97.4,7.58,73.8,43.4,17.7
2026-04-17 06:49:22,0.0,97.2,111.8,6.88,73.8,45.8,17.7
2026-04-17 06:49:22,0.0,94.5,117.6,6.1,73.8,33.3,17.6
2026-04-17 06:49:23,0.0,96.8,119.7,5.92,73.2,33.3,17.6
2026-04-17 06:49:23,0.0,91.1,113.4,6.22,72.2,38.5,17.7
2026-04-17 06:49:23,0.0,104.3,124.5,5.55,73.2,32.4,17.7
2026-04-17 06:49:23,0.0,99.3,119.6,6.2,72.7,37.1,17.7
2026-04-17 06:49:23,0.0,108.0,126.6,5.71,71.6,36.2,17.7
2026-04-17 06:49:23,0.0,89.7,112.2,6.74,73.2,39.0,17.7
2026-04-17 06:49:24,0.0,85.3,108.3,6.17,72.2,32.8,17.7
2026-04-17 06:49:24,0.0,111.7,126.2,6.26,73.2,47.5,17.7
2026-04-17 06:49:24,0.0,85.9,107.4,7.1,72.2,40.4,17.8
2026-04-17 06:49:24,0.0,104.8,118.4,6.57,73.2,41.9,17.8
2026-04-17 06:49:24,0.0,99.1,122.0,6.22,72.2,36.5,17.8
2026-04-17 06:49:24,0.0,88.4,110.9,6.41,74.3,37.5,17.8
2026-04-17 06:49:25,0.0,97.2,117.2,5.7,73.8,36.2,17.8
2026-04-17 06:49:25,0.0,120.5,143.2,5.26,73.8,36.0,17.8
2026-04-17 06:49:25,0.0,100.7,123.7,5.56,73.8,31.9,17.7
2026-04-17 06:49:25,0.0,87.2,109.6,6.53,73.2,36.5,17.7
2026-04-17 06:49:25,0.0,106.3,119.0,6.55,72.7,41.4,17.7
2026-04-17 06:49:25,0.0,113.8,136.7,5.75,72.7,40.3,17.7
2026-04-17 06:49:26,0.0,92.0,111.1,6.92,72.7,37.9,17.7
2026-04-17 06:49:26,0.0,86.0,109.6,6.2,72.2,34.4,17.7
2026-04-17 06:49:26,0.0,89.9,99.1,7.32,73.8,42.9,17.7
2026-04-17 06:49:26,0.0,111.8,135.0,5.31,73.8,38.7,17.7
2026-04-17 06:49:26,0.0,88.2,108.9,7.0,72.7,42.1,17.7
2026-04-17 06:49:26,0.0,104.1,127.1,5.41,72.7,33.3,17.7
2026-04-17 06:49:27,0.0,99.4,123.8,6.2,73.2,36.5,17.7
2026-04-17 06:49:27,0.0,121.0,144.0,5.36,72.2,40.8,17.7
2026-04-17 06:49:27,0.0,104.3,116.2,6.67,73.2,37.0,17.7
2026-04-17 06:49:27,0.0,87.5,110.7,6.68,73.2,37.9,17.7
2026-04-17 06:49:27,0.0,90.8,102.9,7.32,72.7,39.6,17.7
2026-04-17 06:49:27,0.0,97.8,120.9,5.77,73.8,33.8,17.7
2026-04-17 06:49:27,0.0,94.8,118.4,6.09,73.2,37.5,17.6
2026-04-17 06:49:28,0.0,88.0,111.3,6.28,73.8,37.5,17.6
2026-04-17 06:49:28,0.0,89.5,100.9,7.43,73.2,44.6,17.6
2026-04-17 06:49:28,0.0,97.7,119.6,5.71,73.2,35.3,17.6
2026-04-17 06:49:28,0.0,104.8,128.0,5.76,72.7,37.1,17.6
2026-04-17 06:49:28,0.0,94.2,117.3,6.41,72.2,36.1,17.6
2026-04-17 06:49:28,0.0,87.7,108.3,6.24,73.8,43.5,17.6
2026-04-17 06:49:29,0.0,100.6,112.1,6.85,73.2,43.3,17.6
2026-04-17 06:49:29,0.0,112.8,135.9,5.59,72.7,36.2,17.6
2026-04-17 06:49:29,0.0,107.2,126.4,6.22,72.7,37.5,17.7
2026-04-17 06:49:29,0.0,118.9,142.8,5.5,72.2,38.4,17.7
2026-04-17 06:49:29,0.0,116.0,139.1,5.16,73.8,39.0,17.7
2026-04-17 06:49:29,0.0,102.6,119.3,6.53,73.2,39.0,17.7
2026-04-17 06:49:30,0.0,90.9,112.0,6.46,72.7,39.1,17.7
2026-04-17 06:49:30,0.0,90.1,112.3,6.03,72.7,34.4,17.7
2026-04-17 06:49:30,0.0,87.5,110.2,6.1,72.7,31.7,17.7
2026-04-17 06:49:30,0.0,88.2,115.8,5.82,73.8,30.3,17.7
2026-04-17 06:49:30,0.0,97.5,121.1,5.82,73.8,34.8,17.6
2026-04-17 06:49:30,0.0,115.2,138.2,5.44,73.2,37.5,17.6
2026-04-17 06:49:31,0.0,94.4,112.1,6.86,72.7,38.6,17.7
2026-04-17 06:49:31,0.0,115.6,137.1,5.32,72.7,45.5,17.7
2026-04-17 06:49:31,0.0,128.2,145.2,5.59,72.7,39.4,17.7
2026-04-17 06:49:31,0.0,100.7,123.8,5.8,72.7,35.3,17.7
2026-04-17 06:49:31,0.0,87.4,110.7,6.51,72.7,33.9,17.7
2026-04-17 06:49:31,0.0,87.3,99.2,7.52,74.9,47.4,17.8
2026-04-17 06:49:32,0.0,87.2,98.6,7.51,72.2,40.0,17.8
2026-04-17 06:49:32,0.0,107.5,119.3,6.51,73.8,49.2,17.8
2026-04-17 06:49:32,0.0,98.0,121.0,6.37,73.8,38.7,17.8
2026-04-17 06:49:32,0.0,97.0,120.0,6.04,72.2,37.3,17.8
2026-04-17 06:49:32,0.0,110.7,134.4,5.52,73.2,40.5,17.8
2026-04-17 06:49:32,0.0,91.2,113.1,6.82,73.8,34.0,17.8
2026-04-17 06:49:33,0.0,87.0,112.5,6.07,72.7,35.8,17.8
2026-04-17 06:49:33,0.0,113.8,136.7,5.24,74.3,36.0,17.8
2026-04-17 06:49:33,0.0,102.2,119.6,6.45,72.7,46.8,17.8
2026-04-17 06:49:33,0.0,104.5,127.7,5.92,73.2,39.7,17.8
2026-04-17 06:49:33,0.0,101.2,122.8,6.12,73.8,36.9,17.7
2026-04-17 06:49:33,0.0,98.6,121.5,6.1,74.9,38.5,17.7
2026-04-17 06:49:34,0.0,93.5,116.5,6.19,73.2,37.9,17.7
2026-04-17 06:49:34,0.0,103.7,121.2,5.66,73.2,38.4,17.7
2026-04-17 06:49:34,0.0,101.1,121.0,6.1,74.3,35.9,17.7
2026-04-17 06:49:34,0.0,90.7,112.9,6.4,72.7,34.4,17.7
2026-04-17 06:49:34,0.0,108.8,131.9,5.41,73.2,34.3,17.6
2026-04-17 06:49:34,0.0,100.0,123.0,6.34,73.2,39.7,17.7
2026-04-17 06:49:35,0.0,91.6,114.6,6.32,72.7,38.5,17.7
2026-04-17 06:49:35,0.0,91.1,112.3,6.02,73.2,32.3,17.8
2026-04-17 06:49:35,0.0,112.4,130.5,5.33,73.2,36.5,17.8
2026-04-17 06:49:35,0.0,92.8,114.7,6.74,73.8,38.6,17.8
2026-04-17 06:49:35,0.0,116.2,139.2,5.3,73.8,39.2,17.8
2026-04-17 06:49:35,0.0,100.7,120.8,6.48,73.8,36.7,17.8
2026-04-17 06:49:36,0.0,101.9,125.0,6.08,72.2,38.5,17.9
2026-04-17 06:49:36,0.0,84.8,106.5,6.69,73.8,40.3,17.9
2026-04-17 06:49:36,0.0,99.2,113.1,6.77,73.2,38.2,17.9
2026-04-17 06:49:36,0.0,90.7,113.6,6.33,72.7,36.5,17.9
2026-04-17 06:49:36,0.0,84.6,110.0,6.12,72.7,36.4,17.9
2026-04-17 06:49:36,0.0,87.6,99.6,7.5,73.8,46.3,17.9
2026-04-17 06:49:36,0.0,99.7,112.1,6.86,73.2,38.2,17.9
2026-04-17 06:49:37,0.0,95.2,118.4,6.17,72.7,37.5,18.0
2026-04-17 06:49:37,0.0,98.8,123.3,5.83,73.8,39.1,18.0
2026-04-17 06:49:37,0.0,86.2,109.3,6.56,73.2,38.7,18.0
2026-04-17 06:49:37,0.0,101.4,114.3,6.75,73.8,40.7,18.0
2026-04-17 06:49:37,0.0,105.1,128.2,5.87,72.7,36.4,18.0
2026-04-17 06:49:37,0.0,88.2,111.1,6.69,73.8,37.3,18.0
2026-04-17 06:49:38,0.0,105.5,128.6,5.43,73.2,38.9,18.1
2026-04-17 06:49:38,0.0,92.6,115.6,6.51,73.8,40.0,18.1
2026-04-17 06:49:38,0.0,87.8,111.5,6.16,73.8,36.9,18.1
2026-04-17 06:49:38,0.0,116.3,137.0,5.14,73.8,39.5,18.1
2026-04-17 06:49:38,0.0,97.1,113.8,6.79,74.3,38.6,18.1
2026-04-17 06:49:38,0.0,92.5,115.5,6.17,74.3,38.5,18.1
2026-04-17 06:49:39,0.0,86.3,108.8,6.23,73.2,33.3,18.1
2026-04-17 06:49:39,0.0,101.3,113.9,6.74,73.8,45.2,18.0
2026-04-17 06:49:39,0.0,105.7,127.8,5.84,73.8,38.6,18.0
2026-04-17 06:49:39,0.0,95.8,118.8,6.39,74.9,30.4,18.0
2026-04-17 06:49:39,0.0,103.4,126.6,5.73,74.3,39.1,18.0
2026-04-17 06:49:39,0.0,107.3,130.1,5.87,72.2,33.8,18.0
2026-04-17 06:49:40,0.0,86.9,112.7,6.72,73.2,39.3,18.0
2026-04-17 06:49:40,0.0,87.0,109.8,6.1,73.8,35.4,18.0
2026-04-17 06:49:40,0.0,96.5,109.3,6.99,74.3,43.9,18.0
2026-04-17 06:49:40,0.0,103.8,126.7,5.75,73.8,45.2,18.0
2026-04-17 06:49:40,0.0,91.9,114.3,6.47,73.2,33.3,18.0
2026-04-17 06:49:40,0.0,89.8,112.7,6.08,73.8,35.4,18.0
2026-04-17 06:49:40,0.0,85.0,105.4,6.18,73.8,35.4,18.0
2026-04-17 06:49:41,0.0,106.4,119.3,6.45,73.2,42.9,18.0
2026-04-17 06:49:41,0.0,98.7,121.5,6.29,73.2,43.1,18.0
2026-04-17 06:49:41,0.0,96.3,119.0,6.11,73.2,35.9,18.0
2026-04-17 06:49:41,0.0,85.7,108.7,6.4,73.8,37.5,18.0
2026-04-17 06:49:41,0.0,102.6,116.0,6.66,73.8,46.8,18.0
2026-04-17 06:49:41,0.0,99.8,122.9,6.11,72.7,36.9,18.0
2026-04-17 06:49:42,0.0,109.1,128.9,5.69,73.8,33.8,18.0
2026-04-17 06:49:42,0.0,114.1,138.3,5.79,74.3,43.5,18.0
2026-04-17 06:49:42,0.0,89.3,106.9,7.1,74.3,44.8,18.0
2026-04-17 06:49:42,0.0,100.4,121.8,5.63,72.7,37.5,18.0
2026-04-17 06:49:42,0.0,121.5,143.9,5.33,72.7,41.9,17.9
2026-04-17 06:49:42,0.0,90.7,114.2,5.9,73.8,32.8,18.0
2026-04-17 06:49:43,0.0,86.3,109.2,6.19,73.2,32.3,18.0
2026-04-17 06:49:43,0.0,115.3,127.5,6.16,72.7,44.8,18.0
2026-04-17 06:49:43,0.0,103.8,122.0,6.43,73.2,39.3,18.0
2026-04-17 06:49:43,0.0,89.5,112.7,6.58,73.8,35.6,18.0
2026-04-17 06:49:43,0.0,101.4,124.5,5.61,74.3,33.3,18.0
2026-04-17 06:49:43,0.0,99.4,122.5,6.08,74.3,37.9,18.0
2026-04-17 06:49:44,0.0,91.1,114.0,6.32,73.2,35.5,18.0
2026-04-17 06:49:44,0.0,87.0,109.5,6.15,73.2,36.4,18.0
2026-04-17 06:49:44,0.0,90.4,102.3,7.33,72.7,40.0,18.0
2026-04-17 06:49:44,0.0,86.6,109.8,6.13,73.8,34.4,18.0
2026-04-17 06:49:44,0.0,90.2,102.9,7.32,73.2,38.5,18.0
2026-04-17 06:49:44,0.0,109.1,130.2,5.39,73.8,38.7,18.0
2026-04-17 06:49:45,0.0,88.2,111.2,6.87,74.3,37.7,18.0
2026-04-17 06:49:45,0.0,89.5,112.3,5.96,73.8,39.1,18.0
2026-04-17 06:49:45,0.0,105.6,129.5,5.44,73.2,41.3,18.0
2026-04-17 06:49:45,0.0,85.9,108.7,6.85,73.8,37.5,18.0
2026-04-17 06:49:45,0.0,88.4,102.4,7.34,72.7,40.4,18.0
2026-04-17 06:49:45,0.0,87.6,110.8,6.05,73.2,33.8,18.1
2026-04-17 06:49:45,0.0,111.1,122.5,6.38,74.3,42.2,18.1
2026-04-17 06:49:46,0.0,107.8,129.9,6.11,73.8,39.4,18.1
2026-04-17 06:49:46,0.0,111.5,132.9,5.87,73.2,41.8,18.1
2026-04-17 06:49:46,0.0,92.1,113.9,6.78,72.7,39.7,18.1
2026-04-17 06:49:46,0.0,89.6,113.2,6.09,73.8,32.3,18.1
2026-04-17 06:49:46,0.0,102.8,125.8,5.58,72.2,37.3,18.1
2026-04-17 06:49:46,0.0,92.7,115.9,6.38,73.8,34.4,18.1
2026-04-17 06:49:47,0.0,94.6,117.6,5.94,72.2,37.3,18.1
2026-04-17 06:49:47,0.0,96.2,118.1,5.93,72.7,40.3,18.1
2026-04-17 06:49:47,0.0,95.0,118.2,6.06,74.3,33.9,18.1
2026-04-17 06:49:47,0.0,102.7,126.5,5.72,73.8,32.8,18.1
2026-04-17 06:49:47,0.0,106.7,128.7,5.88,73.8,43.7,18.1
2026-04-17 06:49:47,0.0,87.6,105.9,6.78,72.7,33.9,18.1
2026-04-17 06:49:48,0.0,98.2,110.4,6.94,73.8,47.5,18.1
2026-04-17 06:49:48,0.0,91.8,114.3,6.24,72.7,34.4,18.1
2026-04-17 06:49:48,0.0,95.7,118.7,5.87,73.8,34.8,18.0
2026-04-17 06:49:48,0.0,86.2,109.1,6.37,73.8,36.5,18.1
2026-04-17 06:49:48,0.0,106.0,119.4,6.52,72.7,44.4,18.1
2026-04-17 06:49:48,0.0,96.5,119.5,6.37,74.9,40.0,18.1
2026-04-17 06:49:49,0.0,136.0,159.1,4.86,73.2,30.7,18.1
2026-04-17 06:49:49,0.0,86.2,109.2,6.66,73.8,33.9,18.1
2026-04-17 06:49:49,0.0,97.4,111.2,6.91,73.2,42.1,18.2
2026-04-17 06:49:49,0.0,106.3,128.9,5.69,73.8,34.3,18.2
2026-04-17 06:49:49,0.0,91.3,114.4,6.6,73.8,39.3,18.1
2026-04-17 06:49:49,0.0,84.8,108.3,6.24,73.2,35.9,18.1
2026-04-17 06:49:50,0.0,93.5,108.1,7.06,73.2,40.0,18.1
2026-04-17 06:49:50,0.0,93.7,116.8,6.0,73.8,36.4,18.1
2026-04-17 06:49:50,0.0,88.3,111.3,6.21,72.7,33.3,18.1
2026-04-17 06:49:50,0.0,117.8,126.6,6.13,73.2,47.7,18.1
2026-04-17 06:49:50,0.0,86.0,101.7,7.39,74.3,34.7,18.1
2026-04-17 06:49:50,0.0,96.8,109.6,6.98,73.8,41.1,18.1
2026-04-17 06:49:50,0.0,92.4,115.4,6.17,72.2,35.9,18.1
2026-04-17 06:49:51,0.0,104.4,127.2,5.6,73.2,29.9,18.1
2026-04-17 06:49:51,0.0,95.6,118.5,6.32,73.2,35.5,18.1
2026-04-17 06:49:51,0.0,114.1,137.1,5.4,72.7,40.8,18.2
2026-04-17 06:49:51,0.0,99.7,115.8,6.58,72.7,44.6,18.2
2026-04-17 06:49:51,0.0,95.8,119.0,6.15,73.8,34.9,18.2
2026-04-17 06:49:51,0.0,94.0,117.6,6.05,73.2,37.3,18.2
2026-04-17 06:49:52,0.0,95.4,118.5,5.98,73.8,36.8,18.2
2026-04-17 06:49:52,0.0,107.3,130.8,5.59,72.7,38.6,18.2
2026-04-17 06:49:52,0.0,89.5,112.3,6.74,73.8,40.0,18.2
2026-04-17 06:49:52,0.0,88.6,112.1,6.02,73.8,34.8,18.2
2026-04-17 06:49:52,0.0,89.8,110.5,5.98,73.2,32.8,18.2
2026-04-17 06:49:52,0.0,122.8,146.0,4.95,73.8,42.7,18.1
2026-04-17 06:49:53,0.0,109.6,132.6,5.43,72.7,35.1,18.1
2026-04-17 06:49:53,0.0,99.2,119.2,6.4,73.2,38.3,18.1
2026-04-17 06:49:53,0.0,86.1,109.2,6.51,74.3,34.5,18.2
2026-04-17 06:49:53,0.0,104.7,118.1,6.59,73.8,43.5,18.1
2026-04-17 06:49:53,0.0,91.1,114.2,6.54,74.3,36.2,18.1
2026-04-17 06:49:53,0.0,83.7,106.7,6.28,73.2,30.6,18.1
2026-04-17 06:49:54,0.0,95.0,110.6,6.91,73.8,42.1,18.1
2026-04-17 06:49:54,0.0,296.4,319.6,2.72,74.3,74.0,17.8
2026-04-17 06:49:54,0.0,104.4,128.6,5.66,75.5,58.0,17.5
2026-04-17 06:49:54,0.0,102.0,124.2,6.17,74.3,38.5,17.5
2026-04-17 06:49:54,0.0,110.4,133.5,5.71,72.7,40.3,17.4
2026-04-17 06:49:55,0.0,87.7,109.3,6.96,73.2,36.4,17.4
2026-04-17 06:49:55,0.0,90.2,101.4,7.35,73.8,40.4,17.5
2026-04-17 06:49:55,0.0,95.0,117.9,5.84,73.8,34.8,17.5
2026-04-17 06:49:55,0.0,110.1,133.0,5.51,74.9,41.7,17.5
2026-04-17 06:49:55,0.0,89.2,113.3,6.8,74.3,37.9,17.5
2026-04-17 06:49:55,0.0,92.7,115.6,5.92,73.2,32.3,17.5
2026-04-17 06:49:56,0.0,92.9,116.1,5.99,74.3,37.3,17.5
2026-04-17 06:49:56,0.0,96.3,119.5,5.87,74.3,34.3,17.5
2026-04-17 06:49:56,0.0,95.4,118.5,6.06,73.8,32.3,17.5
2026-04-17 06:49:56,0.0,106.4,129.1,5.63,74.3,36.8,17.6
2026-04-17 06:49:56,0.0,90.8,113.7,6.62,74.3,38.6,17.6
2026-04-17 06:49:56,0.0,101.7,123.8,5.6,74.3,31.3,17.6
2026-04-17 06:49:57,0.0,111.2,129.1,5.71,73.2,39.1,17.6
2026-04-17 06:49:57,0.0,107.3,126.8,6.16,73.8,41.3,17.7
2026-04-17 06:49:57,0.0,94.1,116.8,6.5,75.5,38.7,17.7
2026-04-17 06:49:57,0.0,88.3,111.2,6.23,73.8,38.5,17.6
2026-04-17 06:49:57,0.0,115.5,138.5,5.16,73.2,35.5,17.6
2026-04-17 06:49:57,0.0,91.0,108.3,7.03,74.3,35.8,17.6
2026-04-17 06:49:58,0.0,103.1,125.0,5.6,73.8,44.4,17.7
2026-04-17 06:49:58,0.0,88.5,110.2,6.58,73.2,37.3,17.7
2026-04-17 06:49:58,0.0,92.2,115.1,5.87,72.7,34.8,17.7
2026-04-17 06:49:58,0.0,108.7,131.5,5.47,74.3,36.5,17.7
2026-04-17 06:49:58,0.0,96.8,119.8,6.46,74.3,38.7,17.6
2026-04-17 06:49:58,0.0,97.2,126.4,5.78,74.3,37.1,17.6
2026-04-17 06:49:59,0.0,94.0,115.8,6.32,74.3,36.7,17.6
2026-04-17 06:49:59,0.0,96.3,119.2,5.96,74.3,34.8,17.6
2026-04-17 06:49:59,0.0,87.4,110.6,6.33,74.3,36.5,17.5
2026-04-17 06:49:59,0.0,91.5,103.9,7.26,74.3,42.6,17.5
2026-04-17 06:49:59,0.0,105.6,128.8,5.55,74.3,34.3,17.5
2026-04-17 06:49:59,0.0,100.9,124.0,6.18,73.8,37.1,17.5
2026-04-17 06:50:00,0.0,94.6,113.1,6.24,73.2,35.9,17.5
2026-04-17 06:50:00,0.0,101.1,124.4,5.77,73.8,42.0,17.5
2026-04-17 06:50:00,0.0,91.3,107.4,6.39,73.2,38.1,17.5
2026-04-17 06:50:00,0.0,105.4,126.4,5.53,74.3,36.6,17.5
2026-04-17 06:50:00,0.0,90.5,112.1,6.59,73.8,34.5,17.6
2026-04-17 06:50:00,0.0,90.4,112.7,6.01,72.7,31.3,17.6
2026-04-17 06:50:01,0.0,113.8,138.2,5.22,74.3,36.8,17.5
2026-04-17 06:50:01,0.0,95.8,113.4,6.8,73.8,42.6,17.5
2026-04-17 06:50:01,0.0,97.6,120.7,5.93,74.3,35.3,17.5
2026-04-17 06:50:01,0.0,105.7,128.5,5.73,74.3,37.7,17.5
2026-04-17 06:50:01,0.0,107.8,131.1,5.92,73.8,41.2,17.4
2026-04-17 06:50:01,0.0,94.8,117.8,6.52,74.3,35.1,17.5
2026-04-17 06:50:02,0.0,98.1,118.5,5.89,73.8,35.3,17.5
2026-04-17 06:50:02,0.0,105.2,125.5,5.76,74.3,41.4,17.5
2026-04-17 06:50:02,0.0,86.6,107.9,6.76,74.3,35.1,17.5
2026-04-17 06:50:02,0.0,119.9,132.7,5.99,74.3,46.0,17.6
2026-04-17 06:50:02,0.0,99.1,122.1,5.6,74.9,33.3,17.6
2026-04-17 06:50:02,0.0,91.6,114.7,6.28,74.3,37.1,17.6
2026-04-17 06:50:03,0.0,97.5,120.5,5.8,73.2,38.0,17.7
2026-04-17 06:50:03,0.0,104.0,126.8,5.77,76.0,37.3,17.7
2026-04-17 06:50:03,0.0,99.7,120.6,6.16,73.2,34.4,17.7
2026-04-17 06:50:03,0.0,92.7,116.9,6.22,74.3,35.4,17.7
2026-04-17 06:50:03,0.0,123.5,143.9,5.09,74.9,39.2,17.7
2026-04-17 06:50:03,0.0,88.4,110.9,6.05,72.7,34.8,17.7
2026-04-17 06:50:04,0.0,88.1,111.0,6.03,73.8,36.4,17.6
2026-04-17 06:50:04,0.0,96.1,118.9,5.73,74.3,37.5,17.6
2026-04-17 06:50:04,0.0,99.4,122.4,5.89,72.2,33.8,17.6
2026-04-17 06:50:04,0.0,88.3,109.9,6.43,72.7,37.7,17.6
2026-04-17 06:50:04,0.0,130.4,153.4,4.79,73.8,39.5,17.5
2026-04-17 06:50:04,0.0,98.4,121.3,5.96,73.2,32.8,17.5
2026-04-17 06:50:05,0.0,106.6,129.8,5.71,73.2,31.3,17.5
2026-04-17 06:50:05,0.0,88.7,111.9,6.72,74.3,37.9,17.5
2026-04-17 06:50:05,0.0,88.1,111.0,5.97,73.8,32.3,17.5
2026-04-17 06:50:05,0.0,86.9,109.6,6.11,73.8,34.4,17.5
2026-04-17 06:50:05,0.0,90.0,102.2,7.33,74.3,41.5,17.5
2026-04-17 06:50:05,0.0,88.9,113.0,6.01,74.3,37.9,17.5
2026-04-17 06:50:06,0.0,92.8,116.0,5.9,73.2,36.2,17.5
2026-04-17 06:50:06,0.0,94.2,117.1,5.95,74.3,34.8,17.5
2026-04-17 06:50:06,0.0,88.2,111.1,6.22,73.8,34.9,17.5
2026-04-17 06:50:06,0.0,90.1,110.5,5.94,72.7,34.3,17.6
2026-04-17 06:50:06,0.0,115.5,138.5,5.16,73.8,36.0,17.5
2026-04-17 06:50:06,0.0,113.1,128.8,6.16,75.5,40.6,17.5
2026-04-17 06:50:07,0.0,96.9,116.6,6.65,73.2,41.0,17.5
2026-04-17 06:50:07,0.0,127.7,151.1,5.04,73.8,46.2,17.6
2026-04-17 06:50:07,0.0,97.3,119.2,5.93,73.2,35.8,17.6
2026-04-17 06:50:07,0.0,87.1,110.4,6.38,73.2,38.7,17.6
2026-04-17 06:50:07,0.0,91.3,104.3,7.24,73.8,44.6,17.6
2026-04-17 06:50:07,0.0,102.6,125.6,5.65,73.2,35.2,17.6
2026-04-17 06:50:08,0.0,94.9,117.8,6.3,73.8,37.5,17.6
2026-04-17 06:50:08,0.0,95.2,118.1,5.99,74.3,36.4,17.6
2026-04-17 06:50:08,0.0,105.7,128.7,5.6,74.3,35.7,17.6
2026-04-17 06:50:08,0.0,90.2,113.2,6.69,76.0,37.9,17.6
2026-04-17 06:50:08,0.0,87.2,109.9,6.11,73.2,36.4,17.6
2026-04-17 06:50:08,0.0,91.9,114.9,5.84,73.8,40.3,17.6
2026-04-17 06:50:09,0.0,93.7,116.7,5.95,73.2,34.4,17.6
2026-04-17 06:50:09,0.0,90.5,113.4,6.12,73.8,37.3,17.6
2026-04-17 06:50:09,0.0,88.2,111.5,6.08,74.3,35.8,17.6
2026-04-17 06:50:09,0.0,135.3,158.4,4.68,73.8,40.2,17.6
2026-04-17 06:50:09,0.0,105.7,128.7,5.88,74.3,33.8,17.6
2026-04-17 06:50:09,0.0,96.0,118.4,6.37,74.3,36.1,17.6
2026-04-17 06:50:10,0.0,87.4,109.7,6.32,74.3,37.5,17.6
2026-04-17 06:50:10,0.0,88.3,104.0,7.26,73.8,40.0,17.7
2026-04-17 06:50:10,0.0,87.6,110.9,6.17,74.3,37.9,17.7
2026-04-17 06:50:10,0.0,115.2,138.4,5.15,74.3,33.3,17.8
2026-04-17 06:50:10,0.0,84.8,102.3,7.33,73.2,42.9,17.8
2026-04-17 06:50:10,0.0,102.1,116.5,6.65,73.8,37.5,17.8
2026-04-17 06:50:11,0.0,104.6,127.5,5.92,73.8,37.7,17.8
2026-04-17 06:50:11,0.0,91.7,114.7,6.51,73.8,36.1,17.8
2026-04-17 06:50:11,0.0,114.0,134.5,5.29,73.2,32.9,17.9
2026-04-17 06:50:11,0.0,89.7,108.1,7.03,74.3,43.3,17.9
2026-04-17 06:50:11,0.0,85.6,110.4,6.08,74.9,37.7,17.9
2026-04-17 06:50:11,0.0,107.3,119.4,6.53,74.3,43.3,17.9
2026-04-17 06:50:12,0.0,105.3,128.3,6.09,74.9,35.5,17.9
2026-04-17 06:50:12,0.0,127.7,150.6,5.29,73.8,43.2,17.9
2026-04-17 06:50:12,0.0,87.2,110.3,6.27,74.9,39.1,17.9
2026-04-17 06:50:12,0.0,122.4,134.4,5.94,74.3,39.7,17.9
2026-04-17 06:50:12,0.0,100.9,124.0,5.6,74.3,32.9,17.8
2026-04-17 06:50:12,0.0,98.1,121.1,6.11,74.3,37.9,17.9
2026-04-17 06:50:13,0.0,85.8,107.5,6.4,74.3,35.9,17.9
2026-04-17 06:50:13,0.0,99.4,111.5,6.88,74.3,42.9,17.9
2026-04-17 06:50:13,0.0,105.2,128.2,5.81,75.5,36.8,17.9
2026-04-17 06:50:13,0.0,109.7,132.8,5.84,73.8,34.8,17.9
2026-04-17 06:50:13,0.0,101.9,124.5,6.28,74.9,39.1,17.9
2026-04-17 06:50:13,0.0,102.0,124.7,6.02,73.8,33.3,17.9
2026-04-17 06:50:14,0.0,106.0,125.7,5.86,74.9,44.4,17.9
2026-04-17 06:50:14,0.0,115.0,138.2,5.69,74.3,36.8,17.8
2026-04-17 06:50:14,0.0,104.4,122.3,6.41,73.2,38.3,17.8
2026-04-17 06:50:14,0.0,92.4,115.4,6.46,74.9,32.1,17.8
2026-04-17 06:50:14,0.0,93.5,116.6,5.89,73.8,32.8,17.8
2026-04-17 06:50:14,0.0,102.3,124.2,5.77,73.8,37.9,17.8
2026-04-17 06:50:15,0.0,120.9,144.1,5.4,73.2,39.5,17.8
2026-04-17 06:50:15,0.0,107.8,130.8,5.36,74.9,31.9,17.8
2026-04-17 06:50:15,0.0,89.9,113.0,6.73,74.3,36.8,17.9
2026-04-17 06:50:15,0.0,87.9,110.5,6.07,73.2,33.8,17.9
2026-04-17 06:50:15,0.0,85.3,96.9,7.65,74.3,40.0,17.9
2026-04-17 06:50:15,0.0,118.3,132.5,6.02,73.8,49.3,18.0
2026-04-17 06:50:15,0.0,84.0,98.7,7.56,74.3,38.5,18.0
2026-04-17 06:50:16,0.0,108.6,124.8,6.31,73.8,41.9,18.0
2026-04-17 06:50:16,0.0,95.8,118.0,6.48,73.8,38.7,18.0
2026-04-17 06:50:16,0.0,109.9,132.9,5.57,73.2,33.8,18.0
2026-04-17 06:50:16,0.0,94.8,118.3,6.58,73.8,40.0,17.9
2026-04-17 06:50:16,0.0,104.5,123.6,5.69,73.2,37.5,17.9
2026-04-17 06:50:16,0.0,120.9,144.2,5.44,73.2,41.1,17.9
2026-04-17 06:50:17,0.0,106.8,129.7,5.4,74.3,36.5,18.0
2026-04-17 06:50:17,0.0,88.9,111.7,6.73,74.3,41.4,18.0
2026-04-17 06:50:17,0.0,113.4,140.1,5.13,74.9,34.7,18.0
2026-04-17 06:50:17,0.0,96.9,112.6,6.83,73.2,40.7,18.0
2026-04-17 06:50:17,0.0,106.9,130.0,5.66,74.3,32.3,17.9
2026-04-17 06:50:17,0.0,108.7,131.3,5.94,73.8,39.7,17.9
2026-04-17 06:50:18,0.0,95.7,117.4,6.51,74.3,40.3,18.0
2026-04-17 06:50:18,0.0,106.3,128.2,5.64,74.9,37.5,18.0
2026-04-17 06:50:18,0.0,102.7,125.3,6.14,73.2,36.1,18.0
2026-04-17 06:50:18,0.0,90.2,112.4,6.48,74.3,35.6,18.0
2026-04-17 06:50:18,0.0,87.6,110.8,6.1,73.8,34.8,18.0
2026-04-17 06:50:18,0.0,89.7,99.4,7.38,74.9,42.9,18.0
2026-04-17 06:50:19,0.0,84.9,107.3,6.14,73.8,34.9,18.0
2026-04-17 06:50:19,0.0,98.6,112.0,6.86,74.3,39.7,18.0
2026-04-17 06:50:19,0.0,129.5,152.7,5.06,73.2,43.0,18.0
2026-04-17 06:50:19,0.0,106.6,130.0,5.64,73.2,41.7,18.0
2026-04-17 06:50:19,0.0,92.6,115.7,6.57,73.2,33.3,18.0
2026-04-17 06:50:19,0.0,88.8,111.8,6.14,74.9,35.9,18.0
2026-04-17 06:50:20,0.0,87.5,110.7,6.05,73.8,35.8,17.9
2026-04-17 06:50:20,0.0,90.3,101.9,7.36,73.8,43.6,17.9
2026-04-17 06:50:20,0.0,93.0,116.2,5.9,73.8,35.8,17.9
2026-04-17 06:50:20,0.0,117.4,137.2,5.24,73.8,35.6,17.9
2026-04-17 06:50:20,0.0,92.9,108.7,7.03,74.9,41.7,17.9
2026-04-17 06:50:20,0.0,90.4,113.6,6.09,74.3,37.9,17.9
2026-04-17 06:50:21,0.0,86.4,109.2,6.16,74.3,35.4,17.8
2026-04-17 06:50:21,0.0,107.3,130.3,5.33,75.5,39.7,17.9
2026-04-17 06:50:21,0.0,98.4,121.0,6.34,73.2,39.7,17.9
2026-04-17 06:50:21,0.0,94.4,117.4,6.15,74.3,40.6,17.9
2026-04-17 06:50:21,0.0,115.1,138.5,5.33,74.9,42.7,17.9
2026-04-17 06:50:21,0.0,109.6,125.1,6.22,75.5,39.7,17.9
2026-04-17 06:50:22,0.0,93.1,116.1,6.66,74.9,40.0,17.9
2026-04-17 06:50:22,0.0,108.6,131.5,5.49,74.9,42.1,17.8
2026-04-17 06:50:22,0.0,92.5,111.3,6.65,74.3,38.3,17.9
2026-04-17 06:50:22,0.0,95.8,118.9,5.88,74.9,33.8,17.9
2026-04-17 06:50:22,0.0,99.1,121.9,5.89,74.9,35.8,17.9
2026-04-17 06:50:22,0.0,103.0,126.1,5.86,73.8,38.2,17.9
2026-04-17 06:50:23,0.0,98.5,121.1,6.17,74.9,38.8,17.9
2026-04-17 06:50:23,0.0,120.7,143.4,5.3,75.5,38.9,17.9
2026-04-17 06:50:23,0.0,93.0,105.1,7.19,74.3,37.7,17.9
2026-04-17 06:50:23,0.0,91.8,114.8,6.06,73.8,37.9,17.9
2026-04-17 06:50:23,0.0,90.6,114.1,5.99,75.5,36.8,17.9
2026-04-17 06:50:23,0.0,113.2,136.1,5.33,73.2,35.6,17.9
2026-04-17 06:50:24,0.0,90.4,110.1,6.96,74.3,37.5,17.9
2026-04-17 06:50:24,0.0,109.7,115.2,6.53,74.9,50.8,17.9
2026-04-17 06:50:24,0.0,90.5,113.3,6.81,74.3,40.0,17.9
2026-04-17 06:50:24,0.0,94.6,117.7,5.86,74.3,33.8,18.0
2026-04-17 06:50:24,0.0,86.4,109.4,6.31,74.9,43.1,18.0
2026-04-17 06:50:24,0.0,87.3,99.0,7.46,74.3,45.5,18.0
2026-04-17 06:50:24,0.0,88.3,100.2,7.46,75.5,42.3,18.1
2026-04-17 06:50:25,0.0,88.2,110.3,6.01,74.9,34.8,18.1
2026-04-17 06:50:25,0.0,93.5,116.4,5.81,74.9,32.3,18.1
2026-04-17 06:50:25,0.0,91.8,114.1,6.07,74.3,36.4,18.2
2026-04-17 06:50:25,0.0,90.1,110.4,6.06,73.2,35.4,18.2
2026-04-17 06:50:25,0.0,111.5,131.9,5.3,74.9,44.7,18.2
2026-04-17 06:50:25,0.0,108.2,128.8,6.16,74.9,33.3,18.2
2026-04-17 06:50:26,0.0,96.7,119.6,6.45,74.9,34.5,18.2
2026-04-17 06:50:26,0.0,87.3,110.5,6.36,74.3,38.5,18.2
2026-04-17 06:50:26,0.0,95.6,107.6,7.07,74.9,43.9,18.2
2026-04-17 06:50:26,0.0,105.2,128.8,5.66,74.3,38.0,18.2
2026-04-17 06:50:26,0.0,111.0,134.0,5.82,74.3,35.9,18.2
2026-04-17 06:50:26,0.0,86.2,102.2,7.04,74.9,39.7,18.2
2026-04-17 06:50:27,0.0,119.9,136.6,5.87,73.2,40.6,18.2
2026-04-17 06:50:27,0.0,101.5,109.9,6.9,74.9,44.6,18.2
2026-04-17 06:50:27,0.0,123.0,148.6,5.2,74.3,41.3,18.2
2026-04-17 06:50:27,0.0,90.8,112.4,6.11,74.9,38.8,18.1
2026-04-17 06:50:27,0.0,86.4,108.4,6.18,73.8,36.9,18.1
2026-04-17 06:50:27,0.0,89.6,103.3,7.28,73.8,41.8,18.2
2026-04-17 06:50:28,0.0,104.8,128.0,5.53,74.3,35.2,18.2
2026-04-17 06:50:28,0.0,102.4,125.5,6.09,73.8,41.2,18.2
2026-04-17 06:50:28,0.0,89.3,112.1,6.52,74.9,37.3,18.2
2026-04-17 06:50:28,0.0,88.9,111.6,6.02,74.3,34.8,18.2
2026-04-17 06:50:28,0.0,86.3,108.1,6.1,74.9,36.9,18.2
2026-04-17 06:50:28,0.0,94.8,108.0,7.06,75.5,42.4,18.2
2026-04-17 06:50:29,0.0,87.9,119.6,5.88,73.2,31.2,18.2
2026-04-17 06:50:29,0.0,93.2,116.2,6.18,74.3,32.8,18.2
2026-04-17 06:50:29,0.0,86.6,109.7,6.25,74.9,36.9,18.2
2026-04-17 06:50:29,0.0,104.4,118.1,6.58,74.3,41.7,18.2
2026-04-17 06:50:29,0.0,108.7,131.8,5.88,76.0,44.6,18.2
2026-04-17 06:50:29,0.0,230.0,252.2,3.47,75.5,69.3,18.2
2026-04-17 06:50:30,0.0,132.9,164.1,4.63,76.0,77.0,18.1
2026-04-17 06:50:30,0.0,92.9,112.3,6.83,75.5,40.7,18.1
2026-04-17 06:50:30,0.0,91.3,116.4,5.98,74.9,39.1,18.1
2026-04-17 06:50:30,0.0,116.1,138.7,5.28,74.3,36.5,18.0
2026-04-17 06:50:30,0.0,88.7,104.7,7.19,74.9,42.1,18.1
2026-04-17 06:50:31,0.0,98.7,122.7,5.63,74.3,36.1,18.1
2026-04-17 06:50:31,0.0,104.2,127.2,5.85,75.5,38.2,18.1
2026-04-17 06:50:31,0.0,91.2,114.3,6.5,74.9,39.1,18.2
2026-04-17 06:50:31,0.0,106.2,129.2,5.51,75.5,29.7,18.2
2026-04-17 06:50:31,0.0,89.8,111.2,6.66,74.9,39.0,18.2
2026-04-17 06:50:31,0.0,92.0,115.0,5.93,74.3,37.3,18.2
2026-04-17 06:50:32,0.0,120.4,142.4,5.13,75.5,41.2,18.2
2026-04-17 06:50:32,0.0,104.8,116.3,6.63,74.9,45.9,18.2
2026-04-17 06:50:32,0.0,97.1,119.3,6.29,73.8,38.7,18.2
2026-04-17 06:50:32,0.0,103.7,126.9,5.77,76.0,37.3,18.1
2026-04-17 06:50:32,0.0,112.0,135.1,5.66,74.3,38.4,18.1
2026-04-17 06:50:32,0.0,89.3,106.1,6.97,74.9,37.5,18.1
2026-04-17 06:50:33,0.0,96.6,119.2,5.8,75.5,37.1,18.1
2026-04-17 06:50:33,0.0,93.5,115.6,6.11,73.8,37.3,18.1
2026-04-17 06:50:33,0.0,86.3,109.3,6.27,74.3,36.5,18.1
2026-04-17 06:50:33,0.0,83.7,96.6,7.65,74.9,44.4,18.1
2026-04-17 06:50:33,0.0,86.3,102.0,7.36,75.5,42.9,18.1
2026-04-17 06:50:33,0.0,93.1,106.0,7.14,74.9,42.9,18.0
2026-04-17 06:50:33,0.0,96.2,119.2,5.89,74.9,35.8,18.0
2026-04-17 06:50:34,0.0,107.1,130.2,5.64,74.3,34.8,18.0
2026-04-17 06:50:34,0.0,85.8,109.2,6.86,74.9,38.2,18.0
2026-04-17 06:50:34,0.0,83.6,96.1,7.62,74.3,53.7,18.0
2026-04-17 06:50:34,0.0,83.8,99.1,7.52,74.9,39.2,17.9
2026-04-17 06:50:34,0.0,104.6,120.3,6.5,75.5,43.5,17.9
2026-04-17 06:50:34,0.0,91.8,114.6,6.5,76.0,38.1,17.9
2026-04-17 06:50:34,0.0,88.2,111.1,6.14,74.9,30.0,17.8
2026-04-17 06:50:35,0.0,87.6,110.7,6.01,74.3,34.4,17.8
2026-04-17 06:50:35,0.0,87.8,99.5,7.5,73.8,44.6,17.8
2026-04-17 06:50:35,0.0,88.6,100.0,7.46,73.8,42.3,17.8
2026-04-17 06:50:35,0.0,100.9,124.0,5.59,74.9,35.2,17.7
2026-04-17 06:50:35,0.0,90.3,113.5,6.4,74.3,39.1,17.7
2026-04-17 06:50:35,0.0,101.3,124.5,5.59,74.3,33.3,17.6
2026-04-17 06:50:36,0.0,102.8,127.1,5.95,74.9,37.7,17.6
2026-04-17 06:50:36,0.0,85.6,108.2,6.77,75.5,37.3,17.6
2026-04-17 06:50:36,0.0,98.1,112.4,6.85,74.3,40.7,17.6
2026-04-17 06:50:36,0.0,106.6,129.0,5.72,75.5,46.6,17.6
2026-04-17 06:50:36,0.0,107.6,130.6,5.97,75.5,40.3,17.5
2026-04-17 06:50:36,0.0,89.7,112.8,6.72,74.9,38.3,17.5
2026-04-17 06:50:37,0.0,114.1,136.6,5.24,73.8,36.8,17.5
2026-04-17 06:50:37,0.0,106.6,125.5,6.29,74.3,40.3,17.5
2026-04-17 06:50:37,0.0,106.1,129.2,6.01,73.8,36.5,17.5
2026-04-17 06:50:37,0.0,88.2,111.2,6.67,74.9,38.6,17.6
2026-04-17 06:50:37,0.0,106.1,129.1,5.46,76.0,38.4,17.5
2026-04-17 06:50:37,0.0,107.0,128.6,5.95,75.5,38.5,17.5
2026-04-17 06:50:38,0.0,91.4,114.4,6.65,74.9,31.6,17.5
2026-04-17 06:50:38,0.0,107.4,130.4,5.47,74.3,36.6,17.5
2026-04-17 06:50:38,0.0,96.1,119.1,6.44,74.3,37.1,17.5
2026-04-17 06:50:38,0.0,108.8,133.1,5.53,74.9,44.6,17.5
2026-04-17 06:50:38,0.0,101.6,121.1,6.32,74.9,36.7,17.5
2026-04-17 06:50:38,0.0,87.4,110.0,6.56,74.3,41.0,17.6
2026-04-17 06:50:38,0.0,92.2,104.1,7.25,76.0,43.1,17.5
2026-04-17 06:50:39,0.0,94.1,117.1,5.93,75.5,37.3,17.6
2026-04-17 06:50:39,0.0,115.2,139.1,5.3,76.0,36.5,17.5
2026-04-17 06:50:39,0.0,85.9,102.7,7.34,74.9,38.9,17.6
2026-04-17 06:50:39,0.0,86.0,98.9,7.5,73.8,41.5,17.6
2026-04-17 06:50:39,0.0,108.5,121.8,6.42,74.3,46.2,17.6
2026-04-17 06:50:39,0.0,90.4,113.4,6.72,74.3,42.9,17.6
2026-04-17 06:50:40,0.0,92.3,115.4,5.94,74.9,35.3,17.7
2026-04-17 06:50:40,0.0,113.0,136.5,5.32,74.3,35.6,17.7
2026-04-17 06:50:40,0.0,91.8,111.2,6.91,73.8,40.0,17.7
2026-04-17 06:50:40,0.0,95.0,121.0,5.79,74.3,32.3,17.7
2026-04-17 06:50:40,0.0,110.1,133.4,5.59,74.3,42.9,17.7
2026-04-17 06:50:40,0.0,86.5,109.6,6.99,75.5,36.4,17.7
2026-04-17 06:50:41,0.0,95.7,110.7,6.93,75.5,41.8,17.7
2026-04-17 06:50:41,0.0,92.2,113.2,6.21,74.9,35.9,17.6
2026-04-17 06:50:41,0.0,96.6,119.7,5.85,74.9,34.3,17.6
2026-04-17 06:50:41,0.0,94.8,118.9,6.03,74.3,34.8,17.6
2026-04-17 06:50:41,0.0,85.9,108.8,6.38,74.9,37.7,17.6
2026-04-17 06:50:41,0.0,103.6,116.4,6.63,75.5,44.4,17.7
2026-04-17 06:50:42,0.0,107.3,130.3,5.87,74.9,36.4,17.7
2026-04-17 06:50:42,0.0,115.3,138.0,5.71,74.9,40.6,17.7
2026-04-17 06:50:42,0.0,88.6,105.7,7.18,75.5,40.7,17.8
2026-04-17 06:50:42,0.0,112.4,135.1,5.24,74.9,37.0,17.8
2026-04-17 06:50:42,0.0,90.1,110.6,6.94,76.0,42.6,17.8
2026-04-17 06:50:42,0.0,92.7,115.7,5.91,73.8,35.8,17.7
2026-04-17 06:50:43,0.0,89.8,113.4,6.09,75.5,36.4,17.7
2026-04-17 06:50:43,0.0,103.3,126.3,5.57,75.5,45.3,17.8
2026-04-17 06:50:43,0.0,98.9,121.8,6.17,75.5,36.5,17.8
2026-04-17 06:50:43,0.0,97.0,117.8,6.05,74.9,32.3,17.8
2026-04-17 06:50:43,0.0,91.8,114.7,6.22,76.0,37.5,17.8
2026-04-17 06:50:43,0.0,85.6,107.7,6.23,74.3,35.5,17.8
2026-04-17 06:50:43,0.0,88.7,100.9,7.32,74.9,46.4,17.8
2026-04-17 06:50:44,0.0,85.4,108.2,6.13,73.8,33.3,17.8
2026-04-17 06:50:44,0.0,96.4,109.1,6.93,75.5,41.4,17.8
2026-04-17 06:50:44,0.0,96.7,119.7,5.99,74.9,36.8,17.8
2026-04-17 06:50:44,0.0,88.4,109.8,6.32,74.9,35.5,17.8
2026-04-17 06:50:44,0.0,89.5,112.0,5.96,74.3,38.0,17.8
2026-04-17 06:50:44,0.0,100.4,123.4,5.64,73.8,35.3,17.8
2026-04-17 06:50:45,0.0,96.1,119.1,6.17,76.0,37.3,17.8
2026-04-17 06:50:45,0.0,106.4,128.2,5.65,76.0,42.6,17.8
2026-04-17 06:50:45,0.0,107.4,130.3,5.97,74.9,34.9,17.8
2026-04-17 06:50:45,0.0,89.1,112.0,6.74,73.8,40.0,17.7
2026-04-17 06:50:45,0.0,98.0,121.3,5.69,74.9,32.8,17.7
2026-04-17 06:50:45,0.0,94.1,116.4,6.16,75.5,33.9,17.7
2026-04-17 06:50:46,0.0,118.9,142.6,5.17,74.3,35.5,17.8
2026-04-17 06:50:46,0.0,104.8,116.3,6.65,74.9,42.4,17.8
2026-04-17 06:50:46,0.0,85.6,108.7,6.78,76.0,31.5,17.8
2026-04-17 06:50:46,0.0,87.3,102.6,7.34,75.5,42.6,17.8
2026-04-17 06:50:46,0.0,84.2,107.2,6.16,75.5,41.9,17.9
2026-04-17 06:50:46,0.0,86.1,101.4,7.4,74.3,41.5,17.9
2026-04-17 06:50:47,0.0,100.3,113.5,6.79,75.5,42.4,17.9
2026-04-17 06:50:47,0.0,94.2,117.2,6.23,76.0,42.4,17.9
2026-04-17 06:50:47,0.0,91.5,114.5,6.11,74.9,34.4,17.9
2026-04-17 06:50:47,0.0,103.4,126.3,5.6,74.3,37.8,17.9
2026-04-17 06:50:47,0.0,116.4,139.4,5.56,74.3,40.3,17.9
2026-04-17 06:50:47,0.0,95.2,112.7,6.84,75.5,40.0,17.9
2026-04-17 06:50:48,0.0,93.3,116.3,6.11,74.9,37.1,17.9
2026-04-17 06:50:48,0.0,103.2,126.3,5.66,74.3,35.8,17.9
2026-04-17 06:50:48,0.0,85.6,108.5,6.72,74.9,36.7,18.0
2026-04-17 06:50:48,0.0,83.0,96.6,7.65,74.3,39.2,18.0
2026-04-17 06:50:48,0.0,131.4,144.5,5.5,75.5,51.4,18.0
2026-04-17 06:50:48,0.0,91.7,114.7,6.24,76.5,39.4,18.0
2026-04-17 06:50:48,0.0,88.2,107.3,6.13,75.5,28.8,18.0
2026-04-17 06:50:49,0.0,121.5,144.4,5.01,76.0,33.3,18.0
2026-04-17 06:50:49,0.0,86.6,109.6,6.06,74.9,33.3,18.0
2026-04-17 06:50:49,0.0,87.0,99.5,7.48,74.9,39.6,18.0
2026-04-17 06:50:49,0.0,99.0,112.2,6.82,74.9,39.3,18.0
2026-04-17 06:50:49,0.0,99.9,123.4,6.0,75.5,31.1,18.0
2026-04-17 06:50:49,0.0,114.7,134.9,5.53,74.9,39.2,18.0
2026-04-17 06:50:50,0.0,119.6,137.6,5.83,74.3,41.8,18.1
2026-04-17 06:50:50,0.0,86.8,98.6,7.47,74.9,44.6,18.1
2026-04-17 06:50:50,0.0,101.3,114.1,6.76,74.3,43.1,18.1
2026-04-17 06:50:50,0.0,87.7,110.0,6.54,74.3,37.3,18.1
2026-04-17 06:50:50,0.0,105.2,116.9,6.64,76.0,42.4,18.1
2026-04-17 06:50:50,0.0,91.5,114.5,6.53,74.9,38.7,18.1
2026-04-17 06:50:51,0.0,104.6,128.0,5.55,75.5,36.6,18.1
2026-04-17 06:50:51,0.0,100.7,122.6,6.13,76.0,32.8,18.1
2026-04-17 06:50:51,0.0,93.3,116.4,6.31,75.5,36.5,18.1
2026-04-17 06:50:51,0.0,87.4,110.5,6.22,75.5,37.5,18.1
2026-04-17 06:50:51,0.0,84.9,96.5,7.64,75.5,41.5,18.0
2026-04-17 06:50:51,0.0,84.8,99.2,7.5,76.0,42.3,18.0
2026-04-17 06:50:51,0.0,85.8,98.0,7.45,75.5,43.4,18.0
2026-04-17 06:50:52,0.0,89.4,101.8,7.32,74.3,39.6,18.0
2026-04-17 06:50:52,0.0,100.9,126.4,5.54,73.8,38.6,18.0
2026-04-17 06:50:52,0.0,121.1,144.1,5.43,76.0,41.1,18.1
2026-04-17 06:50:52,0.0,90.9,98.3,7.32,74.9,38.5,18.1
2026-04-17 06:50:52,0.0,116.2,139.1,5.2,74.9,43.0,18.1
2026-04-17 06:50:52,0.0,113.6,130.4,6.09,74.9,40.6,18.1
2026-04-17 06:50:53,0.0,87.4,106.2,7.15,74.3,38.6,18.1
2026-04-17 06:50:53,0.0,96.2,108.4,7.04,76.0,47.4,18.1
2026-04-17 06:50:53,0.0,89.4,112.3,6.26,75.5,42.6,18.1
2026-04-17 06:50:53,0.0,88.6,116.3,5.87,74.9,31.8,18.0
2026-04-17 06:50:53,0.0,114.1,137.2,5.33,76.0,37.0,18.0
2026-04-17 06:50:53,0.0,119.9,139.0,5.8,76.0,38.8,18.0
2026-04-17 06:50:54,0.0,85.4,98.2,7.58,74.9,44.6,18.1
2026-04-17 06:50:54,0.0,93.6,108.1,7.06,75.5,45.6,18.1
2026-04-17 06:50:54,0.0,83.4,107.5,6.34,75.5,35.4,18.1
2026-04-17 06:50:54,0.0,86.1,100.5,7.43,76.0,45.5,18.2
2026-04-17 06:50:54,0.0,84.1,100.8,7.35,75.5,50.0,18.2
2026-04-17 06:50:54,0.0,100.3,123.3,5.62,75.5,36.6,18.2
2026-04-17 06:50:54,0.0,94.0,117.2,6.23,75.5,32.8,18.2
2026-04-17 06:50:55,0.0,83.6,88.9,8.16,74.3,41.7,18.2
2026-04-17 06:50:55,0.0,111.7,127.9,6.2,76.5,42.2,18.2
2026-04-17 06:50:55,0.0,91.9,113.8,6.79,76.0,37.3,18.2
2026-04-17 06:50:55,0.0,104.9,124.8,5.58,75.5,36.2,18.3
2026-04-17 06:50:55,0.0,95.1,116.5,6.38,74.9,41.5,18.3
2026-04-17 06:50:55,0.0,95.2,118.5,5.99,76.0,33.9,18.3
2026-04-17 06:50:56,0.0,87.2,105.8,6.31,75.5,33.9,18.3
2026-04-17 06:50:56,0.0,92.5,104.7,7.22,75.5,41.5,18.3
2026-04-17 06:50:56,0.0,87.7,110.7,6.18,75.5,38.5,18.2
2026-04-17 06:50:56,0.0,94.7,118.8,5.73,74.3,33.3,18.2
2026-04-17 06:50:56,0.0,106.9,129.9,5.62,74.3,34.8,18.1
2026-04-17 06:50:56,0.0,114.9,137.2,5.73,75.5,45.7,18.1
2026-04-17 06:50:57,0.0,96.4,113.3,6.76,75.5,40.0,18.1
2026-04-17 06:50:57,0.0,112.0,135.0,5.49,76.0,38.9,18.1
2026-04-17 06:50:57,0.0,101.9,122.7,6.4,74.3,37.7,18.2
2026-04-17 06:50:57,0.0,92.6,115.4,6.36,76.0,33.3,18.2
2026-04-17 06:50:57,0.0,106.8,127.8,5.52,76.5,37.0,18.2
2026-04-17 06:50:57,0.0,115.4,138.3,5.7,75.5,40.3,18.2
2026-04-17 06:50:58,0.0,92.3,109.2,6.98,76.0,42.4,18.2
2026-04-17 06:50:58,0.0,113.1,136.4,5.33,75.5,35.1,18.2
2026-04-17 06:50:58,0.0,107.6,127.3,6.22,74.3,39.7,18.2
2026-04-17 06:50:58,0.0,93.8,116.7,6.55,74.9,38.1,18.2
2026-04-17 06:50:58,0.0,93.9,116.7,5.99,75.5,35.4,18.2
2026-04-17 06:50:58,0.0,113.3,136.6,5.38,74.3,37.3,18.2
2026-04-17 06:50:59,0.0,88.0,107.1,7.08,75.5,39.3,18.2
2026-04-17 06:50:59,0.0,125.7,143.4,5.64,76.0,45.7,18.2
2026-04-17 06:50:59,0.0,105.6,128.3,5.77,75.5,36.8,18.2
2026-04-17 06:50:59,0.0,91.9,114.9,6.53,75.5,37.7,18.2
2026-04-17 06:50:59,0.0,85.4,107.9,6.25,74.9,37.9,18.2
2026-04-17 06:50:59,0.0,106.2,120.6,6.48,74.9,41.7,18.2
2026-04-17 06:50:59,0.0,90.0,112.8,6.64,74.9,33.9,18.2
2026-04-17 06:51:00,0.0,84.5,107.0,6.22,75.5,35.4,18.2
2026-04-17 06:51:00,0.0,106.0,121.2,6.46,74.9,41.9,18.2
2026-04-17 06:51:00,0.0,90.7,113.6,6.61,74.3,38.1,18.3
2026-04-17 06:51:00,0.0,90.8,112.9,5.97,76.0,38.2,18.2
2026-04-17 06:51:00,0.0,87.6,109.9,6.15,76.0,39.7,18.2
2026-04-17 06:51:00,0.0,94.1,106.0,7.15,76.0,42.9,18.2
2026-04-17 06:51:01,0.0,92.4,115.6,6.06,74.3,36.4,18.2
2026-04-17 06:51:01,0.0,84.7,107.1,6.3,76.0,41.2,18.2
2026-04-17 06:51:01,0.0,90.3,104.7,7.21,76.0,41.1,18.2
2026-04-17 06:51:01,0.0,87.8,110.9,6.09,76.0,45.5,18.2
2026-04-17 06:51:01,0.0,95.6,106.9,7.07,76.0,38.2,18.1
2026-04-17 06:51:01,0.0,93.4,116.4,6.09,75.5,36.9,18.1
2026-04-17 06:51:02,0.0,101.1,124.1,5.75,76.0,32.3,18.1
2026-04-17 06:51:02,0.0,102.3,124.9,5.94,76.0,44.1,18.1
2026-04-17 06:51:02,0.0,85.5,108.5,6.69,75.5,31.6,18.2
2026-04-17 06:51:02,0.0,100.7,116.4,6.66,75.5,41.1,18.2
2026-04-17 06:51:02,0.0,85.6,108.5,6.67,75.5,36.2,18.2
2026-04-17 06:51:02,0.0,106.9,119.0,6.47,75.5,44.6,18.2
2026-04-17 06:51:02,0.0,111.8,135.2,5.81,75.5,43.7,18.3
2026-04-17 06:51:03,0.0,96.0,114.8,6.62,76.0,35.1,18.2
2026-04-17 06:51:03,0.0,114.5,136.0,5.4,75.5,32.4,18.3
2026-04-17 06:51:03,0.0,100.9,119.8,6.52,75.5,39.0,18.3
2026-04-17 06:51:03,0.0,112.5,135.1,5.66,76.0,44.4,18.3
2026-04-17 06:51:03,0.0,97.1,117.8,6.6,75.5,37.5,18.3
2026-04-17 06:51:03,0.0,85.0,107.7,6.49,75.5,35.0,18.3
2026-04-17 06:51:04,0.0,91.4,106.0,7.15,75.5,45.6,18.3
2026-04-17 06:51:04,0.0,87.7,111.2,6.13,74.3,33.9,18.3
2026-04-17 06:51:04,0.0,86.8,109.9,6.05,74.9,37.7,18.3
2026-04-17 06:51:04,0.0,157.2,169.8,4.91,76.0,39.2,18.3
2026-04-17 06:51:04,0.0,292.3,315.9,2.71,77.1,77.0,17.6
2026-04-17 06:51:05,0.0,90.3,112.0,6.1,74.9,44.6,17.6
2026-04-17 06:51:05,0.0,94.5,117.5,5.87,76.5,35.7,17.5
2026-04-17 06:51:05,0.0,84.6,106.9,6.37,74.9,37.1,17.5
2026-04-17 06:51:05,0.0,97.3,112.1,6.85,76.0,43.3,17.5
2026-04-17 06:51:05,0.0,112.9,136.5,5.47,75.5,33.3,17.5
2026-04-17 06:51:05,0.0,108.5,128.4,6.18,75.5,43.5,17.5
2026-04-17 06:51:06,0.0,114.6,137.7,5.79,76.0,38.6,17.5
2026-04-17 06:51:06,0.0,104.3,122.7,6.38,74.9,38.7,17.5
2026-04-17 06:51:06,0.0,89.0,111.3,6.63,75.5,41.9,17.5
2026-04-17 06:51:06,0.0,106.7,129.3,5.43,76.5,33.3,17.6
2026-04-17 06:51:06,0.0,90.6,114.2,6.62,74.9,35.7,17.6
2026-04-17 06:51:06,0.0,103.4,126.1,5.59,74.9,39.7,17.6
2026-04-17 06:51:07,0.0,91.0,113.9,6.49,76.0,36.7,17.6
2026-04-17 06:51:07,0.0,89.1,112.4,6.06,74.9,34.4,17.7
2026-04-17 06:51:07,0.0,87.6,112.4,6.0,76.0,36.9,17.7
2026-04-17 06:51:07,0.0,89.2,115.5,5.89,76.0,30.8,17.7
2026-04-17 06:51:07,0.0,88.1,116.9,5.9,75.5,37.3,17.7
2026-04-17 06:51:07,0.0,91.5,114.0,6.14,74.9,38.8,17.6
2026-04-17 06:51:08,0.0,86.6,109.7,6.18,75.5,32.8,17.6
2026-04-17 06:51:08,0.0,106.4,119.1,6.52,75.5,48.3,17.6
2026-04-17 06:51:08,0.0,90.7,113.6,6.65,76.5,37.3,17.6
2026-04-17 06:51:08,0.0,92.3,115.6,5.93,75.5,34.4,17.6
2026-04-17 06:51:08,0.0,98.3,121.3,5.81,75.5,34.8,17.6
2026-04-17 06:51:08,0.0,98.9,122.4,5.96,76.5,35.9,17.6
2026-04-17 06:51:09,0.0,90.7,113.8,6.33,76.0,42.4,17.6
2026-04-17 06:51:09,0.0,106.3,129.4,5.5,75.5,36.5,17.7
2026-04-17 06:51:09,0.0,93.1,116.2,6.51,76.0,35.6,17.7
2026-04-17 06:51:09,0.0,91.9,115.6,6.01,76.5,38.8,17.6
2026-04-17 06:51:09,0.0,87.4,110.4,6.2,76.0,35.9,17.6
2026-04-17 06:51:09,0.0,89.5,100.9,7.38,76.5,45.5,17.6
2026-04-17 06:51:10,0.0,99.1,122.5,5.67,75.5,43.7,17.6
2026-04-17 06:51:10,0.0,105.3,128.4,5.8,76.5,35.8,17.6
2026-04-17 06:51:10,0.0,107.1,129.0,5.93,75.5,37.9,17.6
2026-04-17 06:51:10,0.0,85.2,108.2,6.92,75.5,37.9,17.6
2026-04-17 06:51:10,0.0,97.3,110.1,6.87,76.0,44.8,17.6
2026-04-17 06:51:10,0.0,115.8,138.9,5.41,76.5,36.1,17.6
2026-04-17 06:51:11,0.0,83.3,100.7,7.45,76.0,36.5,17.6
2026-04-17 06:51:11,0.0,120.4,137.0,5.86,76.0,41.2,17.6
2026-04-17 06:51:11,0.0,84.2,96.2,7.69,76.5,41.5,17.6
2026-04-17 06:51:11,0.0,93.7,108.7,7.01,76.0,43.9,17.7
2026-04-17 06:51:11,0.0,92.7,115.3,6.04,76.5,33.8,17.7
2026-04-17 06:51:11,0.0,102.6,125.9,5.65,76.0,37.1,17.6
2026-04-17 06:51:11,0.0,105.4,127.8,5.92,74.3,38.5,17.6
2026-04-17 06:51:12,0.0,93.4,116.3,6.48,74.3,36.5,17.5
2026-04-17 06:51:12,0.0,125.7,148.9,5.02,76.5,43.6,17.6
2026-04-17 06:51:12,0.0,103.2,126.3,5.64,75.5,37.0,17.6
2026-04-17 06:51:12,0.0,88.5,111.6,6.58,76.5,36.1,17.6
2026-04-17 06:51:12,0.0,99.3,108.4,6.94,76.0,43.1,17.6
2026-04-17 06:51:12,0.0,107.3,129.9,5.72,76.5,39.1,17.7
2026-04-17 06:51:13,0.0,139.5,162.7,5.03,74.9,34.2,17.7
2026-04-17 06:51:13,0.0,97.0,119.8,6.36,76.5,38.1,17.7
2026-04-17 06:51:13,0.0,94.5,117.6,6.09,75.5,37.5,17.6
2026-04-17 06:51:13,0.0,96.2,119.2,5.95,76.0,33.8,17.6
2026-04-17 06:51:13,0.0,101.1,123.9,5.83,74.9,36.9,17.6
2026-04-17 06:51:13,0.0,100.1,123.1,6.04,74.9,35.9,17.7
2026-04-17 06:51:14,0.0,98.5,121.6,6.07,74.9,32.3,17.7
2026-04-17 06:51:14,0.0,103.3,125.3,5.74,76.0,46.3,17.7
2026-04-17 06:51:14,0.0,92.2,115.2,6.53,74.9,35.6,17.7
2026-04-17 06:51:14,0.0,95.7,118.7,5.89,76.5,38.2,17.7
2026-04-17 06:51:14,0.0,89.0,111.0,6.26,74.3,35.9,17.8
2026-04-17 06:51:14,0.0,86.3,96.7,7.65,74.3,43.4,17.8
2026-04-17 06:51:15,0.0,84.4,97.0,7.61,75.5,44.4,17.8
2026-04-17 06:51:15,0.0,85.2,94.1,7.46,74.3,40.4,17.8
2026-04-17 06:51:15,0.0,92.3,104.3,7.14,76.5,44.1,17.8
2026-04-17 06:51:15,0.0,94.9,118.0,5.9,75.5,36.8,17.8
2026-04-17 06:51:15,0.0,97.2,120.5,5.92,75.5,35.8,17.8
2026-04-17 06:51:15,0.0,124.9,148.5,5.1,75.5,39.5,17.8
2026-04-17 06:51:16,0.0,87.5,108.3,6.23,74.3,36.9,17.8
2026-04-17 06:51:16,0.0,95.6,108.0,7.0,75.5,44.8,17.8
2026-04-17 06:51:16,0.0,91.7,115.0,6.19,76.0,35.9,17.8
2026-04-17 06:51:16,0.0,93.0,116.1,5.96,74.3,37.3,17.8
2026-04-17 06:51:16,0.0,95.7,118.9,5.91,76.5,32.8,17.8
2026-04-17 06:51:16,0.0,94.5,117.5,6.05,76.0,38.8,17.8
2026-04-17 06:51:17,0.0,94.9,117.8,5.99,76.0,33.3,17.8
2026-04-17 06:51:17,0.0,100.8,123.2,5.79,76.0,39.4,17.7
2026-04-17 06:51:17,0.0,116.5,139.5,5.49,76.5,44.2,17.8
2026-04-17 06:51:17,0.0,90.2,106.6,7.13,76.0,37.7,17.8
2026-04-17 06:51:17,0.0,95.1,118.0,5.83,76.5,37.5,17.8
2026-04-17 06:51:17,0.0,91.8,115.0,6.04,76.5,34.4,17.8
2026-04-17 06:51:18,0.0,87.3,110.3,6.25,76.5,36.5,17.9
2026-04-17 06:51:18,0.0,113.5,125.2,6.26,75.5,50.7,17.9
2026-04-17 06:51:18,0.0,99.1,117.6,6.57,76.5,39.7,17.9
2026-04-17 06:51:18,0.0,89.1,112.1,6.4,76.5,33.9,18.0
2026-04-17 06:51:18,0.0,87.0,96.5,7.63,76.0,38.0,17.9
2026-04-17 06:51:18,0.0,90.5,103.1,7.3,77.1,44.6,17.9
2026-04-17 06:51:18,0.0,123.4,147.0,5.0,75.5,35.9,18.0
2026-04-17 06:51:19,0.0,108.1,131.1,5.43,75.5,31.3,17.9
2026-04-17 06:51:19,0.0,95.7,118.7,6.49,74.9,36.1,17.9
2026-04-17 06:51:19,0.0,85.6,109.6,6.34,77.1,36.9,17.9
2026-04-17 06:51:19,0.0,105.0,118.3,6.58,77.7,44.1,17.9
2026-04-17 06:51:19,0.0,105.3,126.5,6.01,76.5,40.0,17.9
2026-04-17 06:51:19,0.0,89.8,111.4,6.61,76.0,35.0,17.9
2026-04-17 06:51:20,0.0,89.3,112.2,6.02,75.5,38.8,18.0
2026-04-17 06:51:20,0.0,110.9,133.9,5.32,75.5,40.3,18.0
2026-04-17 06:51:20,0.0,100.3,120.6,6.41,75.5,36.1,18.0
2026-04-17 06:51:20,0.0,108.8,131.8,5.71,75.5,42.5,17.9
2026-04-17 06:51:20,0.0,91.7,115.3,6.66,75.5,44.3,17.9
2026-04-17 06:51:20,0.0,102.1,125.6,5.65,76.0,40.5,17.9
2026-04-17 06:51:21,0.0,87.3,110.5,6.61,76.5,38.7,17.9
2026-04-17 06:51:21,0.0,103.0,117.1,6.63,76.0,42.6,17.9
2026-04-17 06:51:21,0.0,92.8,115.0,6.44,76.5,41.8,17.9
2026-04-17 06:51:21,0.0,89.9,112.4,6.13,74.9,34.9,17.9
2026-04-17 06:51:21,0.0,109.1,132.2,5.38,76.5,34.7,17.9
2026-04-17 06:51:21,0.0,107.5,129.8,6.06,76.5,38.1,17.9
2026-04-17 06:51:22,0.0,85.6,108.6,6.91,76.5,41.7,17.9
2026-04-17 06:51:22,0.0,103.3,117.5,6.62,77.1,50.0,17.9
2026-04-17 06:51:22,0.0,89.6,112.8,6.54,76.5,36.1,17.9
2026-04-17 06:51:22,0.0,88.1,111.0,6.06,75.5,36.4,17.9
2026-04-17 06:51:22,0.0,105.5,130.7,5.34,76.5,33.8,17.9
2026-04-17 06:51:22,0.0,101.5,125.0,6.2,76.5,43.1,17.9
2026-04-17 06:51:23,0.0,100.6,124.1,6.08,76.5,37.1,17.9
2026-04-17 06:51:23,0.0,87.1,110.0,6.57,74.9,37.7,17.9
2026-04-17 06:51:23,0.0,110.0,133.1,5.28,76.5,41.0,17.9
2026-04-17 06:51:23,0.0,92.7,115.6,6.71,77.1,35.1,17.9
2026-04-17 06:51:23,0.0,101.2,124.2,5.71,76.0,36.8,17.9
2026-04-17 06:51:23,0.0,92.8,115.8,6.32,76.5,34.4,18.0
2026-04-17 06:51:24,0.0,105.5,128.7,5.57,74.9,40.5,17.9
2026-04-17 06:51:24,0.0,108.0,131.4,5.91,76.5,36.5,17.9
2026-04-17 06:51:24,0.0,94.5,117.6,6.54,75.5,36.1,17.9
2026-04-17 06:51:24,0.0,94.2,117.9,5.97,76.5,36.4,18.0
2026-04-17 06:51:24,0.0,120.4,143.5,5.22,74.9,30.0,17.9
2026-04-17 06:51:24,0.0,86.5,99.0,7.54,76.0,40.7,17.9
2026-04-17 06:51:24,0.0,95.1,107.3,7.04,76.0,42.9,17.8
2026-04-17 06:51:25,0.0,107.1,130.1,5.61,76.0,37.0,17.8
2026-04-17 06:51:25,0.0,104.1,123.9,6.11,76.0,46.0,17.8
2026-04-17 06:51:25,0.0,116.9,140.0,5.58,76.0,35.7,17.9
2026-04-17 06:51:25,0.0,86.9,102.4,7.33,76.0,41.1,17.9
2026-04-17 06:51:25,0.0,88.5,102.0,7.37,75.5,42.3,17.9
2026-04-17 06:51:25,0.0,87.2,109.4,6.07,75.5,33.9,18.0
2026-04-17 06:51:26,0.0,101.5,112.8,6.77,75.5,40.7,18.0
2026-04-17 06:51:26,0.0,130.8,154.4,5.1,76.0,35.9,18.1
2026-04-17 06:51:26,0.0,101.5,123.4,5.89,75.5,38.2,18.1
2026-04-17 06:51:26,0.0,99.4,122.2,6.07,75.5,36.9,18.1
2026-04-17 06:51:26,0.0,90.7,113.6,6.34,75.5,37.5,18.0
2026-04-17 06:51:26,0.0,87.7,96.2,7.67,76.5,40.8,18.0
2026-04-17 06:51:27,0.0,87.3,99.2,7.5,76.5,45.5,18.0
2026-04-17 06:51:27,0.0,90.7,102.4,7.33,75.5,42.6,18.0
2026-04-17 06:51:27,0.0,87.2,93.5,7.71,75.5,42.9,18.0
2026-04-17 06:51:27,0.0,97.7,105.5,6.96,77.7,53.6,18.0
2026-04-17 06:51:27,0.0,99.5,121.2,5.89,76.0,35.3,18.0
2026-04-17 06:51:27,0.0,95.8,118.8,6.18,77.1,38.7,18.0
2026-04-17 06:51:27,0.0,115.5,138.2,5.38,76.0,37.8,17.9
2026-04-17 06:51:28,0.0,92.2,109.8,6.98,77.1,37.9,18.0
2026-04-17 06:51:28,0.0,101.2,124.7,5.66,74.3,38.6,18.0
2026-04-17 06:51:28,0.0,90.7,116.8,6.32,76.0,38.7,18.0
2026-04-17 06:51:28,0.0,104.7,127.6,5.65,76.0,32.8,18.1
2026-04-17 06:51:28,0.0,92.1,115.3,6.48,76.5,36.1,18.1
2026-04-17 06:51:28,0.0,101.0,123.8,5.7,75.5,38.0,18.1
2026-04-17 06:51:29,0.0,95.9,117.3,6.19,76.5,35.9,18.1
2026-04-17 06:51:29,0.0,85.3,108.0,6.42,74.9,35.0,18.1
2026-04-17 06:51:29,0.0,84.8,99.0,7.53,77.1,42.6,18.2
2026-04-17 06:51:29,0.0,88.6,95.6,7.29,77.1,50.9,18.2
2026-04-17 06:51:29,0.0,103.2,126.2,5.52,77.1,32.9,18.2
2026-04-17 06:51:29,0.0,84.9,107.9,6.74,76.0,38.3,18.2
2026-04-17 06:51:30,0.0,113.1,127.9,6.19,77.1,44.6,18.2
2026-04-17 06:51:30,0.0,106.1,126.2,6.27,75.5,42.4,18.2
2026-04-17 06:51:30,0.0,100.9,124.1,6.19,76.5,34.4,18.3
2026-04-17 06:51:30,0.0,88.5,107.9,6.49,77.1,37.7,18.3
2026-04-17 06:51:30,0.0,109.4,131.5,5.33,77.1,37.3,18.3
2026-04-17 06:51:30,0.0,96.9,119.7,6.5,77.1,36.7,18.3
2026-04-17 06:51:30,0.0,88.0,110.9,6.34,75.5,36.5,18.3
2026-04-17 06:51:31,0.0,87.3,98.0,7.54,76.0,38.0,18.3
2026-04-17 06:51:31,0.0,83.4,93.6,7.73,76.0,40.0,18.4
2026-04-17 06:51:31,0.0,83.8,99.8,7.48,76.5,38.0,18.4
2026-04-17 06:51:31,0.0,84.6,100.1,7.45,76.5,42.3,18.4
2026-04-17 06:51:31,0.0,118.2,130.6,5.96,76.5,50.7,18.4
2026-04-17 06:51:31,0.0,90.4,104.2,7.26,76.5,38.5,18.4
2026-04-17 06:51:31,0.0,86.0,108.9,6.17,76.5,34.4,18.4
2026-04-17 06:51:32,0.0,83.7,99.4,7.5,76.5,42.6,18.4
2026-04-17 06:51:32,0.0,84.6,99.4,7.49,75.5,45.1,18.4
2026-04-17 06:51:32,0.0,90.4,104.9,7.22,77.1,40.0,18.4
2026-04-17 06:51:32,0.0,97.8,120.7,5.78,77.1,36.2,18.4
2026-04-17 06:51:32,0.0,107.6,131.8,5.63,77.1,34.8,18.3
2026-04-17 06:51:32,0.0,92.5,115.5,6.65,76.0,36.7,18.4
2026-04-17 06:51:33,0.0,100.8,123.6,5.71,76.5,38.6,18.4
2026-04-17 06:51:33,0.0,92.3,115.3,6.33,77.7,34.9,18.4
2026-04-17 06:51:33,0.0,102.4,125.2,5.66,76.5,42.5,18.4
2026-04-17 06:51:33,0.0,90.9,113.9,6.45,76.5,39.3,18.5
2026-04-17 06:51:33,0.0,123.6,146.6,5.02,75.5,33.3,18.4
2026-04-17 06:51:33,0.0,125.3,148.3,4.96,76.0,43.4,18.4
2026-04-17 06:51:34,0.0,88.6,111.7,6.12,75.5,32.8,18.4
2026-04-17 06:51:34,0.0,85.7,97.4,7.62,76.5,34.0,18.4
2026-04-17 06:51:34,0.0,101.2,114.2,6.76,77.1,42.1,18.4
2026-04-17 06:51:34,0.0,99.9,118.8,6.04,77.1,37.9,18.4
2026-04-17 06:51:34,0.0,92.2,115.2,6.3,75.5,32.8,18.4
2026-04-17 06:51:34,0.0,87.3,109.6,6.18,77.1,34.9,18.5
2026-04-17 06:51:35,0.0,134.8,144.6,5.54,76.5,40.3,18.5
2026-04-17 06:51:35,0.0,89.0,113.4,6.43,74.9,40.6,18.5
2026-04-17 06:51:35,0.0,89.9,112.4,6.02,74.9,31.7,18.5
2026-04-17 06:51:35,0.0,107.2,130.8,5.42,76.0,35.6,18.5
2026-04-17 06:51:35,0.0,89.8,112.8,6.72,76.0,38.3,18.5
2026-04-17 06:51:35,0.0,85.2,108.2,6.18,77.1,33.8,18.5
2026-04-17 06:51:36,0.0,111.1,125.3,6.28,76.5,45.2,18.5
2026-04-17 06:51:36,0.0,87.6,109.7,6.99,76.5,38.6,18.5
2026-04-17 06:51:36,0.0,113.8,132.1,6.03,75.5,43.7,18.5
2026-04-17 06:51:36,0.0,85.3,100.0,7.46,76.0,42.6,18.6
2026-04-17 06:51:36,0.0,234.3,257.5,3.19,78.2,69.1,18.5
2026-04-17 06:51:37,0.0,123.4,157.3,4.94,77.7,79.5,17.8
2026-04-17 06:51:37,0.0,103.8,126.9,5.99,76.5,40.9,17.8
2026-04-17 06:51:37,0.0,89.7,112.8,6.56,76.5,35.6,17.7
2026-04-17 06:51:37,0.0,85.4,109.8,6.1,77.1,36.9,17.7
2026-04-17 06:51:37,0.0,87.1,98.3,7.5,76.0,44.4,17.7
2026-04-17 06:51:37,0.0,93.7,105.3,7.15,74.9,42.9,17.7
2026-04-17 06:51:37,0.0,109.7,132.7,5.48,76.5,31.9,17.7
2026-04-17 06:51:38,0.0,88.9,112.1,6.85,76.0,37.5,17.7
2026-04-17 06:51:38,0.0,87.4,108.3,6.06,76.5,34.4,17.7
2026-04-17 06:51:38,0.0,93.1,101.1,7.18,76.0,50.0,17.7
2026-04-17 06:51:38,0.0,116.6,139.2,5.26,76.0,38.7,17.7
2026-04-17 06:51:38,0.0,91.5,107.3,7.09,76.5,34.0,17.7
2026-04-17 06:51:38,0.0,94.3,117.4,5.89,75.5,36.4,17.7
2026-04-17 06:51:39,0.0,94.1,117.2,6.02,76.5,36.4,17.7
2026-04-17 06:51:39,0.0,104.3,126.9,5.66,76.5,34.8,17.7
2026-04-17 06:51:39,0.0,87.7,107.7,6.67,75.5,36.8,17.7
2026-04-17 06:51:39,0.0,88.7,100.5,7.45,77.7,43.4,17.7
2026-04-17 06:51:39,0.0,87.8,111.4,6.01,77.7,33.3,17.7
2026-04-17 06:51:39,0.0,122.9,146.0,4.97,75.5,38.3,17.7
2026-04-17 06:51:40,0.0,86.5,109.6,6.12,77.1,30.2,17.7
2026-04-17 06:51:40,0.0,89.9,102.2,7.32,76.0,49.1,17.7
2026-04-17 06:51:40,0.0,83.3,104.8,6.25,74.9,33.8,17.7
2026-04-17 06:51:40,0.0,89.5,105.6,7.17,77.1,40.4,17.7
2026-04-17 06:51:40,0.0,86.0,109.0,6.13,76.5,43.8,17.7
2026-04-17 06:51:40,0.0,101.2,113.3,6.74,77.1,39.7,17.7
2026-04-17 06:51:40,0.0,112.0,135.1,5.63,76.5,38.4,17.7
2026-04-17 06:51:41,0.0,88.0,108.5,7.01,77.7,39.7,17.7
2026-04-17 06:51:41,0.0,98.9,120.8,5.64,77.1,38.6,17.7
2026-04-17 06:51:41,0.0,94.8,117.9,6.16,77.1,36.4,17.7
2026-04-17 06:51:41,0.0,118.6,140.4,5.25,77.1,36.8,17.7
2026-04-17 06:51:41,0.0,96.8,113.1,6.82,76.5,37.9,17.7
2026-04-17 06:51:41,0.0,84.6,108.8,6.49,76.0,31.6,17.7
2026-04-17 06:51:42,0.0,92.3,106.1,7.16,76.5,46.4,17.7
2026-04-17 06:51:42,0.0,99.2,122.7,5.75,77.1,39.1,17.7
2026-04-17 06:51:42,0.0,115.0,136.9,5.5,76.5,34.3,17.7
2026-04-17 06:51:42,0.0,95.4,112.7,6.8,75.5,41.4,17.7
2026-04-17 06:51:42,0.0,112.6,136.0,5.41,77.7,35.7,17.7
2026-04-17 06:51:42,0.0,126.6,145.2,5.57,77.7,44.4,17.7
2026-04-17 06:51:43,0.0,102.4,125.5,5.69,75.5,34.3,17.7
2026-04-17 06:51:43,0.0,92.0,114.9,6.4,75.5,33.9,17.8
2026-04-17 06:51:43,0.0,90.1,115.3,5.93,76.5,32.8,17.8
2026-04-17 06:51:43,0.0,117.4,140.7,5.26,75.5,35.1,17.8
2026-04-17 06:51:43,0.0,86.6,102.1,7.37,76.0,37.3,17.8
2026-04-17 06:51:43,0.0,95.3,107.5,7.05,76.5,44.6,17.8
2026-04-17 06:51:44,0.0,115.9,138.9,5.34,76.5,38.7,17.8
2026-04-17 06:51:44,0.0,89.9,106.0,7.11,74.9,42.4,17.9
2026-04-17 06:51:44,0.0,85.4,108.3,6.17,76.5,34.4,17.9
2026-04-17 06:51:44,0.0,88.0,102.4,7.35,77.1,46.4,17.8
2026-04-17 06:51:44,0.0,90.1,113.3,5.93,76.5,32.3,17.8
2026-04-17 06:51:44,0.0,88.5,111.5,6.07,76.5,33.3,17.8
2026-04-17 06:51:45,0.0,92.9,93.6,7.21,76.5,55.6,17.8
2026-04-17 06:51:45,0.0,84.6,107.7,6.35,78.2,38.5,17.8
2026-04-17 06:51:45,0.0,108.0,123.0,6.39,75.5,43.5,17.7
2026-04-17 06:51:45,0.0,87.8,109.0,6.82,77.1,37.9,17.8
2026-04-17 06:51:45,0.0,89.5,100.9,7.42,76.5,45.6,17.8
2026-04-17 06:51:45,0.0,99.6,111.1,6.9,75.5,40.4,17.8
2026-04-17 06:51:45,0.0,87.7,107.1,6.52,75.5,38.7,17.9
2026-04-17 06:51:46,0.0,103.4,126.4,5.49,77.1,33.8,17.9
2026-04-17 06:51:46,0.0,97.7,120.7,6.22,77.1,36.4,17.9
2026-04-17 06:51:46,0.0,98.2,118.3,5.98,77.7,41.2,17.9
2026-04-17 06:51:46,0.0,106.8,129.4,5.71,77.1,37.1,17.9
2026-04-17 06:51:46,0.0,102.5,125.7,6.16,77.1,39.4,17.9
2026-04-17 06:51:46,0.0,108.4,131.2,5.79,77.1,36.4,17.9
2026-04-17 06:51:47,0.0,129.6,152.5,5.33,76.0,47.4,17.9
2026-04-17 06:51:47,0.0,99.1,119.6,5.9,76.5,36.4,17.9
2026-04-17 06:51:47,0.0,105.2,128.4,5.78,77.1,37.3,17.9
2026-04-17 06:51:47,0.0,91.2,114.3,6.5,74.9,37.7,17.8
2026-04-17 06:51:47,0.0,87.0,109.8,6.22,76.5,36.5,17.7
2026-04-17 06:51:47,0.0,100.8,113.3,6.8,77.1,41.4,17.7
2026-04-17 06:51:48,0.0,119.5,142.5,5.4,74.9,31.9,17.7
2026-04-17 06:51:48,0.0,89.1,102.2,7.34,76.5,45.5,17.7
2026-04-17 06:51:48,0.0,90.2,113.1,5.97,77.1,35.8,17.7
2026-04-17 06:51:48,0.0,97.6,120.7,5.74,74.9,35.3,17.7
2026-04-17 06:51:48,0.0,109.6,132.5,5.6,76.5,36.6,17.7
2026-04-17 06:51:48,0.0,88.6,110.9,6.87,77.1,43.3,17.7
2026-04-17 06:51:49,0.0,119.4,142.5,5.07,76.5,37.7,17.7
2026-04-17 06:51:49,0.0,85.9,100.7,7.42,77.1,40.0,17.7
2026-04-17 06:51:49,0.0,117.2,129.1,6.14,77.1,46.8,17.7
2026-04-17 06:51:49,0.0,119.6,135.4,5.89,76.5,49.3,17.7
2026-04-17 06:51:49,0.0,99.0,111.3,6.88,76.5,42.1,17.7
2026-04-17 06:51:49,0.0,106.8,130.5,5.71,74.9,37.1,17.7
2026-04-17 06:51:50,0.0,109.9,133.0,5.92,76.0,38.5,17.8
2026-04-17 06:51:50,0.0,115.8,138.0,5.8,76.5,40.8,17.8
2026-04-17 06:51:50,0.0,105.3,122.3,6.41,77.1,35.6,17.8
2026-04-17 06:51:50,0.0,95.1,118.4,6.37,77.1,40.0,17.8
2026-04-17 06:51:50,0.0,103.5,126.4,5.73,77.1,39.4,17.8
2026-04-17 06:51:50,0.0,90.4,113.4,6.51,76.5,36.1,17.9
2026-04-17 06:51:51,0.0,110.4,133.4,5.36,77.1,32.4,17.9
2026-04-17 06:51:51,0.0,84.6,107.7,6.99,76.0,38.2,17.9
2026-04-17 06:51:51,0.0,90.1,102.3,7.3,77.1,43.6,17.9
2026-04-17 06:51:51,0.0,94.6,117.7,5.86,76.0,35.7,17.9
2026-04-17 06:51:51,0.0,124.3,138.1,5.09,77.1,42.3,17.9
2026-04-17 06:51:51,0.0,107.4,130.4,5.46,77.7,36.6,17.9
2026-04-17 06:51:52,0.0,105.6,128.6,6.07,77.7,38.5,17.9
2026-04-17 06:51:52,0.0,107.0,131.0,5.92,76.0,41.8,17.9
2026-04-17 06:51:52,0.0,115.5,137.0,5.74,77.1,40.6,17.9
2026-04-17 06:51:52,0.0,116.5,134.0,5.97,76.5,43.3,18.0
2026-04-17 06:51:52,0.0,89.1,105.6,7.19,77.1,36.4,18.0
2026-04-17 06:51:52,0.0,94.8,115.3,5.8,77.1,36.8,17.9
2026-04-17 06:51:53,0.0,89.0,110.9,6.22,76.5,40.3,17.9
2026-04-17 06:51:53,0.0,116.8,139.9,5.14,76.5,41.6,17.9
2026-04-17 06:51:53,0.0,85.1,100.9,7.41,78.2,43.6,17.9
2026-04-17 06:51:53,0.0,108.3,122.6,6.39,76.5,40.3,17.9
2026-04-17 06:51:53,0.0,102.9,125.9,6.2,77.1,38.1,17.9
2026-04-17 06:51:53,0.0,114.5,131.8,5.6,76.0,38.2,17.8
2026-04-17 06:51:54,0.0,85.0,103.3,7.32,77.7,41.4,17.8
2026-04-17 06:51:54,0.0,89.9,102.1,7.23,77.7,42.6,17.8
2026-04-17 06:51:54,0.0,98.2,121.2,5.72,77.1,39.7,17.8
2026-04-17 06:51:54,0.0,88.1,111.0,6.39,76.0,36.1,17.8
2026-04-17 06:51:54,0.0,104.3,127.3,5.46,76.5,34.7,17.8
2026-04-17 06:51:54,0.0,88.2,109.4,6.65,77.1,37.1,17.8
2026-04-17 06:51:55,0.0,102.9,126.2,5.51,76.5,31.8,17.8
2026-04-17 06:51:55,0.0,111.4,134.4,5.73,77.1,47.2,17.8
2026-04-17 06:51:55,0.0,103.3,123.3,6.31,76.0,36.1,17.8
2026-04-17 06:51:55,0.0,92.2,115.2,6.43,76.0,33.9,17.9
2026-04-17 06:51:55,0.0,90.1,113.1,6.08,77.1,37.9,17.9
2026-04-17 06:51:55,0.0,87.1,110.2,6.11,75.5,32.8,17.9
2026-04-17 06:51:55,0.0,109.9,121.6,6.41,77.1,46.0,17.9
2026-04-17 06:51:56,0.0,110.2,133.2,5.99,76.0,40.0,17.9
2026-04-17 06:51:56,0.0,84.8,107.7,7.08,77.1,37.5,18.0
2026-04-17 06:51:56,0.0,86.1,100.7,7.41,77.1,37.3,18.0
2026-04-17 06:51:56,0.0,94.9,107.4,7.04,76.0,43.9,18.0
2026-04-17 06:51:56,0.0,109.8,133.0,5.52,76.5,34.3,18.0
2026-04-17 06:51:56,0.0,110.5,131.4,5.98,76.5,45.6,18.0
2026-04-17 06:51:57,0.0,93.6,116.0,6.67,76.5,37.9,18.0
2026-04-17 06:51:57,0.0,106.7,129.1,5.57,78.2,37.9,18.0
2026-04-17 06:51:57,0.0,92.8,115.6,6.55,77.7,37.7,18.1
2026-04-17 06:51:57,0.0,111.5,134.3,5.39,76.5,37.3,18.1
2026-04-17 06:51:57,0.0,105.4,127.0,6.23,76.5,40.0,18.1
2026-04-17 06:51:57,0.0,102.1,125.5,6.11,77.1,37.1,18.1
2026-04-17 06:51:58,0.0,89.1,112.2,6.53,76.5,34.5,18.1
2026-04-17 06:51:58,0.0,111.5,134.7,5.29,76.5,36.5,18.1
2026-04-17 06:51:58,0.0,85.8,107.3,7.11,77.7,38.6,18.1
2026-04-17 06:51:58,0.0,98.5,107.9,6.83,77.1,44.6,18.1
2026-04-17 06:51:58,0.0,97.0,120.4,6.05,77.7,40.6,18.2
2026-04-17 06:51:58,0.0,106.7,129.8,5.69,76.0,34.8,18.2
2026-04-17 06:51:59,0.0,110.7,133.8,5.86,76.5,40.9,18.2
2026-04-17 06:51:59,0.0,98.0,119.4,6.51,76.5,38.3,18.3
2026-04-17 06:51:59,0.0,88.2,111.3,6.37,76.5,35.5,18.3
2026-04-17 06:51:59,0.0,96.6,126.8,5.49,76.5,37.8,18.2
2026-04-17 06:51:59,0.0,100.1,122.0,6.14,77.7,39.4,18.2
2026-04-17 06:51:59,0.0,88.5,111.7,6.45,77.7,38.7,18.2
2026-04-17 06:51:59,0.0,94.8,105.5,7.17,77.1,38.9,18.2
2026-04-17 06:52:00,0.0,102.5,124.1,5.72,77.1,37.7,18.2
2026-04-17 06:52:00,0.0,88.2,109.2,6.59,77.7,41.3,18.2
2026-04-17 06:52:00,0.0,110.3,133.3,5.3,77.1,36.0,18.2
2026-04-17 06:52:00,0.0,94.7,117.3,6.63,78.2,34.5,18.2
2026-04-17 06:52:00,0.0,111.5,134.3,5.46,77.7,41.1,18.2
2026-04-17 06:52:01,0.0,111.2,133.1,5.99,76.5,37.7,18.2
2026-04-17 06:52:01,0.0,118.6,140.2,5.76,77.1,38.8,18.2
2026-04-17 06:52:01,0.0,102.0,114.0,6.67,78.2,37.9,18.2
2026-04-17 06:52:01,0.0,126.3,149.2,5.24,77.7,33.8,18.2
2026-04-17 06:52:01,0.0,87.7,110.7,6.2,77.1,34.8,18.2
2026-04-17 06:52:01,0.0,108.0,118.8,6.5,76.5,43.1,18.2
2026-04-17 06:52:01,0.0,100.6,123.7,6.28,76.5,39.7,18.2
2026-04-17 06:52:02,0.0,106.0,128.9,5.83,78.2,38.8,18.2
2026-04-17 06:52:02,0.0,87.3,109.8,6.75,76.5,39.3,18.2
2026-04-17 06:52:02,0.0,93.6,105.4,7.16,77.7,42.1,18.2
2026-04-17 06:52:02,0.0,105.2,127.7,5.61,77.1,32.4,18.3
2026-04-17 06:52:02,0.0,91.9,116.0,6.48,76.5,38.1,18.3
2026-04-17 06:52:02,0.0,127.3,150.2,4.97,76.5,38.5,18.3
2026-04-17 06:52:03,0.0,98.6,121.6,5.85,76.5,39.1,18.3
2026-04-17 06:52:03,0.0,88.7,111.6,6.37,77.1,38.1,18.3
2026-04-17 06:52:03,0.0,85.7,108.6,6.11,77.1,32.3,18.3
2026-04-17 06:52:03,0.0,98.0,111.5,6.86,76.0,42.1,18.3
2026-04-17 06:52:03,0.0,86.6,109.4,6.46,77.1,33.9,18.4
2026-04-17 06:52:03,0.0,95.6,118.7,5.7,75.5,35.7,18.4
2026-04-17 06:52:04,0.0,105.3,125.4,5.67,77.7,36.2,18.4
2026-04-17 06:52:04,0.0,98.3,121.4,6.26,78.2,38.5,18.4
2026-04-17 06:52:04,0.0,88.4,111.4,6.39,76.5,36.1,18.4
2026-04-17 06:52:04,0.0,103.8,115.1,6.72,77.7,46.8,18.4
2026-04-17 06:52:04,0.0,98.1,119.2,6.22,77.1,36.9,18.4
2026-04-17 06:52:04,0.0,98.9,122.0,5.96,76.0,36.9,18.4
2026-04-17 06:52:05,0.0,115.1,135.5,5.48,76.5,44.6,18.3
2026-04-17 06:52:05,0.0,94.5,112.3,6.84,76.0,41.7,18.3
2026-04-17 06:52:05,0.0,86.3,110.5,6.26,77.1,33.9,18.3
2026-04-17 06:52:05,0.0,97.3,109.4,7.0,77.1,44.1,18.3
2026-04-17 06:52:05,0.0,106.2,129.3,5.7,77.1,36.2,18.2
2026-04-17 06:52:05,0.0,101.8,124.8,6.17,77.7,40.0,18.2
2026-04-17 06:52:06,0.0,87.8,110.8,6.55,76.5,37.7,18.2
2026-04-17 06:52:06,0.0,104.1,116.1,6.68,76.0,46.0,18.2
2026-04-17 06:52:06,0.0,108.1,131.1,5.86,77.1,40.6,18.2
2026-04-17 06:52:06,0.0,90.9,114.0,6.69,77.7,32.8,18.1
2026-04-17 06:52:06,0.0,127.0,149.9,4.93,76.5,37.5,18.1
2026-04-17 06:52:06,0.0,95.2,118.3,5.95,77.7,34.4,18.1
2026-04-17 06:52:07,0.0,100.5,122.9,5.8,77.1,37.1,18.1
2026-04-17 06:52:07,0.0,112.4,135.5,5.61,77.1,37.9,18.2
2026-04-17 06:52:07,0.0,116.2,134.8,5.87,76.5,44.9,18.2
2026-04-17 06:52:07,0.0,95.2,112.8,6.84,77.1,41.7,18.2
2026-04-17 06:52:07,0.0,105.4,126.2,5.68,77.7,37.1,18.2
2026-04-17 06:52:07,0.0,101.4,124.3,6.15,76.5,37.1,18.3
2026-04-17 06:52:08,0.0,97.3,120.4,6.15,76.5,33.9,18.3
2026-04-17 06:52:08,0.0,94.2,117.3,6.12,76.0,36.9,18.3
2026-04-17 06:52:08,0.0,100.4,123.4,5.78,77.7,38.6,18.3
2026-04-17 06:52:08,0.0,95.2,118.4,6.2,77.1,33.9,18.3
2026-04-17 06:52:08,0.0,93.9,116.1,6.05,76.5,41.2,18.3
2026-04-17 06:52:09,0.0,237.2,246.6,3.2,77.1,90.3,17.7
2026-04-17 06:52:09,0.0,125.0,148.3,5.38,77.1,52.7,17.6
2026-04-17 06:52:09,0.0,106.5,126.7,5.52,77.1,40.0,17.6
2026-04-17 06:52:09,0.0,84.3,107.3,6.93,76.5,32.7,17.6
2026-04-17 06:52:09,0.0,102.7,118.5,6.58,76.5,40.4,17.6
2026-04-17 06:52:09,0.0,100.9,124.1,6.07,78.2,38.5,17.6
2026-04-17 06:52:09,0.0,96.2,96.9,7.51,77.7,48.0,17.6
2026-04-17 06:52:10,0.0,85.4,107.9,6.61,78.8,37.3,17.6
2026-04-17 06:52:10,0.0,108.5,122.7,6.39,77.1,44.4,17.6
2026-04-17 06:52:10,0.0,90.6,111.5,6.73,77.1,35.1,17.5
2026-04-17 06:52:10,0.0,98.0,119.8,5.75,77.1,41.7,17.5
2026-04-17 06:52:10,0.0,113.2,136.2,5.51,77.1,35.7,17.5
2026-04-17 06:52:10,0.0,89.9,109.9,6.97,76.0,36.8,17.5
2026-04-17 06:52:11,0.0,89.7,110.8,6.01,77.7,37.3,17.5
2026-04-17 06:52:11,0.0,88.9,98.3,7.54,77.1,46.3,17.5
2026-04-17 06:52:11,0.0,96.1,119.4,5.76,76.5,38.9,17.5
2026-04-17 06:52:11,0.0,94.5,117.6,6.06,77.1,36.9,17.5
2026-04-17 06:52:11,0.0,87.7,110.4,6.26,78.2,39.4,17.5
2026-04-17 06:52:11,0.0,101.7,111.8,6.8,78.2,41.4,17.5
2026-04-17 06:52:12,0.0,88.5,111.5,6.51,77.7,36.1,17.4
2026-04-17 06:52:12,0.0,131.1,154.1,4.78,76.5,45.2,17.5
2026-04-17 06:52:12,0.0,114.3,137.3,5.47,77.7,39.7,17.5
2026-04-17 06:52:12,0.0,88.3,107.0,7.11,77.1,34.6,17.5
2026-04-17 06:52:12,0.0,85.7,96.4,7.65,77.1,43.6,17.4
2026-04-17 06:52:12,0.0,114.6,127.9,6.17,78.2,41.7,17.5
2026-04-17 06:52:13,0.0,91.4,109.5,6.97,76.5,37.9,17.4
2026-04-17 06:52:13,0.0,99.1,122.3,5.73,78.2,36.2,17.4
2026-04-17 06:52:13,0.0,92.9,118.4,6.14,76.5,39.7,17.5
2026-04-17 06:52:13,0.0,87.1,109.9,6.32,77.1,37.5,17.5
2026-04-17 06:52:13,0.0,106.7,119.0,6.54,77.7,43.5,17.6
2026-04-17 06:52:13,0.0,91.4,115.1,6.58,77.7,36.2,17.6
2026-04-17 06:52:13,0.0,105.8,128.7,5.54,77.1,35.2,17.7
2026-04-17 06:52:14,0.0,99.4,119.6,6.24,76.5,36.5,17.7
2026-04-17 06:52:14,0.0,111.0,133.2,5.6,76.5,41.4,17.7
2026-04-17 06:52:14,0.0,104.7,123.9,6.26,77.7,39.7,17.7
2026-04-17 06:52:14,0.0,112.5,137.0,5.66,76.5,44.3,17.7
2026-04-17 06:52:14,0.0,97.2,115.5,6.7,77.7,38.3,17.7
2026-04-17 06:52:14,0.0,87.4,110.3,6.38,76.5,38.1,17.7
2026-04-17 06:52:15,0.0,85.4,96.8,7.61,77.7,42.3,17.8
2026-04-17 06:52:15,0.0,108.1,119.8,6.41,77.7,47.7,17.8
2026-04-17 06:52:15,0.0,99.8,123.2,6.3,76.5,40.0,17.8
2026-04-17 06:52:15,0.0,100.1,122.7,6.01,77.1,34.8,17.8
2026-04-17 06:52:15,0.0,87.2,111.3,6.46,77.1,36.1,17.8
2026-04-17 06:52:15,0.0,89.7,112.2,5.95,77.1,36.9,17.8
2026-04-17 06:52:16,0.0,90.5,113.4,5.98,77.7,34.8,17.8
2026-04-17 06:52:16,0.0,101.6,125.0,5.54,77.1,38.4,17.8
2026-04-17 06:52:16,0.0,94.1,115.2,6.39,77.1,37.1,17.8
2026-04-17 06:52:16,0.0,91.1,113.0,6.12,77.1,37.3,17.7
2026-04-17 06:52:16,0.0,150.1,175.2,4.39,77.7,41.8,17.7
2026-04-17 06:52:16,0.0,99.0,112.9,6.83,77.7,41.1,17.7
2026-04-17 06:52:17,0.0,103.7,126.9,5.84,76.5,39.1,17.7
2026-04-17 06:52:17,0.0,106.9,129.1,5.89,77.1,39.4,17.7
2026-04-17 06:52:17,0.0,131.9,155.3,5.22,76.5,39.0,17.7
2026-04-17 06:52:17,0.0,98.1,121.2,6.02,77.1,36.9,17.7
2026-04-17 06:52:17,0.0,114.3,138.4,5.44,77.1,33.3,17.7
2026-04-17 06:52:17,0.0,95.2,113.5,6.8,77.1,41.0,17.7
2026-04-17 06:52:18,0.0,101.2,124.9,5.8,76.0,34.8,17.7
2026-04-17 06:52:18,0.0,102.2,124.6,5.99,77.1,39.7,17.7
2026-04-17 06:52:18,0.0,98.5,121.1,6.14,77.7,39.4,17.7
2026-04-17 06:52:18,0.0,116.0,139.3,5.42,77.7,31.4,17.7
2026-04-17 06:52:18,0.0,97.0,113.9,6.78,76.5,37.9,17.7
2026-04-17 06:52:18,0.0,104.5,126.8,5.75,76.5,43.5,17.7
2026-04-17 06:52:19,0.0,107.8,129.8,5.88,78.2,38.2,17.8
2026-04-17 06:52:19,0.0,102.2,126.6,6.16,76.0,40.6,17.8
2026-04-17 06:52:19,0.0,85.5,108.5,6.73,77.1,35.1,17.8
2026-04-17 06:52:19,0.0,116.5,131.1,6.08,77.1,42.2,17.8
2026-04-17 06:52:19,0.0,113.8,130.2,6.11,78.2,34.5,17.8
2026-04-17 06:52:19,0.0,108.6,125.9,6.2,77.7,41.5,17.8
2026-04-17 06:52:20,0.0,91.6,114.7,6.68,75.5,37.3,17.7
2026-04-17 06:52:20,0.0,107.6,134.2,5.36,77.7,37.8,17.8
2026-04-17 06:52:20,0.0,93.3,115.1,6.73,77.1,41.7,17.8
2026-04-17 06:52:20,0.0,123.3,146.3,5.09,77.7,34.6,17.8
2026-04-17 06:52:20,0.0,111.5,134.0,5.31,77.1,40.0,17.8
2026-04-17 06:52:20,0.0,85.4,107.0,7.12,77.7,37.9,17.8
2026-04-17 06:52:21,0.0,106.1,125.0,6.31,77.7,48.4,17.9
2026-04-17 06:52:21,0.0,92.4,113.6,6.74,77.7,38.2,17.9
2026-04-17 06:52:21,0.0,86.0,109.1,6.24,77.1,40.3,17.9
2026-04-17 06:52:21,0.0,88.6,102.1,7.37,77.1,43.6,17.9
2026-04-17 06:52:21,0.0,85.7,108.7,6.09,76.5,33.8,17.9
2026-04-17 06:52:21,0.0,86.3,98.6,7.47,76.5,41.2,17.9
2026-04-17 06:52:22,0.0,84.6,97.5,7.59,76.5,42.3,17.9
2026-04-17 06:52:22,0.0,84.0,95.3,7.55,77.7,45.5,17.8
2026-04-17 06:52:22,0.0,96.4,112.2,6.84,77.7,44.8,17.9
2026-04-17 06:52:22,0.0,104.8,128.4,5.72,77.7,38.6,17.9
2026-04-17 06:52:22,0.0,116.1,139.0,5.65,77.7,34.3,17.9
2026-04-17 06:52:22,0.0,109.6,126.2,6.24,77.1,40.9,17.9
2026-04-17 06:52:22,0.0,112.9,135.7,5.85,76.5,40.3,17.9
2026-04-17 06:52:23,0.0,93.2,112.2,6.86,76.5,37.3,18.0
2026-04-17 06:52:23,0.0,96.8,124.2,5.73,76.5,41.4,17.9
2026-04-17 06:52:23,0.0,101.2,123.7,6.0,77.7,49.3,17.9
2026-04-17 06:52:23,0.0,103.5,126.4,5.93,77.1,39.1,17.9
2026-04-17 06:52:23,0.0,108.3,131.3,5.83,77.1,38.6,17.9
2026-04-17 06:52:23,0.0,95.6,118.6,6.5,77.7,37.7,17.9
2026-04-17 06:52:24,0.0,112.6,134.2,5.44,77.7,35.2,17.9
2026-04-17 06:52:24,0.0,98.1,118.5,6.58,78.2,41.3,17.9
2026-04-17 06:52:24,0.0,114.1,137.3,5.47,77.7,39.4,17.9
2026-04-17 06:52:24,0.0,85.3,104.0,7.27,76.5,38.2,18.0
2026-04-17 06:52:24,0.0,86.7,100.6,7.41,76.5,42.9,18.0
2026-04-17 06:52:24,0.0,84.8,97.1,7.58,77.7,42.3,18.1
2026-04-17 06:52:25,0.0,85.6,99.2,7.41,76.5,42.9,18.1
2026-04-17 06:52:25,0.0,92.0,104.1,7.25,76.5,41.5,18.1
2026-04-17 06:52:25,0.0,109.7,132.0,5.42,77.1,43.1,18.1
2026-04-17 06:52:25,0.0,99.3,122.3,6.41,77.7,41.5,18.1
2026-04-17 06:52:25,0.0,91.6,114.0,6.29,77.7,36.5,18.1
2026-04-17 06:52:25,0.0,106.7,129.5,5.51,77.7,36.6,18.1
2026-04-17 06:52:25,0.0,97.4,120.5,6.35,77.7,36.1,18.1
2026-04-17 06:52:26,0.0,93.6,116.6,6.15,76.5,35.5,18.1
2026-04-17 06:52:26,0.0,89.5,112.4,6.16,76.0,35.8,18.1
2026-04-17 06:52:26,0.0,85.1,102.9,6.16,77.1,33.9,18.1
2026-04-17 06:52:26,0.0,109.6,124.1,6.34,77.1,40.3,18.1
2026-04-17 06:52:26,0.0,88.7,111.8,6.86,77.7,39.7,18.0
2026-04-17 06:52:26,0.0,95.6,118.0,5.77,78.2,30.8,18.0
2026-04-17 06:52:27,0.0,107.8,131.0,5.59,76.0,37.5,18.0
2026-04-17 06:52:27,0.0,104.5,128.2,6.1,77.1,40.9,18.0
2026-04-17 06:52:27,0.0,88.9,102.3,6.65,77.1,52.5,18.0
2026-04-17 06:52:27,0.0,116.6,139.4,5.15,76.5,38.0,18.0
2026-04-17 06:52:27,0.0,93.9,110.3,6.95,77.7,43.1,18.0
2026-04-17 06:52:27,0.0,89.0,112.0,6.18,77.7,37.9,18.0
2026-04-17 06:52:28,0.0,106.0,116.3,6.65,77.1,46.8,17.9
2026-04-17 06:52:28,0.0,108.2,129.9,5.89,77.1,39.7,17.9
2026-04-17 06:52:28,0.0,94.4,117.5,6.57,77.1,38.3,17.9
2026-04-17 06:52:28,0.0,90.7,113.7,6.14,77.7,36.9,17.9
2026-04-17 06:52:28,0.0,89.7,112.5,6.05,77.1,37.7,17.9
2026-04-17 06:52:28,0.0,114.5,137.9,5.21,77.1,32.4,17.9
2026-04-17 06:52:29,0.0,85.7,104.0,7.28,77.7,35.2,17.9
2026-04-17 06:52:29,0.0,92.3,104.5,7.12,78.2,45.8,17.9
2026-04-17 06:52:29,0.0,105.2,127.8,5.58,77.1,37.1,18.0
2026-04-17 06:52:29,0.0,115.0,138.1,5.67,77.1,47.1,18.0
2026-04-17 06:52:29,0.0,88.9,106.5,7.13,78.2,44.8,18.0
2026-04-17 06:52:29,0.0,96.3,119.5,5.75,76.0,33.8,18.0
2026-04-17 06:52:30,0.0,93.3,116.5,6.11,77.1,35.9,18.1
2026-04-17 06:52:30,0.0,84.6,107.6,6.34,76.5,41.2,18.1
2026-04-17 06:52:30,0.0,94.2,111.4,6.9,78.2,38.2,18.1
2026-04-17 06:52:30,0.0,99.2,122.0,5.89,77.7,41.4,18.2
2026-04-17 06:52:30,0.0,100.2,123.0,5.97,77.7,34.4,18.2
2026-04-17 06:52:30,0.0,111.2,134.2,5.63,77.7,35.7,18.2
2026-04-17 06:52:31,0.0,108.0,129.9,6.12,77.7,32.2,18.2
2026-04-17 06:52:31,0.0,84.9,108.0,6.97,77.7,36.8,18.2
2026-04-17 06:52:31,0.0,103.5,117.7,6.58,76.5,42.4,18.3
2026-04-17 06:52:31,0.0,93.7,116.8,6.38,78.2,37.7,18.3
2026-04-17 06:52:31,0.0,89.8,113.0,6.14,76.5,36.9,18.3
2026-04-17 06:52:31,0.0,110.3,134.5,5.32,77.7,39.2,18.3
2026-04-17 06:52:31,0.0,101.0,123.1,6.37,78.2,38.3,18.3
2026-04-17 06:52:32,0.0,110.5,132.8,5.71,77.1,39.4,18.3
2026-04-17 06:52:32,0.0,95.3,116.7,6.6,76.5,41.8,18.3
2026-04-17 06:52:32,0.0,87.4,109.3,6.26,77.1,35.9,18.3
2026-04-17 06:52:32,0.0,112.7,134.3,5.24,77.7,38.2,18.3
2026-04-17 06:52:32,0.0,88.5,108.6,7.04,77.1,36.4,18.3
2026-04-17 06:52:32,0.0,95.0,117.8,5.77,77.7,39.4,18.3
2026-04-17 06:52:33,0.0,97.1,119.6,5.93,78.2,40.8,18.3
2026-04-17 06:52:33,0.0,124.2,141.7,5.16,77.1,40.3,18.3
2026-04-17 06:52:33,0.0,108.8,131.9,5.43,77.7,32.4,18.3
2026-04-17 06:52:33,0.0,86.5,108.9,6.93,78.2,37.5,18.3
2026-04-17 06:52:33,0.0,95.5,109.2,7.0,77.7,44.6,18.3
2026-04-17 06:52:33,0.0,99.4,122.5,5.89,77.7,35.4,18.3
2026-04-17 06:52:34,0.0,109.6,132.6,5.66,76.5,34.3,18.3
2026-04-17 06:52:34,0.0,106.9,130.0,6.03,77.7,41.2,18.3
2026-04-17 06:52:34,0.0,92.2,115.2,6.66,77.7,38.7,18.3
2026-04-17 06:52:34,0.0,98.8,122.3,5.76,76.5,38.6,18.3
2026-04-17 06:52:34,0.0,113.8,136.7,5.52,77.1,39.4,18.4
2026-04-17 06:52:34,0.0,97.3,116.7,6.67,77.1,43.5,18.4
2026-04-17 06:52:35,0.0,91.4,114.4,6.22,78.2,38.5,18.4
2026-04-17 06:52:35,0.0,85.9,108.8,6.21,77.7,36.4,18.4
2026-04-17 06:52:35,0.0,91.2,107.4,7.07,77.1,39.2,18.4
2026-04-17 06:52:35,0.0,112.1,133.6,5.41,76.5,42.5,18.4
2026-04-17 06:52:35,0.0,91.2,112.2,6.86,77.7,42.9,18.4
2026-04-17 06:52:35,0.0,93.3,115.1,5.92,77.1,34.8,18.4
2026-04-17 06:52:36,0.0,107.6,130.5,5.54,77.7,35.3,18.4
2026-04-17 06:52:36,0.0,95.1,117.9,6.49,78.2,35.0,18.4
2026-04-17 06:52:36,0.0,90.5,115.5,6.06,77.1,38.8,18.4
2026-04-17 06:52:36,0.0,93.7,116.9,5.99,77.7,38.8,18.3
2026-04-17 06:52:36,0.0,93.4,116.4,6.02,77.7,34.8,18.3
2026-04-17 06:52:36,0.0,86.3,105.0,6.27,77.7,36.5,18.3
2026-04-17 06:52:37,0.0,104.2,116.8,6.61,77.7,44.1,18.3
2026-04-17 06:52:37,0.0,124.2,151.8,5.2,77.7,39.7,18.3
2026-04-17 06:52:37,0.0,93.2,116.4,6.13,76.0,36.9,18.3
2026-04-17 06:52:37,0.0,101.3,124.8,5.69,77.1,38.0,18.3
2026-04-17 06:52:37,0.0,96.0,117.9,6.24,76.5,36.1,18.3
2026-04-17 06:52:37,0.0,101.7,121.7,5.8,77.7,47.2,18.3
2026-04-17 06:52:38,0.0,95.6,118.7,6.24,77.7,38.1,18.3
2026-04-17 06:52:38,0.0,96.8,119.7,5.96,76.5,32.8,18.3
2026-04-17 06:52:38,0.0,89.1,112.4,6.28,76.5,33.3,18.3
2026-04-17 06:52:38,0.0,156.1,177.8,4.28,77.7,47.1,18.3
2026-04-17 06:52:38,0.0,211.1,245.3,3.32,78.2,88.6,17.7
2026-04-17 06:52:39,0.0,107.5,130.5,5.47,78.2,33.8,17.7
2026-04-17 06:52:39,0.0,89.8,113.0,6.71,77.1,39.3,17.6
2026-04-17 06:52:39,0.0,117.9,140.8,5.14,77.1,39.7,17.6
2026-04-17 06:52:39,0.0,91.0,106.0,7.16,78.2,40.0,17.6
2026-04-17 06:52:39,0.0,126.0,148.8,4.96,77.1,39.2,17.6
2026-04-17 06:52:40,0.0,118.5,141.6,5.15,77.7,34.2,17.6
2026-04-17 06:52:40,0.0,85.8,97.7,7.57,76.5,39.2,17.6
2026-04-17 06:52:40,0.0,97.0,99.6,6.91,77.7,48.1,17.6
2026-04-17 06:52:40,0.0,106.6,129.4,5.69,77.7,34.3,17.6
2026-04-17 06:52:40,0.0,106.5,129.6,6.01,77.7,38.5,17.6
2026-04-17 06:52:40,0.0,93.6,116.8,6.5,78.2,36.7,17.6
2026-04-17 06:52:40,0.0,96.7,119.7,5.89,77.7,40.3,17.6
2026-04-17 06:52:41,0.0,96.6,119.5,6.01,78.2,40.6,17.6
2026-04-17 06:52:41,0.0,93.6,116.8,6.11,77.7,36.9,17.6
2026-04-17 06:52:41,0.0,93.9,120.2,5.86,76.5,34.8,17.6
2026-04-17 06:52:41,0.0,107.8,131.0,5.66,77.1,39.4,17.6
2026-04-17 06:52:41,0.0,88.5,111.5,6.8,77.1,39.3,17.6
2026-04-17 06:52:41,0.0,85.3,108.4,6.12,78.2,40.6,17.6
2026-04-17 06:52:42,0.0,95.5,109.4,6.97,78.8,42.9,17.6
2026-04-17 06:52:42,0.0,108.2,131.6,5.57,77.7,38.6,17.6
2026-04-17 06:52:42,0.0,104.9,128.1,6.13,77.7,39.7,17.6
2026-04-17 06:52:42,0.0,86.2,109.4,6.77,77.7,47.5,17.7
2026-04-17 06:52:42,0.0,85.0,98.5,7.56,77.1,43.4,17.7
2026-04-17 06:52:42,0.0,119.7,133.6,5.96,77.7,38.1,17.7
2026-04-17 06:52:43,0.0,108.9,122.0,6.43,77.7,41.9,17.8
2026-04-17 06:52:43,0.0,85.7,108.9,6.96,77.1,37.5,17.8
2026-04-17 06:52:43,0.0,90.2,105.5,7.18,78.2,45.5,17.8
2026-04-17 06:52:43,0.0,94.4,117.4,5.91,77.1,37.7,17.8
2026-04-17 06:52:43,0.0,93.8,115.9,5.98,78.2,35.8,17.8
2026-04-17 06:52:43,0.0,87.7,109.1,6.27,77.1,33.9,17.8
2026-04-17 06:52:43,0.0,85.2,96.5,7.65,78.2,44.4,17.8
2026-04-17 06:52:44,0.0,92.6,106.6,7.12,77.1,43.9,17.8
2026-04-17 06:52:44,0.0,95.9,118.8,5.89,77.1,37.7,17.8
2026-04-17 06:52:44,0.0,96.6,118.5,5.97,77.7,36.4,17.8
2026-04-17 06:52:44,0.0,85.9,108.9,6.41,77.7,36.1,17.8
2026-04-17 06:52:44,0.0,107.3,119.2,6.46,77.7,45.9,17.8
2026-04-17 06:52:44,0.0,128.5,151.2,5.33,78.2,46.6,17.8
2026-04-17 06:52:45,0.0,95.2,118.3,6.01,78.2,34.3,17.8
2026-04-17 06:52:45,0.0,91.6,117.5,6.02,78.8,41.2,17.8
2026-04-17 06:52:45,0.0,106.2,127.5,5.61,77.1,37.5,17.9
2026-04-17 06:52:45,0.0,92.5,115.3,6.54,77.1,39.3,17.9
2026-04-17 06:52:45,0.0,90.5,113.5,6.08,78.2,34.4,17.9
2026-04-17 06:52:45,0.0,93.8,116.8,5.89,78.8,31.8,17.9
2026-04-17 06:52:46,0.0,96.5,119.4,5.9,78.2,38.2,18.0
2026-04-17 06:52:46,0.0,118.1,141.1,5.32,77.7,34.2,18.0
2026-04-17 06:52:46,0.0,92.9,107.4,7.06,77.1,38.2,18.0
2026-04-17 06:52:46,0.0,109.6,134.2,5.41,77.7,36.1,17.9
2026-04-17 06:52:46,0.0,90.9,112.5,6.83,78.2,39.7,17.9
2026-04-17 06:52:46,0.0,112.7,135.5,5.3,79.3,35.1,17.9
2026-04-17 06:52:47,0.0,91.4,113.1,6.81,77.7,34.5,17.9
2026-04-17 06:52:47,0.0,142.5,169.2,4.55,76.5,41.9,17.9
2026-04-17 06:52:47,0.0,92.9,112.4,6.83,77.1,42.4,17.9
2026-04-17 06:52:47,0.0,97.1,120.1,5.85,77.7,37.7,17.9
2026-04-17 06:52:47,0.0,89.1,114.1,6.23,78.8,35.5,17.8
2026-04-17 06:52:47,0.0,88.0,111.0,6.12,78.2,32.3,17.8
2026-04-17 06:52:48,0.0,91.2,102.7,7.32,77.1,49.1,17.8
2026-04-17 06:52:48,0.0,90.8,113.6,6.02,78.8,35.4,17.8
2026-04-17 06:52:48,0.0,101.4,124.5,5.65,78.2,37.5,17.8
2026-04-17 06:52:48,0.0,85.7,108.1,6.63,77.1,37.7,17.8
2026-04-17 06:52:48,0.0,133.9,145.8,5.5,78.2,41.4,17.8
2026-04-17 06:52:48,0.0,105.4,128.7,5.84,78.2,35.4,17.8
2026-04-17 06:52:49,0.0,107.3,130.4,5.94,77.1,35.9,17.9
2026-04-17 06:52:49,0.0,84.9,107.7,6.94,77.7,35.7,17.9
2026-04-17 06:52:49,0.0,88.9,102.7,7.27,78.2,43.4,17.9
2026-04-17 06:52:49,0.0,101.5,124.5,5.58,78.8,41.4,17.9
2026-04-17 06:52:49,0.0,88.4,111.4,6.52,77.7,41.3,18.0
2026-04-17 06:52:49,0.0,91.5,114.1,5.9,77.7,38.9,18.0
2026-04-17 06:52:50,0.0,117.8,140.5,5.17,77.7,41.8,18.0
2026-04-17 06:52:50,0.0,84.1,99.0,7.54,77.7,39.6,18.0
2026-04-17 06:52:50,0.0,89.8,104.0,7.19,77.7,42.9,18.0
2026-04-17 06:52:50,0.0,122.1,145.0,5.02,78.8,38.8,18.0
2026-04-17 06:52:50,0.0,85.8,108.8,6.13,78.2,34.3,18.0
2026-04-17 06:52:50,0.0,89.0,102.7,7.3,77.1,47.4,17.9
2026-04-17 06:52:51,0.0,87.6,110.9,6.06,77.1,35.8,17.9
2026-04-17 06:52:51,0.0,86.8,98.4,7.56,78.2,42.3,17.9
2026-04-17 06:52:51,0.0,86.5,96.6,7.52,78.8,42.3,17.9
2026-04-17 06:52:51,0.0,94.3,106.9,7.09,78.8,38.5,17.9
2026-04-17 06:52:51,0.0,90.7,110.9,6.13,77.7,46.3,17.9
2026-04-17 06:52:51,0.0,123.5,146.1,4.97,78.2,34.6,17.9
2026-04-17 06:52:51,0.0,88.3,111.4,6.13,77.7,34.3,17.8
2026-04-17 06:52:52,0.0,100.3,127.0,5.49,77.1,36.1,17.8
2026-04-17 06:52:52,0.0,88.6,110.5,6.61,77.7,39.3,17.8
2026-04-17 06:52:52,0.0,98.4,121.3,5.68,77.1,37.0,17.8
2026-04-17 06:52:52,0.0,86.8,109.9,6.44,79.3,36.7,17.9
2026-04-17 06:52:52,0.0,98.2,112.3,6.85,77.1,40.4,17.9
2026-04-17 06:52:52,0.0,89.0,112.2,6.41,77.7,36.5,17.9
2026-04-17 06:52:53,0.0,111.5,134.5,5.29,79.3,36.0,17.9
2026-04-17 06:52:53,0.0,91.6,113.1,6.82,77.1,45.0,17.9
2026-04-17 06:52:53,0.0,107.9,129.2,5.47,77.1,36.1,17.9
2026-04-17 06:52:53,0.0,86.2,109.3,6.9,78.8,35.7,18.0
2026-04-17 06:52:53,0.0,93.3,121.3,6.46,78.2,49.2,18.0
2026-04-17 06:52:53,0.0,85.9,108.8,6.91,77.1,39.7,18.0
2026-04-17 06:52:54,0.0,92.9,106.3,7.14,76.5,40.0,18.0
2026-04-17 06:52:54,0.0,91.8,114.8,6.04,78.2,35.4,18.0
2026-04-17 06:52:54,0.0,115.5,140.9,5.19,79.3,34.2,18.0
2026-04-17 06:52:54,0.0,99.7,115.0,6.73,78.2,39.7,18.0
2026-04-17 06:52:54,0.0,111.2,134.1,5.62,78.2,40.3,18.0
2026-04-17 06:52:54,0.0,95.6,117.1,6.62,79.3,40.0,18.0
2026-04-17 06:52:55,0.0,108.3,131.4,5.57,77.1,31.3,18.0
2026-04-17 06:52:55,0.0,108.1,135.9,5.84,77.1,42.4,18.0
2026-04-17 06:52:55,0.0,87.5,107.0,7.08,77.7,40.0,18.0
2026-04-17 06:52:55,0.0,101.3,114.9,6.73,78.8,43.9,17.9
2026-04-17 06:52:55,0.0,115.1,137.0,5.59,76.5,36.6,17.9
2026-04-17 06:52:55,0.0,103.3,121.1,6.47,78.2,43.8,17.9
2026-04-17 06:52:55,0.0,84.6,107.7,6.76,77.1,37.3,17.9
2026-04-17 06:52:56,0.0,114.0,130.3,6.11,77.7,46.8,17.9
2026-04-17 06:52:56,0.0,93.1,111.1,6.91,78.8,39.3,17.9
2026-04-17 06:52:56,0.0,91.6,114.3,6.06,76.5,34.4,17.9
2026-04-17 06:52:56,0.0,95.0,118.2,5.88,77.1,38.0,17.9
2026-04-17 06:52:56,0.0,95.3,116.8,6.0,77.7,35.4,17.9
2026-04-17 06:52:56,0.0,92.8,115.4,6.1,77.1,37.3,17.9
2026-04-17 06:52:57,0.0,107.7,128.5,5.51,78.2,35.2,17.9
2026-04-17 06:52:57,0.0,93.4,115.9,6.55,77.7,44.4,18.0
2026-04-17 06:52:57,0.0,85.8,108.8,6.3,78.2,34.4,18.0
2026-04-17 06:52:57,0.0,95.0,108.6,7.02,78.2,38.2,18.1
2026-04-17 06:52:57,0.0,94.1,117.4,6.01,77.1,33.9,18.0
2026-04-17 06:52:57,0.0,96.9,120.0,5.92,78.2,38.2,18.0
2026-04-17 06:52:58,0.0,87.6,110.6,6.36,77.7,32.8,18.0
2026-04-17 06:52:58,0.0,113.0,125.2,6.3,77.7,47.7,18.0
2026-04-17 06:52:58,0.0,91.8,114.5,6.75,78.2,47.4,18.0
2026-04-17 06:52:58,0.0,118.4,141.3,5.26,77.7,34.7,18.0
2026-04-17 06:52:58,0.0,90.5,105.3,7.21,78.8,37.5,18.0
2026-04-17 06:52:58,0.0,90.4,112.9,6.01,78.2,35.4,18.0
2026-04-17 06:52:59,0.0,92.6,114.8,5.91,79.3,32.3,18.0
2026-04-17 06:52:59,0.0,94.2,117.1,5.95,77.7,36.4,18.1
2026-04-17 06:52:59,0.0,104.9,128.3,5.63,78.8,35.3,18.1
2026-04-17 06:52:59,0.0,98.0,120.9,6.27,77.7,36.5,18.1
2026-04-17 06:52:59,0.0,108.8,128.5,5.63,78.2,40.6,18.1
2026-04-17 06:52:59,0.0,88.8,115.9,6.63,78.8,42.2,18.1
2026-04-17 06:53:00,0.0,88.4,111.2,6.18,79.3,36.9,18.2
2026-04-17 06:53:00,0.0,92.4,115.3,5.84,78.8,37.7,18.2
2026-04-17 06:53:00,0.0,158.4,181.4,4.31,76.5,36.8,18.2
2026-04-17 06:53:00,0.0,102.6,125.9,5.63,77.1,38.4,18.3
2026-04-17 06:53:00,0.0,87.7,108.1,6.6,77.7,38.3,18.3
2026-04-17 06:53:00,0.0,89.0,103.7,7.29,78.8,42.9,18.3
2026-04-17 06:53:01,0.0,88.2,111.0,6.13,78.2,31.1,18.4
2026-04-17 06:53:01,0.0,85.4,108.6,6.11,78.2,36.4,18.4
2026-04-17 06:53:01,0.0,95.9,109.9,6.97,78.2,41.4,18.4
2026-04-17 06:53:01,0.0,89.3,111.3,6.23,78.8,38.1,18.4
2026-04-17 06:53:01,0.0,88.6,112.6,6.01,78.2,35.8,18.3
2026-04-17 06:53:01,0.0,109.2,132.1,5.37,77.7,34.7,18.3
2026-04-17 06:53:02,0.0,95.9,117.4,6.53,78.2,40.6,18.2
2026-04-17 06:53:02,0.0,129.7,151.9,4.96,76.5,48.8,18.2
2026-04-17 06:53:02,0.0,92.6,115.6,6.19,77.1,37.5,18.1
2026-04-17 06:53:02,0.0,101.4,124.4,5.7,77.1,38.9,18.1
2026-04-17 06:53:02,0.0,86.3,108.8,6.6,78.2,38.3,18.1
2026-04-17 06:53:02,0.0,104.1,117.1,6.62,78.8,42.6,18.2
2026-04-17 06:53:03,0.0,93.6,116.2,6.4,77.7,40.0,18.2
2026-04-17 06:53:03,0.0,93.8,116.7,5.99,80.4,36.9,18.1
2026-04-17 06:53:03,0.0,97.3,120.5,5.88,78.2,38.0,18.1
2026-04-17 06:53:03,0.0,86.2,108.5,6.41,77.1,35.6,18.1
2026-04-17 06:53:03,0.0,97.8,110.3,6.92,78.2,41.4,18.1
2026-04-17 06:53:03,0.0,90.9,115.6,6.21,77.1,45.5,18.1
2026-04-17 06:53:04,0.0,100.8,124.1,5.71,76.5,37.7,18.1
2026-04-17 06:53:04,0.0,96.7,119.9,6.16,77.7,42.6,18.1
2026-04-17 06:53:04,0.0,88.6,111.6,6.32,79.3,36.5,18.1
2026-04-17 06:53:04,0.0,87.5,110.6,6.04,77.1,33.8,18.2
2026-04-17 06:53:04,0.0,86.3,99.3,7.51,78.8,42.3,18.2
2026-04-17 06:53:04,0.0,104.7,116.5,6.65,77.7,47.6,18.2
2026-04-17 06:53:04,0.0,108.7,131.5,5.86,78.2,38.6,18.2
2026-04-17 06:53:05,0.0,90.8,113.8,6.72,79.3,38.3,18.2
2026-04-17 06:53:05,0.0,87.9,110.8,6.12,78.2,35.4,18.2
2026-04-17 06:53:05,0.0,100.4,112.1,6.85,78.2,44.1,18.1
2026-04-17 06:53:05,0.0,122.4,146.8,5.26,78.8,45.2,18.1
2026-04-17 06:53:05,0.0,95.0,118.0,5.86,78.2,36.2,18.1
2026-04-17 06:53:05,0.0,97.2,116.6,5.92,77.1,35.8,18.2
2026-04-17 06:53:06,0.0,106.1,129.3,5.69,77.7,35.7,18.2
2026-04-17 06:53:06,0.0,95.1,118.1,6.44,78.2,36.1,18.2
2026-04-17 06:53:06,0.0,101.1,123.9,5.79,77.7,35.3,18.3
2026-04-17 06:53:06,0.0,100.3,116.2,6.02,78.8,35.9,18.3
2026-04-17 06:53:06,0.0,102.0,131.2,5.7,79.3,36.8,18.3
2026-04-17 06:53:06,0.0,106.3,129.7,6.05,79.3,40.3,18.3
2026-04-17 06:53:07,0.0,89.3,117.5,6.54,77.7,48.4,18.3
2026-04-17 06:53:07,0.0,88.8,112.0,6.21,78.8,39.7,18.3
2026-04-17 06:53:07,0.0,85.5,107.8,6.13,78.8,33.8,18.4
2026-04-17 06:53:07,0.0,111.6,123.5,6.28,78.8,40.7,18.4
2026-04-17 06:53:07,0.0,100.2,121.9,6.43,78.8,41.5,18.4
2026-04-17 06:53:07,0.0,97.7,120.7,6.1,78.8,33.9,18.4
2026-04-17 06:53:08,0.0,86.0,109.0,6.45,78.8,36.1,18.4
2026-04-17 06:53:08,0.0,117.3,130.8,6.07,77.1,42.2,18.4
2026-04-17 06:53:08,0.0,118.8,134.4,5.96,78.8,41.8,18.4
2026-04-17 06:53:08,0.0,86.4,99.8,7.45,78.8,41.1,18.4
2026-04-17 06:53:08,0.0,90.0,103.8,7.19,78.8,52.7,18.4
2026-04-17 06:53:09,0.0,271.1,294.3,2.89,80.4,73.0,18.4
2026-04-17 06:53:09,0.0,119.5,132.3,5.41,79.8,65.7,17.6
2026-04-17 06:53:09,0.0,87.9,107.7,6.06,77.7,33.3,17.7
2026-04-17 06:53:09,0.0,88.5,110.2,5.98,78.8,32.3,17.6
2026-04-17 06:53:09,0.0,88.8,111.6,5.99,77.7,37.9,17.6
2026-04-17 06:53:09,0.0,93.9,117.1,5.82,78.2,40.8,17.6
2026-04-17 06:53:10,0.0,89.3,112.4,6.18,79.3,35.9,17.6
2026-04-17 06:53:10,0.0,87.9,107.7,6.05,77.7,37.3,17.6
2026-04-17 06:53:10,0.0,92.8,113.7,5.83,78.8,33.3,17.6
2026-04-17 06:53:10,0.0,86.9,111.6,6.15,78.2,34.4,17.6
2026-04-17 06:53:10,0.0,106.0,128.9,5.44,77.1,35.1,17.6
2026-04-17 06:53:10,0.0,87.3,110.6,6.74,78.2,36.8,17.6
2026-04-17 06:53:11,0.0,92.6,104.2,7.23,77.7,42.9,17.6
2026-04-17 06:53:11,0.0,84.7,104.7,6.31,79.3,46.9,17.6
2026-04-17 06:53:11,0.0,88.7,103.7,7.29,78.8,40.0,17.6
2026-04-17 06:53:11,0.0,95.2,118.3,5.78,78.2,40.3,17.6
2026-04-17 06:53:11,0.0,118.4,141.4,5.27,78.8,36.5,17.5
2026-04-17 06:53:11,0.0,105.4,119.4,6.51,78.2,37.3,17.6
2026-04-17 06:53:11,0.0,85.4,110.4,6.73,78.8,41.0,17.6
2026-04-17 06:53:12,0.0,86.8,98.3,7.52,77.7,41.2,17.6
2026-04-17 06:53:12,0.0,97.5,109.4,6.96,78.8,44.4,17.6
2026-04-17 06:53:12,0.0,88.6,111.7,6.35,79.3,38.1,17.6
2026-04-17 06:53:12,0.0,83.7,94.4,7.79,77.1,41.2,17.6
2026-04-17 06:53:12,0.0,115.1,131.6,6.05,79.8,41.3,17.6
2026-04-17 06:53:12,0.0,92.0,109.2,6.99,78.8,39.3,17.6
2026-04-17 06:53:13,0.0,84.7,107.6,6.28,78.8,36.5,17.6
2026-04-17 06:53:13,0.0,95.1,110.1,6.96,78.8,41.1,17.6
2026-04-17 06:53:13,0.0,85.6,110.2,6.3,78.8,32.8,17.6
2026-04-17 06:53:13,0.0,101.9,115.9,6.67,79.3,51.7,17.6
2026-04-17 06:53:13,0.0,86.9,106.2,6.67,78.2,41.0,17.6
2026-04-17 06:53:13,0.0,103.4,115.3,6.68,77.7,37.9,17.6
2026-04-17 06:53:13,0.0,106.0,129.0,5.91,77.1,35.9,17.6
2026-04-17 06:53:14,0.0,95.9,118.9,6.39,78.8,38.7,17.6
2026-04-17 06:53:14,0.0,88.0,112.1,6.2,77.7,36.9,17.7
2026-04-17 06:53:14,0.0,84.7,92.6,7.85,78.2,38.3,17.7
2026-04-17 06:53:14,0.0,98.4,113.3,6.81,77.7,42.1,17.7
2026-04-17 06:53:14,0.0,98.1,121.3,6.0,78.8,38.8,17.7
2026-04-17 06:53:14,0.0,98.5,121.5,6.0,79.8,34.9,17.7
2026-04-17 06:53:15,0.0,117.3,138.9,5.39,79.3,35.6,17.8
2026-04-17 06:53:15,0.0,85.3,100.8,7.43,78.8,44.8,17.8
2026-04-17 06:53:15,0.0,86.6,100.7,7.41,78.8,43.6,17.8
2026-04-17 06:53:15,0.0,93.5,105.7,7.16,78.2,38.5,17.8
2026-04-17 06:53:15,0.0,125.9,148.9,5.02,78.2,42.5,17.8
2026-04-17 06:53:15,0.0,89.0,111.8,6.14,77.7,35.4,17.8
2026-04-17 06:53:15,0.0,85.5,106.5,6.08,79.3,38.6,17.8
2026-04-17 06:53:16,0.0,105.1,117.4,6.6,78.8,45.9,17.9
2026-04-17 06:53:16,0.0,85.5,109.6,6.75,78.8,41.3,17.9
2026-04-17 06:53:16,0.0,95.7,118.7,5.69,78.8,33.3,17.9
2026-04-17 06:53:16,0.0,101.3,124.3,5.8,78.8,38.2,17.9
2026-04-17 06:53:16,0.0,105.9,128.9,5.85,78.8,37.3,17.9
2026-04-17 06:53:16,0.0,97.7,120.7,6.31,78.8,35.5,17.9
2026-04-17 06:53:17,0.0,93.9,116.8,6.15,78.8,32.8,17.9
2026-04-17 06:53:17,0.0,88.7,112.0,6.13,78.2,39.4,17.9
2026-04-17 06:53:17,0.0,103.2,124.1,5.58,79.3,43.1,17.9
2026-04-17 06:53:17,0.0,87.6,110.6,6.62,78.2,39.7,17.9
2026-04-17 06:53:17,0.0,113.5,125.2,6.28,78.8,39.7,17.9
2026-04-17 06:53:17,0.0,87.6,107.2,7.11,79.8,37.0,17.9
2026-04-17 06:53:18,0.0,85.2,96.6,7.64,78.8,42.3,17.8
2026-04-17 06:53:18,0.0,89.5,104.2,7.25,79.3,40.7,17.9
2026-04-17 06:53:18,0.0,107.2,130.3,5.44,77.7,39.2,17.9
2026-04-17 06:53:18,0.0,104.2,127.6,6.1,78.8,42.0,17.9
2026-04-17 06:53:18,0.0,114.2,137.3,5.67,79.8,37.1,17.9
2026-04-17 06:53:18,0.0,86.3,105.4,7.18,78.2,43.1,17.9
2026-04-17 06:53:18,0.0,86.9,99.1,7.5,79.3,38.8,17.8
2026-04-17 06:53:19,0.0,85.2,95.0,7.6,78.8,38.8,17.8
2026-04-17 06:53:19,0.0,109.3,120.9,6.35,78.2,40.3,17.8
2026-04-17 06:53:19,0.0,98.5,121.4,6.42,77.7,36.7,17.8
2026-04-17 06:53:19,0.0,100.2,123.2,5.94,79.3,39.1,17.9
2026-04-17 06:53:19,0.0,102.4,124.4,5.92,78.8,43.5,17.9
2026-04-17 06:53:19,0.0,89.1,112.0,6.53,79.3,36.2,17.9
2026-04-17 06:53:20,0.0,103.5,127.4,5.5,78.8,38.7,17.9
2026-04-17 06:53:20,0.0,96.7,119.6,6.3,78.8,39.1,18.0
2026-04-17 06:53:20,0.0,90.9,113.9,6.22,77.7,32.8,17.9
2026-04-17 06:53:20,0.0,86.2,108.9,6.16,77.7,35.9,17.9
2026-04-17 06:53:20,0.0,101.6,114.3,6.75,78.2,44.8,17.9
2026-04-17 06:53:20,0.0,87.7,110.1,6.55,77.7,39.3,18.0
2026-04-17 06:53:21,0.0,121.8,145.8,4.96,78.8,35.4,17.9
2026-04-17 06:53:21,0.0,99.6,122.6,5.66,78.8,34.3,18.0
2026-04-17 06:53:21,0.0,102.8,125.9,5.89,79.3,28.6,18.0
2026-04-17 06:53:21,0.0,109.3,132.3,5.78,78.8,36.9,18.0
2026-04-17 06:53:21,0.0,116.1,139.1,5.76,79.3,36.4,18.0
2026-04-17 06:53:21,0.0,92.6,109.4,7.0,79.8,38.6,18.0
2026-04-17 06:53:22,0.0,103.7,125.9,5.63,78.8,41.4,18.0
2026-04-17 06:53:22,0.0,121.9,144.9,5.41,78.2,42.1,18.0
2026-04-17 06:53:22,0.0,85.5,107.2,6.11,77.1,35.4,18.0
2026-04-17 06:53:22,0.0,90.8,103.9,7.22,78.8,44.1,18.0
2026-04-17 06:53:22,0.0,89.2,113.0,6.04,78.8,37.3,18.0
2026-04-17 06:53:22,0.0,93.6,116.6,5.88,78.2,37.7,18.0
2026-04-17 06:53:23,0.0,85.2,108.2,6.32,77.7,36.4,18.1
2026-04-17 06:53:23,0.0,109.0,126.7,6.21,79.3,38.3,18.1
2026-04-17 06:53:23,0.0,110.1,130.3,6.11,78.8,40.0,18.1
2026-04-17 06:53:23,0.0,92.6,115.4,6.7,78.2,39.7,18.1
2026-04-17 06:53:23,0.0,92.8,108.9,5.99,78.8,47.0,18.2
2026-04-17 06:53:23,0.0,94.4,118.0,5.93,78.8,36.4,18.2
2026-04-17 06:53:24,0.0,104.1,127.1,5.7,78.8,32.3,18.2
2026-04-17 06:53:24,0.0,85.8,108.8,6.74,78.2,38.3,18.2
2026-04-17 06:53:24,0.0,102.8,116.7,6.65,78.8,38.6,18.2
2026-04-17 06:53:24,0.0,90.8,113.0,6.42,78.8,35.0,18.2
2026-04-17 06:53:24,0.0,93.7,116.6,5.94,77.7,34.4,18.1
2026-04-17 06:53:24,0.0,90.4,113.6,6.12,78.8,32.3,18.2
2026-04-17 06:53:25,0.0,85.4,107.5,6.19,78.8,37.5,18.2
2026-04-17 06:53:25,0.0,86.4,100.3,7.37,78.2,44.6,18.2
2026-04-17 06:53:25,0.0,95.9,119.2,5.72,78.8,33.8,18.2
2026-04-17 06:53:25,0.0,102.3,125.5,5.79,79.3,35.3,18.2
2026-04-17 06:53:25,0.0,126.5,149.6,5.24,78.8,38.2,18.2
2026-04-17 06:53:25,0.0,124.9,147.8,5.04,79.3,44.2,18.3
2026-04-17 06:53:26,0.0,95.6,118.6,5.87,79.8,38.6,18.3
2026-04-17 06:53:26,0.0,103.1,122.2,5.74,79.3,37.7,18.3
2026-04-17 06:53:26,0.0,89.5,111.2,6.53,79.8,36.7,18.3
2026-04-17 06:53:26,0.0,97.1,119.8,5.75,78.8,34.8,18.3
2026-04-17 06:53:26,0.0,94.3,115.1,6.1,79.3,39.4,18.3
2026-04-17 06:53:26,0.0,114.6,138.0,5.34,78.8,37.8,18.3
2026-04-17 06:53:27,0.0,85.3,103.4,7.3,78.8,35.8,18.3
2026-04-17 06:53:27,0.0,106.1,120.5,6.47,78.2,49.2,18.3
2026-04-17 06:53:27,0.0,86.7,109.0,6.82,78.2,41.7,18.3
2026-04-17 06:53:27,0.0,107.5,120.3,6.49,79.8,36.2,18.3
2026-04-17 06:53:27,0.0,87.6,108.7,6.82,78.2,35.1,18.3
2026-04-17 06:53:27,0.0,98.6,110.7,6.92,79.8,42.6,18.3
2026-04-17 06:53:27,0.0,91.4,114.7,6.28,77.7,38.5,18.3
2026-04-17 06:53:28,0.0,104.5,127.0,5.56,79.8,40.6,18.2
2026-04-17 06:53:28,0.0,102.1,125.6,6.06,79.3,38.1,18.2
2026-04-17 06:53:28,0.0,115.5,139.2,5.57,79.3,36.2,18.2
2026-04-17 06:53:28,0.0,88.0,104.6,7.23,79.3,37.7,18.2
2026-04-17 06:53:28,0.0,99.3,110.6,6.92,78.2,45.0,18.2
2026-04-17 06:53:28,0.0,100.9,124.0,5.94,78.2,36.4,18.2
2026-04-17 06:53:29,0.0,114.0,137.1,5.57,78.2,39.4,18.2
2026-04-17 06:53:29,0.0,91.3,110.3,6.95,79.8,36.8,18.2
2026-04-17 06:53:29,0.0,121.1,137.7,5.08,79.3,38.0,18.2
2026-04-17 06:53:29,0.0,104.5,130.4,5.33,79.3,37.5,18.2
2026-04-17 06:53:29,0.0,85.5,105.7,7.0,78.2,38.2,18.2
2026-04-17 06:53:29,0.0,90.2,104.7,7.23,77.7,43.4,18.2
2026-04-17 06:53:30,0.0,94.3,112.1,5.87,77.7,38.0,18.3
2026-04-17 06:53:30,0.0,115.7,138.8,5.32,79.3,37.8,18.3
2026-04-17 06:53:30,0.0,86.9,104.5,7.25,78.2,38.2,18.3
2026-04-17 06:53:30,0.0,102.9,115.7,6.68,79.3,45.9,18.4
2026-04-17 06:53:30,0.0,99.3,122.5,6.15,78.8,35.5,18.3
2026-04-17 06:53:30,0.0,126.3,149.2,5.17,77.7,41.3,18.4
2026-04-17 06:53:31,0.0,87.8,110.6,6.2,79.3,37.5,18.4
2026-04-17 06:53:31,0.0,100.1,113.1,6.8,78.8,41.4,18.4
2026-04-17 06:53:31,0.0,95.0,117.9,6.24,77.7,38.5,18.4
2026-04-17 06:53:31,0.0,115.2,138.3,5.33,78.2,38.7,18.5
2026-04-17 06:53:31,0.0,85.7,100.6,7.34,79.8,38.2,18.5
2026-04-17 06:53:31,0.0,119.7,133.3,5.98,78.2,42.9,18.5
2026-04-17 06:53:32,0.0,89.5,102.5,7.33,78.8,45.5,18.5
2026-04-17 06:53:32,0.0,104.6,124.3,5.5,79.3,43.8,18.5
2026-04-17 06:53:32,0.0,108.9,132.1,5.85,78.2,35.8,18.5
2026-04-17 06:53:32,0.0,92.5,113.8,6.66,79.3,39.0,18.6
2026-04-17 06:53:32,0.0,95.0,119.1,5.88,79.3,32.8,18.6
2026-04-17 06:53:32,0.0,103.9,122.4,5.72,79.3,35.3,18.6
2026-04-17 06:53:33,0.0,88.0,110.5,6.65,79.3,36.2,18.5
2026-04-17 06:53:33,0.0,110.8,134.1,5.27,79.3,38.7,18.5
2026-04-17 06:53:33,0.0,103.6,123.6,6.29,78.8,34.5,18.4
2026-04-17 06:53:33,0.0,105.3,128.3,5.94,78.8,38.8,18.4
2026-04-17 06:53:33,0.0,94.7,117.7,6.42,79.3,34.4,18.4
2026-04-17 06:53:33,0.0,106.3,128.5,5.61,78.8,37.1,18.4
2026-04-17 06:53:34,0.0,89.6,112.6,6.67,79.3,37.9,18.4
2026-04-17 06:53:34,0.0,110.2,133.2,5.34,78.8,37.3,18.4
2026-04-17 06:53:34,0.0,96.1,117.2,6.57,78.2,38.3,18.4
2026-04-17 06:53:34,0.0,101.7,126.0,5.76,79.3,45.7,18.4
2026-04-17 06:53:34,0.0,114.1,137.1,5.63,79.8,38.6,18.4
2026-04-17 06:53:34,0.0,87.1,106.6,7.14,79.3,35.3,18.4
2026-04-17 06:53:34,0.0,85.9,97.6,7.61,79.3,43.4,18.4
2026-04-17 06:53:35,0.0,88.7,102.8,7.33,79.3,42.6,18.4
2026-04-17 06:53:35,0.0,100.3,122.5,5.61,79.3,32.8,18.4
2026-04-17 06:53:35,0.0,111.9,134.9,5.62,78.8,37.7,18.4
2026-04-17 06:53:35,0.0,84.5,105.8,7.19,78.2,41.4,18.4
2026-04-17 06:53:35,0.0,96.3,112.5,6.85,78.2,41.4,18.4
2026-04-17 06:53:35,0.0,94.7,117.5,6.1,78.2,38.5,18.4
2026-04-17 06:53:36,0.0,128.7,151.9,4.98,79.8,39.2,18.4
2026-04-17 06:53:36,0.0,101.4,124.5,5.8,78.2,30.8,18.4
2026-04-17 06:53:36,0.0,104.3,127.3,5.9,78.8,38.2,18.4
2026-04-17 06:53:36,0.0,89.5,112.7,6.58,78.2,33.9,18.4
2026-04-17 06:53:36,0.0,291.4,325.1,2.63,80.4,81.3,17.9
2026-04-17 06:53:37,0.0,95.0,118.7,6.29,78.8,41.7,17.9
2026-04-17 06:53:37,0.0,89.1,107.3,6.25,77.7,39.7,17.9
2026-04-17 06:53:37,0.0,109.2,132.3,5.37,79.3,37.3,17.9
2026-04-17 06:53:37,0.0,90.3,112.4,6.71,78.2,37.3,17.9
2026-04-17 06:53:37,0.0,91.0,111.9,5.94,79.3,37.7,17.9
2026-04-17 06:53:37,0.0,93.4,116.1,6.0,79.3,36.4,17.9
2026-04-17 06:53:38,0.0,106.9,129.9,5.56,78.8,34.3,17.9
2026-04-17 06:53:38,0.0,91.0,108.7,6.63,79.3,40.0,17.8
2026-04-17 06:53:38,0.0,97.6,120.5,5.78,78.2,35.7,17.8
2026-04-17 06:53:38,0.0,88.5,110.6,6.35,78.8,37.7,17.8
2026-04-17 06:53:38,0.0,121.0,144.1,5.02,79.3,33.3,17.8
2026-04-17 06:53:38,0.0,88.9,100.5,7.43,79.8,43.4,17.8
2026-04-17 06:53:39,0.0,118.8,125.9,6.13,79.3,46.0,17.8
2026-04-17 06:53:39,0.0,104.0,119.8,6.52,79.8,41.0,17.8
2026-04-17 06:53:39,0.0,87.7,110.6,6.73,80.4,34.5,17.8
2026-04-17 06:53:39,0.0,92.8,116.0,5.82,80.4,35.3,17.8
2026-04-17 06:53:39,0.0,90.5,111.8,6.09,79.3,35.4,17.8
2026-04-17 06:53:39,0.0,87.1,110.0,6.13,78.2,34.4,17.8
2026-04-17 06:53:40,0.0,111.9,127.1,6.22,79.3,41.9,17.8
2026-04-17 06:53:40,0.0,92.0,110.4,6.95,78.8,41.4,17.8
2026-04-17 06:53:40,0.0,84.7,107.6,6.27,79.8,42.9,17.8
2026-04-17 06:53:40,0.0,104.2,118.2,6.55,79.8,40.7,17.8
2026-04-17 06:53:40,0.0,109.4,133.7,5.78,79.3,38.6,17.8
2026-04-17 06:53:40,0.0,111.3,133.6,5.97,79.3,40.0,17.8
2026-04-17 06:53:41,0.0,97.7,119.2,6.54,78.2,36.7,17.8
2026-04-17 06:53:41,0.0,121.1,145.1,5.22,78.8,42.1,17.7
2026-04-17 06:53:41,0.0,97.3,120.7,5.73,78.2,37.1,17.7
2026-04-17 06:53:41,0.0,104.8,127.9,5.76,78.8,35.7,17.7
2026-04-17 06:53:41,0.0,89.6,112.6,6.6,78.2,43.5,17.7
2026-04-17 06:53:41,0.0,90.8,115.1,5.92,79.3,34.3,17.8
2026-04-17 06:53:42,0.0,98.4,116.9,5.78,78.2,33.8,17.8
2026-04-17 06:53:42,0.0,127.2,149.5,5.12,78.8,39.5,17.8
2026-04-17 06:53:42,0.0,89.7,112.9,6.16,79.3,33.9,17.8
2026-04-17 06:53:42,0.0,106.1,125.7,5.46,79.3,38.0,17.8
2026-04-17 06:53:42,0.0,88.8,109.9,6.69,79.3,41.0,17.8
2026-04-17 06:53:42,0.0,104.7,127.5,5.49,79.3,38.0,17.8
2026-04-17 06:53:43,0.0,118.3,140.3,5.55,78.8,37.7,17.8
2026-04-17 06:53:43,0.0,108.3,128.7,6.15,77.7,40.6,17.8
2026-04-17 06:53:43,0.0,107.1,125.2,6.27,78.2,43.9,17.7
2026-04-17 06:53:43,0.0,126.8,150.0,5.37,80.4,41.3,17.7
2026-04-17 06:53:43,0.0,91.4,114.5,6.08,79.3,35.8,17.7
2026-04-17 06:53:43,0.0,103.9,121.3,5.58,79.3,36.6,17.7
2026-04-17 06:53:44,0.0,89.2,111.2,6.58,78.8,40.3,17.8
2026-04-17 06:53:44,0.0,94.1,116.4,5.82,77.7,38.9,17.8
2026-04-17 06:53:44,0.0,92.7,111.7,6.06,78.2,32.8,17.7
2026-04-17 06:53:44,0.0,141.8,164.9,4.63,79.8,41.9,17.7
2026-04-17 06:53:44,0.0,111.5,134.5,5.9,79.3,37.9,17.7
2026-04-17 06:53:45,0.0,90.6,112.0,6.86,78.8,40.7,17.7
2026-04-17 06:53:45,0.0,90.5,113.7,5.99,80.4,38.8,17.7
2026-04-17 06:53:45,0.0,115.4,138.2,5.24,79.3,36.8,17.7
2026-04-17 06:53:45,0.0,97.0,114.8,6.75,78.2,36.2,17.7
2026-04-17 06:53:45,0.0,99.1,120.3,5.87,79.3,40.6,17.7
2026-04-17 06:53:45,0.0,105.9,129.3,5.81,78.8,37.7,17.7
2026-04-17 06:53:46,0.0,114.8,138.0,5.71,79.8,35.8,17.7
2026-04-17 06:53:46,0.0,88.9,107.3,7.1,79.3,40.0,17.7
2026-04-17 06:53:46,0.0,96.7,119.8,5.74,78.2,31.8,17.8
2026-04-17 06:53:46,0.0,109.3,132.3,5.58,79.8,37.1,17.8
2026-04-17 06:53:46,0.0,87.6,110.7,6.9,79.3,37.9,17.8
2026-04-17 06:53:46,0.0,97.8,109.8,6.97,79.3,43.9,17.8
2026-04-17 06:53:46,0.0,105.7,133.2,5.59,79.3,44.4,17.8
2026-04-17 06:53:47,0.0,99.5,122.4,6.41,78.2,41.3,17.8
2026-04-17 06:53:47,0.0,86.7,109.1,6.49,79.3,36.7,17.8
2026-04-17 06:53:47,0.0,104.4,116.9,6.62,78.2,45.2,17.9
2026-04-17 06:53:47,0.0,101.5,124.7,6.12,78.8,38.5,17.9
2026-04-17 06:53:47,0.0,102.2,125.0,5.98,79.8,38.2,17.9
2026-04-17 06:53:47,0.0,109.9,133.2,5.73,79.3,38.6,17.9
2026-04-17 06:53:48,0.0,104.6,128.4,6.18,78.2,38.1,17.9
2026-04-17 06:53:48,0.0,97.0,118.9,6.32,78.8,37.3,18.0
2026-04-17 06:53:48,0.0,86.8,109.6,6.39,78.8,35.5,18.0
2026-04-17 06:53:48,0.0,85.9,100.6,7.43,78.8,43.4,18.0
2026-04-17 06:53:48,0.0,103.5,128.2,5.45,79.3,41.9,18.1
2026-04-17 06:53:48,0.0,91.3,114.7,6.53,79.3,37.3,18.1
2026-04-17 06:53:49,0.0,106.2,126.7,5.52,78.8,38.4,18.1
2026-04-17 06:53:49,0.0,98.1,121.1,6.31,79.8,39.1,18.1
2026-04-17 06:53:49,0.0,95.5,116.6,6.09,79.8,37.7,18.1
2026-04-17 06:53:49,0.0,83.1,106.2,6.49,79.3,35.0,18.1
2026-04-17 06:53:49,0.0,84.9,106.0,7.17,79.8,40.7,18.0
2026-04-17 06:53:49,0.0,107.0,129.8,5.42,79.3,37.3,18.1
2026-04-17 06:53:50,0.0,110.0,133.0,5.9,80.4,35.9,18.1
2026-04-17 06:53:50,0.0,97.1,118.1,6.5,78.2,44.6,18.1
2026-04-17 06:53:50,0.0,87.2,109.9,6.38,79.3,37.1,18.1
2026-04-17 06:53:50,0.0,92.9,105.4,7.19,79.8,43.1,18.1
2026-04-17 06:53:50,0.0,118.2,141.1,5.21,79.3,33.3,18.1
2026-04-17 06:53:50,0.0,124.3,139.2,5.79,78.8,45.5,18.2
2026-04-17 06:53:51,0.0,92.9,116.0,5.93,79.3,33.3,18.2
2026-04-17 06:53:51,0.0,86.0,106.0,6.26,78.8,37.5,18.2
2026-04-17 06:53:51,0.0,97.8,114.8,6.73,79.3,40.7,18.2
2026-04-17 06:53:51,0.0,85.8,108.9,6.62,78.8,36.7,18.2
2026-04-17 06:53:51,0.0,92.1,105.5,7.18,79.8,45.5,18.2
2026-04-17 06:53:51,0.0,106.8,129.9,5.52,79.3,38.7,18.0
2026-04-17 06:53:51,0.0,92.1,114.5,6.58,80.4,36.8,18.1
2026-04-17 06:53:52,0.0,85.2,108.0,6.25,79.8,33.9,18.1
2026-04-17 06:53:52,0.0,124.9,139.1,5.74,80.4,42.0,18.1
2026-04-17 06:53:52,0.0,105.8,128.8,5.58,79.3,40.0,18.1
2026-04-17 06:53:52,0.0,99.3,122.2,6.25,79.8,39.1,18.1
2026-04-17 06:53:52,0.0,91.4,114.5,6.29,78.8,33.9,18.1
2026-04-17 06:53:52,0.0,106.5,129.3,5.51,79.3,40.3,18.1
2026-04-17 06:53:53,0.0,98.6,121.9,6.3,79.8,35.6,18.1
2026-04-17 06:53:53,0.0,88.4,112.1,6.37,79.3,38.7,18.2
2026-04-17 06:53:53,0.0,103.6,126.7,5.53,78.8,34.8,18.2
2026-04-17 06:53:53,0.0,98.2,121.1,6.21,79.3,36.4,18.1
2026-04-17 06:53:53,0.0,85.4,108.3,6.47,78.2,40.3,18.1
2026-04-17 06:53:53,0.0,107.6,121.7,6.38,78.8,43.5,18.1
2026-04-17 06:53:54,0.0,95.2,119.0,6.51,79.3,39.3,18.1
2026-04-17 06:53:54,0.0,93.6,119.5,6.0,79.8,37.3,18.1
2026-04-17 06:53:54,0.0,113.6,136.6,5.45,77.7,38.9,18.1
2026-04-17 06:53:54,0.0,90.8,110.3,6.95,79.3,36.8,18.0
2026-04-17 06:53:54,0.0,92.3,115.4,5.94,79.8,36.9,18.0
2026-04-17 06:53:54,0.0,93.3,117.3,5.93,79.3,40.9,18.1
2026-04-17 06:53:55,0.0,95.4,118.5,5.97,78.8,36.4,18.1
2026-04-17 06:53:55,0.0,93.6,116.4,6.08,78.8,34.9,18.1
2026-04-17 06:53:55,0.0,92.6,115.2,6.02,78.2,36.8,18.1
2026-04-17 06:53:55,0.0,93.3,116.6,5.93,79.3,39.4,18.1
2026-04-17 06:53:55,0.0,107.7,130.7,5.57,79.3,35.2,18.1
2026-04-17 06:53:55,0.0,92.7,111.9,6.59,78.8,40.0,18.1
2026-04-17 06:53:56,0.0,95.9,119.1,5.89,79.3,33.3,18.1
2026-04-17 06:53:56,0.0,100.2,126.0,5.76,79.3,35.7,18.1
2026-04-17 06:53:56,0.0,97.8,119.9,6.2,78.8,38.7,18.1
2026-04-17 06:53:56,0.0,86.1,105.2,6.45,79.3,47.5,18.1
2026-04-17 06:53:56,0.0,97.2,110.7,6.92,80.4,43.9,18.1
2026-04-17 06:53:56,0.0,94.4,116.1,6.1,79.8,39.7,18.1
2026-04-17 06:53:57,0.0,91.4,114.3,6.13,78.8,37.9,18.1
2026-04-17 06:53:57,0.0,107.0,129.0,5.49,79.8,38.0,18.1
2026-04-17 06:53:57,0.0,91.0,113.2,6.64,77.7,41.0,18.1
2026-04-17 06:53:57,0.0,103.3,126.6,5.58,79.8,36.1,18.1
2026-04-17 06:53:57,0.0,111.2,125.5,5.74,79.8,43.5,18.0
2026-04-17 06:53:57,0.0,94.3,116.1,6.68,79.8,37.3,18.1
2026-04-17 06:53:58,0.0,88.9,111.9,6.21,78.8,37.9,18.1
2026-04-17 06:53:58,0.0,114.1,136.4,5.21,78.8,31.9,18.1
2026-04-17 06:53:58,0.0,90.6,110.2,6.94,79.8,44.1,18.1
2026-04-17 06:53:58,0.0,86.5,109.6,6.19,79.8,35.4,18.1
2026-04-17 06:53:58,0.0,107.2,120.6,6.47,77.7,39.3,18.1
2026-04-17 06:53:58,0.0,97.5,120.6,6.39,78.8,40.6,18.1
2026-04-17 06:53:59,0.0,102.2,124.7,5.84,78.2,35.8,18.2
2026-04-17 06:53:59,0.0,106.2,128.9,5.86,79.8,38.2,18.2
2026-04-17 06:53:59,0.0,98.2,121.5,6.31,79.8,36.1,18.2
2026-04-17 06:53:59,0.0,96.6,119.5,6.07,79.8,35.5,18.2
2026-04-17 06:53:59,0.0,91.8,111.6,6.18,79.8,36.4,18.1
2026-04-17 06:53:59,0.0,109.8,130.4,5.41,79.8,41.9,18.1
2026-04-17 06:54:00,0.0,100.6,123.7,6.35,79.8,35.0,18.1
2026-04-17 06:54:00,0.0,90.6,113.5,6.38,79.8,38.5,18.1
2026-04-17 06:54:00,0.0,95.9,118.8,5.82,79.3,38.6,18.1
2026-04-17 06:54:00,0.0,103.2,126.0,5.76,80.4,34.4,18.1
2026-04-17 06:54:00,0.0,87.9,110.9,6.61,79.8,37.1,18.1
2026-04-17 06:54:00,0.0,93.4,115.3,5.81,79.3,36.2,18.1
2026-04-17 06:54:01,0.0,88.8,107.4,6.17,79.3,36.5,18.1
2026-04-17 06:54:01,0.0,107.8,136.5,5.23,79.8,31.0,18.1
2026-04-17 06:54:01,0.0,96.6,115.7,6.63,80.4,36.2,18.2
2026-04-17 06:54:01,0.0,86.8,109.2,6.41,79.3,39.7,18.2
2026-04-17 06:54:01,0.0,91.7,103.9,7.26,79.8,40.0,18.2
2026-04-17 06:54:01,0.0,90.1,114.0,6.02,79.8,35.4,18.2
2026-04-17 06:54:01,0.0,87.0,112.0,6.08,80.4,35.4,18.2
2026-04-17 06:54:02,0.0,118.5,141.7,5.1,78.8,42.7,18.2
2026-04-17 06:54:02,0.0,84.8,98.8,7.53,79.8,42.6,18.2
2026-04-17 06:54:02,0.0,116.4,130.6,6.07,79.3,37.7,18.2
2026-04-17 06:54:02,0.0,98.4,115.2,6.73,81.0,43.5,18.3
2026-04-17 06:54:02,0.0,91.2,114.3,6.27,78.8,39.1,18.3
2026-04-17 06:54:02,0.0,93.9,112.8,5.91,80.4,34.8,18.3
2026-04-17 06:54:03,0.0,96.0,115.6,5.92,80.4,39.7,18.3
2026-04-17 06:54:03,0.0,97.3,121.1,5.93,78.8,37.7,18.3
2026-04-17 06:54:03,0.0,93.6,117.0,6.16,80.4,34.9,18.3
2026-04-17 06:54:03,0.0,87.8,113.6,6.08,79.3,36.4,18.3
2026-04-17 06:54:03,0.0,106.3,129.2,5.52,79.8,37.5,18.3
2026-04-17 06:54:03,0.0,104.8,127.8,6.06,79.8,47.8,18.3
2026-04-17 06:54:04,0.0,308.3,337.0,2.66,80.4,79.1,17.6
2026-04-17 06:54:04,0.0,115.9,127.2,5.94,80.4,43.1,17.6
2026-04-17 06:54:04,0.0,90.9,107.1,7.07,79.3,38.5,17.6
2026-04-17 06:54:04,0.0,121.2,144.6,5.08,79.3,39.5,17.6
2026-04-17 06:54:05,0.0,86.2,109.2,6.07,79.3,31.7,17.6
2026-04-17 06:54:05,0.0,100.6,113.5,6.77,80.4,41.4,17.7
2026-04-17 06:54:05,0.0,95.1,118.0,6.21,80.4,37.1,17.7
2026-04-17 06:54:05,0.0,95.2,118.3,6.0,79.3,33.8,17.7
2026-04-17 06:54:05,0.0,117.9,141.0,5.28,79.8,35.6,17.7
2026-04-17 06:54:05,0.0,97.7,112.9,6.84,79.3,39.7,17.7
2026-04-17 06:54:05,0.0,90.0,113.0,6.29,79.8,34.9,17.7
2026-04-17 06:54:06,0.0,88.3,107.9,6.07,78.8,35.4,17.7
2026-04-17 06:54:06,0.0,102.1,125.2,5.54,81.0,36.1,17.7
2026-04-17 06:54:06,0.0,95.3,120.0,6.15,79.8,35.4,17.7
2026-04-17 06:54:06,0.0,107.9,130.5,5.59,78.2,46.3,17.7
2026-04-17 06:54:06,0.0,101.2,123.0,6.34,79.3,37.7,17.6
2026-04-17 06:54:06,0.0,87.8,110.9,6.54,79.8,37.3,17.6
2026-04-17 06:54:07,0.0,89.3,112.8,5.94,78.2,35.8,17.6
2026-04-17 06:54:07,0.0,98.9,121.2,5.69,79.3,37.7,17.6
2026-04-17 06:54:07,0.0,95.4,116.7,6.13,79.8,38.2,17.6
2026-04-17 06:54:07,0.0,92.5,113.5,6.11,79.8,33.3,17.6
2026-04-17 06:54:07,0.0,86.8,106.0,6.22,79.8,35.5,17.6
2026-04-17 06:54:07,0.0,88.6,106.5,7.11,78.8,38.9,17.6
2026-04-17 06:54:08,0.0,95.0,117.5,5.97,80.4,35.4,17.5
2026-04-17 06:54:08,0.0,99.6,122.6,5.83,79.3,39.1,17.5
2026-04-17 06:54:08,0.0,99.8,122.7,6.01,79.3,39.7,17.5
2026-04-17 06:54:08,0.0,105.0,127.4,5.82,79.8,43.5,17.5
2026-04-17 06:54:08,0.0,87.4,110.8,6.7,79.8,39.3,17.5
2026-04-17 06:54:08,0.0,95.4,107.2,7.09,79.3,38.5,17.5
2026-04-17 06:54:09,0.0,97.0,120.8,5.92,79.8,34.8,17.5
2026-04-17 06:54:09,0.0,110.4,133.7,5.58,79.8,38.0,17.5
2026-04-17 06:54:09,0.0,90.2,112.4,6.84,79.8,38.6,17.5
2026-04-17 06:54:09,0.0,89.5,118.2,5.83,79.8,35.3,17.5
2026-04-17 06:54:09,0.0,89.5,108.5,6.21,79.3,34.4,17.5
2026-04-17 06:54:09,0.0,112.8,136.0,5.27,79.8,32.9,17.5
2026-04-17 06:54:10,0.0,125.5,142.0,5.58,79.8,39.7,17.6
2026-04-17 06:54:10,0.0,103.0,125.8,5.64,78.8,36.6,17.6
2026-04-17 06:54:10,0.0,87.2,110.2,6.63,79.3,36.2,17.6
2026-04-17 06:54:10,0.0,119.6,132.1,6.03,79.8,47.0,17.5
2026-04-17 06:54:10,0.0,87.0,99.4,7.45,79.8,41.2,17.5
2026-04-17 06:54:10,0.0,96.6,108.4,7.02,79.3,45.9,17.6
2026-04-17 06:54:11,0.0,87.1,110.9,6.34,81.0,38.5,17.6
2026-04-17 06:54:11,0.0,112.3,124.2,6.31,80.4,38.3,17.6
2026-04-17 06:54:11,0.0,139.9,159.8,5.17,79.8,38.7,17.6
2026-04-17 06:54:11,0.0,109.9,132.9,5.89,79.8,35.9,17.6
2026-04-17 06:54:11,0.0,101.3,124.4,6.32,80.4,41.5,17.6
2026-04-17 06:54:11,0.0,127.6,149.6,5.18,79.3,42.5,17.6
2026-04-17 06:54:12,0.0,90.8,114.3,6.12,78.2,37.5,17.6
2026-04-17 06:54:12,0.0,100.1,122.8,5.69,79.8,38.8,17.6
2026-04-17 06:54:12,0.0,91.8,114.8,6.33,79.3,37.5,17.6
2026-04-17 06:54:12,0.0,95.1,115.4,5.88,79.3,35.8,17.6
2026-04-17 06:54:12,0.0,87.1,109.5,6.3,79.3,33.9,17.6
2026-04-17 06:54:12,0.0,98.9,112.3,6.84,80.4,44.1,17.6
2026-04-17 06:54:13,0.0,99.2,122.3,6.04,79.3,37.9,17.6
2026-04-17 06:54:13,0.0,90.5,113.5,6.33,78.8,37.1,17.7
2026-04-17 06:54:13,0.0,110.2,133.5,5.37,79.8,39.2,17.7
2026-04-17 06:54:13,0.0,86.0,108.8,7.03,78.8,36.8,17.7
2026-04-17 06:54:13,0.0,101.1,113.6,6.74,80.4,44.8,17.8
2026-04-17 06:54:13,0.0,100.6,124.0,6.01,80.4,41.1,17.8
2026-04-17 06:54:14,0.0,96.9,119.7,6.15,79.3,38.5,17.8
2026-04-17 06:54:14,0.0,120.7,143.8,5.25,81.0,44.6,17.8
2026-04-17 06:54:14,0.0,95.8,107.9,7.06,79.8,34.0,17.9
2026-04-17 06:54:14,0.0,119.2,142.1,5.25,79.8,38.7,17.9
2026-04-17 06:54:14,0.0,89.5,102.9,7.33,79.8,41.8,17.9
2026-04-17 06:54:14,0.0,88.0,111.0,6.06,80.4,39.1,17.9
2026-04-17 06:54:15,0.0,117.2,141.3,5.08,79.3,35.9,17.9
2026-04-17 06:54:15,0.0,94.2,109.1,7.01,80.4,36.4,17.9
2026-04-17 06:54:15,0.0,92.5,115.5,6.07,80.4,34.4,17.9
2026-04-17 06:54:15,0.0,88.2,110.0,6.16,80.4,35.9,17.9
2026-04-17 06:54:15,0.0,90.3,106.9,5.92,79.8,34.3,17.9
2026-04-17 06:54:15,0.0,86.9,108.1,6.13,79.8,33.3,17.8
2026-04-17 06:54:16,0.0,102.8,114.2,6.66,79.8,40.7,17.9
2026-04-17 06:54:16,0.0,92.8,115.8,6.43,79.8,38.3,17.9
2026-04-17 06:54:16,0.0,117.8,140.7,5.22,78.8,41.9,17.9
2026-04-17 06:54:16,0.0,101.5,114.6,6.66,78.8,41.0,17.9
2026-04-17 06:54:16,0.0,92.9,115.8,6.32,79.8,36.1,18.0
2026-04-17 06:54:16,0.0,103.9,127.5,5.61,79.3,40.0,17.9
2026-04-17 06:54:16,0.0,85.6,105.4,6.77,78.2,38.3,18.0
2026-04-17 06:54:17,0.0,100.9,114.9,6.73,79.8,43.9,18.0
2026-04-17 06:54:17,0.0,101.7,125.5,5.96,79.8,41.8,18.0
2026-04-17 06:54:17,0.0,90.6,113.5,6.46,79.3,40.9,18.0
2026-04-17 06:54:17,0.0,88.1,111.1,6.08,79.8,35.4,18.1
2026-04-17 06:54:17,0.0,84.7,107.9,6.13,79.3,33.8,18.0
2026-04-17 06:54:17,0.0,105.2,120.3,6.47,78.2,39.0,18.0
2026-04-17 06:54:18,0.0,100.9,124.1,6.18,78.8,40.0,18.0
2026-04-17 06:54:18,0.0,113.7,136.6,5.59,79.8,43.7,18.0
2026-04-17 06:54:18,0.0,91.9,108.9,6.91,80.4,37.3,18.0
2026-04-17 06:54:18,0.0,89.3,112.3,6.09,79.8,44.4,18.0
2026-04-17 06:54:18,0.0,95.3,118.3,5.8,79.3,33.8,18.0
2026-04-17 06:54:18,0.0,99.3,129.6,5.62,80.4,35.3,18.0
2026-04-17 06:54:19,0.0,93.6,116.6,6.51,81.0,37.1,18.0
2026-04-17 06:54:19,0.0,90.7,113.9,6.09,80.4,37.5,18.0
2026-04-17 06:54:19,0.0,110.3,133.2,5.39,79.8,37.8,18.0
2026-04-17 06:54:19,0.0,92.9,115.0,6.69,79.8,36.7,18.0
2026-04-17 06:54:19,0.0,87.9,111.2,6.19,79.3,38.5,18.1
2026-04-17 06:54:19,0.0,89.4,107.8,5.96,80.4,34.8,18.1
2026-04-17 06:54:20,0.0,94.9,117.5,5.8,80.4,36.8,18.1
2026-04-17 06:54:20,0.0,106.7,126.2,5.61,79.8,40.6,18.1
2026-04-17 06:54:20,0.0,90.3,112.6,6.66,80.4,38.3,18.1
2026-04-17 06:54:20,0.0,104.7,127.9,5.52,80.4,34.3,18.1
2026-04-17 06:54:20,0.0,96.2,118.6,6.33,80.4,40.0,18.0
2026-04-17 06:54:20,0.0,91.4,114.3,6.18,80.4,36.9,18.1
2026-04-17 06:54:21,0.0,107.5,127.3,5.48,80.4,32.9,18.1
2026-04-17 06:54:21,0.0,90.2,113.0,6.69,79.8,40.3,18.1
2026-04-17 06:54:21,0.0,116.2,138.8,5.19,80.4,39.0,18.1
2026-04-17 06:54:21,0.0,88.2,105.3,7.21,79.3,42.1,18.1
2026-04-17 06:54:21,0.0,84.8,96.3,7.68,79.3,45.3,18.1
2026-04-17 06:54:21,0.0,116.6,130.2,6.08,79.8,39.7,18.2
2026-04-17 06:54:22,0.0,129.0,145.5,5.58,79.3,39.4,18.2
2026-04-17 06:54:22,0.0,113.0,135.9,5.45,79.8,40.0,18.1
2026-04-17 06:54:22,0.0,89.5,109.8,6.98,79.8,34.0,18.1
2026-04-17 06:54:22,0.0,110.0,133.2,5.34,79.8,34.2,18.1
2026-04-17 06:54:22,0.0,100.7,123.7,6.35,78.8,48.4,18.1
2026-04-17 06:54:22,0.0,96.6,119.8,6.16,79.3,37.1,18.1
2026-04-17 06:54:23,0.0,108.4,131.4,5.61,78.8,35.7,18.1
2026-04-17 06:54:23,0.0,97.1,119.6,6.43,81.0,40.6,18.1
2026-04-17 06:54:23,0.0,95.8,117.9,6.04,79.8,37.9,18.0
2026-04-17 06:54:23,0.0,107.6,130.2,5.62,79.8,36.6,18.1
2026-04-17 06:54:23,0.0,96.9,117.6,6.41,79.3,38.3,18.1
2026-04-17 06:54:23,0.0,91.7,114.8,6.2,79.8,38.8,18.1
2026-04-17 06:54:24,0.0,107.7,129.4,5.48,79.8,38.4,18.2
2026-04-17 06:54:24,0.0,86.1,109.1,6.9,80.4,36.8,18.2
2026-04-17 06:54:24,0.0,115.5,129.5,6.08,81.0,43.9,18.2
2026-04-17 06:54:24,0.0,90.4,106.4,7.15,81.0,39.6,18.1
2026-04-17 06:54:24,0.0,105.1,128.0,5.52,79.8,40.8,18.1
2026-04-17 06:54:24,0.0,92.4,117.0,6.41,81.0,36.7,18.1
2026-04-17 06:54:25,0.0,104.9,128.0,5.6,78.8,37.0,18.1
2026-04-17 06:54:25,0.0,93.2,110.8,6.47,79.3,39.7,18.2
2026-04-17 06:54:25,0.0,101.1,124.3,5.76,79.8,36.2,18.2
2026-04-17 06:54:25,0.0,93.0,115.6,6.31,79.3,37.1,18.2
2026-04-17 06:54:25,0.0,99.6,122.6,5.78,80.4,33.3,18.1
2026-04-17 06:54:25,0.0,85.8,108.6,6.54,80.4,38.7,18.1
2026-04-17 06:54:26,0.0,119.5,131.8,5.98,80.4,39.1,18.2
2026-04-17 06:54:26,0.0,126.9,139.9,5.75,80.4,37.3,18.2
2026-04-17 06:54:26,0.0,88.4,108.8,6.2,79.3,33.3,18.2
2026-04-17 06:54:26,0.0,87.7,110.1,6.03,80.4,31.7,18.2
2026-04-17 06:54:26,0.0,98.8,110.4,6.94,79.8,39.3,18.2
2026-04-17 06:54:26,0.0,106.1,129.0,5.75,80.4,33.3,18.2
2026-04-17 06:54:27,0.0,108.3,131.6,5.92,78.2,43.5,18.2
2026-04-17 06:54:27,0.0,108.2,131.1,6.0,79.3,44.1,18.2
2026-04-17 06:54:27,0.0,105.2,127.5,6.12,80.4,44.6,18.3
2026-04-17 06:54:27,0.0,91.8,113.8,6.53,80.4,38.3,18.3
2026-04-17 06:54:27,0.0,93.4,116.4,5.95,80.4,34.3,18.3
2026-04-17 06:54:27,0.0,92.7,109.5,6.01,79.3,37.3,18.3
2026-04-17 06:54:27,0.0,87.2,108.4,6.22,79.3,34.9,18.3
2026-04-17 06:54:28,0.0,89.5,101.9,7.35,79.3,44.6,18.3
2026-04-17 06:54:28,0.0,103.6,129.4,5.42,79.8,37.8,18.2
2026-04-17 06:54:28,0.0,99.0,120.8,6.35,79.3,37.7,18.3
2026-04-17 06:54:28,0.0,104.5,127.3,5.8,79.8,45.1,18.3
2026-04-17 06:54:28,0.0,84.6,107.8,6.81,80.4,40.0,18.3
2026-04-17 06:54:28,0.0,90.9,106.0,7.17,79.3,44.6,18.3
2026-04-17 06:54:29,0.0,114.5,137.5,5.26,81.0,35.1,18.2
2026-04-17 06:54:29,0.0,85.9,104.6,7.24,78.8,39.3,18.3
2026-04-17 06:54:29,0.0,87.3,102.1,7.33,78.2,44.4,18.3
2026-04-17 06:54:29,0.0,87.6,111.2,6.03,79.3,32.8,18.2
2026-04-17 06:54:29,0.0,108.5,131.5,5.35,78.8,37.0,18.2
2026-04-17 06:54:29,0.0,94.0,117.1,6.57,79.8,37.1,18.2
2026-04-17 06:54:30,0.0,322.4,356.8,2.45,79.8,77.0,17.9
2026-04-17 06:54:30,0.0,107.5,130.5,5.8,79.8,42.9,17.9
2026-04-17 06:54:30,0.0,94.0,117.1,6.53,79.8,41.3,17.8
2026-04-17 06:54:30,0.0,88.4,111.4,6.21,79.3,34.4,17.8
2026-04-17 06:54:30,0.0,109.5,126.4,5.33,79.8,37.1,17.8
2026-04-17 06:54:31,0.0,102.5,125.5,6.27,80.4,39.7,17.8
2026-04-17 06:54:31,0.0,109.0,132.2,5.77,79.8,34.8,17.8
2026-04-17 06:54:31,0.0,97.2,118.2,6.46,80.4,40.3,17.8
2026-04-17 06:54:31,0.0,134.1,156.9,4.92,79.8,38.3,17.7
2026-04-17 06:54:31,0.0,97.2,120.1,6.13,80.4,38.8,17.7
2026-04-17 06:54:31,0.0,98.3,121.5,5.96,80.4,36.4,17.7
2026-04-17 06:54:32,0.0,89.9,112.8,6.32,80.4,39.1,17.7
2026-04-17 06:54:32,0.0,105.6,124.9,5.48,78.8,38.9,17.7
2026-04-17 06:54:32,0.0,96.6,123.8,6.19,78.8,39.4,17.7
2026-04-17 06:54:32,0.0,93.8,117.0,6.26,79.3,38.5,17.7
2026-04-17 06:54:32,0.0,89.9,112.7,6.15,79.8,36.4,17.7
2026-04-17 06:54:32,0.0,86.0,105.1,6.14,80.4,32.8,17.7
2026-04-17 06:54:33,0.0,95.7,109.4,6.98,81.0,45.6,17.8
2026-04-17 06:54:33,0.0,93.9,120.3,5.97,81.0,37.7,17.8
2026-04-17 06:54:33,0.0,132.6,155.5,4.95,80.4,36.2,17.8
2026-04-17 06:54:33,0.0,104.5,127.5,5.82,80.4,33.8,17.8
2026-04-17 06:54:33,0.0,96.7,120.0,6.28,80.4,41.8,17.8
2026-04-17 06:54:33,0.0,100.0,123.0,5.9,80.4,32.8,17.8
2026-04-17 06:54:34,0.0,104.6,128.0,5.83,79.8,39.1,17.8
2026-04-17 06:54:34,0.0,101.5,124.4,6.13,81.0,40.9,17.8
2026-04-17 06:54:34,0.0,86.8,110.4,6.55,79.3,34.5,17.8
2026-04-17 06:54:34,0.0,86.3,98.8,7.44,79.8,42.6,17.9
2026-04-17 06:54:34,0.0,85.0,95.9,7.7,80.4,46.3,17.9
2026-04-17 06:54:34,0.0,112.7,126.9,6.22,80.4,41.5,17.9
2026-04-17 06:54:35,0.0,90.9,111.5,6.9,80.4,41.4,17.9
2026-04-17 06:54:35,0.0,105.4,128.3,5.53,79.3,40.0,17.8
2026-04-17 06:54:35,0.0,86.2,109.9,6.75,79.3,39.0,17.9
2026-04-17 06:54:35,0.0,98.6,111.1,6.9,79.8,44.6,17.9
2026-04-17 06:54:35,0.0,95.0,118.3,6.12,79.8,40.3,17.9
2026-04-17 06:54:35,0.0,111.5,134.1,5.47,79.3,39.5,17.8
2026-04-17 06:54:36,0.0,113.6,135.0,5.92,80.4,37.3,17.8
2026-04-17 06:54:36,0.0,86.4,103.0,7.16,80.4,40.7,17.8
2026-04-17 06:54:36,0.0,109.4,121.8,6.35,79.8,39.3,17.9
2026-04-17 06:54:36,0.0,102.2,124.9,6.31,79.8,36.7,17.9
2026-04-17 06:54:36,0.0,89.4,111.2,6.51,78.2,37.7,17.9
2026-04-17 06:54:36,0.0,102.5,125.5,5.57,79.3,32.8,17.9
2026-04-17 06:54:36,0.0,103.5,126.6,5.97,80.4,33.9,17.8
2026-04-17 06:54:37,0.0,83.8,106.4,6.81,79.3,36.8,17.8
2026-04-17 06:54:37,0.0,87.1,105.7,7.19,79.3,44.4,17.8
2026-04-17 06:54:37,0.0,121.1,143.6,5.04,80.4,42.3,17.9
2026-04-17 06:54:37,0.0,89.5,112.5,5.95,79.8,32.8,17.8
2026-04-17 06:54:37,0.0,89.6,112.6,6.0,78.8,37.7,17.8
2026-04-17 06:54:37,0.0,95.1,118.0,5.81,80.4,33.8,17.8
2026-04-17 06:54:38,0.0,84.0,105.0,6.37,79.3,37.5,17.8
2026-04-17 06:54:38,0.0,126.0,145.8,5.57,79.3,40.0,17.8
2026-04-17 06:54:38,0.0,98.6,122.0,5.98,79.8,40.3,17.8
2026-04-17 06:54:38,0.0,87.2,109.3,6.46,80.4,36.7,17.8
2026-04-17 06:54:38,0.0,99.9,112.1,6.86,79.3,40.4,17.9
2026-04-17 06:54:38,0.0,83.8,111.2,6.45,80.4,43.3,17.9
2026-04-17 06:54:39,0.0,93.1,116.1,5.83,80.4,37.7,17.9
2026-04-17 06:54:39,0.0,114.5,137.7,5.32,80.4,36.8,17.9
2026-04-17 06:54:39,0.0,84.9,102.1,7.31,79.8,41.8,17.8
2026-04-17 06:54:39,0.0,99.5,114.2,6.76,79.8,37.0,17.8
2026-04-17 06:54:39,0.0,90.8,111.7,6.34,79.3,39.7,17.8
2026-04-17 06:54:39,0.0,93.8,116.7,5.89,79.3,34.8,17.8
2026-04-17 06:54:40,0.0,84.9,107.8,6.35,79.8,30.5,17.8
2026-04-17 06:54:40,0.0,85.3,103.8,7.26,79.8,43.9,17.8
2026-04-17 06:54:40,0.0,85.4,108.6,6.15,80.4,34.9,17.8
2026-04-17 06:54:40,0.0,89.0,100.8,7.3,79.8,40.7,17.8
2026-04-17 06:54:40,0.0,84.5,108.0,6.15,79.8,34.4,17.8
2026-04-17 06:54:40,0.0,112.8,127.5,6.21,80.4,49.3,17.8
2026-04-17 06:54:40,0.0,97.7,117.9,6.6,80.4,45.3,17.9
2026-04-17 06:54:41,0.0,86.8,109.7,6.43,81.5,38.1,17.9
2026-04-17 06:54:41,0.0,83.9,96.9,7.66,79.8,36.7,17.8
2026-04-17 06:54:41,0.0,87.4,99.7,7.31,81.0,50.0,17.9
2026-04-17 06:54:41,0.0,88.7,100.6,7.44,80.4,42.3,17.8
2026-04-17 06:54:41,0.0,100.4,123.3,5.61,80.4,37.1,17.9
2026-04-17 06:54:41,0.0,88.2,111.3,6.47,79.8,31.0,17.9
2026-04-17 06:54:42,0.0,90.1,113.3,5.93,79.8,33.8,17.9
2026-04-17 06:54:42,0.0,103.7,126.0,5.55,79.8,38.6,17.9
2026-04-17 06:54:42,0.0,90.2,107.3,6.53,81.0,37.3,17.9
2026-04-17 06:54:42,0.0,109.9,133.1,5.36,79.3,36.5,18.0
2026-04-17 06:54:42,0.0,87.5,111.2,6.89,81.5,40.7,18.0
2026-04-17 06:54:42,0.0,117.5,137.8,5.11,80.4,34.7,18.1
2026-04-17 06:54:43,0.0,115.8,131.7,6.05,79.8,42.2,18.1
2026-04-17 06:54:43,0.0,90.3,105.3,7.1,80.4,44.6,18.1
2026-04-17 06:54:43,0.0,85.8,108.7,6.18,81.0,36.9,18.1
2026-04-17 06:54:43,0.0,103.2,116.2,6.64,80.4,39.7,18.0
2026-04-17 06:54:43,0.0,99.6,122.4,6.12,79.8,37.9,18.1
2026-04-17 06:54:43,0.0,108.8,131.8,5.7,80.4,37.7,18.1
2026-04-17 06:54:44,0.0,86.7,109.6,6.92,80.4,35.7,18.1
2026-04-17 06:54:44,0.0,107.1,122.1,6.42,79.3,45.9,18.1
2026-04-17 06:54:44,0.0,99.5,122.5,6.37,80.4,38.7,18.1
2026-04-17 06:54:44,0.0,84.2,107.4,6.6,80.4,35.6,18.1
2026-04-17 06:54:44,0.0,103.6,118.7,6.56,80.4,43.3,18.1
2026-04-17 06:54:44,0.0,94.4,117.9,6.29,78.8,34.4,18.0
2026-04-17 06:54:44,0.0,104.5,127.4,5.71,79.8,44.4,18.0
2026-04-17 06:54:45,0.0,102.7,125.8,6.07,79.8,35.9,18.1
2026-04-17 06:54:45,0.0,96.9,120.0,6.22,80.4,36.5,18.1
2026-04-17 06:54:45,0.0,97.8,120.9,5.97,79.8,39.7,18.1
2026-04-17 06:54:45,0.0,94.0,117.1,6.15,79.8,33.3,18.1
2026-04-17 06:54:45,0.0,88.4,111.3,6.21,80.4,37.1,18.1
2026-04-17 06:54:45,0.0,93.4,116.4,5.83,79.8,32.8,18.1
2026-04-17 06:54:46,0.0,86.5,103.7,6.26,81.0,35.5,18.2
2026-04-17 06:54:46,0.0,88.6,103.9,7.22,80.4,41.8,18.3
2026-04-17 06:54:46,0.0,103.4,126.4,5.61,78.8,38.9,18.3
2026-04-17 06:54:46,0.0,93.2,116.2,6.39,81.0,36.1,18.3
2026-04-17 06:54:46,0.0,86.3,109.5,6.26,79.8,37.5,18.3
2026-04-17 06:54:46,0.0,86.8,104.9,7.22,81.0,38.9,18.3
2026-04-17 06:54:47,0.0,86.8,110.1,6.17,79.8,34.4,18.3
2026-04-17 06:54:47,0.0,87.5,99.8,7.46,81.5,55.6,18.3
2026-04-17 06:54:47,0.0,89.2,100.0,7.42,82.6,43.1,18.3
2026-04-17 06:54:47,0.0,111.0,134.5,5.3,79.8,38.7,18.4
2026-04-17 06:54:47,0.0,96.6,117.2,6.6,81.0,37.3,18.3
2026-04-17 06:54:47,0.0,97.4,118.4,5.96,81.0,38.2,18.3
2026-04-17 06:54:47,0.0,97.1,120.2,6.03,81.0,36.5,18.3
2026-04-17 06:54:48,0.0,93.8,116.3,6.11,80.4,33.3,18.3
2026-04-17 06:54:48,0.0,86.7,109.6,6.28,80.4,38.1,18.3
2026-04-17 06:54:48,0.0,110.5,123.4,6.36,81.0,40.0,18.3
2026-04-17 06:54:48,0.0,106.7,128.6,6.15,80.4,43.1,18.4
2026-04-17 06:54:48,0.0,121.7,144.8,5.51,80.4,39.7,18.4
2026-04-17 06:54:48,0.0,88.5,111.6,6.0,81.0,33.8,18.4
2026-04-17 06:54:49,0.0,87.1,110.9,5.95,80.4,35.4,18.4
2026-04-17 06:54:49,0.0,86.4,109.2,6.13,81.0,34.4,18.4
2026-04-17 06:54:49,0.0,92.3,104.1,7.13,81.0,41.8,18.4
2026-04-17 06:54:49,0.0,92.5,112.7,6.03,79.3,43.3,18.4
2026-04-17 06:54:49,0.0,96.5,119.5,5.87,79.8,35.8,18.4
2026-04-17 06:54:49,0.0,90.2,112.4,6.24,79.8,39.4,18.4
2026-04-17 06:54:50,0.0,94.0,116.4,5.87,79.3,34.8,18.5
2026-04-17 06:54:50,0.0,91.5,113.8,6.1,80.4,32.3,18.5
2026-04-17 06:54:50,0.0,97.2,119.5,5.8,81.0,36.2,18.5
2026-04-17 06:54:50,0.0,88.0,109.6,6.35,81.5,39.1,18.5
2026-04-17 06:54:50,0.0,101.5,113.0,6.81,81.0,44.1,18.5
2026-04-17 06:54:50,0.0,119.4,144.5,5.36,80.4,40.3,18.5
2026-04-17 06:54:51,0.0,101.6,124.5,5.56,79.8,36.2,18.5
2026-04-17 06:54:51,0.0,87.1,110.2,6.57,81.0,35.0,18.5
2026-04-17 06:54:51,0.0,89.8,104.9,7.21,80.4,47.4,18.5
2026-04-17 06:54:51,0.0,86.8,110.4,6.19,79.3,34.9,18.5
2026-04-17 06:54:51,0.0,88.9,100.3,7.43,81.0,44.6,18.4
2026-04-17 06:54:51,0.0,87.3,110.2,6.06,80.4,31.1,18.4
2026-04-17 06:54:52,0.0,94.2,106.5,7.13,81.0,40.7,18.4
2026-04-17 06:54:52,0.0,118.5,144.8,5.13,82.0,37.3,18.4
2026-04-17 06:54:52,0.0,105.5,128.6,5.46,81.0,38.7,18.5
2026-04-17 06:54:52,0.0,99.2,114.8,6.24,80.4,37.1,18.5
2026-04-17 06:54:52,0.0,87.8,110.9,6.44,79.3,38.7,18.5
2026-04-17 06:54:52,0.0,116.2,128.1,6.19,79.8,45.3,18.6
2026-04-17 06:54:53,0.0,111.7,130.8,6.08,81.5,38.1,18.6
2026-04-17 06:54:53,0.0,84.7,104.4,7.25,81.0,42.9,18.6
2026-04-17 06:54:53,0.0,89.2,103.2,7.29,81.5,41.5,18.6
2026-04-17 06:54:53,0.0,86.8,109.8,6.08,81.0,38.2,18.6
2026-04-17 06:54:53,0.0,94.6,104.4,7.1,79.8,42.9,18.5
2026-04-17 06:54:53,0.0,87.5,110.7,6.25,81.5,35.5,18.6
2026-04-17 06:54:53,0.0,103.4,126.5,5.5,81.0,40.5,18.6
2026-04-17 06:54:54,0.0,88.3,111.2,6.61,79.8,38.1,18.6
2026-04-17 06:54:54,0.0,93.4,116.4,5.82,80.4,36.4,18.6
2026-04-17 06:54:54,0.0,102.2,125.9,5.69,79.8,35.7,18.6
2026-04-17 06:54:54,0.0,100.8,124.2,6.06,81.0,33.9,18.7
2026-04-17 06:54:54,0.0,113.4,136.4,5.59,80.4,33.8,18.7
2026-04-17 06:54:54,0.0,103.0,122.0,6.4,80.4,46.8,18.7
2026-04-17 06:54:55,0.0,95.4,118.6,6.29,80.4,38.1,18.6
2026-04-17 06:54:55,0.0,290.2,333.0,2.61,80.4,77.8,17.9
2026-04-17 06:54:55,0.0,101.1,118.8,6.42,80.4,43.1,17.9
2026-04-17 06:54:55,0.0,91.2,114.9,6.36,81.5,37.1,17.9
2026-04-17 06:54:55,0.0,92.5,115.7,5.98,80.4,32.8,17.9
2026-04-17 06:54:56,0.0,92.6,115.9,5.99,80.4,35.8,17.9
2026-04-17 06:54:56,0.0,84.9,102.9,6.23,80.4,30.0,17.9
2026-04-17 06:54:56,0.0,102.1,112.2,6.7,81.0,43.1,17.9
2026-04-17 06:54:56,0.0,90.8,113.8,6.46,81.5,40.9,17.9
2026-04-17 06:54:56,0.0,89.9,113.9,6.0,79.8,38.2,17.8
2026-04-17 06:54:56,0.0,92.6,115.5,5.94,79.8,35.4,17.8
2026-04-17 06:54:57,0.0,96.8,119.8,5.86,80.4,34.8,17.8
2026-04-17 06:54:57,0.0,107.5,132.4,5.58,80.4,38.6,17.8
2026-04-17 06:54:57,0.0,124.2,145.9,5.51,80.4,41.4,17.8
2026-04-17 06:54:57,0.0,103.7,124.3,5.57,81.0,38.6,17.8
2026-04-17 06:54:57,0.0,89.1,112.0,6.59,81.0,40.3,17.8
2026-04-17 06:54:57,0.0,85.2,106.9,6.13,80.4,36.4,17.8
2026-04-17 06:54:58,0.0,87.7,99.4,7.36,81.0,42.6,17.8
2026-04-17 06:54:58,0.0,101.8,113.2,6.8,81.5,46.7,17.8
2026-04-17 06:54:58,0.0,99.7,122.5,6.08,80.4,36.9,17.8
2026-04-17 06:54:58,0.0,110.0,132.9,5.65,81.5,35.3,17.8
2026-04-17 06:54:58,0.0,101.5,121.8,6.33,80.4,35.0,17.9
2026-04-17 06:54:58,0.0,91.6,110.3,6.38,80.4,38.1,17.9
2026-04-17 06:54:59,0.0,85.6,108.5,6.23,81.0,33.9,17.9
2026-04-17 06:54:59,0.0,87.3,98.7,7.25,79.8,41.8,17.9
2026-04-17 06:54:59,0.0,85.2,109.0,6.16,79.8,35.4,17.9
2026-04-17 06:54:59,0.0,89.4,101.0,7.32,81.0,41.5,18.0
2026-04-17 06:54:59,0.0,87.0,106.2,6.08,81.0,42.2,18.0
2026-04-17 06:54:59,0.0,88.2,100.8,7.42,81.0,40.7,18.0
2026-04-17 06:54:59,0.0,87.4,108.8,6.04,79.3,33.3,18.0
2026-04-17 06:55:00,0.0,104.2,116.1,6.66,81.5,40.7,18.0
2026-04-17 06:55:00,0.0,84.7,112.3,6.6,81.0,34.5,18.0
2026-04-17 06:55:00,0.0,85.0,107.9,6.16,80.4,34.4,17.9
2026-04-17 06:55:00,0.0,91.3,106.0,7.16,80.4,44.6,17.9
2026-04-17 06:55:00,0.0,98.3,121.6,5.75,79.8,36.2,17.9
2026-04-17 06:55:00,0.0,94.1,116.7,6.17,81.0,40.9,18.0
2026-04-17 06:55:01,0.0,85.7,108.8,6.32,79.3,34.9,18.0
2026-04-17 06:55:01,0.0,99.7,113.7,6.79,79.8,42.9,18.0
2026-04-17 06:55:01,0.0,98.3,123.4,5.98,80.4,34.4,18.0
2026-04-17 06:55:01,0.0,106.6,130.2,5.77,79.8,34.3,18.0
2026-04-17 06:55:01,0.0,85.1,107.8,6.92,79.8,39.7,18.0
2026-04-17 06:55:01,0.0,120.2,134.6,5.93,80.4,46.3,18.0
2026-04-17 06:55:02,0.0,98.3,110.5,6.92,81.5,39.3,18.0
2026-04-17 06:55:02,0.0,88.7,113.0,6.31,80.4,35.5,18.0
2026-04-17 06:55:02,0.0,95.1,116.9,5.82,81.0,41.7,18.0
2026-04-17 06:55:02,0.0,92.0,113.9,6.12,81.5,35.9,18.0
2026-04-17 06:55:02,0.0,111.4,134.4,5.37,78.2,44.9,18.0
2026-04-17 06:55:02,0.0,88.8,109.8,6.95,79.8,40.4,18.1
2026-04-17 06:55:03,0.0,94.0,117.2,5.82,80.4,35.8,18.1
2026-04-17 06:55:03,0.0,101.6,124.6,5.74,80.4,35.8,18.1
2026-04-17 06:55:03,0.0,100.3,122.8,6.05,79.8,38.8,18.1
2026-04-17 06:55:03,0.0,113.6,136.8,5.56,80.4,36.2,18.2
2026-04-17 06:55:03,0.0,87.3,106.3,7.13,79.3,41.1,18.2
2026-04-17 06:55:03,0.0,107.8,119.7,6.51,80.4,43.5,18.3
2026-04-17 06:55:04,0.0,114.0,137.1,5.79,81.0,43.3,18.3
2026-04-17 06:55:04,0.0,91.0,111.7,6.87,80.4,38.2,18.3
2026-04-17 06:55:04,0.0,86.4,109.4,6.25,82.0,35.4,18.3
2026-04-17 06:55:04,0.0,88.9,102.1,7.35,79.3,43.4,18.3
2026-04-17 06:55:04,0.0,88.7,114.9,5.91,78.8,37.1,18.3
2026-04-17 06:55:04,0.0,98.9,121.6,5.76,79.8,36.2,18.3
2026-04-17 06:55:04,0.0,93.9,116.9,6.19,80.4,35.0,18.2
2026-04-17 06:55:05,0.0,109.5,132.4,5.49,81.5,38.4,18.2
2026-04-17 06:55:05,0.0,88.7,111.3,6.83,81.0,39.7,18.2
2026-04-17 06:55:05,0.0,95.8,118.9,5.77,80.4,36.2,18.2
2026-04-17 06:55:05,0.0,87.9,109.6,6.29,79.3,37.9,18.2
2026-04-17 06:55:05,0.0,88.1,110.8,5.98,80.4,32.3,18.2
2026-04-17 06:55:05,0.0,94.5,118.6,5.77,81.0,42.0,18.2
2026-04-17 06:55:06,0.0,111.3,133.9,5.49,81.5,37.5,18.2
2026-04-17 06:55:06,0.0,94.5,116.4,6.68,81.5,35.6,18.3
2026-04-17 06:55:06,0.0,98.1,120.1,5.87,81.5,38.8,18.3
2026-04-17 06:55:06,0.0,98.4,119.1,5.99,80.4,37.3,18.2
2026-04-17 06:55:06,0.0,86.2,109.3,6.43,81.5,38.1,18.2
2026-04-17 06:55:06,0.0,98.3,110.7,6.91,81.0,40.4,18.2
2026-04-17 06:55:07,0.0,106.4,127.9,5.74,79.8,36.8,18.2
2026-04-17 06:55:07,0.0,106.1,128.4,6.01,79.8,43.9,18.2
2026-04-17 06:55:07,0.0,89.8,112.7,6.66,81.0,41.0,18.2
2026-04-17 06:55:07,0.0,89.6,112.9,6.0,80.4,31.7,18.2
2026-04-17 06:55:07,0.0,107.4,130.8,5.41,80.4,37.8,18.2
2026-04-17 06:55:07,0.0,105.0,128.8,6.07,79.3,40.0,18.3
2026-04-17 06:55:08,0.0,101.9,125.1,6.15,80.4,42.2,18.2
2026-04-17 06:55:08,0.0,103.7,126.6,5.94,82.0,43.5,18.1
2026-04-17 06:55:08,0.0,101.5,124.5,6.09,79.3,36.9,18.1
2026-04-17 06:55:08,0.0,88.0,111.0,6.53,81.0,40.3,18.0
2026-04-17 06:55:08,0.0,113.3,136.3,5.17,81.0,36.0,18.0
2026-04-17 06:55:08,0.0,101.1,119.1,6.55,79.8,41.9,17.9
2026-04-17 06:55:09,0.0,86.8,109.9,6.56,79.8,37.1,17.9
2026-04-17 06:55:09,0.0,88.7,101.1,7.41,79.8,45.5,17.9
2026-04-17 06:55:09,0.0,89.4,114.3,5.83,79.8,33.3,17.8
2026-04-17 06:55:09,0.0,118.8,141.8,5.21,79.3,37.7,17.8
2026-04-17 06:55:09,0.0,86.6,100.9,7.44,79.3,37.7,17.9
2026-04-17 06:55:09,0.0,106.2,119.4,6.5,81.0,43.5,17.9
2026-04-17 06:55:10,0.0,101.3,124.2,6.22,79.8,33.9,18.0
2026-04-17 06:55:10,0.0,123.0,146.0,5.31,80.4,35.2,18.0
2026-04-17 06:55:10,0.0,98.6,121.7,5.7,81.0,32.9,18.0
2026-04-17 06:55:10,0.0,122.0,141.5,5.26,79.3,48.7,18.1
2026-04-17 06:55:10,0.0,96.9,119.5,5.69,81.0,31.9,18.1
2026-04-17 06:55:10,0.0,87.9,110.9,6.38,80.4,39.1,18.1
2026-04-17 06:55:11,0.0,87.9,111.1,6.0,79.8,34.8,18.1
2026-04-17 06:55:11,0.0,91.7,110.6,5.87,80.4,38.0,18.2
2026-04-17 06:55:11,0.0,103.3,126.0,5.61,81.0,31.9,18.2
2026-04-17 06:55:11,0.0,88.2,110.6,6.6,81.0,39.3,18.2
2026-04-17 06:55:11,0.0,116.3,127.2,6.2,81.0,37.7,18.2
2026-04-17 06:55:11,0.0,95.4,110.6,6.86,79.8,42.4,18.2
2026-04-17 06:55:12,0.0,95.5,117.9,6.0,80.4,35.4,18.2
2026-04-17 06:55:12,0.0,106.3,126.4,5.63,80.4,34.8,18.2
2026-04-17 06:55:12,0.0,88.1,107.7,6.74,81.0,37.9,18.2
2026-04-17 06:55:12,0.0,107.7,130.7,5.37,79.8,37.0,18.1
2026-04-17 06:55:12,0.0,102.7,125.7,6.19,81.0,38.1,18.1
2026-04-17 06:55:12,0.0,100.8,124.0,6.06,79.8,38.5,18.0
2026-04-17 06:55:13,0.0,107.1,128.9,5.79,80.4,47.8,17.9
2026-04-17 06:55:13,0.0,101.5,124.7,6.21,81.0,43.9,18.0
2026-04-17 06:55:13,0.0,104.0,127.1,5.92,81.5,35.9,18.0
2026-04-17 06:55:13,0.0,97.0,119.7,6.27,81.0,37.1,18.0
2026-04-17 06:55:13,0.0,87.6,111.5,6.28,81.0,34.9,18.0
2026-04-17 06:55:13,0.0,89.3,112.3,6.02,81.0,36.4,18.0
2026-04-17 06:55:14,0.0,109.6,132.6,5.35,79.3,35.1,18.0
2026-04-17 06:55:14,0.0,111.7,134.8,5.92,81.0,36.4,18.0
2026-04-17 06:55:14,0.0,88.7,110.0,6.96,81.5,42.4,18.0
2026-04-17 06:55:14,0.0,89.6,112.8,5.97,79.8,37.3,18.0
2026-04-17 06:55:14,0.0,95.2,118.2,5.81,81.5,33.8,18.0
2026-04-17 06:55:14,0.0,125.1,143.5,5.08,80.4,37.2,18.1
2026-04-17 06:55:15,0.0,85.6,108.3,6.25,81.5,41.5,18.0
2026-04-17 06:55:15,0.0,99.4,114.0,6.77,81.0,44.1,18.0
2026-04-17 06:55:15,0.0,109.2,132.2,5.68,80.4,35.7,18.0
2026-04-17 06:55:15,0.0,102.8,125.9,6.24,79.3,39.1,18.1
2026-04-17 06:55:15,0.0,87.7,110.3,6.59,79.8,40.0,18.1
2026-04-17 06:55:15,0.0,111.0,123.3,6.38,79.8,43.5,18.1
2026-04-17 06:55:16,0.0,95.4,118.4,6.57,81.5,35.7,18.1
2026-04-17 06:55:16,0.0,102.9,126.1,5.8,81.0,40.3,18.1
2026-04-17 06:55:16,0.0,101.8,125.0,6.04,81.0,33.3,18.1
2026-04-17 06:55:16,0.0,90.8,113.5,6.43,82.0,38.7,18.2
2026-04-17 06:55:16,0.0,140.4,163.3,4.63,81.0,35.3,18.2
2026-04-17 06:55:16,0.0,90.5,111.6,6.67,81.5,36.1,18.2
2026-04-17 06:55:17,0.0,114.8,136.1,5.23,79.8,38.9,18.2
2026-04-17 06:55:17,0.0,109.4,126.1,6.22,82.0,46.2,18.1
2026-04-17 06:55:17,0.0,123.0,150.6,5.41,80.4,35.7,18.1
2026-04-17 06:55:17,0.0,96.8,119.8,5.91,81.0,36.8,18.1
2026-04-17 06:55:17,0.0,115.2,137.7,5.4,79.3,33.3,18.1
2026-04-17 06:55:17,0.0,90.2,107.8,7.06,80.4,39.3,18.2
2026-04-17 06:55:18,0.0,113.6,136.2,5.24,78.8,36.1,18.2
2026-04-17 06:55:18,0.0,115.0,133.3,5.98,81.5,46.4,18.2
2026-04-17 06:55:18,0.0,89.2,105.3,7.11,81.0,35.8,18.2
2026-04-17 06:55:18,0.0,96.3,117.6,5.74,80.4,39.4,18.1
2026-04-17 06:55:18,0.0,95.3,116.8,6.01,79.8,37.9,18.1
2026-04-17 06:55:18,0.0,91.9,114.9,6.16,81.5,38.5,18.1
2026-04-17 06:55:19,0.0,93.5,116.5,5.95,79.3,37.3,18.1
2026-04-17 06:55:19,0.0,102.5,125.4,5.69,81.5,42.0,18.1
2026-04-17 06:55:19,0.0,92.4,117.2,6.32,81.0,36.1,18.1
2026-04-17 06:55:19,0.0,102.6,126.3,5.7,79.8,37.1,18.1
2026-04-17 06:55:19,0.0,113.6,136.6,5.65,81.0,43.2,18.1
2026-04-17 06:55:19,0.0,90.3,109.9,6.98,79.8,36.4,18.1
2026-04-17 06:55:20,0.0,117.4,140.0,5.16,81.0,36.8,18.1
2026-04-17 06:55:20,0.0,97.8,113.3,6.81,80.4,42.6,18.1
2026-04-17 06:55:20,0.0,89.3,111.2,6.29,80.4,32.2,18.1
2026-04-17 06:55:20,0.0,333.0,361.1,2.41,82.0,79.4,17.6
2026-04-17 06:55:20,0.0,102.2,125.2,6.1,81.5,35.9,17.6
2026-04-17 06:55:21,0.0,86.8,110.4,6.59,81.5,36.7,17.6
2026-04-17 06:55:21,0.0,91.3,103.6,7.28,81.0,41.5,17.7
2026-04-17 06:55:21,0.0,107.2,131.2,5.43,80.4,36.5,17.7
2026-04-17 06:55:21,0.0,100.5,123.5,6.32,81.5,36.1,17.7
2026-04-17 06:55:21,0.0,91.6,114.6,6.34,79.8,42.4,17.7
2026-04-17 06:55:21,0.0,100.9,123.7,5.69,81.5,33.3,17.7
2026-04-17 06:55:22,0.0,94.2,117.1,6.25,81.0,40.9,17.7
2026-04-17 06:55:22,0.0,125.9,148.9,5.05,79.3,40.5,17.6
2026-04-17 06:55:22,0.0,88.2,111.3,6.16,81.5,32.8,17.6
2026-04-17 06:55:22,0.0,88.1,106.5,6.01,79.8,36.4,17.6
2026-04-17 06:55:22,0.0,102.6,126.0,5.51,80.4,45.1,17.6
2026-04-17 06:55:22,0.0,111.8,134.9,5.7,79.8,36.9,17.6
2026-04-17 06:55:23,0.0,86.4,107.6,7.09,81.5,39.0,17.6
2026-04-17 06:55:23,0.0,115.3,128.9,6.15,79.3,45.3,17.7
2026-04-17 06:55:23,0.0,106.0,123.3,6.37,80.4,41.7,17.7
2026-04-17 06:55:23,0.0,96.6,118.9,6.35,80.4,39.1,17.7
2026-04-17 06:55:23,0.0,94.6,117.6,6.08,79.8,37.3,17.7
2026-04-17 06:55:23,0.0,88.7,111.7,6.22,81.0,35.5,17.7
2026-04-17 06:55:24,0.0,106.0,129.6,5.42,81.5,41.1,17.7
2026-04-17 06:55:24,0.0,87.7,110.8,6.78,80.4,37.9,17.7
2026-04-17 06:55:24,0.0,86.6,98.3,7.56,81.0,47.4,17.7
2026-04-17 06:55:24,0.0,98.5,110.8,6.9,81.5,42.1,17.7
2026-04-17 06:55:24,0.0,97.7,120.7,6.03,81.0,32.8,17.7
2026-04-17 06:55:24,0.0,88.7,111.7,6.35,81.0,34.4,17.7
2026-04-17 06:55:25,0.0,96.1,119.5,5.74,81.5,36.8,17.7
2026-04-17 06:55:25,0.0,112.4,135.3,5.48,81.0,36.2,17.8
2026-04-17 06:55:25,0.0,84.5,105.3,7.2,80.4,39.3,17.7
2026-04-17 06:55:25,0.0,112.4,132.2,6.04,81.5,48.5,17.7
2026-04-17 06:55:25,0.0,104.1,123.1,6.38,79.3,43.8,17.6
2026-04-17 06:55:25,0.0,90.7,115.6,6.52,80.4,37.7,17.7
2026-04-17 06:55:26,0.0,107.3,130.2,5.55,80.4,35.7,17.7
2026-04-17 06:55:26,0.0,85.6,107.9,6.91,81.5,37.5,17.7
2026-04-17 06:55:26,0.0,86.7,100.6,7.44,79.8,42.9,17.7
2026-04-17 06:55:26,0.0,93.6,117.8,5.73,82.6,36.6,17.7
2026-04-17 06:55:26,0.0,97.4,120.6,5.91,79.8,38.6,17.7
2026-04-17 06:55:26,0.0,86.1,109.3,6.43,81.0,40.6,17.7
2026-04-17 06:55:26,0.0,85.8,98.3,7.54,82.0,44.4,17.7
2026-04-17 06:55:27,0.0,102.6,117.0,6.64,81.5,41.1,17.7
2026-04-17 06:55:27,0.0,123.4,146.5,5.35,81.0,41.6,17.7
2026-04-17 06:55:27,0.0,95.0,116.8,5.83,79.8,33.8,17.7
2026-04-17 06:55:27,0.0,89.7,109.2,6.15,81.0,38.1,17.7
2026-04-17 06:55:27,0.0,136.8,159.8,4.71,79.3,43.5,17.7
2026-04-17 06:55:27,0.0,101.4,124.4,6.08,81.5,34.4,17.7
2026-04-17 06:55:28,0.0,98.7,123.6,6.03,81.5,37.1,17.7
2026-04-17 06:55:28,0.0,118.3,142.7,5.38,79.3,41.3,17.7
2026-04-17 06:55:28,0.0,87.7,96.0,7.44,81.0,41.5,17.7
2026-04-17 06:55:28,0.0,94.8,106.5,7.13,80.4,41.8,17.7
2026-04-17 06:55:28,0.0,102.2,125.5,5.73,79.8,41.1,17.7
2026-04-17 06:55:28,0.0,109.7,132.9,5.75,81.0,38.6,17.7
2026-04-17 06:55:29,0.0,87.9,111.1,6.91,80.4,36.4,17.7
2026-04-17 06:55:29,0.0,94.5,114.9,5.77,81.5,36.2,17.7
2026-04-17 06:55:29,0.0,115.3,138.1,5.34,80.4,39.0,17.7
2026-04-17 06:55:29,0.0,100.6,117.8,6.59,81.5,41.0,17.8
2026-04-17 06:55:29,0.0,86.4,109.5,6.55,81.5,39.7,17.8
2026-04-17 06:55:29,0.0,92.6,93.8,7.18,81.5,56.1,17.8
2026-04-17 06:55:30,0.0,100.3,123.7,5.73,81.0,37.7,17.8
2026-04-17 06:55:30,0.0,120.0,143.1,5.38,81.5,30.4,17.8
2026-04-17 06:55:30,0.0,87.6,97.5,7.45,81.0,47.4,17.9
2026-04-17 06:55:30,0.0,105.4,116.6,6.63,81.5,40.7,17.9
2026-04-17 06:55:30,0.0,102.8,126.0,6.1,79.8,35.5,17.8
2026-04-17 06:55:30,0.0,93.1,116.3,6.37,81.5,36.1,17.9
2026-04-17 06:55:31,0.0,124.0,145.0,5.05,81.0,35.5,17.8
2026-04-17 06:55:31,0.0,90.6,113.2,6.03,81.5,34.3,17.8
2026-04-17 06:55:31,0.0,99.0,121.3,5.72,81.5,36.2,17.8
2026-04-17 06:55:31,0.0,93.8,119.6,6.09,81.5,34.9,17.8
2026-04-17 06:55:31,0.0,85.1,108.3,6.44,81.5,36.1,17.8
2026-04-17 06:55:31,0.0,86.7,104.1,7.27,82.0,39.6,17.8
2026-04-17 06:55:32,0.0,88.2,110.1,6.05,81.0,35.9,17.8
2026-04-17 06:55:32,0.0,100.9,106.2,6.85,80.4,51.7,17.8
2026-04-17 06:55:32,0.0,86.2,113.0,6.42,81.0,39.3,17.8
2026-04-17 06:55:32,0.0,89.4,112.0,6.03,79.8,33.8,17.9
2026-04-17 06:55:32,0.0,86.0,108.4,6.13,80.4,33.3,17.9
2026-04-17 06:55:32,0.0,91.9,105.4,7.15,81.5,45.8,17.9
2026-04-17 06:55:32,0.0,85.1,105.6,6.23,81.5,39.4,18.0
2026-04-17 06:55:33,0.0,104.9,117.9,6.6,80.4,40.7,18.0
2026-04-17 06:55:33,0.0,107.5,130.7,5.9,81.0,40.3,18.0
2026-04-17 06:55:33,0.0,95.9,119.2,6.45,79.8,42.2,18.0
2026-04-17 06:55:33,0.0,86.6,109.9,6.36,80.4,38.1,18.0
2026-04-17 06:55:33,0.0,90.4,104.4,7.25,79.8,39.6,18.0
2026-04-17 06:55:33,0.0,91.1,114.3,6.01,79.8,38.8,18.0
2026-04-17 06:55:34,0.0,120.8,143.8,5.1,81.0,38.2,18.0
2026-04-17 06:55:34,0.0,93.8,106.2,7.13,79.8,43.9,18.0
2026-04-17 06:55:34,0.0,95.5,121.4,5.87,81.5,34.8,18.0
2026-04-17 06:55:34,0.0,102.8,125.9,5.77,81.0,36.2,18.0
2026-04-17 06:55:34,0.0,86.3,108.3,6.75,79.3,42.6,18.0
2026-04-17 06:55:34,0.0,98.0,111.1,6.9,81.5,40.4,18.0
2026-04-17 06:55:35,0.0,85.3,105.3,6.51,81.5,41.5,18.0
2026-04-17 06:55:35,0.0,88.6,103.0,7.33,81.5,39.6,18.0
2026-04-17 06:55:35,0.0,83.9,106.9,6.16,81.0,36.4,18.0
2026-04-17 06:55:35,0.0,90.1,105.7,7.17,81.0,40.7,18.0
2026-04-17 06:55:35,0.0,85.4,108.4,6.19,79.8,33.9,18.0
2026-04-17 06:55:35,0.0,96.1,109.4,6.95,81.5,41.4,17.9
2026-04-17 06:55:35,0.0,103.7,127.1,5.73,79.8,35.3,17.9
2026-04-17 06:55:36,0.0,103.7,124.9,6.01,80.4,38.8,17.9
2026-04-17 06:55:36,0.0,128.2,150.2,5.23,81.5,38.0,17.9
2026-04-17 06:55:36,0.0,84.3,107.7,6.4,80.4,32.2,17.9
2026-04-17 06:55:36,0.0,99.0,114.1,6.77,81.0,38.6,17.9
2026-04-17 06:55:36,0.0,85.4,108.7,6.53,81.5,37.1,17.9
2026-04-17 06:55:36,0.0,103.5,117.8,6.6,82.0,41.7,17.9
2026-04-17 06:55:37,0.0,91.7,113.4,6.47,81.0,40.6,18.0
2026-04-17 06:55:37,0.0,123.9,147.0,5.03,81.5,39.0,18.0
2026-04-17 06:55:37,0.0,89.2,112.2,6.05,80.4,29.7,18.0
2026-04-17 06:55:37,0.0,93.5,116.3,5.85,81.0,41.7,18.0
2026-04-17 06:55:37,0.0,97.9,120.5,5.79,80.4,34.3,18.1
2026-04-17 06:55:37,0.0,87.7,107.4,6.46,79.8,37.7,18.1
2026-04-17 06:55:38,0.0,94.7,103.2,7.12,82.0,55.2,18.2
2026-04-17 06:55:38,0.0,88.2,111.5,6.25,81.5,37.1,18.2
2026-04-17 06:55:38,0.0,88.4,111.3,6.01,81.5,32.3,18.3
2026-04-17 06:55:38,0.0,104.6,127.1,5.46,80.4,39.5,18.3
2026-04-17 06:55:38,0.0,106.7,129.8,5.93,81.5,37.3,18.3
2026-04-17 06:55:38,0.0,108.4,131.0,5.94,81.5,39.4,18.4
2026-04-17 06:55:39,0.0,100.7,123.8,6.3,81.0,35.6,18.4
2026-04-17 06:55:39,0.0,89.4,112.6,6.44,81.5,35.5,18.4
2026-04-17 06:55:39,0.0,90.2,113.1,5.97,80.4,34.8,18.4
2026-04-17 06:55:39,0.0,112.8,134.1,5.28,81.5,37.0,18.4
2026-04-17 06:55:39,0.0,88.4,108.6,7.04,81.5,35.7,18.4
2026-04-17 06:55:39,0.0,91.6,114.7,5.89,81.0,36.4,18.4
2026-04-17 06:55:40,0.0,106.3,129.3,5.52,80.4,35.7,18.4
2026-04-17 06:55:40,0.0,110.3,133.3,5.87,81.0,42.6,18.4
2026-04-17 06:55:40,0.0,97.0,119.2,6.51,81.5,41.9,18.4
2026-04-17 06:55:40,0.0,104.5,128.5,5.72,81.5,34.3,18.3
2026-04-17 06:55:40,0.0,87.1,109.4,6.74,82.0,37.3,18.3
2026-04-17 06:55:40,0.0,89.1,101.4,7.39,82.0,44.4,18.3
2026-04-17 06:55:41,0.0,89.6,112.5,5.99,81.5,36.9,18.4
2026-04-17 06:55:41,0.0,87.4,110.0,6.08,82.0,34.8,18.4
2026-04-17 06:55:41,0.0,84.5,99.9,7.42,81.5,41.5,18.4
2026-04-17 06:55:41,0.0,111.3,134.6,5.28,82.0,34.2,18.4
2026-04-17 06:55:41,0.0,96.5,116.7,6.6,81.0,41.9,18.4
2026-04-17 06:55:41,0.0,90.7,113.9,6.22,80.4,31.0,18.4
2026-04-17 06:55:41,0.0,89.1,112.1,6.06,81.5,37.3,18.4
2026-04-17 06:55:42,0.0,114.8,137.8,5.2,80.4,40.0,18.4
2026-04-17 06:55:42,0.0,124.4,142.2,5.67,79.3,41.4,18.4
2026-04-17 06:55:42,0.0,91.6,111.1,6.0,79.8,36.8,18.4
2026-04-17 06:55:42,0.0,96.0,117.2,5.84,81.5,36.2,18.4
2026-04-17 06:55:42,0.0,84.5,103.0,6.45,82.0,37.1,18.4
2026-04-17 06:55:43,0.0,103.1,117.6,6.54,82.0,44.4,18.4
2026-04-17 06:55:43,0.0,90.6,113.7,6.54,82.6,36.2,18.4
2026-04-17 06:55:43,0.0,84.8,107.7,6.22,82.6,38.8,18.4
2026-04-17 06:55:43,0.0,86.1,100.7,7.33,81.5,42.3,18.3
2026-04-17 06:55:43,0.0,102.3,126.5,5.5,81.0,35.7,18.3
2026-04-17 06:55:43,0.0,107.4,130.7,5.85,79.8,42.9,18.3
2026-04-17 06:55:43,0.0,102.8,125.9,6.18,81.0,38.5,18.3
2026-04-17 06:55:44,0.0,111.7,137.0,5.63,81.0,44.8,18.3
2026-04-17 06:55:44,0.0,90.3,109.3,7.0,81.5,40.4,18.2
2026-04-17 06:55:44,0.0,90.6,113.7,5.97,81.5,35.8,18.2
2026-04-17 06:55:44,0.0,96.5,119.8,5.8,82.6,38.0,18.2
2026-04-17 06:55:44,0.0,87.2,109.9,6.35,81.0,39.1,18.2
2026-04-17 06:55:44,0.0,90.7,103.0,7.32,82.6,42.3,18.2
2026-04-17 06:55:45,0.0,92.0,115.8,5.93,80.4,36.8,18.2
2026-04-17 06:55:45,0.0,115.1,138.2,5.29,81.5,35.6,18.2
2026-04-17 06:55:45,0.0,90.9,108.7,7.03,81.5,37.9,18.2
2026-04-17 06:55:45,0.0,110.1,132.6,5.38,80.4,39.5,18.2
2026-04-17 06:55:45,0.0,94.4,116.9,6.62,81.5,37.3,18.2
2026-04-17 06:55:46,0.0,275.5,285.0,2.86,81.5,88.5,17.9
2026-04-17 06:55:46,0.0,203.1,225.8,3.85,82.0,68.0,17.8
2026-04-17 06:55:46,0.0,91.3,114.4,6.49,81.0,37.7,17.8
2026-04-17 06:55:46,0.0,85.7,109.0,6.2,81.0,32.8,17.7
2026-04-17 06:55:46,0.0,95.6,108.8,7.0,82.0,45.0,17.7
2026-04-17 06:55:47,0.0,110.5,134.7,5.47,81.5,37.5,17.7
2026-04-17 06:55:47,0.0,86.3,107.9,7.07,82.0,39.7,17.7
2026-04-17 06:55:47,0.0,114.4,127.7,6.18,81.5,49.2,17.8
2026-04-17 06:55:47,0.0,113.4,131.4,6.06,82.6,41.8,17.8
2026-04-17 06:55:47,0.0,98.3,117.7,6.6,81.5,36.2,17.7
2026-04-17 06:55:47,0.0,94.4,116.7,6.09,81.5,39.4,17.7
2026-04-17 06:55:47,0.0,106.8,130.0,5.63,81.5,38.6,17.7
2026-04-17 06:55:48,0.0,108.5,132.4,5.91,81.0,38.2,17.7
2026-04-17 06:55:48,0.0,98.2,121.3,6.44,82.0,37.1,17.7
2026-04-17 06:55:48,0.0,107.7,132.0,5.62,81.5,40.0,17.6
2026-04-17 06:55:48,0.0,122.5,145.5,5.57,81.5,41.4,17.6
2026-04-17 06:55:48,0.0,97.3,120.0,5.73,79.8,34.3,17.6
2026-04-17 06:55:48,0.0,93.2,116.7,6.13,81.5,36.9,17.7
2026-04-17 06:55:49,0.0,86.8,103.6,6.26,80.4,38.5,17.7
2026-04-17 06:55:49,0.0,85.8,109.0,6.04,79.8,33.8,17.7
2026-04-17 06:55:49,0.0,89.0,102.6,7.33,81.5,42.6,17.8
2026-04-17 06:55:49,0.0,95.1,118.8,5.77,82.0,35.8,17.7
2026-04-17 06:55:49,0.0,97.5,120.0,5.94,82.6,35.8,17.7
2026-04-17 06:55:49,0.0,86.9,110.1,6.41,81.5,35.0,17.7
2026-04-17 06:55:50,0.0,96.1,108.5,7.03,81.0,40.7,17.7
2026-04-17 06:55:50,0.0,88.9,111.9,6.27,81.5,40.0,17.8
2026-04-17 06:55:50,0.0,90.6,107.2,5.94,81.5,40.6,17.8
2026-04-17 06:55:50,0.0,118.2,141.2,5.15,82.6,38.5,17.8
2026-04-17 06:55:50,0.0,85.6,100.5,7.47,81.0,38.5,17.8
2026-04-17 06:55:50,0.0,113.9,127.2,6.19,82.0,42.2,17.8
2026-04-17 06:55:51,0.0,93.0,111.4,6.87,80.4,45.0,17.8
2026-04-17 06:55:51,0.0,100.4,123.0,5.73,81.5,36.8,17.7
2026-04-17 06:55:51,0.0,91.1,116.2,6.29,80.4,33.9,17.8
2026-04-17 06:55:51,0.0,104.9,127.8,5.6,82.6,31.3,17.8
2026-04-17 06:55:51,0.0,90.5,111.1,6.57,81.5,39.3,17.8
2026-04-17 06:55:51,0.0,85.7,108.8,6.18,81.5,36.4,17.8
2026-04-17 06:55:52,0.0,85.1,99.8,7.5,81.5,41.2,17.8
2026-04-17 06:55:52,0.0,101.2,115.2,6.72,81.5,44.3,17.8
2026-04-17 06:55:52,0.0,104.1,126.8,5.9,81.0,41.2,17.8
2026-04-17 06:55:52,0.0,90.6,113.6,6.54,81.0,38.7,17.8
2026-04-17 06:55:52,0.0,102.2,123.8,5.61,81.5,39.7,17.8
2026-04-17 06:55:52,0.0,105.9,128.5,5.88,82.0,44.3,17.9
2026-04-17 06:55:52,0.0,101.5,123.4,6.17,82.6,40.9,17.9
2026-04-17 06:55:53,0.0,90.2,114.3,6.37,81.5,40.3,17.9
2026-04-17 06:55:53,0.0,88.8,111.9,6.08,82.0,37.5,17.9
2026-04-17 06:55:53,0.0,108.1,131.0,5.41,81.5,36.5,17.9
2026-04-17 06:55:53,0.0,97.4,120.6,6.41,81.0,38.1,18.0
2026-04-17 06:55:53,0.0,115.9,140.4,5.32,80.4,39.2,18.0
2026-04-17 06:55:54,0.0,104.9,118.9,6.55,80.4,42.9,18.0
2026-04-17 06:55:54,0.0,87.1,110.3,6.68,81.5,36.4,18.0
2026-04-17 06:55:54,0.0,91.2,116.0,5.83,81.5,32.8,18.1
2026-04-17 06:55:54,0.0,97.6,120.6,5.84,81.5,38.2,18.1
2026-04-17 06:55:54,0.0,89.9,112.9,6.29,81.5,36.4,18.0
2026-04-17 06:55:54,0.0,88.0,110.7,6.07,82.0,40.3,18.1
2026-04-17 06:55:55,0.0,124.8,147.7,4.92,81.5,38.8,18.1
2026-04-17 06:55:55,0.0,85.9,108.9,6.2,79.8,34.4,18.1
2026-04-17 06:55:55,0.0,98.2,111.9,6.86,80.4,45.8,18.0
2026-04-17 06:55:55,0.0,103.8,127.0,5.77,82.0,35.3,18.1
2026-04-17 06:55:55,0.0,88.9,112.0,6.63,81.5,37.9,18.0
2026-04-17 06:55:55,0.0,101.7,124.5,5.59,80.4,39.2,18.1
2026-04-17 06:55:56,0.0,109.6,132.6,5.73,82.0,35.4,18.1
2026-04-17 06:55:56,0.0,110.5,133.7,5.97,82.0,38.2,18.1
2026-04-17 06:55:56,0.0,113.1,135.6,5.91,81.0,40.3,18.1
2026-04-17 06:55:56,0.0,87.7,106.5,7.08,80.4,41.4,18.1
2026-04-17 06:55:56,0.0,99.6,111.1,6.89,81.0,45.0,18.1
2026-04-17 06:55:56,0.0,95.2,118.3,6.16,81.5,32.8,18.1
2026-04-17 06:55:56,0.0,108.8,131.7,5.56,81.0,36.6,18.1
2026-04-17 06:55:57,0.0,92.6,116.2,6.63,81.0,41.9,18.1
2026-04-17 06:55:57,0.0,102.5,128.2,5.53,81.0,44.9,18.2
2026-04-17 06:55:57,0.0,92.5,116.0,6.56,80.4,36.7,18.2
2026-04-17 06:55:57,0.0,108.5,134.0,5.41,80.4,32.4,18.2
2026-04-17 06:55:57,0.0,107.6,129.4,6.13,81.5,41.2,18.2
2026-04-17 06:55:57,0.0,100.1,122.7,6.28,81.5,43.3,18.1
2026-04-17 06:55:58,0.0,103.2,126.5,5.88,81.0,38.2,18.1
2026-04-17 06:55:58,0.0,90.8,113.7,6.5,81.5,37.3,18.1
2026-04-17 06:55:58,0.0,100.5,124.1,5.65,81.5,38.9,18.1
2026-04-17 06:55:58,0.0,91.4,109.1,6.38,81.5,35.0,18.1
2026-04-17 06:55:58,0.0,96.5,116.7,5.82,82.6,37.7,18.1
2026-04-17 06:55:58,0.0,110.5,133.1,5.53,81.5,39.7,18.1
2026-04-17 06:55:59,0.0,91.8,113.8,6.77,81.5,39.3,18.1
2026-04-17 06:55:59,0.0,89.2,111.8,6.1,80.4,37.9,18.1
2026-04-17 06:55:59,0.0,86.2,107.6,6.11,81.5,37.7,18.1
2026-04-17 06:55:59,0.0,108.1,116.7,6.45,81.0,46.7,18.1
2026-04-17 06:55:59,0.0,105.7,129.5,6.07,81.0,38.5,18.1
2026-04-17 06:55:59,0.0,95.3,118.3,6.44,81.0,37.7,18.1
2026-04-17 06:56:00,0.0,92.3,112.0,6.11,82.0,42.0,18.1
2026-04-17 06:56:00,0.0,103.6,126.7,5.62,81.5,37.0,18.1
2026-04-17 06:56:00,0.0,101.3,123.6,6.09,82.0,39.1,18.1
2026-04-17 06:56:00,0.0,99.0,122.0,6.09,82.6,39.4,18.1
2026-04-17 06:56:00,0.0,87.2,110.4,6.36,82.0,39.4,18.1
2026-04-17 06:56:00,0.0,89.1,112.0,6.02,82.0,37.3,18.1
2026-04-17 06:56:01,0.0,102.3,125.4,5.56,81.5,37.0,18.1
2026-04-17 06:56:01,0.0,112.0,129.3,5.66,80.4,47.2,18.1
2026-04-17 06:56:01,0.0,87.8,108.5,7.04,80.4,39.3,18.1
2026-04-17 06:56:01,0.0,87.5,99.2,7.51,81.5,44.2,18.1
2026-04-17 06:56:01,0.0,100.8,112.5,6.83,82.0,45.0,18.2
2026-04-17 06:56:01,0.0,111.7,135.6,5.61,81.0,38.6,18.2
2026-04-17 06:56:02,0.0,97.4,118.0,6.6,81.5,42.2,18.2
2026-04-17 06:56:02,0.0,87.7,110.8,6.37,82.0,40.6,18.2
2026-04-17 06:56:02,0.0,119.2,129.8,5.98,82.0,47.0,18.3
2026-04-17 06:56:02,0.0,108.8,131.8,5.31,82.0,35.6,18.2
2026-04-17 06:56:02,0.0,110.2,133.1,6.0,81.0,38.8,18.2
2026-04-17 06:56:02,0.0,89.3,111.4,6.85,82.0,38.6,18.2
2026-04-17 06:56:03,0.0,105.8,127.4,5.45,81.0,45.9,18.2
2026-04-17 06:56:03,0.0,96.7,119.7,6.37,81.0,41.3,18.2
2026-04-17 06:56:03,0.0,90.7,113.7,6.23,82.0,36.9,18.2
2026-04-17 06:56:03,0.0,88.4,111.5,6.09,82.0,33.8,18.2
2026-04-17 06:56:03,0.0,102.0,125.1,5.54,82.6,38.4,18.3
2026-04-17 06:56:03,0.0,89.2,112.3,6.51,83.2,39.7,18.3
2026-04-17 06:56:04,0.0,104.3,127.2,5.5,80.4,34.3,18.2
2026-04-17 06:56:04,0.0,87.7,110.8,6.66,81.0,41.3,18.2
2026-04-17 06:56:04,0.0,99.5,111.2,6.9,81.5,45.9,18.2
2026-04-17 06:56:04,0.0,100.3,122.9,5.96,81.0,35.4,18.2
2026-04-17 06:56:04,0.0,92.8,114.6,6.29,80.4,36.1,18.1
2026-04-17 06:56:04,0.0,102.3,125.1,5.68,80.4,34.8,18.1
2026-04-17 06:56:04,0.0,90.0,113.0,6.48,82.0,37.7,18.1
2026-04-17 06:56:05,0.0,87.7,110.7,6.08,82.0,37.9,18.1
2026-04-17 06:56:05,0.0,92.5,101.3,7.24,80.4,52.8,18.1
2026-04-17 06:56:05,0.0,95.8,119.3,5.88,81.5,31.3,18.1
2026-04-17 06:56:05,0.0,86.8,110.5,6.34,80.4,37.1,18.0
2026-04-17 06:56:05,0.0,96.3,108.1,7.04,80.4,43.1,18.0
2026-04-17 06:56:05,0.0,86.1,109.1,6.39,81.0,35.0,18.1
2026-04-17 06:56:06,0.0,87.6,100.7,7.43,82.0,40.4,18.1
2026-04-17 06:56:06,0.0,86.0,96.7,7.56,82.0,44.0,18.1
2026-04-17 06:56:06,0.0,87.6,99.7,7.43,82.0,41.5,18.1
2026-04-17 06:56:06,0.0,87.5,98.8,7.52,82.6,40.8,18.1
2026-04-17 06:56:06,0.0,96.6,107.6,7.03,82.0,45.8,18.1
2026-04-17 06:56:06,0.0,93.9,117.1,6.1,82.0,37.5,18.1
2026-04-17 06:56:06,0.0,85.2,108.1,6.34,81.5,34.9,18.1
2026-04-17 06:56:07,0.0,102.4,117.0,6.64,82.0,44.3,18.1
2026-04-17 06:56:07,0.0,113.8,135.8,5.6,80.4,42.3,18.1
2026-04-17 06:56:07,0.0,104.9,127.7,6.2,81.5,45.9,18.1
2026-04-17 06:56:07,0.0,91.8,116.6,6.61,82.0,37.9,18.2
2026-04-17 06:56:07,0.0,94.5,116.7,5.96,81.5,36.4,18.2
2026-04-17 06:56:07,0.0,87.1,109.5,6.29,81.0,36.9,18.2
2026-04-17 06:56:08,0.0,90.5,104.8,7.19,81.5,43.6,18.3
2026-04-17 06:56:08,0.0,96.8,123.9,5.72,81.0,34.3,18.3
2026-04-17 06:56:08,0.0,89.7,113.1,6.41,81.5,40.0,18.3
2026-04-17 06:56:08,0.0,120.1,143.1,5.09,82.0,32.0,18.4
2026-04-17 06:56:08,0.0,98.5,111.1,6.91,82.6,40.0,18.4
2026-04-17 06:56:08,0.0,113.4,136.7,5.5,81.5,38.4,18.4
2026-04-17 06:56:09,0.0,87.1,106.9,7.11,82.0,37.5,18.5
2026-04-17 06:56:09,0.0,122.8,133.1,5.91,81.5,45.3,18.3
2026-04-17 06:56:09,0.0,109.6,132.8,5.37,82.6,39.4,18.3
2026-04-17 06:56:09,0.0,94.5,117.3,6.61,81.5,39.0,18.3
2026-04-17 06:56:09,0.0,97.4,118.2,5.9,80.4,35.4,18.3
2026-04-17 06:56:09,0.0,103.7,123.1,5.78,81.5,38.0,18.3
2026-04-17 06:56:10,0.0,297.5,327.2,2.71,81.5,82.1,17.9
2026-04-17 06:56:10,0.0,108.5,127.9,5.89,82.0,44.6,17.9
2026-04-17 06:56:10,0.0,92.5,115.7,6.66,81.5,36.7,17.9
2026-04-17 06:56:10,0.0,110.1,132.4,5.41,81.5,35.7,17.9
2026-04-17 06:56:10,0.0,88.7,109.3,6.89,81.0,42.4,17.9
2026-04-17 06:56:11,0.0,86.9,110.0,6.09,82.0,31.7,17.9
2026-04-17 06:56:11,0.0,97.6,110.7,6.9,81.5,43.9,17.9
2026-04-17 06:56:11,0.0,104.8,132.3,5.65,81.0,44.9,17.9
2026-04-17 06:56:11,0.0,98.4,121.4,6.42,82.6,32.8,17.9
2026-04-17 06:56:11,0.0,89.4,114.1,6.27,82.6,34.5,17.9
2026-04-17 06:56:11,0.0,96.0,119.0,5.83,82.6,34.8,17.9
2026-04-17 06:56:12,0.0,92.3,115.4,6.14,80.4,34.4,17.8
2026-04-17 06:56:12,0.0,94.2,118.0,5.9,80.4,38.2,17.8
2026-04-17 06:56:12,0.0,104.5,122.2,5.68,82.6,41.4,17.9
2026-04-17 06:56:12,0.0,89.5,113.3,6.56,81.0,37.7,17.8
2026-04-17 06:56:12,0.0,85.6,108.6,6.17,81.0,31.7,17.8
2026-04-17 06:56:12,0.0,90.2,103.7,7.27,81.5,44.6,17.8
2026-04-17 06:56:12,0.0,107.5,116.5,6.64,82.6,44.3,17.8
2026-04-17 06:56:13,0.0,108.3,131.3,5.97,81.5,40.3,17.8
2026-04-17 06:56:13,0.0,113.3,135.4,5.81,82.0,42.4,17.8
2026-04-17 06:56:13,0.0,95.1,111.0,6.75,82.6,39.7,17.8
2026-04-17 06:56:13,0.0,95.5,116.4,5.99,81.5,40.8,17.8
2026-04-17 06:56:13,0.0,102.5,125.5,5.77,81.0,33.3,17.8
2026-04-17 06:56:13,0.0,91.1,114.0,6.43,81.0,42.4,17.8
2026-04-17 06:56:14,0.0,86.0,108.8,6.19,82.6,34.9,17.8
2026-04-17 06:56:14,0.0,92.4,105.7,7.17,82.0,44.6,17.8
2026-04-17 06:56:14,0.0,88.0,111.0,6.17,82.0,37.5,17.8
2026-04-17 06:56:14,0.0,96.5,119.6,5.71,82.0,34.8,17.8
2026-04-17 06:56:14,0.0,90.5,119.3,6.01,81.5,31.1,17.8
2026-04-17 06:56:14,0.0,92.6,115.6,6.14,81.0,35.4,17.8
2026-04-17 06:56:15,0.0,94.5,117.7,5.93,82.0,33.8,17.8
2026-04-17 06:56:15,0.0,109.5,134.5,5.45,81.0,38.4,17.8
2026-04-17 06:56:15,0.0,93.7,116.5,6.66,81.0,41.0,17.8
2026-04-17 06:56:15,0.0,90.9,113.7,6.13,82.6,33.3,17.7
2026-04-17 06:56:15,0.0,114.9,137.9,5.26,83.2,39.5,17.7
2026-04-17 06:56:15,0.0,87.7,105.9,7.17,81.5,37.7,17.7
2026-04-17 06:56:16,0.0,100.6,113.5,6.8,82.0,45.6,17.7
2026-04-17 06:56:16,0.0,93.1,115.9,6.32,82.6,37.7,17.7
2026-04-17 06:56:16,0.0,126.5,149.5,5.0,82.0,37.5,17.7
2026-04-17 06:56:16,0.0,101.0,124.1,5.73,79.8,32.9,17.7
2026-04-17 06:56:16,0.0,115.4,138.3,5.52,82.0,40.3,17.7
2026-04-17 06:56:16,0.0,96.7,117.6,6.62,82.0,40.0,17.7
2026-04-17 06:56:17,0.0,109.4,132.3,5.67,81.5,34.3,17.7
2026-04-17 06:56:17,0.0,106.0,129.1,6.13,82.6,46.3,17.7
2026-04-17 06:56:17,0.0,101.4,124.4,6.17,82.0,41.5,17.8
2026-04-17 06:56:17,0.0,86.7,109.7,6.59,81.5,36.7,17.8
2026-04-17 06:56:17,0.0,97.8,111.4,6.89,82.0,42.4,17.8
2026-04-17 06:56:17,0.0,85.4,109.1,6.49,81.0,38.7,17.8
2026-04-17 06:56:18,0.0,87.4,100.0,7.42,81.0,43.6,17.8
2026-04-17 06:56:18,0.0,90.1,97.2,7.34,81.5,58.9,17.9
2026-04-17 06:56:18,0.0,99.0,122.9,5.68,81.5,37.5,17.9
2026-04-17 06:56:18,0.0,108.0,128.0,5.73,81.0,40.0,17.9
2026-04-17 06:56:18,0.0,119.6,142.6,5.6,81.5,37.5,17.9
2026-04-17 06:56:18,0.0,85.3,97.6,7.56,81.0,39.2,17.9
2026-04-17 06:56:18,0.0,102.9,116.9,6.63,82.6,42.6,17.9
2026-04-17 06:56:19,0.0,91.3,114.4,6.45,81.5,39.3,17.9
2026-04-17 06:56:19,0.0,114.3,137.2,5.27,81.0,37.3,17.9
2026-04-17 06:56:19,0.0,92.5,110.0,6.91,82.0,41.4,17.9
2026-04-17 06:56:19,0.0,102.6,125.3,5.66,81.5,38.6,17.9
2026-04-17 06:56:19,0.0,93.0,116.3,6.35,82.0,37.7,17.9
2026-04-17 06:56:19,0.0,100.1,123.2,5.77,81.0,37.1,17.9
2026-04-17 06:56:20,0.0,100.6,123.7,5.98,81.5,38.2,17.9
2026-04-17 06:56:20,0.0,108.5,130.8,5.73,81.5,44.3,17.9
2026-04-17 06:56:20,0.0,106.5,127.4,6.07,82.6,38.8,17.9
2026-04-17 06:56:20,0.0,87.2,110.8,6.77,82.6,40.0,18.0
2026-04-17 06:56:20,0.0,86.8,110.0,6.03,82.6,34.8,18.0
2026-04-17 06:56:20,0.0,88.3,104.3,7.22,82.0,40.7,18.0
2026-04-17 06:56:21,0.0,99.3,123.4,5.73,82.0,38.9,18.1
2026-04-17 06:56:21,0.0,100.2,122.4,6.0,82.6,34.9,18.1
2026-04-17 06:56:21,0.0,87.9,111.0,6.49,82.6,39.1,18.1
2026-04-17 06:56:21,0.0,112.9,124.6,6.32,82.0,41.9,18.1
2026-04-17 06:56:21,0.0,165.1,185.5,4.57,82.0,42.9,18.1
2026-04-17 06:56:21,0.0,94.6,119.3,6.07,82.0,31.7,18.1
2026-04-17 06:56:22,0.0,104.7,127.4,5.71,81.5,40.8,18.1
2026-04-17 06:56:22,0.0,128.1,150.9,5.27,81.5,40.0,18.1
2026-04-17 06:56:22,0.0,92.2,114.6,6.09,81.0,34.4,18.1
2026-04-17 06:56:22,0.0,84.0,106.9,6.31,81.5,35.5,18.1
2026-04-17 06:56:22,0.0,100.2,114.5,6.67,80.4,41.4,18.1
2026-04-17 06:56:22,0.0,90.4,113.6,6.39,81.5,40.9,18.1
2026-04-17 06:56:23,0.0,114.8,138.0,5.24,79.8,44.2,18.1
2026-04-17 06:56:23,0.0,111.6,129.8,6.13,81.5,39.1,18.1
2026-04-17 06:56:23,0.0,89.2,110.9,6.92,82.0,44.1,18.1
2026-04-17 06:56:23,0.0,88.6,111.7,6.02,81.5,33.8,18.0
2026-04-17 06:56:23,0.0,115.4,138.3,5.18,81.5,36.4,18.0
2026-04-17 06:56:23,0.0,104.7,122.3,6.42,80.4,41.3,18.1
2026-04-17 06:56:24,0.0,91.2,114.2,6.53,82.0,38.1,18.1
2026-04-17 06:56:24,0.0,93.5,116.3,5.91,80.4,31.7,18.1
2026-04-17 06:56:24,0.0,135.8,159.6,4.78,80.4,39.7,18.1
2026-04-17 06:56:24,0.0,99.9,121.7,6.1,81.0,38.2,18.1
2026-04-17 06:56:24,0.0,103.5,126.3,5.9,82.0,39.1,18.1
2026-04-17 06:56:24,0.0,94.2,117.1,6.36,81.0,41.5,18.0
2026-04-17 06:56:25,0.0,108.1,131.2,5.55,81.0,37.5,18.0
2026-04-17 06:56:25,0.0,91.2,114.1,6.67,82.0,40.0,18.0
2026-04-17 06:56:25,0.0,85.4,108.6,6.22,82.0,32.8,18.0
2026-04-17 06:56:25,0.0,88.3,102.1,7.35,81.0,41.2,18.0
2026-04-17 06:56:25,0.0,108.5,132.0,5.34,82.0,37.8,18.0
2026-04-17 06:56:25,0.0,93.3,116.3,6.63,81.0,37.7,18.0
2026-04-17 06:56:26,0.0,87.6,110.7,6.21,82.0,36.5,18.0
2026-04-17 06:56:26,0.0,107.7,119.8,6.51,81.5,43.5,18.0
2026-04-17 06:56:26,0.0,101.9,124.8,6.23,81.5,36.1,18.0
2026-04-17 06:56:26,0.0,88.9,110.7,6.51,82.0,38.3,18.0
2026-04-17 06:56:26,0.0,92.6,115.6,5.88,82.0,34.3,18.0
2026-04-17 06:56:26,0.0,109.5,133.5,5.32,82.6,37.7,18.0
2026-04-17 06:56:27,0.0,121.1,140.1,5.76,82.6,38.2,18.1
2026-04-17 06:56:27,0.0,117.3,128.1,6.11,82.0,51.5,18.0
2026-04-17 06:56:27,0.0,110.4,125.3,6.3,81.0,38.3,18.0
2026-04-17 06:56:27,0.0,108.2,131.0,6.06,81.5,38.5,18.0
2026-04-17 06:56:27,0.0,91.5,114.6,6.69,82.0,37.3,18.0
2026-04-17 06:56:27,0.0,90.9,113.9,6.02,81.5,35.4,18.0
2026-04-17 06:56:28,0.0,85.5,100.1,6.21,82.0,36.9,18.1
2026-04-17 06:56:28,0.0,130.9,143.7,5.55,83.2,39.1,18.1
2026-04-17 06:56:28,0.0,100.5,123.0,5.96,82.0,38.5,18.1
2026-04-17 06:56:28,0.0,94.4,117.1,6.23,82.0,35.5,18.1
2026-04-17 06:56:28,0.0,93.3,115.1,6.04,82.6,36.4,18.1
2026-04-17 06:56:28,0.0,122.1,145.1,5.12,81.5,45.0,18.1
2026-04-17 06:56:29,0.0,93.9,116.9,5.82,81.5,36.2,18.1
2026-04-17 06:56:29,0.0,92.1,113.2,6.06,81.0,35.9,18.2
2026-04-17 06:56:29,0.0,86.6,107.9,6.2,81.5,34.9,18.2
2026-04-17 06:56:29,0.0,119.1,129.7,6.04,80.4,46.9,18.2
2026-04-17 06:56:29,0.0,91.9,105.7,7.18,81.0,41.1,18.3
2026-04-17 06:56:29,0.0,88.8,111.8,6.12,81.0,35.9,18.3
2026-04-17 06:56:30,0.0,87.1,105.5,6.06,81.0,34.4,18.3
2026-04-17 06:56:30,0.0,83.5,100.4,7.45,82.0,40.4,18.3
2026-04-17 06:56:30,0.0,96.6,107.5,7.05,82.0,42.9,18.4
2026-04-17 06:56:30,0.0,97.2,124.2,5.83,81.5,38.8,18.4
2026-04-17 06:56:30,0.0,87.8,110.8,6.54,81.0,37.1,18.4
2026-04-17 06:56:30,0.0,84.9,107.8,6.11,81.0,36.4,18.4
2026-04-17 06:56:30,0.0,89.6,104.2,7.25,81.5,39.6,18.4
2026-04-17 06:56:31,0.0,96.3,109.9,5.76,82.0,44.9,18.4
2026-04-17 06:56:31,0.0,111.2,134.2,5.51,82.0,43.4,18.4
2026-04-17 06:56:31,0.0,94.9,116.7,6.66,81.5,39.3,18.4
2026-04-17 06:56:31,0.0,85.1,108.2,6.37,81.5,41.5,18.3
2026-04-17 06:56:31,0.0,92.2,106.0,7.14,82.6,39.6,18.3
2026-04-17 06:56:31,0.0,101.9,131.4,5.45,81.0,38.2,18.3
2026-04-17 06:56:32,0.0,108.9,131.7,6.01,82.0,40.9,18.4
2026-04-17 06:56:32,0.0,125.3,142.7,5.46,82.6,48.6,18.4
2026-04-17 06:56:32,0.0,91.0,113.6,6.04,82.0,35.4,18.4
2026-04-17 06:56:32,0.0,88.5,112.1,6.08,82.0,39.7,18.4
2026-04-17 06:56:32,0.0,96.5,119.7,5.74,81.5,37.1,18.5
2026-04-17 06:56:32,0.0,104.7,127.7,5.73,81.0,37.3,18.5
2026-04-17 06:56:33,0.0,248.8,268.2,3.16,83.2,92.0,18.1
2026-04-17 06:56:33,0.0,136.5,148.7,5.48,83.2,48.6,18.0
2026-04-17 06:56:33,0.0,98.3,121.4,6.18,82.0,37.9,18.0
2026-04-17 06:56:33,0.0,98.0,120.7,6.01,81.5,38.5,18.0
2026-04-17 06:56:33,0.0,93.3,116.4,6.18,81.5,36.5,18.0
2026-04-17 06:56:34,0.0,90.2,105.8,6.11,82.0,36.9,17.9
2026-04-17 06:56:34,0.0,93.9,116.4,5.88,83.7,36.4,17.9
2026-04-17 06:56:34,0.0,103.3,126.0,5.68,81.0,34.3,17.9
2026-04-17 06:56:34,0.0,114.3,137.5,5.62,81.5,47.9,17.8
2026-04-17 06:56:34,0.0,86.6,104.5,7.19,82.0,43.1,17.8
2026-04-17 06:56:34,0.0,90.0,102.1,7.25,81.0,47.4,17.8
2026-04-17 06:56:35,0.0,115.5,139.5,5.18,82.6,36.8,17.8
2026-04-17 06:56:35,0.0,91.3,105.0,7.07,81.0,42.1,17.8
2026-04-17 06:56:35,0.0,93.7,113.3,5.97,81.0,41.2,17.8
2026-04-17 06:56:35,0.0,101.6,124.6,5.73,82.0,35.3,17.7
2026-04-17 06:56:35,0.0,100.0,123.1,6.06,82.6,36.4,17.7
2026-04-17 06:56:35,0.0,100.7,123.7,5.98,82.6,39.7,17.7
2026-04-17 06:56:36,0.0,95.2,118.1,6.2,82.0,40.3,17.7
2026-04-17 06:56:36,0.0,91.3,115.0,6.13,82.0,34.4,17.7
2026-04-17 06:56:36,0.0,118.6,142.7,5.15,80.4,35.5,17.7
2026-04-17 06:56:36,0.0,96.3,109.1,6.98,82.0,37.7,17.7
2026-04-17 06:56:36,0.0,96.3,116.2,5.99,81.0,45.5,17.7
2026-04-17 06:56:36,0.0,108.0,130.2,5.61,82.6,38.0,17.6
2026-04-17 06:56:37,0.0,87.2,110.0,6.87,81.5,41.0,17.6
2026-04-17 06:56:37,0.0,123.3,136.1,5.89,82.0,46.3,17.6
2026-04-17 06:56:37,0.0,107.1,134.1,5.34,83.7,38.5,17.7
2026-04-17 06:56:37,0.0,109.0,130.8,6.08,81.5,41.2,17.6
2026-04-17 06:56:37,0.0,93.6,117.6,6.57,82.6,37.9,17.7
2026-04-17 06:56:37,0.0,107.9,131.2,5.55,81.5,37.5,17.7
2026-04-17 06:56:38,0.0,91.6,112.2,6.64,81.5,36.8,17.7
2026-04-17 06:56:38,0.0,127.0,149.9,4.97,81.5,36.7,17.7
2026-04-17 06:56:38,0.0,105.2,128.0,5.61,82.0,34.8,17.7
2026-04-17 06:56:38,0.0,86.5,108.0,6.74,80.4,36.7,17.7
2026-04-17 06:56:38,0.0,103.8,116.1,6.64,82.6,50.0,17.7
2026-04-17 06:56:38,0.0,117.2,139.0,5.57,82.6,43.7,17.7
2026-04-17 06:56:39,0.0,86.6,102.3,7.34,83.2,39.6,17.7
2026-04-17 06:56:39,0.0,112.0,124.4,6.31,81.5,42.6,17.7
2026-04-17 06:56:39,0.0,114.9,135.9,5.9,81.5,43.5,17.6
2026-04-17 06:56:39,0.0,88.3,106.0,7.14,82.0,34.6,17.6
2026-04-17 06:56:39,0.0,117.5,139.4,5.1,81.5,40.5,17.6
2026-04-17 06:56:39,0.0,91.6,107.4,7.11,82.6,42.9,17.7
2026-04-17 06:56:40,0.0,96.0,118.9,5.85,81.5,36.8,17.7
2026-04-17 06:56:40,0.0,90.4,113.3,6.22,80.4,36.9,17.7
2026-04-17 06:56:40,0.0,85.5,108.3,6.18,82.0,38.8,17.8
2026-04-17 06:56:40,0.0,98.5,112.7,6.84,82.0,42.4,17.8
2026-04-17 06:56:40,0.0,86.7,108.3,6.45,81.0,38.1,17.8
2026-04-17 06:56:40,0.0,106.1,117.8,6.54,82.0,42.6,17.8
2026-04-17 06:56:41,0.0,100.9,123.9,6.21,81.0,37.9,17.8
2026-04-17 06:56:41,0.0,95.0,118.0,6.22,81.5,33.3,17.8
2026-04-17 06:56:41,0.0,118.6,141.7,5.26,82.6,42.1,17.8
2026-04-17 06:56:41,0.0,86.2,100.2,7.45,82.6,39.2,17.8
2026-04-17 06:56:41,0.0,107.8,131.7,5.29,82.6,31.5,17.8
2026-04-17 06:56:41,0.0,100.3,123.4,6.32,82.6,39.7,17.9
2026-04-17 06:56:42,0.0,106.7,129.9,5.78,81.5,40.6,17.9
2026-04-17 06:56:42,0.0,94.0,117.2,6.5,81.0,39.1,17.9
2026-04-17 06:56:42,0.0,115.2,137.5,5.32,82.6,37.5,18.0
2026-04-17 06:56:42,0.0,93.6,111.3,6.9,81.5,40.4,18.0
2026-04-17 06:56:42,0.0,92.7,114.4,6.02,82.0,33.8,18.0
2026-04-17 06:56:42,0.0,90.6,113.5,6.09,82.0,37.9,18.0
2026-04-17 06:56:42,0.0,88.7,111.6,6.08,82.0,38.8,18.0
2026-04-17 06:56:43,0.0,96.6,119.5,5.73,81.0,40.3,18.0
2026-04-17 06:56:43,0.0,88.5,111.8,6.3,82.0,37.5,18.0
2026-04-17 06:56:43,0.0,87.0,108.5,6.06,82.0,35.9,18.0
2026-04-17 06:56:43,0.0,102.5,106.3,6.71,83.2,55.2,18.0
2026-04-17 06:56:43,0.0,88.3,111.5,6.57,84.2,39.3,18.1
2026-04-17 06:56:43,0.0,89.1,112.0,5.98,82.6,37.3,18.1
2026-04-17 06:56:44,0.0,112.5,133.0,5.26,81.0,38.2,18.1
2026-04-17 06:56:44,0.0,95.3,117.4,6.63,83.2,34.5,18.1
2026-04-17 06:56:44,0.0,102.2,124.4,5.81,82.6,40.0,18.2
2026-04-17 06:56:44,0.0,91.1,114.2,6.43,82.6,39.1,18.2
2026-04-17 06:56:44,0.0,107.2,130.7,5.46,82.6,36.6,18.2
2026-04-17 06:56:44,0.0,120.9,143.9,5.56,81.0,41.7,18.2
2026-04-17 06:56:45,0.0,120.2,136.1,5.9,82.6,40.6,18.3
2026-04-17 06:56:45,0.0,86.2,108.5,6.17,82.6,34.9,18.3
2026-04-17 06:56:45,0.0,94.8,108.1,7.05,82.0,44.8,18.3
2026-04-17 06:56:45,0.0,122.6,140.4,5.14,82.6,44.7,18.3
2026-04-17 06:56:45,0.0,99.0,120.6,5.68,81.5,38.0,18.2
2026-04-17 06:56:45,0.0,88.4,111.6,6.4,81.5,35.0,18.2
2026-04-17 06:56:46,0.0,102.2,113.8,6.77,83.2,45.6,18.2
2026-04-17 06:56:46,0.0,111.7,134.8,5.7,83.2,36.2,18.3
2026-04-17 06:56:46,0.0,100.0,119.0,6.46,81.0,44.8,18.3
2026-04-17 06:56:46,0.0,96.8,120.5,6.1,81.5,35.5,18.3
2026-04-17 06:56:46,0.0,91.1,114.0,6.24,81.0,40.0,18.2
2026-04-17 06:56:46,0.0,102.2,125.0,5.63,82.6,37.1,18.2
2026-04-17 06:56:47,0.0,102.8,125.9,5.98,81.5,35.9,18.2
2026-04-17 06:56:47,0.0,94.2,119.0,6.26,82.6,42.2,18.2
2026-04-17 06:56:47,0.0,121.2,144.2,5.21,81.0,36.0,18.2
2026-04-17 06:56:47,0.0,87.3,110.3,6.03,81.5,32.3,18.2
2026-04-17 06:56:47,0.0,99.4,110.6,6.88,82.0,50.9,18.2
2026-04-17 06:56:47,0.0,97.6,119.4,6.06,82.6,37.1,18.2
2026-04-17 06:56:48,0.0,91.3,114.2,6.24,82.6,39.4,18.2
2026-04-17 06:56:48,0.0,88.5,111.4,6.1,81.5,35.9,18.1
2026-04-17 06:56:48,0.0,90.3,114.2,5.91,81.5,36.4,18.1
2026-04-17 06:56:48,0.0,107.2,130.0,5.48,81.5,35.2,18.1
2026-04-17 06:56:48,0.0,107.1,129.9,6.0,81.5,42.0,18.1
2026-04-17 06:56:48,0.0,97.6,120.6,6.36,82.0,36.1,18.1
2026-04-17 06:56:49,0.0,95.5,118.6,6.07,82.0,35.4,18.0
2026-04-17 06:56:49,0.0,94.3,115.1,6.05,82.0,48.5,18.1
2026-04-17 06:56:49,0.0,91.3,114.5,6.11,81.5,35.9,18.1
2026-04-17 06:56:49,0.0,117.1,139.3,5.16,82.6,35.5,18.1
2026-04-17 06:56:49,0.0,95.0,111.3,6.9,82.6,40.0,18.1
2026-04-17 06:56:49,0.0,109.4,130.9,5.57,81.0,39.4,18.1
2026-04-17 06:56:50,0.0,105.7,128.8,6.15,83.2,40.0,18.0
2026-04-17 06:56:50,0.0,89.6,112.6,6.66,82.0,43.8,18.1
2026-04-17 06:56:50,0.0,89.0,111.8,6.03,82.6,33.3,18.1
2026-04-17 06:56:50,0.0,88.0,95.5,7.56,82.6,43.4,18.2
2026-04-17 06:56:50,0.0,110.7,122.3,6.41,83.2,43.5,18.2
2026-04-17 06:56:50,0.0,105.3,127.5,6.21,82.0,39.3,18.3
2026-04-17 06:56:51,0.0,98.5,118.4,6.25,82.6,38.5,18.3
2026-04-17 06:56:51,0.0,112.4,120.8,5.54,82.6,47.1,18.3
2026-04-17 06:56:51,0.0,92.5,113.1,6.82,83.7,40.7,18.3
2026-04-17 06:56:51,0.0,91.0,114.4,6.04,83.2,36.9,18.3
2026-04-17 06:56:51,0.0,99.0,120.0,5.74,80.4,39.4,18.3
2026-04-17 06:56:51,0.0,90.0,113.0,6.35,81.5,34.4,18.3
2026-04-17 06:56:52,0.0,110.5,133.4,5.35,82.0,37.3,18.3
2026-04-17 06:56:52,0.0,143.1,164.4,5.02,83.7,47.4,18.3
2026-04-17 06:56:52,0.0,91.2,114.3,6.73,81.5,39.0,18.4
2026-04-17 06:56:52,0.0,111.3,135.2,5.35,82.0,34.7,18.4
2026-04-17 06:56:52,0.0,88.7,105.5,6.98,82.6,40.4,18.4
2026-04-17 06:56:52,0.0,116.8,139.4,5.13,81.5,37.7,18.4
2026-04-17 06:56:53,0.0,105.2,121.1,6.45,81.5,41.0,18.4
2026-04-17 06:56:53,0.0,111.1,134.0,5.8,81.0,39.7,18.4
2026-04-17 06:56:53,0.0,85.6,107.6,7.06,82.0,43.3,18.4
2026-04-17 06:56:53,0.0,104.1,118.5,6.55,82.6,42.4,18.4
2026-04-17 06:56:53,0.0,103.8,127.0,6.06,82.6,38.1,18.4
2026-04-17 06:56:53,0.0,90.0,112.9,6.55,82.6,41.0,18.4
2026-04-17 06:56:54,0.0,89.9,112.5,6.0,81.5,38.2,18.4
2026-04-17 06:56:54,0.0,285.1,309.9,2.71,81.5,79.3,17.7
2026-04-17 06:56:54,0.0,104.9,127.6,5.57,81.5,34.3,17.7
2026-04-17 06:56:54,0.0,92.8,116.1,6.46,82.0,50.0,17.7
2026-04-17 06:56:54,0.0,90.0,113.1,6.12,82.6,38.5,17.7
2026-04-17 06:56:55,0.0,110.2,133.4,5.35,81.5,33.3,17.7
2026-04-17 06:56:55,0.0,89.6,112.2,6.87,82.6,40.3,17.7
2026-04-17 06:56:55,0.0,113.2,136.1,5.25,82.0,35.7,17.8
2026-04-17 06:56:55,0.0,95.8,115.5,6.71,82.0,40.0,17.8
2026-04-17 06:56:55,0.0,109.6,132.3,5.54,82.0,41.1,17.8
2026-04-17 06:56:55,0.0,91.5,114.6,6.74,81.5,39.3,17.8
2026-04-17 06:56:56,0.0,86.9,109.6,6.1,82.0,34.4,17.8
2026-04-17 06:56:56,0.0,85.1,108.6,6.11,82.0,35.9,17.8
2026-04-17 06:56:56,0.0,89.3,102.8,7.31,82.0,43.9,17.9
2026-04-17 06:56:56,0.0,89.9,112.5,5.98,82.6,36.9,17.9
2026-04-17 06:56:56,0.0,105.9,129.0,5.48,82.0,36.1,17.9
2026-04-17 06:56:56,0.0,96.3,118.7,6.37,81.0,40.9,17.9
2026-04-17 06:56:57,0.0,110.5,133.5,5.53,81.0,37.7,17.9
2026-04-17 06:56:57,0.0,119.0,133.5,5.7,82.6,49.3,17.8
2026-04-17 06:56:57,0.0,97.3,110.5,6.93,81.0,43.1,17.9
2026-04-17 06:56:57,0.0,105.0,128.1,5.73,82.6,36.2,17.9
2026-04-17 06:56:57,0.0,94.4,117.4,6.41,82.6,38.6,17.9
2026-04-17 06:56:57,0.0,118.7,143.4,5.19,82.6,41.0,17.9
2026-04-17 06:56:58,0.0,105.9,117.9,6.57,81.0,39.0,17.9
2026-04-17 06:56:58,0.0,108.1,134.5,5.82,82.0,35.4,17.9
2026-04-17 06:56:58,0.0,90.6,104.6,6.86,82.6,51.7,17.8
2026-04-17 06:56:58,0.0,109.5,132.2,5.39,81.5,41.6,17.9
2026-04-17 06:56:58,0.0,100.3,123.3,6.36,81.5,40.3,17.9
2026-04-17 06:56:58,0.0,87.5,110.5,6.5,82.0,36.7,17.8
2026-04-17 06:56:59,0.0,109.2,121.4,6.45,83.2,42.4,17.8
2026-04-17 06:56:59,0.0,102.3,125.4,6.26,82.6,38.1,17.8
2026-04-17 06:56:59,0.0,95.4,118.1,6.26,83.2,39.1,17.8
2026-04-17 06:56:59,0.0,107.7,130.5,5.59,83.7,38.9,17.8
2026-04-17 06:56:59,0.0,103.1,126.2,6.18,82.6,39.7,17.8
2026-04-17 06:56:59,0.0,93.0,115.8,6.39,81.5,37.1,17.8
2026-04-17 06:57:00,0.0,92.7,116.4,5.98,82.6,36.9,17.7
2026-04-17 06:57:00,0.0,105.2,125.8,5.6,81.5,38.0,17.8
2026-04-17 06:57:00,0.0,111.1,132.0,5.81,82.6,37.7,17.8
2026-04-17 06:57:00,0.0,93.3,115.4,6.7,82.6,41.7,17.8
2026-04-17 06:57:00,0.0,90.9,106.4,6.1,83.2,41.9,17.8
2026-04-17 06:57:00,0.0,96.6,124.7,5.63,81.5,38.4,17.9
2026-04-17 06:57:01,0.0,93.2,116.3,6.35,82.0,36.1,17.8
2026-04-17 06:57:01,0.0,89.0,110.7,6.15,81.0,36.9,17.8
2026-04-17 06:57:01,0.0,86.9,113.4,5.95,82.0,35.4,17.8
2026-04-17 06:57:01,0.0,97.7,120.7,5.76,81.5,41.7,17.9
2026-04-17 06:57:01,0.0,96.7,119.8,6.03,82.6,35.4,17.8
2026-04-17 06:57:01,0.0,95.5,115.2,6.04,82.0,37.9,17.9
2026-04-17 06:57:02,0.0,94.0,116.2,6.05,82.0,37.5,17.9
2026-04-17 06:57:02,0.0,93.1,114.2,6.04,82.0,35.8,17.9
2026-04-17 06:57:02,0.0,104.8,127.0,5.61,83.2,43.1,17.9
2026-04-17 06:57:02,0.0,99.4,122.6,6.13,81.0,40.3,17.9
2026-04-17 06:57:02,0.0,90.2,113.1,6.44,81.0,36.1,17.9
2026-04-17 06:57:02,0.0,86.1,108.9,6.16,83.2,39.4,17.9
2026-04-17 06:57:02,0.0,90.3,99.8,7.27,81.0,54.7,17.9
2026-04-17 06:57:03,0.0,88.5,111.3,6.07,82.0,35.4,17.9
2026-04-17 06:57:03,0.0,120.2,143.5,5.04,82.6,34.7,17.9
2026-04-17 06:57:03,0.0,86.3,98.6,7.56,82.0,32.7,17.9
2026-04-17 06:57:03,0.0,95.5,108.8,7.01,82.6,44.4,17.9
2026-04-17 06:57:03,0.0,97.3,120.4,5.94,82.6,37.9,17.9
2026-04-17 06:57:03,0.0,97.4,120.3,6.0,82.6,37.3,17.9
2026-04-17 06:57:04,0.0,88.4,111.4,6.34,82.6,40.9,17.9
2026-04-17 06:57:04,0.0,101.6,122.6,5.56,81.5,36.2,17.9
2026-04-17 06:57:04,0.0,108.8,129.0,5.76,82.6,40.8,18.0
2026-04-17 06:57:04,0.0,90.1,112.5,6.76,82.6,36.4,18.0
2026-04-17 06:57:04,0.0,110.7,133.6,5.35,83.2,37.3,18.0
2026-04-17 06:57:04,0.0,92.8,114.8,6.72,82.6,41.7,18.0
2026-04-17 06:57:05,0.0,92.0,104.2,6.03,83.2,47.8,18.0
2026-04-17 06:57:05,0.0,103.0,123.5,5.59,82.6,38.0,18.0
2026-04-17 06:57:05,0.0,112.4,135.3,5.73,83.2,37.1,18.1
2026-04-17 06:57:05,0.0,87.4,108.2,7.05,82.0,36.5,18.1
2026-04-17 06:57:05,0.0,124.2,136.7,5.87,82.0,42.4,18.1
2026-04-17 06:57:05,0.0,98.0,120.9,5.77,82.0,36.8,18.1
2026-04-17 06:57:06,0.0,102.7,125.8,5.84,83.2,40.6,18.0
2026-04-17 06:57:06,0.0,91.8,114.9,6.42,82.6,39.1,18.0
2026-04-17 06:57:06,0.0,84.7,107.4,6.26,81.5,33.3,18.0
2026-04-17 06:57:06,0.0,93.6,105.2,7.04,84.2,45.0,18.1
2026-04-17 06:57:06,0.0,125.5,148.4,5.04,82.6,35.1,18.0
2026-04-17 06:57:06,0.0,102.9,124.8,5.63,81.5,32.9,18.1
2026-04-17 06:57:07,0.0,87.6,108.9,6.61,82.0,41.0,18.1
2026-04-17 06:57:07,0.0,129.1,141.2,5.72,82.6,54.4,18.2
2026-04-17 06:57:07,0.0,109.6,132.6,5.51,83.2,38.0,18.2
2026-04-17 06:57:07,0.0,117.7,140.1,5.75,83.7,37.7,18.3
2026-04-17 06:57:07,0.0,95.1,110.7,6.93,83.2,45.8,18.3
2026-04-17 06:57:07,0.0,105.6,128.6,5.67,82.6,38.9,18.3
2026-04-17 06:57:08,0.0,102.5,125.5,6.12,81.5,38.5,18.3
2026-04-17 06:57:08,0.0,140.0,163.3,4.9,81.0,43.5,18.3
2026-04-17 06:57:08,0.0,92.1,115.2,6.58,83.2,35.1,18.3
2026-04-17 06:57:08,0.0,95.1,118.0,5.9,81.5,34.4,18.4
2026-04-17 06:57:08,0.0,93.6,115.1,6.05,82.0,38.8,18.4
2026-04-17 06:57:08,0.0,98.1,120.1,5.85,81.5,35.4,18.4
2026-04-17 06:57:09,0.0,107.7,131.3,5.66,82.6,37.7,18.4
2026-04-17 06:57:09,0.0,106.6,129.5,6.07,83.2,41.2,18.4
2026-04-17 06:57:09,0.0,117.9,141.0,5.62,83.2,44.3,18.4
2026-04-17 06:57:09,0.0,88.0,103.1,7.32,83.2,43.1,18.4
2026-04-17 06:57:09,0.0,109.0,131.4,5.33,82.0,40.5,18.4
2026-04-17 06:57:09,0.0,101.6,124.5,6.29,83.2,38.1,18.4
2026-04-17 06:57:10,0.0,96.8,119.2,6.17,83.2,40.0,18.4
2026-04-17 06:57:10,0.0,88.7,111.9,6.31,81.5,41.8,18.4
2026-04-17 06:57:10,0.0,86.5,108.7,6.09,81.5,33.3,18.4
2026-04-17 06:57:10,0.0,84.2,97.1,7.64,81.5,38.0,18.4
2026-04-17 06:57:10,0.0,122.5,138.9,5.78,83.2,40.6,18.5
2026-04-17 06:57:10,0.0,93.0,115.8,5.92,81.5,36.2,18.5
2026-04-17 06:57:11,0.0,102.6,125.6,5.67,83.2,39.4,18.5
2026-04-17 06:57:11,0.0,110.2,133.2,5.74,82.6,35.4,18.5
2026-04-17 06:57:11,0.0,116.9,139.6,5.77,82.6,42.9,18.5
2026-04-17 06:57:11,0.0,92.2,108.5,7.02,82.6,38.6,18.5
2026-04-17 06:57:11,0.0,123.5,151.0,4.94,81.5,42.5,18.5
2026-04-17 06:57:12,0.0,106.3,132.4,5.53,82.0,34.3,18.5
2026-04-17 06:57:12,0.0,89.1,112.1,6.83,81.5,39.7,18.5
2026-04-17 06:57:12,0.0,86.7,106.9,6.09,82.6,36.5,18.5
2026-04-17 06:57:12,0.0,111.0,121.8,6.35,82.0,41.9,18.5
2026-04-17 06:57:12,0.0,90.0,112.0,6.87,81.5,40.4,18.5
2026-04-17 06:57:12,0.0,108.6,131.1,5.41,82.6,36.5,18.4
2026-04-17 06:57:12,0.0,97.6,120.5,6.42,82.0,40.6,18.4
2026-04-17 06:57:13,0.0,99.5,129.3,5.7,82.6,35.3,18.4
2026-04-17 06:57:13,0.0,109.9,132.9,5.88,83.2,41.4,18.5
2026-04-17 06:57:13,0.0,107.9,130.9,6.08,82.0,43.3,18.5
2026-04-17 06:57:13,0.0,88.4,109.5,6.79,83.7,41.5,18.4
2026-04-17 06:57:13,0.0,96.1,119.1,5.74,83.2,43.1,18.4
2026-04-17 06:57:13,0.0,87.7,110.6,6.33,81.5,36.9,18.5
2026-04-17 06:57:14,0.0,105.8,118.4,6.57,83.7,45.2,18.5
2026-04-17 06:57:14,0.0,87.6,107.8,6.77,82.6,39.7,18.4
2026-04-17 06:57:14,0.0,97.1,108.8,7.0,81.5,41.1,18.4
2026-04-17 06:57:14,0.0,106.5,130.2,5.66,83.2,38.0,18.4
2026-04-17 06:57:14,0.0,112.9,133.5,5.81,83.2,39.1,18.4
2026-04-17 06:57:14,0.0,102.5,122.3,6.41,82.0,43.8,18.4
2026-04-17 06:57:15,0.0,111.3,134.3,5.7,82.6,39.4,18.5
2026-04-17 06:57:15,0.0,88.6,113.5,6.8,83.2,41.4,18.5
2026-04-17 06:57:15,0.0,94.7,117.9,5.89,82.0,38.8,18.5
2026-04-17 06:57:15,0.0,108.7,131.5,5.54,82.6,35.2,18.5
2026-04-17 06:57:15,0.0,99.8,122.2,6.34,83.2,42.2,18.5
2026-04-17 06:57:15,0.0,102.5,125.4,5.9,82.6,37.1,18.5
2026-04-17 06:57:16,0.0,113.9,135.7,5.61,81.0,40.6,18.5
2026-04-17 06:57:16,0.0,111.2,131.1,6.07,82.6,40.9,18.6
2026-04-17 06:57:16,0.0,102.2,122.4,6.39,83.2,43.9,18.5
2026-04-17 06:57:16,0.0,315.4,349.9,2.56,83.7,83.3,18.0
2026-04-17 06:57:16,0.0,97.9,120.2,5.85,82.6,44.8,18.0
2026-04-17 06:57:17,0.0,92.5,114.4,6.2,83.2,47.6,17.8
2026-04-17 06:57:17,0.0,120.4,143.4,5.15,82.6,36.5,17.8
2026-04-17 06:57:17,0.0,89.9,98.5,7.34,82.0,40.4,17.8
2026-04-17 06:57:17,0.0,152.5,174.5,4.36,82.0,38.2,17.8
2026-04-17 06:57:17,0.0,110.0,122.9,6.37,82.6,46.2,17.8
2026-04-17 06:57:17,0.0,93.8,116.6,6.65,81.5,33.9,17.9
2026-04-17 06:57:18,0.0,95.4,122.6,5.8,82.0,40.0,17.8
2026-04-17 06:57:18,0.0,88.6,111.5,6.4,82.6,41.3,17.8
2026-04-17 06:57:18,0.0,91.0,113.4,5.94,82.0,35.8,17.8
2026-04-17 06:57:18,0.0,92.7,115.6,5.95,83.2,39.1,17.8
2026-04-17 06:57:18,0.0,103.2,125.8,5.64,82.6,37.1,17.8
2026-04-17 06:57:18,0.0,96.0,116.2,6.27,82.0,38.1,17.8
2026-04-17 06:57:19,0.0,88.3,111.4,6.29,83.7,36.5,17.8
2026-04-17 06:57:19,0.0,94.7,117.6,5.78,83.2,46.5,17.8
2026-04-17 06:57:19,0.0,109.7,132.8,5.51,83.2,32.8,17.9
2026-04-17 06:57:19,0.0,89.9,112.9,6.81,83.2,38.3,17.9
2026-04-17 06:57:19,0.0,102.5,125.3,5.58,83.2,41.1,17.9
2026-04-17 06:57:19,0.0,88.5,110.6,6.55,82.0,39.3,17.9
2026-04-17 06:57:20,0.0,94.3,117.3,5.8,82.6,37.1,17.9
2026-04-17 06:57:20,0.0,105.1,127.8,5.64,82.6,35.3,17.9
2026-04-17 06:57:20,0.0,115.6,138.5,5.64,82.0,41.4,17.9
2026-04-17 06:57:20,0.0,92.1,109.3,7.0,82.6,36.4,17.9
2026-04-17 06:57:20,0.0,87.9,108.7,6.15,83.2,38.5,17.9
2026-04-17 06:57:20,0.0,90.9,112.9,5.86,82.0,32.8,17.8
2026-04-17 06:57:21,0.0,89.1,112.1,6.09,82.0,35.9,17.8
2026-04-17 06:57:21,0.0,111.0,134.0,5.31,82.6,38.2,17.8
2026-04-17 06:57:21,0.0,101.3,123.2,6.38,83.2,42.6,17.8
2026-04-17 06:57:21,0.0,87.7,110.7,6.53,82.0,40.3,17.8
2026-04-17 06:57:21,0.0,103.7,115.7,6.7,82.6,45.8,17.8
2026-04-17 06:57:21,0.0,95.1,117.6,6.33,82.6,42.2,17.8
2026-04-17 06:57:22,0.0,97.4,120.3,5.93,82.6,37.3,17.9
2026-04-17 06:57:22,0.0,105.6,127.7,5.72,83.2,42.3,17.8
2026-04-17 06:57:22,0.0,89.2,111.1,6.66,83.2,42.6,17.9
2026-04-17 06:57:22,0.0,90.1,113.3,5.97,82.6,33.3,17.9
2026-04-17 06:57:22,0.0,96.1,119.4,5.77,82.6,36.2,17.9
2026-04-17 06:57:22,0.0,109.0,131.2,5.59,82.6,39.7,17.9
2026-04-17 06:57:23,0.0,101.0,123.9,6.31,83.7,33.9,17.9
2026-04-17 06:57:23,0.0,105.7,128.9,5.83,83.2,43.7,17.9
2026-04-17 06:57:23,0.0,106.9,129.5,5.96,83.2,40.6,17.9
2026-04-17 06:57:23,0.0,90.9,113.8,6.65,82.0,39.7,17.9
2026-04-17 06:57:23,0.0,112.5,134.0,5.32,82.0,37.8,17.8
2026-04-17 06:57:23,0.0,96.8,117.4,6.62,82.6,41.7,17.8
2026-04-17 06:57:24,0.0,93.8,94.7,7.57,83.2,52.1,17.8
2026-04-17 06:57:24,0.0,101.1,124.0,5.82,81.5,36.8,17.7
2026-04-17 06:57:24,0.0,97.7,120.8,6.13,82.6,32.8,17.7
2026-04-17 06:57:24,0.0,113.7,141.0,5.35,83.2,35.2,17.8
2026-04-17 06:57:24,0.0,98.3,113.1,6.81,81.5,39.7,17.7
2026-04-17 06:57:24,0.0,110.2,130.0,5.59,83.2,40.3,17.7
2026-04-17 06:57:25,0.0,107.3,130.0,6.09,81.5,38.7,17.7
2026-04-17 06:57:25,0.0,99.9,121.6,6.3,82.6,35.0,17.7
2026-04-17 06:57:25,0.0,106.1,129.6,5.77,83.7,47.1,17.8
2026-04-17 06:57:25,0.0,98.0,121.0,6.33,83.2,40.3,17.8
2026-04-17 06:57:25,0.0,102.7,126.2,5.82,82.6,37.3,17.9
2026-04-17 06:57:25,0.0,123.9,147.1,5.34,82.6,41.6,17.9
2026-04-17 06:57:26,0.0,105.0,127.9,5.53,82.6,37.3,17.9
2026-04-17 06:57:26,0.0,91.4,111.6,6.54,81.5,39.3,17.9
2026-04-17 06:57:26,0.0,87.8,105.2,6.13,82.6,35.9,17.9
2026-04-17 06:57:26,0.0,94.2,109.1,7.01,84.2,42.1,18.0
2026-04-17 06:57:26,0.0,111.4,132.0,5.53,82.0,46.4,18.1
2026-04-17 06:57:26,0.0,90.2,110.0,6.88,83.2,37.5,18.1
2026-04-17 06:57:27,0.0,92.9,115.7,5.91,82.6,36.9,18.1
2026-04-17 06:57:27,0.0,99.0,117.2,5.8,83.2,36.4,18.1
2026-04-17 06:57:27,0.0,108.6,131.6,5.67,83.2,36.9,18.1
2026-04-17 06:57:27,0.0,120.3,141.3,5.61,82.6,40.3,18.2
2026-04-17 06:57:27,0.0,92.7,104.9,7.19,83.2,34.0,18.2
2026-04-17 06:57:27,0.0,106.0,132.8,5.45,83.2,39.2,18.2
2026-04-17 06:57:28,0.0,109.3,132.3,6.02,82.6,40.9,18.2
2026-04-17 06:57:28,0.0,113.0,134.4,5.87,83.2,50.0,18.2
2026-04-17 06:57:28,0.0,113.6,133.7,5.98,82.6,41.2,18.2
2026-04-17 06:57:28,0.0,92.2,111.7,6.88,83.2,40.4,18.2
2026-04-17 06:57:28,0.0,96.8,120.5,5.82,82.6,35.3,18.3
2026-04-17 06:57:28,0.0,86.3,108.1,6.43,83.2,39.7,18.3
2026-04-17 06:57:29,0.0,107.6,119.0,6.47,83.2,41.7,18.3
2026-04-17 06:57:29,0.0,125.0,148.0,5.44,82.0,37.5,18.3
2026-04-17 06:57:29,0.0,120.1,143.2,5.13,82.0,34.2,18.3
2026-04-17 06:57:29,0.0,89.3,102.2,7.35,82.6,43.9,18.3
2026-04-17 06:57:29,0.0,123.3,126.0,5.99,83.2,50.0,18.3
2026-04-17 06:57:29,0.0,112.3,133.4,5.29,81.5,34.2,18.3
2026-04-17 06:57:30,0.0,96.9,117.2,6.62,83.2,40.4,18.2
2026-04-17 06:57:30,0.0,104.4,127.4,5.75,83.7,37.7,18.2
2026-04-17 06:57:30,0.0,121.5,144.5,5.44,79.8,41.1,18.2
2026-04-17 06:57:30,0.0,88.6,111.5,5.99,81.5,37.1,18.3
2026-04-17 06:57:30,0.0,104.2,129.5,5.42,83.2,38.4,18.2
2026-04-17 06:57:30,0.0,92.9,116.1,6.53,82.0,41.9,18.3
2026-04-17 06:57:31,0.0,109.1,132.4,5.47,84.2,47.3,18.3
2026-04-17 06:57:31,0.0,107.4,130.6,6.07,82.6,36.5,18.3
2026-04-17 06:57:31,0.0,105.5,128.5,6.07,82.6,39.4,18.3
2026-04-17 06:57:31,0.0,91.5,114.8,6.54,82.6,38.7,18.3
2026-04-17 06:57:31,0.0,103.5,126.1,5.6,83.2,38.4,18.3
2026-04-17 06:57:31,0.0,107.6,130.4,5.86,83.2,39.1,18.3
2026-04-17 06:57:32,0.0,90.8,116.5,6.57,83.2,41.0,18.3
2026-04-17 06:57:32,0.0,108.6,131.8,5.5,81.5,44.9,18.3
2026-04-17 06:57:32,0.0,88.4,111.5,6.73,83.2,35.1,18.2
2026-04-17 06:57:32,0.0,95.8,118.1,5.82,83.2,40.0,18.1
2026-04-17 06:57:32,0.0,92.5,112.3,6.12,82.6,38.5,18.1
2026-04-17 06:57:32,0.0,111.2,134.1,5.4,83.7,36.1,18.1
2026-04-17 06:57:33,0.0,109.5,131.4,6.07,82.6,39.1,18.1
2026-04-17 06:57:33,0.0,110.8,134.3,5.94,82.6,45.3,18.1
2026-04-17 06:57:33,0.0,91.9,113.5,6.8,83.2,39.3,18.1
2026-04-17 06:57:33,0.0,89.8,113.4,6.06,83.2,35.9,18.1
2026-04-17 06:57:33,0.0,91.7,113.9,5.95,83.2,33.3,18.1
2026-04-17 06:57:33,0.0,94.1,116.7,5.91,82.0,36.4,18.1
2026-04-17 06:57:34,0.0,90.4,113.5,6.15,81.5,38.5,18.1
2026-04-17 06:57:34,0.0,114.7,137.2,5.24,82.6,35.1,18.2
2026-04-17 06:57:34,0.0,95.0,112.0,6.82,82.0,42.4,18.2
2026-04-17 06:57:34,0.0,98.5,119.3,5.88,82.6,37.7,18.2
2026-04-17 06:57:34,0.0,105.7,127.4,5.75,83.2,37.7,18.2
2026-04-17 06:57:34,0.0,105.5,128.5,6.0,83.2,47.3,18.2
2026-04-17 06:57:35,0.0,86.6,109.4,6.78,82.6,40.0,18.2
2026-04-17 06:57:35,0.0,91.9,105.4,7.16,83.2,45.5,18.2
2026-04-17 06:57:35,0.0,90.9,113.9,6.08,82.6,40.3,18.2
2026-04-17 06:57:35,0.0,103.5,126.8,5.58,82.6,36.6,18.2
2026-04-17 06:57:35,0.0,104.6,125.5,5.95,81.5,42.9,18.2
2026-04-17 06:57:35,0.0,114.7,137.9,5.67,82.0,41.7,18.2
2026-04-17 06:57:36,0.0,110.4,128.7,6.16,83.2,40.6,18.2
2026-04-17 06:57:36,0.0,91.1,113.2,6.79,82.6,40.7,18.2
2026-04-17 06:57:36,0.0,100.3,124.7,5.65,82.6,34.8,18.2
2026-04-17 06:57:36,0.0,110.8,133.9,5.64,83.2,35.7,18.2
2026-04-17 06:57:36,0.0,96.1,116.0,6.65,82.0,44.3,18.2
2026-04-17 06:57:36,0.0,111.2,133.2,5.5,83.2,35.7,18.2
2026-04-17 06:57:37,0.0,89.0,110.5,6.92,82.0,41.1,18.3
2026-04-17 06:57:37,0.0,106.6,126.6,5.38,82.6,50.0,18.3
2026-04-17 06:57:37,0.0,88.7,111.6,6.81,81.5,36.2,18.3
2026-04-17 06:57:37,0.0,91.7,114.6,5.9,82.6,37.3,18.3
2026-04-17 06:57:37,0.0,102.0,121.9,5.6,84.8,32.8,18.3
2026-04-17 06:57:37,0.0,96.8,119.9,6.26,82.6,36.5,18.3
2026-04-17 06:57:38,0.0,92.4,116.1,6.14,82.0,40.9,18.3
2026-04-17 06:57:38,0.0,259.5,282.7,3.0,83.2,71.0,18.3
2026-04-17 06:57:38,0.0,113.8,152.1,4.91,83.7,73.1,18.0
2026-04-17 06:57:38,0.0,91.1,114.3,6.2,83.2,34.9,17.9
2026-04-17 06:57:38,0.0,102.4,123.2,5.63,82.0,37.1,17.9
2026-04-17 06:57:39,0.0,112.7,135.4,5.64,82.0,40.8,18.0
2026-04-17 06:57:39,0.0,128.6,148.1,5.49,82.0,35.2,18.0
2026-04-17 06:57:39,0.0,96.4,119.3,5.96,83.2,37.9,17.9
2026-04-17 06:57:39,0.0,99.2,120.7,5.9,82.6,39.1,17.9
2026-04-17 06:57:39,0.0,119.3,142.3,5.36,83.2,44.4,17.9
2026-04-17 06:57:39,0.0,109.8,123.5,6.37,83.7,40.7,17.9
2026-04-17 06:57:40,0.0,103.4,127.0,6.22,83.2,41.5,17.9
2026-04-17 06:57:40,0.0,103.4,126.6,6.02,82.0,36.4,17.9
2026-04-17 06:57:40,0.0,98.3,121.2,6.2,83.2,38.1,17.9
2026-04-17 06:57:40,0.0,107.6,130.4,5.69,82.6,38.2,17.9
2026-04-17 06:57:40,0.0,111.4,133.2,5.86,83.2,40.3,17.9
2026-04-17 06:57:40,0.0,92.1,114.2,6.74,82.6,41.7,17.9
2026-04-17 06:57:41,0.0,89.1,111.9,6.16,83.2,39.1,17.9
2026-04-17 06:57:41,0.0,109.7,131.0,5.34,81.5,37.3,17.9
2026-04-17 06:57:41,0.0,89.0,108.7,6.86,83.2,42.4,17.9
2026-04-17 06:57:41,0.0,88.7,113.0,5.97,82.6,32.8,17.9
2026-04-17 06:57:41,0.0,111.3,134.3,5.32,82.0,40.3,17.9
2026-04-17 06:57:41,0.0,89.2,111.1,6.91,83.2,39.7,18.0
2026-04-17 06:57:42,0.0,121.6,141.8,5.03,83.7,38.5,18.0
2026-04-17 06:57:42,0.0,113.2,136.0,5.16,84.8,39.2,18.0
2026-04-17 06:57:42,0.0,107.8,125.6,6.29,82.6,36.7,18.0
2026-04-17 06:57:42,0.0,95.1,116.7,6.5,83.2,42.2,18.0
2026-04-17 06:57:42,0.0,92.2,115.0,6.1,83.2,41.8,18.0
2026-04-17 06:57:43,0.0,87.7,108.2,6.18,82.0,36.9,18.1
2026-04-17 06:57:43,0.0,88.0,99.0,7.48,82.6,49.1,18.1
2026-04-17 06:57:43,0.0,111.2,134.7,5.26,83.2,43.0,18.1
2026-04-17 06:57:43,0.0,90.1,110.9,6.89,83.2,45.0,18.1
2026-04-17 06:57:43,0.0,118.0,140.9,5.14,83.2,31.5,18.0
2026-04-17 06:57:43,0.0,86.8,101.6,7.39,83.2,40.4,18.0
2026-04-17 06:57:43,0.0,90.6,102.5,7.3,83.2,41.5,18.1
2026-04-17 06:57:44,0.0,91.3,115.1,5.94,82.6,37.9,18.1
2026-04-17 06:57:44,0.0,103.8,126.9,5.61,83.2,36.1,18.1
2026-04-17 06:57:44,0.0,94.7,118.3,6.31,82.6,39.3,18.1
2026-04-17 06:57:44,0.0,88.8,111.9,6.26,82.6,38.5,18.1
2026-04-17 06:57:44,0.0,102.4,125.0,5.55,82.6,35.2,18.2
2026-04-17 06:57:44,0.0,92.6,113.7,6.38,83.2,37.7,18.2
2026-04-17 06:57:45,0.0,89.2,111.9,6.12,82.6,36.4,18.2
2026-04-17 06:57:45,0.0,107.8,134.5,5.3,81.5,36.0,18.2
2026-04-17 06:57:45,0.0,109.0,128.6,6.1,83.2,39.1,18.2
2026-04-17 06:57:45,0.0,95.2,118.2,6.54,82.0,41.9,18.1
2026-04-17 06:57:45,0.0,121.7,142.7,5.17,83.2,47.4,18.1
2026-04-17 06:57:45,0.0,87.3,110.3,6.06,83.2,37.3,18.1
2026-04-17 06:57:46,0.0,99.8,111.4,6.84,83.2,44.8,18.1
2026-04-17 06:57:46,0.0,104.7,127.9,5.84,83.7,37.7,18.1
2026-04-17 06:57:46,0.0,104.8,124.6,6.0,83.2,37.9,18.1
2026-04-17 06:57:46,0.0,100.9,124.3,6.14,82.0,40.0,18.1
2026-04-17 06:57:46,0.0,111.0,134.2,5.66,82.6,34.3,18.1
2026-04-17 06:57:46,0.0,94.2,116.1,6.68,82.6,39.7,18.1
2026-04-17 06:57:47,0.0,103.6,126.6,5.68,83.7,35.8,18.0
2026-04-17 06:57:47,0.0,112.0,133.1,5.72,83.2,39.7,18.0
2026-04-17 06:57:47,0.0,92.4,113.0,6.8,82.6,35.7,18.0
2026-04-17 06:57:47,0.0,112.4,122.7,5.36,81.5,47.4,18.0
2026-04-17 06:57:47,0.0,102.0,121.6,6.4,82.6,43.5,18.0
2026-04-17 06:57:47,0.0,115.9,138.9,5.54,83.2,36.1,18.0
2026-04-17 06:57:48,0.0,104.3,119.6,6.45,83.2,47.7,18.0
2026-04-17 06:57:48,0.0,94.6,117.4,6.38,83.7,39.7,18.0
2026-04-17 06:57:48,0.0,102.8,125.4,5.73,84.2,39.4,18.0
2026-04-17 06:57:48,0.0,103.3,125.7,5.98,83.7,39.7,18.0
2026-04-17 06:57:48,0.0,104.4,126.4,5.97,83.7,36.9,18.0
2026-04-17 06:57:48,0.0,92.5,115.6,6.46,83.2,42.2,18.0
2026-04-17 06:57:49,0.0,94.2,117.4,5.94,83.7,36.8,18.0
2026-04-17 06:57:49,0.0,90.7,114.1,6.12,82.6,39.4,17.9
2026-04-17 06:57:49,0.0,104.9,127.8,5.54,83.7,38.0,17.9
2026-04-17 06:57:49,0.0,98.4,121.9,6.23,82.0,37.9,17.9
2026-04-17 06:57:49,0.0,104.0,126.3,5.82,83.7,44.3,17.8
2026-04-17 06:57:49,0.0,99.9,121.5,6.15,83.2,36.5,17.8
2026-04-17 06:57:50,0.0,109.5,132.1,5.68,83.2,41.7,17.8
2026-04-17 06:57:50,0.0,103.6,126.5,6.22,82.6,38.7,17.8
2026-04-17 06:57:50,0.0,91.0,113.4,6.49,83.2,39.3,17.9
2026-04-17 06:57:50,0.0,91.3,114.5,5.99,83.2,32.8,17.9
2026-04-17 06:57:50,0.0,93.2,115.3,5.94,82.0,38.6,17.8
2026-04-17 06:57:51,0.0,155.8,178.1,4.36,82.6,40.7,17.9
2026-04-17 06:57:51,0.0,111.9,135.2,5.28,83.2,40.8,17.9
2026-04-17 06:57:51,0.0,117.3,135.7,5.82,82.6,47.1,17.9
2026-04-17 06:57:51,0.0,101.3,117.2,6.63,83.2,38.6,17.9
2026-04-17 06:57:51,0.0,105.7,128.4,5.85,84.2,41.2,18.0
2026-04-17 06:57:51,0.0,102.4,125.6,6.12,82.0,36.5,18.0
2026-04-17 06:57:52,0.0,111.7,134.7,5.68,82.6,36.2,18.0
2026-04-17 06:57:52,0.0,97.6,120.9,6.46,83.7,39.3,18.0
2026-04-17 06:57:52,0.0,99.8,121.8,5.96,82.0,40.9,18.1
2026-04-17 06:57:52,0.0,114.1,137.4,5.56,83.7,40.3,18.1
2026-04-17 06:57:52,0.0,99.0,115.4,6.61,83.7,38.6,18.1
2026-04-17 06:57:52,0.0,105.4,128.4,5.78,83.2,35.8,18.2
2026-04-17 06:57:53,0.0,89.9,113.0,6.62,82.6,38.7,18.2
2026-04-17 06:57:53,0.0,106.9,129.7,5.45,81.5,39.7,18.2
2026-04-17 06:57:53,0.0,110.2,133.2,5.88,82.0,38.8,18.2
2026-04-17 06:57:53,0.0,110.2,131.7,6.01,83.7,40.0,18.2
2026-04-17 06:57:53,0.0,97.5,120.3,6.5,83.7,36.7,18.2
2026-04-17 06:57:53,0.0,105.1,123.9,5.74,83.2,45.1,18.1
2026-04-17 06:57:54,0.0,130.0,153.5,5.21,84.8,36.1,18.1
2026-04-17 06:57:54,0.0,98.4,120.6,5.95,83.2,34.4,18.1
2026-04-17 06:57:54,0.0,99.8,122.2,5.94,84.2,40.8,18.1
2026-04-17 06:57:54,0.0,108.9,133.5,5.65,84.2,37.7,18.1
2026-04-17 06:57:54,0.0,104.4,127.0,6.22,83.2,43.7,18.1
2026-04-17 06:57:54,0.0,97.8,120.8,6.26,82.6,36.1,18.1
2026-04-17 06:57:55,0.0,101.6,124.5,5.87,83.2,35.4,18.1
2026-04-17 06:57:55,0.0,120.0,143.3,5.39,83.2,38.9,18.1
2026-04-17 06:57:55,0.0,92.0,104.3,7.25,83.7,38.9,18.1
2026-04-17 06:57:55,0.0,89.0,117.3,5.92,83.2,37.9,18.1
2026-04-17 06:57:55,0.0,103.6,126.5,5.69,84.8,38.9,18.1
2026-04-17 06:57:55,0.0,90.9,113.5,6.49,83.2,42.2,18.2
2026-04-17 06:57:56,0.0,100.1,114.7,5.69,83.2,46.5,18.2
2026-04-17 06:57:56,0.0,98.2,120.7,6.08,82.6,41.8,18.3
2026-04-17 06:57:56,0.0,90.2,113.2,6.3,82.6,36.1,18.3
2026-04-17 06:57:56,0.0,104.2,125.0,5.54,83.2,36.6,18.3
2026-04-17 06:57:56,0.0,91.1,114.6,6.47,82.0,40.6,18.3
2026-04-17 06:57:56,0.0,101.0,124.2,5.7,83.2,31.8,18.4
2026-04-17 06:57:57,0.0,97.9,120.3,6.12,83.2,38.8,18.4
2026-04-17 06:57:57,0.0,95.5,114.5,6.09,82.0,45.2,18.4
2026-04-17 06:57:57,0.0,94.8,117.9,6.03,82.0,38.1,18.4
2026-04-17 06:57:57,0.0,93.4,116.2,6.06,82.0,41.2,18.4
2026-04-17 06:57:57,0.0,99.4,122.5,5.79,82.6,32.8,18.4
2026-04-17 06:57:57,0.0,97.5,120.7,6.07,82.0,37.3,18.4
2026-04-17 06:57:58,0.0,389.2,410.8,2.18,83.7,77.1,17.6
2026-04-17 06:57:58,0.0,99.3,111.9,6.83,82.6,42.4,17.6
2026-04-17 06:57:58,0.0,107.5,131.6,5.75,82.0,35.8,17.5
2026-04-17 06:57:58,0.0,111.0,138.0,5.82,82.0,44.9,17.5
2026-04-17 06:57:58,0.0,112.8,128.1,6.09,83.7,41.8,17.5
2026-04-17 06:57:59,0.0,127.6,143.0,5.51,84.8,45.2,17.6
2026-04-17 06:57:59,0.0,95.7,118.7,5.95,84.2,38.2,17.6
2026-04-17 06:57:59,0.0,95.1,118.0,6.03,82.6,36.5,17.6
2026-04-17 06:57:59,0.0,119.6,141.9,5.23,83.7,46.3,17.5
2026-04-17 06:57:59,0.0,91.0,103.9,7.26,83.7,42.9,17.5
2026-04-17 06:58:00,0.0,94.6,118.3,5.85,83.7,38.2,17.6
2026-04-17 06:58:00,0.0,119.3,142.3,5.25,82.6,39.7,17.6
2026-04-17 06:58:00,0.0,104.8,120.2,6.5,83.7,44.4,17.6
2026-04-17 06:58:00,0.0,95.9,119.0,6.4,83.7,36.7,17.6
2026-04-17 06:58:00,0.0,89.9,113.2,6.23,84.2,38.5,17.6
2026-04-17 06:58:00,0.0,101.6,124.2,5.62,82.0,36.8,17.6
2026-04-17 06:58:01,0.0,114.1,136.1,5.58,82.6,39.4,17.6
2026-04-17 06:58:01,0.0,126.6,145.5,5.59,82.0,42.3,17.6
2026-04-17 06:58:01,0.0,103.8,127.5,5.63,82.0,40.5,17.6
2026-04-17 06:58:01,0.0,117.3,140.3,5.57,83.7,37.3,17.6
2026-04-17 06:58:01,0.0,97.4,113.1,6.82,83.7,37.0,17.6
2026-04-17 06:58:01,0.0,97.2,115.9,6.01,83.2,46.2,17.6
2026-04-17 06:58:02,0.0,102.9,126.0,5.8,83.7,35.8,17.6
2026-04-17 06:58:02,0.0,122.7,146.2,5.35,84.8,46.1,17.6
2026-04-17 06:58:02,0.0,105.1,130.0,5.44,82.6,38.0,17.7
2026-04-17 06:58:02,0.0,103.0,123.9,6.14,83.2,41.8,17.7
2026-04-17 06:58:02,0.0,100.1,123.3,6.11,83.2,35.5,17.7
2026-04-17 06:58:02,0.0,88.5,110.8,6.45,83.2,35.0,17.7
2026-04-17 06:58:03,0.0,119.9,141.6,5.04,83.2,39.2,17.7
2026-04-17 06:58:03,0.0,97.7,109.7,6.94,83.2,41.5,17.8
2026-04-17 06:58:03,0.0,114.2,137.3,5.46,82.0,41.7,17.8
2026-04-17 06:58:03,0.0,98.4,114.8,6.63,83.2,42.4,17.8
2026-04-17 06:58:03,0.0,141.1,164.1,4.78,83.2,39.0,17.8
2026-04-17 06:58:03,0.0,125.4,148.3,5.43,83.2,37.5,17.8
2026-04-17 06:58:04,0.0,87.4,110.1,6.18,82.0,37.5,17.8
2026-04-17 06:58:04,0.0,87.9,102.1,7.36,83.7,41.5,17.9
2026-04-17 06:58:04,0.0,86.9,113.2,5.99,83.2,36.4,17.9
2026-04-17 06:58:04,0.0,97.8,120.8,5.75,82.6,40.8,17.8
2026-04-17 06:58:04,0.0,88.1,111.2,6.37,83.2,34.4,17.8
2026-04-17 06:58:04,0.0,96.8,118.4,5.7,83.2,39.4,17.8
2026-04-17 06:58:05,0.0,95.3,118.1,6.06,84.8,34.4,17.8
2026-04-17 06:58:05,0.0,85.7,111.0,6.26,83.7,42.6,17.9
2026-04-17 06:58:05,0.0,114.8,138.1,5.18,84.2,39.7,17.9
2026-04-17 06:58:05,0.0,109.6,127.7,6.2,82.0,40.0,17.8
2026-04-17 06:58:05,0.0,89.0,107.9,6.85,83.2,39.7,17.8
2026-04-17 06:58:05,0.0,101.3,123.9,5.59,82.0,31.3,17.9
2026-04-17 06:58:06,0.0,127.7,150.2,5.18,82.6,45.5,17.9
2026-04-17 06:58:06,0.0,104.4,127.3,5.67,83.7,36.2,17.9
2026-04-17 06:58:06,0.0,105.2,128.8,5.96,83.7,40.3,17.9
2026-04-17 06:58:06,0.0,92.5,115.6,6.51,83.7,38.7,17.9
2026-04-17 06:58:06,0.0,94.0,116.3,5.93,83.7,37.3,17.8
2026-04-17 06:58:06,0.0,90.6,113.0,6.15,82.0,34.9,17.9
2026-04-17 06:58:07,0.0,105.6,128.6,5.51,82.0,41.3,17.9
2026-04-17 06:58:07,0.0,107.7,133.1,5.83,84.8,45.1,17.9
2026-04-17 06:58:07,0.0,106.5,128.6,6.15,82.0,41.3,17.9
2026-04-17 06:58:07,0.0,106.9,129.9,5.99,84.2,41.4,17.9
2026-04-17 06:58:07,0.0,94.8,117.2,6.47,83.7,39.3,17.9
2026-04-17 06:58:07,0.0,91.0,114.1,6.14,83.2,39.4,17.9
2026-04-17 06:58:08,0.0,127.1,150.0,4.93,83.7,39.5,17.9
2026-04-17 06:58:08,0.0,111.2,134.4,5.43,83.7,41.9,17.9
2026-04-17 06:58:08,0.0,98.7,119.6,6.49,82.6,40.0,17.9
2026-04-17 06:58:08,0.0,107.2,131.1,5.69,83.2,39.4,17.9
2026-04-17 06:58:08,0.0,108.4,127.7,5.98,81.5,39.4,17.9
2026-04-17 06:58:08,0.0,89.6,111.9,6.76,82.6,37.9,17.9
2026-04-17 06:58:09,0.0,94.2,116.5,5.85,82.6,37.9,17.9
2026-04-17 06:58:09,0.0,93.3,119.9,5.9,83.7,36.8,17.9
2026-04-17 06:58:09,0.0,112.1,135.2,5.5,82.6,33.8,17.9
2026-04-17 06:58:09,0.0,92.3,113.6,6.8,82.6,42.4,17.9
2026-04-17 06:58:09,0.0,88.7,111.9,6.14,83.2,37.9,17.9
2026-04-17 06:58:10,0.0,106.7,129.5,5.42,83.2,37.8,17.9
2026-04-17 06:58:10,0.0,111.8,134.8,5.83,83.2,42.0,17.9
2026-04-17 06:58:10,0.0,89.4,111.5,6.9,83.2,40.4,17.9
2026-04-17 06:58:10,0.0,98.3,122.0,5.7,83.2,34.8,17.9
2026-04-17 06:58:10,0.0,113.4,135.5,5.51,83.2,47.3,17.9
2026-04-17 06:58:10,0.0,93.9,113.3,6.8,84.8,39.7,18.0
2026-04-17 06:58:11,0.0,102.5,125.3,5.71,83.2,38.6,18.0
2026-04-17 06:58:11,0.0,121.8,144.8,5.39,83.2,41.3,18.0
2026-04-17 06:58:11,0.0,86.8,109.7,6.06,83.2,32.3,18.0
2026-04-17 06:58:11,0.0,95.6,119.1,5.68,82.6,37.1,18.0
2026-04-17 06:58:11,0.0,102.9,127.0,5.73,82.0,37.7,18.0
2026-04-17 06:58:11,0.0,108.3,131.4,5.85,83.2,39.7,18.0
2026-04-17 06:58:12,0.0,118.0,137.0,5.68,83.7,43.5,18.0
2026-04-17 06:58:12,0.0,100.5,115.1,6.7,83.2,41.1,18.1
2026-04-17 06:58:12,0.0,109.9,132.9,5.68,83.2,41.2,18.1
2026-04-17 06:58:12,0.0,91.5,114.2,6.75,82.6,37.9,18.1
2026-04-17 06:58:12,0.0,92.9,116.4,5.93,83.7,37.3,18.1
2026-04-17 06:58:12,0.0,90.6,112.9,6.11,82.6,38.8,18.1
2026-04-17 06:58:13,0.0,114.0,137.8,5.25,82.6,34.2,18.1
2026-04-17 06:58:13,0.0,102.1,121.3,6.43,83.2,41.9,18.1
2026-04-17 06:58:13,0.0,88.1,109.6,6.61,82.6,37.3,18.1
2026-04-17 06:58:13,0.0,90.5,114.0,5.9,83.2,34.8,18.1
2026-04-17 06:58:13,0.0,105.1,128.1,5.54,81.5,38.4,18.1
2026-04-17 06:58:13,0.0,136.0,159.1,5.06,83.2,36.0,18.1
2026-04-17 06:58:14,0.0,96.2,119.2,6.25,83.7,38.1,18.1
2026-04-17 06:58:14,0.0,96.0,119.2,6.01,84.2,37.7,18.1
2026-04-17 06:58:14,0.0,111.1,134.0,5.5,83.2,47.1,18.1
2026-04-17 06:58:14,0.0,106.1,124.8,6.17,82.6,46.3,18.2
2026-04-17 06:58:14,0.0,96.1,119.3,6.4,82.6,38.7,18.2
2026-04-17 06:58:14,0.0,89.6,112.8,6.25,83.7,37.5,18.3
2026-04-17 06:58:15,0.0,128.5,151.9,4.86,83.7,38.3,18.3
2026-04-17 06:58:15,0.0,116.6,139.7,5.33,82.6,38.4,18.3
2026-04-17 06:58:15,0.0,99.6,117.6,6.51,83.2,38.3,18.3
2026-04-17 06:58:15,0.0,100.3,120.6,6.11,83.7,42.4,18.3
2026-04-17 06:58:15,0.0,102.6,118.8,5.92,82.6,44.4,18.3
2026-04-17 06:58:15,0.0,109.0,130.2,5.77,83.7,41.2,18.3
2026-04-17 06:58:16,0.0,98.9,120.9,6.41,83.2,41.3,18.3
2026-04-17 06:58:16,0.0,103.7,126.7,5.84,83.7,39.7,18.3
2026-04-17 06:58:16,0.0,119.8,142.8,5.47,83.7,43.4,18.3
2026-04-17 06:58:16,0.0,93.3,106.1,7.15,83.2,38.9,18.3
2026-04-17 06:58:16,0.0,92.5,117.0,5.97,83.7,35.9,18.3
2026-04-17 06:58:16,0.0,113.7,136.6,5.37,83.2,38.7,18.3
2026-04-17 06:58:17,0.0,98.4,117.2,6.6,83.7,41.9,18.3
2026-04-17 06:58:17,0.0,104.5,128.2,5.78,83.7,38.8,18.3
2026-04-17 06:58:17,0.0,97.5,120.0,6.28,84.2,42.2,18.3
2026-04-17 06:58:17,0.0,94.1,113.9,6.12,83.2,37.5,18.3
2026-04-17 06:58:17,0.0,101.7,125.1,5.66,82.6,38.0,18.3
2026-04-17 06:58:17,0.0,127.2,152.9,5.19,83.7,42.7,18.3
2026-04-17 06:58:18,0.0,116.4,140.7,5.34,84.2,36.6,18.3
2026-04-17 06:58:18,0.0,96.6,111.9,6.88,83.7,44.1,18.3
2026-04-17 06:58:18,0.0,89.1,113.4,6.19,83.7,44.1,18.3
2026-04-17 06:58:18,0.0,101.0,123.9,5.68,83.7,37.3,18.3
2026-04-17 06:58:18,0.0,143.6,166.7,4.78,83.7,46.3,18.3
2026-04-17 06:58:19,0.0,293.5,307.9,2.85,82.6,89.4,17.8
2026-04-17 06:58:19,0.0,91.3,114.0,6.08,84.2,42.4,17.8
2026-04-17 06:58:19,0.0,98.6,121.5,5.79,83.7,44.8,17.8
2026-04-17 06:58:19,0.0,113.7,136.7,5.5,83.7,41.9,17.8
2026-04-17 06:58:19,0.0,104.3,123.5,6.36,83.7,36.7,17.8
2026-04-17 06:58:20,0.0,103.1,126.0,6.04,84.2,40.9,17.8
2026-04-17 06:58:20,0.0,105.5,128.5,5.93,84.2,36.9,17.8
2026-04-17 06:58:20,0.0,96.6,117.7,6.32,82.6,42.2,17.8
2026-04-17 06:58:20,0.0,112.6,136.3,5.43,83.7,40.0,17.8
2026-04-17 06:58:20,0.0,97.0,115.4,6.71,83.7,38.6,17.8
2026-04-17 06:58:20,0.0,112.8,135.8,5.49,83.2,35.2,17.9
2026-04-17 06:58:21,0.0,91.4,111.4,6.89,83.2,38.2,17.9
2026-04-17 06:58:21,0.0,97.4,119.2,5.79,83.2,40.6,17.9
2026-04-17 06:58:21,0.0,133.7,156.7,4.93,82.0,43.6,17.9
2026-04-17 06:58:21,0.0,96.3,119.4,6.15,83.7,33.8,17.9
2026-04-17 06:58:21,0.0,106.7,133.5,5.52,83.7,37.7,17.9
2026-04-17 06:58:21,0.0,109.8,132.1,6.03,83.2,45.1,17.9
2026-04-17 06:58:22,0.0,95.6,119.3,6.51,83.7,44.4,17.9
2026-04-17 06:58:22,0.0,109.3,132.4,5.58,83.7,40.6,18.0
2026-04-17 06:58:22,0.0,116.2,139.4,5.76,83.2,40.0,17.9
2026-04-17 06:58:22,0.0,100.2,117.9,6.6,81.5,42.4,17.9
2026-04-17 06:58:22,0.0,103.2,125.6,5.93,83.2,38.8,17.7
2026-04-17 06:58:22,0.0,92.6,115.8,6.41,83.7,39.1,17.7
2026-04-17 06:58:23,0.0,102.1,125.8,5.66,83.2,35.3,17.7
2026-04-17 06:58:23,0.0,108.3,131.4,5.81,83.2,41.7,17.7
2026-04-17 06:58:23,0.0,97.5,120.4,6.42,83.7,42.2,17.7
2026-04-17 06:58:23,0.0,99.2,122.2,5.95,82.0,41.2,17.7
2026-04-17 06:58:23,0.0,125.3,148.2,5.19,82.0,43.2,17.7
2026-04-17 06:58:23,0.0,119.3,142.3,5.16,83.7,38.8,17.7
2026-04-17 06:58:24,0.0,89.2,103.0,7.3,83.7,38.0,17.8
2026-04-17 06:58:24,0.0,89.0,112.9,6.0,82.6,37.9,17.7
2026-04-17 06:58:24,0.0,97.4,120.3,5.74,83.2,32.8,17.7
2026-04-17 06:58:24,0.0,108.8,134.4,5.5,84.2,38.0,17.7
2026-04-17 06:58:24,0.0,106.2,126.8,6.24,83.2,39.7,17.8
2026-04-17 06:58:24,0.0,91.1,114.3,6.6,82.6,39.3,17.8
2026-04-17 06:58:25,0.0,93.7,116.6,5.92,82.6,35.8,17.8
2026-04-17 06:58:25,0.0,118.3,144.1,5.15,82.6,36.8,17.8
2026-04-17 06:58:25,0.0,105.5,115.6,6.62,82.6,43.3,17.8
2026-04-17 06:58:25,0.0,109.8,132.5,5.83,83.2,42.6,17.8
2026-04-17 06:58:25,0.0,107.5,129.7,6.11,83.2,43.5,17.8
2026-04-17 06:58:25,0.0,106.9,129.9,6.02,83.7,47.2,17.8
2026-04-17 06:58:26,0.0,99.5,124.0,6.22,83.7,41.3,17.8
2026-04-17 06:58:26,0.0,103.2,126.3,5.93,83.7,38.8,17.8
2026-04-17 06:58:26,0.0,111.6,134.8,5.71,83.2,40.6,17.8
2026-04-17 06:58:26,0.0,108.9,130.2,6.11,82.0,39.1,17.9
2026-04-17 06:58:26,0.0,108.0,131.0,6.04,83.2,39.4,17.9
2026-04-17 06:58:26,0.0,97.3,120.1,6.41,83.2,37.7,17.9
2026-04-17 06:58:27,0.0,116.7,139.6,5.38,83.7,36.1,17.9
2026-04-17 06:58:27,0.0,113.7,129.2,6.11,82.0,43.5,18.0
2026-04-17 06:58:27,0.0,95.7,114.8,6.73,83.7,38.6,18.0
2026-04-17 06:58:27,0.0,119.6,141.8,5.24,82.6,39.7,18.0
2026-04-17 06:58:27,0.0,106.1,118.6,6.51,83.7,39.7,18.0
2026-04-17 06:58:27,0.0,95.9,115.4,6.42,83.2,41.0,18.1
2026-04-17 06:58:28,0.0,104.6,127.4,5.7,84.2,43.7,18.1
2026-04-17 06:58:28,0.0,98.0,118.5,6.25,83.7,43.9,18.1
2026-04-17 06:58:28,0.0,94.9,117.7,6.11,83.7,37.5,18.1
2026-04-17 06:58:28,0.0,101.7,124.0,5.77,82.6,38.4,18.1
2026-04-17 06:58:28,0.0,110.1,134.0,5.69,82.6,40.6,18.1
2026-04-17 06:58:28,0.0,101.6,122.8,6.36,82.0,37.7,18.1
2026-04-17 06:58:29,0.0,97.4,120.7,6.15,83.7,39.1,18.1
2026-04-17 06:58:29,0.0,92.4,115.4,6.19,82.6,38.5,18.1
2026-04-17 06:58:29,0.0,110.3,133.3,5.43,83.7,38.0,18.2
2026-04-17 06:58:29,0.0,91.8,114.9,6.73,83.2,36.7,18.2
2026-04-17 06:58:29,0.0,119.4,136.8,5.15,83.7,43.6,18.1
2026-04-17 06:58:29,0.0,112.8,125.5,6.25,83.2,46.2,18.1
2026-04-17 06:58:30,0.0,118.8,139.2,5.79,83.7,40.3,18.1
2026-04-17 06:58:30,0.0,104.2,113.7,6.56,83.7,45.0,18.1
2026-04-17 06:58:30,0.0,103.5,131.2,5.87,83.2,42.6,18.1
2026-04-17 06:58:30,0.0,90.5,113.6,6.73,82.6,44.4,18.1
2026-04-17 06:58:30,0.0,96.4,117.4,5.79,82.6,37.1,18.1
2026-04-17 06:58:30,0.0,88.1,117.8,6.06,82.0,36.4,18.1
2026-04-17 06:58:31,0.0,98.8,121.8,5.87,83.2,35.8,18.1
2026-04-17 06:58:31,0.0,141.5,164.4,4.78,83.2,39.5,18.1
2026-04-17 06:58:31,0.0,115.8,138.7,5.75,83.7,40.3,18.1
2026-04-17 06:58:31,0.0,109.5,126.6,6.23,84.2,43.7,18.2
2026-04-17 06:58:31,0.0,113.1,139.4,5.77,84.8,43.1,18.2
2026-04-17 06:58:31,0.0,107.2,122.8,6.35,84.8,46.9,18.2
2026-04-17 06:58:32,0.0,111.4,134.4,5.86,82.6,43.5,18.2
2026-04-17 06:58:32,0.0,116.8,134.9,5.81,83.2,42.6,18.2
2026-04-17 06:58:32,0.0,117.9,133.7,5.97,84.8,47.7,18.2
2026-04-17 06:58:32,0.0,102.7,116.1,6.61,84.2,37.9,18.2
2026-04-17 06:58:32,0.0,111.7,134.1,5.69,83.2,36.8,18.2
2026-04-17 06:58:32,0.0,102.9,124.1,6.33,83.2,36.2,18.3
2026-04-17 06:58:33,0.0,91.5,114.3,6.45,82.6,40.3,18.3
2026-04-17 06:58:33,0.0,94.6,117.6,5.9,83.7,40.6,18.3
2026-04-17 06:58:33,0.0,90.0,108.7,6.17,84.8,37.5,18.2
2026-04-17 06:58:33,0.0,107.8,130.6,5.42,83.2,35.7,18.2
2026-04-17 06:58:33,0.0,91.1,113.3,6.68,83.7,41.7,18.2
2026-04-17 06:58:33,0.0,91.4,111.5,5.98,82.6,46.3,18.3
2026-04-17 06:58:34,0.0,87.9,110.9,6.14,84.2,35.8,18.3
2026-04-17 06:58:34,0.0,105.3,116.5,6.63,82.0,47.5,18.2
2026-04-17 06:58:34,0.0,123.3,145.9,5.42,82.6,41.9,18.2
2026-04-17 06:58:34,0.0,126.2,149.2,4.93,83.2,37.3,18.2
2026-04-17 06:58:34,0.0,91.7,114.7,6.05,81.5,33.8,18.2
2026-04-17 06:58:34,0.0,94.5,117.7,5.9,83.2,40.6,18.2
2026-04-17 06:58:35,0.0,105.8,126.5,5.63,83.2,38.0,18.2
2026-04-17 06:58:35,0.0,101.1,121.9,6.17,82.0,41.9,18.2
2026-04-17 06:58:35,0.0,120.4,143.4,5.38,83.2,35.2,18.2
2026-04-17 06:58:35,0.0,91.9,104.2,7.25,83.7,43.6,18.2
2026-04-17 06:58:35,0.0,88.5,112.2,6.11,82.6,37.3,18.2
2026-04-17 06:58:35,0.0,94.0,116.7,5.81,84.2,38.2,18.2
2026-04-17 06:58:36,0.0,112.8,135.7,5.41,83.7,44.7,18.3
2026-04-17 06:58:36,0.0,98.6,116.0,6.56,83.2,39.0,18.3
2026-04-17 06:58:36,0.0,95.1,118.7,6.12,83.7,35.5,18.3
2026-04-17 06:58:36,0.0,109.1,131.9,5.54,82.6,45.8,18.3
2026-04-17 06:58:36,0.0,88.5,110.9,6.86,82.6,40.4,18.3
2026-04-17 06:58:36,0.0,86.4,112.6,5.96,83.2,34.8,18.3
2026-04-17 06:58:37,0.0,109.1,132.0,5.38,83.2,39.0,18.3
2026-04-17 06:58:37,0.0,95.4,119.8,6.48,84.8,46.9,18.3
2026-04-17 06:58:37,0.0,90.7,113.8,6.23,83.7,38.5,18.4
2026-04-17 06:58:37,0.0,110.2,133.4,5.37,82.6,39.7,18.4
2026-04-17 06:58:37,0.0,99.2,121.6,6.44,83.7,40.3,18.4
2026-04-17 06:58:37,0.0,94.9,117.9,6.14,82.6,34.4,18.4
2026-04-17 06:58:38,0.0,87.1,108.0,6.31,84.8,39.4,18.4
2026-04-17 06:58:38,0.0,93.5,107.4,7.05,84.2,45.6,18.4
2026-04-17 06:58:38,0.0,106.9,127.8,5.63,84.2,40.3,18.4
2026-04-17 06:58:38,0.0,107.7,130.6,5.98,84.2,43.9,18.4
2026-04-17 06:58:38,0.0,108.3,131.3,5.98,83.7,41.5,18.4
2026-04-17 06:58:38,0.0,95.8,118.7,6.49,83.7,37.9,18.4
2026-04-17 06:58:39,0.0,91.1,114.0,6.18,83.7,37.5,18.4
2026-04-17 06:58:39,0.0,322.3,343.1,2.51,84.8,80.0,17.8
2026-04-17 06:58:39,0.0,92.3,113.9,5.92,84.2,39.7,17.8
2026-04-17 06:58:39,0.0,90.8,113.7,6.06,84.2,37.5,17.8
2026-04-17 06:58:40,0.0,102.6,125.3,5.61,83.7,37.1,17.8
2026-04-17 06:58:40,0.0,112.6,134.5,5.65,84.2,41.2,17.8
2026-04-17 06:58:40,0.0,97.7,117.9,6.57,83.7,43.1,17.8
2026-04-17 06:58:40,0.0,93.7,118.6,6.06,83.2,40.9,17.8
2026-04-17 06:58:40,0.0,93.5,115.8,6.11,83.7,41.5,17.7
2026-04-17 06:58:40,0.0,104.2,127.2,5.65,83.7,36.2,17.7
2026-04-17 06:58:41,0.0,109.8,132.0,5.81,83.7,45.7,17.8
2026-04-17 06:58:41,0.0,94.4,117.7,6.6,84.2,36.2,17.8
2026-04-17 06:58:41,0.0,113.1,136.0,5.41,83.7,37.8,17.8
2026-04-17 06:58:41,0.0,106.4,126.3,6.25,83.7,41.3,17.8
2026-04-17 06:58:41,0.0,97.3,119.8,6.35,83.2,38.7,17.8
2026-04-17 06:58:41,0.0,103.3,127.1,5.76,82.6,36.9,17.7
2026-04-17 06:58:42,0.0,135.1,158.0,5.07,84.8,37.3,17.7
2026-04-17 06:58:42,0.0,109.0,132.0,5.76,83.2,40.6,17.7
2026-04-17 06:58:42,0.0,101.1,123.7,6.28,83.2,42.4,17.7
2026-04-17 06:58:42,0.0,118.6,141.8,5.44,83.7,35.3,17.7
2026-04-17 06:58:42,0.0,91.1,108.0,7.06,83.7,41.1,17.7
2026-04-17 06:58:42,0.0,91.1,114.0,6.09,84.2,39.7,17.7
2026-04-17 06:58:43,0.0,91.2,114.3,6.0,84.8,37.9,17.7
2026-04-17 06:58:43,0.0,108.2,131.3,5.45,82.6,37.0,17.7
2026-04-17 06:58:43,0.0,117.8,138.9,5.68,83.7,44.8,17.8
2026-04-17 06:58:43,0.0,93.5,109.1,6.98,82.6,42.9,17.8
2026-04-17 06:58:43,0.0,96.0,119.1,5.95,83.7,38.1,17.8
2026-04-17 06:58:43,0.0,108.5,131.6,5.59,83.2,39.7,17.8
2026-04-17 06:58:44,0.0,93.1,116.1,6.62,83.2,39.7,17.8
2026-04-17 06:58:44,0.0,105.6,128.5,5.58,82.6,38.0,17.8
2026-04-17 06:58:44,0.0,103.9,127.2,6.06,84.2,39.7,17.8
2026-04-17 06:58:44,0.0,112.9,136.0,5.7,82.6,40.3,17.8
2026-04-17 06:58:44,0.0,103.0,122.6,6.38,85.3,38.1,17.8
2026-04-17 06:58:44,0.0,90.1,115.2,6.42,83.2,42.9,17.9
2026-04-17 06:58:45,0.0,96.8,120.4,5.82,83.7,37.1,17.9
2026-04-17 06:58:45,0.0,105.6,125.3,5.69,83.2,43.7,17.8
2026-04-17 06:58:45,0.0,103.7,126.9,6.1,83.7,38.5,17.8
2026-04-17 06:58:45,0.0,86.2,109.3,6.71,83.2,41.3,17.8
2026-04-17 06:58:45,0.0,142.5,155.7,5.28,83.2,44.9,17.9
2026-04-17 06:58:45,0.0,92.7,115.7,6.66,83.7,38.3,17.9
2026-04-17 06:58:46,0.0,92.8,114.7,5.99,82.6,37.9,17.9
2026-04-17 06:58:46,0.0,103.2,125.7,5.65,84.2,38.9,17.8
2026-04-17 06:58:46,0.0,95.9,119.6,6.26,83.7,34.4,17.8
2026-04-17 06:58:46,0.0,105.7,128.9,5.69,82.0,41.1,17.7
2026-04-17 06:58:46,0.0,119.5,143.2,5.53,83.7,41.3,17.7
2026-04-17 06:58:46,0.0,102.3,114.8,6.71,83.7,42.4,17.7
2026-04-17 06:58:47,0.0,96.2,119.6,6.22,83.7,40.9,17.7
2026-04-17 06:58:47,0.0,133.7,156.8,4.91,83.2,39.2,17.7
2026-04-17 06:58:47,0.0,116.8,139.9,5.46,83.7,36.6,17.7
2026-04-17 06:58:47,0.0,108.2,123.6,6.32,82.6,42.9,17.7
2026-04-17 06:58:47,0.0,124.9,148.0,5.47,83.2,41.7,17.7
2026-04-17 06:58:47,0.0,96.6,119.6,5.82,82.6,36.8,17.7
2026-04-17 06:58:48,0.0,106.4,129.6,5.67,82.0,35.3,17.7
2026-04-17 06:58:48,0.0,112.3,133.8,5.8,83.7,47.8,17.7
2026-04-17 06:58:48,0.0,118.8,139.1,5.78,83.2,40.9,17.7
2026-04-17 06:58:48,0.0,117.0,131.5,6.06,84.2,42.2,17.7
2026-04-17 06:58:48,0.0,92.6,109.5,6.97,83.2,38.9,17.7
2026-04-17 06:58:48,0.0,100.3,122.7,5.75,84.8,41.4,17.7
2026-04-17 06:58:49,0.0,109.9,132.5,5.71,82.6,36.8,17.7
2026-04-17 06:58:49,0.0,95.9,118.0,6.54,82.0,43.1,17.7
2026-04-17 06:58:49,0.0,104.3,127.2,5.72,83.7,40.3,17.7
2026-04-17 06:58:49,0.0,109.7,133.0,5.8,84.2,40.3,17.7
2026-04-17 06:58:49,0.0,87.9,110.0,6.92,83.7,40.7,17.7
2026-04-17 06:58:49,0.0,93.3,104.9,7.22,83.7,42.6,17.8
2026-04-17 06:58:50,0.0,96.5,119.9,5.85,83.2,35.4,17.8
2026-04-17 06:58:50,0.0,121.5,144.5,5.24,83.2,39.7,17.8
2026-04-17 06:58:50,0.0,107.5,124.1,5.38,83.2,40.8,17.8
2026-04-17 06:58:50,0.0,90.7,119.3,6.44,83.7,40.6,17.9
2026-04-17 06:58:50,0.0,87.7,110.7,6.32,83.7,41.8,17.9
2026-04-17 06:58:50,0.0,92.6,104.5,7.23,83.7,45.5,18.0
2026-04-17 06:58:51,0.0,91.3,115.6,6.0,82.6,35.9,17.9
2026-04-17 06:58:51,0.0,92.1,115.2,6.02,83.7,32.8,18.0
2026-04-17 06:58:51,0.0,104.2,125.9,5.6,83.7,36.6,18.0
2026-04-17 06:58:51,0.0,104.1,127.2,6.0,83.2,44.1,18.0
2026-04-17 06:58:51,0.0,95.3,117.9,6.34,83.7,36.7,18.0
2026-04-17 06:58:51,0.0,102.6,125.8,5.75,83.7,41.9,18.0
2026-04-17 06:58:52,0.0,113.5,136.5,5.64,83.7,40.0,18.0
2026-04-17 06:58:52,0.0,95.6,115.0,6.73,84.8,46.8,18.0
2026-04-17 06:58:52,0.0,116.2,137.9,5.34,83.2,41.3,18.0
2026-04-17 06:58:52,0.0,95.2,111.8,6.87,84.2,37.0,18.0
2026-04-17 06:58:52,0.0,93.5,122.2,5.87,82.6,41.4,17.9
2026-04-17 06:58:52,0.0,129.0,152.1,5.09,84.2,43.9,17.9
2026-04-17 06:58:53,0.0,93.4,116.5,6.08,84.8,40.6,17.9
2026-04-17 06:58:53,0.0,110.8,133.8,5.44,83.2,41.9,17.9
2026-04-17 06:58:53,0.0,90.8,113.5,6.75,83.7,41.4,18.0
2026-04-17 06:58:53,0.0,115.4,138.8,5.21,83.7,36.1,18.1
2026-04-17 06:58:53,0.0,95.2,110.5,6.93,83.2,42.9,18.1
2026-04-17 06:58:53,0.0,94.0,116.8,5.97,83.7,35.4,18.1
2026-04-17 06:58:54,0.0,105.6,128.5,5.66,84.2,40.6,18.2
2026-04-17 06:58:54,0.0,93.8,115.7,6.48,84.2,36.7,18.2
2026-04-17 06:58:54,0.0,90.4,114.0,6.11,84.2,36.5,18.2
2026-04-17 06:58:54,0.0,96.6,119.6,5.81,83.2,37.3,18.3
2026-04-17 06:58:54,0.0,100.4,101.3,7.22,84.8,58.5,18.3
2026-04-17 06:58:54,0.0,104.2,127.1,5.91,83.2,37.5,18.3
2026-04-17 06:58:55,0.0,122.7,145.1,5.38,83.2,39.7,18.3
2026-04-17 06:58:55,0.0,111.5,134.5,5.32,83.2,35.6,18.3
2026-04-17 06:58:55,0.0,103.4,124.7,6.32,84.2,39.1,18.3
2026-04-17 06:58:55,0.0,107.1,130.3,5.87,84.2,37.5,18.3
2026-04-17 06:58:55,0.0,125.5,148.3,5.41,83.7,41.7,18.3
2026-04-17 06:58:55,0.0,107.4,130.0,5.49,84.2,37.8,18.3
2026-04-17 06:58:56,0.0,90.1,113.6,6.69,83.2,43.3,18.3
2026-04-17 06:58:56,0.0,89.1,114.7,5.96,84.2,35.4,18.3
2026-04-17 06:58:56,0.0,94.1,118.3,5.87,83.7,32.8,18.3
2026-04-17 06:58:56,0.0,100.5,123.5,5.82,83.7,33.8,18.4
2026-04-17 06:58:56,0.0,102.6,125.5,5.93,84.2,37.9,18.4
2026-04-17 06:58:56,0.0,110.1,120.1,5.73,83.2,48.5,18.4
2026-04-17 06:58:57,0.0,114.8,136.8,5.84,84.2,42.6,18.4
2026-04-17 06:58:57,0.0,111.8,131.4,5.98,83.7,46.2,18.4
2026-04-17 06:58:57,0.0,92.9,110.0,6.94,83.2,46.7,18.4
2026-04-17 06:58:57,0.0,90.8,116.4,5.99,83.7,33.8,18.4
2026-04-17 06:58:57,0.0,117.1,140.6,5.23,84.2,36.8,18.4
2026-04-17 06:58:57,0.0,96.4,111.2,6.88,84.2,37.7,18.4
2026-04-17 06:58:58,0.0,105.0,127.8,5.72,84.2,42.5,18.4
2026-04-17 06:58:58,0.0,122.3,145.2,5.44,84.2,40.3,18.4
2026-04-17 06:58:58,0.0,109.2,132.1,5.36,83.2,36.5,18.4
2026-04-17 06:58:58,0.0,107.2,131.3,6.03,83.7,40.9,18.3
2026-04-17 06:58:58,0.0,105.2,128.2,6.11,83.2,40.0,18.3
2026-04-17 06:58:59,0.0,108.4,131.6,5.89,83.2,47.1,18.3
2026-04-17 06:58:59,0.0,102.9,125.9,6.21,84.2,39.1,18.3
2026-04-17 06:58:59,0.0,104.1,127.3,5.95,83.2,40.3,18.3
2026-04-17 06:58:59,0.0,90.6,113.8,6.54,83.7,40.3,18.3
2026-04-17 06:58:59,0.0,91.6,115.0,5.93,83.7,38.2,18.4
2026-04-17 06:58:59,0.0,95.3,118.4,5.9,83.7,38.8,18.4
2026-04-17 06:59:00,0.0,369.0,394.8,2.25,84.2,76.1,17.7
2026-04-17 06:59:00,0.0,97.5,120.4,6.32,83.7,34.4,17.7
2026-04-17 06:59:00,0.0,101.8,124.7,5.85,83.2,38.8,17.7
2026-04-17 06:59:00,0.0,106.3,129.5,5.84,83.7,41.4,17.8
2026-04-17 06:59:00,0.0,129.3,152.4,5.28,84.8,36.5,17.8
2026-04-17 06:59:01,0.0,95.2,116.6,6.03,83.7,43.5,17.8
2026-04-17 06:59:01,0.0,110.6,134.4,5.47,83.7,39.4,17.8
2026-04-17 06:59:01,0.0,95.9,116.9,6.62,83.2,41.9,17.8
2026-04-17 06:59:01,0.0,106.6,129.8,5.64,83.2,42.0,17.8
2026-04-17 06:59:01,0.0,101.7,124.8,6.19,82.6,46.3,17.8
2026-04-17 06:59:02,0.0,119.9,143.0,5.39,83.7,41.3,17.8
2026-04-17 06:59:02,0.0,107.3,119.4,6.53,83.2,38.3,17.8
2026-04-17 06:59:02,0.0,121.3,146.0,5.46,82.0,45.8,17.8
2026-04-17 06:59:02,0.0,116.4,139.4,5.19,82.6,35.6,17.7
2026-04-17 06:59:02,0.0,92.1,109.7,6.97,82.6,44.3,17.7
2026-04-17 06:59:02,0.0,121.5,142.5,5.13,83.2,40.3,17.6
2026-04-17 06:59:03,0.0,103.8,127.2,5.48,83.2,37.8,17.7
2026-04-17 06:59:03,0.0,103.7,124.7,6.01,83.7,39.7,17.7
2026-04-17 06:59:03,0.0,121.0,145.4,5.39,82.6,42.5,17.7
2026-04-17 06:59:03,0.0,114.4,137.4,5.22,83.7,37.2,17.7
2026-04-17 06:59:03,0.0,91.4,109.5,6.95,84.8,42.9,17.7
2026-04-17 06:59:03,0.0,120.1,143.3,5.12,83.2,41.3,17.8
2026-04-17 06:59:04,0.0,98.0,110.1,6.93,84.8,43.9,17.8
2026-04-17 06:59:04,0.0,90.9,117.1,6.15,84.2,35.0,17.8
2026-04-17 06:59:04,0.0,91.6,114.3,6.09,84.2,37.9,17.8
2026-04-17 06:59:04,0.0,106.6,127.0,5.51,84.2,36.6,17.8
2026-04-17 06:59:04,0.0,123.0,144.9,5.46,83.2,42.5,17.8
2026-04-17 06:59:04,0.0,91.4,113.7,5.94,83.7,37.7,17.9
2026-04-17 06:59:05,0.0,183.5,206.4,3.87,84.8,41.2,17.9
2026-04-17 06:59:05,0.0,100.6,114.7,6.64,83.7,41.4,17.9
2026-04-17 06:59:05,0.0,121.9,138.9,5.32,83.2,42.7,17.8
2026-04-17 06:59:05,0.0,104.9,127.8,5.47,83.2,37.8,17.8
2026-04-17 06:59:05,0.0,93.6,116.7,6.45,83.7,40.3,17.9
2026-04-17 06:59:06,0.0,90.9,114.1,6.1,83.7,37.9,17.8
2026-04-17 06:59:06,0.0,108.0,130.9,5.45,83.2,33.3,17.8
2026-04-17 06:59:06,0.0,112.2,134.6,5.83,83.2,40.3,17.8
2026-04-17 06:59:06,0.0,99.5,119.4,6.52,84.2,42.9,17.7
2026-04-17 06:59:06,0.0,95.0,119.4,6.12,84.2,40.0,17.7
2026-04-17 06:59:06,0.0,95.2,118.1,6.04,83.7,41.2,17.7
2026-04-17 06:59:07,0.0,103.3,125.7,5.72,83.7,40.8,17.7
2026-04-17 06:59:07,0.0,128.5,151.6,5.22,83.2,44.7,17.7
2026-04-17 06:59:07,0.0,135.4,157.9,4.84,82.6,37.7,17.7
2026-04-17 06:59:07,0.0,97.0,119.2,6.19,84.2,40.0,17.7
2026-04-17 06:59:07,0.0,103.8,126.8,5.76,83.2,37.3,17.7
2026-04-17 06:59:07,0.0,95.8,118.9,6.31,83.2,37.7,17.7
2026-04-17 06:59:08,0.0,95.6,118.7,6.01,83.2,33.3,17.7
2026-04-17 06:59:08,0.0,96.0,118.8,5.99,84.2,40.3,17.8
2026-04-17 06:59:08,0.0,94.1,115.3,6.07,84.2,37.5,17.8
2026-04-17 06:59:08,0.0,112.4,135.5,5.41,83.7,38.7,17.7
2026-04-17 06:59:08,0.0,109.4,125.3,6.09,83.7,43.1,17.8
2026-04-17 06:59:08,0.0,94.9,116.9,6.61,82.6,38.6,17.8
2026-04-17 06:59:09,0.0,94.8,117.7,6.01,83.2,38.2,17.8
2026-04-17 06:59:09,0.0,108.8,131.8,5.53,84.2,39.7,17.9
2026-04-17 06:59:09,0.0,98.8,120.2,6.39,83.2,39.7,17.9
2026-04-17 06:59:09,0.0,105.5,126.0,5.76,82.6,43.7,17.9
2026-04-17 06:59:09,0.0,117.6,140.3,5.6,83.7,42.3,17.9
2026-04-17 06:59:09,0.0,127.8,143.3,5.64,83.2,47.9,17.9
2026-04-17 06:59:10,0.0,108.8,131.8,5.55,84.2,39.2,17.9
2026-04-17 06:59:10,0.0,96.6,119.9,6.46,83.7,41.3,17.9
2026-04-17 06:59:10,0.0,105.2,128.6,5.7,83.2,41.4,17.9
2026-04-17 06:59:10,0.0,97.2,120.3,6.32,83.7,43.9,17.9
2026-04-17 06:59:10,0.0,93.9,116.8,6.12,83.7,39.1,17.9
2026-04-17 06:59:10,0.0,95.9,118.4,5.93,83.7,38.2,17.9
2026-04-17 06:59:11,0.0,113.8,136.8,5.42,83.7,37.0,17.8
2026-04-17 06:59:11,0.0,103.4,122.4,6.4,83.7,41.9,17.8
2026-04-17 06:59:11,0.0,116.3,143.4,5.45,83.2,38.4,17.8
2026-04-17 06:59:11,0.0,90.1,102.2,7.21,84.2,39.6,17.8
2026-04-17 06:59:11,0.0,95.8,119.6,5.85,84.2,35.8,17.9
2026-04-17 06:59:11,0.0,118.7,142.2,5.29,84.8,42.3,17.9
2026-04-17 06:59:12,0.0,134.6,146.7,5.47,83.7,45.1,17.9
2026-04-17 06:59:12,0.0,107.3,129.6,5.81,83.2,41.2,18.0
2026-04-17 06:59:12,0.0,109.4,132.7,5.86,83.2,41.8,17.9
2026-04-17 06:59:12,0.0,103.5,125.8,6.27,83.2,41.5,17.9
2026-04-17 06:59:12,0.0,117.5,140.4,5.57,84.2,40.0,18.0
2026-04-17 06:59:13,0.0,111.1,113.7,6.22,83.7,55.6,18.0
2026-04-17 06:59:13,0.0,113.2,133.9,5.93,83.7,47.1,18.0
2026-04-17 06:59:13,0.0,103.6,119.7,6.4,82.6,44.4,18.1
2026-04-17 06:59:13,0.0,143.2,161.3,4.85,82.6,42.0,18.1
2026-04-17 06:59:13,0.0,102.2,124.7,6.29,83.2,43.5,18.1
2026-04-17 06:59:13,0.0,113.6,136.8,5.62,83.7,40.8,18.1
2026-04-17 06:59:14,0.0,102.2,121.5,6.44,83.7,42.2,18.1
2026-04-17 06:59:14,0.0,94.8,119.1,6.24,84.2,37.7,18.2
2026-04-17 06:59:14,0.0,100.4,123.6,5.84,82.0,37.3,18.2
2026-04-17 06:59:14,0.0,122.2,144.6,5.31,83.2,41.1,18.2
2026-04-17 06:59:14,0.0,89.0,111.9,6.0,82.6,34.8,18.2
2026-04-17 06:59:14,0.0,91.4,116.3,5.84,82.6,37.3,18.2
2026-04-17 06:59:15,0.0,87.4,115.8,6.02,84.2,33.3,18.2
2026-04-17 06:59:15,0.0,110.9,133.8,5.42,83.7,44.2,18.1
2026-04-17 06:59:15,0.0,87.0,110.0,6.97,82.6,37.0,18.2
2026-04-17 06:59:15,0.0,89.1,100.2,7.41,83.7,46.4,18.2
2026-04-17 06:59:15,0.0,94.0,116.9,5.84,82.6,40.0,18.1
2026-04-17 06:59:15,0.0,106.3,129.3,5.6,83.7,37.5,18.1
2026-04-17 06:59:16,0.0,101.2,122.6,6.16,83.2,41.5,18.2
2026-04-17 06:59:16,0.0,95.9,118.7,6.18,83.7,41.3,18.2
2026-04-17 06:59:16,0.0,104.1,126.0,5.75,83.2,39.1,18.2
2026-04-17 06:59:16,0.0,95.4,116.8,6.34,82.6,39.7,18.2
2026-04-17 06:59:16,0.0,112.8,134.0,5.43,84.2,40.5,18.1
2026-04-17 06:59:16,0.0,103.6,123.5,6.37,84.2,42.2,18.2
2026-04-17 06:59:17,0.0,103.0,126.5,6.01,83.2,37.5,18.2
2026-04-17 06:59:17,0.0,115.3,138.3,5.61,83.7,44.3,18.2
2026-04-17 06:59:17,0.0,112.2,129.6,6.11,83.7,47.1,18.3
2026-04-17 06:59:17,0.0,124.9,148.4,5.48,83.7,43.7,18.3
2026-04-17 06:59:17,0.0,88.8,110.1,6.23,84.2,35.5,18.3
2026-04-17 06:59:17,0.0,89.8,112.5,5.97,83.7,35.4,18.3
2026-04-17 06:59:18,0.0,104.8,127.6,5.5,83.2,38.0,18.3
2026-04-17 06:59:18,0.0,90.1,114.2,6.55,83.7,39.0,18.3
2026-04-17 06:59:18,0.0,107.6,130.2,5.47,83.7,38.4,18.3
2026-04-17 06:59:18,0.0,95.2,118.2,6.49,83.2,37.9,18.3
2026-04-17 06:59:19,0.0,375.2,400.1,2.23,83.7,78.3,17.8
2026-04-17 06:59:19,0.0,111.6,134.1,5.96,84.8,35.5,17.8
2026-04-17 06:59:19,0.0,115.9,136.7,5.85,83.7,46.3,17.8
2026-04-17 06:59:19,0.0,121.7,138.8,5.8,83.7,44.9,17.7
2026-04-17 06:59:19,0.0,97.5,116.0,5.7,84.8,37.5,17.7
2026-04-17 06:59:19,0.0,109.8,132.9,5.59,83.2,37.9,17.7
2026-04-17 06:59:20,0.0,105.8,128.3,6.15,83.2,40.0,17.7
2026-04-17 06:59:20,0.0,100.9,123.9,6.19,83.7,42.4,17.7
2026-04-17 06:59:20,0.0,103.6,123.7,5.88,83.7,39.7,17.7
2026-04-17 06:59:20,0.0,106.2,125.4,5.93,83.7,40.9,17.7
2026-04-17 06:59:20,0.0,105.3,128.9,5.99,83.2,38.1,17.7
2026-04-17 06:59:20,0.0,89.2,112.3,6.7,83.2,35.6,17.7
2026-04-17 06:59:21,0.0,99.2,122.4,5.64,82.6,34.8,17.7
2026-04-17 06:59:21,0.0,98.5,121.5,6.06,83.2,36.9,17.8
2026-04-17 06:59:21,0.0,104.3,130.4,5.69,84.2,36.9,17.8
2026-04-17 06:59:21,0.0,95.6,118.6,6.47,83.2,38.3,17.7
2026-04-17 06:59:21,0.0,91.6,113.8,6.14,83.7,40.0,17.7
2026-04-17 06:59:21,0.0,120.1,125.2,6.18,83.7,56.5,17.7
2026-04-17 06:59:22,0.0,107.9,130.9,5.33,83.7,34.2,17.7
2026-04-17 06:59:22,0.0,101.4,124.3,6.24,83.7,39.7,17.7
2026-04-17 06:59:22,0.0,115.0,139.3,5.5,83.7,43.7,17.7
2026-04-17 06:59:22,0.0,90.8,106.4,7.11,83.7,43.9,17.7
2026-04-17 06:59:22,0.0,96.3,120.3,5.78,84.2,39.4,17.6
2026-04-17 06:59:22,0.0,100.9,123.3,5.87,84.2,35.9,17.6
2026-04-17 06:59:23,0.0,90.9,113.7,6.39,84.8,30.4,17.6
2026-04-17 06:59:23,0.0,124.4,147.6,4.99,83.2,41.3,17.7
2026-04-17 06:59:23,0.0,109.5,132.5,5.42,83.7,37.8,17.6
2026-04-17 06:59:23,0.0,103.2,126.5,6.22,82.6,40.6,17.6
2026-04-17 06:59:23,0.0,125.1,147.7,5.32,84.2,46.2,17.6
2026-04-17 06:59:23,0.0,106.3,129.6,5.52,83.7,40.0,17.6
2026-04-17 06:59:24,0.0,90.2,113.9,6.63,83.7,39.0,17.6
2026-04-17 06:59:24,0.0,94.6,117.5,5.87,83.7,35.8,17.6
2026-04-17 06:59:24,0.0,95.6,116.8,5.93,84.2,34.9,17.6
2026-04-17 06:59:24,0.0,109.3,135.5,5.49,84.2,38.0,17.6
2026-04-17 06:59:24,0.0,111.8,134.0,5.97,84.8,37.5,17.6
2026-04-17 06:59:24,0.0,105.3,124.9,6.29,84.8,40.0,17.6
2026-04-17 06:59:25,0.0,101.3,123.9,6.15,83.2,39.7,17.7
2026-04-17 06:59:25,0.0,139.8,161.6,4.86,83.7,36.4,17.7
2026-04-17 06:59:25,0.0,98.5,119.9,6.35,83.2,39.1,17.8
2026-04-17 06:59:25,0.0,107.9,131.0,5.67,84.8,40.0,17.8
2026-04-17 06:59:25,0.0,100.0,123.1,6.32,83.2,38.7,17.8
2026-04-17 06:59:25,0.0,114.3,136.9,5.52,83.7,39.4,17.9
2026-04-17 06:59:26,0.0,112.9,131.6,6.05,84.2,45.9,17.9
2026-04-17 06:59:26,0.0,113.6,134.5,5.91,83.2,44.9,17.9
2026-04-17 06:59:26,0.0,88.5,105.6,7.16,83.2,42.9,18.0
2026-04-17 06:59:26,0.0,96.6,119.9,5.72,83.7,33.8,18.0
2026-04-17 06:59:26,0.0,120.0,142.4,5.22,83.7,42.9,18.0
2026-04-17 06:59:27,0.0,113.7,136.7,5.21,82.6,37.2,18.0
2026-04-17 06:59:27,0.0,105.2,122.6,6.32,82.6,40.0,18.1
2026-04-17 06:59:27,0.0,90.9,114.3,6.56,83.2,42.4,18.0
2026-04-17 06:59:27,0.0,125.9,149.0,4.96,84.2,36.4,18.0
2026-04-17 06:59:27,0.0,100.3,123.4,5.74,82.6,36.1,18.1
2026-04-17 06:59:27,0.0,103.8,126.5,5.88,83.7,44.9,18.1
2026-04-17 06:59:28,0.0,130.1,153.1,5.19,84.8,38.2,18.1
2026-04-17 06:59:28,0.0,89.8,91.8,7.93,84.2,48.1,18.1
2026-04-17 06:59:28,0.0,148.1,174.0,4.39,85.3,44.3,18.0
2026-04-17 06:59:28,0.0,108.4,123.7,6.36,84.2,40.3,18.0
2026-04-17 06:59:28,0.0,105.2,128.1,6.11,84.2,39.3,18.0
2026-04-17 06:59:28,0.0,137.7,160.6,5.03,83.7,46.2,18.0
2026-04-17 06:59:29,0.0,94.5,117.3,6.39,84.2,39.1,18.0
2026-04-17 06:59:29,0.0,89.9,112.8,6.17,83.7,34.9,18.0
2026-04-17 06:59:29,0.0,131.5,155.2,4.79,83.2,35.9,18.0
2026-04-17 06:59:29,0.0,98.3,121.4,6.02,84.2,39.4,18.0
2026-04-17 06:59:29,0.0,91.0,114.1,6.28,84.8,39.1,17.9
2026-04-17 06:59:29,0.0,102.1,125.1,5.63,84.2,37.3,18.0
2026-04-17 06:59:30,0.0,120.4,143.3,5.39,83.7,38.9,18.0
2026-04-17 06:59:30,0.0,131.1,142.8,5.67,84.2,44.4,18.0
2026-04-17 06:59:30,0.0,107.2,129.4,5.68,83.2,36.4,18.0
2026-04-17 06:59:30,0.0,109.6,124.1,5.9,84.8,52.9,18.0
2026-04-17 06:59:30,0.0,103.3,126.2,6.26,83.7,40.6,18.0
2026-04-17 06:59:31,0.0,116.9,139.7,5.53,82.6,44.6,18.0
2026-04-17 06:59:31,0.0,122.2,138.4,5.82,83.2,44.9,18.0
2026-04-17 06:59:31,0.0,94.7,117.1,5.81,84.2,36.4,18.0
2026-04-17 06:59:31,0.0,93.8,116.3,6.05,83.2,40.3,18.0
2026-04-17 06:59:31,0.0,103.7,123.0,5.67,84.8,38.0,18.0
2026-04-17 06:59:31,0.0,93.8,116.0,6.38,84.2,40.3,18.0
2026-04-17 06:59:32,0.0,90.1,113.4,6.13,82.6,37.9,18.0
2026-04-17 06:59:32,0.0,129.2,148.1,4.87,84.2,39.0,18.0
2026-04-17 06:59:32,0.0,107.4,130.3,5.61,82.0,38.9,18.0
2026-04-17 06:59:32,0.0,102.9,126.0,6.17,84.2,40.0,18.0
2026-04-17 06:59:32,0.0,103.3,126.3,5.99,84.2,39.4,18.0
2026-04-17 06:59:32,0.0,113.0,136.2,5.67,83.7,44.8,18.0
2026-04-17 06:59:33,0.0,92.1,111.5,6.87,84.2,37.0,18.0
2026-04-17 06:59:33,0.0,123.3,149.1,4.96,83.2,41.5,18.0
2026-04-17 06:59:33,0.0,95.1,118.3,5.96,83.2,32.3,18.0
2026-04-17 06:59:33,0.0,97.4,121.0,5.9,84.2,39.1,18.1
2026-04-17 06:59:33,0.0,113.7,136.7,5.49,84.2,39.2,18.0
2026-04-17 06:59:33,0.0,96.6,113.4,6.69,84.8,43.3,18.1
2026-04-17 06:59:34,0.0,95.1,118.0,6.06,83.7,33.9,18.0
2026-04-17 06:59:34,0.0,111.1,134.2,5.48,82.6,37.0,18.1
2026-04-17 06:59:34,0.0,101.8,123.7,6.35,83.2,42.2,18.1
2026-04-17 06:59:34,0.0,113.6,136.4,5.61,84.2,42.5,18.1
2026-04-17 06:59:34,0.0,97.1,116.3,6.67,83.7,40.7,18.2
2026-04-17 06:59:34,0.0,98.4,121.6,5.95,84.8,41.2,18.2
2026-04-17 06:59:35,0.0,114.1,136.4,5.49,85.9,43.1,18.3
2026-04-17 06:59:35,0.0,110.0,129.2,6.14,83.2,44.1,18.3
2026-04-17 06:59:35,0.0,100.0,123.3,6.38,82.6,39.7,18.3
2026-04-17 06:59:35,0.0,95.1,117.4,6.21,84.2,38.1,18.3
2026-04-17 06:59:35,0.0,112.5,135.5,5.42,84.2,40.3,18.3
2026-04-17 06:59:35,0.0,104.2,123.5,6.34,84.2,39.3,18.3
2026-04-17 06:59:36,0.0,98.8,122.3,6.17,84.2,43.1,18.3
2026-04-17 06:59:36,0.0,103.7,125.0,5.83,84.2,43.5,18.4
2026-04-17 06:59:36,0.0,109.0,132.3,5.84,83.7,39.7,18.4
2026-04-17 06:59:36,0.0,92.0,115.3,6.68,83.7,43.5,18.4
2026-04-17 06:59:36,0.0,110.7,135.2,5.36,83.7,35.2,18.4
2026-04-17 06:59:36,0.0,94.4,115.3,6.72,84.2,34.5,18.4
2026-04-17 06:59:37,0.0,133.5,157.2,4.84,83.2,48.1,18.5
2026-04-17 06:59:37,0.0,118.7,141.6,5.43,84.2,39.4,18.5
2026-04-17 06:59:37,0.0,109.3,123.1,6.36,84.2,39.0,18.5
2026-04-17 06:59:37,0.0,102.6,124.7,6.25,84.8,37.3,18.5
2026-04-17 06:59:37,0.0,102.2,124.9,6.03,83.7,42.4,18.6
2026-04-17 06:59:38,0.0,149.1,172.2,4.68,82.0,48.8,18.6
2026-04-17 06:59:38,0.0,306.9,315.7,2.79,83.2,93.0,17.9
2026-04-17 06:59:38,0.0,129.7,153.2,5.28,83.2,45.9,17.9
2026-04-17 06:59:38,0.0,98.7,121.5,5.95,84.8,37.9,17.9
2026-04-17 06:59:38,0.0,101.1,126.2,5.85,84.8,35.4,17.9
2026-04-17 06:59:39,0.0,105.0,126.8,5.92,84.2,40.6,17.8
2026-04-17 06:59:39,0.0,118.3,141.1,5.57,83.7,41.9,17.9
2026-04-17 06:59:39,0.0,91.7,102.9,7.09,83.2,44.6,17.8
2026-04-17 06:59:39,0.0,96.4,118.5,5.83,84.8,31.7,17.8
2026-04-17 06:59:39,0.0,93.8,116.7,6.14,83.2,46.8,17.9
2026-04-17 06:59:39,0.0,121.9,141.6,5.14,84.8,37.7,17.8
2026-04-17 06:59:40,0.0,103.8,126.8,5.5,83.7,36.6,17.8
2026-04-17 06:59:40,0.0,91.2,118.9,6.31,83.2,38.1,17.8
2026-04-17 06:59:40,0.0,111.7,135.7,5.45,84.8,38.4,17.8
2026-04-17 06:59:40,0.0,97.6,117.8,6.61,83.2,44.4,17.8
2026-04-17 06:59:40,0.0,118.0,141.8,5.33,82.0,40.5,17.8
2026-04-17 06:59:40,0.0,86.5,100.1,7.44,83.7,41.5,17.8
2026-04-17 06:59:41,0.0,122.1,128.9,5.92,83.7,50.0,17.8
2026-04-17 06:59:41,0.0,105.5,128.7,5.45,84.2,38.9,17.8
2026-04-17 06:59:41,0.0,103.8,126.8,6.07,83.2,39.4,17.8
2026-04-17 06:59:41,0.0,114.3,137.1,5.64,84.2,39.1,17.8
2026-04-17 06:59:41,0.0,93.2,112.0,6.87,84.8,40.4,17.8
2026-04-17 06:59:41,0.0,116.7,139.1,5.26,84.8,42.1,17.8
2026-04-17 06:59:42,0.0,104.3,120.9,6.46,84.8,44.3,17.8
2026-04-17 06:59:42,0.0,116.3,136.6,5.62,84.8,41.2,17.8
2026-04-17 06:59:42,0.0,107.6,124.6,6.33,83.2,42.9,17.9
2026-04-17 06:59:42,0.0,115.6,139.4,5.69,82.6,39.7,17.9
2026-04-17 06:59:42,0.0,89.5,108.0,7.06,84.2,42.9,17.9
2026-04-17 06:59:42,0.0,115.9,138.9,5.24,83.7,40.5,17.9
2026-04-17 06:59:43,0.0,96.2,110.4,6.77,83.2,40.7,18.0
2026-04-17 06:59:43,0.0,110.7,123.6,5.55,83.2,51.4,18.0
2026-04-17 06:59:43,0.0,97.5,121.9,6.36,84.2,41.4,18.1
2026-04-17 06:59:43,0.0,125.4,147.3,5.22,83.7,39.2,18.0
2026-04-17 06:59:43,0.0,104.7,125.5,5.59,83.7,36.5,18.0
2026-04-17 06:59:43,0.0,93.2,114.4,6.42,83.2,43.3,18.0
2026-04-17 06:59:44,0.0,124.9,146.1,5.08,83.7,39.0,18.0
2026-04-17 06:59:44,0.0,96.8,123.5,5.7,83.7,36.2,18.0
2026-04-17 06:59:44,0.0,106.2,125.8,5.8,83.2,47.8,18.0
2026-04-17 06:59:44,0.0,97.4,119.4,6.34,84.2,43.1,18.0
2026-04-17 06:59:44,0.0,99.3,121.1,5.87,83.7,40.3,18.0
2026-04-17 06:59:45,0.0,116.2,139.8,5.49,82.6,42.3,18.1
2026-04-17 06:59:45,0.0,105.7,122.1,6.42,84.2,44.4,18.1
2026-04-17 06:59:45,0.0,94.8,119.4,6.37,83.7,38.7,18.1
2026-04-17 06:59:45,0.0,109.4,132.2,5.57,83.2,40.0,18.1
2026-04-17 06:59:45,0.0,111.7,129.1,5.92,83.7,49.2,18.0
2026-04-17 06:59:45,0.0,104.2,124.3,6.27,84.8,39.3,18.0
2026-04-17 06:59:46,0.0,111.9,135.5,5.73,84.2,42.0,18.0
2026-04-17 06:59:46,0.0,98.1,118.6,6.57,84.8,33.9,18.0
2026-04-17 06:59:46,0.0,106.7,134.2,5.56,85.3,41.1,18.0
2026-04-17 06:59:46,0.0,108.6,130.2,6.1,83.2,41.5,18.0
2026-04-17 06:59:46,0.0,116.3,139.9,5.7,84.2,34.9,18.0
2026-04-17 06:59:46,0.0,130.5,141.8,5.57,84.2,40.6,18.0
2026-04-17 06:59:47,0.0,107.2,130.2,5.66,83.2,34.3,18.0
2026-04-17 06:59:47,0.0,109.2,133.4,5.89,84.2,41.8,18.1
2026-04-17 06:59:47,0.0,108.5,129.2,6.07,84.8,43.3,18.0
2026-04-17 06:59:47,0.0,95.9,117.8,6.49,84.2,40.3,18.1
2026-04-17 06:59:47,0.0,145.4,168.0,4.6,84.2,46.0,18.1
2026-04-17 06:59:47,0.0,94.9,114.4,6.76,82.6,41.7,18.1
2026-04-17 06:59:48,0.0,90.3,114.2,6.14,82.6,37.5,18.1
2026-04-17 06:59:48,0.0,108.8,131.7,5.43,83.7,41.1,18.1
2026-04-17 06:59:48,0.0,100.3,122.5,6.32,83.2,41.3,18.1
2026-04-17 06:59:48,0.0,108.3,131.6,5.72,84.8,39.7,18.1
2026-04-17 06:59:48,0.0,106.3,128.5,6.08,83.7,39.1,18.1
2026-04-17 06:59:48,0.0,94.1,116.4,6.48,84.2,43.7,18.1
2026-04-17 06:59:49,0.0,96.8,128.8,5.61,84.2,39.4,18.0
2026-04-17 06:59:49,0.0,104.2,127.1,6.07,84.2,40.9,18.0
2026-04-17 06:59:49,0.0,102.2,125.3,6.07,84.8,42.6,18.1
2026-04-17 06:59:49,0.0,94.2,115.1,6.26,83.7,39.1,18.1
2026-04-17 06:59:49,0.0,154.3,171.6,4.43,83.2,46.0,18.1
2026-04-17 06:59:49,0.0,103.1,114.7,6.74,83.2,46.8,18.1
2026-04-17 06:59:50,0.0,90.4,115.2,6.42,85.3,39.3,18.1
2026-04-17 06:59:50,0.0,96.3,117.9,5.85,84.2,36.4,18.1
2026-04-17 06:59:50,0.0,123.7,145.3,5.14,83.7,39.5,18.1
2026-04-17 06:59:50,0.0,123.4,146.3,5.01,83.7,40.7,18.1
2026-04-17 06:59:50,0.0,110.5,133.4,5.37,84.2,35.6,18.1
2026-04-17 06:59:51,0.0,106.4,124.4,6.11,83.7,41.8,18.1
2026-04-17 06:59:51,0.0,101.1,120.7,6.23,84.2,41.3,18.1
2026-04-17 06:59:51,0.0,129.2,151.4,5.13,83.7,43.0,18.1
2026-04-17 06:59:51,0.0,122.9,146.9,5.15,83.2,43.0,18.1
2026-04-17 06:59:51,0.0,113.7,134.2,5.27,84.2,35.1,18.1
2026-04-17 06:59:51,0.0,139.5,156.8,5.2,84.2,46.1,18.1
2026-04-17 06:59:52,0.0,111.6,130.5,5.73,84.2,44.3,18.2
2026-04-17 06:59:52,0.0,140.8,159.7,5.17,83.2,42.7,18.1
2026-04-17 06:59:52,0.0,92.8,116.5,6.55,83.2,37.3,18.1
2026-04-17 06:59:52,0.0,98.7,121.9,5.83,84.8,36.8,18.2
2026-04-17 06:59:52,0.0,133.1,156.0,4.97,83.2,41.8,18.2
2026-04-17 06:59:52,0.0,105.6,128.6,5.81,83.7,38.2,18.2
2026-04-17 06:59:53,0.0,94.5,118.7,6.38,84.2,42.2,18.3
2026-04-17 06:59:53,0.0,122.1,145.0,5.19,83.2,42.3,18.3
2026-04-17 06:59:53,0.0,117.1,139.2,5.13,83.2,37.2,18.3
2026-04-17 06:59:53,0.0,94.1,110.2,6.96,82.6,40.0,18.3
2026-04-17 06:59:53,0.0,108.6,131.7,5.52,84.2,37.1,18.3
2026-04-17 06:59:54,0.0,91.8,114.9,6.66,84.2,40.7,18.3
2026-04-17 06:59:54,0.0,108.2,131.1,5.48,83.7,39.7,18.3
2026-04-17 06:59:54,0.0,96.1,119.6,6.46,83.7,44.8,18.3
2026-04-17 06:59:54,0.0,117.3,143.1,5.26,83.7,36.0,18.3
2026-04-17 06:59:54,0.0,100.0,112.4,6.83,84.2,47.6,18.3
2026-04-17 06:59:54,0.0,94.6,117.6,6.15,83.2,41.8,18.4
2026-04-17 06:59:55,0.0,109.9,133.8,5.51,84.2,39.4,18.4
2026-04-17 06:59:55,0.0,105.7,127.7,6.19,82.6,41.5,18.4
2026-04-17 06:59:55,0.0,96.8,119.9,6.34,83.7,39.7,18.4
2026-04-17 06:59:55,0.0,131.6,154.6,4.97,84.2,40.5,18.4
2026-04-17 06:59:55,0.0,97.3,120.9,6.02,84.2,40.9,18.4
2026-04-17 06:59:55,0.0,99.6,128.7,5.73,84.8,34.8,18.4
2026-04-17 06:59:56,0.0,102.9,126.0,6.11,83.2,37.1,18.4
2026-04-17 06:59:56,0.0,93.4,118.7,6.28,83.7,39.7,18.3
2026-04-17 06:59:56,0.0,114.4,137.7,5.38,83.7,39.5,18.4
2026-04-17 06:59:56,0.0,302.3,322.1,2.77,84.2,87.3,17.8
2026-04-17 06:59:56,0.0,115.0,138.7,5.77,83.2,47.8,17.8
2026-04-17 06:59:57,0.0,122.6,137.8,5.79,84.2,44.9,17.8
2026-04-17 06:59:57,0.0,139.5,162.5,4.61,82.6,41.4,17.8
2026-04-17 06:59:57,0.0,123.5,146.4,5.44,83.2,42.5,17.8
2026-04-17 06:59:57,0.0,110.6,134.7,5.31,84.8,41.0,17.7
2026-04-17 06:59:57,0.0,101.2,122.3,6.41,82.6,41.3,17.7
2026-04-17 06:59:58,0.0,121.0,144.1,5.33,83.7,44.7,17.7
2026-04-17 06:59:58,0.0,117.8,140.8,5.11,83.7,41.3,17.7
2026-04-17 06:59:58,0.0,145.2,160.2,5.15,83.7,43.6,17.7
2026-04-17 06:59:58,0.0,90.0,109.7,6.91,84.2,39.3,17.7
2026-04-17 06:59:58,0.0,88.8,114.6,5.95,84.2,39.7,17.6
2026-04-17 06:59:58,0.0,115.9,139.1,5.21,83.2,36.5,17.6
2026-04-17 06:59:59,0.0,87.6,101.6,7.27,83.2,41.5,17.6
2026-04-17 06:59:59,0.0,100.0,112.6,6.83,83.7,44.8,17.6
2026-04-17 06:59:59,0.0,102.4,123.9,5.94,84.2,40.3,17.5
2026-04-17 06:59:59,0.0,86.9,110.2,6.61,84.2,35.0,17.6
2026-04-17 06:59:59,0.0,92.7,104.3,7.19,83.2,53.6,17.6
2026-04-17 06:59:59,0.0,109.0,132.3,5.48,83.7,38.4,17.6
2026-04-17 07:00:00,0.0,104.1,127.0,6.19,83.7,40.9,17.6
2026-04-17 07:00:00,0.0,106.5,129.4,5.91,83.7,38.5,17.6
2026-04-17 07:00:00,0.0,108.1,131.6,5.93,83.2,37.5,17.6
2026-04-17 07:00:00,0.0,94.4,117.5,6.56,83.7,41.7,17.6
2026-04-17 07:00:00,0.0,138.2,161.5,4.75,84.2,44.6,17.6
2026-04-17 07:00:00,0.0,99.3,126.7,6.05,83.2,35.5,17.6
2026-04-17 07:00:01,0.0,105.8,130.9,5.85,83.7,39.4,17.6
2026-04-17 07:00:01,0.0,105.0,127.6,6.09,83.7,44.6,17.6
2026-04-17 07:00:01,0.0,110.2,133.2,5.85,83.2,38.8,17.7
2026-04-17 07:00:01,0.0,102.5,117.6,6.29,84.2,41.3,17.7
2026-04-17 07:00:01,0.0,99.5,122.6,6.11,84.8,40.9,17.7
2026-04-17 07:00:01,0.0,115.1,139.1,5.46,85.3,39.7,17.8
2026-04-17 07:00:02,0.0,93.7,110.1,6.93,84.2,42.9,17.8
2026-04-17 07:00:02,0.0,114.3,132.4,5.32,84.8,51.3,17.8
2026-04-17 07:00:02,0.0,145.7,164.4,5.05,83.7,45.0,17.9
2026-04-17 07:00:02,0.0,115.6,135.3,5.92,84.8,37.7,17.9
2026-04-17 07:00:02,0.0,107.1,121.7,6.29,84.2,44.4,17.9
2026-04-17 07:00:02,0.0,91.9,116.2,6.56,83.2,41.3,18.0
2026-04-17 07:00:03,0.0,144.5,167.6,4.59,81.5,43.7,17.9
2026-04-17 07:00:03,0.0,117.6,138.1,5.81,83.7,39.7,17.9
2026-04-17 07:00:03,0.0,102.7,117.9,6.59,83.7,42.1,17.9
2026-04-17 07:00:03,0.0,92.4,115.7,6.39,83.7,36.7,17.9
2026-04-17 07:00:03,0.0,90.9,114.0,6.07,84.8,33.8,17.9
2026-04-17 07:00:03,0.0,89.5,111.9,6.05,84.8,40.9,18.0
2026-04-17 07:00:04,0.0,140.1,167.8,4.51,83.2,43.7,18.0
2026-04-17 07:00:04,0.0,121.6,143.5,5.64,83.2,42.3,18.0
2026-04-17 07:00:04,0.0,116.4,139.3,5.15,84.8,37.3,18.0
2026-04-17 07:00:04,0.0,92.2,108.4,7.02,83.2,38.6,18.0
2026-04-17 07:00:04,0.0,113.5,134.4,5.32,83.2,39.2,18.0
2026-04-17 07:00:05,0.0,95.1,114.6,6.75,83.2,37.5,18.0
2026-04-17 07:00:05,0.0,106.4,129.5,5.62,83.7,40.0,18.0
2026-04-17 07:00:05,0.0,113.7,136.7,5.74,83.7,42.0,18.0
2026-04-17 07:00:05,0.0,91.3,110.1,6.95,84.8,44.3,18.1
2026-04-17 07:00:05,0.0,102.4,126.9,5.59,83.7,37.1,18.1
2026-04-17 07:00:05,0.0,103.0,124.4,6.02,83.7,33.9,18.1
2026-04-17 07:00:06,0.0,104.7,127.5,5.96,84.2,40.0,18.1
2026-04-17 07:00:06,0.0,117.5,138.1,5.57,84.2,42.5,18.1
2026-04-17 07:00:06,0.0,123.6,138.5,5.79,84.2,43.9,18.2
2026-04-17 07:00:06,0.0,122.8,144.6,5.01,84.2,45.6,18.2
2026-04-17 07:00:06,0.0,116.5,139.6,5.18,84.2,36.0,18.2
2026-04-17 07:00:06,0.0,139.9,156.5,5.26,83.2,40.3,18.2
2026-04-17 07:00:07,0.0,88.4,110.9,6.75,83.7,37.5,18.2
2026-04-17 07:00:07,0.0,135.9,158.2,4.67,82.6,39.5,18.2
2026-04-17 07:00:07,0.0,116.7,139.6,5.54,83.2,36.6,18.1
2026-04-17 07:00:07,0.0,114.1,130.3,6.09,83.7,47.7,18.2
2026-04-17 07:00:07,0.0,105.2,123.9,6.32,83.7,43.9,18.2
2026-04-17 07:00:08,0.0,128.9,150.2,5.28,83.7,35.7,18.2
2026-04-17 07:00:08,0.0,115.4,138.5,5.36,83.7,32.9,18.2
2026-04-17 07:00:08,0.0,177.0,199.9,4.28,82.0,46.7,18.2
2026-04-17 07:00:08,0.0,106.1,123.7,6.36,84.2,36.1,18.2
2026-04-17 07:00:08,0.0,103.6,126.7,6.09,84.8,43.1,18.1
2026-04-17 07:00:08,0.0,113.3,136.4,5.67,84.2,42.3,18.1
2026-04-17 07:00:09,0.0,141.4,159.4,5.12,84.2,41.3,18.1
2026-04-17 07:00:09,0.0,90.9,108.1,6.72,83.7,40.7,18.1
2026-04-17 07:00:09,0.0,152.7,175.1,4.38,83.2,39.8,18.0
2026-04-17 07:00:09,0.0,93.2,106.3,7.13,82.6,44.6,18.0
2026-04-17 07:00:09,0.0,117.1,140.4,5.24,83.7,36.1,18.1
2026-04-17 07:00:09,0.0,114.3,129.9,6.11,84.2,39.7,18.1
2026-04-17 07:00:10,0.0,111.0,132.3,6.02,83.7,46.2,18.1
2026-04-17 07:00:10,0.0,101.9,120.2,6.47,83.7,44.4,18.1
2026-04-17 07:00:10,0.0,99.2,117.6,6.1,84.2,35.5,18.1
2026-04-17 07:00:10,0.0,109.1,132.5,5.65,84.2,44.6,18.1
2026-04-17 07:00:10,0.0,123.1,146.1,5.55,83.7,46.1,18.2
2026-04-17 07:00:11,0.0,99.7,123.4,5.57,84.2,35.7,18.2
2026-04-17 07:00:11,0.0,126.6,149.4,5.25,83.7,37.8,18.2
2026-04-17 07:00:11,0.0,122.1,145.3,5.1,83.2,40.0,18.2
2026-04-17 07:00:11,0.0,102.9,125.8,5.55,83.2,32.4,18.2
2026-04-17 07:00:11,0.0,98.6,121.7,6.16,84.2,41.5,18.2
2026-04-17 07:00:11,0.0,95.1,116.1,6.13,83.2,38.5,18.1
2026-04-17 07:00:12,0.0,102.3,116.0,5.74,83.2,47.8,18.1
2026-04-17 07:00:12,0.0,125.1,148.1,5.29,84.8,44.2,18.1
2026-04-17 07:00:12,0.0,99.5,122.4,5.75,83.2,37.7,18.1
2026-04-17 07:00:12,0.0,96.6,114.5,6.1,84.2,34.9,18.1
2026-04-17 07:00:12,0.0,124.0,146.9,5.16,84.2,41.6,18.1
2026-04-17 07:00:13,0.0,117.9,140.8,5.16,84.2,33.3,18.1
2026-04-17 07:00:13,0.0,119.9,131.8,5.89,83.7,44.8,18.1
2026-04-17 07:00:13,0.0,122.6,133.6,5.94,84.2,48.5,18.2
2026-04-17 07:00:13,0.0,110.0,133.0,5.35,83.2,43.4,18.2
2026-04-17 07:00:13,0.0,106.9,132.3,6.02,84.8,43.5,18.2
2026-04-17 07:00:13,0.0,92.2,115.3,6.69,84.8,40.7,18.3
2026-04-17 07:00:14,0.0,115.6,137.7,5.23,84.8,40.8,18.3
2026-04-17 07:00:14,0.0,102.0,117.7,6.59,84.2,42.6,18.3
2026-04-17 07:00:14,0.0,97.5,120.7,6.16,84.2,38.7,18.2
2026-04-17 07:00:14,0.0,111.4,134.4,5.53,83.2,38.0,18.2
2026-04-17 07:00:14,0.0,93.0,112.9,6.77,84.2,45.0,18.2
2026-04-17 07:00:14,0.0,107.4,121.0,5.5,83.7,48.0,18.2
2026-04-17 07:00:15,0.0,96.9,118.1,6.43,85.3,41.0,18.2
2026-04-17 07:00:15,0.0,126.6,149.8,5.09,84.2,42.3,18.2
2026-04-17 07:00:15,0.0,97.6,120.6,5.85,83.2,38.6,18.2
2026-04-17 07:00:15,0.0,116.9,140.0,5.38,84.2,38.9,18.2
2026-04-17 07:00:15,0.0,165.0,180.9,4.66,83.7,44.0,18.3
2026-04-17 07:00:15,0.0,116.2,139.6,5.41,83.2,34.7,18.3
2026-04-17 07:00:16,0.0,99.4,115.2,6.69,84.2,44.1,18.3
2026-04-17 07:00:16,0.0,118.1,145.2,5.28,84.8,36.0,18.3
2026-04-17 07:00:16,0.0,332.3,355.1,2.41,84.8,82.2,17.7
2026-04-17 07:00:16,0.0,138.0,159.4,4.95,84.2,42.5,17.7
2026-04-17 07:00:17,0.0,94.7,116.5,6.41,84.8,37.7,17.7
2026-04-17 07:00:17,0.0,144.0,167.9,4.61,83.7,47.6,17.7
2026-04-17 07:00:17,0.0,107.0,128.6,6.14,84.8,42.2,17.7
2026-04-17 07:00:17,0.0,100.6,123.6,6.28,85.3,42.2,17.7
2026-04-17 07:00:17,0.0,130.8,154.8,5.06,84.8,41.0,17.6
2026-04-17 07:00:17,0.0,107.6,130.5,5.69,83.7,35.8,17.6
2026-04-17 07:00:18,0.0,91.4,114.4,6.64,84.2,41.3,17.6
2026-04-17 07:00:18,0.0,110.1,129.8,5.38,83.2,46.7,17.7
2026-04-17 07:00:18,0.0,92.6,114.8,6.73,83.7,40.4,17.6
2026-04-17 07:00:18,0.0,98.3,121.2,5.81,84.8,35.4,17.6
2026-04-17 07:00:18,0.0,110.5,133.5,5.59,83.2,36.8,17.6
2026-04-17 07:00:18,0.0,104.0,125.1,6.25,84.2,38.5,17.6
2026-04-17 07:00:19,0.0,93.6,118.1,6.3,84.2,42.2,17.6
2026-04-17 07:00:19,0.0,130.6,157.7,4.87,82.6,42.7,17.6
2026-04-17 07:00:19,0.0,107.2,130.3,5.8,84.2,35.8,17.7
2026-04-17 07:00:19,0.0,114.7,141.6,5.61,83.7,44.4,17.7
2026-04-17 07:00:19,0.0,106.6,119.9,6.48,83.7,44.3,17.7
2026-04-17 07:00:20,0.0,97.4,117.8,6.35,84.2,46.7,17.7
2026-04-17 07:00:20,0.0,100.3,123.1,5.91,82.6,41.2,17.6
2026-04-17 07:00:20,0.0,107.7,130.9,5.73,84.2,40.8,17.6
2026-04-17 07:00:20,0.0,94.7,117.7,6.53,83.7,36.2,17.6
2026-04-17 07:00:20,0.0,101.1,124.2,5.78,84.8,37.1,17.6
2026-04-17 07:00:20,0.0,143.1,166.7,4.78,83.7,44.0,17.7
2026-04-17 07:00:21,0.0,105.6,128.2,6.16,84.2,39.3,17.7
2026-04-17 07:00:21,0.0,95.1,120.1,6.36,83.7,41.3,17.7
2026-04-17 07:00:21,0.0,92.4,115.4,6.17,83.2,41.8,17.7
2026-04-17 07:00:21,0.0,101.8,120.4,5.66,83.7,41.7,17.7
2026-04-17 07:00:21,0.0,121.6,144.7,5.37,83.7,44.2,17.7
2026-04-17 07:00:21,0.0,104.4,127.3,5.49,83.7,38.0,17.7
2026-04-17 07:00:22,0.0,96.0,115.4,6.29,83.7,39.7,17.7
2026-04-17 07:00:22,0.0,154.5,176.1,4.46,84.8,46.1,17.7
2026-04-17 07:00:22,0.0,91.6,115.9,5.83,84.2,33.8,17.8
2026-04-17 07:00:22,0.0,88.5,108.0,6.16,83.7,37.3,17.8
2026-04-17 07:00:22,0.0,112.9,134.9,5.23,84.2,36.6,17.8
2026-04-17 07:00:22,0.0,111.2,131.3,6.07,83.7,41.5,17.8
2026-04-17 07:00:23,0.0,96.2,117.7,6.6,84.8,38.6,17.8
2026-04-17 07:00:23,0.0,139.6,163.5,4.74,83.2,41.0,17.8
2026-04-17 07:00:23,0.0,92.9,116.1,6.56,83.2,43.1,17.8
2026-04-17 07:00:23,0.0,131.4,151.9,4.87,84.2,39.5,17.8
2026-04-17 07:00:23,0.0,116.0,139.4,5.36,84.2,34.7,17.9
2026-04-17 07:00:24,0.0,115.3,132.5,6.01,83.2,39.7,17.9
2026-04-17 07:00:24,0.0,90.6,106.6,7.13,85.3,38.9,17.9
2026-04-17 07:00:24,0.0,106.5,130.8,5.45,83.2,38.0,17.9
2026-04-17 07:00:24,0.0,121.2,152.7,5.31,83.2,44.6,18.0
2026-04-17 07:00:24,0.0,115.7,141.2,5.3,82.6,40.5,18.0
2026-04-17 07:00:24,0.0,95.5,108.0,7.0,83.2,46.6,17.9
2026-04-17 07:00:25,0.0,118.7,144.3,5.2,83.2,42.3,17.9
2026-04-17 07:00:25,0.0,122.3,145.1,4.97,83.2,34.2,17.9
2026-04-17 07:00:25,0.0,98.1,121.6,5.67,84.2,39.4,17.9
2026-04-17 07:00:25,0.0,110.9,134.0,5.59,83.2,43.2,17.9
2026-04-17 07:00:25,0.0,97.5,118.5,6.54,83.7,41.9,17.9
2026-04-17 07:00:25,0.0,102.0,122.6,5.8,84.2,38.8,17.9
2026-04-17 07:00:26,0.0,127.9,136.5,5.21,83.7,48.0,17.9
2026-04-17 07:00:26,0.0,126.5,149.5,5.06,82.6,40.0,17.9
2026-04-17 07:00:26,0.0,122.3,145.2,5.11,82.6,38.2,17.9
2026-04-17 07:00:26,0.0,126.1,136.3,5.84,84.2,43.1,17.9
2026-04-17 07:00:26,0.0,96.5,116.8,5.87,83.2,38.2,17.9
2026-04-17 07:00:27,0.0,94.4,116.6,6.11,84.2,34.9,18.0
2026-04-17 07:00:27,0.0,165.9,189.7,4.19,84.8,43.5,18.0
2026-04-17 07:00:27,0.0,98.8,121.8,6.05,84.8,39.1,18.0
2026-04-17 07:00:27,0.0,92.4,115.5,6.24,83.2,39.1,18.1
2026-04-17 07:00:27,0.0,105.6,128.3,5.57,84.2,36.6,18.1
2026-04-17 07:00:27,0.0,108.9,124.9,5.88,84.8,38.8,18.2
2026-04-17 07:00:28,0.0,109.4,132.6,5.98,84.2,45.7,18.2
2026-04-17 07:00:28,0.0,101.1,123.2,6.27,85.3,43.8,18.2
2026-04-17 07:00:28,0.0,148.3,168.2,4.69,84.8,49.4,18.2
2026-04-17 07:00:28,0.0,106.8,124.4,6.32,84.2,44.3,18.2
2026-04-17 07:00:28,0.0,94.8,117.2,6.49,84.8,42.9,18.2
2026-04-17 07:00:29,0.0,108.4,127.0,5.53,83.2,41.1,18.2
2026-04-17 07:00:29,0.0,147.6,170.2,4.88,82.6,45.0,18.3
2026-04-17 07:00:29,0.0,109.1,127.8,6.17,83.7,40.9,18.3
2026-04-17 07:00:29,0.0,131.0,152.5,5.32,83.2,42.7,18.3
2026-04-17 07:00:29,0.0,128.8,151.9,5.06,82.6,39.7,18.3
2026-04-17 07:00:29,0.0,89.7,111.8,6.22,83.2,36.5,18.3
2026-04-17 07:00:30,0.0,92.8,118.8,5.78,83.7,39.1,18.4
2026-04-17 07:00:30,0.0,92.5,115.4,6.13,84.8,43.5,18.4
2026-04-17 07:00:30,0.0,98.9,120.2,5.76,84.8,40.3,18.4
2026-04-17 07:00:30,0.0,108.7,131.8,5.68,84.2,38.5,18.4
2026-04-17 07:00:30,0.0,101.0,123.8,6.3,84.2,38.1,18.4
2026-04-17 07:00:30,0.0,119.2,139.4,5.42,84.8,43.4,18.4
2026-04-17 07:00:31,0.0,119.2,133.0,6.0,84.2,46.9,18.4
2026-04-17 07:00:31,0.0,94.2,107.6,7.06,84.2,44.6,18.3
2026-04-17 07:00:31,0.0,106.5,128.7,5.58,83.7,40.3,18.3
2026-04-17 07:00:31,0.0,109.7,133.0,5.88,84.2,40.3,18.3
2026-04-17 07:00:31,0.0,107.8,128.2,6.08,83.2,49.3,18.3
2026-04-17 07:00:31,0.0,133.6,157.0,5.14,84.2,37.0,18.3
2026-04-17 07:00:32,0.0,89.1,112.0,6.53,84.8,36.7,18.3
2026-04-17 07:00:32,0.0,152.2,177.6,4.31,84.8,40.0,18.4
2026-04-17 07:00:32,0.0,111.7,119.7,6.34,84.2,43.3,18.4
2026-04-17 07:00:32,0.0,114.6,136.6,5.87,84.8,50.0,18.3
2026-04-17 07:00:32,0.0,109.6,126.6,6.24,84.2,42.2,18.3
2026-04-17 07:00:33,0.0,95.7,118.1,6.53,84.8,37.5,18.3
2026-04-17 07:00:33,0.0,100.7,123.5,5.84,83.7,36.8,18.3
2026-04-17 07:00:33,0.0,109.4,132.7,5.67,83.7,42.0,18.2
2026-04-17 07:00:33,0.0,103.7,123.8,6.26,84.2,45.3,18.3
2026-04-17 07:00:33,0.0,116.9,139.9,5.54,84.8,43.8,18.3
2026-04-17 07:00:33,0.0,91.3,106.4,7.13,85.3,39.6,18.3
2026-04-17 07:00:34,0.0,136.7,160.1,4.68,85.3,43.4,18.3
2026-04-17 07:00:34,0.0,110.1,133.4,5.81,84.2,37.9,18.3
2026-04-17 07:00:34,0.0,106.2,128.8,6.15,84.2,40.6,18.4
2026-04-17 07:00:34,0.0,114.8,136.0,5.69,83.2,46.4,18.4
2026-04-17 07:00:34,0.0,112.3,129.6,6.13,83.7,43.8,18.4
2026-04-17 07:00:34,0.0,89.6,108.4,6.95,84.8,42.1,18.4
2026-04-17 07:00:35,0.0,127.6,151.6,4.86,84.8,40.5,18.4
2026-04-17 07:00:35,0.0,138.5,161.3,4.77,84.2,40.5,18.4
2026-04-17 07:00:35,0.0,101.3,123.2,6.15,82.6,37.1,18.4
2026-04-17 07:00:35,0.0,440.3,463.2,1.97,84.2,77.7,17.6
2026-04-17 07:00:36,0.0,99.3,121.7,6.33,85.3,39.1,17.6
2026-04-17 07:00:36,0.0,90.2,113.2,6.35,84.8,36.7,17.6
2026-04-17 07:00:36,0.0,109.1,129.4,5.37,84.8,39.2,17.6
2026-04-17 07:00:36,0.0,127.2,152.0,5.39,83.2,40.8,17.6
2026-04-17 07:00:36,0.0,104.4,127.3,5.7,83.2,38.9,17.6
2026-04-17 07:00:36,0.0,117.7,140.2,5.56,84.2,40.8,17.6
2026-04-17 07:00:37,0.0,133.3,146.7,5.46,84.8,49.3,17.6
2026-04-17 07:00:37,0.0,114.9,138.1,5.53,84.2,45.2,17.6
2026-04-17 07:00:37,0.0,96.8,111.4,6.74,83.7,45.9,17.6
2026-04-17 07:00:37,0.0,106.8,131.2,5.6,84.8,40.8,17.6
2026-04-17 07:00:37,0.0,96.7,119.3,6.47,84.8,39.0,17.6
2026-04-17 07:00:38,0.0,97.8,120.7,5.97,83.7,42.6,17.6
2026-04-17 07:00:38,0.0,91.1,110.4,6.26,84.2,38.1,17.7
2026-04-17 07:00:38,0.0,94.5,111.0,5.88,83.2,42.0,17.7
2026-04-17 07:00:38,0.0,114.9,138.1,5.35,83.7,34.3,17.7
2026-04-17 07:00:38,0.0,92.9,108.6,6.92,85.9,44.8,17.7
2026-04-17 07:00:38,0.0,120.0,140.5,5.14,82.6,42.1,17.7
2026-04-17 07:00:39,0.0,103.6,115.6,6.7,83.2,43.3,17.7
2026-04-17 07:00:39,0.0,118.9,141.8,5.5,84.2,47.3,17.6
2026-04-17 07:00:39,0.0,96.1,109.3,6.95,82.6,44.8,17.6
2026-04-17 07:00:39,0.0,121.1,143.4,5.22,83.2,45.3,17.6
2026-04-17 07:00:39,0.0,97.1,119.6,5.69,84.8,34.3,17.6
2026-04-17 07:00:39,0.0,125.7,149.0,5.05,83.7,37.7,17.6
2026-04-17 07:00:40,0.0,105.4,128.1,5.62,85.9,35.8,17.7
2026-04-17 07:00:40,0.0,101.3,124.0,6.17,84.2,42.2,17.7
2026-04-17 07:00:40,0.0,146.6,165.1,4.71,83.2,46.4,17.7
2026-04-17 07:00:40,0.0,109.1,128.4,6.18,84.8,42.2,17.7
2026-04-17 07:00:40,0.0,125.4,148.4,5.47,83.7,40.8,17.7
2026-04-17 07:00:40,0.0,112.5,135.6,5.33,82.6,37.0,17.7
2026-04-17 07:00:41,0.0,118.4,137.8,5.82,83.2,43.8,17.7
2026-04-17 07:00:41,0.0,92.8,111.0,6.85,84.8,40.7,17.7
2026-04-17 07:00:41,0.0,103.4,126.5,5.78,84.2,43.5,17.8
2026-04-17 07:00:41,0.0,96.4,121.4,6.22,82.6,42.4,17.8
2026-04-17 07:00:41,0.0,96.1,119.2,6.09,83.2,33.3,17.7
2026-04-17 07:00:41,0.0,115.7,138.7,5.37,83.2,44.7,17.7
2026-04-17 07:00:42,0.0,93.2,109.4,6.88,84.2,48.3,17.8
2026-04-17 07:00:42,0.0,129.2,152.2,4.95,84.2,43.7,17.8
2026-04-17 07:00:42,0.0,102.3,125.1,5.8,84.2,38.6,17.8
2026-04-17 07:00:42,0.0,116.3,134.4,5.51,84.2,45.1,17.8
2026-04-17 07:00:42,0.0,153.3,170.3,4.91,84.8,44.4,17.8
2026-04-17 07:00:43,0.0,115.1,126.2,6.22,84.8,41.0,17.8
2026-04-17 07:00:43,0.0,123.0,141.6,5.7,84.2,42.0,17.8
2026-04-17 07:00:43,0.0,95.3,118.2,5.83,83.2,40.8,17.9
2026-04-17 07:00:43,0.0,92.6,115.3,6.1,84.8,41.2,17.9
2026-04-17 07:00:43,0.0,140.4,163.9,4.66,82.6,51.8,17.8
2026-04-17 07:00:43,0.0,118.8,142.1,5.6,84.8,39.7,17.8
2026-04-17 07:00:44,0.0,109.1,121.9,6.41,84.2,37.7,17.8
2026-04-17 07:00:44,0.0,107.4,130.4,6.06,84.2,42.2,17.8
2026-04-17 07:00:44,0.0,137.5,160.7,5.08,82.6,40.8,17.9
2026-04-17 07:00:44,0.0,97.3,119.7,6.27,84.2,41.3,17.9
2026-04-17 07:00:44,0.0,94.7,117.6,6.1,84.2,35.9,17.8
2026-04-17 07:00:44,0.0,98.4,121.3,5.87,84.2,36.5,17.9
2026-04-17 07:00:45,0.0,123.9,144.8,5.2,83.2,43.4,17.9
2026-04-17 07:00:45,0.0,126.7,147.0,4.93,83.2,45.0,17.9
2026-04-17 07:00:45,0.0,123.7,147.1,5.07,83.2,38.0,17.9
2026-04-17 07:00:45,0.0,103.0,126.4,5.59,84.2,36.2,17.9
2026-04-17 07:00:45,0.0,97.8,120.8,6.22,84.8,41.8,17.9
2026-04-17 07:00:46,0.0,102.7,125.8,5.83,84.8,40.3,17.9
2026-04-17 07:00:46,0.0,94.4,117.6,6.29,84.8,40.3,17.9
2026-04-17 07:00:46,0.0,91.7,114.9,6.13,83.7,34.9,17.9
2026-04-17 07:00:46,0.0,102.1,125.2,5.65,84.2,34.8,17.9
2026-04-17 07:00:46,0.0,109.5,135.5,5.65,83.7,43.2,17.9
2026-04-17 07:00:46,0.0,107.7,126.2,6.18,84.2,40.3,17.9
2026-04-17 07:00:47,0.0,97.9,121.5,6.35,84.2,35.6,17.9
2026-04-17 07:00:47,0.0,137.8,160.8,4.85,84.8,49.4,17.9
2026-04-17 07:00:47,0.0,103.6,126.7,6.04,84.2,42.9,17.9
2026-04-17 07:00:47,0.0,129.0,148.0,5.21,82.6,52.0,17.9
2026-04-17 07:00:47,0.0,107.4,130.5,5.61,83.2,40.3,17.9
2026-04-17 07:00:47,0.0,96.3,119.5,6.42,84.2,41.5,17.9
2026-04-17 07:00:48,0.0,131.7,154.2,4.95,83.7,40.2,18.0
2026-04-17 07:00:48,0.0,103.8,126.7,5.79,84.2,41.8,18.0
2026-04-17 07:00:48,0.0,94.8,117.6,6.38,84.2,40.0,18.0
2026-04-17 07:00:48,0.0,138.8,162.4,4.73,83.2,43.2,18.0
2026-04-17 07:00:48,0.0,101.4,124.2,6.16,83.2,39.7,18.0
2026-04-17 07:00:49,0.0,89.2,112.4,6.49,83.2,41.3,18.1
2026-04-17 07:00:49,0.0,129.8,152.8,4.84,84.2,38.3,18.1
2026-04-17 07:00:49,0.0,103.8,126.8,5.74,83.7,37.1,18.1
2026-04-17 07:00:49,0.0,116.6,138.9,5.57,83.2,43.8,18.1
2026-04-17 07:00:49,0.0,120.2,136.0,5.86,83.7,44.1,18.2
2026-04-17 07:00:49,0.0,96.8,100.1,7.02,84.8,41.1,18.2
2026-04-17 07:00:50,0.0,130.6,153.7,4.99,84.2,37.3,18.2
2026-04-17 07:00:50,0.0,98.5,120.1,5.95,84.2,35.9,18.2
2026-04-17 07:00:50,0.0,100.3,121.2,5.93,84.2,52.9,18.3
2026-04-17 07:00:50,0.0,111.2,129.3,5.62,83.7,40.6,18.3
2026-04-17 07:00:50,0.0,142.9,164.6,5.04,84.2,46.8,18.3
2026-04-17 07:00:50,0.0,120.7,140.9,5.66,82.6,37.7,18.3
2026-04-17 07:00:51,0.0,122.3,135.3,5.91,82.6,47.1,18.3
2026-04-17 07:00:51,0.0,115.8,138.5,5.19,84.8,42.3,18.2
2026-04-17 07:00:51,0.0,108.5,124.1,6.28,84.2,42.9,18.2
2026-04-17 07:00:51,0.0,93.2,115.8,6.6,83.7,37.9,18.1
2026-04-17 07:00:51,0.0,92.9,115.1,6.01,83.2,37.3,18.1
2026-04-17 07:00:52,0.0,110.3,133.3,5.43,84.2,43.2,18.1
2026-04-17 07:00:52,0.0,109.8,131.2,6.0,84.8,38.5,18.1
2026-04-17 07:00:52,0.0,128.6,146.2,5.38,84.2,50.0,18.1
2026-04-17 07:00:52,0.0,97.4,98.2,7.33,84.8,56.6,18.2
2026-04-17 07:00:52,0.0,97.9,119.7,6.04,85.3,44.1,18.2
2026-04-17 07:00:52,0.0,96.5,119.5,6.08,84.8,37.5,18.2
2026-04-17 07:00:53,0.0,106.4,128.8,5.66,84.8,42.5,18.2
2026-04-17 07:00:53,0.0,115.5,138.3,5.67,84.2,40.8,18.2
2026-04-17 07:00:53,0.0,100.4,118.8,6.54,83.2,46.8,18.3
2026-04-17 07:00:53,0.0,94.1,117.1,6.32,83.2,40.6,18.3
2026-04-17 07:00:53,0.0,91.4,114.8,6.09,84.8,39.4,18.3
2026-04-17 07:00:53,0.0,123.3,146.4,5.05,83.7,44.9,18.3
2026-04-17 07:00:54,0.0,118.9,141.2,5.1,82.6,41.0,18.3
2026-04-17 07:00:54,0.0,315.5,326.0,2.73,84.2,93.2,17.5
2026-04-17 07:00:54,0.0,109.5,121.2,6.33,84.2,48.4,17.5
2026-04-17 07:00:54,0.0,93.9,117.4,6.59,84.2,42.9,17.5
2026-04-17 07:00:54,0.0,115.4,137.8,5.35,84.8,37.8,17.5
2026-04-17 07:00:55,0.0,112.7,129.1,6.13,85.3,43.7,17.5
2026-04-17 07:00:55,0.0,111.9,132.6,6.01,84.2,39.7,17.5
2026-04-17 07:00:55,0.0,95.8,116.0,6.67,82.6,41.1,17.4
2026-04-17 07:00:55,0.0,111.3,132.7,5.5,83.7,41.3,17.4
2026-04-17 07:00:55,0.0,98.2,119.9,6.47,83.7,44.6,17.4
2026-04-17 07:00:55,0.0,123.1,146.2,5.25,84.8,39.2,17.4
2026-04-17 07:00:56,0.0,106.5,128.3,5.43,84.8,37.1,17.5
2026-04-17 07:00:56,0.0,137.3,159.2,5.08,84.2,41.6,17.5
2026-04-17 07:00:56,0.0,131.7,154.7,5.15,84.2,43.4,17.5
2026-04-17 07:00:56,0.0,111.8,135.2,5.54,83.7,39.4,17.5
2026-04-17 07:00:56,0.0,92.4,112.7,6.81,84.8,39.3,17.5
2026-04-17 07:00:57,0.0,128.9,151.0,4.91,84.8,39.0,17.5
2026-04-17 07:00:57,0.0,104.9,127.9,5.7,83.7,39.4,17.5
2026-04-17 07:00:57,0.0,92.0,118.4,6.31,85.3,44.4,17.5
2026-04-17 07:00:57,0.0,124.9,148.0,5.13,83.7,43.9,17.5
2026-04-17 07:00:57,0.0,91.8,114.0,6.0,84.8,38.5,17.5
2026-04-17 07:00:57,0.0,98.8,120.5,5.76,84.2,47.8,17.6
2026-04-17 07:00:58,0.0,108.5,131.6,5.65,83.7,40.3,17.6
2026-04-17 07:00:58,0.0,114.4,139.6,5.75,84.2,42.3,17.7
2026-04-17 07:00:58,0.0,137.8,150.1,5.32,82.6,45.2,17.7
2026-04-17 07:00:58,0.0,105.1,128.1,5.98,85.3,38.5,17.7
2026-04-17 07:00:58,0.0,111.3,134.0,5.76,83.7,38.5,17.7
2026-04-17 07:00:58,0.0,103.3,124.1,6.34,84.2,38.1,17.7
2026-04-17 07:00:59,0.0,117.2,139.3,5.54,84.8,49.3,17.7
2026-04-17 07:00:59,0.0,121.9,135.2,5.82,83.7,38.1,17.7
2026-04-17 07:00:59,0.0,112.3,130.2,5.27,83.7,36.8,17.7
2026-04-17 07:00:59,0.0,133.0,151.8,5.31,84.8,44.3,17.7
2026-04-17 07:00:59,0.0,116.6,139.7,5.48,84.2,38.4,17.7
2026-04-17 07:00:59,0.0,90.3,107.2,7.1,83.2,42.9,17.7
2026-04-17 07:01:00,0.0,92.6,116.1,5.91,84.2,37.3,17.7
2026-04-17 07:01:00,0.0,100.8,123.8,5.74,83.7,40.0,17.7
2026-04-17 07:01:00,0.0,102.0,125.2,5.96,84.2,39.4,17.7
2026-04-17 07:01:00,0.0,106.0,129.8,5.83,84.8,36.9,17.7
2026-04-17 07:01:00,0.0,114.4,136.9,5.74,84.2,41.2,17.8
2026-04-17 07:01:01,0.0,106.0,125.8,6.23,84.2,41.0,17.8
2026-04-17 07:01:01,0.0,129.6,151.8,5.31,84.2,43.4,17.8
2026-04-17 07:01:01,0.0,131.8,154.3,4.97,84.2,44.6,17.8
2026-04-17 07:01:01,0.0,101.5,124.2,5.9,83.7,35.9,17.8
2026-04-17 07:01:01,0.0,90.5,114.3,6.4,84.2,39.7,17.8
2026-04-17 07:01:01,0.0,123.5,145.7,5.0,83.2,40.3,17.9
2026-04-17 07:01:02,0.0,105.6,128.6,5.53,84.8,36.5,17.9
2026-04-17 07:01:02,0.0,141.7,164.7,4.91,84.8,50.0,17.9
2026-04-17 07:01:02,0.0,128.5,152.2,5.36,84.8,41.1,17.9
2026-04-17 07:01:02,0.0,98.3,117.7,5.91,84.2,39.7,17.9
2026-04-17 07:01:02,0.0,91.0,114.2,6.28,84.8,39.4,18.0
2026-04-17 07:01:03,0.0,136.3,159.0,4.72,83.7,42.0,18.1
2026-04-17 07:01:03,0.0,121.6,144.5,5.41,84.8,38.9,18.1
2026-04-17 07:01:03,0.0,119.6,127.4,6.07,84.2,47.0,18.1
2026-04-17 07:01:03,0.0,114.6,127.8,6.19,83.7,44.4,18.1
2026-04-17 07:01:03,0.0,115.0,133.7,5.97,84.8,42.6,18.1
2026-04-17 07:01:03,0.0,146.6,163.2,5.06,84.8,49.4,18.1
2026-04-17 07:01:04,0.0,129.2,149.5,5.46,83.7,44.4,18.1
2026-04-17 07:01:04,0.0,97.7,120.3,5.96,84.8,34.4,18.1
2026-04-17 07:01:04,0.0,113.6,135.4,5.48,83.7,45.9,18.1
2026-04-17 07:01:04,0.0,107.5,126.6,6.24,83.7,41.3,18.0
2026-04-17 07:01:04,0.0,105.9,127.8,6.05,83.2,40.9,18.0
2026-04-17 07:01:04,0.0,111.0,134.1,5.83,84.2,38.2,18.0
2026-04-17 07:01:05,0.0,94.5,116.5,6.66,83.2,37.5,18.0
2026-04-17 07:01:05,0.0,96.7,120.4,5.91,84.2,43.1,18.0
2026-04-17 07:01:05,0.0,92.3,115.5,6.19,84.2,40.3,18.0
2026-04-17 07:01:05,0.0,142.3,165.3,4.62,84.2,43.4,18.0
2026-04-17 07:01:05,0.0,114.5,137.5,5.79,83.2,42.0,18.0
2026-04-17 07:01:05,0.0,115.7,137.4,5.85,84.8,44.9,18.1
2026-04-17 07:01:06,0.0,117.2,133.4,5.95,84.2,43.3,18.1
2026-04-17 07:01:06,0.0,102.3,114.0,6.76,84.8,42.9,18.1
2026-04-17 07:01:06,0.0,98.8,121.6,6.13,83.7,42.6,18.2
2026-04-17 07:01:06,0.0,159.9,183.0,4.39,83.2,47.3,18.1
2026-04-17 07:01:06,0.0,98.3,121.4,5.82,83.7,37.1,18.2
2026-04-17 07:01:07,0.0,96.0,118.8,6.08,84.2,41.8,18.2
2026-04-17 07:01:07,0.0,135.4,159.4,4.84,83.7,41.5,18.2
2026-04-17 07:01:07,0.0,105.5,128.4,5.92,83.7,40.3,18.2
2026-04-17 07:01:07,0.0,118.7,141.8,5.55,85.3,39.7,18.3
2026-04-17 07:01:07,0.0,117.4,131.3,6.03,84.2,40.6,18.2
2026-04-17 07:01:07,0.0,104.4,122.9,6.38,83.7,44.4,18.2
2026-04-17 07:01:08,0.0,129.4,152.5,5.32,84.2,48.0,18.2
2026-04-17 07:01:08,0.0,166.8,189.5,4.22,83.7,40.9,18.2
2026-04-17 07:01:08,0.0,105.6,126.8,5.82,84.8,43.1,18.2
2026-04-17 07:01:08,0.0,96.9,120.0,6.29,84.2,40.3,18.2
2026-04-17 07:01:08,0.0,117.1,139.0,5.38,83.7,36.6,18.1
2026-04-17 07:01:08,0.0,99.4,115.3,6.72,84.2,40.4,18.1
2026-04-17 07:01:09,0.0,108.2,131.1,5.68,84.2,42.9,18.1
2026-04-17 07:01:09,0.0,129.1,152.2,5.35,84.2,41.1,18.1
2026-04-17 07:01:09,0.0,94.2,117.4,6.06,84.2,38.1,18.1
2026-04-17 07:01:09,0.0,98.6,121.5,5.81,84.8,39.7,18.0
2026-04-17 07:01:09,0.0,108.0,128.5,5.7,84.8,42.9,18.0
2026-04-17 07:01:10,0.0,119.2,142.2,5.65,83.7,45.7,18.0
2026-04-17 07:01:10,0.0,92.7,109.2,6.97,84.2,45.9,18.1
2026-04-17 07:01:10,0.0,144.6,167.3,4.64,83.7,40.0,18.0
2026-04-17 07:01:10,0.0,113.4,134.7,5.94,84.8,40.9,18.1
2026-04-17 07:01:10,0.0,125.6,145.8,5.56,83.7,39.7,18.0
2026-04-17 07:01:10,0.0,95.3,115.2,5.93,84.2,35.8,18.0
2026-04-17 07:01:11,0.0,108.2,131.4,5.56,83.7,40.6,18.1
2026-04-17 07:01:11,0.0,137.7,160.9,5.1,85.3,44.7,18.1
2026-04-17 07:01:11,0.0,111.7,131.2,5.73,85.9,40.6,18.1
2026-04-17 07:01:11,0.0,113.0,133.8,5.96,84.2,45.5,18.1
2026-04-17 07:01:11,0.0,120.8,140.0,5.75,83.7,45.7,18.1
2026-04-17 07:01:11,0.0,100.5,112.9,6.82,84.2,43.3,18.2
2026-04-17 07:01:12,0.0,148.8,171.5,4.62,84.8,42.4,18.2
2026-04-17 07:01:12,0.0,149.2,164.4,5.0,83.2,47.5,18.2
2026-04-17 07:01:12,0.0,121.4,138.3,5.78,83.7,40.9,18.3
2026-04-17 07:01:12,0.0,127.3,150.3,4.92,83.7,46.4,18.3
2026-04-17 07:01:12,0.0,98.2,120.4,5.86,84.2,37.7,18.3
2026-04-17 07:01:13,0.0,95.0,119.1,6.07,83.2,40.6,18.3
2026-04-17 07:01:13,0.0,122.6,145.9,5.09,84.8,40.8,18.3
2026-04-17 07:01:13,0.0,112.2,133.9,5.38,83.7,38.4,18.3
2026-04-17 07:01:13,0.0,108.2,130.1,6.11,83.7,40.9,18.3
2026-04-17 07:01:13,0.0,101.5,127.1,6.13,83.7,43.8,18.3
2026-04-17 07:01:13,0.0,101.5,123.6,6.06,84.8,47.0,18.3
2026-04-17 07:01:14,0.0,402.0,423.8,2.15,84.2,80.4,17.6
2026-04-17 07:01:14,0.0,134.0,156.9,5.02,84.2,36.7,17.5
2026-04-17 07:01:14,0.0,92.2,115.1,6.35,84.2,37.3,17.6
2026-04-17 07:01:14,0.0,119.0,141.9,5.17,83.7,40.0,17.6
2026-04-17 07:01:15,0.0,97.9,120.5,5.6,84.2,35.2,17.6
2026-04-17 07:01:15,0.0,103.5,126.0,5.78,84.8,43.5,17.7
2026-04-17 07:01:15,0.0,98.6,121.7,6.21,84.8,38.7,17.7
2026-04-17 07:01:15,0.0,128.4,151.2,5.09,83.7,44.9,17.7
2026-04-17 07:01:15,0.0,119.8,142.2,5.23,84.8,42.1,17.7
2026-04-17 07:01:16,0.0,132.9,156.5,4.68,83.2,39.5,17.7
2026-04-17 07:01:16,0.0,102.3,124.3,5.92,84.2,46.5,17.7
2026-04-17 07:01:16,0.0,119.8,142.3,5.41,85.3,39.4,17.7
2026-04-17 07:01:16,0.0,128.1,140.0,5.74,82.6,44.8,17.7
2026-04-17 07:01:16,0.0,99.1,120.8,5.86,84.2,39.1,17.7
2026-04-17 07:01:16,0.0,107.3,129.7,5.71,82.6,38.8,17.8
2026-04-17 07:01:17,0.0,92.3,115.4,6.6,84.8,40.0,17.8
2026-04-17 07:01:17,0.0,114.1,137.3,5.29,83.7,44.7,17.8
2026-04-17 07:01:17,0.0,109.3,127.7,6.19,84.2,44.6,17.9
2026-04-17 07:01:17,0.0,115.8,138.4,5.79,84.8,45.6,17.8
2026-04-17 07:01:17,0.0,106.8,120.2,6.33,84.2,46.7,17.8
2026-04-17 07:01:17,0.0,102.6,125.3,6.18,84.8,43.1,17.7
2026-04-17 07:01:18,0.0,103.7,126.6,5.95,83.7,40.6,17.7
2026-04-17 07:01:18,0.0,108.3,131.3,5.83,84.8,45.6,17.7
2026-04-17 07:01:18,0.0,101.9,123.7,6.27,84.2,37.7,17.8
2026-04-17 07:01:18,0.0,118.1,138.5,5.45,84.2,54.2,17.8
2026-04-17 07:01:18,0.0,94.2,108.2,7.05,83.7,45.8,17.8
2026-04-17 07:01:18,0.0,103.6,126.6,5.68,84.8,39.4,17.9
2026-04-17 07:01:19,0.0,112.2,136.4,5.68,84.8,41.4,17.9
2026-04-17 07:01:19,0.0,109.5,129.7,6.11,84.2,37.7,18.0
2026-04-17 07:01:19,0.0,127.8,149.0,5.42,84.2,46.8,18.0
2026-04-17 07:01:19,0.0,116.1,137.4,5.31,83.7,36.1,18.0
2026-04-17 07:01:19,0.0,95.5,115.5,6.71,84.2,46.8,18.1
2026-04-17 07:01:19,0.0,94.6,118.7,6.12,83.2,40.3,18.1
2026-04-17 07:01:20,0.0,109.7,132.9,5.53,85.3,38.9,18.1
2026-04-17 07:01:20,0.0,95.9,118.9,6.54,83.2,39.7,18.1
2026-04-17 07:01:20,0.0,119.8,143.1,5.23,85.3,44.0,18.1
2026-04-17 07:01:20,0.0,95.2,105.7,7.06,85.9,46.4,18.1
2026-04-17 07:01:20,0.0,105.8,129.7,5.54,85.3,45.1,18.1
2026-04-17 07:01:21,0.0,127.8,150.7,5.41,84.2,43.2,18.1
2026-04-17 07:01:21,0.0,105.0,123.4,5.64,84.2,36.8,18.1
2026-04-17 07:01:21,0.0,142.5,166.0,4.87,85.3,45.8,18.1
2026-04-17 07:01:21,0.0,110.8,133.3,5.99,84.8,41.2,18.0
2026-04-17 07:01:21,0.0,104.0,125.9,6.26,84.2,42.9,18.0
2026-04-17 07:01:21,0.0,102.8,124.0,6.04,84.2,43.3,18.0
2026-04-17 07:01:22,0.0,92.9,116.1,6.35,85.3,44.8,18.0
2026-04-17 07:01:22,0.0,144.5,167.9,4.59,82.6,44.2,18.0
2026-04-17 07:01:22,0.0,91.1,113.7,6.79,84.2,35.2,18.1
2026-04-17 07:01:22,0.0,127.6,154.9,4.84,82.6,39.8,18.0
2026-04-17 07:01:22,0.0,96.6,119.7,6.08,84.8,39.4,18.0
2026-04-17 07:01:22,0.0,95.9,119.1,6.02,84.2,39.1,18.0
2026-04-17 07:01:23,0.0,126.4,149.1,5.06,84.2,45.6,17.9
2026-04-17 07:01:23,0.0,114.2,134.0,5.33,84.8,35.7,18.0
2026-04-17 07:01:23,0.0,105.8,123.4,6.35,84.8,44.3,17.9
2026-04-17 07:01:23,0.0,116.9,138.0,5.61,84.8,38.6,18.0
2026-04-17 07:01:23,0.0,121.3,138.8,5.78,83.7,39.4,18.0
2026-04-17 07:01:24,0.0,94.8,121.3,5.73,84.2,39.4,18.0
2026-04-17 07:01:24,0.0,118.6,141.8,5.3,83.2,44.2,18.0
2026-04-17 07:01:24,0.0,107.0,118.6,6.49,84.8,43.5,18.0
2026-04-17 07:01:24,0.0,107.9,130.7,6.0,85.3,40.0,17.9
2026-04-17 07:01:24,0.0,111.4,134.3,5.88,84.2,42.4,17.9
2026-04-17 07:01:24,0.0,112.9,131.8,5.95,83.2,42.4,17.9
2026-04-17 07:01:25,0.0,106.4,127.5,6.14,83.2,50.0,17.9
2026-04-17 07:01:25,0.0,119.9,142.4,5.63,84.8,44.3,17.9
2026-04-17 07:01:25,0.0,140.3,152.9,5.35,82.6,46.6,17.9
2026-04-17 07:01:25,0.0,112.8,136.0,5.8,84.8,46.4,17.9
2026-04-17 07:01:25,0.0,109.2,133.0,6.0,84.8,43.1,17.9
2026-04-17 07:01:25,0.0,98.9,117.5,6.56,83.2,46.0,17.9
2026-04-17 07:01:26,0.0,111.9,135.1,5.57,84.8,41.9,18.0
2026-04-17 07:01:26,0.0,116.4,133.6,5.85,83.7,42.4,18.0
2026-04-17 07:01:26,0.0,98.8,116.4,6.65,82.6,39.7,18.1
2026-04-17 07:01:26,0.0,107.9,130.4,5.71,84.2,45.8,18.1
2026-04-17 07:01:26,0.0,137.1,160.7,5.12,84.2,41.7,18.1
2026-04-17 07:01:26,0.0,113.6,137.1,5.67,82.6,40.6,18.2
2026-04-17 07:01:27,0.0,122.2,141.1,5.72,85.3,40.3,18.2
2026-04-17 07:01:27,0.0,105.3,128.0,5.46,84.2,37.1,18.2
2026-04-17 07:01:27,0.0,108.4,128.1,5.87,84.2,39.1,18.3
2026-04-17 07:01:27,0.0,101.4,124.4,6.3,84.8,41.5,18.3
2026-04-17 07:01:27,0.0,102.4,125.5,5.97,84.2,40.8,18.3
2026-04-17 07:01:27,0.0,116.4,139.3,5.54,83.2,40.0,18.2
2026-04-17 07:01:28,0.0,132.7,149.6,5.44,84.2,41.7,18.2
2026-04-17 07:01:28,0.0,121.3,145.8,5.29,84.2,42.5,18.3
2026-04-17 07:01:28,0.0,103.6,126.6,5.53,83.7,39.2,18.3
2026-04-17 07:01:28,0.0,91.9,115.7,6.41,83.7,39.3,18.3
2026-04-17 07:01:28,0.0,91.3,114.3,6.06,85.3,36.9,18.3
2026-04-17 07:01:29,0.0,161.5,184.1,4.22,84.2,44.1,18.3
2026-04-17 07:01:29,0.0,102.8,127.8,5.65,82.6,37.7,18.3
2026-04-17 07:01:29,0.0,115.2,143.4,5.51,84.2,41.9,18.4
2026-04-17 07:01:29,0.0,123.4,135.3,5.89,84.2,41.5,18.4
2026-04-17 07:01:29,0.0,119.8,142.2,5.1,82.0,38.7,18.3
2026-04-17 07:01:29,0.0,98.6,110.5,6.87,83.7,46.6,18.3
2026-04-17 07:01:30,0.0,119.8,143.0,5.31,83.2,41.7,18.3
2026-04-17 07:01:30,0.0,119.9,132.1,5.99,85.3,48.5,18.3
2026-04-17 07:01:30,0.0,94.0,105.2,7.17,83.7,40.7,18.3
2026-04-17 07:01:30,0.0,94.7,118.6,5.94,84.8,38.8,18.2
2026-04-17 07:01:30,0.0,136.5,159.3,4.82,84.2,36.2,18.3
2026-04-17 07:01:30,0.0,112.9,135.0,5.66,84.8,38.2,18.3
2026-04-17 07:01:31,0.0,100.1,119.9,6.51,83.2,41.7,18.3
2026-04-17 07:01:31,0.0,106.9,130.7,5.75,84.8,39.1,18.3
2026-04-17 07:01:31,0.0,102.1,125.3,6.17,84.8,45.6,18.3
2026-04-17 07:01:31,0.0,118.0,140.8,5.5,84.8,40.8,18.3
2026-04-17 07:01:31,0.0,104.0,119.9,6.47,84.8,45.0,18.3
2026-04-17 07:01:31,0.0,103.9,126.7,6.01,85.9,38.8,18.3
2026-04-17 07:01:32,0.0,110.4,133.2,5.85,84.8,42.9,18.3
2026-04-17 07:01:32,0.0,139.7,162.8,5.09,84.8,48.1,18.3
2026-04-17 07:01:32,0.0,151.3,174.3,4.74,84.2,40.7,18.3
2026-04-17 07:01:32,0.0,344.9,358.5,2.49,84.2,92.3,17.6
2026-04-17 07:01:33,0.0,120.8,134.0,5.93,86.5,43.1,17.6
2026-04-17 07:01:33,0.0,127.3,139.1,5.76,84.8,45.7,17.6
2026-04-17 07:01:33,0.0,92.8,109.0,6.07,84.8,38.5,17.6
2026-04-17 07:01:33,0.0,114.3,137.1,5.31,83.7,39.7,17.6
2026-04-17 07:01:33,0.0,125.9,144.5,5.62,84.2,45.7,17.5
2026-04-17 07:01:34,0.0,115.2,137.3,5.26,84.8,41.8,17.6
2026-04-17 07:01:34,0.0,112.9,130.0,6.12,85.3,46.2,17.6
2026-04-17 07:01:34,0.0,130.8,148.1,5.41,84.2,48.0,17.6
2026-04-17 07:01:34,0.0,122.2,141.5,5.24,84.2,42.9,17.6
2026-04-17 07:01:34,0.0,98.9,123.8,5.59,84.8,39.7,17.6
2026-04-17 07:01:34,0.0,131.1,157.8,4.98,84.8,40.0,17.6
2026-04-17 07:01:35,0.0,107.0,130.5,5.79,82.6,39.1,17.6
2026-04-17 07:01:35,0.0,90.1,113.0,6.73,84.2,41.4,17.7
2026-04-17 07:01:35,0.0,137.5,160.0,4.68,83.7,42.9,17.7
2026-04-17 07:01:35,0.0,106.4,128.1,5.93,84.2,37.5,17.7
2026-04-17 07:01:35,0.0,102.4,126.1,6.1,83.7,41.5,17.7
2026-04-17 07:01:35,0.0,107.3,130.0,5.87,84.2,43.9,17.7
2026-04-17 07:01:36,0.0,121.5,144.6,5.51,83.7,41.7,17.7
2026-04-17 07:01:36,0.0,113.6,135.7,5.21,83.2,35.1,17.7
2026-04-17 07:01:36,0.0,96.4,114.2,6.72,83.7,44.1,17.7
2026-04-17 07:01:36,0.0,129.2,152.5,5.0,83.7,45.1,17.7
2026-04-17 07:01:36,0.0,111.8,134.8,5.51,84.2,36.6,17.7
2026-04-17 07:01:37,0.0,111.6,127.5,6.0,84.8,50.0,17.7
2026-04-17 07:01:37,0.0,122.4,143.8,5.64,84.8,43.3,17.7
2026-04-17 07:01:37,0.0,93.9,117.1,5.83,83.7,38.0,17.7
2026-04-17 07:01:37,0.0,128.9,152.7,4.94,82.6,39.7,17.6
2026-04-17 07:01:37,0.0,108.6,131.7,5.59,83.7,40.5,17.6
2026-04-17 07:01:37,0.0,138.4,159.8,5.09,85.9,43.6,17.7
2026-04-17 07:01:38,0.0,104.3,127.4,6.04,84.8,39.4,17.7
2026-04-17 07:01:38,0.0,105.3,128.3,5.96,84.2,43.3,17.7
2026-04-17 07:01:38,0.0,120.2,143.2,5.51,85.9,40.3,17.7
2026-04-17 07:01:38,0.0,108.6,121.0,6.45,83.7,45.2,17.8
2026-04-17 07:01:38,0.0,104.3,127.6,6.15,83.7,39.3,17.8
2026-04-17 07:01:38,0.0,108.1,137.2,5.61,83.7,45.6,17.8
2026-04-17 07:01:39,0.0,123.5,140.6,5.72,84.8,39.7,17.8
2026-04-17 07:01:39,0.0,106.7,125.0,5.48,84.2,35.2,17.8
2026-04-17 07:01:39,0.0,130.8,154.3,5.23,83.2,41.9,17.8
2026-04-17 07:01:39,0.0,131.1,153.9,5.0,83.7,39.7,17.8
2026-04-17 07:01:39,0.0,114.6,138.1,5.45,84.2,39.7,17.8
2026-04-17 07:01:40,0.0,99.1,112.8,6.64,84.8,43.5,17.8
2026-04-17 07:01:40,0.0,103.7,125.4,5.81,84.2,40.6,17.8
2026-04-17 07:01:40,0.0,98.5,119.6,6.23,83.7,45.5,17.8
2026-04-17 07:01:40,0.0,91.9,112.8,6.25,82.6,39.1,17.8
2026-04-17 07:01:40,0.0,105.4,128.4,5.56,84.8,37.5,17.8
2026-04-17 07:01:40,0.0,116.4,139.4,5.63,84.2,41.4,17.8
2026-04-17 07:01:41,0.0,101.0,117.7,6.58,84.8,42.4,17.9
2026-04-17 07:01:41,0.0,116.4,144.5,5.35,84.8,43.2,17.8
2026-04-17 07:01:41,0.0,109.0,132.0,5.33,84.8,37.5,17.8
2026-04-17 07:01:41,0.0,106.7,123.8,6.08,83.7,40.9,17.9
2026-04-17 07:01:41,0.0,110.6,130.5,5.9,84.8,37.9,17.9
2026-04-17 07:01:41,0.0,104.1,127.4,6.21,84.8,41.0,17.9
2026-04-17 07:01:42,0.0,153.0,175.8,4.66,83.7,41.9,18.0
2026-04-17 07:01:42,0.0,102.3,123.4,5.47,84.2,36.6,18.0
2026-04-17 07:01:42,0.0,105.7,128.2,5.89,84.8,39.7,18.0
2026-04-17 07:01:42,0.0,112.7,135.6,5.76,82.6,40.3,18.0
2026-04-17 07:01:42,0.0,113.1,133.4,5.97,84.2,44.6,18.0
2026-04-17 07:01:43,0.0,110.7,130.0,6.1,84.2,43.9,18.1
2026-04-17 07:01:43,0.0,103.8,125.6,6.27,84.2,42.2,18.1
2026-04-17 07:01:43,0.0,115.6,138.8,5.58,84.2,42.9,18.1
2026-04-17 07:01:43,0.0,94.0,110.5,6.93,84.8,43.9,18.1
2026-04-17 07:01:43,0.0,104.4,122.1,5.62,84.8,50.0,18.0
2026-04-17 07:01:43,0.0,108.2,131.2,5.9,83.7,40.3,18.1
2026-04-17 07:01:44,0.0,104.4,127.9,6.13,84.2,40.0,18.1
2026-04-17 07:01:44,0.0,118.0,141.0,5.56,84.8,47.3,18.0
2026-04-17 07:01:44,0.0,121.6,133.9,5.85,84.2,44.1,18.0
2026-04-17 07:01:44,0.0,92.2,102.1,7.34,83.2,42.3,18.0
2026-04-17 07:01:44,0.0,115.3,142.3,5.16,83.2,37.8,18.0
2026-04-17 07:01:44,0.0,109.7,122.9,6.33,84.2,45.2,18.0
2026-04-17 07:01:45,0.0,125.5,148.1,5.48,82.6,40.8,18.1
2026-04-17 07:01:45,0.0,123.6,146.5,5.06,83.2,39.5,18.1
2026-04-17 07:01:45,0.0,144.5,167.5,4.54,83.2,41.4,18.1
2026-04-17 07:01:45,0.0,94.5,115.9,6.64,84.8,41.7,18.1
2026-04-17 07:01:45,0.0,99.8,121.7,5.81,85.3,43.8,18.1
2026-04-17 07:01:45,0.0,119.6,140.0,5.39,85.3,45.2,18.1
2026-04-17 07:01:46,0.0,101.4,114.7,6.74,83.7,40.4,18.1
2026-04-17 07:01:46,0.0,110.2,133.6,5.68,84.8,38.6,18.1
2026-04-17 07:01:46,0.0,106.9,128.9,6.15,83.2,40.3,18.2
2026-04-17 07:01:46,0.0,111.3,134.4,5.82,84.2,45.7,18.2
2026-04-17 07:01:46,0.0,133.6,153.0,5.3,84.8,42.5,18.3
2026-04-17 07:01:46,0.0,123.9,146.8,5.26,84.2,37.0,18.3
2026-04-17 07:01:47,0.0,101.7,124.6,5.64,83.7,38.9,18.3
2026-04-17 07:01:47,0.0,112.1,134.3,5.65,84.2,42.9,18.4
2026-04-17 07:01:47,0.0,119.2,138.3,5.72,83.7,43.3,18.4
2026-04-17 07:01:47,0.0,119.1,130.7,6.06,83.7,47.8,18.4
2026-04-17 07:01:47,0.0,151.4,164.7,5.03,84.2,51.9,18.4
2026-04-17 07:01:48,0.0,90.5,101.2,7.14,83.7,43.6,18.4
2026-04-17 07:01:48,0.0,159.3,181.9,4.26,83.2,46.6,18.5
2026-04-17 07:01:48,0.0,111.7,134.6,5.39,84.2,43.8,18.3
2026-04-17 07:01:48,0.0,116.8,137.9,5.81,85.3,57.1,18.4
2026-04-17 07:01:48,0.0,153.9,169.4,4.91,84.2,68.4,18.4
2026-04-17 07:01:49,0.0,152.7,164.5,5.02,84.8,68.4,18.4
2026-04-17 07:01:49,0.0,131.7,144.0,5.59,84.2,68.9,18.4
2026-04-17 07:01:49,0.0,152.6,175.1,4.54,83.7,65.1,18.5
2026-04-17 07:01:49,0.0,104.9,116.1,6.57,84.2,51.7,18.5
2026-04-17 07:01:49,0.0,100.5,123.3,6.15,84.2,41.3,18.5
2026-04-17 07:01:49,0.0,115.1,138.6,5.53,84.8,40.0,18.6
2026-04-17 07:01:50,0.0,123.2,141.0,5.71,83.2,50.7,18.6
2026-04-17 07:01:50,0.0,117.5,140.7,5.17,83.7,44.2,18.6
2026-04-17 07:01:50,0.0,113.5,128.0,6.13,84.2,41.0,18.6
2026-04-17 07:01:50,0.0,107.7,127.7,6.11,83.2,45.6,18.5
2026-04-17 07:01:50,0.0,101.6,123.4,6.37,84.8,41.7,18.5
2026-04-17 07:01:50,0.0,108.9,132.2,5.75,84.2,36.9,18.5
2026-04-17 07:01:51,0.0,101.1,124.1,6.3,83.7,39.7,18.5
2026-04-17 07:01:51,0.0,349.2,391.3,2.3,84.8,83.8,18.0
2026-04-17 07:01:51,0.0,118.2,141.2,5.46,83.7,40.0,17.9
2026-04-17 07:01:51,0.0,90.6,102.9,7.24,84.2,38.9,17.9
2026-04-17 07:01:52,0.0,96.0,119.3,5.77,83.7,40.6,17.9
2026-04-17 07:01:52,0.0,121.1,146.0,5.18,84.2,44.9,18.0
2026-04-17 07:01:52,0.0,104.8,127.8,5.52,83.7,41.9,18.0
2026-04-17 07:01:52,0.0,127.5,155.5,5.13,84.2,43.2,18.0
2026-04-17 07:01:52,0.0,90.9,113.9,6.35,85.3,35.0,17.9
2026-04-17 07:01:52,0.0,156.3,180.0,4.29,83.7,42.7,17.9
2026-04-17 07:01:53,0.0,95.3,118.4,5.83,84.2,34.8,17.9
2026-04-17 07:01:53,0.0,94.8,114.6,6.02,84.8,34.4,17.9
2026-04-17 07:01:53,0.0,141.8,166.3,4.65,82.6,41.9,17.9
2026-04-17 07:01:53,0.0,93.9,115.8,6.65,84.2,42.4,17.9
2026-04-17 07:01:53,0.0,115.1,146.8,5.07,83.7,38.5,17.9
2026-04-17 07:01:54,0.0,97.9,120.9,5.77,83.2,33.8,17.9
2026-04-17 07:01:54,0.0,107.9,131.5,5.64,84.2,36.8,17.9
2026-04-17 07:01:54,0.0,94.9,119.2,6.48,84.2,41.0,17.9
2026-04-17 07:01:54,0.0,104.9,126.8,5.7,84.2,38.2,17.9
2026-04-17 07:01:54,0.0,129.2,147.8,5.22,84.2,46.1,17.9
2026-04-17 07:01:54,0.0,120.0,142.8,5.26,83.2,43.6,17.9
2026-04-17 07:01:55,0.0,101.9,113.7,6.71,83.2,45.8,17.9
2026-04-17 07:01:55,0.0,115.4,139.0,5.53,84.2,40.0,17.9
2026-04-17 07:01:55,0.0,93.7,108.3,6.96,83.7,40.4,17.9
2026-04-17 07:01:55,0.0,104.0,126.6,5.65,84.8,41.2,17.8
2026-04-17 07:01:55,0.0,97.6,117.3,6.21,84.2,40.6,17.8
2026-04-17 07:01:55,0.0,98.5,119.1,6.0,84.8,37.1,17.8
2026-04-17 07:01:56,0.0,123.4,147.4,5.19,83.7,40.3,17.8
2026-04-17 07:01:56,0.0,91.0,111.3,5.99,83.7,38.6,17.8
2026-04-17 07:01:56,0.0,114.0,138.2,5.25,83.7,42.3,17.8
2026-04-17 07:01:56,0.0,132.8,150.6,5.41,83.7,45.9,17.9
2026-04-17 07:01:56,0.0,89.4,112.4,6.41,85.3,34.9,17.9
2026-04-17 07:01:57,0.0,114.3,136.3,5.22,83.7,35.2,17.9
2026-04-17 07:01:57,0.0,130.5,149.6,5.46,84.8,44.4,17.9
2026-04-17 07:01:57,0.0,91.4,113.4,6.16,84.8,41.5,18.0
2026-04-17 07:01:57,0.0,113.6,136.5,5.35,83.7,40.0,18.0
2026-04-17 07:01:57,0.0,102.7,121.8,6.44,85.9,39.3,18.1
2026-04-17 07:01:57,0.0,131.7,155.3,5.1,83.2,43.4,18.1
2026-04-17 07:01:58,0.0,100.0,121.8,5.96,83.7,39.1,18.1
2026-04-17 07:01:58,0.0,113.8,138.4,5.49,84.2,43.2,18.2
2026-04-17 07:01:58,0.0,109.5,126.8,6.23,84.2,51.5,18.2
2026-04-17 07:01:58,0.0,118.3,142.5,5.64,83.7,45.7,18.2
2026-04-17 07:01:58,0.0,117.3,130.3,6.09,84.8,46.0,18.2
2026-04-17 07:01:58,0.0,91.2,105.2,7.15,83.2,44.8,18.2
2026-04-17 07:01:59,0.0,97.8,121.0,5.77,84.8,40.0,18.2
2026-04-17 07:01:59,0.0,119.4,143.4,5.29,84.8,40.3,18.2
2026-04-17 07:01:59,0.0,116.4,128.5,6.15,84.8,43.9,18.2
2026-04-17 07:01:59,0.0,101.8,119.0,6.55,84.8,43.1,18.2
2026-04-17 07:01:59,0.0,128.6,152.3,5.17,84.8,37.0,18.2
2026-04-17 07:01:59,0.0,91.7,114.5,6.15,84.8,38.5,18.2
2026-04-17 07:02:00,0.0,117.6,140.1,5.2,84.8,37.7,18.2
2026-04-17 07:02:00,0.0,107.3,122.3,6.4,85.9,46.8,18.2
2026-04-17 07:02:00,0.0,108.6,131.6,5.96,83.2,44.9,18.2
2026-04-17 07:02:00,0.0,118.5,138.9,5.64,84.2,47.1,18.2
2026-04-17 07:02:00,0.0,101.6,118.8,6.52,83.7,41.7,18.2
2026-04-17 07:02:00,0.0,127.3,150.3,5.33,83.2,40.5,18.3
2026-04-17 07:02:01,0.0,92.2,114.7,6.07,85.3,39.4,18.3
2026-04-17 07:02:01,0.0,129.9,152.9,4.89,83.7,41.3,18.2
2026-04-17 07:02:01,0.0,98.6,122.0,5.92,84.2,39.7,18.2
2026-04-17 07:02:01,0.0,108.3,130.3,5.65,83.7,39.7,18.2
2026-04-17 07:02:01,0.0,107.0,129.0,6.08,84.2,47.1,18.2
2026-04-17 07:02:02,0.0,140.7,162.3,4.98,83.2,47.5,18.2
2026-04-17 07:02:02,0.0,113.6,137.0,5.79,84.8,42.4,18.1
2026-04-17 07:02:02,0.0,116.6,135.2,5.9,83.7,43.9,18.2
2026-04-17 07:02:02,0.0,101.2,117.4,6.58,84.8,50.0,18.1
2026-04-17 07:02:02,0.0,118.1,141.7,5.44,84.8,39.7,18.1
2026-04-17 07:02:02,0.0,101.4,114.6,6.72,85.3,46.7,18.1
2026-04-17 07:02:03,0.0,101.2,121.8,5.96,84.8,40.3,18.1
2026-04-17 07:02:03,0.0,121.3,141.7,5.38,84.2,44.0,18.1
2026-04-17 07:02:03,0.0,104.2,125.3,5.49,84.2,37.5,18.1
2026-04-17 07:02:03,0.0,100.9,123.9,6.12,84.8,37.5,18.1
2026-04-17 07:02:03,0.0,154.4,176.0,4.51,83.7,50.0,18.1
2026-04-17 07:02:03,0.0,111.2,121.4,6.44,84.2,41.4,18.1
2026-04-17 07:02:04,0.0,107.1,128.9,6.15,84.8,38.1,18.1
2026-04-17 07:02:04,0.0,140.6,163.2,4.96,83.7,42.5,18.1
2026-04-17 07:02:04,0.0,128.9,149.4,5.37,83.2,41.7,18.1
2026-04-17 07:02:04,0.0,113.3,133.8,5.43,84.2,38.2,18.0
2026-04-17 07:02:04,0.0,92.0,111.3,6.87,84.8,43.1,18.1
2026-04-17 07:02:05,0.0,115.9,137.7,5.24,84.2,46.2,18.1
2026-04-17 07:02:05,0.0,111.2,127.5,6.18,84.2,45.3,18.2
2026-04-17 07:02:05,0.0,100.7,122.1,6.39,84.8,38.3,18.2
2026-04-17 07:02:05,0.0,95.7,118.9,6.18,83.7,38.1,18.2
2026-04-17 07:02:05,0.0,117.8,141.4,5.3,82.0,44.2,18.1
2026-04-17 07:02:05,0.0,96.3,109.7,6.94,83.2,42.1,18.1
2026-04-17 07:02:06,0.0,101.2,125.3,5.75,83.7,42.0,18.1
2026-04-17 07:02:06,0.0,105.7,117.0,5.91,84.2,47.1,18.1
2026-04-17 07:02:06,0.0,106.8,129.7,5.98,84.8,38.1,18.1
2026-04-17 07:02:06,0.0,107.6,130.0,5.98,84.2,42.4,18.1
2026-04-17 07:02:06,0.0,117.0,140.0,5.68,84.8,40.6,18.2
2026-04-17 07:02:06,0.0,129.1,144.8,5.57,83.2,45.8,18.2
2026-04-17 07:02:07,0.0,95.7,116.3,6.03,84.2,40.0,18.2
2026-04-17 07:02:07,0.0,136.0,158.9,4.83,84.8,42.7,18.3
2026-04-17 07:02:07,0.0,106.7,129.7,5.87,83.7,43.7,18.3
2026-04-17 07:02:07,0.0,112.9,136.0,5.79,83.2,40.6,18.3
2026-04-17 07:02:07,0.0,95.4,115.6,6.7,84.8,45.0,18.2
2026-04-17 07:02:07,0.0,95.6,119.5,5.97,83.7,40.6,18.2
2026-04-17 07:02:08,0.0,111.6,134.4,5.48,83.7,42.7,18.2
2026-04-17 07:02:08,0.0,95.6,116.6,6.65,83.2,42.6,18.2
2026-04-17 07:02:08,0.0,148.0,171.6,4.55,83.7,42.5,18.2
2026-04-17 07:02:08,0.0,113.9,129.2,6.07,83.7,44.1,18.2
2026-04-17 07:02:08,0.0,94.0,114.6,6.75,84.8,41.7,18.3
2026-04-17 07:02:08,0.0,102.8,125.5,5.75,84.2,40.6,18.3
2026-04-17 07:02:09,0.0,121.2,145.0,5.38,84.2,45.5,18.3
2026-04-17 07:02:09,0.0,91.8,102.0,7.33,83.7,44.4,18.4
2026-04-17 07:02:09,0.0,115.6,137.6,5.23,84.8,39.7,18.4
2026-04-17 07:02:09,0.0,113.1,129.9,6.12,83.2,44.6,18.4
2026-04-17 07:02:09,0.0,101.7,122.6,6.39,84.8,44.4,18.5
2026-04-17 07:02:09,0.0,114.6,138.4,5.59,83.2,45.2,18.5
2026-04-17 07:02:10,0.0,116.3,133.2,5.96,83.2,41.5,18.6
2026-04-17 07:02:10,0.0,362.9,382.9,2.4,85.3,85.3,17.7
2026-04-17 07:02:10,0.0,116.2,139.0,5.48,84.2,40.8,17.7
2026-04-17 07:02:10,0.0,87.1,102.9,7.29,85.3,45.8,17.7
2026-04-17 07:02:10,0.0,92.0,98.6,7.24,84.8,55.6,17.8
2026-04-17 07:02:11,0.0,93.5,116.8,5.94,85.3,37.9,17.8
2026-04-17 07:02:11,0.0,137.3,160.3,4.74,84.8,40.7,17.8
2026-04-17 07:02:11,0.0,92.6,115.4,6.47,83.7,37.3,17.8
2026-04-17 07:02:11,0.0,93.3,116.5,5.97,84.8,38.8,17.8
2026-04-17 07:02:11,0.0,102.3,120.4,5.68,84.8,39.1,17.8
2026-04-17 07:02:12,0.0,96.1,119.2,6.26,84.8,39.1,17.9
2026-04-17 07:02:12,0.0,117.8,136.9,5.28,84.2,41.3,17.9
2026-04-17 07:02:12,0.0,118.3,129.0,6.03,83.7,49.3,17.9
2026-04-17 07:02:12,0.0,134.9,149.8,5.44,84.8,43.5,18.0
2026-04-17 07:02:12,0.0,104.2,127.2,5.93,83.7,39.1,17.9
2026-04-17 07:02:12,0.0,103.0,126.1,6.04,84.8,38.5,17.9
2026-04-17 07:02:13,0.0,104.4,127.3,5.91,83.7,42.4,17.9
2026-04-17 07:02:13,0.0,96.8,124.2,6.18,83.7,43.3,17.9
2026-04-17 07:02:13,0.0,138.1,160.6,4.91,83.2,49.4,17.9
2026-04-17 07:02:13,0.0,101.9,125.0,6.11,84.8,38.1,17.9
2026-04-17 07:02:13,0.0,115.8,139.4,5.51,84.2,41.1,17.9
2026-04-17 07:02:13,0.0,120.9,135.8,5.86,83.7,44.8,17.8
2026-04-17 07:02:14,0.0,108.3,120.1,6.5,83.7,41.1,17.8
2026-04-17 07:02:14,0.0,105.9,124.0,6.09,83.2,45.7,17.9
2026-04-17 07:02:14,0.0,98.9,122.1,6.26,83.7,41.5,17.9
2026-04-17 07:02:14,0.0,98.2,114.5,6.02,83.7,36.5,17.9
2026-04-17 07:02:14,0.0,109.2,131.8,5.61,84.2,39.7,17.9
2026-04-17 07:02:14,0.0,91.7,114.7,6.73,84.8,40.7,17.9
2026-04-17 07:02:15,0.0,98.4,121.6,5.75,84.2,37.3,17.9
2026-04-17 07:02:15,0.0,125.1,147.9,5.2,83.2,44.9,17.9
2026-04-17 07:02:15,0.0,129.1,152.1,4.91,84.2,39.2,17.9
2026-04-17 07:02:15,0.0,103.7,126.2,5.65,84.8,35.8,17.9
2026-04-17 07:02:15,0.0,105.5,128.4,6.02,83.2,39.4,18.0
2026-04-17 07:02:15,0.0,103.9,127.1,6.06,83.2,40.9,17.9
2026-04-17 07:02:16,0.0,101.6,124.7,6.09,85.9,40.0,17.9
2026-04-17 07:02:16,0.0,94.5,117.2,6.27,84.2,33.9,17.9
2026-04-17 07:02:16,0.0,115.4,137.1,5.32,84.2,41.1,17.8
2026-04-17 07:02:16,0.0,98.4,115.1,6.72,84.8,44.1,17.8
2026-04-17 07:02:16,0.0,100.2,123.0,5.94,84.2,38.5,17.8
2026-04-17 07:02:17,0.0,113.0,136.0,5.57,84.8,46.6,17.8
2026-04-17 07:02:17,0.0,104.4,124.0,6.33,83.7,40.0,17.8
2026-04-17 07:02:17,0.0,118.1,141.4,5.54,83.7,43.7,17.9
2026-04-17 07:02:17,0.0,100.7,114.8,6.71,84.8,41.4,17.9
2026-04-17 07:02:17,0.0,104.6,130.6,5.77,84.2,40.0,17.9
2026-04-17 07:02:17,0.0,111.9,133.7,5.83,84.8,36.5,18.0
2026-04-17 07:02:17,0.0,97.2,116.4,6.57,84.8,40.7,18.0
2026-04-17 07:02:18,0.0,105.2,128.0,5.74,83.7,39.4,18.0
2026-04-17 07:02:18,0.0,96.5,119.6,6.36,84.2,40.3,18.0
2026-04-17 07:02:18,0.0,111.7,134.6,5.5,86.5,40.5,18.0
2026-04-17 07:02:18,0.0,100.5,121.2,6.43,84.8,40.7,18.0
2026-04-17 07:02:18,0.0,99.7,122.7,6.03,84.8,39.4,18.0
2026-04-17 07:02:19,0.0,128.0,150.9,5.1,84.2,43.4,18.1
2026-04-17 07:02:19,0.0,113.1,133.6,5.44,84.8,41.3,18.1
2026-04-17 07:02:19,0.0,120.8,143.1,5.63,83.7,42.0,18.1
2026-04-17 07:02:19,0.0,93.9,116.6,5.84,83.2,38.2,18.1
2026-04-17 07:02:19,0.0,96.8,119.1,5.88,85.9,34.4,18.2
2026-04-17 07:02:19,0.0,93.3,115.7,6.2,84.2,40.0,18.2
2026-04-17 07:02:20,0.0,108.5,131.8,5.5,84.8,40.5,18.2
2026-04-17 07:02:20,0.0,117.4,140.8,5.66,84.2,40.6,18.2
2026-04-17 07:02:20,0.0,127.4,141.2,5.71,83.7,41.5,18.2
2026-04-17 07:02:20,0.0,98.4,118.5,5.85,84.2,37.7,18.2
2026-04-17 07:02:20,0.0,122.9,143.5,5.24,84.8,42.7,18.2
2026-04-17 07:02:20,0.0,108.0,130.9,5.4,85.3,37.0,18.2
2026-04-17 07:02:21,0.0,113.3,136.7,5.8,84.2,38.8,18.2
2026-04-17 07:02:21,0.0,129.0,148.9,5.47,83.2,52.6,18.2
2026-04-17 07:02:21,0.0,90.0,113.2,6.25,83.7,35.5,18.2
2026-04-17 07:02:21,0.0,118.5,141.4,5.13,83.7,41.8,18.2
2026-04-17 07:02:21,0.0,133.3,147.7,5.49,84.2,45.2,18.2
2026-04-17 07:02:22,0.0,96.9,119.8,6.11,83.7,35.5,18.2
2026-04-17 07:02:22,0.0,142.5,165.4,4.72,83.2,45.3,18.2
2026-04-17 07:02:22,0.0,121.1,144.2,5.59,83.2,43.8,18.3
2026-04-17 07:02:22,0.0,97.5,120.3,5.7,84.8,39.1,18.3
2026-04-17 07:02:22,0.0,120.0,143.2,5.29,84.2,39.5,18.3
2026-04-17 07:02:22,0.0,110.7,121.3,6.36,84.8,45.2,18.2
2026-04-17 07:02:23,0.0,135.7,156.5,5.22,83.7,46.2,18.3
2026-04-17 07:02:23,0.0,110.7,133.8,5.72,84.2,41.4,18.2
2026-04-17 07:02:23,0.0,116.5,138.8,5.78,84.2,37.9,18.3
2026-04-17 07:02:23,0.0,108.8,125.5,6.27,84.8,46.0,18.2
2026-04-17 07:02:23,0.0,101.8,120.0,6.32,82.6,49.2,18.3
2026-04-17 07:02:23,0.0,109.5,132.5,5.74,84.2,37.1,18.3
2026-04-17 07:02:24,0.0,99.4,117.7,6.38,84.8,37.9,18.3
2026-04-17 07:02:24,0.0,89.3,108.3,6.39,83.7,39.7,18.3
2026-04-17 07:02:24,0.0,128.0,151.1,4.87,84.2,44.0,18.3
2026-04-17 07:02:24,0.0,109.7,132.7,5.51,84.2,38.6,18.3
2026-04-17 07:02:24,0.0,102.4,125.4,6.28,84.8,36.1,18.3
2026-04-17 07:02:24,0.0,104.4,127.3,5.92,84.8,37.5,18.3
2026-04-17 07:02:25,0.0,114.9,138.1,5.63,84.2,42.0,18.3
2026-04-17 07:02:25,0.0,113.0,130.9,6.07,83.7,47.0,18.3
2026-04-17 07:02:25,0.0,129.5,147.7,5.48,83.7,40.8,18.3
2026-04-17 07:02:25,0.0,129.0,151.9,5.01,84.2,37.7,18.3
2026-04-17 07:02:25,0.0,114.2,137.3,5.42,84.2,35.6,18.4
2026-04-17 07:02:26,0.0,94.8,109.2,6.76,84.2,46.7,18.4
2026-04-17 07:02:26,0.0,116.6,140.1,5.32,83.7,43.8,18.5
2026-04-17 07:02:26,0.0,91.1,104.2,7.1,84.8,44.8,18.5
2026-04-17 07:02:26,0.0,109.4,130.5,5.41,84.8,41.7,18.6
2026-04-17 07:02:26,0.0,98.8,121.7,6.42,83.2,44.4,18.5
2026-04-17 07:02:26,0.0,93.1,115.9,6.18,84.2,41.8,18.5
2026-04-17 07:02:27,0.0,103.8,129.5,5.56,83.7,44.6,18.5
2026-04-17 07:02:27,0.0,122.0,144.9,5.52,84.2,43.8,18.5
2026-04-17 07:02:27,0.0,95.6,119.1,5.74,83.7,35.3,18.5
2026-04-17 07:02:27,0.0,377.0,404.2,2.21,85.3,78.3,17.7
2026-04-17 07:02:28,0.0,144.9,163.8,5.05,83.7,40.8,17.7
2026-04-17 07:02:28,0.0,101.1,121.6,6.43,84.8,42.6,17.7
2026-04-17 07:02:28,0.0,103.2,126.4,5.94,83.7,39.7,17.7
2026-04-17 07:02:28,0.0,120.3,144.9,5.37,82.6,39.4,17.7
2026-04-17 07:02:28,0.0,106.7,121.4,5.44,84.2,45.7,17.7
2026-04-17 07:02:28,0.0,105.7,125.5,6.03,84.8,40.0,17.8
2026-04-17 07:02:29,0.0,90.1,111.7,6.62,84.2,40.3,17.8
2026-04-17 07:02:29,0.0,122.3,146.5,5.01,83.7,40.3,17.8
2026-04-17 07:02:29,0.0,118.6,140.9,5.13,83.7,39.7,17.9
2026-04-17 07:02:29,0.0,90.2,101.0,7.18,82.6,44.4,17.9
2026-04-17 07:02:29,0.0,105.3,129.0,5.51,84.8,38.9,18.0
2026-04-17 07:02:29,0.0,118.5,142.8,5.54,83.7,39.1,17.9
2026-04-17 07:02:30,0.0,92.5,115.5,5.79,83.7,37.7,18.0
2026-04-17 07:02:30,0.0,112.2,131.1,5.34,84.2,41.3,18.0
2026-04-17 07:02:30,0.0,117.9,138.8,5.79,83.2,43.9,18.0
2026-04-17 07:02:30,0.0,105.1,118.7,6.55,84.2,44.6,18.0
2026-04-17 07:02:30,0.0,92.2,115.0,6.51,83.7,41.7,18.0
2026-04-17 07:02:31,0.0,122.2,144.8,5.08,84.2,44.3,18.0
2026-04-17 07:02:31,0.0,88.4,111.5,6.02,83.7,31.7,18.0
2026-04-17 07:02:31,0.0,91.3,108.3,5.89,84.8,39.7,18.0
2026-04-17 07:02:31,0.0,122.0,142.8,5.07,83.7,41.2,18.0
2026-04-17 07:02:31,0.0,98.7,122.9,5.59,83.2,36.6,17.9
2026-04-17 07:02:31,0.0,96.7,119.0,6.14,84.8,35.5,17.8
2026-04-17 07:02:32,0.0,93.5,116.2,6.14,84.8,41.5,17.8
2026-04-17 07:02:32,0.0,97.4,120.4,5.87,83.2,39.1,17.8
2026-04-17 07:02:32,0.0,103.7,127.7,5.72,83.7,44.1,17.8
2026-04-17 07:02:32,0.0,101.3,119.6,6.16,84.2,43.3,17.8
2026-04-17 07:02:32,0.0,91.8,114.8,6.36,84.2,38.3,17.8
2026-04-17 07:02:32,0.0,141.9,164.9,4.6,82.6,40.7,17.8
2026-04-17 07:02:33,0.0,91.1,114.1,6.74,84.2,38.3,17.8
2026-04-17 07:02:33,0.0,117.3,140.1,5.19,83.2,40.3,17.8
2026-04-17 07:02:33,0.0,117.7,130.5,5.96,84.8,44.1,17.9
2026-04-17 07:02:33,0.0,147.3,161.3,5.1,83.7,53.2,17.9
2026-04-17 07:02:33,0.0,119.7,138.6,5.8,84.2,44.3,17.9
2026-04-17 07:02:33,0.0,104.5,116.8,6.64,84.2,44.3,17.9
2026-04-17 07:02:34,0.0,106.6,129.8,5.92,84.2,39.4,18.0
2026-04-17 07:02:34,0.0,111.7,135.0,5.82,84.8,41.2,18.0
2026-04-17 07:02:34,0.0,130.3,151.2,5.41,83.2,45.3,18.0
2026-04-17 07:02:34,0.0,103.6,122.4,5.77,84.2,37.9,18.0
2026-04-17 07:02:34,0.0,95.4,118.5,6.31,84.2,38.3,18.0
2026-04-17 07:02:35,0.0,124.1,147.2,5.12,84.8,45.6,18.0
2026-04-17 07:02:35,0.0,122.2,142.9,5.05,84.2,37.2,18.0
2026-04-17 07:02:35,0.0,91.4,114.8,5.9,84.2,38.6,18.0
2026-04-17 07:02:35,0.0,95.0,118.7,5.86,83.2,36.9,18.1
2026-04-17 07:02:35,0.0,87.7,111.0,6.3,84.2,39.1,18.1
2026-04-17 07:02:35,0.0,129.9,154.1,4.77,83.2,40.2,18.1
2026-04-17 07:02:36,0.0,103.2,126.3,5.82,84.8,36.4,18.1
2026-04-17 07:02:36,0.0,98.9,123.3,6.12,84.8,40.0,18.1
2026-04-17 07:02:36,0.0,122.9,139.9,5.26,83.7,40.5,18.2
2026-04-17 07:02:36,0.0,108.2,131.5,5.41,83.2,37.3,18.1
2026-04-17 07:02:36,0.0,119.1,139.9,5.62,84.2,40.3,18.1
2026-04-17 07:02:36,0.0,88.3,101.1,7.41,83.7,38.0,18.1
2026-04-17 07:02:37,0.0,96.7,107.0,7.06,84.8,49.2,18.2
2026-04-17 07:02:37,0.0,108.1,129.0,5.62,84.8,40.0,18.2
2026-04-17 07:02:37,0.0,148.5,170.2,4.81,83.2,44.6,18.2
2026-04-17 07:02:37,0.0,111.4,119.7,6.15,84.2,51.7,18.2
2026-04-17 07:02:37,0.0,110.9,132.2,6.03,84.2,45.1,18.3
2026-04-17 07:02:37,0.0,110.1,131.5,6.01,83.7,38.7,18.3
2026-04-17 07:02:38,0.0,102.3,124.6,6.33,83.7,41.3,18.3
2026-04-17 07:02:38,0.0,111.1,134.4,5.69,84.2,44.4,18.4
2026-04-17 07:02:38,0.0,96.3,114.2,6.57,84.2,44.4,18.4
2026-04-17 07:02:38,0.0,103.0,125.5,5.79,84.2,39.4,18.4
2026-04-17 07:02:38,0.0,139.0,166.5,4.83,84.8,40.0,18.4
2026-04-17 07:02:39,0.0,130.5,151.0,5.34,84.8,38.4,18.4
2026-04-17 07:02:39,0.0,98.7,122.0,5.88,84.8,34.8,18.4
2026-04-17 07:02:39,0.0,139.1,158.6,4.88,83.7,42.9,18.4
2026-04-17 07:02:39,0.0,115.4,137.5,5.61,84.2,35.3,18.4
2026-04-17 07:02:39,0.0,92.8,108.9,6.99,84.8,50.0,18.3
2026-04-17 07:02:39,0.0,111.9,132.3,5.41,84.2,48.6,18.3
2026-04-17 07:02:40,0.0,120.9,140.7,5.65,84.2,42.3,18.3
2026-04-17 07:02:40,0.0,104.5,113.7,6.74,83.7,43.9,18.3
2026-04-17 07:02:40,0.0,113.2,137.0,5.68,83.2,41.2,18.2
2026-04-17 07:02:40,0.0,137.0,153.5,5.26,83.7,45.3,18.1
2026-04-17 07:02:40,0.0,96.8,119.8,6.29,84.8,38.1,18.1
2026-04-17 07:02:40,0.0,118.5,141.5,5.31,84.8,37.3,18.1
2026-04-17 07:02:41,0.0,127.7,140.2,5.67,84.2,40.3,18.2
2026-04-17 07:02:41,0.0,88.4,115.2,6.1,83.2,37.9,18.2
2026-04-17 07:02:41,0.0,134.7,157.4,4.77,83.7,45.8,18.2
2026-04-17 07:02:41,0.0,121.8,143.3,5.36,84.2,41.9,18.2
2026-04-17 07:02:41,0.0,90.3,95.3,7.41,83.7,41.2,18.2
2026-04-17 07:02:41,0.0,91.7,115.5,5.92,84.2,35.5,18.2
2026-04-17 07:02:42,0.0,126.6,149.6,4.99,83.7,43.4,18.2
2026-04-17 07:02:42,0.0,117.8,136.8,5.2,84.8,45.2,18.3
2026-04-17 07:02:42,0.0,90.6,105.0,7.22,83.2,34.6,18.3
2026-04-17 07:02:42,0.0,108.4,132.7,5.39,84.2,40.0,18.3
2026-04-17 07:02:42,0.0,112.9,135.0,5.89,84.8,45.1,18.3
2026-04-17 07:02:43,0.0,106.4,126.4,6.25,83.2,33.9,18.3
2026-04-17 07:02:43,0.0,110.0,133.0,5.88,84.8,40.0,18.3
2026-04-17 07:02:43,0.0,100.9,124.6,6.32,83.7,43.7,18.3
2026-04-17 07:02:43,0.0,98.4,121.0,6.12,83.7,38.1,18.4
2026-04-17 07:02:43,0.0,88.2,111.3,6.4,84.8,39.1,18.4
2026-04-17 07:02:43,0.0,103.5,125.2,5.5,85.3,39.7,18.4
2026-04-17 07:02:44,0.0,94.4,117.5,6.35,84.8,39.3,18.4
2026-04-17 07:02:44,0.0,110.2,133.2,5.48,83.7,39.2,18.5
2026-04-17 07:02:44,0.0,129.4,151.6,5.36,85.3,43.2,18.5
2026-04-17 07:02:44,0.0,145.5,168.5,4.64,85.3,41.5,18.5
2026-04-17 07:02:44,0.0,133.8,154.5,5.32,83.7,40.5,18.6
2026-04-17 07:02:45,0.0,315.2,348.4,2.54,84.8,87.1,17.8
2026-04-17 07:02:45,0.0,138.6,162.1,4.71,83.2,47.1,17.7
2026-04-17 07:02:45,0.0,88.1,110.5,6.73,84.2,32.7,17.7
2026-04-17 07:02:45,0.0,131.4,154.4,4.75,83.7,44.2,17.7
2026-04-17 07:02:45,0.0,123.6,146.5,5.21,84.2,36.5,17.7
2026-04-17 07:02:46,0.0,92.2,115.2,5.94,84.2,34.4,17.7
2026-04-17 07:02:46,0.0,109.9,133.5,5.39,82.6,46.1,17.7
2026-04-17 07:02:46,0.0,106.1,127.7,6.19,83.2,43.1,17.7
2026-04-17 07:02:46,0.0,94.6,120.1,6.35,84.2,39.7,17.7
2026-04-17 07:02:46,0.0,92.2,115.2,6.18,83.7,39.1,17.7
2026-04-17 07:02:46,0.0,95.8,119.1,5.87,84.8,39.4,17.8
2026-04-17 07:02:47,0.0,125.8,148.6,5.07,84.2,46.8,17.8
2026-04-17 07:02:47,0.0,128.3,151.3,4.94,84.8,38.2,17.8
2026-04-17 07:02:47,0.0,111.8,134.6,5.45,83.7,39.4,17.7
2026-04-17 07:02:47,0.0,109.9,130.4,6.09,83.7,42.4,17.7
2026-04-17 07:02:47,0.0,118.3,139.3,5.69,84.2,40.6,17.8
2026-04-17 07:02:48,0.0,92.6,104.0,7.15,84.8,38.5,17.8
2026-04-17 07:02:48,0.0,137.4,160.6,4.73,84.2,43.5,17.8
2026-04-17 07:02:48,0.0,103.1,126.5,6.04,84.8,41.5,17.8
2026-04-17 07:02:48,0.0,108.1,131.2,5.84,84.8,36.9,17.8
2026-04-17 07:02:48,0.0,103.5,126.5,6.14,83.7,42.9,17.8
2026-04-17 07:02:48,0.0,99.8,125.7,6.06,84.8,37.5,17.8
2026-04-17 07:02:49,0.0,96.0,119.2,6.25,84.8,40.9,17.8
2026-04-17 07:02:49,0.0,123.5,146.2,5.14,84.2,40.8,17.8
2026-04-17 07:02:49,0.0,177.4,200.4,3.95,83.2,46.2,17.8
2026-04-17 07:02:49,0.0,120.2,142.6,5.68,83.7,41.4,17.8
2026-04-17 07:02:49,0.0,119.8,131.8,5.99,84.2,47.0,17.8
2026-04-17 07:02:49,0.0,112.6,126.1,6.24,84.8,46.0,17.8
2026-04-17 07:02:50,0.0,133.2,152.5,5.38,83.7,42.9,17.8
2026-04-17 07:02:50,0.0,89.8,110.3,6.42,84.8,38.1,17.8
2026-04-17 07:02:50,0.0,117.0,142.3,5.07,84.2,40.8,17.8
2026-04-17 07:02:50,0.0,106.0,118.6,6.56,83.7,41.7,17.8
2026-04-17 07:02:50,0.0,117.5,139.7,5.59,83.7,43.1,17.9
2026-04-17 07:02:51,0.0,117.6,132.0,6.02,84.8,46.3,17.9
2026-04-17 07:02:51,0.0,102.2,119.1,6.54,83.7,41.4,17.9
2026-04-17 07:02:51,0.0,101.9,123.6,6.07,84.8,41.8,17.9
2026-04-17 07:02:51,0.0,107.2,130.0,5.82,83.7,39.4,17.9
2026-04-17 07:02:51,0.0,146.6,169.8,4.85,84.2,48.1,18.0
2026-04-17 07:02:51,0.0,102.6,121.3,6.36,84.2,42.4,18.0
2026-04-17 07:02:52,0.0,90.5,116.1,6.43,82.0,39.7,18.0
2026-04-17 07:02:52,0.0,118.8,140.9,5.18,82.6,44.2,18.0
2026-04-17 07:02:52,0.0,95.3,102.9,7.03,83.7,47.5,18.0
2026-04-17 07:02:52,0.0,123.5,145.5,5.13,83.7,44.9,18.0
2026-04-17 07:02:52,0.0,99.7,122.7,5.69,83.7,33.3,18.0
2026-04-17 07:02:52,0.0,113.5,134.0,5.54,84.2,40.0,18.0
2026-04-17 07:02:53,0.0,100.6,118.5,6.5,83.7,46.2,18.0
2026-04-17 07:02:53,0.0,112.6,135.9,5.6,85.3,43.2,18.0
2026-04-17 07:02:53,0.0,106.9,125.4,6.21,83.7,42.9,18.0
2026-04-17 07:02:53,0.0,111.0,131.6,5.87,84.8,39.4,18.0
2026-04-17 07:02:53,0.0,117.6,138.5,5.75,84.8,44.3,18.0
2026-04-17 07:02:53,0.0,104.1,118.4,6.56,83.7,46.0,18.0
2026-04-17 07:02:54,0.0,115.3,130.7,5.51,84.8,51.4,18.0
2026-04-17 07:02:54,0.0,132.3,145.4,5.53,84.8,50.0,18.0
2026-04-17 07:02:54,0.0,144.4,167.4,4.72,84.8,42.2,18.0
2026-04-17 07:02:54,0.0,127.3,148.0,5.47,84.8,40.3,17.9
2026-04-17 07:02:54,0.0,91.9,114.9,6.1,84.2,41.8,17.9
2026-04-17 07:02:55,0.0,98.5,118.2,5.77,83.2,36.8,18.0
2026-04-17 07:02:55,0.0,121.4,144.1,5.28,82.0,44.2,17.9
2026-04-17 07:02:55,0.0,90.5,113.3,5.92,84.8,38.6,18.0
2026-04-17 07:02:55,0.0,113.0,135.5,5.24,84.8,35.2,18.0
2026-04-17 07:02:55,0.0,114.4,132.7,6.01,84.2,47.9,18.0
2026-04-17 07:02:55,0.0,111.5,130.7,6.06,85.3,42.2,18.0
2026-04-17 07:02:56,0.0,114.6,135.8,5.89,84.2,42.6,18.0
2026-04-17 07:02:56,0.0,109.8,126.3,6.24,84.2,45.3,18.0
2026-04-17 07:02:56,0.0,156.5,177.9,4.68,84.2,48.8,18.1
2026-04-17 07:02:56,0.0,127.1,150.1,4.91,84.2,36.3,18.1
2026-04-17 07:02:56,0.0,93.6,116.3,6.02,84.8,36.9,18.0
2026-04-17 07:02:56,0.0,91.2,113.7,6.08,83.7,32.8,18.0
2026-04-17 07:02:57,0.0,118.0,139.9,5.17,83.7,40.3,18.1
2026-04-17 07:02:57,0.0,118.3,133.1,6.0,84.2,41.9,18.1
2026-04-17 07:02:57,0.0,114.9,129.4,6.1,84.8,48.5,18.1
2026-04-17 07:02:57,0.0,116.1,133.3,5.98,83.2,43.9,18.1
2026-04-17 07:02:57,0.0,111.4,128.5,6.14,83.7,42.2,18.2
2026-04-17 07:02:57,0.0,87.7,108.3,7.05,82.6,36.4,18.2
2026-04-17 07:02:58,0.0,97.0,109.1,7.0,84.8,47.4,18.3
2026-04-17 07:02:58,0.0,109.4,133.2,5.53,83.2,40.6,18.3
2026-04-17 07:02:58,0.0,108.0,130.3,6.09,83.7,38.3,18.4
2026-04-17 07:02:58,0.0,107.2,121.2,6.06,84.2,52.2,18.3
2026-04-17 07:02:58,0.0,101.1,124.1,6.23,84.2,36.1,18.3
2026-04-17 07:02:58,0.0,93.8,116.8,6.27,84.8,42.4,18.3
2026-04-17 07:02:59,0.0,110.7,134.0,5.41,84.2,40.8,18.2
2026-04-17 07:02:59,0.0,103.6,121.2,6.33,84.2,40.3,18.3
2026-04-17 07:02:59,0.0,125.2,149.1,5.28,84.2,43.1,18.2
2026-04-17 07:02:59,0.0,122.2,147.9,5.03,84.2,36.7,18.3
2026-04-17 07:02:59,0.0,96.4,119.2,5.85,83.7,36.4,18.3
2026-04-17 07:03:00,0.0,119.7,142.3,5.18,84.8,38.2,18.3
2026-04-17 07:03:00,0.0,126.8,136.4,5.84,83.7,51.5,18.3
2026-04-17 07:03:00,0.0,109.8,133.1,5.48,83.7,38.9,18.4
2026-04-17 07:03:00,0.0,114.4,137.0,5.84,85.3,42.6,18.4
2026-04-17 07:03:00,0.0,120.8,138.8,5.79,84.2,45.5,18.3
2026-04-17 07:03:00,0.0,118.1,141.9,4.99,83.7,36.8,18.4
2026-04-17 07:03:01,0.0,107.6,118.3,6.51,83.7,46.8,18.4
2026-04-17 07:03:01,0.0,97.9,118.9,6.4,84.8,41.7,18.4
2026-04-17 07:03:01,0.0,93.9,115.5,6.16,82.6,40.0,18.4
2026-04-17 07:03:01,0.0,117.6,140.4,5.25,83.2,41.0,18.4
2026-04-17 07:03:01,0.0,101.9,114.7,6.59,83.7,43.3,18.4
2026-04-17 07:03:01,0.0,108.8,131.9,5.79,84.8,36.9,18.4
2026-04-17 07:03:02,0.0,113.2,136.9,5.83,84.2,42.0,18.4
2026-04-17 07:03:02,0.0,108.5,127.6,6.2,84.8,46.9,18.4
2026-04-17 07:03:02,0.0,113.1,135.2,5.81,85.3,43.5,18.4
2026-04-17 07:03:02,0.0,312.6,353.4,2.58,85.3,86.3,18.0
2026-04-17 07:03:02,0.0,110.5,133.3,5.68,84.8,44.3,18.0
2026-04-17 07:03:03,0.0,108.7,127.6,6.07,85.3,44.8,18.0
2026-04-17 07:03:03,0.0,134.2,154.6,5.21,85.9,44.2,18.0
2026-04-17 07:03:03,0.0,115.8,138.6,5.53,84.2,44.6,18.0
2026-04-17 07:03:03,0.0,101.3,115.0,6.57,82.6,39.7,18.0
2026-04-17 07:03:03,0.0,109.3,132.3,5.73,84.2,42.3,18.0
2026-04-17 07:03:04,0.0,130.7,153.5,5.31,83.2,45.1,17.9
2026-04-17 07:03:04,0.0,125.5,148.2,5.13,83.7,39.7,17.9
2026-04-17 07:03:04,0.0,105.1,128.0,5.6,84.8,34.8,17.9
2026-04-17 07:03:04,0.0,115.2,137.6,5.63,84.2,45.8,17.9
2026-04-17 07:03:04,0.0,103.5,120.7,6.48,84.8,44.3,17.8
2026-04-17 07:03:04,0.0,94.0,116.7,6.36,84.8,41.3,17.8
2026-04-17 07:03:05,0.0,103.5,126.4,5.68,84.8,36.8,17.9
2026-04-17 07:03:05,0.0,113.5,137.1,5.64,84.2,37.7,17.9
2026-04-17 07:03:05,0.0,115.8,133.6,5.95,83.7,41.5,17.9
2026-04-17 07:03:05,0.0,134.9,151.2,5.39,83.2,44.3,17.9
2026-04-17 07:03:05,0.0,119.1,142.2,5.44,84.2,40.0,17.9
2026-04-17 07:03:05,0.0,109.3,118.3,6.32,84.2,42.9,18.0
2026-04-17 07:03:06,0.0,144.0,165.4,5.0,84.8,52.5,18.0
2026-04-17 07:03:06,0.0,108.6,130.0,6.09,82.6,37.5,18.0
2026-04-17 07:03:06,0.0,95.7,114.9,6.47,84.2,45.2,18.1
2026-04-17 07:03:06,0.0,96.0,116.9,6.02,84.2,40.0,18.0
2026-04-17 07:03:06,0.0,93.0,115.9,6.11,84.8,39.1,18.0
2026-04-17 07:03:06,0.0,97.8,120.4,5.84,84.8,36.4,18.0
2026-04-17 07:03:07,0.0,103.1,126.0,5.79,84.2,40.0,18.0
2026-04-17 07:03:07,0.0,130.7,153.9,5.14,84.2,44.0,18.0
2026-04-17 07:03:07,0.0,125.8,149.1,5.14,84.2,42.1,18.0
2026-04-17 07:03:07,0.0,97.5,120.3,5.84,83.2,40.0,18.1
2026-04-17 07:03:07,0.0,120.3,143.5,5.28,83.2,41.0,18.0
2026-04-17 07:03:08,0.0,161.1,186.8,4.11,84.8,38.0,17.9
2026-04-17 07:03:08,0.0,144.5,168.1,4.66,82.6,40.5,18.0
2026-04-17 07:03:08,0.0,121.4,139.9,5.65,82.6,42.9,17.9
2026-04-17 07:03:08,0.0,98.8,109.4,6.95,84.2,49.1,17.9
2026-04-17 07:03:08,0.0,96.4,119.5,6.11,84.8,38.5,17.9
2026-04-17 07:03:09,0.0,98.8,121.8,5.92,84.2,39.4,17.9
2026-04-17 07:03:09,0.0,129.1,148.9,5.08,82.6,49.4,17.9
2026-04-17 07:03:09,0.0,103.5,126.6,5.74,84.2,40.5,17.9
2026-04-17 07:03:09,0.0,126.4,148.6,5.28,83.7,40.3,17.9
2026-04-17 07:03:09,0.0,107.2,131.3,5.5,84.8,35.2,17.9
2026-04-17 07:03:09,0.0,114.1,138.6,5.74,84.2,45.1,17.8
2026-04-17 07:03:10,0.0,104.6,120.8,6.44,84.2,43.5,17.8
2026-04-17 07:03:10,0.0,110.3,133.3,5.8,84.8,43.5,17.8
2026-04-17 07:03:10,0.0,104.6,126.3,6.22,84.8,41.5,17.8
2026-04-17 07:03:10,0.0,102.5,124.4,6.05,84.8,41.5,17.9
2026-04-17 07:03:10,0.0,126.9,149.6,5.23,84.2,44.7,17.9
2026-04-17 07:03:10,0.0,105.8,128.9,5.63,84.8,37.1,17.9
2026-04-17 07:03:11,0.0,115.5,142.3,5.54,83.7,39.7,17.9
2026-04-17 07:03:11,0.0,121.0,134.4,5.9,83.7,44.8,18.0
2026-04-17 07:03:11,0.0,109.5,130.8,5.34,83.2,45.5,18.0
2026-04-17 07:03:11,0.0,122.4,141.3,5.57,83.7,40.6,18.0
2026-04-17 07:03:11,0.0,97.5,115.3,5.72,84.8,35.8,18.0
2026-04-17 07:03:11,0.0,92.9,115.9,6.17,83.7,40.3,18.0
2026-04-17 07:03:12,0.0,111.4,138.0,5.3,83.2,39.5,18.0
2026-04-17 07:03:12,0.0,104.9,124.0,6.35,84.8,46.0,18.0
2026-04-17 07:03:12,0.0,96.3,117.6,6.38,84.2,40.0,18.1
2026-04-17 07:03:12,0.0,92.4,115.9,6.13,83.2,40.0,18.1
2026-04-17 07:03:12,0.0,95.2,118.8,5.9,83.2,37.9,18.1
2026-04-17 07:03:12,0.0,93.1,116.1,6.1,84.8,36.9,18.2
2026-04-17 07:03:13,0.0,97.3,121.0,5.83,84.2,41.7,18.2
2026-04-17 07:03:13,0.0,115.7,140.0,5.37,83.7,52.6,18.2
2026-04-17 07:03:13,0.0,89.8,106.1,7.14,84.8,44.8,18.2
2026-04-17 07:03:13,0.0,94.2,117.3,5.88,84.8,37.9,18.2
2026-04-17 07:03:13,0.0,140.0,163.7,4.7,83.7,40.5,18.2
2026-04-17 07:03:14,0.0,87.7,110.7,6.8,83.2,40.3,18.2
2026-04-17 07:03:14,0.0,98.4,109.0,6.95,83.7,47.3,18.2
2026-04-17 07:03:14,0.0,119.0,142.2,5.34,84.2,37.3,18.2
2026-04-17 07:03:14,0.0,118.2,129.9,6.03,84.2,47.8,18.3
2026-04-17 07:03:14,0.0,128.6,143.3,5.64,83.7,46.4,18.3
2026-04-17 07:03:14,0.0,104.6,127.7,5.71,84.8,37.7,18.3
2026-04-17 07:03:15,0.0,97.9,121.4,6.24,84.2,40.0,18.3
2026-04-17 07:03:15,0.0,97.5,120.6,6.03,84.2,36.9,18.3
2026-04-17 07:03:15,0.0,112.8,135.8,5.48,83.7,42.9,18.3
2026-04-17 07:03:15,0.0,123.6,143.3,5.66,83.2,44.1,18.3
2026-04-17 07:03:15,0.0,133.3,157.0,4.76,84.2,45.8,18.2
2026-04-17 07:03:15,0.0,96.7,120.4,6.13,84.8,38.8,18.2
2026-04-17 07:03:16,0.0,115.7,140.4,5.33,83.7,42.7,18.2
2026-04-17 07:03:16,0.0,128.4,143.1,5.65,83.7,40.6,18.3
2026-04-17 07:03:16,0.0,119.9,142.4,5.22,83.7,45.6,18.3
2026-04-17 07:03:16,0.0,114.3,124.2,6.21,83.2,43.7,18.3
2026-04-17 07:03:16,0.0,148.9,166.6,4.99,83.7,46.2,18.3
2026-04-17 07:03:17,0.0,99.0,116.0,6.66,84.8,40.7,18.2
2026-04-17 07:03:17,0.0,112.0,132.4,5.56,83.2,41.7,18.2
2026-04-17 07:03:17,0.0,123.0,145.1,5.59,85.9,49.3,18.2
2026-04-17 07:03:17,0.0,90.9,114.0,5.99,84.8,35.9,18.3
2026-04-17 07:03:17,0.0,115.3,138.2,5.24,84.2,45.0,18.3
2026-04-17 07:03:17,0.0,98.4,112.7,6.71,84.8,45.2,18.4
2026-04-17 07:03:18,0.0,116.9,140.1,5.4,84.2,41.7,18.4
2026-04-17 07:03:18,0.0,129.5,145.9,5.43,84.8,54.1,18.4
2026-04-17 07:03:18,0.0,108.1,129.4,5.74,84.2,40.3,18.4
2026-04-17 07:03:18,0.0,114.1,138.0,5.79,84.2,40.9,18.5
2026-04-17 07:03:18,0.0,138.8,165.4,4.99,84.2,49.4,18.4
2026-04-17 07:03:18,0.0,107.9,127.4,6.19,84.8,42.2,18.4
2026-04-17 07:03:19,0.0,106.4,128.9,6.13,83.7,41.3,18.5
2026-04-17 07:03:19,0.0,122.5,147.3,5.44,84.2,45.2,18.5
2026-04-17 07:03:19,0.0,99.1,122.3,5.72,84.2,39.4,18.5
2026-04-17 07:03:19,0.0,129.4,151.0,5.06,82.6,46.1,18.5
2026-04-17 07:03:19,0.0,103.0,125.5,5.79,84.2,39.1,18.5
2026-04-17 07:03:20,0.0,120.3,142.6,5.42,84.8,38.6,18.5
2026-04-17 07:03:20,0.0,121.1,132.4,6.0,84.8,45.6,18.5
2026-04-17 07:03:20,0.0,108.5,120.7,6.45,84.2,47.6,18.5
2026-04-17 07:03:20,0.0,325.6,358.8,2.52,83.7,87.5,17.8
2026-04-17 07:03:20,0.0,105.1,127.8,6.05,83.7,43.3,17.8
2026-04-17 07:03:21,0.0,95.2,118.7,6.36,84.2,40.0,17.8
2026-04-17 07:03:21,0.0,108.6,131.7,5.55,83.7,43.2,17.8
2026-04-17 07:03:21,0.0,110.3,133.3,5.82,83.2,38.5,17.8
2026-04-17 07:03:21,0.0,124.3,142.9,5.67,84.2,44.9,17.8
2026-04-17 07:03:21,0.0,94.4,115.9,5.88,83.7,37.3,17.8
2026-04-17 07:03:21,0.0,109.5,133.3,5.43,84.8,43.4,17.8
2026-04-17 07:03:22,0.0,109.0,116.9,6.09,85.3,55.6,17.7
2026-04-17 07:03:22,0.0,120.8,140.5,5.6,85.3,44.9,17.7
2026-04-17 07:03:22,0.0,109.1,132.6,5.3,84.8,41.6,17.8
2026-04-17 07:03:22,0.0,109.3,128.6,6.03,84.8,42.9,17.7
2026-04-17 07:03:22,0.0,100.3,119.0,6.35,83.7,42.4,17.7
2026-04-17 07:03:22,0.0,129.4,148.4,5.1,83.7,42.1,17.7
2026-04-17 07:03:23,0.0,125.2,148.2,5.11,84.8,40.3,17.7
2026-04-17 07:03:23,0.0,126.2,146.9,4.95,84.2,41.0,17.7
2026-04-17 07:03:23,0.0,112.9,135.9,5.36,83.2,39.7,17.7
2026-04-17 07:03:23,0.0,109.8,125.3,6.14,84.2,44.6,17.7
2026-04-17 07:03:23,0.0,95.1,118.7,6.54,84.2,37.9,17.8
2026-04-17 07:03:24,0.0,121.3,143.4,5.22,84.2,38.2,17.8
2026-04-17 07:03:24,0.0,111.1,122.9,6.36,84.2,46.7,17.8
2026-04-17 07:03:24,0.0,103.4,124.3,6.32,83.7,41.9,17.8
2026-04-17 07:03:24,0.0,115.4,138.6,5.6,84.8,44.3,17.8
2026-04-17 07:03:24,0.0,110.1,127.7,6.18,84.8,46.9,17.8
2026-04-17 07:03:24,0.0,115.6,136.5,5.81,84.8,42.3,17.8
2026-04-17 07:03:25,0.0,107.5,124.0,6.3,83.2,50.8,17.8
2026-04-17 07:03:25,0.0,123.7,144.9,5.49,84.8,42.7,17.8
2026-04-17 07:03:25,0.0,115.5,138.4,5.22,84.2,37.3,17.8
2026-04-17 07:03:25,0.0,120.2,138.2,5.81,83.7,42.0,17.8
2026-04-17 07:03:25,0.0,112.4,122.4,6.32,84.8,47.6,17.8
2026-04-17 07:03:25,0.0,129.8,148.3,5.42,84.2,46.8,17.8
2026-04-17 07:03:26,0.0,111.1,133.3,5.54,83.2,38.9,17.7
2026-04-17 07:03:26,0.0,107.6,131.4,6.01,84.2,40.0,17.7
2026-04-17 07:03:26,0.0,102.7,124.9,6.28,84.2,40.0,17.8
2026-04-17 07:03:26,0.0,129.9,152.4,5.14,84.2,48.7,17.8
2026-04-17 07:03:26,0.0,108.6,130.9,5.64,84.8,36.6,17.8
2026-04-17 07:03:26,0.0,102.9,126.0,6.21,83.7,41.0,17.9
2026-04-17 07:03:27,0.0,98.6,121.3,6.16,84.2,44.1,17.9
2026-04-17 07:03:27,0.0,123.2,150.5,5.03,84.2,42.3,17.9
2026-04-17 07:03:27,0.0,110.4,133.6,5.5,84.2,40.0,17.9
2026-04-17 07:03:27,0.0,89.9,111.7,6.85,83.7,44.3,18.0
2026-04-17 07:03:27,0.0,109.7,132.9,5.41,84.8,41.1,18.0
2026-04-17 07:03:28,0.0,91.8,114.6,6.75,84.8,37.9,18.0
2026-04-17 07:03:28,0.0,102.4,128.5,5.52,84.2,44.6,18.0
2026-04-17 07:03:28,0.0,119.8,143.9,5.52,84.2,39.4,18.0
2026-04-17 07:03:28,0.0,98.8,111.4,6.88,84.8,42.9,18.1
2026-04-17 07:03:28,0.0,124.1,139.8,5.23,83.7,50.0,18.0
2026-04-17 07:03:28,0.0,124.6,147.6,4.98,84.8,39.2,18.0
2026-04-17 07:03:29,0.0,113.7,136.2,5.29,84.2,37.8,18.0
2026-04-17 07:03:29,0.0,142.1,160.5,5.12,84.2,46.8,18.1
2026-04-17 07:03:29,0.0,109.7,128.5,5.98,84.2,43.3,18.1
2026-04-17 07:03:29,0.0,116.8,140.0,5.74,84.8,41.8,18.1
2026-04-17 07:03:29,0.0,104.2,119.3,6.53,85.3,42.9,18.1
2026-04-17 07:03:29,0.0,103.2,126.1,6.04,84.8,44.8,18.1
2026-04-17 07:03:30,0.0,106.2,129.3,5.9,83.7,37.9,18.1
2026-04-17 07:03:30,0.0,103.2,126.0,6.12,84.8,42.4,18.1
2026-04-17 07:03:30,0.0,112.6,135.8,5.68,83.2,41.7,18.1
2026-04-17 07:03:30,0.0,97.1,117.8,6.58,84.8,44.3,18.1
2026-04-17 07:03:30,0.0,138.4,155.1,4.81,84.2,55.3,18.1
2026-04-17 07:03:31,0.0,109.8,131.5,5.87,84.8,40.3,18.2
2026-04-17 07:03:31,0.0,92.6,116.9,6.63,84.2,40.0,18.2
2026-04-17 07:03:31,0.0,119.7,140.7,5.2,84.2,41.6,18.2
2026-04-17 07:03:31,0.0,101.2,114.5,6.74,84.2,45.2,18.2
2026-04-17 07:03:31,0.0,124.0,147.3,5.27,84.2,46.2,18.2
2026-04-17 07:03:31,0.0,131.8,154.8,4.82,83.7,42.7,18.1
2026-04-17 07:03:32,0.0,123.8,146.3,5.22,83.7,41.3,18.1
2026-04-17 07:03:32,0.0,124.0,147.1,5.0,84.8,42.0,18.1
2026-04-17 07:03:32,0.0,119.3,142.3,5.13,83.7,39.2,18.1
2026-04-17 07:03:32,0.0,108.4,118.7,6.42,84.2,44.3,18.2
2026-04-17 07:03:32,0.0,116.0,138.4,5.74,84.8,42.6,18.2
2026-04-17 07:03:32,0.0,108.5,125.2,6.29,83.2,42.6,18.1
2026-04-17 07:03:33,0.0,116.6,139.8,5.73,84.2,39.4,18.1
2026-04-17 07:03:33,0.0,114.2,130.5,6.09,85.3,41.9,18.1
2026-04-17 07:03:33,0.0,89.2,105.1,7.06,84.2,41.1,18.2
2026-04-17 07:03:33,0.0,112.6,136.3,5.23,84.8,41.3,18.2
2026-04-17 07:03:33,0.0,106.7,124.7,6.27,84.8,43.7,18.3
2026-04-17 07:03:33,0.0,119.7,142.6,5.55,83.7,38.2,18.3
2026-04-17 07:03:34,0.0,132.9,144.4,5.59,83.2,47.1,18.3
2026-04-17 07:03:34,0.0,113.7,136.8,5.53,84.2,40.8,18.3
2026-04-17 07:03:34,0.0,106.0,123.2,6.3,83.7,43.5,18.4
2026-04-17 07:03:34,0.0,128.4,151.7,5.28,83.2,44.7,18.4
2026-04-17 07:03:34,0.0,98.8,121.8,5.88,83.7,38.0,18.4
2026-04-17 07:03:35,0.0,108.4,131.5,5.65,84.8,37.9,18.4
2026-04-17 07:03:35,0.0,107.6,129.4,6.06,82.0,38.7,18.5
2026-04-17 07:03:35,0.0,160.1,183.5,4.56,83.7,52.9,18.5
2026-04-17 07:03:35,0.0,106.0,128.6,5.58,84.2,38.4,18.5
2026-04-17 07:03:35,0.0,91.5,113.7,6.58,85.3,41.0,18.5
2026-04-17 07:03:35,0.0,130.3,152.6,4.84,84.8,37.5,18.5
2026-04-17 07:03:36,0.0,138.9,162.0,4.83,84.2,35.1,18.5
2026-04-17 07:03:36,0.0,122.5,144.5,5.45,83.2,38.6,18.5
2026-04-17 07:03:36,0.0,116.5,136.3,5.15,83.7,38.7,18.5
2026-04-17 07:03:36,0.0,89.4,106.4,7.14,83.7,41.8,18.5
2026-04-17 07:03:36,0.0,105.2,128.0,5.47,83.7,38.6,18.5
2026-04-17 07:03:37,0.0,126.3,149.5,5.35,83.7,39.4,18.5
2026-04-17 07:03:37,0.0,90.4,113.0,6.1,83.7,35.9,18.4
2026-04-17 07:03:37,0.0,120.9,143.7,5.07,84.2,40.8,18.5
2026-04-17 07:03:37,0.0,116.9,127.8,6.15,83.2,47.8,18.5
2026-04-17 07:03:37,0.0,112.6,126.7,6.12,84.2,47.5,18.5
2026-04-17 07:03:37,0.0,121.0,140.1,5.75,84.8,41.4,18.5
2026-04-17 07:03:38,0.0,384.7,395.1,2.32,83.7,82.1,17.7
2026-04-17 07:03:38,0.0,102.6,125.6,5.44,84.2,43.4,17.7
2026-04-17 07:03:38,0.0,141.3,164.0,4.85,84.2,43.0,17.7
2026-04-17 07:03:38,0.0,111.0,134.0,5.9,83.7,41.5,17.7
2026-04-17 07:03:39,0.0,103.5,125.5,6.27,84.2,42.6,17.7
2026-04-17 07:03:39,0.0,91.7,114.5,6.5,83.2,37.5,17.7
2026-04-17 07:03:39,0.0,95.1,118.7,5.85,84.8,36.4,17.7
2026-04-17 07:03:39,0.0,110.1,133.5,5.53,83.7,41.9,17.7
2026-04-17 07:03:39,0.0,108.7,130.5,6.06,84.8,39.7,17.7
2026-04-17 07:03:39,0.0,131.8,155.0,5.24,83.7,46.8,17.7
2026-04-17 07:03:40,0.0,95.8,117.6,6.14,84.8,40.0,17.7
2026-04-17 07:03:40,0.0,115.5,135.3,5.33,83.7,42.7,17.7
2026-04-17 07:03:40,0.0,112.3,126.3,6.17,84.2,44.4,17.7
2026-04-17 07:03:40,0.0,126.7,146.0,5.51,85.9,40.8,17.7
2026-04-17 07:03:40,0.0,158.3,179.3,4.33,83.7,46.2,17.7
2026-04-17 07:03:41,0.0,125.9,149.0,4.98,84.8,42.4,17.7
2026-04-17 07:03:41,0.0,96.6,119.0,5.85,84.2,34.8,17.6
2026-04-17 07:03:41,0.0,98.0,118.2,5.92,83.7,38.2,17.6
2026-04-17 07:03:41,0.0,115.2,138.5,5.45,85.3,39.4,17.6
2026-04-17 07:03:41,0.0,101.5,118.4,6.56,85.3,43.3,17.6
2026-04-17 07:03:41,0.0,119.3,142.3,5.4,83.2,40.8,17.6
2026-04-17 07:03:42,0.0,124.0,136.8,5.86,82.6,42.4,17.6
2026-04-17 07:03:42,0.0,137.6,160.4,4.68,84.8,48.2,17.6
2026-04-17 07:03:42,0.0,101.5,124.3,6.13,84.8,32.2,17.6
2026-04-17 07:03:42,0.0,99.7,122.8,6.06,84.8,43.3,17.6
2026-04-17 07:03:42,0.0,95.2,121.3,6.06,84.2,36.9,17.6
2026-04-17 07:03:42,0.0,116.3,139.5,5.4,84.2,40.3,17.6
2026-04-17 07:03:43,0.0,99.3,113.1,6.71,84.8,43.9,17.6
2026-04-17 07:03:43,0.0,109.4,132.3,5.66,84.8,40.0,17.6
2026-04-17 07:03:43,0.0,101.8,124.9,6.26,84.2,41.0,17.6
2026-04-17 07:03:43,0.0,115.7,139.9,5.51,84.2,52.8,17.6
2026-04-17 07:03:43,0.0,111.3,127.0,6.21,84.8,44.6,17.7
2026-04-17 07:03:43,0.0,95.8,121.9,6.42,84.8,46.9,17.7
2026-04-17 07:03:44,0.0,111.9,135.0,5.61,84.8,36.8,17.7
2026-04-17 07:03:44,0.0,115.0,135.0,5.91,83.7,43.7,17.8
2026-04-17 07:03:44,0.0,95.7,118.9,6.54,84.8,45.3,17.9
2026-04-17 07:03:44,0.0,128.6,151.6,5.14,83.7,41.1,17.9
2026-04-17 07:03:44,0.0,93.3,116.4,6.1,84.2,38.5,17.9
2026-04-17 07:03:44,0.0,112.9,137.0,5.34,84.2,40.5,17.9
2026-04-17 07:03:45,0.0,107.5,126.1,6.22,84.2,46.2,17.9
2026-04-17 07:03:45,0.0,115.8,138.8,5.74,85.3,43.7,18.0
2026-04-17 07:03:45,0.0,130.1,144.5,5.5,85.3,47.9,18.0
2026-04-17 07:03:45,0.0,102.2,120.8,5.84,84.2,42.6,17.9
2026-04-17 07:03:45,0.0,89.4,112.5,6.47,83.2,40.0,18.0
2026-04-17 07:03:46,0.0,120.5,147.0,4.99,83.2,36.8,18.0
2026-04-17 07:03:46,0.0,120.7,144.1,5.09,83.7,37.5,18.0
2026-04-17 07:03:46,0.0,94.0,105.0,7.16,84.8,40.7,18.0
2026-04-17 07:03:46,0.0,98.2,121.8,5.84,84.2,41.2,18.1
2026-04-17 07:03:46,0.0,114.6,138.0,5.47,83.2,43.2,18.1
2026-04-17 07:03:46,0.0,128.5,144.1,5.55,83.7,45.1,18.1
2026-04-17 07:03:47,0.0,115.9,138.2,5.34,84.2,38.4,18.1
2026-04-17 07:03:47,0.0,125.3,140.1,5.66,84.2,45.6,18.2
2026-04-17 07:03:47,0.0,89.9,110.7,6.1,83.7,37.3,18.2
2026-04-17 07:03:47,0.0,133.4,156.4,4.76,84.2,41.0,18.2
2026-04-17 07:03:47,0.0,150.8,173.7,4.61,84.2,46.4,18.2
2026-04-17 07:03:48,0.0,126.5,141.6,5.69,83.2,40.3,18.2
2026-04-17 07:03:48,0.0,121.1,142.2,5.13,84.2,43.0,18.2
2026-04-17 07:03:48,0.0,118.2,125.5,6.12,84.8,44.4,18.2
2026-04-17 07:03:48,0.0,105.0,119.8,6.49,84.2,45.2,18.2
2026-04-17 07:03:48,0.0,99.1,125.7,6.12,84.8,40.9,18.1
2026-04-17 07:03:48,0.0,110.2,132.1,5.73,84.2,45.2,18.2
2026-04-17 07:03:49,0.0,108.6,131.0,6.06,84.8,43.9,18.2
2026-04-17 07:03:49,0.0,147.6,170.7,4.85,84.8,47.6,18.2
2026-04-17 07:03:49,0.0,117.6,136.1,5.89,82.6,39.4,18.1
2026-04-17 07:03:49,0.0,119.0,131.0,5.97,84.2,48.5,18.1
2026-04-17 07:03:49,0.0,109.4,124.3,6.21,84.8,43.7,18.1
2026-04-17 07:03:49,0.0,110.1,129.7,6.11,84.2,46.9,18.2
2026-04-17 07:03:50,0.0,97.5,117.6,6.53,83.7,41.9,18.2
2026-04-17 07:03:50,0.0,126.4,149.6,5.09,83.2,43.0,18.2
2026-04-17 07:03:50,0.0,112.1,135.3,5.39,84.2,38.4,18.2
2026-04-17 07:03:50,0.0,135.1,152.6,5.29,84.8,47.9,18.1
2026-04-17 07:03:50,0.0,98.7,120.3,6.12,83.7,40.6,18.2
2026-04-17 07:03:51,0.0,127.2,150.1,5.13,84.8,42.1,18.2
2026-04-17 07:03:51,0.0,112.7,134.3,5.39,85.3,38.7,18.2
2026-04-17 07:03:51,0.0,103.1,120.6,6.34,83.7,41.9,18.2
2026-04-17 07:03:51,0.0,123.3,146.6,5.37,84.2,40.8,18.2
2026-04-17 07:03:51,0.0,120.6,143.5,5.08,84.2,36.0,18.2
2026-04-17 07:03:51,0.0,90.4,112.8,5.88,83.2,37.7,18.2
2026-04-17 07:03:52,0.0,94.3,117.9,5.85,83.7,38.8,18.2
2026-04-17 07:03:52,0.0,130.0,153.2,4.94,84.8,42.0,18.2
2026-04-17 07:03:52,0.0,109.4,132.5,5.58,84.8,40.0,18.3
2026-04-17 07:03:52,0.0,96.2,118.9,6.55,84.2,44.4,18.3
2026-04-17 07:03:52,0.0,117.0,131.8,5.31,83.2,52.0,18.2
2026-04-17 07:03:52,0.0,107.3,122.1,6.42,84.8,39.7,18.2
2026-04-17 07:03:53,0.0,109.8,132.9,5.91,83.7,42.4,18.2
2026-04-17 07:03:53,0.0,120.4,138.1,5.62,84.8,43.8,18.2
2026-04-17 07:03:53,0.0,114.3,126.7,6.23,84.8,48.5,18.2
2026-04-17 07:03:53,0.0,127.6,145.2,5.58,84.8,44.1,18.2
2026-04-17 07:03:53,0.0,100.3,126.3,5.7,84.2,36.8,18.2
2026-04-17 07:03:53,0.0,109.8,132.7,5.77,83.7,40.6,18.2
2026-04-17 07:03:54,0.0,113.9,137.7,5.82,84.8,44.4,18.2
2026-04-17 07:03:54,0.0,114.8,130.2,6.02,83.2,45.6,18.2
2026-04-17 07:03:54,0.0,101.6,119.7,6.51,84.8,39.0,18.2
2026-04-17 07:03:54,0.0,111.0,134.0,5.68,85.3,43.7,18.2
2026-04-17 07:03:54,0.0,134.3,156.0,5.27,84.8,51.2,18.2
2026-04-17 07:03:55,0.0,327.4,351.1,2.54,83.7,81.6,18.2
2026-04-17 07:03:55,0.0,118.6,134.7,5.17,83.2,68.8,17.7
2026-04-17 07:03:55,0.0,97.3,119.7,5.71,84.8,36.6,17.7
2026-04-17 07:03:55,0.0,90.0,106.4,6.27,84.8,40.6,17.7
2026-04-17 07:03:55,0.0,115.4,137.4,5.2,84.8,40.3,17.7
2026-04-17 07:03:56,0.0,116.6,134.4,5.95,84.2,39.1,17.7
2026-04-17 07:03:56,0.0,111.5,132.0,6.02,83.7,43.1,17.7
2026-04-17 07:03:56,0.0,138.0,155.9,5.27,84.2,38.9,17.7
2026-04-17 07:03:56,0.0,122.7,153.0,5.26,83.2,42.5,17.7
2026-04-17 07:03:56,0.0,129.8,152.7,5.01,84.2,43.9,17.7
2026-04-17 07:03:57,0.0,103.9,126.4,5.75,84.2,41.7,17.8
2026-04-17 07:03:57,0.0,119.7,142.2,5.48,83.7,38.6,17.8
2026-04-17 07:03:57,0.0,113.8,125.6,6.23,84.2,43.5,17.9
2026-04-17 07:03:57,0.0,99.2,121.7,6.43,83.7,46.2,17.9
2026-04-17 07:03:57,0.0,98.4,126.5,5.98,85.3,37.9,17.9
2026-04-17 07:03:57,0.0,132.9,155.8,5.1,84.2,49.4,17.9
2026-04-17 07:03:58,0.0,114.2,138.4,5.47,84.8,42.7,17.8
2026-04-17 07:03:58,0.0,91.4,107.2,7.03,85.3,41.1,17.9
2026-04-17 07:03:58,0.0,121.5,142.4,5.07,84.2,40.5,17.9
2026-04-17 07:03:58,0.0,132.0,154.9,4.77,82.0,40.5,17.8
2026-04-17 07:03:58,0.0,99.4,121.4,5.98,84.8,39.4,17.8
2026-04-17 07:03:58,0.0,117.4,139.7,5.39,84.8,42.5,17.8
2026-04-17 07:03:59,0.0,91.1,107.0,7.11,84.2,41.8,17.8
2026-04-17 07:03:59,0.0,114.2,133.9,5.3,82.6,39.2,17.8
2026-04-17 07:03:59,0.0,113.1,134.8,5.93,82.6,46.4,17.9
2026-04-17 07:03:59,0.0,132.2,148.5,5.49,83.7,41.4,17.9
2026-04-17 07:03:59,0.0,111.3,134.8,5.57,84.2,34.3,17.9
2026-04-17 07:04:00,0.0,107.9,129.4,6.12,84.2,40.3,17.9
2026-04-17 07:04:00,0.0,138.2,162.7,5.05,83.7,51.2,17.9
2026-04-17 07:04:00,0.0,109.6,132.9,5.88,84.2,40.0,17.9
2026-04-17 07:04:00,0.0,105.1,128.0,6.18,84.8,41.3,17.9
2026-04-17 07:04:00,0.0,106.1,133.1,5.81,84.8,40.6,17.9
2026-04-17 07:04:00,0.0,132.5,152.1,5.31,84.2,41.1,18.0
2026-04-17 07:04:01,0.0,136.5,162.6,4.81,84.2,39.3,17.8
2026-04-17 07:04:01,0.0,144.9,168.1,4.88,83.2,39.2,17.8
2026-04-17 07:04:01,0.0,96.3,116.6,6.64,84.8,39.7,17.8
2026-04-17 07:04:01,0.0,109.0,135.6,5.45,85.3,40.5,17.9
2026-04-17 07:04:01,0.0,123.9,143.2,5.64,85.3,41.4,17.9
2026-04-17 07:04:02,0.0,138.9,161.8,4.64,83.7,39.8,17.9
2026-04-17 07:04:02,0.0,108.4,131.4,5.93,84.8,37.3,17.9
2026-04-17 07:04:02,0.0,112.1,133.5,5.86,84.8,50.7,18.0
2026-04-17 07:04:02,0.0,130.9,151.8,5.39,83.2,45.7,18.0
2026-04-17 07:04:02,0.0,92.6,116.2,6.18,83.2,40.0,18.0
2026-04-17 07:04:02,0.0,118.0,140.9,5.22,83.2,37.3,18.0
2026-04-17 07:04:03,0.0,108.0,122.6,6.39,84.2,37.9,18.0
2026-04-17 07:04:03,0.0,157.6,180.2,4.61,83.7,45.2,17.9
2026-04-17 07:04:03,0.0,100.2,123.6,5.69,82.6,40.3,17.9
2026-04-17 07:04:03,0.0,108.7,131.6,5.72,84.2,43.1,17.9
2026-04-17 07:04:03,0.0,123.5,144.8,5.51,83.7,45.8,17.9
2026-04-17 07:04:04,0.0,142.4,165.5,4.57,84.2,46.5,17.9
2026-04-17 07:04:04,0.0,118.5,140.7,5.68,84.2,43.1,17.9
2026-04-17 07:04:04,0.0,109.1,123.8,6.32,83.7,45.2,17.9
2026-04-17 07:04:04,0.0,116.6,136.7,5.76,83.7,43.3,17.9
2026-04-17 07:04:04,0.0,145.9,161.5,5.12,83.2,46.8,18.0
2026-04-17 07:04:04,0.0,118.2,138.0,5.81,84.8,40.3,18.0
2026-04-17 07:04:05,0.0,107.3,122.0,6.41,83.7,40.7,18.0
2026-04-17 07:04:05,0.0,139.8,161.6,5.01,84.8,44.9,18.0
2026-04-17 07:04:05,0.0,106.7,129.7,6.02,83.2,40.9,18.1
2026-04-17 07:04:05,0.0,113.5,136.3,5.76,84.2,44.3,18.1
2026-04-17 07:04:05,0.0,122.8,142.5,5.66,84.2,44.3,18.1
2026-04-17 07:04:05,0.0,107.5,129.4,5.44,84.8,36.1,18.1
2026-04-17 07:04:06,0.0,119.6,142.6,5.59,84.8,45.9,18.1
2026-04-17 07:04:06,0.0,112.1,119.2,6.29,84.2,45.8,18.2
2026-04-17 07:04:06,0.0,114.0,134.0,5.93,84.8,47.7,18.2
2026-04-17 07:04:06,0.0,106.9,124.4,6.27,84.8,41.0,18.2
2026-04-17 07:04:06,0.0,103.3,125.2,6.14,84.2,38.1,18.2
2026-04-17 07:04:07,0.0,141.8,164.8,4.87,83.2,45.1,18.2
2026-04-17 07:04:07,0.0,101.5,124.5,6.27,84.2,36.7,18.2
2026-04-17 07:04:07,0.0,112.0,136.6,5.6,84.2,40.8,18.3
2026-04-17 07:04:07,0.0,111.0,128.5,6.09,85.3,44.6,18.2
2026-04-17 07:04:07,0.0,102.1,122.2,6.34,85.3,53.7,18.2
2026-04-17 07:04:07,0.0,106.0,127.5,5.86,84.2,40.9,18.2
2026-04-17 07:04:08,0.0,92.0,112.4,6.53,83.2,39.3,18.2
2026-04-17 07:04:08,0.0,103.3,125.5,5.64,84.2,42.3,18.3
2026-04-17 07:04:08,0.0,123.5,146.6,5.34,84.8,41.9,18.3
2026-04-17 07:04:08,0.0,142.6,163.9,4.58,85.3,37.2,18.3
2026-04-17 07:04:08,0.0,98.5,121.4,6.42,84.8,40.3,18.3
2026-04-17 07:04:08,0.0,123.0,145.8,5.21,83.2,42.7,18.4
2026-04-17 07:04:09,0.0,98.4,121.9,5.66,83.7,38.4,18.4
2026-04-17 07:04:09,0.0,128.8,152.5,5.05,85.3,39.5,18.4
2026-04-17 07:04:09,0.0,110.8,134.1,5.5,84.2,41.1,18.4
2026-04-17 07:04:09,0.0,94.6,107.1,6.79,84.8,50.9,18.4
2026-04-17 07:04:09,0.0,108.8,132.7,5.51,84.8,38.9,18.5
2026-04-17 07:04:09,0.0,118.6,140.5,5.7,83.2,41.8,18.5
2026-04-17 07:04:10,0.0,114.2,125.6,6.15,84.8,40.7,18.5
2026-04-17 07:04:10,0.0,99.2,120.8,6.48,82.6,43.7,18.5
2026-04-17 07:04:10,0.0,117.8,140.1,5.49,83.7,38.0,18.5
2026-04-17 07:04:10,0.0,144.0,160.0,5.13,83.7,51.3,18.5
2026-04-17 07:04:10,0.0,124.6,144.1,5.62,84.2,43.3,18.5
2026-04-17 07:04:11,0.0,93.2,113.9,5.92,84.2,36.4,18.5
2026-04-17 07:04:11,0.0,321.0,342.6,2.54,85.9,77.9,17.9
2026-04-17 07:04:11,0.0,107.3,130.1,5.36,84.8,50.7,17.7
2026-04-17 07:04:11,0.0,144.6,167.3,4.9,83.2,46.2,17.7
2026-04-17 07:04:11,0.0,120.2,139.2,5.72,83.2,44.9,17.7
2026-04-17 07:04:12,0.0,100.2,108.9,6.74,84.8,41.4,17.7
2026-04-17 07:04:12,0.0,154.5,177.9,4.54,83.7,46.0,17.7
2026-04-17 07:04:12,0.0,89.9,113.0,5.97,84.8,36.2,17.6
2026-04-17 07:04:12,0.0,117.9,141.0,5.14,84.2,40.8,17.6
2026-04-17 07:04:12,0.0,96.3,110.5,6.9,84.2,44.8,17.5
2026-04-17 07:04:13,0.0,123.4,146.8,5.15,84.2,40.0,17.5
2026-04-17 07:04:13,0.0,111.1,134.7,5.33,83.2,35.1,17.5
2026-04-17 07:04:13,0.0,104.7,117.0,6.27,84.2,51.6,17.5
2026-04-17 07:04:13,0.0,112.5,135.6,5.73,84.2,40.6,17.5
2026-04-17 07:04:13,0.0,115.5,136.5,5.86,84.8,39.1,17.5
2026-04-17 07:04:13,0.0,111.5,129.0,6.13,84.8,37.1,17.5
2026-04-17 07:04:14,0.0,115.8,133.6,5.91,82.6,44.6,17.6
2026-04-17 07:04:14,0.0,123.7,143.2,5.64,84.8,44.4,17.6
2026-04-17 07:04:14,0.0,126.9,149.5,4.97,83.2,42.3,17.6
2026-04-17 07:04:14,0.0,114.7,137.7,5.35,82.6,39.5,17.6
2026-04-17 07:04:14,0.0,121.9,140.3,5.75,84.2,44.1,17.6
2026-04-17 07:04:15,0.0,98.7,121.2,5.64,84.8,40.8,17.6
2026-04-17 07:04:15,0.0,93.9,116.0,6.21,84.2,39.1,17.7
2026-04-17 07:04:15,0.0,111.0,134.3,5.44,84.8,36.6,17.7
2026-04-17 07:04:15,0.0,136.6,158.2,5.21,84.8,44.2,17.6
2026-04-17 07:04:15,0.0,111.5,130.3,5.72,84.2,39.7,17.6
2026-04-17 07:04:15,0.0,104.3,125.7,6.27,84.2,41.3,17.7
2026-04-17 07:04:16,0.0,100.8,124.7,6.11,84.8,38.1,17.6
2026-04-17 07:04:16,0.0,114.5,137.9,5.56,84.8,43.2,17.6
2026-04-17 07:04:16,0.0,108.0,126.3,6.26,84.8,43.7,17.6
2026-04-17 07:04:16,0.0,97.8,120.2,6.37,85.3,42.9,17.7
2026-04-17 07:04:16,0.0,107.8,135.3,5.51,84.8,40.3,17.7
2026-04-17 07:04:16,0.0,153.4,173.1,4.83,83.7,55.3,17.7
2026-04-17 07:04:17,0.0,110.5,132.2,5.26,84.2,35.5,17.8
2026-04-17 07:04:17,0.0,144.6,166.8,4.99,84.8,44.6,17.8
2026-04-17 07:04:17,0.0,125.1,142.7,5.54,83.7,43.2,17.8
2026-04-17 07:04:17,0.0,100.6,123.6,5.68,83.7,40.3,17.8
2026-04-17 07:04:17,0.0,104.0,127.9,5.86,84.8,44.3,17.9
2026-04-17 07:04:18,0.0,100.0,123.3,6.2,84.2,40.3,17.9
2026-04-17 07:04:18,0.0,107.8,130.6,5.74,83.7,36.8,17.9
2026-04-17 07:04:18,0.0,140.7,163.6,5.01,83.2,44.4,17.9
2026-04-17 07:04:18,0.0,119.5,143.2,5.57,85.3,42.0,18.0
2026-04-17 07:04:18,0.0,116.6,133.3,5.96,84.8,46.3,18.0
2026-04-17 07:04:18,0.0,118.9,142.3,5.06,84.2,42.7,18.0
2026-04-17 07:04:19,0.0,103.3,112.0,6.59,84.8,45.0,18.0
2026-04-17 07:04:19,0.0,121.9,145.6,5.39,83.7,43.1,18.0
2026-04-17 07:04:19,0.0,137.0,160.5,4.67,85.3,36.5,17.9
2026-04-17 07:04:19,0.0,117.0,140.2,5.54,83.2,39.1,17.9
2026-04-17 07:04:19,0.0,89.7,104.7,7.22,85.3,44.6,17.9
2026-04-17 07:04:19,0.0,121.7,124.7,6.02,84.8,58.5,17.8
2026-04-17 07:04:20,0.0,116.6,139.6,5.15,83.7,35.6,17.8
2026-04-17 07:04:20,0.0,115.6,131.2,6.04,83.7,43.3,17.9
2026-04-17 07:04:20,0.0,105.0,120.0,6.35,84.2,45.3,17.9
2026-04-17 07:04:20,0.0,114.7,137.7,5.72,84.8,38.5,17.8
2026-04-17 07:04:20,0.0,101.7,118.1,6.51,84.2,42.6,17.9
2026-04-17 07:04:20,0.0,126.9,150.3,5.21,84.2,42.1,17.9
2026-04-17 07:04:21,0.0,107.0,130.0,5.57,84.8,38.0,17.9
2026-04-17 07:04:21,0.0,124.6,147.5,5.4,83.7,43.7,17.9
2026-04-17 07:04:21,0.0,102.6,124.5,5.65,85.3,42.5,17.9
2026-04-17 07:04:21,0.0,99.5,126.6,5.97,83.7,33.9,17.9
2026-04-17 07:04:21,0.0,107.8,131.2,5.81,84.8,45.7,18.0
2026-04-17 07:04:22,0.0,141.1,164.9,5.02,83.7,46.8,18.0
2026-04-17 07:04:22,0.0,117.5,140.9,5.66,83.2,47.2,18.1
2026-04-17 07:04:22,0.0,112.6,127.0,6.21,85.3,49.2,18.1
2026-04-17 07:04:22,0.0,124.0,144.1,5.6,83.7,43.1,18.1
2026-04-17 07:04:22,0.0,103.4,121.1,5.59,84.2,34.8,18.2
2026-04-17 07:04:22,0.0,133.3,157.1,5.07,84.8,46.2,18.2
2026-04-17 07:04:23,0.0,103.7,126.9,5.9,84.8,38.8,18.2
2026-04-17 07:04:23,0.0,134.6,156.7,5.07,82.0,45.6,18.2
2026-04-17 07:04:23,0.0,96.5,119.1,6.16,85.3,42.2,18.2
2026-04-17 07:04:23,0.0,113.7,137.0,5.44,84.8,40.3,18.2
2026-04-17 07:04:23,0.0,114.0,132.6,6.02,84.8,43.9,18.2
2026-04-17 07:04:24,0.0,102.7,122.0,6.4,84.2,45.9,18.2
2026-04-17 07:04:24,0.0,118.3,141.8,5.5,83.7,45.5,18.2
2026-04-17 07:04:24,0.0,119.1,134.6,5.92,84.2,55.1,18.2
2026-04-17 07:04:24,0.0,120.0,132.0,6.01,83.2,46.3,18.3
2026-04-17 07:04:24,0.0,92.3,115.2,5.84,84.8,37.3,18.3
2026-04-17 07:04:24,0.0,113.5,136.5,5.3,84.2,39.2,18.3
2026-04-17 07:04:25,0.0,117.4,137.5,5.84,83.7,47.1,18.3
2026-04-17 07:04:25,0.0,110.8,124.8,6.27,84.8,49.3,18.3
2026-04-17 07:04:25,0.0,114.5,135.9,5.9,83.7,40.0,18.3
2026-04-17 07:04:25,0.0,112.6,131.0,6.07,84.8,44.1,18.3
2026-04-17 07:04:25,0.0,112.7,133.2,5.98,84.2,41.3,18.4
2026-04-17 07:04:25,0.0,105.3,126.5,6.22,84.8,41.5,18.4
2026-04-17 07:04:26,0.0,91.6,115.3,6.62,84.8,36.2,18.4
2026-04-17 07:04:26,0.0,115.9,138.7,5.24,84.8,40.0,18.4
2026-04-17 07:04:26,0.0,107.5,124.0,6.35,84.8,44.4,18.4
2026-04-17 07:04:26,0.0,140.8,161.6,4.98,84.2,48.1,18.5
2026-04-17 07:04:26,0.0,116.2,139.3,5.74,84.8,40.8,18.5
2026-04-17 07:04:26,0.0,108.6,126.2,6.24,83.7,41.9,18.4
2026-04-17 07:04:27,0.0,123.8,147.3,5.52,84.2,45.7,18.4
2026-04-17 07:04:27,0.0,118.9,141.9,5.15,84.8,41.8,18.5
2026-04-17 07:04:27,0.0,133.5,147.5,5.5,84.2,43.8,18.5
2026-04-17 07:04:27,0.0,102.6,117.3,5.94,84.8,38.8,18.5
2026-04-17 07:04:28,0.0,431.8,454.7,2.02,84.2,81.8,17.7
2026-04-17 07:04:28,0.0,118.4,141.5,5.37,85.3,39.0,17.7
2026-04-17 07:04:28,0.0,91.4,106.0,7.16,84.2,42.6,17.7
2026-04-17 07:04:28,0.0,111.0,134.3,5.37,84.2,39.7,17.7
2026-04-17 07:04:28,0.0,124.2,146.3,5.55,84.2,37.3,17.7
2026-04-17 07:04:29,0.0,109.0,132.0,5.41,83.7,38.0,17.7
2026-04-17 07:04:29,0.0,152.1,181.6,4.61,84.8,51.1,17.7
2026-04-17 07:04:29,0.0,96.3,117.2,5.9,84.8,40.3,17.7
2026-04-17 07:04:29,0.0,127.1,150.0,5.03,83.2,40.7,17.7
2026-04-17 07:04:29,0.0,96.8,119.9,5.95,84.2,36.4,17.7
2026-04-17 07:04:29,0.0,101.8,125.7,5.79,84.8,40.3,17.7
2026-04-17 07:04:30,0.0,148.6,171.6,4.7,83.7,40.0,17.7
2026-04-17 07:04:30,0.0,106.5,124.0,6.33,82.6,40.3,17.7
2026-04-17 07:04:30,0.0,114.8,140.7,5.58,84.2,45.2,17.7
2026-04-17 07:04:30,0.0,108.4,116.6,6.44,84.8,57.4,17.6
2026-04-17 07:04:30,0.0,102.0,125.9,6.16,83.7,42.2,17.6
2026-04-17 07:04:30,0.0,91.4,114.2,6.5,85.3,35.0,17.6
2026-04-17 07:04:31,0.0,97.2,122.2,5.71,83.7,44.3,17.7
2026-04-17 07:04:31,0.0,111.5,134.3,5.61,84.8,37.1,17.7
2026-04-17 07:04:31,0.0,123.0,143.4,5.61,84.2,44.1,17.7
2026-04-17 07:04:31,0.0,131.2,152.5,4.81,84.2,41.0,17.7
2026-04-17 07:04:31,0.0,106.9,129.8,5.69,83.7,38.6,17.7
2026-04-17 07:04:32,0.0,97.1,119.8,6.38,83.7,41.0,17.7
2026-04-17 07:04:32,0.0,109.6,132.7,5.58,84.8,42.5,17.7
2026-04-17 07:04:32,0.0,135.5,157.8,5.18,84.2,47.3,17.8
2026-04-17 07:04:32,0.0,137.2,165.0,4.85,82.6,42.0,17.8
2026-04-17 07:04:32,0.0,95.6,122.6,6.38,84.2,41.5,17.8
2026-04-17 07:04:32,0.0,96.9,119.9,6.1,84.2,40.0,17.8
2026-04-17 07:04:33,0.0,122.7,145.8,5.2,83.2,41.3,17.8
2026-04-17 07:04:33,0.0,119.2,142.1,5.07,83.2,43.8,17.8
2026-04-17 07:04:33,0.0,128.8,141.0,5.7,84.8,46.4,17.9
2026-04-17 07:04:33,0.0,89.4,108.8,6.23,84.8,38.8,17.9
2026-04-17 07:04:33,0.0,123.2,146.8,4.96,84.8,44.6,17.9
2026-04-17 07:04:34,0.0,102.7,125.7,5.62,84.8,33.8,17.9
2026-04-17 07:04:34,0.0,114.4,137.4,5.6,84.8,40.8,17.9
2026-04-17 07:04:34,0.0,98.8,116.8,6.59,84.8,45.0,17.9
2026-04-17 07:04:34,0.0,101.1,124.1,5.95,84.2,39.1,17.9
2026-04-17 07:04:34,0.0,140.7,164.3,4.84,85.3,43.0,17.9
2026-04-17 07:04:34,0.0,92.3,114.8,6.6,84.8,40.0,17.9
2026-04-17 07:04:35,0.0,147.9,169.0,4.49,84.2,43.5,17.9
2026-04-17 07:04:35,0.0,105.4,123.1,6.38,84.2,44.6,17.9
2026-04-17 07:04:35,0.0,114.0,139.2,5.62,84.2,43.7,17.9
2026-04-17 07:04:35,0.0,92.9,110.2,6.95,85.9,39.6,18.0
2026-04-17 07:04:35,0.0,114.7,140.6,5.26,83.2,39.0,18.0
2026-04-17 07:04:35,0.0,120.7,136.4,5.86,83.2,52.9,18.0
2026-04-17 07:04:36,0.0,116.8,140.8,5.09,84.8,41.0,18.0
2026-04-17 07:04:36,0.0,129.6,144.4,5.62,83.2,47.8,18.0
2026-04-17 07:04:36,0.0,110.3,133.2,5.53,84.2,37.7,18.1
2026-04-17 07:04:36,0.0,102.3,125.0,6.3,83.7,41.3,18.0
2026-04-17 07:04:36,0.0,114.5,137.8,5.59,84.8,41.4,18.0
2026-04-17 07:04:37,0.0,115.0,133.3,5.94,84.8,46.4,18.0
2026-04-17 07:04:37,0.0,105.7,121.5,6.39,83.2,41.9,18.0
2026-04-17 07:04:37,0.0,130.2,159.9,5.07,82.6,48.7,18.1
2026-04-17 07:04:37,0.0,106.1,129.1,5.91,83.7,38.8,18.1
2026-04-17 07:04:37,0.0,124.7,148.1,5.36,83.7,46.8,18.0
2026-04-17 07:04:37,0.0,135.2,158.2,4.78,83.2,40.0,18.0
2026-04-17 07:04:38,0.0,114.1,137.2,5.59,84.8,44.4,18.0
2026-04-17 07:04:38,0.0,128.5,147.1,5.5,84.8,48.6,18.1
2026-04-17 07:04:38,0.0,135.0,157.9,4.86,84.2,39.2,18.0
2026-04-17 07:04:38,0.0,93.3,116.2,6.32,84.8,41.3,18.0
2026-04-17 07:04:38,0.0,95.1,118.2,5.94,83.7,38.2,18.0
2026-04-17 07:04:39,0.0,107.4,130.3,5.59,84.8,35.7,18.0
2026-04-17 07:04:39,0.0,95.8,118.7,6.45,84.8,40.0,18.0
2026-04-17 07:04:39,0.0,143.0,166.8,4.66,84.8,47.6,18.0
2026-04-17 07:04:39,0.0,135.1,158.0,5.21,83.7,40.3,18.0
2026-04-17 07:04:39,0.0,101.5,124.6,6.04,84.8,39.4,18.0
2026-04-17 07:04:39,0.0,93.7,116.7,6.3,84.8,40.6,18.1
2026-04-17 07:04:40,0.0,148.5,172.5,4.49,83.7,44.9,18.1
2026-04-17 07:04:40,0.0,95.0,110.6,6.88,84.8,47.5,18.1
2026-04-17 07:04:40,0.0,147.7,170.7,4.56,84.2,41.4,18.2
2026-04-17 07:04:40,0.0,86.8,103.5,7.19,85.3,40.4,18.2
2026-04-17 07:04:40,0.0,106.0,123.1,6.37,84.2,43.3,18.2
2026-04-17 07:04:40,0.0,110.2,131.0,6.02,84.2,42.6,18.3
2026-04-17 07:04:41,0.0,96.8,119.3,6.54,85.3,42.6,18.3
2026-04-17 07:04:41,0.0,109.1,131.9,5.57,85.3,40.8,18.3
2026-04-17 07:04:41,0.0,103.4,127.3,6.17,83.2,45.6,18.3
2026-04-17 07:04:41,0.0,129.6,152.5,5.23,85.3,43.8,18.3
2026-04-17 07:04:41,0.0,127.2,150.2,5.07,84.2,36.0,18.4
2026-04-17 07:04:42,0.0,115.6,141.4,5.21,83.2,37.3,18.4
2026-04-17 07:04:42,0.0,111.0,124.3,6.3,84.2,45.3,18.4
2026-04-17 07:04:42,0.0,138.9,162.9,5.08,84.2,47.4,18.4
2026-04-17 07:04:42,0.0,103.0,126.8,6.16,84.2,44.3,18.4
2026-04-17 07:04:42,0.0,135.2,156.1,5.05,83.7,44.6,18.4
2026-04-17 07:04:42,0.0,129.7,153.0,5.13,83.7,43.2,18.4
2026-04-17 07:04:43,0.0,115.9,138.9,5.39,84.8,34.8,18.4
2026-04-17 07:04:43,0.0,100.8,114.5,6.58,83.7,47.5,18.5
2026-04-17 07:04:43,0.0,89.2,112.9,6.45,83.7,40.3,18.5
2026-04-17 07:04:43,0.0,372.9,395.7,2.22,84.2,77.1,17.7
2026-04-17 07:04:44,0.0,91.8,107.9,6.58,84.8,60.3,17.7
2026-04-17 07:04:44,0.0,143.9,167.9,4.54,83.7,44.0,17.7
2026-04-17 07:04:44,0.0,103.1,123.4,6.36,83.7,45.3,17.7
2026-04-17 07:04:44,0.0,127.1,150.4,5.22,84.8,42.1,17.6
2026-04-17 07:04:44,0.0,100.5,123.5,5.81,84.8,39.1,17.7
2026-04-17 07:04:44,0.0,101.9,126.7,5.84,84.8,38.5,17.7
2026-04-17 07:04:45,0.0,112.9,135.7,5.73,84.8,40.9,17.7
2026-04-17 07:04:45,0.0,137.9,153.3,5.2,84.2,49.4,17.8
2026-04-17 07:04:45,0.0,111.5,134.2,5.79,84.8,37.3,17.8
2026-04-17 07:04:45,0.0,105.1,127.1,6.2,84.8,43.1,17.8
2026-04-17 07:04:45,0.0,116.6,139.3,5.65,84.8,42.3,17.8
2026-04-17 07:04:45,0.0,104.5,119.8,6.47,84.2,42.6,17.7
2026-04-17 07:04:46,0.0,116.2,139.2,5.59,85.3,44.3,17.8
2026-04-17 07:04:46,0.0,102.8,120.1,6.51,84.2,42.6,17.7
2026-04-17 07:04:46,0.0,110.1,130.8,5.77,84.8,47.0,17.8
2026-04-17 07:04:46,0.0,115.5,137.4,5.8,84.8,44.1,17.7
2026-04-17 07:04:46,0.0,102.0,118.7,6.56,85.3,44.4,17.7
2026-04-17 07:04:46,0.0,124.3,145.5,5.29,84.2,39.4,17.7
2026-04-17 07:04:47,0.0,114.4,139.7,5.2,84.8,37.3,17.8
2026-04-17 07:04:47,0.0,118.6,134.8,5.91,84.8,47.8,17.8
2026-04-17 07:04:47,0.0,111.8,123.3,6.29,84.2,45.9,17.8
2026-04-17 07:04:47,0.0,109.3,130.6,6.07,84.8,41.8,17.8
2026-04-17 07:04:47,0.0,109.2,131.4,6.01,84.2,46.3,17.7
2026-04-17 07:04:47,0.0,96.0,118.2,6.54,84.2,41.7,17.7
2026-04-17 07:04:48,0.0,95.2,118.2,6.03,83.7,38.1,17.7
2026-04-17 07:04:48,0.0,104.6,127.0,5.65,84.8,35.8,17.6
2026-04-17 07:04:48,0.0,131.8,156.3,5.14,83.2,48.2,17.6
2026-04-17 07:04:48,0.0,119.3,142.4,5.37,83.7,43.4,17.6
2026-04-17 07:04:48,0.0,107.8,118.9,6.45,84.2,50.0,17.6
2026-04-17 07:04:49,0.0,109.8,140.1,5.7,84.2,39.7,17.6
2026-04-17 07:04:49,0.0,102.9,118.7,6.55,84.8,44.8,17.6
2026-04-17 07:04:49,0.0,129.1,150.3,5.18,83.2,42.1,17.7
2026-04-17 07:04:49,0.0,138.8,161.4,4.78,84.2,38.0,17.7
2026-04-17 07:04:49,0.0,117.9,140.7,5.59,83.2,45.5,17.6
2026-04-17 07:04:49,0.0,130.2,144.0,5.59,83.7,46.4,17.7
2026-04-17 07:04:50,0.0,122.9,145.4,5.19,84.2,38.4,17.7
2026-04-17 07:04:50,0.0,99.9,123.1,5.65,84.8,36.1,17.7
2026-04-17 07:04:50,0.0,104.3,124.8,5.85,85.3,40.3,17.8
2026-04-17 07:04:50,0.0,116.0,136.2,5.59,84.2,40.8,17.8
2026-04-17 07:04:50,0.0,95.4,111.6,6.87,84.2,39.3,17.9
2026-04-17 07:04:51,0.0,136.6,158.6,4.81,83.2,49.4,17.9
2026-04-17 07:04:51,0.0,98.6,119.7,6.19,84.2,38.1,17.9
2026-04-17 07:04:51,0.0,103.5,127.0,5.76,85.3,37.9,17.9
2026-04-17 07:04:51,0.0,117.2,136.0,5.59,84.2,44.4,18.0
2026-04-17 07:04:51,0.0,92.1,107.4,7.09,84.2,42.9,18.0
2026-04-17 07:04:51,0.0,135.6,156.5,4.75,84.2,42.9,18.0
2026-04-17 07:04:52,0.0,131.3,154.3,5.12,84.2,39.0,18.0
2026-04-17 07:04:52,0.0,125.8,147.8,5.16,84.8,42.9,18.0
2026-04-17 07:04:52,0.0,95.2,117.6,5.9,83.7,40.8,18.1
2026-04-17 07:04:52,0.0,121.1,141.1,5.2,83.2,37.3,18.0
2026-04-17 07:04:52,0.0,135.6,146.8,5.53,84.2,43.5,18.0
2026-04-17 07:04:53,0.0,127.9,150.8,5.2,85.3,47.3,18.1
2026-04-17 07:04:53,0.0,118.4,141.5,5.25,85.3,36.5,18.1
2026-04-17 07:04:53,0.0,130.6,144.5,5.59,83.2,45.1,18.1
2026-04-17 07:04:53,0.0,113.7,136.3,5.46,83.7,40.8,18.1
2026-04-17 07:04:53,0.0,96.0,115.6,6.68,84.8,36.4,18.1
2026-04-17 07:04:53,0.0,112.3,132.8,5.49,84.8,37.7,18.2
2026-04-17 07:04:54,0.0,94.5,114.9,6.73,84.8,43.3,18.2
2026-04-17 07:04:54,0.0,92.2,109.2,6.07,83.2,36.1,18.2
2026-04-17 07:04:54,0.0,126.7,149.9,4.98,84.2,37.5,18.2
2026-04-17 07:04:54,0.0,103.6,124.8,5.63,84.8,36.8,18.3
2026-04-17 07:04:54,0.0,102.7,125.8,6.05,84.2,39.1,18.2
2026-04-17 07:04:54,0.0,147.2,170.4,4.74,84.2,44.3,18.2
2026-04-17 07:04:55,0.0,109.6,128.7,6.16,84.2,42.2,18.2
2026-04-17 07:04:55,0.0,104.4,128.0,6.11,84.2,42.4,18.2
2026-04-17 07:04:55,0.0,104.0,127.0,6.09,84.8,44.3,18.2
2026-04-17 07:04:55,0.0,117.4,140.2,5.52,84.8,43.8,18.2
2026-04-17 07:04:55,0.0,109.5,123.8,6.23,84.2,47.6,18.2
2026-04-17 07:04:55,0.0,110.1,130.0,6.1,83.7,41.5,18.2
2026-04-17 07:04:56,0.0,104.2,126.7,6.21,84.2,38.7,18.3
2026-04-17 07:04:56,0.0,116.7,139.5,5.6,84.8,47.2,18.3
2026-04-17 07:04:56,0.0,124.9,142.9,5.65,85.3,41.7,18.2
2026-04-17 07:04:56,0.0,125.7,147.3,5.04,84.2,33.3,18.3
2026-04-17 07:04:56,0.0,111.7,134.4,5.37,84.8,38.9,18.3
2026-04-17 07:04:57,0.0,120.5,142.2,5.69,85.3,42.3,18.3
2026-04-17 07:04:57,0.0,102.2,125.0,5.5,84.8,38.9,18.3
2026-04-17 07:04:57,0.0,120.2,136.1,5.44,84.2,59.5,18.3
2026-04-17 07:04:57,0.0,98.0,109.6,6.93,85.3,42.1,18.3
2026-04-17 07:04:57,0.0,136.5,168.0,4.68,85.3,38.1,18.3
2026-04-17 07:04:57,0.0,104.9,126.8,6.21,83.7,44.6,18.4
2026-04-17 07:04:58,0.0,122.6,152.6,5.23,83.2,45.5,18.4
2026-04-17 07:04:58,0.0,110.1,133.1,5.55,83.7,41.7,18.4
2026-04-17 07:04:58,0.0,102.1,124.5,6.32,83.7,39.7,18.5
2026-04-17 07:04:58,0.0,153.3,175.7,4.59,84.2,48.9,18.4
2026-04-17 07:04:58,0.0,111.4,134.4,5.23,84.2,36.0,18.4
2026-04-17 07:04:59,0.0,109.0,130.8,6.07,84.2,43.1,18.5
2026-04-17 07:04:59,0.0,113.6,137.3,5.82,83.7,44.3,18.5
2026-04-17 07:04:59,0.0,121.0,137.8,5.78,84.2,46.4,18.5
2026-04-17 07:04:59,0.0,112.2,135.9,5.19,84.2,35.5,18.5
2026-04-17 07:04:59,0.0,362.8,392.2,2.35,85.3,86.7,17.8
2026-04-17 07:05:00,0.0,110.0,131.6,5.86,84.8,42.6,17.8
2026-04-17 07:05:00,0.0,125.3,141.9,5.5,83.2,42.6,17.8
2026-04-17 07:05:00,0.0,104.7,126.1,5.59,84.8,42.3,17.8
2026-04-17 07:05:00,0.0,108.1,131.2,5.88,83.7,38.1,17.8
2026-04-17 07:05:00,0.0,116.1,139.4,5.7,84.8,42.9,17.8
2026-04-17 07:05:01,0.0,125.0,140.3,5.7,84.8,49.3,17.8
2026-04-17 07:05:01,0.0,108.9,132.8,5.42,84.2,35.3,17.8
2026-04-17 07:05:01,0.0,105.7,119.3,6.18,85.3,41.9,17.8
2026-04-17 07:05:01,0.0,106.0,131.6,5.82,83.7,41.7,17.8
2026-04-17 07:05:01,0.0,101.3,125.9,6.27,84.8,43.3,17.8
2026-04-17 07:05:01,0.0,107.0,129.5,5.88,84.8,44.1,17.8
2026-04-17 07:05:02,0.0,119.7,142.9,5.55,84.8,42.0,17.8
2026-04-17 07:05:02,0.0,113.4,126.1,6.26,83.7,46.9,17.8
2026-04-17 07:05:02,0.0,107.8,124.6,6.18,84.2,50.0,17.8
2026-04-17 07:05:02,0.0,120.8,143.7,5.6,83.7,46.6,17.8
2026-04-17 07:05:02,0.0,114.9,137.7,5.17,84.8,42.7,17.8
2026-04-17 07:05:02,0.0,107.7,125.5,6.27,84.2,41.3,17.8
2026-04-17 07:05:03,0.0,138.6,162.0,5.06,82.6,43.4,17.8
2026-04-17 07:05:03,0.0,129.6,165.1,4.91,84.8,48.1,17.8
2026-04-17 07:05:03,0.0,95.4,118.7,6.55,84.8,39.0,17.8
2026-04-17 07:05:03,0.0,89.9,109.1,6.21,83.7,40.9,17.8
2026-04-17 07:05:03,0.0,119.8,143.6,5.07,84.8,38.4,17.8
2026-04-17 07:05:03,0.0,114.4,126.1,6.24,84.8,47.1,17.8
2026-04-17 07:05:04,0.0,110.1,126.4,6.16,83.2,49.3,17.8
2026-04-17 07:05:04,0.0,114.3,134.1,5.83,84.2,43.9,17.8
2026-04-17 07:05:04,0.0,102.2,118.2,6.51,85.3,47.6,17.8
2026-04-17 07:05:04,0.0,129.5,151.8,5.14,83.7,40.5,17.8
2026-04-17 07:05:04,0.0,133.8,156.8,4.92,85.9,45.7,17.8
2026-04-17 07:05:05,0.0,102.0,125.0,5.95,84.8,35.9,17.8
2026-04-17 07:05:05,0.0,105.4,127.6,5.87,83.2,42.6,17.9
2026-04-17 07:05:05,0.0,100.3,123.4,6.18,82.6,40.6,17.9
2026-04-17 07:05:05,0.0,114.2,136.8,5.57,85.3,39.4,18.0
2026-04-17 07:05:05,0.0,140.4,159.6,5.17,83.7,46.1,17.9
2026-04-17 07:05:05,0.0,112.3,136.0,5.82,84.2,37.9,17.9
2026-04-17 07:05:06,0.0,105.3,118.8,6.29,84.8,45.3,17.9
2026-04-17 07:05:06,0.0,127.5,134.1,5.28,84.2,53.3,18.0
2026-04-17 07:05:06,0.0,106.4,129.4,5.62,85.3,35.8,18.0
2026-04-17 07:05:06,0.0,110.5,133.7,5.86,83.7,40.9,18.0
2026-04-17 07:05:06,0.0,109.4,131.7,5.9,84.8,44.3,18.0
2026-04-17 07:05:06,0.0,112.7,130.9,6.03,84.8,45.6,18.1
2026-04-17 07:05:07,0.0,125.8,146.6,5.54,84.8,50.7,18.1
2026-04-17 07:05:07,0.0,143.0,166.1,4.62,84.8,44.3,18.1
2026-04-17 07:05:07,0.0,117.8,136.9,5.72,85.3,47.9,18.1
2026-04-17 07:05:07,0.0,103.3,118.0,6.58,83.2,44.8,18.1
2026-04-17 07:05:07,0.0,103.7,126.8,5.99,84.2,44.1,18.1
2026-04-17 07:05:08,0.0,94.4,117.3,6.33,84.8,41.9,18.1
2026-04-17 07:05:08,0.0,121.8,144.8,5.16,83.2,42.3,18.1
2026-04-17 07:05:08,0.0,91.8,115.0,5.9,83.7,38.2,18.2
2026-04-17 07:05:08,0.0,116.5,139.2,5.19,84.2,42.1,18.2
2026-04-17 07:05:08,0.0,108.9,127.1,6.22,84.8,39.7,18.2
2026-04-17 07:05:08,0.0,137.4,160.9,5.13,84.2,50.0,18.3
2026-04-17 07:05:09,0.0,140.0,163.0,5.01,82.6,43.6,18.2
2026-04-17 07:05:09,0.0,104.5,127.7,6.1,84.2,38.1,18.3
2026-04-17 07:05:09,0.0,105.9,129.0,5.95,83.2,47.8,18.3
2026-04-17 07:05:09,0.0,103.4,126.4,6.08,83.2,41.5,18.2
2026-04-17 07:05:09,0.0,185.1,207.1,4.04,84.2,46.4,18.3
2026-04-17 07:05:10,0.0,106.7,121.8,6.41,84.8,42.6,18.3
2026-04-17 07:05:10,0.0,103.7,129.5,6.02,84.2,44.1,18.3
2026-04-17 07:05:10,0.0,145.6,168.9,4.87,83.7,45.1,18.4
2026-04-17 07:05:10,0.0,154.5,173.9,4.8,83.2,46.3,18.4
2026-04-17 07:05:10,0.0,107.3,118.1,6.48,83.7,41.0,18.4
2026-04-17 07:05:10,0.0,106.5,129.0,6.08,84.2,40.3,18.4
2026-04-17 07:05:11,0.0,121.2,144.2,5.5,84.8,42.0,18.4
2026-04-17 07:05:11,0.0,122.0,142.5,4.99,84.2,35.9,18.4
2026-04-17 07:05:11,0.0,132.0,155.1,4.78,83.7,45.3,18.4
2026-04-17 07:05:11,0.0,109.6,132.7,5.64,84.2,35.7,18.4
2026-04-17 07:05:11,0.0,123.1,146.0,5.54,83.2,50.7,18.4
2026-04-17 07:05:12,0.0,104.8,123.1,5.5,84.8,38.0,18.4
2026-04-17 07:05:12,0.0,121.1,144.7,5.46,83.2,42.3,18.4
2026-04-17 07:05:12,0.0,112.4,120.8,6.31,84.2,51.6,18.4
2026-04-17 07:05:12,0.0,124.7,144.5,5.6,83.2,46.5,18.4
2026-04-17 07:05:12,0.0,115.5,138.4,5.27,83.7,37.7,18.5
2026-04-17 07:05:12,0.0,108.0,125.9,6.27,84.8,46.8,18.5
2026-04-17 07:05:13,0.0,92.0,118.7,6.45,83.7,41.3,18.5
2026-04-17 07:05:13,0.0,121.0,141.7,5.23,84.2,41.1,18.4
2026-04-17 07:05:13,0.0,107.2,118.1,6.52,84.2,49.2,18.4
2026-04-17 07:05:13,0.0,110.8,133.5,5.87,83.2,43.1,18.4
2026-04-17 07:05:13,0.0,91.1,112.4,6.85,84.8,41.4,18.4
2026-04-17 07:05:13,0.0,110.9,135.3,5.33,84.2,38.7,18.4
2026-04-17 07:05:14,0.0,147.7,167.8,4.95,83.7,50.0,18.4
2026-04-17 07:05:14,0.0,95.9,114.7,6.72,84.2,43.1,18.5
2026-04-17 07:05:14,0.0,162.7,186.0,4.3,84.2,41.6,18.5
2026-04-17 07:05:14,0.0,94.2,119.1,6.01,83.7,37.3,18.5
2026-04-17 07:05:14,0.0,110.0,133.1,5.53,85.3,38.0,18.5
2026-04-17 07:05:15,0.0,177.0,199.7,4.27,84.2,47.8,18.5
2026-04-17 07:05:15,0.0,109.7,131.4,6.06,84.2,39.1,18.6
2026-04-17 07:05:15,0.0,116.4,140.8,5.7,83.2,43.5,18.6
2026-04-17 07:05:15,0.0,254.2,268.3,3.31,84.2,75.0,18.6
2026-04-17 07:05:16,0.0,189.9,218.7,3.6,84.2,82.4,17.8
2026-04-17 07:05:16,0.0,128.0,151.1,5.11,84.2,44.2,17.8
2026-04-17 07:05:16,0.0,101.3,124.2,5.78,84.2,33.3,17.8
2026-04-17 07:05:16,0.0,119.7,143.0,5.37,84.2,45.3,17.8
2026-04-17 07:05:16,0.0,110.9,123.1,6.38,84.2,46.0,17.8
2026-04-17 07:05:16,0.0,104.7,124.6,6.21,84.2,42.9,17.7
2026-04-17 07:05:17,0.0,105.5,128.7,6.0,84.2,40.3,17.7