Timestamp,Avg_Conf(%),InferenceTime(s),TotalLatencyTime(s),FPS,CPU_Temp(℃),CPU_Usage(%),Memory_Usage(%)
2026-04-15 02:35:26,0.0,0.162,0.555,1.8,37.5,0.0,19.6
2026-04-15 02:35:26,0.0,0.088,0.112,6.28,39.1,35.5,19.7
2026-04-15 02:35:26,0.0,0.083,0.106,6.2,39.1,31.8,19.7
2026-04-15 02:35:27,0.0,0.084,0.1,7.48,38.0,41.1,19.7
2026-04-15 02:35:27,0.0,0.086,0.102,7.37,39.1,36.0,19.7
2026-04-15 02:35:27,0.0,0.084,0.097,7.67,38.0,39.6,19.7
2026-04-15 02:35:27,0.0,0.086,0.102,7.35,39.7,44.1,19.7
2026-04-15 02:35:27,0.0,0.086,0.099,7.51,38.0,38.5,19.7
2026-04-15 02:35:27,0.0,0.086,0.099,7.5,39.7,43.4,19.7
2026-04-15 02:35:27,0.0,0.087,0.1,7.46,39.7,44.6,19.7
2026-04-15 02:35:27,0.0,0.084,0.097,7.67,38.6,38.5,19.7
2026-04-15 02:35:28,0.0,0.087,0.102,7.37,39.7,40.7,19.7
2026-04-15 02:35:28,0.0,0.084,0.097,7.66,39.7,36.0,19.7
2026-04-15 02:35:28,0.0,0.085,0.101,7.41,39.7,41.1,19.7
2026-04-15 02:35:28,0.0,0.085,0.1,7.51,39.7,38.0,19.7
2026-04-15 02:35:28,0.0,0.09,0.105,7.23,39.1,40.0,19.7
2026-04-15 02:35:28,0.0,0.084,0.107,6.25,39.1,36.4,19.7
2026-04-15 02:35:28,0.0,0.086,0.102,7.36,39.1,39.3,19.7
2026-04-15 02:35:29,0.0,0.087,0.099,7.48,40.2,42.0,19.7
2026-04-15 02:35:29,0.0,0.085,0.098,7.57,39.7,33.3,19.7
2026-04-15 02:35:29,0.0,0.083,0.097,7.65,39.1,36.0,19.7
2026-04-15 02:35:29,0.0,0.084,0.101,7.42,39.7,32.7,19.7
2026-04-15 02:35:29,0.0,0.084,0.099,7.53,40.8,35.3,19.7
2026-04-15 02:35:29,0.0,0.087,0.103,7.35,39.1,41.8,19.7
2026-04-15 02:35:29,0.0,0.086,0.098,7.56,40.8,42.9,19.7
2026-04-15 02:35:29,0.0,0.094,0.108,7.07,39.1,37.0,19.7
2026-04-15 02:35:30,0.0,0.096,0.12,5.91,40.2,37.3,19.7
2026-04-15 02:35:30,0.0,0.084,0.107,6.49,39.7,34.9,19.7
2026-04-15 02:35:30,0.0,0.083,0.099,7.55,39.7,40.0,19.7
2026-04-15 02:35:30,0.0,0.085,0.101,7.42,40.2,39.6,19.7
2026-04-15 02:35:30,0.0,0.087,0.102,7.39,39.1,41.8,19.7
2026-04-15 02:35:30,0.0,0.085,0.098,7.57,40.2,37.3,19.7
2026-04-15 02:35:30,0.0,0.085,0.099,7.53,39.7,41.5,19.7
2026-04-15 02:35:31,0.0,0.084,0.098,7.57,39.7,36.5,19.7
2026-04-15 02:35:31,0.0,0.083,0.099,7.55,40.2,38.5,19.7
2026-04-15 02:35:31,0.0,0.094,0.11,6.95,40.2,38.6,19.7
2026-04-15 02:35:31,0.0,0.085,0.108,6.32,40.2,34.9,19.6
2026-04-15 02:35:31,0.0,0.093,0.108,7.08,40.8,38.6,19.7
2026-04-15 02:35:31,0.0,0.086,0.109,6.28,40.8,34.4,19.7
2026-04-15 02:35:31,0.0,0.085,0.101,7.45,40.2,38.9,19.7
2026-04-15 02:35:32,0.0,0.087,0.099,7.52,40.2,40.4,19.7
2026-04-15 02:35:32,0.0,0.086,0.098,7.54,40.2,42.9,19.8
2026-04-15 02:35:32,0.0,0.087,0.1,7.46,40.2,41.8,19.8
2026-04-15 02:35:32,0.0,0.088,0.101,7.42,39.7,38.5,19.8
2026-04-15 02:35:32,0.0,0.087,0.11,6.04,40.8,33.8,19.9
2026-04-15 02:35:32,0.0,0.084,0.096,7.67,40.8,39.2,19.9
2026-04-15 02:35:32,0.0,0.087,0.103,7.32,40.2,42.1,20.0
2026-04-15 02:35:33,0.0,0.086,0.098,7.57,40.8,42.6,20.0
2026-04-15 02:35:33,0.0,0.086,0.099,7.52,40.8,38.5,20.0
2026-04-15 02:35:33,0.0,0.094,0.108,7.08,39.7,39.7,20.0
2026-04-15 02:35:33,0.0,0.087,0.11,6.26,40.2,30.6,19.9
2026-04-15 02:35:33,0.0,0.087,0.1,7.5,40.2,42.6,19.9
2026-04-15 02:35:33,0.0,0.099,0.112,6.84,40.2,40.4,19.9
2026-04-15 02:35:33,0.0,0.096,0.119,6.11,40.2,33.3,19.9
2026-04-15 02:35:34,0.0,0.104,0.126,5.76,39.7,35.3,19.9
2026-04-15 02:35:34,0.0,0.089,0.113,6.57,40.2,33.9,19.9
2026-04-15 02:35:34,0.0,0.086,0.109,6.15,40.8,32.3,19.9
2026-04-15 02:35:34,77.33,0.095,0.112,6.88,39.7,39.7,19.9
2026-04-15 02:35:34,79.0,0.095,0.118,6.06,40.2,40.9,19.9
2026-04-15 02:35:34,82.54,0.086,0.109,6.33,40.2,33.9,19.9
2026-04-15 02:35:35,84.06,0.086,0.098,7.53,40.8,43.6,19.9
2026-04-15 02:35:35,85.3,0.095,0.108,7.02,40.8,46.4,19.9
2026-04-15 02:35:35,84.5,0.087,0.11,6.3,40.8,35.9,19.9
2026-04-15 02:35:35,83.85,0.088,0.1,7.44,40.8,40.7,19.9
2026-04-15 02:35:35,83.15,0.087,0.11,6.06,40.2,35.8,19.8
2026-04-15 02:35:35,83.37,0.089,0.1,7.38,41.4,40.4,19.9
2026-04-15 02:35:35,82.94,0.088,0.111,6.03,39.7,38.6,19.9
2026-04-15 02:35:36,82.93,0.093,0.116,5.83,40.8,34.3,19.9
2026-04-15 02:35:36,82.5,0.094,0.118,5.98,40.8,36.8,19.8
2026-04-15 02:35:36,82.07,0.087,0.111,6.26,41.4,34.4,19.9
2026-04-15 02:35:36,81.2,0.089,0.102,7.34,40.8,39.6,19.9
2026-04-15 02:35:36,82.03,0.095,0.121,5.77,39.7,34.8,19.9
2026-04-15 02:35:36,81.29,0.086,0.11,6.39,40.8,32.8,19.9
2026-04-15 02:35:37,81.63,0.084,0.108,6.08,40.2,34.3,19.9
2026-04-15 02:35:37,81.93,0.086,0.1,7.46,39.7,40.7,19.9
2026-04-15 02:35:37,81.47,0.087,0.101,7.35,40.8,40.7,19.9
2026-04-15 02:35:37,81.99,0.097,0.12,5.73,40.8,33.3,19.9
2026-04-15 02:35:37,81.22,0.088,0.111,6.31,40.2,45.1,20.0
2026-04-15 02:35:37,81.56,0.09,0.113,5.9,40.8,28.6,20.0
2026-04-15 02:35:38,82.12,0.088,0.109,6.12,40.8,34.8,20.0
2026-04-15 02:35:38,81.31,0.095,0.118,5.76,40.2,37.1,20.0
2026-04-15 02:35:38,82.06,0.086,0.109,6.35,40.2,31.1,20.0
2026-04-15 02:35:38,80.88,0.094,0.117,5.73,40.2,34.3,19.9
2026-04-15 02:35:38,81.68,0.088,0.111,6.22,40.8,36.5,19.9
2026-04-15 02:35:38,81.31,0.097,0.12,5.69,40.8,31.9,19.9
2026-04-15 02:35:38,80.67,0.084,0.107,6.54,39.7,36.1,19.9
2026-04-15 02:35:39,81.06,0.098,0.113,6.78,39.7,40.7,19.9
2026-04-15 02:35:39,81.99,0.086,0.109,6.47,40.8,36.5,19.9
2026-04-15 02:35:39,81.18,0.102,0.115,6.68,41.4,40.0,19.9
2026-04-15 02:35:39,82.09,0.088,0.111,6.57,41.4,38.7,19.9
2026-04-15 02:35:39,80.71,0.1,0.123,5.61,39.1,36.2,19.9
2026-04-15 02:35:39,81.13,0.086,0.108,6.57,39.7,35.0,19.9
2026-04-15 02:35:40,81.82,0.088,0.101,7.4,40.8,41.5,19.9
2026-04-15 02:35:40,81.58,0.122,0.141,5.72,40.2,41.2,19.9
2026-04-15 02:35:40,81.86,0.086,0.109,6.36,41.4,33.9,20.0
2026-04-15 02:35:40,81.68,0.084,0.097,7.61,41.4,41.2,20.0
2026-04-15 02:35:40,81.37,0.085,0.099,7.47,40.2,42.9,20.0
2026-04-15 02:35:40,81.14,0.09,0.104,7.22,39.7,42.6,20.0
2026-04-15 02:35:40,82.21,0.097,0.12,5.76,41.4,35.7,20.0
2026-04-15 02:35:41,82.57,0.096,0.119,6.04,41.4,34.8,20.0
2026-04-15 02:35:41,82.4,0.085,0.108,6.42,40.8,37.1,20.0
2026-04-15 02:35:41,82.36,0.084,0.098,7.57,41.4,34.7,20.0
2026-04-15 02:35:41,81.71,0.086,0.101,7.42,40.2,44.6,19.9
2026-04-15 02:35:41,82.61,0.089,0.104,7.26,40.2,46.6,19.9
2026-04-15 02:35:41,81.58,0.085,0.108,6.18,40.2,36.4,19.9
2026-04-15 02:35:42,81.12,0.084,0.101,7.4,40.8,34.0,19.9
2026-04-15 02:35:42,80.27,0.086,0.112,5.93,41.9,33.3,19.9
2026-04-15 02:35:42,80.4,0.087,0.11,6.09,40.8,36.8,19.9
2026-04-15 02:35:42,80.03,0.133,0.143,5.58,40.8,38.4,19.9
2026-04-15 02:35:42,80.01,0.089,0.112,6.42,41.4,39.3,19.9
2026-04-15 02:35:42,78.89,0.095,0.118,5.77,41.9,35.7,20.0
2026-04-15 02:35:43,78.86,0.097,0.12,5.96,41.4,34.3,20.0
2026-04-15 02:35:43,79.19,0.084,0.106,6.49,41.4,35.5,20.0
2026-04-15 02:35:43,80.08,0.108,0.123,6.35,39.7,43.3,20.0
2026-04-15 02:35:43,79.67,0.086,0.109,6.91,41.9,40.0,20.0
2026-04-15 02:35:43,79.83,0.105,0.118,6.58,41.4,46.0,20.0
2026-04-15 02:35:43,78.96,0.098,0.121,6.29,43.0,36.9,20.0
2026-04-15 02:35:43,78.91,0.088,0.111,6.37,41.4,41.5,20.0
2026-04-15 02:35:44,79.42,0.086,0.104,6.07,41.4,34.3,20.0
2026-04-15 02:35:44,79.24,0.086,0.101,7.44,41.4,42.6,20.0
2026-04-15 02:35:44,79.32,0.087,0.099,7.52,41.9,42.6,20.0
2026-04-15 02:35:44,79.74,0.089,0.101,7.39,41.9,40.4,20.0
2026-04-15 02:35:44,78.27,0.097,0.12,5.73,41.9,34.3,20.0
2026-04-15 02:35:44,78.83,0.085,0.108,6.45,41.4,29.8,20.0
2026-04-15 02:35:44,79.18,0.086,0.098,7.48,41.9,44.6,19.9
2026-04-15 02:35:45,78.68,0.087,0.099,7.43,41.9,40.7,19.9
2026-04-15 02:35:45,79.31,0.097,0.109,6.96,41.9,43.9,19.9
2026-04-15 02:35:45,79.23,0.085,0.109,6.47,41.4,36.1,19.9
2026-04-15 02:35:45,76.81,0.087,0.1,7.42,41.4,32.7,19.8
2026-04-15 02:35:45,78.43,0.105,0.117,6.61,41.4,46.2,19.8
2026-04-15 02:35:45,80.66,0.108,0.132,5.87,41.4,37.7,19.8
2026-04-15 02:35:45,79.49,0.084,0.108,7.03,41.9,39.0,19.8
2026-04-15 02:35:46,75.15,0.097,0.112,6.87,41.4,38.2,19.8
2026-04-15 02:35:46,70.02,0.086,0.108,6.43,41.4,32.8,19.8
2026-04-15 02:35:46,73.29,0.086,0.099,7.48,41.9,39.6,19.8
2026-04-15 02:35:46,79.76,0.084,0.097,7.59,42.5,42.6,19.8
2026-04-15 02:35:46,80.45,0.084,0.099,7.52,41.9,37.3,19.8
2026-04-15 02:35:46,76.66,0.096,0.111,6.87,41.9,41.4,19.8
2026-04-15 02:35:46,80.78,0.083,0.106,6.53,41.4,35.5,19.8
2026-04-15 02:35:47,80.74,0.085,0.101,7.4,43.0,42.9,19.9
2026-04-15 02:35:47,79.48,0.083,0.093,7.6,42.5,42.3,19.9
2026-04-15 02:35:47,78.95,0.085,0.102,7.39,43.0,39.6,19.9
2026-04-15 02:35:47,79.51,0.09,0.104,7.23,42.5,43.9,19.9
2026-04-15 02:35:47,80.79,0.084,0.107,6.23,41.9,39.7,19.9
2026-04-15 02:35:47,79.78,0.086,0.101,7.39,42.5,42.1,20.0
2026-04-15 02:35:47,78.89,0.086,0.099,7.53,43.0,34.8,20.0
2026-04-15 02:35:48,78.69,0.094,0.108,7.03,41.9,39.3,20.0
2026-04-15 02:35:48,78.51,0.087,0.11,6.28,43.0,34.4,20.1
2026-04-15 02:35:48,79.01,0.094,0.117,5.78,40.8,35.7,20.1
2026-04-15 02:35:48,80.3,0.089,0.112,6.19,40.8,36.9,20.1
2026-04-15 02:35:48,0.0,0.084,0.107,6.16,41.4,34.4,20.1
2026-04-15 02:35:48,0.0,0.084,0.101,7.44,41.4,44.6,20.2
2026-04-15 02:35:49,0.0,0.085,0.103,7.35,41.9,35.3,20.2
2026-04-15 02:35:49,0.0,0.084,0.097,7.67,40.8,41.5,20.2
2026-04-15 02:35:49,0.0,0.085,0.099,7.47,41.9,43.6,20.2
2026-04-15 02:35:49,0.0,0.082,0.098,7.64,41.4,41.8,20.2
2026-04-15 02:35:49,0.0,0.084,0.098,7.41,41.4,36.0,20.1
2026-04-15 02:35:49,0.0,0.09,0.104,7.21,42.5,40.4,20.1
2026-04-15 02:35:49,0.0,0.086,0.108,6.14,40.8,36.9,20.1
2026-04-15 02:35:49,0.0,0.085,0.101,7.41,44.1,38.9,20.1
2026-04-15 02:35:50,0.0,0.113,0.126,6.26,41.9,39.7,20.1
2026-04-15 02:35:50,0.0,0.085,0.105,7.22,41.9,40.0,20.1
2026-04-15 02:35:50,0.0,0.086,0.1,7.51,42.5,38.0,20.0
2026-04-15 02:35:50,0.0,0.086,0.098,7.54,42.5,42.6,20.0
2026-04-15 02:35:50,0.0,0.084,0.097,7.61,41.9,43.4,20.0
2026-04-15 02:35:50,0.0,0.085,0.106,7.19,42.5,41.1,20.0
2026-04-15 02:35:50,0.0,0.088,0.11,6.07,41.4,36.8,20.0
2026-04-15 02:35:51,0.0,0.093,0.116,5.84,41.9,34.8,20.0
2026-04-15 02:35:51,0.0,0.093,0.117,5.97,41.9,36.2,20.0
2026-04-15 02:35:51,0.0,0.085,0.108,6.34,41.4,32.8,19.9
2026-04-15 02:35:51,0.0,0.083,0.098,7.61,43.5,41.5,19.9
2026-04-15 02:35:51,0.0,0.097,0.113,6.81,42.5,43.3,19.9
2026-04-15 02:35:51,0.0,0.086,0.109,6.4,41.9,39.4,19.9
2026-04-15 02:35:52,0.0,0.101,0.115,6.73,42.5,39.7,19.9
2026-04-15 02:35:52,0.0,0.086,0.108,6.63,43.0,35.6,19.9
2026-04-15 02:35:52,0.0,0.087,0.101,7.42,42.5,43.1,20.0
2026-04-15 02:35:52,0.0,0.087,0.099,7.39,43.0,43.6,20.0
2026-04-15 02:35:52,0.0,0.095,0.118,5.79,43.0,36.2,20.0
2026-04-15 02:35:52,0.0,0.086,0.109,6.35,41.9,32.8,20.1
2026-04-15 02:35:52,0.0,0.089,0.102,7.34,42.5,43.9,20.1
2026-04-15 02:35:53,0.0,0.088,0.111,6.06,41.4,31.2,20.1
2026-04-15 02:35:53,0.0,0.087,0.1,7.49,42.5,37.3,20.2
2026-04-15 02:35:53,0.0,0.097,0.121,5.66,41.9,33.3,20.1
2026-04-15 02:35:53,0.0,0.109,0.134,5.54,41.9,39.2,20.1
2026-04-15 02:35:53,0.0,0.105,0.126,6.25,42.5,39.3,20.1
2026-04-15 02:35:53,0.0,0.088,0.111,6.69,41.4,30.9,20.1
2026-04-15 02:35:54,53.63,0.088,0.111,6.02,42.5,35.3,20.1
2026-04-15 02:35:54,79.63,0.087,0.109,6.01,41.9,35.3,20.1
2026-04-15 02:35:54,82.77,0.091,0.102,7.23,41.4,40.0,20.1
2026-04-15 02:35:54,84.73,0.088,0.11,6.15,43.0,31.1,20.0
2026-04-15 02:35:54,84.53,0.086,0.109,6.05,41.9,33.3,20.0
2026-04-15 02:35:54,85.03,0.088,0.103,7.3,42.5,43.9,20.0
2026-04-15 02:35:55,84.6,0.086,0.107,6.16,41.9,28.8,20.0
2026-04-15 02:35:55,84.29,0.101,0.115,6.73,43.0,44.1,20.0
2026-04-15 02:35:55,84.38,0.086,0.109,6.59,42.5,36.1,19.9
2026-04-15 02:35:55,84.46,0.088,0.101,7.41,43.5,40.4,19.9
2026-04-15 02:35:55,84.38,0.087,0.111,6.04,43.0,35.8,19.9
2026-04-15 02:35:55,84.28,0.088,0.1,7.46,41.4,43.9,19.9
2026-04-15 02:35:55,81.82,0.087,0.118,5.8,42.5,33.8,19.9
2026-04-15 02:35:56,80.76,0.087,0.109,6.31,42.5,33.3,19.9
2026-04-15 02:35:56,80.58,0.085,0.095,7.5,42.5,43.4,19.9
2026-04-15 02:35:56,82.8,0.088,0.112,5.93,41.9,29.7,19.9
2026-04-15 02:35:56,81.41,0.089,0.111,6.0,41.9,33.3,19.9
2026-04-15 02:35:56,80.85,0.091,0.113,5.94,41.9,34.3,19.9
2026-04-15 02:35:56,82.6,0.087,0.109,6.15,43.5,34.4,19.9
2026-04-15 02:35:57,82.88,0.087,0.101,7.4,43.0,41.5,19.9
2026-04-15 02:35:57,82.89,0.087,0.11,6.04,42.5,35.8,19.9
2026-04-15 02:35:57,83.08,0.087,0.11,6.02,43.0,30.8,19.9
2026-04-15 02:35:57,83.49,0.09,0.096,7.35,43.0,46.3,19.9
2026-04-15 02:35:57,83.12,0.088,0.111,6.02,43.0,33.9,19.9
2026-04-15 02:35:57,84.08,0.09,0.113,5.98,42.5,34.3,19.9
2026-04-15 02:35:57,0.0,0.088,0.112,6.05,43.0,33.8,20.0
2026-04-15 02:35:58,0.0,0.087,0.109,6.04,43.0,31.3,20.0
2026-04-15 02:35:58,0.0,0.087,0.1,7.49,41.9,39.2,20.0
2026-04-15 02:35:58,0.0,0.087,0.1,7.47,43.0,40.4,20.0
2026-04-15 02:35:58,0.0,0.089,0.101,7.43,44.1,46.4,20.0
2026-04-15 02:35:58,0.0,0.103,0.126,5.52,42.5,35.7,20.0
2026-04-15 02:35:58,0.0,0.098,0.121,6.17,42.5,34.4,20.0
2026-04-15 02:35:59,0.0,0.086,0.109,6.5,43.0,35.0,20.0
2026-04-15 02:35:59,0.0,0.091,0.105,7.24,41.9,38.9,20.0
2026-04-15 02:35:59,0.0,0.085,0.108,6.2,42.5,34.4,20.0
2026-04-15 02:35:59,0.0,0.269,0.288,3.09,43.5,85.8,20.0
2026-04-15 02:35:59,0.0,0.121,0.135,5.63,44.1,68.1,20.0
2026-04-15 02:36:00,0.0,0.083,0.106,6.13,42.5,35.8,20.0
2026-04-15 02:36:00,0.0,0.102,0.116,6.66,43.0,42.4,20.1
2026-04-15 02:36:00,0.0,0.095,0.117,6.22,43.5,36.9,20.1
2026-04-15 02:36:00,0.0,0.086,0.109,6.35,42.5,32.8,20.1
2026-04-15 02:36:00,0.0,0.085,0.1,7.49,43.5,39.6,20.0
2026-04-15 02:36:00,0.0,0.11,0.121,6.38,42.5,41.9,20.0
2026-04-15 02:36:00,0.0,0.101,0.124,6.3,41.9,37.5,20.0
2026-04-15 02:36:01,78.7,0.104,0.126,5.93,43.0,37.1,20.1
2026-04-15 02:36:01,81.43,0.084,0.104,6.79,43.5,42.9,20.1
2026-04-15 02:36:01,84.1,0.087,0.102,7.36,42.5,39.6,20.1
2026-04-15 02:36:01,85.12,0.085,0.097,7.57,43.5,46.4,20.0
2026-04-15 02:36:01,84.59,0.085,0.098,7.54,43.0,40.4,20.0
2026-04-15 02:36:01,84.88,0.087,0.1,7.38,43.0,37.3,20.0
2026-04-15 02:36:01,84.45,0.084,0.096,7.67,44.1,36.7,20.1
2026-04-15 02:36:02,84.1,0.089,0.104,7.23,43.5,39.6,20.1
2026-04-15 02:36:02,83.62,0.093,0.116,5.87,42.5,35.3,20.1
2026-04-15 02:36:02,82.5,0.094,0.117,5.98,43.5,34.3,20.0
2026-04-15 02:36:02,83.33,0.094,0.118,5.98,43.0,37.9,20.0
2026-04-15 02:36:02,82.94,0.085,0.11,6.34,42.5,37.5,20.0
2026-04-15 02:36:02,83.04,0.085,0.098,7.56,43.0,45.5,20.0
2026-04-15 02:36:02,82.33,0.087,0.101,7.38,43.0,37.7,20.0
2026-04-15 02:36:03,82.77,0.085,0.097,7.61,43.0,38.5,20.0
2026-04-15 02:36:03,83.11,0.091,0.105,7.17,43.0,48.3,20.0
2026-04-15 02:36:03,82.75,0.086,0.108,6.22,43.0,33.3,20.0
2026-04-15 02:36:03,82.48,0.101,0.113,6.77,43.0,42.4,20.0
2026-04-15 02:36:03,83.08,0.086,0.109,6.57,43.0,37.3,20.1
2026-04-15 02:36:03,82.27,0.088,0.101,7.37,42.5,42.6,20.1
2026-04-15 02:36:04,0.0,0.089,0.117,5.82,42.5,34.3,20.1
2026-04-15 02:36:04,0.0,0.088,0.113,6.15,44.1,29.0,20.1
2026-04-15 02:36:04,0.0,0.085,0.108,6.15,43.5,32.3,20.1
2026-04-15 02:36:04,0.0,0.085,0.1,7.46,43.5,38.5,20.0
2026-04-15 02:36:04,0.0,0.093,0.105,7.12,43.5,44.1,20.0
2026-04-15 02:36:04,0.0,0.096,0.119,5.89,45.2,37.1,20.0
2026-04-15 02:36:04,0.0,0.083,0.106,6.52,44.1,33.3,20.1
2026-04-15 02:36:05,0.0,0.088,0.104,7.2,43.0,40.4,20.1
2026-04-15 02:36:05,0.0,0.089,0.112,5.96,43.5,35.4,20.1
2026-04-15 02:36:05,0.0,0.099,0.122,5.68,43.0,32.9,20.1
2026-04-15 02:36:05,0.0,0.083,0.106,6.62,43.5,38.1,20.1
2026-04-15 02:36:05,0.0,0.09,0.107,7.11,43.0,37.0,20.1
2026-04-15 02:36:05,0.0,0.085,0.11,6.19,44.6,34.4,20.2
2026-04-15 02:36:06,0.0,0.082,0.095,7.76,43.0,41.2,20.2
2026-04-15 02:36:06,0.0,0.086,0.104,7.29,43.0,40.7,20.2
2026-04-15 02:36:06,0.0,0.083,0.095,7.68,44.6,42.6,20.3
2026-04-15 02:36:06,0.0,0.092,0.109,7.01,44.1,40.4,20.3
2026-04-15 02:36:06,0.0,0.098,0.121,5.75,45.2,33.8,20.3
2026-04-15 02:36:06,0.0,0.09,0.113,6.39,44.6,33.9,20.2
2026-04-15 02:36:06,0.0,0.085,0.109,6.16,43.5,33.3,20.2
2026-04-15 02:36:07,0.0,0.09,0.104,7.26,44.1,44.1,20.2
2026-04-15 02:36:07,0.0,0.097,0.121,5.74,43.5,33.8,20.2
2026-04-15 02:36:07,0.0,0.084,0.106,6.55,44.1,37.1,20.2
2026-04-15 02:36:07,0.0,0.085,0.102,7.36,44.6,38.9,20.1
2026-04-15 02:36:07,0.0,0.087,0.097,7.42,44.1,45.3,20.1
2026-04-15 02:36:07,0.0,0.129,0.141,5.73,43.5,38.2,20.1
2026-04-15 02:36:07,0.0,0.09,0.113,6.17,43.0,34.4,20.1
2026-04-15 02:36:08,78.7,0.084,0.107,6.23,43.5,31.1,20.1
2026-04-15 02:36:08,82.34,0.087,0.102,7.35,43.0,40.7,20.1
2026-04-15 02:36:08,84.46,0.114,0.124,6.26,45.2,42.2,20.2
2026-04-15 02:36:08,84.11,0.089,0.108,7.06,43.5,43.1,20.1
2026-04-15 02:36:08,84.32,0.085,0.107,6.16,43.0,31.7,20.1
2026-04-15 02:36:08,83.8,0.096,0.111,6.87,43.5,43.1,20.1
2026-04-15 02:36:09,84.09,0.086,0.109,6.43,44.1,35.5,20.1
2026-04-15 02:36:09,83.61,0.087,0.101,7.43,44.1,45.6,20.1
2026-04-15 02:36:09,83.12,0.085,0.108,6.07,42.5,32.8,20.1
2026-04-15 02:36:09,82.71,0.087,0.101,7.43,43.0,37.7,20.1
2026-04-15 02:36:09,82.81,0.086,0.098,7.56,42.5,43.6,20.1
2026-04-15 02:36:09,82.37,0.087,0.099,7.49,42.5,45.5,20.1
2026-04-15 02:36:09,82.27,0.1,0.113,6.77,44.1,41.4,20.1
2026-04-15 02:36:10,82.94,0.086,0.109,6.61,43.5,36.1,20.1
2026-04-15 02:36:10,83.88,0.097,0.11,6.89,44.1,44.6,20.0
2026-04-15 02:36:10,82.88,0.085,0.108,6.5,43.0,36.1,20.0
2026-04-15 02:36:10,0.0,0.084,0.098,7.57,43.5,40.4,20.0
2026-04-15 02:36:10,0.0,0.089,0.105,7.17,43.0,39.3,20.0
2026-04-15 02:36:10,0.0,0.085,0.108,6.13,43.5,36.4,20.0
2026-04-15 02:36:10,0.0,0.087,0.101,7.39,44.1,42.9,19.9
2026-04-15 02:36:11,0.0,0.087,0.099,7.51,43.5,42.6,19.9
2026-04-15 02:36:11,0.0,0.09,0.101,7.34,44.1,40.0,19.9
2026-04-15 02:36:11,0.0,0.083,0.106,6.27,43.0,27.1,19.9
2026-04-15 02:36:11,0.0,0.085,0.099,7.42,44.6,44.6,19.9
2026-04-15 02:36:11,0.0,0.091,0.106,7.16,44.1,38.9,19.8
2026-04-15 02:36:11,0.0,0.109,0.136,5.32,44.6,39.2,19.8
2026-04-15 02:36:11,0.0,0.085,0.106,7.19,44.6,38.2,19.8
2026-04-15 02:36:12,0.0,0.087,0.1,7.4,44.6,36.0,19.8
2026-04-15 02:36:12,0.0,0.085,0.098,7.6,44.1,38.0,19.9
2026-04-15 02:36:12,0.0,0.087,0.101,7.41,44.1,45.5,19.9
2026-04-15 02:36:12,0.0,0.102,0.114,6.75,44.1,36.4,19.9
2026-04-15 02:36:12,0.0,0.115,0.139,5.57,44.1,37.5,19.9
2026-04-15 02:36:12,0.0,0.084,0.101,7.4,44.6,40.7,19.9
2026-04-15 02:36:12,0.0,0.091,0.105,7.16,43.5,42.1,20.0
2026-04-15 02:36:13,0.0,0.087,0.11,6.15,44.6,33.8,20.0
2026-04-15 02:36:13,0.0,0.082,0.094,7.74,45.2,36.7,20.0
2026-04-15 02:36:13,0.0,0.083,0.098,7.48,44.6,46.6,20.0
2026-04-15 02:36:13,0.0,0.086,0.103,7.33,44.1,32.0,20.0
2026-04-15 02:36:13,0.0,0.091,0.103,7.24,43.5,44.6,20.0
2026-04-15 02:36:13,0.0,0.086,0.109,6.19,44.1,33.8,20.0
2026-04-15 02:36:13,78.44,0.097,0.111,6.89,44.1,40.0,20.0
2026-04-15 02:36:14,79.38,0.085,0.108,6.45,45.2,33.9,20.0
2026-04-15 02:36:14,81.71,0.082,0.094,7.69,44.1,43.6,19.9
2026-04-15 02:36:14,84.04,0.083,0.097,7.44,43.5,38.5,19.9
2026-04-15 02:36:14,84.46,0.085,0.101,7.39,44.6,39.2,19.9
2026-04-15 02:36:14,84.54,0.087,0.101,7.41,45.2,46.6,19.9
2026-04-15 02:36:14,84.54,0.083,0.095,7.75,43.5,38.0,19.9
2026-04-15 02:36:14,84.48,0.083,0.1,7.45,44.6,40.4,19.8
2026-04-15 02:36:15,84.21,0.105,0.122,6.44,44.6,40.6,19.9
2026-04-15 02:36:15,83.8,0.087,0.11,6.75,44.6,39.0,19.9
2026-04-15 02:36:15,83.7,0.098,0.11,6.94,45.2,42.1,19.9
2026-04-15 02:36:15,83.27,0.086,0.109,6.45,45.2,32.8,19.9
2026-04-15 02:36:15,83.53,0.086,0.098,7.57,43.5,42.6,19.9
2026-04-15 02:36:15,82.48,0.085,0.099,7.5,43.0,40.4,19.9
2026-04-15 02:36:15,82.78,0.094,0.107,7.1,43.5,44.8,19.9
2026-04-15 02:36:16,80.99,0.087,0.109,6.28,44.1,30.0,19.8
2026-04-15 02:36:16,82.69,0.085,0.098,7.58,43.5,44.4,19.8
2026-04-15 02:36:16,0.0,0.094,0.108,7.04,43.0,35.8,19.8
2026-04-15 02:36:16,0.0,0.084,0.106,6.39,45.2,36.5,19.8
2026-04-15 02:36:16,0.0,0.086,0.102,7.35,44.6,38.9,19.8
2026-04-15 02:36:16,0.0,0.1,0.115,6.75,43.5,39.7,19.8
2026-04-15 02:36:16,0.0,0.1,0.123,6.02,45.8,38.8,19.8
2026-04-15 02:36:17,0.0,0.091,0.114,6.34,44.1,37.1,19.8
2026-04-15 02:36:17,0.0,0.089,0.112,6.08,43.5,32.8,19.9
2026-04-15 02:36:17,57.18,0.087,0.11,6.09,43.5,34.8,19.9
2026-04-15 02:36:17,83.11,0.101,0.113,6.68,45.2,45.6,19.9
2026-04-15 02:36:17,84.96,0.083,0.107,6.7,45.8,40.6,19.9
2026-04-15 02:36:17,84.6,0.088,0.102,7.37,45.2,42.6,20.0
2026-04-15 02:36:18,84.65,0.083,0.107,6.17,45.8,32.8,20.0
2026-04-15 02:36:18,84.35,0.083,0.097,7.52,45.8,44.6,20.0
2026-04-15 02:36:18,83.88,0.083,0.1,7.46,45.2,38.5,20.0
2026-04-15 02:36:18,83.5,0.084,0.099,7.53,45.2,34.7,20.0
2026-04-15 02:36:18,82.73,0.084,0.099,7.48,44.6,41.5,19.9
2026-04-15 02:36:18,82.94,0.104,0.12,6.51,45.8,42.9,19.9
2026-04-15 02:36:18,83.26,0.088,0.111,6.64,44.1,32.1,19.9
2026-04-15 02:36:19,83.84,0.129,0.149,4.82,44.6,36.9,19.9
2026-04-15 02:36:19,0.0,0.099,0.122,5.88,45.2,31.7,19.9
2026-04-15 02:36:19,0.0,0.104,0.124,5.83,44.6,38.2,19.9
2026-04-15 02:36:19,0.0,0.084,0.106,6.84,44.6,33.9,19.9
2026-04-15 02:36:19,0.0,0.082,0.098,7.59,44.6,41.5,19.9
2026-04-15 02:36:19,0.0,0.084,0.101,7.38,45.8,40.7,19.9
2026-04-15 02:36:19,0.0,0.086,0.102,7.39,45.2,36.5,19.9
2026-04-15 02:36:20,0.0,0.097,0.111,6.91,45.2,50.0,19.9
2026-04-15 02:36:20,0.0,0.093,0.116,6.16,44.1,32.8,19.9
2026-04-15 02:36:20,0.0,0.083,0.106,6.41,44.1,30.0,19.9
2026-04-15 02:36:20,0.0,0.082,0.1,7.44,45.2,44.8,19.8
2026-04-15 02:36:20,0.0,0.092,0.108,7.08,45.8,40.4,19.8
2026-04-15 02:36:20,0.0,0.09,0.114,6.09,44.6,33.8,19.8
2026-04-15 02:36:21,0.0,0.083,0.105,6.28,44.1,35.9,19.9
2026-04-15 02:36:21,0.0,0.084,0.105,7.21,46.3,37.7,19.8
2026-04-15 02:36:21,0.0,0.082,0.106,6.22,46.3,35.8,19.9
2026-04-15 02:36:21,0.0,0.084,0.1,7.48,44.6,36.0,19.8
2026-04-15 02:36:21,0.0,0.09,0.107,7.12,44.1,38.2,19.8
2026-04-15 02:36:21,0.0,0.083,0.107,6.27,46.3,33.9,19.8
2026-04-15 02:36:21,0.0,0.084,0.101,7.46,45.2,39.6,19.8
2026-04-15 02:36:22,0.0,0.083,0.098,7.6,45.8,41.8,19.8
2026-04-15 02:36:22,0.0,0.092,0.109,7.02,45.2,39.3,19.8
2026-04-15 02:36:22,0.0,0.083,0.103,6.35,46.3,35.9,19.8
2026-04-15 02:36:22,0.0,0.083,0.099,7.49,45.8,42.9,19.8
2026-04-15 02:36:22,0.0,0.099,0.116,6.69,46.3,41.4,19.8
2026-04-15 02:36:22,0.0,0.09,0.113,6.35,45.8,36.9,19.8
2026-04-15 02:36:22,0.0,0.092,0.112,5.92,45.2,32.8,19.8
2026-04-15 02:36:23,0.0,0.093,0.117,5.96,45.2,36.2,19.8
2026-04-15 02:36:23,0.0,0.083,0.106,6.42,44.6,34.9,19.8
2026-04-15 02:36:23,0.0,0.087,0.104,7.24,45.8,40.0,19.8
2026-04-15 02:36:23,0.0,0.087,0.1,7.47,45.8,44.6,19.8
2026-04-15 02:36:23,0.0,0.089,0.101,7.44,45.2,43.6,19.8
2026-04-15 02:36:23,0.0,0.084,0.107,6.19,45.8,32.8,19.8
2026-04-15 02:36:23,0.0,0.084,0.098,7.5,46.3,41.5,19.8
2026-04-15 02:36:24,0.0,0.082,0.098,7.6,45.2,42.6,19.8
2026-04-15 02:36:24,79.77,0.083,0.101,7.43,44.1,39.6,19.8
2026-04-15 02:36:24,81.11,0.083,0.1,7.46,45.8,38.9,19.8
2026-04-15 02:36:24,83.35,0.082,0.099,7.54,44.6,40.4,19.8
2026-04-15 02:36:24,84.02,0.083,0.099,7.51,45.8,38.5,19.8
2026-04-15 02:36:24,84.43,0.096,0.112,6.83,46.3,38.6,19.8
2026-04-15 02:36:24,84.39,0.085,0.109,6.4,46.9,31.6,19.8
2026-04-15 02:36:25,84.36,0.084,0.096,7.59,45.2,41.8,19.8
2026-04-15 02:36:25,84.49,0.091,0.106,7.06,45.8,47.3,19.8
2026-04-15 02:36:25,83.91,0.087,0.11,6.19,45.8,32.8,19.8
2026-04-15 02:36:25,84.13,0.083,0.094,7.78,45.8,40.0,19.8
2026-04-15 02:36:25,83.79,0.083,0.099,7.46,45.8,38.5,19.8
2026-04-15 02:36:25,83.26,0.083,0.099,7.52,46.3,42.9,19.8
2026-04-15 02:36:25,83.26,0.088,0.103,7.28,45.2,42.9,19.8
2026-04-15 02:36:26,83.07,0.094,0.116,5.78,45.8,36.6,19.8
2026-04-15 02:36:26,83.01,0.084,0.107,6.37,46.3,32.8,19.8
2026-04-15 02:36:26,83.35,0.083,0.095,7.6,46.3,42.6,19.8
2026-04-15 02:36:26,83.06,0.085,0.101,7.39,45.8,41.8,19.8
2026-04-15 02:36:26,83.86,0.093,0.108,7.03,45.8,39.7,19.8
2026-04-15 02:36:26,82.35,0.095,0.118,5.98,45.2,37.7,19.8
2026-04-15 02:36:26,83.12,0.088,0.111,6.27,45.8,32.8,19.9
2026-04-15 02:36:27,82.72,0.097,0.119,5.68,44.6,37.0,19.9
2026-04-15 02:36:27,82.05,0.087,0.11,6.42,45.8,36.5,19.9
2026-04-15 02:36:27,82.31,0.087,0.099,7.49,45.8,41.5,19.9
2026-04-15 02:36:27,82.85,0.102,0.114,6.74,46.3,40.0,20.0
2026-04-15 02:36:27,83.48,0.089,0.112,6.49,45.2,37.1,20.0
2026-04-15 02:36:27,82.56,0.087,0.11,6.08,44.6,32.3,20.0
2026-04-15 02:36:28,81.92,0.086,0.098,7.54,44.6,42.3,20.1
2026-04-15 02:36:28,80.97,0.086,0.1,7.4,44.6,42.6,20.1
2026-04-15 02:36:28,80.0,0.086,0.097,7.59,44.6,41.8,20.1
2026-04-15 02:36:28,80.96,0.099,0.111,6.88,45.2,42.4,20.1
2026-04-15 02:36:28,80.83,0.101,0.125,5.9,46.3,38.2,20.0
2026-04-15 02:36:28,81.76,0.091,0.114,6.41,45.8,34.4,20.0
2026-04-15 02:36:28,80.25,0.102,0.125,5.62,45.8,37.5,20.0
2026-04-15 02:36:29,80.5,0.095,0.117,6.3,46.3,38.1,20.0
2026-04-15 02:36:29,81.54,0.098,0.121,5.88,45.8,37.7,20.0
2026-04-15 02:36:29,80.87,0.086,0.109,6.48,45.8,38.5,20.0
2026-04-15 02:36:29,81.21,0.082,0.096,7.61,45.8,39.2,20.0
2026-04-15 02:36:29,80.64,0.086,0.1,7.42,46.3,43.6,20.1
2026-04-15 02:36:29,81.45,0.085,0.1,7.47,46.3,40.7,20.1
2026-04-15 02:36:29,81.25,0.085,0.098,7.58,44.6,42.6,20.1
2026-04-15 02:36:30,79.96,0.099,0.113,6.74,46.3,39.3,20.0
2026-04-15 02:36:30,81.11,0.099,0.122,6.03,46.3,34.4,20.1
2026-04-15 02:36:30,81.64,0.083,0.106,6.63,46.3,35.0,20.0
2026-04-15 02:36:30,80.95,0.083,0.099,7.53,46.3,43.4,20.0
2026-04-15 02:36:30,80.34,0.085,0.101,7.39,46.3,40.7,20.0
2026-04-15 02:36:30,80.85,0.092,0.109,7.02,46.3,41.1,20.0
2026-04-15 02:36:31,81.5,0.091,0.114,6.12,46.3,31.7,20.0
2026-04-15 02:36:31,81.21,0.092,0.115,5.95,46.3,36.2,20.0
2026-04-15 02:36:31,80.46,0.087,0.11,6.18,46.9,30.6,20.0
2026-04-15 02:36:31,81.18,0.085,0.097,7.64,46.9,39.2,20.0
2026-04-15 02:36:31,82.12,0.091,0.105,7.19,44.6,38.5,20.0
2026-04-15 02:36:31,81.56,0.098,0.121,5.76,46.3,37.1,20.0
2026-04-15 02:36:31,81.5,0.103,0.126,5.81,44.6,37.3,20.0
2026-04-15 02:36:32,81.41,0.089,0.111,6.58,46.9,39.7,20.0
2026-04-15 02:36:32,81.14,0.087,0.11,6.08,46.3,36.8,20.1
2026-04-15 02:36:32,81.26,0.086,0.098,7.55,46.3,41.5,20.1
2026-04-15 02:36:32,81.57,0.087,0.1,7.45,46.3,38.0,20.1
2026-04-15 02:36:32,81.17,0.088,0.098,7.46,46.3,49.1,20.1
2026-04-15 02:36:32,81.19,0.087,0.111,6.0,45.8,31.3,20.1
2026-04-15 02:36:33,81.68,0.1,0.123,5.59,44.6,32.9,20.1
2026-04-15 02:36:33,82.32,0.087,0.11,6.49,46.3,39.1,20.2
2026-04-15 02:36:33,81.63,0.086,0.109,6.06,46.3,30.2,20.2
2026-04-15 02:36:33,81.23,0.083,0.097,7.64,46.3,39.2,20.2
2026-04-15 02:36:33,81.54,0.091,0.109,7.01,46.3,41.1,20.2
2026-04-15 02:36:33,81.43,0.083,0.107,6.37,45.2,35.5,20.2
2026-04-15 02:36:33,82.14,0.084,0.099,7.49,46.3,36.5,20.2
2026-04-15 02:36:34,81.48,0.091,0.107,7.09,46.9,39.6,20.1
2026-04-15 02:36:34,81.21,0.09,0.113,6.06,45.2,35.8,20.2
2026-04-15 02:36:34,80.98,0.121,0.144,5.05,46.3,41.0,20.2
2026-04-15 02:36:34,81.5,0.101,0.124,5.55,46.3,35.7,20.1
2026-04-15 02:36:34,81.61,0.086,0.109,6.62,45.2,36.1,20.1
2026-04-15 02:36:34,82.37,0.087,0.101,7.42,46.3,40.7,20.1
2026-04-15 02:36:35,82.51,0.111,0.123,6.38,46.9,36.2,20.1
2026-04-15 02:36:35,82.12,0.107,0.129,6.13,45.2,41.0,20.1
2026-04-15 02:36:35,82.45,0.114,0.137,5.77,46.3,36.8,20.1
2026-04-15 02:36:35,81.89,0.118,0.135,5.86,46.9,38.8,20.1
2026-04-15 02:36:35,81.33,0.102,0.115,6.62,45.8,40.3,20.1
2026-04-15 02:36:35,81.57,0.095,0.117,6.3,45.8,36.5,20.1
2026-04-15 02:36:36,81.96,0.086,0.109,6.34,46.3,35.9,20.1
2026-04-15 02:36:36,82.04,0.091,0.103,7.22,45.2,43.6,20.1
2026-04-15 02:36:36,80.64,0.086,0.109,6.17,45.8,33.3,20.1
2026-04-15 02:36:36,82.26,0.086,0.1,7.47,46.3,37.7,20.1
2026-04-15 02:36:36,81.9,0.083,0.106,6.14,46.3,33.8,20.1
2026-04-15 02:36:36,82.36,0.088,0.104,7.23,45.2,37.7,20.2
2026-04-15 02:36:36,82.01,0.084,0.107,6.14,46.3,33.8,20.2
2026-04-15 02:36:37,83.39,0.089,0.103,7.27,46.9,38.9,20.2
2026-04-15 02:36:37,81.86,0.084,0.107,6.17,46.3,37.3,20.2
2026-04-15 02:36:37,82.15,0.086,0.104,7.28,46.3,36.5,20.2
2026-04-15 02:36:37,82.69,0.101,0.111,6.86,46.9,41.4,20.2
2026-04-15 02:36:37,82.49,0.097,0.12,6.13,46.9,38.5,20.3
2026-04-15 02:36:37,81.82,0.086,0.109,6.44,45.8,36.1,20.3
2026-04-15 02:36:37,82.42,0.089,0.102,7.32,46.3,39.6,20.3
2026-04-15 02:36:38,82.49,0.092,0.116,5.85,45.8,36.2,20.3
2026-04-15 02:36:38,81.88,0.095,0.118,5.95,46.9,35.3,20.3
2026-04-15 02:36:38,82.09,0.088,0.111,6.26,45.8,33.9,20.2
2026-04-15 02:36:38,81.87,0.12,0.141,5.05,46.3,34.6,20.2
2026-04-15 02:36:38,82.58,0.085,0.097,7.61,45.8,46.4,20.1
2026-04-15 02:36:38,82.13,0.087,0.102,7.32,45.8,40.7,20.1
2026-04-15 02:36:39,82.78,0.086,0.109,6.09,45.8,34.8,20.1
2026-04-15 02:36:39,82.64,0.096,0.11,6.95,46.9,41.4,20.0
2026-04-15 02:36:39,82.38,0.091,0.114,6.19,46.9,31.0,20.0
2026-04-15 02:36:39,81.4,0.108,0.131,5.46,45.2,40.3,20.0
2026-04-15 02:36:39,82.67,0.087,0.11,6.88,46.3,34.5,19.9
2026-04-15 02:36:39,82.35,0.096,0.109,7.0,45.8,43.1,19.9
2026-04-15 02:36:40,82.62,0.089,0.113,6.24,47.4,35.5,19.9
2026-04-15 02:36:40,82.74,0.095,0.118,5.82,45.8,34.3,19.9
2026-04-15 02:36:40,82.9,0.086,0.111,6.3,46.9,35.9,19.9
2026-04-15 02:36:40,82.38,0.089,0.101,7.43,45.8,39.2,19.9
2026-04-15 02:36:40,82.58,0.092,0.115,5.89,45.8,35.7,19.9
2026-04-15 02:36:40,81.59,0.097,0.12,5.82,46.9,30.8,19.9
2026-04-15 02:36:40,82.31,0.094,0.117,6.1,46.9,33.9,19.9
2026-04-15 02:36:41,82.1,0.091,0.115,6.06,46.9,35.4,19.9
2026-04-15 02:36:41,81.83,0.087,0.11,6.22,46.9,40.6,19.9
2026-04-15 02:36:41,81.23,0.09,0.102,7.34,45.8,40.7,19.9
2026-04-15 02:36:41,82.2,0.104,0.127,5.53,46.3,36.0,19.9
2026-04-15 02:36:41,82.51,0.088,0.111,6.66,47.4,37.7,19.8
2026-04-15 02:36:41,82.37,0.091,0.113,5.9,46.9,34.3,19.9
2026-04-15 02:36:42,81.93,0.087,0.111,6.12,46.9,33.8,19.9
2026-04-15 02:36:42,82.38,0.093,0.104,7.21,46.9,38.9,19.9
2026-04-15 02:36:42,82.12,0.087,0.108,6.24,46.3,35.4,19.9
2026-04-15 02:36:42,82.12,0.086,0.098,7.54,48.5,40.4,19.8
2026-04-15 02:36:42,82.08,0.085,0.098,7.53,46.9,45.3,19.9
2026-04-15 02:36:42,81.97,0.097,0.11,6.94,47.4,44.3,19.9
2026-04-15 02:36:42,82.54,0.094,0.117,6.08,47.4,36.4,19.9
2026-04-15 02:36:43,82.24,0.109,0.132,5.53,46.3,34.7,19.9
2026-04-15 02:36:43,82.39,0.085,0.108,7.0,46.3,37.9,20.0
2026-04-15 02:36:43,82.59,0.109,0.123,6.37,46.9,36.2,20.0
2026-04-15 02:36:43,82.09,0.09,0.114,6.68,46.3,37.9,20.1
2026-04-15 02:36:43,81.85,0.086,0.109,6.24,46.9,33.3,20.1
2026-04-15 02:36:43,82.71,0.086,0.099,7.5,46.9,44.6,20.1
2026-04-15 02:36:44,82.75,0.092,0.104,7.2,45.8,41.1,20.2
2026-04-15 02:36:44,82.65,0.083,0.105,6.34,46.3,35.5,20.2
2026-04-15 02:36:44,83.11,0.088,0.105,7.22,46.9,41.4,20.2
2026-04-15 02:36:44,82.34,0.086,0.109,6.07,46.9,38.2,20.1
2026-04-15 02:36:44,81.89,0.094,0.108,6.97,46.3,38.2,20.1
2026-04-15 02:36:44,81.89,0.087,0.108,6.33,45.2,37.5,20.1
2026-04-15 02:36:44,81.74,0.088,0.1,7.49,46.3,38.5,20.1
2026-04-15 02:36:45,82.98,0.087,0.11,6.04,45.2,35.8,20.1
2026-04-15 02:36:45,81.69,0.086,0.098,7.54,46.9,46.3,20.1
2026-04-15 02:36:45,82.07,0.091,0.104,7.23,46.3,39.3,20.1
2026-04-15 02:36:45,81.85,0.09,0.113,6.05,47.4,30.6,20.0
2026-04-15 02:36:45,82.66,0.089,0.113,6.02,46.3,34.3,20.1
2026-04-15 02:36:45,81.94,0.087,0.11,6.1,46.9,33.8,20.1
2026-04-15 02:36:46,81.72,0.084,0.096,7.66,46.9,43.6,20.1
2026-04-15 02:36:46,81.57,0.097,0.112,6.83,47.4,44.1,20.1
2026-04-15 02:36:46,81.22,0.113,0.136,5.47,46.9,32.4,20.0
2026-04-15 02:36:46,81.48,0.093,0.112,6.83,47.4,39.7,20.1
2026-04-15 02:36:46,81.83,0.086,0.109,6.28,48.5,37.9,20.1
2026-04-15 02:36:46,81.84,0.085,0.098,7.54,48.0,45.6,20.1
2026-04-15 02:36:46,81.35,0.089,0.103,7.29,46.3,42.9,20.1
2026-04-15 02:36:47,81.3,0.103,0.125,5.55,47.4,35.2,20.1
2026-04-15 02:36:47,82.28,0.091,0.114,6.44,46.9,37.5,20.1
2026-04-15 02:36:47,81.8,0.087,0.109,6.16,46.9,36.4,20.1
2026-04-15 02:36:47,81.64,0.105,0.128,5.41,46.9,37.0,20.1
2026-04-15 02:36:47,81.78,0.09,0.113,6.6,46.3,36.7,20.2
2026-04-15 02:36:47,81.84,0.089,0.112,6.04,46.9,34.3,20.1
2026-04-15 02:36:48,82.11,0.094,0.116,5.86,46.9,33.8,20.1
2026-04-15 02:36:48,81.95,0.105,0.128,5.61,47.4,35.2,20.1
2026-04-15 02:36:48,81.9,0.087,0.109,6.72,48.0,37.3,20.1
2026-04-15 02:36:48,82.09,0.087,0.1,7.49,46.9,41.5,20.0
2026-04-15 02:36:48,82.2,0.087,0.108,6.03,46.3,32.3,20.0
2026-04-15 02:36:48,81.91,0.087,0.1,7.46,46.3,37.3,20.0
2026-04-15 02:36:49,81.8,0.091,0.114,5.88,47.4,27.0,20.0
2026-04-15 02:36:49,82.19,0.089,0.112,6.1,47.4,35.4,20.0
2026-04-15 02:36:49,82.2,0.088,0.112,6.0,46.9,35.7,20.0
2026-04-15 02:36:49,82.19,0.087,0.11,6.06,47.4,31.7,19.9
2026-04-15 02:36:49,81.98,0.088,0.099,7.47,46.9,34.7,19.9
2026-04-15 02:36:49,81.71,0.098,0.121,5.65,47.4,33.8,19.9
2026-04-15 02:36:49,81.82,0.094,0.117,6.14,46.9,40.6,19.9
2026-04-15 02:36:50,81.62,0.109,0.131,5.51,48.0,41.1,19.9
2026-04-15 02:36:50,81.07,0.089,0.112,6.82,47.4,41.7,19.9
2026-04-15 02:36:50,82.83,0.092,0.111,5.89,45.8,45.5,19.9
2026-04-15 02:36:50,81.63,0.087,0.11,6.2,47.4,30.6,19.9
2026-04-15 02:36:50,80.93,0.095,0.107,7.07,46.9,46.0,19.9
2026-04-15 02:36:50,81.73,0.087,0.115,6.14,46.9,33.3,19.9
2026-04-15 02:36:51,81.61,0.089,0.112,6.1,46.9,34.8,19.9
2026-04-15 02:36:51,82.29,0.087,0.11,6.07,47.4,32.8,19.9
2026-04-15 02:36:51,81.53,0.088,0.1,7.43,48.0,43.6,19.9
2026-04-15 02:36:51,82.37,0.106,0.129,5.38,47.4,34.2,19.9
2026-04-15 02:36:51,82.26,0.089,0.111,6.75,46.9,30.9,19.9
2026-04-15 02:36:51,82.12,0.087,0.11,6.07,46.9,32.3,19.9
2026-04-15 02:36:52,81.99,0.088,0.106,5.99,48.0,29.5,19.9
2026-04-15 02:36:52,0.0,0.088,0.111,5.94,47.4,32.8,19.9
2026-04-15 02:36:52,0.0,0.086,0.109,6.09,46.3,33.8,19.9
2026-04-15 02:36:52,0.0,0.087,0.1,7.45,47.4,39.2,19.9
2026-04-15 02:36:52,0.0,0.087,0.099,7.47,46.9,48.2,19.9
2026-04-15 02:36:52,0.0,0.086,0.098,7.57,46.3,39.6,19.9
2026-04-15 02:36:52,0.0,0.086,0.101,7.46,48.0,43.6,19.9
2026-04-15 02:36:53,0.0,0.086,0.109,6.03,47.4,35.8,19.9
2026-04-15 02:36:53,0.0,0.088,0.102,7.38,48.0,42.9,19.9
2026-04-15 02:36:53,0.0,0.087,0.11,6.06,48.5,33.8,19.9
2026-04-15 02:36:53,0.0,0.086,0.099,7.54,46.3,38.5,19.9
2026-04-15 02:36:53,0.0,0.094,0.107,7.08,49.6,40.7,19.9
2026-04-15 02:36:53,0.0,0.085,0.109,6.29,47.4,36.9,19.9
2026-04-15 02:36:53,0.0,0.086,0.097,7.63,46.9,34.7,19.9
2026-04-15 02:36:54,0.0,0.091,0.105,7.24,48.0,44.6,19.9
2026-04-15 02:36:54,0.0,0.09,0.112,6.02,48.0,32.8,19.9
2026-04-15 02:36:54,0.0,0.089,0.111,6.05,48.0,29.0,19.9
2026-04-15 02:36:54,0.0,0.085,0.097,7.68,47.4,39.2,19.9
2026-04-15 02:36:54,0.0,0.089,0.102,7.33,47.4,43.6,19.9
2026-04-15 02:36:54,0.0,0.086,0.108,6.11,48.0,31.7,19.9
2026-04-15 02:36:54,0.0,0.086,0.099,7.53,48.0,37.3,19.9
2026-04-15 02:36:55,0.0,0.101,0.114,6.74,48.5,44.3,19.9
2026-04-15 02:36:55,0.0,0.09,0.11,6.42,48.0,37.7,19.9
2026-04-15 02:36:55,0.0,0.092,0.116,5.89,47.4,34.3,19.9
2026-04-15 02:36:55,0.0,0.089,0.112,6.14,47.4,33.3,19.9
2026-04-15 02:36:55,0.0,0.095,0.118,5.8,47.4,34.3,19.9
2026-04-15 02:36:55,0.0,0.091,0.114,6.15,48.5,35.8,19.9
2026-04-15 02:36:56,0.0,0.093,0.117,5.88,46.9,35.8,20.0
2026-04-15 02:36:56,0.0,0.088,0.111,6.21,48.0,34.9,20.0
2026-04-15 02:36:56,77.48,0.09,0.114,5.92,46.9,33.3,20.0
2026-04-15 02:36:56,80.78,0.088,0.111,6.06,48.0,34.3,20.0
2026-04-15 02:36:56,81.69,0.088,0.111,6.02,47.4,37.1,20.0
2026-04-15 02:36:56,83.82,0.087,0.109,6.06,47.4,33.8,20.0
2026-04-15 02:36:57,83.76,0.087,0.099,7.46,49.0,43.6,20.0
2026-04-15 02:36:57,84.3,0.089,0.101,7.42,49.0,45.6,20.0
2026-04-15 02:36:57,83.51,0.087,0.11,6.07,48.0,30.2,20.0
2026-04-15 02:36:57,82.11,0.086,0.098,7.57,48.0,42.6,20.0
2026-04-15 02:36:57,80.61,0.09,0.103,7.22,47.4,44.6,20.1
2026-04-15 02:36:57,81.04,0.089,0.112,6.05,48.0,33.8,20.1
2026-04-15 02:36:58,81.24,0.087,0.11,6.11,46.9,33.8,20.1
2026-04-15 02:36:58,78.37,0.086,0.096,7.62,48.5,38.8,20.2
2026-04-15 02:36:58,78.7,0.093,0.107,7.08,48.0,44.1,20.2
2026-04-15 02:36:58,77.68,0.089,0.11,6.16,48.5,33.3,20.2
2026-04-15 02:36:58,78.15,0.09,0.113,5.96,48.5,34.8,20.3
2026-04-15 02:36:58,78.26,0.091,0.115,5.94,48.5,33.8,20.3
2026-04-15 02:36:58,77.56,0.085,0.108,6.27,47.4,34.9,20.3
2026-04-15 02:36:59,77.45,0.086,0.1,7.48,47.4,40.7,20.3
2026-04-15 02:36:59,76.45,0.092,0.105,7.19,48.0,39.6,20.3
2026-04-15 02:36:59,77.68,0.091,0.114,6.03,48.5,35.8,20.3
2026-04-15 02:36:59,79.32,0.087,0.11,6.12,46.9,33.8,20.4
2026-04-15 02:36:59,78.75,0.086,0.098,7.51,47.4,39.6,20.4
2026-04-15 02:36:59,78.94,0.094,0.106,7.13,48.0,44.8,20.4
2026-04-15 02:36:59,76.04,0.111,0.134,5.45,46.9,41.3,20.4
2026-04-15 02:37:00,76.85,0.094,0.115,6.69,48.5,40.4,20.4
2026-04-15 02:37:00,77.29,0.089,0.111,6.19,46.9,38.8,20.4
2026-04-15 02:37:00,78.61,0.088,0.111,6.03,47.4,33.8,20.3
2026-04-15 02:37:00,77.12,0.095,0.117,5.77,48.5,33.3,20.3
2026-04-15 02:37:00,76.87,0.088,0.111,6.27,48.5,36.9,20.3
2026-04-15 02:37:00,77.26,0.085,0.108,6.09,48.5,35.3,20.3
2026-04-15 02:37:01,77.96,0.086,0.102,7.36,47.4,41.5,20.3
2026-04-15 02:37:01,77.34,0.106,0.128,5.43,48.0,32.4,20.3
2026-04-15 02:37:01,77.29,0.084,0.107,6.88,49.0,36.2,20.3
2026-04-15 02:37:01,77.57,0.097,0.111,6.85,48.5,35.2,20.3
2026-04-15 02:37:01,76.36,0.087,0.11,6.38,48.5,38.5,20.3
2026-04-15 02:37:01,78.43,0.086,0.097,7.61,49.6,38.5,20.3
2026-04-15 02:37:01,78.61,0.084,0.098,7.55,48.0,38.0,20.4
2026-04-15 02:37:02,78.6,0.093,0.108,7.06,49.0,41.8,20.4
2026-04-15 02:37:02,77.29,0.087,0.109,6.21,47.4,34.8,20.4
2026-04-15 02:37:02,77.2,0.089,0.101,7.43,49.0,43.6,20.4
2026-04-15 02:37:02,76.52,0.09,0.113,5.95,48.5,40.6,20.4
2026-04-15 02:37:02,75.8,0.1,0.123,5.69,49.0,31.3,20.4
2026-04-15 02:37:02,77.3,0.099,0.122,6.02,47.4,35.4,20.4
2026-04-15 02:37:03,78.42,0.097,0.12,6.08,49.6,36.4,20.4
2026-04-15 02:37:03,75.85,0.096,0.119,6.02,47.4,36.4,20.4
2026-04-15 02:37:03,75.97,0.092,0.115,6.17,48.0,37.9,20.3
2026-04-15 02:37:03,78.42,0.1,0.122,5.72,48.0,31.3,20.3
2026-04-15 02:37:03,76.89,0.087,0.11,6.53,49.0,35.6,20.4
2026-04-15 02:37:03,79.1,0.115,0.128,6.18,48.5,39.1,20.4
2026-04-15 02:37:04,78.06,0.085,0.103,7.32,48.5,41.8,20.4
2026-04-15 02:37:04,78.77,0.1,0.114,6.75,49.0,38.6,20.4
2026-04-15 02:37:04,79.03,0.087,0.11,6.54,49.0,31.6,20.4
2026-04-15 02:37:04,79.48,0.084,0.096,7.66,49.0,46.4,20.4
2026-04-15 02:37:04,78.87,0.089,0.106,7.14,48.0,39.3,20.5
2026-04-15 02:37:04,77.79,0.094,0.118,5.83,47.4,36.6,20.4
2026-04-15 02:37:04,78.37,0.085,0.108,6.42,48.5,33.9,20.4
2026-04-15 02:37:05,78.55,0.105,0.118,6.5,47.4,42.4,20.4
2026-04-15 02:37:05,78.59,0.089,0.112,6.63,46.3,39.7,20.4
2026-04-15 02:37:05,79.34,0.087,0.11,6.11,48.5,35.8,20.5
2026-04-15 02:37:05,79.38,0.086,0.098,7.56,49.0,38.5,20.4
2026-04-15 02:37:05,79.52,0.087,0.1,7.44,48.5,41.2,20.4
2026-04-15 02:37:05,79.06,0.089,0.101,7.41,48.5,43.6,20.4
2026-04-15 02:37:05,78.91,0.086,0.109,6.09,48.5,32.3,20.4
2026-04-15 02:37:06,79.13,0.085,0.098,7.59,48.5,39.2,20.4
2026-04-15 02:37:06,78.12,0.087,0.101,7.39,47.4,45.5,20.4
2026-04-15 02:37:06,77.98,0.092,0.104,7.25,48.5,34.0,20.4
2026-04-15 02:37:06,78.26,0.084,0.108,6.28,49.0,31.7,20.3
2026-04-15 02:37:06,78.52,0.086,0.1,7.41,48.0,40.7,20.3
2026-04-15 02:37:06,77.15,0.085,0.098,7.55,49.0,43.6,20.3
2026-04-15 02:37:06,77.74,0.086,0.099,7.44,49.0,43.6,20.3
2026-04-15 02:37:07,79.17,0.095,0.108,7.02,48.5,38.9,20.3
2026-04-15 02:37:07,76.27,0.105,0.13,5.61,48.5,31.3,20.3
2026-04-15 02:37:07,77.57,0.086,0.109,6.88,48.0,38.3,20.3
2026-04-15 02:37:07,77.1,0.107,0.12,6.48,48.5,43.3,20.3
2026-04-15 02:37:07,77.87,0.087,0.11,6.82,49.6,33.9,20.4
2026-04-15 02:37:07,77.57,0.085,0.096,7.65,49.6,41.2,20.4
2026-04-15 02:37:08,77.55,0.119,0.133,5.96,50.1,40.0,20.4
2026-04-15 02:37:08,77.8,0.085,0.099,7.54,48.5,42.9,20.4
2026-04-15 02:37:08,78.48,0.09,0.103,7.25,49.6,42.6,20.4
2026-04-15 02:37:08,78.12,0.087,0.11,6.11,49.0,36.4,20.3
2026-04-15 02:37:08,79.32,0.095,0.107,7.02,48.5,38.2,20.3
2026-04-15 02:37:08,78.74,0.087,0.11,6.34,48.0,36.5,20.3
2026-04-15 02:37:08,78.31,0.089,0.101,7.39,49.0,43.1,20.3
2026-04-15 02:37:09,78.71,0.087,0.109,6.1,48.0,33.8,20.3
2026-04-15 02:37:09,78.17,0.088,0.103,7.3,49.6,40.7,20.3
2026-04-15 02:37:09,76.63,0.087,0.111,6.09,48.5,39.4,20.3
2026-04-15 02:37:09,77.97,0.087,0.11,6.02,49.0,36.4,20.2
2026-04-15 02:37:09,77.32,0.087,0.099,7.54,48.5,42.6,20.2
2026-04-15 02:37:09,77.88,0.1,0.112,6.76,49.0,38.6,20.1
2026-04-15 02:37:09,77.87,0.094,0.117,6.27,49.0,36.5,20.1
2026-04-15 02:37:10,76.55,0.117,0.141,5.26,49.0,39.5,20.1
2026-04-15 02:37:10,77.15,0.088,0.103,7.28,49.0,38.5,20.1
2026-04-15 02:37:10,77.16,0.087,0.11,6.06,49.6,34.8,20.1
2026-04-15 02:37:10,79.12,0.089,0.102,7.35,48.0,44.6,20.0
2026-04-15 02:37:10,77.3,0.087,0.11,6.1,49.0,31.7,20.0
2026-04-15 02:37:10,76.9,0.087,0.1,7.43,48.5,41.5,20.1
2026-04-15 02:37:11,77.43,0.087,0.11,6.05,49.0,36.8,20.0
2026-04-15 02:37:11,77.34,0.088,0.102,7.28,49.0,38.5,20.1
2026-04-15 02:37:11,74.33,0.084,0.107,6.25,48.5,34.9,20.1
2026-04-15 02:37:11,75.0,0.089,0.104,7.25,48.5,42.1,20.1
2026-04-15 02:37:11,75.34,0.093,0.117,5.83,49.0,35.7,20.0
2026-04-15 02:37:11,76.55,0.103,0.126,5.69,49.0,33.3,20.0
2026-04-15 02:37:12,76.22,0.095,0.118,6.32,49.0,37.5,20.0
2026-04-15 02:37:12,77.12,0.087,0.108,6.29,49.6,35.9,20.0
2026-04-15 02:37:12,78.09,0.09,0.102,7.33,50.1,42.6,20.0
2026-04-15 02:37:12,78.7,0.095,0.117,5.85,49.6,28.6,20.0
2026-04-15 02:37:12,78.66,0.095,0.118,5.99,49.0,39.1,20.0
2026-04-15 02:37:12,78.54,0.086,0.109,6.36,49.6,30.5,20.0
2026-04-15 02:37:12,78.24,0.085,0.099,7.52,49.6,41.5,20.0
2026-04-15 02:37:13,77.7,0.088,0.101,7.38,48.0,41.5,20.0
2026-04-15 02:37:13,78.7,0.106,0.118,6.59,49.6,38.2,20.0
2026-04-15 02:37:13,78.73,0.089,0.112,6.7,48.0,38.3,20.0
2026-04-15 02:37:13,79.06,0.091,0.111,5.94,49.6,37.7,20.0
2026-04-15 02:37:13,79.45,0.095,0.117,5.85,49.6,37.1,20.0
2026-04-15 02:37:13,79.52,0.092,0.115,6.1,50.1,34.4,20.0
2026-04-15 02:37:14,80.02,0.084,0.107,6.32,49.6,34.4,20.1
2026-04-15 02:37:14,79.97,0.084,0.1,7.5,49.0,40.7,20.1
2026-04-15 02:37:14,79.01,0.102,0.117,6.62,50.1,40.7,20.1
2026-04-15 02:37:14,78.35,0.083,0.105,6.75,50.1,36.2,20.2
2026-04-15 02:37:14,78.16,0.082,0.096,7.59,49.6,38.0,20.2
2026-04-15 02:37:14,79.13,0.083,0.101,7.43,50.1,42.1,20.2
2026-04-15 02:37:14,80.75,0.111,0.128,6.16,50.1,41.0,20.2
2026-04-15 02:37:15,78.79,0.083,0.103,7.28,50.1,37.5,20.2
2026-04-15 02:37:15,78.64,0.108,0.126,6.26,50.1,43.5,20.2
2026-04-15 02:37:15,78.51,0.084,0.107,7.09,48.5,35.2,20.2
2026-04-15 02:37:15,79.07,0.09,0.105,7.2,49.0,42.9,20.2
2026-04-15 02:37:15,80.03,0.087,0.109,6.12,49.0,32.3,20.2
2026-04-15 02:37:15,79.7,0.084,0.096,7.66,48.5,42.6,20.2
2026-04-15 02:37:15,79.94,0.086,0.102,7.36,50.1,38.5,20.2
2026-04-15 02:37:16,79.99,0.098,0.111,6.88,49.6,40.4,20.2
2026-04-15 02:37:16,79.89,0.087,0.109,6.4,50.1,37.7,20.2
2026-04-15 02:37:16,80.27,0.082,0.107,6.13,49.6,31.7,20.2
2026-04-15 02:37:16,79.44,0.082,0.097,7.64,49.0,42.6,20.2
2026-04-15 02:37:16,79.26,0.086,0.102,7.33,49.0,41.5,20.1
2026-04-15 02:37:16,79.35,0.082,0.096,7.71,50.1,40.4,20.2
2026-04-15 02:37:16,80.3,0.082,0.098,7.48,50.1,39.6,20.2
2026-04-15 02:37:17,81.44,0.093,0.11,6.95,50.1,39.7,20.2
2026-04-15 02:37:17,80.7,0.092,0.115,6.04,49.0,34.8,20.2
2026-04-15 02:37:17,80.02,0.096,0.119,5.87,50.7,30.8,20.2
2026-04-15 02:37:17,81.06,0.09,0.111,6.22,49.6,32.3,20.1
2026-04-15 02:37:17,79.82,0.09,0.112,5.98,49.0,37.3,20.1
2026-04-15 02:37:17,79.6,0.086,0.109,6.15,50.1,34.4,20.1
2026-04-15 02:37:17,80.06,0.094,0.106,7.08,50.1,38.9,20.1
2026-04-15 02:37:18,80.2,0.085,0.108,6.36,50.1,38.5,20.1
2026-04-15 02:37:18,80.94,0.087,0.102,7.36,49.0,41.8,20.2
2026-04-15 02:37:18,80.88,0.086,0.109,6.06,48.5,34.8,20.2
2026-04-15 02:37:18,78.96,0.089,0.102,7.33,50.1,41.8,20.2
2026-04-15 02:37:18,80.15,0.09,0.113,5.94,49.0,36.2,20.3
2026-04-15 02:37:18,80.76,0.086,0.109,6.19,50.1,31.7,20.3
2026-04-15 02:37:19,80.54,0.084,0.097,7.58,50.1,44.6,20.3
2026-04-15 02:37:19,80.72,0.088,0.101,7.28,49.6,42.9,20.4
2026-04-15 02:37:19,79.84,0.105,0.129,5.45,50.7,34.7,20.4
2026-04-15 02:37:19,80.38,0.089,0.112,6.69,49.6,37.7,20.4
2026-04-15 02:37:19,80.79,0.085,0.108,6.13,49.6,31.7,20.4
2026-04-15 02:37:19,80.31,0.085,0.101,7.4,49.0,41.8,20.4
2026-04-15 02:37:19,81.07,0.087,0.099,7.49,49.0,41.5,20.4
2026-04-15 02:37:20,79.58,0.086,0.099,7.52,49.0,42.3,20.4
2026-04-15 02:37:20,79.63,0.088,0.099,7.41,50.1,42.0,20.4
2026-04-15 02:37:20,79.3,0.105,0.129,5.44,49.6,37.8,20.4
2026-04-15 02:37:20,80.08,0.093,0.116,6.48,49.0,35.0,20.4
2026-04-15 02:37:20,80.89,0.09,0.113,6.11,50.1,32.8,20.4
2026-04-15 02:37:20,81.04,0.085,0.108,6.22,50.1,37.3,20.4
2026-04-15 02:37:21,80.19,0.082,0.097,7.62,49.0,40.4,20.4
2026-04-15 02:37:21,81.37,0.092,0.109,6.99,49.6,37.5,20.5
2026-04-15 02:37:21,81.16,0.086,0.109,6.23,50.1,38.1,20.5
2026-04-15 02:37:21,81.53,0.085,0.098,7.58,49.0,37.3,20.5
2026-04-15 02:37:21,81.86,0.086,0.099,7.45,50.7,39.2,20.4
2026-04-15 02:37:21,82.38,0.082,0.095,7.73,49.0,40.0,20.4
2026-04-15 02:37:21,82.8,0.085,0.102,7.33,50.7,41.8,20.4
2026-04-15 02:37:21,81.79,0.087,0.101,7.38,50.7,40.4,20.4
2026-04-15 02:37:22,77.85,0.083,0.095,7.77,50.7,40.4,20.4
2026-04-15 02:37:22,74.78,0.083,0.099,7.5,50.1,36.7,20.4
2026-04-15 02:37:22,79.24,0.089,0.106,7.17,50.7,36.5,20.3
2026-04-15 02:37:22,80.29,0.101,0.111,6.89,50.7,41.4,20.3
2026-04-15 02:37:22,80.08,0.088,0.109,6.52,51.8,39.7,20.3
2026-04-15 02:37:22,79.2,0.093,0.116,5.8,49.6,34.3,20.3
2026-04-15 02:37:23,79.48,0.082,0.105,6.44,49.6,36.5,20.3
2026-04-15 02:37:23,78.29,0.082,0.099,7.5,50.7,39.6,20.2
2026-04-15 02:37:23,78.59,0.1,0.118,6.59,50.7,36.8,20.2
2026-04-15 02:37:23,75.78,0.102,0.125,5.96,50.1,35.4,20.2
2026-04-15 02:37:23,73.41,0.091,0.114,6.41,50.7,36.7,20.2
2026-04-15 02:37:23,75.67,0.119,0.142,5.15,49.0,33.8,20.2
2026-04-15 02:37:23,77.63,0.085,0.098,7.56,49.6,37.3,20.2
2026-04-15 02:37:24,77.83,0.106,0.121,6.46,50.1,40.7,20.2
2026-04-15 02:37:24,77.49,0.087,0.11,6.78,50.1,37.7,20.2
2026-04-15 02:37:24,78.68,0.092,0.099,7.24,51.2,40.7,20.2
2026-04-15 02:37:24,78.58,0.088,0.111,6.13,50.1,34.4,20.2
2026-04-15 02:37:24,80.3,0.083,0.106,6.21,50.7,33.8,20.2
2026-04-15 02:37:24,80.55,0.082,0.098,7.54,49.0,45.6,20.2
2026-04-15 02:37:24,80.06,0.085,0.102,7.36,50.7,40.7,20.2
2026-04-15 02:37:25,78.87,0.086,0.098,7.44,50.7,42.6,20.2
2026-04-15 02:37:25,78.97,0.119,0.131,6.03,49.6,46.4,20.2
2026-04-15 02:37:25,77.96,0.09,0.105,7.22,50.7,34.0,20.2
2026-04-15 02:37:25,78.56,0.093,0.117,5.86,50.1,34.8,20.1
2026-04-15 02:37:25,78.63,0.088,0.111,6.24,49.0,36.9,20.2
2026-04-15 02:37:25,79.37,0.085,0.108,6.11,50.1,33.8,20.2
2026-04-15 02:37:26,78.87,0.308,0.328,2.76,52.4,84.7,20.2
2026-04-15 02:37:26,79.47,0.102,0.121,6.46,50.1,52.4,20.2
2026-04-15 02:37:26,80.64,0.085,0.108,6.73,50.7,37.7,20.2
2026-04-15 02:37:26,80.85,0.106,0.12,6.45,50.7,35.1,20.3
2026-04-15 02:37:26,81.15,0.092,0.115,6.55,50.7,36.7,20.3
2026-04-15 02:37:27,81.37,0.089,0.112,6.14,49.6,31.7,20.3
2026-04-15 02:37:27,81.38,0.087,0.11,6.06,50.1,32.3,20.3
2026-04-15 02:37:27,80.95,0.089,0.101,7.41,49.6,39.6,20.3
2026-04-15 02:37:27,0.0,0.088,0.113,5.97,50.7,34.8,20.2
2026-04-15 02:37:27,0.0,0.087,0.11,6.05,50.7,35.4,20.2
2026-04-15 02:37:27,0.0,0.086,0.097,7.59,50.1,39.2,20.2
2026-04-15 02:37:27,0.0,0.093,0.107,7.11,50.1,42.9,20.2
2026-04-15 02:37:28,0.0,0.086,0.108,6.26,49.6,35.5,20.1
2026-04-15 02:37:28,0.0,0.086,0.1,7.51,50.7,36.5,20.1
2026-04-15 02:37:28,0.0,0.088,0.101,7.42,50.1,40.4,20.1
2026-04-15 02:37:28,0.0,0.087,0.102,7.36,50.7,42.6,20.0
2026-04-15 02:37:28,0.0,0.089,0.112,6.04,50.1,34.4,20.0
2026-04-15 02:37:28,0.0,0.091,0.114,5.93,49.0,36.8,20.1
2026-04-15 02:37:29,0.0,0.088,0.111,6.13,50.7,31.2,20.1
2026-04-15 02:37:29,0.0,0.099,0.111,6.89,49.6,44.4,20.0
2026-04-15 02:37:29,0.0,0.088,0.111,6.5,50.7,33.9,20.0
2026-04-15 02:37:29,0.0,0.12,0.132,6.05,50.7,42.6,20.0
2026-04-15 02:37:29,0.0,0.092,0.107,7.12,49.6,38.2,20.0
2026-04-15 02:37:29,77.14,0.086,0.109,6.24,50.7,35.4,20.0
2026-04-15 02:37:29,81.48,0.087,0.11,5.97,51.2,31.8,20.0
2026-04-15 02:37:30,82.13,0.087,0.098,7.54,51.2,38.8,20.0
2026-04-15 02:37:30,82.52,0.089,0.101,7.38,51.2,42.3,20.0
2026-04-15 02:37:30,83.52,0.087,0.11,6.07,49.6,34.8,20.0
2026-04-15 02:37:30,83.71,0.091,0.103,7.29,51.2,41.8,20.0
2026-04-15 02:37:30,83.4,0.087,0.111,6.12,51.8,34.8,20.0
2026-04-15 02:37:30,83.7,0.086,0.109,6.05,50.7,33.3,20.0
2026-04-15 02:37:30,83.38,0.088,0.101,7.39,50.1,42.6,20.0
2026-04-15 02:37:31,82.77,0.101,0.124,5.59,50.7,32.4,20.0
2026-04-15 02:37:31,82.81,0.099,0.122,6.05,51.2,34.4,20.0
2026-04-15 02:37:31,81.67,0.089,0.111,6.45,50.7,35.0,20.0
2026-04-15 02:37:31,82.13,0.1,0.12,5.62,50.1,34.7,20.0
2026-04-15 02:37:31,82.01,0.087,0.109,6.48,49.6,39.1,20.0
2026-04-15 02:37:31,82.07,0.088,0.111,5.99,50.1,34.3,20.0
2026-04-15 02:37:32,82.07,0.119,0.141,5.06,51.2,36.2,20.0
2026-04-15 02:37:32,0.0,0.094,0.105,7.09,51.2,43.1,20.0
2026-04-15 02:37:32,0.0,0.092,0.117,6.02,50.7,35.8,20.0
2026-04-15 02:37:32,0.0,0.093,0.12,5.82,51.2,36.4,20.0
2026-04-15 02:37:32,0.0,0.087,0.11,6.4,51.8,32.2,20.0
2026-04-15 02:37:32,0.0,0.088,0.1,7.45,50.7,40.7,20.0
2026-04-15 02:37:33,0.0,0.088,0.112,5.98,50.7,34.3,20.0
2026-04-15 02:37:33,0.0,0.089,0.112,5.99,49.6,31.3,20.0
2026-04-15 02:37:33,0.0,0.093,0.116,5.87,50.7,33.8,20.0
2026-04-15 02:37:33,0.0,0.09,0.112,6.12,50.7,39.7,20.0
2026-04-15 02:37:33,0.0,0.088,0.11,6.11,50.7,32.8,20.0
2026-04-15 02:37:33,0.0,0.097,0.11,6.95,50.1,42.4,20.0
2026-04-15 02:37:34,0.0,0.087,0.11,6.42,51.2,34.4,20.0
2026-04-15 02:37:34,0.0,0.102,0.115,6.67,50.7,42.9,20.0
2026-04-15 02:37:34,82.36,0.086,0.111,6.65,50.7,37.7,20.1
2026-04-15 02:37:34,80.82,0.093,0.114,5.78,51.8,35.3,20.1
2026-04-15 02:37:34,82.37,0.086,0.109,6.29,51.2,37.3,20.1
2026-04-15 02:37:34,83.23,0.083,0.097,7.64,52.4,40.4,20.1
2026-04-15 02:37:34,83.56,0.093,0.109,7.02,51.2,41.4,20.1
2026-04-15 02:37:35,83.42,0.117,0.14,5.24,51.2,40.0,20.2
2026-04-15 02:37:35,83.77,0.088,0.104,7.27,51.2,40.7,20.2
2026-04-15 02:37:35,83.11,0.116,0.138,5.15,50.7,38.2,20.3
2026-04-15 02:37:35,82.0,0.086,0.104,7.28,50.7,39.3,20.3
2026-04-15 02:37:35,82.52,0.093,0.105,7.18,49.6,36.5,20.3
2026-04-15 02:37:35,82.55,0.104,0.126,5.64,49.6,32.4,20.3
2026-04-15 02:37:36,81.72,0.087,0.109,6.67,51.2,36.7,20.4
2026-04-15 02:37:36,82.68,0.095,0.108,7.03,50.1,40.0,20.4
2026-04-15 02:37:36,81.83,0.091,0.113,6.22,50.7,37.3,20.4
2026-04-15 02:37:36,82.26,0.095,0.118,5.87,51.8,34.8,20.4
2026-04-15 02:37:36,81.33,0.086,0.112,6.23,51.8,31.1,20.4
2026-04-15 02:37:36,78.98,0.089,0.112,5.98,51.2,35.3,20.4
2026-04-15 02:37:37,77.81,0.088,0.111,6.06,51.8,35.3,20.4
2026-04-15 02:37:37,80.07,0.089,0.112,5.97,50.1,35.3,20.4
2026-04-15 02:37:37,79.25,0.091,0.114,5.91,50.7,33.3,20.3
2026-04-15 02:37:37,79.59,0.111,0.134,5.35,50.7,40.0,20.3
2026-04-15 02:37:37,78.5,0.089,0.111,6.89,51.8,40.0,20.3
2026-04-15 02:37:37,79.77,0.087,0.11,6.03,50.7,33.8,20.3
2026-04-15 02:37:38,81.03,0.086,0.109,6.11,50.1,38.6,20.3
2026-04-15 02:37:38,79.88,0.086,0.098,7.54,51.8,40.4,20.2
2026-04-15 02:37:38,80.31,0.083,0.097,7.63,50.7,42.3,20.3
2026-04-15 02:37:38,79.55,0.088,0.104,7.22,50.7,41.8,20.3
2026-04-15 02:37:38,80.99,0.092,0.115,5.9,52.4,33.8,20.2
2026-04-15 02:37:38,81.2,0.086,0.109,6.21,50.7,33.8,20.2
2026-04-15 02:37:38,79.24,0.085,0.098,7.55,51.8,40.4,20.2
2026-04-15 02:37:39,79.21,0.091,0.106,7.14,51.8,42.9,20.2
2026-04-15 02:37:39,79.73,0.086,0.108,6.25,51.2,35.9,20.2
2026-04-15 02:37:39,80.16,0.085,0.098,7.56,51.8,38.0,20.2
2026-04-15 02:37:39,81.17,0.088,0.103,7.26,50.1,40.7,20.2
2026-04-15 02:37:39,80.86,0.091,0.114,5.94,51.2,35.8,20.2
2026-04-15 02:37:39,83.13,0.085,0.108,6.21,51.2,31.7,20.2
2026-04-15 02:37:39,83.42,0.085,0.099,7.53,51.2,43.6,20.2
2026-04-15 02:37:40,51.03,0.092,0.106,7.14,50.1,45.5,20.2
2026-04-15 02:37:40,0.0,0.092,0.115,5.97,51.2,38.6,20.2
2026-04-15 02:37:40,0.0,0.086,0.109,6.19,50.7,34.4,20.2
2026-04-15 02:37:40,0.0,0.087,0.1,7.46,50.7,43.6,20.2
2026-04-15 02:37:40,0.0,0.085,0.097,7.63,51.8,42.3,20.2
2026-04-15 02:37:40,0.0,0.087,0.101,7.42,50.7,37.3,20.2
2026-04-15 02:37:40,0.0,0.084,0.096,7.64,51.2,41.5,20.2
2026-04-15 02:37:41,0.0,0.085,0.1,7.47,51.2,43.6,20.2
2026-04-15 02:37:41,0.0,0.087,0.102,7.37,51.2,43.6,20.2
2026-04-15 02:37:41,0.0,0.084,0.095,7.76,51.2,42.0,20.2
2026-04-15 02:37:41,0.0,0.089,0.105,7.22,51.8,47.5,20.2
2026-04-15 02:37:41,0.0,0.103,0.125,5.54,52.4,31.4,20.2
2026-04-15 02:37:41,80.84,0.088,0.112,6.56,51.8,35.6,20.2
2026-04-15 02:37:41,80.96,0.088,0.099,7.5,51.2,43.6,20.2
2026-04-15 02:37:42,81.3,0.089,0.112,5.95,51.8,34.3,20.2
2026-04-15 02:37:42,82.55,0.086,0.109,6.14,51.2,35.3,20.2
2026-04-15 02:37:42,84.43,0.086,0.098,7.5,51.8,42.6,20.2
2026-04-15 02:37:42,84.54,0.127,0.141,5.73,51.2,42.6,20.2
2026-04-15 02:37:42,83.28,0.096,0.119,5.92,51.8,34.3,20.2
2026-04-15 02:37:42,82.12,0.095,0.118,6.03,51.8,33.3,20.2
2026-04-15 02:37:43,80.9,0.09,0.113,6.2,51.8,34.4,20.2
2026-04-15 02:37:43,79.28,0.102,0.124,5.63,51.2,34.7,20.2
2026-04-15 02:37:43,76.97,0.088,0.112,6.51,52.4,35.0,20.2
2026-04-15 02:37:43,75.62,0.096,0.119,5.76,51.2,36.2,20.2
2026-04-15 02:37:43,79.02,0.095,0.118,6.0,51.2,36.8,20.2
2026-04-15 02:37:43,78.35,0.088,0.111,6.28,50.7,33.9,20.1
2026-04-15 02:37:44,79.53,0.088,0.112,5.99,51.2,35.8,20.1
2026-04-15 02:37:44,79.26,0.09,0.113,5.99,51.8,34.3,20.1
2026-04-15 02:37:44,78.62,0.098,0.12,5.71,51.2,37.0,20.1
2026-04-15 02:37:44,78.93,0.086,0.11,6.45,50.7,31.6,20.1
2026-04-15 02:37:44,78.62,0.093,0.106,7.15,51.2,42.9,20.1
2026-04-15 02:37:44,79.59,0.093,0.116,6.01,51.8,33.8,20.1
2026-04-15 02:37:45,78.86,0.094,0.117,5.98,51.8,30.2,20.1
2026-04-15 02:37:45,79.6,0.088,0.109,6.2,52.4,38.1,20.1
2026-04-15 02:37:45,78.84,0.088,0.111,6.02,51.2,30.2,20.1
2026-04-15 02:37:45,79.31,0.104,0.122,5.48,52.9,42.5,20.1
2026-04-15 02:37:45,80.24,0.088,0.111,6.65,50.7,32.1,20.1
2026-04-15 02:37:45,80.35,0.087,0.107,6.04,51.8,33.3,20.2
2026-04-15 02:37:46,81.41,0.086,0.098,7.55,50.1,36.7,20.2
2026-04-15 02:37:46,80.11,0.101,0.112,6.73,51.8,40.7,20.2
2026-04-15 02:37:46,79.16,0.088,0.111,6.53,51.2,36.1,20.2
2026-04-15 02:37:46,79.19,0.086,0.098,7.52,50.7,40.4,20.2
2026-04-15 02:37:46,81.06,0.092,0.104,7.25,51.8,40.0,20.3
2026-04-15 02:37:46,78.26,0.096,0.119,5.86,51.8,36.8,20.3
2026-04-15 02:37:46,79.34,0.086,0.109,6.36,51.2,32.3,20.3
2026-04-15 02:37:47,81.53,0.092,0.105,7.18,52.4,44.6,20.3
2026-04-15 02:37:47,81.4,0.094,0.117,5.94,51.2,38.0,20.4
2026-04-15 02:37:47,0.0,0.094,0.117,6.0,52.4,31.8,20.4
2026-04-15 02:37:47,0.0,0.099,0.122,5.79,51.2,40.6,20.4
2026-04-15 02:37:47,0.0,0.091,0.115,6.28,50.1,35.4,20.4
2026-04-15 02:37:47,0.0,0.088,0.111,6.14,51.2,31.1,20.4
2026-04-15 02:37:48,0.0,0.086,0.109,6.06,51.8,35.3,20.4
2026-04-15 02:37:48,0.0,0.085,0.102,7.38,50.7,40.7,20.3
2026-04-15 02:37:48,0.0,0.086,0.109,6.1,51.2,35.8,20.3
2026-04-15 02:37:48,0.0,0.085,0.099,7.53,50.7,41.5,20.3
2026-04-15 02:37:48,0.0,0.09,0.104,7.27,51.8,41.8,20.3
2026-04-15 02:37:48,0.0,0.095,0.118,5.82,51.8,34.3,20.3
2026-04-15 02:37:48,0.0,0.087,0.111,6.29,51.8,33.3,20.3
2026-04-15 02:37:49,0.0,0.088,0.1,7.49,50.7,40.0,20.3
2026-04-15 02:37:49,0.0,0.096,0.12,5.72,52.4,32.9,20.3
2026-04-15 02:37:49,0.0,0.096,0.118,6.03,52.4,41.2,20.3
2026-04-15 02:37:49,0.0,0.092,0.116,6.1,51.8,36.5,20.4
2026-04-15 02:37:49,0.0,0.084,0.107,6.38,51.2,36.5,20.4
2026-04-15 02:37:49,0.0,0.083,0.1,7.52,51.8,37.3,20.4
2026-04-15 02:37:50,0.0,0.091,0.107,7.07,52.9,35.8,20.4
2026-04-15 02:37:50,0.0,0.088,0.112,6.09,52.9,37.5,20.4
2026-04-15 02:37:50,0.0,0.089,0.112,6.0,51.8,32.8,20.4
2026-04-15 02:37:50,0.0,0.095,0.117,5.81,52.4,34.8,20.5
2026-04-15 02:37:50,0.0,0.095,0.118,5.98,51.2,35.4,20.5
2026-04-15 02:37:50,0.0,0.082,0.105,6.51,52.4,34.4,20.5
2026-04-15 02:37:51,0.0,0.082,0.1,7.51,51.8,43.6,20.5
2026-04-15 02:37:51,0.0,0.092,0.108,7.01,52.9,42.1,20.5
2026-04-15 02:37:51,0.0,0.093,0.115,5.97,52.4,34.3,20.5
2026-04-15 02:37:51,0.0,0.083,0.107,6.36,51.2,30.5,20.4
2026-04-15 02:37:51,0.0,0.085,0.101,7.42,50.7,37.3,20.4
2026-04-15 02:37:51,0.0,0.086,0.101,7.44,52.4,43.6,20.4
2026-04-15 02:37:51,0.0,0.082,0.094,7.75,52.4,38.8,20.4
2026-04-15 02:37:52,0.0,0.083,0.1,7.47,52.4,40.7,20.4
2026-04-15 02:37:52,0.0,0.085,0.103,7.35,52.4,40.0,20.4
2026-04-15 02:37:52,0.0,0.1,0.114,6.74,51.8,40.7,20.4
2026-04-15 02:37:52,0.0,0.085,0.108,6.61,51.8,33.9,20.5
2026-04-15 02:37:52,0.0,0.101,0.116,6.66,52.4,44.8,20.4
2026-04-15 02:37:52,0.0,0.092,0.113,6.4,52.4,36.5,20.4
2026-04-15 02:37:52,0.0,0.093,0.116,5.92,51.2,31.8,20.4
2026-04-15 02:37:53,0.0,0.087,0.11,6.25,51.8,35.9,20.4
2026-04-15 02:37:53,0.0,0.085,0.099,7.52,50.7,41.5,20.4
2026-04-15 02:37:53,0.0,0.085,0.097,7.61,51.2,42.6,20.4
2026-04-15 02:37:53,0.0,0.084,0.098,7.57,50.7,40.4,20.4
2026-04-15 02:37:53,0.0,0.093,0.109,7.03,51.8,40.7,20.3
2026-04-15 02:37:53,0.0,0.087,0.11,6.21,51.8,35.9,20.3
2026-04-15 02:37:53,0.0,0.085,0.097,7.66,51.2,39.2,20.3
2026-04-15 02:37:54,0.0,0.094,0.109,7.0,51.8,40.4,20.3
2026-04-15 02:37:54,0.0,0.093,0.117,6.01,52.4,30.2,20.3
2026-04-15 02:37:54,0.0,0.084,0.107,6.37,53.5,32.3,20.3
2026-04-15 02:37:54,0.0,0.088,0.102,7.3,52.4,42.9,20.3
2026-04-15 02:37:54,0.0,0.093,0.115,5.82,52.9,34.3,20.3
2026-04-15 02:37:54,0.0,0.086,0.109,6.27,51.8,34.4,20.3
2026-04-15 02:37:54,0.0,0.096,0.114,6.76,51.8,37.9,20.2
2026-04-15 02:37:55,0.0,0.096,0.119,6.11,52.4,40.9,20.2
2026-04-15 02:37:55,80.0,0.093,0.116,6.13,51.8,34.4,20.3
2026-04-15 02:37:55,77.01,0.085,0.108,6.31,52.4,35.9,20.3
2026-04-15 02:37:55,80.24,0.088,0.102,7.35,52.4,45.6,20.3
2026-04-15 02:37:55,80.86,0.124,0.147,4.92,53.5,33.8,20.3
2026-04-15 02:37:55,81.62,0.091,0.114,6.0,52.4,34.3,20.3
2026-04-15 02:37:56,81.44,0.1,0.123,5.7,51.8,33.8,20.3
2026-04-15 02:37:56,80.59,0.09,0.113,6.38,52.4,33.9,20.3
2026-04-15 02:37:56,80.04,0.086,0.108,6.15,51.8,35.4,20.3
2026-04-15 02:37:56,78.14,0.09,0.101,7.38,52.4,39.6,20.3
2026-04-15 02:37:56,79.12,0.087,0.111,6.08,52.4,35.4,20.3
2026-04-15 02:37:56,79.5,0.085,0.108,6.08,51.2,37.1,20.3
2026-04-15 02:37:57,77.59,0.084,0.098,7.57,51.2,38.8,20.3
2026-04-15 02:37:57,76.42,0.086,0.1,7.43,52.9,39.6,20.3
2026-04-15 02:37:57,77.52,0.086,0.099,7.48,52.4,39.6,20.3
2026-04-15 02:37:57,78.21,0.086,0.099,7.49,52.4,40.4,20.3
2026-04-15 02:37:57,79.77,0.1,0.114,6.73,52.4,44.6,20.3
2026-04-15 02:37:57,78.2,0.092,0.114,6.38,51.8,38.5,20.3
2026-04-15 02:37:57,78.93,0.087,0.111,6.17,52.9,35.4,20.2
2026-04-15 02:37:58,78.38,0.086,0.107,6.07,52.4,35.3,20.2
2026-04-15 02:37:58,79.72,0.085,0.099,7.52,52.9,42.6,20.2
2026-04-15 02:37:58,77.38,0.084,0.097,7.57,51.8,36.7,20.2
2026-04-15 02:37:58,76.56,0.094,0.11,6.96,52.9,42.1,20.2
2026-04-15 02:37:58,76.43,0.089,0.113,6.18,52.9,37.5,20.2
2026-04-15 02:37:58,78.19,0.086,0.108,6.13,52.4,35.8,20.2
2026-04-15 02:37:58,77.43,0.085,0.097,7.58,51.2,44.6,20.2
2026-04-15 02:37:59,78.28,0.086,0.101,7.41,52.9,44.6,20.2
2026-04-15 02:37:59,77.77,0.107,0.119,6.49,52.4,36.2,20.2
2026-04-15 02:37:59,77.48,0.089,0.112,6.72,51.2,36.7,20.2
2026-04-15 02:37:59,77.35,0.087,0.11,6.1,52.9,30.6,20.2
2026-04-15 02:37:59,78.27,0.089,0.102,7.32,54.0,42.6,20.3
2026-04-15 02:37:59,75.94,0.086,0.109,6.14,52.4,32.8,20.3
2026-04-15 02:38:00,76.83,0.086,0.098,7.54,52.4,38.5,20.3
2026-04-15 02:38:00,77.74,0.107,0.121,6.46,52.9,45.0,20.4
2026-04-15 02:38:00,77.29,0.087,0.11,6.82,53.5,36.2,20.4
2026-04-15 02:38:00,76.8,0.085,0.097,7.62,52.4,41.5,20.4
2026-04-15 02:38:00,78.14,0.101,0.115,6.69,52.9,45.2,20.4
2026-04-15 02:38:00,76.37,0.089,0.112,6.5,52.9,34.4,20.4
2026-04-15 02:38:00,78.44,0.098,0.121,5.68,51.2,36.2,20.4
2026-04-15 02:38:01,77.67,0.084,0.107,6.56,51.2,38.1,20.4
2026-04-15 02:38:01,77.1,0.088,0.106,7.13,52.9,42.1,20.4
2026-04-15 02:38:01,78.07,0.099,0.124,5.63,52.9,36.1,20.4
2026-04-15 02:38:01,76.2,0.086,0.109,6.64,51.8,37.1,20.3
2026-04-15 02:38:01,77.66,0.087,0.1,7.42,51.8,45.6,20.4
2026-04-15 02:38:01,77.63,0.092,0.115,5.85,52.4,38.9,20.4
2026-04-15 02:38:02,78.04,0.087,0.11,6.18,51.8,32.3,20.4
2026-04-15 02:38:02,78.05,0.091,0.101,7.32,51.8,41.8,20.4
2026-04-15 02:38:02,77.43,0.1,0.123,5.68,51.8,37.0,20.4
2026-04-15 02:38:02,78.91,0.089,0.113,6.41,52.9,34.4,20.4
2026-04-15 02:38:02,0.0,0.112,0.134,5.29,53.5,35.2,20.3
2026-04-15 02:38:02,0.0,0.101,0.124,6.35,53.5,40.0,20.4
2026-04-15 02:38:02,0.0,0.086,0.11,6.6,52.4,36.7,20.3
2026-04-15 02:38:03,0.0,0.094,0.108,7.08,52.9,42.4,20.3
2026-04-15 02:38:03,0.0,0.108,0.132,5.52,52.9,33.8,20.3
2026-04-15 02:38:03,0.0,0.088,0.111,6.88,52.9,32.7,20.3
2026-04-15 02:38:03,0.0,0.089,0.112,5.96,52.9,33.8,20.3
2026-04-15 02:38:03,0.0,0.09,0.112,5.91,52.4,33.3,20.3
2026-04-15 02:38:03,0.0,0.087,0.109,6.18,52.4,38.8,20.2
2026-04-15 02:38:04,0.0,0.086,0.099,7.55,52.4,40.7,20.2
2026-04-15 02:38:04,0.0,0.096,0.109,7.0,52.4,36.5,20.2
2026-04-15 02:38:04,0.0,0.085,0.106,6.47,52.9,33.9,20.2
2026-04-15 02:38:04,0.0,0.089,0.105,7.21,51.8,38.9,20.1
2026-04-15 02:38:04,0.0,0.089,0.111,6.03,53.5,35.8,20.1
2026-04-15 02:38:04,0.0,0.09,0.112,5.99,53.5,31.3,20.1
2026-04-15 02:38:05,0.0,0.107,0.128,5.44,52.9,34.2,20.2
2026-04-15 02:38:05,0.0,0.104,0.126,6.12,54.0,42.6,20.2
2026-04-15 02:38:05,0.0,0.086,0.11,6.67,52.9,33.3,20.2
2026-04-15 02:38:05,76.14,0.097,0.121,5.62,52.9,32.9,20.1
2026-04-15 02:38:05,0.0,0.088,0.111,6.36,52.4,34.4,20.1
2026-04-15 02:38:05,0.0,0.088,0.11,6.02,52.9,36.8,20.2
2026-04-15 02:38:06,78.51,0.1,0.123,5.59,51.2,37.5,20.2
2026-04-15 02:38:06,79.65,0.088,0.111,6.48,52.9,38.7,20.2
2026-04-15 02:38:06,83.91,0.086,0.107,6.07,51.8,30.6,20.3
2026-04-15 02:38:06,83.21,0.084,0.098,7.58,52.4,42.6,20.3
2026-04-15 02:38:06,83.82,0.084,0.099,7.51,51.8,43.6,20.3
2026-04-15 02:38:06,83.84,0.087,0.101,7.37,52.9,40.0,20.4
2026-04-15 02:38:06,84.39,0.084,0.096,7.66,52.4,41.2,20.4
2026-04-15 02:38:07,85.16,0.098,0.113,6.81,52.4,44.3,20.4
2026-04-15 02:38:07,84.21,0.085,0.108,6.49,53.5,36.1,20.4
2026-04-15 02:38:07,83.66,0.085,0.099,7.54,53.5,39.6,20.4
2026-04-15 02:38:07,81.96,0.088,0.102,7.35,53.5,40.7,20.4
2026-04-15 02:38:07,81.46,0.103,0.115,6.7,53.5,44.8,20.4
2026-04-15 02:38:07,81.35,0.112,0.136,5.7,52.9,33.3,20.4
2026-04-15 02:38:07,81.24,0.085,0.105,7.19,52.9,38.2,20.4
2026-04-15 02:38:08,82.22,0.087,0.101,7.41,52.9,39.2,20.4
2026-04-15 02:38:08,81.88,0.087,0.112,5.97,53.5,34.3,20.4
2026-04-15 02:38:08,81.06,0.085,0.109,6.08,54.0,35.3,20.4
2026-04-15 02:38:08,81.67,0.087,0.1,7.47,52.9,45.6,20.3
2026-04-15 02:38:08,81.22,0.092,0.107,7.07,53.5,48.3,20.3
2026-04-15 02:38:08,80.76,0.087,0.11,6.33,53.5,36.9,20.3
2026-04-15 02:38:08,81.63,0.086,0.099,7.54,52.9,40.0,20.4
2026-04-15 02:38:09,80.01,0.097,0.109,6.92,53.5,38.2,20.3
2026-04-15 02:38:09,78.36,0.104,0.127,5.78,53.5,34.8,20.3
2026-04-15 02:38:09,81.61,0.093,0.115,6.42,54.0,33.9,20.4
2026-04-15 02:38:09,80.9,0.088,0.111,6.16,53.5,33.3,20.3
2026-04-15 02:38:09,80.49,0.099,0.122,5.61,54.0,29.9,20.3
2026-04-15 02:38:09,79.46,0.087,0.11,6.5,53.5,36.1,20.3
2026-04-15 02:38:10,81.56,0.082,0.094,7.78,53.5,41.2,20.3
2026-04-15 02:38:10,80.48,0.103,0.121,6.45,55.1,44.4,20.3
2026-04-15 02:38:10,0.0,0.083,0.106,6.86,52.9,40.7,20.3
2026-04-15 02:38:10,0.0,0.083,0.099,7.53,54.0,39.6,20.4
2026-04-15 02:38:10,0.0,0.082,0.1,7.47,53.5,43.9,20.4
2026-04-15 02:38:10,0.0,0.088,0.103,7.21,53.5,46.4,20.4
2026-04-15 02:38:10,0.0,0.105,0.117,6.63,54.0,42.6,20.4
2026-04-15 02:38:11,0.0,0.082,0.105,6.96,54.5,35.1,20.4
2026-04-15 02:38:11,0.0,0.091,0.107,7.03,54.0,40.0,20.5
2026-04-15 02:38:11,0.0,0.086,0.11,6.19,52.9,34.8,20.5
2026-04-15 02:38:11,0.0,0.082,0.095,7.76,54.0,37.5,20.4
2026-04-15 02:38:11,0.0,0.096,0.112,6.81,54.0,35.2,20.5
2026-04-15 02:38:11,0.0,0.085,0.109,6.41,54.0,35.5,20.5
2026-04-15 02:38:11,0.0,0.083,0.096,7.7,54.0,34.0,20.5
2026-04-15 02:38:12,0.0,0.084,0.101,7.42,54.5,41.5,20.5
2026-04-15 02:38:12,0.0,0.116,0.133,5.99,54.0,38.5,20.5
2026-04-15 02:38:12,0.0,0.092,0.107,7.11,53.5,37.0,20.5
2026-04-15 02:38:12,0.0,0.086,0.11,6.17,53.5,32.3,20.5
2026-04-15 02:38:12,0.0,0.106,0.118,6.58,53.5,42.1,20.5
2026-04-15 02:38:12,0.0,0.087,0.11,6.72,53.5,36.2,20.5
2026-04-15 02:38:12,0.0,0.088,0.101,7.45,53.5,44.6,20.5
2026-04-15 02:38:13,0.0,0.094,0.117,5.84,54.0,34.8,20.5
2026-04-15 02:38:13,0.0,0.089,0.114,6.11,53.5,31.2,20.5
2026-04-15 02:38:13,0.0,0.087,0.11,6.09,54.0,35.4,20.5
2026-04-15 02:38:13,0.0,0.093,0.116,5.85,54.0,35.7,20.5
2026-04-15 02:38:13,0.0,0.084,0.107,6.35,53.5,37.5,20.5
2026-04-15 02:38:13,0.0,0.086,0.099,7.42,53.5,43.9,20.5
2026-04-15 02:38:14,0.0,0.087,0.1,7.44,54.0,39.2,20.5
2026-04-15 02:38:14,70.28,0.087,0.101,7.43,53.5,37.3,20.6
2026-04-15 02:38:14,0.0,0.083,0.095,7.71,54.0,43.4,20.6
2026-04-15 02:38:14,0.0,0.085,0.1,7.39,54.0,39.2,20.6
2026-04-15 02:38:14,0.0,0.086,0.1,7.49,53.5,39.6,20.6
2026-04-15 02:38:14,0.0,0.091,0.106,7.18,53.5,38.9,20.6
2026-04-15 02:38:14,0.0,0.091,0.114,6.02,52.9,33.3,20.6
2026-04-15 02:38:15,79.85,0.086,0.109,6.18,53.5,31.1,20.6
2026-04-15 02:38:15,79.61,0.097,0.11,6.93,53.5,48.4,20.6
2026-04-15 02:38:15,82.19,0.09,0.113,6.29,54.0,37.9,20.5
2026-04-15 02:38:15,79.31,0.101,0.113,6.81,53.5,44.1,20.5
2026-04-15 02:38:15,81.83,0.084,0.108,6.76,53.5,38.3,20.4
2026-04-15 02:38:15,80.98,0.092,0.107,7.11,53.5,40.7,20.4
2026-04-15 02:38:15,82.49,0.109,0.132,5.43,53.5,31.4,20.4
2026-04-15 02:38:16,81.43,0.103,0.126,6.24,52.4,41.8,20.5
2026-04-15 02:38:16,79.69,0.088,0.111,6.59,54.0,38.3,20.5
2026-04-15 02:38:16,80.71,0.085,0.107,6.13,52.9,31.7,20.5
2026-04-15 02:38:16,79.93,0.083,0.097,7.6,54.5,44.6,20.5
2026-04-15 02:38:16,78.97,0.088,0.104,7.25,54.5,40.4,20.5
2026-04-15 02:38:16,80.93,0.086,0.108,6.09,54.5,34.3,20.4
2026-04-15 02:38:17,80.76,0.1,0.114,6.76,54.5,39.7,20.4
2026-04-15 02:38:17,79.87,0.086,0.108,6.57,52.9,30.4,20.4
2026-04-15 02:38:17,76.92,0.095,0.108,7.04,54.0,44.3,20.4
2026-04-15 02:38:17,77.08,0.084,0.107,6.44,54.5,35.0,20.4
2026-04-15 02:38:17,73.11,0.097,0.112,6.83,53.5,40.7,20.3
2026-04-15 02:38:17,76.12,0.102,0.125,5.78,53.5,33.3,20.4
2026-04-15 02:38:17,73.54,0.086,0.111,6.64,54.0,38.3,20.3
2026-04-15 02:38:18,69.51,0.104,0.116,6.65,54.0,40.7,20.3
2026-04-15 02:38:18,77.48,0.085,0.106,6.77,54.0,37.7,20.3
2026-04-15 02:38:18,79.55,0.108,0.122,6.32,53.5,41.3,20.4
2026-04-15 02:38:18,79.17,0.087,0.109,6.99,52.9,40.0,20.4
2026-04-15 02:38:18,79.35,0.094,0.105,7.14,53.5,43.6,20.4
2026-04-15 02:38:18,80.31,0.09,0.113,6.13,53.5,34.8,20.4
2026-04-15 02:38:19,79.36,0.09,0.113,6.02,55.1,31.2,20.4
2026-04-15 02:38:19,79.22,0.084,0.107,6.21,54.0,34.4,20.4
2026-04-15 02:38:19,78.7,0.085,0.1,7.46,55.1,40.7,20.4
2026-04-15 02:38:19,79.18,0.119,0.13,5.98,52.9,53.0,20.4
2026-04-15 02:38:19,79.7,0.095,0.109,6.98,54.5,39.7,20.4
2026-04-15 02:38:19,80.42,0.089,0.11,6.27,54.5,37.5,20.4
2026-04-15 02:38:19,78.6,0.096,0.12,5.73,55.1,35.2,20.4
2026-04-15 02:38:20,79.5,0.086,0.109,6.41,55.1,31.0,20.4
2026-04-15 02:38:20,78.58,0.085,0.096,7.53,53.5,46.3,20.4
2026-04-15 02:38:20,78.93,0.086,0.1,7.44,52.9,40.7,20.4
2026-04-15 02:38:20,79.36,0.084,0.096,7.64,52.9,38.8,20.4
2026-04-15 02:38:20,78.91,0.093,0.108,7.04,53.5,40.4,20.4
2026-04-15 02:38:20,81.22,0.104,0.128,5.59,54.5,36.6,20.4
2026-04-15 02:38:20,78.56,0.086,0.108,6.81,53.5,37.3,20.4
2026-04-15 02:38:21,74.87,0.092,0.106,7.12,54.5,41.8,20.4
2026-04-15 02:38:21,77.69,0.102,0.124,5.7,53.5,35.3,20.5
2026-04-15 02:38:21,81.46,0.087,0.105,6.59,54.0,37.3,20.5
2026-04-15 02:38:21,80.26,0.107,0.123,6.39,53.5,38.7,20.5
2026-04-15 02:38:21,80.46,0.09,0.113,6.8,54.0,40.0,20.5
2026-04-15 02:38:21,79.57,0.089,0.112,6.05,53.5,34.3,20.5
2026-04-15 02:38:22,74.08,0.086,0.109,6.11,53.5,32.3,20.5
2026-04-15 02:38:22,77.91,0.101,0.114,6.75,54.5,42.4,20.5
2026-04-15 02:38:22,78.72,0.088,0.11,6.51,53.5,36.7,20.4
2026-04-15 02:38:22,78.12,0.088,0.111,5.98,53.5,35.3,20.4
2026-04-15 02:38:22,76.54,0.091,0.113,5.92,55.1,39.1,20.4
2026-04-15 02:38:22,79.23,0.086,0.108,6.18,53.5,38.2,20.4
2026-04-15 02:38:23,78.02,0.089,0.101,7.37,53.5,42.6,20.4
2026-04-15 02:38:23,79.13,0.087,0.11,6.03,54.5,35.8,20.4
2026-04-15 02:38:23,79.64,0.101,0.112,6.84,54.5,39.7,20.4
2026-04-15 02:38:23,0.0,0.091,0.115,6.31,54.5,36.5,20.4
2026-04-15 02:38:23,0.0,0.099,0.122,5.75,53.5,34.8,20.4
2026-04-15 02:38:23,0.0,0.117,0.14,5.41,55.1,35.6,20.4
2026-04-15 02:38:23,0.0,0.086,0.102,7.37,54.5,40.7,20.4
2026-04-15 02:38:24,0.0,0.104,0.117,6.61,54.0,41.3,20.4
2026-04-15 02:38:24,0.0,0.092,0.114,6.49,52.9,34.5,20.4
2026-04-15 02:38:24,0.0,0.089,0.112,6.11,55.1,31.2,20.5
2026-04-15 02:38:24,0.0,0.267,0.281,2.86,55.6,85.2,20.5
2026-04-15 02:38:24,0.0,0.092,0.116,6.54,55.1,41.4,20.5
2026-04-15 02:38:25,0.0,0.086,0.11,6.21,54.5,34.4,20.5
2026-04-15 02:38:25,0.0,0.091,0.104,7.25,54.0,41.2,20.5
2026-04-15 02:38:25,0.0,0.087,0.11,6.18,54.0,32.8,20.5
2026-04-15 02:38:25,0.0,0.089,0.113,5.92,54.5,31.8,20.5
2026-04-15 02:38:25,0.0,0.094,0.118,5.83,55.1,32.4,20.5
2026-04-15 02:38:25,0.0,0.086,0.108,6.36,55.1,34.4,20.5
2026-04-15 02:38:26,0.0,0.084,0.099,7.56,54.0,43.6,20.5
2026-04-15 02:38:26,0.0,0.088,0.103,7.31,54.0,40.7,20.4
2026-04-15 02:38:26,0.0,0.098,0.115,6.72,55.6,43.1,20.4
2026-04-15 02:38:26,0.0,0.098,0.121,6.22,54.5,38.5,20.5
2026-04-15 02:38:26,54.17,0.101,0.123,5.87,54.5,34.8,20.5
2026-04-15 02:38:26,75.55,0.093,0.115,6.32,55.6,34.9,20.4
2026-04-15 02:38:26,81.63,0.087,0.111,6.17,54.5,39.7,20.5
2026-04-15 02:38:27,83.29,0.088,0.111,5.99,54.5,33.3,20.4
2026-04-15 02:38:27,79.96,0.087,0.102,6.05,55.1,34.8,20.4
2026-04-15 02:38:27,79.15,0.085,0.099,7.54,54.5,41.5,20.4
2026-04-15 02:38:27,80.9,0.086,0.099,7.46,55.1,41.5,20.4
2026-04-15 02:38:27,79.8,0.088,0.098,7.46,54.5,41.2,20.4
2026-04-15 02:38:27,79.86,0.086,0.113,5.93,54.5,33.8,20.4
2026-04-15 02:38:28,79.06,0.086,0.112,6.03,55.1,34.8,20.4
2026-04-15 02:38:28,78.11,0.085,0.108,6.14,54.5,32.8,20.4
2026-04-15 02:38:28,78.06,0.092,0.106,7.12,55.1,41.1,20.4
2026-04-15 02:38:28,77.52,0.088,0.111,6.19,54.0,37.9,20.3
2026-04-15 02:38:28,77.18,0.106,0.129,5.41,54.5,33.3,20.3
2026-04-15 02:38:28,77.25,0.099,0.117,6.31,55.1,38.1,20.3
2026-04-15 02:38:28,72.83,0.088,0.113,6.31,54.0,33.3,20.3
2026-04-15 02:38:29,0.0,0.095,0.118,5.86,54.5,37.5,20.3
2026-04-15 02:38:29,81.75,0.085,0.107,6.36,54.5,36.9,20.3
2026-04-15 02:38:29,79.45,0.086,0.099,7.47,54.5,42.9,20.3
2026-04-15 02:38:29,79.91,0.105,0.118,6.52,55.6,39.0,20.3
2026-04-15 02:38:29,0.0,0.085,0.109,6.8,54.0,38.6,20.4
2026-04-15 02:38:29,0.0,0.086,0.101,7.46,54.0,42.6,20.3
2026-04-15 02:38:30,0.0,0.093,0.105,7.14,53.5,40.4,20.4
2026-04-15 02:38:30,0.0,0.129,0.152,4.93,55.1,35.5,20.4
2026-04-15 02:38:30,0.0,0.096,0.119,6.0,54.5,35.3,20.4
2026-04-15 02:38:30,0.0,0.085,0.108,6.34,53.5,37.9,20.4
2026-04-15 02:38:30,0.0,0.085,0.097,7.64,54.5,44.6,20.4
2026-04-15 02:38:30,0.0,0.089,0.104,7.27,54.0,41.2,20.4
2026-04-15 02:38:30,0.0,0.086,0.11,6.11,55.1,31.7,20.4
2026-04-15 02:38:31,0.0,0.096,0.109,7.01,54.0,45.0,20.4
2026-04-15 02:38:31,0.0,0.09,0.113,6.22,54.5,37.3,20.4
2026-04-15 02:38:31,0.0,0.088,0.112,6.07,55.1,29.5,20.4
2026-04-15 02:38:31,0.0,0.093,0.114,5.88,54.5,31.3,20.3
2026-04-15 02:38:31,0.0,0.087,0.109,6.21,54.5,33.9,20.3
2026-04-15 02:38:31,0.0,0.086,0.099,7.55,54.5,40.7,20.3
2026-04-15 02:38:32,0.0,0.088,0.101,7.4,54.0,44.4,20.3
2026-04-15 02:38:32,0.0,0.094,0.117,5.82,55.1,31.3,20.3
2026-04-15 02:38:32,0.0,0.086,0.11,6.27,55.1,33.9,20.3
2026-04-15 02:38:32,0.0,0.085,0.098,7.58,56.2,39.2,20.3
2026-04-15 02:38:32,79.99,0.099,0.119,6.57,54.0,43.3,20.4
2026-04-15 02:38:32,80.64,0.093,0.116,6.36,55.1,36.7,20.4
2026-04-15 02:38:32,80.5,0.091,0.114,6.09,56.2,35.4,20.4
2026-04-15 02:38:33,79.64,0.093,0.116,5.93,54.5,34.8,20.5
2026-04-15 02:38:33,78.38,0.085,0.108,6.3,55.1,33.3,20.5
2026-04-15 02:38:33,77.56,0.084,0.098,7.56,54.5,42.6,20.5
2026-04-15 02:38:33,76.32,0.088,0.102,7.33,55.1,41.5,20.6
2026-04-15 02:38:33,76.99,0.085,0.108,6.08,54.0,36.8,20.6
2026-04-15 02:38:33,76.2,0.094,0.107,7.07,54.5,41.4,20.7
2026-04-15 02:38:34,75.83,0.09,0.112,6.1,55.1,34.8,20.7
2026-04-15 02:38:34,75.52,0.099,0.122,5.72,55.1,35.2,20.7
2026-04-15 02:38:34,78.59,0.092,0.114,6.29,55.1,35.5,20.7
2026-04-15 02:38:34,0.0,0.089,0.112,6.09,54.5,35.8,20.6
2026-04-15 02:38:34,0.0,0.094,0.115,5.84,54.5,32.4,20.7
2026-04-15 02:38:34,0.0,0.091,0.113,6.11,55.1,36.9,20.7
2026-04-15 02:38:35,0.0,0.085,0.107,6.19,54.5,30.6,20.7
2026-04-15 02:38:35,0.0,0.116,0.13,6.1,56.2,45.3,20.7
2026-04-15 02:38:35,0.0,0.083,0.1,7.5,54.0,36.0,20.7
2026-04-15 02:38:35,0.0,0.088,0.105,7.25,54.0,44.1,20.7
2026-04-15 02:38:35,0.0,0.083,0.107,6.16,52.9,32.8,20.7
2026-04-15 02:38:35,0.0,0.083,0.099,7.55,54.5,38.5,20.7
2026-04-15 02:38:35,0.0,0.087,0.103,7.29,54.5,43.6,20.7
2026-04-15 02:38:36,0.0,0.09,0.101,7.32,55.1,38.9,20.7
2026-04-15 02:38:36,0.0,0.091,0.114,5.95,54.5,32.8,20.6
2026-04-15 02:38:36,0.0,0.094,0.114,5.96,54.5,33.8,20.6
2026-04-15 02:38:36,0.0,0.097,0.119,5.89,54.0,40.0,20.6
2026-04-15 02:38:36,0.0,0.104,0.128,5.72,54.5,37.5,20.6
2026-04-15 02:38:36,0.0,0.086,0.11,6.72,54.0,39.0,20.6
2026-04-15 02:38:37,69.63,0.089,0.102,7.33,55.1,37.7,20.6
2026-04-15 02:38:37,0.0,0.085,0.109,6.11,55.1,33.3,20.6
2026-04-15 02:38:37,0.0,0.087,0.099,7.48,55.1,43.9,20.6
2026-04-15 02:38:37,0.0,0.09,0.103,7.3,54.5,40.7,20.6
2026-04-15 02:38:37,0.0,0.099,0.122,5.65,54.5,32.8,20.6
2026-04-15 02:38:37,0.0,0.084,0.108,6.68,55.1,34.5,20.6
2026-04-15 02:38:37,0.0,0.121,0.137,5.85,55.1,42.9,20.6
2026-04-15 02:38:38,75.67,0.089,0.112,5.98,55.6,33.3,20.6
2026-04-15 02:38:38,80.97,0.086,0.108,6.13,55.6,37.3,20.6
2026-04-15 02:38:38,80.06,0.087,0.102,7.36,54.0,42.9,20.6
2026-04-15 02:38:38,0.0,0.096,0.12,5.74,56.2,34.3,20.6
2026-04-15 02:38:38,0.0,0.087,0.111,6.31,55.1,34.9,20.6
2026-04-15 02:38:38,0.0,0.089,0.101,7.39,55.1,44.6,20.6
2026-04-15 02:38:39,0.0,0.09,0.113,5.97,54.5,37.1,20.6
2026-04-15 02:38:39,0.0,0.094,0.118,5.85,55.6,31.8,20.6
2026-04-15 02:38:39,0.0,0.098,0.121,5.87,54.5,33.3,20.6
2026-04-15 02:38:39,0.0,0.087,0.111,6.45,55.1,36.5,20.5
2026-04-15 02:38:39,0.0,0.087,0.098,7.53,54.5,40.4,20.5
2026-04-15 02:38:39,0.0,0.109,0.122,6.42,55.1,45.8,20.5
2026-04-15 02:38:39,0.0,0.094,0.116,6.58,55.6,31.6,20.5
2026-04-15 02:38:40,0.0,0.096,0.119,5.96,54.0,39.4,20.5
2026-04-15 02:38:40,0.0,0.108,0.131,5.6,53.5,31.9,20.5
2026-04-15 02:38:40,0.0,0.096,0.118,6.48,54.5,40.3,20.5
2026-04-15 02:38:40,0.0,0.095,0.118,6.01,55.1,34.8,20.5
2026-04-15 02:38:40,0.0,0.105,0.128,5.67,55.1,34.8,20.5
2026-04-15 02:38:40,0.0,0.084,0.107,6.91,55.1,35.7,20.5
2026-04-15 02:38:41,0.0,0.089,0.105,7.2,55.6,40.4,20.6
2026-04-15 02:38:41,0.0,0.082,0.106,6.22,56.2,34.4,20.6
2026-04-15 02:38:41,0.0,0.082,0.099,7.55,55.6,36.0,20.6
2026-04-15 02:38:41,0.0,0.087,0.105,7.24,54.5,38.5,20.7
2026-04-15 02:38:41,0.0,0.082,0.094,7.82,55.1,42.6,20.7
2026-04-15 02:38:41,0.0,0.1,0.117,6.6,54.5,43.3,20.7
2026-04-15 02:38:41,0.0,0.083,0.106,6.68,55.6,37.7,20.8
2026-04-15 02:38:42,0.0,0.082,0.099,7.55,55.1,39.2,20.8
2026-04-15 02:38:42,0.0,0.085,0.102,7.36,55.1,39.6,20.8
2026-04-15 02:38:42,78.52,0.088,0.102,7.28,56.2,44.8,20.9
2026-04-15 02:38:42,80.22,0.086,0.109,6.07,54.0,36.2,20.8
2026-04-15 02:38:42,79.27,0.097,0.107,6.96,55.1,43.9,20.8
2026-04-15 02:38:42,81.03,0.084,0.108,6.46,55.1,40.0,20.8
2026-04-15 02:38:42,79.08,0.085,0.099,7.5,55.6,40.7,20.8
2026-04-15 02:38:43,79.14,0.089,0.104,7.24,56.2,40.0,20.8
2026-04-15 02:38:43,78.12,0.094,0.117,5.86,55.6,35.3,20.8
2026-04-15 02:38:43,78.46,0.089,0.112,6.17,56.2,32.8,20.7
2026-04-15 02:38:43,78.48,0.088,0.111,6.05,55.6,37.3,20.7
2026-04-15 02:38:43,77.52,0.083,0.106,6.19,55.6,37.3,20.7
2026-04-15 02:38:43,77.49,0.084,0.101,7.42,56.8,38.5,20.7
2026-04-15 02:38:44,77.84,0.083,0.098,7.55,55.6,44.4,20.7
2026-04-15 02:38:44,77.37,0.084,0.099,7.48,56.8,38.5,20.7
2026-04-15 02:38:44,78.67,0.084,0.098,7.52,56.2,41.2,20.7
2026-04-15 02:38:44,78.01,0.083,0.098,7.57,55.6,36.0,20.7
2026-04-15 02:38:44,77.07,0.089,0.103,7.22,56.2,37.7,20.7
2026-04-15 02:38:44,76.55,0.087,0.109,6.07,55.1,31.3,20.7
2026-04-15 02:38:44,78.14,0.086,0.098,7.53,55.1,39.2,20.7
2026-04-15 02:38:45,79.15,0.132,0.146,5.55,56.2,39.4,20.7
2026-04-15 02:38:45,78.38,0.087,0.111,6.49,56.2,37.3,20.7
2026-04-15 02:38:45,79.14,0.093,0.116,5.82,55.6,33.8,20.7
2026-04-15 02:38:45,77.8,0.088,0.112,6.11,55.6,35.3,20.7
2026-04-15 02:38:45,78.18,0.086,0.109,6.17,55.6,31.7,20.7
2026-04-15 02:38:45,78.07,0.089,0.103,7.32,54.5,43.9,20.7
2026-04-15 02:38:46,77.72,0.088,0.111,6.03,54.0,38.6,20.7
2026-04-15 02:38:46,77.44,0.089,0.111,5.96,55.1,33.8,20.6
2026-04-15 02:38:46,78.37,0.087,0.111,6.08,55.1,30.2,20.6
2026-04-15 02:38:46,77.04,0.093,0.104,7.21,55.1,40.7,20.6
2026-04-15 02:38:46,77.36,0.088,0.11,6.18,55.6,31.1,20.6
2026-04-15 02:38:46,78.11,0.087,0.11,6.05,54.5,33.8,20.6
2026-04-15 02:38:47,76.55,0.107,0.126,5.34,54.5,37.3,20.6
2026-04-15 02:38:47,76.76,0.087,0.11,6.84,55.6,42.6,20.6
2026-04-15 02:38:47,76.82,0.089,0.101,7.42,54.5,41.5,20.6
2026-04-15 02:38:47,76.58,0.086,0.109,6.1,55.6,34.8,20.6
2026-04-15 02:38:47,77.09,0.098,0.111,6.91,56.2,44.1,20.5
2026-04-15 02:38:47,76.1,0.105,0.127,5.73,55.1,34.3,20.6
2026-04-15 02:38:47,77.94,0.089,0.112,6.64,55.6,34.5,20.6
2026-04-15 02:38:48,77.04,0.089,0.111,6.01,56.2,34.8,20.6
2026-04-15 02:38:48,77.13,0.096,0.119,5.74,55.1,32.8,20.6
2026-04-15 02:38:48,78.27,0.092,0.115,6.17,56.2,34.9,20.5
2026-04-15 02:38:48,79.16,0.09,0.113,6.08,55.6,39.7,20.5
2026-04-15 02:38:48,78.14,0.091,0.114,5.96,55.1,37.3,20.5
2026-04-15 02:38:48,78.2,0.089,0.112,6.08,55.6,38.2,20.5
2026-04-15 02:38:49,77.52,0.087,0.109,6.06,55.1,30.6,20.5
2026-04-15 02:38:49,77.78,0.091,0.114,5.87,55.1,35.3,20.5
2026-04-15 02:38:49,74.98,0.089,0.112,6.09,56.8,31.7,20.5
2026-04-15 02:38:49,76.92,0.087,0.11,6.06,54.0,35.8,20.5
2026-04-15 02:38:49,76.46,0.088,0.099,7.49,55.6,43.4,20.5
2026-04-15 02:38:49,77.35,0.103,0.126,5.49,56.2,37.0,20.5
2026-04-15 02:38:50,75.96,0.09,0.113,6.51,54.5,37.7,20.5
2026-04-15 02:38:50,76.56,0.093,0.117,5.85,55.6,40.0,20.5
2026-04-15 02:38:50,76.01,0.084,0.107,6.4,55.6,35.9,20.6
2026-04-15 02:38:50,74.31,0.084,0.099,7.51,57.3,37.3,20.5
2026-04-15 02:38:50,77.57,0.089,0.103,7.21,56.2,37.7,20.5
2026-04-15 02:38:50,77.33,0.091,0.114,5.96,56.2,33.8,20.5
2026-04-15 02:38:50,77.38,0.086,0.109,6.18,55.1,32.8,20.5
2026-04-15 02:38:51,77.39,0.088,0.101,7.39,55.1,44.6,20.6
2026-04-15 02:38:51,77.76,0.096,0.12,5.67,55.6,34.3,20.6
2026-04-15 02:38:51,77.96,0.084,0.107,6.45,55.6,37.5,20.6
2026-04-15 02:38:51,77.55,0.09,0.102,7.29,56.2,46.6,20.6
2026-04-15 02:38:51,77.42,0.114,0.137,5.25,57.3,35.1,20.6
2026-04-15 02:38:51,78.82,0.099,0.118,6.6,55.6,40.3,20.6
2026-04-15 02:38:52,77.07,0.095,0.118,6.13,55.1,38.5,20.6
2026-04-15 02:38:52,77.78,0.086,0.109,6.35,56.8,35.5,20.6
2026-04-15 02:38:52,78.12,0.093,0.106,7.12,55.1,43.1,20.6
2026-04-15 02:38:52,77.17,0.095,0.118,5.94,55.6,37.1,20.5
2026-04-15 02:38:52,78.07,0.105,0.126,5.63,55.1,38.6,20.5
2026-04-15 02:38:52,77.15,0.091,0.114,6.61,56.2,40.3,20.5
2026-04-15 02:38:53,77.18,0.089,0.112,6.09,54.5,31.7,20.5
2026-04-15 02:38:53,76.49,0.088,0.099,7.54,54.5,39.2,20.5
2026-04-15 02:38:53,75.82,0.092,0.115,5.85,56.2,33.8,20.5
2026-04-15 02:38:53,76.72,0.086,0.109,6.26,55.1,35.8,20.4
2026-04-15 02:38:53,77.85,0.092,0.106,7.12,56.2,42.6,20.4
2026-04-15 02:38:53,77.48,0.086,0.108,6.26,55.6,33.9,20.5
2026-04-15 02:38:53,76.65,0.088,0.101,7.42,55.6,41.8,20.5
2026-04-15 02:38:54,77.58,0.088,0.112,5.97,56.2,36.2,20.5
2026-04-15 02:38:54,75.77,0.087,0.11,6.07,55.6,33.8,20.5
2026-04-15 02:38:54,76.58,0.087,0.099,7.47,55.1,41.5,20.5
2026-04-15 02:38:54,76.83,0.096,0.108,7.06,55.1,40.0,20.4
2026-04-15 02:38:54,77.53,0.087,0.11,6.33,56.8,37.5,20.4
2026-04-15 02:38:54,78.52,0.086,0.1,7.45,55.1,38.5,20.5
2026-04-15 02:38:55,77.68,0.089,0.112,5.97,55.6,36.8,20.5
2026-04-15 02:38:55,77.8,0.098,0.121,5.7,56.2,40.3,20.5
2026-04-15 02:38:55,76.62,0.094,0.117,6.13,56.2,36.9,20.5
2026-04-15 02:38:55,76.35,0.087,0.11,6.28,55.1,34.9,20.4
2026-04-15 02:38:55,78.1,0.088,0.101,7.43,56.2,44.6,20.4
2026-04-15 02:38:55,77.52,0.089,0.112,5.97,56.8,36.2,20.4
2026-04-15 02:38:55,78.16,0.098,0.124,5.6,56.2,34.3,20.5
2026-04-15 02:38:56,78.24,0.093,0.116,6.25,56.2,38.5,20.5
2026-04-15 02:38:56,79.36,0.088,0.111,6.23,56.2,32.8,20.5
2026-04-15 02:38:56,78.24,0.09,0.113,5.93,54.5,38.6,20.5
2026-04-15 02:38:56,77.75,0.09,0.113,6.02,56.2,33.3,20.4
2026-04-15 02:38:56,78.13,0.091,0.114,5.96,56.8,32.8,20.4
2026-04-15 02:38:56,78.35,0.107,0.13,5.5,56.8,33.8,20.5
2026-04-15 02:38:57,79.42,0.098,0.121,6.31,56.8,38.1,20.5
2026-04-15 02:38:57,76.0,0.084,0.103,6.55,56.2,33.9,20.5
2026-04-15 02:38:57,78.59,0.083,0.098,7.6,56.2,38.5,20.5
2026-04-15 02:38:57,78.51,0.086,0.102,7.32,56.8,44.4,20.5
2026-04-15 02:38:57,78.75,0.084,0.098,7.54,57.9,46.3,20.5
2026-04-15 02:38:57,79.07,0.085,0.103,7.27,56.8,42.9,20.5
2026-04-15 02:38:58,77.06,0.086,0.107,6.15,55.6,34.9,20.5
2026-04-15 02:38:58,78.17,0.085,0.098,7.54,57.3,44.6,20.5
2026-04-15 02:38:58,78.39,0.089,0.103,7.28,57.9,44.8,20.5
2026-04-15 02:38:58,78.3,0.088,0.099,7.5,56.2,38.0,20.5
2026-04-15 02:38:58,78.38,0.083,0.106,6.23,57.3,35.4,20.5
2026-04-15 02:38:58,77.86,0.084,0.1,7.47,56.8,40.7,20.5
2026-04-15 02:38:58,77.9,0.083,0.098,7.51,56.8,45.6,20.5
2026-04-15 02:38:58,77.75,0.091,0.107,7.1,56.8,41.1,20.5
2026-04-15 02:38:59,77.96,0.114,0.137,5.29,57.9,33.8,20.5
2026-04-15 02:38:59,78.14,0.083,0.102,7.37,57.9,37.3,20.5
2026-04-15 02:38:59,77.72,0.092,0.108,7.02,57.3,40.4,20.5
2026-04-15 02:38:59,76.13,0.093,0.115,5.96,55.6,33.3,20.5
2026-04-15 02:38:59,78.72,0.087,0.11,6.23,56.8,33.8,20.5
2026-04-15 02:38:59,77.04,0.084,0.097,7.64,56.2,45.5,20.5
2026-04-15 02:39:00,78.71,0.083,0.094,7.59,57.9,40.4,20.5
2026-04-15 02:39:00,77.65,0.104,0.119,6.5,57.9,45.2,20.5
2026-04-15 02:39:00,77.63,0.085,0.108,6.76,56.8,37.7,20.5
2026-04-15 02:39:00,79.5,0.087,0.101,7.35,56.8,41.8,20.5
2026-04-15 02:39:00,79.7,0.088,0.111,5.97,55.6,34.8,20.5
2026-04-15 02:39:00,70.93,0.086,0.109,6.1,56.2,33.3,20.5
2026-04-15 02:39:00,71.63,0.1,0.114,6.74,55.6,38.6,20.5
2026-04-15 02:39:01,69.21,0.087,0.109,6.54,56.8,37.1,20.5
2026-04-15 02:39:01,72.65,0.088,0.1,7.44,57.3,40.0,20.5
2026-04-15 02:39:01,70.35,0.096,0.119,5.73,56.2,36.6,20.6
2026-04-15 02:39:01,70.81,0.087,0.11,6.35,56.8,35.4,20.6
2026-04-15 02:39:01,67.75,0.087,0.099,7.49,56.8,45.5,20.7
2026-04-15 02:39:01,65.83,0.087,0.099,7.53,57.3,43.4,20.7
2026-04-15 02:39:02,68.87,0.11,0.122,6.39,56.2,43.7,20.8
2026-04-15 02:39:02,70.78,0.096,0.119,6.55,57.3,35.6,20.8
2026-04-15 02:39:02,70.43,0.09,0.113,6.21,57.9,32.8,20.8
2026-04-15 02:39:02,66.08,0.103,0.124,5.6,57.3,34.7,20.9
2026-04-15 02:39:02,68.25,0.108,0.129,5.8,57.3,39.7,20.9
2026-04-15 02:39:02,70.41,0.088,0.111,6.82,57.3,41.0,20.9
2026-04-15 02:39:02,70.28,0.09,0.113,5.94,55.6,33.8,20.9
2026-04-15 02:39:03,69.99,0.087,0.11,6.11,56.2,35.4,21.0
2026-04-15 02:39:03,71.77,0.088,0.1,7.45,56.8,41.8,21.0
2026-04-15 02:39:03,72.5,0.087,0.111,6.02,56.2,32.8,21.0
2026-04-15 02:39:03,71.87,0.093,0.116,5.81,56.8,37.1,21.0
2026-04-15 02:39:03,71.27,0.09,0.112,6.11,55.6,30.6,21.1
2026-04-15 02:39:03,72.74,0.091,0.114,5.98,56.8,32.3,21.1
2026-04-15 02:39:04,69.23,0.088,0.111,6.11,56.8,37.3,21.1
2026-04-15 02:39:04,70.78,0.103,0.126,5.49,56.8,31.9,21.1
2026-04-15 02:39:04,73.06,0.085,0.106,6.75,58.4,39.3,21.1
2026-04-15 02:39:04,70.45,0.089,0.104,7.26,57.3,36.5,21.1
2026-04-15 02:39:04,70.81,0.084,0.107,6.21,58.4,37.3,21.1
2026-04-15 02:39:04,69.09,0.087,0.103,7.31,56.2,38.5,21.1
2026-04-15 02:39:05,70.12,0.084,0.096,7.69,57.3,41.5,21.0
2026-04-15 02:39:05,68.74,0.092,0.108,7.03,57.3,43.6,21.0
2026-04-15 02:39:05,70.38,0.086,0.109,6.27,57.3,32.3,21.0
2026-04-15 02:39:05,69.24,0.083,0.096,7.69,57.3,41.2,20.9
2026-04-15 02:39:05,69.86,0.089,0.107,7.08,56.8,37.0,20.9
2026-04-15 02:39:05,67.97,0.084,0.107,6.27,57.9,33.9,20.8
2026-04-15 02:39:05,72.08,0.082,0.098,7.59,56.2,37.3,20.8
2026-04-15 02:39:06,71.27,0.106,0.123,6.35,56.8,39.3,20.8
2026-04-15 02:39:06,74.72,0.086,0.113,6.67,57.9,39.0,20.8
2026-04-15 02:39:06,73.26,0.083,0.106,6.28,56.8,33.8,20.7
2026-04-15 02:39:06,73.68,0.083,0.1,7.46,55.1,41.5,20.7
2026-04-15 02:39:06,72.44,0.093,0.11,6.94,57.3,37.5,20.7
2026-04-15 02:39:06,73.64,0.091,0.114,6.13,56.8,32.8,20.7
2026-04-15 02:39:06,72.69,0.083,0.106,6.32,58.4,33.3,20.7
2026-04-15 02:39:07,73.88,0.086,0.103,7.31,57.3,41.5,20.7
2026-04-15 02:39:07,74.4,0.103,0.127,5.42,55.6,35.6,20.7
2026-04-15 02:39:07,73.96,0.085,0.108,6.78,57.3,29.6,20.7
2026-04-15 02:39:07,71.71,0.088,0.102,7.36,56.8,41.5,20.6
2026-04-15 02:39:07,71.75,0.087,0.11,6.04,56.8,29.5,20.7
2026-04-15 02:39:07,68.24,0.083,0.094,7.74,56.2,47.3,20.6
2026-04-15 02:39:07,70.19,0.09,0.107,7.12,57.3,44.1,20.6
2026-04-15 02:39:08,68.71,0.086,0.109,6.16,56.8,32.8,20.6
2026-04-15 02:39:08,69.48,0.083,0.096,7.67,56.8,39.2,20.6
2026-04-15 02:39:08,69.58,0.083,0.1,7.45,57.3,36.0,20.6
2026-04-15 02:39:08,68.14,0.088,0.104,7.26,57.9,38.5,20.6
2026-04-15 02:39:08,69.77,0.086,0.107,6.09,57.3,32.8,20.6
2026-04-15 02:39:08,72.8,0.083,0.096,7.67,56.2,42.6,20.6
2026-04-15 02:39:08,65.72,0.086,0.101,7.34,57.3,44.6,20.6
2026-04-15 02:39:09,66.96,0.096,0.109,6.96,56.8,35.7,20.7
2026-04-15 02:39:09,71.38,0.086,0.113,6.21,56.8,37.9,20.7
2026-04-15 02:39:09,69.4,0.09,0.113,6.02,56.2,31.2,20.7
2026-04-15 02:39:09,71.92,0.104,0.127,5.55,56.8,38.7,20.8
2026-04-15 02:39:09,66.43,0.093,0.116,6.4,57.9,41.8,20.8
2026-04-15 02:39:09,68.84,0.085,0.108,6.33,58.4,31.7,20.8
2026-04-15 02:39:10,71.77,0.097,0.11,6.85,57.9,42.6,20.7
2026-04-15 02:39:10,69.82,0.092,0.112,6.19,56.8,41.8,20.8
2026-04-15 02:39:10,72.2,0.096,0.118,5.82,56.8,30.8,20.7
2026-04-15 02:39:10,70.26,0.092,0.116,6.19,56.2,38.8,20.7
2026-04-15 02:39:10,71.58,0.086,0.109,6.26,57.3,32.3,20.7
2026-04-15 02:39:10,78.05,0.087,0.103,7.24,57.9,40.7,20.7
2026-04-15 02:39:11,81.16,0.096,0.119,5.81,56.2,31.2,20.7
2026-04-15 02:39:11,80.36,0.103,0.127,5.75,56.8,35.7,20.8
2026-04-15 02:39:11,71.86,0.087,0.11,6.66,55.6,36.2,20.8
2026-04-15 02:39:11,78.76,0.088,0.1,7.48,57.9,38.8,20.8
2026-04-15 02:39:11,78.64,0.097,0.109,7.0,57.3,43.3,20.9
2026-04-15 02:39:11,74.46,0.086,0.11,6.42,55.6,34.4,20.9
2026-04-15 02:39:11,76.5,0.092,0.115,5.8,57.3,32.8,20.9
2026-04-15 02:39:12,69.57,0.085,0.109,6.26,55.6,32.8,20.9
2026-04-15 02:39:12,73.56,0.101,0.117,6.65,57.3,40.7,20.9
2026-04-15 02:39:12,73.71,0.104,0.127,5.95,56.8,37.5,20.9
2026-04-15 02:39:12,69.9,0.097,0.12,6.27,57.3,40.3,20.9
2026-04-15 02:39:12,69.71,0.089,0.112,6.3,57.9,35.5,20.9
2026-04-15 02:39:12,70.76,0.086,0.111,6.04,57.3,31.2,20.9
2026-04-15 02:39:13,69.92,0.093,0.115,5.84,56.8,36.2,20.8
2026-04-15 02:39:13,64.06,0.09,0.112,6.11,56.2,33.3,20.8
2026-04-15 02:39:13,71.23,0.089,0.112,6.02,56.8,31.3,20.8
2026-04-15 02:39:13,63.71,0.087,0.104,6.08,57.9,39.1,20.8
2026-04-15 02:39:13,72.65,0.085,0.097,7.61,57.9,41.5,20.8
2026-04-15 02:39:13,74.42,0.087,0.101,7.41,57.9,41.2,20.8
2026-04-15 02:39:14,66.42,0.085,0.097,7.53,56.8,37.3,20.9
2026-04-15 02:39:14,68.56,0.089,0.101,7.38,57.3,45.6,20.9
2026-04-15 02:39:14,72.6,0.082,0.105,6.26,56.2,35.4,20.9
2026-04-15 02:39:14,74.08,0.1,0.117,6.6,57.9,39.3,20.8
2026-04-15 02:39:14,73.48,0.105,0.128,5.85,58.4,35.3,20.8
2026-04-15 02:39:14,73.54,0.096,0.119,6.33,57.3,33.9,20.8
2026-04-15 02:39:14,75.66,0.085,0.108,6.4,56.8,34.4,20.9
2026-04-15 02:39:15,71.79,0.094,0.109,7.02,56.8,42.9,20.9
2026-04-15 02:39:15,72.48,0.101,0.12,5.77,56.8,40.0,20.9
2026-04-15 02:39:15,70.47,0.086,0.11,6.58,57.3,31.6,20.9
2026-04-15 02:39:15,72.26,0.101,0.113,6.76,57.3,40.4,20.9
2026-04-15 02:39:15,69.31,0.086,0.107,6.61,57.9,35.6,20.9
2026-04-15 02:39:15,71.72,0.085,0.098,7.55,57.9,39.6,20.9
2026-04-15 02:39:15,71.37,0.11,0.123,6.33,55.6,42.2,20.9
2026-04-15 02:39:16,71.84,0.086,0.109,6.99,57.9,40.7,20.9
2026-04-15 02:39:16,71.95,0.087,0.099,7.49,56.8,44.4,20.9
2026-04-15 02:39:16,75.64,0.087,0.099,7.48,57.3,41.5,20.9
2026-04-15 02:39:16,77.66,0.085,0.097,7.66,57.3,40.4,20.9
2026-04-15 02:39:16,76.71,0.086,0.101,7.42,58.4,43.6,20.9
2026-04-15 02:39:16,74.05,0.084,0.096,7.58,57.3,41.5,21.0
2026-04-15 02:39:16,74.08,0.097,0.112,6.85,58.4,39.7,21.0
2026-04-15 02:39:17,74.6,0.096,0.119,6.05,58.4,36.9,21.0
2026-04-15 02:39:17,70.02,0.101,0.124,5.84,57.9,32.3,21.0
2026-04-15 02:39:17,75.69,0.088,0.11,6.51,56.2,32.2,21.0
2026-04-15 02:39:17,71.95,0.1,0.111,6.85,57.3,44.6,20.9
2026-04-15 02:39:17,76.96,0.086,0.109,6.57,56.8,37.5,20.9
2026-04-15 02:39:17,73.58,0.086,0.099,7.47,56.8,44.6,20.9
2026-04-15 02:39:18,75.53,0.088,0.101,7.41,57.3,40.4,20.9
2026-04-15 02:39:18,76.34,0.086,0.109,6.09,57.9,34.8,20.9
2026-04-15 02:39:18,75.1,0.089,0.102,7.35,56.8,42.6,20.9
2026-04-15 02:39:18,74.33,0.089,0.112,5.98,57.9,32.3,20.8
2026-04-15 02:39:18,72.21,0.091,0.114,5.94,57.3,35.8,20.8
2026-04-15 02:39:18,73.06,0.087,0.11,6.14,58.4,37.3,20.8
2026-04-15 02:39:18,75.23,0.085,0.097,7.62,57.9,41.5,20.8
2026-04-15 02:39:19,73.97,0.104,0.119,6.56,58.4,39.0,20.8
2026-04-15 02:39:19,73.65,0.096,0.119,6.31,58.4,41.8,20.8
2026-04-15 02:39:19,74.86,0.086,0.109,6.4,56.2,32.8,20.8
2026-04-15 02:39:19,73.75,0.091,0.102,7.24,56.8,39.6,20.8
2026-04-15 02:39:19,73.7,0.094,0.117,5.89,57.3,34.8,20.8
2026-04-15 02:39:19,71.57,0.083,0.106,6.41,57.9,36.4,20.8
2026-04-15 02:39:20,74.32,0.094,0.11,6.93,57.9,41.4,20.8
2026-04-15 02:39:20,71.4,0.098,0.122,5.86,57.3,41.4,20.8
2026-04-15 02:39:20,75.31,0.094,0.117,6.18,57.9,31.1,20.9
2026-04-15 02:39:20,72.73,0.254,0.277,3.05,59.0,77.7,20.9
2026-04-15 02:39:20,74.0,0.112,0.133,5.89,58.4,78.9,20.6
2026-04-15 02:39:21,73.75,0.104,0.127,5.58,57.3,38.0,20.6
2026-04-15 02:39:21,74.7,0.101,0.121,6.11,59.0,31.0,20.6
2026-04-15 02:39:21,75.33,0.101,0.12,6.01,59.0,35.8,20.6
2026-04-15 02:39:21,74.42,0.085,0.108,6.64,59.0,39.7,20.6
2026-04-15 02:39:21,72.49,0.083,0.101,7.4,57.9,37.3,20.6
2026-04-15 02:39:21,70.8,0.094,0.106,7.1,58.4,35.3,20.6
2026-04-15 02:39:21,77.7,0.087,0.11,6.28,56.8,33.3,20.6
2026-04-15 02:39:22,76.74,0.087,0.098,7.47,57.3,42.6,20.6
2026-04-15 02:39:22,74.62,0.087,0.099,7.53,57.9,36.7,20.7
2026-04-15 02:39:22,79.18,0.1,0.116,6.65,57.3,42.6,20.7
2026-04-15 02:39:22,78.15,0.085,0.108,6.76,59.5,35.1,20.6
2026-04-15 02:39:22,79.54,0.089,0.103,7.3,57.9,49.2,20.6
2026-04-15 02:39:22,78.2,0.085,0.108,6.16,58.4,36.4,20.6
2026-04-15 02:39:22,75.45,0.09,0.104,7.23,58.4,38.9,20.6
2026-04-15 02:39:23,77.58,0.093,0.116,5.88,57.9,32.3,20.6
2026-04-15 02:39:23,76.76,0.084,0.107,6.3,56.8,32.3,20.6
2026-04-15 02:39:23,77.77,0.111,0.124,6.3,57.9,37.3,20.6
2026-04-15 02:39:23,72.95,0.094,0.116,6.65,56.8,40.3,20.6
2026-04-15 02:39:23,73.12,0.085,0.109,6.3,57.9,35.5,20.6
2026-04-15 02:39:23,74.29,0.09,0.103,7.29,59.5,42.9,20.6
2026-04-15 02:39:24,69.66,0.085,0.108,6.22,59.0,33.9,20.6
2026-04-15 02:39:24,78.33,0.089,0.104,7.26,59.0,40.0,20.6
2026-04-15 02:39:24,76.83,0.093,0.116,5.87,58.4,35.7,20.6
2026-04-15 02:39:24,77.14,0.084,0.106,6.31,57.9,32.3,20.6
2026-04-15 02:39:24,78.5,0.086,0.1,7.46,57.3,39.2,20.6
2026-04-15 02:39:24,76.49,0.092,0.106,7.15,57.3,43.1,20.7
2026-04-15 02:39:24,77.57,0.091,0.114,6.03,57.9,34.8,20.6
2026-04-15 02:39:25,78.53,0.088,0.111,6.14,56.8,30.6,20.6
2026-04-15 02:39:25,76.27,0.086,0.095,7.58,56.8,49.1,20.6
2026-04-15 02:39:25,76.4,0.087,0.099,7.47,57.3,42.6,20.6
2026-04-15 02:39:25,75.87,0.087,0.099,7.52,57.9,41.8,20.5
2026-04-15 02:39:25,76.4,0.09,0.102,7.32,57.9,44.6,20.5
2026-04-15 02:39:25,78.48,0.107,0.128,5.45,57.3,36.8,20.5
2026-04-15 02:39:25,78.81,0.088,0.111,6.77,57.9,35.6,20.5
2026-04-15 02:39:26,78.88,0.094,0.119,5.69,57.3,37.5,20.5
2026-04-15 02:39:26,80.78,0.088,0.111,6.37,57.3,34.9,20.4
2026-04-15 02:39:26,78.7,0.123,0.135,5.93,59.0,39.1,20.4
2026-04-15 02:39:26,77.59,0.112,0.135,5.3,57.3,29.6,20.4
2026-04-15 02:39:26,78.3,0.087,0.107,7.06,58.4,40.4,20.4
2026-04-15 02:39:26,76.69,0.088,0.1,7.44,58.4,46.6,20.4
2026-04-15 02:39:27,77.49,0.091,0.102,7.31,58.4,40.4,20.4
2026-04-15 02:39:27,78.51,0.092,0.114,5.98,57.9,33.8,20.4
2026-04-15 02:39:27,81.2,0.087,0.11,6.19,57.9,33.8,20.4
2026-04-15 02:39:27,81.77,0.096,0.119,5.7,58.4,34.3,20.3
2026-04-15 02:39:27,83.56,0.107,0.13,5.62,57.9,45.3,20.4
2026-04-15 02:39:27,83.07,0.086,0.109,6.88,56.8,36.8,20.4
2026-04-15 02:39:28,83.41,0.091,0.102,7.25,59.5,35.3,20.4
2026-04-15 02:39:28,82.02,0.101,0.124,5.64,56.8,36.1,20.4
2026-04-15 02:39:28,83.05,0.089,0.114,6.39,57.9,33.9,20.4
2026-04-15 02:39:28,82.78,0.089,0.117,5.91,57.3,30.2,20.3
2026-04-15 02:39:28,83.11,0.086,0.109,6.28,57.3,38.8,20.4
2026-04-15 02:39:28,81.88,0.085,0.098,7.53,58.4,41.5,20.4
2026-04-15 02:39:28,81.15,0.105,0.118,6.57,56.8,40.7,20.4
2026-04-15 02:39:29,82.5,0.104,0.128,5.99,59.0,34.4,20.4
2026-04-15 02:39:29,82.5,0.086,0.111,6.72,58.4,32.1,20.5
2026-04-15 02:39:29,84.23,0.112,0.122,6.36,57.9,40.3,20.5
2026-04-15 02:39:29,84.15,0.086,0.105,7.11,58.4,39.7,20.4
2026-04-15 02:39:29,82.88,0.096,0.108,6.97,58.4,35.8,20.5
2026-04-15 02:39:29,77.9,0.085,0.108,6.41,57.3,37.9,20.5
2026-04-15 02:39:30,65.01,0.083,0.097,7.63,57.9,38.0,20.5
2026-04-15 02:39:30,50.74,0.091,0.108,7.06,59.0,45.5,20.5
2026-04-15 02:39:30,0.0,0.091,0.114,6.03,59.0,32.8,20.6
2026-04-15 02:39:30,0.0,0.083,0.106,6.25,59.5,32.3,20.6
2026-04-15 02:39:30,0.0,0.082,0.098,7.54,59.0,39.2,20.7
2026-04-15 02:39:30,0.0,0.088,0.106,7.17,58.4,44.1,20.7
2026-04-15 02:39:30,0.0,0.104,0.127,5.49,57.9,33.3,20.7
2026-04-15 02:39:31,0.0,0.088,0.111,6.64,59.0,36.1,20.7
2026-04-15 02:39:31,0.0,0.088,0.111,6.01,59.0,38.2,20.7
2026-04-15 02:39:31,0.0,0.102,0.113,6.8,59.5,41.7,20.7
2026-04-15 02:39:31,0.0,0.111,0.134,5.68,58.4,38.0,20.7
2026-04-15 02:39:31,0.0,0.102,0.123,6.36,59.0,37.7,20.7
2026-04-15 02:39:31,0.0,0.098,0.118,6.2,59.0,33.3,20.7
2026-04-15 02:39:32,0.0,0.091,0.114,6.23,58.4,35.9,20.7
2026-04-15 02:39:32,0.0,0.093,0.115,5.94,57.9,33.8,20.7
2026-04-15 02:39:32,0.0,0.089,0.111,6.14,59.0,30.0,20.7
2026-04-15 02:39:32,0.0,0.088,0.112,6.01,57.3,34.3,20.6
2026-04-15 02:39:32,0.0,0.112,0.122,6.4,58.4,41.4,20.6
2026-04-15 02:39:32,0.0,0.097,0.119,6.56,58.4,39.0,20.6
2026-04-15 02:39:33,0.0,0.088,0.11,6.36,59.0,37.1,20.6
2026-04-15 02:39:33,56.15,0.102,0.113,6.81,59.0,39.3,20.6
2026-04-15 02:39:33,0.0,0.087,0.112,6.53,56.8,33.3,20.6
2026-04-15 02:39:33,75.4,0.085,0.096,7.65,58.4,41.2,20.6
2026-04-15 02:39:33,60.89,0.113,0.127,6.2,59.0,41.5,20.6
2026-04-15 02:39:33,66.47,0.083,0.102,7.36,57.9,38.9,20.6
2026-04-15 02:39:33,82.88,0.088,0.104,7.21,57.3,44.1,20.7
2026-04-15 02:39:34,82.37,0.093,0.117,5.82,59.0,33.8,20.7
2026-04-15 02:39:34,81.66,0.107,0.13,5.54,58.4,32.9,20.7
2026-04-15 02:39:34,79.27,0.109,0.133,5.88,59.5,38.2,20.7
2026-04-15 02:39:34,79.3,0.082,0.106,7.14,59.0,39.3,20.6
2026-04-15 02:39:34,75.34,0.087,0.102,7.33,59.0,42.9,20.6
2026-04-15 02:39:34,71.42,0.085,0.098,7.58,57.9,44.4,20.6
2026-04-15 02:39:34,67.47,0.096,0.11,6.95,57.9,40.4,20.6
2026-04-15 02:39:35,67.83,0.097,0.12,5.96,59.0,38.8,20.6
2026-04-15 02:39:35,72.29,0.087,0.11,6.39,59.0,33.3,20.6
2026-04-15 02:39:35,72.18,0.093,0.104,7.25,59.0,39.6,20.6
2026-04-15 02:39:35,74.57,0.089,0.119,5.91,57.9,30.8,20.6
2026-04-15 02:39:35,73.56,0.087,0.106,6.27,58.4,34.4,20.6
2026-04-15 02:39:35,77.96,0.094,0.117,5.76,57.9,32.4,20.6
2026-04-15 02:39:36,79.57,0.088,0.111,6.27,59.0,31.1,20.5
2026-04-15 02:39:36,78.42,0.086,0.109,6.09,58.4,37.3,20.5
2026-04-15 02:39:36,79.54,0.09,0.103,7.3,59.0,40.7,20.5
2026-04-15 02:39:36,78.95,0.084,0.107,6.2,59.5,33.8,20.5
2026-04-15 02:39:36,78.81,0.1,0.115,6.71,57.3,43.5,20.5
2026-04-15 02:39:36,78.43,0.107,0.13,5.77,59.5,33.8,20.5
2026-04-15 02:39:37,80.24,0.084,0.107,6.94,57.3,35.7,20.5
2026-04-15 02:39:37,79.92,0.089,0.104,7.23,59.0,42.9,20.6
2026-04-15 02:39:37,79.74,0.101,0.123,5.6,59.5,33.3,20.6
2026-04-15 02:39:37,79.89,0.094,0.117,6.28,59.0,34.9,20.6
2026-04-15 02:39:37,78.33,0.113,0.136,5.38,57.3,33.3,20.6
2026-04-15 02:39:37,78.9,0.086,0.106,7.12,59.0,38.6,20.6
2026-04-15 02:39:37,81.75,0.1,0.112,6.82,59.0,44.8,20.7
2026-04-15 02:39:38,80.87,0.087,0.111,6.51,58.4,36.1,20.7
2026-04-15 02:39:38,79.76,0.085,0.097,7.62,57.9,41.2,20.7
2026-04-15 02:39:38,78.14,0.087,0.1,7.44,59.5,45.5,20.7
2026-04-15 02:39:38,78.71,0.094,0.106,7.09,58.4,38.9,20.6
2026-04-15 02:39:38,82.35,0.085,0.108,6.35,59.0,35.9,20.7
2026-04-15 02:39:38,81.58,0.082,0.097,7.62,59.0,38.0,20.7
2026-04-15 02:39:38,80.92,0.094,0.108,6.96,58.4,42.1,20.7
2026-04-15 02:39:39,80.07,0.114,0.138,5.32,60.0,35.5,20.8
2026-04-15 02:39:39,81.28,0.087,0.104,7.24,59.5,42.9,20.8
2026-04-15 02:39:39,80.2,0.088,0.101,7.4,59.5,42.6,20.8
2026-04-15 02:39:39,79.82,0.093,0.116,5.84,58.4,34.3,20.7
2026-04-15 02:39:39,72.2,0.083,0.108,6.32,59.0,32.8,20.7
2026-04-15 02:39:39,61.07,0.083,0.096,7.59,59.5,42.6,20.7
2026-04-15 02:39:40,69.24,0.086,0.102,7.34,58.4,42.9,20.7
2026-04-15 02:39:40,61.24,0.115,0.128,6.16,59.5,41.9,20.7
2026-04-15 02:39:40,64.96,0.088,0.105,7.19,58.4,40.0,20.7
2026-04-15 02:39:40,64.22,0.084,0.106,6.15,59.0,37.7,20.7
2026-04-15 02:39:40,63.61,0.086,0.101,7.41,59.0,43.6,20.7
2026-04-15 02:39:40,55.71,0.088,0.101,7.38,60.0,41.8,20.7
2026-04-15 02:39:40,55.04,0.083,0.105,6.17,59.5,28.3,20.7
2026-04-15 02:39:41,55.2,0.085,0.101,7.38,60.0,41.5,20.7
2026-04-15 02:39:41,50.6,0.088,0.102,7.34,59.0,41.5,20.6
2026-04-15 02:39:41,52.08,0.087,0.11,6.06,59.5,32.8,20.6
2026-04-15 02:39:41,0.0,0.083,0.095,7.74,59.5,40.4,20.6
2026-04-15 02:39:41,54.05,0.089,0.106,7.17,59.0,42.1,20.6
2026-04-15 02:39:41,63.12,0.082,0.104,6.26,59.0,31.1,20.6
2026-04-15 02:39:41,69.75,0.083,0.099,7.45,59.5,40.7,20.6
2026-04-15 02:39:42,63.12,0.086,0.102,7.35,58.4,40.4,20.6
2026-04-15 02:39:42,76.25,0.088,0.1,7.37,59.5,41.5,20.6
2026-04-15 02:39:42,76.8,0.088,0.109,6.03,59.0,32.3,20.6
2026-04-15 02:39:42,78.52,0.084,0.094,7.72,59.0,39.2,20.6
2026-04-15 02:39:42,76.05,0.113,0.128,6.1,59.0,42.9,20.6
2026-04-15 02:39:42,77.79,0.084,0.102,7.36,59.5,34.6,20.6
2026-04-15 02:39:42,75.99,0.088,0.104,7.24,59.5,40.7,20.6
2026-04-15 02:39:43,75.49,0.083,0.11,6.06,59.0,32.3,20.6
2026-04-15 02:39:43,76.07,0.111,0.122,6.36,59.5,43.1,20.6
2026-04-15 02:39:43,75.5,0.095,0.117,6.64,57.9,38.3,20.6
2026-04-15 02:39:43,73.69,0.088,0.111,6.27,59.5,35.4,20.6
2026-04-15 02:39:43,75.07,0.089,0.111,5.96,59.5,35.8,20.6
2026-04-15 02:39:43,75.21,0.087,0.109,6.08,60.0,34.3,20.6
2026-04-15 02:39:44,76.75,0.083,0.095,7.74,59.5,40.8,20.6
2026-04-15 02:39:44,68.86,0.084,0.1,7.47,58.4,38.0,20.6
2026-04-15 02:39:44,77.31,0.084,0.098,7.52,59.5,42.9,20.6
2026-04-15 02:39:44,77.23,0.12,0.135,5.91,60.0,46.2,20.6
2026-04-15 02:39:44,80.74,0.092,0.103,7.22,60.6,36.0,20.6
2026-04-15 02:39:44,79.85,0.09,0.113,6.04,58.4,31.1,20.6
2026-04-15 02:39:44,77.67,0.085,0.11,6.13,58.4,36.8,20.6
2026-04-15 02:39:45,80.26,0.086,0.098,7.56,59.5,39.6,20.7
2026-04-15 02:39:45,81.09,0.107,0.12,6.49,59.0,50.0,20.7
2026-04-15 02:39:45,74.62,0.088,0.111,6.76,57.9,36.2,20.7
2026-04-15 02:39:45,79.82,0.087,0.11,6.03,57.9,30.2,20.8
2026-04-15 02:39:45,79.0,0.087,0.107,6.04,59.5,32.8,20.8
2026-04-15 02:39:45,80.31,0.084,0.1,7.47,59.0,42.6,20.8
2026-04-15 02:39:45,79.76,0.085,0.097,7.59,59.5,44.4,20.9
2026-04-15 02:39:46,79.43,0.085,0.098,7.56,58.4,41.8,20.9
2026-04-15 02:39:46,78.72,0.097,0.11,6.82,57.9,39.3,20.9
2026-04-15 02:39:46,79.37,0.097,0.12,6.03,57.9,32.8,20.9
2026-04-15 02:39:46,79.08,0.084,0.107,6.54,58.4,36.1,20.9
2026-04-15 02:39:46,78.64,0.086,0.107,7.12,59.5,41.4,20.9
2026-04-15 02:39:46,79.13,0.085,0.108,6.21,58.4,35.9,20.9
2026-04-15 02:39:46,74.92,0.087,0.1,7.38,58.4,41.1,20.9
2026-04-15 02:39:47,81.1,0.086,0.098,7.56,60.0,42.3,20.9
2026-04-15 02:39:47,82.65,0.099,0.111,6.87,59.5,43.1,20.9
2026-04-15 02:39:47,79.05,0.089,0.111,6.38,58.4,32.8,20.9
2026-04-15 02:39:47,79.39,0.108,0.131,5.38,57.9,37.0,20.9
2026-04-15 02:39:47,76.93,0.107,0.131,5.97,60.0,35.4,20.9
2026-04-15 02:39:47,76.78,0.095,0.118,6.53,59.0,37.1,20.9
2026-04-15 02:39:48,77.23,0.092,0.115,6.13,59.0,32.8,20.9
2026-04-15 02:39:48,78.28,0.097,0.121,5.8,59.0,36.2,20.9
2026-04-15 02:39:48,77.4,0.085,0.108,6.48,59.5,34.4,20.8
2026-04-15 02:39:48,78.91,0.082,0.096,7.68,59.0,36.7,20.8
2026-04-15 02:39:48,75.86,0.091,0.108,6.99,59.0,38.2,20.8
2026-04-15 02:39:48,76.54,0.084,0.107,6.31,59.0,25.0,20.8
2026-04-15 02:39:48,77.17,0.084,0.102,7.34,60.0,40.0,20.7
2026-04-15 02:39:49,78.59,0.085,0.108,6.08,59.5,34.4,20.7
2026-04-15 02:39:49,77.79,0.095,0.108,6.98,60.0,41.4,20.7
2026-04-15 02:39:49,76.19,0.086,0.115,6.11,60.0,37.3,20.7
2026-04-15 02:39:49,79.02,0.088,0.111,6.17,59.0,32.8,20.7
2026-04-15 02:39:49,77.63,0.087,0.111,6.0,58.4,32.3,20.8
2026-04-15 02:39:49,78.12,0.087,0.112,5.96,59.0,34.8,20.8
2026-04-15 02:39:50,77.13,0.09,0.107,5.94,59.5,35.8,20.8
2026-04-15 02:39:50,77.45,0.092,0.115,5.93,59.5,34.8,20.8
2026-04-15 02:39:50,74.18,0.088,0.11,6.13,59.0,32.3,20.9
2026-04-15 02:39:50,72.68,0.088,0.111,6.04,60.0,30.2,20.9
2026-04-15 02:39:50,74.65,0.084,0.105,6.13,60.0,34.4,20.9
2026-04-15 02:39:50,75.43,0.095,0.111,6.92,59.5,40.4,20.8
2026-04-15 02:39:51,75.43,0.088,0.111,6.27,59.5,34.9,20.9
2026-04-15 02:39:51,75.91,0.104,0.127,5.49,59.5,29.9,20.9
2026-04-15 02:39:51,77.02,0.085,0.107,6.76,60.0,39.3,20.9
2026-04-15 02:39:51,76.63,0.086,0.101,7.43,59.0,41.5,20.9
2026-04-15 02:39:51,76.71,0.083,0.093,7.67,60.0,43.4,20.9
2026-04-15 02:39:51,77.39,0.085,0.101,7.4,59.5,42.9,20.9
2026-04-15 02:39:51,76.49,0.085,0.099,7.55,59.5,38.5,20.9
2026-04-15 02:39:52,78.03,0.085,0.099,7.48,59.0,40.4,20.9
2026-04-15 02:39:52,76.34,0.093,0.107,7.07,59.5,42.9,20.9
2026-04-15 02:39:52,78.03,0.087,0.11,6.23,60.0,34.9,20.9
2026-04-15 02:39:52,77.3,0.086,0.101,7.42,61.7,37.3,20.9
2026-04-15 02:39:52,78.61,0.085,0.108,6.12,60.0,37.5,20.9
2026-04-15 02:39:52,78.41,0.086,0.102,7.37,59.0,38.5,20.9
2026-04-15 02:39:52,79.29,0.086,0.109,6.06,58.4,31.2,20.9
2026-04-15 02:39:53,80.15,0.097,0.111,6.9,59.5,41.8,20.9
2026-04-15 02:39:53,77.66,0.089,0.112,6.34,57.9,38.7,20.9
2026-04-15 02:39:53,77.66,0.085,0.107,6.16,58.4,31.3,20.9
2026-04-15 02:39:53,79.25,0.085,0.1,7.41,60.0,42.6,20.9
2026-04-15 02:39:53,79.07,0.088,0.101,7.39,60.6,44.4,20.9
2026-04-15 02:39:53,79.49,0.086,0.109,6.07,60.0,33.8,20.9
2026-04-15 02:39:54,78.94,0.086,0.099,7.53,60.0,36.0,20.9
2026-04-15 02:39:54,76.61,0.088,0.102,7.36,60.0,47.4,20.9
2026-04-15 02:39:54,76.46,0.083,0.105,6.22,58.4,31.7,20.9
2026-04-15 02:39:54,76.63,0.097,0.113,6.78,59.0,38.6,20.9
2026-04-15 02:39:54,75.47,0.096,0.119,6.03,60.0,36.8,20.9
2026-04-15 02:39:54,75.47,0.085,0.108,6.43,58.4,35.9,20.8
2026-04-15 02:39:54,75.24,0.105,0.119,6.54,59.0,36.8,20.7
2026-04-15 02:39:55,74.57,0.084,0.107,6.84,60.0,35.1,20.6
2026-04-15 02:39:55,74.68,0.089,0.106,7.13,60.0,47.4,20.7
2026-04-15 02:39:55,75.65,0.083,0.106,6.32,61.1,30.5,20.7
2026-04-15 02:39:55,75.68,0.083,0.1,7.5,61.1,36.5,20.7
2026-04-15 02:39:55,76.55,0.088,0.104,7.22,60.6,44.8,20.7
2026-04-15 02:39:55,76.15,0.093,0.116,5.84,60.0,30.2,20.7
2026-04-15 02:39:55,76.06,0.084,0.107,6.33,60.0,35.4,20.7
2026-04-15 02:39:56,75.53,0.085,0.098,7.46,60.0,37.3,20.7
2026-04-15 02:39:56,76.51,0.088,0.103,7.28,59.0,43.4,20.7
2026-04-15 02:39:56,75.61,0.087,0.111,6.04,60.6,33.8,20.7
2026-04-15 02:39:56,75.66,0.084,0.107,6.14,59.5,30.2,20.7
2026-04-15 02:39:56,76.21,0.094,0.108,7.0,59.5,43.1,20.7
2026-04-15 02:39:56,76.11,0.089,0.112,6.18,60.0,33.8,20.7
2026-04-15 02:39:57,76.68,0.086,0.109,6.11,60.6,37.3,20.6
2026-04-15 02:39:57,77.69,0.116,0.13,6.11,60.0,41.3,20.6
2026-04-15 02:39:57,77.42,0.086,0.102,7.36,59.5,41.1,20.6
2026-04-15 02:39:57,77.18,0.087,0.098,7.45,59.5,42.9,20.6
2026-04-15 02:39:57,77.58,0.098,0.11,6.9,59.5,45.6,20.6
2026-04-15 02:39:57,77.81,0.088,0.111,6.39,59.5,38.8,20.6
2026-04-15 02:39:57,77.02,0.089,0.112,5.98,59.0,31.2,20.6
2026-04-15 02:39:58,76.63,0.087,0.109,6.07,60.0,37.7,20.6
2026-04-15 02:39:58,77.75,0.114,0.125,6.21,59.5,51.6,20.6
2026-04-15 02:39:58,78.12,0.102,0.119,6.51,60.0,48.5,20.7
2026-04-15 02:39:58,76.27,0.085,0.107,6.64,60.0,36.1,20.7
2026-04-15 02:39:58,76.6,0.092,0.106,7.14,60.0,38.9,20.7
2026-04-15 02:39:58,76.2,0.088,0.111,6.19,60.6,37.9,20.6
2026-04-15 02:39:59,75.37,0.086,0.109,6.06,60.0,30.2,20.6
2026-04-15 02:39:59,75.51,0.086,0.099,7.5,58.4,38.0,20.6
2026-04-15 02:39:59,76.85,0.088,0.102,7.38,60.0,36.0,20.6
2026-04-15 02:39:59,78.17,0.086,0.108,6.1,59.0,35.8,20.6
2026-04-15 02:39:59,81.02,0.087,0.101,7.4,60.6,45.8,20.6
2026-04-15 02:39:59,74.94,0.089,0.101,7.39,60.0,42.3,20.6
2026-04-15 02:39:59,79.98,0.086,0.111,6.03,60.0,32.3,20.6
2026-04-15 02:40:00,80.37,0.086,0.11,6.08,60.6,34.3,20.6
2026-04-15 02:40:00,79.57,0.086,0.098,7.47,59.5,42.9,20.6
2026-04-15 02:40:00,80.12,0.091,0.103,7.27,60.0,43.6,20.6
2026-04-15 02:40:00,78.52,0.097,0.12,5.79,60.0,31.8,20.6
2026-04-15 02:40:00,78.63,0.086,0.109,6.45,59.5,34.4,20.6
2026-04-15 02:40:00,76.02,0.085,0.098,7.52,60.6,42.6,20.6
2026-04-15 02:40:00,77.96,0.1,0.112,6.77,60.6,36.4,20.6
2026-04-15 02:40:01,79.51,0.091,0.113,6.34,59.5,34.4,20.6
2026-04-15 02:40:01,78.69,0.087,0.11,6.14,60.0,36.4,20.6
2026-04-15 02:40:01,77.48,0.085,0.108,6.1,59.0,34.8,20.6
2026-04-15 02:40:01,77.28,0.089,0.103,7.26,60.0,40.7,20.6
2026-04-15 02:40:01,78.91,0.102,0.126,5.56,59.0,38.2,20.6
2026-04-15 02:40:01,79.46,0.095,0.118,6.29,58.4,37.5,20.6
2026-04-15 02:40:02,79.31,0.091,0.112,6.15,59.5,36.9,20.6
2026-04-15 02:40:02,79.43,0.088,0.109,6.11,59.5,38.6,20.6
2026-04-15 02:40:02,81.08,0.09,0.106,7.15,60.0,43.1,20.6
2026-04-15 02:40:02,78.18,0.109,0.132,5.51,60.0,36.1,20.6
2026-04-15 02:40:02,79.05,0.09,0.112,6.78,60.0,38.6,20.6
2026-04-15 02:40:02,80.33,0.086,0.109,6.15,60.6,34.8,20.6
2026-04-15 02:40:03,79.29,0.086,0.1,7.48,60.0,39.2,20.6
2026-04-15 02:40:03,78.6,0.086,0.098,7.53,59.5,41.2,20.6
2026-04-15 02:40:03,79.3,0.1,0.113,6.78,60.0,44.3,20.6
2026-04-15 02:40:03,80.01,0.102,0.124,5.94,60.0,39.1,20.6
2026-04-15 02:40:03,79.14,0.089,0.11,6.51,60.0,37.1,20.6
2026-04-15 02:40:03,80.07,0.091,0.114,5.92,60.0,34.3,20.6
2026-04-15 02:40:03,80.18,0.088,0.111,6.11,60.6,29.0,20.6
2026-04-15 02:40:04,79.59,0.084,0.107,6.16,60.6,35.4,20.7
2026-04-15 02:40:04,79.09,0.09,0.105,7.18,60.0,38.9,20.7
2026-04-15 02:40:04,79.97,0.093,0.117,5.87,60.6,38.0,20.7
2026-04-15 02:40:04,79.95,0.087,0.11,6.24,59.5,32.3,20.7
2026-04-15 02:40:04,79.17,0.088,0.1,7.48,60.0,41.5,20.8
2026-04-15 02:40:04,80.12,0.089,0.1,7.43,60.6,46.4,20.8
2026-04-15 02:40:05,78.93,0.091,0.114,5.94,60.6,32.3,20.8
2026-04-15 02:40:05,79.37,0.107,0.13,5.48,60.6,41.8,20.9
2026-04-15 02:40:05,79.67,0.094,0.118,6.49,60.0,37.3,20.9
2026-04-15 02:40:05,79.52,0.091,0.114,6.15,60.6,34.9,20.8
2026-04-15 02:40:05,79.02,0.088,0.111,6.11,60.6,36.2,20.8
2026-04-15 02:40:05,80.08,0.095,0.118,5.73,60.6,34.3,20.8
2026-04-15 02:40:06,81.23,0.088,0.111,6.27,59.0,33.3,20.8
2026-04-15 02:40:06,79.89,0.099,0.121,5.65,59.5,37.0,20.8
2026-04-15 02:40:06,80.42,0.087,0.112,6.38,59.5,37.1,20.8
2026-04-15 02:40:06,79.5,0.089,0.112,6.01,60.6,32.3,20.7
2026-04-15 02:40:06,79.53,0.091,0.115,5.9,59.0,38.0,20.7
2026-04-15 02:40:06,79.32,0.087,0.109,6.19,58.4,32.3,20.7
2026-04-15 02:40:06,79.68,0.089,0.101,7.36,60.0,39.6,20.7
2026-04-15 02:40:07,80.23,0.087,0.11,6.09,60.6,34.4,20.7
2026-04-15 02:40:07,80.42,0.088,0.1,7.35,60.0,36.5,20.7
2026-04-15 02:40:07,80.55,0.088,0.115,5.89,60.6,33.3,20.7
2026-04-15 02:40:07,79.52,0.102,0.125,5.68,60.6,38.0,20.7
2026-04-15 02:40:07,80.26,0.09,0.113,6.45,59.0,37.1,20.7
2026-04-15 02:40:07,79.75,0.094,0.117,5.88,59.5,35.3,20.7
2026-04-15 02:40:08,79.79,0.089,0.112,6.2,59.5,37.3,20.7
2026-04-15 02:40:08,81.19,0.09,0.113,5.97,60.6,35.8,20.7
2026-04-15 02:40:08,79.91,0.09,0.101,7.38,61.7,43.4,20.7
2026-04-15 02:40:08,80.44,0.09,0.113,6.07,58.4,35.4,20.7
2026-04-15 02:40:08,81.1,0.095,0.117,5.83,60.6,32.8,20.7
2026-04-15 02:40:08,80.08,0.094,0.118,6.02,60.6,38.2,20.7
2026-04-15 02:40:09,80.44,0.1,0.124,5.79,58.4,38.0,20.7
2026-04-15 02:40:09,81.5,0.089,0.112,6.45,59.5,37.1,20.7
2026-04-15 02:40:09,81.2,0.089,0.112,6.02,59.5,35.8,20.7
2026-04-15 02:40:09,81.15,0.094,0.115,5.82,60.6,33.8,20.7
2026-04-15 02:40:09,79.74,0.093,0.116,6.04,60.0,32.8,20.7
2026-04-15 02:40:09,80.77,0.112,0.135,5.38,60.6,35.1,20.7
2026-04-15 02:40:10,80.32,0.092,0.112,6.83,60.0,42.6,20.7
2026-04-15 02:40:10,80.21,0.106,0.128,5.54,58.4,39.4,20.7
2026-04-15 02:40:10,81.04,0.098,0.121,6.28,60.0,38.5,20.7
2026-04-15 02:40:10,80.56,0.09,0.113,6.34,61.1,32.8,20.7
2026-04-15 02:40:10,80.97,0.089,0.11,6.01,60.6,35.3,20.7
2026-04-15 02:40:10,80.72,0.09,0.111,5.96,60.0,37.1,20.8
2026-04-15 02:40:11,80.57,0.093,0.117,5.88,60.6,32.3,20.8
2026-04-15 02:40:11,80.56,0.089,0.112,6.18,60.6,38.8,20.8
2026-04-15 02:40:11,79.78,0.09,0.113,5.96,59.5,34.8,20.9
2026-04-15 02:40:11,80.68,0.088,0.105,6.08,59.5,33.8,20.9
2026-04-15 02:40:11,80.34,0.087,0.11,6.05,60.6,34.8,20.9
2026-04-15 02:40:11,81.5,0.087,0.102,7.32,60.0,41.8,21.0
2026-04-15 02:40:12,77.65,0.088,0.112,6.04,60.6,33.9,21.0
2026-04-15 02:40:12,68.16,0.099,0.122,5.62,60.6,35.6,21.0
2026-04-15 02:40:12,0.0,0.104,0.128,5.82,59.5,36.9,21.0
2026-04-15 02:40:12,0.0,0.09,0.113,6.56,61.1,48.3,21.0
2026-04-15 02:40:12,0.0,0.109,0.131,5.41,59.0,35.1,21.0
2026-04-15 02:40:12,0.0,0.095,0.117,6.55,60.0,39.3,21.0
2026-04-15 02:40:13,0.0,0.089,0.112,6.22,61.1,32.3,21.0
2026-04-15 02:40:13,0.0,0.089,0.111,6.01,60.6,35.3,21.1
2026-04-15 02:40:13,0.0,0.101,0.124,5.58,60.0,34.3,21.1
2026-04-15 02:40:13,0.0,0.098,0.121,6.12,59.5,36.9,21.1
2026-04-15 02:40:13,0.0,0.094,0.118,6.1,60.6,34.4,21.1
2026-04-15 02:40:13,0.0,0.085,0.107,6.45,61.1,35.5,21.1
2026-04-15 02:40:14,0.0,0.084,0.103,7.35,61.1,34.7,21.1
2026-04-15 02:40:14,0.0,0.085,0.109,6.08,60.6,33.8,21.1
2026-04-15 02:40:14,0.0,0.085,0.099,7.57,61.1,38.5,21.1
2026-04-15 02:40:14,0.0,0.085,0.101,7.43,61.7,42.6,21.1
2026-04-15 02:40:14,0.0,0.085,0.099,7.54,61.1,40.4,21.1
2026-04-15 02:40:14,0.0,0.1,0.113,6.76,60.0,38.6,21.1
2026-04-15 02:40:14,0.0,0.092,0.114,6.3,60.6,36.5,21.2
2026-04-15 02:40:15,0.0,0.088,0.111,6.16,59.5,31.7,21.2
2026-04-15 02:40:15,0.0,0.105,0.131,5.37,60.6,35.7,21.2
2026-04-15 02:40:15,0.0,0.112,0.135,5.84,60.0,37.3,21.1
2026-04-15 02:40:15,0.0,0.094,0.113,6.72,60.6,37.9,21.1
2026-04-15 02:40:15,0.0,0.088,0.111,6.25,60.0,34.9,21.1
2026-04-15 02:40:15,0.0,0.094,0.106,7.16,60.6,40.7,21.1
2026-04-15 02:40:16,0.0,0.103,0.126,5.65,60.6,30.3,21.2
2026-04-15 02:40:16,0.0,0.091,0.115,6.48,61.1,38.7,21.1
2026-04-15 02:40:16,0.0,0.092,0.114,6.03,60.6,36.4,21.1
2026-04-15 02:40:16,0.0,0.087,0.11,6.17,59.0,36.4,21.0
2026-04-15 02:40:16,0.0,0.088,0.1,7.44,60.0,38.0,21.0
2026-04-15 02:40:16,0.0,0.095,0.106,7.12,62.2,43.1,21.0
2026-04-15 02:40:16,0.0,0.095,0.118,6.01,60.6,35.4,21.0
2026-04-15 02:40:17,0.0,0.087,0.109,6.29,59.5,34.4,21.0
2026-04-15 02:40:17,0.0,0.086,0.098,7.58,60.6,41.2,21.0
2026-04-15 02:40:17,0.0,0.09,0.103,7.32,61.1,38.0,21.0
2026-04-15 02:40:17,0.0,0.088,0.118,5.81,61.1,33.8,21.0
2026-04-15 02:40:17,0.0,0.089,0.11,6.24,61.1,38.1,21.1
2026-04-15 02:40:17,0.0,0.086,0.109,6.11,61.1,35.8,21.1
2026-04-15 02:40:18,0.0,0.103,0.115,6.66,61.1,41.9,21.1
2026-04-15 02:40:18,0.0,0.087,0.11,6.64,59.5,34.5,21.1
2026-04-15 02:40:18,0.0,0.1,0.114,6.71,60.6,40.4,21.1
2026-04-15 02:40:18,0.0,0.107,0.13,5.82,60.0,36.4,21.1
2026-04-15 02:40:18,0.0,0.098,0.12,6.36,60.0,38.3,21.1
2026-04-15 02:40:18,0.0,0.088,0.111,6.4,61.1,37.5,21.0
2026-04-15 02:40:18,0.0,0.087,0.104,7.27,61.1,32.7,21.0
2026-04-15 02:40:19,0.0,0.104,0.127,5.59,60.6,34.8,21.0
2026-04-15 02:40:19,0.0,0.103,0.125,6.04,61.1,37.3,21.0
2026-04-15 02:40:19,0.0,0.087,0.108,6.65,61.1,39.3,21.0
2026-04-15 02:40:19,0.0,0.103,0.115,6.7,60.0,38.6,20.9
2026-04-15 02:40:19,0.0,0.087,0.11,6.62,61.1,33.9,20.9
2026-04-15 02:40:19,0.0,0.097,0.108,6.99,60.6,43.9,20.9
2026-04-15 02:40:20,0.0,0.094,0.117,6.12,60.6,39.1,20.9
2026-04-15 02:40:20,0.0,0.213,0.239,3.47,61.7,64.3,20.9
2026-04-15 02:40:20,0.0,0.187,0.199,4.14,62.2,86.3,20.6
2026-04-15 02:40:20,0.0,0.101,0.125,5.63,61.7,31.4,20.6
2026-04-15 02:40:20,0.0,0.091,0.114,6.4,59.5,40.0,20.6
2026-04-15 02:40:21,0.0,0.093,0.111,5.92,60.0,38.0,20.6
2026-04-15 02:40:21,0.0,0.088,0.112,6.18,61.1,33.9,20.6
2026-04-15 02:40:21,0.0,0.108,0.118,6.56,61.7,41.0,20.6
2026-04-15 02:40:21,0.0,0.087,0.111,6.83,60.6,37.9,20.5
2026-04-15 02:40:21,0.0,0.088,0.099,7.51,61.1,42.3,20.5
2026-04-15 02:40:21,78.08,0.088,0.1,7.44,60.6,41.8,20.5
2026-04-15 02:40:21,80.55,0.105,0.129,5.41,61.1,31.9,20.5
2026-04-15 02:40:22,81.35,0.09,0.113,6.62,61.1,36.7,20.4
2026-04-15 02:40:22,81.23,0.088,0.111,6.08,62.8,38.2,20.4
2026-04-15 02:40:22,80.94,0.093,0.105,7.2,60.6,37.3,20.4
2026-04-15 02:40:22,80.97,0.102,0.127,5.66,60.6,41.1,20.4
2026-04-15 02:40:22,80.27,0.11,0.132,5.78,61.7,38.6,20.4
2026-04-15 02:40:22,80.86,0.086,0.109,7.01,61.1,39.0,20.4
2026-04-15 02:40:23,80.22,0.089,0.104,7.24,61.1,46.7,20.5
2026-04-15 02:40:23,80.98,0.097,0.121,5.77,61.1,33.8,20.5
2026-04-15 02:40:23,81.3,0.084,0.108,6.55,62.2,32.8,20.5
2026-04-15 02:40:23,80.96,0.096,0.107,6.88,61.1,42.9,20.5
2026-04-15 02:40:23,80.59,0.107,0.131,5.65,60.6,41.3,20.6
2026-04-15 02:40:23,79.14,0.099,0.122,6.35,61.1,35.5,20.6
2026-04-15 02:40:24,79.44,0.104,0.127,5.82,60.0,38.9,20.5
2026-04-15 02:40:24,79.77,0.088,0.112,6.54,61.1,39.7,20.5
2026-04-15 02:40:24,78.44,0.092,0.115,5.95,61.7,32.3,20.5
2026-04-15 02:40:24,80.2,0.092,0.115,6.0,61.1,33.8,20.5
2026-04-15 02:40:24,79.92,0.088,0.111,6.14,60.0,35.4,20.5
2026-04-15 02:40:24,78.61,0.088,0.112,5.98,61.1,32.3,20.5
2026-04-15 02:40:25,79.17,0.092,0.115,5.87,61.1,34.3,20.5
2026-04-15 02:40:25,80.03,0.106,0.132,5.45,60.6,37.8,20.5
2026-04-15 02:40:25,80.58,0.088,0.11,6.9,60.6,41.7,20.5
2026-04-15 02:40:25,79.98,0.088,0.112,5.97,61.1,31.7,20.5
2026-04-15 02:40:25,79.86,0.087,0.11,6.05,61.1,33.8,20.6
2026-04-15 02:40:25,78.65,0.087,0.099,7.49,61.1,40.0,20.6
2026-04-15 02:40:25,79.05,0.096,0.108,7.03,61.7,43.9,20.6
2026-04-15 02:40:26,79.91,0.091,0.114,6.2,60.6,37.3,20.6
2026-04-15 02:40:26,79.79,0.087,0.109,6.16,61.7,37.9,20.6
2026-04-15 02:40:26,79.98,0.098,0.108,6.91,60.0,41.4,20.6
2026-04-15 02:40:26,80.43,0.103,0.125,5.83,61.1,37.1,20.6
2026-04-15 02:40:26,80.9,0.088,0.113,6.54,61.1,38.7,20.6
2026-04-15 02:40:26,80.04,0.084,0.107,6.2,62.8,37.3,20.6
2026-04-15 02:40:27,80.44,0.087,0.101,7.37,62.2,40.4,20.6
2026-04-15 02:40:27,79.68,0.089,0.102,7.33,61.7,42.6,20.6
2026-04-15 02:40:27,79.67,0.087,0.11,6.1,60.0,32.8,20.5
2026-04-15 02:40:27,79.07,0.089,0.101,7.39,61.7,40.4,20.5
2026-04-15 02:40:27,80.22,0.101,0.123,5.58,61.7,37.1,20.6
2026-04-15 02:40:27,79.6,0.088,0.111,6.52,61.7,34.4,20.6
2026-04-15 02:40:28,80.0,0.085,0.108,6.13,60.6,35.4,20.6
2026-04-15 02:40:28,79.54,0.086,0.101,7.41,60.6,42.1,20.6
2026-04-15 02:40:28,78.82,0.095,0.107,7.04,61.7,40.7,20.5
2026-04-15 02:40:28,79.72,0.096,0.119,5.97,60.6,36.4,20.5
2026-04-15 02:40:28,80.69,0.096,0.119,6.0,61.1,36.4,20.5
2026-04-15 02:40:28,80.42,0.102,0.128,5.68,60.6,40.8,20.4
2026-04-15 02:40:28,81.09,0.09,0.113,6.61,60.0,35.6,20.4
2026-04-15 02:40:29,80.31,0.085,0.107,6.15,60.6,32.8,20.4
2026-04-15 02:40:29,79.37,0.104,0.116,6.6,61.1,44.4,20.5
2026-04-15 02:40:29,79.94,0.088,0.112,6.62,61.7,34.5,20.5
2026-04-15 02:40:29,80.22,0.088,0.111,6.0,60.0,33.8,20.5
2026-04-15 02:40:29,80.15,0.086,0.105,6.09,61.1,33.8,20.5
2026-04-15 02:40:29,79.66,0.085,0.098,7.57,61.7,37.5,20.5
2026-04-15 02:40:30,80.11,0.109,0.123,6.36,60.6,39.3,20.5
2026-04-15 02:40:30,79.81,0.124,0.144,5.52,60.6,42.5,20.5
2026-04-15 02:40:30,80.66,0.094,0.116,5.9,61.7,31.2,20.5
2026-04-15 02:40:30,79.99,0.105,0.128,5.61,60.6,39.5,20.5
2026-04-15 02:40:30,79.34,0.093,0.116,6.5,62.8,37.7,20.5
2026-04-15 02:40:30,80.04,0.09,0.113,6.11,62.8,37.3,20.4
2026-04-15 02:40:31,80.4,0.091,0.114,5.95,61.1,35.8,20.5
2026-04-15 02:40:31,80.72,0.112,0.136,5.31,60.6,36.8,20.4
2026-04-15 02:40:31,80.47,0.09,0.109,6.95,60.6,38.2,20.4
2026-04-15 02:40:31,80.18,0.115,0.137,5.22,61.7,34.7,20.4
2026-04-15 02:40:31,80.17,0.084,0.101,7.4,61.7,38.9,20.4
2026-04-15 02:40:31,80.36,0.087,0.102,7.36,62.2,41.5,20.4
2026-04-15 02:40:32,80.24,0.089,0.112,5.92,60.6,34.3,20.5
2026-04-15 02:40:32,80.26,0.095,0.119,5.78,62.8,34.3,20.5
2026-04-15 02:40:32,80.65,0.09,0.113,6.2,60.6,36.4,20.5
2026-04-15 02:40:32,80.18,0.09,0.114,5.99,61.1,33.8,20.5
2026-04-15 02:40:32,80.35,0.095,0.118,5.85,60.6,38.8,20.5
2026-04-15 02:40:32,79.69,0.094,0.116,6.04,61.7,34.8,20.5
2026-04-15 02:40:33,80.75,0.09,0.111,6.16,61.7,37.9,20.5
2026-04-15 02:40:33,80.65,0.094,0.117,5.85,61.7,36.6,20.5
2026-04-15 02:40:33,80.75,0.092,0.115,6.06,61.1,33.8,20.5
2026-04-15 02:40:33,81.0,0.094,0.117,5.93,60.6,34.8,20.4
2026-04-15 02:40:33,80.17,0.108,0.129,5.55,62.2,36.6,20.4
2026-04-15 02:40:33,80.27,0.097,0.118,6.42,61.1,38.3,20.5
2026-04-15 02:40:34,80.79,0.086,0.109,6.42,62.2,38.1,20.5
2026-04-15 02:40:34,79.71,0.086,0.097,7.52,61.7,40.0,20.5
2026-04-15 02:40:34,80.29,0.1,0.112,6.77,61.7,39.7,20.6
2026-04-15 02:40:34,80.11,0.088,0.111,6.46,62.2,32.2,20.6
2026-04-15 02:40:34,79.52,0.086,0.108,6.1,62.8,36.9,20.5
2026-04-15 02:40:34,78.97,0.087,0.1,7.47,62.2,41.5,20.6
2026-04-15 02:40:34,79.65,0.09,0.102,7.32,61.7,40.7,20.6
2026-04-15 02:40:35,79.81,0.09,0.113,5.99,61.7,33.3,20.6
2026-04-15 02:40:35,79.43,0.111,0.134,5.33,62.2,30.4,20.6
2026-04-15 02:40:35,79.57,0.089,0.11,6.93,62.2,37.5,20.6
2026-04-15 02:40:35,79.51,0.105,0.128,5.48,61.1,30.4,20.6
2026-04-15 02:40:35,80.47,0.091,0.112,6.55,61.7,36.7,20.6
2026-04-15 02:40:35,79.92,0.089,0.112,6.06,61.7,34.8,20.6
2026-04-15 02:40:36,80.57,0.098,0.121,5.71,60.6,33.3,20.6
2026-04-15 02:40:36,80.73,0.096,0.116,6.06,60.6,36.5,20.6
2026-04-15 02:40:36,80.61,0.093,0.116,6.15,62.2,35.8,20.6
2026-04-15 02:40:36,79.33,0.09,0.112,6.11,60.6,36.9,20.7
2026-04-15 02:40:36,80.29,0.118,0.141,5.12,61.7,35.4,20.7
2026-04-15 02:40:36,79.88,0.088,0.102,7.36,61.1,40.0,20.7
2026-04-15 02:40:37,80.65,0.087,0.11,6.01,62.8,32.8,20.7
2026-04-15 02:40:37,80.98,0.088,0.1,7.47,61.1,40.7,20.7
2026-04-15 02:40:37,80.81,0.089,0.112,5.97,61.7,37.7,20.8
2026-04-15 02:40:37,79.89,0.088,0.111,6.05,62.2,33.3,20.8
2026-04-15 02:40:37,79.75,0.106,0.114,6.57,62.2,48.4,20.7
2026-04-15 02:40:37,80.56,0.096,0.119,6.42,61.7,37.7,20.7
2026-04-15 02:40:37,81.09,0.086,0.109,6.36,62.2,35.0,20.8
2026-04-15 02:40:38,80.6,0.084,0.095,7.65,61.1,40.4,20.8
2026-04-15 02:40:38,80.53,0.088,0.103,7.3,61.1,42.9,20.8
2026-04-15 02:40:38,80.84,0.085,0.109,6.07,61.7,32.8,20.8
2026-04-15 02:40:38,81.72,0.087,0.1,7.42,62.8,44.6,20.8
2026-04-15 02:40:38,80.92,0.101,0.113,6.78,60.0,41.1,20.8
2026-04-15 02:40:38,81.33,0.087,0.11,6.59,61.7,33.9,20.8
2026-04-15 02:40:38,80.66,0.109,0.122,6.4,62.2,41.7,20.8
2026-04-15 02:40:39,81.08,0.113,0.132,5.88,61.7,35.4,20.8
2026-04-15 02:40:39,80.47,0.089,0.108,7.01,60.6,40.4,20.8
2026-04-15 02:40:39,81.31,0.1,0.122,5.62,62.2,35.2,20.8
2026-04-15 02:40:39,79.42,0.105,0.128,5.83,62.8,37.7,20.8
2026-04-15 02:40:39,81.17,0.087,0.11,6.74,61.7,37.3,20.8
2026-04-15 02:40:39,81.1,0.103,0.126,5.48,61.1,32.4,20.8
2026-04-15 02:40:40,80.94,0.109,0.131,5.8,62.2,42.3,20.8
2026-04-15 02:40:40,80.72,0.089,0.111,6.8,62.2,37.9,20.8
2026-04-15 02:40:40,81.56,0.089,0.112,6.01,62.8,32.8,20.8
2026-04-15 02:40:40,81.58,0.088,0.11,6.01,62.8,32.8,20.8
2026-04-15 02:40:40,80.82,0.307,0.316,2.8,61.7,94.3,20.1
2026-04-15 02:40:41,80.63,0.111,0.132,6.04,62.8,43.8,20.1
2026-04-15 02:40:41,80.37,0.088,0.109,6.98,63.4,39.7,20.0
2026-04-15 02:40:41,79.62,0.089,0.112,5.98,62.8,35.8,20.0
2026-04-15 02:40:41,80.51,0.101,0.125,5.54,62.2,33.8,20.0
2026-04-15 02:40:41,82.11,0.089,0.112,6.54,62.2,37.7,20.0
2026-04-15 02:40:41,81.43,0.089,0.108,6.01,61.7,37.7,20.0
2026-04-15 02:40:42,80.42,0.087,0.108,6.07,62.2,34.4,20.0
2026-04-15 02:40:42,78.03,0.092,0.103,7.26,62.8,46.6,19.9
2026-04-15 02:40:42,80.07,0.089,0.112,6.1,61.7,31.1,19.9
2026-04-15 02:40:42,79.8,0.108,0.131,5.39,61.7,37.5,19.9
2026-04-15 02:40:42,80.16,0.089,0.112,6.78,62.2,41.9,19.9
2026-04-15 02:40:42,81.28,0.088,0.111,6.03,62.2,31.2,19.9
2026-04-15 02:40:43,81.26,0.088,0.11,6.01,62.8,31.7,19.9
2026-04-15 02:40:43,80.58,0.088,0.111,6.01,62.8,34.8,19.9
2026-04-15 02:40:43,80.68,0.088,0.111,5.98,62.8,28.3,19.9
2026-04-15 02:40:43,80.76,0.091,0.114,5.89,61.7,38.0,19.8
2026-04-15 02:40:43,81.11,0.088,0.111,6.12,62.2,37.3,19.8
2026-04-15 02:40:43,80.69,0.091,0.112,5.9,62.8,33.3,19.8
2026-04-15 02:40:44,80.32,0.097,0.12,5.8,61.7,34.3,19.7
2026-04-15 02:40:44,80.11,0.087,0.11,6.37,61.7,35.5,19.7
2026-04-15 02:40:44,80.96,0.086,0.108,6.04,62.2,35.8,19.8
2026-04-15 02:40:44,80.87,0.089,0.101,7.37,62.2,43.6,19.7
2026-04-15 02:40:44,81.09,0.088,0.111,6.03,62.8,31.7,19.7
2026-04-15 02:40:44,81.04,0.093,0.117,5.81,61.7,37.5,19.8
2026-04-15 02:40:45,80.55,0.09,0.113,6.1,62.8,38.2,19.8
2026-04-15 02:40:45,81.07,0.122,0.141,5.07,62.8,43.7,19.8
2026-04-15 02:40:45,81.32,0.091,0.114,5.9,61.7,33.3,19.8
2026-04-15 02:40:45,80.96,0.097,0.12,5.8,62.2,38.0,19.8
2026-04-15 02:40:45,80.24,0.117,0.14,5.35,62.2,36.8,19.9
2026-04-15 02:40:45,80.8,0.087,0.103,7.33,62.2,41.1,19.9
2026-04-15 02:40:46,80.67,0.105,0.115,6.62,62.8,40.4,19.9
2026-04-15 02:40:46,81.62,0.098,0.121,6.26,62.8,36.5,19.9
2026-04-15 02:40:46,80.9,0.097,0.12,6.05,62.8,36.9,19.9
2026-04-15 02:40:46,81.75,0.088,0.11,6.32,61.7,35.9,19.9
2026-04-15 02:40:46,81.84,0.108,0.13,5.38,62.2,33.8,20.0
2026-04-15 02:40:46,80.86,0.098,0.12,6.38,62.2,38.7,20.0
2026-04-15 02:40:47,81.22,0.091,0.114,6.24,62.2,38.5,20.0
2026-04-15 02:40:47,80.56,0.102,0.125,5.62,62.2,37.5,20.0
2026-04-15 02:40:47,80.76,0.089,0.112,6.54,61.1,37.7,20.0
2026-04-15 02:40:47,80.95,0.118,0.137,5.11,62.2,37.2,20.0
2026-04-15 02:40:47,79.79,0.094,0.106,7.01,61.1,44.1,20.0
2026-04-15 02:40:47,81.08,0.089,0.112,6.19,63.4,32.3,20.0
2026-04-15 02:40:48,81.94,0.097,0.12,5.75,62.8,37.5,20.0
2026-04-15 02:40:48,81.61,0.096,0.119,6.04,62.8,35.9,20.0
2026-04-15 02:40:48,81.1,0.086,0.111,6.31,61.7,33.9,20.0
2026-04-15 02:40:48,81.73,0.086,0.099,7.45,61.1,42.6,20.1
2026-04-15 02:40:48,80.86,0.088,0.111,6.03,62.2,34.4,20.1
2026-04-15 02:40:48,81.02,0.089,0.113,5.94,62.2,34.3,20.1
2026-04-15 02:40:49,81.66,0.088,0.111,6.05,62.2,34.8,20.1
2026-04-15 02:40:49,81.53,0.115,0.138,5.15,61.7,33.8,20.2
2026-04-15 02:40:49,81.02,0.088,0.105,7.21,61.7,38.2,20.2
2026-04-15 02:40:49,81.09,0.088,0.11,6.01,61.7,35.8,20.2
2026-04-15 02:40:49,81.34,0.09,0.1,7.38,62.2,41.5,20.1
2026-04-15 02:40:49,81.52,0.099,0.122,5.68,61.1,36.6,20.1
2026-04-15 02:40:49,81.22,0.088,0.111,6.43,62.2,34.4,20.1
2026-04-15 02:40:50,80.41,0.112,0.137,5.2,62.2,36.8,20.1
2026-04-15 02:40:50,81.4,0.102,0.118,6.49,62.2,35.1,20.1
2026-04-15 02:40:50,81.07,0.092,0.115,6.38,62.8,37.1,20.1
2026-04-15 02:40:50,80.96,0.092,0.115,6.0,62.2,37.3,20.1
2026-04-15 02:40:50,80.9,0.09,0.109,6.08,62.8,33.3,20.1
2026-04-15 02:40:51,81.04,0.101,0.123,5.63,61.7,37.5,20.1
2026-04-15 02:40:51,80.8,0.102,0.125,5.88,62.2,33.3,20.1
2026-04-15 02:40:51,80.08,0.087,0.109,6.7,61.7,37.3,20.1
2026-04-15 02:40:51,80.3,0.09,0.108,7.03,62.8,37.7,20.1
2026-04-15 02:40:51,80.09,0.101,0.123,5.83,62.8,35.8,20.1
2026-04-15 02:40:51,79.22,0.109,0.132,5.72,62.8,33.3,20.1
2026-04-15 02:40:51,80.47,0.096,0.12,6.46,61.1,36.7,20.1
2026-04-15 02:40:52,80.52,0.087,0.109,6.41,61.1,38.1,20.1
2026-04-15 02:40:52,80.3,0.095,0.107,7.09,63.4,41.1,20.1
2026-04-15 02:40:52,80.28,0.109,0.131,5.5,63.4,34.3,20.2
2026-04-15 02:40:52,80.11,0.111,0.134,5.95,62.8,40.0,20.1
2026-04-15 02:40:52,80.71,0.089,0.112,6.85,62.2,36.4,20.1
2026-04-15 02:40:52,80.11,0.089,0.112,6.05,61.7,35.8,20.1
2026-04-15 02:40:53,80.08,0.093,0.116,5.86,62.8,30.2,20.1
2026-04-15 02:40:53,79.83,0.093,0.116,6.0,61.7,32.8,20.1
2026-04-15 02:40:53,78.63,0.096,0.119,5.91,61.1,34.3,20.0
2026-04-15 02:40:53,78.98,0.088,0.111,6.29,61.7,37.5,20.0
2026-04-15 02:40:53,80.55,0.088,0.111,6.01,62.8,34.4,20.0
2026-04-15 02:40:53,80.64,0.104,0.128,5.47,63.4,33.3,20.0
2026-04-15 02:40:54,79.18,0.104,0.127,6.02,62.8,36.9,20.0
2026-04-15 02:40:54,80.31,0.106,0.129,5.95,61.7,35.9,20.0
2026-04-15 02:40:54,79.05,0.093,0.114,6.5,61.1,39.7,20.0
2026-04-15 02:40:54,79.1,0.089,0.112,6.13,63.4,35.4,20.0
2026-04-15 02:40:54,78.18,0.097,0.119,5.75,62.2,34.3,20.0
2026-04-15 02:40:54,79.09,0.095,0.118,6.07,63.4,32.3,20.0
2026-04-15 02:40:55,79.06,0.094,0.112,6.02,62.2,39.1,20.0
2026-04-15 02:40:55,79.92,0.104,0.126,5.68,62.8,37.3,20.0
2026-04-15 02:40:55,79.64,0.087,0.109,6.69,62.2,37.1,20.0
2026-04-15 02:40:55,79.98,0.09,0.113,5.89,61.7,38.0,20.1
2026-04-15 02:40:55,80.79,0.097,0.12,5.75,63.4,31.3,20.1
2026-04-15 02:40:55,80.58,0.085,0.11,6.4,63.4,39.1,20.1
2026-04-15 02:40:56,81.39,0.09,0.101,7.36,62.8,41.5,20.1
2026-04-15 02:40:56,80.45,0.086,0.11,6.12,63.4,31.7,20.1
2026-04-15 02:40:56,80.63,0.085,0.098,7.56,63.4,40.4,20.2
2026-04-15 02:40:56,81.8,0.089,0.102,7.32,63.9,39.2,20.1
2026-04-15 02:40:56,81.44,0.09,0.113,5.97,62.8,36.8,20.2
2026-04-15 02:40:56,81.42,0.107,0.13,5.43,63.4,37.3,20.1
2026-04-15 02:40:56,81.36,0.084,0.106,6.95,63.4,38.6,20.1
2026-04-15 02:40:57,81.11,0.09,0.104,7.23,62.2,41.1,20.1
2026-04-15 02:40:57,80.77,0.294,0.337,2.56,63.9,80.4,20.0
2026-04-15 02:40:57,80.98,0.104,0.12,6.39,62.8,50.0,20.0
2026-04-15 02:40:57,80.35,0.096,0.119,6.31,63.9,35.5,20.0
2026-04-15 02:40:58,80.84,0.096,0.117,5.99,63.4,38.8,19.9
2026-04-15 02:40:58,81.22,0.091,0.114,6.16,62.8,35.4,19.9
2026-04-15 02:40:58,81.03,0.084,0.106,6.3,62.2,40.3,19.9
2026-04-15 02:40:58,81.9,0.085,0.101,7.42,63.9,47.5,19.9
2026-04-15 02:40:58,82.83,0.092,0.105,7.14,63.9,36.0,19.9
2026-04-15 02:40:58,82.73,0.093,0.115,5.99,63.9,41.4,19.9
2026-04-15 02:40:58,83.17,0.097,0.12,5.86,63.9,43.3,19.9
2026-04-15 02:40:59,83.04,0.092,0.115,6.16,63.9,37.5,19.9
2026-04-15 02:40:59,80.07,0.084,0.104,6.33,62.8,38.5,19.9
2026-04-15 02:40:59,81.93,0.086,0.104,7.23,63.4,45.6,19.9
2026-04-15 02:40:59,83.07,0.085,0.108,6.14,63.4,37.3,19.9
2026-04-15 02:40:59,82.83,0.091,0.105,7.18,63.4,43.9,19.9
2026-04-15 02:40:59,79.04,0.085,0.108,6.22,63.4,35.4,19.9
2026-04-15 02:40:59,80.76,0.088,0.101,7.38,64.5,41.5,19.9
2026-04-15 02:41:00,79.85,0.1,0.123,5.58,62.8,41.1,19.9
2026-04-15 02:41:00,80.87,0.084,0.107,6.64,63.9,32.8,20.0
2026-04-15 02:41:00,80.35,0.091,0.105,7.18,63.9,44.6,19.9
2026-04-15 02:41:00,80.91,0.086,0.109,6.16,62.8,36.4,19.9
2026-04-15 02:41:00,80.63,0.086,0.1,7.49,64.5,44.4,20.0
2026-04-15 02:41:00,79.58,0.091,0.104,7.24,63.4,44.6,19.9
2026-04-15 02:41:01,79.76,0.087,0.111,6.14,64.5,35.8,19.9
2026-04-15 02:41:01,80.58,0.096,0.106,7.05,63.9,38.5,19.9
2026-04-15 02:41:01,80.04,0.088,0.111,6.29,63.9,35.9,19.9
2026-04-15 02:41:01,79.5,0.096,0.116,5.74,63.9,32.4,20.0
2026-04-15 02:41:01,80.0,0.095,0.118,6.03,62.2,35.8,20.0
2026-04-15 02:41:01,80.0,0.09,0.111,6.17,62.8,38.5,20.0
2026-04-15 02:41:02,79.55,0.089,0.11,6.06,63.9,32.8,20.0
2026-04-15 02:41:02,79.97,0.089,0.112,5.99,62.8,35.8,20.1
2026-04-15 02:41:02,79.97,0.091,0.111,5.96,63.4,34.8,20.1
2026-04-15 02:41:02,79.57,0.089,0.106,6.06,62.2,37.7,20.1
2026-04-15 02:41:02,79.78,0.087,0.106,6.08,63.4,39.4,20.2
2026-04-15 02:41:02,79.53,0.085,0.097,7.59,63.4,42.3,20.2
2026-04-15 02:41:02,79.24,0.087,0.102,7.33,63.9,43.9,20.2
2026-04-15 02:41:03,78.59,0.091,0.114,5.91,61.7,35.8,20.2
2026-04-15 02:41:03,78.96,0.089,0.112,6.08,63.9,35.8,20.2
2026-04-15 02:41:03,77.18,0.091,0.114,5.94,63.9,27.4,20.1
2026-04-15 02:41:03,78.04,0.087,0.11,6.14,63.4,39.4,20.1
2026-04-15 02:41:03,79.25,0.088,0.1,7.46,63.4,44.2,20.1
2026-04-15 02:41:03,81.61,0.087,0.109,6.06,62.8,38.6,20.1
2026-04-15 02:41:04,82.59,0.083,0.095,7.7,63.9,35.4,20.0
2026-04-15 02:41:04,82.51,0.094,0.11,6.96,63.9,43.1,20.0
2026-04-15 02:41:04,81.75,0.085,0.108,6.35,63.4,35.9,20.0
2026-04-15 02:41:04,80.91,0.086,0.101,7.41,62.8,42.3,20.0
2026-04-15 02:41:04,81.99,0.088,0.101,7.42,63.9,43.4,20.0
2026-04-15 02:41:04,82.99,0.087,0.111,5.98,63.9,33.3,19.9
2026-04-15 02:41:04,82.99,0.085,0.108,6.13,63.4,35.8,20.0
2026-04-15 02:41:05,82.69,0.084,0.096,7.56,63.9,41.2,20.0
2026-04-15 02:41:05,82.38,0.086,0.102,7.36,63.9,46.6,20.0
2026-04-15 02:41:05,81.58,0.084,0.099,7.46,64.5,44.4,20.0
2026-04-15 02:41:05,82.0,0.084,0.096,7.66,63.4,41.5,20.0
2026-04-15 02:41:05,74.55,0.093,0.109,7.01,64.5,45.8,19.9
2026-04-15 02:41:05,0.0,0.087,0.11,6.21,64.5,35.4,20.0
2026-04-15 02:41:05,0.0,0.086,0.098,7.57,63.4,45.3,19.9
2026-04-15 02:41:06,0.0,0.087,0.1,7.48,62.8,42.3,20.0
2026-04-15 02:41:06,0.0,0.101,0.113,6.8,63.9,40.4,19.9
2026-04-15 02:41:06,0.0,0.097,0.12,6.12,64.5,34.4,19.9
2026-04-15 02:41:06,0.0,0.091,0.115,6.21,63.9,39.7,19.9
2026-04-15 02:41:06,0.0,0.089,0.112,6.08,63.9,39.1,19.9
2026-04-15 02:41:06,0.0,0.09,0.114,5.97,63.4,31.2,19.9
2026-04-15 02:41:07,0.0,0.101,0.124,5.64,63.4,35.2,19.9
2026-04-15 02:41:07,0.0,0.088,0.111,6.53,63.4,33.9,20.0
2026-04-15 02:41:07,0.0,0.104,0.125,5.52,63.4,33.3,20.0
2026-04-15 02:41:07,0.0,0.104,0.128,5.95,62.2,35.8,20.0
2026-04-15 02:41:07,0.0,0.099,0.121,6.22,63.4,41.9,20.0
2026-04-15 02:41:07,0.0,0.091,0.111,6.31,62.2,37.5,20.1
2026-04-15 02:41:08,0.0,0.088,0.111,6.07,63.9,35.3,20.0
2026-04-15 02:41:08,0.0,0.088,0.111,6.06,62.2,34.8,20.0
2026-04-15 02:41:08,0.0,0.09,0.113,5.92,63.4,33.3,20.1
2026-04-15 02:41:08,0.0,0.095,0.119,5.8,63.4,34.8,20.0
2026-04-15 02:41:08,0.0,0.091,0.116,6.09,63.9,36.9,20.0
2026-04-15 02:41:08,0.0,0.088,0.109,6.2,63.9,34.9,20.1
2026-04-15 02:41:09,0.0,0.093,0.116,5.78,63.9,35.7,20.0
2026-04-15 02:41:09,0.0,0.089,0.112,6.22,62.8,39.4,20.0
2026-04-15 02:41:09,0.0,0.102,0.125,5.56,63.9,37.8,20.0
2026-04-15 02:41:09,0.0,0.088,0.111,6.54,62.8,34.5,20.0
2026-04-15 02:41:09,0.0,0.09,0.103,7.32,62.8,39.6,20.0
2026-04-15 02:41:09,0.0,0.095,0.118,5.88,63.9,34.8,20.0
2026-04-15 02:41:10,0.0,0.118,0.141,5.28,63.9,37.3,20.0
2026-04-15 02:41:10,0.0,0.095,0.111,6.9,63.4,43.1,20.0
2026-04-15 02:41:10,0.0,0.103,0.125,5.75,62.8,37.7,19.9
2026-04-15 02:41:10,0.0,0.088,0.111,6.63,63.9,35.0,19.9
2026-04-15 02:41:10,0.0,0.087,0.098,7.56,63.9,35.4,19.9
2026-04-15 02:41:10,0.0,0.11,0.123,6.38,63.4,42.4,19.9
2026-04-15 02:41:10,0.0,0.09,0.111,6.82,64.5,37.5,19.9
2026-04-15 02:41:11,0.0,0.091,0.114,5.97,62.8,33.3,19.9
2026-04-15 02:41:11,0.0,0.102,0.125,5.64,64.5,33.3,20.0
2026-04-15 02:41:11,0.0,0.086,0.11,6.59,62.8,37.3,20.0
2026-04-15 02:41:11,0.0,0.094,0.107,7.11,64.5,43.9,20.0
2026-04-15 02:41:11,0.0,0.085,0.109,6.32,63.9,35.5,20.1
2026-04-15 02:41:11,0.0,0.096,0.106,7.0,63.9,47.2,20.1
2026-04-15 02:41:12,0.0,0.087,0.11,6.32,62.8,36.5,20.2
2026-04-15 02:41:12,0.0,0.087,0.099,7.51,63.9,44.4,20.2
2026-04-15 02:41:12,0.0,0.09,0.102,7.36,64.5,44.6,20.2
2026-04-15 02:41:12,0.0,0.088,0.097,7.61,63.9,44.4,20.3
2026-04-15 02:41:12,0.0,0.085,0.097,7.65,64.5,41.5,20.2
2026-04-15 02:41:12,0.0,0.105,0.12,6.51,63.4,45.0,20.2
2026-04-15 02:41:12,0.0,0.087,0.11,6.69,65.0,41.3,20.2
2026-04-15 02:41:12,0.0,0.087,0.101,7.43,63.9,38.5,20.2
2026-04-15 02:41:13,0.0,0.084,0.11,6.12,63.9,34.4,20.2
2026-04-15 02:41:13,0.0,0.084,0.097,7.65,63.9,41.5,20.2
2026-04-15 02:41:13,0.0,0.093,0.109,7.04,63.9,41.4,20.2
2026-04-15 02:41:13,0.0,0.084,0.107,6.3,64.5,34.4,20.2
2026-04-15 02:41:13,0.0,0.105,0.12,6.51,64.5,46.9,20.2
2026-04-15 02:41:13,0.0,0.09,0.113,6.6,63.9,34.5,20.2
2026-04-15 02:41:14,0.0,0.099,0.126,5.55,63.9,32.9,20.2
2026-04-15 02:41:14,0.0,0.088,0.111,6.61,63.9,39.7,20.2
2026-04-15 02:41:14,0.0,0.099,0.121,5.66,63.9,29.9,20.2
2026-04-15 02:41:14,0.0,0.101,0.123,5.92,65.0,36.8,20.2
2026-04-15 02:41:14,0.0,0.09,0.113,6.42,63.9,40.0,20.2
2026-04-15 02:41:14,0.0,0.091,0.115,5.93,64.5,34.3,20.3
2026-04-15 02:41:15,0.0,0.093,0.116,5.98,62.8,35.8,20.3
2026-04-15 02:41:15,0.0,0.106,0.13,5.53,62.8,38.9,20.3
2026-04-15 02:41:15,0.0,0.085,0.109,6.87,62.8,36.2,20.3
2026-04-15 02:41:15,0.0,0.088,0.101,7.41,63.9,44.4,20.3
2026-04-15 02:41:15,0.0,0.086,0.109,6.07,63.9,30.6,20.3
2026-04-15 02:41:15,0.0,0.087,0.1,7.44,64.5,43.6,20.4
2026-04-15 02:41:15,0.0,0.096,0.109,7.03,64.5,41.1,20.4
2026-04-15 02:41:16,0.0,0.085,0.106,6.42,64.5,39.1,20.4
2026-04-15 02:41:16,0.0,0.106,0.12,6.49,63.9,43.8,20.4
2026-04-15 02:41:16,0.0,0.087,0.11,6.78,63.9,37.3,20.4
2026-04-15 02:41:16,0.0,0.09,0.107,7.08,63.9,36.5,20.3
2026-04-15 02:41:16,0.0,0.094,0.12,5.93,63.9,38.2,20.4
2026-04-15 02:41:16,0.0,0.085,0.107,6.45,63.9,35.0,20.4
2026-04-15 02:41:17,0.0,0.086,0.099,7.51,65.0,43.4,20.4
2026-04-15 02:41:17,0.0,0.083,0.097,7.66,64.5,44.4,20.4
2026-04-15 02:41:17,0.0,0.086,0.102,7.36,64.5,41.5,20.4
2026-04-15 02:41:17,0.0,0.084,0.097,7.64,65.0,35.4,20.4
2026-04-15 02:41:17,0.0,0.085,0.101,7.4,63.4,39.6,20.4
2026-04-15 02:41:17,0.0,0.093,0.108,7.05,63.4,41.5,20.3
2026-04-15 02:41:17,0.0,0.095,0.118,5.97,63.9,36.4,20.4
2026-04-15 02:41:18,0.0,0.1,0.123,5.83,63.9,35.8,20.4
2026-04-15 02:41:18,0.0,0.088,0.11,6.46,63.4,34.4,20.3
2026-04-15 02:41:18,0.0,0.101,0.124,5.56,63.9,33.8,20.3
2026-04-15 02:41:18,0.0,0.098,0.121,6.13,63.9,35.9,20.2
2026-04-15 02:41:18,0.0,0.098,0.121,6.0,63.9,38.8,20.2
2026-04-15 02:41:18,0.0,0.091,0.115,6.22,63.4,39.4,20.3
2026-04-15 02:41:19,0.0,0.089,0.114,6.06,63.4,32.8,20.3
2026-04-15 02:41:19,0.0,0.091,0.113,5.99,63.9,36.8,20.3
2026-04-15 02:41:19,0.0,0.089,0.111,6.06,65.0,32.8,20.3
2026-04-15 02:41:19,0.0,0.096,0.119,5.74,62.2,33.3,20.2
2026-04-15 02:41:19,0.0,0.09,0.112,6.23,63.9,36.5,20.2
2026-04-15 02:41:19,0.0,0.092,0.115,5.96,64.5,37.1,20.3
2026-04-15 02:41:20,0.0,0.099,0.12,5.75,63.4,34.8,20.2
2026-04-15 02:41:20,0.0,0.112,0.135,5.55,64.5,39.4,20.2
2026-04-15 02:41:20,0.0,0.094,0.116,6.68,62.8,40.3,20.2
2026-04-15 02:41:20,0.0,0.086,0.108,6.36,64.5,37.1,20.2
2026-04-15 02:41:20,0.0,0.086,0.1,7.48,63.4,38.9,20.2
2026-04-15 02:41:20,0.0,0.092,0.119,5.66,64.5,34.8,20.3
2026-04-15 02:41:20,0.0,0.092,0.115,6.19,63.9,33.3,20.3
2026-04-15 02:41:21,0.0,0.091,0.114,6.04,63.9,35.4,20.3
2026-04-15 02:41:21,0.0,0.093,0.116,5.91,63.4,35.3,20.3
2026-04-15 02:41:21,0.0,0.086,0.109,6.26,64.5,34.9,20.3
2026-04-15 02:41:21,0.0,0.084,0.096,7.68,65.0,41.5,20.4
2026-04-15 02:41:21,0.0,0.088,0.106,7.17,63.4,43.9,20.4
2026-04-15 02:41:21,0.0,0.089,0.112,6.03,63.9,32.8,20.4
2026-04-15 02:41:22,0.0,0.117,0.14,5.14,64.5,35.9,20.5
2026-04-15 02:41:22,0.0,0.083,0.099,7.52,64.5,36.0,20.5
2026-04-15 02:41:22,0.0,0.093,0.109,7.0,65.0,41.1,20.5
2026-04-15 02:41:22,0.0,0.085,0.103,6.3,62.8,36.5,20.4
2026-04-15 02:41:22,0.0,0.085,0.1,7.39,65.0,45.5,20.4
2026-04-15 02:41:22,0.0,0.094,0.107,7.08,64.5,41.8,20.4
2026-04-15 02:41:22,0.0,0.084,0.106,6.4,63.9,37.1,20.4
2026-04-15 02:41:23,0.0,0.083,0.098,7.56,65.0,37.3,20.4
2026-04-15 02:41:23,0.0,0.089,0.105,7.21,64.5,41.8,20.4
2026-04-15 02:41:23,0.0,0.083,0.106,6.22,64.5,33.8,20.4
2026-04-15 02:41:23,0.0,0.083,0.099,7.48,65.0,40.4,20.4
2026-04-15 02:41:23,0.0,0.095,0.111,6.88,64.5,42.1,20.4
2026-04-15 02:41:23,0.0,0.096,0.119,5.99,63.4,37.3,20.4
2026-04-15 02:41:24,0.0,0.095,0.118,6.04,64.5,34.8,20.4
2026-04-15 02:41:24,0.0,0.087,0.11,6.3,64.5,32.2,20.4
2026-04-15 02:41:24,0.0,0.102,0.114,6.71,64.5,46.0,20.4
2026-04-15 02:41:24,0.0,0.089,0.113,6.5,63.9,37.5,20.4
2026-04-15 02:41:24,0.0,0.118,0.14,5.13,63.9,35.5,20.4
2026-04-15 02:41:24,0.0,0.116,0.132,6.02,63.4,40.6,20.4
2026-04-15 02:41:24,0.0,0.099,0.114,6.76,62.8,39.7,20.5
2026-04-15 02:41:25,0.0,0.101,0.124,5.92,65.0,40.9,20.5
2026-04-15 02:41:25,0.0,0.097,0.12,6.16,63.9,34.4,20.5
2026-04-15 02:41:25,0.0,0.098,0.122,5.94,63.9,33.8,20.5
2026-04-15 02:41:25,78.38,0.087,0.11,6.46,62.8,38.1,20.5
2026-04-15 02:41:25,76.47,0.103,0.114,6.65,63.9,45.9,20.5
2026-04-15 02:41:25,79.75,0.086,0.105,6.68,63.9,36.2,20.5
2026-04-15 02:41:26,80.54,0.085,0.098,7.58,62.8,39.2,20.5
2026-04-15 02:41:26,81.97,0.093,0.107,7.07,63.9,50.0,20.5
2026-04-15 02:41:26,81.39,0.091,0.114,6.09,64.5,34.8,20.4
2026-04-15 02:41:26,81.07,0.085,0.108,6.22,63.9,35.4,20.4
2026-04-15 02:41:26,80.14,0.096,0.109,6.93,63.9,41.4,20.4
2026-04-15 02:41:26,76.9,0.111,0.135,5.49,64.5,39.4,20.4
2026-04-15 02:41:27,83.15,0.093,0.114,6.76,63.4,41.0,20.3
2026-04-15 02:41:27,82.44,0.085,0.109,6.27,63.4,35.4,20.3
2026-04-15 02:41:27,83.11,0.109,0.122,6.41,63.9,41.3,20.3
2026-04-15 02:41:27,81.9,0.111,0.132,5.92,63.4,35.9,20.3
2026-04-15 02:41:27,81.03,0.098,0.12,6.51,64.5,41.0,20.3
2026-04-15 02:41:27,81.61,0.107,0.132,5.66,64.5,38.9,20.3
2026-04-15 02:41:27,81.61,0.093,0.115,6.6,63.9,35.6,20.3
2026-04-15 02:41:28,78.83,0.09,0.112,6.14,65.0,34.4,20.3
2026-04-15 02:41:28,80.65,0.095,0.119,5.8,63.9,36.6,20.3
2026-04-15 02:41:28,82.86,0.092,0.115,6.15,63.9,36.9,20.3
2026-04-15 02:41:28,82.4,0.092,0.115,6.0,64.5,34.4,20.3
2026-04-15 02:41:28,81.27,0.086,0.109,6.24,63.9,36.9,20.3
2026-04-15 02:41:28,80.79,0.086,0.098,7.49,63.4,40.0,20.3
2026-04-15 02:41:29,81.14,0.096,0.108,6.99,65.5,44.1,20.3
2026-04-15 02:41:29,80.28,0.087,0.11,6.33,63.9,38.1,20.4
2026-04-15 02:41:29,81.02,0.087,0.11,6.02,65.0,31.8,20.4
2026-04-15 02:41:29,80.93,0.086,0.098,7.56,63.9,42.3,20.4
2026-04-15 02:41:29,81.23,0.094,0.109,6.96,63.9,40.4,20.4
2026-04-15 02:41:29,80.93,0.124,0.147,5.14,63.9,41.8,20.4
2026-04-15 02:41:30,80.86,0.088,0.112,6.05,63.9,37.7,20.4
2026-04-15 02:41:30,81.07,0.092,0.117,5.85,64.5,39.1,20.4
2026-04-15 02:41:30,81.76,0.088,0.111,6.2,65.0,39.4,20.4
2026-04-15 02:41:30,80.68,0.09,0.113,5.93,64.5,33.8,20.3
2026-04-15 02:41:30,80.58,0.09,0.112,6.03,64.5,37.3,20.3
2026-04-15 02:41:30,80.45,0.089,0.112,6.03,63.9,39.1,20.3
2026-04-15 02:41:31,81.62,0.088,0.111,6.02,65.0,31.2,20.2
2026-04-15 02:41:31,80.69,0.088,0.11,6.02,64.5,36.4,20.2
2026-04-15 02:41:31,81.04,0.089,0.112,5.96,65.0,36.2,20.2
2026-04-15 02:41:31,81.43,0.096,0.119,5.76,63.9,34.8,20.2
2026-04-15 02:41:31,81.37,0.092,0.115,6.16,65.0,35.8,20.2
2026-04-15 02:41:31,81.23,0.089,0.112,6.11,65.0,35.9,20.2
2026-04-15 02:41:32,80.99,0.103,0.131,5.4,63.9,41.9,20.2
2026-04-15 02:41:32,81.31,0.125,0.148,5.45,65.0,38.9,20.2
2026-04-15 02:41:32,81.86,0.089,0.111,6.09,63.9,31.7,20.2
2026-04-15 02:41:32,80.13,0.086,0.095,7.67,64.5,40.0,20.3
2026-04-15 02:41:32,80.8,0.09,0.108,7.02,65.0,46.4,20.3
2026-04-15 02:41:32,81.58,0.11,0.133,5.46,64.5,32.4,20.3
2026-04-15 02:41:33,80.44,0.097,0.118,6.59,64.5,39.3,20.3
2026-04-15 02:41:33,81.52,0.093,0.116,6.12,64.5,33.9,20.3
2026-04-15 02:41:33,81.91,0.088,0.111,6.21,65.0,31.7,20.3
2026-04-15 02:41:33,81.79,0.088,0.111,6.01,65.0,34.8,20.3
2026-04-15 02:41:33,81.64,0.09,0.112,5.94,65.0,37.7,20.3
2026-04-15 02:41:33,81.02,0.09,0.113,5.98,63.9,36.8,20.3
2026-04-15 02:41:34,81.79,0.089,0.114,5.97,65.0,31.3,20.3
2026-04-15 02:41:34,81.41,0.088,0.11,6.12,63.9,35.4,20.3
2026-04-15 02:41:34,81.32,0.09,0.113,5.93,63.9,35.8,20.3
2026-04-15 02:41:34,81.48,0.089,0.112,6.03,65.5,35.3,20.3
2026-04-15 02:41:34,81.05,0.09,0.112,5.98,63.9,31.7,20.3
2026-04-15 02:41:34,81.51,0.091,0.114,5.96,65.5,33.3,20.3
2026-04-15 02:41:35,81.89,0.095,0.119,5.82,64.5,36.2,20.3
2026-04-15 02:41:35,82.08,0.103,0.126,5.74,65.0,35.3,20.3
2026-04-15 02:41:35,81.79,0.104,0.126,5.99,63.9,38.2,20.3
2026-04-15 02:41:35,81.23,0.094,0.117,6.39,65.5,33.3,20.4
2026-04-15 02:41:35,82.07,0.104,0.127,5.66,64.5,33.3,20.4
2026-04-15 02:41:35,81.95,0.087,0.11,6.67,65.0,38.3,20.4
2026-04-15 02:41:36,81.08,0.09,0.113,5.91,65.5,35.3,20.4
2026-04-15 02:41:36,82.25,0.095,0.118,5.83,64.5,33.3,20.4
2026-04-15 02:41:36,81.18,0.089,0.111,6.22,64.5,40.0,20.4
2026-04-15 02:41:36,81.67,0.087,0.11,6.04,63.9,37.1,20.5
2026-04-15 02:41:36,82.01,0.097,0.119,5.69,64.5,37.7,20.5
2026-04-15 02:41:36,81.8,0.088,0.111,6.36,65.0,36.5,20.5
2026-04-15 02:41:37,81.3,0.093,0.117,5.79,65.0,36.6,20.5
2026-04-15 02:41:37,82.03,0.088,0.112,6.23,64.5,36.9,20.5
2026-04-15 02:41:37,81.59,0.092,0.115,5.87,65.0,36.6,20.5
2026-04-15 02:41:37,80.82,0.087,0.109,6.2,63.9,32.8,20.5
2026-04-15 02:41:37,82.06,0.406,0.419,2.21,65.5,80.0,20.1
2026-04-15 02:41:38,82.01,0.1,0.123,6.23,65.5,37.7,20.1
2026-04-15 02:41:38,82.24,0.093,0.114,6.28,65.0,38.5,20.1
2026-04-15 02:41:38,81.4,0.094,0.117,5.96,63.9,36.4,20.1
2026-04-15 02:41:38,81.79,0.095,0.118,5.97,65.0,37.3,20.1
2026-04-15 02:41:38,81.29,0.11,0.133,5.5,64.5,41.9,20.0
2026-04-15 02:41:38,81.41,0.099,0.12,6.44,65.5,38.7,20.0
2026-04-15 02:41:39,80.88,0.09,0.11,6.35,65.0,37.1,20.0
2026-04-15 02:41:39,81.99,0.106,0.13,5.45,65.0,39.4,19.9
2026-04-15 02:41:39,81.43,0.105,0.129,6.05,65.0,40.9,19.9
2026-04-15 02:41:39,81.31,0.091,0.115,6.56,65.5,36.7,19.9
2026-04-15 02:41:39,82.07,0.101,0.125,5.67,64.5,39.7,19.9
2026-04-15 02:41:39,81.27,0.108,0.131,5.79,64.5,38.5,19.9
2026-04-15 02:41:40,81.76,0.088,0.112,6.73,64.5,35.7,19.8
2026-04-15 02:41:40,82.02,0.131,0.14,5.71,65.5,50.0,19.8
2026-04-15 02:41:40,81.48,0.101,0.124,5.91,65.0,32.8,19.8
2026-04-15 02:41:40,81.37,0.108,0.131,5.77,65.5,34.8,19.7
2026-04-15 02:41:40,81.37,0.092,0.116,6.6,64.5,40.3,19.7
2026-04-15 02:41:40,82.01,0.096,0.118,5.91,64.5,35.8,19.8
2026-04-15 02:41:41,81.58,0.093,0.116,6.09,65.0,35.4,19.8
2026-04-15 02:41:41,81.19,0.09,0.113,6.13,65.0,39.1,19.8
2026-04-15 02:41:41,81.86,0.089,0.111,6.03,63.9,34.8,19.7
2026-04-15 02:41:41,81.93,0.089,0.111,6.01,63.9,34.8,19.7
2026-04-15 02:41:41,81.5,0.088,0.112,6.0,65.0,35.3,19.7
2026-04-15 02:41:41,81.08,0.102,0.125,5.56,64.5,36.6,19.7
2026-04-15 02:41:42,81.79,0.108,0.131,5.82,65.0,34.8,19.7
2026-04-15 02:41:42,81.51,0.096,0.118,6.43,66.1,41.3,19.7
2026-04-15 02:41:42,81.11,0.111,0.134,5.53,65.5,35.6,19.8
2026-04-15 02:41:42,81.61,0.107,0.127,6.13,65.0,42.2,19.8
2026-04-15 02:41:42,81.85,0.087,0.11,6.84,63.9,37.3,19.8
2026-04-15 02:41:42,81.54,0.091,0.102,7.27,65.0,44.6,19.9
2026-04-15 02:41:43,82.02,0.088,0.111,6.1,65.0,33.3,19.9
2026-04-15 02:41:43,81.2,0.105,0.128,5.47,65.5,33.3,19.9
2026-04-15 02:41:43,81.8,0.089,0.112,6.64,65.5,38.7,20.0
2026-04-15 02:41:43,81.84,0.102,0.123,5.56,65.0,31.3,20.0
2026-04-15 02:41:43,82.03,0.095,0.118,6.21,65.5,37.5,20.0
2026-04-15 02:41:43,82.29,0.091,0.116,6.14,63.9,31.7,20.0
2026-04-15 02:41:44,82.29,0.087,0.11,6.21,65.5,33.3,20.0
2026-04-15 02:41:44,82.07,0.085,0.098,7.57,65.5,40.0,20.1
2026-04-15 02:41:44,81.2,0.085,0.099,7.45,65.0,41.5,20.1
2026-04-15 02:41:44,81.69,0.087,0.099,7.49,65.5,43.6,20.1
2026-04-15 02:41:44,80.98,0.093,0.106,7.16,65.5,40.7,20.2
2026-04-15 02:41:44,81.69,0.084,0.107,6.36,66.1,33.3,20.2
2026-04-15 02:41:44,81.9,0.091,0.103,7.15,66.1,42.6,20.2
2026-04-15 02:41:45,82.08,0.099,0.118,5.72,65.0,36.8,20.2
2026-04-15 02:41:45,81.43,0.107,0.131,5.71,64.5,39.1,20.2
2026-04-15 02:41:45,81.84,0.091,0.114,6.65,65.5,36.2,20.2
2026-04-15 02:41:45,81.39,0.087,0.111,6.13,63.9,32.3,20.2
2026-04-15 02:41:45,82.0,0.088,0.111,5.94,65.5,35.3,20.1
2026-04-15 02:41:45,81.95,0.089,0.112,6.01,64.5,33.8,20.1
2026-04-15 02:41:46,81.77,0.09,0.112,5.99,64.5,35.8,20.1
2026-04-15 02:41:46,82.38,0.09,0.113,5.97,63.9,30.6,20.1
2026-04-15 02:41:46,82.7,0.087,0.11,6.11,63.9,33.3,20.1
2026-04-15 02:41:46,81.62,0.087,0.11,6.02,65.5,36.4,20.0
2026-04-15 02:41:46,81.36,0.089,0.101,7.37,64.5,36.0,20.0
2026-04-15 02:41:46,81.14,0.087,0.111,6.07,65.0,36.8,20.0
2026-04-15 02:41:47,81.14,0.088,0.11,6.01,65.5,32.8,20.0
2026-04-15 02:41:47,82.36,0.089,0.111,5.97,63.9,35.3,20.0
2026-04-15 02:41:47,81.46,0.089,0.112,5.98,65.5,34.8,19.9
2026-04-15 02:41:47,81.58,0.091,0.111,5.93,65.5,35.3,19.9
2026-04-15 02:41:47,81.95,0.089,0.111,6.09,64.5,36.5,20.0
2026-04-15 02:41:47,80.78,0.089,0.113,5.99,64.5,35.3,20.0
2026-04-15 02:41:48,81.74,0.087,0.11,6.1,65.0,35.9,19.9
2026-04-15 02:41:48,81.94,0.088,0.101,7.38,64.5,37.3,19.9
2026-04-15 02:41:48,81.27,0.089,0.112,6.02,65.0,37.3,19.9
2026-04-15 02:41:48,81.74,0.091,0.114,5.9,65.0,35.7,19.9
2026-04-15 02:41:48,81.83,0.095,0.118,5.85,65.0,37.7,19.9
2026-04-15 02:41:48,81.56,0.104,0.126,5.71,65.0,34.8,19.9
2026-04-15 02:41:49,80.98,0.097,0.12,6.28,65.5,35.5,19.9
2026-04-15 02:41:49,81.11,0.087,0.11,6.36,65.5,36.1,20.0
2026-04-15 02:41:49,81.51,0.096,0.108,7.01,64.5,40.7,19.9
2026-04-15 02:41:49,81.73,0.092,0.115,6.17,65.5,35.4,19.9
2026-04-15 02:41:49,81.71,0.103,0.126,5.64,65.0,33.3,19.9
2026-04-15 02:41:49,81.32,0.09,0.111,6.51,65.0,38.7,19.9
2026-04-15 02:41:49,81.43,0.092,0.115,5.93,65.5,31.7,20.0
2026-04-15 02:41:50,81.21,0.114,0.137,5.29,65.0,39.5,20.0
2026-04-15 02:41:50,81.42,0.105,0.124,6.31,64.5,38.7,20.0
2026-04-15 02:41:50,81.36,0.102,0.124,6.13,64.5,36.9,20.0
2026-04-15 02:41:50,81.48,0.089,0.108,6.54,66.1,40.6,20.0
2026-04-15 02:41:50,80.76,0.102,0.124,5.58,65.5,27.3,20.0
2026-04-15 02:41:50,81.23,0.097,0.12,6.18,65.5,36.5,20.0
2026-04-15 02:41:51,81.5,0.09,0.113,6.26,65.5,34.9,20.0
2026-04-15 02:41:51,81.86,0.088,0.111,6.08,67.2,35.9,20.0
2026-04-15 02:41:51,81.38,0.092,0.115,5.85,66.7,32.4,20.0
2026-04-15 02:41:51,81.27,0.111,0.134,5.37,65.0,35.1,20.0
2026-04-15 02:41:51,80.41,0.088,0.109,7.0,65.5,41.4,20.0
2026-04-15 02:41:51,81.15,0.099,0.122,5.63,64.5,33.3,20.0
2026-04-15 02:41:52,80.84,0.084,0.106,6.59,64.5,33.9,20.0
2026-04-15 02:41:52,81.8,0.104,0.119,6.51,65.5,43.5,20.1
2026-04-15 02:41:52,81.77,0.087,0.11,6.73,65.5,40.3,20.1
2026-04-15 02:41:52,82.46,0.089,0.102,7.31,65.0,40.4,20.1
2026-04-15 02:41:52,81.82,0.086,0.109,6.14,65.5,43.7,20.1
2026-04-15 02:41:52,81.75,0.088,0.1,7.38,66.7,41.5,20.1
2026-04-15 02:41:53,80.74,0.087,0.108,6.05,65.0,37.3,20.1
2026-04-15 02:41:53,81.73,0.104,0.115,6.64,65.5,39.7,20.1
2026-04-15 02:41:53,81.9,0.087,0.11,6.69,66.1,37.9,20.1
2026-04-15 02:41:53,81.95,0.097,0.109,7.01,66.1,39.3,20.2
2026-04-15 02:41:53,82.42,0.095,0.117,6.04,66.1,42.6,20.1
2026-04-15 02:41:53,82.1,0.093,0.116,6.1,65.0,34.8,20.1
2026-04-15 02:41:53,82.32,0.088,0.11,6.18,65.0,39.4,20.1
2026-04-15 02:41:54,82.32,0.083,0.106,6.18,65.5,34.8,20.1
2026-04-15 02:41:54,82.15,0.089,0.104,7.2,65.5,40.7,20.1
2026-04-15 02:41:54,81.57,0.086,0.109,6.1,65.5,34.8,20.1
2026-04-15 02:41:54,81.21,0.083,0.096,7.67,66.1,43.4,20.1
2026-04-15 02:41:54,81.58,0.089,0.104,7.23,65.5,38.5,20.1
2026-04-15 02:41:54,82.48,0.088,0.111,5.94,66.1,33.8,20.1
2026-04-15 02:41:55,82.34,0.087,0.111,6.08,66.1,35.4,20.2
2026-04-15 02:41:55,82.9,0.129,0.152,4.81,65.5,38.8,20.2
2026-04-15 02:41:55,81.47,0.104,0.126,5.74,66.1,31.8,20.2
2026-04-15 02:41:55,81.53,0.085,0.107,6.74,64.5,38.3,20.1
2026-04-15 02:41:55,81.89,0.089,0.104,7.25,66.1,39.6,20.1
2026-04-15 02:41:55,81.5,0.088,0.111,6.07,66.1,36.8,20.2
2026-04-15 02:41:56,82.01,0.109,0.133,5.32,66.1,36.8,20.2
2026-04-15 02:41:56,81.57,0.105,0.128,6.09,65.5,42.0,20.2
2026-04-15 02:41:56,82.48,0.09,0.113,6.69,66.7,39.3,20.2
2026-04-15 02:41:56,82.25,0.091,0.114,5.99,65.5,35.8,20.2
2026-04-15 02:41:56,81.83,0.095,0.119,5.82,65.5,36.2,20.2
2026-04-15 02:41:56,81.89,0.093,0.116,6.11,66.1,37.3,20.2
2026-04-15 02:41:57,81.74,0.092,0.115,6.04,65.0,29.5,20.2
2026-04-15 02:41:57,82.4,0.097,0.121,5.81,65.5,35.7,20.2
2026-04-15 02:41:57,81.94,0.087,0.11,6.31,65.5,34.9,20.2
2026-04-15 02:41:57,82.11,0.085,0.108,6.17,65.5,31.1,20.2
2026-04-15 02:41:57,81.83,0.105,0.118,6.54,66.1,46.8,20.2
2026-04-15 02:41:57,81.56,0.102,0.125,6.12,65.0,37.9,20.2
2026-04-15 02:41:57,0.0,0.087,0.109,6.6,66.1,39.7,20.2
2026-04-15 02:41:58,0.0,0.086,0.108,7.06,66.1,40.0,20.1
2026-04-15 02:41:58,0.0,0.088,0.111,6.22,65.5,38.8,20.1
2026-04-15 02:41:58,0.0,0.084,0.107,6.16,66.1,33.3,20.1
2026-04-15 02:41:58,0.0,0.098,0.114,6.75,65.0,38.2,20.1
2026-04-15 02:41:58,0.0,0.085,0.108,6.52,66.1,37.1,20.1
2026-04-15 02:41:58,0.0,0.09,0.106,7.16,65.5,40.0,20.1
2026-04-15 02:41:59,0.0,0.089,0.112,6.11,66.1,40.0,20.1
2026-04-15 02:41:59,0.0,0.086,0.111,6.06,65.0,36.8,20.1
2026-04-15 02:41:59,0.0,0.098,0.11,6.96,65.5,40.4,20.2
2026-04-15 02:41:59,0.0,0.093,0.116,6.17,65.5,36.9,20.2
2026-04-15 02:41:59,0.0,0.089,0.111,6.21,65.5,37.9,20.1
2026-04-15 02:41:59,0.0,0.112,0.138,5.19,66.1,32.0,20.1
2026-04-15 02:42:00,0.0,0.088,0.109,7.02,66.1,38.2,20.1
2026-04-15 02:42:00,0.0,0.105,0.128,5.53,66.7,39.7,20.1
2026-04-15 02:42:00,0.0,0.11,0.135,5.76,65.5,40.0,20.1
2026-04-15 02:42:00,0.0,0.089,0.11,6.94,66.1,40.7,20.0
2026-04-15 02:42:00,0.0,0.098,0.121,5.7,66.1,34.8,20.0
2026-04-15 02:42:00,0.0,0.089,0.112,6.35,65.5,33.9,20.0
2026-04-15 02:42:01,0.0,0.092,0.115,5.89,66.1,37.7,20.0
2026-04-15 02:42:01,0.0,0.091,0.114,6.03,66.1,36.8,20.0
2026-04-15 02:42:01,0.0,0.094,0.117,5.91,66.1,32.8,20.0
2026-04-15 02:42:01,0.0,0.09,0.113,6.15,65.5,31.1,20.0
2026-04-15 02:42:01,0.0,0.093,0.113,5.87,65.5,36.8,20.0
2026-04-15 02:42:01,0.0,0.09,0.114,6.1,65.5,36.4,20.0
2026-04-15 02:42:02,0.0,0.096,0.117,5.84,65.0,37.1,20.0
2026-04-15 02:42:02,0.0,0.09,0.111,6.24,66.1,36.9,20.0
2026-04-15 02:42:02,0.0,0.096,0.119,5.77,66.1,35.3,20.0
2026-04-15 02:42:02,0.0,0.087,0.111,6.33,65.5,33.9,20.0
2026-04-15 02:42:02,0.0,0.316,0.332,2.52,67.2,85.9,19.7
2026-04-15 02:42:03,0.0,0.096,0.112,6.83,66.7,46.6,19.7
2026-04-15 02:42:03,0.0,0.091,0.114,6.26,66.1,38.5,19.7
2026-04-15 02:42:03,0.0,0.102,0.124,5.65,66.1,34.3,19.7
2026-04-15 02:42:03,0.0,0.09,0.11,6.43,67.2,38.7,19.7
2026-04-15 02:42:03,0.0,0.096,0.118,5.82,66.1,38.8,19.7
2026-04-15 02:42:03,0.0,0.089,0.112,6.26,66.1,32.8,19.7
2026-04-15 02:42:04,0.0,0.097,0.121,5.68,66.7,36.2,19.7
2026-04-15 02:42:04,0.0,0.087,0.11,6.37,66.1,34.9,19.7
2026-04-15 02:42:04,0.0,0.095,0.118,5.78,66.1,32.8,19.7
2026-04-15 02:42:04,0.0,0.089,0.112,6.25,66.7,34.9,19.7
2026-04-15 02:42:04,0.0,0.09,0.113,5.93,65.0,34.8,19.7
2026-04-15 02:42:04,0.0,0.091,0.114,6.0,66.1,34.3,19.7
2026-04-15 02:42:05,0.0,0.092,0.111,5.93,65.0,38.2,19.7
2026-04-15 02:42:05,0.0,0.088,0.112,6.14,65.5,39.4,19.7
2026-04-15 02:42:05,0.0,0.102,0.118,5.56,66.1,35.2,19.7
2026-04-15 02:42:05,0.0,0.107,0.128,5.82,66.1,38.8,19.7
2026-04-15 02:42:05,0.0,0.106,0.128,6.05,65.5,40.3,19.7
2026-04-15 02:42:05,0.0,0.105,0.129,6.01,65.0,37.9,19.6
2026-04-15 02:42:06,84.0,0.102,0.126,6.1,65.5,35.5,19.6
2026-04-15 02:42:06,82.04,0.109,0.133,5.71,66.1,37.7,19.7
2026-04-15 02:42:06,82.5,0.091,0.113,6.8,65.0,35.7,19.7
2026-04-15 02:42:06,82.04,0.096,0.119,5.82,65.0,36.2,19.7
2026-04-15 02:42:06,81.88,0.087,0.11,6.33,66.7,39.1,19.7
2026-04-15 02:42:06,81.46,0.102,0.125,5.46,66.7,37.3,19.6
2026-04-15 02:42:07,81.26,0.092,0.114,6.48,64.5,37.1,19.6
2026-04-15 02:42:07,79.96,0.087,0.11,6.18,66.1,35.9,19.6
2026-04-15 02:42:07,80.1,0.088,0.1,7.44,65.5,42.9,19.6
2026-04-15 02:42:07,81.17,0.091,0.114,5.9,66.1,35.3,19.6
2026-04-15 02:42:07,81.23,0.101,0.126,5.63,66.7,38.4,19.6
2026-04-15 02:42:07,80.86,0.088,0.11,6.6,66.1,36.2,19.6
2026-04-15 02:42:08,79.24,0.088,0.111,5.93,66.1,33.3,19.6
2026-04-15 02:42:08,80.64,0.103,0.125,5.56,66.7,35.2,19.6
2026-04-15 02:42:08,81.46,0.106,0.128,5.89,66.1,36.4,19.7
2026-04-15 02:42:08,82.23,0.094,0.118,6.44,66.7,37.1,19.7
2026-04-15 02:42:08,82.68,0.103,0.127,5.68,66.1,37.5,19.7
2026-04-15 02:42:08,83.17,0.086,0.109,6.75,65.5,40.0,19.7
2026-04-15 02:42:08,82.27,0.089,0.102,7.32,66.1,40.7,19.7
2026-04-15 02:42:09,81.6,0.084,0.11,6.11,67.2,36.4,19.7
2026-04-15 02:42:09,82.62,0.097,0.109,6.97,66.1,45.0,19.8
2026-04-15 02:42:09,81.82,0.12,0.142,5.25,66.1,33.3,19.8
2026-04-15 02:42:09,81.41,0.09,0.099,7.35,66.7,46.6,19.9
2026-04-15 02:42:09,82.84,0.097,0.12,5.78,66.1,38.0,19.9
2026-04-15 02:42:09,82.05,0.091,0.114,6.21,66.7,36.5,19.9
2026-04-15 02:42:10,81.4,0.118,0.141,5.16,66.7,37.7,19.9
2026-04-15 02:42:10,82.17,0.086,0.099,7.43,67.2,39.2,19.9
2026-04-15 02:42:10,82.51,0.086,0.099,7.51,66.7,43.4,19.9
2026-04-15 02:42:10,81.83,0.112,0.125,6.27,66.1,39.3,19.9
2026-04-15 02:42:10,81.04,0.122,0.145,5.6,65.5,35.3,20.0
2026-04-15 02:42:10,80.83,0.088,0.111,6.11,66.1,37.3,20.0
2026-04-15 02:42:11,80.69,0.097,0.12,5.7,66.1,34.8,20.1
2026-04-15 02:42:11,81.24,0.088,0.108,6.35,66.1,41.5,20.1
2026-04-15 02:42:11,81.21,0.089,0.112,5.97,66.7,36.2,20.1
2026-04-15 02:42:11,81.23,0.089,0.112,6.02,66.7,31.7,20.1
2026-04-15 02:42:11,80.04,0.095,0.118,5.79,66.1,34.8,20.0
2026-04-15 02:42:11,80.09,0.091,0.114,6.13,65.0,35.4,20.1
2026-04-15 02:42:12,80.04,0.102,0.125,5.63,65.0,31.3,20.0
2026-04-15 02:42:12,79.1,0.117,0.141,5.5,65.0,37.0,20.0
2026-04-15 02:42:12,80.91,0.102,0.116,6.63,66.1,44.4,20.0
2026-04-15 02:42:12,79.15,0.097,0.12,6.18,65.0,39.1,20.1
2026-04-15 02:42:12,81.21,0.093,0.116,6.15,66.1,37.9,20.1
2026-04-15 02:42:12,81.58,0.087,0.11,6.21,65.5,38.8,20.1
2026-04-15 02:42:13,80.93,0.089,0.105,7.21,66.1,42.6,20.1
2026-04-15 02:42:13,80.53,0.087,0.111,6.2,65.5,32.3,20.2
2026-04-15 02:42:13,79.86,0.089,0.101,7.39,67.2,47.4,20.2
2026-04-15 02:42:13,79.73,0.089,0.112,6.01,65.5,30.6,20.2
2026-04-15 02:42:13,80.88,0.089,0.112,6.01,66.1,36.4,20.2
2026-04-15 02:42:13,80.0,0.088,0.111,6.04,65.0,33.8,20.2
2026-04-15 02:42:14,79.79,0.092,0.115,5.86,65.5,33.8,20.2
2026-04-15 02:42:14,80.54,0.097,0.119,5.85,66.7,33.3,20.2
2026-04-15 02:42:14,80.94,0.085,0.108,6.44,67.2,36.1,20.2
2026-04-15 02:42:14,80.29,0.089,0.103,7.26,65.5,39.2,20.2
2026-04-15 02:42:14,79.89,0.083,0.106,6.25,67.2,36.4,20.2
2026-04-15 02:42:14,78.96,0.086,0.104,7.26,67.2,37.3,20.2
2026-04-15 02:42:14,80.8,0.087,0.11,6.02,67.8,36.4,20.2
2026-04-15 02:42:15,80.04,0.087,0.099,7.49,66.1,41.5,20.1
2026-04-15 02:42:15,80.35,0.087,0.109,5.99,66.1,40.3,20.1
2026-04-15 02:42:15,81.41,0.083,0.095,7.77,67.8,40.4,20.1
2026-04-15 02:42:15,79.45,0.097,0.112,6.81,66.7,40.0,20.1
2026-04-15 02:42:15,81.27,0.09,0.113,6.26,66.1,32.8,20.1
2026-04-15 02:42:15,81.54,0.107,0.128,5.41,66.7,36.6,20.1
2026-04-15 02:42:16,80.52,0.09,0.107,6.7,66.7,36.4,20.2
2026-04-15 02:42:16,81.02,0.094,0.117,5.86,65.5,34.3,20.1
2026-04-15 02:42:16,80.92,0.086,0.109,6.3,66.7,35.5,20.1
2026-04-15 02:42:16,80.66,0.084,0.097,7.64,66.7,40.4,20.1
2026-04-15 02:42:16,81.16,0.103,0.117,6.61,67.2,43.3,20.1
2026-04-15 02:42:16,80.42,0.098,0.121,6.18,66.1,36.4,20.1
2026-04-15 02:42:16,81.03,0.089,0.111,6.3,66.7,36.5,20.1
2026-04-15 02:42:17,80.83,0.092,0.115,5.92,66.1,30.2,20.1
2026-04-15 02:42:17,81.15,0.09,0.113,6.07,65.5,35.4,20.1
2026-04-15 02:42:17,80.82,0.09,0.113,6.02,65.5,33.8,20.1
2026-04-15 02:42:17,80.59,0.104,0.127,5.52,65.5,38.9,20.1
2026-04-15 02:42:17,81.2,0.195,0.218,3.89,66.7,64.2,20.1
2026-04-15 02:42:18,80.47,0.197,0.216,3.7,67.2,81.7,20.0
2026-04-15 02:42:18,80.84,0.103,0.125,5.86,66.7,37.1,20.0
2026-04-15 02:42:18,81.41,0.087,0.11,6.61,66.1,35.1,20.0
2026-04-15 02:42:18,80.7,0.117,0.14,5.09,67.2,33.3,20.0
2026-04-15 02:42:18,80.52,0.088,0.103,7.28,66.7,33.3,20.0
2026-04-15 02:42:18,81.16,0.088,0.111,5.99,66.7,39.4,20.0
2026-04-15 02:42:19,81.49,0.094,0.117,5.8,65.5,32.8,20.0
2026-04-15 02:42:19,78.9,0.088,0.11,6.24,66.1,32.8,20.0
2026-04-15 02:42:19,80.88,0.087,0.11,6.03,66.7,34.8,20.0
2026-04-15 02:42:19,80.51,0.105,0.116,6.65,66.7,41.7,20.0
2026-04-15 02:42:19,80.82,0.099,0.121,6.21,67.2,32.2,20.0
2026-04-15 02:42:19,80.64,0.094,0.117,6.17,67.2,38.8,20.0
2026-04-15 02:42:20,80.46,0.109,0.128,5.53,67.2,38.6,20.0
2026-04-15 02:42:20,80.66,0.089,0.111,6.79,66.1,37.9,20.0
2026-04-15 02:42:20,79.98,0.088,0.111,5.99,66.1,34.8,20.0
2026-04-15 02:42:20,80.88,0.088,0.111,6.05,66.7,32.3,20.0
2026-04-15 02:42:20,79.84,0.089,0.112,5.98,65.5,33.8,20.0
2026-04-15 02:42:20,81.2,0.11,0.133,5.32,65.5,34.7,20.0
2026-04-15 02:42:21,80.22,0.089,0.11,6.89,67.2,41.4,20.0
2026-04-15 02:42:21,80.4,0.1,0.122,5.64,66.7,37.1,20.1
2026-04-15 02:42:21,80.83,0.087,0.109,6.52,66.1,36.5,20.0
2026-04-15 02:42:21,80.56,0.089,0.102,7.35,67.2,43.6,20.0
2026-04-15 02:42:21,80.58,0.093,0.116,5.87,65.5,34.8,20.0
2026-04-15 02:42:21,80.28,0.093,0.117,5.99,65.5,33.3,20.0
2026-04-15 02:42:22,80.8,0.114,0.136,5.35,67.2,34.2,20.0
2026-04-15 02:42:22,79.87,0.108,0.127,6.22,66.7,37.1,20.0
2026-04-15 02:42:22,80.6,0.088,0.111,6.83,65.5,36.8,20.0
2026-04-15 02:42:22,80.79,0.093,0.116,5.82,67.2,34.8,19.9
2026-04-15 02:42:22,79.96,0.09,0.113,6.11,68.3,34.9,19.9
2026-04-15 02:42:22,79.22,0.104,0.12,5.51,65.5,34.3,19.9
2026-04-15 02:42:23,80.23,0.086,0.109,6.68,67.8,39.3,19.9
2026-04-15 02:42:23,81.01,0.084,0.108,6.11,67.2,38.8,19.9
2026-04-15 02:42:23,80.75,0.084,0.098,7.58,66.1,39.6,19.9
2026-04-15 02:42:23,80.77,0.087,0.101,7.33,67.2,43.4,19.9
2026-04-15 02:42:23,80.08,0.091,0.103,7.28,67.2,48.3,20.0
2026-04-15 02:42:23,79.08,0.092,0.115,5.98,67.2,30.8,20.0
2026-04-15 02:42:23,81.16,0.089,0.111,6.09,66.7,34.4,20.0
2026-04-15 02:42:24,79.78,0.087,0.106,6.07,66.7,34.8,20.1
2026-04-15 02:42:24,80.58,0.094,0.107,7.04,67.2,39.6,20.1
2026-04-15 02:42:24,79.14,0.084,0.107,6.49,66.1,37.5,20.1
2026-04-15 02:42:24,79.6,0.093,0.108,7.04,67.8,38.2,20.0
2026-04-15 02:42:24,79.61,0.089,0.113,6.11,66.1,41.4,20.0
2026-04-15 02:42:24,79.8,0.09,0.113,6.0,66.7,36.8,20.0
2026-04-15 02:42:25,81.6,0.093,0.116,5.89,67.2,33.8,20.1
2026-04-15 02:42:25,80.88,0.097,0.115,5.88,66.7,41.2,20.1
2026-04-15 02:42:25,80.64,0.087,0.11,6.37,67.2,30.5,20.1
2026-04-15 02:42:25,81.11,0.087,0.099,7.46,67.2,41.5,20.1
2026-04-15 02:42:25,79.29,0.093,0.116,5.8,66.7,34.3,20.1
2026-04-15 02:42:25,80.77,0.087,0.11,6.24,67.2,35.9,20.1
2026-04-15 02:42:26,81.3,0.093,0.116,5.81,66.1,35.3,20.1
2026-04-15 02:42:26,81.63,0.118,0.141,5.2,66.1,38.2,20.1
2026-04-15 02:42:26,79.93,0.085,0.099,7.5,67.8,40.4,20.1
2026-04-15 02:42:26,80.84,0.087,0.1,7.39,67.2,43.6,20.1
2026-04-15 02:42:26,80.59,0.104,0.116,6.68,66.7,42.4,20.1
2026-04-15 02:42:26,81.48,0.092,0.115,6.47,66.7,36.1,20.1
2026-04-15 02:42:26,81.4,0.09,0.113,6.05,65.5,34.8,20.0
2026-04-15 02:42:27,80.82,0.089,0.112,6.05,67.2,32.8,20.0
2026-04-15 02:42:27,80.26,0.104,0.126,5.53,66.7,34.3,20.0
2026-04-15 02:42:27,81.81,0.09,0.112,6.56,67.2,35.0,20.0
2026-04-15 02:42:27,81.7,0.105,0.128,5.49,67.2,39.7,20.0
2026-04-15 02:42:27,81.32,0.089,0.112,6.64,66.7,36.7,19.9
2026-04-15 02:42:27,81.12,0.089,0.111,6.02,66.7,32.3,19.9
2026-04-15 02:42:28,81.27,0.092,0.114,5.89,66.7,35.3,19.9
2026-04-15 02:42:28,80.38,0.095,0.118,5.88,66.7,34.3,20.0
2026-04-15 02:42:28,80.8,0.087,0.11,6.33,66.7,28.8,20.0
2026-04-15 02:42:28,80.81,0.106,0.118,6.56,66.1,47.7,20.0
2026-04-15 02:42:28,82.07,0.095,0.117,6.43,65.5,36.7,20.0
2026-04-15 02:42:28,81.69,0.096,0.119,5.94,67.2,36.2,20.0
2026-04-15 02:42:29,82.01,0.09,0.111,6.24,66.1,37.5,20.0
2026-04-15 02:42:29,81.75,0.086,0.108,6.16,67.2,37.3,20.0
2026-04-15 02:42:29,81.56,0.086,0.098,7.46,66.7,45.6,20.1
2026-04-15 02:42:29,81.4,0.089,0.101,7.38,66.7,38.8,20.1
2026-04-15 02:42:29,81.16,0.095,0.118,5.78,66.7,37.8,20.1
2026-04-15 02:42:29,80.68,0.093,0.116,6.07,66.1,34.8,20.1
2026-04-15 02:42:30,80.93,0.087,0.109,6.23,66.7,35.9,20.1
2026-04-15 02:42:30,81.24,0.128,0.14,5.74,67.2,45.7,20.2
2026-04-15 02:42:30,81.59,0.09,0.113,6.16,66.7,36.9,20.2
2026-04-15 02:42:30,80.73,0.101,0.124,5.61,67.2,35.6,20.2
2026-04-15 02:42:30,81.34,0.088,0.111,6.55,68.3,33.9,20.2
2026-04-15 02:42:30,80.78,0.088,0.112,5.99,67.2,36.2,20.3
2026-04-15 02:42:31,80.9,0.097,0.12,5.7,67.8,33.8,20.2
2026-04-15 02:42:31,79.51,0.11,0.133,5.57,67.8,34.3,20.2
2026-04-15 02:42:31,81.5,0.109,0.133,5.98,67.2,41.2,20.2
2026-04-15 02:42:31,81.22,0.088,0.11,6.94,66.1,41.4,20.2
2026-04-15 02:42:31,80.98,0.094,0.116,5.8,68.3,35.7,20.2
2026-04-15 02:42:31,81.51,0.095,0.118,5.96,67.2,34.8,20.1
2026-04-15 02:42:32,81.92,0.088,0.107,6.26,65.5,37.5,20.1
2026-04-15 02:42:32,81.62,0.111,0.134,5.28,67.8,35.1,20.1
2026-04-15 02:42:32,81.59,0.097,0.118,6.58,66.7,42.2,20.0
2026-04-15 02:42:32,80.7,0.104,0.127,5.75,65.5,36.2,20.0
2026-04-15 02:42:32,82.26,0.104,0.125,5.99,68.8,42.4,20.0
2026-04-15 02:42:32,81.15,0.099,0.122,6.21,68.3,35.9,20.0
2026-04-15 02:42:33,81.48,0.098,0.118,6.03,67.8,36.4,20.0
2026-04-15 02:42:33,80.58,0.093,0.116,6.19,66.7,31.0,20.0
2026-04-15 02:42:33,80.78,0.09,0.112,6.14,67.8,34.4,20.0
2026-04-15 02:42:33,80.41,0.089,0.11,6.01,66.7,35.4,20.0
2026-04-15 02:42:33,80.65,0.087,0.11,6.06,67.8,34.4,20.1
2026-04-15 02:42:33,81.32,0.11,0.133,5.28,67.8,34.7,20.1
2026-04-15 02:42:34,81.77,0.089,0.111,6.88,67.8,37.9,20.1
2026-04-15 02:42:34,81.38,0.093,0.116,5.81,67.8,37.1,20.1
2026-04-15 02:42:34,81.65,0.089,0.111,6.21,66.7,32.8,20.1
2026-04-15 02:42:34,81.96,0.111,0.133,5.31,66.7,38.4,20.1
2026-04-15 02:42:34,81.78,0.091,0.112,6.81,67.8,38.6,20.1
2026-04-15 02:42:34,81.82,0.101,0.124,5.68,66.7,38.0,20.1
2026-04-15 02:42:35,81.52,0.087,0.11,6.55,68.3,35.5,20.1
2026-04-15 02:42:35,82.04,0.108,0.117,6.5,66.7,52.3,20.1
2026-04-15 02:42:35,81.86,0.093,0.116,6.58,67.8,36.7,20.1
2026-04-15 02:42:35,81.68,0.092,0.112,6.03,66.7,37.3,20.1
2026-04-15 02:42:35,81.98,0.087,0.105,6.18,65.5,35.4,20.1
2026-04-15 02:42:35,81.8,0.097,0.109,6.99,67.2,41.4,20.1
2026-04-15 02:42:35,81.49,0.096,0.119,6.02,67.2,36.4,20.1
2026-04-15 02:42:36,81.34,0.086,0.11,6.38,67.8,34.9,20.1
2026-04-15 02:42:36,82.4,0.09,0.102,7.31,66.7,46.3,20.0
2026-04-15 02:42:36,82.72,0.097,0.12,5.75,67.2,36.6,20.1
2026-04-15 02:42:36,81.93,0.118,0.141,5.34,65.5,37.0,20.1
2026-04-15 02:42:36,81.98,0.094,0.109,6.98,65.5,45.0,20.1
2026-04-15 02:42:36,82.26,0.089,0.11,6.23,65.5,33.9,20.1
2026-04-15 02:42:37,82.47,0.098,0.121,5.69,66.7,35.7,20.0
2026-04-15 02:42:37,81.96,0.086,0.109,6.42,67.2,40.0,20.0
2026-04-15 02:42:37,81.05,0.102,0.114,6.71,67.8,41.4,20.0
2026-04-15 02:42:37,82.11,0.092,0.115,6.43,66.7,38.1,20.0
2026-04-15 02:42:37,81.83,0.09,0.113,6.07,67.2,38.5,20.0
2026-04-15 02:42:37,81.84,0.095,0.118,5.83,66.1,34.3,20.0
2026-04-15 02:42:38,81.29,0.092,0.112,6.12,66.1,32.3,20.1
2026-04-15 02:42:38,81.09,0.092,0.115,5.99,67.8,38.2,20.1
2026-04-15 02:42:38,81.13,0.088,0.111,6.15,66.7,34.4,20.1
2026-04-15 02:42:38,81.74,0.112,0.135,5.25,68.3,31.9,20.2
2026-04-15 02:42:38,81.25,0.085,0.105,7.17,68.3,40.4,20.2
2026-04-15 02:42:38,80.85,0.097,0.111,6.87,66.1,38.2,20.2
2026-04-15 02:42:39,81.43,0.092,0.115,6.2,68.3,35.4,20.2
2026-04-15 02:42:39,81.48,0.092,0.112,5.99,67.2,35.8,20.2
2026-04-15 02:42:39,81.24,0.092,0.111,6.01,66.7,32.3,20.2
2026-04-15 02:42:39,81.6,0.088,0.105,6.15,67.8,36.4,20.2
2026-04-15 02:42:39,81.67,0.114,0.136,5.19,66.7,34.2,20.2
2026-04-15 02:42:39,81.19,0.106,0.125,6.29,68.3,39.1,20.2
2026-04-15 02:42:40,80.81,0.103,0.126,6.13,67.8,37.5,20.2
2026-04-15 02:42:40,81.01,0.11,0.133,5.73,68.3,41.4,20.2
2026-04-15 02:42:40,81.76,0.085,0.105,7.12,67.8,40.4,20.2
2026-04-15 02:42:40,81.03,0.086,0.102,7.35,67.2,41.5,20.3
2026-04-15 02:42:40,83.15,0.087,0.098,7.52,68.3,42.3,20.2
2026-04-15 02:42:40,81.03,0.098,0.109,6.98,68.3,45.8,20.2
2026-04-15 02:42:40,79.74,0.087,0.111,6.36,66.7,32.8,20.2
2026-04-15 02:42:41,81.14,0.084,0.107,6.14,67.8,36.4,20.2
2026-04-15 02:42:41,79.6,0.091,0.105,7.17,67.8,45.6,20.2
2026-04-15 02:42:41,80.22,0.089,0.111,6.08,68.8,32.8,20.2
2026-04-15 02:42:41,80.31,0.096,0.119,5.75,67.8,35.7,20.2
2026-04-15 02:42:41,79.42,0.097,0.118,5.98,67.2,39.1,20.2
2026-04-15 02:42:41,80.66,0.105,0.129,5.67,68.3,37.5,20.2
2026-04-15 02:42:42,78.97,0.093,0.116,6.55,67.8,41.3,20.2
2026-04-15 02:42:42,78.26,0.11,0.133,5.43,67.8,36.5,20.2
2026-04-15 02:42:42,79.81,0.084,0.106,7.12,68.3,39.3,20.2
2026-04-15 02:42:42,79.1,0.103,0.118,6.57,66.1,39.7,20.2
2026-04-15 02:42:42,81.24,0.094,0.116,6.35,68.3,36.1,20.2
2026-04-15 02:42:42,78.45,0.092,0.115,6.04,68.3,35.8,20.2
2026-04-15 02:42:43,79.77,0.084,0.106,6.31,67.8,32.3,20.2
2026-04-15 02:42:43,79.56,0.084,0.097,7.54,66.7,41.2,20.1
2026-04-15 02:42:43,79.65,0.105,0.121,6.47,68.3,41.0,20.1
2026-04-15 02:42:43,80.15,0.095,0.118,6.38,66.7,39.1,20.2
2026-04-15 02:42:43,80.33,0.102,0.125,5.78,68.3,32.8,20.2
2026-04-15 02:42:43,80.23,0.086,0.109,6.65,67.8,39.3,20.2
2026-04-15 02:42:43,79.96,0.088,0.099,7.36,67.2,40.4,20.2
2026-04-15 02:42:44,79.15,0.108,0.131,5.37,69.4,32.9,20.2
2026-04-15 02:42:44,79.32,0.105,0.128,6.13,67.2,39.7,20.2
2026-04-15 02:42:44,80.33,0.089,0.111,6.64,66.7,39.3,20.2
2026-04-15 02:42:44,80.63,0.09,0.113,5.94,68.3,35.3,20.2
2026-04-15 02:42:44,80.61,0.098,0.121,5.74,67.2,36.1,20.2
2026-04-15 02:42:44,79.54,0.097,0.119,6.05,67.8,35.4,20.2
2026-04-15 02:42:45,80.72,0.086,0.108,6.45,68.3,38.1,20.2
2026-04-15 02:42:45,80.87,0.102,0.113,6.69,67.2,44.8,20.3
2026-04-15 02:42:45,79.76,0.09,0.113,6.45,68.8,37.5,20.2
2026-04-15 02:42:45,80.41,0.088,0.109,6.08,67.8,39.1,20.2
2026-04-15 02:42:45,81.35,0.092,0.116,5.85,67.2,30.3,20.2
2026-04-15 02:42:45,80.33,0.092,0.115,6.03,67.2,34.4,20.1
2026-04-15 02:42:46,79.55,0.098,0.121,5.79,67.8,37.1,20.1
2026-04-15 02:42:46,79.73,0.112,0.134,5.54,68.8,36.1,20.1
2026-04-15 02:42:46,80.83,0.093,0.113,6.79,67.8,41.3,20.1
2026-04-15 02:42:46,79.38,0.095,0.119,5.91,66.7,37.7,20.1
2026-04-15 02:42:46,81.52,0.097,0.119,5.94,67.2,36.8,20.1
2026-04-15 02:42:46,82.29,0.12,0.143,5.26,67.8,37.3,20.1
2026-04-15 02:42:47,81.41,0.091,0.103,7.31,67.2,38.5,20.1
2026-04-15 02:42:47,81.05,0.119,0.142,5.12,67.8,37.2,20.2
2026-04-15 02:42:47,80.32,0.091,0.103,7.26,67.8,43.1,20.2
2026-04-15 02:42:47,80.83,0.102,0.125,5.61,68.8,32.8,20.2
2026-04-15 02:42:47,81.91,0.11,0.133,5.73,66.7,38.0,20.2
2026-04-15 02:42:47,80.79,0.102,0.124,6.32,67.2,40.6,20.3
2026-04-15 02:42:48,82.47,0.1,0.123,6.06,67.2,31.1,20.3
2026-04-15 02:42:48,82.52,0.118,0.141,5.42,68.3,37.0,20.3
2026-04-15 02:42:48,81.56,0.094,0.108,7.03,67.8,35.2,20.3
2026-04-15 02:42:48,81.74,0.092,0.112,6.09,66.1,33.3,20.3
2026-04-15 02:42:48,82.51,0.09,0.112,6.05,67.8,35.9,20.3
2026-04-15 02:42:48,80.05,0.089,0.113,6.02,68.3,34.3,20.3
2026-04-15 02:42:49,81.18,0.088,0.111,6.06,68.3,35.4,20.3
2026-04-15 02:42:49,80.98,0.089,0.112,5.99,67.2,34.8,20.3
2026-04-15 02:42:49,80.4,0.089,0.112,6.0,66.7,34.3,20.3
2026-04-15 02:42:49,79.66,0.101,0.124,5.61,67.8,32.4,20.2
2026-04-15 02:42:49,79.96,0.088,0.111,6.5,67.8,37.7,20.2
2026-04-15 02:42:49,81.25,0.116,0.136,5.14,67.2,35.4,20.2
2026-04-15 02:42:50,80.06,0.094,0.111,6.9,67.2,36.4,20.2
2026-04-15 02:42:50,80.42,0.088,0.11,6.25,66.7,40.6,20.2
2026-04-15 02:42:50,81.14,0.089,0.1,7.44,68.3,39.2,20.1
2026-04-15 02:42:50,81.24,0.09,0.112,5.98,68.3,35.8,20.1
2026-04-15 02:42:50,80.45,0.091,0.114,5.96,66.7,30.8,20.1
2026-04-15 02:42:50,81.1,0.088,0.11,6.12,67.8,34.4,20.1
2026-04-15 02:42:51,81.17,0.087,0.11,6.01,67.8,33.8,20.1
2026-04-15 02:42:51,81.44,0.09,0.103,7.27,68.3,41.8,20.1
2026-04-15 02:42:51,82.44,0.088,0.112,6.09,68.3,35.4,20.1
2026-04-15 02:42:51,81.55,0.089,0.112,6.02,66.7,35.4,20.1
2026-04-15 02:42:51,81.43,0.09,0.113,5.95,67.8,32.8,20.1
2026-04-15 02:42:51,80.75,0.092,0.115,5.94,67.8,36.8,20.1
2026-04-15 02:42:52,80.88,0.109,0.132,5.44,67.8,31.4,20.1
2026-04-15 02:42:52,81.65,0.083,0.105,7.11,67.2,37.0,20.1
2026-04-15 02:42:52,81.87,0.1,0.116,6.64,68.8,40.7,20.1
2026-04-15 02:42:52,81.82,0.09,0.113,6.34,67.8,33.9,20.1
2026-04-15 02:42:52,81.96,0.094,0.117,5.9,67.2,35.9,20.1
2026-04-15 02:42:52,81.26,0.106,0.129,5.61,67.2,36.6,20.1
2026-04-15 02:42:52,81.59,0.092,0.115,6.56,68.3,43.9,20.1
2026-04-15 02:42:53,81.71,0.089,0.116,5.96,67.8,37.7,20.1
2026-04-15 02:42:53,81.94,0.09,0.113,6.14,66.7,34.4,20.1
2026-04-15 02:42:53,82.18,0.087,0.11,6.09,67.8,36.8,20.1
2026-04-15 02:42:53,81.87,0.103,0.115,6.68,68.8,45.0,20.1
2026-04-15 02:42:53,81.83,0.093,0.115,6.41,67.2,39.4,20.1
2026-04-15 02:42:53,80.64,0.089,0.112,6.14,68.3,31.7,20.1
2026-04-15 02:42:54,81.16,0.089,0.113,5.99,68.3,37.7,20.1
2026-04-15 02:42:54,81.35,0.112,0.137,5.24,67.8,34.7,20.1
2026-04-15 02:42:54,80.35,0.096,0.114,6.74,68.3,36.4,20.1
2026-04-15 02:42:54,81.7,0.086,0.107,6.35,68.8,45.2,20.2
2026-04-15 02:42:54,81.31,0.097,0.114,6.77,68.3,41.7,20.2
2026-04-15 02:42:54,81.66,0.107,0.13,5.72,68.8,36.2,20.2
2026-04-15 02:42:55,81.11,0.09,0.112,6.8,68.8,33.9,20.2
2026-04-15 02:42:55,81.53,0.103,0.128,5.51,67.8,44.6,20.2
2026-04-15 02:42:55,81.19,0.095,0.118,6.35,67.2,39.1,20.2
2026-04-15 02:42:55,82.41,0.092,0.115,6.1,68.3,36.9,20.2
2026-04-15 02:42:55,81.34,0.088,0.111,6.19,67.8,33.8,20.2
2026-04-15 02:42:55,81.45,0.089,0.118,5.73,68.3,37.0,20.3
2026-04-15 02:42:56,81.56,0.099,0.122,5.87,68.3,31.3,20.3
2026-04-15 02:42:56,81.45,0.091,0.114,6.23,67.8,40.9,20.3
2026-04-15 02:42:56,81.43,0.09,0.113,6.12,67.2,38.2,20.4
2026-04-15 02:42:56,82.34,0.091,0.114,5.96,68.3,32.3,20.4
2026-04-15 02:42:56,81.79,0.088,0.111,6.11,68.3,37.9,20.4
2026-04-15 02:42:56,80.84,0.088,0.111,6.02,67.8,34.3,20.4
2026-04-15 02:42:57,80.7,0.108,0.131,5.35,66.7,38.7,20.4
2026-04-15 02:42:57,81.4,0.104,0.127,6.16,67.2,36.5,20.4
2026-04-15 02:42:57,80.86,0.095,0.118,6.34,69.4,34.4,20.4
2026-04-15 02:42:57,80.21,0.086,0.109,6.32,68.3,35.5,20.4
2026-04-15 02:42:57,81.33,0.099,0.111,6.85,68.3,45.8,20.5
2026-04-15 02:42:57,82.28,0.088,0.112,6.42,68.3,36.7,20.5
2026-04-15 02:42:58,81.54,0.089,0.112,6.0,68.8,34.3,20.5
2026-04-15 02:42:58,82.22,0.089,0.112,5.99,68.3,34.8,20.5
2026-04-15 02:42:58,81.18,0.106,0.13,5.44,68.3,34.7,20.5
2026-04-15 02:42:58,82.29,0.102,0.125,6.17,68.3,40.3,20.6
2026-04-15 02:42:58,81.93,0.092,0.116,6.36,68.3,36.1,20.6
2026-04-15 02:42:58,81.9,0.096,0.118,5.9,67.2,36.2,20.6
2026-04-15 02:42:59,81.7,0.103,0.125,5.75,67.8,35.7,20.6
2026-04-15 02:42:59,81.31,0.087,0.11,6.65,68.3,33.9,20.6
2026-04-15 02:42:59,82.09,0.096,0.108,7.03,68.8,43.9,20.6
2026-04-15 02:42:59,82.1,0.095,0.118,6.03,67.8,34.4,20.7
2026-04-15 02:42:59,81.82,0.094,0.117,6.05,68.3,34.8,20.6
2026-04-15 02:42:59,82.39,0.119,0.142,5.21,67.2,32.4,20.6
2026-04-15 02:43:00,82.27,0.094,0.107,7.03,68.3,40.4,20.6
2026-04-15 02:43:00,83.05,0.12,0.144,5.18,67.8,40.3,20.7
2026-04-15 02:43:00,83.19,0.095,0.105,7.09,68.3,38.9,20.7
2026-04-15 02:43:00,82.38,0.089,0.111,6.23,67.8,37.5,20.6
2026-04-15 02:43:00,83.37,0.094,0.117,5.81,67.2,29.2,20.6
2026-04-15 02:43:00,83.02,0.104,0.126,5.69,68.3,33.8,20.6
2026-04-15 02:43:01,82.86,0.1,0.123,6.12,67.8,36.5,20.6
2026-04-15 02:43:01,82.59,0.092,0.114,6.33,67.2,40.0,20.5
2026-04-15 02:43:01,82.47,0.091,0.114,6.01,68.3,40.0,20.5
2026-04-15 02:43:01,82.36,0.097,0.12,5.74,67.8,33.3,20.5
2026-04-15 02:43:01,82.07,0.092,0.115,6.27,68.3,38.5,20.5
2026-04-15 02:43:01,82.24,0.088,0.107,6.16,67.8,33.3,20.5
2026-04-15 02:43:02,82.25,0.097,0.12,5.69,67.2,32.4,20.5
2026-04-15 02:43:02,82.91,0.093,0.115,6.16,67.2,38.8,20.5
2026-04-15 02:43:02,82.28,0.09,0.113,6.09,67.8,37.9,20.5
2026-04-15 02:43:02,82.03,0.101,0.124,5.64,67.8,34.7,20.5
2026-04-15 02:43:02,72.19,0.107,0.127,5.78,67.8,41.2,20.5
2026-04-15 02:43:02,83.17,0.087,0.11,6.83,67.2,37.3,20.5
2026-04-15 02:43:02,82.33,0.089,0.1,7.43,67.8,41.5,20.5
2026-04-15 02:43:03,82.57,0.092,0.115,5.88,68.3,36.2,20.5
2026-04-15 02:43:03,82.4,0.092,0.115,6.02,68.3,32.8,20.5
2026-04-15 02:43:03,82.39,0.105,0.128,5.54,67.8,34.3,20.4
2026-04-15 02:43:03,82.53,0.102,0.125,6.12,68.8,37.5,20.4
2026-04-15 02:43:03,82.62,0.09,0.115,6.39,68.3,35.0,20.4
2026-04-15 02:43:03,82.73,0.088,0.112,6.13,68.8,36.4,20.5
2026-04-15 02:43:04,82.89,0.099,0.122,5.65,68.3,32.9,20.5
2026-04-15 02:43:04,83.12,0.097,0.119,6.06,68.3,40.3,20.4
2026-04-15 02:43:04,82.57,0.096,0.119,6.07,68.3,35.9,20.5
2026-04-15 02:43:04,82.96,0.107,0.129,5.62,68.3,34.3,20.5
2026-04-15 02:43:04,81.93,0.09,0.112,6.71,68.8,36.2,20.5
2026-04-15 02:43:04,82.68,0.092,0.115,5.93,68.3,33.8,20.5
2026-04-15 02:43:05,83.2,0.102,0.124,5.63,68.3,38.6,20.5
2026-04-15 02:43:05,83.35,0.084,0.107,6.77,68.8,36.7,20.5
2026-04-15 02:43:05,82.77,0.086,0.102,7.37,68.3,43.4,20.6
2026-04-15 02:43:05,82.77,0.098,0.121,5.61,68.3,37.0,20.6
2026-04-15 02:43:05,82.64,0.093,0.116,6.2,67.8,30.0,20.6
2026-04-15 02:43:05,83.26,0.102,0.126,5.66,67.8,35.7,20.6
2026-04-15 02:43:06,82.41,0.088,0.111,6.57,68.8,40.0,20.6
2026-04-15 02:43:06,82.42,0.092,0.116,5.79,68.3,38.6,20.6
2026-04-15 02:43:06,82.91,0.083,0.106,6.42,69.4,30.5,20.6
2026-04-15 02:43:06,82.95,0.094,0.109,6.97,68.8,46.4,20.5
2026-04-15 02:43:06,82.9,0.087,0.109,6.27,67.8,34.4,20.5
2026-04-15 02:43:06,82.46,0.083,0.096,7.69,68.3,40.0,20.6
2026-04-15 02:43:07,82.7,0.114,0.13,6.11,68.8,36.5,20.6
2026-04-15 02:43:07,82.38,0.099,0.117,6.62,68.8,42.9,20.6
2026-04-15 02:43:07,82.9,0.109,0.133,5.61,68.3,38.6,20.6
2026-04-15 02:43:07,82.83,0.089,0.112,6.86,68.8,36.2,20.6
2026-04-15 02:43:07,82.86,0.092,0.115,5.91,68.8,37.9,20.6
2026-04-15 02:43:07,82.64,0.092,0.116,5.99,68.8,35.3,20.6
2026-04-15 02:43:07,82.39,0.083,0.105,6.32,68.3,34.4,20.5
2026-04-15 02:43:08,82.79,0.084,0.102,7.36,68.8,36.0,20.5
2026-04-15 02:43:08,82.92,0.114,0.127,6.22,67.8,37.7,20.5
2026-04-15 02:43:08,84.79,0.107,0.125,6.25,67.2,42.2,20.5
2026-04-15 02:43:08,84.29,0.096,0.119,6.45,68.8,41.3,20.5
2026-04-15 02:43:08,83.28,0.109,0.132,5.56,68.8,36.1,20.6
2026-04-15 02:43:08,82.77,0.088,0.11,6.87,68.8,40.0,20.6
2026-04-15 02:43:09,83.24,0.087,0.11,6.05,68.8,31.1,20.6
2026-04-15 02:43:09,83.16,0.088,0.1,7.46,68.8,42.9,20.6
2026-04-15 02:43:09,83.29,0.088,0.109,6.0,68.8,34.8,20.6
2026-04-15 02:43:09,83.58,0.09,0.113,5.93,68.8,33.8,20.6
2026-04-15 02:43:09,83.58,0.095,0.118,5.83,68.3,32.8,20.6
2026-04-15 02:43:09,83.29,0.092,0.115,6.1,69.4,32.8,20.7
2026-04-15 02:43:10,84.1,0.09,0.113,6.08,68.8,39.7,20.7
2026-04-15 02:43:10,84.69,0.089,0.113,6.0,67.8,34.4,20.7
2026-04-15 02:43:10,84.62,0.086,0.109,6.12,68.3,34.4,20.7
2026-04-15 02:43:10,84.05,0.085,0.099,7.53,68.3,42.6,20.7
2026-04-15 02:43:10,84.34,0.09,0.103,7.3,67.8,47.5,20.7
2026-04-15 02:43:10,84.27,0.093,0.116,5.89,67.8,30.8,20.6
2026-04-15 02:43:11,83.96,0.092,0.115,6.05,70.0,35.4,20.6
2026-04-15 02:43:11,83.67,0.098,0.12,5.79,67.2,34.3,20.6
2026-04-15 02:43:11,84.27,0.103,0.126,5.84,67.8,32.8,20.6
2026-04-15 02:43:11,84.23,0.086,0.109,6.7,68.8,39.3,20.6
2026-04-15 02:43:11,84.36,0.089,0.103,7.29,68.8,46.6,20.6
2026-04-15 02:43:11,83.72,0.087,0.11,6.08,68.8,33.3,20.6
2026-04-15 02:43:11,82.92,0.085,0.097,7.66,68.3,40.4,20.5
2026-04-15 02:43:12,83.71,0.086,0.102,7.33,68.3,44.6,20.5
2026-04-15 02:43:12,84.85,0.089,0.113,5.94,68.8,30.6,20.5
2026-04-15 02:43:12,84.74,0.113,0.136,5.27,67.8,33.8,20.5
2026-04-15 02:43:12,84.73,0.095,0.115,6.71,68.3,35.1,20.5
2026-04-15 02:43:12,84.78,0.098,0.12,5.91,67.8,38.8,20.5
2026-04-15 02:43:12,84.87,0.089,0.112,6.32,68.8,39.1,20.6
2026-04-15 02:43:13,84.88,0.097,0.12,5.73,68.8,35.2,20.6
2026-04-15 02:43:13,84.57,0.089,0.108,6.31,68.8,32.8,20.6
2026-04-15 02:43:13,84.34,0.097,0.116,5.74,68.8,35.7,20.6
2026-04-15 02:43:13,84.4,0.089,0.111,6.3,67.8,34.4,20.6
2026-04-15 02:43:13,84.37,0.095,0.107,7.1,67.8,40.7,20.6
2026-04-15 02:43:13,84.19,0.089,0.113,6.26,67.8,37.5,20.6
2026-04-15 02:43:14,83.82,0.091,0.114,5.96,67.8,32.8,20.6
2026-04-15 02:43:14,82.7,0.091,0.113,5.99,68.3,37.3,20.6
2026-04-15 02:43:14,82.32,0.089,0.112,6.06,67.8,34.8,20.6
2026-04-15 02:43:14,82.63,0.098,0.121,5.64,69.4,37.0,20.7
2026-04-15 02:43:14,82.43,0.087,0.11,6.53,68.8,40.9,20.7
2026-04-15 02:43:14,81.34,0.091,0.103,7.28,68.3,39.6,20.7
2026-04-15 02:43:15,82.17,0.095,0.119,5.82,69.4,36.2,20.7
2026-04-15 02:43:15,82.51,0.105,0.128,5.68,68.3,37.7,20.7
2026-04-15 02:43:15,81.14,0.088,0.111,6.72,69.4,36.4,20.7
2026-04-15 02:43:15,81.35,0.093,0.116,5.8,68.8,36.6,20.7
2026-04-15 02:43:15,81.63,0.089,0.112,6.17,67.8,31.1,20.7
2026-04-15 02:43:15,82.69,0.088,0.111,6.03,67.8,36.8,20.7
2026-04-15 02:43:15,82.56,0.089,0.112,5.96,68.3,36.2,20.7
2026-04-15 02:43:16,82.13,0.092,0.115,5.92,68.3,34.8,20.6
2026-04-15 02:43:16,82.29,0.106,0.129,5.52,68.8,35.6,20.6
2026-04-15 02:43:16,81.15,0.088,0.111,6.73,68.8,41.0,20.6
2026-04-15 02:43:16,81.79,0.09,0.112,5.96,69.4,36.8,20.7
2026-04-15 02:43:16,82.53,0.096,0.118,5.79,68.8,34.8,20.7
2026-04-15 02:43:17,82.5,0.095,0.118,6.04,69.4,33.3,20.7
2026-04-15 02:43:17,82.53,0.086,0.108,6.34,68.8,36.5,20.7
2026-04-15 02:43:17,82.25,0.097,0.11,6.92,67.8,40.4,20.7
2026-04-15 02:43:17,82.68,0.093,0.116,6.16,68.8,36.5,20.7
2026-04-15 02:43:17,82.62,0.124,0.147,5.04,68.3,39.5,20.7
2026-04-15 02:43:17,82.99,0.092,0.116,5.98,67.2,35.3,20.7
2026-04-15 02:43:18,83.11,0.091,0.114,6.06,67.8,32.3,20.7
2026-04-15 02:43:18,82.12,0.088,0.11,6.13,68.8,34.8,20.7
2026-04-15 02:43:18,81.95,0.088,0.111,5.99,68.8,33.3,20.7
2026-04-15 02:43:18,82.53,0.086,0.109,6.07,68.8,33.3,20.7
2026-04-15 02:43:18,83.32,0.09,0.104,7.24,69.4,42.6,20.7
2026-04-15 02:43:18,83.19,0.089,0.112,6.06,68.8,33.8,20.7
2026-04-15 02:43:18,83.17,0.102,0.125,5.58,68.3,33.8,20.7
2026-04-15 02:43:19,82.91,0.096,0.118,6.21,68.3,31.0,20.7
2026-04-15 02:43:19,82.14,0.088,0.111,6.32,67.8,37.5,20.7
2026-04-15 02:43:19,83.01,0.093,0.116,5.81,68.3,36.2,20.7
2026-04-15 02:43:19,83.11,0.086,0.109,6.28,67.2,32.3,20.7
2026-04-15 02:43:19,82.97,0.09,0.102,7.3,68.8,43.4,20.7
2026-04-15 02:43:19,83.14,0.103,0.126,5.55,69.4,31.9,20.7
2026-04-15 02:43:20,82.78,0.098,0.121,6.2,68.8,39.4,20.7
2026-04-15 02:43:20,82.88,0.094,0.117,6.15,68.3,39.7,20.7
2026-04-15 02:43:20,82.78,0.09,0.113,6.16,67.8,35.4,20.7
2026-04-15 02:43:20,82.64,0.304,0.329,2.59,70.5,84.9,20.0
2026-04-15 02:43:20,83.13,0.089,0.112,6.83,70.0,41.4,20.0
2026-04-15 02:43:21,82.69,0.087,0.113,6.0,69.4,34.8,19.9
2026-04-15 02:43:21,82.69,0.088,0.111,6.04,67.2,32.3,19.9
2026-04-15 02:43:21,83.3,0.11,0.13,5.32,68.3,33.3,19.9
2026-04-15 02:43:21,82.16,0.098,0.121,6.44,67.2,40.3,19.9
2026-04-15 02:43:21,83.49,0.085,0.108,6.52,68.8,37.1,19.9
2026-04-15 02:43:21,82.71,0.084,0.098,7.57,68.8,40.7,19.9
2026-04-15 02:43:22,83.05,0.092,0.107,7.08,68.3,42.9,19.9
2026-04-15 02:43:22,83.07,0.088,0.111,6.13,68.8,31.7,19.9
2026-04-15 02:43:22,82.72,0.101,0.123,5.59,70.0,37.5,19.9
2026-04-15 02:43:22,83.08,0.094,0.117,6.25,70.0,35.5,19.9
2026-04-15 02:43:22,83.05,0.104,0.126,5.62,68.8,43.7,19.9
2026-04-15 02:43:22,82.65,0.099,0.122,6.25,68.8,39.7,19.9
2026-04-15 02:43:23,83.43,0.092,0.112,6.28,68.8,36.5,20.0
2026-04-15 02:43:23,83.13,0.097,0.12,5.81,68.8,33.3,20.0
2026-04-15 02:43:23,82.46,0.091,0.114,6.22,69.4,37.9,20.0
2026-04-15 02:43:23,83.26,0.088,0.109,6.12,69.4,37.9,20.0
2026-04-15 02:43:23,82.88,0.086,0.105,6.08,69.4,33.3,20.1
2026-04-15 02:43:23,83.03,0.089,0.103,7.29,68.3,44.6,20.1
2026-04-15 02:43:24,82.68,0.089,0.112,6.05,68.3,33.8,20.1
2026-04-15 02:43:24,82.77,0.089,0.112,5.99,70.0,35.8,20.1
2026-04-15 02:43:24,82.8,0.089,0.108,5.97,69.4,34.8,20.1
2026-04-15 02:43:24,83.06,0.087,0.11,6.1,67.8,32.8,20.0
2026-04-15 02:43:24,82.74,0.089,0.101,7.4,70.0,42.3,20.0
2026-04-15 02:43:24,82.53,0.093,0.116,5.87,70.0,38.6,20.0
2026-04-15 02:43:25,82.29,0.094,0.117,5.95,69.4,37.9,20.0
2026-04-15 02:43:25,83.39,0.097,0.119,5.92,68.3,41.7,20.0
2026-04-15 02:43:25,83.02,0.107,0.129,5.66,69.4,37.7,20.0
2026-04-15 02:43:25,82.87,0.087,0.112,6.72,68.8,36.7,20.0
2026-04-15 02:43:25,82.32,0.086,0.11,6.09,68.8,33.3,20.1
2026-04-15 02:43:25,83.03,0.084,0.097,7.65,68.8,40.4,20.1
2026-04-15 02:43:25,82.63,0.094,0.109,7.0,70.0,41.1,20.1
2026-04-15 02:43:26,82.47,0.085,0.109,6.32,68.8,35.5,20.1
2026-04-15 02:43:26,83.18,0.087,0.101,7.44,68.8,42.9,20.1
2026-04-15 02:43:26,0.0,0.093,0.105,7.12,68.8,43.6,20.1
2026-04-15 02:43:26,0.0,0.091,0.115,6.03,70.0,34.3,20.1
2026-04-15 02:43:26,0.0,0.085,0.106,6.27,70.0,37.9,20.1
2026-04-15 02:43:26,0.0,0.084,0.097,7.56,70.0,41.2,20.1
2026-04-15 02:43:26,0.0,0.093,0.108,7.04,68.8,42.1,20.1
2026-04-15 02:43:27,0.0,0.093,0.117,5.96,68.8,35.8,20.1
2026-04-15 02:43:27,0.0,0.102,0.125,5.71,69.4,37.5,20.1
2026-04-15 02:43:27,0.0,0.088,0.109,6.58,67.8,36.1,20.1
2026-04-15 02:43:27,0.0,0.104,0.115,6.69,68.3,45.6,20.1
2026-04-15 02:43:27,0.0,0.11,0.133,5.77,68.8,38.8,20.1
2026-04-15 02:43:27,0.0,0.111,0.134,5.95,68.3,36.5,20.1
2026-04-15 02:43:28,0.0,0.103,0.124,6.35,69.4,38.1,20.2
2026-04-15 02:43:28,0.0,0.108,0.131,5.85,69.4,35.4,20.2
2026-04-15 02:43:28,0.0,0.085,0.107,6.97,70.0,35.7,20.2
2026-04-15 02:43:28,0.0,0.087,0.101,7.43,70.0,40.0,20.2
2026-04-15 02:43:28,0.0,0.101,0.114,6.75,69.4,41.4,20.1
2026-04-15 02:43:28,0.0,0.087,0.111,6.52,69.4,36.5,20.1
2026-04-15 02:43:29,0.0,0.088,0.105,6.01,69.4,32.8,20.1
2026-04-15 02:43:29,0.0,0.087,0.099,7.52,69.4,42.3,20.1
2026-04-15 02:43:29,0.0,0.093,0.105,7.2,68.3,41.1,20.1
2026-04-15 02:43:29,0.0,0.089,0.11,6.15,69.4,35.9,20.1
2026-04-15 02:43:29,0.0,0.11,0.133,5.32,68.3,33.8,20.1
2026-04-15 02:43:29,0.0,0.087,0.11,6.99,70.0,36.4,20.1
2026-04-15 02:43:29,0.0,0.088,0.102,7.36,68.8,43.6,20.1
2026-04-15 02:43:30,0.0,0.087,0.114,5.95,68.3,32.3,20.1
2026-04-15 02:43:30,0.0,0.093,0.116,5.91,67.8,33.3,20.2
2026-04-15 02:43:30,0.0,0.091,0.115,6.07,68.8,35.4,20.2
2026-04-15 02:43:30,0.0,0.095,0.118,5.89,69.4,36.8,20.2
2026-04-15 02:43:30,0.0,0.094,0.118,5.99,69.4,34.8,20.2
2026-04-15 02:43:30,0.0,0.102,0.125,5.78,69.4,33.3,20.2
2026-04-15 02:43:31,0.0,0.115,0.139,5.55,68.8,39.2,20.2
2026-04-15 02:43:31,0.0,0.113,0.129,6.11,70.0,43.1,20.2
2026-04-15 02:43:31,0.0,0.09,0.112,6.88,70.5,35.1,20.2
2026-04-15 02:43:31,0.0,0.111,0.134,5.38,69.4,34.7,20.2
2026-04-15 02:43:31,0.0,0.094,0.116,6.69,68.8,39.3,20.2
2026-04-15 02:43:31,0.0,0.098,0.122,5.8,68.8,36.2,20.1
2026-04-15 02:43:32,0.0,0.088,0.111,6.44,68.8,37.5,20.1
2026-04-15 02:43:32,0.0,0.092,0.114,5.87,69.4,32.3,20.1
2026-04-15 02:43:32,0.0,0.09,0.112,6.09,70.5,34.4,20.1
2026-04-15 02:43:32,0.0,0.107,0.129,5.44,68.8,39.2,20.1
2026-04-15 02:43:32,0.0,0.09,0.111,6.69,68.8,38.3,20.1
2026-04-15 02:43:32,0.0,0.095,0.118,5.81,68.8,35.3,20.1
2026-04-15 02:43:33,0.0,0.113,0.135,5.43,69.4,36.1,20.0
2026-04-15 02:43:33,0.0,0.095,0.114,6.71,69.4,37.9,20.0
2026-04-15 02:43:33,0.0,0.121,0.144,5.16,67.8,33.8,20.0
2026-04-15 02:43:33,0.0,0.1,0.123,5.63,69.4,37.0,19.9
2026-04-15 02:43:33,0.0,0.112,0.136,5.59,68.8,38.4,19.9
2026-04-15 02:43:33,0.0,0.093,0.114,6.78,69.4,44.4,20.0
2026-04-15 02:43:34,0.0,0.091,0.114,6.1,70.0,35.9,20.0
2026-04-15 02:43:34,0.0,0.088,0.111,6.09,70.0,31.3,20.0
2026-04-15 02:43:34,0.0,0.091,0.115,5.88,68.3,33.3,20.1
2026-04-15 02:43:34,0.0,0.099,0.121,5.76,68.3,35.3,20.0
2026-04-15 02:43:34,0.0,0.093,0.121,6.05,69.4,37.3,20.0
2026-04-15 02:43:34,0.0,0.088,0.111,6.37,68.8,39.4,20.0
2026-04-15 02:43:35,0.0,0.094,0.116,5.82,67.8,36.8,20.0
2026-04-15 02:43:35,0.0,0.108,0.132,5.5,69.4,36.1,20.0
2026-04-15 02:43:35,0.0,0.094,0.117,6.6,70.0,39.1,20.0
2026-04-15 02:43:35,0.0,0.092,0.113,6.08,68.8,34.4,20.1
2026-04-15 02:43:35,0.0,0.089,0.112,6.05,68.8,35.8,20.1
2026-04-15 02:43:35,0.0,0.091,0.112,5.99,70.0,38.6,20.1
2026-04-15 02:43:36,0.0,0.1,0.125,5.58,68.8,31.3,20.1
2026-04-15 02:43:36,83.67,0.094,0.115,6.37,69.4,37.1,20.1
2026-04-15 02:43:36,82.69,0.088,0.109,6.17,69.4,36.4,20.0
2026-04-15 02:43:36,82.75,0.09,0.108,5.92,70.0,45.6,20.0
2026-04-15 02:43:36,83.56,0.098,0.121,5.72,68.8,31.3,20.0
2026-04-15 02:43:36,84.63,0.087,0.109,6.45,69.4,37.1,20.0
2026-04-15 02:43:37,84.81,0.093,0.111,6.89,71.0,40.4,20.0
2026-04-15 02:43:37,84.05,0.085,0.109,6.51,70.0,38.1,20.0
2026-04-15 02:43:37,84.04,0.097,0.11,6.89,70.0,38.2,20.0
2026-04-15 02:43:37,83.9,0.114,0.137,5.45,70.0,37.1,20.1
2026-04-15 02:43:37,84.22,0.093,0.11,6.9,70.0,44.1,20.1
2026-04-15 02:43:37,84.23,0.088,0.113,6.16,69.4,32.8,20.1
2026-04-15 02:43:38,84.25,0.089,0.112,5.98,70.0,33.3,20.1
2026-04-15 02:43:38,84.21,0.102,0.125,5.57,68.8,40.0,20.0
2026-04-15 02:43:38,83.94,0.104,0.126,5.99,70.0,39.4,20.0
2026-04-15 02:43:38,83.82,0.096,0.119,6.3,70.0,34.9,20.0
2026-04-15 02:43:38,83.75,0.097,0.12,5.95,70.5,39.7,20.0
2026-04-15 02:43:38,83.51,0.088,0.111,6.29,70.0,38.5,20.0
2026-04-15 02:43:39,83.68,0.11,0.132,5.34,68.8,30.0,20.1
2026-04-15 02:43:39,83.8,0.093,0.115,6.67,68.8,40.0,20.1
2026-04-15 02:43:39,83.29,0.101,0.125,5.71,68.8,36.2,20.1
2026-04-15 02:43:39,83.13,0.092,0.113,6.42,71.6,37.5,20.0
2026-04-15 02:43:39,84.18,0.088,0.111,6.08,70.0,36.4,20.0
2026-04-15 02:43:39,84.59,0.088,0.111,5.95,69.4,34.8,20.0
2026-04-15 02:43:40,84.67,0.088,0.112,6.05,69.4,35.8,20.0
2026-04-15 02:43:40,84.42,0.101,0.126,5.51,68.8,40.0,20.0
2026-04-15 02:43:40,84.69,0.098,0.118,6.26,68.8,38.1,20.0
2026-04-15 02:43:40,84.57,0.086,0.109,6.43,70.0,37.5,20.1
2026-04-15 02:43:40,84.34,0.097,0.11,6.94,70.0,43.9,20.2
2026-04-15 02:43:40,84.06,0.097,0.124,5.86,70.5,36.8,20.2
2026-04-15 02:43:41,81.78,0.09,0.114,6.4,69.4,35.0,20.2
2026-04-15 02:43:41,80.86,0.09,0.109,6.02,68.3,38.2,20.2
2026-04-15 02:43:41,82.02,0.101,0.123,5.65,70.0,32.4,20.2
2026-04-15 02:43:41,81.44,0.092,0.115,6.32,70.0,30.5,20.2
2026-04-15 02:43:41,81.43,0.092,0.113,6.03,69.4,38.2,20.2
2026-04-15 02:43:41,81.36,0.089,0.112,6.08,69.4,34.4,20.1
2026-04-15 02:43:42,81.37,0.104,0.127,5.53,69.4,34.3,20.1
2026-04-15 02:43:42,81.88,0.097,0.12,6.26,69.4,38.5,20.1
2026-04-15 02:43:42,82.45,0.088,0.114,6.23,69.4,35.5,20.1
2026-04-15 02:43:42,82.29,0.089,0.112,6.06,70.0,32.3,20.0
2026-04-15 02:43:42,82.07,0.106,0.128,5.41,70.0,39.7,20.1
2026-04-15 02:43:42,82.2,0.114,0.137,5.78,70.5,37.7,20.0
2026-04-15 02:43:43,81.95,0.102,0.121,6.45,68.8,36.2,20.0
2026-04-15 02:43:43,82.32,0.088,0.111,6.56,68.8,36.1,20.0
2026-04-15 02:43:43,81.68,0.1,0.127,5.49,68.3,36.1,20.0
2026-04-15 02:43:43,81.54,0.09,0.113,6.54,68.8,38.7,20.0
2026-04-15 02:43:43,82.09,0.122,0.15,4.92,69.4,36.7,20.0
2026-04-15 02:43:43,82.09,0.09,0.111,6.13,68.8,31.1,20.0
2026-04-15 02:43:44,82.42,0.097,0.12,5.75,68.8,35.7,20.0
2026-04-15 02:43:44,81.93,0.107,0.129,5.68,69.4,39.4,20.0
2026-04-15 02:43:44,82.38,0.108,0.131,5.96,70.5,34.4,20.1
2026-04-15 02:43:44,82.3,0.088,0.111,6.81,69.4,35.7,20.1
2026-04-15 02:43:44,81.91,0.089,0.111,5.97,70.0,36.8,20.2
2026-04-15 02:43:44,81.89,0.086,0.11,6.04,70.0,36.8,20.2
2026-04-15 02:43:45,81.93,0.087,0.097,7.52,70.0,40.8,20.2
2026-04-15 02:43:45,82.31,0.104,0.115,6.67,69.4,48.3,20.3
2026-04-15 02:43:45,81.24,0.088,0.111,6.63,71.0,40.0,20.3
2026-04-15 02:43:45,81.93,0.087,0.11,6.04,69.4,29.0,20.3
2026-04-15 02:43:45,82.07,0.087,0.099,7.51,69.4,43.6,20.3
2026-04-15 02:43:45,81.96,0.093,0.105,7.17,70.5,39.6,20.4
2026-04-15 02:43:45,82.65,0.099,0.121,5.82,68.8,39.4,20.4
2026-04-15 02:43:46,82.18,0.085,0.107,6.54,70.5,34.4,20.4
2026-04-15 02:43:46,82.5,0.101,0.119,6.53,69.4,39.3,20.4
2026-04-15 02:43:46,82.07,0.098,0.122,6.22,71.6,37.5,20.4
2026-04-15 02:43:46,82.22,0.101,0.123,5.95,70.5,37.7,20.4
2026-04-15 02:43:46,82.21,0.087,0.11,6.53,70.5,32.1,20.4
2026-04-15 02:43:46,82.19,0.102,0.114,6.74,70.5,43.5,20.5
2026-04-15 02:43:47,82.69,0.084,0.104,6.72,70.0,34.5,20.5
2026-04-15 02:43:47,82.27,0.084,0.099,7.51,71.0,43.9,20.5
2026-04-15 02:43:47,82.36,0.086,0.101,7.39,70.0,45.6,20.5
2026-04-15 02:43:47,82.46,0.094,0.108,6.98,69.4,38.9,20.5
2026-04-15 02:43:47,82.05,0.088,0.111,6.32,70.0,36.5,20.5
2026-04-15 02:43:47,82.46,0.099,0.11,6.93,70.0,50.0,20.5
2026-04-15 02:43:47,83.3,0.103,0.126,5.86,68.8,38.6,20.5
2026-04-15 02:43:48,82.18,0.09,0.113,6.51,68.3,36.1,20.5
2026-04-15 02:43:48,82.15,0.085,0.108,6.2,70.0,34.4,20.6
2026-04-15 02:43:48,82.23,0.1,0.115,6.72,70.5,43.3,20.6
2026-04-15 02:43:48,82.5,0.109,0.135,5.61,68.3,40.6,20.6
2026-04-15 02:43:48,82.75,0.094,0.115,6.72,68.3,38.6,20.7
2026-04-15 02:43:48,82.49,0.102,0.125,5.75,70.0,33.8,20.7
2026-04-15 02:43:49,82.7,0.088,0.111,6.55,70.0,38.7,20.6
2026-04-15 02:43:49,82.41,0.101,0.112,6.82,70.0,39.3,20.6
2026-04-15 02:43:49,82.9,0.112,0.136,5.62,70.0,36.6,20.7
2026-04-15 02:43:49,82.48,0.087,0.107,7.1,70.5,38.6,20.6
2026-04-15 02:43:49,82.41,0.108,0.12,6.49,71.0,40.7,20.6
2026-04-15 02:43:49,82.12,0.095,0.118,6.5,69.4,40.3,20.6
2026-04-15 02:43:49,82.27,0.086,0.106,6.36,69.4,36.9,20.6
2026-04-15 02:43:50,82.48,0.089,0.102,7.31,70.0,45.6,20.6
2026-04-15 02:43:50,82.6,0.095,0.113,5.78,70.0,39.1,20.6
2026-04-15 02:43:50,82.36,0.087,0.11,6.31,67.8,32.8,20.6
2026-04-15 02:43:50,82.1,0.089,0.101,7.39,70.0,43.4,20.5
2026-04-15 02:43:50,82.72,0.093,0.116,5.88,70.0,38.6,20.5
2026-04-15 02:43:50,82.55,0.095,0.118,5.91,70.0,35.3,20.5
2026-04-15 02:43:51,82.22,0.095,0.118,6.03,69.4,34.4,20.5
2026-04-15 02:43:51,82.23,0.089,0.112,6.2,69.4,37.9,20.5
2026-04-15 02:43:51,82.71,0.11,0.121,6.45,70.5,39.7,20.5
2026-04-15 02:43:51,81.85,0.086,0.107,7.08,71.6,36.8,20.6
2026-04-15 02:43:51,80.55,0.091,0.104,7.21,71.0,43.6,20.6
2026-04-15 02:43:51,82.04,0.087,0.11,6.16,70.0,38.8,20.6
2026-04-15 02:43:51,82.55,0.088,0.1,7.45,71.0,40.7,20.6
2026-04-15 02:43:52,82.02,0.089,0.112,5.97,68.3,34.8,20.6
2026-04-15 02:43:52,81.61,0.096,0.118,5.76,68.3,36.2,20.7
2026-04-15 02:43:52,80.9,0.086,0.11,6.35,70.5,35.5,20.7
2026-04-15 02:43:52,80.38,0.099,0.112,6.77,70.0,45.0,20.6
2026-04-15 02:43:52,80.69,0.094,0.117,6.26,70.0,39.1,20.6
2026-04-15 02:43:52,81.61,0.087,0.11,6.25,69.4,34.9,20.6
2026-04-15 02:43:53,81.4,0.095,0.117,5.74,70.0,34.8,20.6
2026-04-15 02:43:53,82.08,0.091,0.114,6.16,70.0,39.1,20.6
2026-04-15 02:43:53,81.24,0.089,0.109,6.06,70.5,35.4,20.6
2026-04-15 02:43:53,81.45,0.107,0.129,5.41,68.3,35.6,20.5
2026-04-15 02:43:53,81.26,0.114,0.141,5.63,68.3,40.6,20.5
2026-04-15 02:43:53,79.8,0.088,0.102,7.33,70.5,43.9,20.5
2026-04-15 02:43:54,81.87,0.092,0.115,5.86,70.0,34.3,20.5
2026-04-15 02:43:54,81.49,0.09,0.113,6.07,69.4,39.1,20.5
2026-04-15 02:43:54,80.65,0.089,0.112,6.04,70.0,30.2,20.5
2026-04-15 02:43:54,81.38,0.092,0.115,5.91,68.8,36.8,20.4
2026-04-15 02:43:54,81.49,0.093,0.116,5.97,69.4,35.3,20.4
2026-04-15 02:43:54,82.66,0.09,0.113,6.09,70.0,35.9,20.4
2026-04-15 02:43:55,80.75,0.092,0.116,5.93,70.0,35.3,20.5
2026-04-15 02:43:55,81.1,0.095,0.116,5.92,70.5,40.3,20.5
2026-04-15 02:43:55,81.65,0.089,0.109,6.21,71.0,38.8,20.5
2026-04-15 02:43:55,81.97,0.087,0.109,6.1,70.5,35.8,20.5
2026-04-15 02:43:55,80.9,0.087,0.099,7.48,71.0,38.0,20.6
2026-04-15 02:43:55,81.61,0.089,0.101,7.41,70.5,45.5,20.6
2026-04-15 02:43:56,81.89,0.088,0.11,6.04,70.0,35.4,20.5
2026-04-15 02:43:56,81.95,0.087,0.11,6.02,71.0,32.3,20.5
2026-04-15 02:43:56,81.49,0.085,0.097,7.59,70.5,42.3,20.5
2026-04-15 02:43:56,81.75,0.084,0.097,7.6,70.5,43.4,20.6
2026-04-15 02:43:56,81.51,0.089,0.104,7.23,70.5,41.5,20.5
2026-04-15 02:43:56,81.48,0.092,0.113,5.9,70.5,30.2,20.5
2026-04-15 02:43:56,81.6,0.088,0.111,6.14,70.5,36.4,20.5
2026-04-15 02:43:57,81.26,0.085,0.107,6.13,70.5,30.6,20.6
2026-04-15 02:43:57,81.34,0.086,0.101,7.42,71.0,41.2,20.6
2026-04-15 02:43:57,81.78,0.099,0.112,6.83,70.5,38.2,20.6
2026-04-15 02:43:57,81.52,0.094,0.117,6.18,69.4,33.3,20.6
2026-04-15 02:43:57,81.2,0.093,0.115,5.93,70.0,40.6,20.6
2026-04-15 02:43:57,82.11,0.103,0.123,5.77,70.5,38.6,20.6
2026-04-15 02:43:58,81.2,0.092,0.114,6.45,71.0,29.8,20.6
2026-04-15 02:43:58,82.29,0.094,0.116,5.92,71.0,40.3,20.6
2026-04-15 02:43:58,81.97,0.088,0.11,6.25,70.0,33.3,20.6
2026-04-15 02:43:58,82.03,0.094,0.117,5.76,69.4,33.8,20.6
2026-04-15 02:43:58,81.98,0.095,0.118,5.98,68.8,38.2,20.6
2026-04-15 02:43:58,82.05,0.103,0.126,5.74,70.0,38.2,20.6
2026-04-15 02:43:59,82.19,0.086,0.111,6.59,70.5,37.7,20.6
2026-04-15 02:43:59,82.48,0.089,0.103,7.3,69.4,40.4,20.5
2026-04-15 02:43:59,82.06,0.096,0.12,5.83,69.4,37.1,20.5
2026-04-15 02:43:59,82.13,0.084,0.107,6.48,70.5,31.0,20.5
2026-04-15 02:43:59,82.53,0.084,0.099,7.51,71.6,40.4,20.5
2026-04-15 02:43:59,82.18,0.097,0.112,6.85,71.0,40.7,20.5
2026-04-15 02:43:59,82.82,0.098,0.121,5.95,70.0,31.2,20.5
2026-04-15 02:44:00,82.21,0.088,0.11,6.41,70.5,43.3,20.5
2026-04-15 02:44:00,82.97,0.09,0.112,5.92,70.0,33.8,20.5
2026-04-15 02:44:00,81.98,0.085,0.107,6.18,69.4,32.3,20.5
2026-04-15 02:44:00,81.47,0.097,0.112,6.86,71.6,39.7,20.4
2026-04-15 02:44:00,82.66,0.085,0.109,6.47,70.5,37.7,20.5
2026-04-15 02:44:00,82.24,0.095,0.108,6.97,70.0,42.1,20.5
2026-04-15 02:44:01,82.28,0.093,0.115,6.11,70.0,32.8,20.5
2026-04-15 02:44:01,81.73,0.092,0.119,5.89,70.5,36.8,20.5
2026-04-15 02:44:01,82.29,0.09,0.113,6.24,70.5,37.5,20.6
2026-04-15 02:44:01,82.59,0.096,0.121,5.7,71.0,33.3,20.6
2026-04-15 02:44:01,82.28,0.089,0.111,6.35,71.6,32.8,20.6
2026-04-15 02:44:01,81.84,0.087,0.11,6.08,70.5,38.2,20.6
2026-04-15 02:44:02,82.03,0.096,0.119,5.7,70.0,32.9,20.6
2026-04-15 02:44:02,80.71,0.096,0.119,6.02,70.0,34.9,20.6
2026-04-15 02:44:02,81.15,0.092,0.115,6.15,69.4,36.4,20.6
2026-04-15 02:44:02,80.17,0.099,0.122,5.76,70.0,33.8,20.6
2026-04-15 02:44:02,79.76,0.103,0.124,5.84,71.0,39.7,20.6
2026-04-15 02:44:02,80.9,0.084,0.106,6.82,70.5,42.4,20.7
2026-04-15 02:44:02,82.08,0.093,0.109,6.99,70.5,37.0,20.7
2026-04-15 02:44:03,79.85,0.092,0.115,6.06,70.5,30.6,20.7
2026-04-15 02:44:03,79.53,0.093,0.117,5.95,71.0,40.0,20.7
2026-04-15 02:44:03,79.2,0.111,0.134,5.43,71.0,31.4,20.6
2026-04-15 02:44:03,79.11,0.092,0.113,6.79,71.6,42.4,20.6
2026-04-15 02:44:03,75.96,0.098,0.121,5.78,71.0,35.7,20.6
2026-04-15 02:44:03,76.51,0.105,0.129,5.74,70.5,37.7,20.7
2026-04-15 02:44:04,81.34,0.088,0.106,6.73,70.5,42.6,20.7
2026-04-15 02:44:04,81.95,0.087,0.11,6.03,70.0,33.8,20.7
2026-04-15 02:44:04,81.06,0.087,0.099,7.51,70.0,45.6,20.7
2026-04-15 02:44:04,81.66,0.097,0.109,6.95,71.0,42.4,20.7
2026-04-15 02:44:04,79.82,0.101,0.124,5.87,70.0,35.8,20.7
2026-04-15 02:44:04,79.49,0.089,0.112,6.46,70.5,32.8,20.7
2026-04-15 02:44:05,80.11,0.088,0.112,6.04,70.5,33.8,20.7
2026-04-15 02:44:05,81.47,0.088,0.111,6.02,70.5,39.4,20.7
2026-04-15 02:44:05,82.12,0.087,0.11,6.04,70.0,34.3,20.6
2026-04-15 02:44:05,79.93,0.089,0.1,7.41,70.5,43.6,20.6
2026-04-15 02:44:05,81.98,0.085,0.111,6.04,71.0,36.4,20.6
2026-04-15 02:44:05,83.1,0.085,0.097,7.6,71.0,43.6,20.6
2026-04-15 02:44:05,82.45,0.092,0.105,7.17,70.0,42.9,20.6
2026-04-15 02:44:06,83.02,0.099,0.122,5.77,71.0,37.7,20.6
2026-04-15 02:44:06,81.81,0.1,0.124,5.93,70.5,33.8,20.6
2026-04-15 02:44:06,81.85,0.097,0.123,6.06,70.5,36.9,20.6
2026-04-15 02:44:06,81.31,0.089,0.112,6.4,70.0,37.5,20.6
2026-04-15 02:44:06,82.0,0.094,0.118,5.82,70.5,34.3,20.6
2026-04-15 02:44:06,82.45,0.105,0.129,5.56,71.0,37.5,20.6
2026-04-15 02:44:07,82.56,0.085,0.107,6.93,71.6,33.9,20.6
2026-04-15 02:44:07,82.76,0.086,0.099,7.47,71.6,41.2,20.6
2026-04-15 02:44:07,82.03,0.085,0.098,7.57,70.5,40.7,20.6
2026-04-15 02:44:07,81.78,0.087,0.101,7.38,70.5,41.2,20.7
2026-04-15 02:44:07,82.26,0.102,0.115,6.66,71.6,42.1,20.7
2026-04-15 02:44:07,82.39,0.093,0.116,6.43,70.0,33.9,20.7
2026-04-15 02:44:08,81.29,0.088,0.109,6.2,71.6,33.3,20.7
2026-04-15 02:44:08,81.57,0.088,0.111,6.0,71.0,36.4,20.8
2026-04-15 02:44:08,81.05,0.087,0.109,6.04,71.0,33.3,20.8
2026-04-15 02:44:08,81.77,0.09,0.102,7.31,70.5,40.4,20.8
2026-04-15 02:44:08,81.33,0.111,0.135,5.31,70.0,36.0,20.8
2026-04-15 02:44:08,80.95,0.092,0.113,6.84,71.0,38.6,20.8
2026-04-15 02:44:08,81.17,0.088,0.111,6.15,71.6,36.4,20.8
2026-04-15 02:44:09,81.14,0.109,0.132,5.32,68.8,37.5,20.8
2026-04-15 02:44:09,81.8,0.086,0.109,6.95,70.5,42.4,20.8
2026-04-15 02:44:09,81.85,0.084,0.096,7.64,71.0,38.0,20.8
2026-04-15 02:44:09,81.83,0.096,0.113,6.78,70.5,40.7,20.8
2026-04-15 02:44:09,82.01,0.104,0.127,5.79,71.0,35.3,20.7
2026-04-15 02:44:09,81.57,0.098,0.121,6.25,69.4,37.5,20.8
2026-04-15 02:44:10,81.33,0.09,0.113,6.29,71.0,38.1,20.8
2026-04-15 02:44:10,81.93,0.089,0.11,6.05,70.5,40.3,20.8
2026-04-15 02:44:10,81.64,0.088,0.111,6.03,71.0,33.8,20.8
2026-04-15 02:44:10,81.5,0.088,0.111,6.01,70.0,33.8,20.8
2026-04-15 02:44:10,82.78,0.112,0.135,5.25,69.4,35.5,20.8
2026-04-15 02:44:10,82.48,0.091,0.111,6.88,70.5,41.0,20.8
2026-04-15 02:44:11,82.26,0.091,0.114,6.01,69.4,32.3,20.8
2026-04-15 02:44:11,82.24,0.117,0.141,5.17,70.5,35.9,20.8
2026-04-15 02:44:11,82.49,0.11,0.125,6.29,71.0,39.3,20.8
2026-04-15 02:44:11,82.54,0.091,0.114,6.75,71.0,37.9,20.7
2026-04-15 02:44:11,82.34,0.088,0.112,6.11,69.4,36.8,20.8
2026-04-15 02:44:11,81.98,0.089,0.111,5.99,71.0,35.4,20.8
2026-04-15 02:44:12,82.15,0.088,0.111,6.02,70.5,35.8,20.8
2026-04-15 02:44:12,82.24,0.091,0.113,5.91,71.0,35.3,20.8
2026-04-15 02:44:12,82.67,0.095,0.118,5.84,71.6,35.3,20.8
2026-04-15 02:44:12,82.61,0.089,0.112,6.24,68.3,31.7,20.7
2026-04-15 02:44:12,82.02,0.09,0.113,5.96,70.0,40.6,20.7
2026-04-15 02:44:12,82.39,0.089,0.111,6.05,71.0,36.8,20.7
2026-04-15 02:44:13,81.61,0.087,0.11,6.01,71.0,34.8,20.7
2026-04-15 02:44:13,82.51,0.097,0.119,5.72,69.4,33.8,20.7
2026-04-15 02:44:13,82.42,0.09,0.114,6.21,70.0,37.9,20.7
2026-04-15 02:44:13,82.01,0.104,0.125,5.55,70.0,34.3,20.6
2026-04-15 02:44:13,82.52,0.094,0.116,6.41,70.5,46.9,20.6
2026-04-15 02:44:13,81.89,0.088,0.111,6.23,68.8,36.9,20.6
2026-04-15 02:44:14,82.35,0.088,0.111,6.01,70.5,32.8,20.7
2026-04-15 02:44:14,82.14,0.088,0.111,5.99,70.5,37.1,20.7
2026-04-15 02:44:14,81.91,0.088,0.112,5.99,71.0,36.8,20.7
2026-04-15 02:44:14,82.67,0.088,0.1,7.47,69.4,42.9,20.7
2026-04-15 02:44:14,82.94,0.092,0.115,5.89,71.0,31.3,20.7
2026-04-15 02:44:14,81.9,0.103,0.127,5.6,69.4,38.0,20.7
2026-04-15 02:44:15,82.18,0.085,0.108,6.77,70.0,38.3,20.7
2026-04-15 02:44:15,82.31,0.103,0.117,6.6,71.0,46.8,20.8
2026-04-15 02:44:15,81.06,0.095,0.118,6.3,69.4,37.1,20.8
2026-04-15 02:44:15,81.24,0.096,0.119,6.0,71.0,32.8,20.8
2026-04-15 02:44:15,81.74,0.092,0.111,6.12,69.4,37.9,20.8
2026-04-15 02:44:15,80.12,0.099,0.122,5.72,71.0,38.9,20.9
2026-04-15 02:44:16,81.77,0.09,0.113,6.4,71.0,40.0,20.9
2026-04-15 02:44:16,81.85,0.093,0.115,5.91,71.0,37.7,20.9
2026-04-15 02:44:16,81.32,0.095,0.117,5.94,70.0,34.8,20.9
2026-04-15 02:44:16,80.38,0.103,0.126,5.72,70.5,32.4,21.0
2026-04-15 02:44:16,80.29,0.263,0.283,3.01,72.2,95.5,20.4
2026-04-15 02:44:17,80.82,0.108,0.131,5.81,71.0,47.8,20.4
2026-04-15 02:44:17,81.89,0.092,0.115,6.63,70.5,50.0,20.4
2026-04-15 02:44:17,82.47,0.097,0.12,5.82,71.0,34.3,20.4
2026-04-15 02:44:17,82.32,0.093,0.116,6.15,71.6,36.9,20.3
2026-04-15 02:44:17,81.84,0.112,0.135,5.39,71.6,38.7,20.4
2026-04-15 02:44:17,80.78,0.087,0.106,7.09,72.2,37.7,20.4
2026-04-15 02:44:17,81.28,0.092,0.105,7.16,71.6,37.7,20.4
2026-04-15 02:44:18,81.0,0.097,0.12,5.86,71.6,35.4,20.4
2026-04-15 02:44:18,80.23,0.085,0.109,6.44,70.0,36.5,20.4
2026-04-15 02:44:18,82.42,0.088,0.102,7.36,71.6,45.6,20.4
2026-04-15 02:44:18,81.45,0.09,0.113,5.93,72.2,37.7,20.3
2026-04-15 02:44:18,81.43,0.086,0.109,6.17,71.0,34.4,20.3
2026-04-15 02:44:18,81.05,0.086,0.1,7.47,71.6,42.3,20.3
2026-04-15 02:44:19,81.04,0.089,0.102,7.36,70.5,42.6,20.3
2026-04-15 02:44:19,80.21,0.111,0.133,5.31,70.0,38.2,20.3
2026-04-15 02:44:19,80.54,0.084,0.106,7.15,71.6,35.2,20.3
2026-04-15 02:44:19,81.06,0.087,0.106,7.13,71.6,42.1,20.2
2026-04-15 02:44:19,80.43,0.085,0.106,6.23,70.0,36.5,20.2
2026-04-15 02:44:19,81.32,0.085,0.101,7.44,70.0,42.6,20.2
2026-04-15 02:44:19,82.53,0.09,0.102,7.29,70.5,46.6,20.2
2026-04-15 02:44:20,82.65,0.085,0.113,5.99,70.5,35.8,20.2
2026-04-15 02:44:20,82.04,0.085,0.108,6.19,71.0,32.8,20.2
2026-04-15 02:44:20,81.77,0.088,0.101,7.38,71.6,44.4,20.2
2026-04-15 02:44:20,81.71,0.088,0.111,6.0,70.5,33.8,20.2
2026-04-15 02:44:20,82.32,0.099,0.122,5.63,71.0,34.3,20.2
2026-04-15 02:44:20,81.81,0.1,0.123,5.96,70.5,38.6,20.2
2026-04-15 02:44:21,82.56,0.084,0.112,6.45,71.6,35.0,20.2
2026-04-15 02:44:21,82.19,0.084,0.108,6.13,70.5,35.4,20.1
2026-04-15 02:44:21,81.95,0.1,0.113,6.77,71.0,40.4,20.1
2026-04-15 02:44:21,82.21,0.103,0.126,5.87,72.2,36.4,20.1
2026-04-15 02:44:21,82.64,0.084,0.107,6.79,71.0,35.6,20.1
2026-04-15 02:44:21,81.73,0.09,0.105,7.18,71.6,42.9,20.1
2026-04-15 02:44:22,82.21,0.091,0.114,5.97,71.0,34.3,20.1
2026-04-15 02:44:22,81.75,0.086,0.108,6.18,70.0,35.4,20.1
2026-04-15 02:44:22,82.34,0.103,0.117,6.62,71.6,39.7,20.1
2026-04-15 02:44:22,81.79,0.094,0.117,6.39,71.6,32.2,20.1
2026-04-15 02:44:22,82.56,0.127,0.153,4.93,70.0,38.3,20.1
2026-04-15 02:44:22,82.7,0.086,0.109,6.41,71.0,34.4,20.1
2026-04-15 02:44:22,82.31,0.085,0.097,7.58,71.0,43.4,20.1
2026-04-15 02:44:23,82.8,0.091,0.105,7.14,71.6,40.7,20.1
2026-04-15 02:44:23,82.49,0.097,0.121,5.8,72.2,36.2,20.1
2026-04-15 02:44:23,82.01,0.088,0.111,6.35,71.6,34.9,20.1
2026-04-15 02:44:23,81.8,0.086,0.108,6.09,70.0,30.6,20.1
2026-04-15 02:44:23,82.13,0.086,0.099,7.48,71.0,45.3,20.1
2026-04-15 02:44:23,82.48,0.103,0.115,6.68,71.6,45.0,20.1
2026-04-15 02:44:24,82.84,0.089,0.112,6.55,70.5,31.6,20.1
2026-04-15 02:44:24,82.83,0.094,0.117,5.81,70.5,33.8,20.1
2026-04-15 02:44:24,82.88,0.087,0.11,6.29,71.0,36.5,20.1
2026-04-15 02:44:24,81.66,0.096,0.113,6.81,71.0,37.5,20.2
2026-04-15 02:44:24,82.33,0.092,0.114,6.28,70.5,39.1,20.2
2026-04-15 02:44:24,82.54,0.105,0.128,5.59,71.6,34.3,20.2
2026-04-15 02:44:25,82.57,0.096,0.119,6.36,70.5,37.5,20.2
2026-04-15 02:44:25,82.27,0.107,0.13,5.62,70.0,42.0,20.2
2026-04-15 02:44:25,82.02,0.089,0.112,6.74,71.6,36.2,20.3
2026-04-15 02:44:25,83.11,0.087,0.111,6.06,71.6,34.4,20.3
2026-04-15 02:44:25,82.76,0.087,0.11,6.01,70.5,36.8,20.3
2026-04-15 02:44:25,82.99,0.099,0.113,6.81,71.0,41.4,20.3
2026-04-15 02:44:25,82.91,0.088,0.11,6.52,71.0,37.1,20.3
2026-04-15 02:44:26,82.99,0.112,0.135,5.24,71.0,33.8,20.3
2026-04-15 02:44:26,82.56,0.096,0.117,6.61,71.0,38.3,20.3
2026-04-15 02:44:26,82.69,0.091,0.114,6.24,71.6,37.5,20.4
2026-04-15 02:44:26,81.49,0.09,0.113,6.02,72.7,33.8,20.4
2026-04-15 02:44:26,81.59,0.09,0.113,5.99,71.6,34.8,20.5
2026-04-15 02:44:26,82.0,0.09,0.113,6.02,70.5,35.4,20.4
2026-04-15 02:44:27,82.17,0.088,0.111,6.05,71.0,35.4,20.5
2026-04-15 02:44:27,82.06,0.088,0.107,6.01,71.6,34.8,20.5
2026-04-15 02:44:27,82.58,0.093,0.115,5.84,71.0,36.2,20.5
2026-04-15 02:44:27,83.01,0.11,0.133,5.44,71.6,39.2,20.4
2026-04-15 02:44:27,81.47,0.098,0.119,6.46,71.0,41.3,20.4
2026-04-15 02:44:27,82.02,0.108,0.132,5.66,70.5,37.1,20.4
2026-04-15 02:44:28,81.59,0.091,0.114,6.72,70.5,42.6,20.3
2026-04-15 02:44:28,81.33,0.09,0.113,6.02,71.0,36.8,20.3
2026-04-15 02:44:28,81.6,0.111,0.134,5.35,71.6,33.8,20.3
2026-04-15 02:44:28,82.82,0.118,0.138,5.76,71.6,41.4,20.3
2026-04-15 02:44:28,83.25,0.087,0.101,7.36,71.6,41.8,20.3
2026-04-15 02:44:28,82.28,0.112,0.124,6.31,71.6,42.9,20.3
2026-04-15 02:44:29,82.82,0.103,0.123,6.36,70.5,39.7,20.3
2026-04-15 02:44:29,82.66,0.108,0.132,5.81,71.0,38.5,20.4
2026-04-15 02:44:29,82.75,0.119,0.142,5.63,70.5,38.8,20.4
2026-04-15 02:44:29,82.43,0.089,0.104,7.14,71.0,44.1,20.3
2026-04-15 02:44:29,82.24,0.103,0.134,5.4,71.6,34.2,20.3
2026-04-15 02:44:29,82.48,0.114,0.135,5.93,71.6,40.6,20.3
2026-04-15 02:44:30,82.75,0.093,0.113,6.79,71.0,39.7,20.3
2026-04-15 02:44:30,81.74,0.106,0.128,5.6,71.6,40.3,20.3
2026-04-15 02:44:30,81.34,0.089,0.112,6.7,71.6,39.7,20.2
2026-04-15 02:44:30,81.5,0.106,0.129,5.45,71.0,35.6,20.2
2026-04-15 02:44:30,81.03,0.093,0.116,6.51,71.6,36.1,20.2
2026-04-15 02:44:30,81.64,0.089,0.113,6.12,72.2,37.9,20.3
2026-04-15 02:44:31,81.69,0.087,0.111,6.06,72.2,35.8,20.3
2026-04-15 02:44:31,81.77,0.087,0.11,6.02,72.2,35.4,20.3
2026-04-15 02:44:31,82.47,0.087,0.111,5.98,71.0,35.8,20.4
2026-04-15 02:44:31,82.35,0.094,0.117,5.8,71.0,31.8,20.3
2026-04-15 02:44:31,82.48,0.087,0.11,6.25,72.2,36.9,20.3
2026-04-15 02:44:31,82.61,0.094,0.106,7.15,72.2,42.9,20.3
2026-04-15 02:44:32,82.9,0.092,0.116,6.05,71.0,33.8,20.3
2026-04-15 02:44:32,82.32,0.095,0.118,5.92,71.0,33.3,20.3
2026-04-15 02:44:32,83.21,0.092,0.116,6.09,71.0,31.1,20.4
2026-04-15 02:44:32,82.96,0.087,0.11,6.21,71.6,34.8,20.4
2026-04-15 02:44:32,82.78,0.097,0.119,5.67,71.6,37.7,20.4
2026-04-15 02:44:32,82.91,0.099,0.122,5.93,71.6,35.8,20.4
2026-04-15 02:44:33,83.04,0.091,0.113,6.28,71.6,38.5,20.4
2026-04-15 02:44:33,82.56,0.087,0.107,6.16,71.0,32.8,20.4
2026-04-15 02:44:33,82.79,0.091,0.102,7.32,72.2,45.5,20.4
2026-04-15 02:44:33,82.97,0.094,0.117,5.87,70.0,36.2,20.4
2026-04-15 02:44:33,83.02,0.104,0.128,5.64,71.6,38.0,20.4
2026-04-15 02:44:33,82.17,0.092,0.116,6.49,71.6,38.1,20.4
2026-04-15 02:44:34,82.67,0.092,0.114,6.03,71.6,35.8,20.3
2026-04-15 02:44:34,82.64,0.102,0.124,5.65,72.2,34.8,20.3
2026-04-15 02:44:34,82.64,0.106,0.129,5.86,70.5,36.8,20.4
2026-04-15 02:44:34,82.55,0.106,0.129,6.02,70.5,36.9,20.4
2026-04-15 02:44:34,83.11,0.11,0.13,5.87,70.5,37.3,20.4
2026-04-15 02:44:34,82.31,0.096,0.119,6.53,71.6,38.7,20.4
2026-04-15 02:44:35,82.79,0.096,0.118,6.02,71.0,39.4,20.4
2026-04-15 02:44:35,82.88,0.102,0.125,5.79,70.5,39.1,20.3
2026-04-15 02:44:35,82.61,0.086,0.11,6.61,70.5,37.3,20.4
2026-04-15 02:44:35,82.63,0.098,0.112,6.81,72.2,40.4,20.3
2026-04-15 02:44:35,83.04,0.089,0.112,6.43,71.0,33.9,20.3
2026-04-15 02:44:35,83.16,0.102,0.125,5.58,71.0,35.7,20.3
2026-04-15 02:44:35,82.81,0.089,0.112,6.51,72.2,31.6,20.3
2026-04-15 02:44:36,82.84,0.102,0.126,5.53,71.0,37.8,20.3
2026-04-15 02:44:36,82.3,0.107,0.13,5.88,71.0,38.8,20.2
2026-04-15 02:44:36,83.42,0.09,0.113,6.67,71.0,37.3,20.2
2026-04-15 02:44:36,82.63,0.086,0.109,6.07,70.0,34.8,20.3
2026-04-15 02:44:36,82.97,0.089,0.111,5.98,70.0,37.7,20.3
2026-04-15 02:44:37,83.23,0.095,0.118,5.78,70.5,35.7,20.3
2026-04-15 02:44:37,82.76,0.087,0.11,6.3,71.0,33.3,20.4
2026-04-15 02:44:37,82.9,0.091,0.103,7.31,71.0,45.6,20.4
2026-04-15 02:44:37,83.43,0.096,0.119,5.82,72.2,32.3,20.4
2026-04-15 02:44:37,83.15,0.106,0.13,5.64,72.7,38.2,20.4
2026-04-15 02:44:37,83.19,0.089,0.11,6.72,71.0,39.0,20.4
2026-04-15 02:44:37,83.14,0.09,0.114,5.93,71.6,36.8,20.4
2026-04-15 02:44:38,83.03,0.088,0.111,6.1,71.6,33.8,20.4
2026-04-15 02:44:38,82.73,0.091,0.113,5.91,70.5,40.3,20.4
2026-04-15 02:44:38,82.83,0.099,0.122,5.72,71.6,31.9,20.4
2026-04-15 02:44:38,83.01,0.087,0.109,6.47,72.2,38.7,20.4
2026-04-15 02:44:38,83.21,0.09,0.102,7.31,72.2,42.6,20.4
2026-04-15 02:44:38,83.2,0.084,0.107,6.23,71.0,35.4,20.5
2026-04-15 02:44:39,83.38,0.086,0.099,7.4,71.6,41.8,20.5
2026-04-15 02:44:39,83.09,0.09,0.103,7.3,71.0,44.4,20.5
2026-04-15 02:44:39,83.27,0.102,0.125,5.59,71.0,35.2,20.6
2026-04-15 02:44:39,83.13,0.089,0.111,6.55,72.2,35.5,20.6
2026-04-15 02:44:39,83.19,0.104,0.127,5.49,70.5,36.6,20.6
2026-04-15 02:44:39,83.26,0.092,0.115,6.49,71.6,34.4,20.6
2026-04-15 02:44:40,82.74,0.099,0.122,5.76,72.2,39.4,20.6
2026-04-15 02:44:40,83.03,0.104,0.127,5.82,70.0,33.3,20.6
2026-04-15 02:44:40,82.79,0.086,0.109,6.71,72.2,38.3,20.6
2026-04-15 02:44:40,82.49,0.091,0.102,7.29,71.0,41.2,20.7
2026-04-15 02:44:40,83.81,0.089,0.112,6.05,71.6,37.9,20.7
2026-04-15 02:44:40,83.24,0.088,0.111,6.05,71.6,34.3,20.6
2026-04-15 02:44:40,83.36,0.093,0.116,5.83,71.0,35.3,20.6
2026-04-15 02:44:41,83.57,0.105,0.128,5.59,70.5,34.3,20.6
2026-04-15 02:44:41,83.2,0.093,0.116,6.47,71.6,39.7,20.6
2026-04-15 02:44:41,83.08,0.091,0.114,6.09,72.2,35.8,20.6
2026-04-15 02:44:41,83.09,0.086,0.108,6.17,71.0,35.4,20.7
2026-04-15 02:44:41,82.45,0.089,0.101,7.38,71.0,44.6,20.7
2026-04-15 02:44:41,83.23,0.09,0.113,5.94,72.2,38.6,20.7
2026-04-15 02:44:42,83.9,0.086,0.109,6.18,70.5,36.9,20.7
2026-04-15 02:44:42,83.24,0.094,0.117,5.71,72.2,34.3,20.7
2026-04-15 02:44:42,83.49,0.092,0.115,6.1,71.6,33.3,20.7
2026-04-15 02:44:42,83.24,0.096,0.117,5.86,71.0,37.9,20.7
2026-04-15 02:44:42,83.43,0.093,0.115,6.13,71.6,33.3,20.7
2026-04-15 02:44:42,83.07,0.089,0.112,6.13,71.6,33.9,20.7
2026-04-15 02:44:43,83.54,0.097,0.121,5.68,71.6,36.1,20.7
2026-04-15 02:44:43,83.23,0.089,0.112,6.36,72.2,37.1,20.7
2026-04-15 02:44:43,83.73,0.088,0.109,6.03,70.5,37.9,20.6
2026-04-15 02:44:43,83.2,0.105,0.128,5.45,71.0,34.3,20.6
2026-04-15 02:44:43,83.65,0.085,0.108,6.82,72.2,33.9,20.6
2026-04-15 02:44:43,83.37,0.088,0.1,7.37,71.6,45.5,20.6
2026-04-15 02:44:44,83.23,0.103,0.126,5.51,71.6,38.4,20.6
2026-04-15 02:44:44,83.66,0.084,0.107,6.76,72.2,37.3,20.6
2026-04-15 02:44:44,83.43,0.089,0.104,7.23,71.6,42.6,20.6
2026-04-15 02:44:44,83.33,0.086,0.109,6.13,72.2,34.8,20.6
2026-04-15 02:44:44,83.64,0.1,0.113,6.75,71.6,45.9,20.5
2026-04-15 02:44:44,83.41,0.11,0.133,5.66,70.5,39.1,20.5
2026-04-15 02:44:45,83.45,0.09,0.107,6.86,72.2,37.5,20.5
2026-04-15 02:44:45,82.74,0.138,0.161,4.65,72.7,38.1,20.6
2026-04-15 02:44:45,83.03,0.093,0.115,6.46,71.0,37.1,20.6
2026-04-15 02:44:45,83.25,0.089,0.113,6.14,71.6,35.9,20.6
2026-04-15 02:44:45,83.35,0.091,0.109,5.95,71.6,37.3,20.7
2026-04-15 02:44:45,83.06,0.123,0.146,4.99,71.6,32.9,20.7
2026-04-15 02:44:46,83.45,0.09,0.112,6.07,71.6,40.0,20.7
2026-04-15 02:44:46,83.31,0.09,0.109,5.98,72.2,35.4,20.8
2026-04-15 02:44:46,83.41,0.104,0.127,5.54,71.6,32.9,20.8
2026-04-15 02:44:46,83.34,0.09,0.113,6.57,70.0,38.7,20.7
2026-04-15 02:44:46,83.34,0.097,0.12,5.75,70.0,31.3,20.7
2026-04-15 02:44:46,83.42,0.109,0.132,5.6,71.6,36.6,20.7
2026-04-15 02:44:47,83.21,0.097,0.118,6.47,70.5,39.7,20.8
2026-04-15 02:44:47,83.75,0.104,0.127,5.76,72.2,30.2,20.8
2026-04-15 02:44:47,83.86,0.09,0.12,6.26,72.7,32.8,20.8
2026-04-15 02:44:47,83.49,0.086,0.107,6.44,71.0,36.1,20.7
2026-04-15 02:44:47,83.28,0.086,0.096,7.49,72.2,44.2,20.7
2026-04-15 02:44:47,83.53,0.088,0.101,7.38,71.6,42.6,20.7
2026-04-15 02:44:48,83.81,0.096,0.119,5.74,72.2,36.2,20.7
2026-04-15 02:44:48,83.48,0.085,0.108,6.43,70.5,34.4,20.8
2026-04-15 02:44:48,83.26,0.088,0.102,7.35,71.6,44.6,20.8
2026-04-15 02:44:48,83.53,0.086,0.109,6.05,71.6,35.8,20.8
2026-04-15 02:44:48,83.37,0.091,0.104,7.24,72.2,42.9,20.8
2026-04-15 02:44:48,83.71,0.098,0.121,5.77,72.2,35.3,20.8
2026-04-15 02:44:48,83.66,0.085,0.108,6.49,71.0,37.5,20.9
2026-04-15 02:44:49,83.68,0.106,0.119,6.51,72.2,39.7,20.9
2026-04-15 02:44:49,83.34,0.09,0.113,6.63,72.7,36.7,20.9
2026-04-15 02:44:49,84.09,0.087,0.109,6.12,72.2,35.9,20.8
2026-04-15 02:44:49,83.77,0.088,0.1,7.43,72.7,44.4,20.8
2026-04-15 02:44:49,83.56,0.086,0.109,6.06,72.2,35.8,20.8
2026-04-15 02:44:49,83.14,0.106,0.119,6.55,72.2,41.0,20.8
2026-04-15 02:44:50,83.41,0.109,0.132,5.88,71.0,41.8,20.7
2026-04-15 02:44:50,83.7,0.102,0.123,6.27,72.2,42.9,20.7
2026-04-15 02:44:50,83.47,0.127,0.15,5.22,71.6,33.3,20.7
2026-04-15 02:44:50,83.46,0.105,0.128,5.63,72.2,43.1,20.7
2026-04-15 02:44:50,83.54,0.112,0.134,5.75,70.5,42.0,20.7
2026-04-15 02:44:50,83.44,0.101,0.125,6.21,71.0,39.1,20.7
2026-04-15 02:44:51,83.71,0.099,0.121,6.27,71.0,39.1,20.7
2026-04-15 02:44:51,83.74,0.09,0.112,6.36,71.6,35.6,20.7
2026-04-15 02:44:51,83.67,0.087,0.111,6.08,70.5,34.8,20.7
2026-04-15 02:44:51,83.91,0.088,0.11,5.99,72.2,33.8,20.7
2026-04-15 02:44:51,83.35,0.088,0.11,6.02,71.6,31.7,20.7
2026-04-15 02:44:51,83.29,0.096,0.119,5.73,72.2,32.4,20.7
2026-04-15 02:44:52,83.61,0.094,0.117,6.06,71.6,34.8,20.7
2026-04-15 02:44:52,83.57,0.092,0.114,6.08,71.0,36.9,20.6
2026-04-15 02:44:52,83.56,0.088,0.111,6.14,71.0,32.3,20.6
2026-04-15 02:44:52,83.29,0.102,0.128,5.45,71.6,29.0,20.6
2026-04-15 02:44:52,83.69,0.089,0.106,6.65,72.7,40.7,20.6
2026-04-15 02:44:52,83.13,0.089,0.112,6.0,71.6,32.8,20.6
2026-04-15 02:44:53,83.69,0.092,0.115,5.88,71.6,33.8,20.6
2026-04-15 02:44:53,83.39,0.094,0.117,5.93,71.6,26.7,20.6
2026-04-15 02:44:53,83.59,0.101,0.124,5.76,72.2,41.2,20.7
2026-04-15 02:44:53,83.43,0.087,0.11,6.55,72.2,42.2,20.7
2026-04-15 02:44:53,82.83,0.096,0.108,7.02,72.2,45.0,20.7
2026-04-15 02:44:53,83.32,0.099,0.126,5.69,71.6,40.3,20.7
2026-04-15 02:44:54,83.3,0.092,0.115,6.54,71.0,35.0,20.7
2026-04-15 02:44:54,83.22,0.089,0.112,6.1,72.2,34.4,20.7
2026-04-15 02:44:54,83.52,0.087,0.109,6.09,72.2,35.4,20.7
2026-04-15 02:44:54,83.36,0.087,0.11,5.98,71.0,30.2,20.8
2026-04-15 02:44:54,83.5,0.087,0.099,7.5,71.0,44.4,20.8
2026-04-15 02:44:54,83.41,0.111,0.123,6.37,71.6,45.2,20.8
2026-04-15 02:44:54,83.35,0.089,0.114,6.76,71.6,32.1,20.8
2026-04-15 02:44:55,83.32,0.094,0.116,5.94,71.6,37.3,20.8
2026-04-15 02:44:55,83.58,0.098,0.121,5.87,71.6,42.9,20.8
2026-04-15 02:44:55,83.99,0.109,0.131,5.63,71.6,32.8,20.8
2026-04-15 02:44:55,84.04,0.088,0.11,6.88,71.6,38.6,20.7
2026-04-15 02:44:55,84.1,0.09,0.113,5.9,72.7,36.8,20.7
2026-04-15 02:44:55,83.72,0.091,0.114,5.98,70.5,36.4,20.7
2026-04-15 02:44:56,83.53,0.091,0.114,6.01,72.7,36.4,20.7
2026-04-15 02:44:56,83.26,0.089,0.112,6.07,72.2,37.9,20.7
2026-04-15 02:44:56,83.25,0.089,0.112,6.01,72.2,34.4,20.7
2026-04-15 02:44:56,82.83,0.095,0.119,5.77,71.0,35.7,20.6
2026-04-15 02:44:56,83.62,0.111,0.134,5.49,72.2,34.3,20.7
2026-04-15 02:44:56,83.81,0.099,0.119,6.5,72.7,37.3,20.7
2026-04-15 02:44:57,83.02,0.092,0.114,6.25,71.6,36.5,20.7
2026-04-15 02:44:57,83.44,0.1,0.122,5.73,72.7,35.3,20.7
2026-04-15 02:44:57,82.98,0.087,0.11,6.49,72.2,34.4,20.7
2026-04-15 02:44:57,83.19,0.099,0.11,6.91,72.7,43.9,20.7
2026-04-15 02:44:57,83.24,0.096,0.119,6.1,72.2,37.5,20.7
2026-04-15 02:44:57,83.3,0.098,0.121,5.92,73.8,38.2,20.8
2026-04-15 02:44:58,83.21,0.088,0.111,6.41,72.2,33.9,20.8
2026-04-15 02:44:58,83.28,0.093,0.117,5.8,72.7,36.6,20.8
2026-04-15 02:44:58,83.3,0.092,0.114,6.08,71.6,35.4,20.8
2026-04-15 02:44:58,83.4,0.09,0.113,6.06,72.2,33.8,20.7
2026-04-15 02:44:58,83.57,0.089,0.112,6.03,71.0,40.8,20.7
2026-04-15 02:44:58,83.31,0.101,0.125,5.59,72.2,32.4,20.7
2026-04-15 02:44:59,83.57,0.092,0.113,6.34,72.7,38.1,20.7
2026-04-15 02:44:59,83.33,0.092,0.115,6.02,72.2,38.2,20.7
2026-04-15 02:44:59,83.55,0.097,0.115,5.83,70.5,37.1,20.7
2026-04-15 02:44:59,83.42,0.092,0.115,6.17,72.7,30.5,20.7
2026-04-15 02:44:59,83.78,0.085,0.104,6.28,71.6,35.9,20.7
2026-04-15 02:44:59,83.22,0.085,0.099,7.48,72.7,41.5,20.7
2026-04-15 02:45:00,83.5,0.084,0.098,7.57,71.6,46.4,20.8
2026-04-15 02:45:00,83.44,0.12,0.137,5.84,72.7,46.2,20.8
2026-04-15 02:45:00,83.45,0.095,0.118,5.78,72.7,33.3,20.9
2026-04-15 02:45:00,83.84,0.102,0.121,5.76,71.0,32.3,20.9
2026-04-15 02:45:00,82.99,0.095,0.117,6.27,72.7,39.4,20.9
2026-04-15 02:45:00,81.97,0.088,0.107,6.27,72.7,32.8,20.9
2026-04-15 02:45:01,82.67,0.107,0.13,5.38,71.0,34.7,20.9
2026-04-15 02:45:01,67.87,0.091,0.114,6.65,71.6,38.3,20.9
2026-04-15 02:45:01,0.0,0.089,0.113,5.98,72.7,35.8,21.0
2026-04-15 02:45:01,0.0,0.088,0.111,6.1,72.2,34.8,20.9
2026-04-15 02:45:01,0.0,0.087,0.11,6.04,71.6,42.4,20.9
2026-04-15 02:45:01,0.0,0.098,0.111,6.93,72.2,42.1,20.9
2026-04-15 02:45:01,0.0,0.09,0.112,6.3,73.2,37.1,20.9
2026-04-15 02:45:02,0.0,0.101,0.124,5.62,72.7,35.6,20.9
2026-04-15 02:45:02,0.0,0.092,0.115,6.35,72.2,36.5,20.9
2026-04-15 02:45:02,0.0,0.091,0.113,6.04,73.2,32.3,20.9
2026-04-15 02:45:02,0.0,0.112,0.135,5.33,73.2,37.8,20.9
2026-04-15 02:45:02,0.0,0.091,0.112,6.87,72.2,37.5,21.0
2026-04-15 02:45:02,0.0,0.083,0.105,6.35,73.2,34.9,21.0
2026-04-15 02:45:03,0.0,0.086,0.106,7.12,73.8,39.6,21.0
2026-04-15 02:45:03,0.0,0.11,0.132,5.37,71.0,34.7,20.9
2026-04-15 02:45:03,0.0,0.086,0.109,6.98,72.7,39.0,20.9
2026-04-15 02:45:03,0.0,0.089,0.103,7.33,73.2,39.2,20.9
2026-04-15 02:45:03,0.0,0.123,0.143,5.02,72.7,37.3,20.9
2026-04-15 02:45:03,0.0,0.105,0.127,5.47,72.7,29.4,20.9
2026-04-15 02:45:04,0.0,0.091,0.113,6.51,72.2,40.3,20.9
2026-04-15 02:45:04,0.0,0.086,0.109,6.23,72.7,34.9,20.9
2026-04-15 02:45:04,0.0,0.089,0.103,7.3,72.7,43.9,20.9
2026-04-15 02:45:04,0.0,0.092,0.115,5.93,72.2,34.3,20.9
2026-04-15 02:45:04,0.0,0.09,0.111,6.07,72.2,36.4,20.9
2026-04-15 02:45:04,0.0,0.088,0.111,6.07,73.2,35.4,20.9
2026-04-15 02:45:05,0.0,0.087,0.111,6.02,72.2,36.8,20.9
2026-04-15 02:45:05,0.0,0.109,0.131,5.31,71.6,44.2,20.9
2026-04-15 02:45:05,0.0,0.089,0.112,6.84,72.2,37.9,20.8
2026-04-15 02:45:05,0.0,0.093,0.113,5.85,71.6,34.8,20.8
2026-04-15 02:45:05,0.0,0.094,0.117,5.96,73.2,31.2,20.8
2026-04-15 02:45:05,0.0,0.1,0.124,5.78,72.2,34.8,20.8
2026-04-15 02:45:06,0.0,0.092,0.115,6.37,72.7,36.9,20.8
2026-04-15 02:45:06,0.0,0.096,0.114,5.82,72.7,38.6,20.9
2026-04-15 02:45:06,0.0,0.28,0.304,2.85,73.2,78.4,20.8
2026-04-15 02:45:06,0.0,0.106,0.118,6.2,72.7,71.0,20.1
2026-04-15 02:45:06,0.0,0.091,0.115,6.71,72.7,39.0,20.1
2026-04-15 02:45:07,0.0,0.087,0.111,6.11,72.2,35.4,20.1
2026-04-15 02:45:07,0.0,0.105,0.128,5.46,72.7,36.5,20.1
2026-04-15 02:45:07,0.0,0.093,0.115,6.46,72.7,38.1,20.1
2026-04-15 02:45:07,0.0,0.108,0.13,5.53,73.8,35.7,20.0
2026-04-15 02:45:07,0.0,0.09,0.112,6.72,72.7,42.6,20.1
2026-04-15 02:45:07,0.0,0.088,0.11,6.06,72.2,36.8,20.0
2026-04-15 02:45:08,0.0,0.092,0.111,5.87,72.7,34.8,20.0
2026-04-15 02:45:08,0.0,0.093,0.116,5.96,71.6,33.3,20.0
2026-04-15 02:45:08,0.0,0.13,0.159,4.77,72.2,41.7,20.0
2026-04-15 02:45:08,72.66,0.088,0.111,6.59,72.2,35.6,20.0
2026-04-15 02:45:08,73.95,0.093,0.104,7.19,72.7,45.6,20.0
2026-04-15 02:45:08,79.86,0.097,0.12,5.86,72.7,34.3,20.0
2026-04-15 02:45:09,83.14,0.088,0.109,6.32,72.2,37.5,20.0
2026-04-15 02:45:09,83.79,0.095,0.118,5.76,71.6,30.8,20.1
2026-04-15 02:45:09,83.29,0.087,0.109,6.31,71.6,37.1,20.1
2026-04-15 02:45:09,83.27,0.099,0.111,6.89,72.7,42.4,20.1
2026-04-15 02:45:09,82.43,0.097,0.12,6.06,72.7,37.3,20.2
2026-04-15 02:45:09,81.63,0.088,0.111,6.34,73.8,34.4,20.2
2026-04-15 02:45:10,82.4,0.09,0.114,5.93,73.8,35.8,20.2
2026-04-15 02:45:10,82.0,0.132,0.156,4.82,72.2,41.5,20.1
2026-04-15 02:45:10,82.08,0.087,0.109,6.47,72.7,34.4,20.1
2026-04-15 02:45:10,82.32,0.102,0.113,6.71,71.6,39.3,20.1
2026-04-15 02:45:10,82.29,0.089,0.11,6.54,72.7,35.6,20.1
2026-04-15 02:45:10,82.56,0.087,0.109,6.1,73.8,36.4,20.1
2026-04-15 02:45:11,82.39,0.088,0.111,5.94,73.2,36.8,20.0
2026-04-15 02:45:11,82.92,0.093,0.116,5.85,72.7,32.8,20.0
2026-04-15 02:45:11,82.32,0.092,0.114,6.03,71.6,33.8,20.0
2026-04-15 02:45:11,82.72,0.089,0.112,6.13,73.8,34.4,20.0
2026-04-15 02:45:11,82.81,0.09,0.115,5.89,72.7,32.8,20.0
2026-04-15 02:45:11,82.47,0.086,0.109,6.22,71.6,33.9,20.1
2026-04-15 02:45:12,82.96,0.085,0.098,7.56,72.7,42.6,20.1
2026-04-15 02:45:12,82.7,0.103,0.118,6.6,73.8,40.7,20.2
2026-04-15 02:45:12,83.09,0.092,0.115,6.43,71.0,39.1,20.2
2026-04-15 02:45:12,83.06,0.089,0.111,6.14,73.8,37.9,20.2
2026-04-15 02:45:12,82.55,0.118,0.141,5.1,72.7,43.0,20.2
2026-04-15 02:45:12,82.42,0.088,0.102,7.34,73.2,42.6,20.2
2026-04-15 02:45:12,83.14,0.087,0.11,6.0,71.6,32.3,20.3
2026-04-15 02:45:13,82.82,0.089,0.111,5.98,72.7,34.8,20.3
2026-04-15 02:45:13,82.69,0.093,0.116,5.84,72.7,38.0,20.3
2026-04-15 02:45:13,82.49,0.089,0.111,6.17,72.7,33.9,20.3
2026-04-15 02:45:13,82.79,0.099,0.121,5.66,72.7,34.3,20.3
2026-04-15 02:45:13,82.69,0.094,0.117,6.17,73.2,35.4,20.3
2026-04-15 02:45:13,82.62,0.088,0.111,6.22,71.0,41.2,20.3
2026-04-15 02:45:14,83.13,0.091,0.113,5.9,73.8,31.2,20.3
2026-04-15 02:45:14,82.67,0.088,0.111,6.11,72.2,38.2,20.3
2026-04-15 02:45:14,82.72,0.091,0.114,5.9,73.2,33.3,20.3
2026-04-15 02:45:14,83.25,0.087,0.11,6.14,72.7,31.7,20.3
2026-04-15 02:45:14,82.66,0.098,0.11,6.92,71.6,45.6,20.3
2026-04-15 02:45:14,82.8,0.092,0.115,6.25,72.2,39.7,20.3
2026-04-15 02:45:15,82.25,0.092,0.116,5.98,73.2,36.2,20.3
2026-04-15 02:45:15,82.76,0.088,0.111,6.17,72.7,40.6,20.3
2026-04-15 02:45:15,83.02,0.12,0.143,5.02,71.6,37.7,20.3
2026-04-15 02:45:15,83.0,0.087,0.099,7.51,73.2,40.7,20.3
2026-04-15 02:45:15,82.98,0.093,0.103,7.18,72.2,45.5,20.3
2026-04-15 02:45:15,82.92,0.114,0.137,5.34,73.2,31.4,20.3
2026-04-15 02:45:16,82.9,0.086,0.105,7.21,72.7,38.6,20.4
2026-04-15 02:45:16,83.13,0.094,0.106,7.06,74.3,45.6,20.4
2026-04-15 02:45:16,82.54,0.096,0.119,5.94,73.2,37.3,20.4
2026-04-15 02:45:16,82.85,0.088,0.111,6.3,72.7,32.8,20.4
2026-04-15 02:45:16,82.7,0.088,0.11,6.0,73.2,38.6,20.4
2026-04-15 02:45:16,82.88,0.089,0.112,5.98,72.7,33.3,20.4
2026-04-15 02:45:17,83.05,0.094,0.117,5.81,72.7,32.8,20.3
2026-04-15 02:45:17,82.91,0.087,0.11,6.25,73.8,35.9,20.3
2026-04-15 02:45:17,82.9,0.097,0.108,7.01,74.9,41.8,20.3
2026-04-15 02:45:17,82.71,0.088,0.111,6.34,71.6,35.9,20.3
2026-04-15 02:45:17,82.39,0.097,0.12,5.69,72.2,35.4,20.3
2026-04-15 02:45:17,82.82,0.088,0.111,6.33,72.2,39.1,20.3
2026-04-15 02:45:18,82.15,0.088,0.111,6.01,72.7,33.3,20.3
2026-04-15 02:45:18,82.71,0.094,0.117,5.8,72.7,36.2,20.2
2026-04-15 02:45:18,82.66,0.088,0.111,6.22,72.7,36.4,20.2
2026-04-15 02:45:18,82.87,0.088,0.1,7.41,72.2,44.4,20.3
2026-04-15 02:45:18,82.09,0.102,0.124,5.6,72.2,38.4,20.3
2026-04-15 02:45:18,82.26,0.087,0.111,6.57,72.7,33.9,20.3
2026-04-15 02:45:18,82.81,0.095,0.106,7.12,73.2,40.7,20.3
2026-04-15 02:45:19,82.67,0.089,0.112,6.22,72.7,34.9,20.2
2026-04-15 02:45:19,83.17,0.114,0.137,5.21,72.2,39.5,20.2
2026-04-15 02:45:19,82.64,0.091,0.109,6.98,73.8,39.3,20.2
2026-04-15 02:45:19,82.8,0.099,0.122,5.72,72.7,36.6,20.2
2026-04-15 02:45:19,82.71,0.106,0.129,5.78,72.7,38.6,20.2
2026-04-15 02:45:19,82.76,0.095,0.118,6.43,73.2,39.7,20.2
2026-04-15 02:45:20,82.75,0.094,0.117,6.01,73.2,34.8,20.2
2026-04-15 02:45:20,83.19,0.09,0.11,6.15,72.2,38.1,20.2
2026-04-15 02:45:20,82.84,0.113,0.136,5.27,73.2,35.1,20.2
2026-04-15 02:45:20,83.26,0.096,0.115,6.72,72.2,39.0,20.2
2026-04-15 02:45:20,82.85,0.088,0.112,6.28,72.2,37.5,20.2
2026-04-15 02:45:20,83.25,0.092,0.114,5.87,72.2,37.7,20.2
2026-04-15 02:45:21,82.87,0.092,0.116,5.98,72.2,34.4,20.2
2026-04-15 02:45:21,82.9,0.089,0.112,6.13,71.0,40.3,20.2
2026-04-15 02:45:21,83.27,0.108,0.132,5.39,72.7,38.9,20.2
2026-04-15 02:45:21,82.78,0.09,0.113,6.74,73.2,41.0,20.2
2026-04-15 02:45:21,82.6,0.112,0.133,5.3,72.7,36.8,20.2
2026-04-15 02:45:21,82.55,0.094,0.114,6.73,72.7,42.9,20.2
2026-04-15 02:45:22,82.65,0.091,0.114,6.13,72.2,33.3,20.2
2026-04-15 02:45:22,82.77,0.089,0.112,6.05,73.2,38.2,20.2
2026-04-15 02:45:22,82.42,0.116,0.138,5.19,73.2,34.7,20.2
2026-04-15 02:45:22,82.36,0.099,0.115,6.69,71.6,43.3,20.3
2026-04-15 02:45:22,82.22,0.089,0.113,6.35,73.2,33.3,20.3
2026-04-15 02:45:22,82.46,0.101,0.124,5.61,72.7,31.3,20.4
2026-04-15 02:45:23,82.45,0.097,0.12,6.14,73.2,36.9,20.4
2026-04-15 02:45:23,82.74,0.088,0.109,6.32,72.7,38.1,20.4
2026-04-15 02:45:23,82.72,0.09,0.113,5.96,72.2,34.8,20.5
2026-04-15 02:45:23,82.81,0.087,0.11,6.04,73.8,32.3,20.4
2026-04-15 02:45:23,82.77,0.086,0.087,7.66,73.8,54.0,20.4
2026-04-15 02:45:23,83.07,0.089,0.102,7.3,73.2,49.2,20.4
2026-04-15 02:45:24,82.87,0.089,0.112,6.01,71.6,33.3,20.4
2026-04-15 02:45:24,82.58,0.096,0.119,5.76,73.8,34.8,20.5
2026-04-15 02:45:24,83.2,0.088,0.111,6.31,72.2,36.5,20.4
2026-04-15 02:45:24,82.99,0.089,0.111,5.99,72.7,36.8,20.4
2026-04-15 02:45:24,82.84,0.09,0.113,5.95,72.2,35.3,20.4
2026-04-15 02:45:24,82.44,0.107,0.13,5.46,71.0,33.3,20.4
2026-04-15 02:45:25,83.15,0.096,0.119,6.35,71.6,36.7,20.5
2026-04-15 02:45:25,83.72,0.106,0.129,5.72,73.2,42.9,20.5
2026-04-15 02:45:25,82.85,0.087,0.11,6.76,73.2,36.8,20.5
2026-04-15 02:45:25,83.29,0.087,0.097,7.52,73.2,40.0,20.4
2026-04-15 02:45:25,83.23,0.119,0.133,5.98,73.8,44.1,20.4
2026-04-15 02:45:25,83.4,0.088,0.099,7.49,72.7,44.6,20.4
2026-04-15 02:45:25,83.1,0.087,0.114,5.86,72.7,34.8,20.4
2026-04-15 02:45:26,83.05,0.088,0.111,6.15,72.7,33.8,20.4
2026-04-15 02:45:26,83.42,0.097,0.119,5.69,72.2,40.3,20.4
2026-04-15 02:45:26,83.21,0.086,0.108,6.4,72.2,34.4,20.4
2026-04-15 02:45:26,83.15,0.092,0.106,7.11,73.2,43.9,20.4
2026-04-15 02:45:26,82.88,0.084,0.107,6.37,72.2,34.9,20.5
2026-04-15 02:45:26,83.24,0.107,0.123,6.36,73.2,40.3,20.5
2026-04-15 02:45:27,82.82,0.097,0.119,6.41,73.2,39.7,20.5
2026-04-15 02:45:27,83.12,0.085,0.108,6.49,74.3,35.0,20.5
2026-04-15 02:45:27,83.2,0.1,0.114,6.75,73.2,44.3,20.5
2026-04-15 02:45:27,83.11,0.087,0.11,6.49,72.7,38.1,20.5
2026-04-15 02:45:27,82.96,0.134,0.149,5.45,72.7,46.6,20.5
2026-04-15 02:45:27,83.29,0.086,0.109,6.7,73.8,40.3,20.6
2026-04-15 02:45:28,83.1,0.104,0.126,5.44,73.2,40.3,20.6
2026-04-15 02:45:28,82.88,0.095,0.118,6.33,72.7,39.1,20.6
2026-04-15 02:45:28,83.21,0.085,0.109,6.33,71.6,32.8,20.6
2026-04-15 02:45:28,83.36,0.089,0.1,7.35,73.8,41.8,20.6
2026-04-15 02:45:28,82.82,0.095,0.118,5.79,72.7,35.8,20.6
2026-04-15 02:45:28,82.55,0.095,0.118,5.99,73.2,36.8,20.6
2026-04-15 02:45:29,83.01,0.089,0.111,6.2,73.2,38.8,20.6
2026-04-15 02:45:29,83.03,0.096,0.119,5.79,73.2,32.3,20.6
2026-04-15 02:45:29,82.91,0.101,0.124,5.85,72.7,38.2,20.7
2026-04-15 02:45:29,83.3,0.085,0.108,6.64,73.8,35.0,20.6
2026-04-15 02:45:29,83.29,0.092,0.106,7.13,72.7,43.9,20.6
2026-04-15 02:45:29,83.1,0.094,0.117,5.93,72.2,31.3,20.6
2026-04-15 02:45:29,83.02,0.084,0.106,6.36,73.8,35.5,20.6
2026-04-15 02:45:30,83.02,0.098,0.113,6.78,73.2,37.9,20.6
2026-04-15 02:45:30,82.44,0.093,0.114,6.21,73.8,50.8,20.7
2026-04-15 02:45:30,83.24,0.094,0.117,5.97,73.2,34.3,20.7
2026-04-15 02:45:30,82.85,0.092,0.115,6.06,72.7,33.3,20.8
2026-04-15 02:45:30,82.68,0.104,0.127,5.62,71.0,42.7,20.8
2026-04-15 02:45:30,82.83,0.087,0.11,6.67,72.7,39.7,20.8
2026-04-15 02:45:31,82.85,0.089,0.101,7.37,72.7,47.4,20.8
2026-04-15 02:45:31,82.71,0.093,0.114,5.88,72.7,36.2,20.8
2026-04-15 02:45:31,82.33,0.102,0.124,5.67,73.8,39.4,20.8
2026-04-15 02:45:31,82.96,0.108,0.131,5.81,73.2,35.3,20.8
2026-04-15 02:45:31,83.22,0.1,0.123,6.3,73.2,36.1,20.8
2026-04-15 02:45:31,82.96,0.105,0.132,5.67,73.2,36.6,20.8
2026-04-15 02:45:32,82.78,0.097,0.12,6.48,73.2,39.3,20.8
2026-04-15 02:45:32,82.76,0.112,0.135,5.52,71.6,38.9,20.8
2026-04-15 02:45:32,83.57,0.089,0.11,6.96,71.6,37.5,20.8
2026-04-15 02:45:32,82.85,0.088,0.111,6.04,73.2,37.7,20.8
2026-04-15 02:45:32,83.24,0.086,0.107,6.08,72.2,36.9,20.8
2026-04-15 02:45:32,82.95,0.097,0.11,6.94,72.7,42.1,20.8
2026-04-15 02:45:33,82.84,0.088,0.111,6.32,73.2,36.5,20.7
2026-04-15 02:45:33,82.98,0.092,0.115,5.86,73.2,33.8,20.8
2026-04-15 02:45:33,83.28,0.103,0.125,5.63,73.2,39.2,20.8
2026-04-15 02:45:33,83.02,0.091,0.113,6.47,73.2,36.7,20.8
2026-04-15 02:45:33,83.15,0.087,0.11,6.14,73.8,37.9,20.8
2026-04-15 02:45:33,82.81,0.088,0.111,5.97,73.2,33.8,20.8
2026-04-15 02:45:34,83.26,0.088,0.1,7.43,72.7,38.5,20.8
2026-04-15 02:45:34,83.1,0.098,0.121,5.71,72.2,33.8,20.9
2026-04-15 02:45:34,82.45,0.109,0.132,5.65,72.2,35.2,20.9
2026-04-15 02:45:34,82.83,0.088,0.111,6.83,72.2,39.7,20.8
2026-04-15 02:45:34,82.47,0.09,0.114,5.92,72.2,34.3,20.8
2026-04-15 02:45:34,82.63,0.098,0.121,5.76,73.8,34.3,20.8
2026-04-15 02:45:34,82.7,0.085,0.108,6.48,72.7,38.7,20.8
2026-04-15 02:45:35,82.55,0.087,0.1,7.41,73.8,45.6,20.8
2026-04-15 02:45:35,82.71,0.101,0.106,6.78,73.2,45.6,20.8
2026-04-15 02:45:35,82.46,0.093,0.121,6.15,72.7,36.9,20.8
2026-04-15 02:45:35,82.81,0.09,0.112,6.24,73.2,34.9,20.8
2026-04-15 02:45:35,83.43,0.108,0.131,5.45,71.6,37.8,20.8
2026-04-15 02:45:35,82.72,0.104,0.127,6.15,73.2,40.6,20.8
2026-04-15 02:45:36,83.24,0.089,0.112,6.63,72.7,37.3,20.8
2026-04-15 02:45:36,82.42,0.09,0.112,5.95,73.2,32.3,20.8
2026-04-15 02:45:36,82.87,0.09,0.114,5.96,71.6,33.8,20.8
2026-04-15 02:45:36,82.72,0.098,0.121,5.76,73.2,36.9,20.8
2026-04-15 02:45:36,82.76,0.104,0.127,5.82,73.8,38.2,20.8
2026-04-15 02:45:36,82.89,0.094,0.117,6.36,73.8,37.5,20.7
2026-04-15 02:45:37,82.94,0.092,0.115,6.08,73.8,33.3,20.7
2026-04-15 02:45:37,82.09,0.089,0.109,6.1,73.8,33.3,20.7
2026-04-15 02:45:37,82.96,0.087,0.111,6.05,73.2,36.4,20.7
2026-04-15 02:45:37,82.67,0.097,0.12,5.7,72.7,35.8,20.7
2026-04-15 02:45:37,83.28,0.094,0.117,6.09,72.7,35.9,20.7
2026-04-15 02:45:37,82.8,0.087,0.109,6.26,72.7,33.3,20.7
2026-04-15 02:45:38,80.9,0.088,0.099,7.49,73.2,43.6,20.7
2026-04-15 02:45:38,80.69,0.089,0.113,5.93,72.7,37.7,20.7
2026-04-15 02:45:38,79.4,0.096,0.12,5.75,73.2,36.2,20.8
2026-04-15 02:45:38,82.82,0.096,0.12,6.02,73.8,31.7,20.7
2026-04-15 02:45:38,82.68,0.091,0.113,6.22,73.8,37.5,20.7
2026-04-15 02:45:38,82.8,0.121,0.144,5.08,72.7,37.3,20.8
2026-04-15 02:45:39,83.68,0.084,0.107,6.14,73.8,34.3,20.8
2026-04-15 02:45:39,81.0,0.087,0.097,7.31,73.8,41.5,20.8
2026-04-15 02:45:39,81.7,0.089,0.1,7.43,73.8,43.6,20.8
2026-04-15 02:45:39,81.66,0.085,0.108,6.14,73.8,33.3,20.8
2026-04-15 02:45:39,82.23,0.092,0.106,7.16,72.7,38.5,20.8
2026-04-15 02:45:39,82.43,0.087,0.11,6.16,73.8,36.9,20.8
2026-04-15 02:45:39,83.7,0.084,0.096,7.71,72.7,42.6,20.8
2026-04-15 02:45:40,83.92,0.093,0.109,7.0,73.8,38.9,20.8
2026-04-15 02:45:40,83.38,0.095,0.117,5.96,73.8,40.3,20.8
2026-04-15 02:45:40,83.04,0.09,0.114,6.16,73.2,34.4,20.8
2026-04-15 02:45:40,83.71,0.096,0.119,5.77,73.8,31.8,20.8
2026-04-15 02:45:40,82.72,0.084,0.105,6.52,73.2,41.5,20.8
2026-04-15 02:45:40,82.94,0.087,0.103,7.3,72.2,37.3,20.8
2026-04-15 02:45:41,80.17,0.118,0.142,5.07,72.7,44.4,20.8
2026-04-15 02:45:41,0.0,0.091,0.105,7.18,73.2,40.7,20.8
2026-04-15 02:45:41,0.0,0.089,0.113,6.02,72.7,35.9,20.8
2026-04-15 02:45:41,0.0,0.087,0.11,6.12,72.7,29.5,20.8
2026-04-15 02:45:41,0.0,0.095,0.108,7.06,73.8,40.0,20.8
2026-04-15 02:45:41,0.0,0.1,0.124,5.79,72.7,33.3,20.8
2026-04-15 02:45:42,0.0,0.087,0.11,6.55,73.2,35.5,20.8
2026-04-15 02:45:42,0.0,0.103,0.118,6.6,73.8,41.4,20.9
2026-04-15 02:45:42,0.0,0.089,0.112,6.65,73.8,40.3,20.9
2026-04-15 02:45:42,0.0,0.104,0.127,5.49,73.8,31.9,20.8
2026-04-15 02:45:42,0.0,0.109,0.132,5.83,73.2,45.3,20.9
2026-04-15 02:45:42,0.0,0.093,0.115,6.65,73.2,38.3,20.9
2026-04-15 02:45:43,0.0,0.102,0.126,5.71,73.8,38.0,20.9
2026-04-15 02:45:43,0.0,0.086,0.108,6.69,73.2,38.3,20.9
2026-04-15 02:45:43,0.0,0.094,0.107,6.91,72.7,44.2,20.9
2026-04-15 02:45:43,0.0,0.094,0.116,6.09,72.7,34.4,20.9
2026-04-15 02:45:43,0.0,0.102,0.125,5.75,74.9,38.6,20.9
2026-04-15 02:45:43,0.0,0.088,0.111,6.55,71.6,40.0,20.9
2026-04-15 02:45:43,0.0,0.087,0.11,6.06,73.2,31.1,20.9
2026-04-15 02:45:44,0.0,0.091,0.102,7.25,73.2,42.9,20.9
2026-04-15 02:45:44,0.0,0.09,0.114,6.03,74.9,34.8,21.0
2026-04-15 02:45:44,0.0,0.114,0.138,5.25,72.2,34.2,21.0
2026-04-15 02:45:44,0.0,0.096,0.116,6.68,73.2,41.7,21.0
2026-04-15 02:45:44,0.0,0.114,0.136,5.47,73.2,36.1,21.0
2026-04-15 02:45:44,0.0,0.092,0.11,6.93,72.7,43.3,21.0
2026-04-15 02:45:45,0.0,0.092,0.115,5.96,73.8,34.4,21.0
2026-04-15 02:45:45,0.0,0.116,0.14,5.24,74.3,42.7,21.0
2026-04-15 02:45:45,0.0,0.088,0.105,7.2,72.7,37.0,20.9
2026-04-15 02:45:45,0.0,0.085,0.108,6.16,72.2,33.3,20.9
2026-04-15 02:45:45,0.0,0.088,0.103,7.3,73.2,38.9,20.9
2026-04-15 02:45:45,0.0,0.094,0.105,7.19,73.2,42.3,20.9
2026-04-15 02:45:46,0.0,0.092,0.114,6.08,73.2,35.4,20.9
2026-04-15 02:45:46,0.0,0.103,0.128,5.59,73.8,36.6,20.9
2026-04-15 02:45:46,0.0,0.086,0.11,6.73,74.9,37.3,20.9
2026-04-15 02:45:46,0.0,0.094,0.106,7.12,73.8,44.6,20.9
2026-04-15 02:45:46,0.0,0.096,0.119,5.93,73.2,32.3,20.9
2026-04-15 02:45:46,0.0,0.086,0.109,6.35,72.7,38.5,20.9
2026-04-15 02:45:46,0.0,0.087,0.1,7.5,72.2,45.6,20.9
2026-04-15 02:45:47,0.0,0.1,0.112,6.84,73.8,41.4,20.9
2026-04-15 02:45:47,0.0,0.089,0.111,6.43,73.8,37.7,20.9
2026-04-15 02:45:47,0.0,0.089,0.112,5.99,72.7,35.4,20.9
2026-04-15 02:45:47,0.0,0.09,0.113,5.96,73.8,38.0,20.9
2026-04-15 02:45:47,0.0,0.105,0.114,6.69,73.8,42.9,20.9
2026-04-15 02:45:47,0.0,0.115,0.138,5.69,73.8,35.3,21.0
2026-04-15 02:45:48,0.0,0.098,0.116,6.7,73.8,39.3,21.0
2026-04-15 02:45:48,0.0,0.094,0.12,6.06,72.2,32.3,21.0
2026-04-15 02:45:48,0.0,0.113,0.136,5.45,74.3,36.6,21.0
2026-04-15 02:45:48,0.0,0.085,0.105,7.22,73.2,36.4,20.9
2026-04-15 02:45:48,0.0,0.105,0.121,6.48,73.8,43.3,20.9
2026-04-15 02:45:48,0.0,0.105,0.128,6.06,73.8,35.9,20.9
2026-04-15 02:45:49,0.0,0.088,0.11,6.66,73.8,37.3,20.9
2026-04-15 02:45:49,0.0,0.087,0.113,5.93,72.7,37.1,20.9
2026-04-15 02:45:49,71.69,0.091,0.114,5.94,72.7,36.8,20.9
2026-04-15 02:45:49,78.79,0.087,0.11,6.14,73.8,35.9,20.9
2026-04-15 02:45:49,83.18,0.088,0.102,7.32,73.2,41.5,20.9
2026-04-15 02:45:49,83.64,0.084,0.107,6.24,72.7,29.5,20.9
2026-04-15 02:45:49,82.49,0.089,0.104,7.26,73.8,44.4,20.9
2026-04-15 02:45:50,81.74,0.087,0.11,6.07,73.8,37.3,20.9
2026-04-15 02:45:50,83.29,0.084,0.096,7.62,72.2,45.1,20.9
2026-04-15 02:45:50,82.3,0.092,0.107,7.1,73.8,44.6,20.9
2026-04-15 02:45:50,81.73,0.089,0.112,6.12,72.2,36.4,20.9
2026-04-15 02:45:50,82.24,0.084,0.107,6.19,73.8,35.8,20.9
2026-04-15 02:45:50,82.58,0.089,0.104,7.25,73.2,39.6,20.9
2026-04-15 02:45:51,81.32,0.306,0.33,2.53,73.8,84.8,20.1
2026-04-15 02:45:51,82.11,0.122,0.135,5.8,74.9,49.3,20.1
2026-04-15 02:45:51,81.79,0.09,0.113,6.03,72.7,33.8,20.1
2026-04-15 02:45:51,82.81,0.095,0.116,5.85,74.3,36.8,20.1
2026-04-15 02:45:51,82.46,0.087,0.11,6.29,73.2,37.9,20.2
2026-04-15 02:45:52,82.22,0.088,0.098,7.41,74.9,41.5,20.2
2026-04-15 02:45:52,82.46,0.1,0.123,5.62,73.8,36.6,20.2
2026-04-15 02:45:52,81.95,0.099,0.122,6.04,74.3,38.8,20.3
2026-04-15 02:45:52,82.27,0.085,0.109,6.48,74.3,35.5,20.3
2026-04-15 02:45:52,82.29,0.096,0.114,6.76,73.2,48.3,20.3
2026-04-15 02:45:52,82.01,0.09,0.113,6.45,74.3,33.9,20.3
2026-04-15 02:45:53,82.43,0.085,0.104,6.2,73.8,35.9,20.4
2026-04-15 02:45:53,83.34,0.088,0.103,7.31,74.9,46.6,20.4
2026-04-15 02:45:53,82.59,0.089,0.1,7.43,74.9,39.2,20.4
2026-04-15 02:45:53,82.89,0.094,0.117,5.84,73.8,33.3,20.4
2026-04-15 02:45:53,83.14,0.107,0.13,5.57,72.7,39.4,20.4
2026-04-15 02:45:53,82.78,0.102,0.125,6.18,73.8,41.3,20.4
2026-04-15 02:45:53,82.74,0.097,0.119,6.19,73.2,39.4,20.4
2026-04-15 02:45:54,82.89,0.094,0.113,6.12,74.3,33.9,20.4
2026-04-15 02:45:54,82.56,0.084,0.106,6.41,73.2,35.5,20.4
2026-04-15 02:45:54,82.31,0.103,0.118,6.54,73.8,42.4,20.4
2026-04-15 02:45:54,82.29,0.097,0.12,6.22,73.8,33.9,20.4
2026-04-15 02:45:54,81.98,0.087,0.108,6.38,73.8,34.4,20.4
2026-04-15 02:45:54,82.49,0.089,0.114,5.87,74.9,36.2,20.4
2026-04-15 02:45:55,82.64,0.09,0.113,6.06,75.5,31.2,20.4
2026-04-15 02:45:55,82.95,0.097,0.119,5.74,73.2,40.0,20.4
2026-04-15 02:45:55,82.0,0.089,0.114,6.24,73.8,35.0,20.4
2026-04-15 02:45:55,82.27,0.088,0.112,6.07,73.8,38.2,20.4
2026-04-15 02:45:55,82.39,0.088,0.11,6.03,73.2,32.8,20.3
2026-04-15 02:45:55,82.44,0.088,0.111,6.03,72.7,35.4,20.3
2026-04-15 02:45:56,82.86,0.104,0.127,5.4,72.7,32.9,20.3
2026-04-15 02:45:56,82.55,0.102,0.125,6.15,72.7,42.2,20.3
2026-04-15 02:45:56,81.91,0.089,0.112,6.51,73.2,38.7,20.2
2026-04-15 02:45:56,82.93,0.09,0.113,5.96,73.2,39.1,20.2
2026-04-15 02:45:56,82.19,0.089,0.112,6.07,73.2,38.2,20.2
2026-04-15 02:45:56,83.03,0.088,0.112,6.0,73.8,38.6,20.2
2026-04-15 02:45:57,82.65,0.088,0.111,6.02,73.8,34.8,20.1
2026-04-15 02:45:57,83.04,0.088,0.113,5.94,72.2,35.8,20.2
2026-04-15 02:45:57,82.82,0.097,0.12,5.75,74.3,32.8,20.2
2026-04-15 02:45:57,83.04,0.099,0.122,5.95,73.8,38.8,20.1
2026-04-15 02:45:57,82.86,0.095,0.118,6.13,74.3,36.9,20.2
2026-04-15 02:45:57,82.26,0.096,0.119,5.96,73.8,36.8,20.2
2026-04-15 02:45:58,82.96,0.087,0.11,6.35,73.2,33.9,20.2
2026-04-15 02:45:58,82.02,0.102,0.108,6.75,72.7,49.1,20.2
2026-04-15 02:45:58,82.73,0.088,0.111,6.55,74.3,37.3,20.2
2026-04-15 02:45:58,83.28,0.087,0.11,6.06,73.8,35.3,20.3
2026-04-15 02:45:58,82.43,0.095,0.107,7.09,73.8,44.6,20.3
2026-04-15 02:45:58,82.53,0.089,0.112,6.23,73.2,33.9,20.3
2026-04-15 02:45:59,82.22,0.102,0.122,5.52,73.2,31.9,20.3
2026-04-15 02:45:59,82.39,0.093,0.116,6.4,74.3,40.9,20.3
2026-04-15 02:45:59,83.19,0.087,0.109,6.21,73.2,35.9,20.3
2026-04-15 02:45:59,82.07,0.091,0.103,7.28,72.7,42.3,20.3
2026-04-15 02:45:59,82.32,0.108,0.131,5.45,73.8,33.3,20.3
2026-04-15 02:45:59,82.35,0.094,0.117,6.56,74.3,35.0,20.3
2026-04-15 02:45:59,82.96,0.085,0.108,6.33,72.7,38.1,20.3
2026-04-15 02:46:00,82.71,0.09,0.104,7.23,72.7,42.1,20.3
2026-04-15 02:46:00,82.65,0.101,0.123,5.63,74.3,37.7,20.4
2026-04-15 02:46:00,82.68,0.097,0.12,6.15,73.8,39.7,20.4
2026-04-15 02:46:00,82.77,0.088,0.111,6.36,74.3,36.5,20.4
2026-04-15 02:46:00,82.8,0.088,0.108,5.98,73.2,34.8,20.4
2026-04-15 02:46:00,82.84,0.088,0.107,6.03,72.7,32.8,20.5
2026-04-15 02:46:01,82.0,0.088,0.11,6.01,73.8,34.8,20.5
2026-04-15 02:46:01,82.67,0.111,0.134,5.27,73.8,38.2,20.5
2026-04-15 02:46:01,82.9,0.107,0.129,6.1,73.8,41.8,20.5
2026-04-15 02:46:01,82.73,0.087,0.11,6.87,74.3,39.7,20.5
2026-04-15 02:46:01,82.47,0.11,0.122,6.4,73.2,40.0,20.5
2026-04-15 02:46:01,82.41,0.131,0.153,5.34,74.3,36.1,20.5
2026-04-15 02:46:02,83.03,0.101,0.124,5.89,74.3,34.8,20.5
2026-04-15 02:46:02,83.26,0.083,0.105,6.73,74.3,37.3,20.5
2026-04-15 02:46:02,82.88,0.093,0.109,6.99,74.3,41.4,20.5
2026-04-15 02:46:02,82.75,0.087,0.11,6.21,74.3,38.5,20.5
2026-04-15 02:46:02,82.78,0.086,0.094,7.53,73.8,42.0,20.5
2026-04-15 02:46:02,82.64,0.084,0.095,7.64,73.8,42.3,20.5
2026-04-15 02:46:03,83.57,0.102,0.116,6.61,74.3,34.0,20.6
2026-04-15 02:46:03,82.59,0.084,0.111,6.56,74.3,36.1,20.6
2026-04-15 02:46:03,83.16,0.084,0.107,6.12,74.3,35.9,20.6
2026-04-15 02:46:03,82.74,0.084,0.099,7.5,74.3,42.1,20.6
2026-04-15 02:46:03,83.14,0.089,0.104,7.25,74.9,41.5,20.5
2026-04-15 02:46:03,83.26,0.089,0.112,6.01,74.9,36.9,20.5
2026-04-15 02:46:03,82.68,0.086,0.109,6.11,74.3,34.8,20.5
2026-04-15 02:46:04,83.1,0.089,0.101,7.35,74.3,42.6,20.5
2026-04-15 02:46:04,83.4,0.087,0.109,6.06,74.3,36.4,20.5
2026-04-15 02:46:04,82.98,0.085,0.096,7.6,74.9,40.7,20.5
2026-04-15 02:46:04,82.57,0.097,0.11,6.9,74.9,41.1,20.5
2026-04-15 02:46:04,83.24,0.115,0.138,5.41,74.9,38.9,20.5
2026-04-15 02:46:04,83.15,0.088,0.105,7.19,73.8,41.4,20.5
2026-04-15 02:46:04,83.34,0.085,0.108,6.09,74.3,31.1,20.5
2026-04-15 02:46:05,82.82,0.084,0.098,7.57,73.2,39.6,20.5
2026-04-15 02:46:05,83.39,0.094,0.107,6.98,74.9,46.4,20.5
2026-04-15 02:46:05,83.17,0.084,0.108,6.34,73.8,37.5,20.5
2026-04-15 02:46:05,83.16,0.088,0.102,7.36,74.9,48.3,20.5
2026-04-15 02:46:05,83.44,0.087,0.11,6.02,74.9,31.3,20.4
2026-04-15 02:46:05,83.09,0.084,0.097,7.64,73.2,41.2,20.5
2026-04-15 02:46:05,83.05,0.093,0.107,7.09,73.2,44.8,20.5
2026-04-15 02:46:06,82.92,0.103,0.126,5.66,75.5,34.3,20.5
2026-04-15 02:46:06,83.26,0.084,0.107,6.76,74.9,35.6,20.5
2026-04-15 02:46:06,83.18,0.091,0.107,7.11,73.8,42.9,20.5
2026-04-15 02:46:06,83.15,0.094,0.115,5.91,73.8,36.8,20.5
2026-04-15 02:46:06,83.15,0.09,0.113,6.16,74.3,34.4,20.5
2026-04-15 02:46:06,83.28,0.097,0.121,5.69,73.8,33.3,20.4
2026-04-15 02:46:07,82.74,0.107,0.129,5.71,74.3,35.3,20.5
2026-04-15 02:46:07,83.44,0.087,0.11,6.83,73.8,37.3,20.4
2026-04-15 02:46:07,83.2,0.093,0.104,7.21,73.2,44.4,20.4
2026-04-15 02:46:07,83.43,0.092,0.115,6.04,73.2,33.8,20.4
2026-04-15 02:46:07,83.46,0.09,0.113,6.05,74.3,39.4,20.4
2026-04-15 02:46:07,83.44,0.09,0.113,6.01,74.3,30.6,20.4
2026-04-15 02:46:08,83.66,0.088,0.11,6.07,73.8,33.8,20.5
2026-04-15 02:46:08,83.52,0.088,0.111,5.98,73.2,33.8,20.4
2026-04-15 02:46:08,83.03,0.096,0.123,5.61,73.2,36.1,20.4
2026-04-15 02:46:08,83.63,0.086,0.109,6.56,74.9,36.5,20.4
2026-04-15 02:46:08,83.45,0.084,0.107,6.08,74.3,35.4,20.4
2026-04-15 02:46:08,83.25,0.086,0.101,7.37,74.9,41.8,20.4
2026-04-15 02:46:09,82.81,0.093,0.107,7.09,74.3,42.1,20.4
2026-04-15 02:46:09,83.18,0.099,0.122,5.84,74.3,40.0,20.4
2026-04-15 02:46:09,83.68,0.108,0.131,5.69,73.8,40.8,20.5
2026-04-15 02:46:09,83.35,0.093,0.117,6.54,73.2,36.2,20.5
2026-04-15 02:46:09,83.35,0.1,0.121,5.76,74.3,37.1,20.5
2026-04-15 02:46:09,83.39,0.101,0.123,5.97,74.9,40.6,20.6
2026-04-15 02:46:10,83.74,0.089,0.112,6.49,73.8,36.5,20.6
2026-04-15 02:46:10,83.21,0.114,0.136,5.22,74.3,38.7,20.6
2026-04-15 02:46:10,82.95,0.092,0.111,6.9,73.2,38.6,20.7
2026-04-15 02:46:10,83.45,0.103,0.126,5.65,74.3,38.9,20.6
2026-04-15 02:46:10,83.42,0.098,0.121,6.2,73.8,37.5,20.6
2026-04-15 02:46:10,82.9,0.088,0.11,6.38,74.3,34.4,20.6
2026-04-15 02:46:11,83.48,0.094,0.116,5.79,76.0,33.8,20.6
2026-04-15 02:46:11,83.41,0.099,0.125,5.72,73.8,39.1,20.6
2026-04-15 02:46:11,83.41,0.11,0.132,5.69,74.3,43.5,20.6
2026-04-15 02:46:11,83.69,0.101,0.122,6.4,73.2,41.3,20.6
2026-04-15 02:46:11,83.43,0.111,0.134,5.65,73.2,40.3,20.6
2026-04-15 02:46:11,83.29,0.092,0.112,6.81,73.2,38.6,20.6
2026-04-15 02:46:12,82.79,0.099,0.122,5.74,74.3,34.3,20.6
2026-04-15 02:46:12,83.35,0.096,0.119,6.11,74.9,37.5,20.6
2026-04-15 02:46:12,83.72,0.091,0.113,6.19,72.7,32.2,20.7
2026-04-15 02:46:12,83.74,0.102,0.123,5.62,73.2,36.1,20.6
2026-04-15 02:46:12,83.51,0.112,0.133,5.68,74.3,40.6,20.6
2026-04-15 02:46:12,83.4,0.09,0.111,6.91,74.3,43.3,20.6
2026-04-15 02:46:13,83.14,0.089,0.112,6.04,75.5,32.8,20.6
2026-04-15 02:46:13,83.08,0.121,0.144,5.03,73.8,39.7,20.6
2026-04-15 02:46:13,83.73,0.096,0.119,5.71,72.7,29.9,20.6
2026-04-15 02:46:13,83.4,0.097,0.12,5.96,73.2,41.2,20.5
2026-04-15 02:46:13,83.82,0.09,0.114,6.18,73.8,34.4,20.5
2026-04-15 02:46:13,83.61,0.091,0.108,6.04,73.8,33.9,20.5
2026-04-15 02:46:14,83.47,0.102,0.125,5.65,73.2,38.0,20.5
2026-04-15 02:46:14,83.18,0.095,0.118,6.25,74.3,31.1,20.5
2026-04-15 02:46:14,82.68,0.114,0.136,5.39,73.8,37.8,20.5
2026-04-15 02:46:14,83.0,0.099,0.118,6.59,74.9,36.7,20.5
2026-04-15 02:46:14,82.92,0.109,0.132,5.68,73.8,36.2,20.5
2026-04-15 02:46:14,83.15,0.093,0.116,6.62,74.9,34.5,20.5
2026-04-15 02:46:15,83.56,0.097,0.12,5.88,73.8,37.7,20.5
2026-04-15 02:46:15,83.34,0.102,0.125,5.81,74.3,35.9,20.5
2026-04-15 02:46:15,82.63,0.096,0.109,6.23,72.7,46.2,20.5
2026-04-15 02:46:15,82.69,0.095,0.118,6.04,74.3,35.8,20.5
2026-04-15 02:46:15,83.35,0.104,0.127,5.7,74.9,35.3,20.5
2026-04-15 02:46:15,83.23,0.097,0.118,6.28,74.9,35.0,20.6
2026-04-15 02:46:16,83.26,0.09,0.113,6.27,74.9,34.9,20.6
2026-04-15 02:46:16,83.21,0.096,0.119,5.78,73.2,34.8,20.6
2026-04-15 02:46:16,83.86,0.092,0.115,6.16,73.2,36.9,20.7
2026-04-15 02:46:16,83.34,0.109,0.126,5.44,73.8,36.5,20.6
2026-04-15 02:46:16,83.68,0.091,0.113,6.72,73.2,40.7,20.6
2026-04-15 02:46:16,83.36,0.131,0.152,4.83,73.8,38.3,20.6
2026-04-15 02:46:17,83.61,0.086,0.109,6.49,74.3,35.9,20.7
2026-04-15 02:46:17,83.41,0.087,0.101,7.4,75.5,42.3,20.7
2026-04-15 02:46:17,83.28,0.102,0.125,5.52,74.3,40.5,20.7
2026-04-15 02:46:17,82.8,0.089,0.11,6.52,74.9,33.3,20.7
2026-04-15 02:46:17,83.28,0.092,0.112,5.9,74.3,39.7,20.7
2026-04-15 02:46:17,83.01,0.088,0.111,6.14,73.8,36.4,20.7
2026-04-15 02:46:18,82.95,0.095,0.115,5.78,74.3,33.8,20.7
2026-04-15 02:46:18,83.5,0.091,0.114,6.13,73.8,37.3,20.8
2026-04-15 02:46:18,83.11,0.087,0.11,6.16,74.3,35.4,20.8
2026-04-15 02:46:18,83.51,0.087,0.1,7.44,74.9,40.0,20.8
2026-04-15 02:46:18,83.5,0.093,0.116,5.84,74.9,37.7,20.8
2026-04-15 02:46:18,83.42,0.097,0.12,5.86,73.8,33.8,20.9
2026-04-15 02:46:19,83.03,0.089,0.112,6.3,74.3,39.4,20.9
2026-04-15 02:46:19,83.13,0.088,0.111,6.04,73.2,37.3,20.9
2026-04-15 02:46:19,83.73,0.096,0.109,5.73,74.3,43.7,20.9
2026-04-15 02:46:19,83.44,0.086,0.109,6.4,72.7,37.5,20.9
2026-04-15 02:46:19,83.45,0.091,0.105,7.19,74.9,42.6,20.9
2026-04-15 02:46:19,83.47,0.093,0.116,5.96,73.8,37.3,20.8
2026-04-15 02:46:19,83.37,0.087,0.11,6.23,74.9,31.7,20.8
2026-04-15 02:46:20,83.86,0.094,0.106,7.12,73.8,45.6,20.8
2026-04-15 02:46:20,83.18,0.1,0.123,5.77,74.9,40.8,20.8
2026-04-15 02:46:20,83.21,0.088,0.11,6.47,74.9,33.3,20.9
2026-04-15 02:46:20,83.84,0.108,0.131,5.36,73.2,32.4,20.9
2026-04-15 02:46:20,83.26,0.094,0.117,6.59,74.9,37.3,20.9
2026-04-15 02:46:20,83.17,0.093,0.116,6.03,74.3,35.4,20.8
2026-04-15 02:46:21,83.54,0.095,0.118,5.91,74.3,36.8,20.8
2026-04-15 02:46:21,84.13,0.091,0.113,6.16,74.9,38.5,20.8
2026-04-15 02:46:21,83.86,0.093,0.117,5.89,74.3,34.8,20.8
2026-04-15 02:46:21,83.59,0.1,0.123,5.78,74.3,39.1,20.8
2026-04-15 02:46:21,83.72,0.088,0.111,6.49,74.3,33.3,20.8
2026-04-15 02:46:21,83.65,0.096,0.121,5.67,73.8,33.3,20.7
2026-04-15 02:46:22,83.64,0.09,0.113,6.28,74.3,35.5,20.7
2026-04-15 02:46:22,83.49,0.095,0.118,5.81,73.8,38.0,20.7
2026-04-15 02:46:22,83.84,0.089,0.112,6.26,74.3,33.9,20.7
2026-04-15 02:46:22,83.82,0.104,0.127,5.49,73.2,38.6,20.6
2026-04-15 02:46:22,83.83,0.09,0.112,6.58,75.5,37.1,20.6
2026-04-15 02:46:22,83.45,0.102,0.124,5.6,74.3,37.5,20.6
2026-04-15 02:46:23,83.69,0.09,0.113,6.45,74.3,35.5,20.6
2026-04-15 02:46:23,83.62,0.089,0.108,6.05,74.3,36.4,20.6
2026-04-15 02:46:23,83.37,0.088,0.112,6.0,74.3,30.6,20.6
2026-04-15 02:46:23,83.09,0.126,0.149,4.9,74.3,40.7,20.6
2026-04-15 02:46:23,83.5,0.089,0.112,6.13,73.8,34.8,20.5
2026-04-15 02:46:23,83.58,0.104,0.124,5.52,73.8,36.1,20.5
2026-04-15 02:46:24,83.44,0.088,0.11,6.61,74.3,38.1,20.5
2026-04-15 02:46:24,83.37,0.086,0.109,6.08,74.9,31.7,20.5
2026-04-15 02:46:24,82.95,0.088,0.1,7.42,74.3,47.4,20.5
2026-04-15 02:46:24,83.53,0.091,0.111,5.9,74.3,37.7,20.5
2026-04-15 02:46:24,83.42,0.094,0.116,5.91,74.3,32.8,20.5
2026-04-15 02:46:24,83.49,0.096,0.119,5.9,74.3,37.1,20.5
2026-04-15 02:46:25,82.91,0.089,0.112,6.28,74.9,36.5,20.5
2026-04-15 02:46:25,83.08,0.088,0.111,6.02,73.2,38.5,20.5
2026-04-15 02:46:25,83.6,0.089,0.11,5.98,75.5,36.2,20.5
2026-04-15 02:46:25,83.64,0.1,0.124,5.62,73.8,36.2,20.5
2026-04-15 02:46:25,82.57,0.088,0.111,6.47,74.3,37.1,20.5
2026-04-15 02:46:25,83.09,0.091,0.111,5.91,73.8,36.8,20.5
2026-04-15 02:46:26,83.36,0.093,0.116,5.93,73.8,32.3,20.5
2026-04-15 02:46:26,83.57,0.089,0.112,6.13,73.8,35.5,20.5
2026-04-15 02:46:26,83.3,0.092,0.115,5.9,73.2,37.1,20.6
2026-04-15 02:46:26,83.42,0.101,0.124,5.69,74.9,36.2,20.6
2026-04-15 02:46:26,82.98,0.086,0.108,6.63,74.9,37.3,20.6
2026-04-15 02:46:26,83.18,0.084,0.099,7.51,74.3,43.6,20.6
2026-04-15 02:46:27,83.53,0.086,0.1,7.45,75.5,41.2,20.7
2026-04-15 02:46:27,83.81,0.084,0.097,7.63,74.3,39.2,20.7
2026-04-15 02:46:27,83.19,0.087,0.102,7.33,73.8,41.5,20.8
2026-04-15 02:46:27,82.25,0.099,0.112,6.85,74.3,42.1,20.8
2026-04-15 02:46:27,82.59,0.103,0.126,5.9,74.3,42.0,20.9
2026-04-15 02:46:27,82.35,0.085,0.108,6.71,74.9,39.3,20.9
2026-04-15 02:46:27,82.41,0.094,0.108,7.02,75.5,44.4,21.0
2026-04-15 02:46:28,82.28,0.084,0.107,6.4,75.5,40.3,21.0
2026-04-15 02:46:28,83.65,0.086,0.101,7.41,74.9,42.9,21.0
2026-04-15 02:46:28,83.38,0.115,0.128,6.17,73.8,39.7,21.0
2026-04-15 02:46:28,82.35,0.094,0.111,6.88,73.8,40.0,21.0
2026-04-15 02:46:28,82.79,0.112,0.135,5.4,74.9,35.2,21.0
2026-04-15 02:46:28,83.83,0.084,0.105,7.22,74.3,34.6,21.0
2026-04-15 02:46:29,83.4,0.124,0.138,5.79,74.9,36.9,21.0
2026-04-15 02:46:29,84.06,0.104,0.127,5.54,73.8,33.8,21.0
2026-04-15 02:46:29,84.45,0.086,0.109,6.72,74.3,36.8,21.0
2026-04-15 02:46:29,83.82,0.107,0.12,6.48,74.9,38.3,21.0
2026-04-15 02:46:29,83.63,0.091,0.114,6.64,74.9,36.4,21.0
2026-04-15 02:46:29,83.69,0.097,0.122,5.73,74.9,33.8,21.0
2026-04-15 02:46:29,83.21,0.09,0.112,6.34,74.3,31.7,21.0
2026-04-15 02:46:30,81.61,0.145,0.166,4.51,74.9,36.5,21.1
2026-04-15 02:46:30,81.13,0.103,0.123,6.3,73.8,40.3,21.1
2026-04-15 02:46:30,0.0,0.093,0.117,6.41,73.8,39.4,21.1
2026-04-15 02:46:30,0.0,0.098,0.122,5.78,74.3,35.3,21.1
2026-04-15 02:46:30,0.0,0.086,0.109,6.5,74.9,32.8,21.1
2026-04-15 02:46:30,0.0,0.089,0.105,7.22,74.9,43.9,21.1
2026-04-15 02:46:31,0.0,0.083,0.106,6.3,75.5,33.3,21.1
2026-04-15 02:46:31,0.0,0.085,0.102,7.4,73.8,42.9,21.1
2026-04-15 02:46:31,0.0,0.114,0.128,6.19,75.5,40.6,21.1
2026-04-15 02:46:31,0.0,0.091,0.111,6.92,74.3,41.7,21.1
2026-04-15 02:46:31,0.0,0.087,0.11,6.15,73.8,32.8,21.1
2026-04-15 02:46:31,0.0,0.088,0.097,7.49,74.3,43.6,21.1
2026-04-15 02:46:32,0.0,0.087,0.111,6.01,74.3,31.7,21.1
2026-04-15 02:46:32,0.0,0.087,0.11,6.02,74.3,37.1,21.1
2026-04-15 02:46:32,0.0,0.087,0.109,5.98,73.8,33.8,21.1
2026-04-15 02:46:32,0.0,0.108,0.119,6.55,73.8,41.7,21.1
2026-04-15 02:46:32,0.0,0.102,0.125,6.2,74.9,46.2,21.1
2026-04-15 02:46:32,0.0,0.089,0.112,6.56,74.3,37.7,21.1
2026-04-15 02:46:33,0.0,0.092,0.114,5.9,74.9,37.1,21.1
2026-04-15 02:46:33,0.0,0.095,0.118,5.89,73.2,31.2,21.1
2026-04-15 02:46:33,0.0,0.086,0.108,6.32,74.9,39.4,21.1
2026-04-15 02:46:33,0.0,0.087,0.103,7.27,74.3,42.9,21.1
2026-04-15 02:46:33,0.0,0.092,0.115,5.9,74.9,39.1,21.0
2026-04-15 02:46:33,0.0,0.084,0.106,6.39,74.3,36.1,21.0
2026-04-15 02:46:33,0.0,0.092,0.107,7.08,74.3,42.1,21.0
2026-04-15 02:46:34,0.0,0.094,0.118,5.9,74.9,34.8,21.0
2026-04-15 02:46:34,0.0,0.114,0.137,5.34,76.0,33.3,21.0
2026-04-15 02:46:34,0.0,0.098,0.116,6.68,75.5,36.4,21.0
2026-04-15 02:46:34,0.0,0.084,0.106,6.58,74.3,30.4,21.0
2026-04-15 02:46:34,0.0,0.107,0.124,6.32,75.5,44.1,21.0
2026-04-15 02:46:34,0.0,0.094,0.118,6.55,74.9,33.9,21.0
2026-04-15 02:46:35,0.0,0.088,0.111,6.26,74.3,35.4,21.0
2026-04-15 02:46:35,0.0,0.331,0.351,2.6,76.0,86.3,20.2
2026-04-15 02:46:35,0.0,0.096,0.119,6.39,74.9,43.7,20.1
2026-04-15 02:46:35,0.0,0.086,0.109,6.37,74.3,47.6,20.1
2026-04-15 02:46:35,0.0,0.092,0.105,7.2,75.5,43.9,20.1
2026-04-15 02:46:36,0.0,0.088,0.112,6.1,75.5,34.4,20.1
2026-04-15 02:46:36,0.0,0.095,0.119,5.8,75.5,35.3,20.1
2026-04-15 02:46:36,0.0,0.09,0.112,6.2,73.8,36.9,20.1
2026-04-15 02:46:36,0.0,0.09,0.109,6.0,73.8,38.2,20.1
2026-04-15 02:46:36,0.0,0.087,0.105,6.1,75.5,34.4,20.1
2026-04-15 02:46:36,0.0,0.097,0.111,6.92,74.9,42.9,20.1
2026-04-15 02:46:37,0.0,0.088,0.108,6.41,73.8,31.7,20.1
2026-04-15 02:46:37,0.0,0.099,0.11,6.91,76.0,41.1,20.1
2026-04-15 02:46:37,0.0,0.114,0.137,5.52,74.9,33.8,20.1
2026-04-15 02:46:37,0.0,0.089,0.108,7.05,74.9,37.5,20.1
2026-04-15 02:46:37,0.0,0.123,0.146,4.98,74.3,38.5,20.1
2026-04-15 02:46:37,0.0,0.089,0.112,6.02,73.2,35.3,20.1
2026-04-15 02:46:38,0.0,0.093,0.116,5.86,74.9,33.3,20.1
2026-04-15 02:46:38,0.0,0.087,0.11,6.15,74.9,34.4,20.2
2026-04-15 02:46:38,0.0,0.09,0.112,6.0,74.3,31.7,20.2
2026-04-15 02:46:38,0.0,0.116,0.14,5.16,74.9,33.8,20.1
2026-04-15 02:46:38,0.0,0.095,0.111,6.89,74.9,46.0,20.1
2026-04-15 02:46:38,0.0,0.104,0.127,5.69,75.5,36.2,20.1
2026-04-15 02:46:39,0.0,0.094,0.116,6.39,74.3,36.1,20.1
2026-04-15 02:46:39,0.0,0.099,0.122,5.8,74.3,37.1,20.1
2026-04-15 02:46:39,0.0,0.107,0.131,5.69,75.5,41.7,20.1
2026-04-15 02:46:39,0.0,0.116,0.136,5.78,74.9,34.4,20.1
2026-04-15 02:46:39,0.0,0.09,0.107,7.09,74.3,44.1,20.1
2026-04-15 02:46:39,0.0,0.089,0.112,6.04,73.8,34.9,20.1
2026-04-15 02:46:40,0.0,0.084,0.108,6.17,73.8,33.3,20.1
2026-04-15 02:46:40,0.0,0.113,0.128,6.18,73.8,41.9,20.2
2026-04-15 02:46:40,77.39,0.088,0.108,7.03,74.3,39.3,20.2
2026-04-15 02:46:40,74.24,0.087,0.109,6.05,74.3,35.8,20.2
2026-04-15 02:46:40,73.53,0.089,0.107,7.1,75.5,39.6,20.2
2026-04-15 02:46:40,78.89,0.086,0.109,6.29,74.9,38.5,20.2
2026-04-15 02:46:40,82.97,0.089,0.102,7.33,75.5,43.4,20.3
2026-04-15 02:46:41,83.26,0.088,0.103,6.06,75.5,38.2,20.3
2026-04-15 02:46:41,81.53,0.103,0.127,5.49,74.9,35.1,20.3
2026-04-15 02:46:41,81.87,0.134,0.157,5.07,75.5,43.4,20.3
2026-04-15 02:46:41,82.39,0.088,0.111,6.5,74.9,37.1,20.3
2026-04-15 02:46:41,82.22,0.091,0.114,5.91,75.5,33.3,20.3
2026-04-15 02:46:41,82.89,0.085,0.106,6.23,75.5,36.9,20.3
2026-04-15 02:46:42,82.01,0.101,0.115,6.69,73.8,43.1,20.4
2026-04-15 02:46:42,82.08,0.093,0.116,6.31,74.9,37.5,20.4
2026-04-15 02:46:42,82.52,0.09,0.11,6.13,74.3,37.5,20.4
2026-04-15 02:46:42,83.01,0.096,0.119,5.77,74.9,39.4,20.4
2026-04-15 02:46:42,82.57,0.108,0.133,5.58,76.0,36.6,20.5
2026-04-15 02:46:42,81.39,0.092,0.114,6.69,75.5,39.0,20.5
2026-04-15 02:46:43,82.52,0.089,0.109,6.08,74.9,39.1,20.5
2026-04-15 02:46:43,82.23,0.094,0.117,5.87,73.8,35.3,20.5
2026-04-15 02:46:43,82.18,0.091,0.114,6.06,74.9,35.4,20.5
2026-04-15 02:46:43,82.07,0.104,0.127,5.6,74.9,40.6,20.5
2026-04-15 02:46:43,81.98,0.09,0.113,6.5,75.5,33.9,20.5
2026-04-15 02:46:43,82.59,0.095,0.118,5.88,74.3,38.6,20.5
2026-04-15 02:46:44,81.91,0.087,0.11,6.29,76.0,30.5,20.5
2026-04-15 02:46:44,82.34,0.088,0.111,5.98,74.3,34.8,20.5
2026-04-15 02:46:44,81.96,0.088,0.111,6.0,74.9,30.8,20.6
2026-04-15 02:46:44,82.21,0.088,0.11,6.01,74.3,31.7,20.5
2026-04-15 02:46:44,82.53,0.099,0.123,5.6,75.5,36.2,20.5
2026-04-15 02:46:44,82.74,0.084,0.106,6.63,74.9,35.0,20.5
2026-04-15 02:46:45,82.63,0.091,0.104,7.13,74.9,43.9,20.5
2026-04-15 02:46:45,81.47,0.098,0.123,5.7,75.5,37.1,20.5
2026-04-15 02:46:45,78.75,0.097,0.119,6.11,74.9,37.5,20.5
2026-04-15 02:46:45,77.65,0.097,0.118,6.01,74.9,37.3,20.5
2026-04-15 02:46:45,79.21,0.109,0.13,5.57,74.3,38.4,20.5
2026-04-15 02:46:45,78.86,0.094,0.115,6.61,76.0,49.2,20.5
2026-04-15 02:46:46,80.06,0.128,0.151,4.99,74.3,31.6,20.4
2026-04-15 02:46:46,79.87,0.118,0.141,5.27,75.5,36.0,20.4
2026-04-15 02:46:46,80.81,0.089,0.103,7.24,74.3,40.7,20.4
2026-04-15 02:46:46,81.19,0.101,0.123,5.6,74.3,35.7,20.4
2026-04-15 02:46:46,79.63,0.092,0.115,6.36,75.5,40.3,20.4
2026-04-15 02:46:46,79.07,0.087,0.105,6.14,74.9,31.1,20.4
2026-04-15 02:46:47,81.49,0.088,0.109,6.01,74.9,31.7,20.3
2026-04-15 02:46:47,81.23,0.112,0.135,5.23,74.9,41.6,20.3
2026-04-15 02:46:47,81.34,0.088,0.108,7.01,76.0,36.4,20.3
2026-04-15 02:46:47,80.9,0.106,0.129,5.43,74.9,41.8,20.3
2026-04-15 02:46:47,80.36,0.103,0.126,6.14,74.3,38.8,20.3
2026-04-15 02:46:47,80.74,0.085,0.109,6.66,74.9,36.8,20.4
2026-04-15 02:46:48,80.84,0.086,0.099,7.51,73.8,40.7,20.4
2026-04-15 02:46:48,80.74,0.1,0.114,6.66,74.3,48.2,20.4
2026-04-15 02:46:48,81.63,0.111,0.134,5.73,73.8,40.5,20.4
2026-04-15 02:46:48,81.15,0.088,0.108,6.98,74.3,39.7,20.4
2026-04-15 02:46:48,81.17,0.102,0.113,6.79,75.5,42.1,20.4
2026-04-15 02:46:48,79.06,0.092,0.114,6.37,76.0,36.2,20.4
2026-04-15 02:46:49,78.53,0.09,0.112,6.1,75.5,33.8,20.4
2026-04-15 02:46:49,81.0,0.097,0.118,5.74,74.3,37.5,20.4
2026-04-15 02:46:49,79.91,0.086,0.109,6.43,76.0,34.4,20.4
2026-04-15 02:46:49,80.21,0.101,0.116,6.63,76.0,41.4,20.4
2026-04-15 02:46:49,79.72,0.089,0.112,6.49,74.9,40.0,20.4
2026-04-15 02:46:49,78.48,0.087,0.11,6.13,76.0,33.3,20.4
2026-04-15 02:46:49,76.76,0.083,0.096,7.71,74.3,43.1,20.5
2026-04-15 02:46:50,78.69,0.093,0.106,7.05,74.9,43.1,20.4
2026-04-15 02:46:50,77.01,0.114,0.139,5.27,74.3,37.8,20.4
2026-04-15 02:46:50,78.5,0.102,0.119,6.52,73.2,38.3,20.4
2026-04-15 02:46:50,80.55,0.105,0.128,5.89,73.8,39.1,20.4
2026-04-15 02:46:50,79.19,0.093,0.113,6.49,74.3,41.3,20.4
2026-04-15 02:46:50,76.76,0.088,0.109,6.2,74.9,34.9,20.5
2026-04-15 02:46:51,77.12,0.089,0.112,5.95,74.9,34.3,20.4
2026-04-15 02:46:51,76.29,0.092,0.115,5.9,75.5,41.7,20.4
2026-04-15 02:46:51,77.18,0.089,0.112,6.1,75.5,33.3,20.4
2026-04-15 02:46:51,78.29,0.088,0.111,6.06,75.5,36.8,20.3
2026-04-15 02:46:51,79.43,0.093,0.116,5.83,73.8,34.3,20.4
2026-04-15 02:46:51,79.31,0.105,0.128,5.59,74.3,32.8,20.3
2026-04-15 02:46:52,77.16,0.099,0.122,6.21,76.0,35.5,20.4
2026-04-15 02:46:52,76.19,0.102,0.125,5.91,74.3,41.7,20.4
2026-04-15 02:46:52,74.78,0.112,0.135,5.66,74.3,42.3,20.4
2026-04-15 02:46:52,78.42,0.107,0.127,6.22,75.5,45.5,20.4
2026-04-15 02:46:52,77.98,0.099,0.123,6.23,74.9,41.3,20.4
2026-04-15 02:46:52,78.43,0.091,0.114,6.35,74.9,32.8,20.4
2026-04-15 02:46:53,77.04,0.084,0.106,6.27,75.5,33.9,20.4
2026-04-15 02:46:53,77.28,0.092,0.107,7.11,75.5,42.9,20.4
2026-04-15 02:46:53,77.93,0.085,0.109,6.21,75.5,30.5,20.5
2026-04-15 02:46:53,77.4,0.084,0.096,7.6,74.9,40.4,20.5
2026-04-15 02:46:53,77.12,0.09,0.104,7.2,74.9,39.2,20.5
2026-04-15 02:46:53,77.27,0.094,0.117,5.86,74.9,36.8,20.5
2026-04-15 02:46:53,76.86,0.089,0.112,6.19,75.5,32.8,20.5
2026-04-15 02:46:54,76.81,0.094,0.116,5.85,75.5,31.3,20.5
2026-04-15 02:46:54,77.1,0.094,0.116,5.98,75.5,39.1,20.5
2026-04-15 02:46:54,78.29,0.092,0.115,6.09,75.5,33.8,20.5
2026-04-15 02:46:54,77.69,0.086,0.109,6.2,76.0,36.9,20.5
2026-04-15 02:46:54,78.24,0.094,0.104,7.11,76.5,51.7,20.5
2026-04-15 02:46:54,78.83,0.085,0.108,6.34,74.3,32.2,20.5
2026-04-15 02:46:55,76.67,0.086,0.101,7.44,74.3,42.9,20.5
2026-04-15 02:46:55,77.41,0.12,0.133,5.99,74.9,43.1,20.5
2026-04-15 02:46:55,77.74,0.103,0.115,6.68,74.9,41.7,20.5
2026-04-15 02:46:55,78.06,0.102,0.133,5.77,74.3,33.3,20.5
2026-04-15 02:46:55,77.12,0.087,0.109,6.94,76.0,39.3,20.6
2026-04-15 02:46:55,74.93,0.091,0.105,7.16,74.3,44.6,20.6
2026-04-15 02:46:56,75.78,0.092,0.115,6.07,75.5,38.2,20.6
2026-04-15 02:46:56,76.95,0.092,0.115,5.99,74.9,36.8,20.6
2026-04-15 02:46:56,77.65,0.086,0.109,6.23,75.5,33.9,20.6
2026-04-15 02:46:56,79.05,0.098,0.111,6.89,75.5,42.9,20.6
2026-04-15 02:46:56,80.11,0.089,0.114,6.27,74.9,38.5,20.6
2026-04-15 02:46:56,77.67,0.091,0.114,6.01,75.5,37.3,20.6
2026-04-15 02:46:56,78.12,0.103,0.126,5.58,75.5,40.5,20.5
2026-04-15 02:46:57,78.41,0.092,0.115,6.45,74.3,38.3,20.5
2026-04-15 02:46:57,78.44,0.097,0.119,5.81,74.9,36.6,20.6
2026-04-15 02:46:57,76.99,0.119,0.142,5.31,74.3,38.2,20.6
2026-04-15 02:46:57,78.86,0.104,0.117,6.57,75.5,47.5,20.6
2026-04-15 02:46:57,77.69,0.097,0.121,6.27,76.0,40.6,20.6
2026-04-15 02:46:57,79.17,0.09,0.111,6.3,75.5,37.5,20.6
2026-04-15 02:46:58,77.18,0.091,0.112,5.96,75.5,33.3,20.7
2026-04-15 02:46:58,79.7,0.114,0.137,5.28,74.9,35.1,20.7
2026-04-15 02:46:58,79.14,0.089,0.106,7.05,76.0,38.6,20.7
2026-04-15 02:46:58,78.94,0.104,0.127,5.47,74.3,35.2,20.7
2026-04-15 02:46:58,76.76,0.087,0.11,6.72,76.0,35.1,20.8
2026-04-15 02:46:58,77.8,0.093,0.105,7.2,74.9,44.6,20.7
2026-04-15 02:46:59,77.56,0.083,0.105,6.38,75.5,33.3,20.7
2026-04-15 02:46:59,76.18,0.085,0.099,7.41,75.5,40.0,20.7
2026-04-15 02:46:59,80.01,0.084,0.094,7.54,76.5,52.8,20.7
2026-04-15 02:46:59,80.97,0.093,0.108,7.06,76.5,40.0,20.7
2026-04-15 02:46:59,81.5,0.093,0.116,5.98,75.5,35.8,20.6
2026-04-15 02:46:59,80.06,0.087,0.111,6.21,75.5,34.4,20.6
2026-04-15 02:46:59,79.57,0.084,0.106,6.11,74.9,36.4,20.6
2026-04-15 02:47:00,79.29,0.086,0.099,7.46,74.3,39.6,20.6
2026-04-15 02:47:00,79.85,0.109,0.12,6.38,76.0,46.0,20.7
2026-04-15 02:47:00,79.09,0.091,0.113,6.72,75.5,40.3,20.6
2026-04-15 02:47:00,80.7,0.086,0.109,6.2,74.9,30.5,20.6
2026-04-15 02:47:00,80.75,0.087,0.098,7.43,75.5,40.4,20.6
2026-04-15 02:47:00,78.27,0.087,0.111,6.0,74.9,32.3,20.6
2026-04-15 02:47:01,78.77,0.09,0.113,5.9,75.5,36.2,20.6
2026-04-15 02:47:01,78.91,0.089,0.112,6.05,74.9,34.8,20.6
2026-04-15 02:47:01,78.33,0.093,0.112,5.84,75.5,37.1,20.6
2026-04-15 02:47:01,77.29,0.088,0.111,6.21,74.9,33.3,20.6
2026-04-15 02:47:01,74.52,0.094,0.105,7.18,74.3,42.9,20.6
2026-04-15 02:47:01,78.86,0.11,0.133,5.46,74.9,34.7,20.6
2026-04-15 02:47:02,77.95,0.084,0.106,7.14,74.9,38.2,20.6
2026-04-15 02:47:02,78.46,0.09,0.105,7.19,76.0,42.9,20.6
2026-04-15 02:47:02,78.52,0.092,0.115,5.91,74.9,31.8,20.7
2026-04-15 02:47:02,77.72,0.089,0.112,6.13,74.9,36.9,20.7
2026-04-15 02:47:02,77.36,0.117,0.145,5.01,75.5,40.5,20.7
2026-04-15 02:47:02,77.72,0.104,0.127,5.5,74.9,37.3,20.7
2026-04-15 02:47:03,77.88,0.09,0.113,6.53,74.9,36.7,20.7
2026-04-15 02:47:03,79.18,0.107,0.129,5.47,76.0,34.7,20.7
2026-04-15 02:47:03,79.43,0.093,0.116,6.55,74.9,39.3,20.8
2026-04-15 02:47:03,79.63,0.103,0.126,5.65,75.5,42.3,20.8
2026-04-15 02:47:03,81.4,0.108,0.13,5.84,76.0,36.8,20.9
2026-04-15 02:47:03,81.69,0.096,0.114,6.46,74.3,39.3,20.9
2026-04-15 02:47:04,81.66,0.088,0.106,6.24,75.5,36.5,20.8
2026-04-15 02:47:04,81.42,0.093,0.116,5.89,75.5,35.8,20.8
2026-04-15 02:47:04,81.45,0.088,0.111,6.17,74.9,37.3,20.8
2026-04-15 02:47:04,81.53,0.09,0.113,5.94,75.5,32.8,20.8
2026-04-15 02:47:04,81.88,0.09,0.113,6.01,74.9,38.0,20.8
2026-04-15 02:47:04,81.88,0.093,0.116,5.88,74.3,33.3,20.8
2026-04-15 02:47:05,82.36,0.09,0.112,6.12,76.0,32.8,20.8
2026-04-15 02:47:05,82.07,0.105,0.128,5.51,75.5,40.5,20.7
2026-04-15 02:47:05,81.4,0.091,0.115,6.52,74.9,41.9,20.7
2026-04-15 02:47:05,82.25,0.093,0.112,5.94,74.9,38.8,20.6
2026-04-15 02:47:05,82.16,0.104,0.127,5.66,76.0,40.8,20.6
2026-04-15 02:47:05,82.47,0.088,0.11,6.65,76.0,38.3,20.7
2026-04-15 02:47:05,82.59,0.09,0.101,7.39,76.0,43.6,20.7
2026-04-15 02:47:06,81.63,0.101,0.124,5.6,74.9,35.7,20.7
2026-04-15 02:47:06,81.44,0.084,0.107,6.73,74.9,36.7,20.7
2026-04-15 02:47:06,82.27,0.098,0.114,6.75,74.9,39.7,20.7
2026-04-15 02:47:06,82.2,0.087,0.11,6.43,74.3,36.1,20.6
2026-04-15 02:47:06,82.65,0.087,0.099,7.55,74.9,40.0,20.6
2026-04-15 02:47:06,82.79,0.089,0.101,7.37,76.5,44.4,20.6
2026-04-15 02:47:07,82.48,0.086,0.109,6.13,76.5,33.9,20.6
2026-04-15 02:47:07,82.16,0.094,0.108,7.06,75.5,40.4,20.6
2026-04-15 02:47:07,82.58,0.088,0.111,6.2,76.0,36.9,20.7
2026-04-15 02:47:07,81.77,0.102,0.125,5.49,74.9,32.4,20.7
2026-04-15 02:47:07,82.1,0.104,0.127,5.99,75.5,39.1,20.8
2026-04-15 02:47:07,82.51,0.117,0.139,5.59,74.9,35.4,20.8
2026-04-15 02:47:08,82.69,0.1,0.114,6.66,74.9,42.1,20.8
2026-04-15 02:47:08,82.05,0.086,0.109,6.55,75.5,37.1,20.8
2026-04-15 02:47:08,82.88,0.092,0.104,7.2,76.0,44.6,20.9
2026-04-15 02:47:08,82.05,0.102,0.125,5.66,74.3,34.3,20.9
2026-04-15 02:47:08,82.52,0.091,0.114,6.43,75.5,37.7,20.9
2026-04-15 02:47:08,82.26,0.089,0.115,5.92,73.8,37.1,20.9
2026-04-15 02:47:08,82.11,0.091,0.114,6.08,76.0,35.4,20.9
2026-04-15 02:47:09,82.44,0.088,0.111,6.11,74.3,38.2,20.9
2026-04-15 02:47:09,82.75,0.087,0.109,6.04,75.5,36.8,20.9
2026-04-15 02:47:09,82.27,0.092,0.104,7.22,74.9,43.4,20.8
2026-04-15 02:47:09,82.22,0.109,0.133,5.45,76.5,33.3,20.8
2026-04-15 02:47:09,82.21,0.1,0.121,6.38,75.5,37.7,20.8
2026-04-15 02:47:09,81.91,0.089,0.112,6.39,76.0,39.7,20.8
2026-04-15 02:47:10,82.98,0.088,0.111,6.05,75.5,36.4,20.8
2026-04-15 02:47:10,82.32,0.097,0.107,6.98,76.0,44.6,20.9
2026-04-15 02:47:10,82.57,0.113,0.135,5.48,75.5,37.5,20.9
2026-04-15 02:47:10,82.69,0.091,0.11,6.94,74.9,36.8,20.9
2026-04-15 02:47:10,82.71,0.096,0.117,5.85,75.5,34.8,20.9
2026-04-15 02:47:10,82.29,0.089,0.112,6.25,73.2,30.5,20.8
2026-04-15 02:47:11,82.37,0.094,0.117,5.83,76.0,33.3,20.8
2026-04-15 02:47:11,82.19,0.089,0.113,6.18,74.9,37.9,20.8
2026-04-15 02:47:11,82.35,0.091,0.114,5.94,76.0,36.2,20.8
2026-04-15 02:47:11,82.78,0.09,0.113,6.06,74.3,33.8,20.7
2026-04-15 02:47:11,82.93,0.096,0.119,5.72,74.3,35.7,20.7
2026-04-15 02:47:11,81.87,0.099,0.121,5.97,74.9,31.7,20.7
2026-04-15 02:47:12,82.01,0.105,0.127,5.8,75.5,46.4,20.7
2026-04-15 02:47:12,82.91,0.088,0.111,6.66,75.5,37.3,20.7
2026-04-15 02:47:12,83.16,0.089,0.112,5.97,74.9,35.8,20.7
2026-04-15 02:47:12,83.43,0.096,0.119,5.77,75.5,36.6,20.7
2026-04-15 02:47:12,83.11,0.088,0.111,6.3,75.5,41.5,20.7
2026-04-15 02:47:12,82.84,0.092,0.115,5.86,74.3,33.3,20.7
2026-04-15 02:47:13,82.32,0.088,0.11,6.15,74.3,36.8,20.7
2026-04-15 02:47:13,82.81,0.091,0.114,5.89,75.5,35.4,20.7
2026-04-15 02:47:13,82.55,0.096,0.12,5.82,75.5,35.8,20.7
2026-04-15 02:47:13,82.83,0.102,0.125,5.82,76.0,35.3,20.7
2026-04-15 02:47:13,82.71,0.086,0.109,6.65,75.5,37.9,20.7
2026-04-15 02:47:13,82.28,0.101,0.115,6.7,75.5,41.7,20.8
2026-04-15 02:47:14,83.31,0.105,0.129,5.87,75.5,35.8,20.8
2026-04-15 02:47:14,82.73,0.099,0.123,6.22,75.5,40.6,20.8
2026-04-15 02:47:14,82.37,0.088,0.108,6.47,76.0,40.3,20.9
2026-04-15 02:47:14,82.11,0.088,0.111,5.97,76.0,36.8,20.9
2026-04-15 02:47:14,82.18,0.086,0.109,6.09,75.5,35.4,21.0
2026-04-15 02:47:14,82.3,0.089,0.101,7.37,76.5,39.2,21.0
2026-04-15 02:47:15,81.63,0.096,0.119,5.74,76.0,36.2,21.0
2026-04-15 02:47:15,81.34,0.131,0.154,4.96,74.9,40.5,21.0
2026-04-15 02:47:15,82.22,0.089,0.11,6.32,75.5,36.9,21.0
2026-04-15 02:47:15,82.71,0.087,0.109,6.08,76.5,37.3,21.0
2026-04-15 02:47:15,81.83,0.097,0.12,5.68,75.5,34.3,21.0
2026-04-15 02:47:16,81.68,0.304,0.337,2.6,76.0,83.6,20.2
2026-04-15 02:47:16,82.07,0.096,0.109,6.73,77.1,51.8,20.2
2026-04-15 02:47:16,82.02,0.095,0.118,6.04,76.5,36.4,20.3
2026-04-15 02:47:16,82.76,0.112,0.135,5.45,76.5,39.1,20.3
2026-04-15 02:47:16,82.64,0.084,0.099,7.23,76.0,41.1,20.2
2026-04-15 02:47:16,81.92,0.086,0.102,7.35,77.1,43.6,20.2
2026-04-15 02:47:17,82.18,0.09,0.103,7.3,76.5,45.5,20.2
2026-04-15 02:47:17,82.05,0.087,0.11,6.11,75.5,36.5,20.2
2026-04-15 02:47:17,81.6,0.085,0.108,6.1,76.5,36.2,20.2
2026-04-15 02:47:17,82.15,0.09,0.104,7.21,76.0,36.0,20.2
2026-04-15 02:47:17,81.91,0.097,0.119,5.69,76.5,42.3,20.1
2026-04-15 02:47:17,81.73,0.095,0.118,6.15,76.0,40.0,20.1
2026-04-15 02:47:18,81.91,0.099,0.122,5.89,75.5,32.3,20.1
2026-04-15 02:47:18,81.73,0.086,0.109,6.49,77.1,38.7,20.1
2026-04-15 02:47:18,81.9,0.085,0.098,7.57,76.0,41.5,20.1
2026-04-15 02:47:18,82.21,0.087,0.101,7.4,76.5,41.8,20.1
2026-04-15 02:47:18,82.15,0.109,0.122,6.39,76.0,46.0,20.1
2026-04-15 02:47:18,81.52,0.1,0.122,6.32,74.9,41.0,20.2
2026-04-15 02:47:18,81.69,0.09,0.114,6.39,74.9,44.6,20.2
2026-04-15 02:47:19,81.54,0.094,0.117,5.9,76.0,33.8,20.3
2026-04-15 02:47:19,81.36,0.089,0.111,6.22,76.5,36.5,20.3
2026-04-15 02:47:19,81.07,0.1,0.123,5.63,75.5,33.8,20.3
2026-04-15 02:47:19,82.0,0.088,0.111,6.46,75.5,36.7,20.3
2026-04-15 02:47:19,82.15,0.088,0.111,5.99,74.3,35.8,20.3
2026-04-15 02:47:19,80.69,0.089,0.112,5.98,75.5,36.8,20.3
2026-04-15 02:47:20,81.6,0.091,0.113,5.94,76.5,34.4,20.3
2026-04-15 02:47:20,81.93,0.094,0.118,5.84,74.9,40.0,20.3
2026-04-15 02:47:20,81.95,0.092,0.112,6.11,75.5,46.2,20.3
2026-04-15 02:47:20,81.94,0.091,0.114,6.04,75.5,35.8,20.3
2026-04-15 02:47:20,82.58,0.089,0.107,6.07,76.0,32.3,20.3
2026-04-15 02:47:20,82.32,0.102,0.124,5.57,76.5,35.6,20.3
2026-04-15 02:47:21,82.02,0.091,0.114,6.44,75.5,43.1,20.3
2026-04-15 02:47:21,82.36,0.095,0.118,5.87,75.5,30.2,20.3
2026-04-15 02:47:21,81.99,0.115,0.137,5.34,75.5,37.3,20.3
2026-04-15 02:47:21,82.08,0.102,0.12,6.51,74.9,43.7,20.3
2026-04-15 02:47:21,81.9,0.087,0.111,6.59,75.5,32.8,20.3
2026-04-15 02:47:21,82.5,0.106,0.129,5.39,76.0,40.5,20.3
2026-04-15 02:47:22,82.53,0.09,0.113,6.67,76.0,36.2,20.3
2026-04-15 02:47:22,82.54,0.088,0.113,5.99,75.5,35.4,20.3
2026-04-15 02:47:22,82.97,0.09,0.113,6.02,76.0,37.1,20.3
2026-04-15 02:47:22,82.58,0.125,0.148,4.96,76.5,39.8,20.3
2026-04-15 02:47:22,82.56,0.088,0.111,6.14,76.0,37.9,20.3
2026-04-15 02:47:22,82.92,0.087,0.109,6.03,75.5,33.3,20.2
2026-04-15 02:47:23,83.05,0.102,0.125,5.5,76.0,39.2,20.2
2026-04-15 02:47:23,82.14,0.088,0.112,6.55,74.9,40.6,20.2
2026-04-15 02:47:23,82.2,0.086,0.109,6.08,75.5,35.4,20.2
2026-04-15 02:47:23,82.19,0.09,0.102,7.32,75.5,37.3,20.2
2026-04-15 02:47:23,82.34,0.094,0.118,5.8,77.1,35.8,20.2
2026-04-15 02:47:23,82.61,0.088,0.111,6.26,76.5,31.7,20.2
2026-04-15 02:47:24,83.04,0.108,0.131,5.38,75.5,38.9,20.2
2026-04-15 02:47:24,82.3,0.091,0.115,6.66,76.5,42.4,20.2
2026-04-15 02:47:24,82.18,0.099,0.122,5.74,75.5,36.6,20.2
2026-04-15 02:47:24,81.73,0.088,0.112,6.42,75.5,38.1,20.2
2026-04-15 02:47:24,82.02,0.121,0.144,5.02,76.0,36.2,20.2
2026-04-15 02:47:24,82.71,0.113,0.136,5.21,76.5,37.0,20.2
2026-04-15 02:47:25,81.93,0.097,0.116,6.65,76.0,38.6,20.2
2026-04-15 02:47:25,82.38,0.085,0.106,6.45,77.1,40.3,20.2
2026-04-15 02:47:25,82.66,0.095,0.109,6.98,77.1,43.1,20.2
2026-04-15 02:47:25,81.89,0.098,0.121,5.93,75.5,30.2,20.2
2026-04-15 02:47:25,82.37,0.088,0.111,6.37,75.5,38.5,20.2
2026-04-15 02:47:25,82.51,0.117,0.14,5.11,76.5,39.5,20.2
2026-04-15 02:47:26,81.91,0.092,0.107,7.1,76.0,40.0,20.2
2026-04-15 02:47:26,82.28,0.107,0.13,5.5,76.5,37.8,20.2
2026-04-15 02:47:26,82.39,0.088,0.111,6.76,76.0,37.3,20.2
2026-04-15 02:47:26,81.99,0.103,0.114,6.73,76.5,43.9,20.2
2026-04-15 02:47:26,82.61,0.113,0.136,5.67,75.5,38.6,20.2
2026-04-15 02:47:26,82.01,0.089,0.108,7.04,75.5,36.4,20.2
2026-04-15 02:47:27,81.76,0.103,0.126,5.53,74.3,36.1,20.2
2026-04-15 02:47:27,81.82,0.088,0.111,6.58,76.0,36.1,20.2
2026-04-15 02:47:27,81.95,0.089,0.112,5.96,76.0,35.4,20.3
2026-04-15 02:47:27,81.75,0.094,0.117,5.86,76.0,31.8,20.2
2026-04-15 02:47:27,82.12,0.108,0.13,5.52,76.5,38.9,20.2
2026-04-15 02:47:27,82.92,0.099,0.121,6.37,76.5,40.3,20.2
2026-04-15 02:47:28,82.48,0.087,0.11,6.45,76.5,31.0,20.2
2026-04-15 02:47:28,81.71,0.104,0.131,5.32,76.0,40.3,20.2
2026-04-15 02:47:28,82.41,0.092,0.115,6.65,75.5,35.7,20.2
2026-04-15 02:47:28,82.07,0.089,0.113,6.07,76.0,42.2,20.2
2026-04-15 02:47:28,82.14,0.09,0.113,6.0,76.5,33.3,20.2
2026-04-15 02:47:28,81.99,0.089,0.112,6.07,75.5,31.7,20.2
2026-04-15 02:47:28,82.62,0.087,0.098,7.51,75.5,43.4,20.2
2026-04-15 02:47:29,82.36,0.09,0.113,5.94,76.0,35.8,20.2
2026-04-15 02:47:29,82.45,0.101,0.124,5.64,76.0,36.6,20.2
2026-04-15 02:47:29,82.55,0.098,0.121,6.1,76.5,38.2,20.2
2026-04-15 02:47:29,82.47,0.096,0.119,6.08,77.1,37.9,20.2
2026-04-15 02:47:29,81.93,0.092,0.115,6.15,73.8,35.9,20.3
2026-04-15 02:47:29,82.57,0.095,0.118,5.9,76.5,37.3,20.3
2026-04-15 02:47:30,81.93,0.098,0.12,5.9,76.0,40.3,20.4
2026-04-15 02:47:30,81.87,0.104,0.127,5.79,76.0,34.3,20.4
2026-04-15 02:47:30,82.2,0.095,0.11,6.35,76.0,47.6,20.4
2026-04-15 02:47:30,82.14,0.09,0.113,6.2,75.5,35.4,20.5
2026-04-15 02:47:30,82.1,0.089,0.11,6.05,76.0,34.8,20.5
2026-04-15 02:47:31,82.31,0.106,0.129,5.45,76.5,31.9,20.5
2026-04-15 02:47:31,82.14,0.086,0.108,6.8,77.1,41.0,20.5
2026-04-15 02:47:31,82.47,0.09,0.103,7.26,76.0,43.6,20.6
2026-04-15 02:47:31,81.85,0.088,0.111,6.08,74.9,37.3,20.6
2026-04-15 02:47:31,82.73,0.087,0.11,6.05,76.5,32.3,20.6
2026-04-15 02:47:31,82.27,0.094,0.105,7.16,77.1,41.8,20.6
2026-04-15 02:47:31,82.39,0.091,0.113,6.08,76.5,36.4,20.6
2026-04-15 02:47:32,82.21,0.088,0.111,6.12,77.1,34.9,20.6
2026-04-15 02:47:32,82.77,0.097,0.117,5.72,76.5,39.7,20.6
2026-04-15 02:47:32,82.71,0.134,0.157,4.9,75.5,39.7,20.7
2026-04-15 02:47:32,83.21,0.101,0.125,5.96,77.1,38.8,20.7
2026-04-15 02:47:32,82.73,0.091,0.114,6.42,75.5,42.2,20.7
2026-04-15 02:47:32,84.6,0.09,0.113,6.07,76.5,34.3,20.6
2026-04-15 02:47:33,83.7,0.092,0.115,5.92,76.5,40.6,20.6
2026-04-15 02:47:33,85.37,0.101,0.121,5.68,75.5,43.4,20.6
2026-04-15 02:47:33,75.53,0.096,0.124,5.97,76.0,40.0,20.5
2026-04-15 02:47:33,85.78,0.085,0.107,6.7,77.1,36.7,20.5
2026-04-15 02:47:33,84.69,0.096,0.111,6.85,76.5,43.1,20.5
2026-04-15 02:47:33,85.11,0.087,0.109,6.43,75.5,40.6,20.5
2026-04-15 02:47:34,83.35,0.083,0.096,7.7,77.1,31.1,20.6
2026-04-15 02:47:34,83.71,0.1,0.114,6.6,75.5,38.6,20.6
2026-04-15 02:47:34,81.8,0.088,0.111,6.51,76.5,32.8,20.6
2026-04-15 02:47:34,83.76,0.093,0.119,5.76,74.9,34.8,20.6
2026-04-15 02:47:34,84.07,0.092,0.115,6.14,75.5,31.7,20.6
2026-04-15 02:47:34,84.86,0.095,0.098,7.27,76.5,50.0,20.6
2026-04-15 02:47:34,82.88,0.088,0.11,6.29,76.5,37.5,20.6
2026-04-15 02:47:35,84.5,0.117,0.137,5.12,75.5,35.6,20.6
2026-04-15 02:47:35,83.97,0.097,0.113,6.83,76.0,35.2,20.6
2026-04-15 02:47:35,84.03,0.108,0.132,5.59,74.9,42.5,20.6
2026-04-15 02:47:35,84.01,0.089,0.112,6.82,75.5,34.5,20.6
2026-04-15 02:47:35,84.15,0.089,0.112,6.0,76.0,34.8,20.6
2026-04-15 02:47:35,83.71,0.088,0.111,6.04,74.9,32.8,20.6
2026-04-15 02:47:36,83.71,0.088,0.1,7.45,77.1,44.4,20.6
2026-04-15 02:47:36,83.17,0.091,0.115,5.9,76.5,41.4,20.6
2026-04-15 02:47:36,83.48,0.095,0.118,5.88,76.5,35.3,20.5
2026-04-15 02:47:36,84.19,0.088,0.111,6.28,76.0,31.7,20.5
2026-04-15 02:47:36,82.92,0.11,0.131,5.29,77.1,40.5,20.5
2026-04-15 02:47:36,82.83,0.095,0.118,6.6,76.5,36.7,20.5
2026-04-15 02:47:37,83.55,0.096,0.119,5.98,76.5,37.3,20.5
2026-04-15 02:47:37,83.09,0.093,0.114,6.1,74.9,36.4,20.6
2026-04-15 02:47:37,82.87,0.097,0.12,5.85,77.1,35.3,20.6
2026-04-15 02:47:37,83.15,0.108,0.131,5.64,76.0,38.2,20.6
2026-04-15 02:47:37,83.46,0.116,0.139,5.73,77.1,39.1,20.6
2026-04-15 02:47:37,82.39,0.092,0.108,7.02,76.5,41.1,20.5
2026-04-15 02:47:38,83.43,0.11,0.132,5.43,77.1,37.0,20.6
2026-04-15 02:47:38,84.01,0.108,0.131,6.07,74.9,38.8,20.5
2026-04-15 02:47:38,83.47,0.11,0.133,5.91,75.5,40.3,20.5
2026-04-15 02:47:38,82.9,0.088,0.11,6.93,76.0,39.7,20.5
2026-04-15 02:47:38,85.21,0.115,0.138,5.17,76.0,40.8,20.5
2026-04-15 02:47:38,86.38,0.096,0.115,6.71,76.5,37.3,20.5
2026-04-15 02:47:39,86.36,0.104,0.126,5.78,76.5,39.1,20.5
2026-04-15 02:47:39,86.4,0.101,0.124,6.11,76.0,37.5,20.4
2026-04-15 02:47:39,83.48,0.103,0.125,5.95,74.9,38.8,20.4
2026-04-15 02:47:39,85.09,0.092,0.115,6.42,76.5,36.5,20.4
2026-04-15 02:47:39,82.74,0.094,0.117,5.92,76.0,39.4,20.5
2026-04-15 02:47:39,83.21,0.093,0.116,6.05,76.0,35.8,20.5
2026-04-15 02:47:40,83.72,0.099,0.122,5.78,76.5,36.2,20.5
2026-04-15 02:47:40,83.68,0.09,0.113,6.36,76.5,38.7,20.5
2026-04-15 02:47:40,82.77,0.095,0.118,5.81,76.5,34.3,20.6
2026-04-15 02:47:40,83.65,0.116,0.139,5.33,76.5,35.2,20.5
2026-04-15 02:47:40,85.47,0.099,0.115,6.7,75.5,39.7,20.5
2026-04-15 02:47:40,85.92,0.097,0.12,6.07,76.5,36.9,20.5
2026-04-15 02:47:41,86.02,0.086,0.109,6.41,77.1,36.5,20.5
2026-04-15 02:47:41,86.29,0.102,0.115,6.67,76.5,39.7,20.5
2026-04-15 02:47:41,86.28,0.095,0.118,6.32,77.1,37.1,20.5
2026-04-15 02:47:41,86.44,0.092,0.116,6.05,76.5,33.8,20.5
2026-04-15 02:47:41,86.26,0.097,0.119,5.89,76.0,39.1,20.5
2026-04-15 02:47:41,86.48,0.1,0.123,5.88,76.0,34.8,20.5
2026-04-15 02:47:42,86.17,0.096,0.119,6.16,77.1,40.6,20.5
2026-04-15 02:47:42,86.02,0.095,0.118,6.04,77.1,33.3,20.5
2026-04-15 02:47:42,85.78,0.091,0.114,6.14,76.0,36.9,20.5
2026-04-15 02:47:42,78.79,0.087,0.111,6.1,76.0,35.8,20.5
2026-04-15 02:47:42,59.1,0.101,0.127,5.5,76.0,41.4,20.6
2026-04-15 02:47:42,74.03,0.104,0.126,6.0,77.1,35.9,20.6
2026-04-15 02:47:43,72.19,0.086,0.105,6.67,77.7,38.3,20.7
2026-04-15 02:47:43,84.23,0.09,0.101,7.35,77.7,39.2,20.7
2026-04-15 02:47:43,82.49,0.093,0.116,5.86,76.0,38.2,20.7
2026-04-15 02:47:43,84.95,0.095,0.118,5.95,76.0,34.8,20.6
2026-04-15 02:47:43,84.9,0.103,0.13,5.61,76.5,36.6,20.6
2026-04-15 02:47:43,83.83,0.083,0.107,6.98,77.1,40.7,20.6
2026-04-15 02:47:44,83.11,0.085,0.101,7.38,76.5,40.4,20.6
2026-04-15 02:47:44,83.79,0.103,0.116,6.64,77.1,41.4,20.6
2026-04-15 02:47:44,83.79,0.091,0.115,6.46,76.0,39.7,20.6
2026-04-15 02:47:44,83.71,0.085,0.112,6.11,75.5,33.3,20.6
2026-04-15 02:47:44,84.12,0.086,0.109,6.1,76.5,35.8,20.5
2026-04-15 02:47:44,84.4,0.091,0.103,7.26,76.5,37.3,20.6
2026-04-15 02:47:44,84.08,0.094,0.111,5.86,76.5,45.7,20.6
2026-04-15 02:47:45,83.86,0.087,0.11,6.29,77.1,37.9,20.6
2026-04-15 02:47:45,83.77,0.109,0.122,6.42,77.1,43.3,20.6
2026-04-15 02:47:45,84.22,0.086,0.109,6.99,76.5,44.1,20.6
2026-04-15 02:47:45,83.91,0.086,0.099,7.52,76.5,42.9,20.6
2026-04-15 02:47:45,83.33,0.104,0.116,6.62,76.0,44.3,20.6
2026-04-15 02:47:45,83.34,0.092,0.115,6.46,76.5,37.1,20.6
2026-04-15 02:47:46,83.9,0.095,0.116,5.89,77.1,35.8,20.6
2026-04-15 02:47:46,84.16,0.104,0.124,5.71,76.5,36.8,20.6
2026-04-15 02:47:46,84.97,0.099,0.122,6.17,77.1,38.5,20.7
2026-04-15 02:47:46,84.15,0.088,0.107,6.45,75.5,38.1,20.6
2026-04-15 02:47:46,84.22,0.093,0.116,5.83,75.5,29.7,20.6
2026-04-15 02:47:46,84.57,0.11,0.133,5.43,76.5,41.9,20.6
2026-04-15 02:47:47,84.26,0.098,0.12,6.5,77.7,39.0,20.6
2026-04-15 02:47:47,84.35,0.107,0.13,5.68,76.5,39.7,20.6
2026-04-15 02:47:47,84.18,0.087,0.109,6.81,77.1,41.9,20.6
2026-04-15 02:47:47,84.41,0.11,0.132,5.27,76.5,33.8,20.6
2026-04-15 02:47:47,84.47,0.097,0.118,6.54,77.1,45.3,20.6
2026-04-15 02:47:47,84.46,0.095,0.118,6.05,76.5,37.5,20.6
2026-04-15 02:47:48,84.92,0.093,0.116,6.1,77.1,31.7,20.6
2026-04-15 02:47:48,84.41,0.092,0.119,5.88,76.5,38.6,20.6
2026-04-15 02:47:48,86.49,0.089,0.113,6.23,76.0,37.3,20.6
2026-04-15 02:47:48,86.07,0.114,0.137,5.24,76.0,35.1,20.6
2026-04-15 02:47:48,85.67,0.094,0.111,6.82,75.5,42.6,20.6
2026-04-15 02:47:48,85.62,0.088,0.113,6.16,77.1,34.9,20.7
2026-04-15 02:47:49,85.43,0.088,0.112,6.07,75.5,33.9,20.7
2026-04-15 02:47:49,85.62,0.106,0.129,5.43,76.5,39.2,20.7
2026-04-15 02:47:49,85.39,0.108,0.13,5.94,76.5,37.9,20.8
2026-04-15 02:47:49,84.71,0.104,0.127,6.15,76.5,34.4,20.8
2026-04-15 02:47:49,84.27,0.088,0.107,6.63,76.0,41.3,20.8
2026-04-15 02:47:49,83.77,0.089,0.102,7.38,76.0,39.6,20.8
2026-04-15 02:47:49,83.03,0.088,0.116,5.86,77.1,37.1,20.8
2026-04-15 02:47:50,83.46,0.1,0.123,5.81,77.1,34.8,20.8
2026-04-15 02:47:50,83.52,0.102,0.125,5.92,76.0,40.6,20.8
2026-04-15 02:47:50,83.64,0.091,0.114,6.43,77.1,38.1,20.8
2026-04-15 02:47:50,83.0,0.084,0.107,6.28,76.0,32.8,20.8
2026-04-15 02:47:50,82.13,0.087,0.103,7.32,77.1,42.6,20.8
2026-04-15 02:47:50,82.85,0.119,0.131,6.05,77.1,43.5,20.8
2026-04-15 02:47:51,77.29,0.089,0.102,7.34,77.1,37.3,20.9
2026-04-15 02:47:51,83.76,0.1,0.112,6.82,77.7,37.7,20.9
2026-04-15 02:47:51,84.64,0.09,0.112,6.48,77.1,41.3,20.9
2026-04-15 02:47:51,84.17,0.092,0.116,5.85,76.0,35.2,20.9
2026-04-15 02:47:51,80.8,0.099,0.122,5.81,77.7,34.8,20.9
2026-04-15 02:47:51,79.77,0.103,0.126,5.88,77.1,40.8,20.9
2026-04-15 02:47:52,83.17,0.092,0.115,6.41,76.5,35.0,20.9
2026-04-15 02:47:52,84.18,0.101,0.124,5.71,76.5,34.3,21.0
2026-04-15 02:47:52,84.66,0.098,0.122,6.06,76.5,36.9,21.0
2026-04-15 02:47:52,84.74,0.092,0.115,6.28,77.1,36.5,21.0
2026-04-15 02:47:52,84.76,0.11,0.139,5.25,77.1,43.8,21.1
2026-04-15 02:47:52,84.48,0.086,0.103,7.28,76.5,37.7,21.0
2026-04-15 02:47:53,84.86,0.091,0.104,7.26,76.0,44.6,21.0
2026-04-15 02:47:53,84.79,0.094,0.117,5.92,76.5,33.8,21.0
2026-04-15 02:47:53,84.75,0.097,0.12,5.9,77.1,36.6,21.0
2026-04-15 02:47:53,84.64,0.092,0.114,6.18,77.1,36.5,20.9
2026-04-15 02:47:53,84.71,0.095,0.118,5.89,77.1,33.8,20.9
2026-04-15 02:47:53,84.35,0.087,0.11,6.3,77.1,37.1,20.9
2026-04-15 02:47:53,84.37,0.085,0.096,7.65,77.7,38.0,20.9
2026-04-15 02:47:54,84.8,0.185,0.2,4.28,78.2,66.0,20.9
2026-04-15 02:47:54,84.79,0.212,0.237,3.37,78.2,87.5,20.3
2026-04-15 02:47:54,84.7,0.089,0.105,7.19,77.1,36.4,20.2
2026-04-15 02:47:54,84.62,0.084,0.106,6.17,78.2,36.9,20.2
2026-04-15 02:47:54,84.77,0.11,0.117,6.28,77.1,46.7,20.2
2026-04-15 02:47:55,84.63,0.096,0.119,6.53,77.7,34.5,20.2
2026-04-15 02:47:55,85.04,0.102,0.125,5.79,77.1,37.5,20.2
2026-04-15 02:47:55,84.64,0.106,0.129,5.87,77.7,39.7,20.2
2026-04-15 02:47:55,84.55,0.094,0.117,6.5,77.1,36.1,20.2
2026-04-15 02:47:55,84.69,0.088,0.11,6.19,77.1,31.7,20.2
2026-04-15 02:47:55,84.48,0.092,0.115,5.89,75.5,32.3,20.2
2026-04-15 02:47:56,84.9,0.114,0.137,5.28,77.1,35.5,20.2
2026-04-15 02:47:56,85.16,0.088,0.109,7.01,77.1,40.0,20.2
2026-04-15 02:47:56,84.9,0.087,0.109,6.11,75.5,38.2,20.3
2026-04-15 02:47:56,84.72,0.086,0.109,6.06,74.9,28.3,20.3
2026-04-15 02:47:56,84.78,0.102,0.114,6.71,76.5,51.8,20.3
2026-04-15 02:47:56,84.51,0.088,0.111,6.56,77.1,32.8,20.3
2026-04-15 02:47:57,84.97,0.087,0.098,7.52,76.5,42.3,20.3
2026-04-15 02:47:57,84.87,0.096,0.119,5.72,75.5,32.4,20.4
2026-04-15 02:47:57,84.79,0.088,0.11,6.3,77.7,34.4,20.4
2026-04-15 02:47:57,84.99,0.099,0.123,5.61,76.0,37.1,20.4
2026-04-15 02:47:57,85.05,0.119,0.144,5.3,77.1,36.6,20.4
2026-04-15 02:47:57,84.72,0.108,0.131,5.36,76.5,32.9,20.4
2026-04-15 02:47:58,84.87,0.117,0.14,5.69,77.1,33.3,20.4
2026-04-15 02:47:58,84.86,0.091,0.106,7.13,77.1,36.5,20.4
2026-04-15 02:47:58,84.48,0.088,0.111,6.11,77.7,34.4,20.5
2026-04-15 02:47:58,84.51,0.119,0.142,5.05,76.5,32.9,20.5
2026-04-15 02:47:58,84.55,0.095,0.105,7.03,77.1,43.9,20.5
2026-04-15 02:47:58,84.76,0.158,0.18,4.31,76.5,40.4,20.5
2026-04-15 02:47:59,84.88,0.089,0.111,6.14,75.5,33.8,20.5
2026-04-15 02:47:59,84.67,0.087,0.108,6.08,75.5,34.4,20.5
2026-04-15 02:47:59,84.6,0.098,0.121,5.65,77.1,39.2,20.5
2026-04-15 02:47:59,84.91,0.093,0.117,6.17,77.1,34.4,20.5
2026-04-15 02:47:59,85.04,0.094,0.117,5.97,75.5,36.4,20.5
2026-04-15 02:47:59,84.71,0.088,0.112,6.23,77.1,35.9,20.6
2026-04-15 02:48:00,84.62,0.096,0.112,5.74,76.0,34.8,20.6
2026-04-15 02:48:00,84.81,0.102,0.126,5.77,77.1,39.1,20.5
2026-04-15 02:48:00,84.44,0.097,0.12,6.22,78.2,38.1,20.5
2026-04-15 02:48:00,84.61,0.085,0.107,6.45,77.1,40.9,20.6
2026-04-15 02:48:00,84.39,0.086,0.099,7.49,77.1,37.3,20.6
2026-04-15 02:48:00,84.7,0.109,0.124,6.33,77.1,50.0,20.6
2026-04-15 02:48:01,84.74,0.107,0.13,6.09,77.1,38.7,20.5
2026-04-15 02:48:01,84.39,0.106,0.129,6.09,77.1,38.1,20.5
2026-04-15 02:48:01,84.59,0.126,0.15,5.34,76.0,38.4,20.5
2026-04-15 02:48:01,84.58,0.086,0.108,6.26,76.5,33.8,20.5
2026-04-15 02:48:01,84.53,0.087,0.099,7.45,77.1,42.3,20.5
2026-04-15 02:48:01,84.22,0.088,0.098,7.42,77.7,43.6,20.5
2026-04-15 02:48:02,84.76,0.096,0.117,5.75,77.7,35.3,20.5
2026-04-15 02:48:02,84.94,0.096,0.119,5.99,77.1,35.4,20.5
2026-04-15 02:48:02,84.84,0.085,0.105,6.4,76.0,40.0,20.5
2026-04-15 02:48:02,84.38,0.091,0.108,7.04,77.7,42.1,20.5
2026-04-15 02:48:02,84.76,0.133,0.158,4.83,76.0,37.5,20.6
2026-04-15 02:48:02,84.47,0.085,0.108,6.66,78.2,35.6,20.6
2026-04-15 02:48:03,84.4,0.093,0.11,6.94,77.7,50.8,20.6
2026-04-15 02:48:03,84.75,0.09,0.111,6.24,75.5,36.5,20.6
2026-04-15 02:48:03,84.38,0.103,0.125,5.56,77.1,37.5,20.5
2026-04-15 02:48:03,84.18,0.102,0.125,6.05,76.0,35.8,20.5
2026-04-15 02:48:03,84.51,0.098,0.121,6.12,77.7,40.9,20.5
2026-04-15 02:48:03,84.53,0.084,0.107,6.57,76.0,36.1,20.5
2026-04-15 02:48:03,84.51,0.094,0.11,6.84,76.0,41.1,20.5
2026-04-15 02:48:04,84.58,0.089,0.112,6.3,76.5,36.1,20.5
2026-04-15 02:48:04,84.42,0.093,0.117,5.83,78.2,44.8,20.5
2026-04-15 02:48:04,84.69,0.09,0.115,6.1,77.1,34.4,20.4
2026-04-15 02:48:04,84.55,0.091,0.113,6.03,77.1,36.2,20.4
2026-04-15 02:48:04,84.36,0.11,0.132,5.37,76.5,37.0,20.4
2026-04-15 02:48:04,84.4,0.089,0.112,6.82,77.1,35.1,20.4
2026-04-15 02:48:05,84.6,0.095,0.118,5.83,76.5,38.6,20.4
2026-04-15 02:48:05,84.38,0.089,0.112,6.22,77.7,37.1,20.4
2026-04-15 02:48:05,84.66,0.086,0.109,6.11,77.1,41.2,20.4
2026-04-15 02:48:05,84.53,0.093,0.105,7.15,76.0,37.0,20.3
2026-04-15 02:48:05,84.51,0.104,0.127,5.63,76.0,38.6,20.3
2026-04-15 02:48:05,84.24,0.088,0.111,6.64,77.1,36.1,20.3
2026-04-15 02:48:06,84.13,0.14,0.163,4.58,77.1,39.5,20.3
2026-04-15 02:48:06,84.12,0.093,0.116,6.54,75.5,40.3,20.4
2026-04-15 02:48:06,84.64,0.09,0.113,6.11,77.1,37.9,20.4
2026-04-15 02:48:06,84.33,0.088,0.111,6.1,76.0,33.3,20.4
2026-04-15 02:48:06,84.15,0.095,0.116,5.74,77.1,34.3,20.3
2026-04-15 02:48:06,84.37,0.102,0.125,5.76,76.0,37.5,20.3
2026-04-15 02:48:07,84.36,0.087,0.11,6.6,77.1,37.3,20.3
2026-04-15 02:48:07,84.36,0.095,0.107,7.08,76.5,42.9,20.3
2026-04-15 02:48:07,84.36,0.103,0.123,5.75,75.5,36.2,20.4
2026-04-15 02:48:07,84.79,0.088,0.111,6.6,76.5,31.6,20.3
2026-04-15 02:48:07,84.3,0.095,0.106,7.07,77.1,49.2,20.4
2026-04-15 02:48:07,84.82,0.093,0.115,6.11,76.5,36.9,20.4
2026-04-15 02:48:08,84.47,0.109,0.132,5.48,77.1,36.5,20.4
2026-04-15 02:48:08,84.54,0.102,0.123,6.26,77.1,43.5,20.4
2026-04-15 02:48:08,84.42,0.093,0.116,6.33,76.0,39.7,20.4
2026-04-15 02:48:08,84.79,0.108,0.131,5.5,75.5,36.1,20.4
2026-04-15 02:48:08,84.55,0.089,0.112,6.81,76.5,40.0,20.4
2026-04-15 02:48:08,84.36,0.092,0.112,5.86,77.1,37.7,20.4
2026-04-15 02:48:09,84.54,0.115,0.139,5.28,77.1,36.8,20.4
2026-04-15 02:48:09,84.59,0.111,0.128,6.16,76.0,36.1,20.4
2026-04-15 02:48:09,84.59,0.086,0.104,7.1,77.7,39.3,20.4
2026-04-15 02:48:09,84.14,0.134,0.148,5.5,77.1,36.8,20.4
2026-04-15 02:48:09,84.59,0.086,0.109,6.58,76.0,31.6,20.4
2026-04-15 02:48:09,84.58,0.09,0.103,7.28,77.7,45.6,20.4
2026-04-15 02:48:10,84.94,0.109,0.132,5.4,77.1,32.4,20.4
2026-04-15 02:48:10,84.31,0.099,0.122,6.41,76.5,42.2,20.4
2026-04-15 02:48:10,84.73,0.106,0.131,5.59,76.0,45.2,20.5
2026-04-15 02:48:10,84.27,0.088,0.11,6.95,76.5,35.2,20.5
2026-04-15 02:48:10,84.13,0.089,0.112,5.97,76.5,36.4,20.5
2026-04-15 02:48:10,84.82,0.109,0.132,5.37,77.1,33.8,20.5
2026-04-15 02:48:11,84.71,0.09,0.113,6.76,76.5,35.6,20.6
2026-04-15 02:48:11,84.56,0.092,0.115,5.94,76.5,38.2,20.5
2026-04-15 02:48:11,84.58,0.087,0.11,6.17,77.7,34.9,20.5
2026-04-15 02:48:11,84.66,0.087,0.098,7.5,77.7,43.4,20.5
2026-04-15 02:48:11,83.93,0.092,0.115,5.86,77.1,33.8,20.4
2026-04-15 02:48:11,84.45,0.089,0.109,6.1,76.0,33.3,20.4
2026-04-15 02:48:12,84.67,0.091,0.113,5.93,76.5,36.8,20.4
2026-04-15 02:48:12,84.6,0.1,0.123,5.69,77.1,33.8,20.4
2026-04-15 02:48:12,84.17,0.115,0.136,5.5,77.1,47.4,20.4
2026-04-15 02:48:12,84.32,0.084,0.102,7.38,77.7,41.1,20.4
2026-04-15 02:48:12,83.95,0.113,0.126,6.18,77.7,47.0,20.4
2026-04-15 02:48:12,84.54,0.096,0.115,6.7,76.0,39.3,20.4
2026-04-15 02:48:12,84.84,0.092,0.114,6.12,77.7,35.9,20.5
2026-04-15 02:48:13,84.52,0.091,0.113,6.07,77.7,34.8,20.5
2026-04-15 02:48:13,84.29,0.102,0.125,5.63,77.1,36.6,20.5
2026-04-15 02:48:13,84.32,0.09,0.114,6.41,76.0,37.7,20.4
2026-04-15 02:48:13,84.44,0.09,0.113,6.05,76.5,34.8,20.4
2026-04-15 02:48:13,84.6,0.089,0.113,6.0,77.1,40.0,20.4
2026-04-15 02:48:13,84.64,0.093,0.116,5.9,77.1,36.8,20.4
2026-04-15 02:48:14,84.87,0.115,0.138,5.29,76.5,36.8,20.3
2026-04-15 02:48:14,84.84,0.111,0.129,6.14,78.2,43.9,20.4
2026-04-15 02:48:14,84.62,0.09,0.11,6.91,77.1,44.3,20.4
2026-04-15 02:48:14,84.44,0.107,0.11,6.65,77.1,47.4,20.4
2026-04-15 02:48:14,84.71,0.09,0.113,6.65,77.1,39.0,20.4
2026-04-15 02:48:14,84.69,0.095,0.118,5.85,77.1,41.1,20.4
2026-04-15 02:48:15,84.39,0.091,0.114,6.16,78.2,32.8,20.4
2026-04-15 02:48:15,84.53,0.094,0.114,5.89,75.5,40.0,20.4
2026-04-15 02:48:15,84.41,0.089,0.112,6.2,77.1,33.3,20.4
2026-04-15 02:48:15,84.54,0.088,0.111,6.02,76.0,33.8,20.4
2026-04-15 02:48:15,84.6,0.103,0.127,5.5,77.7,34.3,20.4
2026-04-15 02:48:15,84.7,0.088,0.111,6.63,77.1,38.7,20.4
2026-04-15 02:48:16,84.88,0.088,0.111,6.01,76.0,32.8,20.4
2026-04-15 02:48:16,84.84,0.111,0.134,5.28,77.7,38.5,20.4
2026-04-15 02:48:16,84.44,0.111,0.133,5.99,77.1,40.0,20.4
2026-04-15 02:48:16,84.39,0.128,0.15,5.43,77.7,42.0,20.4
2026-04-15 02:48:16,84.66,0.101,0.124,5.81,77.7,38.6,20.4
2026-04-15 02:48:16,84.7,0.086,0.109,6.57,76.0,38.7,20.5
2026-04-15 02:48:17,84.28,0.088,0.099,7.4,76.5,40.4,20.5
2026-04-15 02:48:17,84.54,0.089,0.111,5.98,77.1,37.3,20.5
2026-04-15 02:48:17,84.39,0.097,0.119,5.72,77.1,36.6,20.5
2026-04-15 02:48:17,84.52,0.094,0.117,6.13,77.7,38.5,20.5
2026-04-15 02:48:17,84.78,0.132,0.155,4.87,77.7,37.5,20.5
2026-04-15 02:48:17,85.07,0.095,0.118,6.15,76.5,36.9,20.5
2026-04-15 02:48:18,84.65,0.094,0.115,6.02,77.7,33.8,20.5
2026-04-15 02:48:18,84.82,0.092,0.114,6.09,77.7,37.3,20.6
2026-04-15 02:48:18,84.32,0.104,0.128,5.57,77.7,41.9,20.6
2026-04-15 02:48:18,84.11,0.084,0.107,6.86,77.1,34.5,20.6
2026-04-15 02:48:18,84.65,0.088,0.103,7.31,76.5,43.4,20.6
2026-04-15 02:48:18,84.75,0.087,0.11,6.03,77.1,34.8,20.6
2026-04-15 02:48:19,84.45,0.085,0.094,7.6,77.7,44.2,20.7
2026-04-15 02:48:19,84.39,0.106,0.118,6.47,77.1,43.5,20.7
2026-04-15 02:48:19,84.85,0.106,0.129,6.01,76.5,35.9,20.7
2026-04-15 02:48:19,84.77,0.09,0.113,6.66,76.5,38.6,20.7
2026-04-15 02:48:19,84.53,0.088,0.111,6.06,76.5,34.3,20.8
2026-04-15 02:48:19,84.83,0.088,0.112,5.99,77.1,37.7,20.8
2026-04-15 02:48:20,84.61,0.098,0.12,5.69,77.7,36.6,20.8
2026-04-15 02:48:20,84.47,0.115,0.137,5.42,77.1,37.8,20.8
2026-04-15 02:48:20,84.05,0.088,0.099,7.14,76.5,53.6,20.8
2026-04-15 02:48:20,84.55,0.085,0.108,6.14,77.7,34.4,20.9
2026-04-15 02:48:20,84.52,0.085,0.099,7.51,77.7,40.4,20.8
2026-04-15 02:48:20,83.99,0.096,0.11,6.92,78.2,41.1,20.8
2026-04-15 02:48:20,84.51,0.095,0.118,6.05,77.1,38.2,20.8
2026-04-15 02:48:21,85.07,0.096,0.119,5.97,76.5,34.3,20.8
2026-04-15 02:48:21,84.55,0.086,0.109,6.38,76.5,37.1,20.8
2026-04-15 02:48:21,84.62,0.089,0.102,7.33,76.5,42.6,20.8
2026-04-15 02:48:21,84.35,0.086,0.109,6.12,77.1,35.4,20.8
2026-04-15 02:48:21,84.99,0.098,0.111,6.9,77.1,42.6,20.8
2026-04-15 02:48:21,84.59,0.113,0.135,5.51,76.5,36.8,20.8
2026-04-15 02:48:22,84.93,0.102,0.121,6.44,77.1,34.5,20.8
2026-04-15 02:48:22,84.81,0.101,0.124,6.02,77.7,35.4,20.8
2026-04-15 02:48:22,84.93,0.135,0.158,4.98,78.2,40.5,20.8
2026-04-15 02:48:22,84.58,0.11,0.133,5.73,77.7,36.4,20.8
2026-04-15 02:48:22,84.67,0.106,0.128,6.15,77.1,39.1,20.8
2026-04-15 02:48:22,84.64,0.09,0.113,6.64,76.5,43.1,20.8
2026-04-15 02:48:23,84.36,0.114,0.137,5.24,77.7,35.6,20.8
2026-04-15 02:48:23,84.58,0.085,0.103,7.3,77.7,43.3,20.8
2026-04-15 02:48:23,84.61,0.107,0.122,6.42,77.7,39.0,20.8
2026-04-15 02:48:23,84.13,0.093,0.116,6.56,78.2,40.7,20.8
2026-04-15 02:48:23,85.03,0.085,0.108,6.28,78.2,33.3,20.7
2026-04-15 02:48:23,84.12,0.104,0.117,6.59,77.7,39.3,20.7
2026-04-15 02:48:24,84.44,0.091,0.112,6.5,77.7,35.5,20.7
2026-04-15 02:48:24,84.27,0.088,0.112,6.09,77.7,37.9,20.8
2026-04-15 02:48:24,84.63,0.104,0.127,5.49,77.1,36.1,20.8
2026-04-15 02:48:24,84.34,0.1,0.124,6.13,76.0,36.5,20.8
2026-04-15 02:48:24,84.36,0.088,0.12,6.15,77.7,46.9,20.8
2026-04-15 02:48:24,84.68,0.087,0.11,6.36,77.7,34.4,20.8
2026-04-15 02:48:24,84.34,0.092,0.104,7.27,76.5,40.7,20.8
2026-04-15 02:48:25,84.67,0.106,0.128,5.54,77.7,39.7,20.8
2026-04-15 02:48:25,84.3,0.086,0.109,6.83,77.1,33.9,20.8
2026-04-15 02:48:25,84.61,0.098,0.112,6.85,76.5,45.0,20.8
2026-04-15 02:48:25,84.78,0.089,0.111,6.35,77.7,36.7,20.8
2026-04-15 02:48:25,84.81,0.102,0.125,5.57,77.1,30.9,20.8
2026-04-15 02:48:25,84.74,0.09,0.112,6.47,76.0,38.3,20.9
2026-04-15 02:48:26,84.59,0.1,0.123,5.68,76.5,34.3,20.9
2026-04-15 02:48:26,84.54,0.095,0.117,6.17,77.1,35.4,20.8
2026-04-15 02:48:26,84.79,0.12,0.142,5.21,77.1,41.1,20.8
2026-04-15 02:48:26,84.87,0.097,0.109,6.98,77.1,40.4,20.8
2026-04-15 02:48:26,84.63,0.09,0.113,6.2,76.5,36.5,20.8
2026-04-15 02:48:26,84.64,0.093,0.116,5.95,77.1,35.8,20.8
2026-04-15 02:48:27,84.51,0.105,0.128,5.61,78.2,34.8,20.8
2026-04-15 02:48:27,84.48,0.092,0.115,6.5,77.7,39.3,20.9
2026-04-15 02:48:27,84.7,0.115,0.138,5.27,78.2,39.5,20.9
2026-04-15 02:48:27,84.33,0.105,0.122,6.42,76.5,39.0,20.9
2026-04-15 02:48:27,84.64,0.098,0.121,6.26,76.5,33.9,20.9
2026-04-15 02:48:27,84.5,0.104,0.127,5.78,77.7,38.2,20.9
2026-04-15 02:48:28,84.76,0.091,0.114,6.51,77.1,33.9,20.9
2026-04-15 02:48:28,84.11,0.104,0.127,5.58,77.7,37.0,20.9
2026-04-15 02:48:28,84.48,0.103,0.126,6.04,77.1,48.6,20.9
2026-04-15 02:48:28,84.91,0.088,0.111,6.61,77.1,34.5,21.0
2026-04-15 02:48:28,84.64,0.093,0.116,5.82,77.1,36.2,21.0
2026-04-15 02:48:28,84.11,0.091,0.114,6.06,77.1,35.9,21.0
2026-04-15 02:48:29,84.77,0.088,0.111,6.11,78.2,36.2,21.0
2026-04-15 02:48:29,84.5,0.092,0.115,5.88,77.1,35.8,21.0
2026-04-15 02:48:29,84.57,0.09,0.113,6.07,77.7,37.9,21.0
2026-04-15 02:48:29,84.56,0.104,0.126,5.55,77.1,40.8,21.0
2026-04-15 02:48:29,84.37,0.092,0.115,6.45,77.7,40.3,20.9
2026-04-15 02:48:29,84.12,0.095,0.118,5.9,77.7,37.7,20.9
2026-04-15 02:48:30,84.19,0.112,0.135,5.44,77.7,38.2,20.9
2026-04-15 02:48:30,84.36,0.091,0.112,6.8,77.7,43.3,20.9
2026-04-15 02:48:30,84.67,0.09,0.112,6.08,77.7,36.9,20.9
2026-04-15 02:48:30,84.11,0.118,0.146,4.98,77.1,41.5,21.0
2026-04-15 02:48:30,84.29,0.088,0.112,6.07,76.0,30.6,21.0
2026-04-15 02:48:30,84.49,0.087,0.111,6.04,76.5,34.8,21.0
2026-04-15 02:48:31,84.43,0.089,0.112,5.98,77.7,34.4,21.0
2026-04-15 02:48:31,84.01,0.087,0.11,6.05,77.1,35.8,21.0
2026-04-15 02:48:31,85.0,0.297,0.32,2.65,77.7,77.2,20.5
2026-04-15 02:48:31,84.62,0.116,0.139,5.41,77.1,63.5,20.4
2026-04-15 02:48:32,84.28,0.088,0.104,7.25,76.5,40.0,20.4
2026-04-15 02:48:32,84.57,0.093,0.116,5.79,77.7,31.8,20.3
2026-04-15 02:48:32,84.05,0.088,0.111,6.21,78.2,36.9,20.3
2026-04-15 02:48:32,84.31,0.085,0.108,6.11,79.3,32.3,20.4
2026-04-15 02:48:32,84.02,0.102,0.114,6.66,78.8,44.1,20.4
2026-04-15 02:48:32,84.4,0.091,0.111,6.43,78.2,46.8,20.4
2026-04-15 02:48:32,84.39,0.088,0.111,6.09,78.8,38.6,20.4
2026-04-15 02:48:33,84.83,0.092,0.113,5.88,76.0,36.8,20.4
2026-04-15 02:48:33,84.09,0.096,0.119,5.87,77.7,34.3,20.3
2026-04-15 02:48:33,84.81,0.095,0.117,6.05,78.2,35.4,20.3
2026-04-15 02:48:33,84.3,0.099,0.125,5.74,77.7,38.6,20.3
2026-04-15 02:48:33,84.11,0.089,0.112,6.5,77.1,41.0,20.3
2026-04-15 02:48:33,84.46,0.097,0.12,5.73,77.1,36.6,20.3
2026-04-15 02:48:34,85.0,0.089,0.112,6.34,78.2,32.8,20.3
2026-04-15 02:48:34,84.68,0.104,0.127,5.5,78.2,38.8,20.3
2026-04-15 02:48:34,84.65,0.089,0.112,6.48,77.7,40.3,20.3
2026-04-15 02:48:34,84.62,0.091,0.113,6.0,77.7,36.8,20.3
2026-04-15 02:48:34,84.6,0.134,0.157,4.78,77.7,39.0,20.3
2026-04-15 02:48:35,84.87,0.084,0.107,6.67,77.7,35.0,20.3
2026-04-15 02:48:35,84.6,0.109,0.124,6.31,77.7,48.5,20.2
2026-04-15 02:48:35,84.5,0.093,0.116,6.64,77.1,36.8,20.2
2026-04-15 02:48:35,84.06,0.114,0.137,5.31,76.0,36.5,20.2
2026-04-15 02:48:35,84.31,0.095,0.113,6.8,77.7,39.7,20.2
2026-04-15 02:48:35,84.58,0.109,0.131,5.55,77.1,34.8,20.2
2026-04-15 02:48:35,84.37,0.099,0.122,6.39,77.7,39.1,20.2
2026-04-15 02:48:36,84.19,0.088,0.111,6.41,77.1,40.9,20.2
2026-04-15 02:48:36,84.79,0.109,0.127,5.34,77.7,42.3,20.3
2026-04-15 02:48:36,84.25,0.093,0.116,6.61,77.7,43.8,20.3
2026-04-15 02:48:36,84.57,0.102,0.125,5.73,76.5,33.8,20.3
2026-04-15 02:48:36,83.94,0.093,0.116,6.31,77.7,37.1,20.3
2026-04-15 02:48:37,84.61,0.105,0.128,5.61,77.7,37.1,20.3
2026-04-15 02:48:37,84.24,0.095,0.118,6.42,77.1,40.6,20.2
2026-04-15 02:48:37,84.5,0.102,0.125,5.75,78.2,34.8,20.2
2026-04-15 02:48:37,84.69,0.1,0.123,6.06,77.1,31.7,20.2
2026-04-15 02:48:37,84.77,0.116,0.139,5.49,76.5,41.1,20.2
2026-04-15 02:48:37,84.73,0.095,0.112,6.83,78.2,35.2,20.2
2026-04-15 02:48:37,84.37,0.095,0.115,6.03,77.1,38.2,20.3
2026-04-15 02:48:38,84.51,0.093,0.116,6.08,76.5,32.8,20.3
2026-04-15 02:48:38,84.26,0.101,0.123,5.74,77.7,44.3,20.3
2026-04-15 02:48:38,84.14,0.1,0.12,6.0,78.2,37.9,20.2
2026-04-15 02:48:38,84.36,0.102,0.125,5.97,77.1,33.9,20.2
2026-04-15 02:48:38,84.06,0.092,0.114,6.36,77.1,39.4,20.2
2026-04-15 02:48:38,84.6,0.094,0.113,5.93,77.7,36.4,20.2
2026-04-15 02:48:39,84.56,0.092,0.115,6.07,77.7,33.3,20.2
2026-04-15 02:48:39,84.49,0.104,0.131,5.49,77.7,37.5,20.2
2026-04-15 02:48:39,84.21,0.108,0.131,5.99,77.7,43.5,20.2
2026-04-15 02:48:39,84.45,0.09,0.113,6.76,76.5,36.2,20.2
2026-04-15 02:48:39,84.65,0.092,0.115,5.93,76.5,38.2,20.2
2026-04-15 02:48:40,84.69,0.135,0.158,4.76,76.5,38.1,20.2
2026-04-15 02:48:40,84.56,0.109,0.133,5.75,77.7,41.4,20.2
2026-04-15 02:48:40,84.76,0.089,0.106,6.85,76.5,45.6,20.3
2026-04-15 02:48:40,84.54,0.089,0.115,5.9,77.7,36.2,20.3
2026-04-15 02:48:40,84.71,0.091,0.115,6.01,78.2,36.4,20.3
2026-04-15 02:48:40,84.35,0.092,0.115,6.01,76.5,32.3,20.2
2026-04-15 02:48:41,84.56,0.094,0.117,5.92,76.5,36.8,20.2
2026-04-15 02:48:41,84.92,0.1,0.124,5.74,78.2,41.1,20.2
2026-04-15 02:48:41,84.63,0.091,0.114,6.42,76.5,37.5,20.2
2026-04-15 02:48:41,84.89,0.098,0.121,5.74,77.7,37.7,20.2
2026-04-15 02:48:41,84.55,0.087,0.115,6.25,78.2,37.5,20.3
2026-04-15 02:48:41,84.53,0.087,0.108,6.19,77.1,32.3,20.3
2026-04-15 02:48:41,84.64,0.087,0.1,7.31,77.7,44.6,20.3
2026-04-15 02:48:42,84.6,0.097,0.118,5.78,76.5,35.3,20.3
2026-04-15 02:48:42,84.82,0.093,0.117,6.12,77.1,41.0,20.4
2026-04-15 02:48:42,85.07,0.101,0.123,5.74,78.2,35.3,20.3
2026-04-15 02:48:42,84.38,0.135,0.158,4.99,77.7,41.8,20.3
2026-04-15 02:48:42,84.99,0.103,0.126,5.95,77.7,36.9,20.3
2026-04-15 02:48:43,84.85,0.097,0.12,6.24,78.2,32.8,20.3
2026-04-15 02:48:43,84.85,0.103,0.127,5.75,77.7,40.8,20.3
2026-04-15 02:48:43,85.35,0.092,0.115,6.37,77.1,33.3,20.3
2026-04-15 02:48:43,85.1,0.09,0.114,6.11,78.2,37.9,20.3
2026-04-15 02:48:43,83.88,0.095,0.114,5.87,77.7,33.3,20.4
2026-04-15 02:48:43,81.87,0.14,0.163,4.73,77.7,42.5,20.4
2026-04-15 02:48:44,81.94,0.089,0.112,6.7,77.1,38.3,20.4
2026-04-15 02:48:44,83.09,0.095,0.119,5.76,77.7,37.1,20.4
2026-04-15 02:48:44,81.74,0.088,0.111,6.32,77.7,34.9,20.4
2026-04-15 02:48:44,81.72,0.093,0.116,5.81,77.7,36.8,20.3
2026-04-15 02:48:44,80.92,0.092,0.114,6.04,77.1,35.3,20.4
2026-04-15 02:48:44,83.27,0.089,0.111,6.08,76.5,32.8,20.4
2026-04-15 02:48:45,84.78,0.097,0.119,5.77,78.2,38.6,20.4
2026-04-15 02:48:45,84.97,0.148,0.171,4.58,77.7,48.9,20.4
2026-04-15 02:48:45,84.2,0.099,0.116,6.66,77.7,38.6,20.4
2026-04-15 02:48:45,83.7,0.108,0.131,5.66,76.5,38.2,20.5
2026-04-15 02:48:45,82.94,0.089,0.113,6.77,77.1,40.3,20.5
2026-04-15 02:48:45,71.57,0.094,0.117,5.87,77.7,39.7,20.5
2026-04-15 02:48:46,74.51,0.088,0.111,6.22,77.7,35.9,20.5
2026-04-15 02:48:46,70.65,0.111,0.134,5.29,77.7,38.2,20.6
2026-04-15 02:48:46,56.23,0.09,0.112,6.83,78.2,34.5,20.6
2026-04-15 02:48:46,77.8,0.097,0.121,5.71,77.1,37.1,20.6
2026-04-15 02:48:46,80.9,0.097,0.119,5.98,77.7,34.8,20.6
2026-04-15 02:48:46,81.68,0.102,0.124,5.86,77.1,42.3,20.7
2026-04-15 02:48:47,81.29,0.109,0.132,5.8,78.2,39.4,20.7
2026-04-15 02:48:47,82.72,0.107,0.128,6.09,78.2,40.6,20.7
2026-04-15 02:48:47,82.53,0.097,0.118,6.4,78.2,39.3,20.7
2026-04-15 02:48:47,82.92,0.089,0.112,6.3,77.7,34.9,20.6
2026-04-15 02:48:47,84.57,0.097,0.12,5.7,78.2,36.4,20.6
2026-04-15 02:48:47,84.58,0.087,0.11,6.43,77.7,34.4,20.7
2026-04-15 02:48:48,85.04,0.104,0.117,6.62,77.7,39.7,20.7
2026-04-15 02:48:48,84.94,0.111,0.133,5.77,77.7,37.7,20.8
2026-04-15 02:48:48,84.21,0.087,0.108,7.02,79.3,39.7,20.8
2026-04-15 02:48:48,83.75,0.101,0.114,6.73,77.7,45.9,20.7
2026-04-15 02:48:48,82.65,0.104,0.127,5.93,78.8,37.9,20.8
2026-04-15 02:48:48,83.61,0.086,0.109,6.73,77.7,35.6,20.8
2026-04-15 02:48:48,84.26,0.089,0.1,7.26,77.7,53.7,20.8
2026-04-15 02:48:49,85.1,0.098,0.122,5.72,77.1,33.8,20.8
2026-04-15 02:48:49,84.5,0.089,0.112,6.38,77.7,35.5,20.8
2026-04-15 02:48:49,85.04,0.094,0.117,5.81,77.7,38.2,20.8
2026-04-15 02:48:49,83.67,0.115,0.138,5.36,78.2,31.0,20.7
2026-04-15 02:48:49,82.33,0.092,0.111,6.88,77.1,38.9,20.8
2026-04-15 02:48:49,83.36,0.099,0.122,5.79,78.8,32.3,20.8
2026-04-15 02:48:50,82.92,0.104,0.127,5.83,77.7,36.8,20.8
2026-04-15 02:48:50,82.59,0.118,0.143,5.48,76.5,34.8,20.8
2026-04-15 02:48:50,84.15,0.101,0.125,5.53,78.2,40.8,20.8
2026-04-15 02:48:50,83.74,0.119,0.142,5.42,77.1,45.3,20.8
2026-04-15 02:48:50,83.53,0.094,0.108,7.06,77.7,43.1,20.8
2026-04-15 02:48:51,83.76,0.123,0.145,5.13,77.7,41.8,20.9
2026-04-15 02:48:51,82.88,0.109,0.131,5.38,78.2,41.6,20.8
2026-04-15 02:48:51,83.32,0.094,0.117,6.58,77.7,36.7,20.8
2026-04-15 02:48:51,83.91,0.09,0.113,6.14,76.5,37.1,20.7
2026-04-15 02:48:51,83.78,0.087,0.11,6.15,77.7,35.8,20.7
2026-04-15 02:48:51,83.39,0.093,0.105,7.16,78.2,43.6,20.7
2026-04-15 02:48:52,82.6,0.089,0.112,6.16,78.2,38.8,20.7
2026-04-15 02:48:52,82.73,0.087,0.11,6.08,77.7,31.1,20.7
2026-04-15 02:48:52,83.37,0.09,0.1,7.31,77.7,41.5,20.7
2026-04-15 02:48:52,83.42,0.09,0.112,6.02,77.7,36.9,20.7
2026-04-15 02:48:52,82.89,0.117,0.14,5.15,77.7,38.2,20.6
2026-04-15 02:48:52,83.25,0.087,0.102,7.31,77.1,37.7,20.6
2026-04-15 02:48:52,82.74,0.092,0.104,7.22,76.5,45.6,20.6
2026-04-15 02:48:53,82.86,0.096,0.102,7.29,77.1,52.7,20.7
2026-04-15 02:48:53,82.8,0.107,0.13,5.63,77.7,37.1,20.7
2026-04-15 02:48:53,82.29,0.091,0.114,6.66,77.1,32.8,20.6
2026-04-15 02:48:53,82.98,0.088,0.111,6.11,78.2,38.8,20.6
2026-04-15 02:48:53,83.5,0.094,0.117,5.78,77.7,38.6,20.7
2026-04-15 02:48:53,82.86,0.093,0.116,6.06,78.2,37.3,20.6
2026-04-15 02:48:54,82.85,0.089,0.111,6.1,77.1,28.3,20.7
2026-04-15 02:48:54,83.24,0.093,0.115,5.91,76.5,37.3,20.6
2026-04-15 02:48:54,82.87,0.11,0.133,5.44,77.7,31.0,20.6
2026-04-15 02:48:54,83.29,0.092,0.115,6.71,77.7,42.6,20.7
2026-04-15 02:48:54,83.81,0.085,0.108,6.26,77.1,35.9,20.7
2026-04-15 02:48:54,83.6,0.103,0.117,6.6,77.7,40.7,20.7
2026-04-15 02:48:55,83.05,0.144,0.167,4.82,77.1,39.2,20.7
2026-04-15 02:48:55,82.16,0.097,0.12,6.51,78.2,41.9,20.7
2026-04-15 02:48:55,84.05,0.107,0.126,5.7,77.7,36.2,20.8
2026-04-15 02:48:55,83.09,0.089,0.111,6.68,77.1,41.7,20.8
2026-04-15 02:48:55,83.19,0.092,0.115,5.92,77.1,38.6,20.8
2026-04-15 02:48:55,82.45,0.088,0.111,6.15,77.1,35.4,20.8
2026-04-15 02:48:56,82.44,0.087,0.106,6.05,77.1,37.7,20.8
2026-04-15 02:48:56,83.43,0.108,0.12,6.46,77.7,46.0,20.8
2026-04-15 02:48:56,83.29,0.109,0.132,5.99,77.1,36.4,20.8
2026-04-15 02:48:56,82.54,0.089,0.112,6.79,78.8,42.4,20.8
2026-04-15 02:48:56,83.17,0.086,0.106,6.11,77.1,37.3,20.8
2026-04-15 02:48:56,82.35,0.102,0.115,6.69,78.2,38.6,20.8
2026-04-15 02:48:57,82.78,0.087,0.11,6.6,77.1,38.7,20.8
2026-04-15 02:48:57,82.49,0.087,0.093,7.5,79.3,54.5,20.8
2026-04-15 02:48:57,82.13,0.088,0.111,5.99,76.5,34.4,20.8
2026-04-15 02:48:57,82.94,0.105,0.128,5.45,77.7,36.0,20.8
2026-04-15 02:48:57,83.44,0.119,0.142,5.55,78.2,41.4,20.8
2026-04-15 02:48:57,82.83,0.095,0.105,7.01,77.7,45.0,20.8
2026-04-15 02:48:58,82.84,0.122,0.145,5.16,77.7,36.0,20.8
2026-04-15 02:48:58,84.3,0.088,0.111,6.01,77.7,32.3,20.8
2026-04-15 02:48:58,84.08,0.095,0.117,5.76,78.2,35.3,20.9
2026-04-15 02:48:58,84.5,0.116,0.139,5.34,78.2,34.7,20.9
2026-04-15 02:48:58,84.39,0.091,0.108,7.06,77.7,38.5,20.9
2026-04-15 02:48:58,84.31,0.09,0.111,6.05,78.8,37.3,21.0
2026-04-15 02:48:59,84.08,0.106,0.129,5.47,78.2,35.6,21.0
2026-04-15 02:48:59,84.81,0.103,0.126,6.1,77.7,38.7,21.0
2026-04-15 02:48:59,84.6,0.088,0.105,6.61,78.2,36.8,20.9
2026-04-15 02:48:59,84.92,0.089,0.111,5.98,76.0,34.8,20.9
2026-04-15 02:48:59,84.3,0.103,0.127,5.51,78.2,36.5,20.9
2026-04-15 02:48:59,85.02,0.09,0.114,6.5,76.5,35.0,20.9
2026-04-15 02:49:00,84.49,0.093,0.116,5.91,77.7,36.8,20.9
2026-04-15 02:49:00,84.98,0.103,0.126,5.67,78.2,37.7,20.8
2026-04-15 02:49:00,84.84,0.091,0.114,6.48,77.7,43.7,20.8
2026-04-15 02:49:00,84.97,0.128,0.151,4.9,77.1,41.7,20.7
2026-04-15 02:49:00,84.89,0.103,0.126,5.71,77.1,38.6,20.7
2026-04-15 02:49:00,83.86,0.09,0.111,6.52,77.1,48.3,20.7
2026-04-15 02:49:01,84.47,0.09,0.112,6.02,78.2,35.4,20.7
2026-04-15 02:49:01,84.34,0.106,0.128,5.46,78.2,38.4,20.7
2026-04-15 02:49:01,84.45,0.085,0.109,6.83,77.7,38.3,20.7
2026-04-15 02:49:01,84.05,0.117,0.13,6.09,78.2,43.1,20.8
2026-04-15 02:49:01,84.15,0.089,0.105,7.2,78.8,37.0,20.8
2026-04-15 02:49:01,84.79,0.089,0.112,5.99,78.2,35.4,20.8
2026-04-15 02:49:02,85.1,0.122,0.141,5.03,76.5,32.0,20.8
2026-04-15 02:49:02,83.92,0.11,0.133,5.3,77.7,35.1,20.8
2026-04-15 02:49:02,83.05,0.085,0.109,6.95,78.8,35.1,20.9
2026-04-15 02:49:02,83.9,0.089,0.111,5.95,78.8,40.8,20.9
2026-04-15 02:49:02,83.92,0.093,0.116,5.86,76.5,35.8,20.9
2026-04-15 02:49:02,84.08,0.094,0.118,5.94,78.8,44.1,21.0
2026-04-15 02:49:03,84.43,0.099,0.122,5.85,78.2,37.7,21.0
2026-04-15 02:49:03,83.78,0.102,0.125,5.9,78.2,31.7,20.9
2026-04-15 02:49:03,84.4,0.093,0.116,6.34,77.1,42.4,20.9
2026-04-15 02:49:03,84.28,0.099,0.122,5.8,78.2,40.6,20.9
2026-04-15 02:49:03,83.72,0.11,0.133,5.62,77.7,34.3,20.9
2026-04-15 02:49:03,84.03,0.098,0.121,6.46,77.1,38.3,20.9
2026-04-15 02:49:04,83.97,0.087,0.109,6.44,77.7,36.7,20.9
2026-04-15 02:49:04,83.55,0.107,0.13,5.35,78.2,31.9,20.9
2026-04-15 02:49:04,83.93,0.087,0.111,6.82,77.1,40.0,20.9
2026-04-15 02:49:04,83.56,0.099,0.111,6.91,78.2,44.8,20.9
2026-04-15 02:49:04,83.91,0.093,0.116,6.21,79.3,40.0,20.9
2026-04-15 02:49:04,84.28,0.105,0.128,5.61,78.8,42.5,20.9
2026-04-15 02:49:05,84.02,0.092,0.115,6.53,77.7,33.9,20.9
2026-04-15 02:49:05,83.62,0.101,0.124,5.68,78.8,39.7,20.9
2026-04-15 02:49:05,84.32,0.093,0.116,6.33,77.7,35.5,20.9
2026-04-15 02:49:05,83.88,0.095,0.118,5.88,78.8,33.3,20.9
2026-04-15 02:49:05,84.29,0.089,0.111,6.24,77.1,35.5,20.9
2026-04-15 02:49:05,84.26,0.089,0.112,6.01,78.2,33.8,20.9
2026-04-15 02:49:06,84.47,0.108,0.131,5.4,76.5,39.2,20.9
2026-04-15 02:49:06,84.23,0.103,0.125,6.18,78.8,42.6,20.9
2026-04-15 02:49:06,83.49,0.087,0.112,6.59,78.2,38.3,20.9
2026-04-15 02:49:06,83.78,0.099,0.118,5.66,78.2,36.1,20.9
2026-04-15 02:49:06,84.04,0.088,0.111,6.39,78.2,37.1,20.9
2026-04-15 02:49:06,84.44,0.098,0.107,5.68,77.7,45.9,20.9
2026-04-15 02:49:07,84.61,0.32,0.349,2.51,78.8,84.7,20.1
2026-04-15 02:49:07,84.0,0.087,0.11,6.36,79.3,38.1,20.1
2026-04-15 02:49:07,84.39,0.09,0.102,7.34,78.8,46.4,20.1
2026-04-15 02:49:07,83.67,0.112,0.139,5.19,78.8,41.0,20.1
2026-04-15 02:49:07,84.44,0.088,0.103,7.26,77.1,36.5,20.1
2026-04-15 02:49:08,84.35,0.111,0.133,5.26,77.7,38.5,20.1
2026-04-15 02:49:08,84.21,0.089,0.11,6.91,77.1,36.2,20.1
2026-04-15 02:49:08,83.62,0.092,0.115,5.9,77.1,38.2,20.1
2026-04-15 02:49:08,84.21,0.097,0.12,5.84,79.3,35.8,20.1
2026-04-15 02:49:08,84.83,0.093,0.116,6.13,77.7,37.9,20.1
2026-04-15 02:49:08,85.02,0.092,0.115,6.02,77.7,39.1,20.1
2026-04-15 02:49:09,83.92,0.115,0.138,5.29,78.8,41.3,20.1
2026-04-15 02:49:09,84.28,0.086,0.103,7.3,77.7,41.1,20.1
2026-04-15 02:49:09,84.11,0.096,0.11,6.93,78.8,41.8,20.1
2026-04-15 02:49:09,83.53,0.091,0.115,6.17,78.8,35.5,20.2
2026-04-15 02:49:09,84.48,0.084,0.108,6.28,78.2,30.0,20.2
2026-04-15 02:49:09,84.31,0.088,0.102,7.34,77.7,42.3,20.2
2026-04-15 02:49:09,84.35,0.084,0.105,6.14,78.2,35.4,20.2
2026-04-15 02:49:10,84.35,0.096,0.111,6.86,77.1,41.1,20.3
2026-04-15 02:49:10,84.28,0.102,0.122,5.81,77.7,43.7,20.3
2026-04-15 02:49:10,84.77,0.101,0.124,6.04,78.2,43.5,20.3
2026-04-15 02:49:10,84.42,0.102,0.121,5.97,78.2,43.3,20.3
2026-04-15 02:49:10,84.16,0.095,0.116,6.27,77.7,36.5,20.3
2026-04-15 02:49:10,83.51,0.088,0.112,6.22,78.8,34.4,20.3
2026-04-15 02:49:11,84.2,0.091,0.109,5.93,78.8,36.2,20.3
2026-04-15 02:49:11,84.47,0.117,0.14,5.2,77.1,39.0,20.4
2026-04-15 02:49:11,83.91,0.089,0.105,7.19,78.8,42.1,20.4
2026-04-15 02:49:11,84.37,0.095,0.118,5.79,77.7,36.2,20.3
2026-04-15 02:49:11,84.25,0.088,0.111,6.28,77.7,32.8,20.3
2026-04-15 02:49:11,84.54,0.089,0.109,5.99,77.7,35.8,20.4
2026-04-15 02:49:12,84.32,0.096,0.12,5.72,77.7,38.9,20.4
2026-04-15 02:49:12,83.96,0.088,0.112,6.24,77.1,37.5,20.4
2026-04-15 02:49:12,84.7,0.108,0.131,5.43,77.7,43.4,20.3
2026-04-15 02:49:12,83.76,0.09,0.113,6.74,77.7,39.0,20.3
2026-04-15 02:49:12,84.2,0.089,0.112,6.04,78.2,39.4,20.3
2026-04-15 02:49:12,84.66,0.111,0.134,5.29,77.7,36.8,20.3
2026-04-15 02:49:13,83.86,0.109,0.13,6.1,78.2,36.9,20.3
2026-04-15 02:49:13,84.54,0.093,0.116,6.61,77.1,41.0,20.3
2026-04-15 02:49:13,84.58,0.104,0.129,5.59,78.2,33.8,20.3
2026-04-15 02:49:13,85.09,0.121,0.144,5.51,79.3,41.7,20.3
2026-04-15 02:49:13,85.07,0.093,0.105,7.18,78.8,38.9,20.3
2026-04-15 02:49:13,84.62,0.087,0.11,6.22,77.1,35.5,20.3
2026-04-15 02:49:14,84.94,0.133,0.156,4.71,77.7,38.1,20.2
2026-04-15 02:49:14,85.17,0.089,0.112,6.36,77.7,35.9,20.3
2026-04-15 02:49:14,84.9,0.089,0.112,6.06,78.2,35.4,20.3
2026-04-15 02:49:14,84.85,0.11,0.139,5.17,77.7,35.1,20.3
2026-04-15 02:49:14,84.69,0.087,0.104,7.27,78.8,38.2,20.4
2026-04-15 02:49:14,84.6,0.09,0.113,5.88,78.2,36.2,20.4
2026-04-15 02:49:15,84.72,0.108,0.131,5.44,77.7,35.2,20.4
2026-04-15 02:49:15,84.91,0.114,0.136,5.8,77.7,41.2,20.4
2026-04-15 02:49:15,84.93,0.088,0.107,7.08,78.2,38.6,20.4
2026-04-15 02:49:15,84.81,0.091,0.114,5.9,78.8,37.7,20.4
2026-04-15 02:49:15,84.42,0.104,0.126,5.56,77.7,39.7,20.4
2026-04-15 02:49:15,84.55,0.107,0.13,5.89,77.1,40.6,20.4
2026-04-15 02:49:16,85.04,0.091,0.114,6.64,78.2,37.3,20.4
2026-04-15 02:49:16,85.61,0.111,0.132,5.38,78.8,43.2,20.4
2026-04-15 02:49:16,0.0,0.094,0.117,6.64,78.8,35.1,20.4
2026-04-15 02:49:16,0.0,0.087,0.108,6.23,77.1,38.5,20.4
2026-04-15 02:49:16,0.0,0.101,0.114,6.77,78.2,44.1,20.4
2026-04-15 02:49:16,0.0,0.085,0.107,6.71,77.1,33.9,20.4
2026-04-15 02:49:17,0.0,0.108,0.123,6.38,77.7,41.0,20.4
2026-04-15 02:49:17,0.0,0.096,0.119,6.46,77.7,37.1,20.4
2026-04-15 02:49:17,0.0,0.09,0.113,6.24,77.1,35.4,20.4
2026-04-15 02:49:17,0.0,0.095,0.118,5.82,78.2,37.7,20.4
2026-04-15 02:49:17,0.0,0.09,0.107,6.23,78.2,40.0,20.4
2026-04-15 02:49:17,0.0,0.096,0.125,5.57,78.2,37.8,20.4
2026-04-15 02:49:18,0.0,0.09,0.114,6.44,78.2,34.4,20.4
2026-04-15 02:49:18,0.0,0.108,0.13,5.46,77.1,34.7,20.4
2026-04-15 02:49:18,0.0,0.086,0.109,6.86,78.2,39.0,20.4
2026-04-15 02:49:18,0.0,0.133,0.148,5.52,78.2,40.8,20.4
2026-04-15 02:49:18,0.0,0.09,0.114,6.38,78.8,46.0,20.4
2026-04-15 02:49:18,0.0,0.125,0.147,5.0,78.2,31.1,20.3
2026-04-15 02:49:19,0.0,0.097,0.12,5.83,78.2,34.8,20.3
2026-04-15 02:49:19,0.0,0.096,0.119,6.02,78.2,34.8,20.3
2026-04-15 02:49:19,0.0,0.088,0.111,6.31,78.8,41.5,20.4
2026-04-15 02:49:19,0.0,0.088,0.111,6.01,78.8,34.4,20.4
2026-04-15 02:49:19,0.0,0.086,0.11,6.06,78.2,33.8,20.4
2026-04-15 02:49:19,0.0,0.084,0.098,7.58,79.3,40.0,20.4
2026-04-15 02:49:20,0.0,0.088,0.102,7.29,79.3,39.2,20.4
2026-04-15 02:49:20,0.0,0.111,0.132,5.32,78.2,34.2,20.3
2026-04-15 02:49:20,0.0,0.088,0.11,6.93,77.1,37.5,20.4
2026-04-15 02:49:20,0.0,0.089,0.113,5.96,78.2,39.4,20.4
2026-04-15 02:49:20,0.0,0.127,0.15,4.91,78.8,39.2,20.4
2026-04-15 02:49:20,0.0,0.095,0.118,5.95,78.2,35.3,20.4
2026-04-15 02:49:21,0.0,0.114,0.134,5.37,78.8,39.5,20.3
2026-04-15 02:49:21,0.0,0.09,0.109,7.02,77.1,41.1,20.3
2026-04-15 02:49:21,0.0,0.088,0.108,6.09,78.2,34.4,20.3
2026-04-15 02:49:21,0.0,0.101,0.112,6.84,79.3,45.8,20.3
2026-04-15 02:49:21,0.0,0.086,0.109,6.6,78.2,36.7,20.4
2026-04-15 02:49:21,0.0,0.083,0.097,7.64,78.8,40.0,20.4
2026-04-15 02:49:21,0.0,0.084,0.098,7.47,77.7,45.5,20.4
2026-04-15 02:49:22,0.0,0.094,0.11,6.98,79.3,40.0,20.4
2026-04-15 02:49:22,0.0,0.102,0.126,5.72,78.8,41.1,20.4
2026-04-15 02:49:22,0.0,0.085,0.107,6.73,78.2,34.5,20.3
2026-04-15 02:49:22,0.0,0.084,0.099,7.51,79.8,44.6,20.3
2026-04-15 02:49:22,0.0,0.093,0.11,6.93,78.8,47.3,20.4
2026-04-15 02:49:22,0.0,0.091,0.113,6.18,79.3,37.3,20.4
2026-04-15 02:49:23,0.0,0.129,0.152,4.88,79.3,34.2,20.4
2026-04-15 02:49:23,0.0,0.086,0.109,6.35,77.7,33.9,20.4
2026-04-15 02:49:23,0.0,0.106,0.119,6.53,78.8,44.4,20.4
2026-04-15 02:49:23,0.0,0.088,0.113,6.64,78.2,39.3,20.4
2026-04-15 02:49:23,0.0,0.118,0.141,5.15,78.8,42.9,20.5
2026-04-15 02:49:23,0.0,0.088,0.104,7.26,78.2,34.0,20.5
2026-04-15 02:49:24,0.0,0.113,0.133,5.23,77.7,31.4,20.5
2026-04-15 02:49:24,0.0,0.087,0.107,7.07,77.7,35.2,20.5
2026-04-15 02:49:24,0.0,0.09,0.113,5.94,77.7,39.1,20.6
2026-04-15 02:49:24,0.0,0.09,0.113,6.02,78.2,34.3,20.6
2026-04-15 02:49:24,0.0,0.088,0.111,6.07,77.7,33.3,20.6
2026-04-15 02:49:24,0.0,0.094,0.118,5.74,78.2,35.7,20.7
2026-04-15 02:49:25,0.0,0.088,0.107,6.27,78.2,38.1,20.7
2026-04-15 02:49:25,0.0,0.119,0.143,5.04,79.3,39.5,20.8
2026-04-15 02:49:25,0.0,0.084,0.095,7.65,78.8,44.6,20.8
2026-04-15 02:49:25,0.0,0.09,0.107,7.12,77.7,41.8,20.7
2026-04-15 02:49:25,0.0,0.091,0.113,5.97,78.2,39.1,20.7
2026-04-15 02:49:25,0.0,0.084,0.108,6.3,78.8,34.4,20.7
2026-04-15 02:49:25,0.0,0.084,0.097,7.51,78.8,47.9,20.7
2026-04-15 02:49:26,0.0,0.095,0.112,6.87,78.8,44.1,20.7
2026-04-15 02:49:26,0.0,0.093,0.116,6.15,78.2,35.9,20.7
2026-04-15 02:49:26,0.0,0.086,0.109,6.24,77.7,36.9,20.8
2026-04-15 02:49:26,83.79,0.09,0.103,7.27,77.7,43.6,20.7
2026-04-15 02:49:26,83.79,0.091,0.113,5.99,77.1,38.6,20.7
2026-04-15 02:49:26,84.93,0.088,0.111,6.08,78.2,35.8,20.7
2026-04-15 02:49:27,84.85,0.088,0.108,5.99,78.8,38.2,20.7
2026-04-15 02:49:27,83.95,0.087,0.11,6.04,78.8,34.3,20.7
2026-04-15 02:49:27,83.01,0.087,0.099,7.51,78.8,38.8,20.7
2026-04-15 02:49:27,84.33,0.088,0.113,5.9,79.8,34.8,20.7
2026-04-15 02:49:27,84.24,0.116,0.14,5.16,78.2,40.3,20.7
2026-04-15 02:49:27,84.24,0.085,0.102,7.32,78.8,38.9,20.8
2026-04-15 02:49:28,83.71,0.091,0.104,7.28,77.1,43.4,20.8
2026-04-15 02:49:28,84.24,0.091,0.112,5.99,78.2,44.4,20.8
2026-04-15 02:49:28,84.29,0.089,0.112,6.1,78.2,36.4,20.8
2026-04-15 02:49:28,84.03,0.087,0.094,7.63,78.8,40.0,20.8
2026-04-15 02:49:28,84.44,0.112,0.125,6.3,78.8,46.2,20.9
2026-04-15 02:49:28,84.16,0.088,0.106,7.02,78.8,42.1,20.9
2026-04-15 02:49:28,85.01,0.093,0.115,5.86,77.1,30.2,20.9
2026-04-15 02:49:29,84.84,0.091,0.113,6.08,78.2,34.8,20.9
2026-04-15 02:49:29,84.47,0.096,0.119,5.84,78.2,35.3,20.9
2026-04-15 02:49:29,84.57,0.097,0.118,5.95,77.7,36.4,20.9
2026-04-15 02:49:29,83.69,0.09,0.114,6.22,78.2,36.9,20.9
2026-04-15 02:49:29,84.1,0.109,0.131,5.43,78.2,35.2,20.9
2026-04-15 02:49:29,83.65,0.089,0.111,6.83,78.8,40.0,20.9
2026-04-15 02:49:30,83.12,0.088,0.111,6.02,78.2,31.7,20.9
2026-04-15 02:49:30,83.43,0.089,0.112,5.99,78.8,47.8,20.9
2026-04-15 02:49:30,82.79,0.085,0.109,6.1,78.2,32.3,20.9
2026-04-15 02:49:30,82.94,0.095,0.108,7.04,77.7,44.1,21.0
2026-04-15 02:49:30,82.9,0.096,0.12,5.94,79.3,35.3,20.9
2026-04-15 02:49:30,83.34,0.088,0.11,6.33,79.3,33.3,20.9
2026-04-15 02:49:31,81.91,0.09,0.113,5.93,77.7,37.9,20.9
2026-04-15 02:49:31,82.97,0.112,0.135,5.3,78.2,39.7,20.9
2026-04-15 02:49:31,82.58,0.094,0.118,6.58,77.7,39.0,20.9
2026-04-15 02:49:31,82.73,0.099,0.12,5.97,80.4,36.4,20.9
2026-04-15 02:49:31,82.58,0.108,0.129,5.69,78.8,34.3,20.9
2026-04-15 02:49:31,83.54,0.091,0.113,6.67,76.5,42.6,20.9
2026-04-15 02:49:32,82.08,0.087,0.11,6.18,79.3,34.9,20.9
2026-04-15 02:49:32,82.32,0.096,0.108,7.02,78.8,40.7,20.9
2026-04-15 02:49:32,83.02,0.089,0.112,6.26,77.1,49.2,20.9
2026-04-15 02:49:32,82.97,0.099,0.122,5.67,78.8,33.8,20.9
2026-04-15 02:49:32,82.62,0.117,0.138,5.4,78.8,43.7,20.9
2026-04-15 02:49:32,81.9,0.118,0.133,5.98,78.8,39.1,20.9
2026-04-15 02:49:33,82.97,0.084,0.099,7.51,78.8,43.4,20.9
2026-04-15 02:49:33,82.84,0.11,0.124,6.32,79.8,44.4,20.9
2026-04-15 02:49:33,82.4,0.088,0.111,6.9,78.8,35.1,20.9
2026-04-15 02:49:33,82.76,0.084,0.107,6.12,77.7,36.4,20.9
2026-04-15 02:49:33,82.51,0.116,0.13,6.07,78.2,44.6,20.9
2026-04-15 02:49:33,82.44,0.087,0.104,7.27,78.2,38.9,20.9
2026-04-15 02:49:33,82.43,0.094,0.109,6.97,78.2,37.0,20.9
2026-04-15 02:49:34,83.46,0.089,0.112,6.26,78.8,37.1,20.9
2026-04-15 02:49:34,82.29,0.096,0.119,5.81,78.8,35.7,20.9
2026-04-15 02:49:34,82.6,0.087,0.111,6.32,77.1,34.4,20.9
2026-04-15 02:49:34,82.41,0.106,0.118,6.56,78.8,39.7,20.9
2026-04-15 02:49:34,83.59,0.093,0.116,6.55,77.7,39.7,20.8
2026-04-15 02:49:34,83.34,0.09,0.113,6.1,79.3,35.8,20.8
2026-04-15 02:49:35,82.9,0.102,0.125,5.59,79.3,37.1,20.9
2026-04-15 02:49:35,83.22,0.11,0.133,5.73,78.2,43.7,20.9
2026-04-15 02:49:35,83.0,0.089,0.11,6.88,78.2,39.0,20.9
2026-04-15 02:49:35,83.47,0.116,0.139,5.16,77.7,36.5,20.8
2026-04-15 02:49:35,83.64,0.093,0.109,6.97,78.8,40.7,20.8
2026-04-15 02:49:35,83.53,0.126,0.149,5.0,77.1,34.2,20.8
2026-04-15 02:49:36,83.51,0.098,0.121,5.83,78.2,34.8,20.8
2026-04-15 02:49:36,82.97,0.118,0.141,5.34,77.7,39.7,20.8
2026-04-15 02:49:36,82.83,0.096,0.11,6.92,77.7,37.5,20.9
2026-04-15 02:49:36,82.67,0.093,0.117,6.1,77.7,37.5,20.9
2026-04-15 02:49:36,82.93,0.092,0.113,6.09,78.8,34.4,20.8
2026-04-15 02:49:36,82.52,0.108,0.131,5.46,79.8,37.5,20.8
2026-04-15 02:49:37,83.67,0.088,0.111,6.85,77.7,32.7,20.8
2026-04-15 02:49:37,82.86,0.093,0.115,5.83,78.8,35.3,20.9
2026-04-15 02:49:37,83.15,0.086,0.108,6.26,77.7,35.9,20.9
2026-04-15 02:49:37,82.49,0.113,0.129,6.1,78.8,40.0,20.8
2026-04-15 02:49:37,82.78,0.11,0.124,6.25,78.8,47.8,20.8
2026-04-15 02:49:37,83.2,0.113,0.135,5.9,78.8,43.3,20.8
2026-04-15 02:49:38,82.68,0.088,0.108,7.02,78.2,40.4,20.8
2026-04-15 02:49:38,82.09,0.096,0.119,5.75,78.8,37.7,20.8
2026-04-15 02:49:38,83.26,0.1,0.121,5.87,78.8,32.8,20.9
2026-04-15 02:49:38,83.93,0.113,0.136,5.55,78.2,38.9,20.9
2026-04-15 02:49:38,83.41,0.089,0.108,7.04,78.2,41.4,21.0
2026-04-15 02:49:38,82.77,0.09,0.112,5.96,78.8,34.4,21.0
2026-04-15 02:49:39,82.74,0.114,0.137,5.24,77.7,34.2,21.0
2026-04-15 02:49:39,83.18,0.092,0.109,6.91,79.3,35.8,21.0
2026-04-15 02:49:39,83.39,0.094,0.112,5.93,78.2,43.5,21.0
2026-04-15 02:49:39,83.46,0.083,0.109,6.27,79.8,34.4,21.0
2026-04-15 02:49:39,83.32,0.084,0.097,7.62,79.3,39.2,21.0
2026-04-15 02:49:39,82.47,0.086,0.101,7.37,79.3,45.6,21.0
2026-04-15 02:49:39,82.78,0.087,0.098,7.54,78.8,46.3,21.0
2026-04-15 02:49:40,83.35,0.083,0.106,6.13,77.7,34.4,21.0
2026-04-15 02:49:40,83.02,0.086,0.102,7.34,79.8,42.9,21.0
2026-04-15 02:49:40,83.07,0.086,0.098,7.52,77.7,42.0,21.0
2026-04-15 02:49:40,82.41,0.092,0.103,7.17,79.3,42.9,21.0
2026-04-15 02:49:40,81.83,0.088,0.111,6.16,79.3,36.4,20.9
2026-04-15 02:49:40,82.53,0.086,0.108,6.09,80.4,34.4,20.9
2026-04-15 02:49:40,82.8,0.09,0.103,7.23,79.3,43.6,20.9
2026-04-15 02:49:41,82.46,0.12,0.144,5.08,79.3,38.4,20.9
2026-04-15 02:49:41,82.22,0.09,0.113,5.92,78.2,36.6,20.9
2026-04-15 02:49:41,83.06,0.11,0.133,5.34,77.7,37.8,21.0
2026-04-15 02:49:41,83.17,0.372,0.39,2.34,80.4,81.2,20.2
2026-04-15 02:49:42,84.11,0.114,0.137,5.67,78.2,49.3,20.2
2026-04-15 02:49:42,83.81,0.092,0.109,6.97,78.2,40.7,20.3
2026-04-15 02:49:42,82.54,0.089,0.111,6.09,78.8,36.9,20.3
2026-04-15 02:49:42,83.19,0.107,0.13,5.42,78.8,39.4,20.3
2026-04-15 02:49:42,83.31,0.091,0.114,6.66,79.3,40.3,20.3
2026-04-15 02:49:42,82.04,0.108,0.132,5.42,77.7,42.7,20.3
2026-04-15 02:49:43,82.26,0.099,0.121,6.38,78.2,38.7,20.3
2026-04-15 02:49:43,83.03,0.094,0.117,6.19,77.7,34.9,20.3
2026-04-15 02:49:43,82.92,0.086,0.109,6.3,78.8,37.1,20.3
2026-04-15 02:49:43,82.56,0.089,0.102,7.35,78.8,44.4,20.2
2026-04-15 02:49:43,83.29,0.101,0.123,5.59,79.3,38.9,20.2
2026-04-15 02:49:43,82.62,0.099,0.122,6.09,78.8,33.9,20.2
2026-04-15 02:49:44,83.14,0.09,0.112,6.32,79.3,37.5,20.2
2026-04-15 02:49:44,83.46,0.085,0.108,6.19,78.8,31.1,20.3
2026-04-15 02:49:44,83.71,0.087,0.102,7.35,79.3,43.6,20.3
2026-04-15 02:49:44,84.06,0.093,0.105,7.17,78.8,47.5,20.3
2026-04-15 02:49:44,83.17,0.088,0.111,6.22,78.8,35.8,20.3
2026-04-15 02:49:44,82.65,0.109,0.111,6.46,77.7,54.1,20.3
2026-04-15 02:49:44,82.34,0.089,0.11,6.84,79.3,37.3,20.3
2026-04-15 02:49:45,83.13,0.117,0.141,5.13,78.8,38.7,20.3
2026-04-15 02:49:45,82.79,0.086,0.101,7.42,77.1,40.7,20.3
2026-04-15 02:49:45,83.1,0.085,0.097,7.54,79.3,40.0,20.3
2026-04-15 02:49:45,82.35,0.103,0.116,6.63,78.8,41.4,20.3
2026-04-15 02:49:45,82.86,0.104,0.128,5.94,78.8,35.8,20.3
2026-04-15 02:49:45,82.8,0.097,0.118,6.23,77.7,40.3,20.3
2026-04-15 02:49:46,82.92,0.088,0.111,6.39,80.4,35.9,20.3
2026-04-15 02:49:46,82.61,0.089,0.111,5.97,78.8,35.4,20.2
2026-04-15 02:49:46,82.88,0.094,0.117,5.84,79.3,37.7,20.2
2026-04-15 02:49:46,83.38,0.106,0.129,5.6,78.2,34.3,20.2
2026-04-15 02:49:46,83.71,0.091,0.113,6.62,79.3,41.0,20.2
2026-04-15 02:49:46,82.64,0.09,0.113,6.04,79.3,35.4,20.2
2026-04-15 02:49:47,83.44,0.093,0.114,5.88,77.7,33.3,20.2
2026-04-15 02:49:47,83.39,0.086,0.108,6.27,78.8,38.5,20.3
2026-04-15 02:49:47,83.39,0.086,0.099,7.51,79.3,41.5,20.3
2026-04-15 02:49:47,82.89,0.09,0.109,6.95,78.8,40.0,20.3
2026-04-15 02:49:47,83.34,0.109,0.132,5.58,79.3,35.3,20.3
2026-04-15 02:49:47,83.09,0.099,0.12,6.39,77.7,38.3,20.3
2026-04-15 02:49:48,84.21,0.122,0.146,5.25,79.3,46.3,20.3
2026-04-15 02:49:48,83.15,0.09,0.113,5.97,78.2,29.7,20.3
2026-04-15 02:49:48,83.55,0.122,0.145,5.05,78.8,37.2,20.3
2026-04-15 02:49:48,83.19,0.092,0.114,5.86,79.3,30.8,20.3
2026-04-15 02:49:48,83.04,0.086,0.109,6.24,78.2,35.5,20.3
2026-04-15 02:49:48,83.18,0.112,0.123,6.26,78.8,43.7,20.3
2026-04-15 02:49:49,83.34,0.096,0.116,6.66,78.8,36.7,20.3
2026-04-15 02:49:49,83.21,0.098,0.121,5.93,78.8,37.9,20.4
2026-04-15 02:49:49,83.25,0.093,0.116,6.17,79.3,36.9,20.4
2026-04-15 02:49:49,83.39,0.114,0.136,5.35,79.8,41.6,20.4
2026-04-15 02:49:49,83.71,0.11,0.128,6.13,79.3,35.5,20.4
2026-04-15 02:49:49,83.82,0.099,0.121,6.38,79.3,39.1,20.4
2026-04-15 02:49:50,82.71,0.089,0.111,6.44,78.8,40.6,20.4
2026-04-15 02:49:50,83.19,0.131,0.154,4.8,78.8,41.5,20.4
2026-04-15 02:49:50,82.79,0.092,0.115,6.2,78.8,33.3,20.4
2026-04-15 02:49:50,83.06,0.089,0.112,6.12,79.3,37.3,20.4
2026-04-15 02:49:50,83.72,0.1,0.123,5.64,79.3,37.0,20.4
2026-04-15 02:49:50,82.36,0.099,0.122,6.03,80.4,38.8,20.3
2026-04-15 02:49:51,83.4,0.095,0.115,6.17,78.2,37.9,20.3
2026-04-15 02:49:51,83.35,0.106,0.129,5.59,78.8,37.7,20.3
2026-04-15 02:49:51,82.65,0.089,0.112,6.72,79.3,33.9,20.3
2026-04-15 02:49:51,82.96,0.092,0.115,5.89,79.3,38.2,20.3
2026-04-15 02:49:51,82.91,0.108,0.131,5.49,77.7,38.7,20.3
2026-04-15 02:49:51,83.36,0.097,0.118,6.43,78.2,38.3,20.3
2026-04-15 02:49:52,83.79,0.116,0.139,5.38,78.8,40.0,20.3
2026-04-15 02:49:52,83.43,0.096,0.112,6.85,79.3,35.1,20.3
2026-04-15 02:49:52,84.14,0.101,0.124,5.83,79.3,33.8,20.3
2026-04-15 02:49:52,84.45,0.113,0.136,5.53,79.3,44.6,20.3
2026-04-15 02:49:52,83.45,0.088,0.108,7.03,79.3,41.8,20.4
2026-04-15 02:49:52,84.01,0.086,0.109,6.08,78.2,38.8,20.3
2026-04-15 02:49:53,83.95,0.087,0.111,6.03,78.2,33.8,20.3
2026-04-15 02:49:53,82.67,0.095,0.118,5.74,78.8,38.0,20.3
2026-04-15 02:49:53,82.95,0.09,0.114,6.16,77.7,37.9,20.3
2026-04-15 02:49:53,83.57,0.088,0.11,6.12,78.2,37.9,20.3
2026-04-15 02:49:53,83.9,0.098,0.121,5.63,77.7,34.8,20.3
2026-04-15 02:49:53,83.79,0.124,0.147,5.16,79.3,36.0,20.3
2026-04-15 02:49:54,84.15,0.101,0.124,5.7,78.2,39.7,20.4
2026-04-15 02:49:54,83.7,0.093,0.116,6.3,78.8,33.3,20.4
2026-04-15 02:49:54,83.19,0.11,0.133,5.45,77.7,34.7,20.4
2026-04-15 02:49:54,84.18,0.09,0.113,6.81,78.2,39.3,20.4
2026-04-15 02:49:54,84.01,0.102,0.125,5.62,79.3,38.2,20.4
2026-04-15 02:49:54,83.75,0.09,0.113,6.45,78.8,33.9,20.5
2026-04-15 02:49:55,83.91,0.105,0.128,5.51,77.7,33.3,20.5
2026-04-15 02:49:55,84.31,0.089,0.11,6.63,78.8,39.3,20.5
2026-04-15 02:49:55,83.95,0.086,0.095,7.64,79.3,44.4,20.5
2026-04-15 02:49:55,84.1,0.094,0.107,7.06,79.3,42.1,20.5
2026-04-15 02:49:55,83.04,0.086,0.108,6.36,78.2,34.9,20.5
2026-04-15 02:49:55,83.84,0.087,0.11,5.96,78.2,38.2,20.6
2026-04-15 02:49:56,84.41,0.097,0.109,6.98,79.3,43.9,20.6
2026-04-15 02:49:56,84.32,0.105,0.129,5.72,79.3,33.3,20.6
2026-04-15 02:49:56,84.04,0.153,0.176,4.67,78.8,36.6,20.6
2026-04-15 02:49:56,84.11,0.099,0.112,6.83,78.8,40.4,20.6
2026-04-15 02:49:56,84.06,0.117,0.14,5.43,78.8,43.2,20.5
2026-04-15 02:49:56,83.93,0.097,0.111,6.8,79.3,42.4,20.6
2026-04-15 02:49:57,83.53,0.089,0.112,6.34,78.8,41.8,20.6
2026-04-15 02:49:57,83.93,0.093,0.116,5.86,78.2,31.2,20.6
2026-04-15 02:49:57,84.48,0.101,0.124,5.72,79.3,36.6,20.6
2026-04-15 02:49:57,83.5,0.115,0.138,5.54,78.8,39.4,20.6
2026-04-15 02:49:57,84.24,0.085,0.106,7.14,77.7,51.7,20.6
2026-04-15 02:49:57,83.56,0.116,0.139,5.15,79.8,37.7,20.5
2026-04-15 02:49:58,83.79,0.101,0.117,6.62,78.2,33.9,20.5
2026-04-15 02:49:58,83.65,0.097,0.12,6.16,79.8,36.5,20.5
2026-04-15 02:49:58,83.42,0.1,0.123,5.9,79.3,37.3,20.5
2026-04-15 02:49:58,82.7,0.1,0.123,6.0,78.8,39.7,20.5
2026-04-15 02:49:58,83.1,0.114,0.137,5.52,78.8,40.8,20.5
2026-04-15 02:49:58,83.72,0.097,0.115,6.68,79.3,44.3,20.5
2026-04-15 02:49:59,83.4,0.096,0.118,6.06,78.8,38.5,20.6
2026-04-15 02:49:59,83.46,0.087,0.111,6.3,79.3,36.4,20.6
2026-04-15 02:49:59,83.97,0.089,0.115,5.83,79.8,33.3,20.6
2026-04-15 02:49:59,83.69,0.093,0.116,6.0,78.8,32.3,20.6
2026-04-15 02:49:59,83.77,0.097,0.12,5.86,78.8,34.8,20.6
2026-04-15 02:49:59,84.34,0.101,0.126,5.79,77.7,37.3,20.7
2026-04-15 02:50:00,83.91,0.098,0.121,6.21,78.8,38.5,20.7
2026-04-15 02:50:00,83.97,0.113,0.136,5.51,79.3,38.9,20.7
2026-04-15 02:50:00,84.23,0.089,0.108,6.97,79.3,40.0,20.7
2026-04-15 02:50:00,83.7,0.088,0.109,6.04,78.8,35.4,20.6
2026-04-15 02:50:00,83.85,0.091,0.114,5.93,79.8,31.7,20.6
2026-04-15 02:50:00,83.64,0.114,0.137,5.28,79.3,41.6,20.6
2026-04-15 02:50:01,84.15,0.096,0.115,6.7,77.7,38.6,20.6
2026-04-15 02:50:01,83.87,0.09,0.112,6.25,77.1,31.0,20.6
2026-04-15 02:50:01,83.39,0.11,0.133,5.35,78.2,41.0,20.6
2026-04-15 02:50:01,83.33,0.101,0.124,6.33,79.3,39.7,20.6
2026-04-15 02:50:01,83.84,0.116,0.139,5.52,78.8,37.8,20.5
2026-04-15 02:50:01,83.79,0.091,0.108,7.03,78.8,42.1,20.5
2026-04-15 02:50:02,83.71,0.126,0.148,4.96,79.8,38.3,20.5
2026-04-15 02:50:02,84.0,0.092,0.114,6.06,78.2,38.8,20.6
2026-04-15 02:50:02,83.89,0.093,0.116,5.95,78.8,33.8,20.6
2026-04-15 02:50:02,84.03,0.105,0.128,5.6,79.8,39.4,20.6
2026-04-15 02:50:02,84.31,0.112,0.135,5.76,79.3,47.1,20.6
2026-04-15 02:50:02,83.7,0.088,0.108,7.01,78.8,41.1,20.6
2026-04-15 02:50:03,83.88,0.094,0.117,5.79,78.2,41.9,20.6
2026-04-15 02:50:03,84.11,0.086,0.109,6.32,78.8,31.1,20.6
2026-04-15 02:50:03,83.57,0.1,0.11,6.78,78.8,45.0,20.6
2026-04-15 02:50:03,83.93,0.1,0.122,6.01,79.3,35.9,20.6
2026-04-15 02:50:03,83.49,0.092,0.116,6.26,79.3,39.4,20.6
2026-04-15 02:50:03,83.96,0.093,0.117,5.96,78.8,38.8,20.7
2026-04-15 02:50:04,83.78,0.087,0.11,6.26,78.2,39.1,20.7
2026-04-15 02:50:04,83.38,0.107,0.119,6.53,79.8,44.8,20.7
2026-04-15 02:50:04,83.33,0.114,0.137,5.76,78.2,34.8,20.7
2026-04-15 02:50:04,83.89,0.087,0.103,7.16,79.3,41.1,20.7
2026-04-15 02:50:04,83.68,0.126,0.139,5.77,79.3,41.4,20.7
2026-04-15 02:50:04,83.97,0.086,0.109,6.26,79.3,33.3,20.7
2026-04-15 02:50:05,82.94,0.122,0.133,5.93,77.7,39.1,20.7
2026-04-15 02:50:05,84.24,0.086,0.092,7.6,79.3,50.0,20.7
2026-04-15 02:50:05,84.1,0.104,0.127,5.44,78.2,40.5,20.7
2026-04-15 02:50:05,84.72,0.085,0.109,6.75,78.8,36.2,20.7
2026-04-15 02:50:05,84.53,0.099,0.112,6.82,79.8,46.8,20.7
2026-04-15 02:50:05,84.28,0.089,0.112,6.38,79.8,36.1,20.7
2026-04-15 02:50:05,84.07,0.087,0.11,6.1,79.8,36.8,20.7
2026-04-15 02:50:06,84.59,0.089,0.101,7.34,80.4,41.2,20.7
2026-04-15 02:50:06,84.66,0.095,0.118,5.79,78.2,40.0,20.7
2026-04-15 02:50:06,84.76,0.085,0.108,6.42,78.8,35.9,20.8
2026-04-15 02:50:06,84.69,0.087,0.101,7.38,78.8,43.4,20.8
2026-04-15 02:50:06,84.62,0.083,0.095,7.74,79.3,36.7,20.8
2026-04-15 02:50:06,84.97,0.095,0.111,6.86,78.8,39.3,20.9
2026-04-15 02:50:06,84.94,0.088,0.111,6.28,79.8,40.3,20.9
2026-04-15 02:50:07,84.61,0.166,0.189,4.09,78.2,40.6,20.9
2026-04-15 02:50:07,84.85,0.102,0.125,5.91,78.2,32.8,20.8
2026-04-15 02:50:07,84.72,0.09,0.114,6.42,77.7,37.1,20.8
2026-04-15 02:50:07,84.97,0.087,0.111,6.1,79.3,40.3,20.9
2026-04-15 02:50:07,84.5,0.108,0.131,5.37,79.8,35.6,20.9
2026-04-15 02:50:08,84.83,0.09,0.113,6.73,79.8,37.7,20.9
2026-04-15 02:50:08,85.08,0.093,0.12,5.75,79.3,38.0,20.9
2026-04-15 02:50:08,84.67,0.088,0.111,6.36,78.2,38.5,20.9
2026-04-15 02:50:08,84.38,0.086,0.097,7.59,78.8,42.3,20.9
2026-04-15 02:50:08,84.75,0.108,0.12,6.46,79.3,48.4,21.0
2026-04-15 02:50:08,84.56,0.099,0.121,6.35,78.8,36.1,21.0
2026-04-15 02:50:08,84.54,0.095,0.118,6.13,78.2,35.9,21.0
2026-04-15 02:50:09,84.82,0.094,0.115,6.05,80.4,38.8,21.0
2026-04-15 02:50:09,84.47,0.11,0.134,5.46,79.3,41.9,20.9
2026-04-15 02:50:09,84.63,0.09,0.111,6.86,78.2,42.4,20.9
2026-04-15 02:50:09,85.09,0.105,0.128,5.5,78.2,39.2,20.9
2026-04-15 02:50:09,84.42,0.089,0.113,6.62,79.3,32.8,20.9
2026-04-15 02:50:09,84.47,0.092,0.115,5.84,78.8,35.3,20.9
2026-04-15 02:50:10,84.48,0.129,0.152,4.96,79.8,42.2,21.0
2026-04-15 02:50:10,84.52,0.084,0.107,6.47,78.8,33.9,21.0
2026-04-15 02:50:10,84.84,0.092,0.104,7.09,79.8,44.6,21.0
2026-04-15 02:50:10,84.53,0.087,0.108,6.19,78.2,36.9,21.0
2026-04-15 02:50:10,84.81,0.096,0.11,6.95,79.8,44.8,21.0
2026-04-15 02:50:10,84.07,0.092,0.115,6.19,78.8,36.5,21.0
2026-04-15 02:50:11,84.41,0.095,0.118,5.9,78.8,36.8,21.0
2026-04-15 02:50:11,84.01,0.116,0.137,5.32,79.3,44.7,21.0
2026-04-15 02:50:11,85.0,0.085,0.102,7.37,79.3,41.1,21.0
2026-04-15 02:50:11,84.68,0.122,0.135,5.91,78.8,52.2,21.0
2026-04-15 02:50:11,84.83,0.084,0.107,6.19,78.8,36.8,21.0
2026-04-15 02:50:11,84.33,0.088,0.104,7.24,78.2,40.0,21.0
2026-04-15 02:50:12,84.74,0.104,0.114,6.73,79.3,40.4,21.0
2026-04-15 02:50:12,84.53,0.101,0.125,6.08,77.7,39.1,21.0
2026-04-15 02:50:12,84.62,0.088,0.111,6.52,77.7,39.7,21.0
2026-04-15 02:50:12,84.9,0.087,0.11,6.03,79.3,34.4,21.0
2026-04-15 02:50:12,84.65,0.103,0.115,6.72,78.8,41.4,21.0
2026-04-15 02:50:12,84.79,0.084,0.106,6.74,79.8,38.6,21.1
2026-04-15 02:50:12,84.14,0.084,0.099,7.53,78.8,37.3,21.1
2026-04-15 02:50:13,84.76,0.092,0.104,7.1,79.8,46.7,21.1
2026-04-15 02:50:13,84.76,0.092,0.115,6.01,79.8,33.8,21.1
2026-04-15 02:50:13,84.35,0.11,0.13,5.4,79.8,42.5,21.0
2026-04-15 02:50:13,83.87,0.084,0.107,7.1,78.8,35.2,21.0
2026-04-15 02:50:13,84.31,0.093,0.108,7.04,78.8,44.6,21.0
2026-04-15 02:50:13,83.81,0.084,0.107,6.35,78.8,29.3,21.0
2026-04-15 02:50:14,84.59,0.103,0.116,6.58,79.8,42.6,21.0
2026-04-15 02:50:14,83.87,0.143,0.166,4.82,78.2,38.3,21.0
2026-04-15 02:50:14,84.23,0.089,0.112,6.85,77.7,39.0,21.0
2026-04-15 02:50:14,84.62,0.088,0.105,6.05,79.3,42.9,20.9
2026-04-15 02:50:14,84.86,0.118,0.141,5.1,79.3,32.9,20.9
2026-04-15 02:50:14,85.05,0.085,0.099,7.44,79.3,38.5,20.9
2026-04-15 02:50:15,84.76,0.089,0.102,7.31,80.4,42.6,20.9
2026-04-15 02:50:15,84.99,0.108,0.133,5.34,79.3,36.6,20.9
2026-04-15 02:50:15,84.58,0.089,0.112,6.84,78.8,40.7,20.9
2026-04-15 02:50:15,85.75,0.092,0.115,5.91,79.3,36.2,20.9
2026-04-15 02:50:15,84.87,0.139,0.162,4.67,80.4,43.4,20.9
2026-04-15 02:50:16,85.19,0.271,0.294,3.0,81.0,90.2,20.1
2026-04-15 02:50:16,84.03,0.091,0.113,6.61,80.4,38.3,20.1
2026-04-15 02:50:16,84.11,0.089,0.113,6.03,78.8,36.9,20.1
2026-04-15 02:50:16,84.17,0.109,0.132,5.38,79.3,34.7,20.1
2026-04-15 02:50:16,84.48,0.12,0.143,5.64,78.8,45.1,20.2
2026-04-15 02:50:16,84.52,0.09,0.102,7.33,80.4,39.6,20.2
2026-04-15 02:50:17,84.6,0.095,0.118,5.82,79.3,35.8,20.3
2026-04-15 02:50:17,84.16,0.1,0.123,5.84,78.2,34.8,20.3
2026-04-15 02:50:17,84.36,0.107,0.129,5.76,78.8,35.8,20.3
2026-04-15 02:50:17,84.17,0.089,0.111,6.72,79.8,42.6,20.3
2026-04-15 02:50:17,83.91,0.095,0.117,5.79,79.8,39.7,20.3
2026-04-15 02:50:17,83.48,0.097,0.12,5.93,78.8,31.7,20.3
2026-04-15 02:50:18,83.85,0.094,0.115,6.11,78.2,38.5,20.3
2026-04-15 02:50:18,84.28,0.089,0.112,6.19,78.8,32.3,20.3
2026-04-15 02:50:18,83.9,0.109,0.131,5.38,79.3,44.0,20.4
2026-04-15 02:50:18,83.62,0.09,0.113,6.74,78.8,36.8,20.3
2026-04-15 02:50:18,84.52,0.103,0.127,5.56,80.4,38.0,20.3
2026-04-15 02:50:18,83.78,0.097,0.12,6.27,79.8,31.0,20.3
2026-04-15 02:50:19,84.2,0.096,0.119,6.03,80.4,35.4,20.3
2026-04-15 02:50:19,84.21,0.094,0.117,6.08,79.3,35.9,20.3
2026-04-15 02:50:19,84.35,0.096,0.119,5.92,79.8,32.3,20.3
2026-04-15 02:50:19,84.78,0.094,0.117,6.1,79.8,42.9,20.3
2026-04-15 02:50:19,84.01,0.102,0.125,5.72,78.8,33.8,20.3
2026-04-15 02:50:19,83.04,0.092,0.114,6.37,79.8,46.8,20.3
2026-04-15 02:50:20,83.92,0.089,0.112,6.11,78.2,36.9,20.3
2026-04-15 02:50:20,83.57,0.126,0.152,4.85,79.3,37.0,20.4
2026-04-15 02:50:20,84.22,0.086,0.109,6.36,79.8,33.9,20.4
2026-04-15 02:50:20,83.62,0.105,0.118,6.55,79.8,40.0,20.4
2026-04-15 02:50:20,83.73,0.089,0.112,6.66,79.8,37.9,20.4
2026-04-15 02:50:20,82.68,0.084,0.093,7.78,79.3,40.4,20.4
2026-04-15 02:50:21,83.46,0.084,0.098,7.53,80.4,41.2,20.4
2026-04-15 02:50:21,83.88,0.084,0.099,7.49,78.8,45.5,20.3
2026-04-15 02:50:21,83.43,0.085,0.099,7.46,80.4,42.3,20.4
2026-04-15 02:50:21,82.93,0.092,0.106,7.14,79.3,42.9,20.4
2026-04-15 02:50:21,83.03,0.106,0.129,5.56,79.3,32.9,20.3
2026-04-15 02:50:21,84.16,0.088,0.107,6.7,78.8,46.7,20.4
2026-04-15 02:50:21,84.76,0.085,0.104,6.12,80.4,37.9,20.3
2026-04-15 02:50:22,84.39,0.089,0.103,7.28,80.4,40.4,20.4
2026-04-15 02:50:22,84.23,0.092,0.115,5.88,80.4,37.9,20.4
2026-04-15 02:50:22,83.12,0.116,0.139,5.26,79.8,38.2,20.4
2026-04-15 02:50:22,83.3,0.085,0.102,7.36,79.3,36.5,20.4
2026-04-15 02:50:22,83.25,0.099,0.112,6.81,79.3,48.3,20.4
2026-04-15 02:50:22,83.42,0.085,0.108,6.56,79.3,40.3,20.4
2026-04-15 02:50:22,83.61,0.083,0.098,7.59,78.8,37.3,20.4
2026-04-15 02:50:23,82.56,0.089,0.104,7.17,79.8,45.6,20.4
2026-04-15 02:50:23,83.13,0.095,0.118,5.8,79.8,33.3,20.4
2026-04-15 02:50:23,83.4,0.096,0.12,5.95,79.8,35.8,20.4
2026-04-15 02:50:23,82.68,0.094,0.114,6.11,79.8,36.4,20.4
2026-04-15 02:50:23,83.05,0.104,0.122,5.66,78.8,44.1,20.4
2026-04-15 02:50:23,82.42,0.084,0.107,6.74,78.8,30.4,20.4
2026-04-15 02:50:24,83.19,0.085,0.098,7.54,80.4,40.8,20.4
2026-04-15 02:50:24,83.26,0.086,0.1,7.47,79.8,37.3,20.4
2026-04-15 02:50:24,82.4,0.103,0.117,6.63,80.4,40.7,20.4
2026-04-15 02:50:24,82.6,0.093,0.116,6.41,79.3,38.7,20.5
2026-04-15 02:50:24,83.26,0.099,0.122,5.77,79.3,38.9,20.5
2026-04-15 02:50:24,83.05,0.09,0.113,6.34,78.8,31.7,20.5
2026-04-15 02:50:25,83.71,0.113,0.136,5.29,79.3,38.5,20.6
2026-04-15 02:50:25,82.62,0.094,0.116,6.68,79.8,43.3,20.5
2026-04-15 02:50:25,82.3,0.088,0.109,6.31,78.8,37.1,20.6
2026-04-15 02:50:25,81.78,0.097,0.121,5.68,79.8,31.3,20.6
2026-04-15 02:50:25,82.66,0.104,0.121,5.78,79.8,38.6,20.6
2026-04-15 02:50:25,83.8,0.101,0.123,6.12,80.4,38.8,20.6
2026-04-15 02:50:26,82.92,0.134,0.153,4.99,78.8,40.8,20.6
2026-04-15 02:50:26,83.2,0.09,0.113,6.44,79.3,38.7,20.6
2026-04-15 02:50:26,83.1,0.092,0.115,5.92,79.8,36.2,20.7
2026-04-15 02:50:26,82.65,0.098,0.123,5.74,79.3,32.8,20.7
2026-04-15 02:50:26,82.84,0.086,0.109,6.52,79.8,36.1,20.7
2026-04-15 02:50:26,83.93,0.114,0.127,6.21,78.2,44.8,20.8
2026-04-15 02:50:27,83.16,0.112,0.13,6.08,78.2,40.0,20.8
2026-04-15 02:50:27,83.21,0.089,0.11,6.94,78.8,41.1,20.8
2026-04-15 02:50:27,84.07,0.092,0.113,5.93,79.8,38.2,20.9
2026-04-15 02:50:27,82.83,0.098,0.12,5.79,78.2,36.8,20.8
2026-04-15 02:50:27,83.0,0.102,0.125,5.84,78.8,42.6,20.8
2026-04-15 02:50:27,83.44,0.088,0.11,6.57,79.3,38.7,20.8
2026-04-15 02:50:28,82.78,0.087,0.11,6.02,78.8,33.8,20.9
2026-04-15 02:50:28,83.06,0.116,0.128,6.13,80.4,51.6,20.8
2026-04-15 02:50:28,83.01,0.094,0.109,6.98,79.8,40.7,20.8
2026-04-15 02:50:28,83.01,0.096,0.119,5.91,79.8,35.8,20.8
2026-04-15 02:50:28,83.55,0.113,0.133,5.46,79.3,38.4,20.8
2026-04-15 02:50:28,83.05,0.089,0.109,7.01,79.8,39.3,20.8
2026-04-15 02:50:28,82.59,0.108,0.131,5.4,80.4,35.6,20.8
2026-04-15 02:50:29,82.67,0.092,0.115,6.6,80.4,38.3,20.8
2026-04-15 02:50:29,81.42,0.091,0.114,6.04,79.3,40.3,20.8
2026-04-15 02:50:29,83.38,0.089,0.112,6.07,79.3,32.8,20.7
2026-04-15 02:50:29,83.64,0.09,0.113,5.99,79.8,31.1,20.7
2026-04-15 02:50:29,83.53,0.094,0.118,5.8,79.3,33.8,20.7
2026-04-15 02:50:29,82.64,0.088,0.111,6.28,78.8,38.5,20.7
2026-04-15 02:50:30,82.98,0.135,0.158,4.69,79.8,40.7,20.8
2026-04-15 02:50:30,83.21,0.095,0.118,6.28,79.3,35.5,20.8
2026-04-15 02:50:30,82.45,0.095,0.118,5.98,81.0,35.8,20.8
2026-04-15 02:50:30,82.61,0.085,0.107,6.41,80.4,38.1,20.8
2026-04-15 02:50:30,83.27,0.092,0.107,7.09,78.8,42.9,20.8
2026-04-15 02:50:30,81.46,0.099,0.122,5.76,78.2,36.2,20.9
2026-04-15 02:50:31,82.52,0.094,0.117,6.15,80.4,32.8,20.9
2026-04-15 02:50:31,82.16,0.098,0.121,5.89,79.8,34.8,20.9
2026-04-15 02:50:31,82.35,0.118,0.141,5.36,80.4,40.0,20.9
2026-04-15 02:50:31,82.5,0.109,0.122,6.38,79.3,39.3,21.0
2026-04-15 02:50:31,82.64,0.088,0.112,6.82,78.8,40.7,20.9
2026-04-15 02:50:31,81.62,0.096,0.119,5.75,79.8,35.8,20.9
2026-04-15 02:50:32,82.81,0.085,0.108,6.41,80.4,33.3,20.9
2026-04-15 02:50:32,83.38,0.089,0.102,7.11,81.0,49.0,20.9
2026-04-15 02:50:32,83.11,0.089,0.112,6.13,79.8,37.5,20.9
2026-04-15 02:50:32,82.9,0.126,0.149,4.91,79.3,42.2,20.8
2026-04-15 02:50:32,82.39,0.091,0.114,6.08,79.3,36.4,20.8
2026-04-15 02:50:32,83.67,0.086,0.109,6.19,78.8,35.4,20.8
2026-04-15 02:50:33,82.7,0.107,0.114,6.48,78.2,43.5,20.8
2026-04-15 02:50:33,82.6,0.092,0.115,6.57,79.8,36.7,20.9
2026-04-15 02:50:33,82.27,0.093,0.116,5.99,80.4,35.8,20.9
2026-04-15 02:50:33,82.54,0.087,0.11,6.21,79.8,44.4,20.9
2026-04-15 02:50:33,81.85,0.093,0.104,7.19,79.3,43.4,20.9
2026-04-15 02:50:33,81.87,0.091,0.115,6.04,79.3,37.9,20.9
2026-04-15 02:50:34,83.75,0.093,0.114,5.98,80.4,31.7,20.8
2026-04-15 02:50:34,82.73,0.086,0.108,6.25,80.4,37.9,20.8
2026-04-15 02:50:34,82.65,0.087,0.101,7.4,78.8,38.8,20.8
2026-04-15 02:50:34,82.62,0.097,0.12,5.68,79.8,37.5,20.8
2026-04-15 02:50:34,82.77,0.093,0.116,6.17,79.8,35.9,20.8
2026-04-15 02:50:34,83.14,0.091,0.113,6.06,79.3,33.9,20.8
2026-04-15 02:50:35,82.26,0.092,0.115,5.96,79.8,37.7,20.9
2026-04-15 02:50:35,83.28,0.122,0.144,5.09,79.3,38.5,20.9
2026-04-15 02:50:35,82.56,0.088,0.097,7.53,80.4,40.0,20.9
2026-04-15 02:50:35,83.52,0.114,0.121,6.3,81.0,45.9,20.9
2026-04-15 02:50:35,83.05,0.088,0.107,7.1,79.3,40.7,20.8
2026-04-15 02:50:35,83.9,0.087,0.11,6.03,79.8,33.8,20.9
2026-04-15 02:50:35,82.91,0.084,0.108,6.1,79.3,35.9,20.9
2026-04-15 02:50:36,82.28,0.084,0.099,7.53,80.4,41.8,20.9
2026-04-15 02:50:36,82.55,0.103,0.118,6.56,79.8,42.4,20.8
2026-04-15 02:50:36,81.96,0.092,0.115,6.44,78.8,36.1,20.8
2026-04-15 02:50:36,82.72,0.096,0.119,5.88,80.4,33.8,20.8
2026-04-15 02:50:36,82.76,0.092,0.115,6.14,78.8,35.4,20.9
2026-04-15 02:50:36,81.88,0.108,0.131,5.46,79.3,36.1,20.9
2026-04-15 02:50:37,83.47,0.093,0.115,6.63,80.4,38.6,20.9
2026-04-15 02:50:37,82.8,0.104,0.13,5.54,80.4,35.2,20.9
2026-04-15 02:50:37,82.89,0.107,0.13,6.0,80.4,35.9,20.9
2026-04-15 02:50:37,82.61,0.101,0.126,6.17,78.2,38.7,20.9
2026-04-15 02:50:37,82.21,0.148,0.17,4.71,79.3,49.4,21.0
2026-04-15 02:50:37,82.82,0.093,0.109,6.91,78.8,37.0,21.0
2026-04-15 02:50:38,81.2,0.09,0.113,6.08,79.8,38.6,21.0
2026-04-15 02:50:38,82.29,0.092,0.115,5.95,79.3,39.1,21.0
2026-04-15 02:50:38,82.59,0.085,0.108,6.26,81.0,34.4,21.0
2026-04-15 02:50:38,82.93,0.1,0.113,6.76,80.4,46.7,21.0
2026-04-15 02:50:38,83.15,0.112,0.135,5.6,79.8,38.0,21.0
2026-04-15 02:50:38,82.71,0.086,0.106,7.12,78.8,38.2,21.0
2026-04-15 02:50:39,82.26,0.089,0.101,7.34,80.4,44.4,21.0
2026-04-15 02:50:39,82.54,0.094,0.117,5.83,78.8,34.3,21.0
2026-04-15 02:50:39,83.14,0.084,0.108,6.32,78.8,32.3,21.0
2026-04-15 02:50:39,83.13,0.095,0.108,7.03,78.8,41.8,21.0
2026-04-15 02:50:39,82.9,0.083,0.106,6.44,79.8,32.8,21.0
2026-04-15 02:50:39,81.93,0.084,0.1,7.49,79.3,41.8,21.1
2026-04-15 02:50:39,82.22,0.117,0.133,5.99,79.8,47.0,21.1
2026-04-15 02:50:40,83.17,0.089,0.104,7.25,80.4,41.1,21.1
2026-04-15 02:50:40,82.66,0.098,0.121,5.67,79.3,40.0,21.1
2026-04-15 02:50:40,82.68,0.087,0.11,6.45,79.3,32.2,21.1
2026-04-15 02:50:40,82.74,0.099,0.111,6.84,79.3,45.8,21.0
2026-04-15 02:50:40,82.5,0.115,0.137,5.5,78.8,37.5,21.0
2026-04-15 02:50:40,81.93,0.088,0.106,7.14,79.3,38.6,21.1
2026-04-15 02:50:41,82.37,0.088,0.111,6.01,81.5,35.9,21.1
2026-04-15 02:50:41,82.45,0.104,0.129,5.44,80.4,39.2,21.1
2026-04-15 02:50:41,82.87,0.087,0.11,6.75,78.8,37.9,21.1
2026-04-15 02:50:41,82.81,0.087,0.099,7.53,80.4,41.2,21.1
2026-04-15 02:50:41,83.53,0.093,0.105,7.17,79.8,42.6,21.1
2026-04-15 02:50:41,82.0,0.117,0.14,5.25,80.4,34.7,21.1
2026-04-15 02:50:42,83.15,0.088,0.106,7.13,79.8,39.3,21.1
2026-04-15 02:50:42,81.67,0.101,0.104,6.93,79.8,51.8,21.1
2026-04-15 02:50:42,82.47,0.096,0.119,6.21,81.0,36.9,21.1
2026-04-15 02:50:42,82.92,0.104,0.126,5.67,79.8,40.3,21.0
2026-04-15 02:50:42,82.24,0.11,0.133,5.86,79.8,42.6,21.0
2026-04-15 02:50:42,83.03,0.104,0.124,6.21,79.3,42.4,21.0
2026-04-15 02:50:42,82.92,0.083,0.106,6.85,79.3,39.0,21.1
2026-04-15 02:50:43,82.86,0.12,0.136,5.87,80.4,42.4,21.1
2026-04-15 02:50:43,83.32,0.091,0.103,7.27,80.4,42.1,21.1
2026-04-15 02:50:43,82.46,0.099,0.122,5.74,80.4,35.7,21.1
2026-04-15 02:50:43,81.96,0.12,0.139,5.33,78.8,41.7,21.1
2026-04-15 02:50:43,83.14,0.086,0.098,7.54,79.8,41.5,21.1
2026-04-15 02:50:43,83.62,0.093,0.106,7.1,79.3,45.8,21.1
2026-04-15 02:50:44,83.37,0.09,0.113,6.11,79.8,33.9,21.1
2026-04-15 02:50:44,83.04,0.101,0.124,5.65,80.4,38.4,21.1
2026-04-15 02:50:44,82.97,0.107,0.13,5.8,79.3,37.7,21.1
2026-04-15 02:50:44,84.07,0.091,0.114,6.64,79.8,36.2,21.1
2026-04-15 02:50:44,83.54,0.096,0.118,5.84,79.8,36.8,21.1
2026-04-15 02:50:44,83.61,0.088,0.112,6.26,80.4,40.0,21.1
2026-04-15 02:50:45,82.38,0.093,0.116,5.86,79.8,37.7,21.1
2026-04-15 02:50:45,82.77,0.086,0.109,6.22,79.8,37.5,21.1
2026-04-15 02:50:45,82.15,0.105,0.117,6.6,80.4,42.6,21.1
2026-04-15 02:50:45,83.16,0.108,0.131,5.9,80.4,43.8,21.1
2026-04-15 02:50:45,82.4,0.088,0.112,6.8,79.3,35.6,21.1
2026-04-15 02:50:45,82.66,0.097,0.12,5.72,79.8,37.1,21.1
2026-04-15 02:50:46,82.7,0.092,0.115,6.18,79.8,36.5,21.1
2026-04-15 02:50:46,82.93,0.096,0.119,5.85,79.3,36.8,21.1
2026-04-15 02:50:46,82.38,0.097,0.12,5.98,79.8,37.9,21.1
2026-04-15 02:50:46,83.53,0.092,0.113,6.19,78.8,39.4,21.1
2026-04-15 02:50:46,82.98,0.108,0.131,5.47,79.3,37.8,21.0
2026-04-15 02:50:46,83.02,0.123,0.147,5.47,78.8,40.9,21.0
2026-04-15 02:50:47,83.24,0.282,0.286,3.07,81.5,93.8,20.3
2026-04-15 02:50:47,83.23,0.113,0.122,6.14,81.0,62.1,20.3
2026-04-15 02:50:47,83.11,0.115,0.134,5.94,79.3,45.7,20.3
2026-04-15 02:50:47,83.14,0.101,0.119,6.51,79.8,43.7,20.3
2026-04-15 02:50:47,82.56,0.11,0.133,5.72,78.8,36.4,20.3
2026-04-15 02:50:48,82.66,0.116,0.139,5.77,79.3,44.3,20.3
2026-04-15 02:50:48,82.62,0.089,0.105,7.18,79.8,38.2,20.3
2026-04-15 02:50:48,82.27,0.109,0.132,5.37,79.8,33.8,20.3
2026-04-15 02:50:48,82.7,0.095,0.117,6.47,81.0,37.3,20.3
2026-04-15 02:50:48,81.78,0.089,0.112,6.3,80.4,34.9,20.3
2026-04-15 02:50:48,82.26,0.088,0.111,6.02,80.4,36.4,20.3
2026-04-15 02:50:49,81.89,0.089,0.098,7.45,81.5,54.0,20.3
2026-04-15 02:50:49,83.15,0.09,0.113,5.96,78.2,34.8,20.3
2026-04-15 02:50:49,81.18,0.09,0.112,6.03,78.8,35.8,20.2
2026-04-15 02:50:49,82.97,0.088,0.112,6.05,79.3,29.5,20.2
2026-04-15 02:50:49,81.5,0.088,0.117,5.8,79.8,33.8,20.2
2026-04-15 02:50:49,81.9,0.096,0.119,5.89,79.3,37.7,20.2
2026-04-15 02:50:50,81.8,0.09,0.113,6.27,81.0,38.5,20.1
2026-04-15 02:50:50,82.5,0.115,0.138,5.23,80.4,39.7,20.1
2026-04-15 02:50:50,83.41,0.1,0.113,6.6,79.3,41.7,20.1
2026-04-15 02:50:50,83.51,0.089,0.113,6.4,79.8,41.7,20.1
2026-04-15 02:50:50,82.78,0.088,0.111,6.05,79.8,36.4,20.1
2026-04-15 02:50:50,82.3,0.088,0.111,6.02,79.3,39.4,20.1
2026-04-15 02:50:50,82.27,0.087,0.096,7.56,79.3,45.3,20.1
2026-04-15 02:50:51,82.95,0.091,0.105,7.17,79.8,41.5,20.1
2026-04-15 02:50:51,82.73,0.109,0.132,5.47,79.8,40.0,20.1
2026-04-15 02:50:51,82.92,0.088,0.11,6.85,79.3,36.8,20.1
2026-04-15 02:50:51,82.69,0.094,0.117,5.83,79.8,34.8,20.1
2026-04-15 02:50:51,83.03,0.089,0.113,6.14,79.3,33.8,20.1
2026-04-15 02:50:51,82.25,0.094,0.117,5.86,79.8,33.8,20.1
2026-04-15 02:50:52,82.45,0.089,0.112,6.18,79.8,34.4,20.1
2026-04-15 02:50:52,83.03,0.09,0.113,5.93,80.4,38.6,20.2
2026-04-15 02:50:52,83.14,0.107,0.13,5.47,79.8,42.3,20.1
2026-04-15 02:50:52,82.07,0.101,0.124,6.25,79.8,40.6,20.1
2026-04-15 02:50:52,82.13,0.089,0.119,6.17,79.8,35.9,20.2
2026-04-15 02:50:52,80.8,0.1,0.122,5.88,81.0,38.8,20.2
2026-04-15 02:50:53,83.14,0.094,0.117,6.21,79.8,36.9,20.2
2026-04-15 02:50:53,82.62,0.1,0.123,5.79,78.8,40.8,20.2
2026-04-15 02:50:53,82.07,0.088,0.112,6.45,78.8,35.5,20.2
2026-04-15 02:50:53,82.69,0.107,0.13,5.4,80.4,39.2,20.2
2026-04-15 02:50:53,83.06,0.106,0.129,6.05,79.8,29.3,20.2
2026-04-15 02:50:53,82.44,0.086,0.108,6.85,80.4,41.0,20.2
2026-04-15 02:50:54,81.92,0.087,0.101,7.39,79.3,45.5,20.2
2026-04-15 02:50:54,80.65,0.098,0.117,5.65,79.3,42.9,20.3
2026-04-15 02:50:54,82.09,0.097,0.121,6.02,78.8,35.4,20.3
2026-04-15 02:50:54,83.07,0.09,0.113,6.28,79.3,33.3,20.3
2026-04-15 02:50:54,81.93,0.093,0.116,5.91,78.8,37.3,20.4
2026-04-15 02:50:54,81.94,0.095,0.118,5.91,79.3,33.8,20.4
2026-04-15 02:50:55,81.95,0.089,0.111,6.18,79.3,32.2,20.4
2026-04-15 02:50:55,82.27,0.119,0.143,5.09,79.8,37.3,20.4
2026-04-15 02:50:55,83.01,0.101,0.113,6.79,79.8,39.7,20.4
2026-04-15 02:50:55,82.57,0.088,0.108,6.53,79.8,43.8,20.4
2026-04-15 02:50:55,81.98,0.088,0.111,6.0,81.5,32.3,20.4
2026-04-15 02:50:55,82.13,0.09,0.11,5.91,78.8,32.8,20.4
2026-04-15 02:50:56,83.42,0.101,0.132,5.38,79.3,34.2,20.4
2026-04-15 02:50:56,82.49,0.089,0.112,6.85,79.8,39.7,20.4
2026-04-15 02:50:56,83.22,0.089,0.097,7.49,80.4,57.4,20.4
2026-04-15 02:50:56,83.12,0.087,0.11,6.08,79.8,37.3,20.4
2026-04-15 02:50:56,82.28,0.088,0.1,7.44,80.4,43.6,20.4
2026-04-15 02:50:56,82.93,0.087,0.105,6.05,80.4,36.4,20.4
2026-04-15 02:50:56,82.33,0.087,0.099,7.52,81.0,38.5,20.4
2026-04-15 02:50:57,81.75,0.098,0.103,6.91,80.4,44.8,20.4
2026-04-15 02:50:57,82.47,0.099,0.122,5.97,80.4,35.8,20.4
2026-04-15 02:50:57,82.57,0.094,0.115,6.19,80.4,33.3,20.4
2026-04-15 02:50:57,82.52,0.091,0.115,6.1,79.8,36.5,20.4
2026-04-15 02:50:57,81.08,0.108,0.115,6.66,80.4,44.8,20.5
2026-04-15 02:50:57,81.82,0.097,0.12,6.45,81.0,38.1,20.5
2026-04-15 02:50:58,81.45,0.1,0.123,5.89,79.3,36.4,20.5
2026-04-15 02:50:58,81.49,0.086,0.11,6.52,79.8,38.7,20.4
2026-04-15 02:50:58,82.08,0.088,0.1,7.4,79.8,43.4,20.4
2026-04-15 02:50:58,83.78,0.111,0.133,5.3,80.4,37.8,20.4
2026-04-15 02:50:58,83.69,0.089,0.111,6.91,80.4,41.4,20.4
2026-04-15 02:50:58,84.42,0.09,0.099,7.46,81.0,46.3,20.4
2026-04-15 02:50:59,83.55,0.091,0.114,5.94,81.0,35.8,20.4
2026-04-15 02:50:59,83.83,0.096,0.119,5.84,80.4,35.3,20.4
2026-04-15 02:50:59,83.85,0.096,0.119,6.0,80.4,35.9,20.4
2026-04-15 02:50:59,83.76,0.102,0.126,5.77,79.8,36.8,20.4
2026-04-15 02:50:59,83.63,0.124,0.147,5.33,79.8,39.7,20.4
2026-04-15 02:50:59,84.27,0.087,0.11,6.13,79.8,32.3,20.5
2026-04-15 02:51:00,83.94,0.086,0.098,7.55,80.4,41.2,20.5
2026-04-15 02:51:00,84.32,0.103,0.116,6.65,81.0,45.0,20.5
2026-04-15 02:51:00,83.82,0.098,0.121,6.2,81.5,38.5,20.5
2026-04-15 02:51:00,84.27,0.085,0.103,6.44,80.4,38.7,20.5
2026-04-15 02:51:00,83.77,0.103,0.114,6.7,79.8,46.0,20.5
2026-04-15 02:51:00,83.64,0.096,0.118,6.24,79.3,46.9,20.5
2026-04-15 02:51:00,84.39,0.091,0.114,6.22,79.8,31.7,20.5
2026-04-15 02:51:01,84.24,0.102,0.125,5.62,80.4,38.0,20.5
2026-04-15 02:51:01,84.99,0.092,0.115,6.38,79.3,35.6,20.5
2026-04-15 02:51:01,85.19,0.088,0.112,6.13,80.4,36.5,20.5
2026-04-15 02:51:01,84.41,0.105,0.128,5.49,79.3,37.5,20.5
2026-04-15 02:51:01,85.62,0.092,0.115,6.5,79.3,31.6,20.5
2026-04-15 02:51:01,83.85,0.109,0.131,5.44,78.8,38.2,20.5
2026-04-15 02:51:02,83.38,0.089,0.112,6.8,79.8,39.7,20.5
2026-04-15 02:51:02,83.18,0.1,0.124,5.63,79.8,34.3,20.5
2026-04-15 02:51:02,82.0,0.105,0.128,5.83,79.8,35.3,20.6
2026-04-15 02:51:02,84.13,0.114,0.137,5.71,80.4,42.9,20.6
2026-04-15 02:51:02,83.68,0.088,0.107,7.11,80.4,43.9,20.6
2026-04-15 02:51:02,83.59,0.117,0.118,6.18,81.0,48.4,20.6
2026-04-15 02:51:03,83.22,0.096,0.112,6.83,81.5,40.7,20.6
2026-04-15 02:51:03,82.79,0.093,0.117,6.1,79.8,36.9,20.6
2026-04-15 02:51:03,83.34,0.094,0.116,5.99,79.8,40.6,20.6
2026-04-15 02:51:03,83.06,0.09,0.109,6.13,79.8,36.5,20.7
2026-04-15 02:51:03,82.27,0.119,0.142,5.12,79.8,35.9,20.7
2026-04-15 02:51:03,82.94,0.094,0.108,7.06,81.5,40.4,20.7
2026-04-15 02:51:04,82.53,0.1,0.122,5.79,79.3,40.8,20.7
2026-04-15 02:51:04,83.59,0.098,0.121,6.08,81.0,33.9,20.7
2026-04-15 02:51:04,83.49,0.089,0.11,6.34,82.0,37.1,20.8
2026-04-15 02:51:04,83.27,0.083,0.106,6.23,79.8,33.9,20.8
2026-04-15 02:51:04,82.95,0.085,0.101,7.42,81.0,38.9,20.8
2026-04-15 02:51:04,83.52,0.125,0.137,5.77,80.4,44.8,20.9
2026-04-15 02:51:05,84.7,0.103,0.126,5.6,82.0,38.4,20.9
2026-04-15 02:51:05,83.45,0.112,0.135,5.7,81.0,38.2,20.9
2026-04-15 02:51:05,84.54,0.11,0.13,6.08,79.8,39.1,20.9
2026-04-15 02:51:05,85.6,0.104,0.127,6.23,79.8,42.2,21.0
2026-04-15 02:51:05,84.8,0.09,0.113,6.57,78.8,31.6,21.0
2026-04-15 02:51:05,84.41,0.095,0.12,5.76,80.4,41.3,20.9
2026-04-15 02:51:06,84.07,0.091,0.111,6.22,79.8,34.9,20.9
2026-04-15 02:51:06,83.42,0.105,0.127,5.53,79.3,35.7,20.9
2026-04-15 02:51:06,84.03,0.09,0.113,6.6,80.4,39.7,20.9
2026-04-15 02:51:06,83.24,0.104,0.122,5.53,81.0,39.1,20.9
2026-04-15 02:51:06,83.8,0.09,0.113,6.56,79.8,38.7,20.9
2026-04-15 02:51:06,83.99,0.094,0.117,5.85,80.4,32.8,20.9
2026-04-15 02:51:07,84.0,0.088,0.111,6.25,80.4,33.3,20.9
2026-04-15 02:51:07,83.88,0.088,0.1,7.45,79.3,46.3,20.9
2026-04-15 02:51:07,84.14,0.114,0.125,6.28,79.3,40.0,20.9
2026-04-15 02:51:07,82.07,0.087,0.103,7.2,81.5,40.7,20.9
2026-04-15 02:51:07,83.64,0.095,0.107,7.05,80.4,46.4,20.9
2026-04-15 02:51:07,83.2,0.107,0.13,5.6,81.5,35.7,20.9
2026-04-15 02:51:07,82.84,0.096,0.12,6.4,80.4,39.1,20.9
2026-04-15 02:51:08,82.88,0.108,0.131,5.63,81.5,36.9,20.9
2026-04-15 02:51:08,83.18,0.092,0.114,6.67,79.3,38.3,20.8
2026-04-15 02:51:08,82.83,0.095,0.118,5.88,81.0,35.8,20.8
2026-04-15 02:51:08,83.03,0.102,0.124,5.74,79.8,40.6,20.9
2026-04-15 02:51:08,82.91,0.085,0.107,6.71,81.5,39.0,20.9
2026-04-15 02:51:08,83.13,0.105,0.12,6.5,79.3,43.5,20.9
2026-04-15 02:51:09,82.96,0.085,0.108,6.84,81.0,33.3,20.9
2026-04-15 02:51:09,83.37,0.092,0.105,7.12,79.8,44.8,20.9
2026-04-15 02:51:09,82.27,0.091,0.113,6.06,80.4,37.9,20.9
2026-04-15 02:51:09,82.86,0.085,0.109,6.19,79.8,37.9,20.8
2026-04-15 02:51:09,83.41,0.093,0.107,7.09,81.0,42.6,20.8
2026-04-15 02:51:09,83.38,0.085,0.108,6.32,80.4,31.1,20.8
2026-04-15 02:51:10,84.16,0.11,0.124,6.31,79.8,43.5,20.8
2026-04-15 02:51:10,82.74,0.086,0.108,6.94,79.8,36.8,20.8
2026-04-15 02:51:10,82.09,0.09,0.101,7.37,81.5,49.1,20.8
2026-04-15 02:51:10,83.01,0.115,0.138,5.21,80.4,38.2,20.8
2026-04-15 02:51:10,82.44,0.096,0.113,6.79,79.8,42.4,20.8
2026-04-15 02:51:10,82.71,0.094,0.117,6.1,80.4,37.9,20.9
2026-04-15 02:51:10,83.35,0.107,0.13,5.56,81.5,31.8,20.9
2026-04-15 02:51:11,83.28,0.096,0.119,6.42,79.8,40.0,20.9
2026-04-15 02:51:11,83.07,0.097,0.12,5.98,79.3,36.4,20.9
2026-04-15 02:51:11,83.48,0.093,0.116,6.14,79.8,37.9,20.9
2026-04-15 02:51:11,82.83,0.091,0.114,6.07,79.3,38.5,20.9
2026-04-15 02:51:11,83.16,0.106,0.129,5.51,80.4,36.6,20.8
2026-04-15 02:51:11,83.05,0.103,0.126,6.12,80.4,36.9,20.8
2026-04-15 02:51:12,83.28,0.103,0.126,5.99,82.0,40.3,20.8
2026-04-15 02:51:12,82.3,0.096,0.118,6.3,79.8,44.4,20.8
2026-04-15 02:51:12,82.79,0.121,0.145,5.19,79.8,36.5,20.8
2026-04-15 02:51:12,83.56,0.112,0.135,5.27,81.0,37.3,20.8
2026-04-15 02:51:12,82.98,0.087,0.108,7.05,80.4,41.4,20.8
2026-04-15 02:51:12,82.92,0.096,0.109,6.99,79.8,42.9,20.9
2026-04-15 02:51:13,81.51,0.089,0.111,6.25,80.4,39.7,20.9
2026-04-15 02:51:13,83.24,0.102,0.125,5.59,79.3,36.6,20.9
2026-04-15 02:51:13,82.75,0.087,0.11,6.62,80.4,41.3,20.9
2026-04-15 02:51:13,83.84,0.088,0.101,7.39,81.0,42.0,20.9
2026-04-15 02:51:13,84.32,0.088,0.111,6.03,78.8,32.3,20.9
2026-04-15 02:51:13,83.15,0.089,0.113,5.92,80.4,40.0,20.9
2026-04-15 02:51:14,83.39,0.107,0.13,5.45,79.8,32.9,20.9
2026-04-15 02:51:14,83.52,0.098,0.121,6.36,80.4,39.4,21.0
2026-04-15 02:51:14,84.06,0.112,0.136,5.51,79.3,42.5,21.0
2026-04-15 02:51:14,83.28,0.098,0.117,6.55,79.8,41.7,21.0
2026-04-15 02:51:14,83.39,0.108,0.131,5.7,79.8,36.2,21.0
2026-04-15 02:51:14,82.73,0.096,0.12,6.43,81.5,39.7,21.1
2026-04-15 02:51:15,84.24,0.086,0.109,6.42,79.8,34.4,21.1
2026-04-15 02:51:15,83.28,0.112,0.125,6.26,80.4,42.6,21.1
2026-04-15 02:51:15,82.61,0.094,0.114,6.77,79.8,41.7,21.1
2026-04-15 02:51:15,83.45,0.095,0.118,5.95,80.4,36.8,21.1
2026-04-15 02:51:15,83.67,0.101,0.121,5.79,81.5,34.8,21.1
2026-04-15 02:51:15,83.07,0.094,0.117,6.29,81.0,36.5,21.1
2026-04-15 02:51:16,83.13,0.096,0.119,5.9,79.8,36.8,21.1
2026-04-15 02:51:16,82.9,0.105,0.127,5.67,81.0,35.3,21.1
2026-04-15 02:51:16,82.92,0.101,0.124,6.18,81.5,40.0,21.1
2026-04-15 02:51:16,83.49,0.095,0.115,6.25,81.0,45.9,21.0
2026-04-15 02:51:16,83.1,0.099,0.122,5.86,79.8,37.1,21.0
2026-04-15 02:51:16,83.3,0.093,0.112,6.23,79.8,35.5,21.0
2026-04-15 02:51:17,83.59,0.089,0.112,6.14,80.4,36.9,21.0
2026-04-15 02:51:17,82.23,0.102,0.125,5.57,81.0,33.3,21.0
2026-04-15 02:51:17,82.9,0.113,0.136,5.63,78.8,34.3,21.0
2026-04-15 02:51:17,82.32,0.088,0.107,7.05,81.0,39.3,21.0
2026-04-15 02:51:17,82.76,0.307,0.352,2.46,82.0,82.0,20.2
2026-04-15 02:51:18,83.45,0.089,0.112,6.21,81.0,42.9,20.2
2026-04-15 02:51:18,82.78,0.084,0.107,6.23,80.4,35.4,20.2
2026-04-15 02:51:18,82.98,0.101,0.123,6.35,81.5,43.3,20.2
2026-04-15 02:51:18,83.77,0.112,0.135,5.8,81.0,47.1,20.2
2026-04-15 02:51:18,83.14,0.09,0.109,6.99,81.0,37.5,20.3
2026-04-15 02:51:18,83.59,0.085,0.108,6.18,79.8,38.5,20.3
2026-04-15 02:51:19,84.16,0.087,0.101,7.43,79.8,41.8,20.3
2026-04-15 02:51:19,83.92,0.09,0.102,7.33,81.5,40.0,20.3
2026-04-15 02:51:19,83.97,0.088,0.111,6.07,79.8,36.4,20.3
2026-04-15 02:51:19,83.59,0.092,0.115,5.86,79.8,36.2,20.3
2026-04-15 02:51:19,84.02,0.088,0.111,6.15,81.0,36.9,20.3
2026-04-15 02:51:19,84.13,0.089,0.112,5.96,79.8,36.4,20.3
2026-04-15 02:51:20,82.27,0.088,0.111,6.03,80.4,36.4,20.3
2026-04-15 02:51:20,83.4,0.105,0.127,5.46,80.4,39.7,20.3
2026-04-15 02:51:20,83.13,0.086,0.113,6.58,81.0,41.3,20.2
2026-04-15 02:51:20,84.19,0.088,0.111,6.08,80.4,35.4,20.2
2026-04-15 02:51:20,84.42,0.088,0.11,5.98,80.4,43.1,20.2
2026-04-15 02:51:20,82.79,0.092,0.115,5.89,80.4,34.8,20.2
2026-04-15 02:51:21,83.03,0.099,0.122,5.77,81.5,39.1,20.2
2026-04-15 02:51:21,83.93,0.094,0.117,6.2,81.0,34.9,20.2
2026-04-15 02:51:21,83.4,0.093,0.115,6.03,81.0,36.9,20.2
2026-04-15 02:51:21,83.97,0.089,0.108,6.14,80.4,37.5,20.2
2026-04-15 02:51:21,83.32,0.084,0.107,6.2,81.0,34.4,20.3
2026-04-15 02:51:21,83.46,0.088,0.101,7.28,81.5,42.6,20.3
2026-04-15 02:51:21,83.55,0.086,0.109,6.06,81.0,35.4,20.3
2026-04-15 02:51:22,83.78,0.085,0.098,7.54,81.0,38.5,20.4
2026-04-15 02:51:22,83.28,0.105,0.119,6.52,79.8,42.6,20.4
2026-04-15 02:51:22,83.14,0.117,0.14,5.63,82.0,39.7,20.4
2026-04-15 02:51:22,83.91,0.087,0.102,7.32,81.0,46.7,20.5
2026-04-15 02:51:22,83.82,0.103,0.108,6.63,80.4,57.1,20.5
2026-04-15 02:51:22,83.94,0.098,0.12,6.25,80.4,38.7,20.5
2026-04-15 02:51:23,83.94,0.113,0.138,5.44,80.4,33.8,20.5
2026-04-15 02:51:23,84.5,0.084,0.102,7.37,81.0,35.3,20.5
2026-04-15 02:51:23,83.91,0.099,0.115,6.72,81.5,45.9,20.5
2026-04-15 02:51:23,84.24,0.089,0.112,6.42,81.0,38.5,20.5
2026-04-15 02:51:23,83.64,0.094,0.116,5.81,79.8,36.8,20.5
2026-04-15 02:51:23,84.55,0.088,0.111,6.23,79.8,35.4,20.5
2026-04-15 02:51:24,84.07,0.1,0.126,5.51,79.8,33.3,20.5
2026-04-15 02:51:24,83.77,0.092,0.114,6.44,81.0,38.7,20.5
2026-04-15 02:51:24,83.99,0.092,0.115,5.98,81.5,36.4,20.5
2026-04-15 02:51:24,85.31,0.096,0.119,5.86,81.5,43.9,20.5
2026-04-15 02:51:24,86.09,0.088,0.111,6.33,79.3,36.5,20.4
2026-04-15 02:51:24,86.2,0.092,0.103,7.25,78.8,46.4,20.4
2026-04-15 02:51:24,85.99,0.108,0.131,5.49,79.8,35.6,20.4
2026-04-15 02:51:25,85.21,0.106,0.129,6.07,80.4,39.1,20.4
2026-04-15 02:51:25,85.41,0.087,0.11,6.75,81.0,39.3,20.4
2026-04-15 02:51:25,84.48,0.101,0.113,6.78,81.0,44.1,20.4
2026-04-15 02:51:25,83.1,0.097,0.116,6.12,81.0,37.5,20.4
2026-04-15 02:51:25,83.88,0.108,0.132,5.66,79.8,41.7,20.4
2026-04-15 02:51:25,84.14,0.091,0.114,6.73,81.0,37.5,20.4
2026-04-15 02:51:26,84.46,0.088,0.111,6.08,81.5,31.1,20.3
2026-04-15 02:51:26,84.35,0.097,0.111,6.88,79.8,46.6,20.3
2026-04-15 02:51:26,84.94,0.101,0.124,5.97,81.0,41.4,20.3
2026-04-15 02:51:26,84.92,0.089,0.107,6.49,80.4,33.3,20.3
2026-04-15 02:51:26,83.99,0.105,0.128,5.46,81.5,35.2,20.3
2026-04-15 02:51:26,83.56,0.092,0.115,6.54,80.4,36.1,20.4
2026-04-15 02:51:27,83.11,0.12,0.142,5.13,81.0,40.0,20.4
2026-04-15 02:51:27,83.29,0.089,0.112,5.93,81.0,35.3,20.5
2026-04-15 02:51:27,83.64,0.09,0.113,5.95,81.0,37.3,20.5
2026-04-15 02:51:27,83.83,0.089,0.112,6.05,80.4,37.3,20.5
2026-04-15 02:51:27,84.05,0.088,0.096,7.52,81.5,45.1,20.5
2026-04-15 02:51:27,83.7,0.096,0.117,5.76,80.4,36.2,20.5
2026-04-15 02:51:28,82.49,0.095,0.118,6.01,79.8,33.8,20.5
2026-04-15 02:51:28,82.89,0.102,0.125,5.76,80.4,33.8,20.5
2026-04-15 02:51:28,83.76,0.09,0.112,6.49,79.8,43.7,20.5
2026-04-15 02:51:28,84.31,0.111,0.134,5.3,78.8,37.0,20.5
2026-04-15 02:51:28,83.4,0.087,0.106,7.02,79.8,42.9,20.5
2026-04-15 02:51:28,83.2,0.09,0.113,5.91,79.8,36.2,20.5
2026-04-15 02:51:29,83.75,0.089,0.112,6.04,80.4,43.9,20.5
2026-04-15 02:51:29,84.01,0.09,0.106,5.96,79.8,33.8,20.5
2026-04-15 02:51:29,84.18,0.094,0.118,5.83,81.0,35.8,20.5
2026-04-15 02:51:29,84.25,0.084,0.107,6.43,81.0,35.5,20.5
2026-04-15 02:51:29,84.19,0.09,0.105,7.18,81.5,43.6,20.6
2026-04-15 02:51:29,84.03,0.084,0.107,6.23,80.4,33.8,20.6
2026-04-15 02:51:30,84.37,0.089,0.103,7.2,81.5,46.4,20.6
2026-04-15 02:51:30,83.85,0.111,0.134,5.32,79.8,41.6,20.6
2026-04-15 02:51:30,84.17,0.103,0.124,6.33,81.5,39.1,20.7
2026-04-15 02:51:30,84.24,0.086,0.109,6.67,82.6,33.9,20.7
2026-04-15 02:51:30,84.27,0.096,0.109,6.98,81.0,43.9,20.7
2026-04-15 02:51:30,83.83,0.086,0.109,6.39,81.0,34.9,20.7
2026-04-15 02:51:30,84.45,0.093,0.106,7.13,81.5,44.6,20.7
2026-04-15 02:51:31,84.39,0.105,0.128,5.59,81.5,40.3,20.6
2026-04-15 02:51:31,84.16,0.086,0.108,6.74,79.8,44.4,20.7
2026-04-15 02:51:31,84.62,0.09,0.103,7.3,81.5,42.6,20.7
2026-04-15 02:51:31,83.88,0.086,0.109,6.16,79.8,37.9,20.6
2026-04-15 02:51:31,84.62,0.101,0.114,6.74,81.5,36.4,20.6
2026-04-15 02:51:31,83.87,0.095,0.119,6.22,80.4,37.5,20.6
2026-04-15 02:51:32,83.3,0.084,0.107,6.43,82.0,33.3,20.7
2026-04-15 02:51:32,83.62,0.094,0.106,7.02,81.5,47.5,20.7
2026-04-15 02:51:32,83.49,0.094,0.117,5.99,81.0,35.4,20.6
2026-04-15 02:51:32,83.99,0.085,0.108,6.34,82.0,32.8,20.6
2026-04-15 02:51:32,84.12,0.096,0.109,6.91,81.5,52.5,20.6
2026-04-15 02:51:32,83.88,0.084,0.107,6.49,81.0,33.3,20.6
2026-04-15 02:51:32,83.78,0.084,0.099,7.51,79.8,44.4,20.6
2026-04-15 02:51:33,84.27,0.084,0.099,7.53,81.0,45.5,20.7
2026-04-15 02:51:33,84.54,0.099,0.108,6.7,81.5,49.2,20.7
2026-04-15 02:51:33,84.36,0.117,0.14,5.43,81.5,38.0,20.7
2026-04-15 02:51:33,84.02,0.096,0.113,6.83,82.0,37.9,20.7
2026-04-15 02:51:33,83.88,0.088,0.11,6.34,81.5,37.3,20.6
2026-04-15 02:51:33,83.81,0.098,0.121,5.67,81.5,32.9,20.6
2026-04-15 02:51:34,84.11,0.093,0.116,6.19,81.0,40.3,20.7
2026-04-15 02:51:34,84.68,0.088,0.111,6.2,80.4,34.9,20.7
2026-04-15 02:51:34,83.83,0.092,0.115,5.87,80.4,36.8,20.8
2026-04-15 02:51:34,83.96,0.107,0.13,5.49,81.0,41.7,20.8
2026-04-15 02:51:34,83.39,0.093,0.116,6.55,80.4,35.1,20.8
2026-04-15 02:51:34,84.02,0.098,0.124,5.74,79.3,32.3,20.8
2026-04-15 02:51:35,82.94,0.089,0.112,6.46,81.0,35.0,20.8
2026-04-15 02:51:35,84.71,0.114,0.137,5.15,81.0,42.3,20.9
2026-04-15 02:51:35,83.49,0.085,0.102,7.35,79.3,45.0,20.9
2026-04-15 02:51:35,84.17,0.087,0.101,7.39,79.8,38.8,20.9
2026-04-15 02:51:35,84.46,0.095,0.112,5.76,81.0,39.7,20.9
2026-04-15 02:51:35,83.91,0.087,0.112,6.21,81.0,34.9,20.9
2026-04-15 02:51:36,83.39,0.084,0.106,6.19,81.5,46.2,20.9
2026-04-15 02:51:36,83.35,0.096,0.111,6.89,81.5,37.5,20.9
2026-04-15 02:51:36,84.12,0.095,0.114,6.05,79.8,36.9,20.9
2026-04-15 02:51:36,83.8,0.102,0.123,5.76,81.0,33.8,20.9
2026-04-15 02:51:36,84.04,0.108,0.129,5.78,80.4,33.3,20.9
2026-04-15 02:51:36,83.4,0.109,0.132,5.97,79.8,40.3,20.9
2026-04-15 02:51:36,83.99,0.087,0.11,6.92,81.5,34.5,20.9
2026-04-15 02:51:37,84.03,0.089,0.112,5.92,79.8,34.8,20.9
2026-04-15 02:51:37,83.86,0.102,0.125,5.57,81.0,38.9,20.9
2026-04-15 02:51:37,83.64,0.098,0.121,6.16,82.0,34.9,20.9
2026-04-15 02:51:37,83.5,0.122,0.145,5.24,81.5,47.4,20.9
2026-04-15 02:51:37,84.41,0.106,0.126,5.45,80.4,32.9,21.0
2026-04-15 02:51:38,83.29,0.088,0.111,6.73,81.5,39.0,21.0
2026-04-15 02:51:38,84.74,0.088,0.111,6.01,80.4,34.8,21.0
2026-04-15 02:51:38,83.43,0.092,0.114,5.86,81.5,35.8,21.0
2026-04-15 02:51:38,83.44,0.085,0.108,6.24,81.0,34.4,21.0
2026-04-15 02:51:38,83.3,0.101,0.113,6.71,79.8,47.5,21.0
2026-04-15 02:51:38,83.57,0.129,0.153,5.1,80.4,37.3,21.0
2026-04-15 02:51:39,84.14,0.087,0.11,6.42,81.0,37.5,21.0
2026-04-15 02:51:39,83.79,0.103,0.11,6.69,81.5,55.0,21.0
2026-04-15 02:51:39,83.49,0.092,0.115,6.42,81.0,35.5,20.9
2026-04-15 02:51:39,83.24,0.102,0.124,5.68,80.4,37.1,20.9
2026-04-15 02:51:39,83.92,0.105,0.128,5.86,79.8,36.4,20.9
2026-04-15 02:51:39,83.76,0.084,0.108,6.86,81.5,41.4,20.9
2026-04-15 02:51:39,83.46,0.088,0.103,7.29,82.0,41.5,20.9
2026-04-15 02:51:40,83.2,0.085,0.109,6.1,80.4,33.8,20.9
2026-04-15 02:51:40,83.16,0.096,0.109,6.95,81.0,44.6,20.9
2026-04-15 02:51:40,83.63,0.087,0.108,6.33,81.5,35.0,20.9
2026-04-15 02:51:40,83.28,0.115,0.138,5.15,80.4,36.4,20.9
2026-04-15 02:51:40,83.34,0.091,0.108,7.01,81.5,42.4,20.9
2026-04-15 02:51:40,83.21,0.096,0.119,5.83,79.8,33.3,20.9
2026-04-15 02:51:41,83.02,0.112,0.133,5.49,79.8,38.9,20.9
2026-04-15 02:51:41,82.89,0.108,0.127,6.12,81.5,51.5,20.9
2026-04-15 02:51:41,83.12,0.099,0.121,6.38,81.0,40.6,20.9
2026-04-15 02:51:41,82.38,0.088,0.111,6.43,80.4,39.7,20.9
2026-04-15 02:51:41,82.94,0.098,0.121,5.66,81.0,34.8,21.0
2026-04-15 02:51:41,83.16,0.088,0.111,6.36,80.4,35.9,21.0
2026-04-15 02:51:42,84.0,0.103,0.113,6.77,81.0,39.3,21.0
2026-04-15 02:51:42,83.49,0.086,0.107,6.67,81.5,36.8,21.0
2026-04-15 02:51:42,83.02,0.087,0.099,7.48,79.8,37.3,21.0
2026-04-15 02:51:42,83.79,0.104,0.117,6.63,81.0,45.2,21.0
2026-04-15 02:51:42,83.21,0.108,0.131,5.88,81.0,38.8,21.0
2026-04-15 02:51:42,82.83,0.097,0.119,6.44,79.8,35.6,21.0
2026-04-15 02:51:42,84.18,0.091,0.114,6.19,81.0,35.0,21.0
2026-04-15 02:51:43,83.95,0.111,0.134,5.37,82.6,38.7,21.0
2026-04-15 02:51:43,83.22,0.086,0.109,6.96,80.4,38.6,21.0
2026-04-15 02:51:43,84.03,0.089,0.113,5.95,80.4,35.8,21.0
2026-04-15 02:51:43,83.18,0.088,0.111,6.06,81.5,31.7,21.0
2026-04-15 02:51:43,83.34,0.116,0.138,5.14,81.5,34.7,21.0
2026-04-15 02:51:43,83.69,0.088,0.103,7.17,81.0,42.9,20.9
2026-04-15 02:51:44,83.72,0.091,0.114,5.91,80.4,34.3,20.9
2026-04-15 02:51:44,82.69,0.107,0.135,5.35,81.5,31.4,20.9
2026-04-15 02:51:44,83.38,0.092,0.113,6.81,81.0,42.9,20.9
2026-04-15 02:51:44,83.53,0.088,0.113,6.06,79.8,34.9,20.9
2026-04-15 02:51:44,83.84,0.094,0.118,5.85,81.5,34.3,20.9
2026-04-15 02:51:44,83.24,0.104,0.126,5.68,80.4,37.0,20.9
2026-04-15 02:51:45,84.15,0.09,0.114,6.46,81.0,37.1,21.0
2026-04-15 02:51:45,83.99,0.093,0.116,5.96,81.5,47.7,21.0
2026-04-15 02:51:45,82.84,0.102,0.125,5.7,82.0,32.4,21.0
2026-04-15 02:51:45,83.75,0.096,0.118,6.21,81.5,37.1,21.1
2026-04-15 02:51:45,83.36,0.097,0.119,6.0,81.0,33.3,21.1
2026-04-15 02:51:46,83.36,0.12,0.144,5.25,81.0,37.3,21.1
2026-04-15 02:51:46,83.45,0.09,0.113,5.89,81.5,36.2,21.1
2026-04-15 02:51:46,83.24,0.105,0.128,5.52,80.4,33.8,21.1
2026-04-15 02:51:46,83.52,0.088,0.109,6.68,81.0,35.6,21.1
2026-04-15 02:51:46,82.27,0.107,0.13,5.39,79.3,35.6,21.0
2026-04-15 02:51:46,83.21,0.095,0.118,6.48,79.8,37.5,21.0
2026-04-15 02:51:47,83.35,0.095,0.118,6.01,78.8,38.2,21.0
2026-04-15 02:51:47,83.06,0.126,0.149,5.05,79.8,35.5,21.0
2026-04-15 02:51:47,83.52,0.108,0.131,5.5,81.5,39.4,21.0
2026-04-15 02:51:47,82.29,0.089,0.112,6.76,81.5,41.9,21.0
2026-04-15 02:51:47,83.68,0.114,0.136,5.21,81.5,40.8,21.0
2026-04-15 02:51:47,83.45,0.092,0.112,6.84,81.0,41.0,21.0
2026-04-15 02:51:48,83.96,0.191,0.214,3.79,81.5,62.9,20.9
2026-04-15 02:51:48,83.48,0.178,0.202,3.9,83.2,91.2,20.1
2026-04-15 02:51:48,84.22,0.108,0.126,6.23,83.2,40.6,20.1
2026-04-15 02:51:48,84.19,0.09,0.112,6.77,82.0,42.1,20.1
2026-04-15 02:51:48,83.82,0.095,0.118,5.8,82.6,33.8,20.2
2026-04-15 02:51:49,84.02,0.088,0.111,6.27,81.0,36.9,20.2
2026-04-15 02:51:49,83.6,0.09,0.113,5.94,81.5,34.3,20.2
2026-04-15 02:51:49,83.84,0.1,0.123,5.66,80.4,34.8,20.2
2026-04-15 02:51:49,83.51,0.083,0.105,6.69,81.5,42.2,20.2
2026-04-15 02:51:49,83.68,0.099,0.109,6.62,82.0,53.2,20.2
2026-04-15 02:51:49,83.83,0.094,0.116,6.26,82.0,38.5,20.2
2026-04-15 02:51:50,84.34,0.09,0.113,6.14,81.5,36.9,20.2
2026-04-15 02:51:50,83.56,0.105,0.127,5.52,82.0,39.4,20.2
2026-04-15 02:51:50,83.85,0.099,0.121,6.23,81.0,33.9,20.2
2026-04-15 02:51:50,83.5,0.096,0.119,6.09,82.6,37.5,20.2
2026-04-15 02:51:50,84.09,0.088,0.11,6.33,81.5,39.3,20.2
2026-04-15 02:51:50,83.6,0.083,0.106,6.17,81.5,35.3,20.2
2026-04-15 02:51:50,83.87,0.092,0.106,7.05,81.0,41.8,20.2
2026-04-15 02:51:51,83.89,0.084,0.106,6.31,81.5,39.4,20.2
2026-04-15 02:51:51,83.46,0.11,0.127,6.22,82.6,47.8,20.2
2026-04-15 02:51:51,83.82,0.098,0.12,6.49,81.5,38.3,20.2
2026-04-15 02:51:51,84.22,0.12,0.144,5.29,81.0,37.8,20.2
2026-04-15 02:51:51,83.7,0.095,0.118,5.76,82.0,30.8,20.2
2026-04-15 02:51:51,83.5,0.089,0.113,6.21,82.0,37.9,20.2
2026-04-15 02:51:52,83.4,0.084,0.107,6.2,81.5,33.3,20.2
2026-04-15 02:51:52,83.45,0.088,0.103,7.27,82.0,44.6,20.2
2026-04-15 02:51:52,82.77,0.107,0.13,5.39,81.0,34.7,20.2
2026-04-15 02:51:52,82.95,0.106,0.129,6.06,80.4,38.1,20.3
2026-04-15 02:51:52,83.22,0.089,0.112,6.65,82.6,37.3,20.3
2026-04-15 02:51:52,83.23,0.096,0.106,7.1,82.0,46.4,20.2
2026-04-15 02:51:53,83.79,0.096,0.119,6.05,82.0,37.3,20.2
2026-04-15 02:51:53,83.47,0.088,0.111,6.29,79.8,32.2,20.2
2026-04-15 02:51:53,84.1,0.093,0.113,5.82,81.0,35.7,20.2
2026-04-15 02:51:53,83.87,0.091,0.107,6.09,81.5,46.2,20.2
2026-04-15 02:51:53,84.05,0.104,0.131,5.44,82.0,38.4,20.3
2026-04-15 02:51:53,83.92,0.091,0.114,6.7,81.0,35.6,20.2
2026-04-15 02:51:54,83.95,0.09,0.113,6.04,81.5,36.4,20.3
2026-04-15 02:51:54,83.71,0.094,0.117,5.84,81.0,37.3,20.3
2026-04-15 02:51:54,83.62,0.091,0.115,6.12,81.0,35.8,20.3
2026-04-15 02:51:54,83.81,0.091,0.113,6.02,81.5,38.8,20.2
2026-04-15 02:51:54,83.89,0.09,0.113,6.04,81.0,32.8,20.2
2026-04-15 02:51:54,83.37,0.087,0.108,6.1,82.6,38.8,20.2
2026-04-15 02:51:55,83.43,0.124,0.147,4.93,81.0,33.3,20.2
2026-04-15 02:51:55,83.79,0.091,0.114,5.96,81.5,37.3,20.3
2026-04-15 02:51:55,83.42,0.104,0.127,5.58,81.0,41.4,20.3
2026-04-15 02:51:55,84.45,0.089,0.11,6.58,81.5,41.3,20.4
2026-04-15 02:51:55,84.11,0.089,0.113,5.99,82.0,33.8,20.4
2026-04-15 02:51:55,83.17,0.096,0.118,5.78,81.0,38.6,20.5
2026-04-15 02:51:56,83.8,0.09,0.114,6.18,80.4,34.4,20.5
2026-04-15 02:51:56,83.58,0.089,0.111,6.08,82.0,34.8,20.5
2026-04-15 02:51:56,84.06,0.097,0.12,5.73,81.5,33.3,20.5
2026-04-15 02:51:56,83.6,0.102,0.12,5.83,80.4,35.8,20.5
2026-04-15 02:51:56,83.39,0.091,0.115,6.38,81.5,38.1,20.5
2026-04-15 02:51:56,83.66,0.088,0.11,6.13,81.0,36.9,20.5
2026-04-15 02:51:57,83.75,0.111,0.134,5.28,81.0,39.2,20.6
2026-04-15 02:51:57,82.86,0.092,0.114,6.77,82.0,33.9,20.6
2026-04-15 02:51:57,82.14,0.09,0.119,5.87,79.8,36.8,20.6
2026-04-15 02:51:57,83.54,0.088,0.111,6.33,81.0,36.9,20.6
2026-04-15 02:51:57,83.23,0.09,0.095,7.37,81.0,60.4,20.6
2026-04-15 02:51:57,83.01,0.095,0.118,5.84,81.0,33.3,20.7
2026-04-15 02:51:58,83.24,0.117,0.14,5.31,82.0,36.4,20.7
2026-04-15 02:51:58,82.54,0.101,0.117,6.63,82.0,40.0,20.7
2026-04-15 02:51:58,83.43,0.088,0.112,6.47,81.5,38.7,20.7
2026-04-15 02:51:58,82.7,0.087,0.111,6.03,80.4,34.8,20.6
2026-04-15 02:51:58,83.14,0.103,0.128,5.43,80.4,32.8,20.6
2026-04-15 02:51:58,83.02,0.088,0.11,6.7,81.5,35.6,20.6
2026-04-15 02:51:59,83.25,0.124,0.147,4.93,79.8,39.2,20.6
2026-04-15 02:51:59,82.51,0.089,0.113,6.06,81.0,33.3,20.6
2026-04-15 02:51:59,82.87,0.096,0.119,5.78,80.4,41.1,20.6
2026-04-15 02:51:59,83.07,0.11,0.133,5.53,81.5,36.2,20.6
2026-04-15 02:51:59,83.11,0.089,0.112,6.85,81.5,45.9,20.6
2026-04-15 02:51:59,83.09,0.091,0.111,5.95,82.0,35.4,20.5
2026-04-15 02:52:00,83.41,0.087,0.11,6.13,80.4,33.3,20.5
2026-04-15 02:52:00,82.18,0.098,0.122,5.61,82.6,40.3,20.6
2026-04-15 02:52:00,82.21,0.088,0.11,6.43,81.5,38.1,20.6
2026-04-15 02:52:00,82.88,0.089,0.1,7.46,81.5,45.5,20.6
2026-04-15 02:52:00,83.59,0.107,0.129,5.41,81.5,37.8,20.6
2026-04-15 02:52:00,83.08,0.088,0.111,6.76,81.5,35.1,20.6
2026-04-15 02:52:01,83.26,0.1,0.123,5.61,80.4,37.8,20.7
2026-04-15 02:52:01,83.33,0.096,0.12,6.12,81.5,41.8,20.7
2026-04-15 02:52:01,83.8,0.099,0.121,5.93,80.4,41.4,20.7
2026-04-15 02:52:01,84.19,0.113,0.136,5.53,81.5,42.5,20.7
2026-04-15 02:52:01,84.44,0.089,0.107,7.01,80.4,37.0,20.7
2026-04-15 02:52:01,83.12,0.091,0.112,5.94,82.0,38.2,20.8
2026-04-15 02:52:02,83.76,0.092,0.115,5.95,81.5,34.3,20.8
2026-04-15 02:52:02,83.98,0.116,0.138,5.26,81.0,38.2,20.7
2026-04-15 02:52:02,83.46,0.087,0.104,7.24,81.5,42.1,20.7
2026-04-15 02:52:02,83.41,0.105,0.117,6.63,81.5,43.3,20.6
2026-04-15 02:52:02,83.05,0.093,0.116,6.45,81.5,43.7,20.6
2026-04-15 02:52:02,83.67,0.085,0.108,6.32,80.4,39.4,20.7
2026-04-15 02:52:02,83.25,0.085,0.099,7.51,82.0,42.3,20.7
2026-04-15 02:52:03,83.11,0.087,0.101,7.38,81.0,36.5,20.7
2026-04-15 02:52:03,83.76,0.092,0.104,7.22,81.5,49.2,20.7
2026-04-15 02:52:03,83.66,0.088,0.111,6.15,81.0,34.9,20.6
2026-04-15 02:52:03,83.63,0.089,0.112,5.99,81.0,32.3,20.6
2026-04-15 02:52:03,84.03,0.105,0.129,5.44,80.4,43.7,20.6
2026-04-15 02:52:03,84.41,0.103,0.126,6.11,81.5,34.9,20.6
2026-04-15 02:52:04,84.83,0.094,0.119,6.25,81.0,36.7,20.6
2026-04-15 02:52:04,84.75,0.084,0.107,6.46,81.5,37.1,20.7
2026-04-15 02:52:04,84.43,0.133,0.148,5.5,81.5,52.7,20.7
2026-04-15 02:52:04,84.48,0.088,0.111,6.45,81.5,33.3,20.7
2026-04-15 02:52:04,84.62,0.089,0.112,5.97,80.4,37.9,20.7
2026-04-15 02:52:04,84.75,0.101,0.125,5.58,80.4,40.0,20.7
2026-04-15 02:52:05,84.76,0.088,0.11,6.55,81.5,36.7,20.7
2026-04-15 02:52:05,84.72,0.087,0.11,6.01,81.5,37.9,20.7
2026-04-15 02:52:05,84.85,0.097,0.109,6.98,81.0,46.7,20.7
2026-04-15 02:52:05,84.69,0.109,0.133,5.6,80.4,40.3,20.7
2026-04-15 02:52:05,84.36,0.13,0.15,5.34,80.4,46.7,20.7
2026-04-15 02:52:05,84.88,0.088,0.111,6.35,81.5,33.9,20.7
2026-04-15 02:52:06,84.46,0.1,0.111,6.88,81.5,43.9,20.7
2026-04-15 02:52:06,84.77,0.106,0.129,5.79,81.0,40.8,20.6
2026-04-15 02:52:06,83.95,0.106,0.128,6.02,81.0,35.4,20.6
2026-04-15 02:52:06,84.81,0.086,0.109,6.78,82.0,36.8,20.6
2026-04-15 02:52:06,84.64,0.11,0.123,6.37,81.5,40.0,20.6
2026-04-15 02:52:06,84.61,0.103,0.125,6.28,81.0,37.1,20.6
2026-04-15 02:52:07,84.52,0.09,0.113,6.48,80.4,40.3,20.6
2026-04-15 02:52:07,84.44,0.1,0.123,5.69,81.5,32.3,20.6
2026-04-15 02:52:07,84.39,0.089,0.112,6.43,81.5,38.5,20.5
2026-04-15 02:52:07,84.67,0.095,0.115,5.77,81.5,39.4,20.5
2026-04-15 02:52:07,84.59,0.096,0.099,7.4,82.6,56.4,20.5
2026-04-15 02:52:07,84.5,0.101,0.125,5.85,81.5,37.3,20.6
2026-04-15 02:52:08,84.73,0.127,0.15,5.2,81.5,33.8,20.6
2026-04-15 02:52:08,84.58,0.092,0.114,6.08,81.5,37.3,20.6
2026-04-15 02:52:08,84.48,0.093,0.113,5.97,81.5,37.3,20.6
2026-04-15 02:52:08,84.42,0.1,0.119,5.74,82.0,34.8,20.7
2026-04-15 02:52:08,84.34,0.095,0.118,6.18,81.5,39.4,20.7
2026-04-15 02:52:08,84.78,0.095,0.118,6.0,80.4,38.2,20.7
2026-04-15 02:52:09,84.4,0.096,0.118,5.96,81.5,37.3,20.7
2026-04-15 02:52:09,84.62,0.1,0.122,5.88,81.5,40.6,20.7
2026-04-15 02:52:09,84.67,0.084,0.103,6.63,81.5,34.5,20.7
2026-04-15 02:52:09,84.27,0.092,0.104,7.1,82.6,52.6,20.8
2026-04-15 02:52:09,84.38,0.102,0.125,5.6,82.6,34.8,20.8
2026-04-15 02:52:09,84.42,0.089,0.112,6.62,82.0,36.7,20.8
2026-04-15 02:52:09,84.24,0.091,0.114,5.91,81.5,37.7,20.8
2026-04-15 02:52:10,84.55,0.092,0.115,5.95,81.5,39.1,20.9
2026-04-15 02:52:10,84.92,0.094,0.111,5.93,81.5,40.3,20.9
2026-04-15 02:52:10,84.19,0.107,0.131,5.54,81.0,34.2,20.9
2026-04-15 02:52:10,84.11,0.095,0.115,6.48,81.0,50.0,20.9
2026-04-15 02:52:10,84.33,0.103,0.126,5.77,81.0,34.8,20.9
2026-04-15 02:52:10,84.13,0.09,0.113,6.51,82.0,35.6,20.9
2026-04-15 02:52:11,84.07,0.088,0.111,6.07,81.5,38.2,20.8
2026-04-15 02:52:11,84.69,0.091,0.113,5.92,81.0,36.4,20.8
2026-04-15 02:52:11,84.42,0.113,0.136,5.29,82.0,35.6,20.8
2026-04-15 02:52:11,84.86,0.102,0.121,6.43,81.5,40.0,20.8
2026-04-15 02:52:11,84.28,0.092,0.115,6.39,81.0,35.0,20.8
2026-04-15 02:52:12,84.94,0.107,0.13,5.5,82.0,43.2,20.8
2026-04-15 02:52:12,84.85,0.096,0.119,6.41,81.5,38.7,20.9
2026-04-15 02:52:12,84.18,0.097,0.12,5.96,80.4,35.4,20.9
2026-04-15 02:52:12,84.72,0.089,0.112,6.31,81.0,37.7,20.9
2026-04-15 02:52:12,84.74,0.091,0.115,5.87,81.5,40.0,20.9
2026-04-15 02:52:12,84.78,0.113,0.136,5.36,81.5,33.8,21.0
2026-04-15 02:52:12,84.79,0.091,0.112,6.88,80.4,36.8,21.0
2026-04-15 02:52:13,84.79,0.106,0.126,5.52,80.4,34.8,21.0
2026-04-15 02:52:13,84.42,0.092,0.115,6.54,81.0,39.7,21.0
2026-04-15 02:52:13,84.68,0.087,0.11,6.21,81.5,34.9,21.0
2026-04-15 02:52:13,84.38,0.091,0.114,5.81,81.5,35.3,21.0
2026-04-15 02:52:13,84.43,0.093,0.116,5.98,81.0,36.4,21.0
2026-04-15 02:52:13,84.51,0.088,0.112,6.16,81.5,34.4,21.0
2026-04-15 02:52:14,84.65,0.089,0.112,5.98,80.4,35.4,21.1
2026-04-15 02:52:14,84.45,0.13,0.15,4.83,80.4,43.4,21.1
2026-04-15 02:52:14,84.21,0.087,0.109,6.34,81.5,33.9,21.0
2026-04-15 02:52:14,84.22,0.143,0.166,4.5,81.0,34.5,21.0
2026-04-15 02:52:14,84.5,0.091,0.114,6.75,81.5,40.0,21.0
2026-04-15 02:52:15,83.93,0.126,0.149,4.96,81.0,34.6,21.0
2026-04-15 02:52:15,84.49,0.107,0.131,5.51,80.4,36.6,21.0
2026-04-15 02:52:15,84.8,0.09,0.113,6.74,80.4,37.3,21.0
2026-04-15 02:52:15,84.86,0.111,0.134,5.31,82.6,41.3,21.0
2026-04-15 02:52:15,84.26,0.09,0.111,6.87,81.0,34.5,21.0
2026-04-15 02:52:15,85.03,0.095,0.117,5.85,80.4,35.8,21.0
2026-04-15 02:52:16,84.37,0.103,0.126,5.71,81.5,40.8,21.0
2026-04-15 02:52:16,84.46,0.088,0.111,6.59,82.0,38.7,21.0
2026-04-15 02:52:16,84.35,0.088,0.11,6.03,80.4,39.1,21.0
2026-04-15 02:52:16,84.52,0.115,0.138,5.17,80.4,35.1,21.0
2026-04-15 02:52:16,84.26,0.093,0.111,6.86,81.0,36.8,21.0
2026-04-15 02:52:16,84.03,0.093,0.116,5.99,81.0,37.3,21.0
2026-04-15 02:52:17,84.41,0.087,0.108,6.25,81.0,35.5,21.0
2026-04-15 02:52:17,84.63,0.363,0.378,2.42,82.0,84.5,20.2
2026-04-15 02:52:17,84.43,0.116,0.139,5.49,81.5,42.9,20.2
2026-04-15 02:52:17,84.19,0.092,0.109,6.99,82.0,43.3,20.1
2026-04-15 02:52:18,84.29,0.104,0.124,5.56,81.5,38.9,20.1
2026-04-15 02:52:18,84.86,0.093,0.115,6.49,81.0,42.2,20.1
2026-04-15 02:52:18,84.26,0.098,0.121,5.85,81.0,35.7,20.1
2026-04-15 02:52:18,84.52,0.097,0.12,6.02,81.5,37.9,20.1
2026-04-15 02:52:18,84.58,0.111,0.134,5.53,80.4,36.6,20.1
2026-04-15 02:52:18,84.28,0.089,0.11,6.94,81.5,37.9,20.1
2026-04-15 02:52:18,84.5,0.094,0.117,5.82,80.4,36.4,20.1
2026-04-15 02:52:19,84.41,0.086,0.089,8.0,81.0,41.7,20.1
2026-04-15 02:52:19,84.54,0.099,0.111,6.82,82.6,43.1,20.1
2026-04-15 02:52:19,84.64,0.114,0.136,5.48,81.5,40.5,20.0
2026-04-15 02:52:19,84.63,0.113,0.131,6.08,81.0,39.1,20.0
2026-04-15 02:52:19,84.68,0.095,0.114,6.73,80.4,39.7,20.1
2026-04-15 02:52:19,84.89,0.107,0.129,5.57,81.0,39.7,20.0
2026-04-15 02:52:20,84.71,0.098,0.121,6.39,81.5,41.9,20.1
2026-04-15 02:52:20,84.56,0.095,0.115,6.07,82.0,40.0,20.1
2026-04-15 02:52:20,84.8,0.124,0.147,5.15,81.5,41.6,20.1
2026-04-15 02:52:20,84.71,0.088,0.111,6.08,81.0,30.6,20.1
2026-04-15 02:52:20,84.57,0.111,0.134,5.28,81.0,34.7,20.1
2026-04-15 02:52:20,84.74,0.093,0.114,6.74,80.4,39.7,20.1
2026-04-15 02:52:21,84.5,0.1,0.127,5.6,82.0,34.3,20.1
2026-04-15 02:52:21,84.64,0.108,0.131,5.88,82.0,46.4,20.1
2026-04-15 02:52:21,84.4,0.098,0.122,6.38,80.4,39.1,20.1
2026-04-15 02:52:21,84.53,0.094,0.118,6.11,81.5,35.9,20.2
2026-04-15 02:52:21,84.52,0.119,0.142,5.26,82.0,37.3,20.2
2026-04-15 02:52:21,84.56,0.09,0.103,7.26,82.6,39.6,20.2
2026-04-15 02:52:22,84.33,0.087,0.109,6.13,82.0,37.9,20.2
2026-04-15 02:52:22,84.78,0.086,0.098,7.58,82.0,41.5,20.2
2026-04-15 02:52:22,84.84,0.098,0.112,6.86,82.0,44.1,20.3
2026-04-15 02:52:22,84.8,0.083,0.105,6.54,81.0,36.5,20.3
2026-04-15 02:52:22,84.64,0.114,0.129,6.14,82.0,43.3,20.3
2026-04-15 02:52:22,84.49,0.11,0.128,6.13,81.5,35.0,20.4
2026-04-15 02:52:23,84.45,0.088,0.11,6.9,82.6,40.0,20.4
2026-04-15 02:52:23,84.37,0.103,0.126,5.52,80.4,36.1,20.4
2026-04-15 02:52:23,84.81,0.103,0.126,6.0,81.0,34.4,20.4
2026-04-15 02:52:23,84.38,0.089,0.113,6.53,81.0,38.1,20.4
2026-04-15 02:52:23,84.55,0.089,0.112,6.03,80.4,37.3,20.4
2026-04-15 02:52:23,84.42,0.098,0.121,5.7,80.4,44.3,20.4
2026-04-15 02:52:24,84.6,0.098,0.121,6.0,81.0,37.3,20.4
2026-04-15 02:52:24,84.42,0.088,0.111,6.38,81.0,37.1,20.4
2026-04-15 02:52:24,84.49,0.089,0.108,5.97,81.5,35.8,20.4
2026-04-15 02:52:24,84.39,0.103,0.127,5.52,81.5,30.9,20.4
2026-04-15 02:52:24,84.44,0.088,0.111,6.62,81.5,39.3,20.4
2026-04-15 02:52:24,84.49,0.091,0.114,5.9,81.0,29.5,20.4
2026-04-15 02:52:25,85.1,0.104,0.125,5.56,80.4,37.5,20.4
2026-04-15 02:52:25,85.03,0.112,0.132,5.74,81.0,40.0,20.4
2026-04-15 02:52:25,84.45,0.09,0.109,6.88,82.0,42.1,20.4
2026-04-15 02:52:25,84.92,0.107,0.13,5.47,82.0,40.3,20.3
2026-04-15 02:52:25,84.72,0.104,0.129,6.05,81.5,40.3,20.4
2026-04-15 02:52:25,84.58,0.112,0.135,5.77,81.5,39.4,20.4
2026-04-15 02:52:26,84.35,0.088,0.109,7.01,81.5,39.7,20.4
2026-04-15 02:52:26,84.59,0.102,0.123,5.53,79.8,36.6,20.4
2026-04-15 02:52:26,84.07,0.097,0.12,6.22,81.0,39.1,20.5
2026-04-15 02:52:26,84.6,0.09,0.112,6.27,81.5,38.1,20.5
2026-04-15 02:52:26,84.39,0.095,0.118,5.79,82.0,38.0,20.5
2026-04-15 02:52:26,84.54,0.093,0.116,6.12,82.0,33.3,20.5
