Timestamp,Avg_Conf(%),InferenceTime(ms),TotalLatencyTime(ms),FPS,CPU_Temp(℃),CPU_Usage(%),Memory_Usage(%)
2026-04-15 03:02:27,73.7,160.6,553.7,1.81,34.2,0.0,19.3
2026-04-15 03:02:27,74.78,94.0,117.1,6.05,34.8,32.8,19.4
2026-04-15 03:02:27,72.42,82.2,105.2,6.46,35.3,32.3,19.4
2026-04-15 03:02:28,71.26,81.5,99.1,7.53,35.9,35.3,19.4
2026-04-15 03:02:28,74.96,103.3,121.1,6.46,34.8,39.0,19.4
2026-04-15 03:02:28,74.43,80.8,103.8,6.94,35.3,37.1,19.4
2026-04-15 03:02:28,75.55,82.6,101.5,7.4,34.2,36.5,19.4
2026-04-15 03:02:28,77.25,82.3,99.1,7.52,35.9,42.1,19.4
2026-04-15 03:02:28,76.13,83.5,100.3,7.46,35.9,38.9,19.4
2026-04-15 03:02:28,77.07,91.7,107.9,7.06,35.9,36.4,19.4
2026-04-15 03:02:29,74.18,85.6,108.5,6.24,34.8,33.3,19.4
2026-04-15 03:02:29,75.74,80.4,94.4,7.79,34.2,31.9,19.4
2026-04-15 03:02:29,75.8,90.2,109.2,7.0,34.2,42.1,19.4
2026-04-15 03:02:29,76.6,81.0,104.1,6.35,35.3,32.8,19.4
2026-04-15 03:02:29,77.33,81.5,100.2,7.46,35.9,35.3,19.4
2026-04-15 03:02:29,78.46,85.8,103.6,7.28,34.2,40.0,19.4
2026-04-15 03:02:29,76.32,83.4,96.6,7.64,34.2,38.5,19.4
2026-04-15 03:02:30,75.83,83.5,99.5,7.5,36.4,38.5,19.4
2026-04-15 03:02:30,78.27,83.0,98.6,7.54,35.9,35.8,19.4
2026-04-15 03:02:30,78.55,84.1,100.7,7.41,34.8,45.5,19.4
2026-04-15 03:02:30,77.75,82.5,97.7,7.6,35.3,35.3,19.4
2026-04-15 03:02:30,78.06,83.9,101.2,7.42,34.8,38.9,19.4
2026-04-15 03:02:30,78.08,81.6,96.8,7.66,35.3,32.7,19.4
2026-04-15 03:02:30,76.85,82.1,101.1,7.41,35.3,39.6,19.4
2026-04-15 03:02:30,77.13,83.9,100.4,7.46,35.3,44.1,19.4
2026-04-15 03:02:31,78.21,81.2,96.8,7.66,35.9,36.5,19.4
2026-04-15 03:02:31,76.95,93.8,112.1,6.85,34.8,42.4,19.4
2026-04-15 03:02:31,76.27,81.6,104.6,6.48,34.8,33.9,19.4
2026-04-15 03:02:31,76.82,82.0,102.1,7.35,35.9,37.0,19.4
2026-04-15 03:02:31,77.56,82.6,97.7,7.62,34.8,36.5,19.4
2026-04-15 03:02:31,77.34,85.1,102.0,7.37,35.9,41.8,19.4
2026-04-15 03:02:31,76.96,83.4,97.8,7.59,36.4,38.5,19.4
2026-04-15 03:02:32,76.7,82.2,98.1,7.58,36.4,38.9,19.4
2026-04-15 03:02:32,75.95,81.4,98.9,7.53,34.2,38.9,19.4
2026-04-15 03:02:32,76.63,84.0,101.8,7.37,35.9,36.5,19.4
2026-04-15 03:02:32,77.68,81.4,96.9,7.66,36.4,34.0,19.4
2026-04-15 03:02:32,77.49,82.1,100.0,7.46,36.4,34.6,19.4
2026-04-15 03:02:32,77.86,88.4,105.9,7.16,34.2,38.2,19.4
2026-04-15 03:02:32,78.14,83.0,106.1,6.21,35.3,29.0,19.4
2026-04-15 03:02:33,77.99,84.3,103.6,7.28,34.8,35.3,19.4
2026-04-15 03:02:33,76.64,83.9,106.9,6.11,35.3,33.8,19.4
2026-04-15 03:02:33,76.38,82.4,97.8,7.6,34.8,38.5,19.4
2026-04-15 03:02:33,77.14,83.2,100.4,7.46,35.3,38.5,19.4
2026-04-15 03:02:33,78.3,85.0,99.7,7.38,35.9,39.6,19.4
2026-04-15 03:02:33,77.51,82.8,96.8,7.66,35.3,37.3,19.4
2026-04-15 03:02:33,78.17,85.5,102.4,7.34,37.0,41.8,19.4
2026-04-15 03:02:33,77.45,89.2,102.7,7.29,35.9,40.7,19.4
2026-04-15 03:02:34,77.01,82.9,105.9,6.25,36.4,30.6,19.4
2026-04-15 03:02:34,77.66,82.1,98.5,7.54,36.4,41.8,19.4
2026-04-15 03:02:34,76.6,83.8,100.5,7.4,35.9,45.5,19.4
2026-04-15 03:02:34,76.87,83.0,97.2,7.57,36.4,37.3,19.4
2026-04-15 03:02:34,76.46,92.6,109.1,6.99,37.0,33.3,19.4
2026-04-15 03:02:34,77.35,84.8,107.7,6.31,35.9,34.4,19.4
2026-04-15 03:02:34,75.2,98.4,113.1,6.79,36.4,41.3,19.4
2026-04-15 03:02:35,79.6,89.3,111.8,6.34,35.3,33.9,19.4
2026-04-15 03:02:35,80.71,90.4,112.8,5.97,35.9,34.4,19.4
2026-04-15 03:02:35,79.5,99.4,122.7,5.69,34.8,35.2,19.4
2026-04-15 03:02:35,77.58,98.3,121.4,6.05,37.0,33.3,19.4
2026-04-15 03:02:35,69.28,87.6,110.6,6.37,36.4,36.5,19.4
2026-04-15 03:02:35,65.8,86.8,110.1,6.02,34.8,37.1,19.4
2026-04-15 03:02:36,69.4,92.7,115.6,5.85,35.9,32.8,19.4
2026-04-15 03:02:36,71.07,86.8,107.3,6.22,35.3,32.3,19.4
2026-04-15 03:02:36,70.15,85.6,97.8,7.58,35.9,41.5,19.4
2026-04-15 03:02:36,76.54,109.0,122.7,6.38,35.3,32.8,19.4
2026-04-15 03:02:36,77.25,82.2,105.0,7.16,35.3,36.4,19.4
2026-04-15 03:02:36,73.4,85.0,101.8,7.33,36.4,39.6,19.4
2026-04-15 03:02:37,71.04,84.3,98.5,7.55,35.9,41.5,19.4
2026-04-15 03:02:37,71.95,82.0,96.8,7.63,35.3,38.5,19.4
2026-04-15 03:02:37,69.94,82.5,100.0,7.46,37.0,37.3,19.4
2026-04-15 03:02:37,73.29,83.4,100.4,7.45,36.4,42.1,19.3
2026-04-15 03:02:37,73.64,85.8,101.2,7.39,35.9,38.9,19.4
2026-04-15 03:02:37,72.59,84.0,97.6,7.6,35.3,39.2,19.3
2026-04-15 03:02:37,73.89,92.8,106.6,7.04,37.0,41.4,19.4
2026-04-15 03:02:37,74.21,96.7,119.7,5.86,37.5,33.3,19.4
2026-04-15 03:02:38,71.42,93.8,116.8,6.12,35.9,34.8,19.4
2026-04-15 03:02:38,74.91,95.7,118.5,5.93,34.8,35.3,19.4
2026-04-15 03:02:38,73.4,85.1,108.0,6.41,35.3,34.4,19.3
2026-04-15 03:02:38,74.84,84.7,99.8,7.49,37.0,39.6,19.4
2026-04-15 03:02:38,76.71,94.5,108.1,7.03,35.9,46.8,19.3
2026-04-15 03:02:38,74.57,85.2,108.3,6.35,36.4,32.8,19.4
2026-04-15 03:02:39,76.04,115.7,129.7,6.12,36.4,40.0,19.4
2026-04-15 03:02:39,74.68,96.9,114.3,6.75,37.0,35.7,19.4
2026-04-15 03:02:39,71.03,86.1,109.4,6.42,36.4,40.0,19.4
2026-04-15 03:02:39,71.71,87.4,100.3,7.43,35.9,40.4,19.5
2026-04-15 03:02:39,71.26,85.2,97.1,7.64,35.3,40.4,19.5
2026-04-15 03:02:39,71.99,95.6,110.4,6.9,37.0,37.5,19.5
2026-04-15 03:02:39,70.23,97.9,121.7,5.94,37.5,33.8,19.6
2026-04-15 03:02:40,71.63,91.2,114.2,6.28,36.4,34.9,19.6
2026-04-15 03:02:40,71.76,88.8,112.0,6.08,37.0,38.8,19.6
2026-04-15 03:02:40,72.43,85.9,109.0,6.12,35.9,32.8,19.6
2026-04-15 03:02:40,71.79,85.7,99.2,7.51,36.4,43.9,19.6
2026-04-15 03:02:40,71.21,86.9,100.1,7.44,36.4,40.7,19.5
2026-04-15 03:02:40,73.03,87.6,99.7,7.47,37.0,42.6,19.5
2026-04-15 03:02:40,70.99,96.9,108.7,7.01,36.4,41.1,19.5
2026-04-15 03:02:41,70.34,91.9,114.8,6.2,36.4,37.3,19.5
2026-04-15 03:02:41,71.34,86.2,109.0,6.21,37.0,30.6,19.6
2026-04-15 03:02:41,67.21,86.2,96.1,7.5,36.4,41.5,19.6
2026-04-15 03:02:41,72.47,106.5,119.4,6.49,37.5,38.3,19.6
2026-04-15 03:02:41,69.38,86.5,109.4,6.85,36.4,38.3,19.6
2026-04-15 03:02:41,68.71,105.6,118.1,6.55,37.5,42.4,19.6
2026-04-15 03:02:42,71.55,83.2,106.3,6.93,37.0,35.7,19.5
2026-04-15 03:02:42,70.13,84.5,100.6,7.45,37.0,37.3,19.5
2026-04-15 03:02:42,70.4,88.4,103.2,7.28,36.4,40.7,19.5
2026-04-15 03:02:42,70.9,83.8,107.0,6.17,36.4,33.8,19.5
2026-04-15 03:02:42,68.82,89.3,103.4,7.21,37.5,39.3,19.5
2026-04-15 03:02:42,67.11,84.9,108.4,6.15,37.0,32.8,19.4
2026-04-15 03:02:42,69.13,92.3,106.3,7.12,36.4,38.9,19.4
2026-04-15 03:02:43,64.99,85.1,106.5,6.27,37.0,36.4,19.4
2026-04-15 03:02:43,67.84,83.8,97.7,7.59,36.4,42.6,19.4
2026-04-15 03:02:43,69.43,93.7,109.4,6.98,37.5,40.7,19.4
2026-04-15 03:02:43,71.09,87.6,110.6,6.23,38.0,28.8,19.4
2026-04-15 03:02:43,71.1,84.1,96.0,7.69,38.0,36.7,19.4
2026-04-15 03:02:43,69.32,94.2,109.3,6.99,37.5,39.3,19.4
2026-04-15 03:02:43,65.78,120.6,143.1,5.18,37.5,38.0,19.4
2026-04-15 03:02:44,67.97,84.0,95.0,7.68,35.9,37.3,19.4
2026-04-15 03:02:44,66.83,98.1,112.1,6.77,37.0,40.4,19.4
2026-04-15 03:02:44,69.04,84.3,107.0,6.56,37.0,33.3,19.4
2026-04-15 03:02:44,64.44,82.0,97.2,7.63,37.0,35.4,19.4
2026-04-15 03:02:44,68.89,93.8,111.3,6.89,37.5,36.4,19.4
2026-04-15 03:02:44,68.03,83.5,106.6,6.4,37.0,34.4,19.4
2026-04-15 03:02:44,69.08,83.8,99.5,7.48,37.5,39.2,19.4
2026-04-15 03:02:45,68.31,100.9,116.3,6.66,36.4,37.3,19.4
2026-04-15 03:02:45,69.98,85.2,106.5,6.61,38.0,35.1,19.4
2026-04-15 03:02:45,69.09,83.3,97.5,7.59,37.0,39.2,19.4
2026-04-15 03:02:45,69.64,90.3,105.1,7.17,38.0,42.1,19.4
2026-04-15 03:02:45,65.92,82.7,105.8,6.29,37.0,33.8,19.4
2026-04-15 03:02:45,65.48,82.8,98.3,7.49,37.5,38.0,19.4
2026-04-15 03:02:45,67.55,83.8,100.6,7.43,37.5,39.6,19.4
2026-04-15 03:02:46,69.06,91.3,104.8,7.12,38.6,38.9,19.4
2026-04-15 03:02:46,69.0,84.7,108.8,6.21,37.0,34.4,19.4
2026-04-15 03:02:46,69.2,82.9,96.8,7.65,37.5,44.8,19.4
2026-04-15 03:02:46,69.63,96.9,112.6,6.8,38.0,41.4,19.4
2026-04-15 03:02:46,66.15,96.8,119.8,6.01,37.5,34.3,19.4
2026-04-15 03:02:46,69.58,85.0,107.9,6.46,37.5,34.4,19.4
2026-04-15 03:02:47,70.82,85.5,99.9,7.47,36.4,39.2,19.4
2026-04-15 03:02:47,70.23,83.1,96.5,7.64,38.0,41.5,19.4
2026-04-15 03:02:47,72.09,85.1,99.6,7.39,38.0,38.5,19.4
2026-04-15 03:02:47,72.42,83.6,97.8,7.59,37.5,41.8,19.4
2026-04-15 03:02:47,70.33,88.4,105.6,7.18,37.0,38.9,19.4
2026-04-15 03:02:47,71.3,93.2,116.2,5.88,37.5,34.3,19.4
2026-04-15 03:02:47,69.41,86.1,109.0,6.27,36.4,35.5,19.4
2026-04-15 03:02:48,69.72,90.8,103.7,7.23,38.0,42.1,19.4
2026-04-15 03:02:48,68.07,90.6,113.8,6.02,36.4,34.8,19.4
2026-04-15 03:02:48,68.54,85.6,108.6,6.19,36.4,33.8,19.4
2026-04-15 03:02:48,70.29,86.2,100.1,7.47,38.6,36.5,19.4
2026-04-15 03:02:48,69.37,84.6,95.6,7.58,38.0,42.3,19.4
2026-04-15 03:02:48,72.99,86.1,101.4,7.38,37.5,40.7,19.4
2026-04-15 03:02:48,68.57,81.6,93.8,7.83,38.0,40.4,19.4
2026-04-15 03:02:49,71.55,91.2,109.3,6.99,38.0,37.7,19.4
2026-04-15 03:02:49,69.95,88.2,111.1,6.12,37.5,32.3,19.4
2026-04-15 03:02:49,73.75,83.4,106.4,6.18,37.5,33.8,19.4
2026-04-15 03:02:49,72.95,83.3,99.4,7.51,38.6,40.7,19.4
2026-04-15 03:02:49,71.22,98.9,115.0,6.72,38.0,41.0,19.4
2026-04-15 03:02:49,71.05,84.6,107.9,6.49,38.0,29.3,19.4
2026-04-15 03:02:49,74.76,89.4,102.6,7.31,37.0,36.0,19.4
2026-04-15 03:02:50,73.85,98.9,122.0,5.69,37.0,35.6,19.4
2026-04-15 03:02:50,73.83,101.0,123.9,5.93,37.0,43.7,19.4
2026-04-15 03:02:50,70.86,88.4,110.6,6.5,38.0,34.4,19.5
2026-04-15 03:02:50,72.27,83.2,105.0,6.19,38.0,32.3,19.4
2026-04-15 03:02:50,69.92,87.3,103.6,7.28,38.0,37.7,19.4
2026-04-15 03:02:50,72.94,95.2,106.9,7.08,37.5,36.4,19.4
2026-04-15 03:02:51,69.5,86.5,110.3,6.3,38.0,32.8,19.5
2026-04-15 03:02:51,72.36,103.4,115.0,6.69,37.0,43.3,19.5
2026-04-15 03:02:51,73.05,86.3,109.3,6.69,38.0,34.5,19.6
2026-04-15 03:02:51,71.03,85.5,101.6,7.38,37.5,37.3,19.6
2026-04-15 03:02:51,72.2,86.6,109.4,6.07,37.0,33.3,19.6
2026-04-15 03:02:51,69.04,95.4,107.7,7.05,37.0,38.2,19.7
2026-04-15 03:02:51,73.25,86.9,108.6,6.33,37.5,35.9,19.7
2026-04-15 03:02:52,75.32,88.1,100.4,7.43,37.0,39.2,19.7
2026-04-15 03:02:52,69.27,95.7,118.8,5.74,37.5,32.4,19.7
2026-04-15 03:02:52,71.49,91.8,113.3,6.14,37.5,36.8,19.7
2026-04-15 03:02:52,73.91,88.1,111.4,6.13,37.0,37.3,19.8
2026-04-15 03:02:52,70.05,90.3,113.3,5.94,37.0,32.8,19.8
2026-04-15 03:02:52,70.43,88.5,112.6,6.02,37.5,32.3,19.8
2026-04-15 03:02:53,72.4,97.1,119.9,5.74,38.6,32.4,19.8
2026-04-15 03:02:53,69.33,87.7,110.5,6.36,37.0,34.9,19.8
2026-04-15 03:02:53,72.25,86.5,108.4,6.04,37.0,38.0,19.9
2026-04-15 03:02:53,72.35,98.7,111.2,6.88,37.5,41.4,19.8
2026-04-15 03:02:53,72.54,85.9,109.2,6.5,38.0,34.4,19.8
2026-04-15 03:02:53,73.63,85.2,102.0,7.35,38.0,44.8,19.8
2026-04-15 03:02:53,71.75,88.0,111.6,6.02,38.6,35.3,19.8
2026-04-15 03:02:54,74.24,88.3,111.3,6.01,38.0,34.3,19.7
2026-04-15 03:02:54,72.03,87.5,110.6,6.03,38.0,35.3,19.7
2026-04-15 03:02:54,69.65,102.9,114.6,6.72,37.5,39.3,19.7
2026-04-15 03:02:54,73.69,91.8,113.9,6.43,38.0,36.9,19.7
2026-04-15 03:02:54,74.49,97.0,120.0,5.82,38.0,27.4,19.7
2026-04-15 03:02:54,72.54,84.1,107.1,6.51,39.1,39.1,19.7
2026-04-15 03:02:55,74.57,87.4,102.3,7.33,39.1,36.5,19.7
2026-04-15 03:02:55,72.9,96.0,104.3,7.04,38.6,44.8,19.7
2026-04-15 03:02:55,73.48,84.4,107.5,6.45,38.6,32.2,19.7
2026-04-15 03:02:55,73.89,84.7,100.0,7.49,38.0,40.7,19.8
2026-04-15 03:02:55,74.69,86.7,101.3,7.39,37.5,40.7,19.8
2026-04-15 03:02:55,71.89,85.6,98.0,7.57,38.0,34.7,19.8
2026-04-15 03:02:55,71.68,90.9,104.7,7.2,39.1,36.5,19.8
2026-04-15 03:02:56,73.71,92.0,115.0,5.97,38.6,31.3,19.9
2026-04-15 03:02:56,74.02,93.4,116.3,5.94,37.5,32.3,19.9
2026-04-15 03:02:56,71.74,86.3,109.6,6.27,37.5,38.2,19.9
2026-04-15 03:02:56,73.5,87.4,100.0,7.45,38.0,42.6,19.8
2026-04-15 03:02:56,71.92,87.4,98.9,7.51,37.5,37.3,19.8
2026-04-15 03:02:56,73.83,87.1,99.3,7.51,38.0,41.5,19.8
2026-04-15 03:02:56,70.67,88.4,100.2,7.45,37.5,43.4,19.8
2026-04-15 03:02:57,74.04,86.6,109.6,6.06,37.5,33.3,19.8
2026-04-15 03:02:57,73.55,84.7,96.8,7.62,39.1,41.5,19.8
2026-04-15 03:02:57,71.62,90.4,105.0,7.2,38.0,39.3,19.8
2026-04-15 03:02:57,72.8,100.8,123.8,5.65,38.6,31.9,19.7
2026-04-15 03:02:57,71.95,86.5,109.5,6.57,38.6,38.1,19.7
2026-04-15 03:02:57,72.7,85.8,100.1,7.45,38.0,41.8,19.7
2026-04-15 03:02:57,71.5,92.4,104.4,7.23,37.5,40.4,19.7
2026-04-15 03:02:58,76.24,92.9,114.9,5.95,37.5,34.8,19.7
2026-04-15 03:02:58,75.07,85.9,107.9,6.31,40.2,30.5,19.7
2026-04-15 03:02:58,71.16,94.4,108.2,7.04,38.0,40.7,19.7
2026-04-15 03:02:58,72.67,87.5,110.6,6.27,37.5,34.9,19.6
2026-04-15 03:02:58,68.89,85.3,97.3,7.62,38.6,42.6,19.6
2026-04-15 03:02:58,74.01,88.1,101.7,7.37,39.1,43.6,19.6
2026-04-15 03:02:59,78.76,88.9,112.4,5.96,37.0,38.0,19.6
2026-04-15 03:02:59,69.2,85.3,108.3,6.15,37.5,31.3,19.6
2026-04-15 03:02:59,65.77,84.5,98.8,7.53,39.1,39.6,19.6
2026-04-15 03:02:59,68.22,87.2,101.7,7.38,37.5,46.6,19.6
2026-04-15 03:02:59,67.35,84.9,96.8,7.63,37.5,36.0,19.6
2026-04-15 03:02:59,69.35,87.1,100.7,7.36,39.1,45.6,19.6
2026-04-15 03:02:59,69.2,86.0,97.9,7.59,38.6,39.6,19.6
2026-04-15 03:03:00,68.8,88.5,102.0,7.35,38.6,44.4,19.6
2026-04-15 03:03:00,68.86,94.5,117.4,5.8,38.6,34.8,19.6
2026-04-15 03:03:00,66.46,99.5,122.4,5.83,38.6,33.3,19.6
2026-04-15 03:03:00,66.42,83.4,106.3,6.63,39.7,36.1,19.6
2026-04-15 03:03:00,62.83,85.3,101.3,7.4,37.5,40.4,19.6
2026-04-15 03:03:00,67.5,85.4,98.9,7.49,39.1,44.6,19.7
2026-04-15 03:03:00,68.84,83.9,96.0,7.59,38.6,44.6,19.7
2026-04-15 03:03:01,69.53,93.3,108.6,7.01,38.6,44.8,19.7
2026-04-15 03:03:01,70.28,88.1,110.7,6.21,38.6,35.9,19.7
2026-04-15 03:03:01,68.91,91.7,114.7,5.87,39.7,33.3,19.7
2026-04-15 03:03:01,68.15,92.2,115.2,5.98,38.6,34.3,19.8
2026-04-15 03:03:01,67.68,85.8,108.7,6.24,37.5,34.4,19.8
2026-04-15 03:03:01,64.89,84.5,97.7,7.59,38.6,38.0,19.8
2026-04-15 03:03:01,71.04,100.8,115.9,6.68,37.5,40.0,19.8
2026-04-15 03:03:02,71.31,91.9,115.0,6.35,38.6,33.9,19.8
2026-04-15 03:03:02,69.94,100.3,123.1,5.72,38.6,31.3,19.8
2026-04-15 03:03:02,67.5,91.4,114.3,6.34,39.1,31.7,19.8
2026-04-15 03:03:02,65.17,89.2,112.3,6.08,38.6,34.3,19.8
2026-04-15 03:03:02,68.15,91.3,114.1,5.92,38.0,32.8,19.8
2026-04-15 03:03:02,70.42,89.1,112.3,6.09,39.1,32.8,19.8
2026-04-15 03:03:03,70.87,87.4,110.3,6.07,38.0,34.8,19.8
2026-04-15 03:03:03,67.54,85.1,97.2,7.63,38.6,38.0,19.8
2026-04-15 03:03:03,64.41,90.8,105.0,7.2,38.6,42.1,19.7
2026-04-15 03:03:03,66.09,108.0,131.1,5.44,40.2,31.9,19.7
2026-04-15 03:03:03,62.71,87.7,109.0,6.83,39.1,36.2,19.6
2026-04-15 03:03:03,62.09,90.8,113.7,5.9,38.6,31.8,19.6
2026-04-15 03:03:04,61.59,85.8,108.9,6.18,39.1,35.4,19.6
2026-04-15 03:03:04,65.62,93.5,107.9,7.05,39.7,42.4,19.5
2026-04-15 03:03:04,69.07,90.8,114.3,6.12,39.1,33.8,19.5
2026-04-15 03:03:04,74.63,136.0,159.1,4.73,38.0,32.9,19.5
2026-04-15 03:03:04,77.41,115.2,138.2,5.6,38.6,38.7,19.5
2026-04-15 03:03:04,74.03,84.3,101.9,7.36,37.5,40.0,19.5
2026-04-15 03:03:05,72.92,87.1,103.1,7.27,39.1,40.7,19.5
2026-04-15 03:03:05,71.41,98.8,121.4,5.65,37.5,39.4,19.5
2026-04-15 03:03:05,72.07,103.1,127.2,5.81,40.2,31.3,19.5
2026-04-15 03:03:05,74.69,99.0,125.7,6.06,39.7,37.3,19.5
2026-04-15 03:03:05,65.22,89.1,111.9,6.54,39.1,33.9,19.6
2026-04-15 03:03:05,71.02,91.8,115.0,5.9,39.1,33.8,19.6
2026-04-15 03:03:06,60.46,87.3,112.5,6.1,38.0,33.8,19.6
2026-04-15 03:03:06,70.16,84.7,94.2,7.77,39.1,40.0,19.6
2026-04-15 03:03:06,67.23,88.7,103.1,7.28,38.6,41.8,19.6
2026-04-15 03:03:06,77.37,87.7,110.7,6.05,39.1,33.3,19.6
2026-04-15 03:03:06,80.59,86.3,97.2,7.58,39.1,39.2,19.5
2026-04-15 03:03:06,73.29,87.8,100.7,7.42,38.0,45.8,19.5
2026-04-15 03:03:06,77.86,88.2,111.1,5.99,39.1,35.3,19.5
2026-04-15 03:03:07,78.19,86.8,97.6,7.57,39.7,41.5,19.5
2026-04-15 03:03:07,72.28,88.0,100.8,7.42,39.1,41.5,19.6
2026-04-15 03:03:07,70.11,88.7,112.8,5.96,39.1,33.8,19.6
2026-04-15 03:03:07,69.48,109.4,132.1,5.34,38.6,35.1,19.6
2026-04-15 03:03:07,69.39,96.4,115.1,6.56,38.6,32.1,19.6
2026-04-15 03:03:07,71.8,87.8,110.8,6.33,39.1,35.9,19.6
2026-04-15 03:03:08,70.73,100.6,123.6,5.58,39.7,33.3,19.6
2026-04-15 03:03:08,71.6,90.9,113.0,6.38,38.0,37.9,19.7
2026-04-15 03:03:08,69.3,85.8,110.0,6.15,39.7,32.8,19.7
2026-04-15 03:03:08,68.24,86.4,98.8,7.52,38.6,41.5,19.7
2026-04-15 03:03:08,71.51,86.2,98.2,7.53,40.2,36.2,19.7
2026-04-15 03:03:08,71.45,87.7,101.1,7.39,40.8,42.9,19.7
2026-04-15 03:03:08,70.52,84.6,107.7,6.13,39.7,32.8,19.7
2026-04-15 03:03:09,67.63,86.3,101.2,7.41,39.7,39.6,19.7
2026-04-15 03:03:09,66.47,91.8,104.8,7.2,39.1,44.1,19.7
2026-04-15 03:03:09,64.69,88.0,111.0,6.15,38.0,30.6,19.7
2026-04-15 03:03:09,67.65,84.6,109.7,6.05,38.6,33.3,19.7
2026-04-15 03:03:09,68.03,88.6,101.0,7.39,38.6,44.8,19.6
2026-04-15 03:03:09,67.92,104.1,127.1,5.49,39.1,35.7,19.6
2026-04-15 03:03:09,67.43,87.5,110.7,6.68,39.1,38.7,19.6
2026-04-15 03:03:10,70.42,84.7,106.3,6.1,39.1,29.5,19.6
2026-04-15 03:03:10,68.39,106.9,123.1,6.36,39.7,41.0,19.6
2026-04-15 03:03:10,69.38,86.1,109.2,6.95,39.1,36.2,19.7
2026-04-15 03:03:10,70.07,88.4,101.3,7.38,38.6,42.6,19.7
2026-04-15 03:03:10,70.18,89.5,111.8,5.95,39.1,36.2,19.7
2026-04-15 03:03:10,66.73,127.0,150.0,4.91,39.1,36.9,19.7
2026-04-15 03:03:11,70.9,86.7,110.5,6.24,39.1,35.4,19.7
2026-04-15 03:03:11,68.79,87.1,98.7,7.52,40.2,37.5,19.8
2026-04-15 03:03:11,68.91,98.2,110.0,6.93,40.2,40.4,19.8
2026-04-15 03:03:11,67.46,92.0,115.0,6.24,39.1,31.1,19.8
2026-04-15 03:03:11,68.12,85.5,108.7,6.24,39.7,37.9,19.8
2026-04-15 03:03:11,69.18,85.1,98.7,7.54,39.7,37.3,19.9
2026-04-15 03:03:11,69.28,87.0,99.7,7.36,39.1,43.9,19.9
2026-04-15 03:03:12,69.59,94.8,106.6,7.12,39.7,40.7,19.9
2026-04-15 03:03:12,68.94,84.4,107.6,6.39,40.2,33.9,19.9
2026-04-15 03:03:12,69.97,86.4,99.8,7.41,40.2,37.7,19.9
2026-04-15 03:03:12,70.14,88.2,101.0,7.4,40.2,40.4,19.9
2026-04-15 03:03:12,69.59,88.7,110.5,5.99,38.6,33.3,19.9
2026-04-15 03:03:12,69.83,84.4,107.4,6.16,39.7,36.2,19.9
2026-04-15 03:03:12,67.07,85.0,99.8,7.47,39.7,40.4,19.9
2026-04-15 03:03:13,70.05,86.2,100.1,7.44,39.7,40.7,19.9
2026-04-15 03:03:13,67.39,91.7,104.6,7.21,40.2,41.1,19.9
2026-04-15 03:03:13,70.08,82.4,105.9,6.33,39.7,34.9,19.9
2026-04-15 03:03:13,72.23,83.3,99.9,7.48,40.8,36.5,19.9
2026-04-15 03:03:13,70.93,87.2,103.7,7.28,40.2,42.1,20.0
2026-04-15 03:03:13,69.37,83.4,95.2,7.74,39.1,35.4,20.0
2026-04-15 03:03:13,67.63,86.5,103.3,7.29,39.7,38.9,20.0
2026-04-15 03:03:14,71.54,87.4,99.6,7.45,39.7,41.8,20.0
2026-04-15 03:03:14,68.97,83.7,105.7,6.16,40.2,34.8,20.0
2026-04-15 03:03:14,70.66,84.3,100.0,7.48,39.7,34.0,20.1
2026-04-15 03:03:14,67.01,83.3,97.1,7.56,40.2,40.4,20.1
2026-04-15 03:03:14,69.91,86.4,102.8,7.33,40.8,34.7,20.1
2026-04-15 03:03:14,69.5,83.2,94.9,7.69,40.2,36.0,20.1
2026-04-15 03:03:14,71.64,104.2,119.5,6.47,40.8,38.2,20.0
2026-04-15 03:03:15,70.32,85.9,108.9,6.74,39.1,36.7,20.0
2026-04-15 03:03:15,70.21,95.5,110.2,6.91,39.7,41.8,20.0
2026-04-15 03:03:15,72.83,91.1,112.5,6.24,40.2,33.3,20.0
2026-04-15 03:03:15,71.79,92.3,115.5,5.96,40.2,35.7,20.0
2026-04-15 03:03:15,70.56,87.2,110.1,6.19,38.6,35.4,20.0
2026-04-15 03:03:15,71.2,85.7,97.9,7.58,39.1,39.6,20.1
2026-04-15 03:03:15,70.37,86.6,100.2,7.46,40.2,41.5,20.1
2026-04-15 03:03:16,69.1,87.0,99.7,7.46,39.7,44.6,20.0
2026-04-15 03:03:16,69.59,88.1,100.1,7.46,40.8,44.4,20.0
2026-04-15 03:03:16,71.64,87.3,110.6,5.97,39.7,35.3,20.0
2026-04-15 03:03:16,71.52,89.3,112.3,6.0,39.7,33.8,20.0
2026-04-15 03:03:16,71.62,83.3,106.5,6.22,41.4,33.8,20.0
2026-04-15 03:03:16,68.65,82.7,97.2,7.51,40.8,36.0,20.0
2026-04-15 03:03:17,69.85,86.5,102.4,7.34,39.7,38.9,20.0
2026-04-15 03:03:17,70.63,86.9,97.9,7.47,40.8,38.0,20.0
2026-04-15 03:03:17,71.48,103.4,115.7,6.67,40.8,34.5,19.9
2026-04-15 03:03:17,68.46,83.6,106.6,6.81,40.2,31.5,19.9
2026-04-15 03:03:17,71.39,83.3,99.4,7.51,40.2,39.6,19.9
2026-04-15 03:03:17,73.6,107.4,121.6,6.36,40.2,34.5,19.9
2026-04-15 03:03:17,70.98,88.8,112.2,6.74,40.2,36.7,19.9
2026-04-15 03:03:18,68.15,86.1,108.6,6.1,39.7,36.8,19.8
2026-04-15 03:03:18,68.41,112.4,124.9,6.29,40.8,37.1,19.8
2026-04-15 03:03:18,70.59,83.1,102.2,7.28,40.8,37.7,19.8
2026-04-15 03:03:18,70.91,87.2,102.2,7.29,40.8,41.4,19.8
2026-04-15 03:03:18,69.5,81.8,93.6,7.81,40.2,41.2,19.8
2026-04-15 03:03:18,68.92,86.2,104.0,7.25,40.8,41.1,19.8
2026-04-15 03:03:18,67.69,82.2,95.0,7.75,41.4,37.3,19.8
2026-04-15 03:03:19,71.77,84.5,101.3,7.38,40.2,38.5,19.8
2026-04-15 03:03:19,69.84,84.8,98.8,7.45,39.7,40.7,19.8
2026-04-15 03:03:19,68.5,91.4,105.2,7.18,40.8,37.7,19.8
2026-04-15 03:03:19,69.36,87.7,114.9,5.98,40.2,33.3,19.8
2026-04-15 03:03:19,69.66,87.4,110.4,6.17,40.8,30.6,19.9
2026-04-15 03:03:19,67.62,84.2,93.5,7.68,40.8,38.8,19.9
2026-04-15 03:03:19,69.24,88.7,103.9,7.26,39.7,40.0,19.9
2026-04-15 03:03:20,68.39,86.1,109.2,6.1,40.2,32.3,19.9
2026-04-15 03:03:20,69.89,118.6,131.4,6.03,40.8,41.3,19.9
2026-04-15 03:03:20,69.64,90.0,102.8,7.23,40.8,42.4,19.9
2026-04-15 03:03:20,68.86,119.9,142.9,5.1,40.2,33.8,19.9
2026-04-15 03:03:20,69.51,88.8,101.6,7.37,41.4,37.7,19.9
2026-04-15 03:03:20,70.72,83.9,106.6,6.18,41.9,33.8,20.0
2026-04-15 03:03:21,71.06,96.3,111.6,6.88,40.8,38.6,20.0
2026-04-15 03:03:21,72.57,93.1,114.5,6.1,40.2,33.8,20.0
2026-04-15 03:03:21,69.82,83.4,106.3,6.39,41.4,33.3,20.0
2026-04-15 03:03:21,67.18,107.9,124.0,6.34,41.4,37.7,20.0
2026-04-15 03:03:21,67.69,88.4,111.5,6.8,40.2,38.7,19.9
2026-04-15 03:03:21,70.66,88.3,111.2,6.01,40.8,32.3,19.9
2026-04-15 03:03:21,68.2,84.7,107.9,6.13,40.2,34.8,19.9
2026-04-15 03:03:22,70.95,87.0,101.6,7.39,40.2,37.3,19.9
2026-04-15 03:03:22,68.53,152.6,169.7,4.91,40.8,57.5,20.0
2026-04-15 03:03:22,70.66,87.6,109.3,6.12,40.8,33.3,20.0
2026-04-15 03:03:22,71.46,86.4,109.4,6.05,40.2,34.3,20.0
2026-04-15 03:03:22,69.69,88.6,101.7,7.37,40.8,36.0,20.0
2026-04-15 03:03:22,67.81,86.0,109.1,6.1,40.8,35.3,20.0
2026-04-15 03:03:23,71.37,86.6,100.0,7.47,40.8,35.4,20.0
2026-04-15 03:03:23,68.25,88.4,100.3,7.4,41.9,43.9,20.1
2026-04-15 03:03:23,68.63,87.9,111.1,6.02,39.7,32.3,20.0
2026-04-15 03:03:23,70.13,100.6,122.8,5.58,41.4,29.4,20.0
2026-04-15 03:03:23,68.85,87.0,109.8,6.54,40.8,29.8,20.0
2026-04-15 03:03:23,71.12,85.0,97.7,7.59,39.7,39.2,20.0
2026-04-15 03:03:23,67.49,96.7,110.7,6.92,40.8,37.0,20.0
2026-04-15 03:03:24,72.09,91.8,114.7,6.19,39.7,36.9,20.0
2026-04-15 03:03:24,66.11,86.7,109.6,6.19,40.8,32.8,20.0
2026-04-15 03:03:24,70.5,95.6,106.9,7.04,43.0,42.1,20.0
2026-04-15 03:03:24,67.94,92.4,115.6,6.11,39.7,29.5,19.9
2026-04-15 03:03:24,68.03,85.4,108.6,6.27,40.8,34.8,19.9
2026-04-15 03:03:24,66.61,89.1,102.9,7.31,41.4,42.9,19.9
2026-04-15 03:03:25,68.96,100.0,123.1,5.62,41.4,33.3,19.9
2026-04-15 03:03:25,69.58,135.5,158.3,4.96,41.4,37.2,19.9
2026-04-15 03:03:25,69.74,87.1,110.1,6.6,41.9,37.1,19.9
2026-04-15 03:03:25,68.91,106.2,119.3,6.53,41.9,41.0,19.8
2026-04-15 03:03:25,68.72,94.7,117.8,6.47,41.9,39.1,19.8
2026-04-15 03:03:25,67.52,87.9,110.9,6.26,41.4,32.3,19.8
2026-04-15 03:03:26,70.87,85.5,108.3,6.09,41.9,31.2,19.8
2026-04-15 03:03:26,69.17,84.9,98.8,7.54,41.4,40.4,19.9
2026-04-15 03:03:26,70.73,91.7,106.1,7.14,41.4,42.9,19.9
2026-04-15 03:03:26,69.33,96.3,119.4,5.84,41.9,35.3,19.8
2026-04-15 03:03:26,70.68,83.5,106.6,6.5,41.4,32.2,19.8
2026-04-15 03:03:26,70.71,82.8,99.1,7.53,41.4,32.7,19.8
2026-04-15 03:03:26,68.37,86.3,102.4,7.31,41.9,40.0,19.8
2026-04-15 03:03:27,67.86,85.2,97.9,7.58,41.4,38.0,19.7
2026-04-15 03:03:27,70.83,83.7,100.2,7.46,41.4,44.8,19.8
2026-04-15 03:03:27,72.84,86.5,99.8,7.47,40.8,39.6,19.7
2026-04-15 03:03:27,70.39,84.8,97.2,7.6,43.0,38.8,19.7
2026-04-15 03:03:27,70.51,96.5,110.9,6.9,42.5,43.3,19.7
2026-04-15 03:03:27,66.87,92.0,115.0,6.17,41.4,35.4,19.7
2026-04-15 03:03:27,72.15,89.8,112.7,6.08,41.9,33.3,19.7
2026-04-15 03:03:28,70.44,86.0,109.2,6.14,40.8,30.6,19.7
2026-04-15 03:03:28,68.56,88.7,101.5,7.36,41.4,42.1,19.7
2026-04-15 03:03:28,68.52,94.3,113.0,5.81,41.9,34.8,19.7
2026-04-15 03:03:28,68.81,84.7,107.8,6.37,41.4,33.9,19.7
2026-04-15 03:03:28,68.12,82.4,98.4,7.56,42.5,37.3,19.7
2026-04-15 03:03:28,67.83,97.0,111.8,6.82,40.8,37.9,19.7
2026-04-15 03:03:28,66.65,87.9,110.6,6.35,41.9,33.9,19.7
2026-04-15 03:03:29,70.6,106.1,129.2,5.41,41.4,36.0,19.7
2026-04-15 03:03:29,67.65,84.2,107.3,6.91,41.4,36.2,19.7
2026-04-15 03:03:29,66.75,85.1,100.4,7.44,41.4,40.7,19.8
2026-04-15 03:03:29,70.53,86.1,100.2,7.45,40.2,43.9,19.8
2026-04-15 03:03:29,70.18,86.3,99.0,7.5,42.5,42.6,19.8
2026-04-15 03:03:29,66.92,86.8,98.7,7.48,41.9,46.6,19.9
2026-04-15 03:03:29,67.39,87.4,99.6,7.47,41.9,41.5,19.9
2026-04-15 03:03:30,70.23,87.6,97.5,7.49,41.9,43.6,20.0
2026-04-15 03:03:30,71.36,100.4,112.3,6.84,40.8,44.8,20.0
2026-04-15 03:03:30,69.39,85.1,108.2,6.6,41.9,35.0,20.0
2026-04-15 03:03:30,66.78,85.9,100.1,7.46,41.9,39.6,20.1
2026-04-15 03:03:30,65.79,83.2,94.8,7.64,41.9,41.5,20.1
2026-04-15 03:03:30,69.19,83.5,99.3,7.5,41.9,45.6,20.2
2026-04-15 03:03:30,68.72,85.0,101.4,7.4,40.8,39.6,20.2
2026-04-15 03:03:31,69.86,82.3,95.3,7.68,41.9,43.9,20.2
2026-04-15 03:03:31,67.85,90.8,107.7,7.05,41.9,40.7,20.2
2026-04-15 03:03:31,71.09,82.8,105.8,6.31,42.5,34.4,20.2
2026-04-15 03:03:31,67.07,84.6,100.5,7.41,41.4,40.7,20.2
2026-04-15 03:03:31,64.36,83.8,98.7,7.55,42.5,41.5,20.2
2026-04-15 03:03:31,66.52,82.9,98.7,7.55,41.9,40.0,20.2
2026-04-15 03:03:31,68.67,84.3,97.8,7.43,43.0,38.5,20.2
2026-04-15 03:03:32,69.68,83.2,98.4,7.57,41.9,37.7,20.2
2026-04-15 03:03:32,69.3,82.4,98.6,7.54,42.5,41.5,20.2
2026-04-15 03:03:32,71.22,86.3,101.1,7.29,41.9,41.8,20.2
2026-04-15 03:03:32,70.35,83.7,96.4,7.66,41.9,40.4,20.2
2026-04-15 03:03:32,68.2,84.6,100.4,7.44,43.0,40.7,20.2
2026-04-15 03:03:32,69.39,83.4,98.0,7.59,43.0,40.7,20.2
2026-04-15 03:03:32,70.81,95.2,112.1,6.85,41.4,38.2,20.2
2026-04-15 03:03:33,68.27,85.0,107.6,6.41,41.9,35.9,20.2
2026-04-15 03:03:33,69.79,83.8,98.0,7.59,42.5,34.7,20.1
2026-04-15 03:03:33,67.66,87.8,103.5,7.29,40.8,42.1,20.1
2026-04-15 03:03:33,67.12,82.6,105.5,6.2,41.9,31.7,20.1
2026-04-15 03:03:33,69.23,82.8,97.4,7.5,41.4,38.5,20.1
2026-04-15 03:03:33,66.97,106.3,122.7,6.38,42.5,41.3,20.1
2026-04-15 03:03:33,71.48,93.9,116.2,6.47,42.5,33.3,20.1
2026-04-15 03:03:34,68.34,84.3,108.5,6.34,41.9,35.0,20.0
2026-04-15 03:03:34,67.76,83.5,96.7,7.62,43.0,36.0,20.0
2026-04-15 03:03:34,68.06,103.2,119.3,6.53,41.4,41.0,20.0
2026-04-15 03:03:34,71.22,110.6,133.5,5.75,40.8,32.8,20.0
2026-04-15 03:03:34,69.49,82.7,104.9,7.21,41.4,37.5,20.0
2026-04-15 03:03:34,68.09,82.8,100.0,7.47,42.5,37.3,20.0
2026-04-15 03:03:34,67.21,82.7,97.7,7.54,41.4,38.5,19.9
2026-04-15 03:03:35,68.85,84.3,105.2,7.2,41.9,40.4,19.9
2026-04-15 03:03:35,70.44,100.8,123.7,5.58,42.5,37.0,19.9
2026-04-15 03:03:35,69.69,86.8,110.0,6.55,41.9,33.3,19.9
2026-04-15 03:03:35,67.28,86.1,109.6,6.01,42.5,35.3,19.9
2026-04-15 03:03:35,68.6,87.2,99.8,7.47,43.0,36.0,20.0
2026-04-15 03:03:35,68.49,86.4,96.7,7.55,41.9,43.6,20.0
2026-04-15 03:03:35,69.06,88.9,101.9,7.36,42.5,40.4,20.0
2026-04-15 03:03:36,69.58,85.1,108.1,6.15,43.0,32.3,20.0
2026-04-15 03:03:36,69.84,88.4,100.1,7.31,42.5,43.9,20.0
2026-04-15 03:03:36,69.58,87.4,110.5,6.04,42.5,33.3,20.0
2026-04-15 03:03:36,69.19,84.7,107.2,6.1,41.4,32.8,19.9
2026-04-15 03:03:36,68.6,85.9,100.7,7.43,42.5,37.3,19.9
2026-04-15 03:03:36,69.95,87.9,100.7,7.4,42.5,42.6,19.9
2026-04-15 03:03:37,68.52,84.8,108.0,6.11,41.9,34.3,20.0
2026-04-15 03:03:37,71.19,85.8,98.9,7.46,41.4,38.5,19.9
2026-04-15 03:03:37,68.85,87.1,100.6,7.42,42.5,42.9,20.0
2026-04-15 03:03:37,69.79,87.3,97.8,7.5,42.5,42.6,19.9
2026-04-15 03:03:37,66.0,89.2,100.9,7.39,41.9,44.6,19.9
2026-04-15 03:03:37,68.75,90.2,113.2,5.98,41.9,35.3,19.9
2026-04-15 03:03:37,70.6,85.1,108.1,6.19,41.9,32.8,19.9
2026-04-15 03:03:38,71.22,85.0,99.3,7.5,43.5,36.0,19.9
2026-04-15 03:03:38,68.56,87.3,101.5,7.38,42.5,43.9,19.9
2026-04-15 03:03:38,70.32,85.2,97.1,7.63,43.0,42.6,19.9
2026-04-15 03:03:38,67.43,88.4,102.7,7.32,41.4,40.7,19.9
2026-04-15 03:03:38,68.47,86.4,109.8,6.01,43.0,28.6,19.9
2026-04-15 03:03:38,66.62,87.4,110.3,6.03,42.5,32.3,19.9
2026-04-15 03:03:38,68.1,85.3,97.7,7.6,41.9,40.4,19.9
2026-04-15 03:03:39,70.6,96.6,109.5,6.93,41.9,38.2,19.9
2026-04-15 03:03:39,71.42,88.1,111.2,6.32,41.9,34.4,19.9
2026-04-15 03:03:39,69.72,89.6,112.6,5.95,41.4,33.8,20.0
2026-04-15 03:03:39,67.93,87.8,110.9,6.07,41.4,32.8,20.0
2026-04-15 03:03:39,66.45,84.9,109.2,6.03,40.8,33.3,20.0
2026-04-15 03:03:39,69.76,85.0,97.4,7.61,42.5,36.7,20.0
2026-04-15 03:03:39,69.87,91.1,105.4,7.18,43.0,33.3,20.0
2026-04-15 03:03:40,69.84,86.8,109.9,6.17,42.5,33.8,20.1
2026-04-15 03:03:40,67.41,85.1,108.1,6.06,43.0,37.3,20.1
2026-04-15 03:03:40,68.73,86.7,100.9,7.43,42.5,41.8,20.1
2026-04-15 03:03:40,69.03,85.3,98.5,7.55,42.5,38.0,20.1
2026-04-15 03:03:40,70.13,84.3,97.2,7.59,43.5,40.4,20.1
2026-04-15 03:03:40,69.83,254.6,269.6,3.29,43.0,81.5,20.1
2026-04-15 03:03:41,70.12,122.6,127.6,4.95,43.5,64.0,20.1
2026-04-15 03:03:41,67.3,91.2,114.2,5.97,41.9,31.3,20.1
2026-04-15 03:03:41,70.91,87.1,110.2,6.15,43.0,33.8,20.2
2026-04-15 03:03:41,70.01,85.5,97.8,7.57,42.5,41.2,20.2
2026-04-15 03:03:41,68.98,88.6,100.0,7.36,41.9,37.3,20.2
2026-04-15 03:03:41,70.61,87.0,110.1,6.06,41.4,30.8,20.2
2026-04-15 03:03:42,69.37,85.3,97.5,7.6,42.5,36.7,20.3
2026-04-15 03:03:42,72.0,86.6,100.0,7.43,41.9,40.7,20.3
2026-04-15 03:03:42,71.15,87.3,99.7,7.47,43.0,42.9,20.3
2026-04-15 03:03:42,71.67,87.5,110.2,5.99,42.5,35.8,20.3
2026-04-15 03:03:42,70.01,87.3,99.2,7.52,43.0,38.5,20.2
2026-04-15 03:03:42,69.39,91.7,103.5,7.26,43.0,37.7,20.3
2026-04-15 03:03:42,72.37,98.1,121.0,5.79,42.5,35.7,20.3
2026-04-15 03:03:43,70.53,91.2,114.3,6.26,43.0,35.4,20.2
2026-04-15 03:03:43,72.73,86.2,109.0,6.19,43.5,32.8,20.2
2026-04-15 03:03:43,73.63,90.3,103.3,7.28,42.5,36.5,20.2
2026-04-15 03:03:43,71.38,95.6,118.6,5.81,41.4,30.8,20.1
2026-04-15 03:03:43,70.43,129.1,152.2,5.0,43.5,36.2,20.1
2026-04-15 03:03:43,71.38,99.5,122.5,5.87,42.5,34.3,20.1
2026-04-15 03:03:44,73.23,85.5,108.6,6.55,42.5,33.3,20.1
2026-04-15 03:03:44,70.04,85.6,99.5,7.49,41.9,42.9,20.1
2026-04-15 03:03:44,72.44,87.7,99.0,7.36,41.9,38.5,20.1
2026-04-15 03:03:44,72.97,87.9,98.7,7.54,43.0,36.7,20.0
2026-04-15 03:03:44,73.2,86.5,109.7,6.04,41.9,29.5,20.0
2026-04-15 03:03:44,67.72,85.3,97.5,7.59,42.5,40.7,20.0
2026-04-15 03:03:44,71.06,88.8,102.3,7.31,42.5,41.5,20.0
2026-04-15 03:03:45,72.45,87.9,109.8,6.04,42.5,34.3,20.0
2026-04-15 03:03:45,70.11,91.3,102.1,7.31,41.9,46.4,20.0
2026-04-15 03:03:45,69.75,88.5,111.5,6.11,42.5,34.4,20.0
2026-04-15 03:03:45,70.51,86.6,97.8,7.58,42.5,41.2,20.0
2026-04-15 03:03:45,69.48,86.9,98.9,7.53,43.5,39.6,20.0
2026-04-15 03:03:45,69.73,86.6,98.8,7.52,43.0,40.4,20.0
2026-04-15 03:03:45,69.7,97.6,109.9,6.93,42.5,44.1,20.0
2026-04-15 03:03:46,69.66,88.3,111.2,6.36,43.5,31.7,20.0
2026-04-15 03:03:46,69.56,87.1,110.5,6.03,43.5,34.8,19.9
2026-04-15 03:03:46,68.78,87.6,99.5,7.5,41.9,42.6,19.9
2026-04-15 03:03:46,67.29,90.4,100.6,7.34,42.5,42.6,19.9
2026-04-15 03:03:46,65.86,86.4,110.4,6.11,43.5,31.7,19.9
2026-04-15 03:03:46,69.38,85.7,97.6,7.61,43.5,36.0,19.8
2026-04-15 03:03:46,68.81,89.7,102.8,7.29,43.0,44.6,19.8
2026-04-15 03:03:47,69.84,87.7,111.0,6.07,43.5,32.8,19.8
2026-04-15 03:03:47,65.23,86.3,109.2,6.06,42.5,32.3,19.8
2026-04-15 03:03:47,67.31,89.2,102.2,7.33,42.5,42.9,19.8
2026-04-15 03:03:47,64.93,88.7,112.6,6.0,42.5,31.3,19.8
2026-04-15 03:03:47,68.75,86.6,109.5,6.11,43.0,29.0,19.8
2026-04-15 03:03:47,68.86,104.8,117.3,6.6,43.0,35.7,19.8
2026-04-15 03:03:48,69.95,89.0,112.2,6.62,43.5,34.5,19.8
2026-04-15 03:03:48,67.77,83.4,106.4,6.21,43.0,29.5,19.9
2026-04-15 03:03:48,67.35,83.0,99.1,7.53,42.5,42.9,19.9
2026-04-15 03:03:48,65.54,88.0,104.1,7.24,43.5,41.1,19.9
2026-04-15 03:03:48,66.91,91.3,114.3,5.88,43.5,33.8,19.9
2026-04-15 03:03:48,68.79,86.2,109.4,6.19,43.0,31.7,19.9
2026-04-15 03:03:48,68.68,84.4,98.5,7.5,44.1,39.6,20.0
2026-04-15 03:03:49,66.02,103.9,116.1,6.64,43.0,35.7,20.0
2026-04-15 03:03:49,68.2,83.9,106.9,6.81,43.5,39.7,20.0
2026-04-15 03:03:49,67.16,103.1,118.5,6.56,44.1,39.3,20.0
2026-04-15 03:03:49,69.39,84.7,107.7,6.74,43.0,34.5,20.0
2026-04-15 03:03:49,68.13,84.9,99.6,7.48,43.5,42.9,20.0
2026-04-15 03:03:49,66.3,96.2,110.4,6.93,43.5,39.7,20.0
2026-04-15 03:03:50,69.14,115.0,137.8,5.4,43.5,34.2,20.0
2026-04-15 03:03:50,68.35,117.7,137.8,5.82,42.5,43.3,20.1
2026-04-15 03:03:50,69.77,85.6,97.3,7.44,42.5,41.5,20.1
2026-04-15 03:03:50,67.77,107.4,130.5,5.37,41.9,40.0,20.0
2026-04-15 03:03:50,70.82,87.4,110.2,6.83,43.5,36.8,20.0
2026-04-15 03:03:50,68.4,86.2,100.2,7.46,43.5,39.2,20.0
2026-04-15 03:03:50,71.02,86.5,109.7,6.06,43.0,33.3,19.9
2026-04-15 03:03:51,67.9,95.9,106.9,7.02,43.5,37.0,19.9
2026-04-15 03:03:51,67.47,89.1,114.1,6.17,42.5,34.9,20.0
2026-04-15 03:03:51,64.87,90.2,113.2,6.04,44.1,35.8,20.0
2026-04-15 03:03:51,68.37,98.5,120.2,5.71,43.5,35.2,20.0
2026-04-15 03:03:51,63.88,88.0,111.7,6.39,44.1,35.9,20.0
2026-04-15 03:03:51,67.73,86.3,109.0,6.08,44.1,36.8,20.0
2026-04-15 03:03:52,68.53,85.6,98.1,7.57,43.5,38.0,20.1
2026-04-15 03:03:52,69.02,85.9,99.3,7.48,43.5,43.6,20.1
2026-04-15 03:03:52,68.94,85.9,98.4,7.5,43.5,38.9,20.1
2026-04-15 03:03:52,70.48,102.0,115.0,6.71,44.1,40.0,20.1
2026-04-15 03:03:52,69.21,85.4,108.6,6.65,43.5,36.7,20.1
2026-04-15 03:03:52,69.11,85.3,97.6,7.52,42.5,34.7,20.1
2026-04-15 03:03:52,67.67,86.2,100.4,7.45,44.1,42.6,20.1
2026-04-15 03:03:53,70.6,85.9,98.6,7.53,43.0,42.6,20.1
2026-04-15 03:03:53,71.24,104.2,116.1,6.59,43.5,39.3,20.1
2026-04-15 03:03:53,69.61,91.3,114.3,6.51,44.6,36.5,20.1
2026-04-15 03:03:53,65.61,87.8,107.2,6.13,44.1,38.5,20.1
2026-04-15 03:03:53,68.3,83.5,107.0,6.12,43.0,32.3,20.1
2026-04-15 03:03:53,72.22,82.8,97.7,7.6,43.0,40.4,20.1
2026-04-15 03:03:53,69.38,85.8,102.5,7.34,43.5,44.8,20.1
2026-04-15 03:03:54,70.07,80.9,94.3,7.8,44.6,36.7,20.2
2026-04-15 03:03:54,65.16,83.9,102.5,7.33,44.1,41.1,20.2
2026-04-15 03:03:54,68.98,83.3,98.8,7.55,44.1,41.1,20.2
2026-04-15 03:03:54,69.53,85.9,101.9,7.36,43.5,42.6,20.2
2026-04-15 03:03:54,67.53,83.9,97.4,7.62,44.6,36.7,20.1
2026-04-15 03:03:54,68.0,93.9,109.6,6.98,43.0,40.0,20.1
2026-04-15 03:03:54,67.97,82.8,105.8,6.43,42.5,31.7,20.1
2026-04-15 03:03:55,67.43,81.6,98.7,7.55,44.1,42.9,20.1
2026-04-15 03:03:55,67.57,92.3,110.1,6.95,44.1,45.0,20.1
2026-04-15 03:03:55,69.0,114.2,137.4,5.3,44.1,41.8,20.1
2026-04-15 03:03:55,68.92,85.5,105.4,7.17,42.5,41.4,20.1
2026-04-15 03:03:55,69.13,87.8,110.5,5.98,43.0,31.7,20.1
2026-04-15 03:03:55,69.67,89.8,112.8,5.93,44.1,36.6,20.1
2026-04-15 03:03:56,69.15,97.1,120.2,5.75,44.1,30.9,20.1
2026-04-15 03:03:56,69.5,98.0,121.0,5.97,44.1,37.7,20.1
2026-04-15 03:03:56,66.95,85.3,108.4,6.49,43.0,37.1,20.1
2026-04-15 03:03:56,69.13,91.1,105.3,7.18,43.5,41.1,20.1
2026-04-15 03:03:56,69.08,98.0,122.0,5.74,43.5,35.7,20.1
2026-04-15 03:03:56,67.91,86.1,109.1,6.52,43.5,35.5,20.1
2026-04-15 03:03:56,70.34,86.4,99.6,7.49,43.5,38.0,20.1
2026-04-15 03:03:57,67.3,85.7,98.5,7.55,44.1,42.9,20.1
2026-04-15 03:03:57,66.66,87.1,100.9,7.42,44.6,40.4,20.1
2026-04-15 03:03:57,66.1,89.4,100.4,7.37,43.5,45.6,20.1
2026-04-15 03:03:57,69.54,87.3,110.3,6.08,43.0,32.8,20.1
2026-04-15 03:03:57,65.79,84.6,95.2,7.65,43.0,42.6,20.0
2026-04-15 03:03:57,66.49,88.9,103.6,7.28,44.1,41.8,20.0
2026-04-15 03:03:57,70.47,87.1,110.0,6.06,44.1,31.3,20.1
2026-04-15 03:03:58,69.22,85.4,97.0,7.6,43.0,40.4,20.0
2026-04-15 03:03:58,67.29,95.5,109.1,6.98,44.6,43.3,20.1
2026-04-15 03:03:58,67.37,88.1,110.7,6.29,43.5,37.9,20.1
2026-04-15 03:03:58,69.41,87.1,110.7,6.02,44.1,32.8,20.0
2026-04-15 03:03:58,67.1,85.9,97.7,7.6,45.2,39.6,20.0
2026-04-15 03:03:58,69.18,104.4,118.0,6.58,44.1,40.0,20.0
2026-04-15 03:03:59,69.91,108.5,131.3,5.86,44.6,38.9,20.0
2026-04-15 03:03:59,66.4,84.8,107.9,6.99,44.1,37.3,20.0
2026-04-15 03:03:59,71.14,105.7,121.3,6.44,43.5,44.8,20.0
2026-04-15 03:03:59,67.37,87.3,110.4,6.79,44.6,37.7,20.0
2026-04-15 03:03:59,66.53,103.4,114.8,6.69,44.6,41.4,20.0
2026-04-15 03:03:59,66.94,107.6,130.8,5.86,43.0,32.8,20.0
2026-04-15 03:03:59,70.26,107.6,129.3,6.01,44.1,37.3,20.0
2026-04-15 03:04:00,69.88,91.7,114.6,6.63,44.1,33.3,20.0
2026-04-15 03:04:00,69.87,104.3,127.3,5.58,43.0,38.0,20.0
2026-04-15 03:04:00,70.97,85.7,107.7,6.75,44.1,36.2,20.1
2026-04-15 03:04:00,72.31,93.4,107.3,7.06,44.6,38.2,20.1
2026-04-15 03:04:00,70.25,84.1,108.1,6.35,44.6,32.8,20.1
2026-04-15 03:04:00,71.23,81.7,95.2,7.7,43.5,40.7,20.1
2026-04-15 03:04:00,71.0,87.9,105.5,7.16,45.2,37.3,20.1
2026-04-15 03:04:01,68.66,83.6,106.6,6.17,44.6,33.3,20.0
2026-04-15 03:04:01,71.57,84.2,95.4,7.47,45.8,42.6,20.0
2026-04-15 03:04:01,72.06,92.8,107.8,7.05,43.5,40.4,20.0
2026-04-15 03:04:01,70.99,120.6,142.8,5.13,45.2,37.8,20.0
2026-04-15 03:04:01,71.9,85.3,108.4,6.09,43.5,30.8,20.0
2026-04-15 03:04:01,70.45,90.2,104.5,7.23,44.1,38.9,19.9
2026-04-15 03:04:02,70.0,83.8,106.9,6.24,43.5,32.3,19.9
2026-04-15 03:04:02,72.07,82.3,98.2,7.58,44.6,39.6,19.9
2026-04-15 03:04:02,73.92,96.5,113.3,6.79,44.1,41.4,19.9
2026-04-15 03:04:02,70.78,87.2,110.4,6.36,45.2,34.9,19.9
2026-04-15 03:04:02,67.49,106.6,118.4,6.49,44.6,37.3,20.0
2026-04-15 03:04:02,60.91,85.2,107.9,6.96,45.2,40.7,19.9
2026-04-15 03:04:02,65.54,86.9,102.2,7.35,44.6,40.7,19.9
2026-04-15 03:04:03,76.63,88.2,111.2,5.99,43.5,33.8,19.9
2026-04-15 03:04:03,76.29,94.5,118.4,5.75,45.2,32.4,20.0
2026-04-15 03:04:03,76.04,84.8,109.1,6.36,44.1,32.3,20.0
2026-04-15 03:04:03,79.79,105.2,117.3,6.55,45.2,42.4,20.1
2026-04-15 03:04:03,78.35,84.8,108.9,6.71,45.2,32.8,20.1
2026-04-15 03:04:03,76.94,100.5,123.5,5.53,44.1,30.9,20.1
2026-04-15 03:04:04,80.97,89.4,112.4,6.5,45.2,37.5,20.2
2026-04-15 03:04:04,78.33,86.1,108.9,6.12,44.6,31.7,20.2
2026-04-15 03:04:04,76.63,86.7,102.4,7.29,44.6,40.0,20.2
2026-04-15 03:04:04,79.97,87.6,109.7,6.09,44.6,37.3,20.2
2026-04-15 03:04:04,82.12,87.2,110.9,5.99,44.6,35.3,20.2
2026-04-15 03:04:04,76.17,86.3,97.6,7.59,44.6,37.3,20.2
2026-04-15 03:04:04,76.68,96.2,109.2,6.98,45.2,42.4,20.2
2026-04-15 03:04:05,77.57,97.7,119.6,5.94,44.6,35.3,20.2
2026-04-15 03:04:05,79.19,83.8,104.6,6.55,45.2,37.3,20.2
2026-04-15 03:04:05,80.94,97.3,113.6,6.79,44.1,42.4,20.2
2026-04-15 03:04:05,78.24,83.1,106.3,6.58,44.6,37.1,20.2
2026-04-15 03:04:05,78.4,90.3,106.5,7.13,44.1,33.3,20.2
2026-04-15 03:04:05,78.84,91.2,114.2,5.97,43.5,31.8,20.2
2026-04-15 03:04:06,79.08,92.5,115.6,5.95,44.1,35.8,20.2
2026-04-15 03:04:06,79.67,104.7,126.8,5.59,45.2,34.7,20.2
2026-04-15 03:04:06,79.0,87.7,110.0,6.7,44.6,39.3,20.3
2026-04-15 03:04:06,76.14,124.9,140.1,5.75,44.1,38.6,20.2
2026-04-15 03:04:06,78.23,87.1,110.3,6.29,45.2,32.8,20.2
2026-04-15 03:04:06,79.02,86.5,98.3,7.55,44.6,43.9,20.1
2026-04-15 03:04:07,77.93,102.9,115.1,6.69,45.2,40.7,20.1
2026-04-15 03:04:07,79.04,89.2,112.4,6.53,44.6,35.6,20.1
2026-04-15 03:04:07,78.82,87.1,110.2,6.09,45.2,30.2,20.1
2026-04-15 03:04:07,78.2,90.0,102.8,7.28,45.2,42.1,20.0
2026-04-15 03:04:07,78.04,85.9,110.0,6.16,45.2,30.0,20.0
2026-04-15 03:04:07,79.52,89.2,112.1,5.93,44.6,34.8,19.9
2026-04-15 03:04:07,79.47,94.4,117.8,5.8,45.2,33.8,19.9
2026-04-15 03:04:08,78.92,87.1,110.2,6.31,45.2,37.3,19.9
2026-04-15 03:04:08,78.64,86.2,98.2,7.55,44.6,41.5,19.9
2026-04-15 03:04:08,78.57,87.3,100.0,7.46,45.8,41.8,19.9
2026-04-15 03:04:08,78.62,88.6,98.9,7.42,44.6,40.4,19.9
2026-04-15 03:04:08,79.07,89.3,111.9,5.98,45.2,38.0,19.9
2026-04-15 03:04:08,80.4,90.0,113.4,5.96,44.6,30.8,19.9
2026-04-15 03:04:09,79.62,92.6,115.9,5.91,44.6,31.8,19.9
2026-04-15 03:04:09,79.77,88.0,111.0,6.19,45.2,35.4,19.9
2026-04-15 03:04:09,79.43,86.7,109.7,6.05,44.1,30.2,19.9
2026-04-15 03:04:09,79.41,86.4,98.9,7.51,46.3,42.9,19.9
2026-04-15 03:04:09,79.41,87.6,104.0,7.24,44.6,43.6,19.9
2026-04-15 03:04:09,78.64,99.3,121.9,5.72,45.8,37.8,19.9
2026-04-15 03:04:09,78.25,87.9,111.3,6.44,45.2,32.2,19.9
2026-04-15 03:04:10,79.93,87.3,110.4,6.04,44.6,34.3,19.8
2026-04-15 03:04:10,79.5,89.7,103.7,7.24,45.2,45.6,19.8
2026-04-15 03:04:10,78.47,87.5,109.5,6.17,45.8,35.4,19.8
2026-04-15 03:04:10,79.72,87.7,99.5,7.49,44.6,38.0,19.8
2026-04-15 03:04:10,79.95,89.0,114.1,5.89,44.6,36.1,19.8
2026-04-15 03:04:10,78.66,93.5,116.1,5.91,45.8,30.8,19.8
2026-04-15 03:04:11,78.2,86.8,109.8,6.25,45.2,35.9,19.8
2026-04-15 03:04:11,78.53,92.2,115.0,5.82,45.2,34.8,19.8
2026-04-15 03:04:11,78.93,97.5,120.4,5.82,45.8,33.8,19.8
2026-04-15 03:04:11,78.07,88.5,111.1,6.35,44.1,35.9,19.8
2026-04-15 03:04:11,78.57,85.7,108.6,6.1,44.6,34.8,19.8
2026-04-15 03:04:11,78.48,85.1,98.6,7.53,44.6,40.7,19.8
2026-04-15 03:04:12,78.41,93.8,108.1,7.03,45.2,40.0,19.8
2026-04-15 03:04:12,76.99,91.8,114.7,6.08,45.2,34.8,19.9
2026-04-15 03:04:12,77.42,87.3,110.7,6.16,45.8,34.3,19.9
2026-04-15 03:04:12,78.97,84.9,108.1,6.1,45.2,34.8,19.9
2026-04-15 03:04:12,77.95,85.7,100.3,7.45,45.2,38.5,20.0
2026-04-15 03:04:12,78.26,89.5,102.5,7.31,45.2,42.6,20.0
2026-04-15 03:04:12,77.49,104.1,127.1,5.52,45.2,36.0,20.0
2026-04-15 03:04:13,78.66,86.3,109.3,6.72,45.2,32.1,20.0
2026-04-15 03:04:13,78.43,90.9,103.8,7.25,45.2,41.8,20.0
2026-04-15 03:04:13,77.53,85.0,111.3,6.06,44.6,31.2,20.0
2026-04-15 03:04:13,78.59,88.4,111.3,6.04,45.2,35.8,20.0
2026-04-15 03:04:13,79.53,85.4,108.3,6.12,44.6,31.3,20.1
2026-04-15 03:04:13,77.25,85.6,99.7,7.48,44.1,39.2,20.1
2026-04-15 03:04:14,78.05,86.8,100.4,7.44,45.8,43.6,20.1
2026-04-15 03:04:14,77.11,86.4,98.5,7.53,45.8,40.0,20.1
2026-04-15 03:04:14,77.42,88.8,101.0,7.37,44.1,41.5,20.1
2026-04-15 03:04:14,77.59,86.2,109.2,6.1,45.8,33.3,20.2
2026-04-15 03:04:14,77.63,86.1,99.6,7.41,45.2,40.4,20.1
2026-04-15 03:04:14,76.96,87.1,110.1,6.03,44.1,34.3,20.1
2026-04-15 03:04:14,76.89,85.1,108.0,6.08,45.2,32.3,20.1
2026-04-15 03:04:15,77.48,85.7,100.1,7.46,46.9,36.0,20.1
2026-04-15 03:04:15,78.11,86.6,100.0,7.47,44.1,37.3,20.1
2026-04-15 03:04:15,77.22,95.0,105.6,7.05,45.2,44.4,20.1
2026-04-15 03:04:15,78.56,96.9,120.0,5.94,45.2,33.3,20.1
2026-04-15 03:04:15,78.79,99.1,122.5,5.82,44.6,32.3,20.1
2026-04-15 03:04:15,78.36,86.4,108.0,6.58,45.2,35.0,20.1
2026-04-15 03:04:15,77.74,89.7,102.3,7.35,45.2,38.5,20.1
2026-04-15 03:04:16,77.31,85.7,108.7,6.18,45.8,36.8,20.1
2026-04-15 03:04:16,78.05,87.3,100.4,7.4,45.2,39.2,20.1
2026-04-15 03:04:16,77.75,98.4,110.4,6.93,45.2,41.4,20.1
2026-04-15 03:04:16,77.97,86.3,109.4,6.47,45.8,33.3,20.1
2026-04-15 03:04:16,78.51,85.3,97.7,7.56,44.6,39.2,20.2
2026-04-15 03:04:16,78.23,96.5,110.3,6.92,45.2,38.9,20.2
2026-04-15 03:04:16,78.86,98.2,121.2,5.95,45.8,37.7,20.2
2026-04-15 03:04:17,77.62,105.8,128.9,5.74,45.8,34.3,20.2
2026-04-15 03:04:17,78.87,96.1,119.1,6.38,45.8,37.5,20.2
2026-04-15 03:04:17,77.99,89.6,108.6,6.23,45.8,37.9,20.2
2026-04-15 03:04:17,78.5,88.9,112.0,6.03,46.3,33.8,20.2
2026-04-15 03:04:17,75.9,86.7,107.8,6.09,44.1,33.3,20.2
2026-04-15 03:04:17,77.15,85.1,97.3,7.58,44.6,38.0,20.2
2026-04-15 03:04:18,76.4,87.3,101.3,7.4,44.6,34.7,20.2
2026-04-15 03:04:18,76.58,88.0,100.0,7.46,45.8,45.6,20.1
2026-04-15 03:04:18,76.66,88.2,111.3,5.99,45.2,31.2,20.1
2026-04-15 03:04:18,77.29,88.7,111.7,5.99,45.2,33.3,20.0
2026-04-15 03:04:18,77.92,86.9,109.8,6.06,45.8,34.3,20.0
2026-04-15 03:04:18,77.68,86.5,98.8,7.52,45.8,42.6,20.0
2026-04-15 03:04:18,76.09,87.3,99.7,7.45,46.3,38.0,20.0
2026-04-15 03:04:19,77.39,87.5,99.6,7.5,45.8,42.6,20.0
2026-04-15 03:04:19,77.57,102.1,113.9,6.77,44.1,45.2,20.0
2026-04-15 03:04:19,77.41,87.3,110.3,6.59,46.9,35.0,20.0
2026-04-15 03:04:19,78.26,101.5,111.0,6.75,46.3,40.7,19.9
2026-04-15 03:04:19,76.79,88.6,111.5,6.53,46.9,39.1,20.0
2026-04-15 03:04:19,78.35,86.8,109.9,6.06,45.8,31.8,20.0
2026-04-15 03:04:20,78.74,89.2,101.3,7.37,45.8,40.4,20.0
2026-04-15 03:04:20,78.3,87.3,111.1,6.05,46.3,33.8,20.0
2026-04-15 03:04:20,77.88,87.3,98.1,7.55,45.8,41.2,20.0
2026-04-15 03:04:20,76.9,87.0,109.9,6.01,45.8,33.8,20.0
2026-04-15 03:04:20,77.72,90.4,102.6,7.33,45.2,40.0,20.0
2026-04-15 03:04:20,79.03,95.6,118.0,5.81,45.2,38.0,20.0
2026-04-15 03:04:20,77.47,88.4,111.3,6.29,44.6,35.9,20.0
2026-04-15 03:04:21,77.62,103.6,126.5,5.5,45.8,33.3,20.0
2026-04-15 03:04:21,77.44,93.1,116.0,6.4,45.2,38.7,20.0
2026-04-15 03:04:21,78.19,86.1,108.6,6.26,46.9,34.4,20.0
2026-04-15 03:04:21,76.93,85.1,97.4,7.53,46.3,41.8,19.9
2026-04-15 03:04:21,76.66,98.3,111.2,6.86,45.8,42.4,19.9
2026-04-15 03:04:21,77.48,96.5,119.6,6.06,45.8,32.8,19.9
2026-04-15 03:04:22,78.06,86.6,109.2,6.38,44.6,36.9,19.9
2026-04-15 03:04:22,78.34,91.1,103.5,7.27,45.2,38.5,19.9
2026-04-15 03:04:22,77.93,88.3,110.2,6.1,45.2,31.3,19.9
2026-04-15 03:04:22,78.68,87.2,110.1,6.05,46.3,32.3,19.8
2026-04-15 03:04:22,78.49,94.6,118.2,5.72,45.2,28.1,19.9
2026-04-15 03:04:22,77.15,102.2,121.0,5.76,45.8,35.3,19.9
2026-04-15 03:04:23,77.18,91.2,114.1,6.42,45.8,36.5,19.9
2026-04-15 03:04:23,76.75,88.5,111.2,6.11,46.3,35.8,19.9
2026-04-15 03:04:23,76.38,85.0,106.5,6.13,45.8,32.3,19.9
2026-04-15 03:04:23,76.35,86.6,100.2,7.42,46.3,41.8,19.9
2026-04-15 03:04:23,78.07,89.1,101.6,7.37,45.2,38.0,19.9
2026-04-15 03:04:23,79.11,86.6,110.9,6.05,46.9,34.3,19.9
2026-04-15 03:04:23,78.11,88.9,100.4,7.44,45.2,38.5,19.9
2026-04-15 03:04:24,79.04,98.6,121.8,5.66,46.3,35.6,19.9
2026-04-15 03:04:24,78.69,87.2,110.4,6.45,45.8,34.4,19.9
2026-04-15 03:04:24,76.0,112.4,124.4,6.25,45.8,40.6,19.9
2026-04-15 03:04:24,77.76,86.8,105.6,7.17,47.4,29.4,19.9
2026-04-15 03:04:24,77.48,103.6,115.7,6.65,46.9,50.8,19.9
2026-04-15 03:04:24,75.89,95.3,118.4,6.33,45.8,38.5,19.9
2026-04-15 03:04:25,77.09,99.8,122.9,5.84,45.8,35.7,20.0
2026-04-15 03:04:25,76.79,100.9,123.4,5.97,46.3,40.6,20.0
2026-04-15 03:04:25,76.95,96.4,118.9,6.17,45.2,40.0,20.0
2026-04-15 03:04:25,77.48,86.5,109.3,6.38,45.8,31.1,20.0
2026-04-15 03:04:25,77.27,102.4,114.8,6.71,45.2,38.6,20.0
2026-04-15 03:04:25,77.92,100.6,123.7,6.07,45.8,38.8,20.0
2026-04-15 03:04:25,77.79,99.4,121.7,6.05,45.2,36.4,20.1
2026-04-15 03:04:26,76.54,100.4,123.5,5.96,45.2,35.3,20.1
2026-04-15 03:04:26,78.79,85.8,108.2,6.58,47.4,38.7,20.1
2026-04-15 03:04:26,77.12,85.4,99.9,7.48,47.4,40.7,20.1
2026-04-15 03:04:26,77.98,87.3,100.1,7.44,45.8,40.7,20.1
2026-04-15 03:04:26,78.44,84.0,96.0,7.69,46.3,45.5,20.1
2026-04-15 03:04:26,78.2,83.5,99.5,7.5,46.9,37.7,20.1
2026-04-15 03:04:26,78.47,83.6,98.2,7.54,47.4,41.5,20.1
2026-04-15 03:04:27,77.19,82.5,98.3,7.57,45.8,39.6,20.1
2026-04-15 03:04:27,78.16,84.8,102.0,7.35,46.3,43.9,20.1
2026-04-15 03:04:27,77.75,83.0,97.2,7.63,47.4,36.0,20.1
2026-04-15 03:04:27,76.54,84.6,101.0,7.4,46.9,41.8,20.1
2026-04-15 03:04:27,77.68,87.6,102.7,7.33,46.9,40.4,20.1
2026-04-15 03:04:27,78.55,85.3,108.3,6.09,46.3,35.8,20.1
2026-04-15 03:04:27,78.23,96.4,110.0,6.93,47.4,41.4,20.1
2026-04-15 03:04:28,79.05,84.7,107.7,6.46,45.8,39.4,20.1
2026-04-15 03:04:28,77.63,84.8,100.8,7.43,46.9,38.5,20.1
2026-04-15 03:04:28,77.34,102.1,114.6,6.71,46.9,37.5,20.2
2026-04-15 03:04:28,77.91,86.2,109.5,6.62,47.4,38.1,20.1
2026-04-15 03:04:28,76.37,87.4,100.0,7.44,45.8,35.4,20.2
2026-04-15 03:04:28,76.14,97.2,109.0,7.0,47.4,37.5,20.2
2026-04-15 03:04:28,77.32,91.7,114.7,6.21,46.9,33.3,20.2
2026-04-15 03:04:29,76.82,87.2,110.2,6.17,46.3,34.8,20.3
2026-04-15 03:04:29,77.24,83.8,98.2,7.55,46.9,40.4,20.3
2026-04-15 03:04:29,77.28,93.6,104.7,7.12,45.2,37.7,20.3
2026-04-15 03:04:29,74.86,98.8,121.4,5.82,46.9,32.8,20.3
2026-04-15 03:04:29,78.42,91.7,114.9,6.26,47.4,34.9,20.3
2026-04-15 03:04:29,77.69,86.2,108.7,6.21,45.8,35.4,20.3
2026-04-15 03:04:30,77.5,95.6,109.0,7.0,46.9,42.4,20.3
2026-04-15 03:04:30,77.93,100.1,123.5,5.84,45.8,38.2,20.3
2026-04-15 03:04:30,77.84,89.3,113.7,6.36,46.9,36.5,20.3
2026-04-15 03:04:30,77.49,95.5,118.4,5.83,45.8,31.3,20.2
2026-04-15 03:04:30,77.36,89.1,112.0,6.26,46.9,33.3,20.2
2026-04-15 03:04:30,77.02,90.3,113.7,5.94,46.3,34.8,20.2
2026-04-15 03:04:31,75.8,88.1,111.1,6.1,46.3,34.3,20.2
2026-04-15 03:04:31,75.47,85.7,108.1,6.09,46.3,35.4,20.2
2026-04-15 03:04:31,75.33,85.7,97.4,7.5,45.8,41.8,20.2
2026-04-15 03:04:31,74.96,86.4,100.2,7.45,47.4,43.6,20.2
2026-04-15 03:04:31,76.77,89.8,102.1,7.35,46.3,40.4,20.1
2026-04-15 03:04:31,77.57,88.3,111.2,6.05,46.3,34.3,20.1
2026-04-15 03:04:31,77.49,91.6,102.6,7.32,47.4,39.6,20.1
2026-04-15 03:04:32,76.39,86.7,109.8,6.19,47.4,35.4,20.1
2026-04-15 03:04:32,77.93,89.3,102.9,7.31,45.8,37.0,20.1
2026-04-15 03:04:32,76.67,87.5,110.5,6.1,46.3,33.8,20.1
2026-04-15 03:04:32,77.28,94.5,117.9,5.76,45.8,34.3,20.1
2026-04-15 03:04:32,77.44,86.8,109.7,6.31,46.9,38.5,20.1
2026-04-15 03:04:32,73.96,87.5,100.0,7.46,46.3,42.6,20.1
2026-04-15 03:04:33,77.36,100.3,121.9,5.53,45.8,32.4,20.1
2026-04-15 03:04:33,77.87,93.3,116.3,6.32,46.3,37.9,20.1
2026-04-15 03:04:33,77.54,87.1,108.9,6.24,46.9,32.3,20.1
2026-04-15 03:04:33,76.34,85.3,97.4,7.6,47.4,40.4,20.1
2026-04-15 03:04:33,76.8,87.7,101.6,7.38,46.3,45.6,20.1
2026-04-15 03:04:33,77.82,87.1,110.0,6.02,46.3,32.3,20.1
2026-04-15 03:04:33,78.0,84.9,96.7,7.62,45.8,41.5,20.1
2026-04-15 03:04:34,78.41,86.5,103.0,7.31,45.8,42.9,20.1
2026-04-15 03:04:34,77.45,86.6,109.6,6.08,46.9,33.3,20.1
2026-04-15 03:04:34,74.53,85.1,97.7,7.57,46.3,44.4,20.1
2026-04-15 03:04:34,76.69,91.5,105.4,7.17,45.2,37.7,20.1
2026-04-15 03:04:34,77.43,88.1,111.1,6.13,46.9,36.8,20.1
2026-04-15 03:04:34,78.74,91.6,100.4,7.3,46.3,40.7,20.1
2026-04-15 03:04:34,76.53,91.9,115.0,5.99,46.3,38.0,20.1
2026-04-15 03:04:35,75.6,96.2,119.2,5.85,46.9,30.3,20.1
2026-04-15 03:04:35,77.02,96.0,118.7,6.0,47.4,39.7,20.1
2026-04-15 03:04:35,77.95,85.2,108.2,6.42,46.9,35.5,20.1
2026-04-15 03:04:35,75.7,85.1,99.3,7.5,46.9,35.4,20.1
2026-04-15 03:04:35,74.84,96.9,109.1,6.9,46.3,43.3,20.1
2026-04-15 03:04:35,75.95,101.3,124.8,5.83,46.9,34.8,20.1
2026-04-15 03:04:36,76.77,89.0,112.1,6.5,46.9,32.2,20.1
2026-04-15 03:04:36,76.27,87.9,108.9,6.04,46.3,32.8,20.1
2026-04-15 03:04:36,77.19,88.8,111.5,5.91,46.9,37.5,20.1
2026-04-15 03:04:36,77.59,86.6,109.4,6.15,46.9,33.8,20.0
2026-04-15 03:04:36,77.24,97.5,110.2,6.93,46.9,43.3,20.0
2026-04-15 03:04:36,76.97,87.0,110.2,6.41,48.0,31.7,20.1
2026-04-15 03:04:36,75.38,90.4,104.4,7.22,47.4,41.8,20.1
2026-04-15 03:04:37,77.97,86.0,109.1,6.24,46.3,33.8,20.1
2026-04-15 03:04:37,77.35,90.3,108.2,7.04,48.0,38.2,20.1
2026-04-15 03:04:37,77.37,85.3,108.5,6.35,46.3,37.9,20.1
2026-04-15 03:04:37,75.61,81.8,94.0,7.71,46.9,38.0,20.2
2026-04-15 03:04:37,75.41,90.3,106.4,7.07,48.5,41.4,20.2
2026-04-15 03:04:37,77.96,86.7,110.1,6.11,46.9,32.8,20.2
2026-04-15 03:04:37,75.96,81.5,93.7,7.84,48.0,36.7,20.2
2026-04-15 03:04:38,77.21,82.4,104.5,7.21,46.9,41.4,20.3
2026-04-15 03:04:38,77.21,84.2,96.1,7.65,48.5,39.2,20.3
2026-04-15 03:04:38,78.56,90.7,106.2,7.15,47.4,38.2,20.3
2026-04-15 03:04:38,77.3,84.6,107.6,6.24,46.9,36.4,20.2
2026-04-15 03:04:38,76.63,108.7,125.1,6.29,48.0,41.5,20.2
2026-04-15 03:04:38,77.47,84.0,106.6,7.12,48.0,44.3,20.2
2026-04-15 03:04:38,77.23,87.4,103.1,7.31,47.4,38.5,20.3
2026-04-15 03:04:39,76.72,84.8,107.4,6.11,47.4,33.3,20.2
2026-04-15 03:04:39,77.03,82.4,96.9,7.64,46.9,34.7,20.2
2026-04-15 03:04:39,77.11,87.2,104.3,7.24,48.0,40.0,20.2
2026-04-15 03:04:39,78.61,82.5,94.4,7.78,48.0,40.4,20.2
2026-04-15 03:04:39,77.49,86.5,102.9,7.28,47.4,36.5,20.2
2026-04-15 03:04:39,79.62,83.0,95.8,7.7,48.0,39.2,20.2
2026-04-15 03:04:39,78.43,83.9,100.1,7.47,48.0,43.9,20.2
2026-04-15 03:04:40,78.5,83.8,99.6,7.5,48.0,38.5,20.2
2026-04-15 03:04:40,78.55,91.4,107.0,7.11,47.4,42.9,20.2
2026-04-15 03:04:40,77.33,83.3,105.9,6.31,48.0,33.9,20.2
2026-04-15 03:04:40,77.9,84.9,102.1,7.37,46.3,41.1,20.2
2026-04-15 03:04:40,78.16,86.1,98.9,7.49,48.5,39.2,20.2
2026-04-15 03:04:40,76.84,92.9,105.9,7.14,46.3,40.7,20.2
2026-04-15 03:04:40,77.77,108.9,132.0,5.47,47.4,33.3,20.3
2026-04-15 03:04:41,78.08,87.0,109.9,6.93,46.9,35.1,20.3
2026-04-15 03:04:41,78.38,94.8,120.9,5.63,48.0,35.6,20.3
2026-04-15 03:04:41,77.83,95.7,118.7,6.09,48.5,35.4,20.3
2026-04-15 03:04:41,78.15,87.0,110.0,6.33,48.0,31.7,20.3
2026-04-15 03:04:41,77.82,86.4,98.5,7.53,48.0,43.4,20.3
2026-04-15 03:04:41,76.5,87.9,100.8,7.42,47.4,42.9,20.4
2026-04-15 03:04:42,78.06,87.9,110.6,6.0,48.0,33.3,20.4
2026-04-15 03:04:42,77.72,83.6,94.7,7.75,48.0,41.2,20.4
2026-04-15 03:04:42,75.93,111.2,126.8,6.22,46.9,38.7,20.4
2026-04-15 03:04:42,77.88,85.5,107.0,7.1,48.0,37.5,20.4
2026-04-15 03:04:42,75.13,91.7,105.6,7.16,48.0,39.3,20.4
2026-04-15 03:04:42,76.62,98.2,121.6,5.77,48.0,31.3,20.4
2026-04-15 03:04:42,77.8,87.1,110.1,6.45,47.4,35.5,20.5
2026-04-15 03:04:43,77.71,93.4,103.4,7.1,47.4,42.1,20.5
2026-04-15 03:04:43,76.0,87.2,110.1,6.28,46.9,34.4,20.5
2026-04-15 03:04:43,77.26,83.5,95.5,7.7,48.0,41.2,20.5
2026-04-15 03:04:43,77.72,97.8,115.1,6.71,47.4,37.9,20.4
2026-04-15 03:04:43,76.66,89.9,112.9,6.36,46.9,33.9,20.4
2026-04-15 03:04:43,77.01,97.4,120.7,5.73,47.4,38.0,20.5
2026-04-15 03:04:44,77.81,85.6,108.7,6.48,49.6,33.3,20.5
2026-04-15 03:04:44,77.13,90.8,104.5,7.22,46.9,37.7,20.5
2026-04-15 03:04:44,77.88,85.4,108.7,6.18,47.4,32.3,20.5
2026-04-15 03:04:44,76.96,86.3,99.8,7.48,48.0,34.0,20.6
2026-04-15 03:04:44,77.47,88.8,111.9,5.91,48.0,30.2,20.6
2026-04-15 03:04:44,76.9,86.3,109.4,6.1,47.4,35.3,20.6
2026-04-15 03:04:44,77.71,87.4,99.2,7.44,47.4,41.8,20.7
2026-04-15 03:04:45,79.1,96.8,109.1,6.99,48.0,40.4,20.7
2026-04-15 03:04:45,76.37,102.1,125.1,5.78,48.0,36.4,20.7
2026-04-15 03:04:45,77.15,85.6,108.5,6.73,48.0,40.6,20.7
2026-04-15 03:04:45,77.64,92.0,105.4,7.14,46.3,43.1,20.7
2026-04-15 03:04:45,78.18,93.2,116.4,5.97,47.4,34.3,20.6
2026-04-15 03:04:45,77.33,94.6,117.6,5.95,48.0,34.3,20.6
2026-04-15 03:04:46,77.54,150.2,173.0,4.5,46.9,32.6,20.7
2026-04-15 03:04:46,77.29,87.2,102.4,7.31,48.0,36.5,20.7
2026-04-15 03:04:46,77.3,98.8,110.7,6.91,47.4,44.8,20.7
2026-04-15 03:04:46,77.86,88.5,110.0,6.39,48.5,35.9,20.7
2026-04-15 03:04:46,78.31,96.3,119.2,5.74,49.0,38.4,20.7
2026-04-15 03:04:46,77.96,87.4,110.5,6.33,48.0,34.9,20.7
2026-04-15 03:04:46,75.72,85.0,95.4,7.65,47.4,40.4,20.6
2026-04-15 03:04:47,78.17,94.5,108.6,7.0,48.5,43.3,20.6
2026-04-15 03:04:47,77.44,86.3,109.3,6.31,48.5,32.3,20.5
2026-04-15 03:04:47,77.49,96.5,108.4,6.96,47.4,39.7,20.4
2026-04-15 03:04:47,78.39,88.3,111.3,6.33,47.4,36.9,20.4
2026-04-15 03:04:47,77.28,103.5,114.9,6.71,48.0,40.0,20.4
2026-04-15 03:04:47,76.22,85.0,107.3,6.77,46.9,36.2,20.4
2026-04-15 03:04:48,74.81,114.4,128.4,6.15,47.4,39.4,20.4
2026-04-15 03:04:48,76.22,92.0,110.1,6.93,47.4,36.4,20.4
2026-04-15 03:04:48,74.53,86.2,110.6,6.16,49.0,31.7,20.4
2026-04-15 03:04:48,76.85,88.8,111.8,5.96,48.0,35.3,20.3
2026-04-15 03:04:48,75.64,87.8,111.0,6.03,47.4,33.3,20.3
2026-04-15 03:04:48,76.07,97.9,120.8,5.66,48.0,32.4,20.3
2026-04-15 03:04:49,77.42,85.8,108.3,6.46,48.0,39.1,20.3
2026-04-15 03:04:49,76.21,86.4,100.1,7.45,47.4,42.9,20.3
2026-04-15 03:04:49,76.42,93.3,105.4,7.16,48.5,38.9,20.3
2026-04-15 03:04:49,77.03,85.4,108.5,6.3,46.9,37.9,20.2
2026-04-15 03:04:49,78.12,84.6,98.3,7.55,48.0,38.5,20.2
2026-04-15 03:04:49,77.93,94.1,108.6,7.01,49.0,43.9,20.2
2026-04-15 03:04:49,77.32,83.6,106.6,6.41,48.5,32.3,20.2
2026-04-15 03:04:50,77.87,99.7,115.6,6.69,48.0,36.8,20.2
2026-04-15 03:04:50,77.2,109.2,132.1,5.68,48.5,38.6,20.2
2026-04-15 03:04:50,76.68,87.0,110.0,6.93,47.4,33.9,20.3
2026-04-15 03:04:50,76.64,96.8,108.7,6.98,48.0,35.8,20.3
2026-04-15 03:04:50,74.87,86.9,110.5,6.36,48.0,38.5,20.2
2026-04-15 03:04:50,75.73,87.6,99.5,7.5,49.0,39.2,20.2
2026-04-15 03:04:50,75.74,91.7,104.4,7.24,48.0,38.9,20.2
2026-04-15 03:04:51,78.23,94.0,117.0,5.95,48.0,32.3,20.2
2026-04-15 03:04:51,77.8,128.3,152.3,4.95,49.0,41.8,20.2
2026-04-15 03:04:51,77.72,91.8,115.1,6.16,48.0,39.4,20.1
2026-04-15 03:04:51,76.35,84.6,106.7,6.24,48.5,36.9,20.1
2026-04-15 03:04:51,76.12,102.0,115.8,6.68,47.4,39.7,20.1
2026-04-15 03:04:51,76.69,109.2,131.1,5.76,48.5,29.7,20.1
2026-04-15 03:04:52,75.65,85.2,108.3,6.96,48.0,37.9,20.1
2026-04-15 03:04:52,76.18,87.5,100.6,7.43,47.4,42.6,20.1
2026-04-15 03:04:52,74.99,85.1,108.3,6.09,49.0,33.8,20.1
2026-04-15 03:04:52,75.6,86.2,100.4,7.45,48.5,41.1,20.0
2026-04-15 03:04:52,76.72,88.3,101.3,7.38,48.0,40.4,20.0
2026-04-15 03:04:52,77.98,87.4,111.5,5.99,49.0,35.8,20.0
2026-04-15 03:04:52,77.08,87.6,110.9,6.03,47.4,33.3,20.0
2026-04-15 03:04:53,74.78,127.3,150.3,4.85,49.0,29.5,20.1
2026-04-15 03:04:53,77.31,93.8,116.8,6.01,48.0,32.3,20.1
2026-04-15 03:04:53,76.23,84.6,107.9,6.34,48.0,35.9,20.1
2026-04-15 03:04:53,75.8,82.5,96.9,7.64,48.5,41.8,20.1
2026-04-15 03:04:53,75.87,106.6,123.6,6.35,48.5,43.1,20.0
2026-04-15 03:04:53,76.9,90.2,113.1,6.67,48.0,34.5,20.0
2026-04-15 03:04:54,74.39,86.6,114.4,5.96,48.5,32.8,20.0
2026-04-15 03:04:54,77.15,85.4,108.6,6.22,47.4,35.4,20.1
2026-04-15 03:04:54,77.0,86.9,100.8,7.43,48.5,38.5,20.1
2026-04-15 03:04:54,77.81,87.3,99.6,7.47,47.4,38.5,20.1
2026-04-15 03:04:54,74.93,88.2,100.1,7.46,48.5,43.4,20.1
2026-04-15 03:04:54,76.85,85.3,108.3,6.1,48.0,31.2,20.2
2026-04-15 03:04:54,76.24,84.5,97.8,7.57,48.0,39.2,20.2
2026-04-15 03:04:55,76.26,94.5,109.5,6.98,47.4,40.4,20.2
2026-04-15 03:04:55,77.19,86.9,110.2,6.28,48.5,37.5,20.2
2026-04-15 03:04:55,76.68,97.0,109.3,6.98,48.5,40.4,20.2
2026-04-15 03:04:55,76.78,89.8,113.0,6.27,48.5,35.9,20.2
2026-04-15 03:04:55,76.92,103.0,126.0,5.57,49.0,35.7,20.2
2026-04-15 03:04:55,75.65,87.2,110.4,6.63,47.4,37.1,20.2
2026-04-15 03:04:56,75.48,84.1,99.6,7.48,48.5,38.5,20.2
2026-04-15 03:04:56,75.69,90.0,113.2,5.92,48.0,34.3,20.2
2026-04-15 03:04:56,75.34,96.0,119.0,5.79,48.5,29.7,20.2
2026-04-15 03:04:56,76.33,86.1,109.2,6.39,48.0,36.5,20.2
2026-04-15 03:04:56,74.9,103.5,116.8,6.64,48.5,37.9,20.1
2026-04-15 03:04:56,76.72,109.5,132.5,5.79,47.4,38.6,20.1
2026-04-15 03:04:57,77.68,87.9,111.0,6.9,49.0,39.3,20.1
2026-04-15 03:04:57,77.98,86.6,109.5,6.05,48.5,34.8,20.1
2026-04-15 03:04:57,77.81,86.6,99.2,7.51,48.0,38.5,20.1
2026-04-15 03:04:57,75.36,90.0,101.8,7.32,48.0,40.7,20.1
2026-04-15 03:04:57,77.4,85.8,109.0,6.14,48.5,38.6,20.1
2026-04-15 03:04:57,76.79,86.7,97.9,7.47,48.0,39.6,20.1
2026-04-15 03:04:57,76.48,85.6,99.5,7.46,49.6,43.6,20.1
2026-04-15 03:04:58,74.95,96.2,108.1,7.03,47.4,43.1,20.1
2026-04-15 03:04:58,75.63,86.5,108.3,6.37,47.4,30.0,20.1
2026-04-15 03:04:58,76.1,86.5,98.9,7.5,49.0,42.6,20.1
2026-04-15 03:04:58,75.39,95.9,108.3,7.03,49.0,43.3,20.1
2026-04-15 03:04:58,77.7,107.3,130.2,5.61,49.6,35.7,20.1
2026-04-15 03:04:58,75.94,88.5,111.5,6.77,49.6,38.3,20.1
2026-04-15 03:04:58,76.82,87.7,110.6,6.03,49.0,33.3,20.1
2026-04-15 03:04:59,75.38,86.2,97.9,7.59,48.0,38.0,20.1
2026-04-15 03:04:59,75.1,87.5,100.8,7.43,48.0,43.6,20.1
2026-04-15 03:04:59,76.14,83.7,95.5,7.72,48.5,41.5,20.1
2026-04-15 03:04:59,75.03,86.2,101.3,7.37,47.4,43.9,20.1
2026-04-15 03:04:59,74.06,86.5,99.6,7.49,48.0,33.3,20.1
2026-04-15 03:04:59,77.38,86.9,99.5,7.48,48.0,43.6,20.1
2026-04-15 03:04:59,75.75,92.1,103.4,7.22,49.6,44.6,20.1
2026-04-15 03:05:00,77.39,103.1,126.2,5.63,49.0,35.2,20.1
2026-04-15 03:05:00,76.98,100.8,123.9,6.09,48.0,36.5,20.1
2026-04-15 03:05:00,74.91,91.3,107.6,6.36,47.4,39.7,20.1
2026-04-15 03:05:00,76.51,87.5,104.5,6.14,49.0,33.8,20.1
2026-04-15 03:05:00,77.23,83.5,95.2,7.75,48.5,41.5,20.2
2026-04-15 03:05:00,76.52,84.2,99.9,7.45,50.1,40.0,20.2
2026-04-15 03:05:00,78.18,85.0,101.1,7.41,49.6,41.8,20.2
2026-04-15 03:05:01,77.45,83.5,96.6,7.65,50.1,34.7,20.2
2026-04-15 03:05:01,78.24,95.1,110.7,6.9,48.5,37.5,20.3
2026-04-15 03:05:01,78.41,88.4,110.3,6.26,49.0,33.9,20.3
2026-04-15 03:05:01,76.64,96.4,119.3,5.73,49.6,33.8,20.3
2026-04-15 03:05:01,76.01,85.1,106.8,6.43,49.6,37.9,20.3
2026-04-15 03:05:01,77.19,84.1,98.5,7.55,49.6,35.4,20.3
2026-04-15 03:05:01,76.13,97.0,112.7,6.83,49.6,36.4,20.3
2026-04-15 03:05:02,76.99,94.3,117.2,6.12,49.0,34.4,20.3
2026-04-15 03:05:02,78.39,85.8,108.9,6.32,49.0,33.9,20.3
2026-04-15 03:05:02,76.09,85.5,97.1,7.52,48.0,40.7,20.3
2026-04-15 03:05:02,77.66,89.9,103.7,7.27,49.6,41.8,20.3
2026-04-15 03:05:02,76.59,105.2,128.2,5.5,48.5,36.5,20.3
2026-04-15 03:05:02,76.79,88.9,111.8,6.66,48.5,37.7,20.3
2026-04-15 03:05:03,77.64,87.3,109.9,6.06,49.6,36.2,20.3
2026-04-15 03:05:03,78.54,87.4,99.2,7.49,47.4,40.4,20.3
2026-04-15 03:05:03,77.51,86.8,98.6,7.54,48.5,38.0,20.3
2026-04-15 03:05:03,77.83,90.5,101.0,7.3,49.0,44.6,20.3
2026-04-15 03:05:03,78.11,87.1,110.2,6.13,48.0,29.0,20.3
2026-04-15 03:05:03,79.32,85.9,97.8,7.57,48.5,41.5,20.3
2026-04-15 03:05:03,77.04,88.2,101.0,7.38,48.5,47.5,20.4
2026-04-15 03:05:04,75.45,108.5,131.4,5.35,49.6,34.2,20.3
2026-04-15 03:05:04,78.84,86.9,109.8,6.9,48.5,38.3,20.3
2026-04-15 03:05:04,77.38,86.5,98.7,7.53,50.1,39.2,20.3
2026-04-15 03:05:04,77.46,91.1,103.5,7.25,48.5,38.5,20.2
2026-04-15 03:05:04,76.79,86.7,109.7,6.16,49.6,34.3,20.2
2026-04-15 03:05:04,77.34,88.5,100.7,7.4,48.5,43.6,20.3
2026-04-15 03:05:04,77.6,99.9,123.1,5.58,49.6,34.7,20.3
2026-04-15 03:05:05,76.2,87.7,110.4,6.53,49.6,37.5,20.2
2026-04-15 03:05:05,76.08,87.3,109.1,6.02,49.6,36.9,20.3
2026-04-15 03:05:05,77.63,97.0,109.0,6.99,50.1,40.4,20.2
2026-04-15 03:05:05,76.4,262.9,300.0,2.89,49.6,79.6,20.2
2026-04-15 03:05:05,77.1,110.8,122.4,5.96,49.6,72.1,20.2
2026-04-15 03:05:06,75.47,91.3,110.0,6.8,48.5,48.3,20.3
2026-04-15 03:05:06,76.59,92.5,115.5,5.98,49.6,32.8,20.3
2026-04-15 03:05:06,79.41,87.0,110.0,6.21,50.1,33.8,20.3
2026-04-15 03:05:06,78.13,90.7,102.7,7.19,50.7,42.9,20.3
2026-04-15 03:05:06,79.55,86.8,109.1,6.22,49.0,33.3,20.3
2026-04-15 03:05:06,79.75,87.7,99.9,7.46,49.0,41.5,20.3
2026-04-15 03:05:07,78.47,86.8,109.3,6.04,50.7,35.8,20.3
2026-04-15 03:05:07,79.03,84.7,97.1,7.63,49.6,36.0,20.3
2026-04-15 03:05:07,78.28,86.6,101.1,7.4,49.6,38.0,20.3
2026-04-15 03:05:07,77.69,86.1,98.5,7.54,48.0,39.6,20.3
2026-04-15 03:05:07,77.6,86.3,99.3,7.49,49.6,40.4,20.3
2026-04-15 03:05:07,77.69,90.9,105.1,7.19,50.1,42.9,20.3
2026-04-15 03:05:07,78.99,87.1,110.2,6.18,49.0,35.4,20.3
2026-04-15 03:05:08,77.31,101.8,113.7,6.77,49.0,40.4,20.3
2026-04-15 03:05:08,76.71,87.2,110.3,6.57,49.6,33.3,20.3
2026-04-15 03:05:08,78.41,85.1,97.4,7.62,49.0,40.7,20.3
2026-04-15 03:05:08,77.79,87.4,101.6,7.38,50.1,45.6,20.3
2026-04-15 03:05:08,78.61,85.2,108.3,6.09,50.7,32.3,20.2
2026-04-15 03:05:08,78.66,87.9,102.1,7.34,48.5,42.9,20.2
2026-04-15 03:05:08,79.29,85.9,97.8,7.51,50.1,34.7,20.2
2026-04-15 03:05:09,78.7,100.2,121.3,5.59,49.0,35.2,20.2
2026-04-15 03:05:09,78.17,103.0,126.0,5.91,50.7,31.8,20.3
2026-04-15 03:05:09,79.28,85.4,103.8,6.71,49.0,36.2,20.3
2026-04-15 03:05:09,77.1,88.2,102.1,7.35,50.1,34.7,20.2
2026-04-15 03:05:09,78.11,86.4,109.5,6.07,50.7,34.8,20.2
2026-04-15 03:05:09,78.02,86.4,98.9,7.52,49.6,40.7,20.2
2026-04-15 03:05:09,77.58,87.1,98.9,7.45,49.6,44.6,20.2
2026-04-15 03:05:10,77.86,91.6,103.6,7.27,48.5,41.1,20.2
2026-04-15 03:05:10,79.43,100.9,122.1,5.68,50.1,38.6,20.2
2026-04-15 03:05:10,79.01,105.0,128.1,5.86,50.1,32.3,20.2
2026-04-15 03:05:10,78.03,87.0,110.1,6.73,50.1,37.7,20.2
2026-04-15 03:05:10,78.35,102.1,114.5,6.73,48.5,36.4,20.2
2026-04-15 03:05:10,78.08,87.0,110.1,6.61,49.0,37.7,20.2
2026-04-15 03:05:11,78.87,113.3,123.4,6.27,49.6,42.2,20.1
2026-04-15 03:05:11,77.25,85.1,104.6,7.23,49.6,38.2,20.1
2026-04-15 03:05:11,78.62,89.9,104.3,7.24,49.6,44.1,20.2
2026-04-15 03:05:11,78.05,85.3,108.4,6.17,50.1,33.8,20.1
2026-04-15 03:05:11,79.86,84.6,97.4,7.54,49.6,40.4,20.1
2026-04-15 03:05:11,76.7,91.1,105.7,7.15,49.0,39.3,20.1
2026-04-15 03:05:11,77.35,94.4,117.3,5.89,49.6,33.3,20.1
2026-04-15 03:05:12,78.26,92.7,115.9,6.06,49.0,35.8,20.1
2026-04-15 03:05:12,77.73,101.9,124.9,5.69,49.0,32.4,20.2
2026-04-15 03:05:12,77.17,89.0,112.1,6.5,48.5,38.1,20.1
2026-04-15 03:05:12,77.84,87.8,108.4,6.05,49.6,31.3,20.1
2026-04-15 03:05:12,78.29,94.8,118.9,5.72,50.7,32.9,20.1
2026-04-15 03:05:12,78.16,96.9,119.7,5.97,50.1,36.8,20.1
2026-04-15 03:05:13,78.1,86.5,109.8,6.39,49.6,35.5,20.1
2026-04-15 03:05:13,78.72,88.1,100.5,7.43,50.1,39.6,20.1
2026-04-15 03:05:13,78.1,120.5,143.4,5.02,50.1,32.9,20.1
2026-04-15 03:05:13,78.55,86.4,98.3,7.56,48.5,36.7,20.1
2026-04-15 03:05:13,77.73,103.5,117.9,6.58,49.6,42.6,20.1
2026-04-15 03:05:13,77.76,86.3,109.8,6.74,48.5,38.3,20.1
2026-04-15 03:05:13,78.35,105.6,118.0,6.57,49.0,35.2,20.1
2026-04-15 03:05:14,77.97,86.8,109.8,6.77,50.1,36.7,20.2
2026-04-15 03:05:14,78.89,85.6,97.8,7.57,50.7,36.7,20.2
2026-04-15 03:05:14,79.19,88.0,100.5,7.38,50.1,43.9,20.2
2026-04-15 03:05:14,78.08,86.0,97.4,7.62,51.2,41.5,20.2
2026-04-15 03:05:14,77.07,88.1,101.8,7.35,49.6,43.9,20.2
2026-04-15 03:05:14,75.36,105.4,129.0,5.42,49.6,31.4,20.2
2026-04-15 03:05:15,77.3,110.4,134.8,5.82,50.1,37.7,20.2
2026-04-15 03:05:15,77.16,90.2,111.4,6.89,50.1,42.9,20.1
2026-04-15 03:05:15,78.27,88.4,111.2,6.07,50.1,36.9,20.2
2026-04-15 03:05:15,77.25,88.7,111.7,5.98,49.0,34.3,20.1
2026-04-15 03:05:15,78.29,87.7,110.8,6.05,50.7,32.3,20.1
2026-04-15 03:05:15,77.73,87.0,111.4,5.97,49.0,31.8,20.1
2026-04-15 03:05:16,77.61,89.3,112.3,5.98,49.6,35.4,20.1
2026-04-15 03:05:16,76.4,87.9,111.0,6.06,51.2,33.8,20.1
2026-04-15 03:05:16,78.68,88.3,111.1,5.99,49.6,32.3,20.1
2026-04-15 03:05:16,78.88,100.6,124.0,5.56,49.0,38.7,20.1
2026-04-15 03:05:16,78.37,94.0,116.6,6.28,50.7,36.5,20.2
2026-04-15 03:05:16,77.35,88.4,111.4,6.21,49.6,34.4,20.2
2026-04-15 03:05:16,77.32,88.4,98.8,7.46,50.7,39.2,20.1
2026-04-15 03:05:17,78.11,86.5,109.4,6.1,50.1,35.8,20.1
2026-04-15 03:05:17,77.94,106.0,118.9,6.54,49.6,40.3,20.1
2026-04-15 03:05:17,77.99,86.8,109.8,6.78,49.6,40.0,20.1
2026-04-15 03:05:17,78.92,87.5,99.8,7.47,50.7,35.3,20.2
2026-04-15 03:05:17,78.13,84.3,107.8,6.1,49.6,35.8,20.2
2026-04-15 03:05:17,76.85,86.8,101.1,7.4,50.7,43.9,20.2
2026-04-15 03:05:18,78.63,84.2,99.3,7.5,50.7,37.3,20.2
2026-04-15 03:05:18,77.19,104.3,116.3,6.6,50.7,42.6,20.3
2026-04-15 03:05:18,78.39,87.2,110.2,6.71,50.1,31.6,20.3
2026-04-15 03:05:18,78.82,93.3,116.2,5.79,50.1,32.4,20.4
2026-04-15 03:05:18,78.4,91.2,114.1,6.08,49.6,32.8,20.4
2026-04-15 03:05:18,78.34,93.0,114.1,5.93,50.1,31.3,20.4
2026-04-15 03:05:18,76.79,97.7,113.2,5.84,50.7,37.3,20.4
2026-04-15 03:05:19,77.91,88.3,114.6,6.24,50.7,33.3,20.4
2026-04-15 03:05:19,76.28,95.4,117.1,5.86,50.1,32.8,20.5
2026-04-15 03:05:19,78.9,85.9,108.9,6.37,51.2,33.9,20.5
2026-04-15 03:05:19,77.85,81.5,95.6,7.73,50.1,31.1,20.5
2026-04-15 03:05:19,78.08,88.7,106.0,7.15,50.1,34.6,20.5
2026-04-15 03:05:19,78.54,93.5,117.0,5.82,50.1,32.4,20.5
2026-04-15 03:05:20,76.95,87.2,110.3,6.25,50.1,35.9,20.5
2026-04-15 03:05:20,78.53,94.6,106.6,7.12,50.7,40.4,20.5
2026-04-15 03:05:20,77.34,87.1,110.3,6.23,50.1,34.4,20.5
2026-04-15 03:05:20,77.1,94.1,117.2,5.81,49.6,33.3,20.4
2026-04-15 03:05:20,78.81,86.4,109.4,6.29,50.1,35.4,20.4
2026-04-15 03:05:20,78.99,87.5,100.0,7.44,50.1,41.5,20.4
2026-04-15 03:05:21,75.83,89.4,112.2,5.94,50.7,35.7,20.4
2026-04-15 03:05:21,79.45,89.2,112.4,6.01,50.7,33.3,20.4
2026-04-15 03:05:21,77.06,95.6,118.4,5.78,50.1,33.8,20.4
2026-04-15 03:05:21,77.85,87.5,111.2,6.25,51.2,34.9,20.4
2026-04-15 03:05:21,78.03,112.1,135.2,5.26,50.1,36.8,20.5
2026-04-15 03:05:21,76.74,106.3,127.0,6.21,49.0,35.5,20.5
2026-04-15 03:05:22,75.98,86.9,110.1,6.8,51.8,41.9,20.5
2026-04-15 03:05:22,76.99,85.1,96.8,7.62,49.0,38.0,20.5
2026-04-15 03:05:22,78.65,88.8,102.9,7.3,50.7,41.5,20.5
2026-04-15 03:05:22,78.15,85.8,108.8,6.12,51.2,33.3,20.5
2026-04-15 03:05:22,78.24,91.2,104.9,7.2,50.7,37.7,20.5
2026-04-15 03:05:22,76.44,87.9,110.9,6.13,50.7,33.8,20.4
2026-04-15 03:05:22,76.95,85.1,107.9,6.11,49.6,35.8,20.4
2026-04-15 03:05:23,74.79,88.4,102.6,7.31,49.0,41.8,20.4
2026-04-15 03:05:23,77.06,85.8,109.0,6.09,50.1,36.4,20.4
2026-04-15 03:05:23,77.27,87.8,99.6,7.41,50.1,41.1,20.4
2026-04-15 03:05:23,76.71,96.4,107.9,7.04,51.2,41.1,20.3
2026-04-15 03:05:23,76.97,86.5,109.3,6.38,50.1,35.0,20.3
2026-04-15 03:05:23,76.44,84.8,95.7,7.6,51.2,34.7,20.3
2026-04-15 03:05:23,77.83,86.9,100.8,7.38,51.8,43.9,20.3
2026-04-15 03:05:24,76.49,97.9,109.9,6.94,50.1,42.1,20.3
2026-04-15 03:05:24,75.8,102.7,125.2,5.83,50.7,34.3,20.4
2026-04-15 03:05:24,76.97,87.9,110.8,6.59,51.2,35.0,20.4
2026-04-15 03:05:24,77.0,88.3,111.0,5.99,51.2,32.3,20.3
2026-04-15 03:05:24,76.49,86.5,109.7,6.06,50.7,33.3,20.3
2026-04-15 03:05:24,77.12,85.8,98.4,7.53,50.7,39.6,20.4
2026-04-15 03:05:24,77.5,89.5,102.9,7.31,51.2,42.9,20.4
2026-04-15 03:05:25,75.51,86.7,109.6,6.11,50.1,36.4,20.4
2026-04-15 03:05:25,77.86,87.4,101.8,7.36,50.7,41.5,20.4
2026-04-15 03:05:25,77.96,85.3,108.0,6.15,50.1,36.4,20.4
2026-04-15 03:05:25,79.59,86.1,99.9,7.47,51.2,42.9,20.3
2026-04-15 03:05:25,76.47,86.3,97.8,7.49,50.1,39.2,20.3
2026-04-15 03:05:25,77.49,87.5,100.5,7.43,50.1,47.5,20.3
2026-04-15 03:05:26,76.03,86.3,106.4,6.04,51.2,31.3,20.3
2026-04-15 03:05:26,77.47,85.4,97.5,7.56,50.7,41.5,20.3
2026-04-15 03:05:26,77.54,89.2,102.6,7.3,50.7,45.6,20.3
2026-04-15 03:05:26,78.45,94.5,117.5,5.82,50.1,35.7,20.3
2026-04-15 03:05:26,76.6,88.2,115.1,6.09,50.1,37.7,20.2
2026-04-15 03:05:26,78.27,106.2,130.1,5.51,50.1,37.5,20.2
2026-04-15 03:05:26,78.99,84.2,107.2,6.97,51.2,40.3,20.2
2026-04-15 03:05:27,77.57,92.2,107.0,7.08,51.2,43.1,20.2
2026-04-15 03:05:27,77.86,95.8,118.3,5.86,50.7,33.8,20.2
2026-04-15 03:05:27,77.74,89.5,112.6,6.25,51.2,33.3,20.3
2026-04-15 03:05:27,77.85,106.1,128.6,5.46,50.7,30.0,20.2
2026-04-15 03:05:27,77.04,94.8,117.6,6.45,50.7,36.7,20.2
2026-04-15 03:05:27,77.56,86.4,108.8,6.31,51.2,29.3,20.2
2026-04-15 03:05:28,78.46,93.6,106.1,7.12,50.7,44.1,20.2
2026-04-15 03:05:28,78.22,90.6,113.8,6.11,50.1,32.8,20.2
2026-04-15 03:05:28,78.13,87.7,109.9,6.11,51.2,34.8,20.2
2026-04-15 03:05:28,78.85,86.9,109.2,6.03,51.2,35.5,20.1
2026-04-15 03:05:28,79.1,87.2,99.5,7.48,50.1,44.6,20.1
2026-04-15 03:05:28,77.13,92.2,104.0,7.24,49.6,37.7,20.1
2026-04-15 03:05:28,78.81,100.5,123.5,5.72,50.7,33.3,20.1
2026-04-15 03:05:29,79.52,87.9,110.9,6.48,51.2,35.0,20.1
2026-04-15 03:05:29,78.02,91.7,114.6,5.87,51.2,30.8,20.1
2026-04-15 03:05:29,78.2,89.1,112.0,6.09,51.2,38.9,20.2
2026-04-15 03:05:29,78.68,92.3,115.7,5.86,50.1,35.2,20.2
2026-04-15 03:05:29,79.29,87.8,110.8,6.21,50.7,34.4,20.2
2026-04-15 03:05:29,77.44,86.7,107.4,6.04,51.2,33.3,20.3
2026-04-15 03:05:30,77.98,96.0,106.5,7.01,51.8,40.0,20.3
2026-04-15 03:05:30,78.17,88.9,112.3,6.26,50.7,39.1,20.3
2026-04-15 03:05:30,77.63,90.9,113.9,5.94,51.2,32.3,20.4
2026-04-15 03:05:30,78.15,96.3,124.4,5.64,50.7,33.8,20.4
2026-04-15 03:05:30,78.32,106.1,129.5,5.79,51.8,36.2,20.4
2026-04-15 03:05:30,78.11,91.5,114.5,6.65,51.8,41.0,20.3
2026-04-15 03:05:31,76.7,91.5,114.8,5.99,51.8,31.7,20.4
2026-04-15 03:05:31,78.7,87.7,110.3,6.16,50.7,37.3,20.4
2026-04-15 03:05:31,77.55,86.4,99.3,7.51,51.8,43.6,20.4
2026-04-15 03:05:31,76.62,89.7,101.2,7.39,51.2,38.5,20.4
2026-04-15 03:05:31,78.03,85.1,108.2,6.16,50.7,33.8,20.4
2026-04-15 03:05:31,78.94,99.0,113.1,6.81,51.2,41.4,20.4
2026-04-15 03:05:32,78.34,101.9,125.6,5.87,51.2,36.4,20.4
2026-04-15 03:05:32,79.53,87.3,110.5,6.59,51.2,35.5,20.4
2026-04-15 03:05:32,78.32,104.5,116.1,6.66,51.8,38.6,20.4
2026-04-15 03:05:32,78.13,90.8,113.8,6.55,50.7,32.8,20.5
2026-04-15 03:05:32,79.18,122.5,145.4,5.04,51.2,33.3,20.5
2026-04-15 03:05:32,78.27,121.1,144.0,5.04,50.1,33.8,20.5
2026-04-15 03:05:33,78.52,92.0,115.0,5.85,52.9,36.1,20.5
2026-04-15 03:05:33,79.41,88.2,110.8,6.14,51.8,35.9,20.5
2026-04-15 03:05:33,78.35,94.0,116.9,5.8,51.8,34.3,20.5
2026-04-15 03:05:33,79.04,84.3,106.9,6.38,51.8,32.8,20.5
2026-04-15 03:05:33,78.71,87.1,102.0,7.35,51.2,40.0,20.4
2026-04-15 03:05:33,78.48,93.9,106.2,7.13,51.8,40.0,20.4
2026-04-15 03:05:33,78.52,86.3,109.4,6.29,52.9,32.8,20.4
2026-04-15 03:05:34,79.52,92.8,106.8,7.1,50.7,38.9,20.4
2026-04-15 03:05:34,79.34,94.7,117.8,5.97,52.4,37.7,20.4
2026-04-15 03:05:34,78.75,83.2,106.3,6.45,50.7,33.9,20.4
2026-04-15 03:05:34,79.69,88.7,104.7,7.22,51.8,35.8,20.3
2026-04-15 03:05:34,78.92,92.4,114.9,5.87,51.2,37.1,20.3
2026-04-15 03:05:34,78.14,90.4,112.3,6.08,51.8,31.8,20.3
2026-04-15 03:05:35,81.2,95.4,118.5,5.82,51.8,34.8,20.3
2026-04-15 03:05:35,78.18,98.5,121.5,5.89,51.8,41.4,20.3
2026-04-15 03:05:35,79.6,88.7,111.6,6.38,51.2,33.3,20.3
2026-04-15 03:05:35,78.9,87.8,110.8,6.04,51.2,31.2,20.2
2026-04-15 03:05:35,79.13,93.7,116.6,5.8,51.8,36.1,20.2
2026-04-15 03:05:35,80.29,98.7,121.8,5.82,51.2,29.7,20.2
2026-04-15 03:05:36,79.45,98.4,121.0,6.01,51.2,38.2,20.2
2026-04-15 03:05:36,78.6,87.6,110.5,6.42,50.1,38.5,20.3
2026-04-15 03:05:36,78.33,83.4,102.6,6.16,51.2,30.6,20.3
2026-04-15 03:05:36,79.15,96.2,112.1,6.84,50.7,39.3,20.3
2026-04-15 03:05:36,78.03,90.2,112.4,6.22,51.8,33.8,20.3
2026-04-15 03:05:36,78.08,85.6,108.4,6.19,52.4,33.8,20.3
2026-04-15 03:05:37,78.69,94.2,106.3,7.03,51.8,42.6,20.3
2026-04-15 03:05:37,78.38,92.9,116.1,6.06,51.2,34.8,20.3
2026-04-15 03:05:37,78.08,87.5,110.4,6.21,52.9,34.4,20.3
2026-04-15 03:05:37,77.28,85.2,97.2,7.62,51.2,38.0,20.3
2026-04-15 03:05:37,78.68,90.6,104.4,7.23,51.2,37.7,20.3
2026-04-15 03:05:37,77.89,85.3,107.2,6.19,51.2,33.8,20.3
2026-04-15 03:05:37,76.9,86.3,100.6,7.43,52.4,38.0,20.3
2026-04-15 03:05:38,77.9,86.9,99.4,7.49,51.2,41.8,20.4
2026-04-15 03:05:38,79.96,86.4,98.9,7.52,51.2,43.6,20.4
2026-04-15 03:05:38,78.16,85.3,97.4,7.57,52.4,38.0,20.4
2026-04-15 03:05:38,79.22,93.3,107.1,7.09,52.4,37.7,20.4
2026-04-15 03:05:38,79.19,87.2,110.3,6.23,50.7,35.4,20.3
2026-04-15 03:05:38,78.4,86.2,99.9,7.45,51.8,39.6,20.3
2026-04-15 03:05:38,78.23,87.7,110.8,6.02,51.8,31.3,20.3
2026-04-15 03:05:39,77.76,107.5,130.5,5.37,52.9,35.5,20.4
2026-04-15 03:05:39,78.69,96.2,118.0,6.43,51.2,36.7,20.3
2026-04-15 03:05:39,78.53,95.9,118.8,6.02,52.4,36.8,20.3
2026-04-15 03:05:39,77.19,85.9,108.9,6.39,50.7,34.9,20.4
2026-04-15 03:05:39,77.81,100.2,113.4,6.78,52.9,43.3,20.4
2026-04-15 03:05:39,78.83,85.2,108.3,6.59,50.7,32.2,20.4
2026-04-15 03:05:40,77.87,91.9,104.2,7.13,51.8,43.1,20.4
2026-04-15 03:05:40,78.89,114.6,138.3,5.27,51.8,39.0,20.4
2026-04-15 03:05:40,77.05,108.0,125.0,6.27,50.7,38.1,20.5
2026-04-15 03:05:40,78.78,84.8,107.9,6.97,51.8,35.7,20.5
2026-04-15 03:05:40,78.79,87.7,101.9,7.35,52.9,38.0,20.5
2026-04-15 03:05:40,78.16,87.0,98.7,7.55,52.4,35.3,20.5
2026-04-15 03:05:40,78.73,86.9,99.0,7.5,52.4,46.4,20.5
2026-04-15 03:05:41,79.03,90.4,101.6,7.3,52.4,42.9,20.6
2026-04-15 03:05:41,76.13,88.4,111.3,6.08,52.4,36.8,20.6
2026-04-15 03:05:41,79.98,86.5,109.2,6.08,52.4,33.8,20.5
2026-04-15 03:05:41,77.37,91.0,103.4,7.25,51.2,42.1,20.5
2026-04-15 03:05:41,80.02,113.6,136.8,5.29,52.4,31.0,20.4
2026-04-15 03:05:41,77.95,99.7,118.2,6.55,51.2,37.7,20.4
2026-04-15 03:05:41,78.56,89.1,112.3,6.4,50.7,37.5,20.4
2026-04-15 03:05:42,76.69,113.9,137.4,5.21,50.1,36.8,20.4
2026-04-15 03:05:42,77.16,82.5,98.5,7.43,51.2,39.6,20.5
2026-04-15 03:05:42,75.6,84.1,101.1,7.42,52.4,39.6,20.5
2026-04-15 03:05:42,75.46,91.2,106.9,7.11,51.8,38.2,20.5
2026-04-15 03:05:42,77.79,84.4,107.3,6.27,52.9,36.4,20.5
2026-04-15 03:05:42,76.39,80.7,96.0,7.71,51.8,36.7,20.5
2026-04-15 03:05:43,76.18,106.1,124.8,6.31,52.9,40.3,20.5
2026-04-15 03:05:43,76.89,83.7,107.0,6.92,52.4,37.9,20.5
2026-04-15 03:05:43,77.06,86.2,101.6,7.39,51.8,36.7,20.4
2026-04-15 03:05:43,77.96,84.9,99.2,7.5,51.2,41.5,20.4
2026-04-15 03:05:43,77.77,82.6,94.7,7.71,52.4,36.0,20.4
2026-04-15 03:05:43,77.37,87.5,104.3,7.23,52.4,42.1,20.4
2026-04-15 03:05:43,79.44,83.2,94.6,7.76,53.5,44.6,20.4
2026-04-15 03:05:44,78.86,111.6,129.6,6.08,50.7,39.1,20.3
2026-04-15 03:05:44,78.0,100.7,119.1,6.54,51.2,40.6,20.4
2026-04-15 03:05:44,80.38,86.3,109.4,6.56,52.4,33.9,20.4
2026-04-15 03:05:44,79.5,91.6,104.2,7.22,51.8,40.0,20.4
2026-04-15 03:05:44,78.89,91.0,114.1,6.02,51.8,37.7,20.4
2026-04-15 03:05:44,78.61,88.6,111.6,6.09,52.4,32.3,20.4
2026-04-15 03:05:44,78.63,83.0,107.2,6.16,52.9,29.5,20.4
2026-04-15 03:05:45,79.9,85.5,101.3,7.4,51.8,37.3,20.4
2026-04-15 03:05:45,79.52,101.1,114.0,6.74,51.2,47.5,20.4
2026-04-15 03:05:45,80.54,94.6,117.1,6.25,52.4,31.0,20.4
2026-04-15 03:05:45,79.0,109.4,131.5,5.51,52.4,30.0,20.4
2026-04-15 03:05:45,79.42,90.9,114.1,6.75,52.4,41.0,20.4
2026-04-15 03:05:45,79.05,96.9,119.9,5.8,52.9,31.3,20.4
2026-04-15 03:05:46,78.97,87.4,109.4,6.37,52.4,36.5,20.4
2026-04-15 03:05:46,79.81,86.8,98.9,7.53,52.9,34.7,20.4
2026-04-15 03:05:46,78.93,117.6,129.7,6.09,51.8,40.6,20.4
2026-04-15 03:05:46,77.74,97.4,112.0,6.84,51.8,39.7,20.4
2026-04-15 03:05:46,77.91,86.1,109.0,6.45,52.4,33.9,20.4
2026-04-15 03:05:46,79.41,103.2,116.4,6.64,52.9,41.7,20.4
2026-04-15 03:05:46,78.92,93.2,116.1,6.4,52.4,36.5,20.4
2026-04-15 03:05:47,79.05,83.8,106.6,6.36,52.9,32.8,20.5
2026-04-15 03:05:47,78.65,102.0,118.0,6.59,52.4,43.3,20.4
2026-04-15 03:05:47,79.45,85.2,107.1,6.68,53.5,35.0,20.4
2026-04-15 03:05:47,79.62,82.4,96.6,7.67,52.4,43.6,20.4
2026-04-15 03:05:47,79.02,91.3,107.8,7.05,51.8,39.3,20.4
2026-04-15 03:05:47,79.75,103.5,126.5,5.56,52.4,31.9,20.3
2026-04-15 03:05:48,77.83,105.2,128.4,5.97,51.8,35.8,20.3
2026-04-15 03:05:48,79.4,96.3,118.9,6.34,51.8,36.1,20.3
2026-04-15 03:05:48,77.24,98.6,120.5,5.92,51.8,38.6,20.4
2026-04-15 03:05:48,78.41,103.5,126.4,5.84,52.4,33.3,20.4
2026-04-15 03:05:48,77.89,89.2,110.9,6.55,50.7,37.5,20.4
2026-04-15 03:05:48,78.19,94.9,117.8,5.82,51.2,36.6,20.4
2026-04-15 03:05:49,78.61,91.8,114.6,6.11,52.4,35.4,20.4
2026-04-15 03:05:49,77.34,110.9,134.0,5.39,52.9,35.2,20.4
2026-04-15 03:05:49,79.3,88.4,107.5,6.93,53.5,46.4,20.4
2026-04-15 03:05:49,77.8,116.4,139.3,5.14,52.4,31.1,20.4
2026-04-15 03:05:49,78.09,98.9,115.1,6.71,53.5,38.3,20.4
2026-04-15 03:05:49,79.58,87.9,108.1,6.42,53.5,36.1,20.4
2026-04-15 03:05:50,78.32,98.8,110.4,6.92,54.0,41.4,20.4
2026-04-15 03:05:50,79.12,86.6,109.6,6.49,51.2,32.2,20.3
2026-04-15 03:05:50,78.71,92.7,105.1,7.16,52.9,45.6,20.3
2026-04-15 03:05:50,77.9,85.4,108.4,6.28,51.8,36.9,20.3
2026-04-15 03:05:50,78.75,84.9,98.6,7.53,52.4,39.2,20.3
2026-04-15 03:05:50,79.29,85.2,97.7,7.49,54.0,44.6,20.3
2026-04-15 03:05:50,79.39,86.4,100.7,7.42,52.4,41.2,20.3
2026-04-15 03:05:50,77.81,85.5,98.7,7.54,51.8,43.6,20.3
2026-04-15 03:05:51,76.78,85.4,98.4,7.54,52.4,42.6,20.3
2026-04-15 03:05:51,78.97,91.6,105.0,7.16,52.9,40.0,20.3
2026-04-15 03:05:51,79.46,85.1,108.1,6.25,52.4,32.8,20.3
2026-04-15 03:05:51,78.3,82.4,96.6,7.67,52.9,37.3,20.3
2026-04-15 03:05:51,76.1,84.3,100.6,7.39,54.0,41.8,20.3
2026-04-15 03:05:51,78.72,86.7,101.6,7.37,52.9,40.4,20.3
2026-04-15 03:05:51,79.43,82.1,94.5,7.78,52.9,34.0,20.3
2026-04-15 03:05:52,78.67,85.4,103.0,7.31,52.9,41.8,20.3
2026-04-15 03:05:52,79.69,85.1,101.4,7.4,52.9,36.5,20.3
2026-04-15 03:05:52,78.61,108.3,120.1,6.49,51.8,40.7,20.3
2026-04-15 03:05:52,78.57,99.6,122.4,6.32,51.8,38.5,20.3
2026-04-15 03:05:52,76.8,92.8,115.9,6.27,54.0,36.9,20.3
2026-04-15 03:05:52,77.01,93.8,116.6,5.97,53.5,36.8,20.3
2026-04-15 03:05:53,76.75,113.6,136.6,5.36,53.5,32.9,20.3
2026-04-15 03:05:53,77.21,101.1,120.2,6.5,51.8,36.2,20.3
2026-04-15 03:05:53,78.34,93.5,116.5,6.29,53.5,36.9,20.4
2026-04-15 03:05:53,77.97,97.8,120.6,5.78,53.5,34.8,20.4
2026-04-15 03:05:53,78.54,86.8,109.8,6.51,52.4,36.1,20.4
2026-04-15 03:05:53,78.88,87.1,100.1,7.44,51.8,39.6,20.5
2026-04-15 03:05:53,78.64,86.5,109.7,6.05,52.4,28.3,20.5
2026-04-15 03:05:54,77.45,103.3,115.6,6.67,52.4,39.3,20.5
2026-04-15 03:05:54,78.23,99.3,125.3,6.04,51.2,35.4,20.6
2026-04-15 03:05:54,79.68,96.8,119.9,6.2,53.5,33.9,20.6
2026-04-15 03:05:54,79.55,90.0,113.1,6.25,52.9,35.4,20.5
2026-04-15 03:05:54,77.67,86.4,109.5,6.14,51.2,34.4,20.5
2026-04-15 03:05:54,78.71,91.3,103.8,7.24,52.4,37.7,20.5
2026-04-15 03:05:55,78.5,94.4,117.9,5.88,52.9,33.8,20.5
2026-04-15 03:05:55,77.44,117.0,140.1,5.3,52.4,37.8,20.6
2026-04-15 03:05:55,78.94,85.2,100.5,7.42,53.5,37.7,20.6
2026-04-15 03:05:55,79.02,87.9,102.1,7.35,51.8,43.6,20.5
2026-04-15 03:05:55,77.88,88.5,111.4,5.99,52.4,32.3,20.5
2026-04-15 03:05:55,78.56,96.2,119.4,5.74,52.4,33.3,20.5
2026-04-15 03:05:56,78.47,87.5,110.4,6.34,52.9,34.9,20.5
2026-04-15 03:05:56,79.31,100.3,114.5,6.74,52.9,39.3,20.6
2026-04-15 03:05:56,79.05,98.6,121.6,6.14,51.8,34.9,20.6
2026-04-15 03:05:56,79.87,89.6,112.8,6.35,51.8,33.3,20.6
2026-04-15 03:05:56,77.97,112.4,135.5,5.28,52.9,32.9,20.6
2026-04-15 03:05:56,79.21,90.1,110.6,6.93,52.9,39.3,20.6
2026-04-15 03:05:57,78.56,87.1,110.1,6.11,52.4,31.7,20.6
2026-04-15 03:05:57,78.58,92.7,103.2,7.2,52.9,37.7,20.6
2026-04-15 03:05:57,80.25,86.8,109.9,6.22,53.5,31.1,20.6
2026-04-15 03:05:57,77.21,87.7,99.8,7.46,54.0,42.6,20.6
2026-04-15 03:05:57,78.18,95.9,108.0,7.06,52.4,40.4,20.6
2026-04-15 03:05:57,76.71,94.2,117.3,6.07,52.4,33.3,20.5
2026-04-15 03:05:57,78.14,84.6,107.5,6.37,52.4,29.3,20.5
2026-04-15 03:05:58,79.86,110.2,124.9,6.29,52.9,39.3,20.5
2026-04-15 03:05:58,78.84,104.1,127.5,6.17,52.9,36.5,20.5
2026-04-15 03:05:58,79.08,92.4,115.4,6.52,51.8,36.7,20.5
2026-04-15 03:05:58,78.09,84.8,107.9,6.29,52.9,34.4,20.4
2026-04-15 03:05:58,79.54,86.0,99.4,7.44,53.5,41.8,20.4
2026-04-15 03:05:58,79.93,95.8,108.4,6.98,52.4,39.3,20.5
2026-04-15 03:05:58,79.25,87.6,109.4,6.32,52.4,36.5,20.5
2026-04-15 03:05:59,80.01,84.0,95.6,7.72,52.9,40.4,20.5
2026-04-15 03:05:59,79.44,89.7,107.1,7.07,51.8,38.9,20.5
2026-04-15 03:05:59,78.65,86.1,109.1,6.22,52.9,32.8,20.5
2026-04-15 03:05:59,78.16,87.3,100.4,7.43,52.4,39.2,20.5
2026-04-15 03:05:59,80.3,87.2,98.8,7.51,52.9,45.6,20.5
2026-04-15 03:05:59,79.73,97.7,109.6,6.96,52.9,39.3,20.5
2026-04-15 03:05:59,79.04,89.9,112.9,6.29,52.9,34.9,20.5
2026-04-15 03:06:00,78.63,301.0,312.8,2.63,54.5,85.0,20.5
2026-04-15 03:06:00,77.83,88.8,110.7,6.57,53.5,41.3,20.5
2026-04-15 03:06:00,78.36,97.3,116.6,5.71,52.4,32.4,20.5
2026-04-15 03:06:00,77.39,87.2,110.2,6.39,54.0,33.3,20.5
2026-04-15 03:06:00,78.41,92.7,104.9,7.2,53.5,42.1,20.5
2026-04-15 03:06:01,78.27,86.7,110.5,6.16,52.9,36.4,20.5
2026-04-15 03:06:01,81.45,87.7,111.0,6.02,52.9,34.8,20.5
2026-04-15 03:06:01,77.13,86.4,113.2,5.92,53.5,33.8,20.3
2026-04-15 03:06:01,79.94,96.8,121.1,5.73,53.5,33.3,20.3
2026-04-15 03:06:01,78.65,86.5,109.5,6.45,52.9,34.4,20.3
2026-04-15 03:06:01,81.97,97.4,109.3,6.94,52.9,41.4,20.3
2026-04-15 03:06:02,79.88,89.6,111.4,6.24,52.9,30.6,20.3
2026-04-15 03:06:02,78.22,90.5,113.5,6.01,53.5,33.3,20.3
2026-04-15 03:06:02,80.68,87.1,110.0,6.13,51.8,34.8,20.3
2026-04-15 03:06:02,79.37,87.1,99.5,7.5,53.5,38.5,20.2
2026-04-15 03:06:02,80.44,86.2,109.4,6.04,53.5,34.3,20.2
2026-04-15 03:06:02,79.34,86.6,99.7,7.48,54.0,33.3,20.2
2026-04-15 03:06:03,81.39,91.4,103.1,7.22,52.9,40.0,20.2
2026-04-15 03:06:03,78.29,89.9,112.8,6.08,52.9,33.8,20.3
2026-04-15 03:06:03,81.09,88.7,111.7,5.98,53.5,33.3,20.3
2026-04-15 03:06:03,77.39,90.8,113.7,6.0,53.5,30.2,20.2
2026-04-15 03:06:03,79.48,93.1,116.1,5.92,53.5,31.3,20.2
2026-04-15 03:06:03,82.36,102.5,125.5,5.68,54.0,34.3,20.2
2026-04-15 03:06:04,74.88,98.8,122.1,6.13,52.9,36.9,20.3
2026-04-15 03:06:04,72.18,93.5,116.5,6.22,53.5,32.3,20.3
2026-04-15 03:06:04,80.73,93.2,116.2,6.01,53.5,32.3,20.3
2026-04-15 03:06:04,79.99,94.9,117.1,5.94,53.5,33.3,20.3
2026-04-15 03:06:04,77.11,95.9,120.1,5.89,51.8,36.8,20.4
2026-04-15 03:06:04,77.59,86.0,108.9,6.47,52.9,35.9,20.4
2026-04-15 03:06:04,79.2,93.4,106.6,7.1,54.0,44.1,20.4
2026-04-15 03:06:05,81.03,85.7,108.7,6.3,52.9,38.2,20.4
2026-04-15 03:06:05,80.18,89.9,102.5,7.26,54.0,46.3,20.4
2026-04-15 03:06:05,80.04,95.7,118.8,5.81,53.5,36.1,20.4
2026-04-15 03:06:05,79.55,89.0,112.2,6.25,52.9,32.3,20.4
2026-04-15 03:06:05,80.3,86.8,109.9,6.09,54.0,34.8,20.4
2026-04-15 03:06:05,80.41,91.0,103.3,7.27,53.5,40.7,20.4
2026-04-15 03:06:06,80.67,86.4,111.7,6.09,54.0,32.3,20.4
2026-04-15 03:06:06,80.45,91.3,114.3,5.91,52.4,34.3,20.4
2026-04-15 03:06:06,78.72,93.6,116.4,5.92,54.5,34.3,20.4
2026-04-15 03:06:06,81.66,83.6,107.2,6.36,53.5,34.9,20.4
2026-04-15 03:06:06,80.7,84.0,97.4,7.51,52.9,41.5,20.5
2026-04-15 03:06:06,78.95,84.7,100.0,7.47,54.5,41.5,20.5
2026-04-15 03:06:06,79.44,86.0,101.3,7.41,55.1,39.6,20.5
2026-04-15 03:06:07,79.67,83.3,95.8,7.69,54.5,37.3,20.5
2026-04-15 03:06:07,78.95,87.5,103.6,7.27,53.5,42.6,20.5
2026-04-15 03:06:07,80.07,84.8,96.7,7.65,54.5,43.4,20.5
2026-04-15 03:06:07,80.79,105.3,119.5,6.5,54.0,40.7,20.5
2026-04-15 03:06:07,80.52,85.7,108.4,6.82,52.9,31.5,20.5
2026-04-15 03:06:07,80.1,88.0,100.0,7.37,52.9,42.6,20.5
2026-04-15 03:06:07,79.88,87.6,111.9,5.98,54.0,32.3,20.5
2026-04-15 03:06:08,81.22,86.7,109.7,6.09,53.5,33.8,20.5
2026-04-15 03:06:08,81.35,86.9,99.9,7.46,52.9,43.9,20.5
2026-04-15 03:06:08,79.43,102.2,114.3,6.75,54.5,43.3,20.4
2026-04-15 03:06:08,79.03,87.6,111.5,6.53,54.5,35.6,20.4
2026-04-15 03:06:08,79.69,83.4,106.3,6.2,54.0,34.3,20.5
2026-04-15 03:06:08,81.1,84.5,100.5,7.44,53.5,41.5,20.5
2026-04-15 03:06:09,80.04,84.6,99.1,7.49,54.5,43.6,20.4
2026-04-15 03:06:09,79.27,84.7,100.0,7.48,54.0,39.2,20.4
2026-04-15 03:06:09,80.35,87.2,103.0,7.31,52.9,41.8,20.4
2026-04-15 03:06:09,80.05,94.7,117.7,5.79,54.0,32.4,20.4
2026-04-15 03:06:09,80.52,109.3,130.4,5.52,52.9,34.2,20.4
2026-04-15 03:06:09,78.73,89.5,112.6,6.81,53.5,35.7,20.4
2026-04-15 03:06:09,80.1,88.0,110.9,6.06,52.9,34.3,20.4
2026-04-15 03:06:10,79.19,102.1,125.0,5.54,53.5,31.4,20.3
2026-04-15 03:06:10,79.14,99.8,123.2,6.07,54.5,41.8,20.3
2026-04-15 03:06:10,79.47,88.2,111.2,6.47,54.5,36.9,20.3
2026-04-15 03:06:10,80.21,93.1,115.2,5.82,53.5,32.8,20.3
2026-04-15 03:06:10,79.83,92.3,115.4,6.03,54.5,34.3,20.3
2026-04-15 03:06:10,79.99,83.3,106.4,6.27,54.5,33.3,20.3
2026-04-15 03:06:11,80.75,84.6,97.8,7.52,52.9,36.7,20.3
2026-04-15 03:06:11,79.35,86.2,100.6,7.43,54.0,39.6,20.3
2026-04-15 03:06:11,80.97,87.6,110.7,5.95,54.5,34.8,20.3
2026-04-15 03:06:11,79.86,90.9,103.5,7.28,55.1,39.3,20.2
2026-04-15 03:06:11,77.59,84.9,108.1,6.26,54.5,32.8,20.3
2026-04-15 03:06:11,80.51,86.9,101.1,7.41,53.5,41.1,20.3
2026-04-15 03:06:11,79.24,89.5,102.1,7.35,54.5,40.0,20.3
2026-04-15 03:06:12,79.49,94.4,117.1,5.83,54.0,34.3,20.3
2026-04-15 03:06:12,79.09,107.4,130.5,5.57,52.9,30.4,20.3
2026-04-15 03:06:12,79.61,89.7,111.5,6.72,54.5,39.3,20.3
2026-04-15 03:06:12,78.93,92.4,115.9,5.88,53.5,32.3,20.3
2026-04-15 03:06:12,79.4,107.0,130.1,5.53,53.5,35.7,20.3
2026-04-15 03:06:12,79.52,86.1,109.3,6.87,53.5,38.3,20.3
2026-04-15 03:06:13,79.35,87.2,100.3,7.44,54.5,38.0,20.3
2026-04-15 03:06:13,79.81,91.5,103.5,7.28,54.0,39.6,20.3
2026-04-15 03:06:13,80.4,87.0,109.5,6.16,54.0,36.9,20.3
2026-04-15 03:06:13,78.98,85.2,97.2,7.63,54.0,41.8,20.3
2026-04-15 03:06:13,78.58,114.7,128.7,6.15,55.6,40.0,20.3
2026-04-15 03:06:13,80.51,87.2,105.4,7.18,53.5,35.8,20.3
2026-04-15 03:06:13,79.19,88.9,100.9,7.41,54.0,43.6,20.3
2026-04-15 03:06:14,79.82,87.4,109.4,6.06,52.4,33.8,20.3
2026-04-15 03:06:14,78.61,86.1,97.8,7.58,53.5,41.8,20.3
2026-04-15 03:06:14,78.89,91.1,103.8,7.23,54.0,44.8,20.4
2026-04-15 03:06:14,79.56,87.5,110.7,6.11,53.5,32.3,20.4
2026-04-15 03:06:14,77.1,86.3,109.2,6.07,54.0,32.8,20.4
2026-04-15 03:06:14,79.48,87.5,99.8,7.43,54.5,43.4,20.4
2026-04-15 03:06:15,78.47,88.4,111.5,5.97,52.9,31.8,20.4
2026-04-15 03:06:15,79.27,91.2,100.8,7.35,54.5,42.9,20.4
2026-04-15 03:06:15,78.61,86.1,109.1,6.19,54.5,34.4,20.4
2026-04-15 03:06:15,79.57,99.7,111.9,6.82,54.0,42.1,20.4
2026-04-15 03:06:15,79.86,85.0,109.4,6.51,54.0,34.4,20.4
2026-04-15 03:06:15,79.77,87.3,99.8,7.46,55.6,40.4,20.4
2026-04-15 03:06:15,80.0,88.8,100.8,7.42,55.1,41.5,20.4
2026-04-15 03:06:16,77.87,84.8,107.8,6.16,54.0,31.3,20.3
2026-04-15 03:06:16,79.79,88.3,103.1,7.3,54.5,38.5,20.3
2026-04-15 03:06:16,80.47,93.3,103.5,7.24,55.1,43.6,20.3
2026-04-15 03:06:16,80.35,87.3,110.6,6.22,54.5,35.4,20.3
2026-04-15 03:06:16,80.37,84.8,96.6,7.66,55.1,41.8,20.4
2026-04-15 03:06:16,79.3,86.6,101.3,7.38,55.1,37.3,20.4
2026-04-15 03:06:16,79.14,84.6,97.0,7.63,54.5,39.6,20.4
2026-04-15 03:06:17,81.21,86.7,101.3,7.38,55.1,37.3,20.4
2026-04-15 03:06:17,79.52,91.3,103.7,7.26,54.5,40.7,20.5
2026-04-15 03:06:17,79.62,86.2,109.2,6.19,55.1,35.4,20.5
2026-04-15 03:06:17,78.4,84.2,97.4,7.61,54.5,40.4,20.5
2026-04-15 03:06:17,78.91,84.8,100.1,7.47,55.6,41.8,20.5
2026-04-15 03:06:17,80.2,82.3,98.8,7.55,55.1,33.3,20.5
2026-04-15 03:06:17,78.59,95.5,110.5,6.91,54.5,44.1,20.5
2026-04-15 03:06:18,79.0,84.0,106.8,6.45,55.1,34.4,20.5
2026-04-15 03:06:18,79.43,83.0,99.1,7.53,54.0,39.6,20.5
2026-04-15 03:06:18,79.24,91.3,106.8,7.09,54.0,38.9,20.5
2026-04-15 03:06:18,79.64,89.0,112.0,6.09,54.5,32.3,20.5
2026-04-15 03:06:18,76.94,92.9,116.1,5.86,55.1,35.7,20.5
2026-04-15 03:06:18,79.73,92.8,115.8,6.01,54.5,32.3,20.5
2026-04-15 03:06:18,79.53,87.0,111.1,6.17,54.0,31.7,20.5
2026-04-15 03:06:19,78.58,88.5,111.4,5.99,53.5,39.4,20.5
2026-04-15 03:06:19,79.23,87.2,110.3,6.05,54.0,35.3,20.6
2026-04-15 03:06:19,79.11,86.3,98.2,7.55,54.5,42.3,20.6
2026-04-15 03:06:19,79.57,91.1,103.7,7.25,55.1,40.0,20.5
2026-04-15 03:06:19,77.72,88.0,111.0,6.12,54.0,35.3,20.5
2026-04-15 03:06:19,80.3,88.8,112.3,5.95,55.1,33.3,20.5
2026-04-15 03:06:20,77.99,96.6,118.0,5.74,53.5,37.0,20.5
2026-04-15 03:06:20,80.07,104.5,125.6,5.74,54.5,40.6,20.5
2026-04-15 03:06:20,79.87,85.6,107.4,6.75,54.5,33.3,20.6
2026-04-15 03:06:20,79.33,87.6,102.1,7.35,55.1,42.9,20.6
2026-04-15 03:06:20,80.24,85.6,108.8,6.12,54.5,31.2,20.6
2026-04-15 03:06:20,80.4,107.7,121.0,6.43,55.1,37.7,20.6
2026-04-15 03:06:20,80.36,101.5,124.7,6.24,55.1,38.1,20.6
2026-04-15 03:06:21,78.12,84.6,109.1,6.63,54.5,32.2,20.6
2026-04-15 03:06:21,81.12,92.7,105.1,7.15,54.5,36.5,20.6
2026-04-15 03:06:21,81.28,95.2,118.1,5.87,54.0,35.8,20.6
2026-04-15 03:06:21,80.03,86.8,109.7,6.37,53.5,35.9,20.5
2026-04-15 03:06:21,79.19,86.3,98.0,7.54,54.5,40.4,20.5
2026-04-15 03:06:21,79.44,102.3,115.2,6.7,54.0,36.8,20.4
2026-04-15 03:06:22,79.43,86.7,109.6,6.63,54.0,36.1,20.4
2026-04-15 03:06:22,75.19,88.5,101.2,7.39,53.5,42.6,20.4
2026-04-15 03:06:22,66.77,90.9,114.1,5.92,54.0,32.3,20.4
2026-04-15 03:06:22,73.88,94.7,117.7,5.87,55.1,32.8,20.4
2026-04-15 03:06:22,80.56,92.0,114.2,6.07,54.0,35.8,20.4
2026-04-15 03:06:22,82.4,87.3,110.2,6.21,54.5,37.3,20.4
2026-04-15 03:06:23,0.0,109.6,121.8,6.41,55.1,45.3,20.4
2026-04-15 03:06:23,0.0,86.4,108.6,6.94,55.1,39.7,20.3
2026-04-15 03:06:23,0.0,86.2,99.5,7.51,54.5,40.7,20.3
2026-04-15 03:06:23,0.0,92.4,105.5,7.17,54.5,43.9,20.3
2026-04-15 03:06:23,0.0,95.9,119.1,5.88,55.1,31.2,20.3
2026-04-15 03:06:23,0.0,85.1,108.3,6.42,55.1,34.9,20.3
2026-04-15 03:06:23,0.0,83.9,99.0,7.55,54.5,39.6,20.4
2026-04-15 03:06:24,0.0,98.8,113.4,6.72,55.6,37.5,20.4
2026-04-15 03:06:24,0.0,92.3,114.9,6.29,54.5,32.3,20.4
2026-04-15 03:06:24,0.0,93.9,116.9,5.95,55.1,35.3,20.4
2026-04-15 03:06:24,0.0,86.0,108.0,6.3,54.0,34.9,20.4
2026-04-15 03:06:24,0.0,82.3,95.0,7.78,54.5,35.4,20.4
2026-04-15 03:06:24,0.0,85.5,102.8,7.33,55.6,38.5,20.4
2026-04-15 03:06:24,0.0,82.0,94.5,7.71,55.6,42.6,20.4
2026-04-15 03:06:25,0.0,86.0,103.7,7.21,54.0,38.9,20.4
2026-04-15 03:06:25,0.0,81.4,93.5,7.86,55.1,42.6,20.4
2026-04-15 03:06:25,0.0,85.2,104.3,7.24,55.6,45.5,20.4
2026-04-15 03:06:25,0.0,82.4,96.0,7.72,54.0,35.4,20.4
2026-04-15 03:06:25,0.0,88.3,106.0,7.17,55.1,40.4,20.4
2026-04-15 03:06:25,0.0,83.9,106.9,6.18,55.1,30.6,20.4
2026-04-15 03:06:25,0.0,94.1,112.4,6.86,54.0,39.7,20.4
2026-04-15 03:06:26,0.0,82.2,106.5,6.51,54.5,37.5,20.4
2026-04-15 03:06:26,0.0,82.0,99.1,7.52,54.0,37.3,20.4
2026-04-15 03:06:26,0.0,84.4,102.2,7.36,54.5,41.8,20.4
2026-04-15 03:06:26,0.0,88.3,101.3,7.35,55.6,37.3,20.4
2026-04-15 03:06:26,0.0,84.5,106.7,6.1,54.5,34.8,20.4
2026-04-15 03:06:26,0.0,90.1,102.5,7.26,54.0,37.3,20.4
2026-04-15 03:06:26,0.0,87.2,110.2,6.11,55.1,37.3,20.4
2026-04-15 03:06:27,0.0,85.4,98.8,7.55,55.6,37.3,20.4
2026-04-15 03:06:27,0.0,101.9,114.1,6.67,55.1,40.7,20.4
2026-04-15 03:06:27,0.0,95.4,118.4,6.29,54.5,38.5,20.4
2026-04-15 03:06:27,0.0,94.7,118.0,5.96,54.5,33.3,20.5
2026-04-15 03:06:27,0.0,87.9,110.6,6.34,55.1,36.9,20.5
2026-04-15 03:06:27,0.0,96.6,108.5,7.04,54.5,44.1,20.6
2026-04-15 03:06:27,0.0,87.0,110.8,6.34,54.5,38.5,20.6
2026-04-15 03:06:28,0.0,96.4,108.6,7.03,54.5,41.1,20.6
2026-04-15 03:06:28,0.0,87.3,109.7,6.36,55.1,32.8,20.6
2026-04-15 03:06:28,0.0,92.4,104.7,7.22,54.5,41.1,20.7
2026-04-15 03:06:28,0.0,88.2,111.2,6.17,54.5,34.4,20.7
2026-04-15 03:06:28,0.0,86.7,99.9,7.49,54.5,38.5,20.7
2026-04-15 03:06:28,0.0,98.4,109.4,6.99,54.0,41.8,20.7
2026-04-15 03:06:29,0.0,87.5,113.5,6.29,55.1,32.8,20.7
2026-04-15 03:06:29,0.0,101.9,127.3,5.54,54.5,33.3,20.7
2026-04-15 03:06:29,0.0,86.7,109.7,6.73,55.6,38.3,20.7
2026-04-15 03:06:29,0.0,84.7,97.3,7.62,55.6,39.2,20.7
2026-04-15 03:06:29,0.0,110.6,125.8,6.27,55.1,36.7,20.7
2026-04-15 03:06:29,0.0,87.3,109.0,6.99,55.1,36.2,20.7
2026-04-15 03:06:29,0.0,91.6,104.7,7.21,55.6,43.9,20.7
2026-04-15 03:06:30,0.0,92.6,115.3,6.01,54.5,33.3,20.8
2026-04-15 03:06:30,0.0,96.3,119.4,5.88,55.6,35.8,20.8
2026-04-15 03:06:30,0.0,88.5,111.4,6.3,55.6,32.8,20.8
2026-04-15 03:06:30,0.0,85.4,108.7,6.11,54.5,32.8,20.7
2026-04-15 03:06:30,0.0,88.3,103.6,7.28,55.1,40.7,20.7
2026-04-15 03:06:30,0.0,87.2,111.2,6.06,55.1,33.8,20.7
2026-04-15 03:06:31,0.0,95.5,119.2,5.72,54.0,32.4,20.6
2026-04-15 03:06:31,0.0,93.8,116.9,6.09,54.5,32.8,20.6
2026-04-15 03:06:31,0.0,87.4,108.7,6.25,55.6,34.9,20.6
2026-04-15 03:06:31,0.0,85.3,97.5,7.61,55.6,36.7,20.5
2026-04-15 03:06:31,0.0,97.3,111.5,6.9,55.6,40.4,20.5
2026-04-15 03:06:31,0.0,103.6,125.7,5.76,55.6,33.8,20.6
2026-04-15 03:06:31,0.0,94.0,116.2,6.39,55.1,37.5,20.6
2026-04-15 03:06:32,0.0,86.9,108.9,6.27,54.0,32.3,20.5
2026-04-15 03:06:32,0.0,85.6,98.6,7.56,54.5,44.6,20.5
2026-04-15 03:06:32,0.0,94.6,106.7,7.04,56.2,37.7,20.5
2026-04-15 03:06:32,0.0,84.2,106.9,6.37,55.1,35.5,20.5
2026-04-15 03:06:32,0.0,83.0,97.9,7.62,56.2,34.7,20.5
2026-04-15 03:06:32,0.0,90.6,105.9,7.1,55.6,42.1,20.5
2026-04-15 03:06:33,0.0,86.9,108.8,6.14,54.0,33.8,20.5
2026-04-15 03:06:33,0.0,93.1,106.1,7.17,54.5,37.7,20.6
2026-04-15 03:06:33,0.0,93.8,116.6,5.94,55.6,35.3,20.6
2026-04-15 03:06:33,0.0,87.1,109.1,6.29,55.1,32.2,20.6
2026-04-15 03:06:33,0.0,85.5,97.2,7.62,55.1,44.4,20.6
2026-04-15 03:06:33,0.0,87.3,102.5,7.35,55.1,44.8,20.6
2026-04-15 03:06:33,0.0,84.9,95.7,7.69,55.1,38.0,20.6
2026-04-15 03:06:34,0.0,89.9,104.1,7.25,55.1,43.1,20.6
2026-04-15 03:06:34,0.0,86.8,109.4,6.12,55.1,33.8,20.7
2026-04-15 03:06:34,0.0,84.4,95.9,7.62,55.1,36.0,20.7
2026-04-15 03:06:34,0.0,95.6,110.6,6.93,54.5,44.1,20.7
2026-04-15 03:06:34,0.0,93.9,117.9,6.03,55.1,33.3,20.6
2026-04-15 03:06:34,0.0,87.0,110.0,6.3,55.1,36.9,20.6
2026-04-15 03:06:34,0.0,84.7,97.3,7.64,54.5,42.6,20.6
2026-04-15 03:06:35,0.0,90.0,105.3,7.21,55.6,41.8,20.6
2026-04-15 03:06:35,0.0,123.0,145.9,5.01,55.1,40.0,20.6
2026-04-15 03:06:35,0.0,88.3,99.5,7.52,55.6,39.2,20.6
2026-04-15 03:06:35,0.0,89.7,112.7,5.99,54.5,31.2,20.5
2026-04-15 03:06:35,0.0,87.7,110.8,6.08,54.0,29.0,20.5
2026-04-15 03:06:35,0.0,87.2,101.8,7.38,55.6,39.6,20.4
2026-04-15 03:06:36,0.0,89.8,113.0,6.0,55.1,33.3,20.4
2026-04-15 03:06:36,0.0,90.8,113.9,5.97,55.1,31.8,20.4
2026-04-15 03:06:36,0.0,89.2,113.4,5.96,55.6,33.3,20.4
2026-04-15 03:06:36,0.0,87.7,116.8,5.93,54.0,32.3,20.4
2026-04-15 03:06:36,0.0,87.7,112.9,6.15,54.0,37.7,20.4
2026-04-15 03:06:36,0.0,104.7,127.3,5.51,55.6,32.4,20.4
2026-04-15 03:06:37,0.0,93.0,116.7,6.43,54.5,40.0,20.4
2026-04-15 03:06:37,0.0,88.8,111.0,6.18,55.1,30.6,20.4
2026-04-15 03:06:37,0.0,112.9,134.9,5.22,54.0,33.8,20.3
2026-04-15 03:06:37,0.0,88.4,107.8,7.08,56.2,40.4,20.3
2026-04-15 03:06:37,0.0,99.8,121.7,5.62,54.5,34.2,20.4
2026-04-15 03:06:37,0.0,88.8,111.3,6.43,56.2,37.1,20.4
2026-04-15 03:06:38,0.0,85.5,108.3,6.12,55.6,35.3,20.4
2026-04-15 03:06:38,0.0,101.9,116.1,6.69,54.0,41.7,20.5
2026-04-15 03:06:38,0.0,107.3,133.0,5.72,56.2,38.0,20.5
2026-04-15 03:06:38,0.0,87.1,110.1,6.95,55.1,34.0,20.5
2026-04-15 03:06:38,0.0,107.1,119.6,6.52,56.2,42.2,20.5
2026-04-15 03:06:38,0.0,85.9,108.9,6.88,55.6,33.9,20.5
2026-04-15 03:06:38,0.0,89.1,102.9,7.33,55.1,36.0,20.5
2026-04-15 03:06:39,0.0,87.4,110.8,6.05,55.6,31.7,20.5
2026-04-15 03:06:39,0.0,85.2,97.0,7.66,55.1,36.0,20.5
2026-04-15 03:06:39,0.0,88.1,102.9,7.34,56.2,40.7,20.5
2026-04-15 03:06:39,0.0,95.9,108.9,7.03,56.2,38.9,20.5
2026-04-15 03:06:39,0.0,87.9,111.0,6.35,55.6,38.5,20.5
2026-04-15 03:06:39,0.0,88.6,111.7,5.98,55.1,34.8,20.5
2026-04-15 03:06:39,0.0,85.4,107.7,6.12,55.6,34.4,20.5
2026-04-15 03:06:40,0.0,87.7,102.0,7.38,56.2,35.4,20.5
2026-04-15 03:06:40,0.0,102.5,114.2,6.76,56.2,45.8,20.5
2026-04-15 03:06:40,0.0,87.4,110.4,6.6,56.2,34.5,20.5
2026-04-15 03:06:40,0.0,84.9,96.8,7.55,56.2,41.5,20.5
2026-04-15 03:06:40,0.0,92.2,105.3,7.18,56.2,43.1,20.5
2026-04-15 03:06:40,0.0,86.8,109.8,6.22,55.1,33.8,20.5
2026-04-15 03:06:40,0.0,83.6,94.3,7.68,56.2,40.0,20.5
2026-04-15 03:06:41,0.0,89.4,105.4,7.2,56.2,38.2,20.5
2026-04-15 03:06:41,0.0,102.7,125.7,5.56,55.1,36.5,20.5
2026-04-15 03:06:41,0.0,103.6,126.5,5.97,56.2,40.0,20.5
2026-04-15 03:06:41,0.0,91.8,114.6,6.44,54.5,32.8,20.5
2026-04-15 03:06:41,0.0,104.5,127.4,5.59,55.6,34.7,20.6
2026-04-15 03:06:41,0.0,83.4,106.4,6.87,55.6,35.6,20.6
2026-04-15 03:06:42,0.0,88.6,104.6,7.22,55.1,38.5,20.6
2026-04-15 03:06:42,75.83,89.3,113.3,5.94,55.1,38.0,20.6
2026-04-15 03:06:42,71.48,88.5,111.6,6.07,55.1,32.3,20.7
2026-04-15 03:06:42,75.97,84.3,94.2,7.67,55.1,38.8,20.7
2026-04-15 03:06:42,81.81,87.8,103.2,7.26,55.6,38.5,20.7
2026-04-15 03:06:42,83.61,104.4,126.9,5.49,56.2,33.8,20.7
2026-04-15 03:06:43,83.06,86.1,109.0,6.75,55.6,34.5,20.7
2026-04-15 03:06:43,82.38,97.1,110.3,6.92,54.5,42.4,20.7
2026-04-15 03:06:43,80.43,103.3,126.5,5.78,55.6,33.8,20.8
2026-04-15 03:06:43,80.64,106.8,130.7,5.85,55.6,34.8,20.7
2026-04-15 03:06:43,80.68,92.4,115.6,6.53,54.5,34.5,20.8
2026-04-15 03:06:43,80.29,97.5,121.2,5.89,55.1,35.3,20.8
2026-04-15 03:06:43,80.12,87.1,110.3,6.4,56.8,39.4,20.8
2026-04-15 03:06:44,79.52,93.4,115.2,5.83,55.6,35.2,20.8
2026-04-15 03:06:44,78.94,87.8,108.3,6.21,55.6,33.9,20.8
2026-04-15 03:06:44,79.39,107.5,119.0,6.53,56.2,39.3,20.8
2026-04-15 03:06:44,79.34,84.7,107.1,6.96,57.9,39.3,20.8
2026-04-15 03:06:44,80.63,83.8,98.3,7.56,56.2,39.2,20.8
2026-04-15 03:06:44,79.55,82.9,98.3,7.57,56.8,37.7,20.8
2026-04-15 03:06:45,79.11,91.1,107.7,7.05,55.6,41.1,20.8
2026-04-15 03:06:45,79.98,85.6,108.1,6.21,56.2,29.5,20.8
2026-04-15 03:06:45,79.22,90.6,103.3,7.23,55.6,46.3,20.9
2026-04-15 03:06:45,79.89,123.4,146.5,5.02,56.2,33.3,20.8
2026-04-15 03:06:45,79.53,104.1,127.2,5.53,55.6,34.3,20.8
2026-04-15 03:06:45,79.44,105.6,128.1,5.95,56.2,35.8,20.8
2026-04-15 03:06:46,80.35,99.6,122.7,6.22,56.2,39.1,20.9
2026-04-15 03:06:46,79.35,111.7,135.1,5.59,56.2,40.8,20.9
2026-04-15 03:06:46,79.89,95.3,116.9,6.61,56.2,40.0,20.9
2026-04-15 03:06:46,80.54,99.3,121.9,5.91,56.2,41.8,20.8
2026-04-15 03:06:46,79.51,114.8,138.2,5.49,56.8,37.3,20.9
2026-04-15 03:06:46,79.61,98.4,116.1,6.67,55.6,43.3,20.9
2026-04-15 03:06:47,79.92,102.2,124.4,5.87,55.6,37.9,20.8
2026-04-15 03:06:47,80.2,109.0,130.9,5.77,55.1,33.8,20.8
2026-04-15 03:06:47,79.52,100.5,121.9,6.32,55.6,43.1,20.8
2026-04-15 03:06:47,79.61,99.4,120.8,6.05,56.8,47.0,20.7
2026-04-15 03:06:47,80.24,97.1,120.4,6.08,55.6,40.9,20.7
2026-04-15 03:06:47,79.91,116.5,140.8,5.31,55.1,37.8,20.6
2026-04-15 03:06:48,79.79,102.1,114.3,6.67,56.8,43.1,20.6
2026-04-15 03:06:48,79.94,123.4,146.5,5.32,56.8,36.6,20.6
2026-04-15 03:06:48,78.41,109.3,132.4,5.38,55.6,38.4,20.6
2026-04-15 03:06:48,78.33,101.1,121.7,6.32,56.8,42.2,20.5
2026-04-15 03:06:48,79.93,102.9,126.1,5.93,56.2,35.9,20.5
2026-04-15 03:06:48,79.89,111.2,133.9,5.72,56.2,41.4,20.5
2026-04-15 03:06:49,77.71,97.4,119.4,6.47,54.5,39.0,20.4
2026-04-15 03:06:49,79.67,110.6,133.4,5.5,56.8,34.8,20.5
2026-04-15 03:06:49,78.41,92.0,110.7,6.91,56.8,40.0,20.5
2026-04-15 03:06:49,78.64,115.5,130.9,5.26,56.2,48.1,20.5
2026-04-15 03:06:49,78.72,113.5,130.4,6.08,56.8,40.6,20.5
2026-04-15 03:06:49,78.01,90.4,107.3,6.97,58.4,44.8,20.5
2026-04-15 03:06:50,79.11,89.4,112.4,6.04,56.2,38.5,20.5
2026-04-15 03:06:50,79.15,107.4,129.9,5.42,55.6,44.0,20.5
2026-04-15 03:06:50,78.63,104.8,128.0,6.09,57.3,38.7,20.4
2026-04-15 03:06:50,79.52,101.0,125.4,6.08,55.6,42.6,20.4
2026-04-15 03:06:50,79.12,112.8,135.8,5.65,56.8,40.3,20.4
2026-04-15 03:06:50,79.08,126.2,145.7,5.56,57.3,43.1,20.4
2026-04-15 03:06:51,79.24,94.0,117.8,5.93,57.9,35.8,20.4
2026-04-15 03:06:51,79.27,95.9,118.4,5.97,57.3,37.5,20.5
2026-04-15 03:06:51,78.51,97.2,120.3,5.95,56.2,39.1,20.5
2026-04-15 03:06:51,78.96,158.1,181.0,4.4,55.1,42.9,20.5
2026-04-15 03:06:51,80.23,94.7,116.5,5.85,56.2,35.3,20.5
2026-04-15 03:06:51,79.6,109.4,130.7,5.54,56.2,40.3,20.5
2026-04-15 03:06:52,79.57,105.1,128.6,6.12,55.1,43.3,20.5
2026-04-15 03:06:52,79.89,114.1,136.8,5.73,57.3,42.5,20.5
2026-04-15 03:06:52,80.46,97.7,114.9,6.66,55.6,47.6,20.5
2026-04-15 03:06:52,79.43,124.8,146.0,5.17,57.3,36.0,20.5
2026-04-15 03:06:52,79.76,113.2,136.2,5.31,55.1,35.7,20.5
2026-04-15 03:06:53,80.41,100.4,119.0,6.5,56.8,43.5,20.5
2026-04-15 03:06:53,81.75,122.3,145.1,5.26,55.1,43.2,20.5
2026-04-15 03:06:53,80.1,95.4,119.0,5.8,56.8,39.1,20.4
2026-04-15 03:06:53,80.52,125.1,147.7,5.11,55.6,39.5,20.4
2026-04-15 03:06:53,80.4,113.4,136.4,5.32,56.2,42.5,20.4
2026-04-15 03:06:53,80.2,100.3,119.4,6.51,56.8,41.7,20.4
2026-04-15 03:06:54,80.25,104.0,127.0,5.88,56.2,34.4,20.3
2026-04-15 03:06:54,79.99,115.8,140.6,5.54,56.2,39.1,20.3
2026-04-15 03:06:54,80.48,111.5,126.6,6.23,55.6,42.2,20.3
2026-04-15 03:06:54,79.87,94.4,115.5,6.69,55.1,41.1,20.4
2026-04-15 03:06:54,79.33,94.1,116.6,5.98,55.6,40.9,20.4
2026-04-15 03:06:54,80.44,104.4,127.3,5.68,55.6,43.4,20.4
2026-04-15 03:06:55,79.3,135.9,158.6,5.05,57.3,40.5,20.4
2026-04-15 03:06:55,79.49,108.5,133.5,5.73,57.3,40.3,20.5
2026-04-15 03:06:55,80.32,112.9,134.7,5.91,56.2,42.9,20.5
2026-04-15 03:06:55,79.2,118.3,137.4,5.78,57.3,43.5,20.5
2026-04-15 03:06:55,79.45,134.4,145.5,5.5,57.3,44.8,20.5
2026-04-15 03:06:56,79.61,139.2,162.1,4.89,55.6,40.5,20.5
2026-04-15 03:06:56,80.13,109.5,132.9,5.8,56.8,41.4,20.5
2026-04-15 03:06:56,81.04,105.1,125.6,6.24,56.8,43.1,20.5
2026-04-15 03:06:56,80.86,132.1,155.2,5.17,56.8,41.8,20.4
2026-04-15 03:06:56,79.0,101.4,124.8,5.9,56.8,37.9,20.4
2026-04-15 03:06:56,81.0,122.2,145.3,5.35,56.8,42.1,20.4
2026-04-15 03:06:57,80.73,103.7,127.1,5.5,56.2,35.7,20.4
2026-04-15 03:06:57,80.21,92.1,116.3,6.43,56.8,37.3,20.4
2026-04-15 03:06:57,81.19,108.3,134.2,5.42,58.4,42.5,20.5
2026-04-15 03:06:57,80.37,120.0,141.8,5.7,56.8,40.3,20.5
2026-04-15 03:06:57,80.48,85.7,99.5,7.47,56.8,46.3,20.5
2026-04-15 03:06:57,79.63,89.4,101.1,7.36,56.2,46.3,20.5
2026-04-15 03:06:58,81.1,95.9,118.6,5.79,57.3,40.3,20.5
2026-04-15 03:06:58,81.11,110.5,132.9,5.52,56.8,39.7,20.5
2026-04-15 03:06:58,78.06,88.9,108.2,6.9,57.3,41.1,20.6
2026-04-15 03:06:58,79.57,117.6,141.1,5.1,56.8,37.3,20.6
2026-04-15 03:06:58,81.15,102.8,117.0,6.62,57.3,39.7,20.6
2026-04-15 03:06:58,82.14,129.3,152.4,5.18,56.2,41.0,20.6
2026-04-15 03:06:59,81.06,129.3,152.4,5.0,56.2,35.4,20.6
2026-04-15 03:06:59,80.86,104.6,124.8,5.71,56.8,38.2,20.6
2026-04-15 03:06:59,83.15,91.9,117.1,6.39,56.8,36.7,20.6
2026-04-15 03:06:59,83.4,92.0,113.3,6.08,56.8,37.5,20.5
2026-04-15 03:06:59,82.85,106.2,129.1,5.54,57.9,38.0,20.5
2026-04-15 03:06:59,83.72,107.7,130.6,5.94,56.2,42.0,20.5
2026-04-15 03:07:00,82.32,121.9,146.0,5.5,57.3,39.1,20.5
2026-04-15 03:07:00,82.39,109.8,131.7,5.35,57.3,40.0,20.5
2026-04-15 03:07:00,81.19,107.2,128.1,6.08,56.8,37.1,20.5
2026-04-15 03:07:00,80.56,97.5,120.5,6.4,57.9,39.7,20.5
2026-04-15 03:07:00,79.79,99.5,124.6,5.86,57.3,46.4,20.6
2026-04-15 03:07:00,79.72,105.8,129.0,5.85,56.8,42.3,20.5
2026-04-15 03:07:01,80.37,94.0,115.0,6.45,57.3,40.3,20.5
2026-04-15 03:07:01,80.5,90.6,111.3,6.13,57.3,39.4,20.5
2026-04-15 03:07:01,80.1,91.2,114.6,5.97,55.6,40.6,20.5
2026-04-15 03:07:01,80.6,109.0,131.7,5.44,55.6,35.7,20.5
2026-04-15 03:07:01,79.77,120.5,143.5,5.61,57.3,39.1,20.5
2026-04-15 03:07:01,79.85,107.6,120.0,6.49,56.2,43.5,20.5
2026-04-15 03:07:02,79.06,126.4,149.6,5.41,56.2,35.7,20.5
2026-04-15 03:07:02,79.52,116.2,139.3,5.27,56.8,38.7,20.6
2026-04-15 03:07:02,79.29,109.5,125.5,6.26,56.2,43.7,20.6
2026-04-15 03:07:02,78.7,122.0,142.7,5.57,56.2,38.8,20.6
2026-04-15 03:07:02,77.65,124.1,155.9,4.74,57.3,42.2,20.6
2026-04-15 03:07:03,79.59,108.3,131.4,5.71,57.9,38.2,20.6
2026-04-15 03:07:03,76.68,117.5,139.1,5.69,56.8,38.2,20.6
2026-04-15 03:07:03,79.33,111.3,126.2,6.23,56.2,43.1,20.7
2026-04-15 03:07:03,78.36,114.8,136.0,5.87,56.8,41.3,20.7
2026-04-15 03:07:03,77.96,93.1,110.5,6.91,57.3,44.1,20.6
2026-04-15 03:07:03,78.21,96.2,117.9,5.89,57.3,36.9,20.6
2026-04-15 03:07:04,77.75,89.6,112.1,6.26,57.3,43.1,20.6
2026-04-15 03:07:04,77.73,114.7,137.9,5.21,57.3,36.8,20.6
2026-04-15 03:07:04,77.51,138.4,158.9,5.19,56.8,39.2,20.6
2026-04-15 03:07:04,79.52,102.9,125.9,6.18,57.9,41.3,20.5
2026-04-15 03:07:04,78.91,106.0,127.6,5.89,56.8,36.5,20.5
2026-04-15 03:07:04,77.98,93.2,116.2,6.51,57.9,40.6,20.5
2026-04-15 03:07:05,76.91,110.8,134.2,5.41,57.3,35.7,20.6
2026-04-15 03:07:05,80.0,120.6,142.3,5.67,56.8,42.4,20.6
2026-04-15 03:07:05,78.5,141.6,164.7,4.53,57.3,41.6,20.6
2026-04-15 03:07:05,78.78,151.9,173.0,4.75,58.4,43.7,20.6
2026-04-15 03:07:05,77.8,140.7,154.2,5.3,57.9,44.6,20.7
2026-04-15 03:07:06,77.88,140.6,164.8,4.97,57.9,44.2,20.7
2026-04-15 03:07:06,78.93,143.5,164.6,4.96,57.3,45.6,20.7
2026-04-15 03:07:06,75.89,122.4,143.1,5.58,57.3,51.4,20.6
2026-04-15 03:07:06,76.44,115.8,138.8,5.18,57.9,41.3,20.6
2026-04-15 03:07:06,76.93,110.8,127.5,6.17,56.8,46.9,20.6
2026-04-15 03:07:07,78.79,115.4,136.9,5.85,56.2,42.2,20.6
2026-04-15 03:07:07,79.61,109.6,127.2,6.15,57.9,45.3,20.6
2026-04-15 03:07:07,0.0,133.8,152.7,5.25,56.2,43.4,20.6
2026-04-15 03:07:07,0.0,145.1,167.1,4.75,57.9,46.5,20.6
2026-04-15 03:07:07,0.0,119.3,138.7,5.74,57.9,45.5,20.6
2026-04-15 03:07:07,0.0,186.7,198.8,4.25,57.3,47.9,20.5
2026-04-15 03:07:08,81.98,104.4,126.2,5.46,56.8,37.7,20.5
2026-04-15 03:07:08,81.98,118.5,141.8,5.53,57.9,49.4,20.5
2026-04-15 03:07:08,79.06,137.0,151.9,5.34,57.3,46.7,20.5
2026-04-15 03:07:08,77.29,122.8,147.8,5.38,56.2,49.4,20.5
2026-04-15 03:07:08,76.01,123.3,146.3,5.05,57.3,42.1,20.4
2026-04-15 03:07:09,75.76,123.8,146.8,4.99,56.8,42.7,20.4
2026-04-15 03:07:09,75.38,129.6,152.6,4.86,57.3,37.5,20.4
2026-04-15 03:07:09,75.2,135.3,158.3,4.86,58.4,41.0,20.4
2026-04-15 03:07:09,75.98,115.5,138.5,5.59,57.9,40.6,20.5
2026-04-15 03:07:09,76.86,127.3,143.7,5.6,58.4,53.4,20.5
2026-04-15 03:07:10,77.74,120.2,141.6,5.14,57.3,38.7,20.5
2026-04-15 03:07:10,76.6,145.9,155.8,5.25,56.8,50.7,20.5
2026-04-15 03:07:10,77.87,138.9,158.0,5.18,56.8,58.0,20.5
2026-04-15 03:07:10,77.83,121.6,144.7,5.48,57.3,43.8,20.5
2026-04-15 03:07:10,76.72,109.8,134.5,5.26,56.8,40.3,20.5
2026-04-15 03:07:11,77.36,127.3,147.9,5.49,57.3,47.9,20.5
2026-04-15 03:07:11,76.38,94.4,117.4,5.99,56.2,42.0,20.5
2026-04-15 03:07:11,78.23,103.8,125.7,5.68,57.9,50.0,20.5
2026-04-15 03:07:11,77.16,110.0,133.1,5.79,59.0,40.9,20.5
2026-04-15 03:07:11,76.61,114.3,133.9,5.85,56.8,48.6,20.5
2026-04-15 03:07:11,78.3,92.8,109.1,6.88,57.3,41.5,20.5
2026-04-15 03:07:12,77.08,92.2,115.1,6.03,58.4,41.3,20.5
2026-04-15 03:07:12,77.74,112.7,136.9,5.31,57.3,37.0,20.5
2026-04-15 03:07:12,78.09,124.2,143.5,5.62,58.4,45.9,20.5
2026-04-15 03:07:12,77.65,134.0,157.0,4.79,58.4,40.0,20.5
2026-04-15 03:07:12,78.36,94.5,117.4,6.24,56.8,39.7,20.6
2026-04-15 03:07:12,78.49,102.0,125.1,5.74,57.3,42.9,20.6
2026-04-15 03:07:13,78.25,132.9,156.0,5.06,56.8,40.3,20.6
2026-04-15 03:07:13,77.9,116.9,139.1,5.43,57.9,43.7,20.6
2026-04-15 03:07:13,78.12,116.5,136.0,5.87,57.3,41.5,20.6
2026-04-15 03:07:13,76.97,99.2,110.9,6.78,57.9,48.3,20.6
2026-04-15 03:07:13,79.11,147.0,170.2,4.71,57.3,43.4,20.5
2026-04-15 03:07:14,78.03,138.3,155.9,5.24,57.9,44.4,20.5
2026-04-15 03:07:14,77.7,134.4,157.5,5.09,57.3,51.9,20.5
2026-04-15 03:07:14,78.15,103.3,126.2,5.94,58.4,40.3,20.5
2026-04-15 03:07:14,76.32,124.4,146.3,5.32,59.0,40.8,20.5
2026-04-15 03:07:14,77.43,89.7,111.7,6.05,58.4,40.9,20.6
2026-04-15 03:07:14,76.81,88.0,110.1,6.06,56.8,43.3,20.6
2026-04-15 03:07:15,78.7,102.6,125.3,5.52,58.4,42.5,20.6
2026-04-15 03:07:15,77.53,123.2,146.2,5.35,57.9,46.1,20.6
2026-04-15 03:07:15,78.15,149.1,172.5,4.42,57.9,40.2,20.6
2026-04-15 03:07:15,78.24,113.0,129.6,6.12,59.5,46.3,20.6
2026-04-15 03:07:15,78.49,114.6,134.2,5.94,57.9,47.0,20.5
2026-04-15 03:07:16,78.49,155.2,172.5,4.8,58.4,47.5,20.5
2026-04-15 03:07:16,78.02,128.2,138.9,5.75,57.9,43.5,20.5
2026-04-15 03:07:16,78.88,152.2,174.9,4.49,56.8,42.7,20.6
2026-04-15 03:07:16,81.07,113.6,125.9,6.24,58.4,45.2,20.5
2026-04-15 03:07:16,80.33,99.5,117.8,6.55,57.3,44.3,20.5
2026-04-15 03:07:16,78.31,102.5,124.0,5.9,57.3,43.9,20.6
2026-04-15 03:07:17,79.35,128.6,151.4,5.19,57.9,41.3,20.6
2026-04-15 03:07:17,76.64,103.8,122.5,5.72,57.3,39.4,20.5
2026-04-15 03:07:17,83.26,107.5,131.5,5.83,58.4,43.5,20.6
2026-04-15 03:07:17,78.7,134.0,156.1,5.21,57.9,47.2,20.6
2026-04-15 03:07:17,84.13,114.1,137.1,5.56,58.4,42.3,20.6
2026-04-15 03:07:18,82.74,139.6,158.1,5.2,59.5,43.4,20.6
2026-04-15 03:07:18,79.44,150.6,173.9,4.74,57.9,40.7,20.6
2026-04-15 03:07:18,79.84,110.3,125.4,6.27,58.4,46.2,20.6
2026-04-15 03:07:18,80.82,133.1,158.0,5.18,57.3,43.4,20.6
2026-04-15 03:07:18,77.74,89.8,113.0,6.47,56.8,42.6,20.6
2026-04-15 03:07:18,78.97,130.6,153.6,4.84,57.3,45.9,20.6
2026-04-15 03:07:19,79.08,112.0,133.9,5.54,58.4,36.2,20.6
2026-04-15 03:07:19,78.94,101.7,121.1,6.4,57.9,44.4,20.6
2026-04-15 03:07:19,78.42,131.9,154.6,5.08,59.5,48.7,20.6
2026-04-15 03:07:19,80.15,127.6,150.7,5.11,58.4,44.3,20.6
2026-04-15 03:07:19,78.66,137.8,159.9,4.76,57.9,37.2,20.6
2026-04-15 03:07:20,79.25,152.8,175.2,4.66,57.3,57.0,20.6
2026-04-15 03:07:20,79.73,280.2,299.9,2.94,58.4,91.8,20.2
2026-04-15 03:07:20,79.87,119.1,142.1,5.2,59.0,38.7,20.2
2026-04-15 03:07:20,79.23,123.1,133.5,5.86,59.5,47.1,20.2
2026-04-15 03:07:21,78.51,152.4,173.7,4.36,59.0,37.1,20.2
2026-04-15 03:07:21,78.62,119.8,132.6,5.98,57.9,43.3,20.2
2026-04-15 03:07:21,77.91,112.4,127.7,6.1,58.4,53.8,20.2
2026-04-15 03:07:21,79.4,118.6,133.3,5.95,57.9,46.3,20.1
2026-04-15 03:07:21,77.14,115.7,138.7,5.07,57.3,41.6,20.1
2026-04-15 03:07:21,78.45,104.5,123.7,6.34,58.4,47.7,20.1
2026-04-15 03:07:22,79.11,124.1,146.5,5.45,57.9,44.4,20.2
2026-04-15 03:07:22,80.19,131.6,154.7,4.82,59.5,36.8,20.1
2026-04-15 03:07:22,79.11,131.7,154.8,5.0,57.9,41.8,20.1
2026-04-15 03:07:22,79.58,115.9,139.0,5.43,59.0,41.1,20.1
2026-04-15 03:07:22,78.94,117.7,135.8,5.81,59.0,40.9,20.1
2026-04-15 03:07:23,80.02,114.0,123.4,6.23,59.0,52.5,20.1
2026-04-15 03:07:23,79.78,88.1,103.4,7.18,59.0,45.3,20.1
2026-04-15 03:07:23,80.06,95.6,118.9,5.74,59.0,38.8,20.1
2026-04-15 03:07:23,79.92,102.3,124.6,5.77,59.0,42.0,20.1
2026-04-15 03:07:23,79.12,97.2,120.4,6.19,57.3,44.4,20.1
2026-04-15 03:07:23,80.08,107.9,130.9,5.65,59.0,41.2,20.1
2026-04-15 03:07:24,78.62,104.0,126.9,6.14,59.0,47.7,20.1
2026-04-15 03:07:24,79.45,102.1,124.6,6.08,58.4,46.3,20.1
2026-04-15 03:07:24,80.5,98.8,121.7,6.13,58.4,37.3,20.1
2026-04-15 03:07:24,79.93,109.9,132.6,5.62,57.3,40.0,20.1
2026-04-15 03:07:24,80.49,142.3,165.1,5.02,59.0,46.7,20.1
2026-04-15 03:07:24,79.61,99.0,124.0,6.3,59.5,45.3,20.1
2026-04-15 03:07:25,79.84,117.2,138.7,5.48,59.0,43.1,20.1
2026-04-15 03:07:25,80.21,121.9,137.1,5.84,59.5,50.0,20.1
2026-04-15 03:07:25,79.86,114.1,137.0,5.2,57.9,40.3,20.1
2026-04-15 03:07:25,78.51,103.2,119.6,6.43,59.5,43.3,20.1
2026-04-15 03:07:25,79.05,135.0,157.8,5.05,59.5,44.9,20.1
2026-04-15 03:07:25,77.49,90.3,112.3,6.44,58.4,42.6,20.1
2026-04-15 03:07:26,79.52,90.1,113.2,6.01,57.9,41.5,20.1
2026-04-15 03:07:26,79.96,124.2,146.1,4.93,59.0,47.0,20.1
2026-04-15 03:07:26,79.38,123.8,146.9,5.07,58.4,41.3,20.1
2026-04-15 03:07:26,78.85,112.8,136.4,5.23,58.4,42.9,20.1
2026-04-15 03:07:26,78.75,107.0,122.6,6.3,58.4,41.7,20.1
2026-04-15 03:07:27,79.36,101.9,126.2,6.13,58.4,43.1,20.1
2026-04-15 03:07:27,80.56,108.9,131.6,5.81,57.9,44.3,20.1
2026-04-15 03:07:27,80.66,107.6,130.5,6.05,59.0,43.1,20.1
2026-04-15 03:07:27,79.63,106.8,129.1,6.03,59.0,46.4,20.1
2026-04-15 03:07:27,78.29,120.5,143.6,5.54,59.5,42.6,20.1
2026-04-15 03:07:27,80.19,114.7,138.0,5.15,58.4,42.5,20.1
2026-04-15 03:07:28,78.43,148.0,165.7,5.01,58.4,45.6,20.1
2026-04-15 03:07:28,79.05,122.5,136.0,5.74,59.5,42.0,20.1
2026-04-15 03:07:28,78.88,112.1,134.7,5.22,59.5,37.1,20.1
2026-04-15 03:07:28,79.73,121.4,141.4,5.7,59.0,44.9,20.1
2026-04-15 03:07:28,78.86,126.1,148.8,4.91,57.9,39.2,20.1
2026-04-15 03:07:29,78.22,134.3,157.3,4.82,59.0,42.2,20.1
2026-04-15 03:07:29,80.27,141.3,164.3,4.83,58.4,43.4,20.1
2026-04-15 03:07:29,79.91,127.9,149.8,5.37,56.8,45.3,20.1
2026-04-15 03:07:29,80.36,104.1,127.2,5.67,57.3,38.6,20.1
2026-04-15 03:07:29,79.3,115.4,136.1,5.62,59.5,50.0,20.1
2026-04-15 03:07:29,80.21,96.5,116.0,6.66,58.4,48.4,20.1
2026-04-15 03:07:30,80.4,99.9,122.8,5.96,58.4,40.6,20.1
2026-04-15 03:07:30,79.82,112.1,135.0,5.6,59.0,41.2,20.1
2026-04-15 03:07:30,80.54,110.1,130.2,6.07,57.3,44.6,20.1
2026-04-15 03:07:30,80.34,94.7,117.7,6.56,58.4,44.1,20.1
2026-04-15 03:07:30,80.45,89.4,111.1,6.26,60.0,42.6,20.1
2026-04-15 03:07:30,79.45,115.1,138.1,5.2,58.4,39.5,20.1
2026-04-15 03:07:31,79.57,88.9,106.1,7.12,58.4,45.5,20.1
2026-04-15 03:07:31,80.03,90.7,110.1,5.94,57.9,49.3,20.1
2026-04-15 03:07:31,78.32,108.7,131.6,5.41,59.0,42.7,20.1
2026-04-15 03:07:31,79.27,110.4,133.3,5.95,58.4,41.3,20.1
2026-04-15 03:07:31,79.31,111.5,132.9,5.96,58.4,42.9,20.1
2026-04-15 03:07:31,79.68,129.9,149.5,5.4,59.5,42.9,20.1
2026-04-15 03:07:32,79.82,146.1,169.1,4.63,59.0,39.0,20.1
2026-04-15 03:07:32,80.8,135.7,153.7,5.28,59.0,43.2,20.1
2026-04-15 03:07:32,79.49,109.1,132.5,5.7,59.5,40.6,20.1
2026-04-15 03:07:32,80.49,105.5,129.4,6.11,59.0,42.9,20.1
2026-04-15 03:07:32,80.37,111.5,134.6,5.84,58.4,42.4,20.1
2026-04-15 03:07:33,80.17,143.5,163.5,5.06,59.5,47.4,20.1
2026-04-15 03:07:33,80.85,113.3,133.2,5.91,59.0,44.1,20.1
2026-04-15 03:07:33,80.68,106.7,124.7,6.26,60.0,45.3,20.1
2026-04-15 03:07:33,80.36,123.2,146.5,5.44,59.5,40.6,20.1
2026-04-15 03:07:33,80.34,162.9,186.0,4.19,59.0,39.8,20.1
2026-04-15 03:07:34,80.03,122.7,145.4,5.18,60.0,42.1,20.1
2026-04-15 03:07:34,79.29,122.3,147.1,4.96,59.0,42.9,20.1
2026-04-15 03:07:34,81.47,132.3,154.5,4.75,57.9,43.2,20.1
2026-04-15 03:07:34,80.89,161.2,183.3,4.42,58.4,44.3,20.1
2026-04-15 03:07:34,79.74,113.4,135.6,5.39,59.5,42.5,20.1
2026-04-15 03:07:34,80.11,102.9,121.6,6.41,59.5,41.9,20.1
2026-04-15 03:07:35,81.76,106.8,129.8,5.87,60.0,44.1,20.1
2026-04-15 03:07:35,83.68,117.5,140.6,5.58,59.0,44.3,20.1
2026-04-15 03:07:35,81.96,103.5,116.6,6.62,59.0,40.7,20.1
2026-04-15 03:07:35,83.15,118.4,141.7,5.51,59.5,45.2,20.1
2026-04-15 03:07:35,83.46,121.6,135.4,5.9,59.5,43.1,20.1
2026-04-15 03:07:36,82.39,116.6,126.2,6.19,59.5,46.2,20.1
2026-04-15 03:07:36,81.46,116.4,132.6,5.98,59.0,41.9,20.1
2026-04-15 03:07:36,81.03,152.1,168.6,4.92,60.0,40.3,20.1
2026-04-15 03:07:36,79.13,146.4,155.7,5.19,60.0,47.3,20.1
2026-04-15 03:07:36,80.05,108.1,126.2,6.19,59.5,42.9,20.1
2026-04-15 03:07:36,55.59,103.8,126.7,6.15,59.0,42.9,20.1
2026-04-15 03:07:37,0.0,145.0,166.7,4.81,59.5,39.0,20.1
2026-04-15 03:07:37,0.0,131.8,151.8,5.34,59.0,45.2,20.1
2026-04-15 03:07:37,0.0,106.0,129.1,5.74,59.5,42.0,20.1
2026-04-15 03:07:37,0.0,119.1,141.8,5.57,59.5,43.8,20.1
2026-04-15 03:07:37,0.0,114.2,126.7,6.15,59.0,45.3,20.1
2026-04-15 03:07:37,0.0,120.1,138.0,5.83,60.0,40.3,20.1
2026-04-15 03:07:38,0.0,141.4,153.2,5.3,59.0,51.9,20.1
2026-04-15 03:07:38,0.0,108.4,129.7,6.02,59.5,45.6,20.0
2026-04-15 03:07:38,0.0,115.5,138.2,5.75,59.5,42.6,20.0
2026-04-15 03:07:38,0.0,105.7,122.6,6.39,60.0,47.7,20.1
2026-04-15 03:07:38,0.0,117.7,139.6,5.62,58.4,45.8,20.1
2026-04-15 03:07:38,0.0,102.0,115.8,6.61,59.5,45.2,20.1
2026-04-15 03:07:39,0.0,113.0,135.0,5.66,60.0,43.7,20.1
2026-04-15 03:07:39,0.0,109.7,129.0,6.12,59.0,45.2,20.1
2026-04-15 03:07:39,0.0,124.6,148.3,5.45,59.5,41.4,20.1
2026-04-15 03:07:39,0.0,110.8,130.7,5.43,60.0,41.1,20.1
2026-04-15 03:07:39,0.0,114.5,136.9,5.86,60.0,50.0,20.1
2026-04-15 03:07:40,0.0,109.5,127.4,6.2,60.6,43.1,20.1
2026-04-15 03:07:40,0.0,136.2,157.5,5.17,60.0,44.2,20.1
2026-04-15 03:07:40,0.0,110.4,133.3,5.75,60.0,41.2,20.1
2026-04-15 03:07:40,0.0,104.0,126.7,6.24,59.0,41.0,20.2
2026-04-15 03:07:40,0.0,95.0,118.1,6.31,59.0,42.9,20.2
2026-04-15 03:07:40,0.0,94.4,117.3,6.06,59.0,40.0,20.2
2026-04-15 03:07:41,0.0,105.0,127.0,5.61,58.4,42.3,20.2
2026-04-15 03:07:41,0.0,109.4,132.3,5.84,59.5,39.1,20.2
2026-04-15 03:07:41,0.0,107.2,128.7,6.12,59.5,45.5,20.2
2026-04-15 03:07:41,0.0,111.5,134.4,5.85,61.1,45.6,20.2
2026-04-15 03:07:41,0.0,103.8,124.0,6.3,59.0,45.3,20.2
2026-04-15 03:07:41,0.0,101.3,123.0,6.09,60.0,40.3,20.2
2026-04-15 03:07:42,0.0,98.1,125.9,5.95,60.0,40.9,20.2
2026-04-15 03:07:42,0.0,95.2,118.3,6.29,59.5,41.3,20.2
2026-04-15 03:07:42,0.0,103.8,124.7,5.69,60.0,42.3,20.2
2026-04-15 03:07:42,0.0,142.0,165.1,4.89,59.0,37.7,20.2
2026-04-15 03:07:42,0.0,115.6,138.7,5.77,59.0,41.2,20.2
2026-04-15 03:07:42,0.0,108.0,125.1,6.3,59.5,45.3,20.2
2026-04-15 03:07:43,0.0,157.0,179.9,4.64,60.0,46.4,20.2
2026-04-15 03:07:43,0.0,122.4,145.5,5.03,59.5,42.7,20.2
2026-04-15 03:07:43,0.0,113.5,138.6,5.18,60.0,40.5,20.2
2026-04-15 03:07:43,0.0,138.5,153.2,5.26,60.0,40.5,20.2
2026-04-15 03:07:43,73.53,104.3,126.7,5.95,59.5,43.1,20.2
2026-04-15 03:07:44,75.98,97.8,119.1,6.31,60.6,47.8,20.2
2026-04-15 03:07:44,74.22,101.3,124.8,5.87,59.5,47.1,20.2
2026-04-15 03:07:44,77.1,100.6,123.7,6.04,59.5,45.6,20.2
2026-04-15 03:07:44,77.53,138.4,161.5,4.9,59.5,40.8,20.2
2026-04-15 03:07:44,78.91,91.5,114.7,6.53,58.4,46.0,20.2
2026-04-15 03:07:44,76.31,124.7,134.2,5.01,59.5,49.4,20.2
2026-04-15 03:07:45,77.27,143.5,165.7,4.57,59.0,38.1,20.2
2026-04-15 03:07:45,76.99,174.1,196.9,4.31,60.0,61.4,20.4
2026-04-15 03:07:45,76.28,193.7,213.9,3.97,61.1,65.7,20.5
2026-04-15 03:07:45,77.0,178.6,201.4,4.0,60.0,53.7,20.6
2026-04-15 03:07:46,78.75,124.8,147.4,5.5,58.4,43.7,20.6
2026-04-15 03:07:46,78.47,120.2,144.2,5.16,60.0,44.9,20.6
2026-04-15 03:07:46,78.62,142.3,165.3,4.53,59.5,39.8,20.6
2026-04-15 03:07:46,76.03,130.8,153.9,5.31,60.0,41.1,20.5
2026-04-15 03:07:46,76.46,119.0,141.9,5.3,59.0,44.0,20.5
2026-04-15 03:07:47,76.85,115.2,128.3,6.1,60.6,47.1,20.5
2026-04-15 03:07:47,76.8,93.8,107.4,6.95,60.6,47.4,20.5
2026-04-15 03:07:47,77.47,119.2,142.4,5.21,59.5,38.9,20.5
2026-04-15 03:07:47,75.78,119.8,142.5,4.99,60.0,40.7,20.5
2026-04-15 03:07:47,77.41,97.9,103.9,6.92,60.6,55.4,20.5
2026-04-15 03:07:47,76.04,119.6,142.3,5.31,60.0,44.0,20.5
2026-04-15 03:07:48,76.04,113.9,125.6,6.22,59.5,44.3,20.5
2026-04-15 03:07:48,77.58,140.0,156.5,5.19,60.6,41.9,20.5
2026-04-15 03:07:48,77.11,111.6,133.1,5.83,60.0,39.1,20.5
2026-04-15 03:07:48,77.31,104.3,125.0,6.28,60.6,46.9,20.5
2026-04-15 03:07:48,75.82,130.2,153.2,5.2,60.0,39.7,20.5
2026-04-15 03:07:48,77.84,113.8,138.8,5.39,60.6,42.7,20.5
2026-04-15 03:07:49,78.61,111.8,128.0,6.15,60.0,45.3,20.5
2026-04-15 03:07:49,77.28,165.2,181.9,4.54,59.5,46.3,20.5
2026-04-15 03:07:49,77.88,129.3,152.3,5.07,60.6,44.3,20.5
2026-04-15 03:07:49,76.39,162.0,185.1,4.3,59.5,40.7,20.5
2026-04-15 03:07:49,75.53,127.8,149.4,5.01,60.6,41.6,20.5
2026-04-15 03:07:50,76.51,123.2,146.3,5.12,59.0,38.2,20.6
2026-04-15 03:07:50,80.37,110.4,134.5,5.32,60.6,46.8,20.6
2026-04-15 03:07:50,82.57,144.5,163.5,4.99,60.0,44.2,20.6
2026-04-15 03:07:50,81.94,116.0,135.9,5.87,59.5,44.1,20.5
2026-04-15 03:07:50,82.76,113.4,128.5,6.1,59.0,55.2,20.6
2026-04-15 03:07:51,81.25,143.7,161.1,5.08,60.6,46.8,20.6
2026-04-15 03:07:51,78.02,114.0,134.9,5.88,60.6,41.8,20.6
2026-04-15 03:07:51,73.87,116.5,133.0,5.91,59.5,50.0,20.5
2026-04-15 03:07:51,74.18,86.4,103.8,7.25,61.1,47.3,20.5
2026-04-15 03:07:51,73.89,95.9,118.7,5.73,60.6,35.9,20.5
2026-04-15 03:07:51,75.01,106.9,132.6,5.54,59.0,42.9,20.5
2026-04-15 03:07:52,76.12,121.0,142.6,5.61,61.7,42.4,20.5
2026-04-15 03:07:52,75.27,145.7,168.6,4.45,60.6,41.6,20.5
2026-04-15 03:07:52,77.4,133.8,153.6,5.33,59.0,40.8,20.5
2026-04-15 03:07:52,76.33,117.6,140.2,5.44,60.0,40.8,20.5
2026-04-15 03:07:52,76.63,123.3,137.4,5.8,60.0,42.4,20.5
2026-04-15 03:07:53,81.67,139.8,162.2,4.62,61.1,40.0,20.5
2026-04-15 03:07:53,75.22,107.2,128.4,5.99,60.6,44.1,20.5
2026-04-15 03:07:53,74.96,101.8,124.9,6.2,60.0,47.7,20.5
2026-04-15 03:07:53,79.85,90.5,112.9,6.44,59.5,44.4,20.5
2026-04-15 03:07:53,80.63,142.0,164.7,4.59,60.0,42.5,20.5
2026-04-15 03:07:53,78.58,129.3,155.6,5.23,59.5,46.1,20.5
2026-04-15 03:07:54,75.18,118.3,139.8,5.41,59.5,42.5,20.6
2026-04-15 03:07:54,74.61,95.1,112.2,6.81,60.6,46.6,20.6
2026-04-15 03:07:54,81.63,100.4,122.1,5.94,61.1,44.1,20.5
2026-04-15 03:07:54,81.46,137.1,159.2,4.91,60.0,40.7,20.5
2026-04-15 03:07:54,83.69,121.1,144.4,5.44,59.5,44.0,20.5
2026-04-15 03:07:55,76.91,111.5,132.6,5.26,60.6,45.7,20.5
2026-04-15 03:07:55,80.26,126.2,145.4,5.52,60.6,46.3,20.5
2026-04-15 03:07:55,82.39,134.0,157.1,4.82,60.6,39.8,20.5
2026-04-15 03:07:55,80.9,93.4,116.3,6.28,59.5,41.3,20.5
2026-04-15 03:07:55,79.38,120.1,142.8,5.17,61.1,48.1,20.5
2026-04-15 03:07:55,79.76,105.0,116.3,6.6,61.1,45.9,20.5
2026-04-15 03:07:56,79.71,161.0,183.3,4.49,61.1,46.2,20.5
2026-04-15 03:07:56,78.97,110.0,133.3,5.48,60.0,42.3,20.5
2026-04-15 03:07:56,79.85,98.3,118.8,6.46,59.5,39.3,20.5
2026-04-15 03:07:56,79.72,113.5,134.9,5.5,60.6,38.6,20.5
2026-04-15 03:07:56,81.01,125.7,144.5,5.59,61.1,47.2,20.5
2026-04-15 03:07:57,80.2,107.5,130.5,5.52,60.6,43.2,20.5
2026-04-15 03:07:57,79.88,103.0,124.1,6.17,60.6,49.3,20.5
2026-04-15 03:07:57,79.37,142.9,165.5,4.84,61.1,45.7,20.4
2026-04-15 03:07:57,79.3,110.7,129.3,5.97,61.1,45.6,20.4
2026-04-15 03:07:57,79.67,111.2,132.8,5.98,60.0,43.7,20.4
2026-04-15 03:07:57,79.79,112.1,131.1,5.97,60.0,44.1,20.5
2026-04-15 03:07:58,77.85,107.2,125.3,6.17,59.5,46.9,20.5
2026-04-15 03:07:58,80.22,115.7,138.1,5.72,61.7,44.3,20.5
2026-04-15 03:07:58,79.69,113.1,127.6,6.09,60.0,50.0,20.5
2026-04-15 03:07:58,79.75,113.0,130.8,6.01,60.0,45.5,20.5
2026-04-15 03:07:58,79.55,111.8,129.0,6.05,60.6,46.3,20.5
2026-04-15 03:07:58,81.39,107.7,127.6,6.16,60.6,44.6,20.5
2026-04-15 03:07:59,80.16,162.3,185.0,4.51,60.6,48.9,20.5
2026-04-15 03:07:59,79.77,117.2,140.2,5.32,61.7,42.5,20.5
2026-04-15 03:07:59,80.91,106.3,121.2,6.42,61.1,48.4,20.5
2026-04-15 03:07:59,79.7,104.6,127.6,6.07,60.6,43.8,20.5
2026-04-15 03:07:59,79.47,120.8,142.0,5.47,60.0,42.9,20.5
2026-04-15 03:08:00,79.66,162.4,185.4,4.14,59.5,42.7,20.5
2026-04-15 03:08:00,79.8,141.7,165.0,4.7,60.6,42.0,20.5
2026-04-15 03:08:00,80.21,146.6,169.8,4.89,59.0,45.2,20.5
2026-04-15 03:08:00,79.55,102.6,118.7,6.4,60.6,52.3,20.5
2026-04-15 03:08:00,79.66,116.8,138.7,5.54,61.7,43.7,20.5
2026-04-15 03:08:01,79.48,148.4,162.6,5.03,60.0,41.3,20.5
2026-04-15 03:08:01,79.41,114.4,130.0,6.05,60.0,45.9,20.5
2026-04-15 03:08:01,79.94,114.9,134.7,5.91,60.6,49.3,20.5
2026-04-15 03:08:01,80.47,124.4,138.4,5.75,61.1,45.8,20.5
2026-04-15 03:08:01,79.61,117.6,140.7,5.18,60.6,39.5,20.5
2026-04-15 03:08:01,80.01,135.9,149.0,5.41,59.5,43.1,20.5
2026-04-15 03:08:02,79.73,116.1,139.3,5.55,60.0,45.7,20.5
2026-04-15 03:08:02,79.11,151.0,165.6,4.95,61.1,48.8,20.5
2026-04-15 03:08:02,79.58,101.5,114.6,6.67,60.0,49.2,20.5
2026-04-15 03:08:02,80.29,103.8,128.8,5.85,61.1,38.1,20.5
2026-04-15 03:08:02,78.26,142.4,165.2,4.92,59.5,43.8,20.5
2026-04-15 03:08:02,78.95,112.0,134.9,5.91,60.0,42.6,20.5
2026-04-15 03:08:03,79.49,113.4,129.8,5.95,60.0,45.3,20.5
2026-04-15 03:08:03,78.41,120.6,139.4,5.76,60.0,42.0,20.5
2026-04-15 03:08:03,78.66,104.6,113.0,6.64,61.1,43.6,20.5
2026-04-15 03:08:03,79.36,122.1,145.3,5.43,61.1,43.7,20.5
2026-04-15 03:08:03,78.93,110.9,132.8,5.25,59.5,39.2,20.5
2026-04-15 03:08:04,78.3,118.2,137.9,5.77,61.7,48.5,20.5
2026-04-15 03:08:04,79.33,146.3,157.2,5.15,60.6,44.6,20.5
2026-04-15 03:08:04,79.25,122.4,141.2,5.7,61.1,47.9,20.5
2026-04-15 03:08:04,77.69,114.6,137.6,5.21,60.6,42.3,20.5
2026-04-15 03:08:04,78.3,115.7,133.6,5.96,60.0,45.5,20.5
2026-04-15 03:08:04,79.88,115.3,130.5,6.02,60.6,46.2,20.5
2026-04-15 03:08:05,78.73,135.9,150.6,5.35,59.0,50.7,20.5
2026-04-15 03:08:05,78.65,127.0,151.8,5.19,59.0,44.6,20.5
2026-04-15 03:08:05,79.15,93.1,115.8,6.07,60.6,44.1,20.5
2026-04-15 03:08:05,78.77,136.7,159.0,4.76,61.1,45.1,20.5
2026-04-15 03:08:05,79.22,109.1,132.8,5.78,60.6,44.3,20.5
2026-04-15 03:08:06,79.94,160.3,181.8,4.6,60.6,43.7,20.5
2026-04-15 03:08:06,78.96,132.9,155.0,4.82,61.1,45.9,20.5
2026-04-15 03:08:06,78.51,114.2,136.6,5.58,61.1,40.0,20.5
2026-04-15 03:08:06,78.73,130.5,147.6,5.47,61.1,44.4,20.5
2026-04-15 03:08:06,78.68,116.7,139.3,5.36,61.1,39.7,20.5
2026-04-15 03:08:06,79.89,108.8,122.6,6.31,60.6,46.9,20.5
2026-04-15 03:08:07,77.91,139.5,162.3,5.05,61.1,42.5,20.5
2026-04-15 03:08:07,78.95,125.8,147.7,5.39,61.1,50.0,20.5
2026-04-15 03:08:07,78.36,94.7,117.8,5.92,61.7,41.5,20.5
2026-04-15 03:08:07,78.58,143.5,166.4,4.64,61.7,44.2,20.5
2026-04-15 03:08:07,78.25,114.7,136.7,5.85,60.0,42.0,20.5
2026-04-15 03:08:08,77.79,108.9,125.0,6.21,59.5,40.4,20.5
2026-04-15 03:08:08,78.62,113.3,134.8,5.84,61.7,40.6,20.5
2026-04-15 03:08:08,79.06,102.4,119.0,6.44,61.1,44.1,20.5
2026-04-15 03:08:08,78.83,106.0,128.8,5.87,60.6,42.4,20.5
2026-04-15 03:08:08,79.02,106.3,129.4,5.96,61.1,41.5,20.5
2026-04-15 03:08:08,79.63,107.4,128.6,6.0,61.7,47.1,20.5
2026-04-15 03:08:09,78.15,115.8,129.3,5.72,61.7,48.4,20.5
2026-04-15 03:08:09,79.71,124.6,139.2,5.7,61.7,47.9,20.5
2026-04-15 03:08:09,78.8,93.6,114.9,5.89,60.0,40.0,20.5
2026-04-15 03:08:09,78.73,110.5,130.9,5.47,61.1,44.0,20.5
2026-04-15 03:08:09,79.47,103.5,124.6,6.26,60.6,44.6,20.5
2026-04-15 03:08:09,79.64,120.7,143.7,5.45,61.7,43.4,20.5
2026-04-15 03:08:10,79.24,95.3,118.3,5.72,61.1,43.5,20.5
2026-04-15 03:08:10,79.44,148.6,171.4,4.56,61.1,43.0,20.5
2026-04-15 03:08:10,79.44,175.4,192.5,4.41,62.2,46.1,20.5
2026-04-15 03:08:10,79.83,118.7,141.3,5.66,62.2,44.3,20.5
2026-04-15 03:08:10,79.66,128.1,141.0,5.69,60.6,46.4,20.5
2026-04-15 03:08:11,79.93,132.5,155.6,4.88,60.0,43.0,20.5
2026-04-15 03:08:11,79.29,130.6,153.6,5.06,60.6,43.0,20.5
2026-04-15 03:08:11,79.22,108.0,131.0,5.64,61.1,40.6,20.5
2026-04-15 03:08:11,79.37,128.6,151.7,5.34,61.1,42.7,20.5
2026-04-15 03:08:11,78.77,107.0,128.7,5.58,61.1,41.4,20.5
2026-04-15 03:08:12,80.29,130.8,152.0,5.28,60.6,40.8,20.5
2026-04-15 03:08:12,80.53,118.6,145.8,5.21,62.2,49.4,20.6
2026-04-15 03:08:12,80.03,117.2,138.2,5.15,61.1,41.6,20.5
2026-04-15 03:08:12,78.97,122.1,134.3,5.82,61.1,44.9,20.5
2026-04-15 03:08:12,80.21,107.8,129.6,5.35,61.7,39.7,20.5
2026-04-15 03:08:12,79.85,89.3,111.0,6.82,61.1,37.7,20.5
2026-04-15 03:08:13,80.57,137.3,160.4,4.65,60.6,43.2,20.5
2026-04-15 03:08:13,79.63,111.2,134.2,5.77,61.1,45.8,20.5
2026-04-15 03:08:13,80.14,110.3,130.9,6.04,61.1,43.7,20.5
2026-04-15 03:08:13,79.95,103.3,124.2,6.26,61.7,43.7,20.5
2026-04-15 03:08:13,79.75,110.4,132.6,5.75,60.6,52.2,20.6
2026-04-15 03:08:14,79.34,120.5,139.5,5.67,61.7,38.1,20.6
2026-04-15 03:08:14,79.39,135.9,147.5,5.48,61.1,46.5,20.6
2026-04-15 03:08:14,79.91,125.8,147.3,5.27,61.7,40.5,20.6
2026-04-15 03:08:14,79.98,94.4,116.6,5.94,60.6,40.3,20.6
2026-04-15 03:08:14,78.84,90.7,113.7,6.14,61.7,40.6,20.6
2026-04-15 03:08:14,79.86,110.1,132.3,5.38,61.1,41.1,20.6
2026-04-15 03:08:15,78.9,118.7,140.6,5.71,61.7,47.9,20.6
2026-04-15 03:08:15,80.74,155.4,169.7,4.9,61.7,55.6,20.6
2026-04-15 03:08:15,81.02,126.5,149.3,4.91,60.0,36.4,20.6
2026-04-15 03:08:15,78.57,127.8,150.8,4.97,61.1,40.8,20.6
2026-04-15 03:08:15,80.32,131.0,154.0,4.91,60.6,41.2,20.6
2026-04-15 03:08:16,79.62,143.0,169.0,4.65,61.7,44.0,20.6
2026-04-15 03:08:16,80.3,105.2,124.7,6.29,61.1,49.3,20.6
2026-04-15 03:08:16,80.78,111.7,133.6,5.79,61.1,44.1,20.6
2026-04-15 03:08:16,79.71,124.0,144.0,5.59,60.6,41.4,20.6
2026-04-15 03:08:16,80.0,109.2,132.2,5.4,61.1,39.7,20.6
2026-04-15 03:08:16,80.86,124.6,147.2,5.5,60.6,42.5,20.6
2026-04-15 03:08:17,81.05,108.0,132.4,5.4,60.0,46.3,20.6
2026-04-15 03:08:17,80.22,119.5,141.4,5.65,61.1,42.0,20.6
2026-04-15 03:08:17,80.2,106.5,118.1,6.54,62.2,43.1,20.6
2026-04-15 03:08:17,81.24,117.4,140.2,5.63,61.1,39.4,20.6
2026-04-15 03:08:17,80.17,110.0,124.5,6.29,61.1,41.7,20.6
2026-04-15 03:08:18,79.97,102.7,125.5,6.26,60.6,46.9,20.6
2026-04-15 03:08:18,81.12,109.7,132.2,5.78,61.7,41.8,20.6
2026-04-15 03:08:18,80.08,123.0,145.6,5.56,61.1,40.3,20.6
2026-04-15 03:08:18,80.03,109.5,131.6,5.37,61.7,39.7,20.6
2026-04-15 03:08:18,81.21,119.3,136.0,5.67,60.6,56.6,20.6
2026-04-15 03:08:18,80.81,127.4,138.0,5.72,62.8,42.4,20.6
2026-04-15 03:08:19,80.95,147.7,170.3,4.55,62.2,41.9,20.6
2026-04-15 03:08:19,80.41,130.1,146.0,5.48,62.2,43.5,20.6
2026-04-15 03:08:19,80.96,135.3,157.5,4.87,61.7,39.7,20.6
2026-04-15 03:08:19,81.04,106.1,129.1,5.87,61.1,42.6,20.6
2026-04-15 03:08:20,80.42,347.2,391.5,2.33,63.4,84.2,20.2
2026-04-15 03:08:20,81.32,134.8,158.0,5.01,61.7,41.3,20.2
2026-04-15 03:08:20,81.31,103.4,130.3,5.79,62.2,50.0,20.2
2026-04-15 03:08:20,80.75,112.6,135.4,5.84,62.8,44.3,20.2
2026-04-15 03:08:20,80.97,99.0,115.7,6.54,61.7,44.3,20.2
2026-04-15 03:08:20,81.08,101.2,119.9,5.88,60.6,45.6,20.2
2026-04-15 03:08:21,81.1,146.0,168.9,4.75,60.6,41.8,20.2
2026-04-15 03:08:21,80.85,123.9,142.9,5.62,61.7,43.5,20.2
2026-04-15 03:08:21,81.39,112.2,136.0,5.24,62.2,39.2,20.2
2026-04-15 03:08:21,80.47,95.7,113.2,6.76,62.2,46.6,20.2
2026-04-15 03:08:21,81.2,126.4,149.3,5.08,61.1,39.5,20.2
2026-04-15 03:08:22,80.27,144.2,167.0,4.6,61.7,48.3,20.2
2026-04-15 03:08:22,80.94,130.5,151.2,5.37,60.6,43.4,20.2
2026-04-15 03:08:22,81.06,91.9,112.1,6.19,62.2,42.9,20.2
2026-04-15 03:08:22,80.49,130.2,153.3,4.88,62.8,38.5,20.2
2026-04-15 03:08:22,81.13,89.3,112.3,6.31,62.2,44.6,20.2
2026-04-15 03:08:23,82.17,119.7,142.6,5.08,62.2,42.3,20.2
2026-04-15 03:08:23,81.99,143.0,154.9,5.26,62.2,43.8,20.2
2026-04-15 03:08:23,81.02,127.8,149.5,5.41,60.0,40.6,20.2
2026-04-15 03:08:23,80.94,100.2,123.1,5.81,62.8,40.3,20.2
2026-04-15 03:08:23,81.81,121.7,144.7,5.32,62.2,48.6,20.2
2026-04-15 03:08:23,81.17,105.7,126.9,5.44,62.2,40.3,20.2
2026-04-15 03:08:24,80.76,110.3,133.4,5.82,61.1,41.8,20.2
2026-04-15 03:08:24,81.39,106.3,127.6,6.18,62.2,46.0,20.2
2026-04-15 03:08:24,81.06,140.0,163.1,4.99,62.2,39.2,20.2
2026-04-15 03:08:24,80.34,115.3,138.4,5.71,61.7,41.8,20.2
2026-04-15 03:08:24,81.21,102.6,118.4,6.49,61.1,45.9,20.2
2026-04-15 03:08:25,81.42,144.3,167.4,4.76,62.8,48.8,20.2
2026-04-15 03:08:25,80.8,116.1,135.4,5.89,62.8,46.4,20.2
2026-04-15 03:08:25,81.48,117.3,133.8,5.87,61.7,49.2,20.3
2026-04-15 03:08:25,81.52,103.5,115.3,6.65,61.7,43.9,20.2
2026-04-15 03:08:25,81.12,108.5,130.3,5.81,62.2,45.8,20.2
2026-04-15 03:08:25,80.99,129.3,153.2,5.3,61.7,44.6,20.3
2026-04-15 03:08:26,81.22,92.5,115.7,6.2,62.2,42.9,20.2
2026-04-15 03:08:26,81.01,117.5,137.1,5.22,62.2,43.2,20.2
2026-04-15 03:08:26,81.81,141.2,155.8,5.26,62.2,42.3,20.3
2026-04-15 03:08:26,81.95,111.6,134.7,5.87,62.2,45.7,20.2
2026-04-15 03:08:26,80.7,146.4,166.3,4.96,62.8,47.4,20.2
2026-04-15 03:08:26,81.78,111.9,130.6,6.04,62.2,44.8,20.2
2026-04-15 03:08:27,81.83,94.9,113.5,6.67,62.2,46.4,20.3
2026-04-15 03:08:27,81.35,92.4,113.9,6.09,61.7,43.7,20.3
2026-04-15 03:08:27,81.26,119.1,142.3,5.18,62.2,40.3,20.3
2026-04-15 03:08:27,81.5,126.2,149.1,4.84,62.2,41.0,20.2
2026-04-15 03:08:27,81.38,127.8,150.9,4.96,62.2,38.7,20.3
2026-04-15 03:08:28,81.68,116.0,138.3,5.32,61.1,41.3,20.2
2026-04-15 03:08:28,81.89,113.9,128.5,6.07,62.8,43.1,20.2
2026-04-15 03:08:28,81.51,126.7,145.7,5.52,61.1,50.0,20.2
2026-04-15 03:08:28,81.55,117.1,140.3,5.25,62.2,40.8,20.2
2026-04-15 03:08:28,80.58,96.9,107.3,6.91,62.2,48.3,20.2
2026-04-15 03:08:28,81.32,110.8,129.3,5.53,61.7,43.7,20.2
2026-04-15 03:08:29,81.32,114.8,135.8,5.88,62.2,40.0,20.2
2026-04-15 03:08:29,81.96,116.2,132.3,5.97,61.7,46.3,20.2
2026-04-15 03:08:29,81.56,104.2,120.1,6.46,61.1,46.2,20.2
2026-04-15 03:08:29,81.68,127.0,153.1,5.2,62.8,42.9,20.2
2026-04-15 03:08:29,80.76,113.6,136.4,5.45,62.8,39.4,20.2
2026-04-15 03:08:29,81.09,119.6,137.8,5.79,61.7,52.2,20.2
2026-04-15 03:08:30,81.18,119.1,131.2,5.94,62.8,41.9,20.2
2026-04-15 03:08:30,81.14,95.0,117.8,5.76,61.7,47.1,20.2
2026-04-15 03:08:30,81.14,126.1,149.0,5.05,62.2,46.2,20.2
2026-04-15 03:08:30,81.62,102.0,125.1,5.69,62.8,40.0,20.2
2026-04-15 03:08:30,81.45,128.1,150.7,5.19,61.1,42.7,20.2
2026-04-15 03:08:31,82.02,114.2,137.2,5.36,61.1,41.9,20.2
2026-04-15 03:08:31,80.71,128.0,142.6,5.5,62.8,45.7,20.2
2026-04-15 03:08:31,81.4,105.5,128.5,5.69,61.7,39.4,20.2
2026-04-15 03:08:31,81.17,114.9,127.3,5.69,61.1,50.0,20.2
2026-04-15 03:08:31,82.06,97.9,114.5,6.68,62.8,47.5,20.2
2026-04-15 03:08:31,81.83,102.4,125.4,5.84,61.1,40.9,20.2
2026-04-15 03:08:32,81.87,104.2,122.9,5.94,61.1,42.6,20.2
2026-04-15 03:08:32,82.17,122.5,145.5,5.4,61.1,45.2,20.2
2026-04-15 03:08:32,82.09,126.5,149.5,4.91,62.8,39.2,20.2
2026-04-15 03:08:32,81.23,118.1,140.3,5.21,62.8,40.8,20.2
2026-04-15 03:08:32,81.8,122.5,135.0,5.86,61.7,42.2,20.2
2026-04-15 03:08:33,81.09,104.8,127.3,5.49,62.8,39.1,20.2
2026-04-15 03:08:33,81.75,108.8,130.2,5.87,61.1,52.1,20.2
2026-04-15 03:08:33,81.82,109.9,132.9,5.96,61.7,46.3,20.2
2026-04-15 03:08:33,81.46,130.2,151.0,5.35,62.8,46.1,20.2
2026-04-15 03:08:33,80.45,126.4,149.5,5.1,61.7,42.1,20.2
2026-04-15 03:08:33,82.01,144.8,166.7,4.57,62.8,40.5,20.2
2026-04-15 03:08:34,82.06,116.0,136.3,5.87,62.2,43.1,20.2
2026-04-15 03:08:34,81.79,108.6,124.3,6.29,63.9,46.9,20.2
2026-04-15 03:08:34,81.3,116.8,140.5,5.65,63.4,42.9,20.2
2026-04-15 03:08:34,82.49,105.6,118.5,6.52,62.2,49.2,20.2
2026-04-15 03:08:34,81.46,118.7,142.3,5.55,63.4,49.3,20.2
2026-04-15 03:08:34,81.7,128.3,140.0,5.7,62.2,43.3,20.2
2026-04-15 03:08:35,81.38,122.5,145.0,5.15,61.7,39.2,20.2
2026-04-15 03:08:35,81.77,119.0,142.0,5.09,62.2,42.1,20.3
2026-04-15 03:08:35,82.12,184.0,197.4,4.29,61.1,44.6,20.3
2026-04-15 03:08:35,82.6,115.2,128.8,6.13,62.8,45.5,20.3
2026-04-15 03:08:35,82.13,106.0,122.4,6.35,63.4,46.9,20.3
2026-04-15 03:08:36,81.98,117.2,140.0,5.64,63.4,44.3,20.3
2026-04-15 03:08:36,81.76,154.7,169.2,4.9,62.8,51.9,20.3
2026-04-15 03:08:36,81.85,119.0,141.6,5.07,62.8,39.7,20.3
2026-04-15 03:08:36,82.19,122.1,134.3,5.89,63.4,46.3,20.3
2026-04-15 03:08:36,80.89,131.6,154.5,4.78,63.4,41.7,20.3
2026-04-15 03:08:37,82.18,106.7,129.5,5.66,63.4,42.3,20.3
2026-04-15 03:08:37,81.9,126.1,149.3,5.36,63.4,43.1,20.3
2026-04-15 03:08:37,81.1,102.6,123.8,5.73,63.4,39.4,20.3
2026-04-15 03:08:37,81.91,108.6,131.6,5.79,62.8,42.4,20.3
2026-04-15 03:08:37,81.22,142.4,165.7,4.99,61.7,45.0,20.3
2026-04-15 03:08:37,81.35,122.6,145.4,5.57,61.7,45.6,20.3
2026-04-15 03:08:38,80.88,120.6,143.5,5.05,62.8,39.7,20.3
2026-04-15 03:08:38,81.27,140.0,162.7,4.56,62.8,41.4,20.3
2026-04-15 03:08:38,81.81,113.4,136.3,5.77,62.8,45.8,20.3
2026-04-15 03:08:38,80.87,111.9,128.8,6.06,63.4,45.5,20.3
2026-04-15 03:08:38,81.05,128.1,149.2,5.44,62.8,45.2,20.3
2026-04-15 03:08:39,81.95,118.8,142.3,5.26,62.2,39.7,20.3
2026-04-15 03:08:39,81.17,127.3,138.9,5.73,61.7,43.5,20.3
2026-04-15 03:08:39,81.29,98.8,100.5,7.25,64.5,60.0,20.3
2026-04-15 03:08:39,82.69,101.0,121.9,5.92,62.8,40.9,20.3
2026-04-15 03:08:39,83.04,112.6,135.7,5.61,63.4,43.1,20.3
2026-04-15 03:08:39,83.78,101.5,116.7,6.43,62.8,39.7,20.3
2026-04-15 03:08:40,83.27,102.5,122.5,5.97,63.4,42.2,20.3
2026-04-15 03:08:40,81.52,122.4,145.4,5.36,63.4,47.4,20.3
2026-04-15 03:08:40,80.5,95.6,117.2,5.76,62.2,38.8,20.3
2026-04-15 03:08:40,82.6,150.6,168.7,4.52,62.2,43.4,20.3
2026-04-15 03:08:40,82.16,117.8,133.6,5.95,63.9,41.3,20.3
2026-04-15 03:08:40,81.72,119.5,133.1,5.88,62.8,54.4,20.3
2026-04-15 03:08:41,81.52,108.6,132.6,5.28,61.7,45.3,20.3
2026-04-15 03:08:41,80.76,101.5,122.2,6.38,63.4,45.9,20.3
2026-04-15 03:08:41,81.31,105.3,127.3,5.88,62.8,42.4,20.3
2026-04-15 03:08:41,80.91,117.8,140.8,5.59,62.8,41.7,20.3
2026-04-15 03:08:41,81.78,127.6,141.8,5.67,62.2,45.5,20.3
2026-04-15 03:08:42,82.09,111.9,134.9,5.43,61.7,40.5,20.3
2026-04-15 03:08:42,81.01,110.8,130.4,6.05,62.8,42.9,20.3
2026-04-15 03:08:42,81.49,150.1,169.5,4.86,63.9,51.2,20.3
2026-04-15 03:08:42,81.04,152.4,166.6,4.92,63.4,43.2,20.3
2026-04-15 03:08:42,81.44,117.9,128.3,6.06,62.2,43.3,20.3
2026-04-15 03:08:42,81.59,131.0,145.7,5.56,62.2,46.5,20.3
2026-04-15 03:08:43,81.45,104.2,123.7,5.81,63.4,44.3,20.3
2026-04-15 03:08:43,81.17,105.4,126.2,5.96,62.8,42.4,20.3
2026-04-15 03:08:43,81.52,108.0,130.6,5.91,63.9,41.5,20.3
2026-04-15 03:08:43,81.73,100.8,122.4,6.27,63.9,42.4,20.3
2026-04-15 03:08:43,81.14,128.8,151.8,5.14,61.7,38.0,20.3
2026-04-15 03:08:44,81.02,146.2,169.2,4.6,63.4,42.9,20.3
2026-04-15 03:08:44,81.38,110.6,123.0,6.09,62.2,47.0,20.3
2026-04-15 03:08:44,80.85,121.7,143.2,5.63,63.4,44.9,20.3
2026-04-15 03:08:44,81.07,91.2,114.2,5.9,63.4,42.0,20.3
2026-04-15 03:08:44,80.63,151.6,173.0,4.35,63.4,36.4,20.3
2026-04-15 03:08:44,81.31,137.0,160.0,4.63,63.4,38.1,20.3
2026-04-15 03:08:45,80.93,143.7,166.9,4.81,62.2,45.1,20.3
2026-04-15 03:08:45,81.6,107.1,128.9,6.11,63.4,45.3,20.4
2026-04-15 03:08:45,81.42,99.2,120.8,6.37,63.4,47.7,20.4
2026-04-15 03:08:45,81.4,112.4,134.7,5.56,62.8,43.7,20.4
2026-04-15 03:08:45,81.3,139.1,156.3,5.17,63.9,50.6,20.4
2026-04-15 03:08:46,81.61,113.7,136.8,5.73,62.8,46.4,20.4
2026-04-15 03:08:46,80.75,102.3,119.2,6.44,62.8,48.4,20.4
2026-04-15 03:08:46,81.6,127.6,152.8,5.15,62.2,42.1,20.4
2026-04-15 03:08:46,81.0,110.8,132.6,5.51,63.9,44.7,20.4
2026-04-15 03:08:46,81.94,129.4,147.2,5.41,63.9,42.3,20.4
2026-04-15 03:08:46,81.52,113.1,134.8,5.42,63.4,44.6,20.4
2026-04-15 03:08:47,81.01,111.3,130.8,6.02,63.4,42.9,20.4
2026-04-15 03:08:47,81.3,150.2,168.6,4.93,64.5,46.8,20.4
2026-04-15 03:08:47,82.15,127.7,137.9,5.64,62.8,45.6,20.4
2026-04-15 03:08:47,81.03,102.6,125.6,5.72,62.8,41.4,20.4
2026-04-15 03:08:47,81.26,104.7,127.5,5.93,63.9,42.4,20.4
2026-04-15 03:08:48,80.92,148.1,171.2,4.76,63.9,43.2,20.4
2026-04-15 03:08:48,80.86,92.2,109.8,6.92,63.4,44.8,20.4
2026-04-15 03:08:48,81.72,126.8,151.3,4.94,63.4,41.8,20.4
2026-04-15 03:08:48,81.52,115.0,137.5,5.36,63.9,39.7,20.4
2026-04-15 03:08:48,81.68,109.7,126.7,6.2,65.0,47.8,20.4
2026-04-15 03:08:48,82.66,133.6,155.5,5.25,63.9,44.6,20.4
2026-04-15 03:08:49,81.23,128.7,150.9,5.12,63.9,50.0,20.4
2026-04-15 03:08:49,81.95,118.8,142.0,5.27,62.8,43.6,20.4
2026-04-15 03:08:49,81.29,116.0,129.5,6.1,63.9,48.5,20.4
2026-04-15 03:08:49,82.51,122.7,140.5,5.72,62.8,43.3,20.4
2026-04-15 03:08:49,82.0,144.6,167.2,4.54,63.4,39.3,20.4
2026-04-15 03:08:50,81.33,142.6,163.7,5.05,63.9,44.0,20.4
2026-04-15 03:08:50,81.76,161.8,183.6,4.53,63.9,51.7,20.4
2026-04-15 03:08:50,81.94,139.9,162.5,4.76,65.0,42.9,20.4
2026-04-15 03:08:50,81.9,107.7,129.7,5.95,63.9,44.9,20.4
2026-04-15 03:08:50,82.13,113.7,127.2,5.78,63.9,51.6,20.4
2026-04-15 03:08:51,82.09,97.3,110.5,6.69,63.9,44.8,20.4
2026-04-15 03:08:51,81.9,122.1,144.0,5.23,63.9,45.5,20.4
2026-04-15 03:08:51,81.95,129.1,151.8,4.83,63.4,39.5,20.4
2026-04-15 03:08:51,81.7,106.4,129.3,5.64,63.9,40.6,20.4
2026-04-15 03:08:51,81.98,91.5,114.5,6.6,62.8,46.7,20.4
2026-04-15 03:08:51,81.83,119.5,142.2,5.14,63.9,41.3,20.4
2026-04-15 03:08:52,82.35,148.3,160.0,5.12,62.8,48.1,20.4
2026-04-15 03:08:52,82.39,125.9,143.2,5.63,63.4,42.6,20.4
2026-04-15 03:08:52,81.8,115.0,137.7,5.23,63.4,48.6,20.4
2026-04-15 03:08:52,82.03,128.6,143.2,5.63,62.8,45.1,20.4
2026-04-15 03:08:52,82.04,104.8,128.0,5.67,63.4,42.0,20.4
2026-04-15 03:08:53,81.99,101.3,122.7,6.13,65.0,42.9,20.4
2026-04-15 03:08:53,82.11,136.2,158.9,4.97,63.9,39.5,20.4
2026-04-15 03:08:53,81.75,110.2,133.2,5.75,61.7,45.2,20.4
2026-04-15 03:08:53,81.84,123.4,145.1,5.51,64.5,44.3,20.4
2026-04-15 03:08:53,82.24,101.2,124.8,5.65,64.5,39.1,20.4
2026-04-15 03:08:53,81.56,98.6,121.0,6.13,64.5,44.6,20.4
2026-04-15 03:08:54,82.81,123.6,146.2,5.22,63.9,50.6,20.5
2026-04-15 03:08:54,82.35,114.6,137.7,5.24,63.9,42.1,20.5
2026-04-15 03:08:54,82.25,95.5,113.2,6.78,63.9,48.3,20.5
2026-04-15 03:08:54,81.75,124.8,147.7,5.1,63.4,40.5,20.4
2026-04-15 03:08:54,82.14,135.1,158.1,4.75,63.4,41.0,20.4
2026-04-15 03:08:55,82.52,138.9,161.9,4.91,63.9,39.5,20.4
2026-04-15 03:08:55,81.51,140.2,163.2,4.96,64.5,49.4,20.4
2026-04-15 03:08:55,81.51,121.0,144.2,5.53,63.4,43.8,20.4
2026-04-15 03:08:55,82.2,140.3,163.3,4.57,65.0,43.5,20.4
2026-04-15 03:08:55,82.34,121.7,144.7,5.52,63.9,42.3,20.4
2026-04-15 03:08:56,82.19,119.3,129.3,6.07,63.9,47.6,20.4
2026-04-15 03:08:56,82.22,133.2,145.5,5.55,63.9,50.7,20.4
2026-04-15 03:08:56,82.06,122.5,144.9,5.28,62.8,42.5,20.4
2026-04-15 03:08:56,82.1,100.2,108.8,6.89,63.9,48.3,20.4
2026-04-15 03:08:56,82.77,117.7,140.6,5.47,63.9,43.2,20.4
2026-04-15 03:08:56,82.24,105.2,117.4,6.49,62.8,44.1,20.4
2026-04-15 03:08:57,82.48,92.2,114.8,6.5,64.5,44.1,20.4
2026-04-15 03:08:57,82.73,123.1,146.0,5.06,64.5,43.2,20.5
2026-04-15 03:08:57,82.11,148.1,171.2,4.45,64.5,42.5,20.5
2026-04-15 03:08:57,82.19,106.7,123.9,6.31,63.9,46.8,20.5
2026-04-15 03:08:57,81.85,120.4,144.2,5.52,64.5,44.6,20.5
2026-04-15 03:08:57,81.97,120.7,131.1,6.02,63.4,46.3,20.5
2026-04-15 03:08:58,81.68,117.9,133.2,5.96,63.9,47.7,20.4
2026-04-15 03:08:58,82.17,117.8,140.9,5.11,63.9,43.0,20.4
2026-04-15 03:08:58,82.87,123.6,137.9,5.8,63.9,47.9,20.4
2026-04-15 03:08:58,82.28,114.4,137.2,5.23,65.0,40.0,20.4
2026-04-15 03:08:58,81.7,134.1,150.0,5.36,63.9,43.8,20.4
2026-04-15 03:08:59,81.95,127.9,151.2,5.17,63.9,47.3,20.4
2026-04-15 03:08:59,81.72,111.1,130.7,5.47,65.0,38.2,20.4
2026-04-15 03:08:59,82.17,109.6,128.6,6.06,64.5,44.8,20.4
2026-04-15 03:08:59,82.19,94.8,117.9,6.52,64.5,41.1,20.4
2026-04-15 03:08:59,82.13,102.6,125.3,5.78,63.4,42.0,20.4
2026-04-15 03:08:59,81.69,114.5,136.3,5.59,64.5,40.3,20.4
2026-04-15 03:09:00,82.58,101.2,117.2,6.54,63.9,45.0,20.4
2026-04-15 03:09:00,82.68,123.2,146.3,5.3,63.9,44.7,20.4
2026-04-15 03:09:00,82.68,111.0,134.0,5.33,64.5,37.1,20.4
2026-04-15 03:09:00,82.37,143.1,164.5,5.03,63.4,49.4,20.4
2026-04-15 03:09:00,82.76,168.7,190.6,4.42,63.9,42.7,20.5
2026-04-15 03:09:01,81.66,130.1,153.3,5.17,62.2,42.7,20.5
2026-04-15 03:09:01,81.72,116.4,138.7,5.37,63.4,47.9,20.5
2026-04-15 03:09:01,82.75,113.5,129.2,6.1,63.9,41.0,20.5
2026-04-15 03:09:01,82.26,114.9,134.1,5.94,65.0,43.8,20.5
2026-04-15 03:09:01,82.1,106.1,121.2,6.36,65.0,42.4,20.5
2026-04-15 03:09:01,82.77,107.7,131.3,5.92,65.0,43.1,20.5
2026-04-15 03:09:02,82.43,106.6,131.4,5.99,63.4,43.1,20.5
2026-04-15 03:09:02,81.84,127.5,149.8,5.37,65.0,47.4,20.5
2026-04-15 03:09:02,82.69,165.6,188.7,4.21,64.5,44.6,20.5
2026-04-15 03:09:02,82.35,135.0,157.8,4.94,63.9,41.8,20.5
2026-04-15 03:09:02,82.27,116.9,142.1,5.42,63.9,41.1,20.5
2026-04-15 03:09:03,82.83,138.8,152.1,5.34,63.4,43.1,20.5
2026-04-15 03:09:03,82.37,134.3,157.2,5.16,64.5,41.3,20.5
2026-04-15 03:09:03,82.12,133.8,157.3,5.01,63.9,41.0,20.5
2026-04-15 03:09:03,82.56,121.3,144.2,5.34,64.5,44.0,20.5
2026-04-15 03:09:04,82.62,335.2,360.8,2.37,65.0,90.2,20.2
2026-04-15 03:09:04,82.61,119.8,138.9,5.69,65.0,41.2,20.2
2026-04-15 03:09:04,82.88,116.5,131.7,6.01,64.5,43.1,20.2
2026-04-15 03:09:04,81.55,117.2,128.9,6.09,63.9,48.4,20.2
2026-04-15 03:09:04,81.73,114.0,128.6,6.13,63.9,45.9,20.2
2026-04-15 03:09:04,82.81,135.3,154.0,5.31,62.8,46.1,20.2
2026-04-15 03:09:05,84.11,121.7,144.8,5.38,63.9,41.9,20.2
2026-04-15 03:09:05,85.3,131.0,155.6,4.74,63.4,43.4,20.2
2026-04-15 03:09:05,85.62,112.1,135.0,5.57,63.4,45.3,20.2
2026-04-15 03:09:05,81.35,120.4,140.5,5.72,62.8,47.1,20.2
2026-04-15 03:09:05,81.2,122.6,133.3,5.87,65.0,53.6,20.2
2026-04-15 03:09:06,84.08,118.8,140.8,5.13,64.5,44.3,20.2
2026-04-15 03:09:06,83.63,114.5,127.5,6.09,65.0,49.2,20.2
2026-04-15 03:09:06,83.09,104.5,117.3,6.48,63.9,45.9,20.2
2026-04-15 03:09:06,82.19,108.7,131.3,5.83,64.5,43.1,20.2
2026-04-15 03:09:06,82.42,127.9,150.7,5.4,64.5,46.8,20.2
2026-04-15 03:09:06,82.07,108.2,129.2,5.55,65.0,42.3,20.2
2026-04-15 03:09:07,81.74,132.4,155.0,5.23,65.0,43.4,20.2
2026-04-15 03:09:07,82.13,101.2,124.2,5.94,63.9,42.4,20.2
2026-04-15 03:09:07,82.74,133.8,162.0,4.85,63.4,48.8,20.2
2026-04-15 03:09:07,82.81,103.0,126.2,6.16,63.9,42.9,20.2
2026-04-15 03:09:07,82.54,125.0,147.7,5.3,65.0,41.9,20.2
2026-04-15 03:09:07,82.21,109.6,132.2,5.41,63.9,36.8,20.2
2026-04-15 03:09:08,82.81,119.8,141.4,5.61,65.0,43.8,20.2
2026-04-15 03:09:08,82.54,109.8,133.0,5.29,64.5,41.9,20.2
2026-04-15 03:09:08,82.35,113.2,135.5,5.89,64.5,41.8,20.2
2026-04-15 03:09:08,82.48,110.2,125.2,6.12,64.5,46.2,20.2
2026-04-15 03:09:08,82.85,167.9,186.3,4.46,63.4,48.4,20.2
2026-04-15 03:09:09,82.84,119.7,142.5,5.41,64.5,43.4,20.2
2026-04-15 03:09:09,81.74,119.0,132.0,5.99,65.0,44.1,20.2
2026-04-15 03:09:09,82.58,101.3,111.7,6.76,65.0,46.4,20.2
2026-04-15 03:09:09,83.1,116.8,138.0,5.49,64.5,46.7,20.2
2026-04-15 03:09:09,82.27,119.8,132.8,5.9,62.8,44.8,20.2
2026-04-15 03:09:09,81.74,106.6,118.7,6.52,65.0,43.9,20.2
2026-04-15 03:09:10,82.13,99.3,122.2,6.27,65.5,44.4,20.2
2026-04-15 03:09:10,82.79,129.4,152.1,5.09,63.9,43.2,20.2
2026-04-15 03:09:10,83.0,133.6,156.7,4.9,64.5,47.6,20.2
2026-04-15 03:09:10,82.22,97.9,120.7,6.1,65.0,42.2,20.2
2026-04-15 03:09:10,82.52,127.3,145.1,5.1,65.5,37.5,20.2
2026-04-15 03:09:11,82.43,101.4,123.8,5.7,63.4,42.9,20.2
2026-04-15 03:09:11,81.8,137.5,162.8,4.9,63.4,47.4,20.2
2026-04-15 03:09:11,81.93,123.6,146.6,5.46,63.4,41.4,20.2
2026-04-15 03:09:11,82.13,108.5,131.4,5.41,65.0,38.9,20.2
2026-04-15 03:09:11,82.64,134.2,155.3,5.2,64.5,46.2,20.2
2026-04-15 03:09:11,82.9,101.8,124.8,5.97,64.5,42.2,20.2
2026-04-15 03:09:12,82.3,121.8,145.2,5.35,64.5,48.1,20.2
2026-04-15 03:09:12,81.86,120.0,143.1,5.04,65.0,49.4,20.2
2026-04-15 03:09:12,82.12,108.4,118.9,6.47,64.5,47.6,20.2
2026-04-15 03:09:12,82.7,107.4,132.9,5.95,65.0,44.6,20.2
2026-04-15 03:09:12,82.12,113.4,137.5,5.81,64.5,41.8,20.2
2026-04-15 03:09:12,82.9,111.4,126.0,6.16,65.0,47.7,20.2
2026-04-15 03:09:13,83.37,116.6,137.5,5.82,62.8,39.7,20.2
2026-04-15 03:09:13,82.9,93.1,108.3,6.99,65.0,47.3,20.2
2026-04-15 03:09:13,82.68,137.5,161.7,4.71,64.5,44.3,20.2
2026-04-15 03:09:13,82.16,117.9,140.7,5.54,65.0,40.6,20.2
2026-04-15 03:09:13,82.52,116.9,129.1,6.1,65.0,50.0,20.2
2026-04-15 03:09:14,83.21,110.7,126.9,6.2,64.5,45.9,20.2
2026-04-15 03:09:14,82.76,120.7,141.4,5.68,64.5,44.3,20.2
2026-04-15 03:09:14,82.85,146.4,170.2,4.42,65.0,40.4,20.2
2026-04-15 03:09:14,82.31,102.8,119.0,6.43,65.0,43.3,20.2
2026-04-15 03:09:14,82.58,103.7,126.0,5.98,64.5,44.8,20.2
2026-04-15 03:09:14,82.93,157.2,180.0,4.54,65.0,42.5,20.2
2026-04-15 03:09:15,82.42,119.1,141.7,5.09,65.0,40.0,20.2
2026-04-15 03:09:15,83.47,127.4,138.0,5.76,64.5,47.8,20.2
2026-04-15 03:09:15,82.93,115.3,135.5,5.29,64.5,46.8,20.2
2026-04-15 03:09:15,82.93,130.6,143.1,5.49,65.0,50.0,20.2
2026-04-15 03:09:15,82.45,107.9,130.9,5.7,65.0,38.8,20.2
2026-04-15 03:09:16,83.09,146.9,169.6,4.86,64.5,47.5,20.3
2026-04-15 03:09:16,82.18,156.4,173.3,4.77,65.0,45.2,20.3
2026-04-15 03:09:16,82.81,130.4,153.4,4.83,65.0,38.3,20.3
2026-04-15 03:09:16,83.13,118.9,142.4,5.25,63.9,44.9,20.3
2026-04-15 03:09:16,82.51,128.7,151.7,4.81,65.5,39.5,20.3
2026-04-15 03:09:17,83.01,91.4,114.5,6.14,65.0,41.5,20.3
2026-04-15 03:09:17,83.24,97.4,119.7,5.8,66.7,52.9,20.2
2026-04-15 03:09:17,83.1,135.9,159.1,4.87,65.5,36.8,20.2
2026-04-15 03:09:17,82.84,123.9,146.9,5.33,64.5,39.7,20.2
2026-04-15 03:09:17,83.44,91.3,114.3,5.98,65.0,42.4,20.3
2026-04-15 03:09:17,82.73,93.4,113.7,5.93,64.5,41.8,20.3
2026-04-15 03:09:18,82.92,115.2,140.7,5.18,63.9,42.3,20.3
2026-04-15 03:09:18,82.97,105.7,117.9,6.55,65.0,47.5,20.3
2026-04-15 03:09:18,83.04,124.7,148.4,5.33,65.5,44.6,20.3
2026-04-15 03:09:18,83.0,138.0,161.1,4.73,66.1,45.8,20.3
2026-04-15 03:09:18,83.42,113.1,134.6,5.72,65.0,44.3,20.3
2026-04-15 03:09:19,82.78,108.3,127.0,6.17,65.5,43.8,20.3
2026-04-15 03:09:19,83.11,106.7,133.6,5.93,65.0,41.3,20.3
2026-04-15 03:09:19,82.67,131.2,152.7,5.35,65.0,42.5,20.3
2026-04-15 03:09:19,82.68,111.4,134.2,5.55,65.0,38.2,20.3
2026-04-15 03:09:19,82.7,93.8,114.5,6.69,65.5,46.6,20.3
2026-04-15 03:09:19,83.18,91.1,114.1,6.12,63.9,43.9,20.3
2026-04-15 03:09:20,83.04,103.7,127.2,5.57,65.5,42.9,20.3
2026-04-15 03:09:20,82.86,139.3,162.2,4.94,65.5,51.3,20.3
2026-04-15 03:09:20,82.84,101.6,123.7,6.19,65.5,42.9,20.4
2026-04-15 03:09:20,82.96,102.0,125.1,5.97,64.5,44.8,20.4
2026-04-15 03:09:20,82.91,122.4,145.1,5.36,65.5,46.1,20.3
2026-04-15 03:09:21,82.6,126.2,149.3,4.91,65.5,39.2,20.3
2026-04-15 03:09:21,82.62,109.4,132.6,5.45,63.9,46.8,20.3
2026-04-15 03:09:21,82.64,152.6,171.9,4.74,64.5,45.7,20.3
2026-04-15 03:09:21,83.34,115.8,138.7,5.13,65.5,39.2,20.3
2026-04-15 03:09:21,83.24,112.5,126.4,6.12,66.1,50.0,20.3
2026-04-15 03:09:21,82.77,111.7,132.7,5.97,64.5,44.6,20.3
2026-04-15 03:09:22,82.89,161.3,176.0,4.67,65.5,50.0,20.3
2026-04-15 03:09:22,82.9,142.5,165.3,4.66,65.0,41.2,20.4
2026-04-15 03:09:22,83.5,100.3,123.2,6.35,66.1,40.0,20.4
2026-04-15 03:09:22,83.19,116.8,139.5,5.46,65.0,44.4,20.3
2026-04-15 03:09:22,83.54,104.0,119.8,6.5,63.9,46.9,20.3
2026-04-15 03:09:23,83.24,116.0,138.8,5.6,64.5,45.8,20.3
2026-04-15 03:09:23,83.75,128.4,141.1,5.59,65.0,43.5,20.3
2026-04-15 03:09:23,83.72,113.4,136.4,5.4,63.9,37.7,20.3
2026-04-15 03:09:23,83.87,109.7,130.8,6.04,64.5,44.8,20.3
2026-04-15 03:09:23,83.12,142.1,161.4,5.1,63.9,50.7,20.3
2026-04-15 03:09:23,83.29,95.0,118.0,6.55,66.7,42.6,20.3
2026-04-15 03:09:24,83.4,106.5,130.2,5.6,63.9,42.9,20.3
2026-04-15 03:09:24,83.11,116.1,138.8,5.7,63.9,41.2,20.3
2026-04-15 03:09:24,82.73,125.8,139.2,5.67,64.5,45.1,20.3
2026-04-15 03:09:24,82.83,114.9,138.0,5.29,65.5,50.0,20.3
2026-04-15 03:09:24,83.44,136.6,153.7,5.31,65.5,43.7,20.3
2026-04-15 03:09:25,82.87,149.5,172.7,4.7,65.0,44.2,20.3
2026-04-15 03:09:25,83.64,150.5,164.6,4.98,65.5,45.6,20.3
2026-04-15 03:09:25,82.84,131.0,146.1,5.55,64.5,47.1,20.3
2026-04-15 03:09:25,83.74,120.8,143.6,5.27,65.0,44.9,20.3
2026-04-15 03:09:25,82.91,101.7,124.6,5.52,65.0,43.7,20.3
2026-04-15 03:09:25,83.63,112.1,133.0,5.66,65.5,40.3,20.4
2026-04-15 03:09:26,83.35,137.8,159.1,5.17,65.0,50.6,20.4
2026-04-15 03:09:26,83.46,140.8,163.8,4.96,66.1,46.2,20.4
2026-04-15 03:09:26,83.72,112.3,133.6,5.83,63.9,47.1,20.3
2026-04-15 03:09:26,83.23,120.0,139.5,5.74,65.0,47.1,20.3
2026-04-15 03:09:26,83.32,100.2,112.1,6.82,65.0,46.7,20.3
2026-04-15 03:09:27,82.65,108.5,130.2,5.7,66.1,41.4,20.4
2026-04-15 03:09:27,83.63,117.6,143.6,5.54,64.5,49.3,20.4
2026-04-15 03:09:27,83.35,126.0,147.8,4.92,65.0,39.5,20.4
2026-04-15 03:09:27,83.46,131.5,154.6,4.87,64.5,41.7,20.4
2026-04-15 03:09:27,83.62,130.2,152.0,5.03,66.1,42.9,20.4
2026-04-15 03:09:28,83.48,137.0,160.0,4.84,65.0,39.0,20.4
2026-04-15 03:09:28,82.57,123.0,144.0,5.38,65.0,41.9,20.4
2026-04-15 03:09:28,83.2,127.5,136.9,5.84,66.1,48.6,20.4
2026-04-15 03:09:28,83.47,143.1,164.8,4.64,64.5,46.0,20.4
2026-04-15 03:09:28,83.4,136.9,156.0,5.16,66.1,42.7,20.4
2026-04-15 03:09:28,83.64,105.4,128.4,5.94,65.0,40.9,20.4
2026-04-15 03:09:29,83.39,126.3,148.4,5.33,65.0,43.4,20.4
2026-04-15 03:09:29,83.07,123.6,148.5,5.02,65.0,36.0,20.4
2026-04-15 03:09:29,83.33,101.5,125.1,5.66,65.5,36.9,20.4
2026-04-15 03:09:29,83.4,142.2,164.4,4.85,65.5,44.6,20.4
2026-04-15 03:09:29,82.66,100.0,121.8,6.32,65.5,43.3,20.4
2026-04-15 03:09:30,83.2,111.5,129.9,5.62,65.5,40.3,20.4
2026-04-15 03:09:30,82.66,162.0,182.6,4.61,65.5,50.0,20.4
2026-04-15 03:09:30,83.39,94.9,117.9,6.04,65.5,40.9,20.4
2026-04-15 03:09:30,83.3,111.9,134.9,5.45,64.5,40.8,20.4
2026-04-15 03:09:30,83.11,148.8,169.3,4.91,65.5,44.9,20.4
2026-04-15 03:09:30,83.76,95.5,111.9,6.82,65.0,45.9,20.4
2026-04-15 03:09:31,83.28,109.6,129.6,5.52,66.7,46.6,20.4
2026-04-15 03:09:31,83.75,132.8,155.3,5.28,66.1,44.0,20.4
2026-04-15 03:09:31,83.5,123.2,147.7,5.22,65.0,43.2,20.4
2026-04-15 03:09:31,83.5,109.3,132.5,5.41,64.5,41.7,20.4
2026-04-15 03:09:31,83.35,120.3,142.8,5.64,65.5,41.8,20.4
2026-04-15 03:09:32,83.26,136.7,145.3,5.47,66.1,51.4,20.4
2026-04-15 03:09:32,83.26,109.9,132.8,5.78,65.5,44.1,20.4
2026-04-15 03:09:32,83.28,109.2,131.7,6.03,64.5,43.1,20.4
2026-04-15 03:09:32,83.21,114.9,132.7,5.8,66.7,43.5,20.4
2026-04-15 03:09:32,83.06,122.8,140.4,5.73,64.5,44.3,20.4
2026-04-15 03:09:32,83.25,128.8,151.8,4.86,65.0,43.4,20.5
2026-04-15 03:09:33,83.67,122.2,145.3,5.17,65.0,38.9,20.5
2026-04-15 03:09:33,83.63,125.7,147.7,4.91,65.0,41.5,20.5
2026-04-15 03:09:33,83.8,140.5,162.9,4.66,66.1,43.0,20.5
2026-04-15 03:09:33,83.57,127.1,149.3,5.37,65.0,41.1,20.5
2026-04-15 03:09:33,83.05,119.3,142.4,5.21,65.5,37.0,20.5
2026-04-15 03:09:34,83.34,121.1,132.6,5.94,65.5,47.8,20.5
2026-04-15 03:09:34,83.6,115.4,138.4,5.15,65.5,40.0,20.5
2026-04-15 03:09:34,83.75,143.4,158.8,5.14,65.5,44.9,20.5
2026-04-15 03:09:34,83.64,119.2,143.2,5.62,65.5,42.6,20.5
2026-04-15 03:09:34,83.57,90.2,99.2,7.38,65.0,48.1,20.5
2026-04-15 03:09:35,83.29,118.9,141.9,5.12,66.1,42.3,20.5
2026-04-15 03:09:35,83.77,141.6,154.1,5.29,65.0,51.3,20.5
2026-04-15 03:09:35,83.59,95.0,117.9,6.52,66.1,45.0,20.5
2026-04-15 03:09:35,83.85,118.6,139.6,5.25,65.0,41.3,20.5
2026-04-15 03:09:35,83.21,133.6,146.5,5.49,66.7,45.1,20.5
2026-04-15 03:09:35,83.52,117.3,140.0,5.47,64.5,42.5,20.5
2026-04-15 03:09:36,83.11,125.2,140.8,5.71,65.5,50.7,20.5
2026-04-15 03:09:36,83.95,141.6,164.4,4.64,65.5,37.8,20.5
2026-04-15 03:09:36,83.68,102.8,125.7,6.21,66.1,44.4,20.5
2026-04-15 03:09:36,83.75,154.6,177.0,4.58,66.1,48.2,20.5
2026-04-15 03:09:36,83.45,106.1,129.1,5.42,65.0,40.5,20.5
2026-04-15 03:09:37,83.52,118.2,139.1,5.59,64.5,45.1,20.5
2026-04-15 03:09:37,83.45,129.2,140.9,5.63,65.0,47.8,20.5
2026-04-15 03:09:37,83.49,125.8,150.7,5.04,65.5,39.5,20.5
2026-04-15 03:09:37,83.18,109.8,132.8,5.5,66.1,36.2,20.5
2026-04-15 03:09:37,83.26,103.4,125.4,6.24,65.5,46.9,20.5
2026-04-15 03:09:37,83.7,94.2,117.3,6.27,66.1,42.9,20.5
2026-04-15 03:09:38,83.53,110.1,131.2,5.52,66.1,42.5,20.5
2026-04-15 03:09:38,83.46,89.9,111.5,6.86,66.1,45.8,20.5
2026-04-15 03:09:38,83.36,146.8,149.5,5.26,65.5,47.8,20.5
2026-04-15 03:09:38,83.9,113.8,132.6,5.99,66.1,47.1,20.5
2026-04-15 03:09:38,83.24,98.0,113.3,6.57,66.1,46.7,20.5
2026-04-15 03:09:38,83.34,119.3,143.4,5.33,65.0,46.8,20.5
2026-04-15 03:09:39,83.85,118.6,141.8,5.05,65.5,39.7,20.5
2026-04-15 03:09:39,83.21,111.6,123.4,6.26,65.5,45.0,20.5
2026-04-15 03:09:39,83.27,118.2,140.2,5.71,66.7,45.1,20.5
2026-04-15 03:09:39,83.83,110.6,122.5,6.35,66.1,44.1,20.5
2026-04-15 03:09:39,83.14,103.4,125.0,6.29,66.1,46.0,20.5
2026-04-15 03:09:40,83.52,133.8,161.6,4.96,65.0,45.2,20.5
2026-04-15 03:09:40,83.63,113.8,138.4,5.62,66.7,46.5,20.5
2026-04-15 03:09:40,83.82,112.2,126.8,6.15,65.5,48.4,20.6
2026-04-15 03:09:40,84.0,101.9,122.7,6.33,66.1,42.4,20.5
2026-04-15 03:09:40,83.68,143.8,162.9,4.84,67.2,42.7,20.5
2026-04-15 03:09:40,83.44,114.2,134.5,5.87,66.1,45.6,20.5
2026-04-15 03:09:41,83.57,110.9,127.8,6.13,66.1,45.3,20.5
2026-04-15 03:09:41,83.72,106.8,127.3,6.13,66.1,50.0,20.6
2026-04-15 03:09:41,83.74,106.8,129.3,6.03,66.1,46.5,20.6
2026-04-15 03:09:41,82.94,106.0,125.9,6.02,65.0,43.9,20.6
2026-04-15 03:09:41,83.81,101.8,121.0,6.16,64.5,52.3,20.6
2026-04-15 03:09:41,83.9,114.3,137.1,5.58,65.0,47.2,20.6
2026-04-15 03:09:42,83.71,119.8,135.5,5.81,66.1,48.6,20.6
2026-04-15 03:09:42,83.8,109.2,123.4,6.29,67.2,50.8,20.6
2026-04-15 03:09:42,83.9,117.5,134.7,5.8,66.1,42.4,20.6
2026-04-15 03:09:42,83.99,110.6,118.6,6.28,66.1,47.7,20.6
2026-04-15 03:09:42,83.42,105.0,126.9,6.21,65.0,44.4,20.6
2026-04-15 03:09:42,83.17,120.5,143.4,5.49,65.5,43.1,20.6
2026-04-15 03:09:43,83.56,110.2,121.8,6.4,66.1,43.3,20.6
2026-04-15 03:09:43,83.12,123.3,144.2,5.57,65.0,48.6,20.6
2026-04-15 03:09:43,83.27,139.9,165.2,4.57,66.7,41.4,20.6
2026-04-15 03:09:43,83.32,106.9,127.9,6.07,66.7,43.7,20.6
2026-04-15 03:09:43,83.74,112.4,135.3,5.82,66.7,43.5,20.6
2026-04-15 03:09:43,83.4,99.7,119.4,6.47,66.1,47.5,20.6
2026-04-15 03:09:44,82.98,113.1,136.1,5.57,67.2,41.7,20.6
2026-04-15 03:09:44,83.45,89.5,105.9,7.0,66.1,46.4,20.6
2026-04-15 03:09:44,83.71,106.9,129.6,5.44,67.2,41.9,20.6
2026-04-15 03:09:44,83.37,102.1,125.1,6.18,66.1,49.2,20.6
2026-04-15 03:09:44,83.56,144.4,166.7,4.79,66.1,48.1,20.6
2026-04-15 03:09:44,83.89,93.4,114.6,6.67,66.7,51.7,20.6
2026-04-15 03:09:45,83.29,90.2,113.2,6.16,66.7,44.8,20.6
2026-04-15 03:09:45,83.46,97.5,122.5,5.67,66.7,44.3,20.6
2026-04-15 03:09:45,83.36,94.1,117.1,6.22,65.5,43.7,20.6
2026-04-15 03:09:45,83.77,111.4,134.5,5.44,66.7,41.1,20.6
2026-04-15 03:09:45,83.15,111.1,132.8,5.95,65.5,44.9,20.6
2026-04-15 03:09:46,83.79,151.1,173.8,4.81,65.5,42.5,20.6
2026-04-15 03:09:46,83.09,141.3,164.3,4.54,66.7,47.0,20.6
2026-04-15 03:09:46,83.05,100.8,122.4,6.28,66.1,39.7,20.7
2026-04-15 03:09:46,83.47,112.3,135.5,5.6,66.7,43.7,20.7
2026-04-15 03:09:46,83.11,127.7,146.9,5.51,65.0,45.1,20.6
2026-04-15 03:09:46,83.8,98.8,118.4,5.85,66.1,40.0,20.7
2026-04-15 03:09:47,83.86,154.9,177.6,4.49,65.0,40.0,20.7
2026-04-15 03:09:47,83.27,117.6,139.9,5.1,65.5,42.3,20.7
2026-04-15 03:09:47,83.53,91.5,107.4,7.07,67.8,43.9,20.6
2026-04-15 03:09:47,82.91,114.7,137.3,5.25,66.7,36.6,20.6
2026-04-15 03:09:47,83.39,127.4,140.8,5.62,66.7,53.5,20.7
2026-04-15 03:09:48,83.29,124.3,147.4,5.1,65.0,39.5,20.7
2026-04-15 03:09:48,83.18,133.1,156.1,4.79,67.2,42.5,20.6
2026-04-15 03:09:48,83.12,106.4,128.9,5.78,66.7,40.9,20.7
2026-04-15 03:09:48,82.89,98.7,121.8,6.28,66.1,45.3,20.7
2026-04-15 03:09:48,83.85,97.5,120.4,6.06,67.2,43.9,20.7
2026-04-15 03:09:48,83.68,129.1,152.1,5.05,65.5,40.3,20.7
2026-04-15 03:09:49,83.44,119.8,142.6,5.24,66.1,40.8,20.6
2026-04-15 03:09:49,83.52,111.9,124.5,6.27,65.5,41.9,20.6
2026-04-15 03:09:49,83.65,92.9,111.7,6.82,66.1,48.3,20.6
2026-04-15 03:09:49,83.35,118.2,141.0,5.15,66.1,46.2,20.6
2026-04-15 03:09:49,83.55,100.8,111.8,6.77,65.5,45.5,20.6
2026-04-15 03:09:49,83.93,99.8,122.5,6.07,66.1,47.1,20.6
2026-04-15 03:09:50,83.18,119.1,143.1,5.35,66.7,42.1,20.6
2026-04-15 03:09:50,83.14,137.8,151.3,5.38,65.5,48.7,20.7
2026-04-15 03:09:50,83.46,119.1,143.8,5.46,66.1,45.3,20.7
2026-04-15 03:09:50,84.03,138.4,161.3,4.64,65.0,41.0,20.7
2026-04-15 03:09:50,83.1,117.6,143.3,5.5,67.2,42.7,20.7
2026-04-15 03:09:51,83.93,123.5,146.2,4.92,66.1,45.1,20.7
2026-04-15 03:09:51,83.56,144.3,167.0,4.52,66.1,45.3,20.7
2026-04-15 03:09:51,83.46,103.2,123.5,6.25,66.1,43.9,20.7
2026-04-15 03:09:51,83.69,152.8,175.6,4.67,66.7,40.2,20.7
2026-04-15 03:09:51,83.78,155.8,168.8,4.92,66.1,48.1,20.7
2026-04-15 03:09:52,83.77,137.2,160.3,4.63,66.7,42.0,20.7
2026-04-15 03:09:52,84.03,123.1,146.2,5.43,66.1,43.2,20.7
2026-04-15 03:09:52,83.66,130.8,153.8,4.82,66.7,43.9,20.7
2026-04-15 03:09:52,84.01,122.4,144.5,5.21,67.2,39.2,20.7
2026-04-15 03:09:52,83.51,144.7,167.8,4.51,66.1,42.0,20.7
2026-04-15 03:09:53,83.69,133.4,142.0,5.3,65.5,52.6,20.7
2026-04-15 03:09:53,83.39,130.1,153.1,5.09,66.1,41.6,20.7
2026-04-15 03:09:53,83.47,95.1,118.2,6.06,66.1,43.1,20.7
2026-04-15 03:09:53,83.26,118.4,139.9,5.25,67.2,38.9,20.7
2026-04-15 03:09:53,83.57,119.4,132.4,5.98,67.2,47.1,20.7
2026-04-15 03:09:54,83.87,121.5,136.8,5.83,66.7,47.7,20.7
2026-04-15 03:09:54,83.75,93.4,116.4,5.92,65.5,38.5,20.7
2026-04-15 03:09:54,83.62,100.6,122.6,5.73,65.0,45.8,20.7
2026-04-15 03:09:54,83.63,111.5,134.0,5.65,67.2,44.4,20.7
2026-04-15 03:09:54,83.73,115.2,136.4,5.85,66.7,50.7,20.7
2026-04-15 03:09:54,83.63,121.5,140.4,5.71,67.2,48.6,20.8
2026-04-15 03:09:55,83.13,119.5,142.8,5.11,67.8,40.5,20.8
2026-04-15 03:09:55,83.47,107.3,117.0,6.49,66.7,50.0,20.8
2026-04-15 03:09:55,84.0,121.4,144.7,5.53,66.1,42.9,20.8
2026-04-15 03:09:55,83.39,119.1,141.9,5.06,66.1,37.8,20.8
2026-04-15 03:09:55,83.66,103.5,116.5,6.61,67.2,46.7,20.8
2026-04-15 03:09:55,84.08,148.5,171.6,4.72,66.7,40.5,20.8
2026-04-15 03:09:56,83.65,146.0,165.0,5.02,66.7,47.4,20.8
2026-04-15 03:09:56,83.8,144.7,162.6,5.08,67.2,54.3,20.8
2026-04-15 03:09:56,83.45,103.9,124.4,6.3,67.2,43.5,20.8
2026-04-15 03:09:56,83.31,112.5,135.3,5.71,66.1,43.5,20.8
2026-04-15 03:09:56,83.81,114.1,133.9,5.95,65.5,46.4,20.8
2026-04-15 03:09:57,83.79,133.9,152.0,5.35,65.5,48.6,20.8
2026-04-15 03:09:57,83.85,109.6,134.9,5.63,66.7,43.3,20.8
2026-04-15 03:09:57,83.54,152.0,172.8,4.82,66.1,43.2,20.7
2026-04-15 03:09:57,83.61,115.8,127.6,6.13,66.7,44.6,20.7
2026-04-15 03:09:57,83.78,137.7,152.8,5.3,67.2,50.7,20.7
2026-04-15 03:09:58,83.96,144.1,167.2,4.85,66.1,38.5,20.7
2026-04-15 03:09:58,83.66,142.4,163.3,5.03,66.1,50.7,20.7
2026-04-15 03:09:58,83.41,139.1,161.6,5.09,66.7,42.7,20.8
2026-04-15 03:09:58,83.39,119.3,142.4,5.56,67.2,42.9,20.7
2026-04-15 03:09:58,83.99,93.9,108.1,7.01,67.8,50.8,20.7
2026-04-15 03:09:58,83.86,120.9,143.6,5.2,67.2,40.5,20.7
2026-04-15 03:09:59,83.9,104.3,127.4,5.46,66.7,43.1,20.7
2026-04-15 03:09:59,83.52,112.0,134.4,5.74,66.7,43.5,20.7
2026-04-15 03:09:59,83.64,119.7,138.5,5.74,67.2,43.5,20.8
2026-04-15 03:09:59,83.51,131.2,143.1,5.6,67.2,56.0,20.7
2026-04-15 03:09:59,83.81,118.1,141.6,5.35,67.2,40.5,20.8
2026-04-15 03:09:59,83.38,105.0,117.9,6.54,67.2,41.8,20.8
2026-04-15 03:10:00,83.26,128.1,151.0,5.27,67.2,41.9,20.8
2026-04-15 03:10:00,83.76,119.5,139.2,5.18,66.1,42.7,20.8
2026-04-15 03:10:00,83.93,114.4,125.3,6.25,66.7,49.2,20.8
2026-04-15 03:10:00,83.86,125.5,142.6,5.63,66.7,44.9,20.7
2026-04-15 03:10:00,83.51,106.3,129.3,5.54,67.2,45.3,20.7
2026-04-15 03:10:01,83.3,92.1,116.9,6.46,65.5,44.3,20.7
2026-04-15 03:10:01,83.66,104.9,124.8,5.62,67.8,44.9,20.7
2026-04-15 03:10:01,83.88,135.1,157.6,5.1,66.1,49.3,20.7
2026-04-15 03:10:01,83.7,111.6,134.4,5.66,67.2,43.7,20.7
2026-04-15 03:10:01,83.79,103.7,124.0,6.31,67.2,45.2,20.7
2026-04-15 03:10:01,83.74,140.3,163.9,4.91,67.2,45.1,20.8
2026-04-15 03:10:02,83.56,145.0,168.2,4.9,67.2,45.7,20.8
2026-04-15 03:10:02,84.2,135.9,153.0,5.24,66.7,40.3,20.8
2026-04-15 03:10:02,84.03,110.2,132.9,5.73,68.3,44.1,20.7
2026-04-15 03:10:02,83.83,99.3,121.1,6.44,66.7,46.2,20.7
2026-04-15 03:10:02,83.48,92.2,112.8,6.26,66.7,46.3,20.7
2026-04-15 03:10:02,83.59,97.3,115.7,5.82,66.7,46.0,20.7
2026-04-15 03:10:03,83.59,121.7,145.6,5.22,67.2,38.4,20.8
2026-04-15 03:10:03,83.76,123.4,146.3,4.98,67.2,42.3,20.8
2026-04-15 03:10:03,83.87,98.2,121.2,5.72,65.5,42.9,20.8
2026-04-15 03:10:03,83.88,152.3,175.2,4.52,66.1,37.3,20.8
2026-04-15 03:10:03,83.82,117.6,129.9,6.07,67.2,43.1,20.8
2026-04-15 03:10:04,84.01,112.1,126.6,6.21,66.7,47.7,20.8
2026-04-15 03:10:04,83.98,345.0,381.4,2.4,67.2,86.7,20.1
2026-04-15 03:10:04,83.52,153.3,175.9,4.46,68.3,40.7,20.1
2026-04-15 03:10:04,83.88,102.7,114.6,6.69,67.2,44.1,20.1
2026-04-15 03:10:05,84.33,102.3,125.5,6.02,67.8,43.9,20.1
2026-04-15 03:10:05,83.93,112.8,135.7,5.65,67.2,44.9,20.1
2026-04-15 03:10:05,84.25,104.4,124.4,6.29,67.2,49.2,20.1
2026-04-15 03:10:05,84.05,101.1,124.2,6.15,67.8,45.6,20.1
2026-04-15 03:10:05,84.05,125.6,148.6,5.24,67.2,40.3,20.1
2026-04-15 03:10:05,84.14,119.2,141.6,5.16,67.2,39.7,20.1
2026-04-15 03:10:06,83.94,125.3,134.1,5.8,67.8,50.0,20.1
2026-04-15 03:10:06,83.56,128.8,153.9,4.87,66.7,47.5,20.2
2026-04-15 03:10:06,84.12,135.2,158.4,4.89,66.7,42.5,20.2
2026-04-15 03:10:06,83.2,124.7,147.9,5.29,67.8,42.7,20.1
2026-04-15 03:10:06,84.67,125.2,148.4,4.99,67.2,40.0,20.1
2026-04-15 03:10:07,84.37,113.4,137.3,5.27,66.7,42.9,20.2
2026-04-15 03:10:07,84.55,94.8,114.6,6.71,66.7,46.6,20.2
2026-04-15 03:10:07,84.77,124.6,151.0,5.06,67.8,42.3,20.2
2026-04-15 03:10:07,84.45,114.0,137.0,5.38,66.1,38.0,20.1
2026-04-15 03:10:07,84.4,108.0,125.5,6.23,68.3,48.4,20.1
2026-04-15 03:10:07,84.97,123.9,147.9,5.45,67.8,38.2,20.1
2026-04-15 03:10:08,84.8,125.0,147.8,5.0,68.3,49.4,20.1
2026-04-15 03:10:08,85.68,125.0,149.3,4.97,67.8,39.7,20.2
2026-04-15 03:10:08,84.95,127.5,149.9,4.97,67.2,40.5,20.1
2026-04-15 03:10:08,83.65,98.4,121.3,5.86,68.3,39.4,20.1
2026-04-15 03:10:08,84.62,141.9,165.0,4.71,66.7,40.7,20.1
2026-04-15 03:10:09,85.28,117.5,141.1,5.7,67.8,44.3,20.1
2026-04-15 03:10:09,85.01,92.0,104.3,7.18,68.3,49.1,20.1
2026-04-15 03:10:09,85.09,111.0,135.0,5.31,67.2,40.5,20.1
2026-04-15 03:10:09,84.89,112.5,131.5,6.04,67.8,42.9,20.1
2026-04-15 03:10:09,85.55,134.7,152.6,5.29,67.2,50.7,20.1
2026-04-15 03:10:10,84.91,127.4,150.6,5.2,68.3,41.3,20.1
2026-04-15 03:10:10,84.56,136.3,159.3,4.79,67.2,48.2,20.2
2026-04-15 03:10:10,84.98,108.3,131.5,5.82,66.7,42.6,20.2
2026-04-15 03:10:10,84.77,117.5,140.7,5.65,67.8,44.4,20.2
2026-04-15 03:10:10,84.05,132.2,149.5,5.42,66.7,45.2,20.2
2026-04-15 03:10:10,85.37,102.0,120.9,6.05,69.4,43.9,20.2
2026-04-15 03:10:11,84.67,158.0,175.5,4.49,68.3,43.5,20.2
2026-04-15 03:10:11,83.8,103.5,129.0,5.52,66.1,41.7,20.2
2026-04-15 03:10:11,83.14,148.0,169.4,4.8,66.1,43.6,20.2
2026-04-15 03:10:11,84.27,111.0,126.8,6.14,67.8,42.9,20.2
2026-04-15 03:10:11,84.03,97.5,118.3,6.54,67.8,48.4,20.2
2026-04-15 03:10:12,84.53,120.4,143.5,5.27,67.2,42.1,20.2
2026-04-15 03:10:12,84.49,122.5,135.0,5.88,67.8,49.3,20.2
2026-04-15 03:10:12,84.26,106.6,130.1,5.47,67.8,43.1,20.2
2026-04-15 03:10:12,84.13,101.6,126.0,6.13,67.8,44.6,20.2
2026-04-15 03:10:12,84.81,113.5,133.8,5.66,68.3,47.8,20.2
2026-04-15 03:10:12,84.67,125.1,145.9,5.55,66.1,44.3,20.2
2026-04-15 03:10:13,84.94,109.4,131.9,5.48,67.8,41.9,20.2
2026-04-15 03:10:13,84.92,99.3,121.7,6.4,67.8,45.9,20.2
2026-04-15 03:10:13,84.56,119.0,141.9,5.37,66.1,43.2,20.2
2026-04-15 03:10:13,83.88,92.6,100.9,7.13,68.3,45.3,20.2
2026-04-15 03:10:13,84.51,110.9,134.0,5.35,68.3,39.4,20.2
2026-04-15 03:10:13,84.39,139.6,159.2,5.16,67.2,44.9,20.2
2026-04-15 03:10:14,84.32,111.9,134.1,5.81,67.2,43.3,20.2
2026-04-15 03:10:14,83.98,110.8,130.1,6.05,67.8,44.6,20.2
2026-04-15 03:10:14,85.0,169.5,190.0,4.4,67.2,48.9,20.2
2026-04-15 03:10:14,84.38,114.0,137.1,5.69,67.2,40.6,20.2
2026-04-15 03:10:14,85.04,94.8,113.4,6.76,68.3,50.8,20.2
2026-04-15 03:10:15,84.42,125.0,146.3,5.1,67.2,41.8,20.2
2026-04-15 03:10:15,84.66,135.8,158.8,4.75,67.8,39.2,20.2
2026-04-15 03:10:15,85.03,127.7,150.1,5.21,67.2,41.9,20.2
2026-04-15 03:10:15,84.74,103.0,126.4,5.69,66.7,36.9,20.2
2026-04-15 03:10:15,84.46,114.0,134.6,5.64,67.8,42.6,20.2
2026-04-15 03:10:15,83.98,127.7,148.8,5.44,67.8,47.9,20.2
2026-04-15 03:10:16,84.6,123.1,144.7,5.22,67.8,46.6,20.2
2026-04-15 03:10:16,84.18,114.9,135.4,5.19,67.2,45.0,20.3
2026-04-15 03:10:16,84.1,111.4,126.0,6.14,66.7,44.4,20.2
2026-04-15 03:10:16,84.28,106.4,125.3,6.22,67.2,45.3,20.2
2026-04-15 03:10:16,84.52,128.6,151.6,5.3,67.2,44.7,20.2
2026-04-15 03:10:17,84.35,121.3,144.7,5.18,67.2,40.5,20.2
2026-04-15 03:10:17,84.06,148.8,162.7,5.07,67.2,46.8,20.2
2026-04-15 03:10:17,84.39,120.8,131.8,5.94,66.7,45.6,20.2
2026-04-15 03:10:17,83.91,175.6,198.6,3.93,67.2,39.4,20.3
2026-04-15 03:10:17,84.29,114.4,136.8,5.82,68.3,44.3,20.3
2026-04-15 03:10:18,84.5,100.3,118.2,6.54,68.3,48.4,20.3
2026-04-15 03:10:18,84.4,116.2,139.6,5.48,66.7,44.4,20.3
2026-04-15 03:10:18,84.17,116.4,131.6,6.01,67.2,47.8,20.3
2026-04-15 03:10:18,84.86,110.0,123.5,6.24,66.7,45.3,20.3
2026-04-15 03:10:18,84.73,125.9,147.5,5.44,68.3,46.6,20.3
2026-04-15 03:10:18,84.36,143.3,166.4,4.63,66.7,40.0,20.3
2026-04-15 03:10:19,84.81,108.9,130.8,6.03,67.8,39.7,20.3
2026-04-15 03:10:19,85.22,111.0,130.6,5.93,67.2,48.6,20.3
2026-04-15 03:10:19,84.62,110.8,133.7,5.95,67.2,50.0,20.3
2026-04-15 03:10:19,84.69,113.1,131.1,5.98,67.8,44.6,20.3
2026-04-15 03:10:19,84.93,111.2,130.1,6.08,68.3,41.9,20.3
2026-04-15 03:10:19,84.75,108.9,128.9,6.09,67.8,47.0,20.3
2026-04-15 03:10:20,84.22,101.9,124.7,6.27,68.3,47.8,20.3
2026-04-15 03:10:20,84.64,131.8,154.7,5.09,67.8,46.1,20.3
2026-04-15 03:10:20,83.83,124.8,146.8,5.18,67.8,41.3,20.3
2026-04-15 03:10:20,84.46,115.0,138.1,5.26,66.7,40.5,20.3
2026-04-15 03:10:20,84.03,124.4,142.1,5.67,67.8,43.5,20.3
2026-04-15 03:10:21,84.54,104.8,126.2,5.54,67.8,48.6,20.3
2026-04-15 03:10:21,84.04,101.8,125.5,6.08,68.3,49.3,20.4
2026-04-15 03:10:21,83.43,96.2,110.8,6.26,68.3,44.3,20.4
2026-04-15 03:10:21,84.54,120.5,142.1,5.24,67.8,38.9,20.4
2026-04-15 03:10:21,84.32,130.7,154.0,4.75,67.8,41.9,20.4
2026-04-15 03:10:21,84.78,161.6,184.6,4.34,68.3,41.8,20.4
2026-04-15 03:10:22,84.24,98.0,121.0,5.89,69.4,44.8,20.4
2026-04-15 03:10:22,84.0,122.0,145.0,5.24,67.2,48.7,20.4
2026-04-15 03:10:22,84.43,117.4,140.6,5.12,68.3,42.3,20.4
2026-04-15 03:10:22,84.36,105.6,118.7,6.47,66.7,50.8,20.4
2026-04-15 03:10:22,83.93,110.2,133.1,5.85,67.2,49.3,20.4
2026-04-15 03:10:23,84.16,124.9,146.7,5.51,67.8,45.8,20.4
2026-04-15 03:10:23,84.1,137.6,160.9,4.7,68.3,37.5,20.4
2026-04-15 03:10:23,84.88,129.2,152.2,5.23,68.8,45.6,20.4
2026-04-15 03:10:23,85.26,104.7,126.1,5.7,67.2,41.8,20.4
2026-04-15 03:10:23,84.36,114.8,137.9,5.65,68.8,44.3,20.4
2026-04-15 03:10:23,83.85,123.1,137.9,5.73,68.3,48.6,20.4
2026-04-15 03:10:24,84.68,144.6,167.7,4.52,68.3,45.6,20.4
2026-04-15 03:10:24,84.49,100.5,121.4,6.42,69.4,45.0,20.4
2026-04-15 03:10:24,84.8,105.0,127.5,5.79,67.2,43.3,20.4
2026-04-15 03:10:24,84.64,100.9,123.2,6.19,67.8,41.9,20.4
2026-04-15 03:10:24,84.73,108.7,127.3,5.75,68.3,44.1,20.4
2026-04-15 03:10:25,84.83,95.6,118.3,6.52,67.8,43.1,20.4
2026-04-15 03:10:25,84.48,125.6,147.5,5.09,66.7,48.1,20.4
2026-04-15 03:10:25,84.86,121.9,145.2,5.09,68.3,40.0,20.4
2026-04-15 03:10:25,84.65,103.9,110.4,6.75,68.3,45.5,20.4
2026-04-15 03:10:25,84.83,134.1,156.8,5.08,68.8,43.6,20.4
2026-04-15 03:10:25,84.97,146.4,169.3,4.69,68.3,43.2,20.4
2026-04-15 03:10:26,84.31,109.0,125.5,6.2,68.3,51.6,20.4
2026-04-15 03:10:26,85.18,96.9,122.6,6.36,67.2,48.4,20.5
2026-04-15 03:10:26,84.84,98.7,120.8,6.03,67.8,42.2,20.5
2026-04-15 03:10:26,84.96,127.9,150.3,5.12,67.2,42.7,20.5
2026-04-15 03:10:26,85.03,122.1,145.0,5.15,67.8,43.0,20.5
2026-04-15 03:10:26,84.86,107.6,112.3,6.57,68.3,43.9,20.5
2026-04-15 03:10:27,84.29,128.9,151.7,5.32,67.2,42.5,20.5
2026-04-15 03:10:27,84.63,138.9,162.0,4.76,68.3,38.5,20.5
2026-04-15 03:10:27,84.84,149.3,172.7,4.69,67.2,52.3,20.5
2026-04-15 03:10:27,84.4,128.7,139.5,5.68,67.2,39.4,20.5
2026-04-15 03:10:27,84.9,111.1,131.9,5.48,68.3,43.8,20.5
2026-04-15 03:10:28,84.97,99.9,116.1,6.43,67.2,43.3,20.5
2026-04-15 03:10:28,84.85,138.9,164.6,4.8,67.2,40.2,20.5
2026-04-15 03:10:28,84.42,105.4,128.6,6.1,68.3,43.1,20.5
2026-04-15 03:10:28,84.76,137.3,160.3,5.04,68.8,42.7,20.5
2026-04-15 03:10:28,84.45,134.4,158.3,5.05,67.2,42.5,20.5
2026-04-15 03:10:29,84.81,105.4,128.0,5.89,67.8,43.5,20.5
2026-04-15 03:10:29,85.11,128.7,152.6,5.23,68.3,44.2,20.5
2026-04-15 03:10:29,84.63,117.1,140.0,5.35,68.3,48.0,20.5
2026-04-15 03:10:29,84.36,126.7,141.6,5.67,68.3,40.0,20.5
2026-04-15 03:10:29,84.13,123.9,146.4,5.06,68.3,41.0,20.5
2026-04-15 03:10:29,84.31,114.7,136.6,5.24,68.3,42.9,20.5
2026-04-15 03:10:30,85.1,109.5,126.6,6.15,68.3,48.4,20.5
2026-04-15 03:10:30,84.54,95.3,116.2,6.63,67.8,50.8,20.5
2026-04-15 03:10:30,84.72,107.1,128.2,5.57,67.2,44.9,20.5
2026-04-15 03:10:30,84.81,138.8,160.9,5.07,68.3,42.1,20.5
2026-04-15 03:10:30,84.92,131.1,152.2,5.21,67.2,45.6,20.5
2026-04-15 03:10:31,84.78,112.1,131.6,5.52,68.8,42.9,20.5
2026-04-15 03:10:31,85.05,126.0,138.1,5.43,68.3,56.0,20.6
2026-04-15 03:10:31,84.33,118.9,141.9,5.3,67.8,41.1,20.6
2026-04-15 03:10:31,85.34,117.3,130.2,6.06,67.8,44.4,20.6
2026-04-15 03:10:31,85.06,90.8,108.2,7.0,67.8,47.4,20.6
2026-04-15 03:10:31,85.41,110.3,132.1,5.44,68.8,39.1,20.6
2026-04-15 03:10:32,85.27,108.3,129.8,6.07,67.8,45.5,20.6
2026-04-15 03:10:32,84.86,141.7,164.1,5.0,68.3,41.9,20.6
2026-04-15 03:10:32,84.93,93.1,115.1,6.6,68.8,46.8,20.6
2026-04-15 03:10:32,84.53,145.6,168.4,4.57,67.8,43.7,20.6
2026-04-15 03:10:32,85.06,119.3,139.3,5.76,68.3,51.4,20.6
2026-04-15 03:10:32,85.07,107.8,118.2,6.44,68.8,45.0,20.6
2026-04-15 03:10:33,84.77,98.9,121.6,6.35,68.8,45.3,20.6
2026-04-15 03:10:33,84.59,153.2,175.5,4.52,67.2,38.6,20.6
2026-04-15 03:10:33,84.99,113.0,124.8,6.27,68.8,42.6,20.6
2026-04-15 03:10:33,85.35,117.6,137.4,5.82,68.8,43.3,20.6
2026-04-15 03:10:33,85.35,115.9,129.8,6.07,68.3,47.8,20.5
2026-04-15 03:10:34,84.77,153.4,168.9,4.91,67.2,42.7,20.5
2026-04-15 03:10:34,85.01,98.0,109.7,6.92,68.8,46.6,20.5
2026-04-15 03:10:34,85.04,111.4,134.5,5.55,69.4,45.1,20.5
2026-04-15 03:10:34,85.35,135.0,155.9,5.26,67.2,47.9,20.5
2026-04-15 03:10:34,84.94,136.6,159.5,4.96,68.3,43.0,20.5
2026-04-15 03:10:34,85.18,111.1,133.9,5.73,68.8,41.2,20.5
2026-04-15 03:10:35,84.92,120.9,140.5,5.67,69.4,47.8,20.5
2026-04-15 03:10:35,84.78,115.8,138.6,5.12,68.3,43.4,20.6
2026-04-15 03:10:35,84.64,115.4,133.7,5.95,68.8,44.9,20.6
2026-04-15 03:10:35,84.83,111.2,123.6,6.23,69.4,48.5,20.5
2026-04-15 03:10:35,84.68,121.9,143.5,5.63,69.4,39.7,20.5
2026-04-15 03:10:36,84.94,123.8,148.2,4.93,68.3,44.3,20.5
2026-04-15 03:10:36,85.02,106.4,128.5,5.45,68.3,49.3,20.6
2026-04-15 03:10:36,85.13,102.9,126.4,6.22,67.2,47.7,20.6
2026-04-15 03:10:36,84.84,91.1,114.1,6.49,68.3,41.1,20.6
2026-04-15 03:10:36,83.43,107.9,132.6,5.39,67.8,38.6,20.6
2026-04-15 03:10:36,83.36,119.5,142.1,5.67,68.3,43.5,20.6
2026-04-15 03:10:37,60.45,121.7,133.8,5.93,68.8,45.3,20.6
2026-04-15 03:10:37,86.76,122.2,146.2,4.97,67.8,39.7,20.6
2026-04-15 03:10:37,85.07,117.1,140.2,5.16,67.2,42.7,20.6
2026-04-15 03:10:37,86.1,115.7,130.9,6.05,69.4,49.3,20.6
2026-04-15 03:10:37,85.48,156.0,173.4,4.81,67.2,53.5,20.5
2026-04-15 03:10:38,85.37,125.6,148.5,4.95,68.3,42.5,20.5
2026-04-15 03:10:38,85.59,142.4,165.5,4.62,68.8,41.9,20.6
2026-04-15 03:10:38,85.16,145.2,167.8,4.94,68.8,45.0,20.6
2026-04-15 03:10:38,85.32,144.8,164.1,5.01,69.4,41.0,20.6
2026-04-15 03:10:38,85.61,140.0,160.7,5.13,68.8,40.5,20.6
2026-04-15 03:10:39,85.36,122.5,145.5,5.47,67.2,44.6,20.6
2026-04-15 03:10:39,85.12,126.8,149.7,4.91,69.4,40.5,20.6
2026-04-15 03:10:39,85.37,173.4,196.7,4.05,68.3,43.7,20.6
2026-04-15 03:10:39,85.39,114.7,137.6,5.74,68.3,48.6,20.5
2026-04-15 03:10:39,85.1,129.0,145.9,5.53,69.4,42.0,20.5
2026-04-15 03:10:40,85.12,109.9,132.9,5.52,68.3,43.7,20.6
2026-04-15 03:10:40,84.71,121.7,139.5,5.6,68.3,49.4,20.6
2026-04-15 03:10:40,85.52,129.4,152.3,4.83,68.3,42.5,20.6
2026-04-15 03:10:40,85.2,108.7,133.0,5.5,68.3,37.7,20.6
2026-04-15 03:10:40,85.07,120.6,141.7,5.67,68.3,45.1,20.6
2026-04-15 03:10:40,85.03,97.3,102.8,6.98,69.4,57.6,20.6
2026-04-15 03:10:41,85.25,126.8,148.0,5.11,68.3,46.1,20.6
2026-04-15 03:10:41,84.52,136.5,159.4,4.77,68.8,42.0,20.6
2026-04-15 03:10:41,84.92,105.5,128.0,5.92,68.8,42.6,20.6
2026-04-15 03:10:41,84.8,115.7,137.3,5.65,67.8,42.9,20.6
2026-04-15 03:10:41,84.68,112.2,128.3,6.14,68.8,46.0,20.6
2026-04-15 03:10:41,84.82,105.2,121.0,6.27,68.8,47.7,20.7
2026-04-15 03:10:42,84.7,103.7,126.7,6.06,67.8,43.7,20.7
2026-04-15 03:10:42,84.53,107.5,129.7,5.86,68.8,40.6,20.7
2026-04-15 03:10:42,84.79,128.3,151.0,5.34,67.8,47.9,20.7
2026-04-15 03:10:42,84.57,120.1,143.1,5.16,67.8,38.4,20.7
2026-04-15 03:10:42,84.93,149.3,172.5,4.39,68.3,42.2,20.7
2026-04-15 03:10:43,84.61,118.4,134.2,5.93,68.3,43.9,20.7
2026-04-15 03:10:43,84.88,127.1,141.3,5.69,67.8,45.7,20.7
2026-04-15 03:10:43,85.01,111.3,133.6,5.42,68.8,41.1,20.7
2026-04-15 03:10:43,84.52,126.9,147.5,5.5,67.8,45.1,20.7
2026-04-15 03:10:43,84.91,101.2,124.2,5.75,68.3,42.6,20.7
2026-04-15 03:10:44,84.64,135.6,156.3,4.98,67.8,46.8,20.7
2026-04-15 03:10:44,85.03,111.4,133.8,5.68,68.8,46.5,20.7
2026-04-15 03:10:44,84.61,130.8,149.3,5.38,68.8,43.1,20.7
2026-04-15 03:10:44,85.34,104.9,127.0,5.73,67.2,42.0,20.7
2026-04-15 03:10:44,84.89,111.1,133.6,5.79,68.3,43.3,20.6
2026-04-15 03:10:44,84.79,114.9,133.4,5.89,67.8,46.4,20.6
2026-04-15 03:10:45,84.71,128.0,145.2,5.57,68.8,41.2,20.6
2026-04-15 03:10:45,85.17,144.4,166.3,4.61,69.4,40.7,20.6
2026-04-15 03:10:45,85.02,134.0,155.0,5.28,69.4,49.3,20.6
2026-04-15 03:10:45,84.53,149.6,172.7,4.65,69.4,39.8,20.6
2026-04-15 03:10:45,84.65,94.9,110.6,6.89,68.8,47.5,20.6
2026-04-15 03:10:46,84.5,117.7,140.9,5.27,67.8,44.0,20.7
2026-04-15 03:10:46,85.14,118.7,132.2,5.96,68.8,52.2,20.7
2026-04-15 03:10:46,84.74,87.3,101.4,7.32,68.3,48.1,20.7
2026-04-15 03:10:46,84.96,133.6,156.1,4.74,70.0,42.4,20.6
2026-04-15 03:10:46,84.71,143.5,166.5,4.77,68.8,43.4,20.6
2026-04-15 03:10:46,84.52,117.7,138.0,5.74,67.8,42.6,20.6
2026-04-15 03:10:47,84.73,107.9,121.7,6.34,69.4,45.9,20.6
2026-04-15 03:10:47,84.67,174.5,197.4,4.27,68.8,46.2,20.6
2026-04-15 03:10:47,84.7,142.7,165.1,5.0,68.8,42.9,20.6
2026-04-15 03:10:47,84.35,105.7,128.1,6.13,68.8,43.8,20.6
2026-04-15 03:10:47,84.04,112.3,134.6,5.77,69.4,48.7,20.6
2026-04-15 03:10:48,84.77,129.6,143.8,5.43,69.4,47.2,20.7
2026-04-15 03:10:48,84.79,106.5,129.5,5.67,68.3,42.9,20.6
2026-04-15 03:10:48,84.89,114.2,137.4,5.73,68.8,46.5,20.7
2026-04-15 03:10:48,84.29,112.6,129.6,6.05,68.3,48.5,20.7
2026-04-15 03:10:48,84.88,152.8,173.8,4.81,68.3,43.4,20.7
2026-04-15 03:10:48,84.56,127.7,136.1,5.78,69.4,50.7,20.7
2026-04-15 03:10:49,84.14,136.7,159.4,4.78,69.4,42.0,20.7
2026-04-15 03:10:49,84.61,92.7,115.3,6.43,69.4,41.7,20.7
2026-04-15 03:10:49,84.36,134.9,156.6,4.78,68.8,43.5,20.7
2026-04-15 03:10:49,84.61,111.4,134.5,5.68,68.8,42.9,20.7
2026-04-15 03:10:49,84.77,134.3,155.1,5.28,69.4,44.2,20.7
2026-04-15 03:10:50,85.01,158.8,182.0,4.43,69.4,43.3,20.6
2026-04-15 03:10:50,84.96,135.6,158.6,4.79,68.3,45.1,20.7
2026-04-15 03:10:50,84.63,109.7,132.8,5.75,69.4,45.1,20.7
2026-04-15 03:10:50,84.86,112.7,133.0,5.89,68.8,52.9,20.7
2026-04-15 03:10:50,85.08,123.6,142.3,5.64,68.8,42.6,20.7
2026-04-15 03:10:51,84.92,115.0,135.6,5.23,68.8,40.3,20.7
2026-04-15 03:10:51,84.72,113.7,131.4,6.03,69.4,50.7,20.7
2026-04-15 03:10:51,84.97,120.5,137.9,5.78,69.4,50.7,20.7
2026-04-15 03:10:51,84.93,122.3,145.3,4.96,68.8,40.3,20.7
2026-04-15 03:10:51,84.8,122.2,144.8,5.01,68.8,44.0,20.7
2026-04-15 03:10:51,84.53,150.0,173.1,4.39,69.4,36.4,20.7
2026-04-15 03:10:52,84.54,137.2,151.6,5.32,69.4,52.6,20.8
2026-04-15 03:10:52,85.04,321.7,359.5,2.5,70.5,86.3,20.2
2026-04-15 03:10:52,84.73,113.3,135.9,5.7,68.8,47.1,20.2
2026-04-15 03:10:52,85.05,151.8,169.0,4.87,68.8,42.3,20.2
2026-04-15 03:10:53,84.47,111.0,124.2,6.29,68.3,45.2,20.2
2026-04-15 03:10:53,84.75,96.1,116.7,6.59,68.8,43.3,20.2
2026-04-15 03:10:53,84.58,103.8,121.8,5.73,70.0,42.6,20.2
2026-04-15 03:10:53,84.42,110.0,132.0,5.79,69.4,39.7,20.2
2026-04-15 03:10:53,84.93,108.9,129.9,6.03,69.4,44.6,20.2
2026-04-15 03:10:53,84.84,117.4,134.6,5.73,70.5,52.9,20.2
2026-04-15 03:10:54,84.13,116.2,130.7,6.05,69.4,43.7,20.2
2026-04-15 03:10:54,84.48,105.5,121.5,6.41,70.0,46.9,20.2
2026-04-15 03:10:54,83.97,119.1,142.0,5.55,68.8,46.6,20.2
2026-04-15 03:10:54,84.86,112.9,125.6,6.23,70.0,47.6,20.2
2026-04-15 03:10:54,85.04,125.0,142.8,5.6,68.3,45.1,20.2
2026-04-15 03:10:54,84.29,112.4,135.0,5.32,70.0,43.6,20.2
2026-04-15 03:10:55,84.59,136.5,151.0,5.23,70.0,51.3,20.2
2026-04-15 03:10:55,84.41,121.7,138.6,5.43,69.4,44.3,20.3
2026-04-15 03:10:55,84.54,146.8,166.9,4.45,68.3,45.6,20.3
2026-04-15 03:10:55,84.35,110.2,128.8,6.13,70.0,43.7,20.3
2026-04-15 03:10:55,84.68,107.9,126.5,6.09,69.4,47.8,20.3
2026-04-15 03:10:56,83.97,99.6,122.7,6.31,69.4,49.2,20.3
2026-04-15 03:10:56,84.85,97.0,119.8,6.1,69.4,45.2,20.3
2026-04-15 03:10:56,84.05,130.8,154.0,4.99,70.0,39.2,20.3
2026-04-15 03:10:56,84.39,117.7,140.3,5.34,68.3,45.3,20.3
2026-04-15 03:10:56,84.56,122.1,138.5,5.79,69.4,46.5,20.3
2026-04-15 03:10:56,84.96,102.6,125.7,5.6,70.0,40.6,20.3
2026-04-15 03:10:57,84.9,150.4,174.0,4.66,68.3,46.3,20.3
2026-04-15 03:10:57,84.2,117.1,129.2,6.03,67.8,46.2,20.3
2026-04-15 03:10:57,84.69,111.7,127.4,6.17,71.0,46.0,20.3
2026-04-15 03:10:57,84.37,114.9,131.6,5.91,68.8,43.3,20.3
2026-04-15 03:10:57,84.12,107.8,123.2,6.28,68.8,42.6,20.3
2026-04-15 03:10:57,84.6,96.8,115.8,6.43,68.8,43.3,20.3
2026-04-15 03:10:58,84.15,103.2,119.4,5.77,68.3,45.1,20.3
2026-04-15 03:10:58,84.4,110.1,133.2,5.77,70.0,43.5,20.3
2026-04-15 03:10:58,84.2,124.8,147.0,5.51,68.3,45.2,20.3
2026-04-15 03:10:58,84.54,119.5,141.8,5.13,70.0,42.5,20.3
2026-04-15 03:10:58,84.93,140.5,152.5,5.33,70.5,52.0,20.3
2026-04-15 03:10:59,84.2,87.1,109.1,6.85,69.4,44.8,20.3
2026-04-15 03:10:59,84.67,96.5,108.5,7.0,70.5,49.1,20.3
2026-04-15 03:10:59,84.88,104.7,126.7,5.72,68.8,43.7,20.3
2026-04-15 03:10:59,85.28,114.6,137.7,5.68,70.0,42.0,20.3
2026-04-15 03:10:59,84.71,113.4,131.8,6.01,70.0,47.1,20.3
2026-04-15 03:10:59,84.36,136.3,151.0,5.3,70.5,41.2,20.3
2026-04-15 03:11:00,84.28,98.7,121.7,6.17,68.8,47.1,20.3
2026-04-15 03:11:00,84.41,115.1,138.4,5.46,70.0,46.6,20.3
2026-04-15 03:11:00,84.72,124.1,140.9,5.7,70.0,45.6,20.3
2026-04-15 03:11:00,83.93,115.2,119.8,6.32,70.0,58.1,20.3
2026-04-15 03:11:00,84.59,107.9,123.4,6.3,70.0,42.6,20.3
2026-04-15 03:11:00,84.82,126.7,147.9,5.39,70.5,41.4,20.3
2026-04-15 03:11:01,84.58,129.2,152.4,4.94,68.3,44.4,20.3
2026-04-15 03:11:01,84.72,119.5,140.7,5.26,68.3,42.3,20.4
2026-04-15 03:11:01,84.87,149.6,160.4,5.09,70.0,43.4,20.3
2026-04-15 03:11:01,84.59,89.7,105.5,7.04,70.5,46.3,20.4
2026-04-15 03:11:01,84.32,117.6,139.2,5.2,68.8,48.7,20.4
2026-04-15 03:11:01,84.72,93.9,110.1,6.93,70.0,45.5,20.4
2026-04-15 03:11:02,84.61,118.0,140.1,5.28,70.0,42.7,20.4
2026-04-15 03:11:02,85.14,101.5,115.7,6.67,69.4,47.5,20.4
2026-04-15 03:11:02,84.62,111.7,133.7,5.66,68.8,43.7,20.4
2026-04-15 03:11:02,84.1,137.1,157.7,5.21,70.0,44.7,20.4
2026-04-15 03:11:02,84.04,106.7,129.9,5.9,70.0,47.2,20.4
2026-04-15 03:11:03,84.76,121.8,144.9,5.49,68.3,47.1,20.4
2026-04-15 03:11:03,84.73,138.2,145.3,5.47,70.0,45.1,20.4
2026-04-15 03:11:03,84.93,126.0,144.3,5.33,70.0,45.2,20.4
2026-04-15 03:11:03,83.85,116.9,139.1,5.24,69.4,47.4,20.4
2026-04-15 03:11:03,84.79,101.7,118.0,6.56,70.0,46.8,20.3
2026-04-15 03:11:03,84.54,115.5,129.0,5.55,67.8,42.9,20.3
2026-04-15 03:11:04,84.99,125.8,140.1,5.68,68.8,46.3,20.3
2026-04-15 03:11:04,84.76,103.2,126.2,5.65,69.4,40.8,20.3
2026-04-15 03:11:04,84.8,110.6,133.6,5.75,68.8,43.5,20.3
2026-04-15 03:11:04,84.59,116.2,136.3,5.81,69.4,43.3,20.3
2026-04-15 03:11:04,85.21,128.1,141.6,5.6,68.8,47.2,20.3
2026-04-15 03:11:05,84.28,126.7,149.6,5.04,69.4,41.0,20.4
2026-04-15 03:11:05,84.61,160.9,184.2,4.27,68.8,46.7,20.4
2026-04-15 03:11:05,84.87,109.0,130.9,5.49,70.0,39.7,20.4
2026-04-15 03:11:05,84.57,137.4,158.0,5.15,69.4,44.6,20.4
2026-04-15 03:11:05,84.72,105.6,127.8,5.92,70.5,44.1,20.4
2026-04-15 03:11:05,84.97,95.8,118.9,6.41,71.0,43.3,20.4
2026-04-15 03:11:06,85.04,144.5,166.9,4.65,68.8,44.6,20.4
2026-04-15 03:11:06,84.95,119.1,140.0,5.73,70.5,44.9,20.4
2026-04-15 03:11:06,84.62,125.1,140.3,5.68,70.0,50.7,20.4
2026-04-15 03:11:06,85.19,108.8,132.6,5.42,69.4,40.0,20.4
2026-04-15 03:11:06,84.51,133.4,153.2,5.34,67.8,46.7,20.4
2026-04-15 03:11:07,84.85,150.5,173.6,4.61,70.0,41.2,20.4
2026-04-15 03:11:07,84.7,117.6,130.7,5.98,68.8,41.0,20.4
2026-04-15 03:11:07,85.42,121.9,135.9,5.84,69.4,44.1,20.4
2026-04-15 03:11:07,85.08,130.2,152.5,4.82,71.6,41.5,20.4
2026-04-15 03:11:07,84.52,108.8,131.9,5.6,70.0,41.7,20.4
2026-04-15 03:11:08,84.65,128.4,149.2,5.37,68.8,40.3,20.4
2026-04-15 03:11:08,85.12,127.1,153.8,4.93,67.8,51.2,20.4
2026-04-15 03:11:08,84.47,115.3,137.8,5.44,70.0,38.2,20.4
2026-04-15 03:11:08,84.86,110.9,128.4,6.15,70.0,48.5,20.4
2026-04-15 03:11:08,84.77,107.5,128.2,6.14,70.0,44.6,20.4
2026-04-15 03:11:08,84.6,104.4,127.5,6.12,70.5,41.7,20.4
2026-04-15 03:11:09,84.94,99.5,122.2,6.19,69.4,43.8,20.4
2026-04-15 03:11:09,84.78,169.1,192.2,4.23,70.0,39.8,20.4
2026-04-15 03:11:09,84.68,90.4,113.5,6.47,68.8,43.3,20.4
2026-04-15 03:11:09,85.17,108.9,131.9,5.4,70.0,40.6,20.3
2026-04-15 03:11:09,85.1,145.9,168.8,4.92,70.0,48.8,20.4
2026-04-15 03:11:10,84.9,115.2,134.5,5.91,69.4,44.6,20.4
2026-04-15 03:11:10,84.75,150.9,167.9,4.92,69.4,48.1,20.4
2026-04-15 03:11:10,85.03,140.2,151.5,5.31,68.8,52.7,20.4
2026-04-15 03:11:10,84.43,124.2,147.2,5.44,71.0,40.6,20.4
2026-04-15 03:11:10,84.81,115.5,138.6,5.23,69.4,41.6,20.4
2026-04-15 03:11:10,85.46,105.1,121.7,6.4,69.4,47.6,20.4
2026-04-15 03:11:11,84.99,143.3,165.4,4.84,70.0,44.4,20.4
2026-04-15 03:11:11,84.89,138.1,158.8,5.18,68.8,46.1,20.5
2026-04-15 03:11:11,85.14,90.4,113.3,6.58,70.5,44.1,20.5
2026-04-15 03:11:11,84.81,145.9,167.1,4.49,68.3,45.9,20.4
2026-04-15 03:11:11,84.87,118.3,135.9,5.82,70.0,46.3,20.4
2026-04-15 03:11:12,84.59,99.7,116.0,6.55,70.0,45.0,20.4
2026-04-15 03:11:12,85.05,133.9,156.9,5.1,70.0,45.9,20.5
2026-04-15 03:11:12,84.96,108.3,130.6,5.73,70.0,43.1,20.5
2026-04-15 03:11:12,84.91,109.3,130.4,5.92,70.0,44.8,20.5
2026-04-15 03:11:12,84.92,117.1,138.5,5.77,69.4,43.3,20.5
2026-04-15 03:11:12,85.07,114.3,128.8,6.11,70.5,44.4,20.5
2026-04-15 03:11:13,84.66,132.4,149.5,5.42,70.0,43.1,20.5
2026-04-15 03:11:13,85.33,113.8,124.5,5.51,69.4,49.3,20.5
2026-04-15 03:11:13,84.98,105.6,121.9,6.32,70.5,47.8,20.5
2026-04-15 03:11:13,84.79,126.0,149.9,5.31,69.4,44.0,20.4
2026-04-15 03:11:13,85.11,123.2,146.2,5.1,69.4,42.5,20.5
2026-04-15 03:11:13,85.33,91.9,114.9,5.93,70.5,39.7,20.5
2026-04-15 03:11:14,85.07,117.4,137.1,5.17,69.4,43.6,20.4
2026-04-15 03:11:14,84.88,118.6,131.3,6.01,70.5,44.4,20.4
2026-04-15 03:11:14,84.91,107.9,121.5,6.41,70.0,46.7,20.4
2026-04-15 03:11:14,85.15,146.6,169.0,4.84,70.0,50.0,20.4
2026-04-15 03:11:14,84.72,94.3,112.2,6.83,70.0,42.9,20.4
2026-04-15 03:11:15,84.83,139.5,162.6,4.72,70.0,41.0,20.4
2026-04-15 03:11:15,84.87,131.3,154.4,5.22,68.8,43.2,20.4
2026-04-15 03:11:15,84.85,116.5,135.4,5.38,70.0,43.1,20.5
2026-04-15 03:11:15,84.97,114.1,129.1,6.11,68.8,46.3,20.5
2026-04-15 03:11:15,84.61,120.6,139.1,5.75,69.4,45.6,20.5
2026-04-15 03:11:15,84.7,94.4,115.2,5.79,69.4,43.5,20.5
2026-04-15 03:11:16,84.93,129.0,151.5,4.97,70.5,51.2,20.5
2026-04-15 03:11:16,84.78,136.4,158.7,4.8,68.8,43.9,20.5
2026-04-15 03:11:16,85.29,145.9,169.0,4.8,71.0,42.2,20.5
2026-04-15 03:11:16,85.0,105.6,121.0,6.26,69.4,44.3,20.5
2026-04-15 03:11:16,84.96,103.8,125.3,6.05,70.5,44.6,20.5
2026-04-15 03:11:17,84.56,104.1,127.0,6.01,70.0,43.9,20.5
2026-04-15 03:11:17,84.66,91.2,111.6,6.5,71.0,45.9,20.5
2026-04-15 03:11:17,84.6,117.5,135.6,5.18,69.4,43.6,20.5
2026-04-15 03:11:17,84.86,142.1,157.1,5.23,70.0,43.8,20.5
2026-04-15 03:11:17,84.98,116.4,139.4,5.74,70.0,40.9,20.5
2026-04-15 03:11:17,85.24,127.2,142.4,5.64,70.5,48.6,20.5
2026-04-15 03:11:18,84.55,102.0,124.5,5.72,70.5,44.4,20.5
2026-04-15 03:11:18,84.73,143.1,169.0,4.75,68.8,43.7,20.5
2026-04-15 03:11:18,84.67,114.9,134.2,5.93,70.0,36.7,20.5
2026-04-15 03:11:18,85.28,89.8,107.2,7.07,70.0,49.1,20.5
2026-04-15 03:11:18,84.88,138.3,160.9,4.65,69.4,37.3,20.5
2026-04-15 03:11:19,84.46,127.4,149.7,5.23,68.3,40.0,20.5
2026-04-15 03:11:19,84.85,123.5,146.1,5.16,70.0,40.0,20.6
2026-04-15 03:11:19,84.88,137.9,161.0,4.66,70.0,46.4,20.6
2026-04-15 03:11:19,85.1,129.9,152.7,5.21,70.5,43.4,20.6
2026-04-15 03:11:19,84.93,106.5,129.4,5.67,70.0,41.4,20.6
2026-04-15 03:11:19,84.76,104.1,126.4,6.09,70.5,43.5,20.6
2026-04-15 03:11:20,84.91,122.3,145.3,5.41,69.4,45.3,20.6
2026-04-15 03:11:20,84.46,104.1,112.0,6.74,70.5,51.7,20.6
2026-04-15 03:11:20,83.81,145.7,162.9,4.8,70.0,43.2,20.6
2026-04-15 03:11:20,84.85,105.7,127.4,6.19,70.0,40.0,20.6
2026-04-15 03:11:20,84.71,159.6,179.8,4.54,70.0,45.2,20.6
2026-04-15 03:11:21,84.93,151.1,174.0,4.48,71.0,48.3,20.6
2026-04-15 03:11:21,84.57,112.7,128.4,6.11,70.5,46.8,20.6
2026-04-15 03:11:21,84.92,107.0,125.3,6.19,70.0,40.7,20.6
2026-04-15 03:11:21,84.55,134.6,161.4,5.11,70.5,44.2,20.6
2026-04-15 03:11:21,84.68,94.9,118.3,6.4,70.5,44.4,20.6
2026-04-15 03:11:21,84.57,105.7,127.6,5.65,70.5,42.9,20.6
2026-04-15 03:11:22,85.08,117.5,140.5,5.61,70.0,40.9,20.6
2026-04-15 03:11:22,84.49,99.8,114.6,6.65,70.0,45.0,20.6
2026-04-15 03:11:22,84.86,123.6,147.9,5.24,70.5,41.3,20.6
2026-04-15 03:11:22,84.89,94.2,117.3,5.91,70.5,49.3,20.6
2026-04-15 03:11:22,85.27,117.9,140.4,5.27,69.4,43.2,20.6
2026-04-15 03:11:23,84.73,95.2,109.7,6.95,70.0,43.9,20.6
2026-04-15 03:11:23,84.85,96.0,118.6,5.97,71.6,47.1,20.6
2026-04-15 03:11:23,85.09,97.1,120.6,5.95,70.5,40.6,20.6
2026-04-15 03:11:23,84.62,119.9,143.0,5.29,70.5,40.3,20.6
2026-04-15 03:11:23,85.04,120.6,132.1,5.98,70.0,48.6,20.6
2026-04-15 03:11:23,85.01,100.5,108.9,6.82,69.4,43.6,20.6
2026-04-15 03:11:24,84.3,104.5,126.0,5.84,70.5,43.3,20.6
2026-04-15 03:11:24,84.66,132.7,154.6,5.15,71.6,48.7,20.6
2026-04-15 03:11:24,84.54,118.0,143.4,5.33,71.0,41.1,20.6
2026-04-15 03:11:24,84.64,103.4,113.0,6.68,70.0,44.8,20.6
2026-04-15 03:11:24,84.77,107.9,131.0,5.85,69.4,41.5,20.6
2026-04-15 03:11:24,84.65,111.4,132.9,5.87,70.5,45.1,20.6
2026-04-15 03:11:25,84.81,106.7,127.2,6.17,69.4,45.3,20.6
2026-04-15 03:11:25,84.91,141.1,164.1,4.96,71.0,44.2,20.6
2026-04-15 03:11:25,85.27,128.5,152.1,5.3,70.0,38.0,20.6
2026-04-15 03:11:25,84.71,123.7,146.5,5.18,71.0,40.5,20.6
2026-04-15 03:11:25,84.52,107.9,130.9,5.43,70.5,42.1,20.6
2026-04-15 03:11:25,84.98,108.9,130.4,5.97,70.0,50.0,20.6
2026-04-15 03:11:26,84.81,121.5,144.7,5.56,70.5,48.6,20.6
2026-04-15 03:11:26,84.43,112.9,136.3,5.23,71.6,40.8,20.6
2026-04-15 03:11:26,85.13,153.7,173.7,4.79,69.4,40.5,20.6
2026-04-15 03:11:26,84.6,132.0,155.6,4.7,70.5,43.4,20.6
2026-04-15 03:11:26,84.85,105.2,128.3,5.87,69.4,44.9,20.6
2026-04-15 03:11:27,85.07,135.5,158.0,5.08,70.5,45.5,20.6
2026-04-15 03:11:27,85.21,104.5,130.0,5.77,70.0,45.1,20.6
2026-04-15 03:11:27,84.97,138.4,161.3,5.09,70.0,43.4,20.6
2026-04-15 03:11:27,84.91,127.4,149.8,5.3,70.0,50.0,20.6
2026-04-15 03:11:27,85.15,105.1,128.0,5.63,70.5,42.5,20.6
2026-04-15 03:11:28,84.83,90.3,113.2,6.53,70.0,43.3,20.6
2026-04-15 03:11:28,84.79,125.9,148.6,4.98,68.8,41.0,20.6
2026-04-15 03:11:28,85.08,112.1,135.1,5.37,70.5,43.8,20.6
2026-04-15 03:11:28,84.52,125.5,145.1,5.56,70.5,45.7,20.6
2026-04-15 03:11:28,84.18,114.1,135.3,5.3,71.6,41.9,20.6
2026-04-15 03:11:28,84.34,97.4,115.4,6.67,70.0,49.2,20.6
2026-04-15 03:11:29,84.38,97.7,118.8,5.99,70.5,46.4,20.6
2026-04-15 03:11:29,84.63,128.4,150.4,5.07,70.0,45.6,20.6
2026-04-15 03:11:29,85.37,126.2,149.3,5.06,70.5,40.0,20.6
2026-04-15 03:11:29,84.89,125.4,149.1,4.96,70.0,37.8,20.7
2026-04-15 03:11:29,84.38,109.7,131.5,5.5,71.0,44.7,20.7
2026-04-15 03:11:30,84.94,110.9,133.3,5.96,71.0,43.9,20.7
2026-04-15 03:11:30,85.18,131.3,152.5,5.35,70.0,48.7,20.7
2026-04-15 03:11:30,84.76,123.1,145.0,5.22,70.0,39.7,20.7
2026-04-15 03:11:30,84.7,96.5,119.5,5.77,69.4,42.3,20.7
2026-04-15 03:11:30,84.59,138.2,161.5,4.79,69.4,46.3,20.7
2026-04-15 03:11:31,84.73,118.1,139.1,5.57,70.5,41.4,20.7
2026-04-15 03:11:31,85.22,139.6,153.0,5.26,71.0,53.4,20.7
2026-04-15 03:11:31,85.09,107.6,129.5,6.0,71.6,44.6,20.7
2026-04-15 03:11:31,84.76,117.2,139.4,5.7,71.0,41.2,20.7
2026-04-15 03:11:31,84.81,133.2,147.5,5.48,70.5,49.3,20.7
2026-04-15 03:11:31,84.68,113.6,134.5,5.55,70.0,44.6,20.7
2026-04-15 03:11:32,85.15,120.1,136.8,5.77,70.0,47.1,20.7
2026-04-15 03:11:32,84.99,147.9,158.5,5.15,71.0,46.8,20.7
2026-04-15 03:11:32,84.89,115.0,131.9,5.95,71.6,41.8,20.7
2026-04-15 03:11:32,84.41,118.2,134.2,5.93,70.0,45.5,20.7
2026-04-15 03:11:32,84.89,144.2,158.1,5.19,70.0,50.6,20.7
2026-04-15 03:11:32,84.74,142.3,161.3,5.05,70.5,44.3,20.7
2026-04-15 03:11:33,84.42,138.7,156.9,5.09,70.5,42.9,20.8
2026-04-15 03:11:33,85.09,128.3,149.9,5.28,70.5,41.9,20.8
2026-04-15 03:11:33,85.15,141.0,163.9,4.7,70.5,47.7,20.8
2026-04-15 03:11:33,84.5,128.5,149.6,5.34,70.0,43.8,20.8
2026-04-15 03:11:33,84.65,125.5,148.6,5.08,70.5,42.3,20.8
2026-04-15 03:11:34,84.8,108.9,131.8,5.46,70.5,41.7,20.8
2026-04-15 03:11:34,84.59,127.3,149.3,5.4,69.4,47.9,20.8
2026-04-15 03:11:34,84.62,114.4,136.3,5.34,70.0,41.1,20.8
2026-04-15 03:11:34,84.65,111.5,128.6,6.11,70.0,47.0,20.8
2026-04-15 03:11:34,84.73,98.7,118.8,6.51,71.0,44.8,20.8
2026-04-15 03:11:35,84.86,149.9,171.6,4.58,70.0,42.0,20.8
2026-04-15 03:11:35,84.21,152.9,168.3,4.94,71.0,49.4,20.8
2026-04-15 03:11:35,85.07,136.0,151.1,5.39,70.5,43.1,20.8
2026-04-15 03:11:35,84.91,111.0,133.8,5.81,70.0,41.5,20.7
2026-04-15 03:11:35,84.47,93.5,111.9,6.71,71.0,46.6,20.7
2026-04-15 03:11:35,84.86,93.6,116.6,6.0,71.0,43.9,20.7
2026-04-15 03:11:36,84.17,145.7,168.6,4.57,71.6,47.2,20.7
2026-04-15 03:11:36,84.8,137.1,154.0,5.21,71.0,43.8,20.8
2026-04-15 03:11:36,84.84,123.4,146.5,5.39,69.4,41.9,20.8
2026-04-15 03:11:36,84.81,121.7,144.8,5.05,71.6,40.5,20.8
2026-04-15 03:11:36,85.09,99.6,120.9,5.62,70.5,43.1,20.8
2026-04-15 03:11:37,84.72,118.8,141.7,5.38,70.0,43.1,20.8
2026-04-15 03:11:37,84.87,115.2,128.2,6.12,71.0,48.5,20.8
2026-04-15 03:11:37,84.63,131.6,147.8,5.48,70.5,47.1,20.8
2026-04-15 03:11:37,84.85,134.2,158.3,4.89,71.0,41.0,20.8
2026-04-15 03:11:37,85.0,100.7,123.7,6.07,71.6,41.9,20.8
2026-04-15 03:11:37,84.5,91.2,114.1,6.38,71.0,44.3,20.8
2026-04-15 03:11:38,84.96,93.8,116.8,5.91,71.0,41.5,20.8
2026-04-15 03:11:38,84.61,156.7,179.8,4.36,71.0,37.9,20.8
2026-04-15 03:11:38,84.46,100.9,123.2,5.57,70.5,40.0,20.8
2026-04-15 03:11:38,84.9,118.2,140.9,5.49,70.5,49.3,20.7
2026-04-15 03:11:38,84.74,114.2,125.3,6.16,71.0,45.3,20.7
2026-04-15 03:11:39,84.97,100.8,119.4,6.5,71.0,45.0,20.8
2026-04-15 03:11:39,84.81,102.5,124.2,5.97,71.6,41.5,20.8
2026-04-15 03:11:39,84.97,144.9,164.5,4.78,71.0,54.4,20.8
2026-04-15 03:11:39,84.68,112.4,132.7,5.98,71.0,43.9,20.8
2026-04-15 03:11:39,85.02,106.7,126.6,6.2,71.6,46.2,20.8
2026-04-15 03:11:39,85.0,140.4,163.3,5.0,70.5,44.4,20.8
2026-04-15 03:11:40,85.14,108.0,131.2,5.97,71.0,43.1,20.8
2026-04-15 03:11:40,84.32,124.1,145.5,5.47,70.5,45.1,20.8
2026-04-15 03:11:40,85.24,147.3,167.5,4.46,71.0,43.7,20.8
2026-04-15 03:11:40,85.08,98.5,114.1,6.66,71.0,45.0,20.8
2026-04-15 03:11:40,84.61,114.4,137.9,5.47,70.0,46.8,20.8
2026-04-15 03:11:41,84.76,130.4,147.5,5.5,71.6,46.6,20.8
2026-04-15 03:11:41,84.76,87.8,111.7,6.29,71.6,44.4,20.9
2026-04-15 03:11:41,84.71,113.2,135.3,5.25,71.0,38.4,20.9
2026-04-15 03:11:41,84.98,116.2,135.4,5.89,70.0,45.5,20.9
2026-04-15 03:11:41,84.84,102.2,117.8,6.56,71.6,45.9,20.9
2026-04-15 03:11:41,84.46,104.5,126.0,5.92,70.0,41.5,20.9
2026-04-15 03:11:42,84.03,101.1,121.9,6.13,71.6,43.5,20.8
2026-04-15 03:11:42,84.57,128.3,149.5,5.16,71.6,44.4,20.8
2026-04-15 03:11:42,85.14,101.7,124.8,5.77,70.5,42.0,20.8
2026-04-15 03:11:42,85.06,104.4,127.2,5.9,69.4,43.9,20.8
2026-04-15 03:11:42,84.35,104.9,125.1,5.99,71.6,41.9,20.8
2026-04-15 03:11:42,84.77,132.7,155.8,5.14,71.0,40.8,20.9
2026-04-15 03:11:43,85.15,114.4,137.2,5.51,71.6,40.6,20.9
2026-04-15 03:11:43,85.14,146.5,165.5,4.99,70.5,47.5,20.9
2026-04-15 03:11:43,84.93,116.4,132.6,5.94,70.5,41.5,20.9
2026-04-15 03:11:43,85.4,104.8,118.6,6.45,71.0,50.0,20.9
2026-04-15 03:11:43,85.56,113.1,136.1,5.72,70.5,51.4,20.9
2026-04-15 03:11:43,85.15,113.5,128.6,5.99,70.5,42.9,20.9
2026-04-15 03:11:44,85.16,117.6,136.0,5.86,71.6,44.6,20.9
2026-04-15 03:11:44,85.3,122.3,135.0,5.84,70.5,44.1,20.9
2026-04-15 03:11:44,84.43,119.5,141.6,5.07,71.0,42.3,20.9
2026-04-15 03:11:44,84.34,94.4,107.1,7.05,70.5,47.4,20.9
2026-04-15 03:11:44,84.52,146.4,167.9,4.53,71.6,40.0,20.9
2026-04-15 03:11:45,84.28,104.6,120.2,6.41,71.0,48.4,20.9
2026-04-15 03:11:45,84.35,110.0,132.8,5.82,72.2,47.8,20.9
2026-04-15 03:11:45,84.6,119.4,131.6,5.68,71.6,52.9,21.0
2026-04-15 03:11:45,83.72,101.9,112.9,6.71,71.6,45.8,21.0
2026-04-15 03:11:45,85.18,140.8,165.4,4.83,71.0,46.4,21.0
2026-04-15 03:11:45,85.31,112.4,133.0,5.87,71.6,44.6,20.9
2026-04-15 03:11:46,84.77,123.1,141.8,5.63,71.6,48.6,20.9
2026-04-15 03:11:46,85.18,123.9,147.2,4.96,72.2,46.4,20.9
2026-04-15 03:11:46,84.83,93.2,118.2,5.87,71.6,39.7,20.9
2026-04-15 03:11:46,84.42,118.9,135.8,5.23,70.5,42.1,20.9
2026-04-15 03:11:46,84.89,145.3,168.2,4.45,71.6,46.7,20.9
2026-04-15 03:11:47,84.31,101.1,121.1,6.43,70.5,45.3,20.9
2026-04-15 03:11:47,84.87,124.0,146.6,5.28,72.2,43.8,20.9
2026-04-15 03:11:47,85.16,127.8,150.7,4.91,71.6,43.2,20.9
2026-04-15 03:11:47,84.8,115.1,138.2,5.34,71.6,41.1,20.9
2026-04-15 03:11:47,84.74,128.6,145.8,5.55,71.0,42.0,20.9
2026-04-15 03:11:48,84.72,139.6,166.9,4.64,70.0,42.9,20.9
2026-04-15 03:11:48,83.86,122.4,142.4,5.61,72.2,42.9,20.9
2026-04-15 03:11:48,83.13,114.9,138.2,5.18,70.0,40.8,20.9
2026-04-15 03:11:48,83.04,107.9,124.6,6.28,72.2,44.4,20.9
2026-04-15 03:11:48,82.02,131.2,164.6,4.99,72.2,48.7,20.9
2026-04-15 03:11:48,83.09,107.8,130.0,6.03,72.2,43.9,20.9
2026-04-15 03:11:49,83.36,153.6,175.9,4.71,71.0,42.2,20.9
2026-04-15 03:11:49,83.36,113.3,122.8,6.27,72.2,46.9,20.9
2026-04-15 03:11:49,82.38,126.9,146.4,5.53,71.6,42.6,20.9
2026-04-15 03:11:49,83.03,124.1,147.3,5.09,72.2,46.2,20.9
2026-04-15 03:11:49,82.59,114.6,137.8,5.25,71.0,40.5,20.9
2026-04-15 03:11:50,82.6,117.3,134.2,5.91,70.5,44.8,21.0
2026-04-15 03:11:50,83.19,117.7,132.4,5.87,70.5,56.7,21.0
2026-04-15 03:11:50,83.41,120.8,141.7,5.0,71.0,42.7,21.0
2026-04-15 03:11:50,80.97,114.3,137.5,5.17,71.0,43.7,21.0
2026-04-15 03:11:50,82.0,107.4,124.8,6.27,70.5,45.3,21.0
2026-04-15 03:11:50,81.97,125.9,147.9,5.36,70.5,42.3,21.0
2026-04-15 03:11:51,81.06,122.2,145.2,5.12,72.2,42.9,21.0
2026-04-15 03:11:51,82.06,114.5,137.4,5.2,70.5,41.8,21.0
2026-04-15 03:11:51,82.9,121.7,138.9,5.76,71.0,46.3,21.0
2026-04-15 03:11:51,82.13,111.1,133.4,5.28,71.6,42.1,21.0
2026-04-15 03:11:51,81.05,137.1,157.6,5.19,71.0,46.1,21.0
2026-04-15 03:11:52,82.77,121.9,145.0,5.42,70.5,40.6,21.0
2026-04-15 03:11:52,82.24,108.9,131.1,5.35,70.5,43.8,21.0
2026-04-15 03:11:52,82.14,119.7,141.9,5.61,72.2,41.2,21.0
2026-04-15 03:11:52,82.84,132.5,147.6,5.48,70.5,47.9,21.0
2026-04-15 03:11:52,82.69,106.9,130.0,5.88,71.0,43.5,21.0
2026-04-15 03:11:52,83.01,136.0,159.2,5.1,72.2,46.2,21.0
2026-04-15 03:11:53,82.68,110.8,133.9,5.73,71.6,43.5,21.0
2026-04-15 03:11:53,82.51,89.8,110.9,6.87,72.7,48.3,21.0
2026-04-15 03:11:53,82.76,149.6,171.9,4.42,72.2,43.0,21.0
2026-04-15 03:11:53,82.65,109.5,125.7,6.23,72.2,40.0,21.0
2026-04-15 03:11:53,82.43,99.9,122.2,6.39,71.6,45.9,21.0
2026-04-15 03:11:54,82.09,108.7,130.9,5.71,72.2,43.5,21.0
2026-04-15 03:11:54,82.8,133.7,155.3,5.21,71.0,45.6,21.0
2026-04-15 03:11:54,82.4,119.6,142.6,5.39,70.0,35.3,21.0
2026-04-15 03:11:54,82.9,121.6,133.2,5.93,72.2,45.5,21.0
2026-04-15 03:11:54,82.97,124.8,144.7,4.93,71.0,42.0,21.0
2026-04-15 03:11:54,82.56,126.5,149.1,4.96,72.2,44.4,21.0
2026-04-15 03:11:55,82.9,92.8,115.8,6.02,71.0,40.9,21.0
2026-04-15 03:11:55,82.79,140.6,162.0,4.64,71.0,50.0,21.0
2026-04-15 03:11:55,82.4,129.6,152.7,5.32,70.5,41.7,21.0
2026-04-15 03:11:55,82.02,128.8,151.5,5.02,71.0,39.5,21.0
2026-04-15 03:11:55,81.59,109.5,133.6,5.48,70.5,43.2,21.0
2026-04-15 03:11:56,82.84,114.8,135.5,5.87,72.2,45.3,21.1
2026-04-15 03:11:56,83.43,126.8,142.0,5.6,72.2,49.3,21.1
2026-04-15 03:11:56,82.41,115.0,137.9,5.32,71.0,44.7,21.1
2026-04-15 03:11:56,82.97,105.6,122.6,6.36,71.0,46.0,21.1
2026-04-15 03:11:56,83.2,115.0,137.9,5.69,71.6,46.4,21.1
2026-04-15 03:11:56,83.15,119.8,134.7,5.83,71.6,49.2,21.1
2026-04-15 03:11:57,82.65,135.5,147.8,5.48,71.6,45.1,21.1
2026-04-15 03:11:57,81.87,144.3,164.0,4.79,71.0,42.2,21.1
2026-04-15 03:11:57,82.33,113.7,135.2,5.9,71.6,43.3,21.1
2026-04-15 03:11:57,82.99,367.3,400.3,2.3,72.7,87.1,20.2
2026-04-15 03:11:58,83.45,100.9,115.9,6.57,72.7,51.7,20.2
2026-04-15 03:11:58,83.37,129.2,146.6,5.12,71.6,46.6,20.2
2026-04-15 03:11:58,82.04,115.5,138.8,5.39,72.2,38.9,20.2
2026-04-15 03:11:58,82.95,122.0,136.7,5.78,71.6,46.3,20.2
2026-04-15 03:11:58,83.47,137.4,160.5,4.64,71.0,39.5,20.2
2026-04-15 03:11:59,82.62,128.2,151.4,5.24,72.2,41.3,20.2
2026-04-15 03:11:59,82.75,115.7,141.0,5.28,71.0,41.1,20.2
2026-04-15 03:11:59,81.92,122.5,135.6,5.77,71.6,45.6,20.2
2026-04-15 03:11:59,82.92,146.9,156.8,5.21,72.2,47.3,20.2
2026-04-15 03:11:59,83.5,142.5,158.1,5.2,72.7,50.0,20.2
2026-04-15 03:11:59,82.88,122.2,145.2,5.56,72.7,43.1,20.2
2026-04-15 03:12:00,82.48,145.5,168.5,4.48,71.6,45.6,20.2
2026-04-15 03:12:00,82.79,133.1,148.9,5.34,70.5,40.3,20.2
2026-04-15 03:12:00,82.54,113.8,136.8,5.53,72.2,42.3,20.2
2026-04-15 03:12:00,81.66,136.8,152.7,5.27,72.2,43.7,20.2
2026-04-15 03:12:00,83.32,104.4,127.4,5.97,71.6,41.8,20.3
2026-04-15 03:12:01,83.1,143.8,166.7,4.86,71.0,48.2,20.3
2026-04-15 03:12:01,83.16,142.5,164.7,4.98,72.7,48.7,20.3
2026-04-15 03:12:01,83.2,148.8,169.9,4.89,71.6,45.0,20.3
2026-04-15 03:12:01,82.82,120.4,136.4,5.84,71.0,44.9,20.3
2026-04-15 03:12:01,83.55,142.7,165.8,4.5,72.2,43.0,20.2
2026-04-15 03:12:02,82.63,126.6,149.2,5.44,71.6,42.0,20.3
2026-04-15 03:12:02,83.13,100.0,122.4,5.77,72.2,42.0,20.3
2026-04-15 03:12:02,83.19,112.0,134.4,5.6,72.2,42.9,20.3
2026-04-15 03:12:02,83.33,123.1,143.5,5.62,72.2,45.2,20.3
2026-04-15 03:12:02,83.41,107.1,129.6,5.44,71.6,43.1,20.3
2026-04-15 03:12:03,83.61,150.7,173.6,4.76,72.2,47.6,20.3
2026-04-15 03:12:03,83.04,96.5,111.0,6.87,72.2,47.4,20.3
2026-04-15 03:12:03,82.8,89.0,111.7,6.29,72.2,43.5,20.3
2026-04-15 03:12:03,82.6,113.9,136.9,5.22,71.6,39.5,20.3
2026-04-15 03:12:03,82.37,123.2,139.2,5.68,72.2,43.3,20.3
2026-04-15 03:12:03,82.79,100.7,123.7,5.63,72.2,44.1,20.3
2026-04-15 03:12:04,82.32,108.6,131.7,5.73,72.2,44.9,20.3
2026-04-15 03:12:04,83.17,155.6,180.2,4.63,71.6,41.2,20.3
2026-04-15 03:12:04,83.13,129.0,152.0,4.9,71.6,41.2,20.3
2026-04-15 03:12:04,83.07,114.8,137.7,5.38,72.7,39.7,20.3
2026-04-15 03:12:04,83.31,131.1,151.2,5.38,70.5,49.3,20.3
2026-04-15 03:12:05,83.36,137.0,159.7,4.93,71.0,45.7,20.3
2026-04-15 03:12:05,82.88,134.2,157.1,5.07,72.2,45.5,20.3
2026-04-15 03:12:05,83.55,150.7,173.6,4.62,71.0,43.7,20.3
2026-04-15 03:12:05,81.99,135.7,151.6,5.37,72.2,44.6,20.3
2026-04-15 03:12:05,82.83,128.1,151.1,5.23,71.0,45.5,20.3
2026-04-15 03:12:06,83.85,105.1,127.9,5.65,71.0,37.5,20.3
2026-04-15 03:12:06,83.17,121.0,142.3,5.48,71.6,55.6,20.3
2026-04-15 03:12:06,82.2,108.2,118.7,6.5,71.6,46.8,20.3
2026-04-15 03:12:06,83.35,134.3,159.7,5.11,72.7,42.7,20.3
2026-04-15 03:12:06,82.33,123.3,146.4,5.38,72.2,39.1,20.4
2026-04-15 03:12:06,82.82,125.8,149.2,4.93,72.2,41.3,20.4
2026-04-15 03:12:07,83.47,122.3,142.4,5.11,72.2,41.1,20.4
2026-04-15 03:12:07,82.94,129.3,152.7,4.8,72.2,42.7,20.3
2026-04-15 03:12:07,83.27,117.2,140.1,5.36,72.2,43.4,20.3
2026-04-15 03:12:07,82.72,137.3,151.8,5.36,72.7,44.3,20.3
2026-04-15 03:12:07,83.06,105.2,119.4,5.9,71.6,49.2,20.3
2026-04-15 03:12:08,82.06,119.1,141.7,5.59,70.5,47.3,20.3
2026-04-15 03:12:08,83.5,123.0,136.0,5.86,72.7,47.8,20.3
2026-04-15 03:12:08,82.29,95.3,118.4,5.81,72.2,41.8,20.3
2026-04-15 03:12:08,82.47,115.2,138.2,5.36,72.7,42.5,20.3
2026-04-15 03:12:08,82.77,104.3,120.8,6.42,72.2,39.0,20.3
2026-04-15 03:12:08,83.75,115.8,137.7,5.57,72.7,42.4,20.3
2026-04-15 03:12:09,83.83,112.6,124.9,6.17,72.2,42.6,20.3
2026-04-15 03:12:09,83.59,144.5,166.6,4.98,72.2,45.1,20.3
2026-04-15 03:12:09,83.18,133.2,152.9,5.31,72.7,49.3,20.3
2026-04-15 03:12:09,83.4,117.0,139.1,5.49,72.2,42.3,20.3
2026-04-15 03:12:09,82.45,111.7,124.4,6.19,71.0,44.3,20.3
2026-04-15 03:12:10,83.18,128.7,148.9,5.46,71.6,50.0,20.3
2026-04-15 03:12:10,83.01,141.3,164.4,4.7,72.7,44.0,20.3
2026-04-15 03:12:10,82.97,116.6,139.5,5.71,72.7,47.1,20.4
2026-04-15 03:12:10,83.17,117.4,133.0,5.97,73.2,43.8,20.4
2026-04-15 03:12:10,82.79,96.8,110.0,6.82,72.2,48.3,20.4
2026-04-15 03:12:10,82.86,110.8,132.4,5.55,71.0,44.4,20.4
2026-04-15 03:12:11,83.27,174.8,196.1,4.34,72.7,48.9,20.4
2026-04-15 03:12:11,83.43,119.2,142.9,5.6,71.6,44.3,20.4
2026-04-15 03:12:11,83.01,114.4,123.4,6.21,72.2,44.4,20.4
2026-04-15 03:12:11,82.88,107.0,123.7,6.28,72.2,45.2,20.4
2026-04-15 03:12:11,83.53,106.9,130.0,6.01,71.6,45.6,20.4
2026-04-15 03:12:11,83.71,115.1,138.6,5.71,73.2,45.6,20.4
2026-04-15 03:12:12,83.62,126.9,143.9,5.61,72.7,44.9,20.4
2026-04-15 03:12:12,84.56,123.8,146.8,5.09,72.7,38.7,20.4
2026-04-15 03:12:12,84.16,111.3,134.5,5.32,71.6,39.7,20.4
2026-04-15 03:12:12,83.19,91.7,112.3,6.82,74.9,46.7,20.4
2026-04-15 03:12:12,83.64,111.1,132.3,5.37,72.7,49.3,20.4
2026-04-15 03:12:13,83.68,135.1,156.0,5.26,72.2,48.1,20.4
2026-04-15 03:12:13,83.7,124.4,147.9,5.27,72.7,40.5,20.4
2026-04-15 03:12:13,83.91,128.4,151.4,4.91,72.7,38.7,20.4
2026-04-15 03:12:13,83.65,147.2,170.4,4.57,71.0,42.0,20.4
2026-04-15 03:12:13,83.76,98.2,115.9,6.63,72.7,46.9,20.4
2026-04-15 03:12:14,83.72,102.4,124.7,5.84,71.6,43.3,20.4
2026-04-15 03:12:14,84.11,122.1,140.8,5.17,72.2,50.6,20.4
2026-04-15 03:12:14,84.61,107.8,130.1,5.6,72.7,42.0,20.5
2026-04-15 03:12:14,83.59,109.3,132.6,5.95,72.7,41.5,20.5
2026-04-15 03:12:14,84.22,106.4,129.8,6.1,71.6,43.5,20.4
2026-04-15 03:12:14,83.9,123.0,138.4,5.48,72.2,46.6,20.4
2026-04-15 03:12:15,84.12,132.5,155.5,4.78,71.0,41.7,20.4
2026-04-15 03:12:15,83.46,120.8,143.7,5.32,71.0,47.2,20.4
2026-04-15 03:12:15,83.64,114.9,125.1,6.21,73.2,46.9,20.5
2026-04-15 03:12:15,83.42,98.5,114.3,6.62,72.2,59.0,20.5
2026-04-15 03:12:15,83.84,114.6,137.3,5.5,71.6,45.3,20.5
2026-04-15 03:12:15,84.23,119.0,134.9,5.85,72.2,40.6,20.5
2026-04-15 03:12:16,84.11,122.8,135.8,5.87,71.6,50.7,20.5
2026-04-15 03:12:16,83.65,109.1,132.1,5.37,72.2,42.7,20.5
2026-04-15 03:12:16,84.08,103.4,126.4,6.21,72.7,47.7,20.5
2026-04-15 03:12:16,84.53,119.2,142.3,5.48,72.2,42.9,20.5
2026-04-15 03:12:16,84.34,128.4,140.9,5.69,71.6,46.5,20.5
2026-04-15 03:12:17,84.12,117.2,140.1,5.3,71.6,38.8,20.5
2026-04-15 03:12:17,83.69,126.4,136.9,5.69,72.7,52.9,20.5
2026-04-15 03:12:17,83.88,117.2,139.3,5.24,73.2,44.2,20.4
2026-04-15 03:12:17,83.14,137.1,151.5,5.31,72.7,44.6,20.4
2026-04-15 03:12:17,84.23,99.7,122.8,6.23,72.2,44.4,20.4
2026-04-15 03:12:17,83.66,114.7,137.6,5.5,72.2,42.9,20.4
2026-04-15 03:12:18,83.21,102.3,120.1,6.47,71.6,46.9,20.4
2026-04-15 03:12:18,84.17,101.9,128.3,5.91,72.7,43.1,20.5
2026-04-15 03:12:18,84.29,119.9,142.9,5.52,72.2,43.7,20.5
2026-04-15 03:12:18,84.12,108.6,119.3,6.44,71.6,48.4,20.5
2026-04-15 03:12:18,83.73,93.3,116.2,6.62,73.2,45.9,20.5
2026-04-15 03:12:18,83.62,102.9,124.2,5.65,72.7,50.0,20.5
2026-04-15 03:12:19,84.11,111.8,134.8,5.72,72.7,45.7,20.5
2026-04-15 03:12:19,83.38,156.1,172.7,4.73,72.7,48.1,20.5
2026-04-15 03:12:19,83.65,110.0,133.0,5.36,72.7,41.3,20.5
2026-04-15 03:12:19,83.6,106.8,129.5,6.08,73.2,44.6,20.5
2026-04-15 03:12:19,84.25,122.9,145.8,5.5,72.7,45.1,20.5
2026-04-15 03:12:20,83.5,115.8,138.9,5.19,71.6,45.0,20.5
2026-04-15 03:12:20,83.7,101.8,118.5,6.55,71.6,44.1,20.5
2026-04-15 03:12:20,84.25,126.0,146.2,5.24,73.2,53.9,20.5
2026-04-15 03:12:20,83.16,99.1,122.6,5.77,72.7,41.2,20.5
2026-04-15 03:12:20,83.28,116.3,139.2,5.46,74.3,43.1,20.5
2026-04-15 03:12:20,83.53,114.0,130.6,6.06,72.7,45.5,20.5
2026-04-15 03:12:21,83.51,116.4,134.4,5.87,73.8,45.5,20.5
2026-04-15 03:12:21,83.25,106.2,119.1,6.48,72.7,52.5,20.5
2026-04-15 03:12:21,83.14,111.9,132.7,5.79,71.6,43.9,20.6
2026-04-15 03:12:21,83.82,108.7,128.6,6.13,71.6,48.5,20.6
2026-04-15 03:12:21,83.44,111.0,122.3,5.93,72.7,52.9,20.6
2026-04-15 03:12:21,84.35,151.5,171.4,4.83,73.2,41.5,20.6
2026-04-15 03:12:22,83.91,120.5,134.0,5.92,72.2,44.6,20.6
2026-04-15 03:12:22,84.0,120.8,133.9,5.92,71.6,50.7,20.6
2026-04-15 03:12:22,84.04,96.7,117.8,5.75,72.2,42.3,20.6
2026-04-15 03:12:22,83.89,178.1,197.1,4.03,71.6,41.4,20.6
2026-04-15 03:12:22,84.7,126.4,148.4,5.47,72.7,41.7,20.6
2026-04-15 03:12:23,84.16,128.6,151.3,4.98,72.7,43.6,20.6
2026-04-15 03:12:23,84.48,128.1,151.1,5.01,72.7,40.0,20.6
2026-04-15 03:12:23,84.66,139.6,163.3,4.72,71.6,43.5,20.7
2026-04-15 03:12:23,84.42,118.4,141.5,5.63,72.7,45.2,20.6
2026-04-15 03:12:23,84.35,105.7,119.3,6.5,73.2,45.6,20.6
2026-04-15 03:12:23,84.44,112.7,139.4,5.64,72.7,43.5,20.6
2026-04-15 03:12:24,84.5,133.9,150.0,5.43,72.2,45.8,20.5
2026-04-15 03:12:24,84.35,125.8,148.8,5.22,72.2,47.4,20.6
2026-04-15 03:12:24,84.11,127.8,151.2,4.94,72.2,47.6,20.6
2026-04-15 03:12:24,84.35,94.4,117.0,5.92,73.2,38.5,20.6
2026-04-15 03:12:24,85.09,101.2,121.2,5.86,72.7,44.9,20.6
2026-04-15 03:12:25,85.24,113.8,136.9,5.58,72.7,42.0,20.6
2026-04-15 03:12:25,85.73,129.4,150.3,5.4,71.6,47.2,20.6
2026-04-15 03:12:25,85.81,108.6,130.5,5.62,72.7,45.7,20.7
2026-04-15 03:12:25,85.62,104.1,127.7,6.07,72.2,42.9,20.6
2026-04-15 03:12:25,85.29,124.4,146.5,5.48,73.2,44.6,20.6
2026-04-15 03:12:25,84.97,130.7,153.6,4.85,72.2,42.0,20.6
2026-04-15 03:12:26,84.42,162.4,185.4,4.32,71.0,45.3,20.6
2026-04-15 03:12:26,84.6,125.7,148.9,5.09,72.2,39.5,20.6
2026-04-15 03:12:26,84.33,111.6,134.7,5.38,73.8,42.5,20.6
2026-04-15 03:12:26,84.48,102.9,123.2,6.34,72.2,44.3,20.6
2026-04-15 03:12:26,84.4,118.3,141.9,5.47,72.7,45.2,20.6
2026-04-15 03:12:27,84.19,119.4,130.0,5.98,73.2,43.3,20.7
2026-04-15 03:12:27,84.15,124.7,140.6,5.69,73.2,41.8,20.7
2026-04-15 03:12:27,84.11,136.8,160.0,4.8,73.2,42.4,20.7
2026-04-15 03:12:27,84.91,129.5,152.6,5.19,73.2,44.2,20.6
2026-04-15 03:12:27,85.0,109.4,132.5,5.56,70.5,42.3,20.6
2026-04-15 03:12:28,0.0,115.4,138.3,5.74,72.7,54.9,20.6
2026-04-15 03:12:28,0.0,137.6,154.8,5.3,72.7,46.8,20.7
2026-04-15 03:12:28,0.0,124.3,147.4,5.37,73.2,41.3,20.7
2026-04-15 03:12:28,0.0,136.6,159.9,4.7,72.2,39.8,20.7
2026-04-15 03:12:28,0.0,118.5,141.6,5.52,73.2,42.5,20.7
2026-04-15 03:12:28,0.0,130.4,144.0,5.56,72.7,45.1,20.7
2026-04-15 03:12:29,0.0,134.9,155.1,4.93,72.7,41.8,20.7
2026-04-15 03:12:29,0.0,128.1,150.7,5.17,72.2,39.5,20.7
2026-04-15 03:12:29,0.0,117.9,118.9,6.28,71.6,55.7,20.7
2026-04-15 03:12:29,0.0,116.0,137.7,5.15,73.2,40.3,20.6
2026-04-15 03:12:29,0.0,116.1,131.6,6.0,72.2,43.3,20.6
2026-04-15 03:12:30,0.0,118.6,135.2,5.91,72.7,42.2,20.7
2026-04-15 03:12:30,0.0,125.8,137.3,5.74,72.2,50.7,20.7
2026-04-15 03:12:30,0.0,143.2,166.5,4.6,71.6,41.4,20.7
2026-04-15 03:12:30,0.0,116.3,137.2,5.76,73.2,46.4,20.7
2026-04-15 03:12:30,0.0,121.3,135.3,5.87,73.2,42.4,20.7
2026-04-15 03:12:30,0.0,125.7,137.8,5.83,73.8,45.6,20.7
2026-04-15 03:12:31,0.0,118.8,141.9,5.2,72.7,50.0,20.7
2026-04-15 03:12:31,0.0,116.3,129.8,6.04,72.7,46.3,20.7
2026-04-15 03:12:31,0.0,120.1,133.7,5.89,73.2,43.9,20.7
2026-04-15 03:12:31,0.0,110.6,132.4,5.24,72.7,39.2,20.7
2026-04-15 03:12:31,0.0,110.4,131.0,6.06,73.8,47.0,20.7
2026-04-15 03:12:32,0.0,112.5,134.7,5.93,72.7,44.3,20.7
2026-04-15 03:12:32,0.0,134.1,152.7,5.32,72.7,46.6,20.7
2026-04-15 03:12:32,0.0,114.9,137.9,5.53,73.2,36.8,20.7
2026-04-15 03:12:32,0.0,125.8,143.3,5.64,74.3,45.1,20.7
2026-04-15 03:12:32,0.0,119.0,140.4,5.13,73.2,48.1,20.7
2026-04-15 03:12:32,0.0,104.6,116.4,6.64,72.7,45.8,20.7
2026-04-15 03:12:33,0.0,105.4,127.6,5.89,71.6,40.6,20.7
2026-04-15 03:12:33,0.0,109.4,132.5,5.94,73.2,43.1,20.7
2026-04-15 03:12:33,0.0,88.2,110.1,6.83,72.7,45.8,20.7
2026-04-15 03:12:33,0.0,102.7,126.2,5.52,72.2,43.2,20.7
2026-04-15 03:12:33,0.0,108.0,131.0,5.86,73.8,44.8,20.7
2026-04-15 03:12:33,0.0,142.7,164.7,4.96,73.2,37.7,20.7
2026-04-15 03:12:34,0.0,114.0,137.1,5.84,71.6,41.8,20.7
2026-04-15 03:12:34,0.0,115.8,133.1,5.91,73.2,54.3,20.7
2026-04-15 03:12:34,0.0,106.6,122.5,6.4,72.7,47.5,20.7
2026-04-15 03:12:34,0.0,110.2,134.0,5.82,72.7,45.1,20.7
2026-04-15 03:12:34,0.0,101.3,125.6,6.28,73.8,43.7,20.7
2026-04-15 03:12:34,0.0,96.6,116.7,6.3,73.8,43.5,20.7
2026-04-15 03:12:35,0.0,98.4,120.4,5.94,73.2,39.4,20.7
2026-04-15 03:12:35,0.0,134.2,160.7,4.85,72.7,43.2,20.8
2026-04-15 03:12:35,0.0,102.5,125.6,6.07,71.6,45.6,20.8
2026-04-15 03:12:35,0.0,139.6,162.1,4.91,72.7,38.7,20.8
2026-04-15 03:12:35,0.0,127.7,152.8,5.26,73.8,39.2,20.8
2026-04-15 03:12:36,0.0,120.5,143.4,5.19,72.2,45.0,20.8
2026-04-15 03:12:36,0.0,120.3,142.2,5.05,72.2,45.0,20.8
2026-04-15 03:12:36,0.0,102.5,113.9,6.72,73.8,42.4,20.8
2026-04-15 03:12:36,0.0,108.2,130.6,5.8,73.8,40.9,20.8
2026-04-15 03:12:36,0.0,97.6,119.7,6.4,73.2,40.7,20.8
2026-04-15 03:12:36,0.0,101.2,123.5,5.88,72.7,41.8,20.8
2026-04-15 03:12:37,0.0,121.2,142.3,5.36,72.7,37.7,20.8
2026-04-15 03:12:37,0.0,120.2,133.9,5.94,72.2,44.6,20.8
2026-04-15 03:12:37,0.0,139.7,161.5,4.61,73.8,45.3,20.8
2026-04-15 03:12:37,0.0,128.9,151.8,5.29,72.7,36.2,20.8
2026-04-15 03:12:37,0.0,118.6,142.6,5.24,72.2,37.0,20.8
2026-04-15 03:12:38,75.91,117.6,131.1,6.03,72.2,46.3,20.8
2026-04-15 03:12:38,81.91,116.5,131.1,6.04,73.2,49.2,20.8
2026-04-15 03:12:38,84.63,143.5,159.0,5.17,72.2,46.1,20.8
2026-04-15 03:12:38,85.51,98.2,117.8,6.47,73.2,46.8,20.8
2026-04-15 03:12:38,84.97,150.2,172.1,4.57,73.2,43.7,20.8
2026-04-15 03:12:38,84.82,128.7,144.4,5.59,72.7,39.1,20.8
2026-04-15 03:12:39,84.59,101.3,122.2,5.81,72.2,40.9,20.8
2026-04-15 03:12:39,84.44,154.5,173.2,4.55,72.2,47.1,20.8
2026-04-15 03:12:39,84.14,135.0,158.8,4.66,72.7,42.9,20.8
2026-04-15 03:12:39,84.08,95.2,118.0,6.27,73.2,43.9,20.8
2026-04-15 03:12:39,84.44,122.3,146.5,5.17,72.7,47.4,20.8
2026-04-15 03:12:40,83.82,108.9,132.1,5.39,72.2,41.1,20.9
2026-04-15 03:12:40,84.08,135.1,156.7,5.19,73.2,50.6,20.9
2026-04-15 03:12:40,83.72,118.8,141.8,5.45,72.2,43.2,20.9
2026-04-15 03:12:40,83.84,126.3,140.4,5.71,73.2,42.2,20.9
2026-04-15 03:12:40,84.32,127.2,150.2,5.01,73.2,43.2,20.9
2026-04-15 03:12:41,83.35,105.2,123.2,5.62,72.7,46.3,20.9
2026-04-15 03:12:41,82.83,111.7,129.8,5.76,73.2,47.1,20.9
2026-04-15 03:12:41,82.27,116.1,134.5,5.85,73.8,41.9,20.9
2026-04-15 03:12:41,83.2,102.3,121.2,6.43,73.8,46.8,20.9
2026-04-15 03:12:41,83.74,104.9,125.5,6.02,73.2,43.9,20.9
2026-04-15 03:12:41,83.69,107.0,129.8,5.93,74.3,42.2,20.9
2026-04-15 03:12:42,83.97,140.3,163.4,5.0,72.7,40.3,20.9
2026-04-15 03:12:42,83.67,131.0,154.1,5.24,72.7,48.7,20.9
2026-04-15 03:12:42,83.61,138.0,161.1,4.84,73.2,38.0,20.9
2026-04-15 03:12:42,83.53,140.3,161.9,4.95,72.7,48.1,20.9
2026-04-15 03:12:42,82.95,128.6,147.9,5.31,73.2,41.1,20.9
2026-04-15 03:12:43,84.01,119.3,140.4,5.24,73.2,42.1,21.0
2026-04-15 03:12:43,83.11,140.0,152.0,5.34,72.7,45.7,20.9
2026-04-15 03:12:43,83.58,136.2,158.9,5.11,73.8,40.3,20.9
2026-04-15 03:12:43,83.11,117.8,140.9,5.51,72.7,42.5,21.0
2026-04-15 03:12:43,83.96,111.0,122.3,6.26,73.2,45.0,21.0
2026-04-15 03:12:43,83.77,125.5,142.6,5.52,72.2,43.5,21.0
2026-04-15 03:12:44,83.27,134.3,157.2,4.79,73.8,45.2,21.0
2026-04-15 03:12:44,83.01,133.2,156.5,4.98,72.7,40.3,21.0
2026-04-15 03:12:44,83.61,112.6,136.3,5.62,72.2,40.0,21.0
2026-04-15 03:12:44,83.32,131.1,147.6,5.42,72.2,45.8,21.0
2026-04-15 03:12:45,83.64,344.7,379.4,2.34,73.2,85.9,20.2
2026-04-15 03:12:45,83.43,122.2,145.9,5.06,73.2,40.5,20.2
2026-04-15 03:12:45,82.41,100.4,122.6,5.63,73.2,40.6,20.2
2026-04-15 03:12:45,83.09,128.6,148.2,5.09,73.2,48.0,20.2
2026-04-15 03:12:45,83.61,117.3,140.4,5.35,73.2,42.1,20.2
2026-04-15 03:12:46,83.06,108.4,121.8,6.33,73.2,50.0,20.3
2026-04-15 03:12:46,83.5,135.8,158.0,5.16,73.8,47.2,20.3
2026-04-15 03:12:46,83.55,116.5,139.6,5.54,74.3,44.6,20.3
2026-04-15 03:12:46,84.05,127.0,139.5,5.65,73.8,47.3,20.3
2026-04-15 03:12:46,83.8,123.0,145.5,5.1,73.2,41.6,20.3
2026-04-15 03:12:46,83.67,98.6,121.6,5.7,73.8,40.0,20.3
2026-04-15 03:12:47,83.49,107.7,129.1,5.63,74.3,44.1,20.3
2026-04-15 03:12:47,84.07,119.9,144.0,5.58,72.7,51.4,20.3
2026-04-15 03:12:47,82.98,96.4,119.4,5.74,71.6,37.9,20.3
2026-04-15 03:12:47,83.96,106.0,131.5,5.58,73.8,42.0,20.3
2026-04-15 03:12:47,83.91,135.9,158.3,5.16,72.7,44.6,20.3
2026-04-15 03:12:48,83.61,126.9,150.2,5.24,72.7,41.3,20.3
2026-04-15 03:12:48,83.22,129.9,152.9,4.93,73.2,44.6,20.3
2026-04-15 03:12:48,83.4,140.8,163.8,4.75,74.9,46.5,20.3
2026-04-15 03:12:48,83.85,124.0,146.5,5.46,74.3,45.3,20.3
2026-04-15 03:12:48,83.2,128.7,151.9,4.88,72.2,44.0,20.3
2026-04-15 03:12:49,84.14,121.7,140.5,5.18,73.2,40.0,20.3
2026-04-15 03:12:49,83.68,122.0,144.6,5.0,73.8,41.3,20.3
2026-04-15 03:12:49,83.38,108.2,131.3,5.38,73.2,38.6,20.3
2026-04-15 03:12:49,83.96,109.2,129.6,5.97,73.8,43.1,20.3
2026-04-15 03:12:49,83.62,106.9,127.7,6.09,72.7,41.7,20.3
2026-04-15 03:12:50,83.46,153.4,176.0,4.7,73.8,45.8,20.4
2026-04-15 03:12:50,83.37,127.1,139.3,5.75,73.8,45.6,20.4
2026-04-15 03:12:50,84.07,135.9,155.8,4.75,72.2,46.4,20.4
2026-04-15 03:12:50,83.33,120.8,143.6,5.47,73.2,39.7,20.4
2026-04-15 03:12:50,83.23,146.0,167.7,4.44,72.7,41.1,20.3
2026-04-15 03:12:50,83.38,91.6,111.4,6.87,73.2,46.7,20.3
2026-04-15 03:12:51,83.63,117.4,140.4,5.2,74.3,45.5,20.3
2026-04-15 03:12:51,83.09,139.7,154.7,5.29,73.8,43.7,20.4
2026-04-15 03:12:51,83.37,127.6,150.6,5.33,73.8,42.5,20.4
2026-04-15 03:12:51,83.86,152.1,175.0,4.45,72.7,47.3,20.4
2026-04-15 03:12:51,83.51,139.9,150.0,5.32,72.7,44.4,20.4
2026-04-15 03:12:52,83.26,93.4,116.2,6.52,72.7,44.3,20.4
2026-04-15 03:12:52,83.37,122.7,145.2,5.12,73.2,43.6,20.4
2026-04-15 03:12:52,83.12,120.0,142.1,5.06,73.8,38.2,20.4
2026-04-15 03:12:52,82.72,126.6,135.9,5.78,72.2,43.9,20.4
2026-04-15 03:12:52,83.86,112.6,133.7,5.37,73.2,44.4,20.4
2026-04-15 03:12:52,82.97,111.0,128.4,6.08,73.8,44.6,20.4
2026-04-15 03:12:53,83.38,120.6,142.1,5.66,74.3,40.3,20.4
2026-04-15 03:12:53,83.8,143.0,163.3,4.49,73.2,46.6,20.4
2026-04-15 03:12:53,84.05,120.6,142.1,5.67,72.7,39.4,20.4
2026-04-15 03:12:53,83.4,120.9,143.8,5.0,74.9,39.2,20.4
2026-04-15 03:12:53,83.27,114.6,137.6,5.17,73.8,40.0,20.4
2026-04-15 03:12:54,83.16,121.2,138.7,5.77,72.7,46.4,20.4
2026-04-15 03:12:54,83.24,123.2,145.7,4.95,74.3,41.5,20.4
2026-04-15 03:12:54,82.29,116.5,139.6,5.18,72.2,43.6,20.4
2026-04-15 03:12:54,83.5,141.9,159.0,5.16,73.8,42.9,20.4
2026-04-15 03:12:54,82.76,144.0,166.4,4.94,73.8,44.3,20.4
2026-04-15 03:12:55,83.34,120.2,138.6,5.74,73.8,43.5,20.4
2026-04-15 03:12:55,83.21,118.3,125.1,6.06,73.2,61.2,20.4
2026-04-15 03:12:55,82.89,109.9,122.4,6.33,73.2,48.4,20.4
2026-04-15 03:12:55,82.66,99.2,121.1,6.43,72.7,45.8,20.4
2026-04-15 03:12:55,83.59,104.7,127.1,5.81,74.3,43.5,20.4
2026-04-15 03:12:55,83.31,127.9,150.8,5.27,74.3,42.5,20.4
2026-04-15 03:12:56,84.06,125.3,148.5,5.06,73.8,43.0,20.4
2026-04-15 03:12:56,83.28,128.5,148.8,4.92,74.3,41.0,20.4
2026-04-15 03:12:56,83.1,115.3,138.6,5.36,74.3,40.5,20.4
2026-04-15 03:12:56,82.91,115.7,132.4,6.0,73.2,44.6,20.4
2026-04-15 03:12:56,83.07,110.6,133.1,5.92,72.7,50.0,20.4
2026-04-15 03:12:57,83.22,129.4,148.4,5.42,72.7,45.2,20.4
2026-04-15 03:12:57,82.8,123.2,138.9,5.33,73.2,44.4,20.4
2026-04-15 03:12:57,82.49,142.5,165.6,4.56,72.7,41.4,20.4
2026-04-15 03:12:57,83.45,116.3,139.4,5.76,73.8,40.3,20.4
2026-04-15 03:12:57,83.48,121.0,139.3,5.72,72.7,46.4,20.4
2026-04-15 03:12:58,83.51,125.6,148.7,4.98,73.2,38.7,20.4
2026-04-15 03:12:58,82.71,150.0,171.7,4.46,73.8,42.0,20.4
2026-04-15 03:12:58,83.7,138.9,154.2,5.3,72.7,44.0,20.4
2026-04-15 03:12:58,83.29,109.4,118.8,5.86,73.8,50.8,20.4
2026-04-15 03:12:58,83.69,88.2,111.0,6.89,74.9,45.6,20.4
2026-04-15 03:12:58,83.52,94.3,117.3,5.79,73.8,42.9,20.4
2026-04-15 03:12:59,83.0,138.9,161.8,4.73,74.3,38.5,20.4
2026-04-15 03:12:59,83.17,130.6,153.7,5.22,73.8,42.5,20.4
2026-04-15 03:12:59,83.09,140.3,162.6,4.77,73.2,41.5,20.4
2026-04-15 03:12:59,83.38,112.4,134.2,5.74,73.8,45.1,20.4
2026-04-15 03:12:59,83.12,130.8,148.2,5.48,72.7,43.5,20.4
2026-04-15 03:13:00,83.53,113.8,136.9,5.4,74.3,43.7,20.4
2026-04-15 03:13:00,83.8,118.9,137.7,5.76,73.2,58.0,20.5
2026-04-15 03:13:00,83.43,152.8,174.4,4.34,73.2,43.8,20.5
2026-04-15 03:13:00,82.88,97.3,108.2,6.93,73.8,49.2,20.5
2026-04-15 03:13:00,84.08,123.5,143.7,5.19,73.8,47.4,20.5
2026-04-15 03:13:00,83.95,108.0,131.1,5.43,73.8,43.2,20.5
2026-04-15 03:13:01,83.7,138.1,161.0,5.06,73.8,47.6,20.5
2026-04-15 03:13:01,83.33,103.4,125.4,6.09,74.3,43.5,20.5
2026-04-15 03:13:01,82.66,133.0,156.3,5.09,74.3,41.3,20.5
2026-04-15 03:13:01,83.37,128.4,150.0,5.12,74.9,40.8,20.5
2026-04-15 03:13:01,83.64,133.6,155.1,4.87,73.8,50.6,20.5
2026-04-15 03:13:02,83.27,92.9,112.7,6.28,73.2,49.2,20.5
2026-04-15 03:13:02,83.25,108.9,131.2,5.43,73.8,41.7,20.5
2026-04-15 03:13:02,82.87,121.7,142.8,5.62,73.2,40.0,20.5
2026-04-15 03:13:02,83.29,132.0,154.6,4.76,73.8,38.7,20.5
2026-04-15 03:13:02,82.67,94.4,117.4,6.16,72.2,41.3,20.5
2026-04-15 03:13:03,82.94,125.3,145.7,5.06,74.9,40.8,20.5
2026-04-15 03:13:03,83.47,101.6,124.6,5.67,74.3,42.9,20.5
2026-04-15 03:13:03,83.81,119.1,142.4,5.43,74.3,40.8,20.5
2026-04-15 03:13:03,82.9,147.4,158.0,5.13,74.3,49.3,20.6
2026-04-15 03:13:03,83.44,119.5,136.3,5.81,72.7,42.9,20.5
2026-04-15 03:13:03,82.23,151.4,161.9,5.04,74.3,44.2,20.5
2026-04-15 03:13:04,83.09,116.9,129.7,6.05,73.2,45.3,20.5
2026-04-15 03:13:04,83.33,114.9,130.3,6.07,74.3,47.8,20.5
2026-04-15 03:13:04,82.6,111.3,128.9,6.14,72.7,46.2,20.5
2026-04-15 03:13:04,83.43,120.8,141.6,5.68,74.3,42.6,20.5
2026-04-15 03:13:04,82.86,123.0,143.9,4.95,73.2,42.7,20.5
2026-04-15 03:13:05,82.87,120.0,142.3,5.07,73.8,40.5,20.5
2026-04-15 03:13:05,83.35,190.4,202.8,4.2,74.3,53.2,20.6
2026-04-15 03:13:05,83.43,132.5,155.4,4.81,73.2,40.0,20.6
2026-04-15 03:13:05,83.21,106.3,128.1,5.74,74.3,36.9,20.6
2026-04-15 03:13:05,83.53,126.8,149.9,5.36,73.8,45.2,20.6
2026-04-15 03:13:06,83.78,98.1,121.2,5.85,74.9,41.5,20.6
2026-04-15 03:13:06,83.25,123.3,147.7,5.18,73.2,46.8,20.6
2026-04-15 03:13:06,82.74,111.2,134.0,5.37,74.3,39.4,20.6
2026-04-15 03:13:06,82.82,90.3,110.9,6.86,73.2,49.2,20.6
2026-04-15 03:13:06,82.9,118.2,137.4,5.08,74.3,48.1,20.6
2026-04-15 03:13:06,82.86,113.8,125.6,6.24,74.3,45.3,20.6
2026-04-15 03:13:07,82.43,131.8,150.3,5.41,73.8,47.3,20.6
2026-04-15 03:13:07,82.68,116.1,137.8,5.43,74.3,45.2,20.6
2026-04-15 03:13:07,83.33,135.3,151.1,5.39,74.9,48.0,20.6
2026-04-15 03:13:07,84.12,118.1,141.4,5.47,73.2,43.2,20.6
2026-04-15 03:13:07,83.11,116.1,129.5,6.09,74.3,44.3,20.6
2026-04-15 03:13:07,82.86,123.4,138.9,5.75,74.9,46.4,20.6
2026-04-15 03:13:08,84.12,118.0,140.9,5.14,73.2,43.0,20.6
2026-04-15 03:13:08,84.54,120.4,133.5,5.9,74.9,52.9,20.6
2026-04-15 03:13:08,84.42,106.4,124.7,5.38,73.8,42.5,20.6
2026-04-15 03:13:08,83.95,96.8,119.9,6.38,74.3,41.7,20.6
2026-04-15 03:13:08,82.39,116.2,139.5,5.32,72.7,44.7,20.6
2026-04-15 03:13:09,83.35,130.7,143.1,5.59,74.3,45.5,20.6
2026-04-15 03:13:09,83.19,134.6,157.6,4.91,72.7,40.7,20.6
2026-04-15 03:13:09,83.12,165.8,188.8,4.33,74.3,40.4,20.6
2026-04-15 03:13:09,83.35,136.5,159.6,4.91,73.2,43.9,20.6
2026-04-15 03:13:09,83.35,102.6,124.5,6.02,74.3,44.1,20.6
2026-04-15 03:13:10,82.95,129.3,145.7,5.17,73.8,48.6,20.7
2026-04-15 03:13:10,83.24,137.7,160.8,4.8,73.8,45.8,20.6
2026-04-15 03:13:10,83.03,123.5,146.6,5.39,74.3,44.6,20.7
2026-04-15 03:13:10,83.69,128.8,151.4,4.86,74.3,36.4,20.7
2026-04-15 03:13:10,83.87,131.5,154.3,4.95,74.3,42.3,20.6
2026-04-15 03:13:11,83.47,110.9,133.6,5.58,73.2,39.1,20.6
2026-04-15 03:13:11,82.94,118.6,136.7,5.74,73.8,47.0,20.6
2026-04-15 03:13:11,83.04,124.7,138.6,5.76,74.3,46.2,20.7
2026-04-15 03:13:11,82.99,140.1,163.2,4.66,73.8,47.8,20.7
2026-04-15 03:13:11,82.93,111.7,134.5,5.84,74.3,44.3,20.7
2026-04-15 03:13:11,82.72,87.9,108.3,7.01,73.8,47.3,20.7
2026-04-15 03:13:12,83.31,101.1,124.2,5.56,73.2,38.6,20.7
2026-04-15 03:13:12,83.27,140.7,163.7,4.85,74.3,41.0,20.7
2026-04-15 03:13:12,82.36,127.3,150.7,5.35,75.5,45.9,20.7
2026-04-15 03:13:12,83.53,104.1,127.1,5.68,73.2,42.9,20.6
2026-04-15 03:13:12,82.96,94.3,117.2,6.38,73.8,42.4,20.6
2026-04-15 03:13:13,82.83,128.4,151.5,4.94,73.8,41.0,20.6
2026-04-15 03:13:13,83.19,121.3,144.2,5.22,74.3,43.4,20.6
2026-04-15 03:13:13,83.18,138.5,161.5,4.62,75.5,44.2,20.6
2026-04-15 03:13:13,83.09,133.4,152.7,5.13,74.3,41.3,20.6
2026-04-15 03:13:13,83.52,111.4,133.7,5.62,73.2,42.0,20.7
2026-04-15 03:13:13,82.48,134.0,155.0,5.28,74.3,43.7,20.7
2026-04-15 03:13:14,82.56,122.5,144.3,5.29,74.9,40.3,20.7
2026-04-15 03:13:14,83.23,97.0,120.1,5.74,74.9,42.9,20.7
2026-04-15 03:13:14,82.78,88.7,111.3,6.33,74.3,44.6,20.7
2026-04-15 03:13:14,83.17,110.4,133.5,5.31,74.3,43.2,20.7
2026-04-15 03:13:14,83.28,117.8,139.5,5.73,74.3,39.7,20.7
2026-04-15 03:13:15,83.43,107.9,119.4,6.41,74.3,44.1,20.7
2026-04-15 03:13:15,82.45,153.0,175.1,4.73,74.3,54.8,20.7
2026-04-15 03:13:15,81.97,139.9,146.6,5.35,74.3,47.3,20.7
2026-04-15 03:13:15,83.23,127.7,150.7,5.33,74.3,43.2,20.7
2026-04-15 03:13:15,82.84,116.9,139.9,5.29,74.9,45.6,20.8
2026-04-15 03:13:15,82.95,110.7,125.9,6.22,73.8,45.2,20.8
2026-04-15 03:13:16,83.34,132.0,153.6,5.32,74.9,51.9,20.8
2026-04-15 03:13:16,83.05,128.2,151.7,5.09,74.3,44.3,20.8
2026-04-15 03:13:16,82.16,96.4,119.6,5.96,73.8,45.7,20.8
2026-04-15 03:13:16,83.77,175.0,197.5,4.09,73.8,45.8,20.8
2026-04-15 03:13:16,82.96,104.7,130.6,6.03,74.9,42.2,20.8
2026-04-15 03:13:17,83.38,93.8,116.9,6.53,74.3,45.0,20.8
2026-04-15 03:13:17,82.4,117.3,140.0,5.24,74.9,42.1,20.8
2026-04-15 03:13:17,82.89,110.4,124.2,6.26,74.3,48.4,20.8
2026-04-15 03:13:17,82.85,117.2,137.9,5.79,73.8,43.3,20.9
2026-04-15 03:13:17,82.9,136.7,149.1,5.38,74.3,44.6,20.9
2026-04-15 03:13:17,82.51,107.1,130.2,5.76,73.2,44.9,20.8
2026-04-15 03:13:18,83.05,108.1,128.6,6.07,74.3,44.8,20.8
2026-04-15 03:13:18,82.79,117.6,140.5,5.68,74.9,39.4,20.8
2026-04-15 03:13:18,83.09,111.5,122.3,6.24,74.3,56.3,20.8
2026-04-15 03:13:18,83.35,109.8,129.9,6.06,72.7,45.5,20.8
2026-04-15 03:13:18,83.26,126.4,149.0,5.43,73.8,46.1,20.8
2026-04-15 03:13:18,82.95,93.8,117.2,6.01,73.2,44.1,20.8
2026-04-15 03:13:19,82.62,135.9,157.9,4.77,74.3,41.7,20.8
2026-04-15 03:13:19,83.46,106.4,129.2,5.91,73.8,43.9,20.8
2026-04-15 03:13:19,83.27,115.4,136.5,5.69,74.9,40.3,20.8
2026-04-15 03:13:19,83.03,128.7,142.0,5.55,73.2,48.6,20.8
2026-04-15 03:13:19,81.69,129.4,152.3,4.99,73.2,42.9,20.8
2026-04-15 03:13:20,82.61,139.5,162.5,4.76,74.9,42.2,20.8
2026-04-15 03:13:20,83.11,147.9,170.9,4.8,74.3,45.0,20.8
2026-04-15 03:13:20,82.98,110.7,128.1,6.15,74.3,45.2,20.8
2026-04-15 03:13:20,82.61,126.5,147.7,5.47,73.2,47.3,20.8
2026-04-15 03:13:20,83.09,105.3,127.6,5.6,73.8,42.9,20.8
2026-04-15 03:13:21,82.95,102.4,125.1,6.11,73.2,45.5,20.8
2026-04-15 03:13:21,83.25,119.4,141.7,5.44,73.2,48.6,20.8
2026-04-15 03:13:21,82.62,148.0,162.4,5.06,73.2,53.7,20.8
2026-04-15 03:13:21,82.9,103.0,117.8,6.58,74.3,51.6,20.8
2026-04-15 03:13:21,82.75,104.0,126.1,5.95,74.9,44.6,20.8
2026-04-15 03:13:21,82.81,98.2,121.2,6.23,74.9,41.3,20.8
2026-04-15 03:13:22,83.27,110.0,132.9,5.61,74.9,41.8,20.8
2026-04-15 03:13:22,84.07,115.8,136.5,5.78,75.5,40.9,20.8
2026-04-15 03:13:22,83.08,124.9,138.9,5.71,73.2,40.0,20.8
2026-04-15 03:13:22,83.97,106.6,124.7,5.49,74.9,44.6,20.8
2026-04-15 03:13:22,84.96,147.4,170.6,4.83,74.9,45.1,20.8
2026-04-15 03:13:22,85.23,149.1,165.8,4.97,74.9,44.2,20.8
2026-04-15 03:13:23,84.72,122.7,137.6,5.75,73.8,41.8,20.9
2026-04-15 03:13:23,84.2,116.3,137.0,5.15,74.9,43.6,20.9
2026-04-15 03:13:23,84.28,113.4,131.2,6.05,74.3,46.3,20.9
2026-04-15 03:13:23,84.79,112.3,132.2,6.0,74.3,45.6,20.9
2026-04-15 03:13:23,84.87,129.6,141.9,5.54,74.3,38.7,20.9
2026-04-15 03:13:24,84.25,114.8,137.7,5.4,74.3,40.8,20.9
2026-04-15 03:13:24,84.84,103.0,120.4,6.46,74.3,46.9,20.9
2026-04-15 03:13:24,83.69,122.5,148.9,5.28,74.9,44.7,20.9
2026-04-15 03:13:24,84.07,167.9,190.7,4.13,74.3,42.6,20.9
2026-04-15 03:13:24,83.88,143.2,166.5,4.79,73.8,41.5,20.9
2026-04-15 03:13:25,82.92,120.9,141.7,5.58,74.3,38.5,20.9
2026-04-15 03:13:25,83.06,119.6,140.7,5.07,74.3,45.6,20.9
2026-04-15 03:13:25,82.46,136.7,148.7,5.45,73.8,46.5,20.9
2026-04-15 03:13:25,80.63,102.9,124.9,6.02,74.9,41.5,20.9
2026-04-15 03:13:25,80.6,109.1,131.9,5.77,74.3,41.8,20.9
2026-04-15 03:13:25,81.09,122.4,136.6,5.58,74.3,49.3,20.9
2026-04-15 03:13:26,82.81,120.9,143.9,5.04,73.8,41.6,20.9
2026-04-15 03:13:26,80.6,121.1,143.1,5.0,74.3,40.3,20.9
2026-04-15 03:13:26,79.52,115.1,137.4,5.15,76.0,37.8,20.9
2026-04-15 03:13:26,81.76,103.9,121.0,6.35,73.8,45.9,21.0
2026-04-15 03:13:26,80.37,97.1,123.6,6.12,73.8,45.5,20.9
2026-04-15 03:13:26,80.9,96.4,118.8,6.25,73.8,46.2,20.9
2026-04-15 03:13:27,81.7,121.4,144.5,5.22,74.9,41.6,20.9
2026-04-15 03:13:27,80.25,143.1,166.1,4.52,73.2,41.0,20.9
2026-04-15 03:13:27,81.42,107.3,129.5,6.09,74.9,43.7,20.9
2026-04-15 03:13:27,81.37,113.4,136.4,5.79,74.9,45.8,20.9
2026-04-15 03:13:27,80.38,143.7,164.4,5.03,73.8,39.7,20.9
2026-04-15 03:13:28,81.26,135.1,154.8,5.28,74.9,41.4,20.9
2026-04-15 03:13:28,81.26,116.7,139.8,5.46,73.8,38.6,21.0
2026-04-15 03:13:28,79.03,101.7,115.5,6.66,74.3,46.6,21.0
2026-04-15 03:13:28,79.41,117.4,138.7,5.48,74.3,45.2,21.0
2026-04-15 03:13:28,77.58,94.8,109.7,6.94,74.9,44.6,21.0
2026-04-15 03:13:28,80.22,130.9,154.1,4.94,76.0,40.5,20.9
2026-04-15 03:13:29,79.35,158.4,181.5,4.4,74.3,45.6,20.9
2026-04-15 03:13:29,80.78,129.3,152.3,4.9,74.3,39.0,20.9
2026-04-15 03:13:29,81.14,102.3,125.4,5.78,74.9,38.5,20.9
2026-04-15 03:13:29,80.49,118.9,141.8,5.46,74.9,45.9,20.9
2026-04-15 03:13:29,81.42,105.2,118.6,6.53,73.8,47.5,20.9
2026-04-15 03:13:30,80.68,117.0,140.2,5.59,73.8,44.3,20.9
2026-04-15 03:13:30,81.41,141.8,155.4,5.23,74.3,48.7,20.9
2026-04-15 03:13:30,79.14,148.0,170.5,4.84,73.8,43.6,21.0
2026-04-15 03:13:30,79.57,111.4,125.2,6.13,74.9,43.7,21.0
2026-04-15 03:13:31,78.45,393.6,425.4,2.17,74.9,86.7,20.2
2026-04-15 03:13:31,81.06,110.1,133.2,5.82,74.9,49.3,20.3
2026-04-15 03:13:31,80.33,128.4,150.8,5.41,74.9,45.3,20.3
2026-04-15 03:13:31,80.51,119.9,143.2,5.18,75.5,42.3,20.2
2026-04-15 03:13:31,80.48,114.8,125.7,6.21,75.5,46.7,20.2
2026-04-15 03:13:32,79.8,111.8,128.4,6.14,74.3,43.5,20.2
2026-04-15 03:13:32,81.55,116.7,135.6,5.84,75.5,50.0,20.3
2026-04-15 03:13:32,81.88,125.1,140.1,5.72,75.5,42.0,20.3
2026-04-15 03:13:32,80.95,130.4,151.9,4.87,75.5,44.2,20.2
2026-04-15 03:13:32,79.78,101.5,124.6,5.85,74.9,42.0,20.2
2026-04-15 03:13:32,80.88,100.9,123.9,6.03,75.5,44.6,20.2
2026-04-15 03:13:33,78.26,89.1,111.6,6.46,74.9,48.4,20.2
2026-04-15 03:13:33,80.18,116.6,142.9,5.03,74.3,41.2,20.2
2026-04-15 03:13:33,77.46,124.9,135.8,5.87,73.8,44.6,20.2
2026-04-15 03:13:33,78.68,110.3,130.8,5.36,75.5,40.5,20.2
2026-04-15 03:13:33,80.83,115.1,135.7,5.81,74.9,44.8,20.3
2026-04-15 03:13:33,78.7,125.2,139.9,5.73,74.9,44.1,20.3
2026-04-15 03:13:34,79.82,138.0,161.0,4.7,74.9,45.0,20.3
2026-04-15 03:13:34,80.38,125.2,147.9,5.35,74.9,40.5,20.3
2026-04-15 03:13:34,79.77,119.0,142.1,5.16,74.3,38.4,20.3
2026-04-15 03:13:34,81.85,115.1,126.7,6.15,74.9,43.5,20.2
2026-04-15 03:13:34,79.06,118.0,135.6,5.87,76.0,42.9,20.2
2026-04-15 03:13:35,81.06,108.4,122.2,6.39,74.3,45.9,20.2
2026-04-15 03:13:35,79.88,114.3,137.1,5.8,75.5,44.8,20.2
2026-04-15 03:13:35,80.74,102.7,119.8,6.46,74.3,47.5,20.3
2026-04-15 03:13:35,80.19,95.4,117.0,6.28,76.0,46.0,20.3
2026-04-15 03:13:35,80.17,111.7,134.8,5.47,74.9,39.4,20.3
2026-04-15 03:13:35,79.43,134.1,153.2,5.29,75.5,46.6,20.3
2026-04-15 03:13:36,79.9,126.4,149.4,5.21,75.5,44.7,20.3
2026-04-15 03:13:36,79.79,133.5,156.5,4.83,74.9,41.0,20.3
2026-04-15 03:13:36,79.2,121.9,147.6,5.2,74.3,43.6,20.3
2026-04-15 03:13:36,79.34,133.4,154.7,4.82,73.2,43.9,20.3
2026-04-15 03:13:36,80.08,127.4,150.3,5.15,74.9,42.3,20.3
2026-04-15 03:13:37,79.18,101.0,123.9,5.78,73.8,43.7,20.4
2026-04-15 03:13:37,80.29,101.8,120.7,5.97,74.3,47.1,20.4
2026-04-15 03:13:37,81.34,170.4,195.2,4.22,75.5,46.3,20.4
2026-04-15 03:13:37,81.21,95.9,118.9,6.38,75.5,45.9,20.4
2026-04-15 03:13:37,81.05,111.0,133.1,5.48,75.5,42.3,20.4
2026-04-15 03:13:37,81.18,113.2,134.4,5.93,73.8,46.4,20.4
2026-04-15 03:13:38,81.47,98.8,117.1,6.54,76.0,45.8,20.4
2026-04-15 03:13:38,81.23,101.7,124.7,5.92,74.3,43.9,20.4
2026-04-15 03:13:38,80.21,108.6,131.5,5.77,74.3,39.1,20.4
2026-04-15 03:13:38,81.24,111.4,134.4,5.9,74.9,43.9,20.4
2026-04-15 03:13:38,80.74,116.2,135.5,5.84,74.9,47.1,20.4
2026-04-15 03:13:38,82.0,105.3,121.5,6.41,73.8,49.2,20.4
2026-04-15 03:13:39,82.36,145.3,166.5,4.85,74.9,45.0,20.4
2026-04-15 03:13:39,81.99,109.4,129.7,6.1,74.9,43.7,20.5
2026-04-15 03:13:39,82.15,118.5,140.2,5.69,74.9,44.3,20.5
2026-04-15 03:13:39,81.58,128.6,140.1,5.65,74.3,43.9,20.5
2026-04-15 03:13:39,81.49,90.1,112.0,6.21,74.9,48.5,20.5
2026-04-15 03:13:40,82.01,119.6,143.0,5.08,74.9,42.5,20.5
2026-04-15 03:13:40,81.47,137.9,160.9,4.6,73.8,43.5,20.5
2026-04-15 03:13:40,80.07,135.8,158.7,5.06,74.9,48.1,20.5
2026-04-15 03:13:40,80.29,131.3,155.0,5.1,74.3,46.8,20.5
2026-04-15 03:13:40,81.54,125.2,148.1,5.18,74.3,39.7,20.5
2026-04-15 03:13:41,82.26,115.9,139.0,5.25,74.9,39.2,20.5
2026-04-15 03:13:41,83.0,127.1,142.1,5.59,76.0,41.5,20.5
2026-04-15 03:13:41,82.07,103.1,122.6,5.71,74.3,42.6,20.5
2026-04-15 03:13:41,80.89,90.4,116.0,6.35,77.1,46.9,20.5
2026-04-15 03:13:41,81.49,101.2,124.2,5.76,74.3,42.0,20.5
2026-04-15 03:13:41,81.46,127.3,150.1,5.19,74.9,40.3,20.5
2026-04-15 03:13:42,81.98,124.0,144.6,5.08,74.9,42.5,20.5
2026-04-15 03:13:42,82.7,90.0,91.9,7.56,76.0,61.5,20.5
2026-04-15 03:13:42,83.05,118.6,141.5,5.13,74.9,40.8,20.5
2026-04-15 03:13:42,80.62,115.5,129.3,6.12,76.0,45.5,20.5
2026-04-15 03:13:42,80.73,126.5,146.4,5.51,74.9,38.8,20.5
2026-04-15 03:13:42,79.04,94.6,118.0,6.06,75.5,44.6,20.5
2026-04-15 03:13:43,80.62,127.2,150.2,5.04,74.3,42.3,20.5
2026-04-15 03:13:43,79.27,132.7,155.5,4.87,75.5,41.5,20.5
2026-04-15 03:13:43,81.52,101.7,124.8,5.92,75.5,37.5,20.5
2026-04-15 03:13:43,81.18,129.4,150.9,5.14,75.5,44.7,20.5
2026-04-15 03:13:43,81.45,143.9,165.7,4.62,74.9,48.3,20.5
2026-04-15 03:13:44,79.72,94.7,114.8,6.72,76.0,38.9,20.5
2026-04-15 03:13:44,82.6,125.0,147.8,5.04,75.5,39.5,20.5
2026-04-15 03:13:44,82.24,165.7,186.8,4.19,74.9,43.0,20.6
2026-04-15 03:13:44,79.81,109.4,132.4,5.66,73.8,42.0,20.5
2026-04-15 03:13:44,82.15,137.5,159.0,5.14,74.3,42.1,20.6
2026-04-15 03:13:45,82.13,102.5,123.2,6.06,74.3,41.5,20.6
2026-04-15 03:13:45,80.78,119.8,142.7,5.44,74.3,46.5,20.5
2026-04-15 03:13:45,81.06,119.0,130.1,6.03,74.9,47.8,20.5
2026-04-15 03:13:45,81.07,116.1,128.8,6.1,75.5,50.0,20.5
2026-04-15 03:13:45,80.35,153.4,169.0,4.89,75.5,53.2,20.6
2026-04-15 03:13:45,79.28,118.2,141.6,5.06,73.8,39.7,20.6
2026-04-15 03:13:46,81.17,132.1,145.7,5.55,75.5,47.8,20.5
2026-04-15 03:13:46,81.69,120.6,143.9,5.29,74.3,48.8,20.6
2026-04-15 03:13:46,79.55,98.9,119.4,5.63,74.3,40.0,20.6
2026-04-15 03:13:46,81.59,128.7,150.3,5.09,74.9,41.9,20.6
2026-04-15 03:13:46,79.98,115.2,138.3,5.37,74.9,40.3,20.6
2026-04-15 03:13:47,80.71,118.9,135.5,5.86,74.9,43.9,20.5
2026-04-15 03:13:47,80.97,139.3,152.6,5.3,74.9,51.4,20.5
2026-04-15 03:13:47,79.85,143.9,166.9,4.93,75.5,44.6,20.5
2026-04-15 03:13:47,80.0,131.6,151.8,5.33,74.3,42.5,20.5
2026-04-15 03:13:47,79.73,128.8,151.7,5.08,73.8,43.6,20.5
2026-04-15 03:13:48,80.98,109.8,131.8,5.52,74.3,43.1,20.5
2026-04-15 03:13:48,80.04,101.7,128.7,6.13,75.5,48.5,20.5
2026-04-15 03:13:48,79.66,105.8,130.9,5.89,75.5,45.7,20.5
2026-04-15 03:13:48,80.06,96.0,117.0,6.53,74.3,46.0,20.5
2026-04-15 03:13:48,81.21,108.6,125.6,5.59,74.3,52.8,20.5
2026-04-15 03:13:48,80.98,120.7,143.8,5.57,75.5,43.7,20.6
2026-04-15 03:13:49,83.22,121.9,133.6,5.94,74.3,46.3,20.6
2026-04-15 03:13:49,83.79,128.6,146.8,4.87,76.0,37.7,20.6
2026-04-15 03:13:49,85.41,114.8,135.2,5.36,75.5,42.7,20.6
2026-04-15 03:13:49,85.26,111.1,127.7,6.1,74.9,41.0,20.6
2026-04-15 03:13:49,84.94,122.0,140.7,5.68,76.0,47.1,20.6
2026-04-15 03:13:50,85.04,145.2,168.3,4.48,75.5,45.6,20.6
2026-04-15 03:13:50,85.23,104.7,125.2,6.27,76.0,43.1,20.6
2026-04-15 03:13:50,84.53,108.8,130.8,5.86,76.0,48.5,20.6
2026-04-15 03:13:50,85.21,111.6,133.7,5.89,76.0,41.3,20.6
2026-04-15 03:13:50,85.56,111.4,126.2,6.02,76.0,43.9,20.6
2026-04-15 03:13:50,85.1,177.3,198.7,4.23,75.5,44.0,20.6
2026-04-15 03:13:51,83.7,172.0,186.1,4.46,75.5,42.4,20.6
2026-04-15 03:13:51,83.37,133.2,156.6,5.14,76.0,46.2,20.6
2026-04-15 03:13:51,84.9,164.7,187.9,4.29,74.3,43.2,20.6
2026-04-15 03:13:51,80.82,99.6,122.1,6.01,76.0,40.6,20.6
2026-04-15 03:13:51,81.26,111.9,134.9,5.6,74.9,43.1,20.6
2026-04-15 03:13:52,80.47,117.8,133.3,5.8,76.0,44.8,20.6
2026-04-15 03:13:52,80.18,112.0,129.1,6.1,76.0,47.0,20.7
2026-04-15 03:13:52,79.87,111.7,127.9,6.13,75.5,49.3,20.7
2026-04-15 03:13:52,81.0,148.7,168.6,4.91,75.5,43.2,20.7
2026-04-15 03:13:52,79.89,105.4,122.4,6.36,75.5,49.2,20.6
2026-04-15 03:13:52,80.38,106.0,126.2,5.99,75.5,47.1,20.6
2026-04-15 03:13:53,78.82,114.6,136.8,5.72,74.9,40.9,20.6
2026-04-15 03:13:53,78.58,158.9,177.4,4.72,74.9,48.1,20.6
2026-04-15 03:13:53,79.54,136.6,159.8,4.76,76.0,41.0,20.6
2026-04-15 03:13:53,77.88,105.1,128.4,5.94,74.3,43.5,20.6
2026-04-15 03:13:53,78.07,99.0,118.8,6.24,74.9,44.4,20.6
2026-04-15 03:13:54,78.15,103.1,126.3,5.85,75.5,44.1,20.6
2026-04-15 03:13:54,77.01,129.6,151.0,5.18,74.9,42.7,20.7
2026-04-15 03:13:54,77.18,104.7,127.2,5.65,76.0,43.1,20.7
2026-04-15 03:13:54,78.57,99.1,121.0,6.28,76.0,46.2,20.6
2026-04-15 03:13:54,77.05,142.2,160.9,4.77,74.9,45.1,20.6
2026-04-15 03:13:54,78.69,127.0,148.9,5.42,76.0,40.8,20.6
2026-04-15 03:13:55,78.55,101.6,123.7,5.73,76.0,43.3,20.6
2026-04-15 03:13:55,77.46,136.9,160.1,4.95,76.0,46.2,20.7
2026-04-15 03:13:55,79.92,102.6,125.7,6.05,74.9,43.3,20.6
2026-04-15 03:13:55,78.59,101.4,124.4,6.04,74.9,46.3,20.7
2026-04-15 03:13:55,78.86,121.5,144.7,5.35,75.5,46.6,20.7
2026-04-15 03:13:56,79.25,141.0,148.6,5.36,74.9,45.8,20.7
2026-04-15 03:13:56,78.97,147.9,173.5,4.71,75.5,47.6,20.7
2026-04-15 03:13:56,78.64,114.0,125.9,6.24,75.5,43.3,20.7
2026-04-15 03:13:56,77.63,126.9,142.4,5.57,76.0,51.5,20.7
2026-04-15 03:13:56,77.92,118.0,139.8,5.24,76.5,41.9,20.7
2026-04-15 03:13:56,77.7,126.8,141.3,5.7,74.3,43.5,20.7
2026-04-15 03:13:57,79.06,140.4,163.5,4.68,75.5,42.7,20.7
2026-04-15 03:13:57,78.82,125.6,151.2,5.29,75.5,40.5,20.7
2026-04-15 03:13:57,76.59,92.6,114.0,6.09,75.5,43.3,20.7
2026-04-15 03:13:57,78.37,121.1,139.0,5.14,75.5,42.1,20.7
2026-04-15 03:13:57,77.71,100.6,122.9,5.54,75.5,40.0,20.7
2026-04-15 03:13:58,80.45,125.4,148.7,5.2,75.5,45.3,20.7
2026-04-15 03:13:58,78.38,114.6,137.5,5.36,75.5,40.3,20.7
2026-04-15 03:13:58,77.92,115.5,133.5,5.97,76.0,44.4,20.7
2026-04-15 03:13:58,78.34,121.9,138.3,5.78,74.3,45.6,20.7
2026-04-15 03:13:58,78.42,125.1,148.1,4.93,74.3,39.2,20.7
2026-04-15 03:13:59,78.88,123.8,146.5,5.03,75.5,41.2,20.7
2026-04-15 03:13:59,77.13,133.0,156.1,4.78,76.0,39.8,20.7
2026-04-15 03:13:59,78.86,112.8,135.4,5.56,75.5,43.7,20.7
2026-04-15 03:13:59,78.44,114.0,133.2,5.97,74.9,45.5,20.7
2026-04-15 03:13:59,78.05,104.8,122.3,6.35,75.5,44.3,20.7
2026-04-15 03:13:59,78.41,96.7,104.4,6.32,74.9,54.0,20.7
2026-04-15 03:14:00,77.93,143.3,165.3,4.69,75.5,39.0,20.8
2026-04-15 03:14:00,77.52,140.3,162.6,5.07,75.5,48.1,20.7
2026-04-15 03:14:00,78.06,104.4,127.7,6.1,76.0,42.2,20.7
2026-04-15 03:14:00,77.54,94.1,117.3,6.38,76.5,45.3,20.7
2026-04-15 03:14:00,76.89,143.0,165.1,4.65,76.0,40.7,20.7
2026-04-15 03:14:01,79.38,115.5,136.6,5.79,76.5,43.3,20.7
2026-04-15 03:14:01,76.93,113.4,130.5,6.06,76.0,46.8,20.7
2026-04-15 03:14:01,76.76,121.8,137.4,5.73,76.0,45.7,20.8
2026-04-15 03:14:01,78.3,120.0,143.1,5.05,76.0,46.9,20.7
2026-04-15 03:14:01,79.99,106.2,117.2,6.54,76.0,46.6,20.7
2026-04-15 03:14:01,78.7,124.9,148.5,5.38,74.9,41.4,20.7
2026-04-15 03:14:02,79.4,109.5,132.5,5.44,75.5,40.0,20.7
2026-04-15 03:14:02,77.41,108.2,129.9,6.05,75.5,42.2,20.8
2026-04-15 03:14:02,78.03,107.6,130.5,6.01,74.9,48.5,20.7
2026-04-15 03:14:02,78.96,113.4,136.3,5.81,76.0,44.1,20.7
2026-04-15 03:14:02,79.08,111.4,130.6,6.06,76.0,42.9,20.7
2026-04-15 03:14:02,79.16,91.4,112.2,6.83,76.0,45.6,20.7
2026-04-15 03:14:03,76.84,105.7,128.8,5.53,74.3,43.1,20.7
2026-04-15 03:14:03,78.65,144.3,167.4,4.88,74.3,45.7,20.7
2026-04-15 03:14:03,79.17,106.7,127.6,6.16,76.5,47.8,20.7
2026-04-15 03:14:03,77.41,153.0,176.1,4.7,76.0,40.7,20.8
2026-04-15 03:14:03,77.92,114.1,126.5,6.21,74.9,44.4,20.8
2026-04-15 03:14:03,77.41,123.6,147.3,5.47,74.9,42.3,20.7
2026-04-15 03:14:04,76.22,124.6,147.7,5.15,75.5,40.3,20.7
2026-04-15 03:14:04,79.8,113.9,137.0,5.29,75.5,42.9,20.7
2026-04-15 03:14:04,79.45,120.4,138.6,5.77,75.5,43.5,20.8
2026-04-15 03:14:04,77.18,118.0,129.9,6.08,75.5,46.2,20.8
2026-04-15 03:14:04,79.02,128.8,142.4,5.61,74.9,51.4,20.8
2026-04-15 03:14:05,78.66,107.7,126.9,5.57,76.5,45.1,20.8
2026-04-15 03:14:05,78.54,121.5,143.3,5.6,76.0,44.8,20.8
2026-04-15 03:14:05,78.93,136.5,160.9,4.62,74.9,41.7,20.8
2026-04-15 03:14:05,79.23,148.9,171.9,4.74,75.5,42.2,20.8
2026-04-15 03:14:05,78.53,124.5,140.7,5.7,76.5,41.5,20.8
2026-04-15 03:14:06,77.31,131.6,154.9,4.82,77.1,45.8,20.8
2026-04-15 03:14:06,77.07,125.1,143.0,5.18,76.0,46.8,20.8
2026-04-15 03:14:06,78.4,101.8,126.1,5.61,77.1,43.1,20.8
2026-04-15 03:14:06,79.2,121.3,144.3,5.42,75.5,50.0,20.8
2026-04-15 03:14:06,79.78,122.5,146.9,4.92,75.5,42.5,20.8
2026-04-15 03:14:06,78.94,111.0,134.0,5.37,76.0,39.7,20.9
2026-04-15 03:14:07,78.56,120.2,139.6,5.69,76.0,44.9,20.9
2026-04-15 03:14:07,80.51,110.2,132.5,5.26,76.5,43.7,20.8
2026-04-15 03:14:07,78.64,129.1,151.0,5.4,74.3,44.6,20.8
2026-04-15 03:14:07,78.39,124.7,142.2,5.11,75.5,42.3,20.8
2026-04-15 03:14:07,78.24,124.1,146.4,5.01,75.5,42.5,20.9
2026-04-15 03:14:08,78.58,129.2,152.2,4.89,74.9,46.9,20.9
2026-04-15 03:14:08,78.16,99.6,122.6,5.87,75.5,40.9,20.9
2026-04-15 03:14:08,78.0,145.0,168.4,4.71,76.0,41.2,20.9
2026-04-15 03:14:08,77.9,115.9,138.1,5.8,76.5,40.0,20.9
2026-04-15 03:14:08,80.0,114.8,126.6,6.1,75.5,50.7,20.9
2026-04-15 03:14:09,78.76,100.5,116.7,6.58,76.0,45.9,20.9
2026-04-15 03:14:09,79.71,108.8,131.4,5.7,76.0,44.1,20.9
2026-04-15 03:14:09,79.45,118.6,141.3,5.69,75.5,41.8,20.9
2026-04-15 03:14:09,80.36,129.3,142.3,5.64,76.0,43.9,20.9
2026-04-15 03:14:09,79.89,144.3,167.1,4.66,76.0,46.4,20.9
2026-04-15 03:14:09,78.46,114.6,136.3,5.86,76.0,42.4,20.9
2026-04-15 03:14:10,77.69,112.7,129.4,6.06,76.5,47.8,20.9
2026-04-15 03:14:10,78.24,150.7,171.3,4.84,76.5,45.0,20.9
2026-04-15 03:14:10,79.14,111.0,120.5,6.36,75.5,52.3,21.0
2026-04-15 03:14:10,79.58,124.4,144.6,5.54,75.5,44.4,20.9
2026-04-15 03:14:10,79.87,137.8,160.7,4.69,76.0,41.0,20.9
2026-04-15 03:14:11,77.42,145.0,168.0,4.83,76.0,43.2,20.9
2026-04-15 03:14:11,79.29,130.4,147.9,5.39,76.0,49.3,20.9
2026-04-15 03:14:11,77.28,125.5,148.5,5.13,74.9,48.1,21.0
2026-04-15 03:14:11,79.29,103.1,126.0,5.64,75.5,42.3,21.0
2026-04-15 03:14:11,77.25,118.1,140.7,5.48,76.0,43.1,21.0
2026-04-15 03:14:11,77.86,117.4,130.1,6.06,76.0,45.5,21.0
2026-04-15 03:14:12,78.12,113.1,127.5,6.16,76.0,45.9,21.0
2026-04-15 03:14:12,78.99,112.6,131.7,5.96,76.0,43.9,21.0
2026-04-15 03:14:12,78.91,110.3,134.4,5.9,75.5,47.1,20.9
2026-04-15 03:14:12,80.45,99.1,112.4,6.72,76.0,44.8,20.9
2026-04-15 03:14:12,79.32,113.3,137.5,5.5,76.5,43.1,20.9
2026-04-15 03:14:12,80.01,133.3,151.0,5.39,76.5,53.9,21.0
2026-04-15 03:14:13,78.94,123.4,145.5,5.26,76.5,41.1,21.0
2026-04-15 03:14:13,77.91,113.4,135.6,5.27,76.5,40.8,21.0
2026-04-15 03:14:13,78.38,119.1,136.1,5.8,74.9,47.1,21.0
2026-04-15 03:14:13,80.92,99.3,112.3,6.8,75.5,45.8,21.0
2026-04-15 03:14:13,79.07,112.6,134.4,5.56,74.9,42.6,21.0
2026-04-15 03:14:14,78.27,133.2,151.9,5.3,75.5,39.7,21.0
2026-04-15 03:14:14,77.33,115.4,136.4,5.54,76.0,39.7,21.0
2026-04-15 03:14:14,78.27,113.5,130.7,6.05,76.5,48.5,21.0
2026-04-15 03:14:14,79.18,108.6,128.5,6.13,76.0,42.6,20.9
2026-04-15 03:14:14,78.42,119.8,140.7,5.69,76.5,50.7,20.9
2026-04-15 03:14:14,79.34,126.4,138.0,5.77,77.7,50.0,20.9
2026-04-15 03:14:15,78.57,127.4,149.3,4.95,76.5,43.2,20.9
2026-04-15 03:14:15,80.5,126.4,150.0,5.04,76.5,45.5,21.0
2026-04-15 03:14:15,78.09,110.5,133.5,5.46,75.5,37.1,21.0
2026-04-15 03:14:15,79.36,100.6,123.5,6.28,77.1,48.5,21.0
2026-04-15 03:14:15,78.24,94.3,116.4,6.33,76.5,43.5,21.0
2026-04-15 03:14:16,78.84,137.5,163.6,4.7,76.5,42.9,21.0
2026-04-15 03:14:16,79.12,166.8,190.9,4.4,77.1,53.4,21.0
2026-04-15 03:14:16,78.78,141.8,164.9,4.84,75.5,39.2,21.0
2026-04-15 03:14:16,79.34,91.2,113.8,6.68,76.5,45.8,21.0
2026-04-15 03:14:16,79.32,103.5,126.1,5.51,77.1,42.3,21.0
2026-04-15 03:14:16,79.55,118.7,142.0,5.57,76.5,49.3,21.0
2026-04-15 03:14:17,79.49,138.7,151.5,5.38,78.2,47.9,21.1
2026-04-15 03:14:17,79.24,109.2,130.2,5.86,75.5,44.9,21.1
2026-04-15 03:14:17,79.85,114.6,138.7,5.75,75.5,45.6,21.1
2026-04-15 03:14:17,78.24,139.8,153.4,5.27,75.5,50.0,21.1
2026-04-15 03:14:18,78.87,315.7,335.7,2.65,77.7,95.3,20.3
2026-04-15 03:14:18,79.19,139.7,154.5,5.29,77.1,46.6,20.3
2026-04-15 03:14:18,80.42,103.8,126.6,6.1,76.5,44.8,20.3
2026-04-15 03:14:18,78.73,134.5,157.6,5.07,77.1,43.6,20.3
2026-04-15 03:14:18,78.47,123.6,146.8,5.29,77.7,39.7,20.3
2026-04-15 03:14:19,79.49,131.7,156.1,4.77,75.5,47.0,20.3
2026-04-15 03:14:19,78.87,124.3,146.7,5.23,76.5,44.3,20.3
2026-04-15 03:14:19,78.5,113.8,133.8,5.27,76.5,42.9,20.4
2026-04-15 03:14:19,80.46,113.6,129.9,6.03,74.9,45.3,20.4
2026-04-15 03:14:19,79.16,115.5,134.3,5.93,76.5,46.2,20.4
2026-04-15 03:14:19,78.85,117.1,133.8,5.95,76.0,44.6,20.4
2026-04-15 03:14:20,77.68,88.0,102.4,7.28,77.1,50.9,20.3
2026-04-15 03:14:20,78.53,133.6,145.2,5.58,75.5,45.5,20.3
2026-04-15 03:14:20,77.59,113.6,136.5,5.57,77.1,45.1,20.4
2026-04-15 03:14:20,78.93,107.8,126.2,6.22,77.1,44.4,20.3
2026-04-15 03:14:20,79.24,153.8,176.2,4.71,76.0,46.9,20.3
2026-04-15 03:14:20,79.42,122.9,133.7,5.92,75.5,46.2,20.3
2026-04-15 03:14:21,77.85,127.4,150.4,4.89,76.5,48.2,20.4
2026-04-15 03:14:21,77.95,136.9,158.0,4.77,75.5,42.7,20.4
2026-04-15 03:14:21,80.14,115.5,138.3,5.6,75.5,41.2,20.4
2026-04-15 03:14:21,78.67,122.8,140.7,5.72,76.5,47.9,20.4
2026-04-15 03:14:21,78.78,137.0,158.8,4.69,77.1,39.5,20.4
2026-04-15 03:14:22,78.98,95.7,118.9,6.3,76.0,43.7,20.4
2026-04-15 03:14:22,78.17,135.1,156.7,4.85,76.0,47.0,20.4
2026-04-15 03:14:22,78.1,126.4,149.4,5.24,76.5,39.4,20.4
2026-04-15 03:14:22,79.21,129.4,152.3,4.93,76.0,40.0,20.4
2026-04-15 03:14:22,78.33,101.8,125.0,5.8,76.0,40.9,20.4
2026-04-15 03:14:23,78.9,110.9,131.9,5.69,76.5,45.8,20.4
2026-04-15 03:14:23,79.64,114.3,135.8,5.84,76.5,41.8,20.4
2026-04-15 03:14:23,77.93,110.1,129.5,6.1,77.1,46.3,20.4
2026-04-15 03:14:23,78.69,110.3,129.9,6.07,76.5,47.8,20.4
2026-04-15 03:14:23,78.65,118.7,140.4,5.71,76.5,42.4,20.4
2026-04-15 03:14:23,79.43,108.3,120.5,6.44,77.1,45.2,20.4
2026-04-15 03:14:24,79.22,139.4,160.2,5.06,75.5,48.7,20.4
2026-04-15 03:14:24,78.46,118.6,142.1,5.55,76.0,42.3,20.4
2026-04-15 03:14:24,78.82,120.8,132.4,5.96,75.5,45.3,20.4
2026-04-15 03:14:24,80.27,118.6,141.7,5.06,76.0,40.3,20.4
2026-04-15 03:14:24,79.59,122.6,138.0,5.77,76.5,39.1,20.4
2026-04-15 03:14:24,78.33,118.2,141.2,5.18,76.5,48.1,20.4
2026-04-15 03:14:25,78.38,110.1,123.8,6.32,76.5,40.7,20.5
2026-04-15 03:14:25,77.78,126.2,148.0,5.46,76.0,50.7,20.4
2026-04-15 03:14:25,78.31,102.2,124.9,5.7,76.0,45.2,20.4
2026-04-15 03:14:25,79.1,92.7,115.1,6.36,75.5,44.3,20.4
2026-04-15 03:14:25,79.7,148.5,171.2,4.5,76.5,47.7,20.4
2026-04-15 03:14:26,80.22,129.2,146.6,5.53,75.5,43.8,20.4
2026-04-15 03:14:26,78.58,113.7,135.6,5.41,77.1,45.9,20.5
2026-04-15 03:14:26,79.13,96.0,112.9,6.74,76.0,44.6,20.5
2026-04-15 03:14:26,78.22,110.8,133.6,5.51,75.5,40.0,20.5
2026-04-15 03:14:26,77.71,104.5,126.0,6.24,76.0,41.9,20.5
2026-04-15 03:14:26,78.23,148.7,163.7,4.75,77.7,43.2,20.5
2026-04-15 03:14:27,78.84,92.6,109.2,6.96,77.1,51.6,20.5
2026-04-15 03:14:27,79.48,153.6,175.3,4.39,76.5,47.8,20.5
2026-04-15 03:14:27,79.15,126.8,149.9,4.85,76.5,40.2,20.5
2026-04-15 03:14:27,80.67,100.4,123.3,5.63,77.1,41.4,20.5
2026-04-15 03:14:27,79.5,92.3,114.4,6.49,76.5,43.3,20.5
2026-04-15 03:14:28,79.03,98.2,120.2,5.79,75.5,43.9,20.5
2026-04-15 03:14:28,80.2,112.6,135.4,5.53,76.5,39.4,20.5
2026-04-15 03:14:28,80.78,109.7,133.9,5.93,76.0,43.9,20.5
2026-04-15 03:14:28,78.22,116.2,134.1,5.95,77.1,44.9,20.5
2026-04-15 03:14:28,78.16,102.5,121.2,6.42,76.5,47.5,20.5
2026-04-15 03:14:28,79.77,106.1,129.3,5.98,77.1,41.5,20.5
2026-04-15 03:14:29,80.13,157.9,182.0,4.56,77.1,46.5,20.5
2026-04-15 03:14:29,79.99,112.6,136.0,5.34,76.5,39.4,20.5
2026-04-15 03:14:29,79.1,109.6,130.0,5.99,77.1,46.3,20.5
2026-04-15 03:14:29,78.81,109.8,131.9,6.0,77.1,44.8,20.5
2026-04-15 03:14:29,78.57,145.0,160.3,5.04,76.5,42.1,20.5
2026-04-15 03:14:29,78.58,112.4,131.0,5.97,77.1,39.3,20.5
2026-04-15 03:14:30,79.6,108.8,127.0,6.15,77.7,46.2,20.5
2026-04-15 03:14:30,80.46,138.2,159.8,5.09,75.5,48.1,20.5
2026-04-15 03:14:30,80.47,111.7,134.9,5.78,77.1,42.4,20.5
2026-04-15 03:14:30,79.07,143.6,162.4,5.04,77.1,49.4,20.5
2026-04-15 03:14:30,79.0,123.5,145.4,5.55,76.5,42.0,20.5
2026-04-15 03:14:31,79.21,122.5,133.1,5.95,76.0,46.2,20.5
2026-04-15 03:14:31,79.66,118.6,139.6,5.16,77.1,45.6,20.6
2026-04-15 03:14:31,78.68,146.2,157.3,5.14,77.1,52.0,20.6
2026-04-15 03:14:31,80.08,115.0,133.0,5.95,76.5,43.7,20.6
2026-04-15 03:14:31,78.48,136.0,152.3,5.33,77.1,46.6,20.6
2026-04-15 03:14:31,79.1,134.9,159.0,5.0,76.5,40.5,20.6
2026-04-15 03:14:32,78.44,156.9,179.8,4.53,76.5,47.1,20.6
2026-04-15 03:14:32,79.63,110.2,133.2,5.36,76.5,37.5,20.6
2026-04-15 03:14:32,79.48,106.6,127.7,6.08,76.5,45.3,20.6
2026-04-15 03:14:32,79.17,108.1,133.8,5.9,75.5,44.1,20.6
2026-04-15 03:14:32,79.64,118.5,145.7,5.56,76.5,43.7,20.6
2026-04-15 03:14:33,77.71,108.4,130.6,5.41,77.1,40.3,20.6
2026-04-15 03:14:33,80.35,134.9,157.7,5.19,76.5,44.7,20.6
2026-04-15 03:14:33,79.78,100.1,123.3,6.06,77.1,41.3,20.6
2026-04-15 03:14:33,79.3,134.4,157.4,4.97,76.0,42.3,20.6
2026-04-15 03:14:33,78.77,109.4,132.1,5.73,76.5,39.4,20.6
2026-04-15 03:14:33,79.86,127.7,147.3,5.41,76.0,54.8,20.6
2026-04-15 03:14:34,79.44,97.3,120.3,5.9,76.5,40.6,20.6
2026-04-15 03:14:34,79.73,118.9,140.3,5.31,77.1,41.3,20.6
2026-04-15 03:14:34,79.14,100.3,113.4,6.76,76.0,46.6,20.6
2026-04-15 03:14:34,80.43,94.1,114.5,6.22,76.0,47.7,20.6
2026-04-15 03:14:34,80.26,127.3,149.0,5.0,76.0,44.6,20.6
2026-04-15 03:14:35,79.34,107.0,129.5,5.59,77.1,43.8,20.6
2026-04-15 03:14:35,79.67,162.5,185.4,4.5,76.0,48.2,20.6
2026-04-15 03:14:35,79.32,111.9,133.9,5.48,78.2,35.3,20.6
2026-04-15 03:14:35,80.36,129.3,148.4,5.44,76.0,45.9,20.7
2026-04-15 03:14:35,79.49,94.8,114.6,6.0,76.5,44.8,20.7
2026-04-15 03:14:35,79.85,115.8,139.7,5.33,77.1,41.4,20.6
2026-04-15 03:14:36,81.26,110.9,125.3,6.23,76.0,51.5,20.6
2026-04-15 03:14:36,79.91,121.6,141.2,5.63,77.1,44.9,20.7
2026-04-15 03:14:36,79.63,117.9,128.4,6.12,76.5,43.7,20.7
2026-04-15 03:14:36,79.62,131.2,142.2,5.58,77.1,47.9,20.7
2026-04-15 03:14:36,79.53,147.7,170.7,4.62,76.0,41.2,20.7
2026-04-15 03:14:37,79.01,129.4,147.1,5.51,76.5,41.2,20.7
2026-04-15 03:14:37,79.4,126.7,149.5,5.07,76.5,42.9,20.7
2026-04-15 03:14:37,79.23,118.5,140.4,5.19,77.7,42.3,20.7
2026-04-15 03:14:37,80.25,131.6,143.8,5.59,76.5,42.9,20.7
2026-04-15 03:14:37,80.44,115.0,139.0,5.4,76.5,42.5,20.7
2026-04-15 03:14:37,78.77,118.8,133.7,5.87,77.1,44.6,20.7
2026-04-15 03:14:38,80.55,119.4,142.5,5.04,76.0,40.5,20.7
2026-04-15 03:14:38,79.06,104.7,117.1,6.56,76.5,47.4,20.7
2026-04-15 03:14:38,78.98,144.5,167.3,4.86,77.1,46.2,20.7
2026-04-15 03:14:38,79.1,127.5,148.1,5.46,77.1,46.7,20.7
2026-04-15 03:14:38,80.41,107.1,129.6,5.52,76.5,40.8,20.7
2026-04-15 03:14:39,79.79,136.0,157.2,5.08,77.1,44.9,20.7
2026-04-15 03:14:39,80.51,149.6,172.8,4.74,77.1,41.2,20.7
2026-04-15 03:14:39,79.56,123.2,141.0,5.71,77.1,52.8,20.7
2026-04-15 03:14:39,80.22,129.9,153.1,4.88,77.1,39.2,20.7
2026-04-15 03:14:39,80.59,130.8,153.7,4.99,76.5,41.0,20.8
2026-04-15 03:14:40,80.63,129.1,151.2,5.04,77.1,38.7,20.8
2026-04-15 03:14:40,78.98,151.1,176.5,4.45,78.2,47.7,20.8
2026-04-15 03:14:40,79.95,142.4,165.0,4.52,76.5,41.1,20.8
2026-04-15 03:14:40,80.63,101.9,124.5,6.27,76.5,44.6,20.8
2026-04-15 03:14:40,79.83,138.0,161.1,4.93,75.5,42.3,20.8
2026-04-15 03:14:41,80.54,150.5,176.0,4.65,76.5,47.1,20.7
2026-04-15 03:14:41,77.52,126.4,136.6,5.76,76.0,50.0,20.8
2026-04-15 03:14:41,79.53,124.3,149.2,4.99,75.5,41.0,20.8
2026-04-15 03:14:41,78.38,117.4,140.1,5.24,77.7,45.6,20.8
2026-04-15 03:14:41,79.9,102.2,121.1,6.36,76.5,45.2,20.8
2026-04-15 03:14:42,78.78,116.5,136.4,5.72,76.5,50.7,20.8
2026-04-15 03:14:42,78.14,101.6,117.8,6.5,77.1,50.8,20.8
2026-04-15 03:14:42,78.78,116.2,139.2,5.58,77.1,44.3,20.8
2026-04-15 03:14:42,80.24,121.8,137.6,5.81,77.1,45.6,20.8
2026-04-15 03:14:42,78.98,115.9,138.8,5.16,76.5,40.0,20.8
2026-04-15 03:14:42,79.56,126.7,142.0,5.62,77.7,45.6,20.8
2026-04-15 03:14:43,81.06,113.9,136.9,5.36,76.5,44.9,20.8
2026-04-15 03:14:43,78.97,132.8,151.8,5.3,77.1,52.6,20.8
2026-04-15 03:14:43,80.2,110.3,133.3,5.74,76.0,44.3,20.8
2026-04-15 03:14:43,79.26,116.7,138.0,5.77,77.7,44.1,20.8
2026-04-15 03:14:43,79.56,119.3,134.6,5.91,76.5,43.8,20.8
2026-04-15 03:14:43,81.14,102.0,114.0,6.69,76.0,46.6,20.8
2026-04-15 03:14:44,79.0,131.2,154.2,5.12,76.5,42.7,20.8
2026-04-15 03:14:44,80.67,94.7,116.4,6.11,77.1,42.4,20.8
2026-04-15 03:14:44,80.12,126.0,148.0,5.05,77.1,44.4,20.8
2026-04-15 03:14:44,79.81,133.6,156.7,4.83,76.5,42.2,20.7
2026-04-15 03:14:44,79.5,106.6,129.6,5.79,76.5,41.2,20.8
2026-04-15 03:14:45,79.09,104.7,127.6,6.07,76.0,46.9,20.8
2026-04-15 03:14:45,79.38,106.6,129.7,5.94,77.1,44.8,20.8
2026-04-15 03:14:45,78.65,101.1,127.2,6.09,77.7,50.0,20.8
2026-04-15 03:14:45,79.2,108.7,134.0,5.76,76.0,47.9,20.8
2026-04-15 03:14:45,79.24,114.3,134.7,5.89,77.1,44.8,20.8
2026-04-15 03:14:45,80.3,108.8,128.5,6.13,76.5,48.5,20.8
2026-04-15 03:14:46,78.62,107.4,128.4,6.12,76.0,55.4,20.8
2026-04-15 03:14:46,80.48,114.2,138.1,5.73,76.5,48.5,20.8
2026-04-15 03:14:46,78.99,122.5,138.0,5.75,76.5,48.6,20.8
2026-04-15 03:14:46,79.48,113.2,136.2,5.25,76.0,44.3,20.8
2026-04-15 03:14:46,79.92,119.1,137.6,5.8,77.1,50.0,20.8
2026-04-15 03:14:46,79.52,136.3,148.4,5.44,76.5,43.5,20.8
2026-04-15 03:14:47,79.78,129.7,152.8,5.17,75.5,43.8,20.8
2026-04-15 03:14:47,79.41,105.0,127.3,5.71,77.1,40.3,20.8
2026-04-15 03:14:47,81.2,110.9,130.0,5.79,76.5,53.7,20.8
2026-04-15 03:14:47,80.88,106.3,127.4,6.16,77.7,42.6,20.8
2026-04-15 03:14:47,81.53,123.2,146.2,5.46,76.5,42.5,20.8
2026-04-15 03:14:47,78.6,95.2,117.0,5.8,77.1,44.1,20.8
2026-04-15 03:14:48,80.93,133.0,156.1,4.9,76.5,43.9,20.8
2026-04-15 03:14:48,79.96,144.9,167.9,4.73,77.1,40.7,20.8
2026-04-15 03:14:48,78.5,126.2,145.9,5.51,77.7,39.4,20.8
2026-04-15 03:14:48,82.04,106.4,128.6,5.49,77.1,43.2,20.9
2026-04-15 03:14:48,81.07,114.4,138.4,5.77,77.1,51.5,20.9
2026-04-15 03:14:49,80.6,116.5,132.8,5.96,77.7,47.0,20.9
2026-04-15 03:14:49,79.2,136.0,149.1,5.36,77.1,44.3,20.9
2026-04-15 03:14:49,80.05,131.1,154.1,5.14,77.7,41.3,20.9
2026-04-15 03:14:49,80.32,123.4,146.8,5.19,77.1,38.4,20.9
2026-04-15 03:14:49,81.48,117.5,139.7,5.16,77.7,43.6,20.9
2026-04-15 03:14:50,80.98,146.4,159.4,5.12,77.1,44.2,20.9
2026-04-15 03:14:50,81.78,157.2,177.9,4.7,77.1,47.0,21.0
2026-04-15 03:14:50,84.3,98.1,119.2,5.8,76.0,40.3,21.0
2026-04-15 03:14:50,83.19,131.3,157.3,4.92,77.1,50.0,20.9
2026-04-15 03:14:50,83.27,112.5,134.2,5.61,77.1,41.2,20.9
2026-04-15 03:14:51,82.32,110.0,128.6,6.12,76.5,45.3,20.9
2026-04-15 03:14:51,82.7,124.6,145.0,5.52,77.1,51.4,20.9
2026-04-15 03:14:51,82.47,93.1,115.0,5.94,77.1,43.1,20.9
2026-04-15 03:14:51,82.34,129.8,154.2,4.89,77.7,42.0,20.9
2026-04-15 03:14:51,82.34,152.8,177.7,4.46,77.7,42.7,20.9
2026-04-15 03:14:51,82.7,124.0,148.8,4.91,77.1,37.7,21.0
2026-04-15 03:14:52,82.44,137.0,158.6,4.74,77.7,43.4,20.9
2026-04-15 03:14:52,82.11,160.0,183.1,4.49,77.1,44.7,20.9
2026-04-15 03:14:52,81.71,110.8,133.9,5.43,76.5,40.0,20.9
2026-04-15 03:14:52,81.23,97.1,116.6,6.53,77.1,44.1,20.9
2026-04-15 03:14:52,81.18,116.0,136.2,5.4,76.5,44.0,21.0
2026-04-15 03:14:53,79.59,132.7,146.7,5.45,76.5,44.3,21.0
2026-04-15 03:14:53,80.01,145.6,168.7,4.7,76.5,41.5,21.0
2026-04-15 03:14:53,79.56,150.4,172.2,4.84,77.7,40.0,21.0
2026-04-15 03:14:53,81.21,134.4,147.4,5.5,76.5,44.3,21.0
2026-04-15 03:14:53,79.93,114.6,137.6,5.55,76.5,44.6,21.0
2026-04-15 03:14:54,79.99,119.1,135.5,5.8,77.1,57.7,21.0
2026-04-15 03:14:54,79.81,94.4,104.2,7.1,77.7,50.0,21.0
2026-04-15 03:14:54,82.33,111.0,133.3,5.46,77.1,41.7,21.0
2026-04-15 03:14:54,80.07,116.5,134.6,5.81,76.5,43.9,21.0
2026-04-15 03:14:54,84.16,109.7,125.1,6.27,77.1,45.0,21.0
2026-04-15 03:14:54,85.53,147.8,169.6,4.88,76.5,45.8,21.0
2026-04-15 03:14:55,83.83,100.6,118.6,6.53,77.7,45.0,21.0
2026-04-15 03:14:55,83.66,137.7,161.1,4.9,77.7,49.4,21.1
2026-04-15 03:14:55,82.55,127.3,149.0,5.29,77.7,44.9,21.1
2026-04-15 03:14:55,84.06,116.4,141.6,5.22,76.0,42.3,21.1
2026-04-15 03:14:55,84.11,114.4,126.8,6.17,77.7,46.0,21.1
2026-04-15 03:14:56,83.98,130.4,146.6,5.48,76.0,49.3,21.1
2026-04-15 03:14:56,84.0,139.9,164.6,4.74,77.7,39.2,21.1
2026-04-15 03:14:56,83.75,131.6,154.1,5.26,77.7,42.3,21.1
2026-04-15 03:14:56,83.83,129.5,147.0,5.05,78.2,41.6,21.1
2026-04-15 03:14:56,84.49,146.4,167.7,4.59,77.1,41.0,21.1
2026-04-15 03:14:57,84.38,145.8,163.9,5.04,77.7,47.4,21.2
2026-04-15 03:14:57,84.33,144.2,161.5,5.05,76.5,45.3,21.2
2026-04-15 03:14:57,83.84,165.3,186.2,4.5,76.5,41.7,21.2
2026-04-15 03:14:57,84.24,118.9,141.5,5.39,77.7,39.7,21.2
2026-04-15 03:14:57,83.24,98.1,112.5,6.74,76.5,50.0,21.2
2026-04-15 03:14:57,83.8,124.8,147.5,5.24,76.5,44.0,21.2
2026-04-15 03:14:58,84.16,137.5,159.6,4.7,77.1,39.5,21.2
2026-04-15 03:14:58,83.74,115.0,139.7,5.58,76.0,40.6,21.2
2026-04-15 03:14:58,84.27,120.7,134.5,5.87,77.1,47.1,21.2
2026-04-15 03:14:58,84.02,169.7,192.5,4.02,77.7,40.6,21.1
2026-04-15 03:14:58,84.04,107.9,131.1,5.83,76.5,43.3,21.1
2026-04-15 03:14:59,84.03,112.1,137.1,5.78,77.1,41.8,21.1
2026-04-15 03:14:59,84.81,139.2,157.2,5.22,77.7,46.1,21.1
2026-04-15 03:14:59,84.36,140.0,162.3,4.98,77.1,41.9,21.1
2026-04-15 03:14:59,84.09,121.3,144.2,5.52,76.5,42.3,21.1
2026-04-15 03:14:59,84.17,94.9,116.9,5.77,76.0,40.0,21.2
2026-04-15 03:15:00,84.03,123.6,146.6,5.12,77.7,40.8,21.2
2026-04-15 03:15:00,84.28,136.2,159.4,4.7,77.7,46.4,21.2
2026-04-15 03:15:00,84.39,165.0,188.4,4.36,78.2,55.4,21.1
2026-04-15 03:15:00,83.94,300.4,318.4,2.66,77.7,90.8,20.4
2026-04-15 03:15:01,84.33,100.4,121.8,6.28,77.7,46.2,20.4
2026-04-15 03:15:01,84.76,123.3,145.8,5.27,78.2,50.0,20.4
2026-04-15 03:15:01,84.33,126.2,149.1,4.94,78.2,38.2,20.4
2026-04-15 03:15:01,84.58,102.8,124.6,5.65,78.2,40.6,20.4
2026-04-15 03:15:01,84.45,124.1,146.9,5.33,77.7,40.3,20.4
2026-04-15 03:15:02,84.7,120.8,142.4,5.09,77.7,46.1,20.4
2026-04-15 03:15:02,84.29,112.6,119.9,6.31,77.7,50.0,20.4
2026-04-15 03:15:02,84.34,142.3,161.7,5.09,77.1,46.2,20.4
2026-04-15 03:15:02,84.28,124.1,146.1,5.51,78.2,42.0,20.4
2026-04-15 03:15:02,84.59,119.6,142.6,5.12,77.7,39.0,20.4
2026-04-15 03:15:02,84.61,124.7,136.4,5.82,76.5,47.8,20.4
2026-04-15 03:15:03,84.21,111.1,134.0,5.37,77.1,43.2,20.4
2026-04-15 03:15:03,83.95,136.4,158.1,5.2,77.7,49.3,20.4
2026-04-15 03:15:03,84.24,95.5,118.0,6.3,76.5,43.5,20.4
2026-04-15 03:15:03,84.44,93.4,115.9,6.08,77.7,44.6,20.4
2026-04-15 03:15:03,84.78,136.3,159.2,4.76,77.1,41.8,20.4
2026-04-15 03:15:04,84.8,119.1,145.2,5.38,77.7,39.4,20.4
2026-04-15 03:15:04,84.52,133.4,156.5,4.74,77.7,41.0,20.4
2026-04-15 03:15:04,83.77,118.0,141.0,5.43,76.0,43.1,20.3
2026-04-15 03:15:04,84.46,126.8,138.8,5.7,77.1,47.1,20.3
2026-04-15 03:15:04,83.82,132.7,156.6,4.84,77.1,39.0,20.4
2026-04-15 03:15:04,83.84,139.8,163.1,4.83,76.5,48.2,20.4
2026-04-15 03:15:05,84.13,125.5,148.8,5.4,77.7,47.4,20.4
2026-04-15 03:15:05,84.27,114.9,135.8,5.29,76.5,44.0,20.4
2026-04-15 03:15:05,84.45,104.1,119.4,6.43,78.2,45.8,20.4
2026-04-15 03:15:05,83.88,133.3,154.7,5.1,77.7,43.6,20.4
2026-04-15 03:15:05,84.45,134.9,158.0,4.97,77.7,44.9,20.4
2026-04-15 03:15:06,84.56,139.2,162.3,4.9,77.7,43.2,20.4
2026-04-15 03:15:06,84.51,117.5,139.4,5.61,76.0,49.3,20.5
2026-04-15 03:15:06,84.38,114.3,127.5,6.11,77.7,44.4,20.5
2026-04-15 03:15:06,84.24,145.7,162.2,5.06,77.1,48.6,20.5
2026-04-15 03:15:06,84.01,110.3,130.1,6.07,77.7,46.9,20.5
2026-04-15 03:15:07,84.07,135.3,156.0,5.21,77.1,48.1,20.5
2026-04-15 03:15:07,83.84,110.5,129.1,5.72,77.7,45.7,20.5
2026-04-15 03:15:07,84.56,127.7,142.0,5.44,76.5,43.1,20.5
2026-04-15 03:15:07,84.26,117.5,139.7,5.23,77.1,41.3,20.5
2026-04-15 03:15:07,83.87,110.1,123.1,6.32,77.1,46.9,20.5
2026-04-15 03:15:07,84.82,113.1,134.4,5.91,76.5,45.6,20.5
2026-04-15 03:15:08,84.54,101.2,120.5,6.46,76.5,47.5,20.5
2026-04-15 03:15:08,83.89,104.3,127.3,5.9,77.1,42.4,20.5
2026-04-15 03:15:08,84.56,130.6,153.3,5.18,77.7,48.7,20.5
2026-04-15 03:15:08,84.12,140.7,164.2,4.75,76.5,43.5,20.5
2026-04-15 03:15:08,84.81,97.4,120.4,6.41,77.7,43.7,20.5
2026-04-15 03:15:08,84.22,122.8,145.3,5.2,77.7,41.9,20.5
2026-04-15 03:15:09,84.17,116.8,139.5,5.15,77.1,40.0,20.5
2026-04-15 03:15:09,84.35,107.5,124.0,6.31,77.1,44.1,20.5
2026-04-15 03:15:09,85.02,112.8,134.0,5.86,78.2,46.5,20.5
2026-04-15 03:15:09,84.8,110.6,128.9,6.06,78.2,41.9,20.5
2026-04-15 03:15:09,84.42,109.7,130.7,6.05,78.2,45.5,20.5
2026-04-15 03:15:09,84.04,103.9,125.1,6.23,78.2,46.0,20.6
2026-04-15 03:15:10,84.07,107.7,117.2,5.87,77.1,54.4,20.6
2026-04-15 03:15:10,84.22,120.4,144.4,5.55,77.7,49.3,20.6
2026-04-15 03:15:10,84.27,142.5,152.7,5.33,78.2,43.7,20.5
2026-04-15 03:15:10,84.08,124.3,147.3,5.5,77.1,45.1,20.5
2026-04-15 03:15:10,84.2,120.2,142.8,5.11,77.7,39.5,20.5
2026-04-15 03:15:11,83.89,120.5,130.5,5.99,78.2,43.7,20.5
2026-04-15 03:15:11,84.71,115.6,126.2,6.16,77.7,48.4,20.5
2026-04-15 03:15:11,84.1,135.1,157.8,5.2,77.7,45.2,20.5
2026-04-15 03:15:11,84.39,138.9,160.3,5.08,78.8,48.7,20.5
2026-04-15 03:15:11,84.53,102.1,124.2,6.13,78.2,40.3,20.6
2026-04-15 03:15:11,84.57,124.8,147.8,5.28,78.2,44.7,20.5
2026-04-15 03:15:12,84.55,117.7,140.9,5.18,77.7,42.7,20.5
2026-04-15 03:15:12,83.6,93.8,108.1,7.03,78.2,50.9,20.5
2026-04-15 03:15:12,84.1,120.6,142.2,5.15,76.5,43.0,20.5
2026-04-15 03:15:12,84.39,134.3,157.3,4.7,78.2,37.0,20.5
2026-04-15 03:15:12,84.53,119.5,142.1,5.4,78.2,39.4,20.5
2026-04-15 03:15:13,83.9,109.1,120.4,6.4,77.7,46.8,20.6
2026-04-15 03:15:13,83.49,110.8,137.2,5.67,78.2,50.0,20.6
2026-04-15 03:15:13,84.11,119.7,128.9,5.96,77.7,46.3,20.6
2026-04-15 03:15:13,84.18,131.0,147.1,5.48,78.8,47.9,20.6
2026-04-15 03:15:13,84.9,111.7,134.8,5.69,76.5,35.9,20.6
2026-04-15 03:15:13,84.52,100.1,120.4,6.46,78.8,42.4,20.6
2026-04-15 03:15:14,84.46,141.9,163.3,4.77,77.1,39.7,20.6
2026-04-15 03:15:14,84.4,156.7,178.8,4.68,77.7,42.2,20.6
2026-04-15 03:15:14,84.03,145.5,168.5,4.51,77.1,44.4,20.6
2026-04-15 03:15:14,84.21,99.4,119.2,6.5,78.2,40.7,20.6
2026-04-15 03:15:14,84.57,124.4,143.6,5.22,78.8,51.3,20.6
2026-04-15 03:15:15,84.32,89.5,111.5,6.06,77.7,43.1,20.6
2026-04-15 03:15:15,84.17,124.8,148.1,4.93,78.2,49.4,20.6
2026-04-15 03:15:15,83.94,112.2,135.3,5.36,77.7,38.9,20.6
2026-04-15 03:15:15,83.44,112.7,132.4,5.99,78.8,47.1,20.6
2026-04-15 03:15:15,83.85,129.5,147.0,5.45,77.1,45.9,20.6
2026-04-15 03:15:15,84.07,105.2,128.6,5.68,78.2,48.0,20.6
2026-04-15 03:15:16,83.85,144.6,169.0,4.84,77.1,46.2,20.6
2026-04-15 03:15:16,83.06,126.9,143.2,5.53,77.7,45.8,20.6
2026-04-15 03:15:16,83.91,108.8,130.9,5.49,77.7,47.8,20.6
2026-04-15 03:15:16,84.33,120.4,143.2,5.62,78.2,40.9,20.6
2026-04-15 03:15:16,83.42,103.7,115.1,6.67,78.2,49.2,20.6
2026-04-15 03:15:17,83.07,109.3,132.3,5.81,77.1,43.3,20.6
2026-04-15 03:15:17,83.86,101.6,124.6,6.27,77.7,47.6,20.6
2026-04-15 03:15:17,77.62,127.0,150.2,5.22,78.2,43.4,20.6
2026-04-15 03:15:17,83.15,119.2,140.7,5.2,78.8,44.9,20.6
2026-04-15 03:15:17,84.63,131.4,145.3,5.56,78.8,49.3,20.6
2026-04-15 03:15:17,84.84,135.1,153.0,4.94,78.2,45.5,20.6
2026-04-15 03:15:18,85.25,135.8,156.7,4.99,77.7,41.0,20.6
2026-04-15 03:15:18,85.16,117.3,140.2,5.5,77.7,41.1,20.6
2026-04-15 03:15:18,85.38,124.7,139.0,5.76,78.8,45.5,20.6
2026-04-15 03:15:18,85.02,134.2,157.2,4.77,79.3,43.0,20.6
2026-04-15 03:15:18,83.49,95.5,118.9,6.19,77.7,45.3,20.6
2026-04-15 03:15:19,82.65,106.3,129.2,5.65,77.7,37.3,20.6
2026-04-15 03:15:19,84.31,121.1,143.8,5.51,78.2,45.2,20.6
2026-04-15 03:15:19,85.08,115.0,138.1,5.16,78.8,45.2,20.6
2026-04-15 03:15:19,84.59,107.5,124.2,6.28,77.7,48.5,20.7
2026-04-15 03:15:19,84.66,118.6,142.3,5.59,77.7,45.7,20.7
2026-04-15 03:15:20,84.47,136.6,160.7,4.6,78.2,39.8,20.7
2026-04-15 03:15:20,84.07,91.6,116.8,6.41,77.1,43.8,20.7
2026-04-15 03:15:20,84.11,125.0,146.7,5.01,78.2,42.7,20.7
2026-04-15 03:15:20,83.82,135.2,158.3,4.8,77.7,42.4,20.7
2026-04-15 03:15:20,84.03,146.2,169.2,4.75,77.7,41.7,20.7
2026-04-15 03:15:20,83.77,125.7,143.8,5.57,77.7,40.6,20.7
2026-04-15 03:15:21,83.92,160.4,183.5,4.26,77.1,49.4,20.8
2026-04-15 03:15:21,84.09,151.8,174.8,4.45,78.8,43.8,20.8
2026-04-15 03:15:21,84.09,92.9,105.1,7.07,77.1,45.5,20.8
2026-04-15 03:15:21,84.21,139.0,161.5,4.66,78.2,42.4,20.8
2026-04-15 03:15:21,84.51,129.9,153.0,5.31,78.2,41.1,20.8
2026-04-15 03:15:22,84.28,110.8,135.5,5.47,77.1,41.4,20.8
2026-04-15 03:15:22,83.89,151.2,170.6,4.87,78.2,48.8,20.8
2026-04-15 03:15:22,83.7,110.6,124.1,6.3,77.1,48.4,20.8
2026-04-15 03:15:22,83.95,124.5,139.5,5.46,78.2,52.1,20.8
2026-04-15 03:15:22,84.43,110.5,133.5,5.46,76.5,41.7,20.8
2026-04-15 03:15:23,84.32,91.9,112.7,6.76,78.2,44.6,20.8
2026-04-15 03:15:23,83.21,131.4,154.2,4.85,78.2,42.0,20.8
2026-04-15 03:15:23,84.14,115.2,139.3,5.42,78.2,40.3,20.8
2026-04-15 03:15:23,83.94,100.1,114.0,6.63,78.8,48.3,20.8
2026-04-15 03:15:23,83.87,122.1,146.5,5.22,78.8,42.7,20.8
2026-04-15 03:15:23,83.83,125.1,147.0,5.01,78.8,38.5,20.8
2026-04-15 03:15:24,84.36,106.0,129.2,5.53,78.2,41.4,20.8
2026-04-15 03:15:24,83.16,110.7,135.9,5.76,78.2,50.0,20.8
2026-04-15 03:15:24,84.51,113.2,131.5,5.98,77.7,47.8,20.8
2026-04-15 03:15:24,84.44,120.0,140.2,5.73,79.3,47.1,20.8
2026-04-15 03:15:24,84.06,122.7,146.2,4.97,76.5,42.0,20.8
2026-04-15 03:15:25,84.2,135.6,158.7,4.71,78.2,42.4,20.8
2026-04-15 03:15:25,83.85,142.7,165.8,4.83,78.2,45.0,20.8
2026-04-15 03:15:25,84.13,132.0,154.6,5.28,77.1,46.8,20.9
2026-04-15 03:15:25,84.54,96.7,119.8,6.08,77.7,42.4,20.9
2026-04-15 03:15:25,83.95,131.5,154.6,4.97,77.7,45.5,20.9
2026-04-15 03:15:26,83.98,123.1,146.1,5.22,78.8,44.0,20.8
2026-04-15 03:15:26,84.26,111.6,133.7,5.31,78.2,40.0,20.9
2026-04-15 03:15:26,84.34,111.4,131.3,5.99,78.2,50.7,20.9
2026-04-15 03:15:26,84.78,105.3,126.2,6.22,77.1,48.5,20.8
2026-04-15 03:15:26,83.65,109.2,132.2,5.9,77.1,42.2,20.9
2026-04-15 03:15:26,83.99,101.7,125.7,6.2,79.3,47.0,20.9
2026-04-15 03:15:27,84.15,98.1,121.2,6.21,78.2,40.7,20.9
2026-04-15 03:15:27,83.92,115.1,138.4,5.44,77.7,44.0,20.9
2026-04-15 03:15:27,83.97,140.7,157.1,5.22,78.2,53.2,20.9
2026-04-15 03:15:27,84.31,114.9,137.9,5.73,77.7,44.3,20.9
2026-04-15 03:15:27,84.55,123.2,140.6,5.71,77.7,44.6,20.8
2026-04-15 03:15:27,83.99,137.0,160.1,4.69,78.2,40.7,20.8
2026-04-15 03:15:28,84.53,137.9,160.8,4.98,77.7,43.0,20.9
2026-04-15 03:15:28,83.94,103.3,126.4,6.05,78.8,48.6,20.9
2026-04-15 03:15:28,84.16,140.7,162.5,4.9,78.8,38.7,20.9
2026-04-15 03:15:28,84.0,103.4,128.3,6.04,77.1,40.6,20.9
2026-04-15 03:15:28,84.54,111.2,134.0,5.83,78.8,43.3,20.9
2026-04-15 03:15:29,84.29,148.1,168.9,4.91,77.7,48.8,20.9
2026-04-15 03:15:29,83.41,131.1,146.6,5.44,78.2,41.4,20.9
2026-04-15 03:15:29,84.4,105.8,128.1,5.76,79.3,43.5,20.9
2026-04-15 03:15:29,84.16,121.0,144.0,5.5,78.8,44.3,20.9
2026-04-15 03:15:29,84.2,123.4,145.6,4.94,78.2,38.0,20.9
2026-04-15 03:15:30,84.01,124.5,147.4,4.98,77.7,39.2,20.9
2026-04-15 03:15:30,83.9,124.3,147.3,5.0,77.7,45.7,20.9
2026-04-15 03:15:30,84.34,144.6,163.5,4.54,77.7,49.5,20.9
2026-04-15 03:15:30,84.45,105.3,130.6,6.06,77.7,42.4,20.9
2026-04-15 03:15:30,84.76,117.4,139.7,5.73,77.7,42.6,20.9
2026-04-15 03:15:30,83.72,110.7,126.6,6.22,78.8,46.9,20.9
2026-04-15 03:15:31,83.85,116.4,136.8,5.84,78.2,46.9,20.9
2026-04-15 03:15:31,83.12,117.3,132.8,5.97,78.8,49.3,20.9
2026-04-15 03:15:31,84.11,107.4,119.7,6.38,78.2,44.3,20.9
2026-04-15 03:15:31,83.96,123.9,145.7,5.46,77.7,45.9,20.9
2026-04-15 03:15:31,83.71,125.7,148.8,4.96,78.8,36.0,20.9
2026-04-15 03:15:32,83.7,122.7,145.8,5.08,77.1,43.4,20.9
2026-04-15 03:15:32,83.83,112.8,143.7,5.05,79.3,41.8,21.0
2026-04-15 03:15:32,83.87,107.0,120.5,6.46,78.2,44.8,21.0
2026-04-15 03:15:32,83.62,112.5,132.3,5.84,79.3,52.9,20.9
2026-04-15 03:15:32,84.54,100.2,117.2,6.53,77.1,43.3,20.9
2026-04-15 03:15:32,0.0,97.2,119.7,6.1,79.3,44.6,20.9
2026-04-15 03:15:33,0.0,93.3,117.9,6.05,77.1,42.4,20.9
2026-04-15 03:15:33,0.0,121.4,144.3,5.18,77.1,39.5,20.9
2026-04-15 03:15:33,0.0,140.1,163.1,4.58,77.7,40.2,21.0
2026-04-15 03:15:33,0.0,119.8,142.3,5.56,77.7,47.1,21.0
2026-04-15 03:15:33,0.0,140.9,153.7,5.29,77.7,43.8,21.0
2026-04-15 03:15:33,0.0,108.7,131.1,6.01,78.2,40.6,21.0
2026-04-15 03:15:34,0.0,96.4,119.2,6.48,77.7,48.4,20.9
2026-04-15 03:15:34,0.0,118.7,141.7,5.29,77.7,42.7,21.0
2026-04-15 03:15:34,0.0,127.8,141.0,5.7,77.7,49.3,20.9
2026-04-15 03:15:34,0.0,95.4,114.5,5.97,78.2,42.2,20.9
2026-04-15 03:15:34,0.0,101.4,121.2,5.82,77.7,40.9,20.9
2026-04-15 03:15:35,0.0,100.4,120.0,6.05,78.8,43.1,20.9
2026-04-15 03:15:35,0.0,114.5,131.8,5.52,79.3,54.7,21.0
2026-04-15 03:15:35,0.0,113.6,130.4,6.01,78.8,47.0,21.0
2026-04-15 03:15:35,0.0,134.4,153.0,5.34,77.7,48.6,21.0
2026-04-15 03:15:35,0.0,114.7,137.7,5.58,78.2,45.2,21.0
2026-04-15 03:15:35,0.0,109.7,126.1,6.19,77.7,44.4,21.0
2026-04-15 03:15:36,0.0,124.6,145.4,5.48,78.8,41.4,21.0
2026-04-15 03:15:36,0.0,138.3,163.4,4.61,78.2,43.2,21.0
2026-04-15 03:15:36,0.0,93.8,116.1,6.6,78.8,45.0,21.0
2026-04-15 03:15:36,0.0,124.8,146.9,5.05,77.1,44.2,21.0
2026-04-15 03:15:36,0.0,131.8,152.9,4.79,78.2,42.2,21.0
2026-04-15 03:15:37,0.0,123.6,143.2,5.26,77.7,41.3,21.0
2026-04-15 03:15:37,0.0,107.0,130.6,5.46,76.5,41.4,21.0
2026-04-15 03:15:37,0.0,114.6,135.4,5.76,78.8,43.1,21.0
2026-04-15 03:15:37,0.0,145.9,164.2,5.05,78.2,48.8,21.0
2026-04-15 03:15:37,0.0,129.3,146.3,5.46,79.3,37.3,21.0
2026-04-15 03:15:37,0.0,122.7,140.1,5.18,77.7,50.6,21.0
2026-04-15 03:15:38,0.0,105.3,128.2,5.47,77.1,41.7,21.0
2026-04-15 03:15:38,0.0,107.2,130.3,5.94,78.8,46.2,21.0
2026-04-15 03:15:38,0.0,113.1,136.0,5.77,78.2,37.5,21.0
2026-04-15 03:15:38,0.0,113.5,129.3,6.01,77.7,41.0,21.0
2026-04-15 03:15:38,0.0,110.0,127.6,6.13,77.7,48.5,21.0
2026-04-15 03:15:39,0.0,129.5,149.0,5.38,79.3,44.0,21.0
2026-04-15 03:15:39,0.0,139.2,162.3,4.77,78.2,40.5,21.0
2026-04-15 03:15:39,0.0,92.3,113.9,6.54,78.8,41.7,21.1
2026-04-15 03:15:39,0.0,98.4,103.8,7.06,78.2,58.9,21.1
2026-04-15 03:15:39,0.0,107.5,128.0,5.75,76.5,41.8,21.1
2026-04-15 03:15:39,0.0,112.4,135.3,5.84,77.7,42.6,21.1
2026-04-15 03:15:40,0.0,123.5,139.6,5.63,78.2,48.6,21.0
2026-04-15 03:15:40,0.0,108.8,131.7,5.4,78.2,41.9,21.0
2026-04-15 03:15:40,0.0,104.1,124.1,6.18,79.3,46.8,21.1
2026-04-15 03:15:40,0.0,128.6,149.3,5.23,78.2,42.5,21.1
2026-04-15 03:15:40,0.0,120.6,145.2,5.17,78.8,37.5,21.1
2026-04-15 03:15:40,0.0,129.2,151.2,4.83,78.8,41.5,21.1
2026-04-15 03:15:41,0.0,164.3,189.7,4.21,78.2,47.9,21.1
2026-04-15 03:15:41,0.0,126.5,149.5,5.19,78.8,41.7,21.1
2026-04-15 03:15:41,0.0,129.8,152.0,4.92,79.3,40.0,21.2
2026-04-15 03:15:41,0.0,115.0,138.1,5.38,78.8,40.3,21.2
2026-04-15 03:15:41,0.0,132.1,149.5,5.45,78.8,45.1,21.2
2026-04-15 03:15:42,0.0,117.8,141.1,5.41,77.1,42.7,21.2
2026-04-15 03:15:42,0.0,93.6,106.4,7.03,78.2,48.3,21.2
2026-04-15 03:15:42,0.0,110.7,133.5,5.39,77.7,39.1,21.2
2026-04-15 03:15:42,0.0,113.3,133.9,5.95,77.1,44.4,21.2
2026-04-15 03:15:42,0.0,118.5,138.7,5.77,78.8,54.2,21.2
2026-04-15 03:15:42,83.27,113.4,126.4,6.23,79.3,48.4,21.2
2026-04-15 03:15:43,83.16,142.7,161.1,5.11,78.8,44.4,21.2
2026-04-15 03:15:43,83.39,140.2,161.0,5.07,77.7,40.8,21.2
2026-04-15 03:15:43,83.22,124.0,146.6,5.44,78.8,45.9,21.2
2026-04-15 03:15:43,82.99,113.9,136.9,5.27,78.2,39.7,21.2
2026-04-15 03:15:43,82.81,111.5,127.7,6.09,78.2,48.5,21.2
2026-04-15 03:15:44,83.23,113.1,140.5,5.72,78.8,40.3,21.2
2026-04-15 03:15:44,83.03,126.8,138.8,5.75,77.1,43.3,21.3
2026-04-15 03:15:44,82.55,110.6,124.5,5.45,78.8,47.1,21.3
2026-04-15 03:15:44,82.08,123.7,143.5,5.6,78.2,44.8,21.3
2026-04-15 03:15:44,83.06,120.6,142.2,5.03,79.3,43.9,21.3
2026-04-15 03:15:45,83.15,114.8,136.5,5.19,78.2,42.3,21.3
2026-04-15 03:15:45,82.88,120.1,136.4,5.84,79.3,42.4,21.3
2026-04-15 03:15:45,82.25,368.1,392.7,2.2,78.8,85.2,20.5
2026-04-15 03:15:45,82.36,115.0,137.7,5.8,78.8,45.8,20.4
2026-04-15 03:15:45,82.12,110.1,127.1,6.18,79.3,45.3,20.5
2026-04-15 03:15:46,82.68,186.5,211.5,4.06,78.2,48.4,20.5
2026-04-15 03:15:46,79.69,118.3,141.4,5.12,79.3,40.0,20.5
2026-04-15 03:15:46,77.03,119.3,132.8,5.97,78.2,47.7,20.4
2026-04-15 03:15:46,77.47,95.8,112.1,6.79,79.3,46.6,20.5
2026-04-15 03:15:46,79.43,133.5,155.0,4.99,80.4,44.2,20.5
2026-04-15 03:15:47,77.57,120.9,144.0,5.35,77.7,44.7,20.5
2026-04-15 03:15:47,74.86,114.6,137.4,5.16,78.8,42.1,20.5
2026-04-15 03:15:47,74.63,121.1,136.3,5.78,78.2,46.2,20.5
2026-04-15 03:15:47,77.34,125.9,148.8,4.89,78.8,46.3,20.4
2026-04-15 03:15:47,72.66,113.4,135.3,5.33,78.8,42.7,20.4
2026-04-15 03:15:48,76.63,132.8,147.7,5.37,78.8,43.2,20.5
2026-04-15 03:15:48,78.36,111.9,135.4,5.58,78.8,43.1,20.5
2026-04-15 03:15:48,78.14,127.2,148.4,5.46,78.8,47.2,20.5
2026-04-15 03:15:48,79.09,107.8,130.9,5.58,78.2,45.8,20.5
2026-04-15 03:15:48,81.42,97.3,120.2,6.42,78.8,46.0,20.5
2026-04-15 03:15:48,81.99,121.4,144.9,5.22,78.2,43.4,20.4
2026-04-15 03:15:49,83.32,119.1,141.3,5.08,77.7,41.0,20.4
2026-04-15 03:15:49,83.99,126.9,139.9,5.73,77.1,49.2,20.4
2026-04-15 03:15:49,84.0,117.0,139.6,5.2,77.7,42.1,20.4
2026-04-15 03:15:49,84.0,131.3,143.0,5.57,78.8,43.7,20.4
2026-04-15 03:15:49,82.93,115.3,139.5,5.42,77.7,43.2,20.4
2026-04-15 03:15:50,83.31,94.1,109.8,6.93,77.7,47.4,20.4
2026-04-15 03:15:50,83.14,92.3,114.4,6.03,78.8,44.8,20.4
2026-04-15 03:15:50,82.93,113.6,134.7,5.26,78.2,48.1,20.5
2026-04-15 03:15:50,83.38,104.2,119.5,6.5,78.8,45.2,20.5
2026-04-15 03:15:50,82.95,119.8,139.9,5.49,77.7,43.8,20.5
2026-04-15 03:15:50,82.48,128.9,141.5,5.64,78.8,51.4,20.5
2026-04-15 03:15:51,82.37,99.0,122.0,5.94,77.7,44.1,20.5
2026-04-15 03:15:51,80.51,132.0,153.3,5.01,78.8,46.2,20.5
2026-04-15 03:15:51,79.44,117.8,138.3,5.34,78.8,46.8,20.5
2026-04-15 03:15:51,81.04,112.1,123.0,6.28,80.4,49.2,20.5
2026-04-15 03:15:51,80.2,110.2,129.0,6.07,77.7,46.2,20.5
2026-04-15 03:15:51,81.43,133.1,155.3,5.26,78.8,44.4,20.5
2026-04-15 03:15:52,82.47,129.2,152.6,5.11,78.2,44.2,20.5
2026-04-15 03:15:52,81.62,125.5,148.7,5.1,78.8,42.1,20.5
2026-04-15 03:15:52,81.88,140.8,161.9,4.65,78.8,44.6,20.5
2026-04-15 03:15:52,83.15,105.4,128.5,6.08,79.3,42.9,20.5
2026-04-15 03:15:52,82.95,138.8,161.3,4.99,78.2,45.5,20.5
2026-04-15 03:15:53,83.56,128.2,148.8,5.29,79.3,43.2,20.5
2026-04-15 03:15:53,83.14,121.7,144.8,5.17,78.2,41.1,20.5
2026-04-15 03:15:53,84.96,116.5,139.5,5.14,78.8,42.1,20.5
2026-04-15 03:15:53,85.61,135.1,149.3,5.4,79.3,48.6,20.5
2026-04-15 03:15:53,78.98,132.5,154.3,5.07,78.2,48.8,20.5
2026-04-15 03:15:54,84.14,114.1,137.1,5.51,78.8,41.4,20.6
2026-04-15 03:15:54,82.23,131.1,148.8,5.45,78.2,43.7,20.6
2026-04-15 03:15:54,83.53,114.9,138.0,5.44,79.3,39.4,20.6
2026-04-15 03:15:54,84.58,148.7,165.8,4.98,79.3,46.8,20.6
2026-04-15 03:15:54,82.94,110.4,128.1,6.12,78.8,47.7,20.6
2026-04-15 03:15:54,82.43,118.2,141.1,5.71,78.8,45.7,20.6
2026-04-15 03:15:55,83.28,150.7,173.6,4.35,79.3,47.3,20.6
2026-04-15 03:15:55,80.36,109.7,122.8,6.3,78.8,50.0,20.6
2026-04-15 03:15:55,75.8,102.5,123.1,6.27,78.8,47.6,20.6
2026-04-15 03:15:55,81.98,130.6,154.3,5.12,78.2,45.6,20.6
2026-04-15 03:15:55,84.36,115.9,139.0,5.43,79.3,41.1,20.6
2026-04-15 03:15:56,83.47,160.9,176.9,4.73,78.8,48.1,20.6
2026-04-15 03:15:56,82.34,135.8,158.8,4.78,78.2,44.6,20.6
2026-04-15 03:15:56,83.4,104.8,126.7,5.96,78.8,45.7,20.6
2026-04-15 03:15:56,84.58,137.7,161.1,4.98,79.3,44.7,20.6
2026-04-15 03:15:56,84.79,137.5,160.6,5.04,78.8,48.1,20.6
2026-04-15 03:15:57,84.73,123.9,146.6,5.37,78.8,44.0,20.6
2026-04-15 03:15:57,83.16,108.4,130.3,5.38,78.8,44.7,20.6
2026-04-15 03:15:57,80.54,90.0,112.0,6.81,78.2,45.8,20.6
2026-04-15 03:15:57,81.58,134.1,157.2,4.73,79.3,43.5,20.6
2026-04-15 03:15:57,79.71,111.0,133.9,5.67,78.8,37.9,20.6
2026-04-15 03:15:57,73.59,130.9,149.6,5.36,78.2,46.5,20.6
2026-04-15 03:15:58,68.86,117.5,137.9,5.37,77.7,44.0,20.6
2026-04-15 03:15:58,66.15,146.9,160.2,5.1,78.8,52.5,20.6
2026-04-15 03:15:58,66.47,109.0,126.8,6.17,78.8,41.9,20.6
2026-04-15 03:15:58,72.28,126.2,147.2,5.44,79.8,45.1,20.6
2026-04-15 03:15:58,74.93,110.5,134.1,5.41,77.7,40.3,20.6
2026-04-15 03:15:59,83.81,118.8,138.7,5.7,78.8,44.1,20.6
2026-04-15 03:15:59,85.49,116.6,127.1,6.1,78.8,47.7,20.6
2026-04-15 03:15:59,84.27,120.9,134.2,5.87,78.8,47.8,20.6
2026-04-15 03:15:59,84.66,133.9,158.9,4.63,79.8,43.0,20.5
2026-04-15 03:15:59,83.99,107.4,127.0,5.83,78.2,44.1,20.5
2026-04-15 03:15:59,84.04,124.8,149.1,5.42,80.4,47.1,20.6
2026-04-15 03:16:00,84.74,128.0,151.1,4.96,77.7,42.3,20.6
2026-04-15 03:16:00,84.82,120.3,141.3,5.2,79.3,43.2,20.6
2026-04-15 03:16:00,85.05,136.3,149.9,5.42,78.8,46.7,20.6
2026-04-15 03:16:00,84.77,98.6,121.8,6.22,78.8,42.4,20.6
2026-04-15 03:16:00,84.8,105.7,127.8,5.77,78.8,41.8,20.6
2026-04-15 03:16:01,84.62,133.7,154.5,5.14,79.8,44.7,20.6
2026-04-15 03:16:01,84.15,122.4,145.0,5.3,79.8,51.3,20.6
2026-04-15 03:16:01,84.86,129.3,152.5,4.83,78.2,38.5,20.6
2026-04-15 03:16:01,84.75,117.9,139.7,5.3,79.3,41.7,20.6
2026-04-15 03:16:01,86.01,93.2,110.6,6.89,78.8,47.4,20.6
2026-04-15 03:16:02,86.02,113.4,137.4,5.41,79.8,38.6,20.6
2026-04-15 03:16:02,82.74,108.5,125.4,6.25,79.3,49.2,20.7
2026-04-15 03:16:02,69.05,116.5,137.9,5.73,78.2,43.1,20.7
2026-04-15 03:16:02,81.21,114.0,125.7,6.1,79.3,46.9,20.6
2026-04-15 03:16:02,85.45,140.5,158.6,5.18,78.2,52.6,20.6
2026-04-15 03:16:02,82.17,136.3,158.2,5.11,78.8,43.1,20.6
2026-04-15 03:16:03,78.36,159.5,182.8,4.47,78.2,42.0,20.6
2026-04-15 03:16:03,81.43,104.5,127.5,5.57,78.8,39.1,20.6
2026-04-15 03:16:03,78.7,126.6,151.7,5.26,77.7,42.5,20.6
2026-04-15 03:16:03,75.34,120.0,142.4,5.24,79.3,43.4,20.6
2026-04-15 03:16:03,77.25,126.0,137.2,5.8,78.2,45.6,20.6
2026-04-15 03:16:04,75.65,119.6,140.9,5.17,79.8,42.7,20.7
2026-04-15 03:16:04,76.29,146.8,158.9,5.17,79.3,47.4,20.7
2026-04-15 03:16:04,76.72,121.2,139.1,5.73,78.8,49.3,20.7
2026-04-15 03:16:04,76.15,112.8,135.7,5.23,78.2,43.6,20.7
2026-04-15 03:16:04,77.26,98.2,116.9,6.56,79.3,42.1,20.7
2026-04-15 03:16:04,77.12,133.7,156.5,4.95,77.7,44.9,20.7
2026-04-15 03:16:05,81.27,98.7,119.8,6.06,78.2,40.6,20.7
2026-04-15 03:16:05,82.11,132.2,152.6,4.99,79.3,48.8,20.7
2026-04-15 03:16:05,81.89,110.7,133.1,5.61,78.8,46.6,20.7
2026-04-15 03:16:05,82.43,105.4,126.5,6.19,77.7,45.3,20.7
2026-04-15 03:16:05,83.15,114.3,130.6,5.67,79.3,55.4,20.7
2026-04-15 03:16:06,82.35,108.6,125.1,6.26,79.8,45.2,20.7
2026-04-15 03:16:06,81.56,128.5,149.7,5.36,79.3,48.0,20.7
2026-04-15 03:16:06,81.99,118.3,138.8,5.28,78.2,46.8,20.8
2026-04-15 03:16:06,81.79,146.6,160.8,5.13,79.3,44.2,20.8
2026-04-15 03:16:06,81.23,121.4,139.1,5.72,78.8,48.6,20.8
2026-04-15 03:16:06,81.88,138.7,160.1,4.61,79.3,46.7,20.8
2026-04-15 03:16:07,82.38,111.9,134.9,5.78,78.8,42.4,20.8
2026-04-15 03:16:07,81.93,117.6,137.8,5.81,79.3,47.8,20.8
2026-04-15 03:16:07,82.52,126.1,140.3,5.72,79.3,46.4,20.8
2026-04-15 03:16:07,82.94,117.5,140.2,5.22,79.3,42.1,20.7
2026-04-15 03:16:07,82.75,108.7,123.2,6.34,79.8,45.2,20.7
2026-04-15 03:16:08,82.63,116.2,142.3,5.64,78.2,44.1,20.8
2026-04-15 03:16:08,82.21,158.0,170.8,4.86,78.8,53.7,20.8
2026-04-15 03:16:08,83.29,103.2,125.2,5.6,78.8,43.1,20.8
2026-04-15 03:16:08,82.68,106.1,129.2,5.85,78.8,43.9,20.8
2026-04-15 03:16:08,81.56,130.7,150.0,5.27,78.8,44.9,20.8
2026-04-15 03:16:08,80.9,135.6,159.5,4.87,78.2,42.0,20.8
2026-04-15 03:16:09,83.44,148.8,172.9,4.69,79.3,42.7,20.7
2026-04-15 03:16:09,84.23,141.2,158.0,5.2,79.3,42.7,20.8
2026-04-15 03:16:09,82.69,119.3,142.4,5.65,79.3,47.3,20.8
2026-04-15 03:16:09,84.68,100.4,112.4,6.78,79.8,48.3,20.8
2026-04-15 03:16:09,81.21,119.9,131.8,5.33,79.8,47.9,20.8
2026-04-15 03:16:10,79.94,106.9,129.8,5.39,78.8,38.4,20.8
2026-04-15 03:16:10,79.11,124.6,147.7,5.37,78.8,44.3,20.8
2026-04-15 03:16:10,78.6,130.0,148.8,4.91,79.3,45.8,20.8
2026-04-15 03:16:10,79.93,97.9,121.0,5.97,79.3,38.7,20.8
2026-04-15 03:16:10,79.95,110.3,130.7,5.59,79.8,45.2,20.8
2026-04-15 03:16:10,78.54,100.1,120.2,6.39,78.8,47.6,20.8
2026-04-15 03:16:11,79.24,161.0,182.0,4.4,79.8,48.9,20.9
2026-04-15 03:16:11,79.32,126.2,149.1,5.04,79.8,40.3,20.9
2026-04-15 03:16:11,79.95,126.7,149.9,4.99,78.8,39.0,20.9
2026-04-15 03:16:11,80.15,113.2,135.1,5.37,80.4,39.7,20.9
2026-04-15 03:16:11,80.2,93.0,112.9,6.78,79.8,41.5,20.9
2026-04-15 03:16:12,79.53,107.7,131.0,5.53,79.8,40.6,20.9
2026-04-15 03:16:12,79.46,110.3,132.4,5.92,79.8,43.1,20.9
2026-04-15 03:16:12,79.5,108.0,128.2,6.09,79.3,41.9,20.9
2026-04-15 03:16:12,78.19,115.1,138.0,5.76,79.3,44.3,20.9
2026-04-15 03:16:12,78.63,130.1,145.7,5.5,79.3,47.1,20.9
2026-04-15 03:16:12,79.17,117.2,139.0,5.35,78.8,45.5,20.9
2026-04-15 03:16:13,79.74,139.4,153.9,5.29,79.8,45.3,20.9
2026-04-15 03:16:13,79.49,140.2,163.4,4.98,78.8,46.8,20.9
2026-04-15 03:16:13,78.79,153.4,176.5,4.7,78.8,44.8,20.9
2026-04-15 03:16:13,79.69,113.7,127.6,6.16,79.3,45.3,20.9
2026-04-15 03:16:13,78.8,118.9,137.3,5.81,78.2,47.1,21.0
2026-04-15 03:16:14,80.1,108.9,119.5,6.47,79.8,48.4,21.0
2026-04-15 03:16:14,80.5,102.6,125.6,6.26,79.3,48.5,21.0
2026-04-15 03:16:14,79.8,162.0,185.0,4.42,79.3,43.0,21.0
2026-04-15 03:16:14,78.07,128.2,151.4,4.97,78.8,41.0,21.0
2026-04-15 03:16:14,79.77,114.3,136.3,5.42,78.2,41.9,21.0
2026-04-15 03:16:15,80.18,124.9,142.3,5.64,79.8,47.2,21.0
2026-04-15 03:16:15,79.65,111.4,135.7,5.33,78.2,40.5,21.0
2026-04-15 03:16:15,79.57,117.6,134.6,5.83,79.3,49.3,21.0
2026-04-15 03:16:15,77.91,110.1,123.5,6.3,79.8,46.0,21.0
2026-04-15 03:16:15,78.69,136.8,158.5,5.18,79.8,49.3,21.0
2026-04-15 03:16:15,79.07,103.6,126.4,6.0,78.2,41.2,21.0
2026-04-15 03:16:16,77.87,123.8,146.4,5.3,79.8,44.0,21.0
2026-04-15 03:16:16,78.38,116.8,139.8,5.23,80.4,45.9,21.0
2026-04-15 03:16:16,78.74,112.7,127.4,6.16,79.8,45.3,21.0
2026-04-15 03:16:16,78.11,116.1,133.6,5.88,79.3,45.5,21.0
2026-04-15 03:16:16,79.88,114.4,133.1,5.97,79.8,46.3,21.0
2026-04-15 03:16:16,78.55,95.3,110.7,6.83,78.2,46.6,21.0
2026-04-15 03:16:17,80.2,122.5,147.4,5.09,78.8,54.3,21.0
2026-04-15 03:16:17,78.72,127.8,150.6,4.96,78.8,40.7,21.0
2026-04-15 03:16:17,77.65,105.0,127.9,5.64,79.8,42.0,21.0
2026-04-15 03:16:17,79.58,119.0,143.4,5.48,78.2,45.1,21.0
2026-04-15 03:16:17,78.96,144.0,167.1,4.49,78.2,38.4,21.1
2026-04-15 03:16:18,77.99,126.6,147.6,5.48,78.8,45.8,21.1
2026-04-15 03:16:18,79.34,138.0,161.1,4.73,79.8,37.5,21.1
2026-04-15 03:16:18,79.34,136.4,158.8,5.04,78.2,44.9,21.1
2026-04-15 03:16:18,78.77,134.3,156.7,5.06,79.8,48.7,21.1
2026-04-15 03:16:18,78.72,103.1,127.9,5.86,80.4,45.1,21.1
2026-04-15 03:16:19,80.17,142.6,163.9,4.89,78.8,45.9,21.1
2026-04-15 03:16:19,79.86,108.6,133.6,5.94,78.8,42.4,21.1
2026-04-15 03:16:19,79.92,109.0,129.8,6.08,79.8,44.6,21.1
2026-04-15 03:16:19,78.52,127.4,151.4,5.34,79.3,47.9,21.1
2026-04-15 03:16:19,78.05,116.3,139.3,5.36,78.2,44.7,21.1
2026-04-15 03:16:19,79.15,100.9,115.6,6.62,80.4,48.3,21.0
2026-04-15 03:16:20,79.21,98.6,120.5,6.08,79.8,41.9,21.0
2026-04-15 03:16:20,77.79,120.0,142.3,5.32,79.3,47.3,21.1
2026-04-15 03:16:20,80.23,110.1,119.6,6.37,80.4,48.4,21.1
2026-04-15 03:16:20,78.41,119.1,139.8,5.7,78.2,43.5,21.1
2026-04-15 03:16:20,79.3,112.0,126.2,6.2,78.2,46.0,21.1
2026-04-15 03:16:20,79.96,98.5,115.8,6.63,80.4,46.6,21.1
2026-04-15 03:16:21,78.2,164.1,191.8,4.22,80.4,46.2,21.1
2026-04-15 03:16:21,78.0,128.5,151.6,5.19,79.8,45.5,21.1
2026-04-15 03:16:21,78.88,146.4,169.5,4.58,79.8,46.3,21.1
2026-04-15 03:16:21,78.36,132.5,151.6,5.38,79.3,43.2,21.1
2026-04-15 03:16:21,79.23,149.9,172.5,4.6,79.8,42.0,21.1
2026-04-15 03:16:22,80.33,130.1,145.6,5.56,80.4,47.1,21.1
2026-04-15 03:16:22,78.2,112.8,136.1,5.47,78.8,45.3,21.1
2026-04-15 03:16:22,79.6,107.6,127.7,6.17,79.3,41.9,21.1
2026-04-15 03:16:22,78.42,128.1,151.0,5.37,79.3,47.2,21.1
2026-04-15 03:16:22,77.98,107.2,130.4,5.57,79.8,43.1,21.1
2026-04-15 03:16:23,79.83,126.3,149.0,5.39,78.8,45.3,21.1
2026-04-15 03:16:23,80.9,116.1,138.8,5.26,79.3,38.4,21.1
2026-04-15 03:16:23,79.09,118.3,134.4,5.86,78.8,44.6,21.1
2026-04-15 03:16:23,79.33,138.2,160.7,4.6,78.8,43.2,21.2
2026-04-15 03:16:23,79.45,129.3,152.4,5.24,79.3,45.5,21.2
2026-04-15 03:16:24,79.37,117.2,140.1,5.33,78.2,40.8,21.2
2026-04-15 03:16:24,79.91,115.5,128.3,6.06,78.8,45.5,21.2
2026-04-15 03:16:24,80.14,92.9,110.0,6.92,79.3,50.0,21.2
2026-04-15 03:16:24,80.93,156.3,178.1,4.34,79.8,48.9,21.2
2026-04-15 03:16:24,80.72,147.0,170.0,4.48,79.3,42.7,21.2
2026-04-15 03:16:24,81.02,115.2,134.0,5.94,78.8,43.7,21.2
2026-04-15 03:16:25,80.75,133.2,145.2,5.41,79.8,45.9,21.2
2026-04-15 03:16:25,79.12,134.5,157.5,4.98,79.8,41.9,21.2
2026-04-15 03:16:25,80.1,131.5,154.4,5.08,79.8,51.2,21.2
2026-04-15 03:16:25,79.78,118.6,141.7,5.35,78.8,43.8,21.2
2026-04-15 03:16:25,79.59,129.7,142.8,5.63,81.0,40.9,21.2
2026-04-15 03:16:26,79.97,124.0,146.9,5.14,78.8,45.6,21.2
2026-04-15 03:16:26,79.67,111.2,122.1,6.37,78.8,50.0,21.2
2026-04-15 03:16:26,79.87,103.8,118.6,6.4,78.8,47.5,21.2
2026-04-15 03:16:26,79.98,113.6,136.5,5.68,80.4,42.9,21.2
2026-04-15 03:16:26,79.76,120.7,139.5,5.76,80.4,46.4,21.2
2026-04-15 03:16:26,80.28,104.3,116.2,6.66,78.8,44.8,21.2
2026-04-15 03:16:27,79.38,104.9,128.1,5.97,79.3,46.4,21.2
2026-04-15 03:16:27,80.54,106.4,129.5,5.91,80.4,54.4,21.2
2026-04-15 03:16:27,80.0,140.1,163.3,5.03,79.3,41.6,21.2
2026-04-15 03:16:27,79.59,129.3,151.3,5.26,79.8,40.8,21.2
2026-04-15 03:16:27,80.23,126.3,149.4,5.1,80.4,43.6,21.2
2026-04-15 03:16:28,79.03,137.0,158.6,4.74,80.4,41.0,21.2
2026-04-15 03:16:28,80.11,133.2,156.3,5.11,80.4,40.0,21.2
2026-04-15 03:16:28,79.75,122.7,145.6,5.29,80.4,45.8,21.2
2026-04-15 03:16:28,79.15,412.0,421.3,2.18,81.0,87.4,20.3
2026-04-15 03:16:29,78.72,105.6,123.6,6.34,80.4,43.5,20.3
2026-04-15 03:16:29,80.15,93.7,113.2,6.47,80.4,50.0,20.3
2026-04-15 03:16:29,80.34,98.9,121.9,5.82,81.0,42.0,20.3
2026-04-15 03:16:29,80.94,122.0,145.4,5.27,79.3,40.3,20.3
2026-04-15 03:16:29,80.53,126.8,147.5,4.89,79.8,44.2,20.3
2026-04-15 03:16:29,80.38,120.4,143.1,5.16,78.2,44.0,20.3
2026-04-15 03:16:30,80.56,124.7,148.6,4.88,80.4,43.6,20.4
2026-04-15 03:16:30,79.83,146.1,170.4,4.51,79.8,42.9,20.4
2026-04-15 03:16:30,81.14,104.5,122.7,6.37,79.8,47.0,20.4
2026-04-15 03:16:30,77.93,105.4,128.6,5.97,80.4,45.6,20.4
2026-04-15 03:16:30,81.43,125.0,147.5,5.38,79.8,45.2,20.4
2026-04-15 03:16:31,79.87,130.0,152.9,4.88,79.8,40.5,20.4
2026-04-15 03:16:31,79.54,144.2,166.9,4.67,80.4,44.4,20.4
2026-04-15 03:16:31,79.24,111.3,131.8,5.99,79.8,43.3,20.4
2026-04-15 03:16:31,80.33,149.9,170.9,4.82,79.8,46.3,20.4
2026-04-15 03:16:31,79.69,116.4,129.4,6.1,79.8,50.0,20.4
2026-04-15 03:16:32,80.71,118.4,134.2,5.91,79.8,47.8,20.4
2026-04-15 03:16:32,78.65,126.6,144.0,5.59,78.8,46.5,20.4
2026-04-15 03:16:32,78.05,134.3,157.1,4.92,80.4,43.2,20.4
2026-04-15 03:16:32,79.05,120.6,143.5,5.38,79.8,40.0,20.4
2026-04-15 03:16:32,80.32,113.9,123.3,6.26,78.8,46.9,20.4
2026-04-15 03:16:32,80.41,97.7,116.6,6.62,79.8,48.3,20.4
2026-04-15 03:16:33,80.09,155.2,177.7,4.47,78.8,40.7,20.5
2026-04-15 03:16:33,80.26,147.3,170.4,4.44,80.4,42.9,20.4
2026-04-15 03:16:33,80.4,101.7,124.1,6.32,79.8,54.7,20.4
2026-04-15 03:16:33,79.45,120.7,141.1,5.5,80.4,46.6,20.4
2026-04-15 03:16:33,79.63,153.4,176.4,4.3,78.8,42.2,20.5
2026-04-15 03:16:34,79.65,152.7,159.8,5.02,79.8,42.9,20.5
2026-04-15 03:16:34,80.16,115.0,126.0,6.18,78.8,42.9,20.5
2026-04-15 03:16:34,80.85,139.8,158.2,5.19,80.4,46.1,20.5
2026-04-15 03:16:34,80.88,129.7,152.6,5.31,79.8,39.4,20.5
2026-04-15 03:16:34,80.12,135.7,161.1,4.8,79.8,41.0,20.5
2026-04-15 03:16:35,77.94,130.1,153.1,5.21,80.4,50.0,20.4
2026-04-15 03:16:35,80.12,119.6,140.0,5.28,79.8,48.7,20.4
2026-04-15 03:16:35,78.26,106.4,119.2,6.49,79.8,44.8,20.5
2026-04-15 03:16:35,80.08,129.5,151.9,5.28,81.0,42.1,20.5
2026-04-15 03:16:35,83.83,121.2,144.3,5.23,79.3,42.1,20.5
2026-04-15 03:16:35,0.0,99.2,122.2,5.59,80.4,38.2,20.5
2026-04-15 03:16:36,0.0,147.1,166.7,4.66,80.4,54.5,20.5
2026-04-15 03:16:36,0.0,117.3,136.4,5.87,79.3,49.3,20.5
2026-04-15 03:16:36,0.0,90.5,103.8,7.16,79.8,47.4,20.5
2026-04-15 03:16:36,0.0,89.6,110.6,6.03,79.3,46.3,20.5
2026-04-15 03:16:36,0.0,98.5,122.2,5.68,79.8,38.8,20.5
2026-04-15 03:16:37,0.0,125.7,148.8,5.17,78.8,43.4,20.5
2026-04-15 03:16:37,0.0,121.9,144.4,5.11,78.2,37.1,20.5
2026-04-15 03:16:37,0.0,103.6,126.6,5.51,79.8,41.1,20.5
2026-04-15 03:16:37,0.0,122.4,145.6,5.39,79.8,49.3,20.6
2026-04-15 03:16:37,0.0,98.8,123.1,5.68,80.4,40.0,20.6
2026-04-15 03:16:37,0.0,119.3,142.2,5.34,80.4,43.8,20.5
2026-04-15 03:16:38,0.0,91.2,103.1,7.23,79.8,43.1,20.5
2026-04-15 03:16:38,0.0,93.9,115.9,5.94,78.8,42.4,20.5
2026-04-15 03:16:38,0.0,98.8,121.5,5.79,78.8,42.0,20.5
2026-04-15 03:16:38,0.0,103.3,127.1,5.84,80.4,41.8,20.5
2026-04-15 03:16:38,0.0,103.0,125.9,6.08,78.8,42.4,20.5
2026-04-15 03:16:38,0.0,143.4,165.7,4.83,79.8,46.3,20.5
2026-04-15 03:16:39,0.0,152.9,173.0,4.78,79.8,48.8,20.6
2026-04-15 03:16:39,0.0,132.3,147.0,5.53,80.4,47.3,20.6
2026-04-15 03:16:39,0.0,129.1,152.2,5.12,79.8,41.3,20.6
2026-04-15 03:16:39,0.0,122.8,146.1,5.16,80.4,38.7,20.6
2026-04-15 03:16:39,0.0,89.0,97.1,7.51,79.8,52.7,20.6
2026-04-15 03:16:40,0.0,114.6,136.0,5.16,78.8,41.8,20.6
2026-04-15 03:16:40,0.0,134.8,151.1,5.38,80.4,45.9,20.6
2026-04-15 03:16:40,0.0,130.6,153.0,5.14,79.8,43.6,20.6
2026-04-15 03:16:40,0.0,134.2,157.3,4.92,79.8,44.9,20.6
2026-04-15 03:16:40,0.0,96.4,119.9,6.15,78.8,43.3,20.6
2026-04-15 03:16:41,0.0,123.1,144.9,5.19,79.3,38.7,20.6
2026-04-15 03:16:41,0.0,135.4,158.4,4.71,79.3,43.2,20.5
2026-04-15 03:16:41,0.0,123.9,147.0,5.31,79.8,40.0,20.6
2026-04-15 03:16:41,0.0,115.7,138.7,5.21,79.3,41.0,20.6
2026-04-15 03:16:41,0.0,129.4,146.1,5.54,80.4,39.4,20.6
2026-04-15 03:16:41,0.0,106.7,128.9,5.65,80.4,44.4,20.6
2026-04-15 03:16:42,0.0,130.3,153.3,5.26,80.4,43.2,20.6
2026-04-15 03:16:42,0.0,126.7,149.9,5.09,80.4,45.5,20.6
2026-04-15 03:16:42,0.0,115.4,138.5,5.31,80.4,41.9,20.7
2026-04-15 03:16:42,0.0,111.3,128.3,6.16,79.8,42.9,20.7
2026-04-15 03:16:42,0.0,126.1,145.7,5.51,79.8,44.4,20.7
2026-04-15 03:16:43,0.0,109.5,134.4,5.37,79.3,38.9,20.7
2026-04-15 03:16:43,0.0,91.6,111.1,6.85,79.3,49.2,20.7
2026-04-15 03:16:43,0.0,121.8,145.5,5.07,80.4,38.2,20.7
2026-04-15 03:16:43,0.0,109.4,130.5,5.35,79.8,42.1,20.7
2026-04-15 03:16:43,0.0,105.1,127.7,6.17,79.8,41.0,20.7
2026-04-15 03:16:43,0.0,125.1,148.1,5.36,80.4,50.0,20.7
2026-04-15 03:16:44,0.0,139.7,162.7,4.66,80.4,42.0,20.7
2026-04-15 03:16:44,0.0,105.8,129.0,6.03,78.8,46.3,20.7
2026-04-15 03:16:44,0.0,156.6,179.7,4.6,79.3,43.0,20.7
2026-04-15 03:16:44,0.0,105.9,127.4,5.47,79.8,40.3,20.7
2026-04-15 03:16:44,0.0,89.8,112.8,6.65,79.3,44.3,20.7
2026-04-15 03:16:45,0.0,93.9,115.6,5.86,78.8,41.8,20.8
2026-04-15 03:16:45,0.0,144.0,167.5,4.6,78.8,48.3,20.8
2026-04-15 03:16:45,0.0,104.6,126.8,6.22,79.8,40.3,20.8
2026-04-15 03:16:45,0.0,101.9,124.6,6.1,80.4,44.6,20.8
2026-04-15 03:16:45,0.0,125.9,148.0,5.25,79.8,49.3,20.8
2026-04-15 03:16:45,0.0,147.1,170.0,4.55,79.8,41.2,20.8
2026-04-15 03:16:46,0.0,132.3,151.0,5.39,79.8,47.2,20.8
2026-04-15 03:16:46,0.0,120.8,144.6,5.23,79.8,41.9,20.8
2026-04-15 03:16:46,0.0,131.1,152.9,4.82,80.4,38.5,20.8
2026-04-15 03:16:46,0.0,106.7,129.6,5.71,80.4,41.1,20.9
2026-04-15 03:16:46,0.0,106.4,128.5,6.01,79.8,43.1,20.8
2026-04-15 03:16:47,0.0,102.2,125.5,6.15,80.4,40.6,20.8
2026-04-15 03:16:47,0.0,141.2,162.9,4.87,80.4,47.5,20.8
2026-04-15 03:16:47,0.0,104.3,128.2,6.1,79.8,45.5,20.8
2026-04-15 03:16:47,0.0,110.4,132.4,5.82,78.8,43.1,20.8
2026-04-15 03:16:47,0.0,108.9,131.9,6.0,81.0,47.1,20.8
2026-04-15 03:16:47,0.0,103.5,125.2,6.26,79.3,50.0,20.8
2026-04-15 03:16:48,0.0,106.5,125.9,5.87,79.8,44.8,20.8
2026-04-15 03:16:48,0.0,123.1,147.4,5.44,79.3,44.4,20.8
2026-04-15 03:16:48,0.0,110.0,133.0,5.4,81.0,42.7,20.8
2026-04-15 03:16:48,0.0,118.6,141.1,5.71,78.8,39.7,20.8
2026-04-15 03:16:48,0.0,102.8,115.0,6.63,79.3,47.5,20.8
2026-04-15 03:16:48,0.0,104.8,119.9,5.91,80.4,49.2,20.8
2026-04-15 03:16:49,0.0,122.5,145.6,5.44,79.3,44.0,20.8
2026-04-15 03:16:49,0.0,129.6,150.3,4.82,77.7,47.0,20.8
2026-04-15 03:16:49,0.0,127.7,150.7,5.06,81.0,44.0,20.8
2026-04-15 03:16:49,0.0,95.0,99.8,7.45,79.8,50.0,20.8
2026-04-15 03:16:49,0.0,115.0,137.3,5.36,79.8,44.2,20.8
2026-04-15 03:16:50,0.0,131.1,152.7,5.36,80.4,40.0,20.8
2026-04-15 03:16:50,0.0,141.5,164.0,4.85,80.4,41.0,20.8
2026-04-15 03:16:50,0.0,135.5,158.2,5.16,78.8,41.1,20.8
2026-04-15 03:16:50,0.0,138.5,139.3,5.67,79.3,52.2,20.8
2026-04-15 03:16:50,0.0,120.0,140.0,5.73,78.2,45.1,20.8
2026-04-15 03:16:51,0.0,123.6,137.7,5.8,80.4,44.8,20.8
2026-04-15 03:16:51,0.0,127.5,149.4,4.95,80.4,48.8,20.8
2026-04-15 03:16:51,0.0,116.6,137.6,5.3,79.8,41.1,20.8
2026-04-15 03:16:51,0.0,112.9,128.7,6.14,79.8,45.3,20.8
2026-04-15 03:16:51,0.0,111.9,132.3,6.03,80.4,46.3,20.8
2026-04-15 03:16:51,0.0,111.9,130.6,6.01,80.4,41.5,20.9
2026-04-15 03:16:52,0.0,128.0,148.1,5.46,80.4,51.4,20.9
2026-04-15 03:16:52,0.0,107.8,130.8,5.58,78.8,43.2,20.9
2026-04-15 03:16:52,0.0,107.0,129.2,6.01,80.4,46.3,20.8
2026-04-15 03:16:52,0.0,112.7,135.3,5.82,79.8,41.8,20.8
2026-04-15 03:16:52,0.0,129.2,149.2,5.45,80.4,43.7,20.8
2026-04-15 03:16:52,0.0,95.6,117.4,5.98,80.4,44.1,20.8
2026-04-15 03:16:53,0.0,124.2,144.6,5.14,79.3,41.3,20.8
2026-04-15 03:16:53,0.0,95.5,118.3,5.86,80.4,40.9,20.8
2026-04-15 03:16:53,0.0,106.6,132.1,5.55,81.0,44.0,20.9
2026-04-15 03:16:53,0.0,127.0,151.1,5.38,79.8,50.0,20.9
2026-04-15 03:16:53,0.0,91.6,113.4,6.13,79.8,43.3,20.9
2026-04-15 03:16:54,0.0,129.1,152.5,4.89,80.4,37.2,20.9
2026-04-15 03:16:54,0.0,134.9,156.9,4.87,78.8,41.2,20.9
2026-04-15 03:16:54,0.0,109.8,135.1,5.65,79.8,42.3,20.9
2026-04-15 03:16:54,0.0,93.8,114.1,6.74,80.4,49.2,20.9
2026-04-15 03:16:54,0.0,124.9,148.2,5.05,80.4,43.0,20.9
2026-04-15 03:16:54,0.0,119.5,142.6,5.09,79.8,42.3,20.9
2026-04-15 03:16:55,0.0,119.0,140.1,5.07,80.4,42.7,20.9
2026-04-15 03:16:55,0.0,148.5,160.4,5.1,79.3,53.9,20.9
2026-04-15 03:16:55,0.0,137.3,154.0,5.29,79.8,45.1,20.9
2026-04-15 03:16:55,0.0,115.9,139.0,5.61,80.4,36.9,20.9
2026-04-15 03:16:55,0.0,106.6,119.9,6.36,79.8,46.0,20.9
2026-04-15 03:16:56,0.0,124.4,146.8,5.42,79.3,42.3,20.9
2026-04-15 03:16:56,0.0,96.6,118.5,5.8,80.4,42.6,21.0
2026-04-15 03:16:56,0.0,119.6,142.0,5.27,80.4,42.5,21.0
2026-04-15 03:16:56,0.0,116.2,128.4,6.15,79.3,44.4,21.0
2026-04-15 03:16:56,0.0,142.9,159.1,5.17,79.8,46.1,21.0
2026-04-15 03:16:56,0.0,127.6,151.0,5.37,80.4,46.6,21.0
2026-04-15 03:16:57,0.0,121.5,140.2,5.17,80.4,46.2,21.0
2026-04-15 03:16:57,0.0,115.5,137.4,5.18,80.4,44.2,21.0
2026-04-15 03:16:57,0.0,106.4,122.4,6.31,81.0,41.7,21.0
2026-04-15 03:16:57,70.96,104.1,127.7,6.08,81.0,43.9,21.0
2026-04-15 03:16:57,78.36,124.6,148.3,5.36,80.4,43.1,21.0
2026-04-15 03:16:58,82.59,129.8,154.6,4.82,79.8,42.9,21.0
2026-04-15 03:16:58,79.49,110.6,136.0,5.52,79.8,43.1,20.9
2026-04-15 03:16:58,79.69,101.9,121.6,6.33,80.4,46.9,21.0
2026-04-15 03:16:58,77.61,98.3,113.8,6.15,79.8,52.3,21.0
2026-04-15 03:16:58,78.83,114.6,137.7,5.53,81.0,42.3,21.0
2026-04-15 03:16:58,75.99,90.3,107.7,7.02,81.0,48.2,21.0
2026-04-15 03:16:59,79.06,113.6,135.6,5.27,81.0,42.7,21.0
2026-04-15 03:16:59,81.05,93.2,112.0,6.84,81.0,47.5,21.0
2026-04-15 03:16:59,80.21,99.2,121.2,5.83,80.4,45.7,21.1
2026-04-15 03:16:59,81.0,123.4,145.5,5.24,81.0,43.8,21.1
2026-04-15 03:16:59,80.86,95.6,117.5,5.82,79.3,39.7,21.1
2026-04-15 03:16:59,80.0,107.8,129.0,5.56,79.8,50.7,21.1
2026-04-15 03:17:00,81.04,140.9,163.5,4.99,79.8,41.3,21.1
2026-04-15 03:17:00,79.76,170.0,193.2,4.39,78.8,47.8,21.1
2026-04-15 03:17:00,80.35,102.0,125.0,6.06,80.4,43.9,21.1
2026-04-15 03:17:00,80.91,107.0,129.6,5.83,79.8,44.1,21.1
2026-04-15 03:17:00,79.93,110.4,134.9,5.84,80.4,41.8,21.1
2026-04-15 03:17:01,79.95,139.3,156.0,5.11,80.4,52.6,21.1
2026-04-15 03:17:01,79.84,99.4,121.3,6.3,80.4,46.0,21.1
2026-04-15 03:17:01,79.79,118.9,139.7,5.32,79.8,44.0,21.1
2026-04-15 03:17:01,80.54,126.9,150.0,4.86,81.0,40.7,21.1
2026-04-15 03:17:01,79.68,155.1,178.1,4.38,80.4,41.2,21.1
2026-04-15 03:17:02,80.93,90.8,114.2,5.91,81.0,36.4,21.1
2026-04-15 03:17:02,81.04,97.6,123.8,5.66,81.5,46.5,21.2
2026-04-15 03:17:02,81.54,105.9,129.0,5.83,81.0,42.4,21.2
2026-04-15 03:17:02,81.76,88.1,111.2,6.7,79.8,46.7,21.2
2026-04-15 03:17:02,79.97,133.6,148.1,4.73,80.4,45.7,21.2
2026-04-15 03:17:02,81.17,134.1,156.8,4.99,81.0,42.5,21.2
2026-04-15 03:17:03,81.05,106.5,129.6,5.8,82.6,41.8,21.2
2026-04-15 03:17:03,79.55,144.8,165.8,4.88,81.0,42.5,21.1
2026-04-15 03:17:03,79.56,114.0,132.2,5.91,80.4,45.5,21.1
2026-04-15 03:17:03,79.08,96.9,115.1,6.69,81.5,45.0,21.1
2026-04-15 03:17:03,80.46,123.9,145.0,5.16,79.8,41.3,21.1
2026-04-15 03:17:04,79.37,136.9,161.4,4.65,81.5,42.5,21.2
2026-04-15 03:17:04,80.95,118.6,141.7,5.58,79.8,40.6,21.2
2026-04-15 03:17:04,80.54,139.7,152.8,5.33,79.8,51.4,21.2
2026-04-15 03:17:04,79.73,126.2,147.8,5.36,80.4,46.8,21.2
2026-04-15 03:17:04,80.54,128.1,150.5,4.95,80.4,45.7,21.2
2026-04-15 03:17:05,80.78,131.7,155.0,4.91,79.8,39.7,21.2
2026-04-15 03:17:05,79.58,124.1,147.1,5.21,78.8,40.8,21.2
2026-04-15 03:17:05,79.94,129.9,152.2,4.86,79.8,45.6,21.2
2026-04-15 03:17:05,80.38,123.6,146.2,5.17,81.0,40.8,21.3
2026-04-15 03:17:05,80.88,123.5,146.5,5.01,80.4,41.2,21.3
2026-04-15 03:17:06,80.01,151.1,169.8,4.39,81.0,45.1,21.2
2026-04-15 03:17:06,79.96,105.6,119.5,6.49,81.5,51.6,21.2
2026-04-15 03:17:06,79.26,149.0,172.7,4.75,81.0,40.5,21.2
2026-04-15 03:17:06,81.69,185.0,201.6,4.24,81.5,42.2,21.2
2026-04-15 03:17:06,80.93,91.8,103.3,7.18,80.4,45.3,21.2
2026-04-15 03:17:06,79.75,93.9,116.8,5.92,79.3,42.4,21.2
2026-04-15 03:17:07,80.06,111.9,134.7,5.42,80.4,40.3,21.2
2026-04-15 03:17:07,80.71,90.1,105.0,6.91,81.5,48.2,21.3
2026-04-15 03:17:07,80.66,125.2,147.2,4.96,81.0,42.3,21.3
2026-04-15 03:17:07,78.56,134.3,157.3,4.78,81.0,38.3,21.2
2026-04-15 03:17:07,79.77,142.0,164.6,4.82,80.4,44.4,21.2
2026-04-15 03:17:08,80.43,117.3,137.8,5.69,79.8,43.7,21.2
2026-04-15 03:17:08,80.53,116.9,129.7,6.02,80.4,48.5,21.3
2026-04-15 03:17:08,80.07,137.1,152.8,5.33,79.8,41.4,21.3
2026-04-15 03:17:08,78.84,106.0,129.0,5.97,81.0,40.6,21.3
2026-04-15 03:17:08,79.93,125.9,149.0,5.36,80.4,47.3,21.3
2026-04-15 03:17:08,80.39,105.7,128.7,5.56,80.4,41.4,21.3
2026-04-15 03:17:09,79.15,118.3,139.6,5.58,82.6,42.3,21.3
2026-04-15 03:17:09,79.36,111.0,122.9,6.28,81.0,46.0,21.3
2026-04-15 03:17:09,77.1,143.5,157.4,4.99,79.3,51.9,21.3
2026-04-15 03:17:09,79.08,94.2,113.6,6.69,81.0,40.0,21.3
2026-04-15 03:17:09,80.06,110.5,133.5,5.41,81.0,40.8,21.3
2026-04-15 03:17:09,78.21,124.1,143.9,5.6,79.8,50.0,21.3
2026-04-15 03:17:10,76.34,110.3,133.3,5.38,81.0,42.7,21.3
2026-04-15 03:17:10,82.94,120.1,140.6,5.66,80.4,52.8,21.3
2026-04-15 03:17:10,82.31,119.4,131.2,5.99,80.4,42.6,21.3
2026-04-15 03:17:10,83.32,116.4,130.3,6.01,80.4,46.2,21.3
2026-04-15 03:17:10,82.34,113.9,125.2,6.23,81.5,50.0,21.3
2026-04-15 03:17:11,82.73,119.0,129.1,5.82,80.4,51.5,21.3
2026-04-15 03:17:11,83.22,128.3,140.7,5.7,81.0,50.7,21.3
2026-04-15 03:17:11,83.19,112.1,133.8,5.44,80.4,41.4,21.3
2026-04-15 03:17:11,82.96,104.2,125.0,6.22,79.8,43.5,21.3
2026-04-15 03:17:11,82.98,127.0,150.6,5.31,81.0,45.2,21.3
2026-04-15 03:17:11,82.79,106.1,129.2,5.62,81.5,43.2,21.3
2026-04-15 03:17:12,83.36,136.3,158.0,5.09,79.8,46.1,21.3
2026-04-15 03:17:12,82.95,130.3,153.3,5.16,81.5,39.2,21.3
2026-04-15 03:17:12,83.89,103.9,126.4,5.75,80.4,42.6,21.3
2026-04-15 03:17:12,83.41,127.5,150.5,5.26,81.0,46.1,21.3
2026-04-15 03:17:12,84.08,130.1,153.4,4.94,82.0,43.4,21.4
2026-04-15 03:17:13,83.83,114.8,138.0,5.43,80.4,38.4,21.4
2026-04-15 03:17:13,83.86,107.7,124.3,6.22,80.4,56.5,21.4
2026-04-15 03:17:13,84.01,139.9,162.5,5.06,80.4,43.2,21.4
2026-04-15 03:17:13,83.88,114.3,137.1,5.74,81.5,45.1,21.4
2026-04-15 03:17:13,84.01,108.3,125.6,6.23,81.0,46.9,21.4
2026-04-15 03:17:13,83.58,128.0,150.5,5.37,81.0,46.1,21.4
2026-04-15 03:17:14,83.92,110.7,133.5,5.47,80.4,40.6,21.4
2026-04-15 03:17:14,83.71,96.8,119.1,6.52,80.4,44.3,21.4
2026-04-15 03:17:14,83.4,142.1,164.9,4.74,81.0,41.2,21.4
2026-04-15 03:17:14,83.79,130.9,151.9,5.3,81.0,51.3,21.4
2026-04-15 03:17:14,82.94,127.0,149.9,5.1,81.0,42.9,21.4
2026-04-15 03:17:15,83.62,133.4,158.9,4.78,80.4,44.4,21.4
2026-04-15 03:17:15,83.81,94.8,116.9,6.3,79.3,41.7,21.4
2026-04-15 03:17:15,83.98,113.0,134.2,5.42,81.0,45.2,21.4
2026-04-15 03:17:15,83.25,116.7,134.4,5.88,81.5,39.1,21.4
2026-04-15 03:17:15,83.56,115.0,130.5,6.06,82.0,49.3,21.4
2026-04-15 03:17:15,84.09,135.5,153.0,5.3,79.8,46.7,21.4
2026-04-15 03:17:16,83.7,143.4,166.4,4.85,79.3,46.2,21.4
2026-04-15 03:17:16,83.35,145.1,164.8,4.96,80.4,49.4,21.5
2026-04-15 03:17:16,83.86,137.3,157.4,5.2,81.5,46.8,21.5
2026-04-15 03:17:16,83.95,132.4,155.5,5.13,80.4,42.1,21.4
2026-04-15 03:17:16,83.85,122.6,145.1,5.26,80.4,43.4,21.4
2026-04-15 03:17:17,83.54,118.8,141.5,5.09,81.0,40.3,21.5
2026-04-15 03:17:17,83.73,145.2,151.5,5.19,79.8,48.0,21.5
2026-04-15 03:17:17,83.67,115.9,136.5,5.81,82.6,43.9,21.4
2026-04-15 03:17:17,84.21,115.3,129.4,6.04,81.0,45.3,21.4
2026-04-15 03:17:17,84.02,123.9,141.3,5.69,81.0,50.0,21.4
2026-04-15 03:17:18,83.77,137.5,160.7,4.72,81.0,45.8,21.4
2026-04-15 03:17:18,83.37,112.1,135.2,5.73,80.4,42.3,21.4
2026-04-15 03:17:18,83.31,104.3,123.0,6.31,81.0,47.6,21.4
2026-04-15 03:17:18,83.45,121.7,149.8,5.28,80.4,39.4,21.4
2026-04-15 03:17:18,83.56,128.4,151.4,4.97,81.5,42.3,21.4
2026-04-15 03:17:18,83.45,157.1,180.0,4.37,81.0,42.7,21.4
2026-04-15 03:17:19,83.58,108.3,131.1,5.42,81.0,41.1,21.4
2026-04-15 03:17:19,83.59,117.2,140.2,5.69,79.8,51.5,21.4
2026-04-15 03:17:19,83.24,140.5,154.7,5.27,79.8,51.4,21.4
2026-04-15 03:17:19,83.62,116.0,137.9,5.7,81.5,45.1,21.4
2026-04-15 03:17:19,83.47,120.6,137.0,5.83,79.8,44.4,21.4
2026-04-15 03:17:20,84.07,119.0,129.3,6.08,81.0,49.2,21.4
2026-04-15 03:17:20,83.58,157.1,167.1,4.88,79.3,50.6,21.5
2026-04-15 03:17:20,83.91,137.4,160.3,4.69,81.0,47.7,21.5
2026-04-15 03:17:20,83.42,135.9,159.0,5.04,80.4,42.1,21.5
2026-04-15 03:17:20,83.6,127.0,150.0,5.24,81.0,41.1,21.5
2026-04-15 03:17:21,83.41,102.8,125.0,5.69,81.0,41.4,21.5
2026-04-15 03:17:21,83.23,129.8,152.9,5.11,81.5,46.7,21.5
2026-04-15 03:17:21,83.39,119.3,142.3,5.33,80.4,40.3,21.5
2026-04-15 03:17:21,83.86,105.6,117.9,6.44,82.0,45.9,21.5
2026-04-15 03:17:21,83.41,116.3,139.5,5.71,80.4,45.7,21.5
2026-04-15 03:17:21,83.62,111.2,127.2,6.19,81.0,41.7,21.5
2026-04-15 03:17:22,83.44,99.1,118.0,6.39,81.0,52.4,21.5
2026-04-15 03:17:22,83.6,121.2,144.0,5.36,80.4,42.5,21.6
2026-04-15 03:17:22,83.78,152.1,175.0,4.33,81.5,38.2,21.6
2026-04-15 03:17:22,83.31,96.4,109.2,6.93,80.4,43.6,21.6
2026-04-15 03:17:22,84.1,114.0,135.3,5.43,81.0,38.2,21.6
2026-04-15 03:17:22,83.83,114.1,132.1,6.0,81.5,47.1,21.6
2026-04-15 03:17:23,83.59,134.8,152.1,5.34,79.8,46.5,21.6
2026-04-15 03:17:23,83.59,154.7,176.9,4.55,82.0,39.3,21.6
2026-04-15 03:17:23,84.15,127.2,148.3,4.84,81.5,40.5,21.6
2026-04-15 03:17:23,83.92,121.4,144.3,5.17,81.5,46.8,21.6
2026-04-15 03:17:23,84.22,120.1,143.2,5.04,81.0,39.5,21.6
2026-04-15 03:17:24,84.35,132.1,144.0,5.6,81.0,45.7,21.6
2026-04-15 03:17:24,84.68,132.0,152.3,5.0,79.3,44.3,21.6
2026-04-15 03:17:24,84.54,117.3,143.8,5.29,79.8,45.3,21.6
2026-04-15 03:17:24,84.47,135.7,158.7,4.66,79.3,42.5,21.6
2026-04-15 03:17:24,84.01,159.4,182.4,4.47,80.4,40.2,21.6
2026-04-15 03:17:25,83.88,150.4,171.5,4.46,81.5,41.4,21.6
2026-04-15 03:17:25,84.39,113.6,123.8,6.13,82.6,45.9,21.7
2026-04-15 03:17:25,84.1,135.2,143.4,5.32,81.0,54.5,21.6
2026-04-15 03:17:25,83.77,115.3,138.3,5.56,81.5,41.4,21.6
2026-04-15 03:17:25,84.45,112.9,128.9,6.09,81.0,47.0,21.6
2026-04-15 03:17:26,84.48,122.8,140.6,5.67,79.3,46.4,21.6
2026-04-15 03:17:26,84.1,103.2,126.7,5.51,80.4,46.6,21.6
2026-04-15 03:17:26,83.89,134.5,156.1,5.08,81.0,44.3,21.6
2026-04-15 03:17:26,84.23,126.1,152.3,5.12,81.5,42.9,21.6
2026-04-15 03:17:26,83.84,115.2,137.8,5.39,80.4,43.2,21.6
2026-04-15 03:17:27,84.26,111.5,127.0,6.15,81.0,44.8,21.7
2026-04-15 03:17:27,84.28,115.6,129.4,5.83,81.5,52.4,21.7
2026-04-15 03:17:27,84.24,130.6,146.3,5.53,81.0,47.2,21.7
2026-04-15 03:17:27,84.43,122.0,145.0,5.23,79.3,44.9,21.7
2026-04-15 03:17:27,84.71,107.3,130.3,5.4,80.4,40.8,21.7
2026-04-15 03:17:27,84.33,91.2,112.8,6.64,80.4,49.2,21.7
2026-04-15 03:17:28,84.48,143.4,166.4,4.57,81.5,45.9,21.7
2026-04-15 03:17:28,84.29,124.5,146.9,5.52,81.0,43.1,21.7
2026-04-15 03:17:28,84.31,125.3,150.1,4.93,81.5,43.2,21.7
2026-04-15 03:17:28,83.93,102.9,125.9,5.7,81.5,38.5,21.7
2026-04-15 03:17:28,84.33,128.0,150.9,5.22,82.0,44.2,21.7
2026-04-15 03:17:29,84.34,123.6,146.6,5.11,80.4,39.2,21.7
2026-04-15 03:17:29,84.29,112.5,135.5,5.3,81.5,40.3,21.7
2026-04-15 03:17:29,84.06,144.8,161.9,5.03,79.8,46.2,21.7
2026-04-15 03:17:29,83.82,111.5,130.9,5.98,81.5,46.4,21.7
2026-04-15 03:17:29,83.86,121.8,142.2,5.66,80.4,49.3,21.7
2026-04-15 03:17:29,83.51,118.0,138.0,5.09,80.4,44.4,21.7
2026-04-15 03:17:30,83.87,118.7,134.0,5.94,81.5,47.8,21.7
2026-04-15 03:17:30,83.55,152.1,164.7,5.01,81.0,51.9,21.7
2026-04-15 03:17:30,83.51,119.2,132.2,6.01,81.0,45.3,21.7
2026-04-15 03:17:30,83.95,162.3,174.1,4.78,81.5,42.0,21.7
2026-04-15 03:17:30,83.84,111.8,135.0,5.47,78.8,41.7,21.7
2026-04-15 03:17:31,83.29,122.7,144.2,5.59,80.4,48.0,21.8
2026-04-15 03:17:31,83.87,140.8,163.6,4.62,81.5,48.2,21.8
2026-04-15 03:17:31,83.51,131.0,151.1,5.26,82.0,43.8,21.8
2026-04-15 03:17:31,83.87,143.2,166.2,4.71,81.0,42.2,21.8
2026-04-15 03:17:31,84.1,124.7,145.2,5.52,80.4,43.7,21.8
2026-04-15 03:17:32,83.64,116.3,139.3,5.22,81.0,40.8,21.8
2026-04-15 03:17:32,83.43,93.2,108.3,6.97,81.0,50.0,21.8
2026-04-15 03:17:32,83.52,125.8,148.6,5.02,82.0,43.7,21.8
2026-04-15 03:17:32,83.91,115.9,139.0,5.26,82.0,43.2,21.8
2026-04-15 03:17:32,83.77,105.3,120.6,6.42,81.5,43.3,21.8
2026-04-15 03:17:32,83.97,151.7,173.7,4.69,81.0,48.2,21.8
2026-04-15 03:17:33,83.76,130.0,143.2,5.61,80.4,43.5,21.8
2026-04-15 03:17:33,83.67,124.7,145.8,5.09,81.0,43.4,21.8
2026-04-15 03:17:33,83.45,130.0,153.0,4.92,80.4,43.9,21.8
2026-04-15 03:17:33,83.57,121.9,145.3,5.2,81.5,40.0,21.8
2026-04-15 03:17:33,83.33,107.1,130.4,5.39,80.4,42.7,21.9
2026-04-15 03:17:34,83.56,126.6,148.6,5.39,81.5,41.7,21.9
2026-04-15 03:17:34,84.3,124.6,147.5,5.06,82.0,44.4,21.9
2026-04-15 03:17:34,84.24,152.2,175.2,4.39,81.5,43.2,21.8
2026-04-15 03:17:34,83.8,96.4,106.9,6.94,82.0,48.3,21.8
2026-04-15 03:17:34,83.55,111.7,129.5,5.43,81.5,40.3,21.8
2026-04-15 03:17:35,83.91,100.3,120.2,6.48,82.0,47.6,21.8
2026-04-15 03:17:35,83.74,107.8,126.1,5.78,80.4,41.8,21.8
2026-04-15 03:17:35,83.41,126.4,145.4,5.41,80.4,50.0,21.9
2026-04-15 03:17:35,83.62,148.4,170.9,4.5,81.5,50.0,21.9
2026-04-15 03:17:35,83.71,125.1,140.9,5.68,81.5,44.3,21.9
2026-04-15 03:17:35,83.77,113.3,135.2,5.28,81.5,42.1,21.9
2026-04-15 03:17:36,83.82,121.8,139.1,5.74,82.0,49.3,21.9
2026-04-15 03:17:36,83.78,129.1,151.7,4.83,79.8,42.5,21.9
2026-04-15 03:17:36,83.62,140.6,163.7,4.73,82.6,40.0,21.9
2026-04-15 03:17:36,83.71,105.5,128.7,6.06,82.6,40.0,21.9
2026-04-15 03:17:36,84.2,115.1,137.2,5.68,81.5,52.3,21.9
2026-04-15 03:17:37,83.74,143.6,158.7,5.13,81.0,42.1,22.0
2026-04-15 03:17:37,83.93,104.3,120.4,6.23,81.0,46.0,22.0
2026-04-15 03:17:37,83.89,386.8,409.4,2.22,82.0,82.8,20.4
2026-04-15 03:17:37,83.86,128.2,151.2,4.82,81.0,41.0,20.4
2026-04-15 03:17:38,83.86,97.0,120.1,5.92,81.0,39.4,20.4
2026-04-15 03:17:38,83.89,99.7,122.2,5.91,81.5,44.1,20.5
2026-04-15 03:17:38,83.89,133.0,157.1,4.93,82.0,43.8,20.5
2026-04-15 03:17:38,83.66,121.3,144.3,5.4,81.5,48.0,20.5
2026-04-15 03:17:38,83.79,118.6,140.4,5.07,81.5,39.5,20.5
2026-04-15 03:17:38,83.86,109.2,121.6,6.35,81.5,46.8,20.5
2026-04-15 03:17:39,83.27,123.5,147.3,5.51,81.5,44.4,20.5
2026-04-15 03:17:39,84.14,124.9,146.4,4.99,81.5,40.3,20.5
2026-04-15 03:17:39,83.75,111.2,134.2,5.37,81.5,42.5,20.4
2026-04-15 03:17:39,84.0,124.3,136.8,5.56,81.5,53.4,20.5
2026-04-15 03:17:39,83.63,134.3,157.4,4.76,82.0,45.2,20.5
2026-04-15 03:17:40,83.68,114.6,137.5,5.56,81.5,42.3,20.5
2026-04-15 03:17:40,84.15,129.9,139.5,5.48,81.0,49.3,20.5
2026-04-15 03:17:40,83.87,97.7,120.7,5.97,82.0,42.6,20.5
2026-04-15 03:17:40,83.92,111.0,129.9,5.57,81.0,42.0,20.5
2026-04-15 03:17:40,84.44,100.3,118.8,6.42,82.0,48.3,20.5
2026-04-15 03:17:41,83.82,112.2,136.0,5.57,82.0,45.3,20.5
2026-04-15 03:17:41,83.89,110.6,127.9,6.1,81.0,50.0,20.5
2026-04-15 03:17:41,83.93,124.1,142.7,5.54,81.0,51.4,20.5
2026-04-15 03:17:41,83.71,123.6,146.6,5.01,82.0,42.9,20.5
2026-04-15 03:17:41,83.99,125.3,148.4,4.97,80.4,39.5,20.5
2026-04-15 03:17:41,84.19,104.6,127.7,5.57,80.4,45.3,20.6
2026-04-15 03:17:42,84.11,128.1,157.9,5.07,81.0,46.2,20.5
2026-04-15 03:17:42,84.09,135.7,158.6,5.0,81.5,42.9,20.5
2026-04-15 03:17:42,84.09,101.9,125.0,6.02,81.5,43.3,20.5
2026-04-15 03:17:42,83.86,110.6,132.8,5.7,80.4,43.3,20.5
2026-04-15 03:17:42,84.04,146.9,169.2,4.92,82.0,48.8,20.5
2026-04-15 03:17:43,83.9,103.4,121.6,6.41,81.0,47.0,20.5
2026-04-15 03:17:43,84.05,113.7,137.0,5.64,82.0,45.7,20.5
2026-04-15 03:17:43,83.87,112.2,133.5,5.96,82.0,44.6,20.5
2026-04-15 03:17:43,83.82,107.0,124.4,6.3,81.0,45.2,20.5
2026-04-15 03:17:43,83.79,131.6,154.5,5.22,81.5,44.0,20.5
2026-04-15 03:17:43,83.63,126.1,149.0,5.17,80.4,41.3,20.5
2026-04-15 03:17:44,83.67,117.5,140.7,5.22,81.0,44.3,20.6
2026-04-15 03:17:44,84.28,91.7,106.2,7.11,82.6,50.8,20.5
2026-04-15 03:17:44,83.88,146.9,170.6,4.5,80.4,43.5,20.6
2026-04-15 03:17:44,84.38,126.1,145.1,5.58,80.4,44.9,20.6
2026-04-15 03:17:44,83.87,119.0,141.4,5.2,81.0,41.8,20.6
2026-04-15 03:17:45,83.67,120.9,133.6,5.93,80.4,48.5,20.6
2026-04-15 03:17:45,84.2,110.0,133.9,5.27,81.5,41.3,20.6
2026-04-15 03:17:45,84.16,133.9,154.4,5.27,80.4,49.4,20.6
2026-04-15 03:17:45,84.34,154.7,177.7,4.52,81.0,48.3,20.6
2026-04-15 03:17:45,84.12,98.9,121.8,5.65,79.8,40.0,20.6
2026-04-15 03:17:45,84.06,129.7,147.4,5.06,82.0,43.7,20.6
2026-04-15 03:17:46,83.69,138.5,161.4,4.79,82.6,50.6,20.7
2026-04-15 03:17:46,83.7,88.1,110.4,6.67,81.5,44.1,20.7
2026-04-15 03:17:46,83.65,97.7,119.1,5.69,82.6,46.6,20.6
2026-04-15 03:17:46,83.76,101.7,122.5,5.86,82.6,44.9,20.6
2026-04-15 03:17:46,83.91,111.0,134.0,5.69,81.5,39.4,20.6
2026-04-15 03:17:47,84.0,130.1,150.6,5.39,82.0,43.8,20.6
2026-04-15 03:17:47,83.93,144.2,166.7,4.67,82.0,47.1,20.6
2026-04-15 03:17:47,84.16,126.0,147.3,5.51,81.5,43.7,20.6
2026-04-15 03:17:47,84.28,122.6,148.2,4.98,82.6,39.5,20.7
2026-04-15 03:17:47,84.09,146.8,171.9,4.5,81.5,44.3,20.7
2026-04-15 03:17:48,84.53,120.0,136.3,5.85,80.4,43.1,20.7
2026-04-15 03:17:48,84.29,123.2,136.8,5.83,82.0,45.6,20.6
2026-04-15 03:17:48,84.05,109.3,131.3,5.42,82.0,40.8,20.6
2026-04-15 03:17:48,84.16,113.4,136.3,5.86,81.0,48.6,20.6
2026-04-15 03:17:48,83.79,111.7,129.6,6.06,81.5,48.5,20.6
2026-04-15 03:17:48,84.39,136.0,156.0,5.24,82.0,51.4,20.7
2026-04-15 03:17:49,84.3,117.5,140.7,5.51,81.5,42.5,20.7
2026-04-15 03:17:49,84.22,120.1,132.6,5.92,81.5,50.0,20.7
2026-04-15 03:17:49,84.16,125.1,137.8,5.8,82.0,49.3,20.7
2026-04-15 03:17:49,84.34,113.3,136.8,5.28,82.0,39.2,20.7
2026-04-15 03:17:49,84.09,127.1,140.7,5.58,81.0,40.9,20.7
2026-04-15 03:17:50,84.0,113.7,141.5,5.19,81.5,39.4,20.7
2026-04-15 03:17:50,83.91,114.4,124.4,6.24,80.4,45.2,20.7
2026-04-15 03:17:50,84.46,120.2,137.2,5.79,82.0,46.2,20.8
2026-04-15 03:17:50,84.22,133.9,139.4,5.54,81.0,54.3,20.7
2026-04-15 03:17:50,83.96,129.2,152.3,5.13,81.0,43.2,20.7
2026-04-15 03:17:50,84.12,113.0,134.6,5.44,82.6,41.4,20.7
2026-04-15 03:17:51,84.42,105.3,123.0,6.31,81.0,42.6,20.7
2026-04-15 03:17:51,84.2,111.3,136.1,5.73,82.0,47.1,20.7
2026-04-15 03:17:51,84.1,128.7,147.5,5.49,81.5,45.2,20.7
2026-04-15 03:17:51,84.26,143.0,166.1,4.67,81.0,45.1,20.7
2026-04-15 03:17:51,84.48,100.4,124.8,6.26,82.6,44.4,20.7
2026-04-15 03:17:51,84.24,120.0,142.7,5.45,80.4,45.2,20.7
2026-04-15 03:17:52,84.21,102.4,114.5,6.71,81.5,48.3,20.7
2026-04-15 03:17:52,84.15,113.8,135.7,5.57,79.8,41.2,20.8
2026-04-15 03:17:52,84.35,118.4,135.0,5.88,82.6,50.7,20.8
2026-04-15 03:17:52,84.23,101.8,111.4,6.64,81.0,51.6,20.7
2026-04-15 03:17:52,84.21,131.0,151.4,5.09,82.0,50.6,20.8
2026-04-15 03:17:53,84.26,123.5,148.6,5.18,82.0,42.7,20.8
2026-04-15 03:17:53,83.88,112.4,134.4,5.35,82.0,44.6,20.8
2026-04-15 03:17:53,84.16,100.4,120.1,6.47,82.0,48.4,20.8
2026-04-15 03:17:53,84.38,90.0,110.5,6.4,80.4,44.4,20.8
2026-04-15 03:17:53,83.64,110.4,133.7,5.27,80.4,46.2,20.7
2026-04-15 03:17:53,83.92,98.4,116.4,6.59,80.4,46.7,20.7
2026-04-15 03:17:54,83.71,124.5,147.7,5.18,80.4,44.0,20.8
2026-04-15 03:17:54,84.17,141.2,163.8,4.63,81.5,45.9,20.8
2026-04-15 03:17:54,84.34,118.3,141.3,5.65,81.5,43.3,20.8
2026-04-15 03:17:54,84.05,122.5,139.7,5.73,79.8,47.9,20.8
2026-04-15 03:17:54,83.98,131.9,155.0,4.85,81.0,45.1,20.8
2026-04-15 03:17:54,84.21,95.7,118.8,6.12,81.5,44.9,20.8
2026-04-15 03:17:55,84.3,128.7,148.2,5.01,82.0,47.4,20.8
2026-04-15 03:17:55,84.45,125.5,148.5,5.09,81.5,41.9,20.8
2026-04-15 03:17:55,84.37,117.7,140.4,5.2,81.5,41.1,20.8
2026-04-15 03:17:55,84.53,138.3,152.8,5.32,81.5,49.3,20.8
2026-04-15 03:17:55,84.22,145.0,168.0,4.86,81.0,43.9,20.8
2026-04-15 03:17:56,84.14,128.1,148.2,5.47,82.0,50.7,20.9
2026-04-15 03:17:56,83.89,131.3,154.5,4.87,81.0,41.2,20.9
2026-04-15 03:17:56,84.07,113.0,136.2,5.51,81.5,42.9,20.9
2026-04-15 03:17:56,83.83,119.8,136.6,5.83,81.5,45.6,20.8
2026-04-15 03:17:56,84.45,117.3,129.3,5.95,81.5,57.4,20.9
2026-04-15 03:17:57,83.99,123.1,146.0,4.96,81.5,40.0,20.9
2026-04-15 03:17:57,83.81,136.7,159.7,4.69,81.5,39.8,20.9
2026-04-15 03:17:57,83.9,89.9,113.1,6.53,81.0,41.7,20.9
2026-04-15 03:17:57,83.86,98.7,121.5,5.71,81.0,42.9,20.9
2026-04-15 03:17:57,84.47,116.6,139.7,5.42,81.5,41.4,20.9
2026-04-15 03:17:57,83.86,120.3,134.3,5.88,81.0,44.4,20.9
2026-04-15 03:17:58,84.13,127.5,138.9,5.75,81.5,48.5,20.9
2026-04-15 03:17:58,83.74,126.7,149.7,5.02,81.5,40.5,20.9
2026-04-15 03:17:58,84.08,145.9,168.5,4.55,82.6,47.2,20.9
2026-04-15 03:17:58,84.21,103.8,122.7,6.35,82.0,46.0,20.9
2026-04-15 03:17:58,84.25,119.5,141.9,5.49,81.5,44.4,20.9
2026-04-15 03:17:59,84.34,105.6,117.5,6.55,80.4,48.3,20.9
2026-04-15 03:17:59,84.28,96.4,119.0,6.36,82.0,47.6,20.9
2026-04-15 03:17:59,84.12,106.9,129.7,5.64,81.5,38.8,20.9
2026-04-15 03:17:59,83.9,122.3,145.1,5.5,81.5,44.4,20.9
2026-04-15 03:17:59,84.16,144.2,167.2,4.51,81.5,43.3,20.9
2026-04-15 03:17:59,83.97,123.8,144.9,5.54,82.0,47.3,20.9
2026-04-15 03:18:00,84.6,153.6,174.9,4.37,81.0,44.4,20.9
2026-04-15 03:18:00,83.95,100.0,111.1,6.83,82.0,55.7,20.9
2026-04-15 03:18:00,84.44,94.7,117.7,6.2,82.6,41.9,20.9
2026-04-15 03:18:00,83.96,139.4,161.0,4.73,82.0,43.4,20.9
2026-04-15 03:18:00,83.95,135.5,158.5,5.11,81.0,45.3,20.9
2026-04-15 03:18:01,84.26,125.9,149.0,5.26,82.0,45.5,21.0
2026-04-15 03:18:01,84.07,108.7,131.7,5.48,81.0,44.4,21.0
2026-04-15 03:18:01,84.06,125.5,148.2,5.45,82.6,45.3,21.0
2026-04-15 03:18:01,84.11,129.6,152.5,4.91,81.5,46.9,21.0
2026-04-15 03:18:01,84.44,130.3,153.4,4.98,79.8,45.1,21.0
2026-04-15 03:18:02,83.82,150.6,171.8,4.54,82.6,41.9,21.0
2026-04-15 03:18:02,84.14,113.7,128.8,6.12,82.6,49.3,21.0
2026-04-15 03:18:02,84.13,114.3,131.1,5.95,82.6,39.0,21.0
2026-04-15 03:18:02,83.86,118.8,137.8,5.81,83.2,44.8,21.0
2026-04-15 03:18:02,84.11,151.6,174.8,4.32,82.0,40.7,21.0
2026-04-15 03:18:02,83.97,89.9,103.0,7.21,82.0,46.3,21.1
2026-04-15 03:18:03,84.29,96.4,117.8,5.8,82.6,49.3,21.1
2026-04-15 03:18:03,84.16,155.5,178.4,4.45,82.0,46.6,21.0
2026-04-15 03:18:03,84.32,125.0,147.1,4.93,82.6,38.5,21.0
2026-04-15 03:18:03,84.14,127.5,149.7,4.95,81.0,40.5,21.0
2026-04-15 03:18:03,84.23,108.6,131.6,5.53,80.4,42.3,21.1
2026-04-15 03:18:04,83.97,145.6,168.6,4.91,81.0,42.9,21.1
2026-04-15 03:18:04,83.85,96.3,115.8,6.64,81.5,45.8,21.1
2026-04-15 03:18:04,84.13,125.6,148.5,5.09,80.4,42.5,21.1
2026-04-15 03:18:04,84.0,124.8,143.5,5.03,81.5,43.2,21.1
2026-04-15 03:18:04,83.93,106.4,129.2,5.52,81.5,42.9,21.0
2026-04-15 03:18:05,84.22,114.7,137.5,5.72,81.5,51.4,21.1
2026-04-15 03:18:05,83.79,96.2,115.3,6.67,81.5,49.2,21.1
2026-04-15 03:18:05,83.95,120.9,141.7,5.27,81.5,45.8,21.1
2026-04-15 03:18:05,84.1,100.8,111.8,6.82,82.0,44.4,21.1
2026-04-15 03:18:05,83.78,141.5,164.7,4.83,81.0,39.0,21.1
2026-04-15 03:18:05,83.85,131.0,152.2,5.28,82.0,45.9,21.1
2026-04-15 03:18:06,84.1,138.0,158.9,4.84,83.2,47.6,21.1
2026-04-15 03:18:06,83.42,123.2,146.4,5.4,82.0,45.3,21.1
2026-04-15 03:18:06,83.82,123.0,146.2,5.0,81.5,44.3,21.1
2026-04-15 03:18:06,83.87,112.5,135.9,5.28,82.0,42.9,21.1
2026-04-15 03:18:06,83.95,122.0,143.9,5.56,82.0,44.4,21.1
2026-04-15 03:18:07,84.14,107.4,126.6,5.49,82.0,43.8,21.1
2026-04-15 03:18:07,84.42,104.8,127.6,6.15,82.0,46.2,21.1
2026-04-15 03:18:07,84.12,98.8,123.1,6.18,82.6,49.3,21.1
2026-04-15 03:18:07,83.98,123.4,148.8,5.2,82.0,40.3,21.2
2026-04-15 03:18:07,83.82,115.5,138.6,5.27,81.0,39.7,21.2
2026-04-15 03:18:07,84.41,110.0,127.0,6.18,82.0,47.6,21.2
2026-04-15 03:18:08,84.35,155.1,177.5,4.71,82.6,46.3,21.2
2026-04-15 03:18:08,84.39,141.3,164.1,4.58,81.5,40.7,21.2
2026-04-15 03:18:08,84.24,112.8,134.0,5.83,81.5,39.1,21.2
2026-04-15 03:18:08,84.23,131.6,145.7,5.39,80.4,47.4,21.2
2026-04-15 03:18:08,84.5,147.6,169.6,4.63,82.0,41.7,21.2
2026-04-15 03:18:09,84.29,109.8,127.2,6.17,81.0,46.2,21.2
2026-04-15 03:18:09,84.01,94.4,115.2,6.6,81.5,49.2,21.2
2026-04-15 03:18:09,84.3,119.6,142.4,5.21,81.5,42.9,21.3
2026-04-15 03:18:09,83.8,99.7,112.0,6.82,82.0,49.2,21.3
2026-04-15 03:18:09,84.3,124.5,147.2,5.23,82.6,49.4,21.3
2026-04-15 03:18:10,84.07,135.0,158.2,4.75,81.5,43.2,21.3
2026-04-15 03:18:10,84.34,103.6,126.7,5.94,81.0,42.6,21.3
2026-04-15 03:18:10,84.47,112.3,131.8,5.68,82.0,47.1,21.3
2026-04-15 03:18:10,84.71,99.9,118.7,6.52,82.6,46.8,21.3
2026-04-15 03:18:10,84.38,116.5,138.4,5.45,81.5,44.3,21.2
2026-04-15 03:18:10,84.21,113.1,128.5,6.13,82.0,47.8,21.2
2026-04-15 03:18:11,84.35,122.7,136.4,5.68,82.0,47.8,21.2
2026-04-15 03:18:11,84.49,139.6,161.7,4.6,81.0,45.9,21.2
2026-04-15 03:18:11,84.28,115.7,138.8,5.7,82.0,42.9,21.2
2026-04-15 03:18:11,84.38,134.3,138.4,5.36,82.0,52.2,21.2
2026-04-15 03:18:11,83.96,110.6,133.7,5.73,82.0,43.5,21.2
2026-04-15 03:18:11,84.14,116.8,131.3,5.79,81.5,44.1,21.2
2026-04-15 03:18:12,84.0,108.3,122.0,6.32,80.4,48.4,21.2
2026-04-15 03:18:12,84.54,115.3,137.9,5.75,82.0,44.1,21.2
2026-04-15 03:18:12,84.27,96.5,111.5,6.73,82.6,50.0,21.2
2026-04-15 03:18:12,84.25,141.0,164.1,4.76,82.6,40.2,21.2
2026-04-15 03:18:12,84.37,96.7,119.6,6.42,82.0,45.2,21.2
2026-04-15 03:18:12,83.81,103.7,122.3,5.75,82.6,52.9,21.2
2026-04-15 03:18:13,84.37,137.1,163.7,4.91,82.6,41.2,21.2
2026-04-15 03:18:13,84.27,110.3,131.1,5.91,82.6,41.8,21.2
2026-04-15 03:18:13,83.98,119.0,140.9,5.7,81.5,46.6,21.2
2026-04-15 03:18:13,83.9,104.5,117.6,6.53,83.2,51.6,21.2
2026-04-15 03:18:13,82.8,91.9,114.1,6.54,82.0,47.5,21.2
2026-04-15 03:18:14,83.34,118.7,141.1,5.16,82.0,40.3,21.2
2026-04-15 03:18:14,84.22,100.8,113.8,6.74,82.0,47.5,21.2
2026-04-15 03:18:14,83.95,155.9,179.1,4.51,82.6,47.2,21.2
2026-04-15 03:18:14,84.55,125.2,148.3,4.94,81.0,39.5,21.2
2026-04-15 03:18:14,83.8,123.1,146.2,5.05,81.0,41.6,21.2
2026-04-15 03:18:14,84.33,114.2,137.1,5.24,81.5,38.7,21.3
2026-04-15 03:18:15,82.23,115.8,132.8,5.95,82.0,47.0,21.3
2026-04-15 03:18:15,79.16,117.5,133.1,5.93,82.6,52.8,21.3
2026-04-15 03:18:15,80.49,135.9,148.6,5.41,81.5,48.6,21.3
2026-04-15 03:18:15,79.09,132.7,156.0,5.08,82.6,43.0,21.3
2026-04-15 03:18:15,77.56,146.1,169.0,4.69,81.5,45.1,21.3
2026-04-15 03:18:16,83.92,105.6,126.6,6.18,82.0,41.3,21.3
2026-04-15 03:18:16,83.69,150.8,161.9,4.77,81.0,54.9,21.4
2026-04-15 03:18:16,83.49,132.3,147.0,5.52,82.0,43.3,21.3
2026-04-15 03:18:16,83.28,109.0,133.9,5.6,80.4,42.6,21.3
2026-04-15 03:18:16,83.82,92.9,111.9,6.74,82.6,46.7,21.4
2026-04-15 03:18:17,84.08,128.1,152.9,4.91,81.5,42.7,21.4
2026-04-15 03:18:17,83.68,115.5,138.8,5.38,81.0,46.1,21.4
2026-04-15 03:18:17,84.22,119.6,135.0,5.87,82.6,46.3,21.4
2026-04-15 03:18:17,83.97,113.2,125.2,6.24,82.6,46.8,21.4
2026-04-15 03:18:17,84.25,134.8,153.6,5.3,81.5,50.0,21.4
2026-04-15 03:18:17,84.11,129.3,150.5,5.16,81.5,49.4,21.4
2026-04-15 03:18:18,83.97,137.8,160.9,4.8,82.0,40.7,21.4
2026-04-15 03:18:18,83.73,106.8,129.8,5.92,83.2,44.6,21.4
2026-04-15 03:18:18,83.8,112.7,136.8,5.74,82.0,43.3,21.4
2026-04-15 03:18:18,83.99,155.0,172.9,4.82,82.6,39.7,21.4
2026-04-15 03:18:18,83.7,147.1,172.4,4.4,82.6,44.9,21.4
2026-04-15 03:18:19,83.85,96.2,112.7,6.81,82.6,43.9,21.4
2026-04-15 03:18:19,83.77,121.8,144.6,5.2,81.0,42.1,21.4
2026-04-15 03:18:19,84.24,140.2,163.0,4.55,82.0,39.5,21.4
2026-04-15 03:18:19,83.9,128.6,151.6,5.36,82.0,46.6,21.4
2026-04-15 03:18:19,84.19,127.1,147.7,5.03,82.0,46.2,21.4
2026-04-15 03:18:20,84.22,110.4,133.2,5.46,80.4,40.0,21.4
2026-04-15 03:18:20,83.87,126.8,145.3,5.46,81.5,44.3,21.4
2026-04-15 03:18:20,84.15,152.8,175.3,4.42,81.5,43.8,21.4
2026-04-15 03:18:20,84.25,90.2,102.7,7.29,83.2,47.3,21.4
2026-04-15 03:18:20,84.18,116.0,135.7,5.19,82.6,47.4,21.5
2026-04-15 03:18:20,84.01,118.2,132.6,5.92,82.0,44.6,21.5
2026-04-15 03:18:21,83.68,120.2,132.6,5.95,82.6,47.1,21.5
2026-04-15 03:18:21,83.86,135.2,158.1,4.65,81.5,49.4,21.5
2026-04-15 03:18:21,84.23,136.0,159.0,4.98,82.6,40.5,21.5
2026-04-15 03:18:21,83.83,163.0,186.1,4.41,82.0,40.9,21.5
2026-04-15 03:18:21,83.72,125.4,149.4,5.08,82.6,42.3,21.5
2026-04-15 03:18:22,83.77,103.0,127.3,5.63,82.0,43.7,21.5
2026-04-15 03:18:22,83.78,122.8,142.4,5.39,83.2,44.6,21.5
2026-04-15 03:18:22,83.39,126.9,149.1,4.89,83.2,46.8,21.5
2026-04-15 03:18:22,83.73,120.6,143.1,5.19,81.5,43.6,21.5
2026-04-15 03:18:22,83.85,98.3,121.4,5.63,80.4,42.9,21.5
2026-04-15 03:18:23,84.15,120.8,143.7,5.29,82.6,43.8,21.6
2026-04-15 03:18:23,83.8,120.2,143.1,5.01,82.0,40.3,21.6
2026-04-15 03:18:23,84.18,165.4,177.0,4.73,81.5,50.0,21.6
2026-04-15 03:18:23,84.17,131.7,154.8,5.01,82.0,40.8,21.6
2026-04-15 03:18:23,84.56,101.3,124.7,5.88,82.6,43.5,21.5
2026-04-15 03:18:24,84.24,118.5,138.8,5.45,81.5,45.1,21.6
2026-04-15 03:18:24,83.67,131.5,144.3,5.56,82.0,41.8,21.6
2026-04-15 03:18:24,83.77,119.4,143.4,5.3,82.0,41.1,21.6
2026-04-15 03:18:24,84.21,101.6,124.7,5.53,81.5,39.1,21.6
2026-04-15 03:18:24,84.24,138.6,160.7,4.91,82.0,49.4,21.6
2026-04-15 03:18:24,83.73,98.1,119.5,6.28,81.0,44.4,21.6
2026-04-15 03:18:25,83.63,122.1,143.9,5.23,81.5,43.2,21.6
2026-04-15 03:18:25,83.97,144.0,152.1,5.32,82.6,52.0,21.6
2026-04-15 03:18:25,83.42,105.9,126.5,6.18,82.0,43.5,21.6
2026-04-15 03:18:25,83.62,114.4,135.1,5.66,82.6,43.5,21.6
2026-04-15 03:18:25,83.71,108.4,122.6,6.28,81.0,43.5,21.7
2026-04-15 03:18:25,83.59,112.8,134.3,5.86,82.6,46.3,21.7
2026-04-15 03:18:26,83.91,125.1,143.1,5.59,81.5,45.7,21.7
2026-04-15 03:18:26,83.97,131.1,153.5,4.85,82.6,43.7,21.7
2026-04-15 03:18:26,83.05,120.3,142.8,5.29,80.4,45.1,21.6
2026-04-15 03:18:26,83.37,113.6,125.9,6.22,81.5,47.8,21.6
2026-04-15 03:18:26,82.96,93.1,108.4,6.9,82.0,49.1,21.6
2026-04-15 03:18:27,84.18,114.3,137.2,5.33,82.6,43.2,21.7
2026-04-15 03:18:27,83.23,138.3,155.0,5.24,82.6,45.3,21.7
2026-04-15 03:18:27,83.69,146.4,169.4,4.81,81.5,49.4,21.7
2026-04-15 03:18:27,84.12,132.7,151.0,5.37,82.6,45.3,21.7
2026-04-15 03:18:27,84.45,127.5,150.5,5.14,82.0,46.2,21.7
2026-04-15 03:18:28,83.86,162.8,185.1,4.23,81.0,42.6,21.7
2026-04-15 03:18:28,83.66,139.1,162.7,4.78,81.0,39.5,21.7
2026-04-15 03:18:28,84.25,115.7,138.9,5.67,81.5,46.1,21.7
2026-04-15 03:18:28,83.98,116.0,131.2,6.01,81.5,44.8,21.7
2026-04-15 03:18:28,84.12,94.4,110.7,6.89,83.2,49.1,21.7
2026-04-15 03:18:28,84.06,111.9,133.1,5.44,81.0,39.4,21.7
2026-04-15 03:18:29,83.53,139.5,160.3,5.14,81.5,49.3,21.7
2026-04-15 03:18:29,83.82,124.3,144.9,5.42,81.5,44.4,21.7
2026-04-15 03:18:29,83.85,108.3,126.5,5.43,83.2,45.2,21.7
2026-04-15 03:18:29,83.72,118.5,141.6,5.6,82.6,44.4,21.7
2026-04-15 03:18:29,83.33,111.8,121.7,6.31,83.2,49.2,21.7
2026-04-15 03:18:30,83.16,111.4,133.5,5.95,83.2,48.5,21.7
2026-04-15 03:18:30,83.84,118.5,137.7,5.81,82.6,43.9,21.7
2026-04-15 03:18:30,84.13,115.7,132.2,5.97,81.0,51.5,21.7
2026-04-15 03:18:30,83.56,130.0,138.4,5.64,82.6,57.1,21.7
2026-04-15 03:18:30,83.81,121.7,145.6,5.21,82.0,41.3,21.7
2026-04-15 03:18:30,83.93,105.0,128.0,5.49,82.6,39.1,21.7
2026-04-15 03:18:31,84.24,118.4,141.3,5.55,82.6,43.5,21.7
2026-04-15 03:18:31,83.77,108.7,122.0,6.37,82.0,50.8,21.7
2026-04-15 03:18:31,84.11,123.0,148.8,5.42,81.5,45.1,21.7
2026-04-15 03:18:31,84.06,133.9,157.0,4.83,82.0,47.5,21.7
2026-04-15 03:18:31,83.9,152.5,175.3,4.58,82.6,41.2,21.7
2026-04-15 03:18:32,83.77,129.3,142.1,5.65,83.7,47.1,21.7
2026-04-15 03:18:32,83.9,144.7,167.2,4.65,81.5,45.1,21.7
2026-04-15 03:18:32,84.39,143.6,163.1,5.03,84.2,50.6,21.7
2026-04-15 03:18:32,83.96,133.2,155.3,5.28,83.2,48.7,21.7
2026-04-15 03:18:32,84.11,143.1,164.3,4.76,82.0,43.5,21.7
2026-04-15 03:18:33,84.09,107.1,129.5,6.1,82.6,43.7,21.7
2026-04-15 03:18:33,84.28,121.4,144.3,5.51,83.7,45.1,21.8
2026-04-15 03:18:33,84.27,104.3,126.7,5.45,82.6,41.4,21.7
2026-04-15 03:18:33,83.99,146.8,170.0,4.81,82.0,43.5,21.7
2026-04-15 03:18:33,84.07,105.9,123.6,6.3,82.6,44.3,21.7
2026-04-15 03:18:33,84.32,95.2,119.3,6.38,82.6,47.6,21.7
2026-04-15 03:18:34,84.59,132.0,146.2,4.93,82.0,51.8,21.8
2026-04-15 03:18:34,83.62,123.3,146.3,5.23,81.5,42.5,21.8
2026-04-15 03:18:34,83.52,119.8,139.2,5.09,82.0,37.8,21.8
2026-04-15 03:18:34,83.63,104.7,125.5,5.42,82.6,40.0,21.8
2026-04-15 03:18:34,84.47,94.7,117.1,6.39,81.5,44.3,21.8
2026-04-15 03:18:35,83.97,136.3,159.4,4.8,81.5,39.7,21.8
2026-04-15 03:18:35,83.99,119.4,142.3,5.47,83.2,43.7,21.8
2026-04-15 03:18:35,84.23,132.4,144.5,5.57,81.0,49.3,21.8
2026-04-15 03:18:35,84.35,123.9,147.0,5.22,82.0,41.1,21.8
2026-04-15 03:18:35,84.24,140.9,145.0,5.43,81.5,55.4,21.8
2026-04-15 03:18:35,84.23,88.5,111.3,6.81,83.2,49.2,21.8
2026-04-15 03:18:36,83.83,145.2,169.4,4.43,82.6,46.6,21.8
2026-04-15 03:18:36,83.9,119.8,136.7,5.8,81.5,44.1,21.8
2026-04-15 03:18:36,84.53,125.2,147.1,4.87,81.0,40.5,21.8
2026-04-15 03:18:36,84.03,127.3,148.8,4.95,81.5,42.5,21.9
2026-04-15 03:18:36,83.5,118.3,140.3,5.2,82.6,46.9,21.9
2026-04-15 03:18:37,84.2,131.6,142.2,5.6,82.0,43.5,21.9
2026-04-15 03:18:37,84.13,133.4,151.6,4.95,82.0,50.0,21.9
2026-04-15 03:18:37,84.61,111.4,134.2,5.63,82.0,44.1,21.9
2026-04-15 03:18:37,84.23,115.0,133.6,5.87,82.6,47.1,21.9
2026-04-15 03:18:37,83.6,147.8,164.4,5.01,83.2,47.4,21.9
2026-04-15 03:18:38,84.34,115.1,132.5,5.97,81.5,45.5,21.9
2026-04-15 03:18:38,84.17,112.2,128.2,6.09,82.0,47.7,21.9
2026-04-15 03:18:38,84.41,117.8,136.9,5.83,82.6,46.2,21.9
2026-04-15 03:18:38,84.14,125.5,141.7,5.67,83.2,54.3,21.9
2026-04-15 03:18:38,84.25,97.4,119.0,5.89,83.7,41.5,21.9
2026-04-15 03:18:38,83.82,142.7,165.3,4.72,82.0,42.7,22.0
2026-04-15 03:18:39,84.02,124.5,146.8,5.49,82.6,45.8,22.0
2026-04-15 03:18:39,84.01,135.7,158.7,4.75,82.0,42.9,22.0
2026-04-15 03:18:39,83.86,126.2,149.2,5.26,83.2,40.3,22.0
2026-04-15 03:18:39,83.88,100.0,121.2,5.76,82.6,48.6,21.9
2026-04-15 03:18:39,83.97,122.6,144.9,5.27,82.0,38.0,21.9
2026-04-15 03:18:40,84.35,121.5,128.3,5.92,81.5,54.7,22.0
2026-04-15 03:18:40,84.48,109.3,131.8,5.43,82.6,46.1,22.0
2026-04-15 03:18:40,84.12,112.1,132.1,5.89,82.6,52.9,22.0
2026-04-15 03:18:40,84.22,103.8,120.7,6.33,82.0,46.7,22.0
2026-04-15 03:18:40,84.36,127.0,148.0,5.27,82.6,44.0,22.0
2026-04-15 03:18:40,83.97,123.3,145.6,5.09,82.6,40.0,22.0
2026-04-15 03:18:41,84.25,108.4,131.4,5.41,83.7,43.1,22.0
2026-04-15 03:18:41,84.3,113.2,132.8,5.83,82.0,51.4,22.0
2026-04-15 03:18:41,84.15,117.4,136.2,5.84,82.6,45.5,22.0
2026-04-15 03:18:41,83.63,116.2,131.8,5.94,82.0,50.8,22.0
2026-04-15 03:18:41,84.48,122.4,129.1,5.88,83.2,49.3,22.0
2026-04-15 03:18:41,84.26,125.4,148.2,4.94,83.2,43.9,22.0
2026-04-15 03:18:42,84.34,119.8,142.2,5.15,83.2,44.2,22.1
2026-04-15 03:18:42,84.18,123.6,135.8,5.87,83.7,47.8,22.1
2026-04-15 03:18:42,83.68,96.9,116.1,5.78,82.0,42.6,22.1
2026-04-15 03:18:42,83.78,121.5,146.5,5.16,82.6,45.2,22.1
2026-04-15 03:18:42,83.73,138.8,160.1,4.65,82.6,45.3,22.1
2026-04-15 03:18:43,83.82,111.2,131.3,5.8,82.0,45.8,22.1
2026-04-15 03:18:43,84.34,143.4,165.0,5.02,83.2,44.9,22.0
2026-04-15 03:18:43,83.68,113.2,135.4,5.9,82.0,43.3,22.0
2026-04-15 03:18:43,83.68,151.8,168.3,4.89,83.2,47.6,22.0
2026-04-15 03:18:43,84.44,124.3,138.6,5.78,82.6,44.9,22.0
2026-04-15 03:18:44,84.64,140.8,162.5,4.63,82.6,41.9,22.0
2026-04-15 03:18:44,83.17,121.6,143.2,5.53,81.0,42.3,22.0
2026-04-15 03:18:44,83.95,108.2,134.8,5.25,82.6,50.6,22.1
2026-04-15 03:18:44,83.87,145.8,165.8,5.0,82.6,45.2,22.1
2026-04-15 03:18:44,83.65,117.0,138.4,5.77,82.0,41.2,22.1
2026-04-15 03:18:44,84.26,123.7,134.7,5.84,82.6,49.3,22.1
2026-04-15 03:18:45,84.31,143.0,168.0,4.52,84.8,41.4,22.1
2026-04-15 03:18:45,83.49,129.8,147.7,5.42,81.5,45.7,22.1
2026-04-15 03:18:45,83.92,138.1,161.0,4.81,82.6,46.3,22.1
2026-04-15 03:18:45,83.1,119.8,142.8,5.5,82.0,46.5,22.1
2026-04-15 03:18:45,84.25,120.1,131.5,5.99,83.2,49.3,22.1
2026-04-15 03:18:46,83.94,130.8,143.3,5.62,83.7,51.4,22.1
2026-04-15 03:18:46,83.84,109.4,131.2,5.62,83.7,44.3,22.1
2026-04-15 03:18:46,83.66,115.5,137.3,5.79,82.0,47.8,22.1
2026-04-15 03:18:46,83.65,110.1,127.0,6.2,83.2,49.2,22.1
2026-04-15 03:18:46,84.19,97.2,119.1,6.51,83.2,47.5,22.1
2026-04-15 03:18:46,83.97,125.4,148.4,5.1,82.6,43.7,22.1
2026-04-15 03:18:47,84.11,148.3,171.5,4.51,83.2,43.8,22.1
2026-04-15 03:18:47,83.95,165.6,180.6,4.61,83.2,47.7,22.1
2026-04-15 03:18:47,84.11,121.7,144.7,5.29,82.0,35.8,22.1
2026-04-15 03:18:47,83.85,136.9,159.9,4.65,82.0,43.0,22.1
2026-04-15 03:18:48,84.27,120.8,143.8,5.43,83.7,41.4,22.1
2026-04-15 03:18:48,84.0,108.4,129.0,5.28,82.6,44.6,22.1
2026-04-15 03:18:48,84.0,119.1,141.1,5.7,81.5,42.0,22.1
2026-04-15 03:18:48,83.86,125.3,138.1,5.78,82.0,52.3,22.2
2026-04-15 03:18:48,84.07,114.8,137.8,5.29,82.6,42.7,22.2
2026-04-15 03:18:48,84.34,94.8,111.3,6.82,83.2,47.3,22.2
2026-04-15 03:18:49,84.39,109.1,132.1,5.53,83.2,45.9,22.2
2026-04-15 03:18:49,84.64,149.5,172.4,4.83,83.2,45.8,22.2
2026-04-15 03:18:49,84.09,117.0,133.9,5.93,82.0,47.0,22.2
2026-04-15 03:18:49,84.24,115.0,128.6,6.12,83.2,47.6,22.2
2026-04-15 03:18:49,83.89,144.9,164.1,5.04,82.0,44.7,22.2
2026-04-15 03:18:49,83.87,109.6,126.6,6.15,83.2,44.6,22.2
2026-04-15 03:18:50,84.4,150.2,167.8,4.83,82.6,49.4,22.3
2026-04-15 03:18:50,84.38,138.2,153.2,5.32,83.7,48.6,22.3
2026-04-15 03:18:50,84.47,107.7,130.7,5.9,83.2,41.3,22.3
2026-04-15 03:18:50,84.02,118.1,139.2,5.65,81.5,50.0,22.3
2026-04-15 03:18:50,83.92,106.2,117.1,6.46,81.5,49.2,22.3
2026-04-15 03:18:51,84.11,110.2,132.2,5.86,82.6,44.8,22.3
2026-04-15 03:18:51,84.24,125.4,152.5,5.34,82.0,48.6,22.3
2026-04-15 03:18:51,84.17,124.2,146.7,5.18,82.0,46.8,22.3
2026-04-15 03:18:51,84.23,127.8,150.4,4.91,83.2,45.0,22.3
2026-04-15 03:18:51,84.49,143.2,166.5,4.6,83.2,44.0,22.3
2026-04-15 03:18:52,84.16,127.6,148.1,5.48,83.2,42.9,22.4
2026-04-15 03:18:52,83.65,153.0,175.8,4.44,83.2,44.3,22.4
2026-04-15 03:18:52,84.07,134.8,147.5,5.5,83.2,49.3,22.4
2026-04-15 03:18:52,84.33,129.1,152.0,5.16,83.2,42.9,22.4
2026-04-15 03:18:52,83.43,145.3,168.6,4.59,82.0,42.9,22.4
2026-04-15 03:18:52,83.85,95.5,113.1,6.67,82.6,42.9,22.4
2026-04-15 03:18:53,83.93,122.6,144.8,5.17,82.0,45.3,22.4
2026-04-15 03:18:53,84.14,144.2,167.2,4.53,83.2,44.9,22.4
2026-04-15 03:18:53,84.14,161.1,182.8,4.61,82.6,48.3,22.4
2026-04-15 03:18:53,84.35,112.3,137.5,5.35,82.0,40.5,22.4
2026-04-15 03:18:53,84.66,108.8,128.0,6.16,83.2,48.5,22.4
2026-04-15 03:18:54,84.2,162.4,184.2,4.56,82.0,46.0,22.4
2026-04-15 03:18:54,84.2,117.6,140.5,5.33,83.7,39.4,22.4
2026-04-15 03:18:54,83.64,142.0,152.2,5.23,82.0,47.4,22.4
2026-04-15 03:18:54,83.7,110.5,133.3,5.94,82.0,47.0,22.4
2026-04-15 03:18:54,83.42,163.4,184.1,4.55,82.6,48.8,22.4
2026-04-15 03:18:55,83.52,135.9,158.7,4.86,82.6,44.0,22.4
2026-04-15 03:18:55,84.13,128.3,150.9,5.2,82.0,46.7,22.4
2026-04-15 03:18:55,83.58,144.5,167.2,4.62,82.0,42.7,22.4
2026-04-15 03:18:55,84.38,116.4,139.3,5.76,82.0,40.9,22.3
2026-04-15 03:18:55,83.98,135.1,150.1,5.4,82.6,48.6,22.3
2026-04-15 03:18:56,84.2,91.8,114.7,6.46,83.2,47.7,22.4
2026-04-15 03:18:56,83.71,153.6,176.0,4.37,82.0,44.0,22.4
2026-04-15 03:18:56,83.72,147.3,170.4,4.41,83.2,47.8,22.4
2026-04-15 03:18:56,83.97,99.8,114.6,6.56,82.0,46.7,22.4
2026-04-15 03:18:56,84.2,149.9,172.9,4.6,81.0,46.0,22.4
2026-04-15 03:18:57,83.48,112.6,130.0,6.09,82.6,48.5,22.4
2026-04-15 03:18:57,84.07,124.7,140.6,5.66,83.2,47.1,22.4
2026-04-15 03:18:57,84.16,131.7,158.8,4.75,82.0,41.5,22.4
2026-04-15 03:18:57,83.9,148.2,171.1,4.71,83.2,42.4,22.4
2026-04-15 03:18:57,83.58,125.8,140.6,5.61,82.6,50.7,22.4
2026-04-15 03:18:58,84.14,108.3,130.9,5.51,83.2,45.2,22.4
2026-04-15 03:18:58,84.26,117.8,139.6,5.67,83.2,45.7,22.4
2026-04-15 03:18:58,84.77,119.1,135.4,5.89,82.6,45.3,22.5
2026-04-15 03:18:58,84.45,115.1,126.1,6.21,82.6,46.8,22.5
2026-04-15 03:18:58,84.23,163.0,189.1,4.37,83.2,48.9,22.4
2026-04-15 03:18:58,83.84,111.1,131.3,6.0,83.2,44.6,22.4
2026-04-15 03:18:59,84.17,94.8,115.5,6.64,83.2,47.5,22.4
2026-04-15 03:18:59,84.25,130.3,147.7,4.94,83.2,46.3,22.4
2026-04-15 03:18:59,83.85,108.7,131.5,5.62,84.2,41.4,22.4
2026-04-15 03:18:59,84.05,119.2,142.2,5.65,83.2,48.5,22.5
2026-04-15 03:18:59,83.48,109.3,121.1,6.38,83.2,47.6,22.5
2026-04-15 03:18:59,83.28,128.9,152.6,5.32,81.5,44.4,22.5
2026-04-15 03:19:00,83.27,124.5,147.3,5.16,82.0,40.0,22.5
2026-04-15 03:19:00,82.89,150.9,157.4,5.18,83.2,50.7,22.5
2026-04-15 03:19:00,83.31,116.5,128.5,6.04,82.6,45.5,22.5
2026-04-15 03:19:00,83.91,123.4,138.2,5.76,82.0,51.4,22.5
2026-04-15 03:19:00,84.4,125.4,147.8,4.95,82.6,40.5,22.5
2026-04-15 03:19:01,84.23,130.5,137.1,5.82,82.6,49.3,22.5
2026-04-15 03:19:01,83.22,178.2,199.4,4.03,82.0,48.4,22.5
2026-04-15 03:19:01,83.8,101.5,123.9,6.31,83.2,46.2,22.5
2026-04-15 03:19:01,84.17,146.4,169.2,4.77,83.2,47.6,22.5
2026-04-15 03:19:01,83.61,115.5,136.1,5.85,82.6,46.3,22.5
2026-04-15 03:19:02,83.67,108.2,122.3,6.37,83.2,48.4,22.5
2026-04-15 03:19:02,83.96,112.3,135.2,5.86,82.6,49.3,22.6
2026-04-15 03:19:02,83.93,106.1,125.9,6.23,83.2,52.9,22.6
2026-04-15 03:19:02,84.61,116.0,138.9,5.67,83.2,44.9,22.6
2026-04-15 03:19:02,84.04,112.5,120.1,6.1,84.8,58.5,22.6
2026-04-15 03:19:02,83.68,112.2,131.1,6.04,82.6,45.3,22.6
2026-04-15 03:19:03,83.99,108.7,127.9,6.14,83.2,47.0,22.6
2026-04-15 03:19:03,84.05,150.2,171.6,4.8,83.2,41.2,22.6
2026-04-15 03:19:03,84.28,126.7,139.3,5.67,83.2,46.3,22.6
2026-04-15 03:19:03,83.93,122.6,145.5,5.11,83.2,44.9,22.6
2026-04-15 03:19:03,83.48,106.1,128.9,5.44,81.5,41.7,22.6
2026-04-15 03:19:03,83.58,123.0,145.7,5.45,83.2,45.3,22.6
2026-04-15 03:19:04,84.33,153.5,176.5,4.33,83.2,46.0,22.6
2026-04-15 03:19:04,83.96,119.8,139.5,5.03,82.6,43.7,22.6
2026-04-15 03:19:04,84.04,109.8,121.4,6.39,82.6,50.8,22.6
2026-04-15 03:19:04,83.58,132.5,154.9,5.28,83.2,47.4,22.6
2026-04-15 03:19:04,83.9,103.9,126.8,5.84,83.2,40.9,22.6
2026-04-15 03:19:05,83.36,115.2,138.2,5.63,83.2,45.7,22.7
2026-04-15 03:19:05,83.83,135.4,148.0,5.35,83.2,50.7,22.7
2026-04-15 03:19:05,84.02,119.0,142.1,5.45,82.0,45.2,22.7
2026-04-15 03:19:05,83.61,120.4,129.2,5.96,83.2,45.5,22.7
2026-04-15 03:19:05,83.95,148.8,160.1,5.1,83.2,52.6,22.7
2026-04-15 03:19:06,83.99,118.9,134.8,5.9,83.2,47.1,22.7
2026-04-15 03:19:06,84.16,122.0,134.4,5.9,83.2,54.4,22.7
2026-04-15 03:19:06,83.61,134.8,158.3,4.69,83.2,43.4,22.7
2026-04-15 03:19:06,83.87,102.9,126.0,5.98,82.0,45.6,22.7
2026-04-15 03:19:06,83.84,128.0,150.4,5.22,83.7,45.3,22.7
2026-04-15 03:19:06,83.73,114.2,136.0,5.37,82.6,43.1,22.7
2026-04-15 03:19:07,83.8,130.8,151.3,5.37,82.0,44.6,22.7
2026-04-15 03:19:07,83.73,141.8,167.9,4.7,83.2,50.6,22.7
2026-04-15 03:19:07,84.05,116.6,137.0,5.83,82.6,46.5,22.7
2026-04-15 03:19:07,84.24,158.4,173.4,4.81,82.6,46.3,22.7
2026-04-15 03:19:07,83.96,118.8,140.6,5.16,82.6,43.6,22.7
2026-04-15 03:19:08,83.61,106.9,118.5,6.5,82.6,47.5,22.7
2026-04-15 03:19:08,84.02,129.4,150.4,5.31,82.0,41.7,22.7
2026-04-15 03:19:08,83.34,135.9,159.1,4.8,82.6,45.9,22.8
2026-04-15 03:19:08,83.98,123.4,144.9,5.39,81.5,45.9,22.8
2026-04-15 03:19:08,84.34,118.4,126.6,6.13,83.2,46.0,22.8
2026-04-15 03:19:09,84.04,151.6,163.6,5.04,83.7,52.0,22.8
2026-04-15 03:19:09,84.01,131.3,148.0,5.48,83.2,45.2,22.8
2026-04-15 03:19:09,83.84,105.7,127.0,5.82,83.7,45.6,22.8
2026-04-15 03:19:09,83.71,120.4,141.6,5.52,82.0,42.9,22.8
2026-04-15 03:19:09,84.15,102.7,123.0,5.49,83.2,42.9,22.8
2026-04-15 03:19:09,84.43,112.7,135.8,5.66,83.2,44.3,22.8
2026-04-15 03:19:10,84.44,103.1,122.5,6.37,83.7,45.9,22.8
2026-04-15 03:19:10,84.04,132.4,155.2,5.1,82.6,46.8,22.8
2026-04-15 03:19:10,83.8,156.4,180.2,4.41,83.2,39.8,22.8
2026-04-15 03:19:10,84.57,158.5,181.5,4.29,83.7,45.6,22.8
2026-04-15 03:19:10,84.32,114.2,135.2,5.3,83.2,45.6,22.8
2026-04-15 03:19:11,84.48,111.1,127.0,6.11,83.2,45.3,22.8
2026-04-15 03:19:11,84.69,125.8,147.1,5.47,83.7,52.1,22.8
2026-04-15 03:19:11,84.57,113.2,136.2,5.38,83.7,48.1,22.9
2026-04-15 03:19:11,84.35,110.2,129.5,6.11,83.2,44.6,22.8
2026-04-15 03:19:11,84.42,137.7,157.8,5.09,83.2,55.7,22.9
2026-04-15 03:19:11,84.26,141.7,165.0,4.96,82.6,44.9,22.9
2026-04-15 03:19:12,84.72,114.0,135.5,5.82,83.7,43.3,22.8
2026-04-15 03:19:12,84.46,124.0,141.0,5.66,82.0,49.3,22.8
2026-04-15 03:19:12,84.59,105.7,128.5,5.51,83.7,43.2,22.8
2026-04-15 03:19:12,84.19,141.8,164.8,4.93,81.5,44.9,22.8
2026-04-15 03:19:12,84.28,137.0,160.1,5.13,82.6,50.0,22.9
2026-04-15 03:19:13,84.4,130.2,151.9,5.18,82.6,42.9,22.9
2026-04-15 03:19:13,83.57,128.8,150.9,5.03,83.7,41.2,22.9
2026-04-15 03:19:13,84.12,117.5,139.9,5.26,83.2,43.8,22.9
2026-04-15 03:19:13,84.05,124.3,139.1,5.72,82.6,43.3,22.9
2026-04-15 03:19:13,83.99,109.2,131.7,5.5,83.2,40.6,22.9
2026-04-15 03:19:14,84.42,119.7,142.7,5.64,82.0,46.6,22.9
2026-04-15 03:19:14,84.33,125.6,147.1,4.87,82.6,43.2,22.9
2026-04-15 03:19:14,84.28,111.8,134.4,5.38,83.2,43.1,22.9
2026-04-15 03:19:14,84.42,96.2,108.9,6.62,83.2,56.9,22.9
2026-04-15 03:19:14,84.31,116.3,137.3,5.34,82.0,43.2,22.9
2026-04-15 03:19:14,84.12,112.2,123.6,6.18,83.2,44.4,22.9
2026-04-15 03:19:15,84.21,121.6,141.4,5.68,83.7,45.7,22.9
2026-04-15 03:19:15,84.48,150.2,172.5,4.38,82.6,44.9,23.0
2026-04-15 03:19:15,84.33,121.1,138.2,5.79,83.7,44.3,23.0
2026-04-15 03:19:15,84.4,112.0,134.3,5.29,83.2,47.4,23.0
2026-04-15 03:19:15,84.2,174.0,193.4,4.37,83.2,47.8,23.0
2026-04-15 03:19:16,84.28,195.5,218.7,3.93,83.2,48.0,23.0
2026-04-15 03:19:16,84.16,115.3,138.2,5.36,83.7,48.7,23.0
2026-04-15 03:19:16,84.37,146.0,161.5,5.07,82.0,45.9,23.0
2026-04-15 03:19:16,84.71,112.3,131.6,6.02,83.2,42.2,23.0
2026-04-15 03:19:16,84.19,118.0,137.7,5.81,82.6,44.4,23.0
2026-04-15 03:19:17,84.07,122.7,137.5,5.81,83.2,46.3,23.0
2026-04-15 03:19:17,83.97,130.3,151.8,4.83,83.2,41.8,23.0
2026-04-15 03:19:17,84.23,160.1,183.2,4.34,82.0,44.9,23.0
2026-04-15 03:19:17,84.0,153.7,176.5,4.43,83.7,43.3,23.0
2026-04-15 03:19:17,84.17,94.6,108.7,6.92,83.2,42.6,23.0
2026-04-15 03:19:18,84.15,115.6,139.8,5.37,82.6,39.1,23.0
2026-04-15 03:19:18,83.98,140.0,154.1,5.3,83.7,49.3,23.0
2026-04-15 03:19:18,84.6,142.3,163.6,4.94,84.2,48.1,23.1
2026-04-15 03:19:18,84.23,105.4,127.9,6.13,82.0,45.5,23.0
2026-04-15 03:19:18,83.76,103.3,126.0,6.07,84.2,44.4,23.0
2026-04-15 03:19:18,84.02,105.7,129.4,5.91,82.6,47.8,23.1
2026-04-15 03:19:19,84.39,133.8,154.5,5.14,82.6,53.2,23.1
2026-04-15 03:19:19,84.22,132.8,156.3,5.04,83.7,42.5,23.1
2026-04-15 03:19:19,84.34,106.9,129.5,5.7,83.7,44.9,23.1
2026-04-15 03:19:19,84.32,112.2,134.0,5.87,82.6,46.2,23.1
2026-04-15 03:19:19,83.78,120.9,139.5,5.68,83.2,47.1,23.1
2026-04-15 03:19:20,84.1,136.5,157.5,4.65,84.2,41.2,23.1
2026-04-15 03:19:20,84.37,157.1,180.1,4.54,83.7,49.4,23.1
2026-04-15 03:19:20,84.38,114.3,137.8,5.24,83.2,39.7,23.1
2026-04-15 03:19:20,84.47,113.4,130.7,6.06,83.7,51.5,23.1
2026-04-15 03:19:20,84.03,119.9,137.0,5.75,82.0,43.7,23.1
2026-04-15 03:19:21,83.62,98.4,120.6,5.64,83.7,42.9,23.1
2026-04-15 03:19:21,84.45,130.4,156.5,4.94,82.6,47.5,23.1
2026-04-15 03:19:21,84.42,127.3,151.2,5.16,82.6,47.5,23.1
2026-04-15 03:19:21,84.0,123.4,146.2,5.12,83.7,40.8,23.1
2026-04-15 03:19:21,84.35,99.6,122.5,5.68,83.2,45.9,23.1
2026-04-15 03:19:21,84.15,132.5,154.1,4.98,82.6,51.4,23.2
2026-04-15 03:19:22,83.71,150.5,174.2,4.6,82.0,43.5,23.2
2026-04-15 03:19:22,83.37,156.1,170.0,4.89,83.2,48.1,23.2
2026-04-15 03:19:22,83.62,370.4,377.2,2.37,83.7,94.6,20.8
2026-04-15 03:19:22,84.11,104.7,125.2,6.25,83.2,43.5,20.6
2026-04-15 03:19:23,83.83,134.5,161.4,4.99,83.7,45.0,20.6
2026-04-15 03:19:23,84.19,111.5,135.0,5.77,83.7,44.8,20.6
2026-04-15 03:19:23,83.33,109.6,119.4,6.08,83.7,57.8,20.6
2026-04-15 03:19:23,83.42,116.9,139.6,5.75,83.7,47.1,20.6
2026-04-15 03:19:23,83.81,132.1,144.3,5.51,83.7,47.9,20.6
2026-04-15 03:19:24,84.06,124.8,150.0,5.13,83.7,46.1,20.7
2026-04-15 03:19:24,83.92,118.0,141.1,5.24,83.7,46.8,20.7
2026-04-15 03:19:24,83.88,155.1,168.8,4.91,84.2,47.5,20.7
2026-04-15 03:19:24,83.22,111.4,122.7,6.35,83.2,45.9,20.7
2026-04-15 03:19:24,83.53,114.2,135.8,5.84,82.6,55.4,20.7
2026-04-15 03:19:24,83.5,139.1,153.7,5.31,83.7,53.4,20.7
2026-04-15 03:19:25,83.79,119.4,140.1,5.54,82.6,45.7,20.6
2026-04-15 03:19:25,83.73,124.5,148.3,4.86,84.8,45.8,20.6
2026-04-15 03:19:25,83.3,144.2,167.4,4.56,83.2,40.7,20.6
2026-04-15 03:19:25,83.6,93.1,113.9,6.73,83.2,50.0,20.6
2026-04-15 03:19:25,84.12,142.9,165.9,4.62,82.0,46.1,20.6
2026-04-15 03:19:26,83.49,122.7,145.2,5.57,82.0,47.8,20.6
2026-04-15 03:19:26,84.06,118.5,141.6,5.11,83.7,42.9,20.7
2026-04-15 03:19:26,84.06,125.8,138.5,5.75,84.2,49.3,20.7
2026-04-15 03:19:26,83.75,138.8,139.7,5.52,83.2,57.7,20.7
2026-04-15 03:19:26,83.48,133.5,155.9,5.15,82.6,49.4,20.7
2026-04-15 03:19:27,83.98,121.0,143.1,5.36,83.7,45.2,20.7
2026-04-15 03:19:27,83.88,121.0,144.0,5.0,84.2,40.5,20.7
2026-04-15 03:19:27,83.38,115.4,126.3,6.21,83.2,52.3,20.7
2026-04-15 03:19:27,83.71,122.0,137.6,5.77,84.2,45.7,20.7
2026-04-15 03:19:27,83.74,123.5,146.4,4.96,83.2,42.9,20.7
2026-04-15 03:19:28,83.42,163.0,183.1,4.18,83.7,41.9,20.7
2026-04-15 03:19:28,83.48,147.7,170.7,4.59,82.6,45.3,20.7
2026-04-15 03:19:28,83.56,120.6,136.5,5.79,82.6,48.5,20.7
2026-04-15 03:19:28,83.92,119.4,131.3,6.02,83.7,51.6,20.7
2026-04-15 03:19:28,83.66,130.6,142.3,5.64,83.7,40.3,20.7
2026-04-15 03:19:28,83.86,128.8,145.6,5.05,82.0,46.9,20.7
2026-04-15 03:19:29,83.73,109.0,132.1,5.56,83.7,39.7,20.7
2026-04-15 03:19:29,83.63,165.1,184.3,4.49,82.6,45.5,20.7
2026-04-15 03:19:29,83.77,124.0,147.1,5.2,82.6,48.1,20.7
2026-04-15 03:19:29,83.65,156.5,178.8,4.3,83.7,40.4,20.7
2026-04-15 03:19:29,84.05,96.0,97.6,7.18,84.2,61.4,20.7
2026-04-15 03:19:30,84.2,122.5,145.8,5.17,84.2,46.8,20.7
2026-04-15 03:19:30,84.1,146.7,170.0,4.47,82.6,44.0,20.7
2026-04-15 03:19:30,83.97,114.0,131.8,5.99,84.8,47.8,20.7
2026-04-15 03:19:30,83.36,144.9,160.1,5.07,83.7,46.8,20.7
2026-04-15 03:19:30,79.1,111.6,133.2,5.92,83.7,45.6,20.8
2026-04-15 03:19:31,80.28,141.3,159.7,5.14,82.0,47.4,20.7
2026-04-15 03:19:31,79.64,124.9,146.2,5.45,83.2,47.9,20.7
2026-04-15 03:19:31,79.23,154.9,177.7,4.36,84.2,47.2,20.7
2026-04-15 03:19:31,79.82,131.9,155.0,4.75,83.7,42.0,20.7
2026-04-15 03:19:31,79.9,128.0,151.0,5.1,82.6,42.9,20.7
2026-04-15 03:19:32,79.35,129.9,152.9,4.95,83.2,46.2,20.7
2026-04-15 03:19:32,79.47,117.8,140.8,5.33,83.2,41.2,20.7
2026-04-15 03:19:32,80.31,120.2,133.2,5.92,83.2,48.5,20.7
2026-04-15 03:19:32,78.73,137.1,148.2,5.4,83.2,49.3,20.7
2026-04-15 03:19:32,77.23,127.1,151.9,5.26,84.2,43.2,20.7
2026-04-15 03:19:33,79.55,123.5,145.6,5.14,83.7,40.0,20.7
2026-04-15 03:19:33,78.86,161.7,184.0,4.2,82.6,45.1,20.7
2026-04-15 03:19:33,80.11,146.9,170.0,4.58,82.6,43.0,20.7
2026-04-15 03:19:33,79.73,163.2,180.1,4.62,84.2,47.7,20.7
2026-04-15 03:19:33,79.81,120.2,141.8,5.26,83.2,43.4,20.7
2026-04-15 03:19:34,79.87,106.3,117.6,6.55,82.6,44.8,20.7
2026-04-15 03:19:34,80.09,138.2,162.8,4.99,82.6,44.3,20.7
2026-04-15 03:19:34,81.51,140.0,163.2,5.0,83.7,41.9,20.7
2026-04-15 03:19:34,80.73,126.6,151.8,5.29,82.6,45.5,20.7
2026-04-15 03:19:34,78.75,149.7,172.9,4.53,84.2,45.9,20.7
2026-04-15 03:19:35,78.76,129.0,143.8,5.6,82.6,46.4,20.7
2026-04-15 03:19:35,79.57,161.3,184.3,4.3,84.8,44.4,20.8
2026-04-15 03:19:35,79.4,129.5,151.5,4.96,83.7,39.7,20.8
2026-04-15 03:19:35,80.51,130.5,153.7,4.98,82.6,44.4,20.8
2026-04-15 03:19:35,79.01,105.8,128.8,5.71,82.6,46.4,20.8
2026-04-15 03:19:36,80.68,126.7,146.9,5.34,83.7,45.3,20.8
2026-04-15 03:19:36,79.01,120.4,142.9,5.15,83.7,50.0,20.8
2026-04-15 03:19:36,79.27,142.7,165.7,4.51,82.6,45.9,20.9
2026-04-15 03:19:36,81.08,119.5,143.3,5.62,81.5,44.1,20.9
2026-04-15 03:19:36,81.3,115.6,138.5,5.13,83.2,42.1,20.9
2026-04-15 03:19:36,80.9,110.1,128.7,6.14,83.2,44.4,20.9
2026-04-15 03:19:37,80.32,147.7,170.0,4.89,82.6,53.1,20.9
2026-04-15 03:19:37,80.22,114.0,131.1,6.03,83.7,48.5,20.9
2026-04-15 03:19:37,80.71,165.8,182.1,4.61,82.6,46.5,20.9
2026-04-15 03:19:37,79.02,132.3,154.3,5.01,83.2,44.9,20.9
2026-04-15 03:19:37,81.17,151.6,173.0,4.56,82.6,47.6,20.9
2026-04-15 03:19:38,79.68,104.0,120.0,6.47,82.6,44.3,20.9
2026-04-15 03:19:38,79.1,126.8,149.1,5.34,84.8,46.1,20.9
2026-04-15 03:19:38,80.75,127.4,150.1,4.97,82.6,46.8,20.9
2026-04-15 03:19:38,78.88,115.7,138.7,5.33,82.6,43.4,20.9
2026-04-15 03:19:38,78.92,111.8,127.7,6.15,83.7,49.2,20.9
2026-04-15 03:19:39,78.31,142.2,162.4,5.07,84.2,43.6,20.9
2026-04-15 03:19:39,78.93,143.7,165.7,4.97,83.2,50.6,21.0
2026-04-15 03:19:39,79.43,124.5,147.3,5.5,83.2,42.6,21.0
2026-04-15 03:19:39,79.57,131.6,154.5,4.85,83.7,45.9,21.0
2026-04-15 03:19:39,79.77,130.6,151.4,5.03,83.7,42.7,21.0
2026-04-15 03:19:40,81.12,137.1,160.2,4.85,83.2,43.7,20.9
2026-04-15 03:19:40,79.27,146.9,170.1,4.76,83.7,48.8,20.9
2026-04-15 03:19:40,80.1,145.9,161.8,5.03,82.6,46.2,21.0
2026-04-15 03:19:40,79.36,150.9,171.7,4.86,84.2,43.0,21.0
2026-04-15 03:19:40,78.62,107.4,119.7,6.44,82.6,48.4,21.0
2026-04-15 03:19:41,80.24,127.9,152.1,5.31,83.7,54.7,21.0
2026-04-15 03:19:41,79.68,172.8,196.0,4.1,83.2,45.3,21.0
2026-04-15 03:19:41,79.36,128.7,151.9,5.29,82.6,42.5,21.1
2026-04-15 03:19:41,78.44,140.7,161.4,4.71,84.2,42.7,21.1
2026-04-15 03:19:41,79.59,164.0,186.4,4.49,82.0,41.4,21.1
2026-04-15 03:19:42,80.35,134.5,157.4,4.91,83.2,43.9,21.1
2026-04-15 03:19:42,79.64,137.9,159.2,4.92,82.6,51.9,21.1
2026-04-15 03:19:42,79.29,125.4,148.7,5.33,83.7,44.7,21.1
2026-04-15 03:19:42,78.6,176.8,199.9,3.98,82.6,45.8,21.1
2026-04-15 03:19:42,79.96,153.4,175.3,4.77,83.7,45.0,21.1
2026-04-15 03:19:43,79.62,123.7,135.8,5.88,82.6,46.4,21.1
2026-04-15 03:19:43,78.96,104.3,126.6,5.54,83.2,41.4,21.1
2026-04-15 03:19:43,79.8,119.5,142.6,5.5,83.2,43.8,21.1
2026-04-15 03:19:43,80.34,99.0,111.4,6.83,82.0,50.8,21.1
2026-04-15 03:19:43,78.57,141.9,167.6,4.72,83.2,42.7,21.1
2026-04-15 03:19:44,79.77,144.0,165.0,5.01,83.7,50.6,21.1
2026-04-15 03:19:44,78.8,110.6,132.3,6.0,82.0,46.4,21.1
2026-04-15 03:19:44,79.65,113.8,130.3,5.9,83.7,41.9,21.1
2026-04-15 03:19:44,80.08,119.2,137.0,5.82,83.7,50.0,21.1
2026-04-15 03:19:44,78.52,145.3,157.3,5.19,84.2,45.8,21.1
2026-04-15 03:19:44,79.8,132.4,152.6,5.32,83.2,45.8,21.1
2026-04-15 03:19:45,80.61,129.0,152.0,5.11,83.7,41.1,21.1
2026-04-15 03:19:45,80.3,116.4,139.0,5.34,84.2,48.6,21.1
2026-04-15 03:19:45,79.98,102.3,118.8,6.53,83.2,48.3,21.1
2026-04-15 03:19:45,80.99,142.6,164.9,4.85,84.2,49.4,21.1
2026-04-15 03:19:45,78.55,126.5,147.2,5.44,84.8,44.3,21.1
2026-04-15 03:19:46,78.92,121.5,143.0,5.13,83.2,42.7,21.2
2026-04-15 03:19:46,78.73,118.0,137.7,5.08,84.2,45.7,21.2
2026-04-15 03:19:46,80.57,113.5,126.8,6.18,83.7,51.6,21.1
2026-04-15 03:19:46,80.16,118.3,139.4,5.69,83.7,45.7,21.1
2026-04-15 03:19:46,80.13,103.3,124.8,5.52,82.6,42.5,21.1
2026-04-15 03:19:46,79.64,121.7,144.7,5.43,84.8,48.6,21.1
2026-04-15 03:19:47,79.13,143.2,153.0,5.26,83.2,53.4,21.1
2026-04-15 03:19:47,79.68,160.2,180.8,4.65,83.7,46.3,21.1
2026-04-15 03:19:47,78.49,103.9,125.1,5.65,83.2,46.5,21.2
2026-04-15 03:19:47,81.04,113.3,136.7,5.63,83.7,44.3,21.2
2026-04-15 03:19:47,78.94,121.0,136.2,5.79,83.7,50.0,21.2
2026-04-15 03:19:48,79.22,146.1,169.0,4.45,84.2,44.1,21.2
2026-04-15 03:19:48,80.21,141.7,159.7,5.11,83.2,44.7,21.2
2026-04-15 03:19:48,79.48,117.3,139.1,5.7,83.2,42.4,21.2
2026-04-15 03:19:48,78.37,107.0,120.3,6.4,82.6,47.5,21.2
2026-04-15 03:19:48,79.65,109.9,136.4,5.78,83.7,47.1,21.2
2026-04-15 03:19:49,79.63,151.3,171.7,4.84,82.6,48.7,21.2
2026-04-15 03:19:49,79.4,103.1,114.5,6.68,82.6,50.0,21.2
2026-04-15 03:19:49,84.07,140.5,164.9,4.87,82.6,43.2,21.2
2026-04-15 03:19:49,84.0,114.8,136.4,5.78,83.2,45.6,21.2
2026-04-15 03:19:49,83.88,102.3,118.3,6.5,84.2,55.2,21.3
2026-04-15 03:19:49,84.66,132.7,157.1,5.0,84.8,44.2,21.3
2026-04-15 03:19:50,0.0,184.1,207.0,4.0,82.6,47.4,21.3
2026-04-15 03:19:50,0.0,247.9,265.2,3.34,84.8,71.3,21.3
2026-04-15 03:19:50,0.0,331.3,349.0,2.56,83.7,81.9,21.3
2026-04-15 03:19:51,0.0,150.9,173.3,4.76,84.2,45.8,21.3
2026-04-15 03:19:51,0.0,156.5,172.1,4.85,84.2,50.0,21.3
2026-04-15 03:19:51,0.0,156.2,179.2,4.31,83.2,43.6,21.4
2026-04-15 03:19:51,0.0,107.6,130.6,5.42,83.7,39.1,21.3
2026-04-15 03:19:51,0.0,106.2,128.3,6.05,83.7,44.6,21.3
2026-04-15 03:19:52,0.0,107.4,130.1,5.96,84.2,47.8,21.3
2026-04-15 03:19:52,0.0,145.0,166.2,4.9,84.2,44.9,21.4
2026-04-15 03:19:52,0.0,141.5,160.1,5.12,83.7,46.8,21.3
2026-04-15 03:19:52,0.0,117.2,135.3,5.7,83.2,44.9,21.4
2026-04-15 03:19:52,0.0,117.1,132.4,5.97,83.7,45.2,21.4
2026-04-15 03:19:52,0.0,121.0,135.4,5.9,83.2,50.7,21.4
2026-04-15 03:19:53,0.0,134.5,145.0,5.55,83.7,44.9,21.4
2026-04-15 03:19:53,0.0,131.6,152.1,5.05,82.6,47.4,21.4
2026-04-15 03:19:53,0.0,156.9,180.3,4.45,83.7,50.0,21.4
2026-04-15 03:19:53,0.0,133.9,157.0,4.76,83.7,41.5,21.4
2026-04-15 03:19:53,0.0,119.9,143.1,5.38,83.7,46.1,21.4
2026-04-15 03:19:54,0.0,117.9,131.6,6.0,83.2,43.5,21.4
2026-04-15 03:19:54,0.0,96.4,108.1,6.97,83.2,50.0,21.4
2026-04-15 03:19:54,0.0,119.0,140.2,5.29,84.2,40.5,21.4
2026-04-15 03:19:54,0.0,171.2,194.2,3.97,83.2,43.8,21.4
2026-04-15 03:19:54,0.0,145.5,168.6,4.82,83.7,45.7,21.4
2026-04-15 03:19:55,0.0,134.2,154.7,5.3,83.7,48.1,21.4
2026-04-15 03:19:55,0.0,123.3,146.3,5.29,83.2,43.1,21.4
2026-04-15 03:19:55,0.0,124.2,147.1,4.98,83.7,42.5,21.4
2026-04-15 03:19:55,0.0,141.1,163.4,4.58,82.6,42.4,21.4
2026-04-15 03:19:55,0.0,102.1,124.7,6.27,84.8,44.4,21.4
2026-04-15 03:19:55,0.0,91.1,114.1,6.43,84.8,47.6,21.4
2026-04-15 03:19:56,0.0,122.5,143.2,5.02,83.7,45.5,21.4
2026-04-15 03:19:56,0.0,127.4,151.3,4.86,84.2,45.8,21.5
2026-04-15 03:19:56,0.0,166.2,189.4,4.23,84.2,45.2,21.4
2026-04-15 03:19:56,0.0,111.2,133.3,5.61,83.2,44.3,21.4
2026-04-15 03:19:56,0.0,117.7,139.6,5.76,83.2,46.5,21.4
2026-04-15 03:19:57,0.0,114.1,130.0,6.1,84.2,52.2,21.4
2026-04-15 03:19:57,0.0,111.7,126.7,6.15,84.2,49.3,21.5
2026-04-15 03:19:57,0.0,105.3,123.0,6.23,83.7,52.3,21.5
2026-04-15 03:19:57,0.0,126.2,149.4,5.32,82.6,45.2,21.5
2026-04-15 03:19:57,0.0,159.1,182.6,4.3,82.6,48.4,21.5
2026-04-15 03:19:58,0.0,124.7,146.6,5.04,84.8,47.0,21.5
2026-04-15 03:19:58,0.0,144.5,166.3,4.51,83.7,41.4,21.5
2026-04-15 03:19:58,0.0,126.0,145.5,5.56,84.2,42.9,21.5
2026-04-15 03:19:58,0.0,140.0,161.8,4.68,84.2,43.4,21.6
2026-04-15 03:19:58,0.0,121.0,144.2,5.52,84.2,43.2,21.6
2026-04-15 03:19:59,0.0,107.8,130.0,5.36,83.7,40.0,21.6
2026-04-15 03:19:59,0.0,162.1,185.0,4.53,82.0,42.9,21.6
2026-04-15 03:19:59,0.0,166.5,189.0,4.2,84.8,47.3,21.6
2026-04-15 03:19:59,0.0,160.3,183.3,4.41,83.7,44.4,21.6
2026-04-15 03:19:59,0.0,116.4,139.5,5.28,84.2,42.1,21.6
2026-04-15 03:20:00,0.0,124.2,140.0,5.73,83.2,46.3,21.6
2026-04-15 03:20:00,0.0,129.9,147.7,4.87,83.2,44.4,21.6
2026-04-15 03:20:00,0.0,139.7,160.3,4.75,84.2,44.4,21.6
2026-04-15 03:20:00,0.0,114.4,136.5,5.75,83.2,50.0,21.6
2026-04-15 03:20:00,0.0,136.5,152.7,5.25,84.2,48.1,21.6
2026-04-15 03:20:01,0.0,125.2,147.0,5.31,82.6,43.2,21.6
2026-04-15 03:20:01,0.0,144.1,166.8,4.56,83.2,51.7,21.6
2026-04-15 03:20:01,0.0,111.8,130.8,6.02,83.2,43.3,21.6
2026-04-15 03:20:01,0.0,125.3,143.3,5.56,83.2,45.7,21.6
2026-04-15 03:20:01,0.0,129.8,152.4,4.9,85.9,41.2,21.6
2026-04-15 03:20:02,0.0,130.6,153.8,4.98,84.2,39.0,21.6
2026-04-15 03:20:02,0.0,105.8,129.5,5.69,82.6,43.5,21.7
2026-04-15 03:20:02,0.0,126.9,140.9,5.33,83.7,54.8,21.7
2026-04-15 03:20:02,0.0,136.0,158.9,4.81,83.7,42.2,21.6
2026-04-15 03:20:02,0.0,118.3,141.3,5.48,84.2,44.6,21.7
2026-04-15 03:20:02,0.0,112.6,123.5,6.23,83.2,50.0,21.7
2026-04-15 03:20:03,0.0,131.1,149.6,5.39,83.7,43.8,21.7
2026-04-15 03:20:03,0.0,109.6,131.7,5.61,83.2,45.8,21.7
2026-04-15 03:20:03,0.0,105.4,126.7,6.16,84.2,45.5,21.7
2026-04-15 03:20:03,0.0,103.6,123.1,6.06,84.8,42.6,21.7
2026-04-15 03:20:03,0.0,116.9,142.0,5.48,84.2,45.8,21.7
2026-04-15 03:20:04,0.0,130.4,143.0,5.65,83.7,51.5,21.7
2026-04-15 03:20:04,0.0,119.7,141.5,5.28,83.7,48.7,21.7
2026-04-15 03:20:04,0.0,135.1,146.8,5.5,83.2,43.5,21.7
2026-04-15 03:20:04,0.0,127.4,149.9,5.2,83.2,41.1,21.7
2026-04-15 03:20:04,0.0,110.2,132.0,5.48,83.7,47.3,21.7
2026-04-15 03:20:04,0.0,102.1,124.0,6.31,83.7,44.3,21.6
2026-04-15 03:20:05,0.0,145.6,168.8,4.74,84.2,46.4,21.6
2026-04-15 03:20:05,0.0,156.6,176.4,4.75,83.7,50.0,21.7
2026-04-15 03:20:05,0.0,135.9,158.8,4.71,84.2,39.8,21.6
2026-04-15 03:20:05,0.0,138.4,159.8,4.94,83.7,50.0,21.7
2026-04-15 03:20:05,0.0,138.3,161.3,4.99,83.2,43.6,21.7
2026-04-15 03:20:06,0.0,135.6,156.5,5.09,83.7,48.8,21.7
2026-04-15 03:20:06,0.0,130.0,153.1,5.15,84.2,41.7,21.7
2026-04-15 03:20:06,0.0,133.3,152.6,4.92,83.7,44.3,21.7
2026-04-15 03:20:06,0.0,120.9,140.8,5.3,84.2,42.5,21.7
2026-04-15 03:20:06,0.0,131.2,154.2,4.78,82.6,40.7,21.8
2026-04-15 03:20:07,0.0,148.3,171.1,4.6,83.2,45.5,21.8
2026-04-15 03:20:07,0.0,155.2,169.1,4.82,84.2,57.8,21.8
2026-04-15 03:20:07,0.0,151.2,174.3,4.37,82.6,45.6,21.8
2026-04-15 03:20:07,0.0,149.5,161.4,5.06,82.6,44.2,21.8
2026-04-15 03:20:07,0.0,141.3,157.0,5.22,84.2,48.7,21.8
2026-04-15 03:20:08,0.0,136.2,157.3,5.1,84.2,43.4,21.8
2026-04-15 03:20:08,0.0,117.5,138.2,5.55,83.2,37.9,21.8
2026-04-15 03:20:08,0.0,125.2,136.0,5.74,83.7,47.1,21.8
2026-04-15 03:20:08,0.0,148.2,171.1,4.47,84.2,43.8,21.8
2026-04-15 03:20:08,0.0,149.0,165.6,4.99,83.2,49.4,21.8
2026-04-15 03:20:09,0.0,127.6,146.2,5.48,82.6,45.1,21.8
2026-04-15 03:20:09,0.0,109.2,130.1,5.63,84.8,45.1,21.8
2026-04-15 03:20:09,0.0,107.4,133.9,5.94,84.2,45.6,21.8
2026-04-15 03:20:09,0.0,111.7,133.4,5.94,84.2,47.0,21.8
2026-04-15 03:20:09,0.0,143.1,162.3,5.05,83.7,48.7,21.8
2026-04-15 03:20:10,0.0,122.4,144.6,5.61,84.2,42.0,21.8
2026-04-15 03:20:10,0.0,110.2,131.5,5.33,83.7,43.8,21.8
2026-04-15 03:20:10,0.0,160.5,179.5,4.61,82.6,47.1,21.8
2026-04-15 03:20:10,0.0,138.0,166.9,4.62,83.2,53.6,21.8
2026-04-15 03:20:10,0.0,135.2,157.3,5.23,84.8,46.8,21.8
2026-04-15 03:20:11,0.0,93.2,115.7,6.34,83.2,46.0,21.8
2026-04-15 03:20:11,0.0,161.0,183.8,4.27,83.7,44.0,21.8
2026-04-15 03:20:11,0.0,112.2,135.2,5.42,82.6,42.7,21.8
2026-04-15 03:20:11,0.0,116.0,133.8,5.87,84.2,47.0,21.8
2026-04-15 03:20:11,0.0,127.5,144.0,5.61,83.7,50.0,21.8
2026-04-15 03:20:11,0.0,112.3,135.3,5.42,84.8,44.4,21.8
2026-04-15 03:20:12,0.0,113.8,133.9,5.95,83.2,50.0,21.9
2026-04-15 03:20:12,0.0,147.8,153.3,4.97,83.7,59.7,21.8
2026-04-15 03:20:12,0.0,124.6,141.9,5.68,84.8,43.5,21.8
2026-04-15 03:20:12,0.0,119.3,142.3,5.14,84.2,43.4,21.8
2026-04-15 03:20:12,0.0,135.0,142.3,5.46,83.7,54.1,21.8
2026-04-15 03:20:13,0.0,127.0,149.9,5.23,84.2,43.6,21.9
2026-04-15 03:20:13,0.0,108.3,131.3,5.52,83.7,42.3,21.9
2026-04-15 03:20:13,0.0,119.5,142.4,5.62,84.2,49.3,21.9
2026-04-15 03:20:13,0.0,121.3,134.4,5.94,83.7,46.3,21.9
2026-04-15 03:20:13,0.0,125.9,129.1,5.78,82.6,59.7,21.9
2026-04-15 03:20:14,0.0,149.5,168.6,4.51,82.6,46.1,21.9
2026-04-15 03:20:14,0.0,131.0,146.8,5.51,83.7,45.7,21.9
2026-04-15 03:20:14,0.0,109.3,131.8,5.56,83.7,45.1,21.9
2026-04-15 03:20:14,0.0,121.5,138.1,5.61,83.2,46.6,21.9
2026-04-15 03:20:14,0.0,113.4,136.7,5.23,83.2,40.8,21.9
2026-04-15 03:20:14,0.0,121.2,132.8,5.75,84.8,48.5,21.9
2026-04-15 03:20:15,0.0,122.5,131.7,5.96,84.2,47.0,21.9
2026-04-15 03:20:15,0.0,144.6,167.9,4.49,83.7,48.3,21.9
2026-04-15 03:20:15,0.0,159.8,173.5,4.64,83.7,53.6,21.9
2026-04-15 03:20:15,0.0,116.7,140.8,5.27,83.7,41.4,21.9
2026-04-15 03:20:15,0.0,99.9,115.6,6.65,84.2,47.5,22.0
2026-04-15 03:20:16,0.0,132.5,155.6,5.06,83.7,44.2,22.0
2026-04-15 03:20:16,0.0,160.4,182.0,4.39,82.6,50.5,22.0
2026-04-15 03:20:16,0.0,121.1,141.6,5.15,83.7,44.7,22.0
2026-04-15 03:20:16,0.0,112.4,135.5,5.23,83.2,40.8,22.0
2026-04-15 03:20:16,0.0,114.2,135.2,5.89,84.2,43.7,22.0
2026-04-15 03:20:17,0.0,164.2,177.5,4.65,83.2,47.6,22.0
2026-04-15 03:20:17,0.0,152.9,175.8,4.48,82.6,48.8,22.0
2026-04-15 03:20:17,0.0,130.2,142.0,5.68,84.2,47.8,22.0
2026-04-15 03:20:17,0.0,177.2,200.1,4.03,84.2,42.3,22.0
2026-04-15 03:20:17,0.0,134.3,157.5,5.23,83.7,43.4,22.0
2026-04-15 03:20:18,0.0,118.3,139.1,5.5,83.7,41.2,22.0
2026-04-15 03:20:18,82.23,123.5,136.8,5.72,83.2,43.3,22.0
2026-04-15 03:20:18,82.0,139.1,160.1,4.67,83.2,42.0,22.1
2026-04-15 03:20:18,79.68,105.1,127.9,6.03,84.2,47.1,22.0
2026-04-15 03:20:18,81.26,145.0,161.8,4.81,84.2,58.8,22.0
2026-04-15 03:20:18,80.54,108.2,126.7,6.19,83.2,45.2,22.0
2026-04-15 03:20:19,80.44,144.2,164.1,4.93,84.8,50.0,22.0
2026-04-15 03:20:19,79.62,109.8,130.6,6.05,84.8,44.6,22.0
2026-04-15 03:20:19,79.52,126.2,150.6,5.32,83.2,47.3,22.0
2026-04-15 03:20:19,81.25,133.0,156.0,4.95,84.2,45.2,22.0
2026-04-15 03:20:19,79.24,122.2,144.7,5.32,84.2,45.3,22.1
2026-04-15 03:20:20,81.61,173.9,195.8,3.98,83.7,44.8,22.1
2026-04-15 03:20:20,80.77,133.3,156.9,5.17,84.2,53.9,22.1
2026-04-15 03:20:20,79.72,123.8,146.1,5.27,83.2,44.4,22.1
2026-04-15 03:20:20,80.43,138.1,161.7,4.64,83.7,46.1,22.1
2026-04-15 03:20:20,79.32,143.3,165.1,4.91,85.3,41.3,22.1
2026-04-15 03:20:21,79.52,154.8,174.8,4.7,84.2,51.9,22.1
2026-04-15 03:20:21,80.77,132.8,152.9,4.76,85.3,48.8,22.1
2026-04-15 03:20:21,80.09,122.9,145.9,5.27,84.8,44.0,22.1
2026-04-15 03:20:21,77.79,121.0,144.5,5.03,83.7,44.4,22.1
2026-04-15 03:20:22,79.71,127.5,151.6,4.83,84.2,41.8,22.1
2026-04-15 03:20:22,79.05,132.8,155.1,4.9,83.7,44.2,22.1
2026-04-15 03:20:22,79.71,130.9,154.2,5.04,83.7,44.9,22.2
2026-04-15 03:20:22,79.6,184.5,207.5,3.95,83.7,55.4,22.1
2026-04-15 03:20:22,78.76,120.3,132.9,5.91,83.7,44.4,22.2
2026-04-15 03:20:23,79.6,147.1,170.2,4.4,83.2,43.7,22.2
2026-04-15 03:20:23,79.5,121.3,139.3,5.77,84.8,44.1,22.2
2026-04-15 03:20:23,78.32,113.8,125.6,6.23,84.2,50.0,22.2
2026-04-15 03:20:23,79.85,115.9,131.0,5.98,83.7,49.3,22.2
2026-04-15 03:20:23,78.73,96.1,113.7,6.7,85.9,45.8,22.2
2026-04-15 03:20:23,78.73,144.4,168.0,4.69,84.2,46.5,22.2
2026-04-15 03:20:24,78.77,127.1,147.7,5.5,84.8,39.4,22.2
2026-04-15 03:20:24,78.57,120.8,141.3,5.15,84.8,49.4,22.2
2026-04-15 03:20:24,79.15,136.7,147.3,5.49,84.8,51.4,22.2
2026-04-15 03:20:24,77.21,140.7,163.8,4.91,84.2,44.3,22.2
2026-04-15 03:20:24,77.77,133.5,156.4,5.19,84.2,43.2,22.3
2026-04-15 03:20:25,78.65,158.8,181.9,4.44,83.2,44.0,22.2
2026-04-15 03:20:25,78.51,166.5,189.6,4.14,83.2,44.7,22.2
2026-04-15 03:20:25,76.86,175.4,198.4,4.14,83.7,45.8,22.3
2026-04-15 03:20:25,79.21,110.4,132.8,5.95,84.8,46.3,22.3
2026-04-15 03:20:25,80.32,138.3,161.7,5.06,83.7,53.2,22.3
2026-04-15 03:20:26,77.6,143.8,167.0,4.93,84.8,52.6,22.3
2026-04-15 03:20:26,78.47,142.7,164.0,5.03,83.7,50.7,22.3
2026-04-15 03:20:26,78.71,137.6,158.7,5.16,84.8,46.8,22.3
2026-04-15 03:20:26,79.77,111.3,133.8,5.75,82.6,43.1,22.4
2026-04-15 03:20:26,77.65,125.1,144.5,5.55,84.2,46.5,22.4
2026-04-15 03:20:27,79.43,150.7,173.0,4.43,83.7,42.5,22.4
2026-04-15 03:20:27,79.45,105.6,118.2,6.47,84.2,47.5,22.4
2026-04-15 03:20:27,80.63,125.2,151.4,5.28,83.2,51.4,22.4
2026-04-15 03:20:27,79.46,163.1,186.0,4.26,83.2,46.2,22.4
2026-04-15 03:20:27,79.45,115.4,138.3,5.38,83.7,45.9,22.4
2026-04-15 03:20:28,78.11,123.1,135.8,5.76,84.2,50.7,22.4
2026-04-15 03:20:28,79.26,106.9,130.0,5.44,82.6,44.0,22.4
2026-04-15 03:20:28,80.28,175.0,198.1,4.26,84.2,51.1,22.4
2026-04-15 03:20:28,77.8,119.4,141.4,5.62,83.7,47.0,22.4
2026-04-15 03:20:28,78.04,100.1,112.0,6.8,83.2,51.7,22.4
2026-04-15 03:20:28,78.94,114.9,130.9,5.51,84.2,48.0,22.4
2026-04-15 03:20:29,80.98,150.2,164.0,4.93,83.7,49.4,22.4
2026-04-15 03:20:29,79.68,124.8,137.3,5.75,84.2,49.3,22.4
2026-04-15 03:20:29,80.57,115.1,135.7,5.26,83.7,43.2,22.5
2026-04-15 03:20:29,80.52,102.2,119.9,6.39,83.2,47.6,22.5
2026-04-15 03:20:29,81.57,134.7,153.1,5.1,84.8,47.4,22.5
2026-04-15 03:20:30,81.25,147.5,169.5,4.68,84.2,47.1,22.5
2026-04-15 03:20:30,80.32,195.6,212.8,4.05,83.7,52.6,22.5
2026-04-15 03:20:30,80.09,157.1,179.0,4.37,83.7,46.7,22.5
2026-04-15 03:20:30,80.0,125.0,147.3,4.99,83.2,46.3,22.5
2026-04-15 03:20:30,80.59,105.9,129.1,5.52,84.8,42.9,22.5
2026-04-15 03:20:31,80.13,135.7,158.7,5.1,83.2,52.0,22.5
2026-04-15 03:20:31,80.72,141.6,162.2,4.86,84.2,43.0,22.5
2026-04-15 03:20:31,79.66,109.8,132.7,5.95,84.2,47.9,22.5
2026-04-15 03:20:31,79.44,130.4,155.2,5.28,83.2,43.1,22.5
2026-04-15 03:20:31,79.7,168.8,192.6,4.21,83.2,41.9,22.5
2026-04-15 03:20:32,79.07,120.7,135.1,5.42,84.2,56.9,22.5
2026-04-15 03:20:32,80.12,104.6,126.9,5.45,84.2,47.4,22.5
2026-04-15 03:20:32,82.07,129.3,152.4,5.24,83.2,48.6,22.5
2026-04-15 03:20:32,81.63,131.8,154.0,4.94,83.7,45.6,22.5
2026-04-15 03:20:32,79.99,133.5,156.4,4.96,84.2,44.9,22.5
2026-04-15 03:20:33,81.49,94.9,118.0,6.2,83.2,40.0,22.5
2026-04-15 03:20:33,80.0,109.6,130.2,5.52,83.7,50.0,22.5
2026-04-15 03:20:33,80.35,121.4,144.3,5.56,83.7,47.1,22.5
2026-04-15 03:20:33,80.46,185.0,207.9,3.82,84.2,44.7,22.5
2026-04-15 03:20:33,80.9,126.1,138.0,5.73,83.7,50.7,22.5
2026-04-15 03:20:34,81.71,155.3,178.0,4.34,82.6,50.0,22.5
2026-04-15 03:20:34,78.84,110.2,132.9,5.35,84.2,45.5,22.5
2026-04-15 03:20:34,80.78,120.7,142.7,5.65,84.8,46.5,22.5
2026-04-15 03:20:34,81.27,148.2,170.2,4.38,84.2,47.3,22.5
2026-04-15 03:20:34,80.46,151.0,166.4,4.95,83.2,45.7,22.6
2026-04-15 03:20:35,78.56,150.1,162.0,5.03,84.2,51.9,22.6
2026-04-15 03:20:35,78.35,118.7,133.5,5.93,85.3,53.0,22.6
2026-04-15 03:20:35,81.04,125.8,139.5,5.73,84.2,44.4,22.6
2026-04-15 03:20:35,80.06,132.4,155.3,4.85,84.2,43.9,22.6
2026-04-15 03:20:35,80.66,155.3,177.8,4.49,83.7,41.2,22.7
2026-04-15 03:20:36,80.85,121.3,144.7,5.01,84.8,41.8,22.7
2026-04-15 03:20:36,79.89,151.8,175.4,4.34,84.2,50.0,22.7
2026-04-15 03:20:36,79.38,105.9,116.6,6.52,84.2,50.0,22.7
2026-04-15 03:20:36,80.17,156.0,178.8,4.61,84.2,48.2,22.7
2026-04-15 03:20:36,80.78,116.0,138.7,5.19,84.2,38.4,22.7
2026-04-15 03:20:37,80.82,108.9,124.7,6.27,83.7,51.6,22.7
2026-04-15 03:20:37,80.74,124.5,147.8,5.46,84.2,50.7,22.7
2026-04-15 03:20:37,81.11,104.2,127.3,5.59,84.8,44.4,22.7
2026-04-15 03:20:37,79.77,133.7,155.7,5.08,83.7,47.4,22.7
2026-04-15 03:20:37,80.06,106.8,129.1,5.81,83.7,46.4,22.7
2026-04-15 03:20:37,79.63,123.4,145.0,5.46,82.6,51.4,22.7
2026-04-15 03:20:38,81.07,163.2,185.7,4.17,84.2,47.8,22.7
2026-04-15 03:20:38,81.97,131.4,154.1,4.95,82.6,45.1,22.7
2026-04-15 03:20:38,80.69,104.5,127.0,5.8,83.7,42.4,22.7
2026-04-15 03:20:38,80.76,137.0,160.2,5.01,84.2,48.7,22.7
2026-04-15 03:20:38,80.29,155.9,178.2,4.58,83.2,45.9,22.8
2026-04-15 03:20:39,80.5,149.0,172.0,4.4,83.7,46.1,22.8
2026-04-15 03:20:39,79.43,173.4,189.4,4.46,84.2,45.5,22.8
2026-04-15 03:20:39,81.43,163.9,186.9,4.48,84.8,45.7,22.7
2026-04-15 03:20:39,80.42,126.8,149.7,5.04,83.2,44.6,22.7
2026-04-15 03:20:40,80.03,144.5,165.1,4.64,84.8,44.7,22.8
2026-04-15 03:20:40,80.26,157.8,180.6,4.65,84.2,48.8,22.8
2026-04-15 03:20:40,80.41,151.1,171.8,4.45,83.7,50.0,22.8
2026-04-15 03:20:40,81.13,123.9,139.2,5.75,84.2,46.4,22.8
2026-04-15 03:20:40,80.77,122.7,145.1,5.06,84.2,44.2,22.7
2026-04-15 03:20:41,80.6,113.8,136.7,5.24,83.7,45.3,22.7
2026-04-15 03:20:41,79.54,168.2,187.2,4.48,82.6,57.1,22.8
2026-04-15 03:20:41,80.08,122.4,144.9,5.4,84.2,46.5,22.7
2026-04-15 03:20:41,78.74,156.2,179.2,4.28,83.2,46.2,22.7
2026-04-15 03:20:41,81.0,150.8,173.9,4.39,83.2,45.3,22.8
2026-04-15 03:20:42,80.6,129.9,144.9,5.58,84.2,47.1,22.8
2026-04-15 03:20:42,80.44,104.1,125.4,5.68,84.2,43.3,22.8
2026-04-15 03:20:42,80.04,145.9,169.1,4.83,83.7,45.0,22.8
2026-04-15 03:20:42,79.92,133.9,149.1,5.33,84.2,43.5,22.8
2026-04-15 03:20:42,80.41,194.5,220.2,3.8,82.6,49.0,22.7
2026-04-15 03:20:43,80.36,134.3,157.3,4.92,85.3,45.7,22.7
2026-04-15 03:20:43,81.02,152.1,176.1,4.58,84.2,47.1,22.7
2026-04-15 03:20:43,79.24,126.8,139.1,5.76,84.2,45.5,22.8
2026-04-15 03:20:43,79.88,153.5,177.1,4.37,83.2,42.7,22.8
2026-04-15 03:20:44,79.94,162.0,185.1,4.18,83.7,42.1,22.8
2026-04-15 03:20:44,78.97,170.4,193.2,4.11,84.2,46.2,22.8
2026-04-15 03:20:44,80.44,120.3,143.4,5.52,84.8,43.7,22.8
2026-04-15 03:20:44,80.39,144.9,156.1,5.22,83.7,51.3,22.8
2026-04-15 03:20:44,79.6,100.2,121.9,6.37,83.7,44.1,22.8
2026-04-15 03:20:45,79.62,145.9,169.0,4.75,84.8,46.3,22.8
2026-04-15 03:20:45,81.18,110.0,129.4,6.11,83.2,45.3,22.8
2026-04-15 03:20:45,79.89,185.2,208.8,4.11,84.2,51.1,22.8
2026-04-15 03:20:45,80.39,171.9,177.6,4.57,85.3,54.2,22.8
2026-04-15 03:20:45,79.86,161.2,184.3,4.51,83.2,49.4,22.9
2026-04-15 03:20:46,79.58,189.8,217.1,3.76,85.3,50.0,22.9
2026-04-15 03:20:46,80.11,146.9,170.0,4.56,84.8,46.0,22.9
2026-04-15 03:20:46,79.83,118.6,133.4,5.83,84.2,54.3,22.9
2026-04-15 03:20:46,80.29,129.2,140.2,5.63,84.8,50.7,22.9
2026-04-15 03:20:46,79.83,124.3,143.7,5.11,84.8,48.7,22.9
2026-04-15 03:20:47,80.04,156.0,179.1,4.32,84.2,45.6,22.9
2026-04-15 03:20:47,80.1,162.1,185.1,4.18,84.8,46.2,22.9
2026-04-15 03:20:47,80.19,137.4,160.0,4.81,84.2,47.7,22.9
2026-04-15 03:20:47,80.97,133.1,156.0,5.09,84.2,46.1,22.9
2026-04-15 03:20:47,78.97,114.0,136.9,5.55,83.7,45.9,22.9
2026-04-15 03:20:48,78.88,117.3,134.9,5.88,83.7,50.7,22.9
2026-04-15 03:20:48,81.13,166.8,181.1,4.64,84.2,57.5,22.9
2026-04-15 03:20:48,79.88,110.4,133.3,5.65,84.2,42.3,22.9
2026-04-15 03:20:48,78.28,92.5,113.5,6.73,84.8,50.0,22.9
2026-04-15 03:20:48,78.97,111.9,134.9,5.37,84.8,41.1,22.9
2026-04-15 03:20:49,79.87,151.8,169.0,4.84,84.2,46.2,22.9
2026-04-15 03:20:49,79.09,138.6,149.8,5.34,84.2,51.9,23.0
2026-04-15 03:20:49,79.41,152.5,175.4,4.69,83.7,46.9,23.0
2026-04-15 03:20:49,80.35,159.8,170.5,4.82,82.6,52.5,22.9
2026-04-15 03:20:49,80.71,155.4,178.5,4.37,84.2,41.4,23.0
2026-04-15 03:20:50,80.31,163.5,184.6,4.15,85.3,48.4,23.0
2026-04-15 03:20:50,80.73,175.3,196.8,4.07,84.8,48.4,23.0
2026-04-15 03:20:50,79.22,107.7,129.6,6.06,84.8,43.9,23.0
2026-04-15 03:20:50,79.15,109.7,130.6,5.91,85.9,47.0,23.0
2026-04-15 03:20:50,80.13,116.6,136.7,5.78,83.7,45.6,23.0
2026-04-15 03:20:51,79.7,130.9,145.6,5.5,84.2,52.1,23.0
2026-04-15 03:20:51,80.42,107.0,127.7,5.71,84.2,52.9,23.0
2026-04-15 03:20:51,79.84,161.1,184.3,4.53,84.2,49.4,23.0
2026-04-15 03:20:51,79.5,123.1,148.0,5.07,84.2,48.7,23.0
2026-04-15 03:20:51,78.83,129.7,152.5,4.88,84.2,44.4,23.0
2026-04-15 03:20:52,78.36,149.5,173.7,4.54,83.7,47.6,23.0
2026-04-15 03:20:52,80.05,179.4,194.5,4.37,84.8,52.8,23.1
2026-04-15 03:20:52,79.93,146.3,165.4,5.0,83.7,50.0,23.1
2026-04-15 03:20:52,79.94,166.8,186.9,4.51,84.2,51.7,23.0
2026-04-15 03:20:52,80.05,126.1,148.1,5.22,84.8,47.5,23.0
2026-04-15 03:20:53,79.59,120.1,143.1,5.14,84.2,43.2,23.0
2026-04-15 03:20:53,78.69,172.2,195.4,3.98,85.3,57.7,23.0
2026-04-15 03:20:53,80.37,393.6,408.1,2.18,82.0,90.1,20.6
2026-04-15 03:20:54,79.64,105.5,127.1,5.71,85.3,43.5,20.5
2026-04-15 03:20:54,79.37,152.6,178.0,4.62,82.6,48.7,20.5
2026-04-15 03:20:54,78.54,111.4,134.0,5.28,84.8,39.4,20.5
2026-04-15 03:20:54,79.54,144.7,164.8,5.01,83.7,42.7,20.5
2026-04-15 03:20:54,79.18,141.1,164.2,5.03,84.2,41.1,20.5
2026-04-15 03:20:55,79.16,148.7,170.6,4.86,83.2,52.4,20.5
2026-04-15 03:20:55,79.16,144.0,158.4,5.14,85.3,48.6,20.5
2026-04-15 03:20:55,79.47,135.9,155.6,5.2,84.2,47.3,20.5
2026-04-15 03:20:55,78.61,107.2,129.6,5.85,84.2,50.0,20.5
2026-04-15 03:20:55,79.71,117.0,140.6,5.65,83.7,50.0,20.5
2026-04-15 03:20:55,78.38,125.5,137.6,5.74,84.8,44.8,20.6
2026-04-15 03:20:56,79.15,139.2,159.7,4.68,84.8,51.7,20.6
2026-04-15 03:20:56,79.26,143.3,166.4,4.88,84.2,50.0,20.6
2026-04-15 03:20:56,80.47,104.0,123.7,6.23,84.8,52.3,20.5
2026-04-15 03:20:56,79.94,191.2,210.2,3.95,84.2,49.0,20.6
2026-04-15 03:20:56,78.85,142.5,165.8,4.58,84.2,44.0,20.6
2026-04-15 03:20:57,79.39,125.8,149.3,5.41,83.7,46.5,20.6
2026-04-15 03:20:57,80.9,121.8,142.8,5.16,84.2,44.9,20.6
2026-04-15 03:20:57,78.43,126.1,144.7,4.9,84.2,46.3,20.6
2026-04-15 03:20:57,79.31,151.2,174.2,4.44,83.2,43.3,20.6
2026-04-15 03:20:57,78.06,97.1,109.4,6.86,84.2,48.3,20.6
2026-04-15 03:20:58,79.9,98.3,119.7,5.9,85.3,47.8,20.6
2026-04-15 03:20:58,79.28,152.1,170.9,4.56,84.2,43.4,20.6
2026-04-15 03:20:58,77.38,149.0,150.8,5.1,83.7,51.9,20.7
2026-04-15 03:20:58,79.23,165.6,182.3,4.6,84.2,53.6,20.6
2026-04-15 03:20:58,78.64,156.4,179.5,4.48,83.2,43.2,20.6
2026-04-15 03:20:59,80.06,132.2,152.3,4.77,84.2,46.4,20.6
2026-04-15 03:20:59,79.8,106.7,128.7,5.75,84.2,44.9,20.7
2026-04-15 03:20:59,80.0,130.3,153.7,5.23,84.2,49.3,20.7
2026-04-15 03:20:59,79.43,112.2,135.2,5.53,84.8,43.1,20.7
2026-04-15 03:20:59,79.24,126.0,145.6,5.55,84.2,44.1,20.7
2026-04-15 03:21:00,79.28,147.0,168.7,4.53,83.7,45.9,20.7
2026-04-15 03:21:00,79.2,133.4,150.0,5.36,84.2,46.5,20.7
2026-04-15 03:21:00,78.65,123.8,140.4,5.25,84.2,47.4,20.7
2026-04-15 03:21:00,78.65,126.9,148.9,4.93,83.2,43.9,20.7
2026-04-15 03:21:00,77.16,131.4,154.8,4.88,84.2,41.0,20.7
2026-04-15 03:21:01,79.71,134.3,156.8,4.95,83.2,52.4,20.7
2026-04-15 03:21:01,79.34,143.5,166.4,4.78,82.6,51.9,20.8
2026-04-15 03:21:01,78.28,147.3,171.8,4.84,84.8,50.0,20.8
2026-04-15 03:21:01,80.23,160.3,175.4,4.77,84.8,51.8,20.8
2026-04-15 03:21:01,78.82,155.4,178.5,4.38,84.2,45.1,20.8
2026-04-15 03:21:02,80.5,168.3,190.3,4.04,84.2,46.9,20.8
2026-04-15 03:21:02,80.01,126.5,148.9,5.25,82.0,43.4,20.8
2026-04-15 03:21:02,79.72,147.1,169.4,4.53,84.8,49.5,20.8
2026-04-15 03:21:02,80.56,135.7,152.6,5.33,84.8,42.9,20.9
2026-04-15 03:21:02,80.21,126.0,150.7,5.19,84.2,46.6,20.9
2026-04-15 03:21:03,78.87,150.1,173.8,4.46,84.8,47.7,20.9
2026-04-15 03:21:03,80.11,132.6,142.4,5.57,84.2,44.3,20.9
2026-04-15 03:21:03,79.13,120.0,139.4,5.33,84.2,56.5,20.9
2026-04-15 03:21:03,79.51,138.5,152.1,5.35,84.2,48.6,20.9
2026-04-15 03:21:03,77.88,154.0,176.4,4.68,84.2,46.4,20.9
2026-04-15 03:21:04,78.59,112.7,135.7,5.23,84.8,42.1,20.9
2026-04-15 03:21:04,78.48,118.3,137.3,5.81,84.2,48.5,20.9
2026-04-15 03:21:04,79.76,136.6,151.8,5.35,84.2,47.9,20.9
2026-04-15 03:21:04,79.53,149.0,174.0,4.71,84.2,45.2,20.9
2026-04-15 03:21:04,79.42,142.3,156.7,5.23,84.8,46.7,20.9
2026-04-15 03:21:05,79.37,154.3,174.1,4.69,84.2,53.5,20.9
2026-04-15 03:21:05,80.53,176.4,197.4,3.94,83.7,47.4,20.9
2026-04-15 03:21:05,79.32,112.7,133.9,5.9,84.2,44.9,20.9
2026-04-15 03:21:05,80.08,139.3,161.8,5.09,84.2,48.7,20.9
2026-04-15 03:21:05,79.51,130.4,153.9,5.28,84.2,47.2,20.9
2026-04-15 03:21:06,79.36,126.9,147.3,5.11,83.2,50.0,20.9
2026-04-15 03:21:06,79.77,146.3,168.8,4.55,83.7,43.4,21.0
2026-04-15 03:21:06,80.19,107.9,124.7,6.23,85.3,49.3,21.0
2026-04-15 03:21:06,79.14,114.5,136.9,5.78,84.8,47.8,21.0
2026-04-15 03:21:06,80.6,161.5,177.5,4.66,84.8,55.3,21.0
2026-04-15 03:21:07,79.87,124.7,147.5,5.09,84.2,45.5,21.0
2026-04-15 03:21:07,78.33,135.4,158.4,4.76,84.2,46.3,21.0
2026-04-15 03:21:07,80.0,160.7,183.0,4.44,84.2,46.6,21.0
2026-04-15 03:21:07,79.33,120.3,143.1,5.19,84.2,44.2,21.0
2026-04-15 03:21:07,80.13,125.0,136.7,5.82,83.7,47.8,21.0
2026-04-15 03:21:08,79.12,128.4,144.3,4.91,84.2,46.3,21.0
2026-04-15 03:21:08,80.94,157.4,181.0,4.37,84.2,54.4,21.0
2026-04-15 03:21:08,79.1,139.6,162.5,4.66,84.2,48.3,21.0
2026-04-15 03:21:08,78.62,100.5,122.6,6.23,83.7,44.6,21.0
2026-04-15 03:21:08,78.96,142.6,165.8,4.77,84.2,52.3,21.0
2026-04-15 03:21:09,79.35,126.9,148.2,5.46,84.2,41.7,21.0
2026-04-15 03:21:09,79.89,121.9,144.9,5.11,83.2,44.0,21.0
2026-04-15 03:21:09,79.09,125.5,148.6,4.93,84.8,43.2,21.1
2026-04-15 03:21:09,79.49,146.1,168.0,4.53,84.2,47.1,21.1
2026-04-15 03:21:09,79.98,163.1,176.7,4.61,83.2,56.3,21.0
2026-04-15 03:21:10,79.13,179.1,203.0,4.0,83.7,44.8,21.0
2026-04-15 03:21:10,80.33,106.9,124.7,6.2,84.8,51.6,21.1
2026-04-15 03:21:10,81.5,148.8,171.6,4.81,84.2,45.6,21.0
2026-04-15 03:21:10,80.44,107.7,123.1,6.32,84.8,45.2,21.0
2026-04-15 03:21:10,81.44,130.1,151.0,5.29,83.7,46.7,21.1
2026-04-15 03:21:11,80.34,147.4,169.8,4.58,82.6,50.0,21.1
2026-04-15 03:21:11,80.58,146.7,158.5,5.02,84.8,46.7,21.1
2026-04-15 03:21:11,81.49,141.0,156.0,5.15,84.8,55.8,21.1
2026-04-15 03:21:11,79.62,139.3,161.5,5.06,83.2,42.7,21.1
2026-04-15 03:21:11,81.01,107.5,127.9,5.97,84.8,47.8,21.1
2026-04-15 03:21:12,78.75,123.3,146.0,5.49,83.2,46.3,21.1
2026-04-15 03:21:12,78.97,121.6,143.9,5.04,84.8,44.2,21.1
2026-04-15 03:21:12,80.55,126.8,132.7,5.79,83.7,50.7,21.1
2026-04-15 03:21:12,79.09,156.0,176.9,4.39,84.2,44.9,21.0
2026-04-15 03:21:12,80.51,147.1,170.0,4.46,84.8,44.6,21.1
2026-04-15 03:21:13,79.99,143.9,166.1,4.96,84.2,44.7,21.1
2026-04-15 03:21:13,80.54,149.1,167.8,4.94,85.3,47.4,21.1
2026-04-15 03:21:13,80.65,156.3,168.0,4.86,84.2,51.9,21.1
2026-04-15 03:21:13,81.14,129.4,152.8,4.81,83.7,40.5,21.1
2026-04-15 03:21:13,79.01,162.8,185.2,4.31,83.7,48.9,21.1
2026-04-15 03:21:14,81.06,129.9,152.8,5.0,84.2,46.9,21.1
2026-04-15 03:21:14,80.68,133.1,157.4,4.88,85.3,45.7,21.2
2026-04-15 03:21:14,80.07,116.6,139.7,5.51,83.7,43.7,21.2
2026-04-15 03:21:14,81.41,158.7,162.3,4.79,84.8,53.2,21.2
2026-04-15 03:21:14,79.32,119.7,141.9,5.15,84.8,46.2,21.2
2026-04-15 03:21:15,80.14,161.6,174.0,4.79,84.2,49.4,21.2
2026-04-15 03:21:15,79.63,156.3,178.5,4.4,84.8,47.2,21.2
2026-04-15 03:21:15,80.38,104.3,127.4,5.52,84.2,42.3,21.2
2026-04-15 03:21:15,80.14,96.9,119.0,6.28,83.7,44.3,21.2
2026-04-15 03:21:15,80.36,169.4,193.0,4.17,82.6,46.8,21.2
2026-04-15 03:21:16,81.6,160.4,183.2,4.46,84.8,48.2,21.2
2026-04-15 03:21:16,79.51,121.5,144.5,5.17,84.8,48.6,21.3
2026-04-15 03:21:16,81.61,153.4,176.1,4.31,84.2,41.4,21.2
2026-04-15 03:21:16,80.01,160.4,172.3,4.84,83.7,44.4,21.3
2026-04-15 03:21:17,81.19,154.5,177.6,4.4,83.7,40.9,21.3
2026-04-15 03:21:17,80.51,160.8,183.9,4.17,84.2,43.9,21.3
2026-04-15 03:21:17,81.42,166.2,192.2,4.14,84.2,51.5,21.3
2026-04-15 03:21:17,79.48,154.9,177.3,4.58,83.7,48.2,21.3
2026-04-15 03:21:17,81.91,118.6,141.4,5.08,85.3,42.5,21.3
2026-04-15 03:21:18,81.1,123.5,135.4,5.83,84.2,43.7,21.3
2026-04-15 03:21:18,81.3,139.2,157.9,4.62,85.9,51.1,21.3
2026-04-15 03:21:18,81.26,97.1,119.3,6.38,85.3,46.7,21.3
2026-04-15 03:21:18,81.86,91.7,114.7,6.2,84.8,47.7,21.3
2026-04-15 03:21:18,81.23,102.5,125.4,5.62,84.8,47.3,21.3
2026-04-15 03:21:19,81.51,151.7,174.7,4.63,84.2,43.9,21.3
2026-04-15 03:21:19,79.83,142.0,153.3,5.28,84.8,51.3,21.3
2026-04-15 03:21:19,80.28,132.7,150.8,5.23,84.8,48.6,21.3
2026-04-15 03:21:19,79.65,152.2,174.4,4.49,84.2,46.0,21.4
2026-04-15 03:21:19,80.25,161.0,183.9,4.2,84.8,45.8,21.3
2026-04-15 03:21:20,80.79,163.3,186.3,4.24,84.8,45.2,21.3
2026-04-15 03:21:20,80.16,135.8,159.1,4.87,84.2,44.7,21.3
2026-04-15 03:21:20,81.3,171.7,195.4,4.23,83.7,51.1,21.4
2026-04-15 03:21:20,81.36,134.4,157.3,5.12,83.2,46.1,21.4
2026-04-15 03:21:20,81.26,113.7,130.9,5.56,84.2,47.1,21.4
2026-04-15 03:21:21,81.46,109.3,126.8,6.19,84.2,49.2,21.4
2026-04-15 03:21:21,82.82,122.0,140.1,5.58,83.2,52.2,21.4
2026-04-15 03:21:21,82.31,121.9,145.6,4.98,84.2,51.2,21.4
2026-04-15 03:21:21,81.66,149.5,172.5,4.41,83.7,44.4,21.4
2026-04-15 03:21:21,81.46,123.2,135.1,5.76,83.2,48.6,21.4
2026-04-15 03:21:22,81.35,159.6,182.9,4.22,83.2,50.0,21.4
2026-04-15 03:21:22,81.18,103.9,126.6,5.64,85.3,42.9,21.4
2026-04-15 03:21:22,80.75,158.6,179.6,4.52,83.2,45.2,21.4
2026-04-15 03:21:22,80.15,130.1,150.6,4.86,84.8,45.2,21.4
2026-04-15 03:21:22,80.86,146.6,169.1,4.63,84.2,48.8,21.4
2026-04-15 03:21:23,80.01,161.3,180.2,4.66,84.2,50.6,21.5
2026-04-15 03:21:23,81.79,157.1,178.6,4.37,84.8,45.3,21.5
2026-04-15 03:21:23,80.49,112.5,135.5,5.3,84.2,39.7,21.5
2026-04-15 03:21:23,80.35,131.8,151.3,5.38,84.8,47.9,21.4
2026-04-15 03:21:24,81.14,197.5,220.2,3.75,83.7,43.1,21.4
2026-04-15 03:21:24,80.79,126.8,149.9,5.12,83.7,46.2,21.4
2026-04-15 03:21:24,79.96,167.9,191.1,4.15,85.3,46.8,21.4
2026-04-15 03:21:24,80.47,182.8,205.8,4.03,83.7,47.4,21.4
2026-04-15 03:21:24,80.69,121.3,135.7,5.83,84.2,43.9,21.5
2026-04-15 03:21:25,82.23,99.1,121.9,5.62,84.2,44.9,21.4
2026-04-15 03:21:25,80.66,160.2,180.0,4.37,83.7,50.5,21.4
2026-04-15 03:21:25,80.92,187.9,210.8,3.85,84.2,42.3,21.5
2026-04-15 03:21:25,80.72,143.2,166.2,4.51,84.8,42.0,21.5
2026-04-15 03:21:25,81.84,136.7,158.1,5.16,84.8,46.7,21.5
2026-04-15 03:21:26,82.31,158.5,174.5,4.52,84.8,55.8,21.5
2026-04-15 03:21:26,80.89,146.9,169.5,4.51,84.2,49.4,21.5
2026-04-15 03:21:26,81.06,108.6,124.4,6.17,83.7,44.4,21.5
2026-04-15 03:21:26,82.22,136.7,160.2,5.09,84.2,48.0,21.5
2026-04-15 03:21:26,82.06,112.2,133.4,5.78,84.8,47.1,21.5
2026-04-15 03:21:27,81.73,116.0,138.7,5.76,84.8,46.3,21.5
2026-04-15 03:21:27,82.26,166.9,180.1,4.65,84.2,55.8,21.5
2026-04-15 03:21:27,80.02,132.2,156.7,5.02,85.3,48.1,21.5
2026-04-15 03:21:27,80.78,158.4,181.7,4.44,83.7,47.7,21.6
2026-04-15 03:21:27,79.46,168.8,191.8,4.12,83.2,43.7,21.6
2026-04-15 03:21:28,81.43,154.2,175.1,4.57,83.7,50.5,21.6
2026-04-15 03:21:28,81.49,114.9,124.7,6.22,84.2,50.8,21.6
2026-04-15 03:21:28,80.76,124.2,135.2,5.69,84.2,49.3,21.6
2026-04-15 03:21:28,81.0,125.1,148.1,4.98,84.2,43.6,21.6
2026-04-15 03:21:28,80.94,121.2,143.6,5.1,83.7,50.6,21.6
2026-04-15 03:21:29,79.99,127.4,148.6,4.85,84.2,46.3,21.6
2026-04-15 03:21:29,80.36,166.4,190.2,4.17,83.2,47.9,21.6
2026-04-15 03:21:29,82.07,146.9,167.0,4.69,84.8,44.6,21.6
2026-04-15 03:21:29,80.49,162.5,181.4,4.62,83.2,51.2,21.6
2026-04-15 03:21:30,80.29,135.7,157.0,4.82,84.8,44.4,21.6
2026-04-15 03:21:30,81.42,110.1,130.6,5.8,84.2,49.3,21.6
2026-04-15 03:21:30,81.59,116.3,142.3,5.61,85.3,50.7,21.7
2026-04-15 03:21:30,81.94,138.7,160.4,4.61,84.2,52.3,21.7
2026-04-15 03:21:30,81.79,151.3,174.4,4.69,84.8,50.6,21.7
2026-04-15 03:21:31,80.28,166.2,177.7,4.65,84.8,47.0,21.7
2026-04-15 03:21:31,80.78,167.0,190.0,4.28,83.7,50.0,21.7
2026-04-15 03:21:31,80.42,122.9,145.9,5.29,83.2,42.5,21.7
2026-04-15 03:21:31,81.2,151.8,174.8,4.37,84.8,41.4,21.7
2026-04-15 03:21:31,81.44,169.9,181.4,4.59,82.6,50.0,21.7
2026-04-15 03:21:32,82.1,143.6,166.6,4.82,84.2,45.1,21.7
2026-04-15 03:21:32,79.95,123.8,144.1,5.57,84.8,44.8,21.7
2026-04-15 03:21:32,78.37,167.7,191.8,4.05,84.2,48.9,21.7
2026-04-15 03:21:32,82.43,176.0,198.3,4.19,83.7,46.1,21.7
2026-04-15 03:21:32,82.04,158.1,180.7,4.65,83.7,43.5,21.7
2026-04-15 03:21:33,81.96,157.8,179.8,4.29,83.7,46.2,21.7
2026-04-15 03:21:33,83.58,136.5,159.5,4.72,84.2,43.4,21.7
2026-04-15 03:21:33,73.61,162.7,184.7,4.42,83.7,47.2,21.7
2026-04-15 03:21:33,0.0,131.6,153.6,4.92,85.3,45.0,21.8
2026-04-15 03:21:34,0.0,139.1,160.8,4.82,84.2,44.6,21.8
2026-04-15 03:21:34,0.0,167.6,182.5,4.36,84.2,58.9,21.8
2026-04-15 03:21:34,0.0,138.9,162.0,4.91,82.6,42.5,21.8
2026-04-15 03:21:34,0.0,150.8,173.8,4.72,83.7,45.9,21.8
2026-04-15 03:21:34,0.0,120.4,134.8,5.87,84.8,50.0,21.8
2026-04-15 03:21:35,0.0,116.0,124.6,6.2,84.2,47.5,21.8
2026-04-15 03:21:35,0.0,136.4,150.4,5.33,85.3,44.4,21.8
2026-04-15 03:21:35,0.0,136.8,155.6,5.0,84.2,48.1,21.8
2026-04-15 03:21:35,0.0,150.4,166.2,4.66,82.6,48.2,21.8
2026-04-15 03:21:35,0.0,103.0,115.3,6.65,84.2,43.9,21.8
2026-04-15 03:21:35,0.0,130.6,141.7,5.15,84.2,51.2,21.8
2026-04-15 03:21:36,0.0,152.8,175.6,4.48,84.8,51.1,21.8
2026-04-15 03:21:36,0.0,157.6,169.3,4.92,84.2,49.4,21.8
2026-04-15 03:21:36,0.0,135.0,158.4,4.69,83.2,47.6,21.8
2026-04-15 03:21:36,0.0,92.2,114.8,6.44,84.8,46.0,21.8
2026-04-15 03:21:36,0.0,123.1,141.8,5.08,84.8,43.7,21.8
2026-04-15 03:21:37,0.0,113.6,136.7,5.23,84.8,47.4,21.8
2026-04-15 03:21:37,0.0,115.6,129.6,5.93,84.8,48.4,21.9
2026-04-15 03:21:37,0.0,153.3,168.1,4.9,83.2,47.4,21.8
2026-04-15 03:21:37,0.0,100.8,104.0,6.77,84.2,59.6,21.8
2026-04-15 03:21:37,0.0,151.3,173.2,4.62,83.7,48.3,21.8
2026-04-15 03:21:38,0.0,155.7,170.0,4.91,83.7,44.3,21.8
2026-04-15 03:21:38,0.0,114.9,137.1,5.19,83.2,39.5,21.8
2026-04-15 03:21:38,0.0,154.9,176.7,4.74,84.2,50.0,21.8
2026-04-15 03:21:38,0.0,121.8,145.1,5.1,85.3,37.5,21.8
2026-04-15 03:21:38,0.0,132.6,144.5,5.55,84.2,53.3,21.9
2026-04-15 03:21:39,0.0,190.7,208.2,3.9,82.6,50.5,21.9
2026-04-15 03:21:39,0.0,146.9,168.4,4.52,84.2,45.8,21.9
2026-04-15 03:21:39,0.0,143.7,161.8,5.05,84.2,45.5,21.9
2026-04-15 03:21:39,0.0,153.7,171.8,4.78,84.8,47.5,21.9
2026-04-15 03:21:39,0.0,136.4,149.8,5.37,85.9,48.6,21.9
2026-04-15 03:21:40,0.0,98.1,119.3,6.35,84.8,47.6,21.9
2026-04-15 03:21:40,0.0,150.3,173.6,4.56,84.8,54.0,21.9
2026-04-15 03:21:40,0.0,153.4,166.8,4.94,84.2,52.5,21.9
2026-04-15 03:21:40,0.0,166.1,179.3,4.68,84.8,47.1,21.9
2026-04-15 03:21:40,0.0,113.4,135.2,5.54,83.7,47.2,21.9
2026-04-15 03:21:41,0.0,153.9,169.7,4.84,83.7,51.3,21.9
2026-04-15 03:21:41,0.0,156.8,178.8,4.22,83.7,44.7,21.9
2026-04-15 03:21:41,0.0,123.3,146.0,5.05,84.2,38.7,21.9
2026-04-15 03:21:41,0.0,136.9,160.0,4.67,84.8,46.4,21.9
2026-04-15 03:21:41,0.0,138.2,161.5,4.96,83.7,48.1,21.9
2026-04-15 03:21:42,0.0,109.8,132.9,5.87,83.7,50.7,22.0
2026-04-15 03:21:42,0.0,125.1,132.9,5.47,83.7,59.2,22.0
2026-04-15 03:21:42,0.0,148.3,172.0,4.49,85.3,43.5,22.0
2026-04-15 03:21:42,0.0,136.4,152.4,5.3,84.8,46.7,22.0
2026-04-15 03:21:42,0.0,138.8,160.9,4.96,83.2,45.0,22.0
2026-04-15 03:21:43,0.0,114.6,135.8,5.65,83.2,47.1,22.0
2026-04-15 03:21:43,0.0,155.3,169.7,4.85,82.6,57.3,22.0
2026-04-15 03:21:43,0.0,136.5,159.3,4.66,83.7,44.3,22.0
2026-04-15 03:21:43,0.0,128.2,152.3,5.22,83.7,44.7,22.0
2026-04-15 03:21:43,0.0,157.3,179.2,4.36,84.8,45.6,22.0
2026-04-15 03:21:44,0.0,154.3,178.4,4.35,84.2,42.0,22.0
2026-04-15 03:21:44,0.0,96.0,118.0,5.75,84.8,41.4,22.0
2026-04-15 03:21:44,0.0,139.9,161.7,4.75,84.8,41.8,22.0
2026-04-15 03:21:44,0.0,146.0,170.0,4.82,84.2,46.9,22.0
2026-04-15 03:21:44,0.0,114.3,131.1,5.98,84.8,49.3,22.0
2026-04-15 03:21:45,0.0,118.8,133.7,5.85,84.2,48.6,22.0
2026-04-15 03:21:45,0.0,147.7,158.0,5.01,85.3,54.7,22.1
2026-04-15 03:21:45,0.0,171.0,185.1,4.56,82.0,55.8,22.0
2026-04-15 03:21:45,0.0,170.4,192.2,4.3,85.3,43.3,22.0
2026-04-15 03:21:45,0.0,121.8,144.8,5.41,84.8,46.1,22.1
2026-04-15 03:21:46,0.0,144.5,167.5,4.49,84.8,47.8,22.1
2026-04-15 03:21:46,0.0,143.9,165.9,5.0,84.8,48.1,22.1
2026-04-15 03:21:46,0.0,103.3,124.2,6.31,84.8,50.8,22.1
2026-04-15 03:21:46,0.0,107.3,127.1,5.84,84.2,52.2,22.1
2026-04-15 03:21:46,0.0,157.2,178.7,4.62,84.2,43.7,22.1
2026-04-15 03:21:47,0.0,176.6,200.0,3.94,84.8,51.0,22.1
2026-04-15 03:21:47,0.0,156.0,174.9,4.73,83.7,45.2,22.1
2026-04-15 03:21:47,0.0,162.6,186.5,4.17,84.2,44.2,22.1
2026-04-15 03:21:47,0.0,142.7,163.8,4.71,84.2,46.3,22.1
2026-04-15 03:21:48,0.0,150.1,172.8,4.82,83.7,46.3,22.1
2026-04-15 03:21:48,0.0,106.4,120.5,6.4,84.8,47.5,22.1
2026-04-15 03:21:48,0.0,125.5,149.1,5.32,84.2,43.8,22.1
2026-04-15 03:21:48,0.0,124.9,148.2,5.07,85.9,39.5,22.1
2026-04-15 03:21:48,0.0,147.8,171.0,4.49,83.7,40.5,22.1
2026-04-15 03:21:49,0.0,141.5,152.4,5.1,83.7,52.6,22.1
2026-04-15 03:21:49,0.0,124.3,144.0,5.55,83.2,45.8,22.1
2026-04-15 03:21:49,0.0,122.2,142.1,5.06,84.8,46.2,22.1
2026-04-15 03:21:49,0.0,124.7,134.9,5.91,83.7,47.8,22.1
2026-04-15 03:21:49,0.0,156.4,178.4,4.3,83.7,48.4,22.1
2026-04-15 03:21:50,0.0,122.5,146.2,5.01,84.2,47.5,22.1
2026-04-15 03:21:50,0.0,119.3,140.9,5.1,84.2,44.9,22.2
2026-04-15 03:21:50,0.0,131.2,142.4,5.6,85.3,48.5,22.2
2026-04-15 03:21:50,0.0,109.3,130.8,5.62,84.8,47.2,22.2
2026-04-15 03:21:50,0.0,147.5,169.4,4.86,83.7,48.8,22.2
2026-04-15 03:21:50,0.0,112.5,125.4,6.09,84.8,48.5,22.2
2026-04-15 03:21:51,0.0,168.8,190.8,4.44,84.8,51.7,22.2
2026-04-15 03:21:51,0.0,143.6,166.5,4.88,83.7,48.1,22.2
2026-04-15 03:21:51,0.0,120.2,135.7,5.65,84.2,51.4,22.3
2026-04-15 03:21:51,0.0,141.4,143.9,5.23,84.2,59.2,22.3
2026-04-15 03:21:51,0.0,128.7,148.8,5.42,84.8,44.6,22.3
2026-04-15 03:21:52,0.0,135.9,159.8,4.73,84.2,45.7,22.2
2026-04-15 03:21:52,0.0,112.2,134.3,5.84,84.8,45.6,22.2
2026-04-15 03:21:52,0.0,112.5,136.4,5.87,84.2,46.2,22.3
2026-04-15 03:21:52,0.0,140.4,156.7,5.24,84.8,46.6,22.3
2026-04-15 03:21:52,0.0,158.4,181.4,4.59,83.7,51.7,22.3
2026-04-15 03:21:53,0.0,101.1,123.4,5.68,84.8,47.1,22.3
2026-04-15 03:21:53,0.0,126.4,150.5,5.19,84.2,48.6,22.3
2026-04-15 03:21:53,0.0,99.1,121.3,5.82,84.8,44.3,22.3
2026-04-15 03:21:53,0.0,134.9,162.4,4.8,83.7,49.4,22.3
2026-04-15 03:21:53,0.0,148.8,169.3,4.79,84.2,45.1,22.3
2026-04-15 03:21:54,0.0,157.1,174.2,4.8,83.7,51.3,22.3
2026-04-15 03:21:54,0.0,129.4,152.4,4.89,84.2,43.2,22.3
2026-04-15 03:21:54,0.0,117.6,138.7,5.31,84.2,40.8,22.3
2026-04-15 03:21:54,0.0,146.8,161.8,5.09,83.7,48.7,22.3
2026-04-15 03:21:54,0.0,151.3,169.8,4.9,83.7,54.9,22.3
2026-04-15 03:21:55,0.0,131.7,144.3,5.57,83.2,51.5,22.3
2026-04-15 03:21:55,0.0,128.1,150.6,5.1,84.2,48.1,22.4
2026-04-15 03:21:55,0.0,123.6,145.9,5.09,84.8,50.0,22.4
2026-04-15 03:21:55,0.0,149.5,156.7,5.19,84.8,51.9,22.4
2026-04-15 03:21:55,0.0,182.6,197.0,4.29,82.6,49.4,22.4
2026-04-15 03:21:55,75.42,103.1,119.5,6.52,85.9,43.1,22.4
2026-04-15 03:21:56,78.6,134.6,154.7,5.02,84.2,58.7,22.4
2026-04-15 03:21:56,82.19,162.0,185.0,4.42,85.9,49.4,22.4
2026-04-15 03:21:56,80.94,163.4,186.5,4.25,84.8,51.5,22.4
2026-04-15 03:21:56,79.92,138.1,161.0,4.81,85.9,41.8,22.3
2026-04-15 03:21:57,79.43,145.9,168.9,4.83,84.2,45.1,22.4
2026-04-15 03:21:57,78.15,113.0,132.1,5.99,84.2,48.5,22.4
2026-04-15 03:21:57,80.16,157.6,180.2,4.65,82.6,50.0,22.4
2026-04-15 03:21:57,80.75,129.6,154.7,4.93,84.8,46.4,22.4
2026-04-15 03:21:57,79.8,180.2,202.0,4.03,83.2,46.9,22.4
2026-04-15 03:21:58,79.7,121.0,138.8,5.74,85.3,43.9,22.4
2026-04-15 03:21:58,80.32,127.5,139.3,5.53,84.8,54.2,22.4
2026-04-15 03:21:58,80.87,165.5,186.4,4.34,84.2,44.3,22.4
2026-04-15 03:21:58,80.03,121.4,143.6,5.23,84.8,47.4,22.4
2026-04-15 03:21:58,80.8,110.6,133.9,5.34,83.7,46.7,22.5
2026-04-15 03:21:59,81.44,109.5,131.6,6.01,85.3,45.3,22.5
2026-04-15 03:21:59,79.13,145.6,165.3,4.89,83.2,50.0,22.5
2026-04-15 03:21:59,81.8,129.6,144.6,5.53,83.2,50.0,22.5
2026-04-15 03:21:59,81.48,139.1,161.3,4.78,84.2,48.8,22.5
2026-04-15 03:21:59,80.48,173.0,196.1,4.28,83.7,52.7,22.5
2026-04-15 03:22:00,81.52,161.4,183.7,4.51,85.3,48.9,22.5
2026-04-15 03:22:00,80.89,190.0,213.1,3.81,84.8,52.0,22.5
2026-04-15 03:22:00,80.95,405.4,410.3,2.18,84.8,94.5,20.6
2026-04-15 03:22:00,81.06,112.0,126.6,6.2,84.8,46.0,20.5
2026-04-15 03:22:01,81.51,171.2,191.5,4.38,84.8,53.8,20.5
2026-04-15 03:22:01,81.86,173.0,195.2,4.3,83.7,46.7,20.6
2026-04-15 03:22:01,81.25,144.4,165.1,4.89,84.2,48.1,20.6
2026-04-15 03:22:01,80.54,145.7,164.9,4.97,83.7,60.0,20.6
2026-04-15 03:22:01,80.82,95.1,113.4,6.7,85.3,50.0,20.6
2026-04-15 03:22:02,80.32,118.1,141.4,5.24,85.3,47.2,20.6
2026-04-15 03:22:02,80.51,121.9,134.0,5.89,84.2,50.8,20.6
2026-04-15 03:22:02,80.35,115.7,137.3,5.17,84.2,43.4,20.6
2026-04-15 03:22:02,81.54,123.9,140.7,5.68,85.3,50.7,20.7
2026-04-15 03:22:02,81.6,141.5,165.0,4.62,84.8,48.8,20.7
2026-04-15 03:22:03,79.86,169.0,192.8,4.4,84.2,46.6,20.7
2026-04-15 03:22:03,81.17,152.6,175.4,4.63,84.2,49.4,20.7
2026-04-15 03:22:03,81.89,146.3,167.3,4.91,84.2,58.8,20.7
2026-04-15 03:22:03,81.37,142.0,165.8,4.53,83.2,47.2,20.7
2026-04-15 03:22:03,82.54,132.9,154.7,5.26,83.2,46.7,20.7
2026-04-15 03:22:04,81.48,145.7,168.7,4.72,84.2,47.6,20.7
2026-04-15 03:22:04,82.1,131.7,144.7,5.38,84.2,47.2,20.7
2026-04-15 03:22:04,80.75,150.6,173.6,4.57,84.2,48.2,20.7
2026-04-15 03:22:04,82.26,162.2,175.8,4.72,83.7,54.2,20.7
2026-04-15 03:22:05,82.24,137.1,160.1,4.8,84.8,43.4,20.7
2026-04-15 03:22:05,81.73,116.8,139.8,5.59,83.7,45.2,20.7
2026-04-15 03:22:05,81.25,154.0,163.9,4.86,84.8,63.0,20.7
2026-04-15 03:22:05,79.54,120.7,143.7,5.05,84.8,42.1,20.7
2026-04-15 03:22:05,82.08,179.0,186.7,4.43,83.7,55.7,20.7
2026-04-15 03:22:06,81.89,170.2,188.9,4.47,84.2,46.5,20.7
2026-04-15 03:22:06,79.91,145.9,169.0,4.79,84.8,51.8,20.8
2026-04-15 03:22:06,80.54,139.7,157.7,5.16,84.2,50.6,20.7
2026-04-15 03:22:06,80.61,176.5,199.8,4.22,84.2,47.9,20.8
2026-04-15 03:22:06,81.52,163.4,183.7,4.55,83.7,48.8,20.8
2026-04-15 03:22:07,81.33,127.0,150.1,5.08,83.7,48.7,20.8
2026-04-15 03:22:07,81.3,171.9,194.6,4.07,84.8,47.4,20.8
2026-04-15 03:22:07,82.11,136.5,159.4,5.06,84.8,50.0,20.8
2026-04-15 03:22:07,80.49,126.4,148.0,5.27,84.8,47.9,20.8
2026-04-15 03:22:07,81.31,119.8,142.2,5.2,84.8,44.7,20.8
2026-04-15 03:22:08,81.13,122.6,134.9,5.89,84.8,48.5,20.8
2026-04-15 03:22:08,81.83,124.4,146.0,4.96,83.7,43.7,20.8
2026-04-15 03:22:08,79.22,158.0,180.5,4.27,84.2,47.7,20.8
2026-04-15 03:22:08,81.17,205.5,228.6,3.57,83.7,50.5,20.8
2026-04-15 03:22:08,79.94,115.0,138.0,5.68,84.2,46.3,20.8
2026-04-15 03:22:09,80.52,160.5,176.3,4.7,84.2,53.6,20.8
2026-04-15 03:22:09,81.43,161.6,184.2,4.28,84.8,48.4,20.8
2026-04-15 03:22:09,80.84,148.3,171.3,4.55,84.8,44.2,20.9
2026-04-15 03:22:09,82.6,140.7,156.0,5.18,84.8,48.1,20.9
2026-04-15 03:22:10,81.8,147.6,168.4,4.85,83.2,50.0,20.8
2026-04-15 03:22:10,81.63,137.3,155.7,5.26,84.8,48.0,20.8
2026-04-15 03:22:10,81.07,116.1,136.1,5.57,84.2,53.6,20.9
2026-04-15 03:22:10,80.99,142.2,160.3,5.12,84.8,56.0,20.9
2026-04-15 03:22:10,80.59,137.9,158.0,5.19,85.3,50.0,20.9
2026-04-15 03:22:10,80.68,120.9,144.1,5.5,84.2,47.9,20.9
2026-04-15 03:22:11,81.65,122.0,143.9,4.97,85.3,48.1,20.9
2026-04-15 03:22:11,81.27,151.3,174.6,4.35,83.7,46.7,20.9
2026-04-15 03:22:11,80.3,113.7,126.6,6.18,84.8,50.0,20.9
2026-04-15 03:22:11,81.48,141.7,163.6,5.02,84.2,53.7,20.9
2026-04-15 03:22:12,81.54,178.5,198.1,4.3,83.7,50.0,20.9
2026-04-15 03:22:12,82.01,111.8,132.1,5.96,84.8,51.6,21.0
2026-04-15 03:22:12,82.19,153.8,169.8,4.83,84.2,49.4,21.0
2026-04-15 03:22:12,80.8,164.4,187.4,4.1,83.2,40.0,21.0
2026-04-15 03:22:12,81.5,111.9,134.7,5.53,83.7,44.3,21.0
2026-04-15 03:22:12,81.18,124.6,142.6,5.55,84.8,49.3,21.0
2026-04-15 03:22:13,81.37,134.0,157.1,4.79,84.8,46.2,21.0
2026-04-15 03:22:13,82.56,104.8,127.5,5.84,84.8,45.7,21.0
2026-04-15 03:22:13,81.98,119.5,136.7,5.53,85.3,52.0,21.0
2026-04-15 03:22:13,81.09,179.5,191.2,4.4,84.8,56.2,21.0
2026-04-15 03:22:13,82.77,144.9,163.2,5.05,84.8,53.7,21.0
2026-04-15 03:22:14,81.82,119.2,138.8,5.75,84.2,43.3,21.0
2026-04-15 03:22:14,81.27,155.8,169.3,4.91,84.8,51.8,21.0
2026-04-15 03:22:14,81.51,127.8,150.9,4.88,84.8,41.0,21.0
2026-04-15 03:22:14,81.47,120.1,143.2,5.19,82.0,49.3,21.0
2026-04-15 03:22:14,81.65,124.2,131.0,5.87,83.7,53.0,21.0
2026-04-15 03:22:15,81.56,183.6,203.1,3.85,83.7,48.0,21.0
2026-04-15 03:22:15,82.0,143.5,158.5,5.19,84.2,50.0,21.0
2026-04-15 03:22:15,82.14,147.8,177.3,4.68,84.8,48.1,21.0
2026-04-15 03:22:15,82.8,147.1,168.4,4.47,84.8,50.0,21.0
2026-04-15 03:22:15,80.95,122.5,135.0,5.68,84.2,44.8,21.0
2026-04-15 03:22:16,81.41,145.5,167.3,4.5,83.7,50.0,21.1
2026-04-15 03:22:16,82.79,159.6,177.6,4.68,84.8,48.2,21.1
2026-04-15 03:22:16,82.38,154.6,178.9,4.34,83.7,44.4,21.1
2026-04-15 03:22:16,82.62,164.9,187.9,4.16,84.2,48.4,21.1
2026-04-15 03:22:17,81.18,164.3,187.4,4.3,84.2,47.4,21.2
2026-04-15 03:22:17,81.76,127.4,149.7,5.09,84.8,50.0,21.2
2026-04-15 03:22:17,82.06,133.3,156.1,4.86,84.8,44.6,21.2
2026-04-15 03:22:17,82.69,113.7,134.7,5.54,83.7,41.7,21.2
2026-04-15 03:22:17,82.21,108.3,124.8,6.19,85.3,53.0,21.2
2026-04-15 03:22:18,81.85,140.7,161.9,5.02,84.8,50.6,21.2
2026-04-15 03:22:18,80.45,138.8,161.8,5.05,84.8,46.2,21.2
2026-04-15 03:22:18,82.81,107.9,124.9,5.94,84.2,50.7,21.2
2026-04-15 03:22:18,82.83,127.0,148.3,5.35,84.8,50.0,21.2
2026-04-15 03:22:18,80.75,143.7,166.8,4.64,84.2,44.7,21.2
2026-04-15 03:22:19,82.04,172.6,191.0,4.35,83.2,54.9,21.2
2026-04-15 03:22:19,82.5,152.5,175.5,4.71,83.2,50.0,21.2
2026-04-15 03:22:19,82.88,154.5,166.8,4.94,84.8,48.1,21.2
2026-04-15 03:22:19,80.95,115.7,138.7,5.16,84.8,43.6,21.2
2026-04-15 03:22:19,82.34,152.3,168.2,4.92,85.3,53.2,21.3
2026-04-15 03:22:20,81.81,138.1,147.8,5.38,83.2,47.2,21.3
2026-04-15 03:22:20,81.38,136.7,161.5,4.94,83.7,52.5,21.3
2026-04-15 03:22:20,81.71,134.2,153.0,5.17,83.7,44.6,21.3
2026-04-15 03:22:20,81.96,162.5,184.1,4.37,83.7,46.7,21.2
2026-04-15 03:22:20,81.69,171.8,194.8,4.12,85.3,49.5,21.2
2026-04-15 03:22:21,81.62,168.3,191.1,4.35,84.2,48.9,21.3
2026-04-15 03:22:21,82.74,158.4,182.1,4.48,84.8,47.6,21.3
2026-04-15 03:22:21,80.96,166.9,189.7,4.15,84.2,45.7,21.3
2026-04-15 03:22:21,82.36,152.5,175.8,4.56,84.2,46.4,21.3
2026-04-15 03:22:22,81.53,122.4,134.4,5.89,84.2,47.8,21.3
2026-04-15 03:22:22,81.83,179.3,202.5,3.89,84.2,53.9,21.3
2026-04-15 03:22:22,81.96,119.3,139.2,5.76,83.2,47.8,21.4
2026-04-15 03:22:22,82.46,155.7,167.1,4.9,83.2,50.6,21.4
2026-04-15 03:22:22,82.6,127.7,150.7,4.89,84.2,47.5,21.4
2026-04-15 03:22:23,82.25,133.7,156.1,4.86,83.7,47.7,21.4
2026-04-15 03:22:23,81.87,133.4,159.1,4.96,83.7,46.8,21.3
2026-04-15 03:22:23,81.43,120.1,139.4,5.43,85.3,43.1,21.3
2026-04-15 03:22:23,82.06,192.2,203.0,4.17,83.7,57.0,21.3
2026-04-15 03:22:23,82.57,110.5,133.6,5.46,83.7,46.7,21.4
2026-04-15 03:22:24,81.63,111.8,129.7,5.96,85.9,47.8,21.4
2026-04-15 03:22:24,81.86,165.6,188.7,4.47,84.2,52.8,21.4
2026-04-15 03:22:24,82.09,112.9,135.6,5.65,84.8,45.2,21.4
2026-04-15 03:22:24,82.07,114.3,134.4,5.91,85.3,51.6,21.4
2026-04-15 03:22:24,81.12,136.7,153.9,5.31,84.2,50.0,21.4
2026-04-15 03:22:24,81.28,134.0,156.1,5.09,85.9,47.4,21.4
2026-04-15 03:22:25,81.57,165.9,185.4,4.3,84.2,44.4,21.4
2026-04-15 03:22:25,82.02,148.7,170.6,4.63,84.2,54.7,21.4
2026-04-15 03:22:25,82.28,112.3,123.4,6.15,84.2,50.0,21.4
2026-04-15 03:22:25,82.7,151.1,168.5,4.85,84.2,46.2,21.4
2026-04-15 03:22:26,82.61,144.3,150.3,5.19,84.8,48.7,21.4
2026-04-15 03:22:26,83.05,213.3,235.3,3.71,84.8,52.9,21.5
2026-04-15 03:22:26,83.04,159.2,180.4,4.66,83.2,50.6,21.5
2026-04-15 03:22:26,82.32,146.2,169.1,4.6,84.8,46.4,21.5
2026-04-15 03:22:26,82.51,112.7,129.6,6.02,84.8,48.5,21.5
2026-04-15 03:22:27,82.69,178.6,197.8,4.29,84.8,55.1,21.5
2026-04-15 03:22:27,82.92,113.5,132.3,5.96,84.2,47.8,21.5
2026-04-15 03:22:27,82.72,145.2,160.7,5.01,85.3,52.6,21.5
2026-04-15 03:22:27,83.1,166.2,183.4,4.55,84.2,51.1,21.5
2026-04-15 03:22:27,82.68,104.9,129.8,5.75,85.3,44.9,21.5
2026-04-15 03:22:28,83.52,156.0,176.6,4.62,85.9,46.4,21.5
2026-04-15 03:22:28,83.47,179.0,202.8,3.87,84.2,49.0,21.5
2026-04-15 03:22:28,83.58,134.5,150.8,5.38,84.2,46.1,21.5
2026-04-15 03:22:28,83.71,143.0,166.0,4.8,84.2,48.1,21.5
2026-04-15 03:22:28,82.56,107.5,125.8,6.09,84.2,50.0,21.6
