Timestamp,Avg_Conf(%),InferenceTime(ms),TotalLatencyTime(ms),FPS,CPU_Temp(℃),CPU_Usage(%),Memory_Usage(%)
2026-04-15 03:58:51,71.75,165.3,469.7,2.13,40.2,0.0,20.7
2026-04-15 03:58:51,79.11,91.4,114.4,6.34,40.8,35.9,20.7
2026-04-15 03:58:51,79.56,82.3,105.1,6.35,40.8,27.1,20.8
2026-04-15 03:58:52,79.29,81.4,98.6,7.54,41.4,41.1,20.8
2026-04-15 03:58:52,78.66,85.6,103.4,7.28,39.7,36.5,20.8
2026-04-15 03:58:52,79.92,82.3,95.9,7.69,40.8,38.0,20.8
2026-04-15 03:58:52,80.23,84.0,101.1,7.4,40.8,40.0,20.8
2026-04-15 03:58:52,79.19,81.9,97.2,7.64,40.2,36.5,20.8
2026-04-15 03:58:52,78.68,93.7,110.6,6.87,40.8,40.0,20.8
2026-04-15 03:58:52,78.98,84.0,107.1,6.38,40.2,34.8,20.8
2026-04-15 03:58:53,77.53,81.8,97.3,7.63,40.2,36.0,20.8
2026-04-15 03:58:53,76.49,84.0,101.3,7.39,40.8,36.5,20.8
2026-04-15 03:58:53,77.36,95.5,111.0,6.9,39.7,39.3,20.8
2026-04-15 03:58:53,75.76,84.1,106.9,6.44,39.7,37.5,20.8
2026-04-15 03:58:53,75.6,82.7,98.9,7.54,41.4,38.5,20.8
2026-04-15 03:58:53,75.54,87.0,103.0,7.3,41.4,40.7,20.8
2026-04-15 03:58:53,75.45,89.8,105.3,7.17,41.9,45.8,20.8
2026-04-15 03:58:54,75.11,91.5,115.2,6.0,40.2,35.8,20.8
2026-04-15 03:58:54,74.5,97.3,120.3,5.87,40.2,36.4,20.8
2026-04-15 03:58:54,77.6,84.7,106.4,6.49,40.8,32.8,20.8
2026-04-15 03:58:54,75.42,102.6,117.0,6.61,41.4,41.7,20.8
2026-04-15 03:58:54,77.23,96.0,119.0,6.25,40.2,35.0,20.8
2026-04-15 03:58:54,75.05,90.4,112.5,6.21,40.2,41.2,20.8
2026-04-15 03:58:55,73.71,94.7,117.8,5.85,40.8,38.0,20.9
2026-04-15 03:58:55,71.48,94.0,117.1,6.03,39.7,36.4,20.9
2026-04-15 03:58:55,73.49,105.4,128.5,5.54,39.7,42.5,20.9
2026-04-15 03:58:55,74.66,110.0,133.6,5.89,39.7,37.7,20.9
2026-04-15 03:58:55,73.71,104.9,125.7,6.24,40.2,36.2,20.9
2026-04-15 03:58:55,73.81,104.4,128.9,5.97,40.2,40.3,20.9
2026-04-15 03:58:56,74.16,98.5,121.7,6.28,40.8,40.0,20.9
2026-04-15 03:58:56,73.41,95.0,118.1,6.13,41.4,35.5,20.9
2026-04-15 03:58:56,71.61,98.5,121.2,5.88,41.4,36.5,20.9
2026-04-15 03:58:56,70.49,91.0,114.1,6.21,40.8,33.9,20.9
2026-04-15 03:58:56,69.5,90.0,113.4,6.09,40.2,35.9,20.9
2026-04-15 03:58:56,72.66,87.0,109.8,6.14,40.2,37.3,20.9
2026-04-15 03:58:56,73.79,93.9,105.9,7.14,41.4,44.4,20.9
2026-04-15 03:58:57,71.33,92.0,115.4,6.05,42.5,40.0,20.9
2026-04-15 03:58:57,72.66,115.1,138.1,5.28,41.4,36.5,20.8
2026-04-15 03:58:57,70.85,97.9,115.5,6.7,41.4,40.7,20.8
2026-04-15 03:58:57,72.36,123.4,145.7,5.2,40.8,39.7,20.8
2026-04-15 03:58:57,71.91,101.1,124.3,5.64,42.5,38.4,20.8
2026-04-15 03:58:58,74.18,98.8,121.8,6.09,41.4,38.8,20.8
2026-04-15 03:58:58,73.22,92.2,114.5,6.21,40.2,37.5,20.8
2026-04-15 03:58:58,73.03,108.1,130.9,5.51,40.2,38.7,20.8
2026-04-15 03:58:58,74.55,106.5,129.6,6.06,40.2,38.5,20.9
2026-04-15 03:58:58,71.86,94.8,114.9,6.47,41.9,39.0,20.9
2026-04-15 03:58:58,76.86,88.7,111.2,6.23,40.2,37.5,20.9
2026-04-15 03:58:58,74.57,86.9,109.9,6.07,41.4,34.4,20.9
2026-04-15 03:58:59,74.33,92.2,103.2,7.22,40.2,45.6,20.9
2026-04-15 03:58:59,71.01,101.3,124.0,5.69,41.9,35.3,20.9
2026-04-15 03:58:59,74.25,105.8,130.8,5.72,40.2,36.2,20.9
2026-04-15 03:58:59,73.35,91.2,113.9,6.75,40.2,40.0,21.0
2026-04-15 03:58:59,74.99,90.0,112.8,6.05,40.8,32.8,21.0
2026-04-15 03:58:59,75.72,98.9,121.9,5.7,39.1,36.6,21.0
2026-04-15 03:59:00,71.84,87.8,110.7,6.43,41.9,37.7,21.1
2026-04-15 03:59:00,75.97,86.8,109.7,6.03,40.2,34.4,21.1
2026-04-15 03:59:00,74.1,91.1,102.1,7.28,40.8,45.5,21.1
2026-04-15 03:59:00,73.87,95.3,118.8,5.84,42.5,37.1,21.1
2026-04-15 03:59:00,74.87,92.5,117.1,6.04,40.2,35.4,21.1
2026-04-15 03:59:00,74.26,90.3,113.3,6.16,41.4,33.9,21.1
2026-04-15 03:59:01,74.41,102.8,125.9,5.59,40.8,36.6,21.1
2026-04-15 03:59:01,73.25,98.7,121.7,6.15,40.8,39.7,21.2
2026-04-15 03:59:01,72.35,102.7,125.7,5.86,39.7,30.6,21.2
2026-04-15 03:59:01,73.13,90.2,112.9,6.48,40.2,41.5,21.2
2026-04-15 03:59:01,75.09,104.4,126.5,5.54,40.8,36.6,21.2
2026-04-15 03:59:01,75.62,102.9,125.5,6.06,40.8,36.5,21.2
2026-04-15 03:59:02,75.55,103.0,125.3,5.99,40.8,37.9,21.2
2026-04-15 03:59:02,73.17,88.8,111.7,6.57,41.4,39.3,21.2
2026-04-15 03:59:02,74.56,106.0,128.9,5.45,40.2,33.8,21.1
2026-04-15 03:59:02,75.76,102.8,125.7,6.12,40.2,40.3,21.1
2026-04-15 03:59:02,74.81,98.3,121.0,6.17,40.8,38.3,21.1
2026-04-15 03:59:02,73.55,110.0,133.2,5.6,40.8,37.1,21.1
2026-04-15 03:59:03,73.95,115.1,137.9,5.82,40.8,39.1,21.1
2026-04-15 03:59:03,75.21,90.1,109.0,6.99,41.9,35.8,21.1
2026-04-15 03:59:03,75.64,86.4,108.2,6.17,41.4,35.9,21.1
2026-04-15 03:59:03,74.18,125.2,137.4,5.82,40.2,42.6,21.1
2026-04-15 03:59:03,73.17,104.5,127.0,5.59,40.2,37.1,21.1
2026-04-15 03:59:03,74.33,94.4,117.3,6.39,40.2,35.6,21.1
2026-04-15 03:59:04,73.54,98.9,121.9,5.84,39.7,36.2,21.1
2026-04-15 03:59:04,72.9,101.9,125.1,5.89,40.8,34.4,21.1
2026-04-15 03:59:04,74.23,92.6,115.5,6.36,40.2,39.1,21.1
2026-04-15 03:59:04,74.38,86.7,110.0,6.21,41.4,36.5,21.1
2026-04-15 03:59:04,75.2,116.5,128.2,6.15,41.9,42.4,21.1
2026-04-15 03:59:04,75.47,89.4,105.5,7.15,40.2,40.7,21.0
2026-04-15 03:59:05,76.11,97.7,120.9,5.71,41.4,33.8,21.0
2026-04-15 03:59:05,76.58,102.8,125.8,5.83,41.4,39.4,21.0
2026-04-15 03:59:05,75.78,111.9,136.0,5.66,40.2,41.4,21.0
2026-04-15 03:59:05,74.54,129.8,149.3,5.45,40.8,38.0,20.9
2026-04-15 03:59:05,75.33,110.9,133.7,5.53,40.8,36.1,20.9
2026-04-15 03:59:05,74.06,93.4,112.6,6.71,40.8,42.6,21.0
2026-04-15 03:59:06,75.57,88.4,111.2,6.19,40.8,37.9,21.0
2026-04-15 03:59:06,75.67,90.4,113.2,5.93,40.8,31.7,21.0
2026-04-15 03:59:06,75.4,88.2,112.3,5.99,40.8,40.0,21.0
2026-04-15 03:59:06,75.29,111.7,133.0,5.33,41.4,34.7,21.0
2026-04-15 03:59:06,75.64,108.4,129.0,6.13,41.4,41.8,21.0
2026-04-15 03:59:06,77.27,94.1,117.5,6.54,40.8,40.3,21.0
2026-04-15 03:59:07,75.48,104.5,127.8,5.66,40.8,37.1,21.0
2026-04-15 03:59:07,75.93,104.9,128.3,5.98,41.9,37.3,21.0
2026-04-15 03:59:07,76.94,99.0,122.0,6.24,40.8,38.1,20.9
2026-04-15 03:59:07,75.92,94.2,117.5,6.17,40.8,36.9,20.9
2026-04-15 03:59:07,75.23,91.9,114.7,6.1,40.2,40.6,20.9
2026-04-15 03:59:07,75.61,90.4,113.2,6.04,39.7,40.0,20.9
2026-04-15 03:59:08,74.97,90.1,111.0,6.02,40.8,35.4,20.9
2026-04-15 03:59:08,75.52,95.0,118.5,5.83,41.9,37.1,20.8
2026-04-15 03:59:08,75.84,118.9,141.9,5.26,40.8,36.5,20.8
2026-04-15 03:59:08,75.94,88.5,101.7,7.34,40.8,38.0,20.8
2026-04-15 03:59:08,75.54,90.7,112.4,5.92,41.4,36.4,20.8
2026-04-15 03:59:08,76.2,91.8,114.9,5.96,41.4,39.1,20.8
2026-04-15 03:59:09,75.77,102.4,127.5,5.55,40.2,36.1,20.8
2026-04-15 03:59:09,74.36,82.8,106.3,6.92,41.4,36.8,20.8
2026-04-15 03:59:09,75.35,108.2,124.2,6.32,40.8,42.9,20.8
2026-04-15 03:59:09,75.23,102.4,125.4,6.22,40.2,38.5,20.8
2026-04-15 03:59:09,75.99,99.2,122.4,6.11,41.4,37.9,20.8
2026-04-15 03:59:09,74.57,95.3,118.6,6.14,40.8,40.3,20.9
2026-04-15 03:59:10,76.32,87.7,110.8,6.3,41.4,40.9,20.9
2026-04-15 03:59:10,76.87,90.9,114.0,5.89,41.4,32.3,20.9
2026-04-15 03:59:10,75.51,103.4,127.1,5.56,40.2,38.2,21.0
2026-04-15 03:59:10,73.66,87.8,109.3,6.63,39.7,37.7,21.0
2026-04-15 03:59:10,76.18,86.4,109.2,6.08,41.4,34.4,20.9
2026-04-15 03:59:10,74.78,95.2,107.2,7.04,41.4,47.5,21.0
2026-04-15 03:59:11,75.99,88.7,111.8,6.25,40.2,32.2,21.0
2026-04-15 03:59:11,74.52,88.1,111.2,6.02,38.6,36.4,21.0
2026-04-15 03:59:11,74.07,101.3,124.3,5.57,41.4,37.5,21.0
2026-04-15 03:59:11,76.13,107.1,130.6,5.78,40.8,40.3,21.0
2026-04-15 03:59:11,74.35,105.4,128.4,6.07,40.8,35.0,21.0
2026-04-15 03:59:11,74.51,90.7,114.7,6.54,40.8,40.6,21.0
2026-04-15 03:59:12,73.06,103.5,124.7,5.61,40.2,32.8,20.9
2026-04-15 03:59:12,74.96,87.6,110.6,6.64,40.2,39.3,20.9
2026-04-15 03:59:12,75.63,104.4,127.8,5.44,40.2,34.2,20.9
2026-04-15 03:59:12,72.82,93.0,116.0,6.46,41.4,38.7,20.9
2026-04-15 03:59:12,75.31,111.5,134.9,5.39,40.8,43.6,20.9
2026-04-15 03:59:12,76.64,114.1,134.7,5.92,40.8,37.9,20.9
2026-04-15 03:59:13,74.8,93.8,113.1,6.77,40.8,38.6,20.9
2026-04-15 03:59:13,74.62,100.6,123.3,5.81,41.9,37.7,20.9
2026-04-15 03:59:13,72.41,96.8,122.9,6.04,40.2,39.7,20.9
2026-04-15 03:59:13,75.55,105.9,128.9,5.79,40.2,39.4,20.9
2026-04-15 03:59:13,75.27,118.4,141.5,5.58,39.7,42.3,21.0
2026-04-15 03:59:13,74.6,95.3,108.6,6.98,41.4,42.6,20.9
2026-04-15 03:59:14,74.34,91.8,114.4,6.13,41.4,36.4,20.9
2026-04-15 03:59:14,74.49,118.2,141.1,5.18,39.7,37.2,20.9
2026-04-15 03:59:14,74.39,108.1,123.0,6.37,40.2,39.3,21.0
2026-04-15 03:59:14,74.15,93.3,116.4,6.6,40.8,39.3,20.9
2026-04-15 03:59:14,73.39,100.2,123.4,5.76,40.8,37.5,20.9
2026-04-15 03:59:14,73.74,105.9,129.6,5.79,41.4,38.8,20.9
2026-04-15 03:59:15,75.53,96.0,118.6,6.39,41.9,38.5,20.9
2026-04-15 03:59:15,76.49,84.0,104.4,6.47,40.2,34.5,20.9
2026-04-15 03:59:15,75.44,112.1,126.9,6.21,40.8,45.5,20.9
2026-04-15 03:59:15,76.79,105.8,127.6,6.19,40.8,39.1,20.9
2026-04-15 03:59:15,74.52,95.4,118.5,6.45,40.2,37.7,20.9
2026-04-15 03:59:15,75.18,117.6,141.2,5.29,40.8,38.2,20.9
2026-04-15 03:59:15,73.77,95.7,110.0,6.93,40.8,42.1,20.9
2026-04-15 03:59:16,75.28,111.1,134.1,5.5,41.4,38.4,20.9
2026-04-15 03:59:16,75.42,93.0,117.7,6.59,40.2,37.3,20.8
2026-04-15 03:59:16,76.29,101.2,124.2,5.82,39.1,38.2,20.8
2026-04-15 03:59:16,73.91,96.6,118.4,6.18,41.4,32.2,20.8
2026-04-15 03:59:16,72.85,97.6,121.7,5.93,41.4,38.2,20.8
2026-04-15 03:59:16,76.1,101.6,124.7,5.9,41.4,35.4,20.8
2026-04-15 03:59:17,75.9,98.4,121.4,6.12,41.4,39.1,20.8
2026-04-15 03:59:17,74.9,101.8,124.8,5.88,40.8,35.8,20.8
2026-04-15 03:59:17,74.7,106.2,129.5,5.84,40.2,32.3,20.8
2026-04-15 03:59:17,75.13,132.8,155.1,5.18,41.4,42.5,20.8
2026-04-15 03:59:17,74.81,101.5,123.6,5.93,40.8,39.7,20.8
2026-04-15 03:59:18,74.7,356.6,381.7,2.36,41.9,81.3,20.7
2026-04-15 03:59:18,76.56,112.4,135.3,5.36,40.2,35.1,20.6
2026-04-15 03:59:18,78.01,105.9,124.4,6.24,42.5,40.3,20.6
2026-04-15 03:59:18,76.06,96.6,121.1,6.3,40.8,39.1,20.7
2026-04-15 03:59:18,75.68,93.6,119.3,6.07,41.4,36.5,20.7
2026-04-15 03:59:19,77.12,88.4,111.2,6.3,39.7,40.0,20.6
2026-04-15 03:59:19,75.22,93.7,116.9,5.81,39.7,33.8,20.6
2026-04-15 03:59:19,76.88,112.9,133.7,5.38,39.7,37.0,20.6
2026-04-15 03:59:19,76.84,87.8,106.2,7.07,39.7,37.0,20.6
2026-04-15 03:59:19,77.17,105.9,117.0,6.62,40.8,41.4,20.6
2026-04-15 03:59:19,80.03,103.4,126.4,6.09,40.2,36.5,20.6
2026-04-15 03:59:20,80.99,91.9,114.8,6.45,41.9,36.7,20.6
2026-04-15 03:59:20,76.92,92.3,115.8,5.97,40.8,35.8,20.7
2026-04-15 03:59:20,78.31,92.2,113.9,6.03,41.4,36.5,20.7
2026-04-15 03:59:20,78.81,97.0,120.3,5.83,40.8,36.2,20.7
2026-04-15 03:59:20,80.06,104.2,127.3,5.76,41.9,38.6,20.7
2026-04-15 03:59:20,79.88,118.5,142.1,5.52,41.4,37.0,20.7
2026-04-15 03:59:21,77.14,88.7,103.6,7.23,40.8,38.5,20.7
2026-04-15 03:59:21,80.01,88.1,109.5,6.1,41.4,32.3,20.7
2026-04-15 03:59:21,78.66,95.4,118.5,5.75,40.8,36.2,20.7
2026-04-15 03:59:21,78.7,90.0,113.5,6.19,40.8,37.5,20.7
2026-04-15 03:59:21,76.14,106.6,129.6,5.47,40.8,31.9,20.6
2026-04-15 03:59:21,75.61,90.9,113.9,6.62,41.4,41.7,20.6
2026-04-15 03:59:22,79.13,87.7,110.5,6.11,40.2,37.3,20.6
2026-04-15 03:59:22,76.81,94.6,117.8,5.75,39.7,32.8,20.6
2026-04-15 03:59:22,76.21,89.5,111.4,6.19,40.2,36.9,20.6
2026-04-15 03:59:22,75.56,109.1,131.9,5.38,40.2,37.3,20.6
2026-04-15 03:59:22,74.8,95.2,117.1,6.56,40.8,40.7,20.6
2026-04-15 03:59:22,74.11,94.6,117.7,6.02,41.4,37.3,20.6
2026-04-15 03:59:23,76.85,92.9,116.0,6.07,41.4,35.9,20.6
2026-04-15 03:59:23,75.35,93.8,116.9,5.97,40.8,31.7,20.6
2026-04-15 03:59:23,74.59,101.5,123.0,5.74,39.7,35.3,20.7
2026-04-15 03:59:23,75.06,90.7,114.2,6.4,40.8,38.1,20.6
2026-04-15 03:59:23,75.69,87.5,110.9,6.13,41.9,34.4,20.6
2026-04-15 03:59:23,77.58,137.6,157.7,4.62,40.2,39.3,20.6
2026-04-15 03:59:24,75.43,91.8,113.4,6.5,40.8,37.7,20.6
2026-04-15 03:59:24,73.93,90.4,112.3,6.05,40.2,39.1,20.5
2026-04-15 03:59:24,77.21,95.7,117.6,5.82,41.4,34.3,20.5
2026-04-15 03:59:24,75.45,96.3,119.3,5.98,39.1,35.4,20.5
2026-04-15 03:59:24,77.04,95.8,118.9,6.02,41.4,36.4,20.5
2026-04-15 03:59:24,75.8,120.8,143.8,5.22,40.2,38.7,20.5
2026-04-15 03:59:25,74.26,96.9,108.5,7.01,41.4,42.1,20.5
2026-04-15 03:59:25,74.31,114.0,137.2,5.43,41.9,36.6,20.5
2026-04-15 03:59:25,75.65,91.7,107.7,6.95,41.4,40.0,20.5
2026-04-15 03:59:25,76.16,99.6,122.4,5.73,41.4,36.6,20.5
2026-04-15 03:59:25,75.75,90.7,113.7,6.35,40.8,36.1,20.5
2026-04-15 03:59:25,76.65,89.9,112.8,6.03,41.4,36.9,20.6
2026-04-15 03:59:26,75.12,85.0,107.6,6.19,41.4,35.9,20.6
2026-04-15 03:59:26,75.72,94.9,108.7,6.98,41.4,41.1,20.5
2026-04-15 03:59:26,76.12,85.3,108.0,6.35,40.8,37.1,20.5
2026-04-15 03:59:26,77.32,84.7,98.2,7.55,41.9,42.3,20.5
2026-04-15 03:59:26,75.13,92.1,106.5,7.11,41.4,40.7,20.5
2026-04-15 03:59:26,78.42,90.0,112.7,6.08,41.9,40.3,20.5
2026-04-15 03:59:27,76.1,90.0,111.6,6.0,40.2,34.8,20.5
2026-04-15 03:59:27,75.85,109.0,132.5,5.38,39.7,35.1,20.5
2026-04-15 03:59:27,74.86,95.2,116.3,6.56,40.8,37.3,20.5
2026-04-15 03:59:27,75.6,90.1,112.8,6.19,41.4,37.5,20.5
2026-04-15 03:59:27,75.8,116.5,139.3,5.18,40.2,40.5,20.6
2026-04-15 03:59:27,77.24,91.2,106.8,7.08,41.4,40.0,20.6
2026-04-15 03:59:28,75.22,111.1,134.4,5.36,40.8,32.9,20.6
2026-04-15 03:59:28,76.68,92.5,113.8,6.77,40.2,39.7,20.6
2026-04-15 03:59:28,75.21,122.7,147.0,5.05,41.4,35.1,20.7
2026-04-15 03:59:28,77.01,111.7,134.8,5.33,40.8,34.7,20.6
2026-04-15 03:59:28,76.55,95.6,116.6,6.58,40.8,41.7,20.6
2026-04-15 03:59:28,76.54,103.6,126.6,5.78,41.4,37.1,20.6
2026-04-15 03:59:29,76.56,104.7,128.3,5.94,40.8,42.6,20.6
2026-04-15 03:59:29,77.41,116.6,139.6,5.62,40.8,36.2,20.7
2026-04-15 03:59:29,77.67,99.0,114.7,6.71,41.4,42.4,20.7
2026-04-15 03:59:29,76.84,111.1,134.1,5.6,40.8,36.2,20.7
2026-04-15 03:59:29,75.87,94.4,115.6,6.67,40.2,38.3,20.7
2026-04-15 03:59:29,75.94,101.8,119.1,5.74,41.4,37.1,20.7
2026-04-15 03:59:30,77.73,98.3,124.2,6.0,41.4,34.9,20.7
2026-04-15 03:59:30,75.34,88.3,111.5,6.52,40.8,37.7,20.7
2026-04-15 03:59:30,77.7,110.9,134.2,5.29,42.5,42.3,20.7
2026-04-15 03:59:30,78.2,96.5,115.4,6.58,41.4,35.1,20.7
2026-04-15 03:59:30,77.89,93.9,117.7,6.06,41.9,31.1,20.7
2026-04-15 03:59:30,78.05,92.7,116.0,6.08,41.4,37.3,20.7
2026-04-15 03:59:31,77.49,94.2,116.1,5.96,40.2,39.4,20.7
2026-04-15 03:59:31,78.18,86.5,109.6,6.29,40.2,39.1,20.6
2026-04-15 03:59:31,77.33,93.3,105.5,7.15,42.5,43.6,20.6
2026-04-15 03:59:31,77.27,103.4,127.1,5.63,40.2,36.2,20.6
2026-04-15 03:59:31,76.8,85.0,108.0,6.78,41.4,40.3,20.5
2026-04-15 03:59:31,77.2,88.8,102.7,7.3,41.4,42.6,20.5
2026-04-15 03:59:31,77.42,97.6,120.6,5.7,40.8,32.8,20.5
2026-04-15 03:59:32,78.26,100.7,123.8,5.89,41.9,37.3,20.5
2026-04-15 03:59:32,79.18,95.7,118.7,6.19,40.8,33.9,20.5
2026-04-15 03:59:32,77.79,89.8,114.3,6.17,40.2,38.5,20.5
2026-04-15 03:59:32,77.95,125.6,143.2,4.97,40.2,37.3,20.6
2026-04-15 03:59:32,77.86,108.0,130.8,5.49,41.4,36.5,20.6
2026-04-15 03:59:33,77.59,110.7,133.8,5.9,40.2,41.2,20.6
2026-04-15 03:59:33,77.1,104.6,126.4,6.23,41.4,37.1,20.6
2026-04-15 03:59:33,79.9,90.6,113.6,6.56,41.4,41.3,20.6
2026-04-15 03:59:33,79.94,104.2,127.2,5.55,40.2,36.1,20.6
2026-04-15 03:59:33,79.26,99.4,122.7,6.18,40.2,36.5,20.6
2026-04-15 03:59:33,79.83,87.5,110.6,6.41,40.8,41.3,20.6
2026-04-15 03:59:34,80.02,104.7,129.4,5.41,41.9,37.3,20.6
2026-04-15 03:59:34,78.19,112.0,134.1,5.77,41.9,36.9,20.6
2026-04-15 03:59:34,77.57,115.8,133.8,5.95,40.8,40.3,20.6
2026-04-15 03:59:34,78.06,91.5,108.5,7.02,41.4,41.7,20.6
2026-04-15 03:59:34,78.33,94.2,113.7,5.91,41.9,35.8,20.6
2026-04-15 03:59:34,77.21,86.1,109.1,6.31,40.2,38.1,20.6
2026-04-15 03:59:34,75.49,95.8,108.6,7.0,41.4,40.0,20.6
2026-04-15 03:59:35,80.69,96.0,119.6,5.94,40.8,39.7,20.6
2026-04-15 03:59:35,78.56,124.8,147.7,5.16,41.4,38.7,20.5
2026-04-15 03:59:35,77.87,92.3,110.9,5.97,41.4,38.2,20.5
2026-04-15 03:59:35,79.26,94.9,117.3,5.87,40.8,37.1,20.5
2026-04-15 03:59:35,80.95,89.1,111.9,6.26,40.8,36.1,20.5
2026-04-15 03:59:36,81.82,86.0,108.7,6.12,40.8,36.9,20.5
2026-04-15 03:59:36,81.31,87.1,101.0,7.38,41.4,44.6,20.5
2026-04-15 03:59:36,81.57,108.5,131.4,5.35,40.2,35.6,20.5
2026-04-15 03:59:36,81.33,89.6,112.7,6.76,40.2,37.9,20.5
2026-04-15 03:59:36,80.63,86.5,109.6,6.12,41.4,37.9,20.5
2026-04-15 03:59:36,81.3,86.1,98.3,7.53,41.9,42.3,20.5
2026-04-15 03:59:36,80.6,85.4,97.6,7.53,41.9,41.2,20.4
2026-04-15 03:59:37,79.83,107.7,119.7,6.44,41.4,45.2,20.5
2026-04-15 03:59:37,81.07,86.1,108.8,6.9,40.8,40.0,20.5
2026-04-15 03:59:37,79.8,108.4,131.3,5.3,41.9,37.7,20.5
2026-04-15 03:59:37,80.32,91.2,114.2,6.69,40.2,37.3,20.4
2026-04-15 03:59:37,79.58,107.8,134.7,5.35,40.2,38.4,20.5
2026-04-15 03:59:37,78.45,91.1,112.5,6.83,41.4,43.3,20.5
2026-04-15 03:59:38,79.49,105.3,128.5,5.54,39.7,36.6,20.5
2026-04-15 03:59:38,80.39,90.8,112.9,6.47,40.2,35.0,20.5
2026-04-15 03:59:38,78.39,106.1,129.3,5.56,41.4,38.0,20.5
2026-04-15 03:59:38,78.49,88.9,111.8,6.72,39.1,37.3,20.5
2026-04-15 03:59:38,77.95,111.1,134.1,5.3,41.9,35.6,20.5
2026-04-15 03:59:38,76.57,109.3,130.8,6.06,40.2,37.5,20.4
2026-04-15 03:59:39,79.4,101.7,124.5,6.29,40.8,35.6,20.5
2026-04-15 03:59:39,78.56,96.3,118.8,6.21,41.4,40.3,20.5
2026-04-15 03:59:39,79.61,90.5,113.7,6.22,40.8,38.5,20.5
2026-04-15 03:59:39,81.98,105.5,128.6,5.5,41.4,34.3,20.5
2026-04-15 03:59:39,81.02,90.1,116.3,6.47,39.7,37.1,20.5
2026-04-15 03:59:39,80.09,86.8,109.5,6.25,41.4,36.5,20.6
2026-04-15 03:59:40,80.0,115.2,127.5,6.19,41.4,43.5,20.6
2026-04-15 03:59:40,79.09,101.4,118.6,6.55,40.8,43.7,20.6
2026-04-15 03:59:40,80.75,114.7,137.8,5.56,39.7,38.2,20.6
2026-04-15 03:59:40,80.41,92.4,110.3,6.93,40.8,38.2,20.6
2026-04-15 03:59:40,78.37,125.4,148.5,5.01,40.2,50.0,20.6
2026-04-15 03:59:40,81.07,90.6,113.0,6.05,40.2,39.1,20.6
2026-04-15 03:59:41,80.29,120.5,144.6,5.06,40.8,38.3,20.6
2026-04-15 03:59:41,80.55,90.7,113.8,5.92,40.8,34.3,20.6
2026-04-15 03:59:41,73.11,118.1,140.1,5.16,40.2,36.8,20.6
2026-04-15 03:59:41,79.03,105.6,120.8,6.46,41.4,43.9,20.6
2026-04-15 03:59:41,70.85,94.0,117.3,6.47,40.8,38.3,20.5
2026-04-15 03:59:41,78.75,104.8,124.1,5.65,40.2,38.4,20.5
2026-04-15 03:59:42,81.17,111.3,134.5,5.77,40.8,41.2,20.5
2026-04-15 03:59:42,81.09,95.7,116.3,6.63,40.2,40.0,20.5
2026-04-15 03:59:42,79.84,89.9,113.1,6.22,40.2,39.4,20.5
2026-04-15 03:59:42,78.62,90.1,112.9,5.99,40.2,36.4,20.5
2026-04-15 03:59:42,77.64,97.5,119.9,5.75,40.8,38.2,20.5
2026-04-15 03:59:42,77.92,91.5,114.5,6.23,41.9,38.5,20.5
2026-04-15 03:59:43,78.33,89.5,112.7,6.07,41.4,37.5,20.5
2026-04-15 03:59:43,77.84,88.7,110.6,6.04,40.8,38.2,20.5
2026-04-15 03:59:43,77.75,106.0,129.1,5.44,40.2,37.8,20.5
2026-04-15 03:59:43,77.81,87.4,110.6,6.75,40.8,37.9,20.5
2026-04-15 03:59:43,78.91,113.9,136.9,5.19,40.8,34.7,20.5
2026-04-15 03:59:43,79.04,87.8,106.4,7.12,40.8,43.1,20.5
2026-04-15 03:59:44,77.25,91.3,114.4,5.88,41.4,31.7,20.5
2026-04-15 03:59:44,77.3,89.5,112.6,6.07,40.2,37.9,20.5
2026-04-15 03:59:44,78.1,92.9,115.7,5.88,40.8,32.3,20.5
2026-04-15 03:59:44,78.91,95.8,117.7,5.89,39.7,33.3,20.4
2026-04-15 03:59:44,79.8,88.8,112.0,6.27,40.8,37.9,20.5
2026-04-15 03:59:44,77.98,87.0,110.4,6.06,40.8,33.3,20.4
2026-04-15 03:59:45,79.0,102.5,125.9,5.49,40.8,36.6,20.4
2026-04-15 03:59:45,77.99,97.7,120.8,6.19,40.2,40.3,20.4
2026-04-15 03:59:45,77.26,88.4,111.6,6.35,40.8,41.0,20.4
2026-04-15 03:59:45,78.34,87.8,109.7,6.03,40.2,34.4,20.4
2026-04-15 03:59:45,78.5,94.9,116.8,5.75,40.2,34.8,20.4
2026-04-15 03:59:45,77.86,88.5,111.8,6.24,40.8,33.3,20.4
2026-04-15 03:59:46,75.53,96.8,120.0,5.72,39.7,39.7,20.4
2026-04-15 03:59:46,78.58,94.3,117.3,6.1,41.4,38.5,20.4
2026-04-15 03:59:46,77.74,111.0,135.0,5.41,40.2,34.7,20.5
2026-04-15 03:59:46,78.47,103.6,121.7,6.33,40.2,41.3,20.5
2026-04-15 03:59:46,78.75,104.7,127.9,5.96,40.8,36.9,20.5
2026-04-15 03:59:46,77.97,88.6,110.2,6.62,43.0,38.3,20.5
2026-04-15 03:59:47,78.43,87.8,111.8,5.96,40.8,34.8,20.5
2026-04-15 03:59:47,80.79,86.0,108.9,6.16,41.4,38.8,20.6
2026-04-15 03:59:47,82.16,113.0,126.1,6.24,40.2,43.9,20.6
2026-04-15 03:59:47,81.23,100.7,120.2,6.49,40.8,39.3,20.7
2026-04-15 03:59:47,80.23,106.8,130.5,5.75,40.2,38.8,20.7
2026-04-15 03:59:47,79.45,95.9,119.1,6.47,40.2,41.3,20.7
2026-04-15 03:59:48,79.8,122.0,145.2,5.19,40.2,38.2,20.7
2026-04-15 03:59:48,76.68,103.7,128.8,5.45,41.4,33.3,20.8
2026-04-15 03:59:48,76.47,90.3,113.3,6.6,40.2,38.3,20.8
2026-04-15 03:59:48,76.53,94.2,115.5,5.88,40.2,39.4,20.8
2026-04-15 03:59:48,76.4,97.6,120.0,5.88,41.4,32.8,20.8
2026-04-15 03:59:48,74.94,101.8,126.4,5.81,41.4,34.8,20.8
2026-04-15 03:59:49,75.68,103.7,126.7,5.99,41.9,42.9,20.8
2026-04-15 03:59:49,75.97,124.5,147.6,5.34,41.4,39.7,20.8
2026-04-15 03:59:49,75.42,96.3,117.9,5.82,41.4,33.8,20.8
2026-04-15 03:59:49,73.46,110.6,133.4,5.53,40.8,36.6,20.8
2026-04-15 03:59:49,75.62,99.0,120.7,6.46,41.4,39.3,20.8
2026-04-15 03:59:49,77.1,106.8,129.3,5.74,41.4,37.7,20.7
2026-04-15 03:59:50,76.73,93.4,115.1,6.52,41.9,37.9,20.7
2026-04-15 03:59:50,74.64,97.7,120.8,5.85,40.2,32.3,20.7
2026-04-15 03:59:50,74.11,89.3,110.6,6.32,39.7,40.6,20.8
2026-04-15 03:59:50,76.11,95.0,115.9,5.81,41.4,36.2,20.8
2026-04-15 03:59:50,75.87,103.9,126.1,5.69,40.8,35.8,20.8
2026-04-15 03:59:50,75.49,97.2,120.0,6.27,40.8,39.1,20.8
2026-04-15 03:59:51,76.35,99.8,122.8,5.9,40.2,36.4,20.8
2026-04-15 03:59:51,74.28,93.3,116.3,6.25,41.4,34.9,20.8
2026-04-15 03:59:51,77.76,100.7,123.8,5.75,40.8,39.4,20.8
2026-04-15 03:59:51,78.02,94.0,117.3,6.25,40.8,37.9,20.7
2026-04-15 03:59:51,74.78,102.5,124.3,5.71,40.8,36.8,20.7
2026-04-15 03:59:51,76.84,102.1,125.3,6.02,40.2,39.7,20.7
2026-04-15 03:59:52,76.57,94.3,117.6,6.29,40.2,39.7,20.7
2026-04-15 03:59:52,78.1,105.3,127.7,5.64,41.4,33.8,20.6
2026-04-15 03:59:52,77.94,89.8,112.8,6.62,40.2,33.9,20.6
2026-04-15 03:59:52,76.52,94.5,117.5,5.84,40.8,36.2,20.6
2026-04-15 03:59:52,76.12,112.4,135.6,5.42,39.7,38.9,20.6
2026-04-15 03:59:52,74.97,104.9,124.7,6.29,40.2,40.9,20.6
2026-04-15 03:59:53,75.85,102.7,126.0,6.07,40.2,37.1,20.6
2026-04-15 03:59:53,76.49,87.5,110.5,6.61,41.4,32.7,20.6
2026-04-15 03:59:53,71.15,91.9,115.0,5.86,40.2,37.1,20.6
2026-04-15 03:59:53,74.39,108.1,131.0,5.47,40.2,36.6,20.6
2026-04-15 03:59:53,75.37,98.7,121.4,6.36,41.4,38.3,20.5
2026-04-15 03:59:53,72.85,93.2,115.4,6.21,41.4,37.5,20.6
2026-04-15 03:59:54,74.24,112.0,135.3,5.38,41.9,36.1,20.6
2026-04-15 03:59:54,77.37,107.6,128.0,6.18,41.4,42.4,20.6
2026-04-15 03:59:54,75.89,116.9,140.1,5.67,40.8,41.4,20.6
2026-04-15 03:59:54,75.79,89.0,104.1,7.23,40.2,42.9,20.5
2026-04-15 03:59:54,74.43,106.1,118.3,6.55,41.4,40.7,20.5
2026-04-15 03:59:54,75.66,105.2,127.3,6.11,40.2,35.5,20.5
2026-04-15 03:59:55,74.86,100.4,124.5,6.14,40.2,38.1,20.6
2026-04-15 03:59:55,75.82,85.6,108.6,6.64,40.2,38.3,20.6
2026-04-15 03:59:55,76.31,113.3,127.7,6.17,40.2,42.6,20.5
2026-04-15 03:59:55,75.5,87.5,105.6,7.17,40.2,40.7,20.5
2026-04-15 03:59:55,77.46,95.9,105.7,7.06,41.4,41.8,20.5
2026-04-15 03:59:55,76.81,99.1,122.1,5.89,41.4,35.8,20.5
2026-04-15 03:59:55,73.35,86.5,107.4,6.49,41.9,37.3,20.5
2026-04-15 03:59:56,76.66,85.4,99.9,7.46,41.4,40.0,20.5
2026-04-15 03:59:56,74.02,90.5,101.5,7.32,41.4,36.7,20.5
2026-04-15 03:59:56,73.74,98.1,119.8,5.73,40.8,37.1,20.5
2026-04-15 03:59:56,74.28,97.2,120.3,6.05,41.4,37.9,20.5
2026-04-15 03:59:56,75.91,91.0,114.0,6.24,41.4,37.1,20.5
2026-04-15 03:59:56,74.42,97.1,119.1,5.79,40.2,36.2,20.5
2026-04-15 03:59:57,75.25,96.3,118.9,6.01,41.4,40.3,20.5
2026-04-15 03:59:57,73.88,87.0,110.1,6.38,40.2,34.5,20.5
2026-04-15 03:59:57,73.75,114.4,125.3,6.22,41.4,40.3,20.5
2026-04-15 03:59:57,75.13,89.4,108.4,7.03,40.8,40.4,20.4
2026-04-15 03:59:57,75.71,104.4,127.3,5.53,41.9,41.1,20.4
2026-04-15 03:59:57,74.36,84.3,107.7,6.81,39.1,36.8,20.4
2026-04-15 03:59:58,74.91,85.3,99.3,7.47,41.4,41.2,20.4
2026-04-15 03:59:58,76.41,92.4,107.8,7.04,39.7,40.0,20.5
2026-04-15 03:59:58,76.23,121.0,144.2,5.17,40.2,32.9,20.5
2026-04-15 03:59:58,75.28,94.3,117.4,5.78,40.8,30.8,20.5
2026-04-15 03:59:58,75.69,89.6,111.8,6.17,41.9,40.9,20.5
2026-04-15 03:59:58,77.63,89.8,112.9,5.99,41.4,36.8,20.5
2026-04-15 03:59:59,76.6,108.4,131.5,5.41,39.1,35.6,20.6
2026-04-15 03:59:59,76.77,113.9,136.1,5.81,40.8,36.9,20.6
2026-04-15 03:59:59,77.99,102.3,122.2,6.41,41.4,37.7,20.6
2026-04-15 03:59:59,78.72,95.6,118.8,6.29,41.9,36.1,20.7
2026-04-15 03:59:59,74.2,91.0,114.1,6.18,40.8,32.8,20.7
2026-04-15 03:59:59,76.46,86.9,111.2,6.11,40.8,40.6,20.7
2026-04-15 03:59:59,76.25,88.0,98.8,7.51,40.2,42.3,20.7
2026-04-15 04:00:00,77.42,94.9,122.0,5.63,40.8,36.1,20.7
2026-04-15 04:00:00,75.53,115.7,138.7,5.46,41.4,39.4,20.8
2026-04-15 04:00:00,76.19,104.6,121.5,6.43,40.2,45.5,20.8
2026-04-15 04:00:00,77.2,104.5,127.1,6.01,40.2,39.7,20.8
2026-04-15 04:00:00,75.72,100.2,123.4,6.16,39.7,35.0,20.8
2026-04-15 04:00:01,75.5,94.8,117.8,6.21,41.4,38.5,20.8
2026-04-15 04:00:01,76.84,90.2,112.4,6.13,41.4,37.9,20.8
2026-04-15 04:00:01,77.33,124.9,147.8,4.99,40.2,36.7,20.7
2026-04-15 04:00:01,78.09,91.5,114.6,6.0,40.2,32.8,20.7
2026-04-15 04:00:01,76.45,102.3,125.3,5.64,40.8,37.8,20.8
2026-04-15 04:00:01,78.06,99.2,122.4,6.11,40.2,36.9,20.8
2026-04-15 04:00:02,76.68,87.1,110.1,6.48,41.9,41.3,20.7
2026-04-15 04:00:02,76.06,109.2,121.7,6.42,40.2,43.5,20.7
2026-04-15 04:00:02,75.96,107.9,133.0,5.98,41.4,37.9,20.7
2026-04-15 04:00:02,75.85,92.8,114.7,6.69,40.8,41.0,20.7
2026-04-15 04:00:02,76.35,112.3,135.4,5.38,41.4,37.0,20.7
2026-04-15 04:00:02,75.9,102.1,122.3,6.39,40.8,43.9,20.7
2026-04-15 04:00:03,77.62,102.3,129.2,5.87,40.2,35.9,20.7
2026-04-15 04:00:03,77.7,93.4,116.6,6.49,41.4,40.3,20.7
2026-04-15 04:00:03,76.62,95.3,118.4,5.94,40.2,36.4,20.7
2026-04-15 04:00:03,76.18,92.7,115.7,6.1,41.4,37.9,20.6
2026-04-15 04:00:03,77.53,91.5,112.5,6.04,40.8,38.5,20.6
2026-04-15 04:00:03,77.03,122.2,145.0,5.07,40.8,38.7,20.7
2026-04-15 04:00:04,78.01,107.6,130.6,5.4,39.7,36.8,20.6
2026-04-15 04:00:04,76.27,90.7,111.3,6.68,41.4,37.5,20.6
2026-04-15 04:00:04,74.19,124.0,147.3,5.0,39.7,34.6,20.6
2026-04-15 04:00:04,75.29,117.7,141.9,5.14,40.2,35.1,20.6
2026-04-15 04:00:04,76.8,90.5,103.4,7.24,41.4,43.9,20.6
2026-04-15 04:00:04,77.77,111.2,134.2,5.34,40.8,36.5,20.6
2026-04-15 04:00:05,76.46,107.5,127.9,6.14,41.4,39.4,20.6
2026-04-15 04:00:05,74.77,105.9,129.0,5.98,41.4,39.4,20.6
2026-04-15 04:00:05,75.17,119.0,146.0,5.5,40.8,40.5,20.6
2026-04-15 04:00:05,78.12,101.2,124.2,5.62,40.8,37.5,20.5
2026-04-15 04:00:05,76.19,85.8,108.7,6.62,39.1,39.3,20.5
2026-04-15 04:00:05,75.63,93.0,104.8,7.12,40.8,44.8,20.5
2026-04-15 04:00:06,76.88,95.4,118.9,5.9,40.2,36.8,20.5
2026-04-15 04:00:06,75.92,88.9,112.0,6.27,40.2,38.1,20.5
2026-04-15 04:00:06,75.49,109.7,132.2,5.34,41.9,36.5,20.5
2026-04-15 04:00:06,74.72,96.8,118.8,6.5,40.8,38.3,20.5
2026-04-15 04:00:06,76.47,96.8,120.3,5.97,41.4,42.0,20.5
2026-04-15 04:00:06,75.85,107.3,130.2,5.68,40.8,33.8,20.5
2026-04-15 04:00:07,77.23,103.0,126.3,6.15,40.8,41.2,20.6
2026-04-15 04:00:07,77.48,95.5,119.1,6.28,40.8,37.1,20.5
2026-04-15 04:00:07,77.03,103.1,126.2,5.76,41.4,36.2,20.5
2026-04-15 04:00:07,74.76,90.5,113.9,6.48,40.8,37.7,20.5
2026-04-15 04:00:07,77.6,111.4,134.4,5.34,39.7,39.2,20.5
2026-04-15 04:00:07,77.17,112.6,131.8,5.96,40.8,39.7,20.5
2026-04-15 04:00:08,76.14,88.4,107.4,7.02,41.4,42.9,20.5
2026-04-15 04:00:08,76.29,92.4,115.7,5.84,41.9,34.3,20.5
2026-04-15 04:00:08,77.86,88.0,110.5,6.2,40.8,38.5,20.5
2026-04-15 04:00:08,77.15,87.2,110.6,6.02,40.8,38.2,20.5
2026-04-15 04:00:08,75.86,98.5,121.8,5.63,40.8,34.8,20.5
2026-04-15 04:00:08,78.42,110.9,134.3,5.58,39.7,36.6,20.5
2026-04-15 04:00:09,77.24,94.4,115.4,6.68,40.2,36.4,20.5
2026-04-15 04:00:09,77.8,108.6,131.5,5.53,41.4,38.4,20.5
2026-04-15 04:00:09,77.51,86.4,109.5,6.85,40.2,39.0,20.5
2026-04-15 04:00:09,78.56,91.5,103.4,7.25,42.5,45.6,20.5
2026-04-15 04:00:09,78.78,99.1,121.7,5.78,40.8,40.0,20.5
2026-04-15 04:00:09,75.51,100.6,123.7,5.95,41.4,33.3,20.5
2026-04-15 04:00:10,75.03,93.5,116.5,6.28,40.2,37.1,20.5
2026-04-15 04:00:10,77.82,89.8,113.0,6.13,40.2,37.9,20.5
2026-04-15 04:00:10,77.44,105.7,129.0,5.48,41.4,38.9,20.5
2026-04-15 04:00:10,76.86,90.4,113.5,6.62,40.8,41.9,20.4
2026-04-15 04:00:10,78.31,89.0,110.5,6.05,41.4,35.4,20.4
2026-04-15 04:00:10,76.55,109.7,132.6,5.34,40.8,34.7,20.4
2026-04-15 04:00:11,77.42,92.8,115.4,6.68,40.2,40.0,20.4
2026-04-15 04:00:11,77.44,94.3,117.2,5.95,42.5,37.3,20.4
2026-04-15 04:00:11,78.97,95.0,118.0,5.98,39.1,35.4,20.5
2026-04-15 04:00:11,78.32,89.9,113.0,6.19,39.7,38.8,20.5
2026-04-15 04:00:11,78.35,95.4,119.1,5.73,40.8,36.6,20.5
2026-04-15 04:00:11,79.27,113.9,136.8,5.46,41.4,38.4,20.5
2026-04-15 04:00:12,77.05,105.7,123.9,6.33,41.4,40.6,20.5
2026-04-15 04:00:12,77.82,104.2,127.7,6.03,41.9,36.9,20.5
2026-04-15 04:00:12,77.75,96.2,119.1,6.34,41.9,39.7,20.5
2026-04-15 04:00:12,79.17,130.4,153.1,4.98,41.4,38.3,20.5
2026-04-15 04:00:12,77.62,110.2,132.4,5.56,40.8,40.3,20.5
2026-04-15 04:00:12,77.71,96.6,119.1,6.53,40.8,41.3,20.5
2026-04-15 04:00:13,78.82,91.9,115.6,6.14,41.4,36.5,20.5
2026-04-15 04:00:13,75.75,95.2,118.2,5.92,40.2,40.8,20.5
2026-04-15 04:00:13,77.1,100.2,123.3,5.83,40.8,34.8,20.5
2026-04-15 04:00:13,77.59,98.3,117.5,6.07,40.8,34.9,20.5
2026-04-15 04:00:13,76.55,94.2,118.5,6.11,40.8,39.7,20.5
2026-04-15 04:00:13,76.07,98.1,122.3,5.86,41.4,35.8,20.6
2026-04-15 04:00:14,75.96,94.9,119.5,6.11,40.2,37.9,20.6
2026-04-15 04:00:14,77.44,87.4,110.5,6.33,40.8,36.1,20.6
2026-04-15 04:00:14,76.42,107.6,130.6,5.36,41.4,33.8,20.6
2026-04-15 04:00:14,76.28,99.5,123.0,6.29,41.4,40.3,20.6
2026-04-15 04:00:14,75.29,135.2,158.1,4.95,39.7,40.5,20.6
2026-04-15 04:00:14,74.77,86.5,109.2,6.6,41.4,39.3,20.6
2026-04-15 04:00:15,75.45,88.5,101.0,7.39,41.9,42.6,20.6
2026-04-15 04:00:15,75.53,112.9,135.7,5.24,40.2,36.5,20.5
2026-04-15 04:00:15,72.75,92.3,116.3,6.66,41.4,43.1,20.5
2026-04-15 04:00:15,76.91,90.5,115.8,6.15,41.4,34.9,20.5
2026-04-15 04:00:15,74.82,109.8,132.2,5.43,42.5,32.9,20.5
2026-04-15 04:00:15,73.98,109.4,131.7,6.03,41.4,41.8,20.5
2026-04-15 04:00:16,75.28,93.9,115.0,6.62,40.8,39.3,20.5
2026-04-15 04:00:16,75.09,87.7,111.3,6.22,40.8,38.1,20.6
2026-04-15 04:00:16,73.33,95.4,118.7,5.74,40.8,36.8,20.5
2026-04-15 04:00:16,74.27,103.2,126.3,5.74,39.7,35.7,20.5
2026-04-15 04:00:16,74.32,92.4,115.5,6.42,40.2,37.7,20.5
2026-04-15 04:00:16,75.69,89.9,113.0,6.09,40.2,37.3,20.5
2026-04-15 04:00:17,75.02,90.4,114.4,5.94,40.2,36.8,20.5
2026-04-15 04:00:17,76.07,84.5,107.6,6.27,40.2,36.9,20.5
2026-04-15 04:00:17,75.97,94.8,109.4,6.97,40.2,37.7,20.5
2026-04-15 04:00:17,75.5,86.4,109.5,6.32,39.7,38.1,20.6
2026-04-15 04:00:17,75.84,104.9,117.6,6.59,41.4,42.1,20.6
2026-04-15 04:00:17,76.78,100.3,123.3,6.17,41.9,38.5,20.6
2026-04-15 04:00:18,75.6,98.8,121.3,6.06,40.8,38.8,20.6
2026-04-15 04:00:18,75.16,88.5,110.6,6.38,40.8,36.7,20.6
2026-04-15 04:00:18,77.81,107.1,129.8,5.35,40.8,31.9,20.6
2026-04-15 04:00:18,77.47,107.0,129.8,6.07,40.2,43.9,20.6
2026-04-15 04:00:18,76.95,99.6,124.4,6.2,40.2,46.0,20.5
2026-04-15 04:00:18,76.02,100.8,123.9,6.04,41.4,35.9,20.6
2026-04-15 04:00:19,75.4,97.4,120.5,6.13,40.2,40.3,20.6
2026-04-15 04:00:19,76.46,103.1,126.5,5.8,40.2,35.8,20.6
2026-04-15 04:00:19,73.89,92.0,114.7,6.45,40.8,42.4,20.5
2026-04-15 04:00:19,76.18,105.9,128.0,5.54,39.7,33.3,20.5
2026-04-15 04:00:19,77.08,115.1,137.2,5.68,40.2,37.7,20.5
2026-04-15 04:00:19,75.73,97.2,112.3,6.73,40.2,45.0,20.6
2026-04-15 04:00:20,76.44,113.6,135.5,5.47,40.2,37.8,20.6
2026-04-15 04:00:20,74.87,96.0,113.9,6.71,40.8,40.7,20.6
2026-04-15 04:00:20,76.38,102.9,125.8,5.77,41.9,38.8,20.6
2026-04-15 04:00:20,78.01,105.3,128.4,5.91,40.2,34.9,20.7
2026-04-15 04:00:20,78.42,100.5,124.6,6.15,41.9,36.5,20.7
2026-04-15 04:00:20,78.42,108.9,132.1,5.74,40.8,39.1,20.7
2026-04-15 04:00:21,76.86,104.5,127.3,6.17,40.2,41.2,20.7
2026-04-15 04:00:21,75.54,114.3,137.3,5.66,40.8,40.0,20.7
2026-04-15 04:00:21,75.83,97.4,115.3,6.69,41.4,44.4,20.7
2026-04-15 04:00:21,72.88,105.3,128.4,5.73,39.7,35.8,20.7
2026-04-15 04:00:21,77.21,88.4,111.6,6.69,40.8,37.9,20.7
2026-04-15 04:00:21,76.7,88.5,111.5,6.0,40.8,35.4,20.7
2026-04-15 04:00:21,73.31,97.5,120.1,5.7,40.8,36.2,20.7
2026-04-15 04:00:22,76.65,89.7,112.5,6.28,41.4,39.1,20.7
2026-04-15 04:00:22,75.42,98.6,121.6,5.71,41.4,36.6,20.7
2026-04-15 04:00:22,75.86,89.7,112.6,6.34,41.4,37.1,20.6
2026-04-15 04:00:22,75.54,120.8,142.6,5.06,41.4,42.7,20.6
2026-04-15 04:00:22,76.4,92.2,115.4,5.83,39.7,32.3,20.6
2026-04-15 04:00:23,77.49,88.3,111.0,6.16,40.8,34.4,20.6
2026-04-15 04:00:23,75.24,110.0,133.3,5.3,40.2,39.2,20.6
2026-04-15 04:00:23,75.68,90.3,111.9,6.81,40.8,39.0,20.6
2026-04-15 04:00:23,72.55,92.0,112.4,5.94,40.2,34.8,20.6
2026-04-15 04:00:23,75.48,94.8,117.5,5.91,40.8,38.2,20.6
2026-04-15 04:00:23,74.15,91.2,114.3,6.13,40.8,37.5,20.6
2026-04-15 04:00:24,76.13,88.1,110.8,6.11,41.4,38.8,20.6
2026-04-15 04:00:24,75.5,101.9,125.0,5.55,40.8,32.9,20.6
2026-04-15 04:00:24,74.52,101.1,123.7,6.03,40.8,37.5,20.7
2026-04-15 04:00:24,74.16,88.0,108.9,6.52,41.9,37.7,20.6
2026-04-15 04:00:24,75.14,87.0,110.3,5.97,41.9,31.7,20.6
2026-04-15 04:00:24,75.9,92.1,115.7,5.87,41.4,36.4,20.6
2026-04-15 04:00:25,75.29,116.7,139.7,5.24,40.2,38.7,20.6
2026-04-15 04:00:25,75.72,100.6,115.5,6.65,40.2,41.4,20.6
2026-04-15 04:00:25,76.22,102.4,125.5,5.94,41.4,45.6,20.6
2026-04-15 04:00:25,78.15,101.6,124.6,6.03,39.7,37.9,20.6
2026-04-15 04:00:25,76.33,89.2,111.8,6.49,39.7,37.7,20.7
2026-04-15 04:00:25,77.36,94.0,117.1,5.83,40.8,33.8,20.7
2026-04-15 04:00:26,76.22,88.9,110.9,6.19,40.2,31.7,20.7
2026-04-15 04:00:26,78.32,91.4,116.5,5.84,40.8,37.7,20.7
2026-04-15 04:00:26,77.8,97.4,119.4,5.87,40.8,34.9,20.7
2026-04-15 04:00:26,77.28,92.2,115.4,6.19,40.2,42.0,20.7
2026-04-15 04:00:26,77.81,90.9,113.9,6.05,40.8,38.2,20.6
2026-04-15 04:00:26,77.26,88.8,111.9,6.08,40.2,34.9,20.6
2026-04-15 04:00:27,76.08,92.5,115.5,5.88,40.8,36.2,20.6
2026-04-15 04:00:27,77.89,93.7,116.7,5.96,40.8,37.3,20.6
2026-04-15 04:00:27,79.07,87.0,109.6,6.13,41.4,36.9,20.6
2026-04-15 04:00:27,78.87,105.4,128.5,5.49,40.8,39.7,20.6
2026-04-15 04:00:27,78.07,108.3,131.2,5.91,41.4,42.9,20.6
2026-04-15 04:00:27,78.2,103.6,126.8,6.17,41.4,38.3,20.6
2026-04-15 04:00:28,77.86,123.3,146.3,5.37,40.8,40.8,20.6
2026-04-15 04:00:28,79.26,128.4,151.8,4.87,40.8,32.5,20.6
2026-04-15 04:00:28,77.53,94.9,117.7,6.03,40.8,32.3,20.6
2026-04-15 04:00:28,78.33,90.6,110.7,6.1,40.2,36.9,20.6
2026-04-15 04:00:28,77.31,87.3,108.9,6.16,40.2,36.5,20.6
2026-04-15 04:00:28,80.04,91.4,102.5,7.3,40.2,45.6,20.6
2026-04-15 04:00:29,76.22,101.8,124.9,5.65,41.4,35.3,20.6
2026-04-15 04:00:29,77.39,93.9,117.2,6.29,40.8,34.4,20.6
2026-04-15 04:00:29,78.18,113.7,140.6,5.27,40.2,32.4,20.7
2026-04-15 04:00:29,78.24,85.8,101.2,7.4,39.7,43.6,20.6
2026-04-15 04:00:29,76.6,90.6,102.8,7.27,40.8,41.5,20.6
2026-04-15 04:00:29,77.92,91.2,114.4,5.97,41.4,36.8,20.6
2026-04-15 04:00:30,77.27,98.7,119.5,5.75,40.2,36.2,20.6
2026-04-15 04:00:30,78.32,107.4,130.7,5.69,39.7,39.1,20.6
2026-04-15 04:00:30,78.06,123.0,146.2,5.49,40.8,42.5,20.6
2026-04-15 04:00:30,77.41,116.0,139.1,5.19,39.7,38.7,20.6
2026-04-15 04:00:30,78.42,94.9,111.5,6.88,39.7,40.7,20.6
2026-04-15 04:00:30,77.73,88.7,111.7,6.23,40.2,36.1,20.6
2026-04-15 04:00:31,77.28,89.1,112.3,5.99,40.2,35.8,20.7
2026-04-15 04:00:31,77.01,95.7,116.9,5.77,41.9,34.8,20.7
2026-04-15 04:00:31,75.38,90.4,112.7,6.21,41.4,37.5,20.7
2026-04-15 04:00:31,76.14,101.6,125.0,5.61,40.8,32.8,20.7
2026-04-15 04:00:31,75.87,97.1,120.1,6.19,40.8,38.5,20.6
2026-04-15 04:00:31,75.24,106.1,129.6,5.68,41.4,37.1,20.6
2026-04-15 04:00:32,76.13,90.7,113.3,6.63,39.7,37.9,20.6
2026-04-15 04:00:32,76.19,89.2,112.2,6.06,40.2,39.7,20.6
2026-04-15 04:00:32,76.98,104.6,127.5,5.49,40.2,37.8,20.5
2026-04-15 04:00:32,76.17,95.5,118.6,6.35,40.2,40.9,20.5
2026-04-15 04:00:32,76.25,89.1,114.0,6.14,40.8,42.4,20.5
2026-04-15 04:00:32,78.01,90.7,114.1,6.03,40.8,35.4,20.5
2026-04-15 04:00:33,77.18,93.0,116.2,5.93,40.2,39.4,20.5
2026-04-15 04:00:33,77.39,119.6,142.0,5.18,41.4,36.0,20.5
2026-04-15 04:00:33,79.33,110.9,123.3,6.34,42.5,44.6,20.5
2026-04-15 04:00:33,77.19,107.8,129.5,6.1,40.2,40.9,20.6
2026-04-15 04:00:33,78.56,89.2,112.2,6.76,43.0,35.2,20.6
2026-04-15 04:00:33,77.12,85.0,107.9,6.17,41.4,38.8,20.6
2026-04-15 04:00:34,78.58,83.0,97.3,7.62,41.9,43.1,20.6
2026-04-15 04:00:34,76.38,95.7,110.9,6.81,40.8,44.3,20.7
2026-04-15 04:00:34,77.01,92.9,115.8,6.13,41.4,36.5,20.7
2026-04-15 04:00:34,77.14,96.4,117.9,5.88,41.4,36.8,20.8
2026-04-15 04:00:34,77.24,95.3,118.3,6.04,40.2,35.9,20.8
2026-04-15 04:00:34,78.54,106.5,129.6,5.63,40.8,35.7,20.7
2026-04-15 04:00:34,77.59,94.9,118.1,6.45,40.8,39.7,20.7
2026-04-15 04:00:35,78.34,90.6,114.8,6.09,40.8,37.9,20.7
2026-04-15 04:00:35,79.04,119.0,142.0,5.17,41.4,41.9,20.7
2026-04-15 04:00:35,78.35,85.0,97.5,7.56,40.2,46.4,20.7
2026-04-15 04:00:35,77.8,89.0,102.6,7.28,41.9,47.4,20.7
2026-04-15 04:00:35,78.55,96.2,119.2,5.76,40.8,33.8,20.7
2026-04-15 04:00:35,79.46,89.3,111.6,6.25,41.4,37.5,20.7
2026-04-15 04:00:36,77.46,92.9,116.0,5.89,40.2,38.9,20.7
2026-04-15 04:00:36,76.38,100.9,125.7,5.66,41.9,35.3,20.7
2026-04-15 04:00:36,77.93,101.7,124.6,6.05,41.4,38.5,20.7
2026-04-15 04:00:36,77.01,107.7,130.7,5.8,41.4,37.7,20.7
2026-04-15 04:00:36,78.95,91.4,114.5,6.65,41.4,41.7,20.7
2026-04-15 04:00:36,78.31,101.0,123.2,5.68,41.9,34.8,20.7
2026-04-15 04:00:37,77.42,93.6,116.7,6.28,40.8,34.4,20.7
2026-04-15 04:00:37,77.78,95.8,119.3,5.91,42.5,40.6,20.7
2026-04-15 04:00:37,79.15,87.9,111.2,6.29,40.2,36.5,20.7
2026-04-15 04:00:37,78.02,100.7,123.9,5.59,40.2,39.7,20.7
2026-04-15 04:00:37,78.75,95.5,118.5,6.2,40.8,33.3,20.6
2026-04-15 04:00:37,75.19,92.5,114.6,6.1,39.7,33.9,20.6
2026-04-15 04:00:38,75.72,87.1,110.1,6.22,40.8,35.8,20.6
2026-04-15 04:00:38,75.73,99.5,122.5,5.58,40.8,35.7,20.7
2026-04-15 04:00:38,73.17,106.3,129.4,5.76,41.4,38.2,20.6
2026-04-15 04:00:38,76.37,107.1,130.3,5.98,40.8,36.9,20.6
2026-04-15 04:00:38,76.32,92.7,114.7,6.57,40.2,38.3,20.7
2026-04-15 04:00:38,75.01,101.8,123.9,5.65,39.7,36.2,20.7
2026-04-15 04:00:39,74.91,88.0,110.7,6.6,41.9,37.3,20.7
2026-04-15 04:00:39,74.19,121.2,145.3,4.98,41.4,38.1,20.7
2026-04-15 04:00:39,74.4,96.9,119.9,5.73,41.4,33.8,20.7
2026-04-15 04:00:39,73.31,106.7,129.4,5.67,41.4,39.7,20.6
2026-04-15 04:00:39,74.98,96.5,119.7,6.4,40.2,38.7,20.6
2026-04-15 04:00:40,76.01,107.4,130.1,5.64,40.2,36.2,20.6
2026-04-15 04:00:40,74.87,91.5,112.7,6.63,39.7,37.3,20.6
2026-04-15 04:00:40,76.87,104.3,127.4,5.57,41.4,43.8,20.5
2026-04-15 04:00:40,75.82,110.0,133.2,5.8,40.2,37.9,20.5
2026-04-15 04:00:40,76.93,93.2,112.8,6.69,40.8,44.3,20.5
2026-04-15 04:00:40,76.57,109.8,132.9,5.46,40.8,33.3,20.5
2026-04-15 04:00:40,77.68,95.3,117.9,6.58,40.8,41.9,20.5
2026-04-15 04:00:41,76.16,88.3,111.7,6.25,39.7,36.5,20.6
2026-04-15 04:00:41,74.45,94.2,117.1,5.81,40.8,38.6,20.6
2026-04-15 04:00:41,75.25,92.6,115.7,6.01,40.2,39.1,20.6
2026-04-15 04:00:41,76.39,87.1,110.6,6.24,40.2,39.4,20.6
2026-04-15 04:00:41,71.98,108.7,131.8,5.33,40.8,32.9,20.6
2026-04-15 04:00:41,75.93,96.7,119.6,6.48,40.2,41.3,20.6
2026-04-15 04:00:42,77.17,89.5,112.4,6.27,40.8,40.0,20.6
2026-04-15 04:00:42,75.41,92.3,115.3,5.9,40.2,36.9,20.6
2026-04-15 04:00:42,76.84,87.9,111.0,6.16,40.2,36.9,20.5
2026-04-15 04:00:42,74.63,132.2,156.6,4.71,39.7,39.3,20.6
2026-04-15 04:00:42,77.41,99.0,122.2,6.05,40.8,41.7,20.6
2026-04-15 04:00:43,74.68,94.3,117.7,6.17,40.2,28.6,20.6
2026-04-15 04:00:43,76.78,102.8,125.9,5.72,40.8,35.8,20.6
2026-04-15 04:00:43,76.86,103.7,126.5,5.97,40.8,39.7,20.6
2026-04-15 04:00:43,74.72,89.5,112.2,6.56,41.4,38.3,20.6
2026-04-15 04:00:43,76.73,92.1,115.4,5.9,40.8,33.8,20.6
2026-04-15 04:00:43,77.54,85.2,108.8,6.21,42.5,38.5,20.7
2026-04-15 04:00:43,73.62,87.7,99.6,7.46,41.4,39.2,20.7
2026-04-15 04:00:44,76.29,103.8,125.6,5.47,40.8,37.8,20.7
2026-04-15 04:00:44,76.39,115.1,138.3,5.62,40.2,39.4,20.7
2026-04-15 04:00:44,77.46,94.5,111.8,6.86,40.8,37.5,20.7
2026-04-15 04:00:44,76.55,92.3,114.9,6.08,40.8,38.8,20.7
2026-04-15 04:00:44,76.76,87.3,110.3,6.19,40.8,30.5,20.7
2026-04-15 04:00:44,76.16,86.7,98.5,7.52,40.2,44.4,20.7
2026-04-15 04:00:45,76.71,110.7,122.7,6.37,39.1,43.5,20.7
2026-04-15 04:00:45,73.77,108.2,129.9,6.09,41.4,43.3,20.7
2026-04-15 04:00:45,75.11,94.0,117.0,6.56,41.9,45.2,20.7
2026-04-15 04:00:45,76.51,115.8,139.0,5.31,41.4,41.6,20.7
2026-04-15 04:00:45,77.2,96.8,113.3,6.79,39.7,36.8,20.7
2026-04-15 04:00:45,75.75,93.0,116.6,6.12,40.2,36.5,20.7
2026-04-15 04:00:46,76.45,103.9,125.0,5.65,41.4,36.2,20.7
2026-04-15 04:00:46,74.93,110.3,131.6,5.78,41.4,36.8,20.7
2026-04-15 04:00:46,75.71,91.7,115.1,6.7,41.4,45.2,20.7
2026-04-15 04:00:46,76.77,92.7,115.5,6.02,40.8,33.3,20.7
2026-04-15 04:00:46,75.03,92.1,115.3,6.02,40.2,36.9,20.7
2026-04-15 04:00:46,75.89,96.3,119.4,5.86,39.7,34.3,20.7
2026-04-15 04:00:47,77.59,119.5,142.5,5.27,39.7,36.8,20.7
2026-04-15 04:00:47,76.11,91.6,102.5,7.21,41.4,44.8,20.7
2026-04-15 04:00:47,76.08,93.8,116.1,5.92,41.4,36.8,20.7
2026-04-15 04:00:47,75.24,92.6,112.6,6.05,41.9,35.9,20.7
2026-04-15 04:00:47,75.82,106.4,129.6,5.53,40.8,40.0,20.7
2026-04-15 04:00:47,75.74,98.2,120.9,6.33,41.4,40.6,20.7
2026-04-15 04:00:48,74.13,91.9,114.1,6.22,40.8,37.5,20.7
2026-04-15 04:00:48,76.96,90.4,112.2,6.06,40.2,36.4,20.8
2026-04-15 04:00:48,76.07,98.7,121.9,5.72,40.2,39.7,20.7
2026-04-15 04:00:48,76.29,95.1,118.1,6.15,40.8,30.5,20.7
2026-04-15 04:00:48,77.21,98.6,121.3,5.88,41.4,37.3,20.7
2026-04-15 04:00:48,75.95,101.6,124.9,5.89,40.8,36.4,20.7
2026-04-15 04:00:49,75.92,107.4,130.3,5.81,40.2,39.1,20.7
2026-04-15 04:00:49,75.2,93.5,116.3,6.54,40.2,37.9,20.7
2026-04-15 04:00:49,78.04,87.4,109.6,6.19,40.8,37.5,20.7
2026-04-15 04:00:49,75.36,88.5,111.5,6.01,39.7,37.3,20.7
2026-04-15 04:00:49,77.03,104.8,129.2,5.43,39.7,34.7,20.7
2026-04-15 04:00:49,75.89,92.6,115.6,6.54,40.8,39.0,20.6
2026-04-15 04:00:50,77.83,93.5,116.6,5.96,40.8,35.8,20.6
2026-04-15 04:00:50,78.43,95.0,118.1,5.95,40.8,37.9,20.6
2026-04-15 04:00:50,78.55,114.1,137.9,5.37,39.7,38.9,20.6
2026-04-15 04:00:50,76.08,89.0,107.1,7.09,40.8,40.4,20.6
2026-04-15 04:00:50,77.64,112.6,135.8,5.25,40.8,36.6,20.6
2026-04-15 04:00:50,78.95,103.9,122.4,6.36,39.7,37.3,20.5
2026-04-15 04:00:51,77.37,98.2,121.1,6.21,41.4,41.5,20.6
2026-04-15 04:00:51,77.91,112.1,135.2,5.54,41.4,36.1,20.6
2026-04-15 04:00:51,77.84,133.3,154.8,5.29,41.4,40.5,20.6
2026-04-15 04:00:51,77.75,96.0,119.0,6.2,40.2,36.5,20.6
2026-04-15 04:00:51,79.12,109.5,132.5,5.55,40.8,37.1,20.6
2026-04-15 04:00:51,77.67,98.8,119.6,6.42,40.8,38.7,20.6
2026-04-15 04:00:52,76.66,94.7,116.5,6.14,40.8,35.0,20.6
2026-04-15 04:00:52,76.59,97.7,120.7,5.91,40.2,33.8,20.7
2026-04-15 04:00:52,78.87,97.2,119.8,6.0,41.4,39.7,20.7
2026-04-15 04:00:52,77.73,109.4,132.2,5.61,41.4,40.8,20.6
2026-04-15 04:00:52,78.18,92.6,113.8,6.67,41.4,41.7,20.6
2026-04-15 04:00:52,77.52,97.6,121.1,5.81,40.8,37.1,20.6
2026-04-15 04:00:53,77.36,90.0,107.7,6.3,40.8,37.7,20.6
2026-04-15 04:00:53,77.44,88.3,110.9,6.06,41.9,36.4,20.6
2026-04-15 04:00:53,76.75,89.3,110.2,5.97,41.4,34.8,20.6
2026-04-15 04:00:53,77.75,90.4,113.1,5.97,41.4,36.9,20.6
2026-04-15 04:00:53,76.43,88.6,111.6,6.07,41.9,38.2,20.6
2026-04-15 04:00:53,76.73,89.2,111.8,5.98,40.2,38.8,20.5
2026-04-15 04:00:54,76.51,93.3,116.4,5.87,40.2,36.6,20.5
2026-04-15 04:00:54,77.37,96.0,118.9,5.91,40.8,39.1,20.5
2026-04-15 04:00:54,77.6,91.9,113.1,6.15,41.4,39.4,20.5
2026-04-15 04:00:54,78.45,102.0,123.6,5.67,41.4,34.8,20.5
2026-04-15 04:00:54,76.92,85.4,108.5,6.66,41.4,37.3,20.5
2026-04-15 04:00:54,76.42,91.2,104.1,7.2,41.4,43.9,20.6
2026-04-15 04:00:55,78.97,111.8,133.9,5.34,40.2,33.3,20.6
2026-04-15 04:00:55,77.59,92.4,111.2,6.8,41.9,37.0,20.6
2026-04-15 04:00:55,77.29,93.4,119.1,5.88,41.4,39.4,20.6
2026-04-15 04:00:55,77.81,118.2,141.3,5.3,41.4,39.2,20.7
2026-04-15 04:00:55,78.66,120.0,133.1,5.91,39.7,36.9,20.7
2026-04-15 04:00:55,79.29,107.2,118.7,6.52,41.4,44.3,20.7
2026-04-15 04:00:56,79.4,119.6,142.5,5.59,41.4,35.8,20.7
2026-04-15 04:00:56,77.81,100.0,122.9,5.55,40.8,32.9,20.7
2026-04-15 04:00:56,77.71,109.8,132.5,5.66,39.1,32.8,20.7
2026-04-15 04:00:56,79.33,92.7,118.4,6.55,40.8,41.9,20.7
2026-04-15 04:00:56,77.87,94.3,117.1,6.06,41.4,36.9,20.7
2026-04-15 04:00:56,78.04,94.0,116.2,6.02,41.4,37.3,20.7
2026-04-15 04:00:57,78.55,105.5,128.2,5.59,39.7,35.7,20.7
2026-04-15 04:00:57,78.02,87.5,110.5,6.76,40.8,36.2,20.7
2026-04-15 04:00:57,77.07,94.4,118.8,5.72,40.8,38.0,20.7
2026-04-15 04:00:57,74.03,112.6,135.5,5.45,39.7,37.1,20.7
2026-04-15 04:00:57,77.24,95.9,115.5,6.67,40.2,41.7,20.7
2026-04-15 04:00:57,79.23,95.4,118.9,6.01,40.8,32.8,20.7
2026-04-15 04:00:58,78.91,88.2,109.2,6.21,41.9,38.8,20.7
2026-04-15 04:00:58,77.66,91.8,114.5,5.95,40.8,37.7,20.7
2026-04-15 04:00:58,77.71,85.9,108.9,6.23,40.8,38.5,20.8
2026-04-15 04:00:58,77.22,94.3,107.5,7.06,40.2,42.6,20.8
2026-04-15 04:00:58,78.21,84.6,107.7,6.37,40.8,40.0,20.8
2026-04-15 04:00:58,78.81,105.6,117.9,6.49,40.8,40.0,20.8
2026-04-15 04:00:59,79.29,89.9,113.2,6.62,40.8,36.2,20.8
2026-04-15 04:00:59,77.77,87.9,111.1,6.07,41.4,37.9,20.8
2026-04-15 04:00:59,77.0,104.0,127.0,5.48,41.9,36.0,20.8
2026-04-15 04:00:59,77.89,89.3,112.4,6.58,40.8,41.7,20.8
2026-04-15 04:00:59,78.44,96.0,116.7,5.76,41.4,37.1,20.8
2026-04-15 04:00:59,78.99,88.1,110.0,6.32,41.4,38.1,20.8
2026-04-15 04:01:00,79.2,100.6,122.9,5.58,39.7,39.5,20.8
2026-04-15 04:01:00,78.13,95.8,118.8,6.18,41.4,40.3,20.7
2026-04-15 04:01:00,77.18,106.1,129.5,5.64,40.8,42.3,20.7
2026-04-15 04:01:00,78.92,106.6,130.0,5.99,40.8,38.8,20.7
2026-04-15 04:01:00,78.34,116.1,139.2,5.68,40.8,37.3,20.7
2026-04-15 04:01:00,78.85,91.1,107.4,7.07,39.7,41.4,20.7
2026-04-15 04:01:01,78.01,128.1,149.6,4.9,40.2,37.2,20.7
2026-04-15 04:01:01,78.14,90.7,113.1,6.16,39.1,38.8,20.7
2026-04-15 04:01:01,78.03,97.3,120.2,5.78,39.7,35.8,20.7
2026-04-15 04:01:01,77.48,108.1,131.1,5.64,40.8,38.6,20.7
2026-04-15 04:01:01,77.94,89.7,112.7,6.74,40.8,35.1,20.7
2026-04-15 04:01:01,76.47,87.7,110.4,6.08,39.7,35.9,20.7
2026-04-15 04:01:02,78.06,87.9,110.9,5.99,40.8,36.4,20.7
2026-04-15 04:01:02,75.81,92.2,115.0,5.85,40.2,38.0,20.7
2026-04-15 04:01:02,78.21,100.1,123.2,5.73,40.8,37.1,20.7
2026-04-15 04:01:02,77.44,88.2,113.4,6.34,41.4,40.0,20.7
2026-04-15 04:01:02,77.17,109.6,130.5,5.39,41.4,36.6,20.7
2026-04-15 04:01:02,76.88,101.2,123.7,6.34,41.4,38.7,20.7
2026-04-15 04:01:03,76.75,93.0,115.8,6.31,40.2,38.1,20.7
2026-04-15 04:01:03,78.47,94.0,117.0,5.97,40.2,34.4,20.7
2026-04-15 04:01:03,78.33,90.9,113.8,6.11,41.4,42.9,20.7
2026-04-15 04:01:03,76.72,89.8,112.4,6.05,40.2,34.8,20.7
2026-04-15 04:01:03,77.19,119.5,141.6,5.08,40.8,37.2,20.7
2026-04-15 04:01:03,77.52,91.4,105.2,7.12,41.9,39.6,20.7
2026-04-15 04:01:04,76.8,89.4,112.5,6.16,40.2,35.9,20.7
2026-04-15 04:01:04,75.92,97.1,104.5,7.1,40.8,42.9,20.7
2026-04-15 04:01:04,76.25,88.9,112.1,6.31,41.9,36.1,20.6
2026-04-15 04:01:04,76.48,86.5,105.8,6.1,40.2,37.5,20.6
2026-04-15 04:01:04,76.45,112.6,124.0,6.27,40.2,41.3,20.6
2026-04-15 04:01:04,75.91,96.1,116.0,6.66,41.4,42.9,20.6
2026-04-15 04:01:05,76.63,103.4,124.2,5.75,40.8,37.7,20.7
2026-04-15 04:01:05,76.04,94.1,116.4,6.3,40.8,40.3,20.6
2026-04-15 04:01:05,77.3,122.7,145.7,5.16,40.8,38.7,20.6
2026-04-15 04:01:05,76.39,87.3,110.4,6.08,40.8,35.4,20.6
2026-04-15 04:01:05,77.06,101.9,113.5,6.76,41.4,42.4,20.6
2026-04-15 04:01:05,76.39,101.8,126.6,5.95,41.4,36.4,20.6
2026-04-15 04:01:06,75.03,108.2,131.4,5.83,39.7,43.1,20.6
2026-04-15 04:01:06,75.87,103.3,126.6,6.18,41.4,44.6,20.7
2026-04-15 04:01:06,75.89,97.3,119.8,6.22,41.9,33.9,20.7
2026-04-15 04:01:06,75.25,92.1,114.5,6.17,41.4,34.4,20.7
2026-04-15 04:01:06,75.86,96.7,119.9,5.86,40.8,36.4,20.7
2026-04-15 04:01:06,77.26,98.0,121.0,5.97,41.4,33.3,20.7
2026-04-15 04:01:07,76.28,99.3,122.4,5.95,40.2,38.6,20.7
2026-04-15 04:01:07,76.01,102.5,125.4,5.89,41.4,36.9,20.7
2026-04-15 04:01:07,76.45,96.6,119.0,6.22,41.4,39.1,20.6
2026-04-15 04:01:07,76.66,92.9,115.9,6.14,41.9,35.9,20.6
2026-04-15 04:01:07,76.4,113.8,136.7,5.34,40.8,41.9,20.6
2026-04-15 04:01:07,74.8,87.2,107.4,7.07,41.4,42.4,20.6
2026-04-15 04:01:08,74.98,87.3,110.3,6.05,41.4,35.4,20.5
2026-04-15 04:01:08,77.18,91.4,114.4,5.86,40.8,31.3,20.4
2026-04-15 04:01:08,75.7,104.0,127.6,5.56,40.8,38.4,20.4
2026-04-15 04:01:08,77.04,96.5,119.5,6.31,41.4,39.1,20.4
2026-04-15 04:01:08,77.51,93.5,116.6,6.11,40.8,39.1,20.4
2026-04-15 04:01:08,77.99,96.1,119.3,5.84,41.4,35.3,20.4
2026-04-15 04:01:09,75.79,103.3,124.1,5.82,40.2,37.3,20.4
2026-04-15 04:01:09,78.04,109.9,132.4,5.78,41.9,38.2,20.4
2026-04-15 04:01:09,77.43,87.4,108.4,6.94,41.4,40.7,20.4
2026-04-15 04:01:09,77.01,99.2,122.3,5.6,40.8,34.8,20.4
2026-04-15 04:01:09,76.75,88.0,111.0,6.44,40.8,36.1,20.4
2026-04-15 04:01:09,76.56,98.6,121.6,5.64,41.4,35.7,20.4
2026-04-15 04:01:10,77.37,89.9,113.2,6.33,40.8,33.3,20.4
2026-04-15 04:01:10,76.36,98.1,106.9,7.06,40.8,44.8,20.4
2026-04-15 04:01:10,76.91,89.3,110.7,6.33,41.9,37.7,20.4
2026-04-15 04:01:10,76.99,98.5,106.0,7.03,39.1,48.3,20.4
2026-04-15 04:01:10,76.16,101.0,124.4,5.9,40.2,35.5,20.4
2026-04-15 04:01:10,77.71,105.2,128.2,5.87,40.8,37.7,20.4
2026-04-15 04:01:10,76.18,103.9,127.0,6.05,41.4,40.3,20.5
2026-04-15 04:01:11,74.23,88.3,111.3,6.63,41.4,41.0,20.5
2026-04-15 04:01:11,76.33,108.0,129.0,5.37,39.7,37.5,20.5
2026-04-15 04:01:11,76.51,89.0,112.2,6.77,41.4,41.7,20.5
2026-04-15 04:01:11,72.11,91.9,113.8,5.9,41.9,35.8,20.6
2026-04-15 04:01:11,76.85,90.9,113.8,6.04,40.2,37.7,20.6
2026-04-15 04:01:11,75.94,94.3,118.0,5.86,40.8,33.3,20.6
2026-04-15 04:01:12,75.01,86.5,109.4,6.32,41.4,39.1,20.6
2026-04-15 04:01:12,76.82,87.6,100.1,7.43,41.4,36.7,20.6
2026-04-15 04:01:12,77.97,110.7,132.8,5.27,41.4,37.3,20.5
2026-04-15 04:01:12,78.36,88.3,110.3,6.93,41.4,41.4,20.5
2026-04-15 04:01:12,77.89,103.8,126.8,5.47,40.2,38.9,20.5
2026-04-15 04:01:12,79.17,86.3,109.9,6.69,40.8,38.3,20.5
2026-04-15 04:01:13,79.2,115.8,138.9,5.13,40.2,36.4,20.5
2026-04-15 04:01:13,80.17,94.1,111.9,6.86,40.2,37.5,20.5
2026-04-15 04:01:13,79.09,94.4,118.0,6.01,40.2,36.9,20.5
2026-04-15 04:01:13,77.27,101.5,124.5,5.78,40.8,37.1,20.5
2026-04-15 04:01:13,77.74,107.3,130.6,5.8,41.4,40.6,20.5
2026-04-15 04:01:13,76.31,106.5,126.4,6.03,40.8,42.3,20.5
2026-04-15 04:01:14,78.25,88.7,111.5,6.74,40.2,33.3,20.5
2026-04-15 04:01:14,77.66,88.1,111.1,6.02,41.4,36.4,20.5
2026-04-15 04:01:14,78.84,96.0,106.6,7.09,41.4,43.6,20.5
2026-04-15 04:01:14,78.11,89.1,112.5,6.25,41.9,39.4,20.6
2026-04-15 04:01:14,78.03,105.7,128.7,5.47,40.8,38.7,20.6
2026-04-15 04:01:14,78.95,101.9,128.5,6.0,40.2,35.9,20.6
2026-04-15 04:01:15,78.65,88.2,111.0,6.69,40.8,41.9,20.6
2026-04-15 04:01:15,77.41,108.0,130.9,5.38,41.4,38.2,20.6
2026-04-15 04:01:15,78.55,100.5,122.9,6.29,40.8,41.9,20.6
2026-04-15 04:01:15,78.68,85.5,109.2,6.57,40.2,37.3,20.6
2026-04-15 04:01:15,77.71,96.9,110.0,6.92,41.9,38.5,20.6
2026-04-15 04:01:15,77.51,94.9,118.0,6.09,40.8,33.3,20.6
2026-04-15 04:01:16,77.77,97.3,120.4,5.92,41.9,36.4,20.6
2026-04-15 04:01:16,77.51,92.2,115.4,6.19,41.9,38.5,20.6
2026-04-15 04:01:16,77.7,127.8,150.2,4.93,40.8,38.5,20.6
2026-04-15 04:01:16,78.23,102.0,122.9,5.75,40.8,35.8,20.6
2026-04-15 04:01:16,77.47,117.7,140.0,5.49,41.4,35.7,20.6
2026-04-15 04:01:16,75.27,94.5,108.9,6.98,40.8,38.9,20.6
2026-04-15 04:01:17,78.13,90.3,113.3,6.16,40.8,39.1,20.6
2026-04-15 04:01:17,77.43,105.2,128.6,5.5,41.9,35.7,20.7
2026-04-15 04:01:17,77.61,101.5,124.8,6.14,41.9,41.8,20.7
2026-04-15 04:01:17,78.4,94.8,118.8,6.23,41.4,38.5,20.7
2026-04-15 04:01:17,77.79,116.5,139.6,5.33,41.4,39.4,20.7
2026-04-15 04:01:17,77.29,86.5,105.8,7.15,41.4,38.2,20.7
2026-04-15 04:01:18,77.74,88.9,113.5,5.93,42.5,37.3,20.7
2026-04-15 04:01:18,78.75,90.4,113.9,6.05,41.9,30.0,20.7
2026-04-15 04:01:18,76.38,93.8,116.7,5.9,40.2,33.8,20.7
2026-04-15 04:01:18,77.41,84.7,108.1,6.33,40.8,39.1,20.6
2026-04-15 04:01:18,76.65,88.2,102.5,7.32,41.9,45.5,20.7
2026-04-15 04:01:18,77.89,104.9,126.8,5.46,41.9,35.6,20.6
2026-04-15 04:01:19,77.9,94.0,117.0,6.43,40.8,40.9,20.6
2026-04-15 04:01:19,77.87,97.4,120.0,5.87,41.4,40.8,20.6
2026-04-15 04:01:19,78.15,92.0,114.9,6.22,40.8,35.5,20.7
2026-04-15 04:01:19,77.06,87.0,110.1,6.19,41.4,37.5,20.6
2026-04-15 04:01:19,76.41,96.5,105.9,7.01,40.2,43.1,20.6
2026-04-15 04:01:19,78.45,101.7,124.2,5.82,41.4,38.6,20.7
2026-04-15 04:01:19,76.3,91.8,114.8,6.39,39.7,41.5,20.7
2026-04-15 04:01:20,78.17,89.8,112.8,6.07,40.2,35.4,20.7
2026-04-15 04:01:20,77.23,90.5,113.4,5.98,41.9,35.4,20.7
2026-04-15 04:01:20,78.63,94.5,116.4,5.85,40.2,38.2,20.7
2026-04-15 04:01:20,78.56,90.8,112.1,6.15,41.4,37.5,20.7
2026-04-15 04:01:20,78.9,100.4,123.5,5.68,40.2,38.4,20.6
2026-04-15 04:01:21,77.92,356.6,380.9,2.36,41.4,82.2,20.7
2026-04-15 04:01:21,79.82,116.8,139.9,5.19,40.8,46.7,20.7
2026-04-15 04:01:21,77.74,110.5,125.3,6.25,41.4,43.8,20.7
2026-04-15 04:01:21,79.96,95.4,117.4,6.61,41.9,37.5,20.7
2026-04-15 04:01:21,79.19,91.3,114.3,6.14,41.9,38.2,20.7
2026-04-15 04:01:22,79.87,89.2,112.1,6.09,41.4,34.9,20.7
2026-04-15 04:01:22,78.3,87.5,109.9,6.05,40.8,34.4,20.7
2026-04-15 04:01:22,77.74,87.0,110.1,6.03,40.8,38.2,20.7
2026-04-15 04:01:22,78.77,89.6,112.7,5.91,41.4,36.4,20.6
2026-04-15 04:01:22,78.76,93.2,116.4,5.87,40.8,38.2,20.6
2026-04-15 04:01:22,79.46,100.2,122.4,5.77,40.8,38.9,20.7
2026-04-15 04:01:23,78.15,94.4,117.5,6.22,41.4,32.8,20.7
2026-04-15 04:01:23,80.04,92.5,115.6,6.07,40.8,33.9,20.7
2026-04-15 04:01:23,78.39,116.1,138.3,5.24,39.7,31.0,20.7
2026-04-15 04:01:23,78.18,106.8,124.3,6.32,40.8,41.5,20.6
2026-04-15 04:01:23,79.29,89.8,114.5,6.66,40.8,40.7,20.6
2026-04-15 04:01:23,79.48,88.0,111.0,6.13,39.7,37.9,20.6
2026-04-15 04:01:24,78.15,97.1,120.1,5.71,40.2,33.8,20.6
2026-04-15 04:01:24,79.66,104.3,127.1,5.75,39.7,38.2,20.5
2026-04-15 04:01:24,78.28,103.5,127.5,6.0,39.7,39.7,20.5
2026-04-15 04:01:24,78.16,88.6,111.4,6.64,40.8,39.7,20.5
2026-04-15 04:01:24,79.0,92.8,115.5,5.85,40.2,38.6,20.5
2026-04-15 04:01:24,79.39,108.5,131.5,5.49,41.4,38.0,20.5
2026-04-15 04:01:25,77.41,92.3,115.4,6.63,40.2,35.1,20.5
2026-04-15 04:01:25,77.37,95.2,115.9,5.91,41.4,34.8,20.5
2026-04-15 04:01:25,78.71,103.4,126.4,5.72,41.4,42.3,20.5
2026-04-15 04:01:25,76.01,96.4,119.4,6.27,41.4,37.5,20.5
2026-04-15 04:01:25,77.89,88.2,111.7,6.29,41.4,38.1,20.5
2026-04-15 04:01:25,78.98,95.0,117.7,5.79,40.8,35.3,20.5
2026-04-15 04:01:26,80.96,108.6,134.3,5.41,41.4,37.0,20.6
2026-04-15 04:01:26,81.66,101.1,120.6,6.47,40.2,40.3,20.6
2026-04-15 04:01:26,79.34,111.1,132.8,5.67,41.4,40.8,20.5
2026-04-15 04:01:26,79.43,119.8,140.4,5.7,40.2,43.7,20.5
2026-04-15 04:01:26,81.22,114.8,127.6,6.18,41.4,41.5,20.5
2026-04-15 04:01:26,81.63,106.6,124.8,6.3,41.4,39.3,20.5
2026-04-15 04:01:27,82.08,106.6,129.5,6.04,40.8,39.4,20.5
2026-04-15 04:01:27,81.46,94.6,117.2,6.46,40.8,38.3,20.5
2026-04-15 04:01:27,81.58,94.2,119.9,5.93,41.9,36.8,20.5
2026-04-15 04:01:27,81.67,92.1,115.0,6.18,41.4,35.5,20.5
2026-04-15 04:01:27,81.91,88.9,111.4,6.11,40.8,41.8,20.5
2026-04-15 04:01:27,81.17,88.4,111.4,6.03,41.9,31.1,20.5
2026-04-15 04:01:28,81.77,102.9,126.0,5.52,41.9,34.8,20.5
2026-04-15 04:01:28,82.63,87.0,109.9,6.64,40.2,41.0,20.4
2026-04-15 04:01:28,82.35,92.5,104.5,7.21,41.4,43.6,20.4
2026-04-15 04:01:28,81.44,90.5,113.9,6.06,41.4,38.2,20.4
2026-04-15 04:01:28,80.09,95.3,112.1,5.85,41.4,40.0,20.4
2026-04-15 04:01:28,82.37,100.1,121.7,5.83,42.5,37.7,20.4
2026-04-15 04:01:29,80.4,97.7,120.7,6.09,40.2,37.5,20.4
2026-04-15 04:01:29,80.37,87.2,106.2,6.42,41.4,36.7,20.4
2026-04-15 04:01:29,77.72,99.7,115.5,6.68,40.2,40.4,20.4
2026-04-15 04:01:29,77.27,96.5,119.4,6.28,40.2,37.5,20.4
2026-04-15 04:01:29,77.69,93.4,116.3,6.11,41.4,39.4,20.4
2026-04-15 04:01:29,77.91,110.0,133.0,5.46,40.8,39.2,20.4
2026-04-15 04:01:30,77.95,106.4,128.4,6.13,41.4,39.4,20.4
2026-04-15 04:01:30,75.83,90.4,113.4,6.64,41.4,41.0,20.5
2026-04-15 04:01:30,76.8,116.4,137.9,5.19,40.8,37.8,20.5
2026-04-15 04:01:30,76.52,97.3,112.8,6.8,40.8,41.4,20.5
2026-04-15 04:01:30,77.88,99.2,122.1,5.93,41.9,40.3,20.5
2026-04-15 04:01:30,79.26,96.3,119.4,6.11,41.4,39.4,20.5
2026-04-15 04:01:30,76.82,90.0,113.1,6.24,41.4,35.5,20.6
2026-04-15 04:01:31,77.56,94.9,117.8,5.83,40.8,35.8,20.6
2026-04-15 04:01:31,77.29,95.4,117.5,5.97,40.2,35.4,20.6
2026-04-15 04:01:31,78.72,107.5,129.0,5.61,41.9,39.4,20.6
2026-04-15 04:01:31,79.58,98.6,120.9,6.34,41.4,43.7,20.6
2026-04-15 04:01:31,78.18,87.4,110.0,6.44,40.8,41.5,20.6
2026-04-15 04:01:31,78.86,95.1,118.1,5.74,41.4,36.6,20.6
2026-04-15 04:01:32,79.09,91.4,114.5,6.14,40.8,30.5,20.6
2026-04-15 04:01:32,79.23,89.8,112.3,6.05,41.4,36.4,20.6
2026-04-15 04:01:32,78.76,89.7,113.8,5.97,40.8,34.3,20.6
2026-04-15 04:01:32,78.35,115.3,137.3,5.23,40.8,42.3,20.6
2026-04-15 04:01:32,78.13,89.2,106.9,7.1,41.4,41.1,20.6
2026-04-15 04:01:33,78.69,103.3,124.8,5.53,40.2,40.0,20.6
2026-04-15 04:01:33,78.29,97.5,120.5,6.25,39.7,35.5,20.6
2026-04-15 04:01:33,79.19,101.2,124.2,5.87,40.2,38.8,20.6
2026-04-15 04:01:33,78.8,92.9,115.9,6.32,40.8,36.5,20.6
2026-04-15 04:01:33,77.46,107.2,127.8,5.53,41.9,37.1,20.6
2026-04-15 04:01:33,77.06,87.7,110.9,6.8,41.9,41.7,20.6
2026-04-15 04:01:33,76.94,86.3,112.9,5.93,41.4,31.2,20.5
2026-04-15 04:01:34,76.77,117.8,138.8,5.13,40.8,35.5,20.5
2026-04-15 04:01:34,76.29,105.5,120.0,6.48,40.2,42.9,20.5
2026-04-15 04:01:34,77.58,94.4,117.3,6.44,41.4,35.6,20.5
2026-04-15 04:01:34,78.06,105.9,128.3,5.61,40.8,39.4,20.5
2026-04-15 04:01:34,75.83,112.5,135.7,5.77,41.4,40.3,20.5
2026-04-15 04:01:35,78.9,102.0,122.2,6.41,40.2,38.3,20.5
2026-04-15 04:01:35,76.25,92.7,115.3,6.36,40.2,40.6,20.5
2026-04-15 04:01:35,77.7,122.3,147.8,5.03,41.4,37.7,20.6
2026-04-15 04:01:35,77.9,102.7,125.9,5.62,41.4,39.2,20.6
2026-04-15 04:01:35,76.43,128.9,152.3,5.18,41.4,35.6,20.6
2026-04-15 04:01:35,76.37,110.3,133.3,5.53,40.8,37.5,20.5
2026-04-15 04:01:36,77.81,95.8,117.9,6.57,41.4,39.3,20.5
2026-04-15 04:01:36,76.93,103.8,126.8,5.73,41.4,38.6,20.5
2026-04-15 04:01:36,77.71,105.8,129.4,5.91,42.5,41.2,20.5
2026-04-15 04:01:36,79.07,92.6,115.7,6.55,40.8,36.2,20.5
2026-04-15 04:01:36,77.83,117.4,140.4,5.22,40.2,36.5,20.5
2026-04-15 04:01:36,78.16,94.7,109.3,6.95,41.4,43.9,20.5
2026-04-15 04:01:37,78.4,87.8,114.5,6.08,41.4,36.9,20.5
2026-04-15 04:01:37,78.08,112.9,135.2,5.31,41.4,36.0,20.5
2026-04-15 04:01:37,77.3,113.2,129.6,6.04,40.2,38.1,20.5
2026-04-15 04:01:37,77.82,110.8,124.5,6.09,40.8,49.3,20.5
2026-04-15 04:01:37,79.45,92.7,117.1,6.62,41.9,44.8,20.5
2026-04-15 04:01:37,77.5,98.2,122.1,5.87,41.4,33.3,20.5
2026-04-15 04:01:38,76.68,114.0,136.5,5.51,42.5,37.1,20.6
2026-04-15 04:01:38,76.91,109.0,125.7,6.19,41.9,39.7,20.6
2026-04-15 04:01:38,77.4,106.4,128.7,6.07,40.8,40.9,20.6
2026-04-15 04:01:38,77.06,87.6,110.3,6.79,40.8,38.3,20.6
2026-04-15 04:01:38,76.99,112.5,135.6,5.23,40.2,41.0,20.7
2026-04-15 04:01:38,78.45,92.2,112.3,6.83,40.2,43.5,20.7
2026-04-15 04:01:39,78.06,95.5,118.9,5.88,41.9,38.6,20.7
2026-04-15 04:01:39,79.55,101.5,124.6,5.8,41.4,36.8,20.7
2026-04-15 04:01:39,78.27,119.0,142.2,5.43,41.9,32.4,20.7
2026-04-15 04:01:39,78.13,95.4,108.3,6.99,41.9,40.4,20.7
2026-04-15 04:01:39,79.42,94.7,117.6,6.03,40.8,34.9,20.7
2026-04-15 04:01:39,78.04,106.7,129.5,5.6,40.8,38.0,20.7
2026-04-15 04:01:40,78.42,102.8,125.9,6.15,41.4,38.5,20.7
2026-04-15 04:01:40,78.67,102.7,125.4,6.01,40.8,34.9,20.7
2026-04-15 04:01:40,79.38,126.1,149.5,5.25,41.4,40.8,20.7
2026-04-15 04:01:40,78.4,121.6,144.6,5.13,41.4,38.5,20.7
2026-04-15 04:01:40,78.89,99.3,122.3,5.63,40.2,38.9,20.7
2026-04-15 04:01:40,78.91,110.8,133.8,5.62,41.4,38.0,20.7
2026-04-15 04:01:41,78.96,101.5,122.2,6.33,40.2,43.5,20.7
2026-04-15 04:01:41,78.48,89.6,112.6,6.48,39.7,39.7,20.7
2026-04-15 04:01:41,80.11,92.0,110.6,5.92,40.2,35.4,20.7
2026-04-15 04:01:41,80.36,93.7,116.8,5.95,41.9,32.3,20.7
2026-04-15 04:01:41,79.46,113.7,135.8,5.36,40.2,39.0,20.7
2026-04-15 04:01:41,80.69,115.3,133.8,5.94,41.4,42.4,20.7
2026-04-15 04:01:42,80.56,103.6,120.3,6.46,40.8,41.7,20.6
2026-04-15 04:01:42,80.38,89.0,112.1,6.58,41.4,39.7,20.6
2026-04-15 04:01:42,80.41,86.8,109.8,6.08,41.9,36.9,20.6
2026-04-15 04:01:42,80.26,88.8,100.7,7.35,40.2,43.9,20.5
2026-04-15 04:01:42,80.8,86.9,108.0,6.09,39.1,36.7,20.6
2026-04-15 04:01:42,79.84,86.0,98.0,7.57,41.9,40.0,20.6
2026-04-15 04:01:43,79.14,86.6,98.5,7.46,41.4,45.3,20.6
2026-04-15 04:01:43,80.61,87.5,99.5,7.46,41.9,42.3,20.6
2026-04-15 04:01:43,79.32,102.8,116.0,6.66,42.5,45.2,20.6
2026-04-15 04:01:43,79.62,92.0,114.9,6.48,40.2,39.7,20.6
2026-04-15 04:01:43,80.86,89.8,113.0,6.08,41.9,38.2,20.6
2026-04-15 04:01:43,79.88,87.0,111.3,6.05,40.8,40.3,20.5
2026-04-15 04:01:43,80.56,87.6,110.6,6.04,41.4,37.3,20.5
2026-04-15 04:01:44,80.28,89.2,113.2,5.92,41.4,34.4,20.5
2026-04-15 04:01:44,77.65,87.7,110.7,6.09,41.9,34.4,20.5
2026-04-15 04:01:44,79.72,113.1,134.7,5.21,41.4,39.5,20.5
2026-04-15 04:01:44,80.19,85.3,105.0,7.2,41.9,43.1,20.5
2026-04-15 04:01:44,79.41,107.0,120.7,6.45,41.4,43.5,20.5
2026-04-15 04:01:44,79.37,91.7,113.9,6.6,41.4,38.3,20.5
2026-04-15 04:01:45,79.14,95.2,118.7,5.85,40.8,36.8,20.5
2026-04-15 04:01:45,79.98,95.9,118.7,6.02,40.8,36.4,20.5
2026-04-15 04:01:45,78.52,87.8,111.1,6.29,40.2,42.2,20.6
2026-04-15 04:01:45,81.16,88.3,111.4,5.99,41.4,36.4,20.6
2026-04-15 04:01:45,81.06,101.7,124.8,5.56,41.4,37.0,20.6
2026-04-15 04:01:45,80.85,89.6,112.3,6.47,39.7,39.3,20.6
2026-04-15 04:01:46,81.0,89.1,112.1,6.01,40.8,35.4,20.6
2026-04-15 04:01:46,79.77,95.7,118.4,5.78,41.4,41.1,20.6
2026-04-15 04:01:46,80.72,88.5,112.2,6.25,40.8,41.8,20.6
2026-04-15 04:01:46,81.18,95.4,118.5,5.78,41.9,37.7,20.6
2026-04-15 04:01:46,80.89,120.5,143.2,5.22,40.8,40.5,20.5
2026-04-15 04:01:46,79.67,97.2,109.1,6.98,39.7,40.4,20.5
2026-04-15 04:01:47,81.32,109.1,132.2,5.58,39.7,38.2,20.6
2026-04-15 04:01:47,80.81,93.9,116.3,6.62,40.2,40.0,20.5
2026-04-15 04:01:47,80.42,86.8,109.9,6.27,41.4,38.5,20.6
2026-04-15 04:01:47,80.2,99.9,123.1,5.56,41.4,37.0,20.5
2026-04-15 04:01:47,80.87,98.7,119.7,6.05,40.8,43.3,20.5
2026-04-15 04:01:47,80.97,92.7,115.6,6.22,39.7,38.1,20.5
2026-04-15 04:01:48,81.18,105.1,125.8,5.59,40.2,35.2,20.5
2026-04-15 04:01:48,80.99,94.4,117.9,6.38,40.8,38.3,20.5
2026-04-15 04:01:48,81.8,106.0,128.8,5.62,40.2,39.4,20.5
2026-04-15 04:01:48,80.26,95.2,117.3,6.43,41.4,37.7,20.5
2026-04-15 04:01:48,80.05,90.7,112.9,6.17,40.8,38.1,20.5
2026-04-15 04:01:48,81.44,97.0,118.4,5.79,41.4,35.4,20.5
2026-04-15 04:01:49,80.04,93.2,116.2,6.14,40.8,40.6,20.5
2026-04-15 04:01:49,81.48,102.4,125.6,5.68,40.8,36.9,20.5
2026-04-15 04:01:49,80.6,90.3,113.4,6.48,40.2,42.4,20.5
2026-04-15 04:01:49,80.49,104.6,129.0,5.48,41.4,36.1,20.5
2026-04-15 04:01:49,79.92,112.0,135.0,5.81,41.9,37.3,20.5
2026-04-15 04:01:49,80.55,109.7,130.2,6.08,40.2,35.5,20.6
2026-04-15 04:01:50,80.0,110.9,133.5,5.96,40.2,40.9,20.6
2026-04-15 04:01:50,79.79,94.7,116.3,6.65,40.8,40.3,20.5
2026-04-15 04:01:50,79.92,91.1,115.7,6.08,40.2,43.3,20.5
2026-04-15 04:01:50,80.42,96.0,119.2,5.88,39.7,37.7,20.5
2026-04-15 04:01:50,80.07,100.6,122.9,5.83,41.4,40.0,20.5
2026-04-15 04:01:50,79.92,107.3,130.3,5.78,41.4,37.7,20.5
2026-04-15 04:01:51,79.89,86.0,108.3,6.89,39.7,39.3,20.5
2026-04-15 04:01:51,79.24,85.6,102.0,7.32,41.4,44.6,20.5
2026-04-15 04:01:51,79.29,99.0,122.1,5.67,41.4,32.8,20.5
2026-04-15 04:01:51,79.36,109.8,132.8,5.64,41.9,36.8,20.5
2026-04-15 04:01:51,81.07,87.0,109.7,6.96,39.7,37.5,20.5
2026-04-15 04:01:51,80.57,89.7,102.4,7.3,42.5,41.5,20.5
2026-04-15 04:01:52,80.71,88.7,112.5,6.02,41.4,37.9,20.5
2026-04-15 04:01:52,79.88,110.9,134.1,5.33,40.2,37.8,20.5
2026-04-15 04:01:52,80.1,104.7,126.0,6.24,40.8,43.3,20.6
2026-04-15 04:01:52,79.97,88.2,111.8,6.64,40.8,39.0,20.6
2026-04-15 04:01:52,79.68,117.1,140.2,5.13,40.2,39.7,20.7
2026-04-15 04:01:52,78.97,93.7,109.4,6.96,40.8,43.1,20.7
2026-04-15 04:01:53,80.18,93.3,117.1,6.01,40.8,33.3,20.7
2026-04-15 04:01:53,80.34,93.7,116.4,5.97,41.4,38.2,20.7
2026-04-15 04:01:53,79.43,88.8,111.7,6.23,41.9,39.4,20.7
2026-04-15 04:01:53,79.1,104.3,127.6,5.49,41.4,38.2,20.8
2026-04-15 04:01:53,80.71,112.3,135.3,5.73,41.9,39.4,20.8
2026-04-15 04:01:53,80.11,102.9,122.0,6.36,41.9,41.3,20.7
2026-04-15 04:01:54,79.27,87.8,111.0,6.6,40.8,41.0,20.7
2026-04-15 04:01:54,79.71,112.4,135.1,5.23,40.8,35.1,20.7
2026-04-15 04:01:54,79.76,94.5,114.5,6.73,40.8,36.8,20.7
2026-04-15 04:01:54,79.76,100.2,123.1,5.78,40.8,38.0,20.6
2026-04-15 04:01:54,79.55,93.9,117.1,6.26,40.2,38.1,20.6
2026-04-15 04:01:54,80.59,100.0,120.8,5.78,41.4,35.8,20.7
2026-04-15 04:01:55,80.1,89.7,112.4,6.39,41.9,39.7,20.7
2026-04-15 04:01:55,80.68,99.3,122.4,5.69,41.4,36.6,20.7
2026-04-15 04:01:55,79.39,109.2,132.2,5.67,40.2,43.1,20.7
2026-04-15 04:01:55,80.13,127.8,151.2,5.39,40.2,38.0,20.7
2026-04-15 04:01:55,80.72,99.6,122.5,5.84,41.4,39.1,20.7
2026-04-15 04:01:55,80.55,92.9,115.8,6.25,40.2,38.1,20.7
2026-04-15 04:01:56,80.98,96.4,118.8,5.88,40.8,36.4,20.7
2026-04-15 04:01:56,79.83,108.1,131.4,5.6,41.4,36.2,20.7
2026-04-15 04:01:56,80.85,101.9,124.0,6.18,41.4,40.6,20.7
2026-04-15 04:01:56,80.74,89.6,112.6,6.55,40.2,38.3,20.7
2026-04-15 04:01:56,80.23,95.9,118.3,5.77,41.4,34.3,20.7
2026-04-15 04:01:56,81.09,85.7,108.3,6.41,41.4,37.1,20.7
2026-04-15 04:01:57,80.71,91.2,104.5,7.21,41.4,44.6,20.7
2026-04-15 04:01:57,80.81,88.6,111.1,6.1,40.8,39.4,20.7
2026-04-15 04:01:57,80.56,96.3,120.0,5.71,41.9,36.6,20.7
2026-04-15 04:01:57,81.5,96.9,120.1,6.0,40.2,38.5,20.8
2026-04-15 04:01:57,81.49,113.5,135.5,5.45,40.8,41.7,20.8
2026-04-15 04:01:57,81.54,106.5,125.3,6.28,40.8,42.2,20.8
2026-04-15 04:01:58,80.28,88.1,111.2,6.75,41.9,41.0,20.8
2026-04-15 04:01:58,80.27,89.9,112.9,5.94,40.8,41.7,20.8
2026-04-15 04:01:58,79.87,93.9,116.5,5.86,40.2,32.8,20.8
2026-04-15 04:01:58,80.67,96.5,119.3,5.91,40.8,35.8,20.7
2026-04-15 04:01:58,80.76,96.9,119.0,5.99,41.9,41.2,20.7
2026-04-15 04:01:58,80.74,90.6,117.7,6.07,41.9,36.4,20.7
2026-04-15 04:01:59,80.1,103.6,126.8,5.7,39.7,37.7,20.7
2026-04-15 04:01:59,81.03,89.5,111.7,6.52,40.2,37.3,20.7
2026-04-15 04:01:59,80.5,95.1,118.5,5.83,40.8,37.3,20.7
2026-04-15 04:01:59,80.37,90.6,114.1,6.16,41.4,38.8,20.7
2026-04-15 04:01:59,80.46,86.4,110.5,6.13,40.8,39.7,20.7
2026-04-15 04:01:59,81.15,89.7,110.6,5.93,40.2,32.3,20.7
2026-04-15 04:02:00,80.09,89.5,112.0,6.01,40.2,38.6,20.8
2026-04-15 04:02:00,80.13,91.5,110.3,5.93,41.4,35.4,20.8
2026-04-15 04:02:00,80.25,113.7,136.6,5.25,40.8,39.2,20.8
2026-04-15 04:02:00,79.87,103.8,120.8,6.45,40.2,40.0,20.8
2026-04-15 04:02:00,79.75,90.9,113.5,6.5,41.4,40.3,20.8
2026-04-15 04:02:00,81.11,117.9,140.8,5.18,40.2,37.2,20.8
2026-04-15 04:02:01,77.74,104.7,119.7,6.51,39.7,41.0,20.9
2026-04-15 04:02:01,80.02,101.8,125.0,6.11,40.8,40.0,20.9
2026-04-15 04:02:01,79.15,109.6,132.7,5.74,41.9,39.1,20.9
2026-04-15 04:02:01,81.06,94.8,118.3,6.57,41.4,40.3,20.9
2026-04-15 04:02:01,79.89,100.2,123.2,5.83,40.8,39.1,20.9
2026-04-15 04:02:01,80.51,115.0,138.1,5.51,40.2,37.5,20.9
2026-04-15 04:02:02,80.74,91.0,109.1,6.99,41.4,41.4,20.9
2026-04-15 04:02:02,79.73,105.5,128.9,5.52,40.8,35.7,20.9
2026-04-15 04:02:02,80.84,105.5,127.7,6.01,39.1,40.9,20.9
2026-04-15 04:02:02,81.05,88.1,110.8,6.71,40.8,43.5,20.8
2026-04-15 04:02:02,80.26,164.2,187.2,4.12,39.7,40.0,20.8
2026-04-15 04:02:02,80.9,95.5,118.6,6.08,41.4,34.9,20.8
2026-04-15 04:02:03,80.19,89.9,113.2,6.21,41.4,34.9,20.8
2026-04-15 04:02:03,79.63,110.5,132.5,5.35,39.7,37.0,20.9
2026-04-15 04:02:03,81.21,89.0,111.2,6.89,41.4,41.4,20.9
2026-04-15 04:02:03,80.4,111.5,132.6,5.28,40.8,35.1,20.8
2026-04-15 04:02:03,80.27,101.9,122.7,6.38,40.8,40.3,20.8
2026-04-15 04:02:03,78.96,93.8,117.6,6.26,41.4,37.7,20.8
2026-04-15 04:02:04,80.06,88.4,113.6,6.17,40.8,35.5,20.8
2026-04-15 04:02:04,79.05,97.3,119.2,5.77,41.4,40.5,20.7
2026-04-15 04:02:04,79.52,86.9,111.3,6.31,40.8,39.1,20.7
2026-04-15 04:02:04,78.91,93.9,117.0,5.84,41.4,33.3,20.7
2026-04-15 04:02:04,79.89,103.3,128.2,5.62,40.8,31.8,20.7
2026-04-15 04:02:04,78.44,86.9,108.8,6.73,40.8,35.7,20.7
2026-04-15 04:02:05,78.71,111.4,122.8,6.35,40.8,45.2,20.7
2026-04-15 04:02:05,78.44,90.8,111.6,6.84,41.4,38.2,20.7
2026-04-15 04:02:05,79.79,138.2,161.2,4.68,41.4,37.8,20.7
2026-04-15 04:02:05,80.49,105.5,128.5,5.98,40.8,38.2,20.6
2026-04-15 04:02:05,79.51,103.9,126.9,6.06,40.8,39.1,20.6
2026-04-15 04:02:05,80.58,91.2,114.3,6.5,41.4,38.3,20.6
2026-04-15 04:02:06,78.4,94.5,119.4,5.82,41.4,36.8,20.6
2026-04-15 04:02:06,78.74,94.1,116.2,6.05,41.9,38.2,20.6
2026-04-15 04:02:06,80.37,98.5,121.5,5.88,40.2,36.4,20.6
2026-04-15 04:02:06,79.62,93.1,116.3,6.2,40.8,40.3,20.6
2026-04-15 04:02:06,79.86,102.1,125.0,5.7,40.2,36.2,20.7
2026-04-15 04:02:06,79.97,92.8,116.0,6.35,40.8,39.7,20.7
2026-04-15 04:02:07,80.1,97.0,119.9,5.86,41.4,36.8,20.7
2026-04-15 04:02:07,79.84,89.5,112.4,6.28,41.9,40.0,20.7
2026-04-15 04:02:07,78.53,92.0,102.1,7.34,41.4,46.4,20.7
2026-04-15 04:02:07,79.62,119.6,142.8,5.14,40.2,44.6,20.7
2026-04-15 04:02:07,80.39,99.9,111.7,6.84,40.2,48.3,20.7
2026-04-15 04:02:07,79.37,119.7,144.6,5.31,40.2,37.8,20.8
2026-04-15 04:02:08,79.6,104.8,127.8,5.47,40.2,31.4,20.8
2026-04-15 04:02:08,78.66,97.4,120.5,6.28,39.7,39.7,20.8
2026-04-15 04:02:08,80.22,91.6,114.6,6.22,41.4,39.4,20.8
2026-04-15 04:02:08,80.34,95.8,119.2,5.85,40.2,36.2,20.8
2026-04-15 04:02:08,79.86,101.9,125.5,5.77,41.4,37.3,20.8
2026-04-15 04:02:08,79.58,89.9,110.7,6.5,41.4,39.3,20.8
2026-04-15 04:02:09,79.31,88.8,111.7,6.04,40.8,37.3,20.8
2026-04-15 04:02:09,79.37,88.2,111.2,6.03,40.8,33.8,20.8
2026-04-15 04:02:09,79.52,95.8,120.2,5.7,40.8,35.3,20.7
2026-04-15 04:02:09,79.48,88.6,111.6,6.33,40.2,33.9,20.7
2026-04-15 04:02:09,79.9,108.6,131.8,5.36,41.9,35.6,20.7
2026-04-15 04:02:09,79.85,90.8,113.8,6.73,41.4,41.7,20.7
2026-04-15 04:02:10,80.3,92.4,115.0,5.94,41.9,36.8,20.7
2026-04-15 04:02:10,80.04,88.3,110.9,6.16,41.4,34.4,20.7
2026-04-15 04:02:10,79.84,113.9,137.2,5.2,41.4,40.0,20.7
2026-04-15 04:02:10,80.31,88.5,107.2,7.09,40.2,35.8,20.7
2026-04-15 04:02:10,78.62,84.0,107.0,6.18,40.2,34.9,20.7
2026-04-15 04:02:10,78.96,86.8,101.9,7.35,41.4,39.2,20.7
2026-04-15 04:02:11,78.62,87.0,98.9,7.49,40.2,47.3,20.7
2026-04-15 04:02:11,77.51,108.3,120.1,6.47,41.4,40.7,20.7
2026-04-15 04:02:11,78.83,88.3,109.8,6.82,41.4,41.0,20.7
2026-04-15 04:02:11,79.08,93.7,116.8,5.8,40.8,36.4,20.7
2026-04-15 04:02:11,79.96,89.5,112.4,6.17,41.4,41.4,20.7
2026-04-15 04:02:11,80.32,97.1,119.9,5.74,40.2,35.3,20.7
2026-04-15 04:02:11,78.93,91.1,114.0,6.23,39.7,38.5,20.8
2026-04-15 04:02:12,78.92,104.7,126.8,5.55,41.4,41.3,20.8
2026-04-15 04:02:12,79.6,120.8,143.6,5.48,40.2,40.3,20.8
2026-04-15 04:02:12,78.21,92.4,115.3,5.83,41.4,34.8,20.8
2026-04-15 04:02:12,78.03,125.1,148.2,5.02,41.4,40.3,20.9
2026-04-15 04:02:12,78.27,116.3,138.8,5.23,39.7,36.4,20.9
2026-04-15 04:02:13,80.45,89.3,104.7,7.17,41.9,45.8,20.9
2026-04-15 04:02:13,79.72,91.4,114.0,5.93,41.4,36.4,20.9
2026-04-15 04:02:13,78.57,92.5,115.5,5.97,39.7,35.3,20.9
2026-04-15 04:02:13,79.1,95.2,118.0,5.91,40.2,36.4,20.8
2026-04-15 04:02:13,79.29,118.0,141.1,5.28,39.7,37.0,20.8
2026-04-15 04:02:13,79.28,95.2,109.1,6.96,41.4,38.2,20.8
2026-04-15 04:02:14,79.8,100.2,123.0,5.75,41.4,35.8,20.8
2026-04-15 04:02:14,79.82,91.0,114.2,6.44,41.9,37.7,20.9
2026-04-15 04:02:14,80.58,95.4,118.5,5.85,39.7,39.4,20.9
2026-04-15 04:02:14,77.93,92.4,115.4,6.11,41.9,39.7,20.9
2026-04-15 04:02:14,79.39,111.5,134.5,5.39,40.2,34.3,20.9
2026-04-15 04:02:14,78.69,87.7,108.9,7.0,40.8,39.3,20.9
2026-04-15 04:02:15,79.52,89.3,111.1,5.95,40.8,38.2,21.0
2026-04-15 04:02:15,80.59,113.1,136.8,5.21,40.8,33.3,21.0
2026-04-15 04:02:15,80.22,112.7,131.2,6.04,39.7,43.9,21.0
2026-04-15 04:02:15,78.43,85.9,105.1,7.18,41.9,40.7,21.0
2026-04-15 04:02:15,79.64,108.2,121.1,6.43,41.4,39.7,21.0
2026-04-15 04:02:15,79.09,90.0,113.1,6.74,41.9,41.9,21.0
2026-04-15 04:02:16,79.11,88.9,111.9,6.04,41.4,35.9,20.9
2026-04-15 04:02:16,78.33,111.0,134.0,5.3,41.9,35.6,20.9
2026-04-15 04:02:16,78.92,100.9,120.8,6.39,41.4,41.0,20.9
2026-04-15 04:02:16,79.55,90.0,111.8,6.37,41.4,38.1,20.9
2026-04-15 04:02:16,78.66,88.6,111.3,6.1,39.7,38.8,20.9
2026-04-15 04:02:16,79.57,109.9,132.8,5.32,41.4,34.7,20.8
2026-04-15 04:02:17,79.18,97.5,119.8,6.49,41.9,38.3,20.9
2026-04-15 04:02:17,78.66,102.9,125.9,5.81,41.4,37.7,20.9
2026-04-15 04:02:17,79.79,96.9,119.9,6.23,41.4,36.1,20.9
2026-04-15 04:02:17,79.78,91.8,114.9,6.19,41.9,35.9,20.9
2026-04-15 04:02:17,80.23,115.6,139.4,5.21,40.2,43.4,20.9
2026-04-15 04:02:17,78.96,110.0,125.8,6.25,40.8,41.9,20.9
2026-04-15 04:02:18,79.31,103.6,124.2,6.27,41.4,41.3,20.9
2026-04-15 04:02:18,79.88,113.5,136.4,5.68,39.7,33.3,20.8
2026-04-15 04:02:18,80.73,110.1,130.1,6.1,40.2,43.1,20.9
2026-04-15 04:02:18,81.05,106.4,126.4,6.17,41.9,38.7,20.9
2026-04-15 04:02:18,80.91,114.0,134.0,5.74,40.2,38.8,20.9
2026-04-15 04:02:18,79.48,105.9,124.8,6.29,40.2,39.7,20.9
2026-04-15 04:02:19,78.57,108.6,130.4,5.92,41.4,37.9,20.9
2026-04-15 04:02:19,78.89,94.7,118.2,6.53,40.2,43.8,20.9
2026-04-15 04:02:19,78.24,92.4,115.6,6.11,40.8,39.4,20.9
2026-04-15 04:02:19,80.29,94.0,117.7,5.93,41.4,40.3,20.9
2026-04-15 04:02:19,79.01,91.0,114.0,6.14,41.9,34.9,20.9
2026-04-15 04:02:19,80.39,92.4,115.4,5.95,40.8,34.4,20.9
2026-04-15 04:02:20,80.1,103.7,126.7,5.62,40.2,40.0,20.9
2026-04-15 04:02:20,80.6,87.9,111.5,6.62,42.5,37.3,20.9
2026-04-15 04:02:20,78.56,116.5,139.4,5.13,40.8,42.3,20.9
2026-04-15 04:02:20,79.91,94.9,112.4,6.83,40.8,37.9,20.9
2026-04-15 04:02:20,79.38,103.8,126.9,5.74,40.2,35.4,20.9
2026-04-15 04:02:20,78.29,88.3,111.0,6.62,41.4,35.6,20.9
2026-04-15 04:02:20,78.01,84.8,108.2,6.12,41.4,37.9,20.9
2026-04-15 04:02:21,78.84,87.7,101.7,7.36,41.9,44.2,20.8
2026-04-15 04:02:21,79.08,84.6,107.5,6.13,41.4,31.7,20.8
2026-04-15 04:02:21,79.92,95.4,110.0,6.93,40.2,47.5,20.8
2026-04-15 04:02:21,79.53,96.0,119.1,5.98,41.4,36.8,20.8
2026-04-15 04:02:21,78.56,85.4,109.0,6.39,40.8,37.7,20.8
2026-04-15 04:02:21,79.7,107.2,123.7,6.33,40.2,42.9,20.8
2026-04-15 04:02:22,79.26,105.2,126.5,6.2,41.9,37.1,20.8
2026-04-15 04:02:22,79.84,120.6,143.7,5.5,41.4,41.1,20.8
2026-04-15 04:02:22,79.58,94.2,117.2,5.77,41.4,37.1,20.8
2026-04-15 04:02:22,77.23,121.7,144.9,5.15,41.9,36.5,20.9
2026-04-15 04:02:22,79.6,95.5,119.1,5.74,40.8,40.5,20.9
2026-04-15 04:02:22,80.06,116.1,140.2,5.28,41.9,35.6,20.9
2026-04-15 04:02:23,79.64,90.0,103.3,7.22,40.2,45.6,20.9
2026-04-15 04:02:23,78.39,86.3,108.0,6.1,41.4,37.3,20.9
2026-04-15 04:02:23,79.8,88.0,111.0,6.01,40.2,35.9,20.9
2026-04-15 04:02:23,79.65,102.5,125.5,5.52,39.7,36.5,20.9
2026-04-15 04:02:23,79.12,102.6,125.7,5.99,41.9,36.9,20.9
2026-04-15 04:02:24,80.04,340.8,377.0,2.39,41.9,81.2,20.8
2026-04-15 04:02:24,79.64,109.8,132.9,5.29,40.8,32.4,20.8
2026-04-15 04:02:24,79.43,98.3,121.0,6.45,40.8,39.3,20.7
2026-04-15 04:02:24,79.95,91.5,117.9,6.1,40.2,37.9,20.7
2026-04-15 04:02:24,79.48,101.1,122.8,5.78,41.4,45.7,20.7
2026-04-15 04:02:25,80.76,101.9,121.4,6.01,41.9,41.8,20.7
2026-04-15 04:02:25,80.33,93.1,116.3,6.33,41.4,39.1,20.6
2026-04-15 04:02:25,79.42,103.8,128.6,5.59,41.4,35.8,20.7
2026-04-15 04:02:25,78.18,112.1,135.6,5.77,40.8,39.1,20.6
2026-04-15 04:02:25,80.04,103.2,122.9,6.35,40.2,40.3,20.6
2026-04-15 04:02:25,79.38,91.2,114.6,6.46,40.8,38.7,20.6
2026-04-15 04:02:26,80.33,95.7,118.7,5.85,41.4,36.8,20.6
2026-04-15 04:02:26,80.83,100.3,123.2,5.84,40.2,37.3,20.6
2026-04-15 04:02:26,80.47,90.3,112.1,6.38,40.8,39.3,20.5
2026-04-15 04:02:26,79.35,98.7,121.7,5.72,41.4,35.7,20.5
2026-04-15 04:02:26,79.17,99.0,122.1,5.99,39.7,35.9,20.5
2026-04-15 04:02:26,77.69,90.0,113.1,6.35,40.8,35.6,20.5
2026-04-15 04:02:27,78.16,90.6,113.6,5.98,39.7,38.8,20.5
2026-04-15 04:02:27,78.92,113.5,136.5,5.28,40.2,32.9,20.5
2026-04-15 04:02:27,80.2,117.0,136.9,5.85,41.4,38.8,20.6
2026-04-15 04:02:27,80.65,88.9,103.2,7.24,41.4,41.1,20.6
2026-04-15 04:02:27,80.0,100.8,123.2,5.61,39.7,40.3,20.6
2026-04-15 04:02:27,78.88,110.3,132.5,5.68,41.9,37.5,20.6
2026-04-15 04:02:28,79.85,89.0,110.5,6.89,40.8,42.1,20.6
2026-04-15 04:02:28,77.99,100.8,121.2,5.61,41.9,39.7,20.6
2026-04-15 04:02:28,79.2,90.5,113.8,6.39,40.8,36.5,20.6
2026-04-15 04:02:28,80.1,109.4,131.9,5.32,40.8,35.1,20.6
2026-04-15 04:02:28,79.84,91.8,113.1,6.79,41.4,39.3,20.6
2026-04-15 04:02:28,79.4,113.3,132.1,5.33,41.4,37.0,20.7
2026-04-15 04:02:29,79.75,106.6,125.4,6.26,40.8,37.7,20.7
2026-04-15 04:02:29,79.08,89.5,111.0,6.7,41.4,36.8,20.7
2026-04-15 04:02:29,79.23,95.7,117.7,5.79,40.8,38.0,20.7
2026-04-15 04:02:29,78.46,98.7,121.8,5.9,40.2,30.6,20.7
2026-04-15 04:02:29,78.15,86.5,108.9,6.48,41.4,35.6,20.7
2026-04-15 04:02:29,79.43,86.1,98.9,7.51,40.2,44.2,20.7
2026-04-15 04:02:30,79.1,92.9,105.6,7.15,40.2,43.6,20.8
2026-04-15 04:02:30,78.05,87.2,110.3,6.21,40.2,38.5,20.8
2026-04-15 04:02:30,77.61,89.6,101.8,7.37,40.8,46.6,20.8
2026-04-15 04:02:30,79.32,97.4,120.4,5.74,41.9,39.1,20.8
2026-04-15 04:02:30,78.16,96.0,118.0,6.05,40.2,35.4,20.7
2026-04-15 04:02:30,79.66,102.1,125.8,5.77,41.9,40.0,20.8
2026-04-15 04:02:30,79.68,97.7,120.8,6.19,41.4,37.5,20.8
2026-04-15 04:02:31,80.03,95.8,118.2,6.06,41.4,37.5,20.8
2026-04-15 04:02:31,79.53,87.8,110.6,6.31,40.8,34.4,20.8
2026-04-15 04:02:31,79.32,97.2,119.7,5.68,42.5,34.3,20.8
2026-04-15 04:02:31,78.88,105.9,129.0,5.7,41.4,35.8,20.8
2026-04-15 04:02:31,79.32,102.3,126.0,6.11,41.4,40.0,20.8
2026-04-15 04:02:31,79.57,98.9,122.0,6.15,41.4,38.1,20.7
2026-04-15 04:02:32,79.4,131.9,155.0,5.01,41.4,39.8,20.8
2026-04-15 04:02:32,79.51,93.0,112.1,6.21,40.8,34.4,20.8
2026-04-15 04:02:32,79.67,96.4,116.9,5.89,40.2,37.3,20.7
2026-04-15 04:02:32,79.58,139.4,160.6,4.77,40.2,38.6,20.7
2026-04-15 04:02:32,78.32,103.0,126.0,6.11,41.4,35.5,20.7
2026-04-15 04:02:33,77.97,115.2,138.2,5.6,39.7,40.8,20.7
2026-04-15 04:02:33,78.07,112.0,129.0,6.11,40.2,45.3,20.8
2026-04-15 04:02:33,78.67,97.7,118.2,6.58,41.9,37.3,20.7
2026-04-15 04:02:33,78.87,100.1,122.4,5.92,40.8,37.9,20.7
2026-04-15 04:02:33,79.99,94.2,117.7,6.21,41.4,34.4,20.7
2026-04-15 04:02:33,79.41,115.2,138.2,5.34,41.4,37.8,20.7
2026-04-15 04:02:34,79.88,88.3,107.1,7.09,40.8,40.0,20.7
2026-04-15 04:02:34,79.5,100.6,123.6,5.64,39.7,37.5,20.7
2026-04-15 04:02:34,78.37,103.5,126.6,5.9,40.8,36.4,20.7
2026-04-15 04:02:34,79.29,89.9,112.5,6.53,40.2,34.5,20.7
2026-04-15 04:02:34,79.77,94.4,117.0,5.84,40.2,40.0,20.7
2026-04-15 04:02:34,77.1,101.1,123.9,5.77,41.4,34.8,20.7
2026-04-15 04:02:35,79.79,95.3,118.4,6.22,39.7,40.6,20.8
2026-04-15 04:02:35,79.29,106.9,129.9,5.61,39.7,32.8,20.8
2026-04-15 04:02:35,79.61,110.6,132.5,5.85,41.9,43.9,20.8
2026-04-15 04:02:35,79.64,86.6,107.9,7.05,40.8,34.6,20.9
2026-04-15 04:02:35,78.94,90.4,102.7,7.29,41.9,44.6,20.9
2026-04-15 04:02:35,79.63,90.6,113.1,5.99,41.9,34.4,20.9
2026-04-15 04:02:36,79.59,99.2,122.4,5.71,40.2,35.3,20.9
2026-04-15 04:02:36,78.86,96.3,119.4,6.11,41.4,34.9,20.9
2026-04-15 04:02:36,79.88,104.6,127.7,5.72,40.8,37.1,20.9
2026-04-15 04:02:36,79.42,125.4,146.8,5.34,41.4,37.8,20.9
2026-04-15 04:02:36,79.33,91.0,113.8,6.02,40.8,36.4,20.9
2026-04-15 04:02:36,78.89,110.1,133.1,5.4,40.2,36.5,20.9
2026-04-15 04:02:37,78.56,105.4,127.6,6.18,41.4,39.7,20.9
2026-04-15 04:02:37,79.48,88.6,113.2,6.59,40.2,41.9,20.9
2026-04-15 04:02:37,79.34,95.8,118.5,5.82,40.8,36.2,20.9
2026-04-15 04:02:37,80.9,91.8,114.5,6.15,40.2,36.9,20.9
2026-04-15 04:02:37,80.98,105.8,126.4,5.53,41.9,40.8,20.9
2026-04-15 04:02:37,79.33,93.6,116.7,6.47,41.9,34.5,20.9
2026-04-15 04:02:38,80.31,88.5,111.5,6.2,41.4,41.8,20.9
2026-04-15 04:02:38,78.88,86.4,109.3,6.09,40.8,38.2,20.9
2026-04-15 04:02:38,79.47,97.6,109.8,6.91,40.8,45.6,21.0
2026-04-15 04:02:38,79.81,85.4,108.7,6.47,40.2,37.7,21.0
2026-04-15 04:02:38,79.11,101.9,113.4,6.67,41.9,42.4,21.0
2026-04-15 04:02:38,80.76,100.8,123.5,6.06,41.4,36.9,20.9
2026-04-15 04:02:38,78.0,88.9,112.0,6.47,41.4,37.7,20.9
2026-04-15 04:02:39,79.38,87.5,107.8,6.05,41.4,35.9,20.9
2026-04-15 04:02:39,78.83,87.0,110.1,5.96,40.8,37.3,20.9
2026-04-15 04:02:39,78.89,96.0,118.4,5.74,41.4,35.3,20.9
2026-04-15 04:02:39,77.66,90.0,113.0,6.25,40.2,36.5,20.9
2026-04-15 04:02:39,79.6,96.7,119.9,5.77,40.8,36.2,20.9
2026-04-15 04:02:39,79.34,109.7,132.6,5.57,41.9,37.5,20.9
2026-04-15 04:02:40,77.96,100.8,123.6,6.34,41.4,37.7,20.9
2026-04-15 04:02:40,78.34,97.7,120.8,6.11,40.2,38.5,20.9
2026-04-15 04:02:40,78.9,84.6,105.6,6.51,41.9,43.5,20.9
2026-04-15 04:02:40,77.67,88.7,101.8,7.27,40.8,37.3,20.9
2026-04-15 04:02:40,79.21,85.2,109.3,6.1,41.4,35.4,20.9
2026-04-15 04:02:40,78.95,83.6,97.3,7.59,41.9,46.3,20.9
2026-04-15 04:02:41,78.45,100.9,115.1,6.69,41.4,40.4,20.9
2026-04-15 04:02:41,77.38,88.5,111.6,6.48,40.8,37.7,20.9
2026-04-15 04:02:41,78.07,101.5,124.5,5.57,40.2,36.6,20.9
2026-04-15 04:02:41,77.81,116.1,139.3,5.52,41.4,35.2,20.9
2026-04-15 04:02:41,77.28,91.5,108.2,7.03,41.4,35.8,20.9
2026-04-15 04:02:41,79.34,88.8,112.0,6.1,39.7,36.9,20.9
2026-04-15 04:02:42,79.1,107.9,130.7,5.39,41.4,34.3,20.9
2026-04-15 04:02:42,77.73,93.0,116.2,6.59,41.4,33.9,21.0
2026-04-15 04:02:42,78.8,97.3,120.3,5.85,41.9,38.2,21.0
2026-04-15 04:02:42,78.93,98.7,121.3,5.95,41.4,34.9,21.0
2026-04-15 04:02:42,79.31,119.5,142.6,5.34,41.4,42.1,21.0
2026-04-15 04:02:42,77.55,85.3,97.1,7.56,40.8,48.2,21.0
2026-04-15 04:02:42,77.17,85.4,99.2,7.49,40.8,42.3,21.0
2026-04-15 04:02:43,78.03,105.0,118.1,6.49,41.9,46.9,21.0
2026-04-15 04:02:43,78.86,111.4,134.4,5.81,41.9,35.4,20.9
2026-04-15 04:02:43,78.69,105.9,127.2,6.19,41.9,39.7,20.9
2026-04-15 04:02:43,78.07,91.9,114.8,6.58,41.4,36.8,20.9
2026-04-15 04:02:43,77.34,96.1,118.9,5.85,41.9,38.6,20.9
2026-04-15 04:02:43,79.33,119.7,142.7,5.26,41.9,36.8,20.9
2026-04-15 04:02:44,79.42,103.5,116.0,6.63,41.4,41.7,20.8
2026-04-15 04:02:44,78.8,88.5,111.5,6.6,41.4,41.3,20.8
2026-04-15 04:02:44,78.83,88.7,109.7,6.0,41.9,37.3,20.8
2026-04-15 04:02:44,79.84,95.7,119.0,5.74,41.4,37.1,20.8
2026-04-15 04:02:44,78.41,92.9,115.9,6.12,40.8,37.9,20.8
2026-04-15 04:02:44,78.67,110.6,133.8,5.43,41.4,34.3,20.8
2026-04-15 04:02:45,78.98,85.5,107.5,7.07,41.9,41.1,20.8
2026-04-15 04:02:45,79.7,92.1,104.6,7.15,40.8,42.6,20.8
2026-04-15 04:02:45,79.24,102.1,125.2,5.66,40.8,36.8,20.8
2026-04-15 04:02:45,78.88,95.1,118.5,6.26,41.4,40.3,20.8
2026-04-15 04:02:45,79.13,89.5,112.7,6.22,41.4,36.5,20.9
2026-04-15 04:02:45,78.35,113.8,135.6,5.24,40.8,37.7,20.9
2026-04-15 04:02:46,78.15,117.9,135.3,5.85,40.8,40.3,20.9
2026-04-15 04:02:46,77.08,93.1,106.3,7.05,41.9,35.8,20.9
2026-04-15 04:02:46,78.89,96.4,120.4,5.86,41.9,43.5,20.9
2026-04-15 04:02:46,79.57,97.6,120.3,5.99,41.9,38.8,20.8
2026-04-15 04:02:46,78.25,96.5,119.0,6.04,41.9,37.9,20.8
2026-04-15 04:02:46,78.33,90.8,113.9,6.22,41.4,37.9,20.8
2026-04-15 04:02:47,78.98,116.0,139.1,5.21,40.8,38.5,20.8
2026-04-15 04:02:47,79.98,93.7,110.0,6.94,40.8,36.4,20.8
2026-04-15 04:02:47,78.76,110.2,133.2,5.46,39.7,35.7,20.8
2026-04-15 04:02:47,79.3,115.4,136.1,5.82,40.8,35.8,20.9
2026-04-15 04:02:47,79.46,108.4,128.8,6.09,40.2,41.9,20.9
2026-04-15 04:02:47,79.55,93.2,112.5,6.82,41.4,44.3,20.8
2026-04-15 04:02:48,79.11,105.2,128.2,5.6,41.9,33.8,20.8
2026-04-15 04:02:48,79.94,87.5,110.5,6.72,40.2,39.0,20.8
2026-04-15 04:02:48,80.47,94.4,117.4,5.76,40.8,36.2,20.8
2026-04-15 04:02:48,79.05,107.3,130.3,5.56,40.8,42.5,20.8
2026-04-15 04:02:48,79.18,89.7,112.4,6.72,39.7,42.4,20.8
2026-04-15 04:02:48,77.45,91.5,114.5,5.94,41.4,35.8,20.8
2026-04-15 04:02:49,77.78,108.8,131.9,5.42,40.2,38.4,20.8
2026-04-15 04:02:49,78.54,89.3,112.1,6.82,40.2,37.9,20.8
2026-04-15 04:02:49,79.78,92.2,115.4,5.89,40.8,38.6,20.8
2026-04-15 04:02:49,78.43,93.0,116.1,5.98,41.4,36.8,20.8
2026-04-15 04:02:49,79.26,88.3,109.2,6.17,41.4,38.1,20.7
2026-04-15 04:02:49,78.74,87.3,110.2,6.03,39.1,38.6,20.8
2026-04-15 04:02:50,78.13,89.0,112.0,5.95,41.4,31.1,20.7
2026-04-15 04:02:50,78.97,85.6,113.4,5.95,40.8,36.8,20.8
2026-04-15 04:02:50,78.01,103.9,127.0,5.54,40.2,36.2,20.8
2026-04-15 04:02:50,78.21,92.2,115.4,6.46,40.8,36.1,20.8
2026-04-15 04:02:50,79.16,105.7,128.6,5.56,40.2,38.0,20.8
2026-04-15 04:02:50,78.53,87.4,110.4,6.75,41.4,35.7,20.8
2026-04-15 04:02:51,78.49,126.3,138.6,5.79,41.4,40.0,20.9
2026-04-15 04:02:51,77.08,89.3,112.3,6.16,40.8,35.9,20.9
2026-04-15 04:02:51,79.67,89.5,113.6,5.95,41.9,40.0,20.9
2026-04-15 04:02:51,79.29,87.8,110.0,6.09,41.4,37.3,20.9
2026-04-15 04:02:51,78.7,87.2,109.5,6.03,40.2,36.4,20.9
2026-04-15 04:02:51,77.02,85.3,97.4,7.6,41.4,45.5,21.0
2026-04-15 04:02:52,77.58,111.2,124.2,6.29,40.8,41.7,21.0
2026-04-15 04:02:52,76.54,86.9,107.0,7.03,41.4,38.2,21.0
2026-04-15 04:02:52,80.16,85.4,97.6,7.59,41.4,43.1,21.0
2026-04-15 04:02:52,77.9,106.1,118.7,6.47,41.9,46.0,21.0
2026-04-15 04:02:52,77.41,131.5,154.6,5.22,40.8,42.3,21.0
2026-04-15 04:02:52,77.73,103.3,126.4,5.82,40.8,30.6,21.0
2026-04-15 04:02:52,79.75,94.9,117.4,6.32,41.9,40.9,21.0
2026-04-15 04:02:53,79.24,104.2,129.7,5.6,41.9,34.3,21.0
2026-04-15 04:02:53,79.89,86.8,108.5,6.82,40.8,33.3,21.0
2026-04-15 04:02:53,78.12,103.3,115.5,6.68,40.2,41.4,21.0
2026-04-15 04:02:53,78.5,93.9,116.9,6.37,41.4,37.1,21.0
2026-04-15 04:02:53,78.55,110.9,133.9,5.44,39.7,42.5,20.9
2026-04-15 04:02:53,79.56,93.5,114.7,6.72,40.2,40.0,20.9
2026-04-15 04:02:54,79.56,106.7,132.2,5.49,40.2,37.5,20.9
2026-04-15 04:02:54,79.93,118.9,142.2,5.67,41.4,38.2,21.0
2026-04-15 04:02:54,79.24,97.0,110.3,6.91,40.8,41.4,21.0
2026-04-15 04:02:54,79.24,102.9,126.7,5.76,39.1,38.6,21.0
2026-04-15 04:02:54,79.57,89.7,112.7,6.57,40.8,36.7,21.0
2026-04-15 04:02:54,78.65,93.1,116.2,5.88,41.4,36.8,21.0
2026-04-15 04:02:55,79.44,105.3,128.0,5.6,40.2,35.7,21.0
2026-04-15 04:02:55,78.68,88.8,108.6,6.66,41.9,47.6,21.0
2026-04-15 04:02:55,79.27,116.8,139.4,5.14,40.8,34.7,21.0
2026-04-15 04:02:55,79.39,94.7,110.1,6.92,40.2,42.1,21.0
2026-04-15 04:02:55,78.52,89.2,112.3,6.2,41.9,38.5,21.0
2026-04-15 04:02:55,77.63,99.9,110.9,6.87,40.8,40.4,21.0
2026-04-15 04:02:56,80.2,87.9,110.9,6.54,41.4,40.3,21.1
2026-04-15 04:02:56,79.94,94.1,117.2,5.79,40.8,35.8,21.1
2026-04-15 04:02:56,78.58,105.1,129.0,5.6,41.4,35.7,21.1
2026-04-15 04:02:56,79.5,88.8,112.0,6.69,41.4,40.7,21.1
2026-04-15 04:02:56,78.6,87.8,110.8,6.05,40.8,33.3,21.1
2026-04-15 04:02:56,78.76,97.7,120.9,5.66,40.8,39.2,21.1
2026-04-15 04:02:57,78.32,92.6,113.4,6.19,41.9,38.1,21.0
2026-04-15 04:02:57,79.77,90.7,113.8,6.07,39.7,32.8,20.9
2026-04-15 04:02:57,79.17,92.3,115.3,5.96,40.2,37.7,20.9
2026-04-15 04:02:57,78.42,89.5,112.6,6.1,40.2,41.2,20.9
2026-04-15 04:02:57,78.04,93.4,111.9,5.86,41.4,36.4,20.9
2026-04-15 04:02:57,78.69,94.7,117.7,5.96,40.2,36.4,20.9
2026-04-15 04:02:58,78.79,87.8,110.8,6.26,40.8,37.1,21.0
2026-04-15 04:02:58,79.47,89.8,112.8,5.93,41.9,33.8,21.0
2026-04-15 04:02:58,80.79,126.6,146.1,4.92,41.4,35.0,21.0
2026-04-15 04:02:58,79.52,95.7,118.6,5.91,41.4,36.8,21.0
2026-04-15 04:02:58,78.49,91.3,114.5,6.16,41.4,40.9,21.0
2026-04-15 04:02:58,79.57,113.2,134.9,5.25,41.9,36.8,21.0
2026-04-15 04:02:59,79.59,110.8,128.6,6.1,40.2,41.3,20.9
2026-04-15 04:02:59,78.41,96.1,115.8,6.66,40.8,39.0,20.9
2026-04-15 04:02:59,80.52,103.2,127.4,5.72,41.4,35.3,20.8
2026-04-15 04:02:59,78.36,90.0,113.1,6.56,41.4,41.3,20.9
2026-04-15 04:02:59,76.54,90.6,114.4,5.94,41.4,34.8,20.9
2026-04-15 04:02:59,78.78,94.0,115.2,5.93,40.8,35.9,20.9
2026-04-15 04:03:00,78.62,112.7,135.9,5.39,41.4,36.0,21.0
2026-04-15 04:03:00,77.02,101.5,122.1,6.39,41.9,39.0,21.0
2026-04-15 04:03:00,78.02,96.7,118.2,6.22,40.8,44.6,21.0
2026-04-15 04:03:00,77.83,94.9,117.9,6.07,41.4,37.9,21.0
2026-04-15 04:03:00,77.5,93.5,116.6,6.05,40.8,32.8,21.0
2026-04-15 04:03:00,78.59,104.2,127.5,5.63,41.4,34.8,21.0
2026-04-15 04:03:01,78.38,92.1,116.8,6.42,42.5,34.5,21.0
2026-04-15 04:03:01,74.73,122.8,148.3,5.05,39.7,35.1,21.0
2026-04-15 04:03:01,77.6,88.4,112.3,6.09,40.8,37.9,21.0
2026-04-15 04:03:01,76.69,87.2,110.2,6.08,41.4,39.1,21.0
2026-04-15 04:03:01,74.57,87.5,101.0,7.41,41.4,54.7,21.0
2026-04-15 04:03:01,77.76,87.2,109.9,6.06,39.1,36.4,21.0
2026-04-15 04:03:02,74.81,86.6,98.4,7.55,40.8,44.4,21.0
2026-04-15 04:03:02,76.67,95.1,107.1,7.05,40.2,39.6,21.0
2026-04-15 04:03:02,77.15,92.8,115.8,6.09,41.9,37.3,21.1
2026-04-15 04:03:02,78.16,90.2,112.3,6.09,40.8,39.7,21.1
2026-04-15 04:03:02,78.19,97.9,125.4,5.6,41.4,34.8,21.0
2026-04-15 04:03:02,78.33,105.5,128.5,5.89,40.2,42.5,21.0
2026-04-15 04:03:03,76.55,129.1,152.2,5.26,41.4,34.3,21.0
2026-04-15 04:03:03,76.88,123.6,146.8,5.14,40.2,36.8,21.1
2026-04-15 04:03:03,76.85,89.9,112.9,6.03,40.8,37.3,21.0
2026-04-15 04:03:03,77.11,91.3,113.9,5.88,40.2,38.6,21.0
2026-04-15 04:03:03,77.91,95.9,118.2,5.91,41.9,39.1,21.0
2026-04-15 04:03:03,78.64,108.4,131.4,5.59,40.8,35.3,21.0
2026-04-15 04:03:04,77.8,106.3,128.9,6.08,40.8,40.3,21.0
2026-04-15 04:03:04,79.15,92.3,115.7,6.54,42.5,40.0,21.0
2026-04-15 04:03:04,79.16,100.2,123.0,5.73,41.9,34.3,21.0
2026-04-15 04:03:04,80.13,122.4,145.6,5.31,41.4,35.1,21.0
2026-04-15 04:03:04,79.48,96.3,119.3,5.76,41.4,35.3,21.0
2026-04-15 04:03:05,76.94,107.1,132.4,5.56,40.2,36.6,21.0
2026-04-15 04:03:05,80.02,87.6,112.6,6.82,41.4,41.7,21.0
2026-04-15 04:03:05,82.71,100.2,122.0,5.65,41.4,40.8,21.0
2026-04-15 04:03:05,80.33,108.9,132.0,5.71,41.4,39.1,21.0
2026-04-15 04:03:05,85.05,88.4,111.5,6.84,39.7,42.1,21.0
2026-04-15 04:03:05,75.12,91.8,114.7,5.89,40.8,34.8,21.0
2026-04-15 04:03:05,79.33,103.1,126.2,5.62,41.9,39.2,21.0
2026-04-15 04:03:06,82.58,102.5,125.6,6.03,40.8,37.5,21.0
2026-04-15 04:03:06,80.29,96.1,117.4,6.24,41.4,42.6,20.9
2026-04-15 04:03:06,77.16,95.5,117.5,5.99,41.4,39.4,20.9
2026-04-15 04:03:06,79.26,95.9,118.6,6.02,40.2,41.2,20.9
2026-04-15 04:03:06,79.18,87.5,110.7,6.32,41.9,38.1,20.9
2026-04-15 04:03:06,78.39,86.1,109.3,6.05,41.4,36.4,20.9
2026-04-15 04:03:07,76.65,105.2,118.3,6.54,40.2,44.3,20.9
2026-04-15 04:03:07,76.59,102.1,125.8,6.13,41.4,38.7,20.9
2026-04-15 04:03:07,77.94,91.0,113.8,6.46,41.4,38.7,20.9
2026-04-15 04:03:07,78.93,119.1,138.9,5.13,40.2,38.7,20.9
2026-04-15 04:03:07,77.28,110.5,123.5,6.32,41.4,43.9,20.9
2026-04-15 04:03:07,76.86,107.0,128.8,6.14,40.8,37.1,20.9
2026-04-15 04:03:08,77.93,91.2,114.3,6.63,41.4,37.9,20.9
2026-04-15 04:03:08,77.95,106.5,129.6,5.5,40.8,30.8,20.9
2026-04-15 04:03:08,79.01,95.3,117.6,6.44,41.4,37.7,20.9
2026-04-15 04:03:08,76.16,97.0,115.5,5.94,41.4,39.7,20.9
2026-04-15 04:03:08,76.61,111.0,133.0,5.53,41.4,36.6,20.9
2026-04-15 04:03:08,77.85,95.3,116.7,6.63,41.9,40.0,20.9
2026-04-15 04:03:09,78.49,96.8,117.6,5.94,41.4,36.9,20.9
2026-04-15 04:03:09,75.38,108.3,131.4,5.62,41.4,39.2,20.9
2026-04-15 04:03:09,76.47,88.1,111.0,6.83,41.4,41.4,21.0
2026-04-15 04:03:09,76.64,102.5,125.4,5.53,41.4,33.3,21.0
2026-04-15 04:03:09,75.65,116.8,139.7,5.53,41.4,38.0,21.0
2026-04-15 04:03:09,76.83,101.5,117.5,6.6,43.0,41.7,21.0
2026-04-15 04:03:10,77.33,95.9,119.0,6.21,39.7,36.1,21.0
2026-04-15 04:03:10,78.32,87.7,111.1,6.3,41.9,36.5,21.1
2026-04-15 04:03:10,78.19,87.4,99.5,7.46,41.4,50.0,21.1
2026-04-15 04:03:10,76.62,85.5,108.5,6.1,40.2,38.8,21.2
2026-04-15 04:03:10,76.81,85.6,98.3,7.52,41.9,41.5,21.2
2026-04-15 04:03:10,74.94,92.7,105.5,7.12,41.4,42.9,21.3
2026-04-15 04:03:11,75.97,101.7,124.6,5.7,41.4,36.2,21.3
2026-04-15 04:03:11,73.84,100.2,124.5,6.01,41.4,36.9,21.3
2026-04-15 04:03:11,74.51,100.7,117.5,6.03,40.8,40.0,21.3
2026-04-15 04:03:11,75.66,103.8,126.9,5.89,41.4,37.5,21.3
2026-04-15 04:03:11,74.49,109.0,130.9,5.82,41.9,33.8,21.3
2026-04-15 04:03:11,77.01,110.8,133.5,5.93,41.9,41.2,21.3
2026-04-15 04:03:12,77.14,89.6,111.1,6.88,41.4,39.3,21.3
2026-04-15 04:03:12,73.37,86.7,109.9,6.12,41.4,35.4,21.3
2026-04-15 04:03:12,77.61,89.7,112.2,5.9,41.4,35.4,21.3
2026-04-15 04:03:12,75.24,89.0,112.2,6.02,41.4,36.4,21.2
2026-04-15 04:03:12,76.24,105.4,128.8,5.46,42.5,39.2,21.2
2026-04-15 04:03:12,76.41,90.0,113.1,6.58,41.9,38.3,21.2
2026-04-15 04:03:13,74.73,87.4,110.3,6.07,41.4,34.4,21.2
2026-04-15 04:03:13,76.26,93.8,116.8,5.84,40.2,38.6,21.2
2026-04-15 04:03:13,76.89,94.0,117.2,5.99,40.8,33.3,21.2
2026-04-15 04:03:13,77.09,96.4,118.5,5.92,40.2,35.4,21.2
2026-04-15 04:03:13,76.17,94.5,117.4,6.08,40.8,41.2,21.2
2026-04-15 04:03:14,75.82,294.4,326.7,2.66,42.5,82.6,21.1
2026-04-15 04:03:14,74.17,111.1,122.6,5.74,40.8,67.6,21.1
2026-04-15 04:03:14,74.87,88.0,106.9,6.97,41.4,45.0,21.1
2026-04-15 04:03:14,77.21,93.2,115.4,5.83,42.5,36.2,21.0
2026-04-15 04:03:14,75.5,88.1,110.8,6.19,40.8,37.5,21.0
2026-04-15 04:03:14,75.94,92.0,115.1,5.87,41.4,34.8,21.0
2026-04-15 04:03:15,76.52,90.7,111.7,6.05,42.5,34.4,21.0
2026-04-15 04:03:15,75.8,93.4,116.2,5.91,41.4,38.6,21.0
2026-04-15 04:03:15,76.75,114.6,138.1,5.31,41.9,42.9,21.0
2026-04-15 04:03:15,76.29,90.8,108.4,7.02,41.4,35.8,21.0
2026-04-15 04:03:15,76.66,105.4,128.3,5.52,40.8,36.1,21.0
2026-04-15 04:03:15,75.19,94.4,116.3,6.42,41.4,37.1,21.0
2026-04-15 04:03:16,76.35,99.6,122.5,5.82,40.8,37.3,20.9
2026-04-15 04:03:16,76.72,101.1,123.4,5.95,41.4,40.6,20.9
2026-04-15 04:03:16,76.48,103.7,126.9,5.91,40.8,42.0,20.9
2026-04-15 04:03:16,75.94,102.4,125.4,6.06,41.4,40.3,20.9
2026-04-15 04:03:16,75.26,87.5,110.5,6.59,40.2,41.0,21.0
2026-04-15 04:03:16,74.44,98.1,109.6,6.95,40.2,41.1,21.0
2026-04-15 04:03:17,76.16,91.2,114.2,6.26,41.4,39.1,21.0
2026-04-15 04:03:17,76.15,95.6,118.6,5.85,39.7,33.3,21.0
2026-04-15 04:03:17,77.04,108.7,130.7,5.5,40.8,34.3,21.1
2026-04-15 04:03:17,76.82,90.8,111.8,6.82,41.9,42.6,21.1
2026-04-15 04:03:17,76.3,115.2,138.3,5.24,40.2,38.7,21.1
2026-04-15 04:03:17,78.69,99.4,118.5,6.56,41.4,41.7,21.1
2026-04-15 04:03:18,77.17,87.6,110.3,6.53,41.9,34.5,21.1
2026-04-15 04:03:18,78.13,96.1,117.0,5.71,41.4,37.5,21.1
2026-04-15 04:03:18,78.53,121.2,144.3,5.22,41.4,35.6,21.1
2026-04-15 04:03:18,75.92,86.4,108.2,5.97,40.8,36.2,21.1
2026-04-15 04:03:18,76.46,107.1,129.9,5.4,41.4,37.5,21.1
2026-04-15 04:03:18,78.01,108.3,131.3,5.97,41.4,38.5,21.1
2026-04-15 04:03:19,78.31,91.2,114.2,6.69,41.4,44.4,21.1
2026-04-15 04:03:19,77.69,132.9,156.9,4.77,40.2,38.7,21.0
2026-04-15 04:03:19,76.73,98.7,121.6,6.08,40.8,36.9,21.0
2026-04-15 04:03:19,76.65,102.1,124.4,5.88,40.8,38.2,21.0
2026-04-15 04:03:19,77.35,86.9,110.0,6.6,41.4,43.5,20.9
2026-04-15 04:03:19,77.36,93.9,106.4,7.11,41.4,40.7,20.9
2026-04-15 04:03:20,77.63,90.4,113.5,6.14,40.8,35.9,20.9
2026-04-15 04:03:20,77.94,86.8,112.2,6.03,40.8,32.8,20.9
2026-04-15 04:03:20,76.93,102.0,124.4,5.58,41.4,40.8,20.9
2026-04-15 04:03:20,76.78,112.3,135.2,5.66,40.2,39.1,20.8
2026-04-15 04:03:20,77.62,109.3,129.1,6.11,41.4,37.7,20.8
2026-04-15 04:03:20,74.9,103.4,125.7,6.23,40.8,40.6,20.8
2026-04-15 04:03:21,76.65,94.3,117.4,6.35,40.8,36.1,20.8
2026-04-15 04:03:21,75.72,103.6,126.5,5.69,40.8,37.7,20.8
2026-04-15 04:03:21,77.04,97.2,120.4,6.24,41.9,39.7,20.8
2026-04-15 04:03:21,75.63,96.2,119.4,6.04,41.4,38.8,20.8
2026-04-15 04:03:21,75.15,93.1,116.9,6.07,40.2,32.8,20.8
2026-04-15 04:03:21,74.82,86.7,109.9,6.22,41.9,36.5,20.9
2026-04-15 04:03:22,78.06,88.6,111.5,6.0,41.4,34.4,20.9
2026-04-15 04:03:22,77.95,88.9,111.6,5.99,41.4,40.6,20.9
2026-04-15 04:03:22,77.64,89.6,112.7,5.97,40.2,34.4,20.9
2026-04-15 04:03:22,75.0,91.1,114.2,5.95,41.4,37.3,20.9
2026-04-15 04:03:22,74.1,122.9,145.9,5.04,41.9,38.5,20.9
2026-04-15 04:03:22,75.72,116.5,137.3,5.17,40.8,34.7,20.9
2026-04-15 04:03:23,77.24,93.9,108.5,6.93,40.2,42.1,20.9
2026-04-15 04:03:23,71.29,108.0,131.1,5.54,40.8,34.3,21.0
2026-04-15 04:03:23,81.47,95.9,115.8,6.47,41.4,37.3,21.0
2026-04-15 04:03:23,84.67,112.1,134.0,5.47,39.7,38.9,21.0
2026-04-15 04:03:23,79.99,115.1,136.7,5.86,41.4,40.0,21.0
2026-04-15 04:03:23,83.24,91.3,107.7,7.06,40.8,43.3,20.9
2026-04-15 04:03:24,80.96,96.5,119.0,5.82,41.4,34.8,20.9
2026-04-15 04:03:24,80.55,93.9,117.1,6.1,41.9,38.8,20.9
2026-04-15 04:03:24,80.76,122.3,142.9,5.12,40.8,38.2,20.9
2026-04-15 04:03:24,79.4,115.9,138.9,5.18,40.2,38.0,20.9
2026-04-15 04:03:24,79.59,85.0,101.9,7.35,40.2,42.9,20.9
2026-04-15 04:03:24,79.67,88.2,102.1,7.34,41.9,44.4,20.9
2026-04-15 04:03:25,80.24,86.7,111.0,6.02,40.2,37.7,20.9
2026-04-15 04:03:25,78.43,92.1,115.2,5.85,40.8,34.8,20.9
2026-04-15 04:03:25,76.56,97.9,121.7,5.77,40.8,40.6,20.9
2026-04-15 04:03:25,79.52,88.0,111.2,6.42,40.2,35.6,20.9
2026-04-15 04:03:25,79.44,124.1,148.7,4.89,40.2,32.1,20.8
2026-04-15 04:03:25,78.02,90.5,113.9,6.03,41.9,34.8,20.9
2026-04-15 04:03:26,77.19,102.6,124.9,5.6,40.2,37.1,20.9
2026-04-15 04:03:26,76.77,88.5,111.9,6.59,41.4,32.1,20.9
2026-04-15 04:03:26,76.97,131.2,154.9,4.77,41.4,36.6,20.9
2026-04-15 04:03:26,78.06,90.3,113.3,6.32,41.4,39.1,20.8
2026-04-15 04:03:26,77.55,93.8,116.7,5.88,41.4,33.8,20.8
2026-04-15 04:03:26,76.35,91.7,114.7,6.08,41.9,35.4,20.8
2026-04-15 04:03:27,76.82,91.7,115.2,5.98,41.4,34.8,20.8
2026-04-15 04:03:27,75.62,88.4,111.4,6.14,40.8,38.5,20.8
2026-04-15 04:03:27,78.01,111.4,133.9,5.26,41.4,34.2,20.8
2026-04-15 04:03:27,77.4,94.5,115.0,6.7,40.2,44.8,20.8
2026-04-15 04:03:27,78.57,103.6,125.2,5.7,40.8,31.3,20.8
2026-04-15 04:03:27,78.91,92.2,115.2,6.44,40.8,40.3,20.9
2026-04-15 04:03:28,77.85,117.5,140.7,5.21,40.8,35.1,20.9
2026-04-15 04:03:28,79.16,94.1,108.4,6.97,41.9,38.9,20.9
2026-04-15 04:03:28,76.44,89.9,113.4,6.16,41.4,41.4,20.9
2026-04-15 04:03:28,76.66,117.1,139.5,5.12,41.9,40.0,20.9
2026-04-15 04:03:28,77.82,86.3,99.4,7.43,41.9,40.0,20.9
2026-04-15 04:03:28,77.27,87.7,100.6,7.41,41.4,44.6,20.8
2026-04-15 04:03:29,76.41,102.8,125.5,5.54,41.4,35.7,20.8
2026-04-15 04:03:29,78.21,89.5,112.3,6.53,41.9,37.7,20.8
2026-04-15 04:03:29,77.8,105.8,128.9,5.46,41.4,37.3,20.9
2026-04-15 04:03:29,76.15,94.3,116.6,6.45,40.2,43.1,20.9
2026-04-15 04:03:29,77.31,117.1,142.4,5.21,40.2,34.7,20.9
2026-04-15 04:03:29,75.91,112.5,125.2,6.24,41.4,44.6,20.9
2026-04-15 04:03:30,75.51,94.5,114.0,6.75,40.2,42.6,20.9
2026-04-15 04:03:30,78.33,99.1,122.1,5.84,39.7,40.3,21.0
2026-04-15 04:03:30,74.8,90.3,112.0,6.34,41.4,41.9,21.0
2026-04-15 04:03:30,75.15,88.7,111.0,6.06,41.9,38.8,21.0
2026-04-15 04:03:30,73.98,101.3,124.3,5.58,41.4,36.6,20.9
2026-04-15 04:03:30,77.34,90.3,113.5,6.43,41.4,36.1,20.9
2026-04-15 04:03:31,76.75,88.1,111.1,6.08,39.7,38.8,20.9
2026-04-15 04:03:31,72.53,104.1,127.0,5.48,40.8,37.8,20.9
2026-04-15 04:03:31,76.03,114.3,137.5,5.65,40.2,37.7,20.9
2026-04-15 04:03:31,75.95,94.9,112.4,6.79,39.1,40.7,20.9
2026-04-15 04:03:31,74.23,92.0,115.0,6.11,41.9,36.5,20.9
2026-04-15 04:03:31,73.91,94.2,117.3,5.93,41.9,33.8,20.9
2026-04-15 04:03:32,74.12,102.6,125.7,5.71,41.4,37.1,20.9
2026-04-15 04:03:32,74.75,87.3,110.0,6.58,41.4,41.9,20.9
2026-04-15 04:03:32,73.88,111.2,132.8,5.27,41.9,35.1,21.0
2026-04-15 04:03:32,75.61,89.5,110.8,6.89,40.8,43.5,20.9
2026-04-15 04:03:32,72.81,88.5,111.5,6.04,40.8,37.1,20.9
2026-04-15 04:03:32,73.34,90.5,113.5,5.94,40.8,40.0,20.9
2026-04-15 04:03:33,74.21,88.6,110.6,6.07,41.9,39.7,20.9
2026-04-15 04:03:33,74.36,90.2,113.2,5.95,40.2,37.3,20.9
2026-04-15 04:03:33,74.46,95.1,103.6,7.24,40.2,45.6,20.9
2026-04-15 04:03:33,71.98,99.7,122.9,5.84,41.4,38.2,20.9
2026-04-15 04:03:33,75.84,103.2,127.1,5.83,41.4,37.3,20.9
2026-04-15 04:03:33,76.35,90.4,113.1,6.56,39.7,39.0,20.9
2026-04-15 04:03:34,75.55,93.5,116.6,5.89,41.4,31.2,20.9
2026-04-15 04:03:34,76.59,101.0,124.0,5.75,41.4,38.6,20.9
2026-04-15 04:03:34,73.7,91.2,114.1,6.37,40.2,40.9,20.9
2026-04-15 04:03:34,77.13,118.4,141.0,5.15,40.2,40.0,20.9
2026-04-15 04:03:34,76.44,113.2,126.0,6.21,41.4,42.2,20.9
2026-04-15 04:03:34,78.81,111.1,129.5,6.08,41.4,39.1,20.9
2026-04-15 04:03:35,77.41,91.5,113.8,6.74,40.2,41.7,20.9
2026-04-15 04:03:35,76.82,90.0,112.7,6.11,39.7,34.9,20.9
2026-04-15 04:03:35,76.8,104.9,128.9,5.47,41.9,36.6,20.9
2026-04-15 04:03:35,77.01,95.9,119.0,6.39,41.9,39.3,21.0
2026-04-15 04:03:35,77.36,94.1,117.2,6.07,41.9,41.8,21.0
2026-04-15 04:03:35,77.59,105.3,127.2,5.63,41.9,29.7,21.0
2026-04-15 04:03:36,77.0,87.9,110.4,6.65,41.4,42.6,21.1
2026-04-15 04:03:36,77.34,87.4,110.8,6.05,40.8,35.9,21.1
2026-04-15 04:03:36,76.46,90.4,110.7,5.91,41.4,38.6,21.1
2026-04-15 04:03:36,77.17,91.9,115.5,5.93,41.4,36.8,21.1
2026-04-15 04:03:36,77.49,95.6,118.7,5.88,40.2,36.9,21.1
2026-04-15 04:03:36,76.12,86.1,109.3,6.37,39.7,34.4,21.0
2026-04-15 04:03:37,77.1,96.0,108.2,6.99,41.4,44.8,21.0
2026-04-15 04:03:37,78.23,99.1,122.8,5.87,41.4,39.1,21.0
2026-04-15 04:03:37,77.36,90.1,113.1,6.37,41.4,39.1,21.0
2026-04-15 04:03:37,77.79,93.3,115.3,5.89,40.8,33.3,20.8
2026-04-15 04:03:37,76.93,127.2,149.5,4.95,40.2,41.7,20.9
2026-04-15 04:03:37,76.87,88.7,110.1,6.23,41.4,39.4,20.9
2026-04-15 04:03:38,75.39,92.1,115.1,5.9,41.9,35.4,20.9
2026-04-15 04:03:38,75.65,90.4,111.7,6.07,40.8,34.9,20.9
2026-04-15 04:03:38,77.39,102.2,125.3,5.6,40.8,37.5,20.9
2026-04-15 04:03:38,79.08,96.4,118.5,6.22,41.4,40.9,20.9
2026-04-15 04:03:38,77.41,106.4,126.5,5.62,41.4,39.7,20.9
2026-04-15 04:03:38,76.37,99.6,125.9,6.19,40.2,41.5,20.9
2026-04-15 04:03:39,77.74,135.7,157.9,4.96,40.8,39.5,20.9
2026-04-15 04:03:39,76.96,85.8,109.0,6.75,41.9,38.3,21.0
2026-04-15 04:03:39,76.46,117.3,130.5,6.07,42.5,43.1,21.0
2026-04-15 04:03:39,77.07,89.4,104.6,7.2,42.5,40.7,21.0
2026-04-15 04:03:39,76.71,104.7,127.8,5.5,40.8,38.4,21.0
2026-04-15 04:03:39,76.3,95.6,118.3,6.36,40.8,39.7,21.1
2026-04-15 04:03:40,77.73,110.3,130.0,5.49,41.9,37.5,21.1
2026-04-15 04:03:40,76.51,99.0,120.5,6.48,40.8,37.7,21.1
2026-04-15 04:03:40,77.85,105.3,128.6,5.73,40.8,41.4,21.1
2026-04-15 04:03:40,75.92,90.9,112.5,6.63,40.8,37.3,21.1
2026-04-15 04:03:40,78.36,89.5,111.3,6.02,41.9,35.9,21.1
2026-04-15 04:03:40,74.38,91.5,114.6,5.97,41.4,38.6,21.1
2026-04-15 04:03:41,76.13,111.9,134.7,5.34,41.4,37.3,21.0
2026-04-15 04:03:41,76.66,96.3,116.6,6.63,40.8,39.7,21.0
2026-04-15 04:03:41,76.91,112.5,135.1,5.47,41.4,38.0,21.0
2026-04-15 04:03:41,74.96,90.7,111.2,6.88,40.8,45.9,21.0
2026-04-15 04:03:41,78.15,93.2,116.2,5.93,41.4,34.8,21.0
2026-04-15 04:03:41,77.3,99.7,122.9,5.7,40.8,35.8,21.0
2026-04-15 04:03:42,78.47,107.7,130.7,5.81,41.4,35.8,21.0
2026-04-15 04:03:42,76.26,95.4,118.3,6.49,40.8,38.3,21.0
2026-04-15 04:03:42,75.98,107.0,130.3,5.6,39.7,39.2,20.9
2026-04-15 04:03:42,74.15,114.4,137.7,5.75,40.2,41.8,20.9
2026-04-15 04:03:42,76.5,96.9,114.7,6.7,41.4,44.1,20.8
2026-04-15 04:03:42,76.93,89.5,112.1,6.29,40.8,39.1,20.8
2026-04-15 04:03:43,75.4,91.6,114.0,5.88,42.5,38.6,20.9
2026-04-15 04:03:43,75.48,115.2,138.0,5.29,41.4,35.1,20.9
2026-04-15 04:03:43,74.8,107.1,124.2,6.31,40.8,40.6,20.9
2026-04-15 04:03:43,78.41,95.9,119.1,6.43,40.8,42.9,20.9
2026-04-15 04:03:43,76.07,85.7,110.3,6.33,41.9,37.7,20.9
2026-04-15 04:03:43,76.89,86.6,97.5,7.54,41.9,45.5,20.9
2026-04-15 04:03:44,77.6,92.1,106.2,7.11,41.4,41.8,21.0
2026-04-15 04:03:44,75.94,86.3,109.4,6.29,40.8,38.1,21.0
2026-04-15 04:03:44,75.62,88.0,100.6,7.4,41.4,41.5,21.0
2026-04-15 04:03:44,76.01,87.5,110.4,6.02,41.4,35.4,21.1
2026-04-15 04:03:44,75.72,98.9,120.8,5.62,40.8,37.5,21.0
2026-04-15 04:03:44,73.53,102.5,125.8,5.86,39.7,37.9,21.0
2026-04-15 04:03:44,75.18,116.7,139.8,5.54,41.4,36.8,21.0
2026-04-15 04:03:45,74.91,94.8,111.1,6.89,41.4,35.2,21.0
2026-04-15 04:03:45,74.69,116.0,138.6,5.33,41.4,35.7,21.1
2026-04-15 04:03:45,75.81,92.7,108.7,6.95,39.7,43.1,21.1
2026-04-15 04:03:45,76.11,105.0,126.8,5.57,41.9,35.8,21.1
2026-04-15 04:03:45,76.04,89.1,112.2,6.68,40.2,40.3,21.1
2026-04-15 04:03:45,74.27,100.3,123.4,5.62,40.8,38.9,21.1
2026-04-15 04:03:46,78.28,106.8,129.8,5.79,40.2,38.6,21.2
2026-04-15 04:03:46,75.72,89.4,112.3,6.7,41.9,41.9,21.2
2026-04-15 04:03:46,73.23,96.0,118.9,5.78,41.4,37.7,21.1
2026-04-15 04:03:46,77.36,89.8,113.5,6.19,41.4,36.9,21.1
2026-04-15 04:03:46,77.53,94.1,117.3,5.87,41.9,37.7,21.1
2026-04-15 04:03:46,74.77,93.2,116.1,6.04,41.9,38.5,21.1
2026-04-15 04:03:47,78.64,84.5,107.7,6.34,41.4,37.5,21.1
2026-04-15 04:03:47,77.65,89.5,104.0,7.24,41.4,45.6,21.1
2026-04-15 04:03:47,76.12,108.0,130.9,5.41,41.4,34.7,21.0
2026-04-15 04:03:47,76.36,87.5,110.6,6.84,41.4,41.7,21.0
2026-04-15 04:03:47,75.97,117.9,140.2,5.07,41.4,41.0,21.1
2026-04-15 04:03:47,75.27,88.0,102.6,7.32,40.8,38.9,21.1
2026-04-15 04:03:48,75.92,109.9,135.6,5.23,40.2,36.8,21.1
2026-04-15 04:03:48,78.72,108.1,130.5,6.08,40.2,38.1,21.1
2026-04-15 04:03:48,76.61,96.1,118.3,6.57,40.8,38.6,21.1
2026-04-15 04:03:48,72.81,86.8,109.8,6.36,40.2,40.9,21.1
2026-04-15 04:03:48,74.13,91.6,104.8,7.2,41.9,47.5,21.0
2026-04-15 04:03:48,77.24,88.0,112.1,6.13,40.8,36.5,21.0
2026-04-15 04:03:49,76.63,102.0,125.1,5.57,41.9,36.1,21.0
2026-04-15 04:03:49,76.72,123.0,146.2,5.33,41.4,37.3,21.0
2026-04-15 04:03:49,78.05,91.4,114.2,5.94,41.4,36.4,21.0
2026-04-15 04:03:49,75.84,110.0,133.0,5.39,40.8,35.6,21.1
2026-04-15 04:03:49,75.68,104.5,127.1,6.21,40.2,38.7,21.1
2026-04-15 04:03:49,76.3,114.9,138.3,5.65,39.7,39.1,21.0
2026-04-15 04:03:50,77.1,92.0,109.2,6.98,40.2,42.4,21.0
2026-04-15 04:03:50,77.07,90.6,111.2,6.03,41.9,37.9,21.0
2026-04-15 04:03:50,77.22,117.0,140.2,5.19,40.8,37.3,21.0
2026-04-15 04:03:50,76.42,139.3,154.7,5.3,40.2,37.5,21.0
2026-04-15 04:03:50,76.46,95.3,117.1,6.41,41.4,40.6,21.0
2026-04-15 04:03:50,76.04,104.9,127.4,5.67,41.4,39.7,21.0
2026-04-15 04:03:51,78.82,100.5,123.5,6.18,41.4,38.7,21.0
2026-04-15 04:03:51,76.84,93.9,117.3,6.23,41.9,35.5,21.0
2026-04-15 04:03:51,73.78,93.1,116.0,6.04,41.4,40.6,21.0
2026-04-15 04:03:51,74.48,107.6,130.8,5.52,41.4,42.3,21.0
2026-04-15 04:03:51,77.34,88.8,112.1,6.77,41.9,44.3,21.0
2026-04-15 04:03:51,77.76,99.4,122.5,5.65,41.4,35.7,21.0
2026-04-15 04:03:52,74.06,95.9,117.8,6.11,40.8,36.5,21.0
2026-04-15 04:03:52,76.3,84.3,107.2,6.48,41.9,36.7,21.0
2026-04-15 04:03:52,75.82,101.5,115.6,6.65,40.8,38.2,21.0
2026-04-15 04:03:52,77.2,93.8,116.8,6.29,40.8,35.0,21.0
2026-04-15 04:03:52,76.83,92.7,114.8,6.04,40.8,40.6,21.0
2026-04-15 04:03:52,76.92,98.0,121.2,5.82,40.8,34.3,21.1
2026-04-15 04:03:53,78.51,118.2,141.0,5.36,40.2,34.3,21.1
2026-04-15 04:03:53,78.89,98.5,111.6,6.8,40.8,39.7,21.1
2026-04-15 04:03:53,76.67,109.1,132.2,5.65,40.8,39.4,21.1
2026-04-15 04:03:53,77.07,107.1,130.3,6.08,40.2,37.9,21.0
2026-04-15 04:03:53,78.48,111.6,133.0,5.84,41.9,42.6,21.1
2026-04-15 04:03:53,77.52,117.7,139.5,5.75,41.4,39.1,21.1
2026-04-15 04:03:54,78.19,89.0,102.3,7.33,41.9,40.4,21.1
2026-04-15 04:03:54,77.46,86.3,109.6,6.09,40.2,36.4,21.1
2026-04-15 04:03:54,74.71,90.8,113.8,5.85,41.4,35.8,21.1
2026-04-15 04:03:54,77.05,101.7,124.7,5.64,41.4,35.7,21.1
2026-04-15 04:03:54,78.03,97.7,119.1,6.14,40.2,42.0,21.1
2026-04-15 04:03:54,78.72,88.2,111.1,6.37,41.4,39.7,21.0
2026-04-15 04:03:55,78.43,107.8,130.5,5.36,40.2,40.5,21.0
2026-04-15 04:03:55,78.38,91.0,113.9,6.68,40.8,36.8,21.0
2026-04-15 04:03:55,77.96,97.3,119.7,5.78,40.8,41.7,21.0
2026-04-15 04:03:55,76.89,105.7,130.9,5.64,40.2,40.5,20.9
2026-04-15 04:03:55,78.88,117.0,140.0,5.7,41.4,41.4,20.9
2026-04-15 04:03:55,76.22,94.4,109.9,6.94,40.8,38.2,20.9
2026-04-15 04:03:56,77.35,96.8,119.6,5.92,40.2,40.0,20.9
2026-04-15 04:03:56,77.17,92.4,112.3,6.15,40.8,33.9,20.9
2026-04-15 04:03:56,78.72,94.9,115.0,5.93,40.8,35.9,20.9
2026-04-15 04:03:56,78.53,104.3,126.7,5.68,40.8,37.1,20.9
2026-04-15 04:03:56,78.56,89.8,113.1,6.58,41.9,39.3,20.9
2026-04-15 04:03:56,77.55,115.6,138.3,5.19,41.4,39.7,20.9
2026-04-15 04:03:57,79.16,88.4,104.9,7.19,40.8,41.1,20.9
2026-04-15 04:03:57,77.38,93.9,117.7,5.79,41.9,37.7,20.9
2026-04-15 04:03:57,78.99,102.0,125.0,5.75,40.2,33.3,20.9
2026-04-15 04:03:57,76.04,102.9,125.9,5.97,40.8,36.4,20.9
2026-04-15 04:03:57,78.4,97.1,117.2,6.22,41.4,45.3,20.9
2026-04-15 04:03:57,77.58,101.2,124.4,5.86,40.8,37.7,20.9
2026-04-15 04:03:58,76.04,117.7,140.8,5.45,40.2,35.7,21.0
2026-04-15 04:03:58,76.97,88.5,103.8,7.25,40.8,41.5,21.0
2026-04-15 04:03:58,76.04,101.0,122.3,5.61,40.8,35.7,21.1
2026-04-15 04:03:58,77.22,102.9,124.3,5.93,40.2,35.4,21.1
2026-04-15 04:03:58,77.59,112.6,135.6,5.67,41.4,43.1,21.1
2026-04-15 04:03:58,76.76,87.8,107.8,7.05,41.4,41.1,21.1
2026-04-15 04:03:59,76.26,88.0,110.0,6.01,40.8,35.4,21.2
2026-04-15 04:03:59,76.0,89.1,112.2,5.96,39.7,39.1,21.2
2026-04-15 04:03:59,78.8,88.3,111.2,6.03,40.8,35.4,21.2
2026-04-15 04:03:59,76.0,87.4,110.3,6.03,41.9,38.2,21.2
2026-04-15 04:03:59,78.7,96.7,119.7,5.69,40.2,37.7,21.2
2026-04-15 04:03:59,79.95,96.7,119.3,5.99,41.9,38.8,21.2
2026-04-15 04:04:00,76.56,102.6,125.6,5.81,41.4,38.2,21.2
2026-04-15 04:04:00,76.73,100.5,118.9,6.07,40.2,40.0,21.2
2026-04-15 04:04:00,76.63,104.8,127.8,5.86,41.4,34.4,21.2
2026-04-15 04:04:00,78.37,91.0,115.7,6.48,39.1,33.3,21.2
2026-04-15 04:04:00,77.37,294.8,331.6,2.6,40.8,85.4,20.9
2026-04-15 04:04:01,79.52,89.2,111.5,6.73,41.9,42.4,20.9
2026-04-15 04:04:01,78.51,100.6,124.2,5.69,43.0,44.3,21.0
2026-04-15 04:04:01,77.51,112.0,134.4,5.64,41.4,35.8,21.0
2026-04-15 04:04:01,77.45,95.6,116.1,6.66,41.4,41.9,21.0
2026-04-15 04:04:01,77.39,118.1,141.1,5.29,41.9,39.5,21.0
2026-04-15 04:04:01,76.15,116.9,131.3,6.05,41.4,37.5,21.0
2026-04-15 04:04:02,79.56,95.3,111.1,6.83,41.4,40.4,21.0
2026-04-15 04:04:02,77.56,100.0,123.0,5.89,41.4,34.8,21.1
2026-04-15 04:04:02,78.23,92.7,114.3,6.26,40.2,37.1,21.1
2026-04-15 04:04:02,78.16,87.1,109.8,6.23,41.4,32.8,21.1
2026-04-15 04:04:02,78.25,104.4,115.8,6.63,41.9,48.3,21.1
2026-04-15 04:04:02,76.73,87.5,110.4,6.69,41.9,40.7,21.1
2026-04-15 04:04:03,77.3,97.4,123.6,5.56,41.4,34.8,21.1
2026-04-15 04:04:03,76.99,111.2,134.4,5.64,41.9,33.8,21.0
2026-04-15 04:04:03,76.27,101.7,122.4,6.37,41.9,44.8,21.0
2026-04-15 04:04:03,77.34,88.5,111.5,6.52,39.7,38.3,21.0
2026-04-15 04:04:03,75.57,92.9,115.0,5.84,41.4,39.1,21.0
2026-04-15 04:04:03,77.9,87.1,108.7,6.22,41.4,40.0,21.0
2026-04-15 04:04:04,76.36,102.9,115.3,6.7,40.8,43.3,21.0
2026-04-15 04:04:04,77.74,90.5,112.4,6.5,40.2,42.2,20.9
2026-04-15 04:04:04,77.9,103.2,126.3,5.57,41.4,35.7,20.9
2026-04-15 04:04:04,77.78,113.5,136.6,5.66,40.8,35.8,20.9
2026-04-15 04:04:04,76.71,121.6,139.4,5.72,40.8,38.8,20.9
2026-04-15 04:04:04,77.3,99.2,121.3,5.64,40.2,41.3,20.9
2026-04-15 04:04:05,76.87,105.4,127.4,5.78,41.4,32.3,20.9
2026-04-15 04:04:05,78.73,103.1,126.1,5.97,40.2,32.8,20.9
2026-04-15 04:04:05,78.31,104.6,127.3,6.07,40.2,40.3,20.9
2026-04-15 04:04:05,78.14,89.5,112.2,6.61,40.2,41.0,20.9
2026-04-15 04:04:05,80.07,88.4,111.6,6.04,41.4,38.2,20.9
2026-04-15 04:04:05,80.6,88.7,111.1,6.0,40.8,35.9,20.8
2026-04-15 04:04:06,78.84,89.3,111.9,5.98,40.2,34.8,20.8
2026-04-15 04:04:06,78.99,102.8,124.0,5.55,40.2,32.4,20.8
2026-04-15 04:04:06,78.57,95.6,117.5,6.17,41.4,38.7,20.8
2026-04-15 04:04:06,78.52,88.6,110.4,6.37,41.9,42.4,20.8
2026-04-15 04:04:06,82.65,112.3,135.4,5.22,41.4,41.6,20.8
2026-04-15 04:04:06,83.06,90.9,109.8,6.94,41.4,40.4,20.8
2026-04-15 04:04:07,74.01,113.4,136.3,5.29,40.8,37.7,20.8
2026-04-15 04:04:07,80.16,98.5,117.5,6.6,41.9,36.8,20.7
2026-04-15 04:04:07,80.55,91.5,114.2,6.27,40.2,37.1,20.7
2026-04-15 04:04:07,78.82,88.2,111.3,6.05,41.4,36.9,20.7
2026-04-15 04:04:07,78.01,93.3,113.1,5.82,41.4,40.6,20.7
2026-04-15 04:04:07,78.36,99.3,122.0,5.83,41.4,41.4,20.7
2026-04-15 04:04:08,77.34,87.1,110.2,6.52,41.4,39.1,20.7
2026-04-15 04:04:08,77.04,95.6,118.8,5.7,41.9,36.8,20.7
2026-04-15 04:04:08,78.76,94.0,117.0,6.07,40.2,35.4,20.7
2026-04-15 04:04:08,77.96,105.2,128.3,5.62,40.2,41.3,20.7
2026-04-15 04:04:08,78.41,88.2,111.4,6.68,41.4,34.5,20.8
2026-04-15 04:04:08,76.45,88.1,105.6,6.01,41.4,35.9,20.8
2026-04-15 04:04:09,79.02,94.5,115.7,5.78,40.2,36.2,20.8
2026-04-15 04:04:09,78.33,119.2,139.7,5.23,41.4,39.5,20.8
2026-04-15 04:04:09,75.7,94.4,106.2,7.06,41.9,43.1,20.8
2026-04-15 04:04:09,77.39,100.8,123.9,5.78,41.4,39.1,20.8
2026-04-15 04:04:09,76.6,87.0,110.1,6.55,39.1,37.7,20.8
2026-04-15 04:04:09,78.64,98.5,110.6,6.91,41.4,41.1,20.8
2026-04-15 04:04:10,79.11,110.2,134.5,5.57,40.2,37.5,20.7
2026-04-15 04:04:10,77.2,90.2,111.4,6.88,41.4,44.3,20.8
2026-04-15 04:04:10,78.16,97.7,119.0,5.74,40.8,38.8,20.8
2026-04-15 04:04:10,78.6,89.9,110.3,6.27,41.9,36.5,20.8
2026-04-15 04:04:10,78.42,105.6,128.5,5.5,39.7,38.9,20.8
2026-04-15 04:04:10,79.48,99.1,122.1,6.25,40.8,41.5,20.8
2026-04-15 04:04:11,78.16,104.2,126.9,5.83,41.4,39.1,20.8
2026-04-15 04:04:11,77.17,102.9,125.6,6.05,41.9,38.8,20.8
2026-04-15 04:04:11,77.57,102.8,125.1,6.0,41.4,38.1,20.8
2026-04-15 04:04:11,77.83,109.2,132.3,5.78,40.8,37.1,20.8
2026-04-15 04:04:11,78.22,95.3,118.4,6.54,40.8,41.0,20.8
2026-04-15 04:04:11,78.72,106.7,129.3,5.62,41.4,41.1,20.9
2026-04-15 04:04:12,76.71,89.4,112.0,6.64,41.4,37.3,20.9
2026-04-15 04:04:12,76.29,95.9,119.7,5.79,41.9,37.7,20.9
2026-04-15 04:04:12,78.49,109.8,132.9,5.57,41.4,34.3,20.9
2026-04-15 04:04:12,79.21,86.5,110.3,6.92,41.4,39.3,20.9
2026-04-15 04:04:12,74.52,105.0,126.1,5.43,40.8,45.3,20.9
2026-04-15 04:04:12,76.52,102.6,126.0,6.09,41.4,39.4,20.9
2026-04-15 04:04:13,77.27,110.8,141.8,5.48,41.4,36.6,21.0
2026-04-15 04:04:13,76.94,97.8,111.4,6.87,41.4,40.4,21.0
2026-04-15 04:04:13,76.27,92.6,116.0,6.16,41.9,34.4,20.9
2026-04-15 04:04:13,76.98,87.9,111.0,6.2,41.9,35.9,20.9
2026-04-15 04:04:13,76.57,92.3,114.1,5.85,40.8,40.0,20.9
2026-04-15 04:04:13,78.14,105.6,128.5,5.56,41.4,35.7,20.9
2026-04-15 04:04:14,78.09,101.6,124.8,6.15,41.4,37.9,20.9
2026-04-15 04:04:14,74.59,93.1,116.1,6.33,41.9,38.7,20.9
2026-04-15 04:04:14,75.9,103.4,125.7,5.65,40.8,38.0,20.9
2026-04-15 04:04:14,75.75,105.4,127.8,5.92,40.8,37.9,20.9
2026-04-15 04:04:14,77.87,87.4,111.0,6.67,40.8,41.9,20.9
2026-04-15 04:04:14,75.57,90.2,99.8,7.43,41.9,45.3,21.0
2026-04-15 04:04:15,77.62,90.2,113.3,6.01,40.8,37.3,21.0
2026-04-15 04:04:15,76.85,105.7,128.5,5.5,41.4,36.5,21.0
2026-04-15 04:04:15,78.1,131.7,154.2,5.18,41.4,41.1,21.0
2026-04-15 04:04:15,76.37,93.6,116.6,6.2,41.4,40.3,21.0
2026-04-15 04:04:15,76.63,100.7,121.4,5.76,40.8,36.2,20.9
2026-04-15 04:04:15,78.05,107.5,129.0,5.76,41.9,39.1,21.0
2026-04-15 04:04:16,75.93,93.4,115.1,6.56,41.4,37.3,21.0
2026-04-15 04:04:16,77.5,137.2,160.5,4.75,41.4,38.8,21.0
2026-04-15 04:04:16,78.01,93.7,116.9,6.4,40.2,38.3,21.0
2026-04-15 04:04:16,77.58,87.8,111.4,6.2,41.4,44.4,20.9
2026-04-15 04:04:16,76.0,101.3,126.0,5.52,41.4,39.5,20.9
2026-04-15 04:04:16,76.32,99.1,122.3,6.14,40.2,40.9,20.9
2026-04-15 04:04:17,76.56,112.7,135.7,5.55,40.8,38.0,20.9
2026-04-15 04:04:17,76.81,90.8,110.7,6.9,41.4,34.0,20.9
2026-04-15 04:04:17,74.78,103.8,126.9,5.57,40.8,36.6,20.9
2026-04-15 04:04:17,76.49,99.5,123.5,6.13,40.8,40.3,20.8
2026-04-15 04:04:17,76.26,99.1,120.8,6.05,41.4,41.3,20.9
2026-04-15 04:04:17,77.87,95.4,118.5,6.14,41.4,34.9,20.8
2026-04-15 04:04:18,75.22,103.2,126.2,5.74,39.1,37.7,20.8
2026-04-15 04:04:18,76.94,99.9,123.1,6.12,40.2,36.5,20.8
2026-04-15 04:04:18,75.17,107.1,130.4,5.71,40.8,40.0,20.9
2026-04-15 04:04:18,75.89,109.7,131.4,5.96,41.4,41.2,20.8
2026-04-15 04:04:18,76.46,93.9,117.0,6.62,41.4,35.7,20.9
2026-04-15 04:04:18,77.07,86.2,109.2,6.3,41.4,40.6,20.9
2026-04-15 04:04:19,75.49,88.4,101.2,7.38,42.5,35.4,20.9
2026-04-15 04:04:19,76.41,96.4,119.4,5.73,41.9,32.8,20.9
2026-04-15 04:04:19,76.11,97.6,121.7,5.92,41.9,36.4,20.9
2026-04-15 04:04:19,75.24,98.4,118.6,6.01,41.4,33.9,20.8
2026-04-15 04:04:19,77.3,87.8,108.9,6.41,41.4,40.6,20.9
2026-04-15 04:04:19,77.06,94.1,105.6,7.14,41.4,40.7,20.9
2026-04-15 04:04:20,77.35,87.2,109.4,6.28,40.2,40.3,20.8
2026-04-15 04:04:20,75.48,110.2,122.3,6.4,41.9,41.4,20.8
2026-04-15 04:04:20,76.07,92.4,114.0,6.72,41.9,41.9,20.9
2026-04-15 04:04:20,76.75,109.8,132.7,5.43,39.7,46.1,20.9
2026-04-15 04:04:20,77.73,109.0,128.5,6.03,40.8,42.4,20.8
2026-04-15 04:04:20,77.31,104.1,125.4,6.19,40.2,40.9,20.8
2026-04-15 04:04:20,77.75,90.9,114.0,6.52,39.7,36.2,20.9
2026-04-15 04:04:21,76.37,116.7,140.0,5.18,39.7,39.2,20.9
2026-04-15 04:04:21,78.54,86.9,101.7,7.34,41.4,41.5,20.9
2026-04-15 04:04:21,77.32,103.9,116.1,6.65,41.4,41.1,20.9
2026-04-15 04:04:21,78.98,85.8,111.3,6.64,40.2,35.6,20.9
2026-04-15 04:04:21,77.6,105.6,128.2,5.43,41.4,38.4,20.9
2026-04-15 04:04:21,76.96,130.3,153.5,5.22,40.8,39.0,21.0
2026-04-15 04:04:22,77.93,102.5,125.6,5.82,40.8,33.8,21.0
2026-04-15 04:04:22,76.91,117.5,140.7,5.5,40.8,37.1,21.0
2026-04-15 04:04:22,77.55,91.7,106.4,7.11,40.8,41.8,21.0
2026-04-15 04:04:22,77.48,120.6,142.4,5.11,41.4,40.0,20.9
2026-04-15 04:04:22,77.66,93.4,103.3,7.18,40.8,42.1,20.9
2026-04-15 04:04:22,76.36,89.0,113.5,6.1,40.2,36.9,20.9
2026-04-15 04:04:23,76.82,103.1,126.2,5.59,40.8,34.8,20.9
2026-04-15 04:04:23,77.11,91.9,115.1,6.43,40.8,38.7,20.9
2026-04-15 04:04:23,77.47,97.2,119.9,5.82,41.4,38.0,20.9
2026-04-15 04:04:23,77.76,87.3,110.3,6.38,40.2,38.1,20.9
2026-04-15 04:04:23,75.44,105.2,116.6,6.6,41.9,43.1,21.0
2026-04-15 04:04:23,76.84,84.4,107.4,6.87,40.8,38.6,21.0
2026-04-15 04:04:24,76.78,90.3,106.0,7.15,41.9,40.0,21.0
2026-04-15 04:04:24,77.0,87.9,112.3,6.07,41.9,36.9,21.0
2026-04-15 04:04:24,75.42,130.4,153.4,4.82,40.8,40.0,21.0
2026-04-15 04:04:24,76.58,107.7,130.8,5.64,40.8,36.2,21.0
2026-04-15 04:04:24,76.18,105.1,129.0,6.07,41.4,40.9,21.0
2026-04-15 04:04:24,76.04,106.3,129.7,5.98,39.7,39.4,21.0
2026-04-15 04:04:25,75.99,101.6,124.7,6.18,40.8,39.1,21.0
2026-04-15 04:04:25,74.45,93.5,115.0,6.3,41.4,40.6,20.9
2026-04-15 04:04:25,75.75,89.4,111.7,6.15,41.4,40.6,20.9
2026-04-15 04:04:25,75.6,107.5,130.6,5.42,40.2,32.8,20.8
2026-04-15 04:04:25,76.56,86.9,109.8,6.83,40.8,39.7,20.8
2026-04-15 04:04:25,74.6,87.4,110.5,6.0,40.2,35.4,20.8
2026-04-15 04:04:26,74.97,91.5,114.5,5.86,40.8,34.3,20.8
2026-04-15 04:04:26,73.63,91.3,114.3,6.01,39.7,39.1,20.8
2026-04-15 04:04:26,76.81,106.9,129.4,5.47,40.8,38.9,20.8
2026-04-15 04:04:26,73.53,92.5,115.6,6.6,40.8,41.0,20.8
2026-04-15 04:04:26,74.46,89.4,112.2,6.12,40.2,36.9,20.9
2026-04-15 04:04:26,73.43,89.9,113.1,5.98,41.4,33.3,20.9
2026-04-15 04:04:27,75.98,91.6,114.3,5.94,41.4,37.7,20.9
2026-04-15 04:04:27,76.27,104.8,127.9,5.56,40.8,37.0,20.9
2026-04-15 04:04:27,72.89,90.0,113.1,6.59,42.5,38.3,20.9
2026-04-15 04:04:27,74.81,124.2,147.3,4.98,40.2,36.4,20.9
2026-04-15 04:04:27,76.24,106.8,128.7,5.45,41.4,34.7,20.9
2026-04-15 04:04:27,74.85,96.4,118.4,6.41,41.9,39.3,20.9
2026-04-15 04:04:28,76.19,91.8,115.0,6.12,40.2,41.2,20.9
2026-04-15 04:04:28,75.24,93.4,116.4,6.02,41.4,35.4,21.0
2026-04-15 04:04:28,77.82,113.3,136.4,5.36,41.4,36.5,21.0
2026-04-15 04:04:28,78.28,102.6,119.5,6.42,41.4,40.7,21.0
2026-04-15 04:04:28,78.2,92.8,115.9,6.38,40.2,39.1,21.0
2026-04-15 04:04:28,79.67,100.2,126.8,5.63,40.8,34.3,21.1
2026-04-15 04:04:29,77.89,123.1,146.3,5.38,40.8,37.8,21.1
2026-04-15 04:04:29,78.73,90.0,114.7,5.92,40.2,36.8,21.1
2026-04-15 04:04:29,79.06,91.6,114.2,6.01,40.8,38.2,21.1
2026-04-15 04:04:29,78.75,96.7,119.8,5.83,40.2,36.2,21.1
2026-04-15 04:04:29,80.47,107.7,131.1,5.62,41.9,39.7,21.1
2026-04-15 04:04:30,79.92,86.2,109.1,6.92,41.9,39.3,21.1
2026-04-15 04:04:30,79.35,95.2,108.4,7.01,42.5,41.8,21.1
2026-04-15 04:04:30,79.23,95.1,118.0,6.02,41.9,37.3,21.0
2026-04-15 04:04:30,78.25,92.4,115.5,6.1,40.8,42.4,21.0
2026-04-15 04:04:30,76.95,121.2,143.9,5.11,41.9,38.2,21.0
2026-04-15 04:04:30,77.02,111.2,134.3,5.27,40.8,36.5,21.0
2026-04-15 04:04:31,77.81,105.1,126.0,6.25,41.4,41.5,21.0
2026-04-15 04:04:31,75.74,105.1,128.0,6.0,40.8,39.4,21.0
2026-04-15 04:04:31,76.83,97.5,119.6,6.29,40.8,40.3,21.0
2026-04-15 04:04:31,75.43,102.3,125.3,5.84,40.2,37.3,21.0
2026-04-15 04:04:31,74.96,90.4,113.3,6.46,41.4,38.7,21.0
2026-04-15 04:04:31,76.45,94.6,117.6,5.85,40.8,37.7,21.1
2026-04-15 04:04:32,76.71,90.2,112.6,6.15,40.2,37.3,21.0
2026-04-15 04:04:32,75.17,102.1,124.1,5.61,41.4,38.9,21.0
2026-04-15 04:04:32,75.78,114.3,137.5,5.59,41.4,46.6,21.0
2026-04-15 04:04:32,77.35,88.7,106.9,7.1,40.2,46.6,21.0
2026-04-15 04:04:32,76.44,95.5,118.3,5.77,41.4,43.1,21.0
2026-04-15 04:04:32,78.46,100.5,123.2,5.83,40.8,38.2,20.9
2026-04-15 04:04:33,76.34,92.7,115.7,6.3,40.2,40.0,20.9
2026-04-15 04:04:33,78.04,101.4,124.3,5.71,40.8,34.8,20.9
2026-04-15 04:04:33,76.88,92.2,115.3,6.33,40.2,39.1,20.9
2026-04-15 04:04:33,76.6,87.1,110.2,6.21,40.8,37.5,20.9
2026-04-15 04:04:33,75.62,87.6,99.2,7.48,41.9,46.4,20.9
2026-04-15 04:04:33,74.84,103.4,115.5,6.65,40.8,42.9,20.9
2026-04-15 04:04:33,76.49,94.1,117.0,6.41,41.4,41.5,20.9
2026-04-15 04:04:34,74.12,100.0,127.7,5.65,41.4,42.9,20.9
2026-04-15 04:04:34,76.89,95.6,118.6,6.34,40.2,36.1,21.0
2026-04-15 04:04:34,76.0,91.7,114.5,6.15,41.4,35.5,21.0
2026-04-15 04:04:34,73.25,115.2,137.2,5.17,41.9,37.2,20.9
2026-04-15 04:04:34,73.23,89.4,103.7,7.26,40.8,42.1,20.9
2026-04-15 04:04:34,75.6,94.3,117.2,5.84,40.2,35.8,20.9
2026-04-15 04:04:35,74.85,122.3,145.3,5.14,40.2,36.0,21.0
2026-04-15 04:04:35,74.2,127.7,150.7,4.87,41.4,36.3,21.0
2026-04-15 04:04:35,75.08,94.6,117.0,6.0,40.8,33.8,21.0
2026-04-15 04:04:35,75.58,109.7,132.7,5.5,41.4,36.6,21.0
2026-04-15 04:04:35,73.85,107.4,128.5,6.06,40.8,41.5,21.0
2026-04-15 04:04:36,75.3,121.0,143.1,5.52,40.2,39.7,21.0
2026-04-15 04:04:36,76.36,105.9,127.4,5.46,40.2,38.4,21.0
2026-04-15 04:04:36,75.3,112.8,137.9,5.69,40.8,36.8,20.9
2026-04-15 04:04:36,73.4,91.8,108.4,6.98,40.8,41.8,20.9
2026-04-15 04:04:36,76.51,115.2,138.3,5.26,40.2,33.3,20.9
2026-04-15 04:04:36,76.48,95.8,112.1,6.8,40.8,39.0,20.9
2026-04-15 04:04:37,77.33,96.6,119.8,5.97,42.5,38.8,20.9
2026-04-15 04:04:37,76.69,105.7,128.6,5.7,41.9,33.8,20.9
2026-04-15 04:04:37,76.27,91.1,114.3,6.57,41.4,41.9,20.9
2026-04-15 04:04:37,75.32,86.7,108.7,6.15,41.4,31.7,20.9
2026-04-15 04:04:37,76.07,104.8,116.7,6.61,40.8,51.6,20.9
2026-04-15 04:04:37,76.35,111.5,134.1,5.78,40.8,44.9,20.9
2026-04-15 04:04:38,76.49,104.3,122.9,6.28,41.9,41.8,20.9
2026-04-15 04:04:38,76.17,102.3,124.9,6.08,40.8,37.1,21.0
2026-04-15 04:04:38,73.75,91.2,114.3,6.43,40.8,37.7,21.0
2026-04-15 04:04:38,75.02,100.7,123.6,5.68,40.8,36.6,21.0
2026-04-15 04:04:38,75.88,99.9,122.6,6.01,41.4,39.1,21.1
2026-04-15 04:04:38,78.76,88.2,108.5,6.47,41.4,35.6,21.1
2026-04-15 04:04:39,76.73,140.4,151.9,5.37,41.4,45.2,21.1
2026-04-15 04:04:39,77.68,105.2,128.4,6.08,40.2,38.5,21.1
2026-04-15 04:04:39,75.88,90.7,113.7,6.6,40.8,40.3,21.1
2026-04-15 04:04:39,74.08,85.8,108.5,6.19,41.4,36.9,21.1
2026-04-15 04:04:39,75.91,116.6,130.2,6.09,41.4,43.1,21.1
2026-04-15 04:04:39,77.52,91.1,98.2,7.1,41.4,51.8,21.1
2026-04-15 04:04:39,77.36,87.3,110.8,6.12,41.4,39.7,21.1
2026-04-15 04:04:40,75.72,88.9,112.0,5.96,40.2,38.2,21.1
2026-04-15 04:04:40,77.31,87.2,110.2,6.07,41.9,36.4,21.1
2026-04-15 04:04:40,77.25,129.8,152.9,4.78,41.4,37.3,21.1
2026-04-15 04:04:40,76.15,93.6,116.7,6.11,41.9,39.4,21.1
2026-04-15 04:04:40,75.89,96.7,119.9,5.89,41.9,34.3,21.1
2026-04-15 04:04:41,73.3,102.2,124.8,5.82,39.7,39.7,21.1
2026-04-15 04:04:41,73.46,114.1,137.3,5.59,41.4,40.5,21.1
2026-04-15 04:04:41,75.7,92.8,111.0,6.88,40.2,45.9,21.1
2026-04-15 04:04:41,75.97,89.5,112.5,6.14,41.9,35.9,21.1
2026-04-15 04:04:41,74.5,96.3,118.9,5.77,39.7,41.1,21.1
2026-04-15 04:04:41,75.43,90.0,110.8,6.24,40.8,39.7,21.1
2026-04-15 04:04:42,74.89,101.7,124.8,5.61,41.4,32.4,21.1
2026-04-15 04:04:42,75.43,117.4,137.7,5.49,40.2,38.9,21.1
2026-04-15 04:04:42,78.09,92.5,107.6,7.05,40.8,38.2,21.1
2026-04-15 04:04:42,76.86,121.5,143.0,5.07,41.4,38.3,21.1
2026-04-15 04:04:42,77.62,104.6,127.7,5.51,41.4,38.6,21.1
2026-04-15 04:04:42,74.49,94.6,119.6,6.31,40.8,39.7,21.1
2026-04-15 04:04:43,72.99,88.9,112.1,6.28,41.4,37.5,21.1
2026-04-15 04:04:43,75.93,89.7,111.8,5.99,41.9,38.2,21.1
2026-04-15 04:04:43,74.45,110.8,134.0,5.32,40.2,36.5,21.1
2026-04-15 04:04:43,73.9,96.0,115.8,6.59,40.2,37.7,21.1
2026-04-15 04:04:43,73.95,108.3,124.6,5.57,40.8,41.8,21.1
2026-04-15 04:04:43,74.12,93.8,116.4,6.59,41.4,40.0,21.1
2026-04-15 04:04:44,75.03,113.0,136.1,5.38,40.8,34.7,21.2
2026-04-15 04:04:44,75.09,98.5,117.5,6.58,41.4,44.4,21.2
2026-04-15 04:04:44,74.14,99.7,121.6,5.96,41.4,37.9,21.1
2026-04-15 04:04:44,72.7,99.4,122.3,6.01,39.7,36.9,21.1
2026-04-15 04:04:44,72.47,95.6,118.7,6.14,40.8,36.9,21.1
2026-04-15 04:04:44,75.46,121.1,140.0,5.21,41.9,35.5,21.1
2026-04-15 04:04:45,74.61,91.8,103.0,7.27,40.8,40.7,21.1
2026-04-15 04:04:45,74.67,104.2,125.2,5.55,39.7,36.2,21.1
2026-04-15 04:04:45,74.16,112.6,135.6,5.75,40.8,39.4,21.2
2026-04-15 04:04:45,72.09,92.9,112.3,6.81,41.9,40.7,21.2
2026-04-15 04:04:45,75.42,89.4,112.2,6.14,40.2,37.5,21.2
2026-04-15 04:04:45,71.8,94.0,116.7,5.84,41.4,37.1,21.2
2026-04-15 04:04:46,74.5,90.0,108.2,6.14,40.2,34.9,21.2
2026-04-15 04:04:46,75.57,131.5,154.6,4.81,40.8,38.6,21.2
2026-04-15 04:04:46,75.35,93.9,116.9,6.16,41.4,39.7,21.2
2026-04-15 04:04:46,76.92,95.0,118.1,5.97,41.4,37.9,21.2
2026-04-15 04:04:46,75.15,85.1,108.1,6.38,40.2,35.6,21.2
2026-04-15 04:04:46,75.59,87.7,101.3,7.36,41.4,40.4,21.1
2026-04-15 04:04:47,77.27,90.4,113.6,5.89,41.4,33.8,21.1
2026-04-15 04:04:47,75.34,89.7,112.7,6.04,39.7,38.2,21.1
2026-04-15 04:04:47,76.69,106.9,128.7,5.44,40.2,35.2,21.1
2026-04-15 04:04:47,76.97,304.5,341.4,2.64,41.9,88.0,20.9
2026-04-15 04:04:48,77.75,304.0,336.6,2.52,42.5,85.0,20.8
2026-04-15 04:04:48,78.49,104.1,119.4,6.51,41.9,37.3,20.8
2026-04-15 04:04:48,77.95,125.7,149.0,5.31,41.4,35.2,20.7
2026-04-15 04:04:48,77.28,93.5,116.0,5.97,41.9,37.3,20.7
2026-04-15 04:04:48,77.44,111.1,134.2,5.43,39.7,37.5,20.7
2026-04-15 04:04:49,77.59,96.7,117.8,6.58,41.4,36.8,20.7
2026-04-15 04:04:49,77.16,106.3,127.8,5.67,41.9,37.7,20.7
2026-04-15 04:04:49,77.29,105.7,129.0,6.01,40.2,36.9,20.7
2026-04-15 04:04:49,76.31,104.6,126.8,6.06,39.7,38.1,20.7
2026-04-15 04:04:49,77.7,91.0,113.9,6.54,40.8,40.0,20.7
2026-04-15 04:04:49,76.31,87.1,110.5,6.13,41.9,39.4,20.7
2026-04-15 04:04:50,73.42,100.6,123.5,5.57,39.7,29.4,20.7
2026-04-15 04:04:50,76.84,119.7,142.6,5.38,40.2,44.6,20.7
2026-04-15 04:04:50,75.64,118.0,130.4,6.07,41.4,48.5,20.7
2026-04-15 04:04:50,75.98,90.8,103.9,7.18,41.4,38.5,20.6
2026-04-15 04:04:50,76.23,89.4,108.5,6.06,41.4,36.4,20.6
2026-04-15 04:04:50,77.67,104.6,127.9,5.49,40.8,38.0,20.6
2026-04-15 04:04:51,75.46,96.0,117.6,6.34,41.9,38.1,20.6
2026-04-15 04:04:51,76.7,120.7,143.3,5.23,40.2,37.3,20.7
2026-04-15 04:04:51,74.45,125.3,148.5,4.88,40.2,36.7,20.7
2026-04-15 04:04:51,74.46,88.1,111.0,6.16,40.2,38.5,20.7
2026-04-15 04:04:51,76.2,89.3,112.5,5.96,41.4,32.8,20.7
2026-04-15 04:04:51,74.94,90.7,113.1,5.95,41.4,35.4,20.7
2026-04-15 04:04:52,74.8,109.7,125.2,5.39,41.9,45.3,20.8
2026-04-15 04:04:52,77.1,91.6,114.6,6.73,41.4,39.7,20.8
2026-04-15 04:04:52,75.69,87.3,108.9,6.16,41.9,35.9,20.9
2026-04-15 04:04:52,78.53,89.4,110.4,5.9,41.4,35.8,20.9
2026-04-15 04:04:52,76.45,96.1,119.0,5.79,41.4,40.3,20.9
2026-04-15 04:04:52,73.67,83.7,106.8,6.49,41.9,36.1,20.9
2026-04-15 04:04:53,75.57,87.4,103.0,7.28,39.7,39.2,20.9
2026-04-15 04:04:53,76.92,94.8,117.3,5.76,41.9,36.8,20.9
2026-04-15 04:04:53,75.36,87.7,110.7,6.27,41.9,38.1,20.9
2026-04-15 04:04:53,74.14,109.3,120.6,6.45,41.4,42.6,20.9
2026-04-15 04:04:53,74.41,99.1,122.0,6.4,40.2,39.7,20.9
2026-04-15 04:04:53,70.59,119.3,142.5,5.34,41.4,42.5,20.9
2026-04-15 04:04:54,69.18,94.2,108.4,7.02,40.2,45.8,20.9
2026-04-15 04:04:54,69.82,94.5,117.4,6.04,40.8,41.4,20.8
2026-04-15 04:04:54,69.55,114.7,137.8,5.35,41.4,33.8,20.8
2026-04-15 04:04:54,67.72,111.9,128.4,6.11,40.8,42.6,20.8
2026-04-15 04:04:54,67.02,91.7,110.3,6.83,41.4,37.0,20.8
2026-04-15 04:04:54,69.64,113.8,136.8,5.3,41.4,36.5,20.7
2026-04-15 04:04:55,68.76,91.3,110.0,6.94,41.4,37.5,20.7
2026-04-15 04:04:55,71.75,93.7,118.6,5.84,40.2,37.3,20.7
2026-04-15 04:04:55,69.47,121.4,143.4,5.2,40.2,41.6,20.8
2026-04-15 04:04:55,68.26,129.9,152.9,4.8,40.8,35.8,20.8
2026-04-15 04:04:55,70.72,89.1,112.1,6.29,41.4,34.4,20.8
2026-04-15 04:04:55,66.96,107.2,130.7,5.4,41.4,44.6,20.8
2026-04-15 04:04:56,69.31,106.3,128.9,6.06,41.9,37.9,20.8
2026-04-15 04:04:56,68.24,119.9,142.0,5.54,40.8,43.2,20.8
2026-04-15 04:04:56,68.55,110.1,121.8,6.39,40.8,48.4,20.8
2026-04-15 04:04:56,71.95,100.5,122.5,6.36,41.9,38.3,20.8
2026-04-15 04:04:56,72.22,95.0,117.9,6.21,41.4,37.1,20.8
2026-04-15 04:04:56,67.86,102.3,122.2,5.75,41.4,33.3,20.8
2026-04-15 04:04:57,70.19,98.3,121.3,6.15,40.2,34.9,20.8
2026-04-15 04:04:57,69.41,110.4,139.0,5.44,40.8,42.5,20.8
2026-04-15 04:04:57,72.01,114.7,131.4,6.04,41.4,37.5,20.9
2026-04-15 04:04:57,68.54,92.8,110.3,6.92,41.4,41.1,20.9
2026-04-15 04:04:57,71.22,103.7,127.5,5.61,41.9,39.7,20.8
2026-04-15 04:04:57,70.99,115.7,138.9,5.62,40.8,50.0,20.8
2026-04-15 04:04:58,71.93,92.3,108.7,6.99,41.4,43.1,20.8
2026-04-15 04:04:58,74.52,108.6,131.6,5.45,40.2,38.9,20.8
2026-04-15 04:04:58,73.33,88.8,111.8,6.84,40.2,38.6,20.9
2026-04-15 04:04:58,72.76,87.7,110.6,6.04,41.9,37.3,20.8
2026-04-15 04:04:58,71.66,94.0,116.9,5.79,40.2,37.3,20.8
2026-04-15 04:04:58,74.26,92.9,116.0,6.04,41.9,33.9,20.8
2026-04-15 04:04:59,76.36,103.7,126.2,5.64,41.4,37.5,20.8
2026-04-15 04:04:59,78.06,91.1,114.4,6.49,41.4,39.7,20.8
2026-04-15 04:04:59,81.55,97.0,122.3,5.71,41.9,38.6,20.8
2026-04-15 04:04:59,78.86,88.6,111.6,6.38,40.2,32.8,20.8
2026-04-15 04:04:59,73.74,102.6,125.8,5.57,40.2,38.4,20.8
2026-04-15 04:04:59,78.81,92.5,114.5,6.4,41.9,36.7,20.8
2026-04-15 04:05:00,77.22,103.5,126.5,5.6,39.1,37.5,20.9
2026-04-15 04:05:00,79.15,113.5,136.8,5.66,40.8,43.2,20.9
2026-04-15 04:05:00,76.92,111.5,127.9,6.08,41.9,45.5,20.9
2026-04-15 04:05:00,74.64,96.5,116.4,6.64,40.8,42.6,20.9
2026-04-15 04:05:00,76.87,88.6,111.7,6.3,41.4,37.1,20.9
2026-04-15 04:05:00,73.52,88.4,97.2,7.29,41.9,46.4,20.8
2026-04-15 04:05:01,73.07,91.9,114.6,6.01,40.2,39.4,20.8
2026-04-15 04:05:01,70.78,98.8,122.1,5.71,41.9,36.2,20.8
2026-04-15 04:05:01,68.09,98.7,121.6,6.08,40.8,35.5,20.8
2026-04-15 04:05:01,71.19,103.3,127.9,5.78,39.7,41.2,20.8
2026-04-15 04:05:01,73.46,102.1,125.9,6.04,41.4,49.3,20.8
2026-04-15 04:05:01,72.29,102.0,124.2,6.09,39.7,36.1,20.8
2026-04-15 04:05:02,71.86,116.5,139.5,5.53,40.2,35.7,20.8
2026-04-15 04:05:02,73.46,118.1,134.3,5.94,41.4,46.5,20.8
2026-04-15 04:05:02,70.52,105.5,119.6,6.51,41.9,42.6,20.8
2026-04-15 04:05:02,72.74,94.5,117.8,6.42,40.8,40.3,20.8
2026-04-15 04:05:02,72.56,120.5,140.1,5.2,40.2,40.3,20.8
2026-04-15 04:05:02,72.0,85.0,96.7,7.62,41.9,46.2,20.9
2026-04-15 04:05:02,74.23,92.0,105.5,7.15,40.8,43.9,20.9
2026-04-15 04:05:03,71.88,116.7,137.8,5.16,42.5,34.7,20.9
2026-04-15 04:05:03,72.55,91.5,104.8,7.18,41.4,40.7,20.9
2026-04-15 04:05:03,72.94,96.1,120.8,5.79,41.9,40.9,20.9
2026-04-15 04:05:03,74.52,92.0,115.0,6.22,41.9,40.0,20.9
2026-04-15 04:05:03,72.61,87.0,110.1,6.19,40.8,34.4,20.9
2026-04-15 04:05:03,72.47,88.0,100.0,7.42,41.4,44.4,20.9
2026-04-15 04:05:04,71.91,89.9,112.9,5.95,40.2,35.4,20.9
2026-04-15 04:05:04,71.43,88.8,111.9,6.04,40.8,41.4,20.9
2026-04-15 04:05:04,68.71,89.9,112.9,5.94,40.8,32.3,20.8
2026-04-15 04:05:04,74.54,94.2,117.4,5.86,41.9,36.8,20.8
2026-04-15 04:05:04,74.29,105.4,128.0,5.63,41.4,37.1,20.8
2026-04-15 04:05:04,71.6,86.1,108.8,6.79,40.2,39.7,20.8
2026-04-15 04:05:05,75.93,100.4,113.3,6.77,41.4,46.0,20.8
2026-04-15 04:05:05,72.67,109.8,132.9,5.68,40.8,45.6,20.9
2026-04-15 04:05:05,71.6,90.3,108.7,6.76,40.8,39.3,20.9
2026-04-15 04:05:05,73.77,91.8,113.9,5.98,41.9,37.3,20.9
2026-04-15 04:05:05,74.04,100.2,124.0,5.69,41.4,33.8,20.9
2026-04-15 04:05:05,73.65,119.2,140.1,5.41,40.8,36.1,21.0
2026-04-15 04:05:06,73.43,86.8,99.0,7.45,41.9,42.3,21.0
2026-04-15 04:05:06,74.36,125.2,137.7,5.82,41.4,41.3,21.0
2026-04-15 04:05:06,75.15,110.6,135.5,5.36,40.2,37.8,21.0
2026-04-15 04:05:06,71.07,104.9,126.1,6.25,40.8,45.3,21.0
2026-04-15 04:05:06,72.39,100.9,123.7,6.19,41.9,39.7,21.0
2026-04-15 04:05:06,71.75,97.5,118.4,6.13,40.2,37.5,21.0
2026-04-15 04:05:07,70.03,90.5,113.9,6.25,41.9,36.5,21.0
2026-04-15 04:05:07,72.94,93.1,116.5,5.9,40.8,33.9,21.0
2026-04-15 04:05:07,72.9,109.7,132.3,5.45,40.8,39.7,21.0
2026-04-15 04:05:07,75.57,87.2,109.4,6.98,40.2,37.0,20.9
2026-04-15 04:05:07,75.39,107.1,127.3,5.35,41.4,35.2,21.0
2026-04-15 04:05:07,74.83,96.4,119.4,6.42,40.2,38.7,21.0
2026-04-15 04:05:08,74.86,110.1,129.9,5.55,40.8,37.5,21.0
2026-04-15 04:05:08,72.59,96.0,122.9,6.37,41.9,41.3,21.0
2026-04-15 04:05:08,73.18,98.7,122.3,6.04,40.2,38.8,21.0
2026-04-15 04:05:08,75.28,101.5,122.8,5.87,41.9,37.3,20.9
2026-04-15 04:05:08,76.06,98.6,118.5,6.17,40.2,41.5,20.9
2026-04-15 04:05:08,74.26,99.1,111.5,5.99,41.9,46.2,20.9
2026-04-15 04:05:09,76.47,100.1,123.2,5.97,40.8,36.4,20.8
2026-04-15 04:05:09,75.08,104.3,127.3,5.86,40.8,36.9,20.8
2026-04-15 04:05:09,76.62,112.8,135.8,5.71,40.8,42.5,20.9
2026-04-15 04:05:09,74.69,112.3,132.6,6.0,41.4,35.0,20.9
2026-04-15 04:05:09,79.65,107.2,125.2,6.21,42.5,43.9,20.9
2026-04-15 04:05:09,77.15,93.7,115.8,6.52,41.9,40.3,20.9
2026-04-15 04:05:10,75.69,88.0,110.9,6.22,40.8,39.4,20.9
2026-04-15 04:05:10,74.91,86.6,108.1,6.06,41.9,37.9,20.9
2026-04-15 04:05:10,74.94,114.6,126.4,6.2,41.4,46.9,21.0
2026-04-15 04:05:10,77.62,95.2,111.2,6.79,41.4,43.5,21.0
2026-04-15 04:05:10,74.67,92.0,118.0,6.01,40.2,35.9,21.0
2026-04-15 04:05:10,77.5,96.0,119.1,5.97,40.8,34.4,21.0
2026-04-15 04:05:11,79.27,131.2,154.3,4.96,39.7,35.4,21.0
2026-04-15 04:05:11,77.47,100.0,122.0,5.92,39.7,41.4,21.0
2026-04-15 04:05:11,75.92,104.2,127.0,5.86,41.4,34.9,21.0
2026-04-15 04:05:11,73.44,87.8,110.9,6.66,40.8,40.3,20.9
2026-04-15 04:05:11,77.21,108.4,130.4,5.34,40.8,38.7,20.9
2026-04-15 04:05:11,77.79,107.0,130.0,6.06,40.2,37.1,20.9
2026-04-15 04:05:12,70.32,98.9,122.0,6.31,40.8,39.3,21.0
2026-04-15 04:05:12,69.37,110.3,134.0,5.6,40.8,40.3,21.0
2026-04-15 04:05:12,68.21,110.0,131.0,6.04,40.8,41.5,21.0
2026-04-15 04:05:12,57.08,106.0,123.1,6.15,41.4,47.7,21.0
2026-04-15 04:05:12,56.63,95.6,117.7,6.4,40.8,43.7,21.0
2026-04-15 04:05:12,64.96,87.4,111.4,6.21,41.4,37.5,21.1
2026-04-15 04:05:13,66.46,99.7,122.7,5.67,40.2,38.9,21.1
2026-04-15 04:05:13,66.64,99.6,122.6,6.01,41.4,37.5,21.1
2026-04-15 04:05:13,67.41,90.2,113.2,6.34,41.4,34.5,21.1
2026-04-15 04:05:13,67.13,96.5,120.0,5.78,41.9,34.3,21.1
2026-04-15 04:05:13,65.03,97.2,120.6,5.98,41.9,40.3,21.1
2026-04-15 04:05:13,67.07,89.4,111.3,6.31,40.8,40.6,21.1
2026-04-15 04:05:14,69.72,94.3,117.5,5.83,41.9,35.8,21.1
2026-04-15 04:05:14,61.4,100.6,123.6,5.79,39.7,37.7,21.1
2026-04-15 04:05:14,63.94,113.0,136.7,5.55,41.4,42.3,21.1
2026-04-15 04:05:14,66.43,116.8,135.5,5.9,40.2,42.0,21.1
2026-04-15 04:05:14,63.3,95.6,110.9,6.88,39.7,43.1,21.1
2026-04-15 04:05:14,67.83,101.9,125.0,5.78,39.7,36.8,21.1
2026-04-15 04:05:15,63.5,91.5,113.4,6.41,41.9,43.1,21.1
2026-04-15 04:05:15,68.75,94.1,117.1,5.91,40.2,37.3,21.1
2026-04-15 04:05:15,70.63,92.7,116.8,6.02,41.9,39.7,21.1
2026-04-15 04:05:15,70.98,102.7,125.4,5.62,41.4,35.2,21.1
2026-04-15 04:05:15,71.58,109.1,131.4,5.86,40.8,37.9,21.1
2026-04-15 04:05:15,71.07,102.9,125.8,6.24,41.9,39.3,21.1
2026-04-15 04:05:16,71.98,92.0,115.1,6.42,41.4,37.7,21.1
2026-04-15 04:05:16,72.38,116.5,138.9,5.24,40.8,40.5,21.1
2026-04-15 04:05:16,73.19,90.9,106.0,7.09,41.4,42.9,21.1
2026-04-15 04:05:16,74.52,94.7,117.8,5.87,40.2,35.8,21.1
2026-04-15 04:05:16,73.82,92.7,114.4,6.05,40.8,31.1,21.0
2026-04-15 04:05:16,76.7,85.1,108.0,6.32,41.9,37.1,21.1
2026-04-15 04:05:17,79.14,88.8,106.9,7.1,40.8,41.8,21.1
2026-04-15 04:05:17,77.02,103.7,126.4,5.63,40.8,31.8,21.1
2026-04-15 04:05:17,79.54,107.4,130.1,5.87,41.4,35.9,21.1
2026-04-15 04:05:17,81.09,91.7,114.7,6.63,40.2,41.7,21.1
2026-04-15 04:05:17,78.98,106.0,129.8,5.5,40.2,39.4,21.1
2026-04-15 04:05:17,80.03,102.7,121.9,6.11,40.8,40.3,21.1
2026-04-15 04:05:18,80.2,87.4,108.0,6.66,41.4,39.0,21.1
2026-04-15 04:05:18,81.47,86.3,99.1,7.48,41.4,46.3,21.1
2026-04-15 04:05:18,81.04,101.9,122.4,5.53,40.8,40.0,21.1
2026-04-15 04:05:18,80.57,85.2,107.1,6.67,41.4,35.1,21.1
2026-04-15 04:05:18,78.42,113.1,126.7,6.21,41.9,46.2,21.1
2026-04-15 04:05:18,79.05,101.9,121.2,6.44,39.7,36.7,21.1
2026-04-15 04:05:18,79.32,98.1,121.1,6.14,41.4,39.4,21.1
2026-04-15 04:05:19,80.95,102.3,125.2,5.86,41.4,36.8,21.1
2026-04-15 04:05:19,79.55,112.0,135.1,5.66,41.4,39.1,21.1
2026-04-15 04:05:19,79.22,88.8,109.2,6.97,40.2,42.9,21.1
2026-04-15 04:05:19,80.63,92.8,114.9,5.86,40.8,34.8,21.1
2026-04-15 04:05:19,79.92,95.5,118.2,5.87,41.9,39.1,21.1
2026-04-15 04:05:19,79.97,87.1,110.0,6.36,41.4,36.1,21.0
2026-04-15 04:05:20,80.46,94.5,116.5,5.75,40.8,46.6,21.0
2026-04-15 04:05:20,79.37,127.7,151.0,5.0,40.2,39.0,21.0
2026-04-15 04:05:20,81.2,101.2,124.4,5.77,40.8,35.3,21.1
2026-04-15 04:05:20,79.89,92.4,115.5,6.35,40.2,38.1,21.1
2026-04-15 04:05:20,78.8,112.9,135.9,5.35,41.9,34.7,21.1
2026-04-15 04:05:21,79.28,124.2,144.1,5.62,40.2,33.8,21.1
2026-04-15 04:05:21,78.8,91.0,112.6,6.0,41.9,41.2,21.1
2026-04-15 04:05:21,77.83,101.5,124.6,5.65,40.8,33.8,21.1
2026-04-15 04:05:21,77.91,97.7,120.7,6.14,40.8,39.7,21.1
2026-04-15 04:05:21,79.82,96.8,119.9,6.03,41.4,33.8,21.0
2026-04-15 04:05:21,78.82,123.5,146.4,5.17,41.4,42.7,21.0
2026-04-15 04:05:22,79.29,87.3,110.5,6.12,39.7,36.9,21.0
2026-04-15 04:05:22,78.49,121.2,132.3,5.97,39.7,44.3,21.1
2026-04-15 04:05:22,79.15,104.9,125.1,5.46,41.4,38.0,21.1
2026-04-15 04:05:22,78.11,117.7,140.0,5.57,40.8,38.4,21.0
2026-04-15 04:05:22,79.42,89.7,98.3,7.17,41.9,50.0,21.0
2026-04-15 04:05:22,79.61,97.2,120.2,5.78,40.2,35.3,21.0
2026-04-15 04:05:23,81.13,107.6,130.7,5.65,41.4,37.1,21.0
2026-04-15 04:05:23,79.04,95.3,118.3,6.48,40.2,36.8,21.0
2026-04-15 04:05:23,79.95,101.6,125.3,5.77,41.4,39.1,21.0
2026-04-15 04:05:23,78.8,117.2,140.2,5.51,40.2,40.5,21.0
2026-04-15 04:05:23,79.26,91.7,106.9,7.08,40.8,42.9,20.9
2026-04-15 04:05:23,79.7,91.7,113.5,5.97,41.4,45.5,20.9
2026-04-15 04:05:24,78.27,92.4,115.5,6.02,41.4,37.3,20.9
2026-04-15 04:05:24,78.67,90.0,113.0,6.09,41.9,37.5,21.0
2026-04-15 04:05:24,76.95,101.7,124.9,5.6,41.4,38.9,20.9
2026-04-15 04:05:24,77.4,100.9,124.1,6.03,39.7,38.8,20.9
2026-04-15 04:05:24,77.29,96.0,119.0,6.19,39.7,41.2,21.0
2026-04-15 04:05:24,75.84,108.7,132.8,5.54,41.4,38.9,21.0
2026-04-15 04:05:25,78.38,98.5,120.6,6.43,40.2,39.0,21.1
2026-04-15 04:05:25,77.67,117.5,140.7,5.39,40.8,37.8,21.1
2026-04-15 04:05:25,79.38,86.1,106.5,7.13,41.4,44.4,21.1
2026-04-15 04:05:25,79.07,86.0,109.0,6.21,41.9,37.1,21.1
2026-04-15 04:05:25,80.54,123.6,136.8,5.85,41.9,47.8,21.1
2026-04-15 04:05:25,79.33,116.4,139.4,5.19,41.9,36.0,21.1
2026-04-15 04:05:26,76.49,89.5,105.7,7.15,41.4,41.8,21.2
2026-04-15 04:05:26,77.79,95.1,117.8,5.81,41.4,34.8,21.2
2026-04-15 04:05:26,76.48,126.1,148.7,5.05,40.2,37.7,21.2
2026-04-15 04:05:26,76.52,93.7,114.2,5.95,41.4,32.3,21.2
2026-04-15 04:05:26,77.9,90.2,112.3,6.16,41.9,36.1,21.2
2026-04-15 04:05:26,78.38,109.2,132.3,5.39,40.8,38.9,21.2
2026-04-15 04:05:27,78.95,101.1,122.4,6.32,40.2,38.1,21.2
2026-04-15 04:05:27,80.59,92.0,116.1,6.31,41.4,36.5,21.2
2026-04-15 04:05:27,80.57,100.2,122.5,5.76,41.9,38.2,21.1
2026-04-15 04:05:27,79.35,95.3,111.7,6.19,41.4,41.9,21.1
2026-04-15 04:05:27,78.41,93.2,114.8,6.07,40.8,41.5,21.1
2026-04-15 04:05:27,77.65,113.4,136.4,5.36,41.4,34.2,21.1
2026-04-15 04:05:28,78.55,113.8,132.9,5.99,40.8,35.5,21.1
2026-04-15 04:05:28,77.89,94.0,112.1,6.81,40.8,43.3,21.1
2026-04-15 04:05:28,79.85,90.6,116.1,6.03,40.8,37.3,21.1
2026-04-15 04:05:28,79.91,102.9,127.5,5.61,41.4,38.9,21.0
2026-04-15 04:05:28,80.14,89.8,112.7,6.59,40.8,41.9,21.0
2026-04-15 04:05:28,80.68,102.8,125.8,5.58,40.8,37.1,21.0
2026-04-15 04:05:29,80.74,94.1,117.4,6.33,40.8,38.1,21.0
2026-04-15 04:05:29,80.12,103.7,126.9,5.68,39.7,34.8,21.0
2026-04-15 04:05:29,79.01,112.0,132.3,5.72,40.8,50.0,21.0
2026-04-15 04:05:29,77.85,87.4,108.0,7.05,41.4,41.1,21.0
2026-04-15 04:05:29,78.09,103.1,117.6,6.59,41.4,40.7,21.0
2026-04-15 04:05:29,76.35,111.9,136.0,5.75,41.4,36.4,21.0
2026-04-15 04:05:30,78.34,87.8,107.7,7.06,41.4,43.1,21.1
2026-04-15 04:05:30,77.25,116.9,139.9,5.12,41.4,35.5,21.1
2026-04-15 04:05:30,78.29,113.6,129.2,6.13,41.9,44.6,21.1
2026-04-15 04:05:30,78.64,106.5,125.4,6.27,41.4,42.9,21.1
2026-04-15 04:05:30,79.03,104.8,128.4,6.04,41.4,38.8,21.1
2026-04-15 04:05:30,80.96,95.6,118.7,6.37,40.8,41.3,21.1
2026-04-15 04:05:31,80.05,116.8,140.0,5.32,40.2,35.6,21.1
2026-04-15 04:05:31,80.33,88.8,104.2,7.24,41.4,42.9,21.1
2026-04-15 04:05:31,80.17,90.4,114.3,5.9,43.0,38.2,21.1
2026-04-15 04:05:31,79.19,110.9,134.8,5.34,41.9,38.2,21.1
2026-04-15 04:05:31,79.11,90.5,109.4,6.89,41.9,43.1,21.1
2026-04-15 04:05:31,78.95,98.8,121.9,5.71,41.9,37.1,21.1
2026-04-15 04:05:32,80.6,104.6,128.4,5.77,40.2,38.8,21.1
2026-04-15 04:05:32,79.95,94.7,117.8,6.42,41.4,35.1,21.0
2026-04-15 04:05:32,77.89,92.4,115.4,6.09,42.5,38.8,21.0
2026-04-15 04:05:32,80.39,99.7,119.5,5.75,41.4,34.8,21.0
2026-04-15 04:05:32,77.58,99.7,119.6,5.91,40.8,44.1,21.0
2026-04-15 04:05:32,76.68,87.2,110.1,6.59,41.4,41.3,21.0
2026-04-15 04:05:33,79.5,127.4,139.4,5.77,41.4,47.1,21.1
2026-04-15 04:05:33,81.0,93.1,117.3,6.0,40.8,37.3,21.1
2026-04-15 04:05:33,80.9,103.9,127.1,5.66,41.4,37.7,21.1
2026-04-15 04:05:33,79.45,103.1,126.2,6.04,40.8,42.4,21.1
2026-04-15 04:05:33,79.99,88.6,111.9,6.56,41.4,41.7,21.1
2026-04-15 04:05:33,78.01,101.6,124.5,5.58,40.8,38.4,21.1
2026-04-15 04:05:34,78.24,93.8,118.5,6.24,40.2,35.5,21.1
2026-04-15 04:05:34,77.31,92.8,113.9,6.09,40.2,35.9,21.1
2026-04-15 04:05:34,79.77,104.2,127.3,5.62,41.4,38.6,21.1
2026-04-15 04:05:34,79.84,104.5,127.5,5.99,40.8,36.9,21.0
2026-04-15 04:05:34,79.58,99.0,121.2,6.2,41.4,40.6,21.0
2026-04-15 04:05:34,79.68,92.3,119.0,6.11,41.9,45.3,21.0
2026-04-15 04:05:35,79.33,92.0,115.1,6.16,40.8,37.5,21.0
2026-04-15 04:05:35,79.36,98.6,121.4,5.78,39.7,35.8,21.0
2026-04-15 04:05:35,79.52,115.4,138.1,5.43,41.4,42.7,21.0
2026-04-15 04:05:35,79.29,111.8,128.4,6.14,40.2,43.9,21.1
2026-04-15 04:05:35,78.49,112.8,133.7,5.96,41.4,41.8,21.1
2026-04-15 04:05:35,78.48,105.0,124.4,6.31,41.4,38.7,21.1
2026-04-15 04:05:36,79.82,91.7,115.0,6.51,39.7,38.3,21.2
2026-04-15 04:05:36,80.18,99.1,121.6,5.76,40.2,33.3,21.2
2026-04-15 04:05:36,79.43,108.2,131.5,5.68,40.2,41.4,21.2
2026-04-15 04:05:36,80.88,87.5,110.6,6.85,39.7,38.6,21.2
2026-04-15 04:05:36,81.33,114.8,136.8,5.16,40.8,39.2,21.2
2026-04-15 04:05:36,79.73,85.9,103.8,7.26,40.2,41.1,21.2
2026-04-15 04:05:37,78.33,85.9,98.3,7.51,41.9,45.3,21.2
2026-04-15 04:05:37,77.76,104.7,117.9,6.57,41.9,44.3,21.2
2026-04-15 04:05:37,76.72,94.1,117.2,6.42,41.4,40.3,21.3
2026-04-15 04:05:37,77.15,104.0,127.7,5.64,43.0,35.3,21.3
2026-04-15 04:05:37,79.03,104.8,127.9,6.0,41.4,41.3,21.2
2026-04-15 04:05:37,79.24,96.4,118.7,6.32,41.9,38.7,21.2
2026-04-15 04:05:38,77.78,94.8,117.9,6.06,41.9,37.9,21.2
2026-04-15 04:05:38,78.45,89.8,110.6,6.17,41.4,38.5,21.2
2026-04-15 04:05:38,77.96,90.9,102.9,7.3,41.9,39.2,21.2
2026-04-15 04:05:38,77.11,96.4,119.7,5.91,41.4,35.9,21.2
2026-04-15 04:05:38,76.54,114.0,137.0,5.43,41.4,33.3,21.3
2026-04-15 04:05:38,78.7,100.7,120.4,6.48,39.7,41.9,21.3
2026-04-15 04:05:38,79.51,88.7,111.8,6.51,40.2,43.9,21.3
2026-04-15 04:05:39,78.19,113.9,135.5,5.22,40.8,34.7,21.3
2026-04-15 04:05:39,78.16,119.9,139.3,5.77,41.4,43.5,21.3
2026-04-15 04:05:39,80.59,117.0,129.5,6.11,40.2,43.7,21.3
2026-04-15 04:05:39,77.41,90.4,107.0,7.09,39.7,42.1,21.3
2026-04-15 04:05:40,78.43,336.3,371.1,2.36,41.4,82.2,21.0
2026-04-15 04:05:40,78.62,90.1,109.2,6.98,41.4,38.2,21.0
2026-04-15 04:05:40,79.7,100.5,123.5,5.7,41.4,43.8,21.0
2026-04-15 04:05:40,79.47,98.8,121.9,6.06,41.9,37.5,21.0
2026-04-15 04:05:40,81.12,99.1,119.8,5.99,40.8,46.2,21.0
2026-04-15 04:05:40,80.57,102.6,126.4,5.86,41.4,38.2,20.9
2026-04-15 04:05:41,79.86,93.5,116.7,6.38,41.9,38.7,20.9
2026-04-15 04:05:41,78.9,93.5,116.4,6.01,41.4,36.4,20.9
2026-04-15 04:05:41,78.6,100.9,123.4,5.74,40.8,39.1,20.9
2026-04-15 04:05:41,78.23,90.5,113.1,6.4,40.8,37.7,20.9
2026-04-15 04:05:41,78.34,87.4,109.9,6.02,40.8,40.6,20.8
2026-04-15 04:05:41,80.03,89.5,112.7,6.02,41.9,37.3,20.8
2026-04-15 04:05:42,81.03,111.3,134.5,5.31,40.8,35.2,20.8
2026-04-15 04:05:42,80.24,87.7,108.9,6.99,41.9,40.4,20.8
2026-04-15 04:05:42,80.5,91.6,109.8,5.88,42.5,36.4,20.7
2026-04-15 04:05:42,79.96,118.8,142.1,5.15,41.4,41.6,20.7
2026-04-15 04:05:42,78.41,115.4,128.5,6.15,40.8,42.9,20.7
2026-04-15 04:05:42,78.93,91.0,108.7,7.01,40.2,42.9,20.7
2026-04-15 04:05:43,78.41,117.9,143.0,5.11,41.4,39.5,20.7
2026-04-15 04:05:43,78.64,96.0,108.1,7.03,41.4,45.8,20.7
2026-04-15 04:05:43,80.89,92.4,115.3,6.14,41.4,35.9,20.7
2026-04-15 04:05:43,78.61,102.8,125.1,5.65,40.8,39.7,20.7
2026-04-15 04:05:43,79.63,100.9,123.8,6.07,40.8,44.1,20.7
2026-04-15 04:05:43,79.1,96.0,118.9,6.19,41.4,32.8,20.7
2026-04-15 04:05:44,79.06,94.2,117.8,6.05,40.2,41.2,20.7
2026-04-15 04:05:44,76.77,99.2,118.9,5.85,41.4,37.3,20.7
2026-04-15 04:05:44,78.95,107.1,129.5,5.72,43.0,51.3,20.7
2026-04-15 04:05:44,79.53,99.2,121.4,6.31,41.4,41.3,20.7
2026-04-15 04:05:44,78.45,86.2,109.2,6.51,41.4,38.7,20.7
2026-04-15 04:05:44,78.61,105.5,118.9,6.52,40.2,43.3,20.7
2026-04-15 04:05:45,78.35,94.8,118.2,6.45,40.2,39.7,20.7
2026-04-15 04:05:45,80.3,101.1,124.2,5.79,41.4,39.1,20.7
2026-04-15 04:05:45,78.38,104.3,127.4,5.89,40.8,42.4,20.7
2026-04-15 04:05:45,78.49,94.2,115.7,6.38,40.2,36.1,20.7
2026-04-15 04:05:45,78.94,101.1,124.1,5.77,41.4,37.7,20.7
2026-04-15 04:05:45,76.34,94.0,121.3,6.11,41.9,39.7,20.7
2026-04-15 04:05:46,76.59,107.4,130.4,5.69,40.8,31.3,20.8
2026-04-15 04:05:46,75.78,106.2,129.5,6.04,41.4,46.3,20.8
2026-04-15 04:05:46,78.9,95.6,118.7,6.41,39.7,41.5,20.8
2026-04-15 04:05:46,78.8,109.9,133.4,5.51,41.9,40.0,20.8
2026-04-15 04:05:46,79.48,112.6,134.3,5.88,41.4,36.9,20.8
2026-04-15 04:05:46,80.27,103.3,122.1,6.4,40.8,43.7,20.8
2026-04-15 04:05:47,79.87,108.5,131.6,5.83,40.8,36.8,20.8
2026-04-15 04:05:47,79.79,95.9,118.4,6.49,40.8,41.7,20.9
2026-04-15 04:05:47,78.31,112.5,135.3,5.45,39.7,42.7,20.9
2026-04-15 04:05:47,79.08,116.1,135.9,5.88,40.2,38.1,20.9
2026-04-15 04:05:47,77.86,107.4,123.5,6.35,41.9,46.9,20.9
2026-04-15 04:05:47,77.18,97.7,121.7,6.32,41.4,41.3,20.9
2026-04-15 04:05:48,78.67,94.8,118.0,6.16,41.4,37.5,20.9
2026-04-15 04:05:48,76.71,91.0,114.0,6.14,41.9,40.3,20.9
2026-04-15 04:05:48,77.37,86.5,109.6,6.16,40.8,36.9,21.0
2026-04-15 04:05:48,79.75,98.6,111.9,6.84,40.8,43.1,20.9
2026-04-15 04:05:48,79.17,87.6,110.6,6.47,40.8,38.3,21.0
2026-04-15 04:05:48,79.63,101.4,124.3,5.55,40.8,32.8,21.0
2026-04-15 04:05:48,76.51,102.7,125.7,5.96,40.2,39.4,21.0
2026-04-15 04:05:49,79.05,92.3,114.8,6.4,40.8,36.7,21.0
2026-04-15 04:05:49,78.6,87.2,110.2,6.2,41.4,34.4,21.0
2026-04-15 04:05:49,77.15,96.5,108.4,7.01,41.4,43.9,21.0
2026-04-15 04:05:49,78.61,107.2,128.2,5.63,40.8,36.4,21.1
2026-04-15 04:05:49,79.11,103.8,125.6,6.14,41.9,44.6,21.1
2026-04-15 04:05:49,78.51,91.2,114.2,6.5,42.5,40.3,21.0
2026-04-15 04:05:50,80.9,108.4,130.2,5.44,41.4,35.6,21.0
2026-04-15 04:05:50,80.9,95.8,118.9,6.5,41.9,35.7,21.0
2026-04-15 04:05:50,77.54,94.6,118.4,6.02,40.8,42.9,21.0
2026-04-15 04:05:50,80.27,107.7,131.3,5.57,39.7,38.6,21.0
2026-04-15 04:05:50,78.67,98.8,120.0,6.36,40.8,37.1,21.1
2026-04-15 04:05:50,79.44,95.7,115.2,6.11,41.9,40.9,21.0
2026-04-15 04:05:51,79.8,93.2,114.2,6.09,41.9,34.9,21.0
2026-04-15 04:05:51,79.82,111.1,132.6,5.43,41.4,34.8,21.0
2026-04-15 04:05:51,79.63,103.2,125.8,6.24,41.4,40.3,21.0
2026-04-15 04:05:51,80.23,104.0,126.8,6.04,41.4,42.0,21.0
2026-04-15 04:05:51,81.12,116.6,139.6,5.58,40.8,41.1,21.0
2026-04-15 04:05:51,79.76,102.8,117.6,6.51,41.4,39.0,21.0
2026-04-15 04:05:52,79.82,102.0,125.4,6.05,40.8,39.1,21.0
2026-04-15 04:05:52,79.67,106.5,129.8,5.79,41.4,39.7,21.0
2026-04-15 04:05:52,79.99,121.5,144.5,5.55,40.8,40.8,21.0
2026-04-15 04:05:52,78.49,112.6,134.9,5.19,41.4,40.3,21.0
2026-04-15 04:05:52,79.49,100.6,118.3,6.54,40.2,42.6,20.9
2026-04-15 04:05:52,80.22,101.8,124.7,5.96,40.8,34.4,21.0
2026-04-15 04:05:53,79.51,88.6,111.5,6.52,40.8,37.3,20.9
2026-04-15 04:05:53,80.08,107.3,130.4,5.4,40.8,42.7,20.9
2026-04-15 04:05:53,81.36,113.4,136.7,5.78,40.8,36.9,20.9
2026-04-15 04:05:53,81.13,89.2,108.2,6.98,41.4,42.4,20.9
2026-04-15 04:05:53,80.37,94.9,120.2,5.75,41.4,35.8,20.9
2026-04-15 04:05:53,81.12,91.9,114.7,6.21,40.8,38.5,20.9
2026-04-15 04:05:54,79.54,101.1,124.1,5.69,40.8,38.0,20.9
2026-04-15 04:05:54,78.27,107.9,131.1,5.77,41.4,34.8,20.9
2026-04-15 04:05:54,79.49,103.1,126.2,6.19,41.4,41.3,20.9
2026-04-15 04:05:54,80.3,118.5,141.4,5.5,40.8,41.3,20.9
2026-04-15 04:05:54,79.44,93.8,107.5,7.04,40.8,36.5,20.9
2026-04-15 04:05:54,78.94,94.5,116.4,5.97,40.8,36.8,20.9
2026-04-15 04:05:55,79.71,94.2,117.1,6.02,41.9,40.3,20.9
2026-04-15 04:05:55,79.92,103.7,122.0,5.68,41.4,44.9,20.9
2026-04-15 04:05:55,78.06,94.2,117.1,6.37,41.9,42.9,20.9
2026-04-15 04:05:55,75.81,87.1,110.1,6.27,40.8,39.1,20.9
2026-04-15 04:05:55,78.22,100.1,111.9,6.84,41.9,39.3,20.9
2026-04-15 04:05:55,79.94,93.6,116.6,6.25,43.0,38.5,20.9
2026-04-15 04:05:56,79.32,104.4,126.4,5.6,41.9,39.7,20.9
2026-04-15 04:05:56,79.91,112.1,135.7,5.76,41.4,42.0,20.9
2026-04-15 04:05:56,81.04,91.0,112.6,6.82,41.4,44.3,20.9
2026-04-15 04:05:56,79.79,99.4,121.9,5.75,41.4,37.1,20.9
2026-04-15 04:05:56,79.17,91.3,113.2,6.29,40.8,38.1,20.9
2026-04-15 04:05:56,77.91,107.9,130.8,5.49,39.7,34.3,20.9
2026-04-15 04:05:57,79.31,112.9,135.9,5.83,41.4,39.7,20.9
2026-04-15 04:05:57,78.54,102.6,122.3,6.4,41.4,37.9,20.9
2026-04-15 04:05:57,77.44,90.0,112.9,6.49,40.8,36.2,20.9
2026-04-15 04:05:57,79.45,139.9,163.0,4.61,40.8,41.0,21.0
2026-04-15 04:05:57,80.19,105.9,129.1,6.03,41.4,41.2,20.9
2026-04-15 04:05:57,80.27,111.6,133.8,5.81,41.4,40.6,20.9
2026-04-15 04:05:58,79.61,96.3,117.2,6.61,40.8,40.3,20.9
2026-04-15 04:05:58,80.67,98.7,122.3,5.84,40.8,37.3,20.9
2026-04-15 04:05:58,79.52,103.1,126.2,5.93,41.4,37.3,20.9
2026-04-15 04:05:58,78.42,93.8,116.8,6.36,42.5,38.1,20.9
2026-04-15 04:05:58,81.46,97.0,121.1,5.85,40.2,36.4,20.9
2026-04-15 04:05:59,80.11,126.4,147.8,5.13,41.4,42.1,20.9
2026-04-15 04:05:59,77.04,106.1,129.0,5.57,41.9,34.3,20.9
2026-04-15 04:05:59,80.68,88.3,111.0,6.72,42.5,40.7,20.9
2026-04-15 04:05:59,80.35,123.5,146.7,4.95,41.9,39.8,20.8
2026-04-15 04:05:59,79.96,97.6,120.7,5.67,41.4,33.8,20.8
2026-04-15 04:05:59,81.16,103.8,126.8,5.87,40.8,39.7,20.9
2026-04-15 04:06:00,80.62,118.5,141.5,5.52,41.4,37.7,20.9
2026-04-15 04:06:00,80.31,85.6,99.3,7.47,40.8,42.3,20.9
2026-04-15 04:06:00,78.4,101.9,115.3,6.69,40.2,44.8,20.9
2026-04-15 04:06:00,80.98,121.0,144.2,5.38,41.9,38.7,20.9
2026-04-15 04:06:00,79.88,97.5,108.2,7.0,41.9,43.9,20.9
2026-04-15 04:06:00,79.69,120.0,143.0,5.28,40.8,42.7,20.9
2026-04-15 04:06:01,78.41,90.0,100.6,7.31,40.2,42.3,20.9
2026-04-15 04:06:01,78.28,95.1,118.1,5.83,41.4,31.3,20.9
2026-04-15 04:06:01,79.94,92.9,113.8,6.08,40.8,36.4,21.0
2026-04-15 04:06:01,80.74,97.0,120.1,5.85,40.2,37.3,21.0
2026-04-15 04:06:01,80.54,106.2,129.2,5.69,40.8,35.8,20.9
2026-04-15 04:06:01,81.04,111.6,134.8,5.81,41.4,43.7,20.9
2026-04-15 04:06:02,80.69,91.3,113.5,6.76,40.2,40.0,20.9
2026-04-15 04:06:02,78.28,114.7,137.0,5.3,40.8,36.5,20.9
2026-04-15 04:06:02,77.68,104.5,121.8,6.41,42.5,41.0,20.9
2026-04-15 04:06:02,80.16,109.5,132.4,5.82,41.4,42.5,20.9
2026-04-15 04:06:02,79.38,154.1,177.2,4.74,41.4,48.2,20.9
2026-04-15 04:06:02,76.35,91.9,114.9,5.85,40.8,33.8,20.9
2026-04-15 04:06:03,77.75,101.4,124.4,5.68,40.2,33.8,20.9
2026-04-15 04:06:03,80.59,87.3,110.7,6.55,40.2,35.6,20.9
2026-04-15 04:06:03,79.89,91.6,113.2,5.85,40.8,37.7,20.9
2026-04-15 04:06:03,81.08,90.7,115.0,5.99,41.4,38.2,20.9
2026-04-15 04:06:03,79.45,106.6,129.8,5.51,40.2,37.1,20.9
2026-04-15 04:06:03,79.58,88.1,111.3,6.76,41.9,40.7,20.9
2026-04-15 04:06:04,80.19,86.3,109.3,6.08,40.8,37.9,20.9
2026-04-15 04:06:04,79.59,133.3,144.0,5.55,40.2,36.4,20.9
2026-04-15 04:06:04,79.12,93.0,116.0,6.25,41.4,39.4,20.9
2026-04-15 04:06:04,79.83,95.7,124.1,5.74,39.7,34.3,20.9
2026-04-15 04:06:04,79.35,120.7,140.5,5.36,41.4,35.2,20.9
2026-04-15 04:06:04,80.71,113.3,136.3,5.21,40.8,43.0,20.9
2026-04-15 04:06:05,77.1,110.2,129.5,6.11,41.4,36.7,20.9
2026-04-15 04:06:05,75.87,99.7,121.7,6.41,41.4,41.3,20.9
2026-04-15 04:06:05,75.4,121.9,144.9,5.27,41.9,40.5,20.9
2026-04-15 04:06:05,78.26,123.6,147.6,4.96,40.8,36.3,20.9
2026-04-15 04:06:05,78.21,91.1,111.8,6.01,41.9,39.7,20.9
2026-04-15 04:06:06,76.12,89.6,113.9,6.01,40.8,38.8,21.0
2026-04-15 04:06:06,73.17,87.5,110.5,6.13,40.2,37.9,21.0
2026-04-15 04:06:06,75.7,96.9,108.0,7.01,41.4,42.9,21.0
2026-04-15 04:06:06,75.35,121.7,144.8,5.23,41.4,38.2,21.0
2026-04-15 04:06:06,73.81,92.2,115.5,5.86,41.4,34.8,21.0
2026-04-15 04:06:06,74.66,107.0,129.8,5.53,40.8,38.6,21.0
2026-04-15 04:06:07,76.0,114.7,141.2,5.63,41.9,40.6,21.0
2026-04-15 04:06:07,75.83,112.2,125.3,6.21,41.4,37.7,21.0
2026-04-15 04:06:07,77.4,91.5,104.2,6.77,41.4,41.7,21.0
2026-04-15 04:06:07,74.13,134.2,158.3,4.8,41.4,37.5,21.0
2026-04-15 04:06:07,75.94,106.6,129.7,5.84,41.4,40.9,21.0
2026-04-15 04:06:07,76.01,89.1,112.0,6.72,39.7,40.7,21.0
2026-04-15 04:06:08,71.37,106.6,129.8,5.39,40.8,31.0,21.0
2026-04-15 04:06:08,71.55,86.1,109.0,6.9,40.2,42.1,21.0
2026-04-15 04:06:08,74.76,115.6,128.0,6.16,41.9,51.6,21.0
2026-04-15 04:06:08,73.96,90.7,108.6,7.01,41.9,44.1,21.0
2026-04-15 04:06:08,74.62,122.9,146.1,5.05,41.9,43.7,21.0
2026-04-15 04:06:08,75.36,92.2,115.5,5.9,39.7,33.3,21.0
2026-04-15 04:06:09,73.28,104.3,127.3,5.61,41.9,34.8,21.0
2026-04-15 04:06:09,75.04,94.7,117.6,6.38,40.8,38.7,21.0
2026-04-15 04:06:09,76.05,92.4,115.5,6.08,42.5,36.5,21.0
2026-04-15 04:06:09,77.86,91.8,114.8,6.03,41.9,36.9,20.9
2026-04-15 04:06:09,73.65,111.0,134.1,5.38,41.4,34.7,20.9
2026-04-15 04:06:09,77.61,92.4,113.5,6.76,40.8,38.2,21.0
2026-04-15 04:06:10,75.87,118.3,139.8,5.18,39.1,35.5,21.0
2026-04-15 04:06:10,75.32,111.4,124.5,6.28,43.0,47.8,21.0
2026-04-15 04:06:10,74.65,118.4,139.3,5.76,40.8,42.4,21.0
2026-04-15 04:06:10,75.8,114.0,127.6,6.17,40.8,43.1,21.0
2026-04-15 04:06:10,76.81,102.2,111.9,6.45,40.2,48.3,21.0
2026-04-15 04:06:10,75.15,90.1,113.1,6.48,40.2,38.3,21.0
2026-04-15 04:06:11,75.19,113.1,135.6,5.27,42.5,35.6,21.0
2026-04-15 04:06:11,76.91,108.3,126.7,6.18,41.9,40.0,20.9
2026-04-15 04:06:11,75.88,94.8,114.8,6.53,40.8,41.7,21.0
2026-04-15 04:06:11,74.87,109.0,130.3,5.53,41.4,39.2,21.0
2026-04-15 04:06:11,74.26,127.3,150.1,5.41,40.2,40.3,21.0
2026-04-15 04:06:11,73.43,95.3,118.3,5.96,40.8,32.3,21.0
2026-04-15 04:06:12,76.75,113.4,136.1,5.41,40.2,37.5,21.0
2026-04-15 04:06:12,75.64,98.6,117.6,6.59,41.4,37.9,21.0
2026-04-15 04:06:12,75.98,102.0,125.1,5.89,40.2,35.4,21.0
2026-04-15 04:06:12,74.89,90.9,108.9,6.43,40.2,51.5,21.0
2026-04-15 04:06:12,76.44,113.9,142.7,5.09,41.4,38.2,21.1
2026-04-15 04:06:12,76.41,104.6,116.4,6.63,41.4,46.8,21.1
2026-04-15 04:06:13,76.35,103.4,126.1,6.06,40.2,40.9,21.1
2026-04-15 04:06:13,75.88,103.7,125.6,6.0,41.4,41.2,21.1
2026-04-15 04:06:13,72.93,96.1,119.5,6.28,41.4,35.5,21.2
2026-04-15 04:06:13,73.48,104.6,127.4,5.72,41.9,39.1,21.2
2026-04-15 04:06:13,74.56,123.2,146.0,5.39,40.8,38.9,21.2
2026-04-15 04:06:13,73.55,99.0,121.3,5.71,41.4,35.3,21.1
2026-04-15 04:06:14,76.2,142.8,165.9,4.75,42.5,35.8,21.1
2026-04-15 04:06:14,75.71,121.8,144.8,5.58,41.9,45.9,21.2
2026-04-15 04:06:14,75.72,102.8,125.9,5.54,41.4,33.3,21.2
2026-04-15 04:06:14,75.99,100.2,123.2,6.1,41.9,40.3,21.2
2026-04-15 04:06:14,75.27,90.7,113.2,6.36,41.4,41.3,21.2
2026-04-15 04:06:15,74.67,104.0,127.2,5.55,40.2,32.4,21.2
2026-04-15 04:06:15,76.55,98.6,121.8,6.21,41.4,38.5,21.2
2026-04-15 04:06:15,73.61,121.0,144.0,5.29,40.8,37.5,21.2
2026-04-15 04:06:15,72.87,91.0,109.5,5.89,40.8,36.8,21.2
2026-04-15 04:06:15,74.26,87.1,111.7,6.05,40.8,36.4,21.2
2026-04-15 04:06:15,74.21,88.4,111.2,6.04,40.2,36.4,21.1
2026-04-15 04:06:16,73.45,105.1,127.3,5.46,42.5,35.7,21.1
2026-04-15 04:06:16,76.11,86.7,110.1,6.73,41.4,39.0,21.2
2026-04-15 04:06:16,76.71,101.4,110.0,6.78,41.9,47.3,21.2
2026-04-15 04:06:16,75.08,99.8,124.3,6.01,41.4,40.9,21.2
2026-04-15 04:06:16,75.96,106.6,129.7,5.82,41.9,38.6,21.2
2026-04-15 04:06:16,76.64,91.3,114.4,6.61,40.8,35.7,21.3
2026-04-15 04:06:17,73.46,107.8,130.3,5.42,41.4,34.7,21.3
2026-04-15 04:06:17,75.73,88.8,111.0,6.84,41.9,44.3,21.3
2026-04-15 04:06:17,74.39,93.3,116.3,5.85,41.9,33.8,21.3
2026-04-15 04:06:17,76.23,90.7,113.5,6.1,40.8,37.9,21.3
2026-04-15 04:06:17,75.08,111.5,134.7,5.34,40.8,43.6,21.2
2026-04-15 04:06:17,75.48,107.3,128.3,6.16,41.4,35.6,21.2
2026-04-15 04:06:18,73.21,131.9,154.5,5.23,41.4,47.5,21.2
2026-04-15 04:06:18,72.77,86.9,109.9,6.46,40.8,39.3,21.2
2026-04-15 04:06:18,72.87,90.6,103.1,7.28,40.8,43.9,21.2
2026-04-15 04:06:18,75.71,102.3,122.3,5.61,41.4,38.6,21.3
2026-04-15 04:06:18,76.21,116.9,139.9,5.53,40.2,39.4,21.3
2026-04-15 04:06:18,76.95,110.6,126.0,6.24,41.9,41.3,21.3
2026-04-15 04:06:18,76.39,92.4,112.8,6.74,40.8,41.7,21.3
2026-04-15 04:06:19,75.47,98.5,121.7,5.79,41.4,36.8,21.3
2026-04-15 04:06:19,74.63,103.5,127.5,5.8,40.2,36.6,21.3
2026-04-15 04:06:19,76.63,92.6,113.9,6.46,39.7,41.0,21.2
2026-04-15 04:06:19,72.85,100.6,123.2,5.73,40.2,40.0,21.2
2026-04-15 04:06:19,75.46,106.3,129.2,5.79,39.7,40.0,21.2
2026-04-15 04:06:20,72.61,112.7,134.5,5.79,41.4,36.8,21.3
2026-04-15 04:06:20,76.21,103.7,119.3,6.34,41.4,46.6,21.3
2026-04-15 04:06:20,75.65,96.9,119.0,6.27,41.4,38.7,21.3
2026-04-15 04:06:20,74.12,104.9,128.3,5.71,40.8,41.7,21.3
2026-04-15 04:06:20,74.76,104.3,127.3,6.04,41.4,37.5,21.3
2026-04-15 04:06:20,73.57,90.6,112.1,6.54,41.4,39.0,21.3
2026-04-15 04:06:20,75.74,91.2,114.2,5.98,40.8,34.4,21.3
2026-04-15 04:06:21,77.9,119.0,142.1,5.14,41.9,34.7,21.3
2026-04-15 04:06:21,77.44,93.4,105.8,7.1,40.2,43.1,21.3
2026-04-15 04:06:21,81.08,87.1,108.8,6.17,41.9,39.4,21.2
2026-04-15 04:06:21,76.46,88.9,111.8,5.99,41.4,35.8,21.2
2026-04-15 04:06:21,78.0,111.5,134.5,5.29,41.9,37.7,21.2
2026-04-15 04:06:22,79.43,108.9,129.7,6.1,41.4,37.7,21.2
2026-04-15 04:06:22,74.91,111.3,128.3,5.86,41.4,50.8,21.2
2026-04-15 04:06:22,79.02,94.4,113.8,6.76,41.4,43.5,21.2
2026-04-15 04:06:22,78.51,94.2,118.0,5.95,41.4,36.4,21.2
2026-04-15 04:06:22,81.13,127.8,150.8,5.04,41.4,40.3,21.2
2026-04-15 04:06:22,78.76,106.2,127.1,5.61,41.4,37.1,21.2
2026-04-15 04:06:23,80.0,110.8,133.0,5.84,39.7,41.2,21.2
2026-04-15 04:06:23,79.79,93.0,112.4,6.7,41.4,38.6,21.2
2026-04-15 04:06:23,79.73,92.3,114.8,6.03,40.8,38.8,21.3
2026-04-15 04:06:23,80.26,108.2,131.1,5.48,41.9,40.0,21.3
2026-04-15 04:06:23,80.98,103.8,126.9,6.17,41.9,36.7,21.3
2026-04-15 04:06:23,80.28,103.3,127.0,5.98,40.8,38.8,21.3
2026-04-15 04:06:24,79.9,106.3,129.2,5.94,40.2,38.5,21.3
2026-04-15 04:06:24,78.02,96.9,120.2,6.34,40.8,41.3,21.3
2026-04-15 04:06:24,79.17,97.5,120.4,6.0,40.2,37.9,21.3
2026-04-15 04:06:24,78.48,89.6,112.6,6.3,41.4,41.5,21.2
2026-04-15 04:06:24,78.11,92.5,115.1,5.9,41.4,38.2,21.2
2026-04-15 04:06:24,78.01,100.6,123.7,5.72,40.8,32.3,21.2
2026-04-15 04:06:25,79.56,91.8,113.6,6.32,40.8,44.1,21.2
2026-04-15 04:06:25,79.25,92.1,115.1,5.97,41.4,33.3,21.2
2026-04-15 04:06:25,78.43,113.7,136.7,5.34,40.8,44.2,21.2
2026-04-15 04:06:25,80.94,101.6,120.2,6.47,41.4,40.3,21.2
2026-04-15 04:06:25,81.13,110.7,133.8,5.69,41.9,40.9,21.3
2026-04-15 04:06:25,80.03,90.3,112.0,6.84,42.5,42.1,21.3
2026-04-15 04:06:26,62.46,104.0,127.0,5.55,41.4,36.6,21.3
2026-04-15 04:06:26,0.0,101.1,124.2,6.11,41.4,38.1,21.3
2026-04-15 04:06:26,58.19,114.1,134.6,5.57,40.8,41.7,21.3
2026-04-15 04:06:26,79.81,122.3,140.5,5.72,41.4,39.1,21.3
2026-04-15 04:06:26,81.98,99.6,124.6,5.56,40.2,38.4,21.3
2026-04-15 04:06:26,83.71,100.6,120.5,6.07,40.2,38.5,21.3
2026-04-15 04:06:27,80.28,97.9,120.9,6.1,40.8,34.4,21.3
2026-04-15 04:06:27,79.0,96.9,120.2,6.03,40.8,37.9,21.3
2026-04-15 04:06:27,78.31,109.2,132.2,5.56,40.8,38.4,21.3
2026-04-15 04:06:27,78.99,109.8,132.2,6.02,41.4,43.7,21.3
2026-04-15 04:06:27,78.61,102.3,130.2,6.09,41.9,41.3,21.3
2026-04-15 04:06:27,68.1,102.3,125.6,6.19,42.5,41.5,21.3
2026-04-15 04:06:28,68.89,99.6,122.6,6.11,40.2,34.4,21.3
2026-04-15 04:06:28,69.42,120.3,141.3,5.33,39.7,44.3,21.3
2026-04-15 04:06:28,70.98,94.1,109.0,6.98,41.9,38.9,21.3
2026-04-15 04:06:28,68.68,94.4,117.4,6.11,41.4,36.9,21.4
2026-04-15 04:06:28,71.24,104.3,127.5,5.65,41.4,41.4,21.4
2026-04-15 04:06:28,75.58,115.5,140.4,5.58,41.9,33.8,21.4
2026-04-15 04:06:29,74.49,94.4,109.7,6.94,42.5,40.0,21.4
2026-04-15 04:06:29,73.57,86.2,107.1,6.33,40.2,46.9,21.4
2026-04-15 04:06:29,70.05,99.1,122.5,5.56,41.9,35.2,21.3
2026-04-15 04:06:29,69.22,109.5,132.6,5.66,43.0,36.4,21.3
2026-04-15 04:06:29,69.6,93.3,116.3,6.65,40.8,41.3,21.3
2026-04-15 04:06:29,69.11,110.9,134.0,5.42,40.8,38.4,21.3
2026-04-15 04:06:30,68.46,111.9,133.4,5.98,41.9,40.3,21.3
2026-04-15 04:06:30,68.59,92.9,113.4,6.76,41.9,44.1,21.4
2026-04-15 04:06:30,70.27,101.7,124.6,5.71,40.8,37.3,21.3
2026-04-15 04:06:30,68.91,97.7,119.5,6.15,41.4,41.8,21.3
2026-04-15 04:06:30,71.01,98.6,121.6,5.97,42.5,35.8,21.3
2026-04-15 04:06:30,67.58,103.7,127.0,5.82,42.5,40.6,21.3
2026-04-15 04:06:31,71.56,96.4,117.4,6.29,40.2,44.3,21.3
2026-04-15 04:06:31,69.78,94.2,117.2,6.08,40.8,36.9,21.3
2026-04-15 04:06:31,69.85,108.1,131.0,5.54,40.8,39.2,21.3
2026-04-15 04:06:31,71.84,86.3,110.2,6.83,41.9,36.4,21.3
2026-04-15 04:06:31,70.46,92.4,115.2,5.83,41.4,40.0,21.3
2026-04-15 04:06:31,71.31,118.4,141.4,5.2,39.7,36.4,21.3
2026-04-15 04:06:32,68.34,89.4,103.4,7.26,40.8,49.2,21.3
2026-04-15 04:06:32,71.86,93.2,116.0,5.88,39.7,35.8,21.3
2026-04-15 04:06:32,70.81,99.5,122.6,5.79,42.5,38.0,21.3
2026-04-15 04:06:32,69.78,98.8,121.5,6.03,40.8,36.9,21.3
2026-04-15 04:06:32,71.86,113.1,136.3,5.47,41.9,43.2,21.3
2026-04-15 04:06:32,67.98,95.6,113.6,6.77,41.9,39.3,21.3
2026-04-15 04:06:33,68.09,107.3,129.7,5.62,41.9,47.1,21.2
2026-04-15 04:06:33,70.94,100.6,123.6,6.27,41.9,38.1,21.2
2026-04-15 04:06:33,70.1,137.6,158.8,4.9,40.2,40.7,21.2
2026-04-15 04:06:33,69.94,123.2,146.2,5.4,39.7,37.1,21.2
2026-04-15 04:06:33,68.89,102.2,125.2,5.59,41.9,38.9,21.2
2026-04-15 04:06:33,69.59,90.1,113.3,6.47,40.8,36.7,21.2
2026-04-15 04:06:34,70.2,100.1,123.0,5.6,41.4,37.5,21.2
2026-04-15 04:06:34,71.16,87.7,110.7,6.55,40.2,38.3,21.2
2026-04-15 04:06:34,68.84,108.2,131.1,5.36,39.7,37.3,21.2
2026-04-15 04:06:34,69.25,94.0,116.8,6.56,40.8,38.3,21.2
2026-04-15 04:06:34,69.48,122.8,149.6,5.02,41.4,33.3,21.2
2026-04-15 04:06:35,68.58,105.7,128.8,5.58,41.4,41.4,21.2
2026-04-15 04:06:35,71.48,111.2,133.8,5.81,39.7,43.1,21.2
2026-04-15 04:06:35,72.02,88.3,110.2,6.93,41.4,43.3,21.2
2026-04-15 04:06:35,71.16,99.0,108.3,6.86,40.8,43.6,21.3
2026-04-15 04:06:35,71.58,114.3,136.4,5.56,41.4,36.8,21.3
2026-04-15 04:06:35,70.11,92.0,108.3,6.95,40.8,43.3,21.3
2026-04-15 04:06:35,70.8,89.0,111.6,6.11,41.9,37.5,21.3
2026-04-15 04:06:36,71.6,85.1,108.2,6.15,41.4,39.7,21.3
2026-04-15 04:06:36,69.35,90.1,104.5,7.21,41.9,46.6,21.4
2026-04-15 04:06:36,71.14,96.7,119.5,5.78,41.4,36.8,21.4
2026-04-15 04:06:36,69.0,111.8,135.0,5.51,41.9,36.2,21.4
2026-04-15 04:06:36,66.64,94.6,115.2,6.7,40.8,37.9,21.4
2026-04-15 04:06:36,70.08,96.8,118.0,5.92,40.8,46.4,21.4
2026-04-15 04:06:37,70.41,101.9,125.8,5.79,41.4,37.3,21.4
2026-04-15 04:06:37,74.39,92.3,115.5,6.4,41.9,37.7,21.3
2026-04-15 04:06:37,77.23,89.0,109.7,6.12,41.9,37.9,21.3
2026-04-15 04:06:37,75.27,103.0,123.7,5.54,40.2,35.2,21.3
2026-04-15 04:06:37,70.39,93.1,115.7,6.31,41.9,45.3,21.3
2026-04-15 04:06:37,69.77,83.0,105.6,6.46,41.4,40.6,21.3
2026-04-15 04:06:38,65.65,97.0,114.3,6.73,41.4,37.0,21.4
2026-04-15 04:06:38,74.74,90.1,113.0,6.32,41.9,38.5,21.4
2026-04-15 04:06:38,72.67,98.9,123.7,5.65,41.4,38.0,21.4
2026-04-15 04:06:38,72.19,130.1,153.3,5.09,40.2,37.3,21.3
2026-04-15 04:06:38,72.88,100.6,117.7,5.88,41.4,47.0,21.4
2026-04-15 04:06:38,70.52,134.4,157.7,4.99,41.4,40.2,21.4
2026-04-15 04:06:39,74.12,91.7,114.8,6.37,40.2,36.5,21.4
2026-04-15 04:06:39,76.11,98.9,121.9,5.74,41.9,41.9,21.4
2026-04-15 04:06:39,74.63,92.3,115.4,6.26,39.1,35.6,21.4
2026-04-15 04:06:39,74.57,94.6,117.7,5.92,40.2,36.2,21.4
2026-04-15 04:06:39,72.57,95.1,117.2,5.98,40.8,35.9,21.4
2026-04-15 04:06:39,74.24,86.2,109.2,6.35,41.9,36.1,21.4
2026-04-15 04:06:40,74.49,90.8,103.8,7.2,41.4,43.9,21.3
2026-04-15 04:06:40,73.15,88.3,111.4,6.13,41.9,37.5,21.4
2026-04-15 04:06:40,74.04,113.3,125.6,6.25,40.2,46.0,21.4
2026-04-15 04:06:40,74.77,106.3,133.2,5.98,41.4,46.2,21.3
2026-04-15 04:06:40,74.24,105.2,121.8,6.41,41.4,42.9,21.4
2026-04-15 04:06:40,72.46,100.7,123.8,6.17,40.8,36.7,21.4
2026-04-15 04:06:41,72.97,118.9,141.9,5.41,41.4,37.0,21.4
2026-04-15 04:06:41,72.31,106.8,120.3,6.47,40.2,41.3,21.4
2026-04-15 04:06:41,74.79,100.2,122.8,6.25,40.8,39.3,21.4
2026-04-15 04:06:41,71.16,96.8,119.7,6.13,41.4,38.5,21.5
2026-04-15 04:06:41,73.09,88.5,115.2,6.15,40.8,35.5,21.5
2026-04-15 04:06:41,74.64,90.4,113.5,6.08,39.7,40.3,21.5
2026-04-15 04:06:42,74.58,104.4,127.5,5.54,41.9,38.4,21.6
2026-04-15 04:06:42,72.31,119.7,142.5,5.49,39.7,43.1,21.6
2026-04-15 04:06:42,73.92,91.1,103.0,7.26,41.9,45.6,21.6
2026-04-15 04:06:42,74.49,116.6,138.7,5.2,41.4,34.7,21.5
2026-04-15 04:06:42,73.17,119.8,135.7,5.9,40.2,45.6,21.5
2026-04-15 04:06:42,72.16,95.5,108.2,7.01,41.4,39.6,21.5
2026-04-15 04:06:43,73.73,94.7,116.6,5.98,40.2,36.9,21.5
2026-04-15 04:06:43,74.62,88.6,111.4,6.29,40.8,36.9,21.5
2026-04-15 04:06:43,72.05,91.9,116.3,5.85,40.2,32.8,21.6
2026-04-15 04:06:43,72.8,137.2,160.3,4.75,41.9,32.9,21.5
2026-04-15 04:06:43,71.24,129.1,152.5,5.2,40.8,41.3,21.6
2026-04-15 04:06:43,73.57,111.4,134.5,5.5,40.8,40.8,21.5
2026-04-15 04:06:44,74.66,118.8,139.5,5.75,41.4,35.4,21.5
2026-04-15 04:06:44,72.44,120.6,132.8,5.94,41.9,49.3,21.6
2026-04-15 04:06:44,72.62,87.4,98.1,7.4,40.8,43.4,21.6
2026-04-15 04:06:44,73.34,95.1,106.0,7.09,41.9,40.7,21.6
2026-04-15 04:06:44,74.83,96.0,118.8,6.03,41.4,35.9,21.6
2026-04-15 04:06:44,74.29,104.3,127.3,5.72,41.9,32.8,21.5
2026-04-15 04:06:45,72.34,89.4,113.4,6.56,40.2,37.9,21.5
2026-04-15 04:06:45,72.44,100.9,124.1,5.64,40.2,34.8,21.5
2026-04-15 04:06:45,73.21,130.3,154.1,5.08,40.2,40.3,21.5
2026-04-15 04:06:45,71.27,112.1,135.6,5.53,40.2,37.8,21.4
2026-04-15 04:06:45,69.0,88.4,110.8,6.9,41.9,39.3,21.4
2026-04-15 04:06:45,77.41,107.3,130.6,5.45,40.2,37.5,21.4
2026-04-15 04:06:46,75.96,99.0,130.7,6.01,40.8,47.0,21.4
2026-04-15 04:06:46,74.06,94.3,117.0,6.52,40.2,40.0,21.4
2026-04-15 04:06:46,74.1,101.2,126.5,5.66,40.8,35.8,21.4
2026-04-15 04:06:46,71.65,88.9,111.9,6.63,40.8,40.3,21.5
2026-04-15 04:06:46,73.73,94.7,104.4,7.19,41.9,42.6,21.5
2026-04-15 04:06:46,75.02,87.8,112.0,6.22,41.9,39.4,21.5
2026-04-15 04:06:47,76.22,106.5,129.0,5.43,40.8,40.5,21.4
2026-04-15 04:06:47,76.6,88.5,111.5,6.72,41.4,39.3,21.4
2026-04-15 04:06:47,73.15,97.2,119.5,5.71,41.4,38.0,21.4
2026-04-15 04:06:47,76.61,105.8,127.8,5.71,40.8,38.2,21.4
2026-04-15 04:06:47,74.76,89.0,112.1,6.67,40.2,44.8,21.4
2026-04-15 04:06:47,76.84,98.5,120.4,5.68,39.7,34.3,21.3
2026-04-15 04:06:48,73.31,103.3,122.8,5.79,40.2,46.4,21.3
2026-04-15 04:06:48,76.1,91.7,114.7,6.51,40.8,40.0,21.3
2026-04-15 04:06:48,75.29,91.5,115.0,5.99,41.4,36.4,21.4
2026-04-15 04:06:48,75.89,100.2,121.7,5.71,40.8,37.7,21.4
2026-04-15 04:06:48,74.47,96.6,119.3,6.13,41.9,35.5,21.4
2026-04-15 04:06:48,74.55,114.4,136.1,5.43,40.8,38.6,21.4
2026-04-15 04:06:49,72.48,97.1,114.6,6.7,41.4,41.4,21.4
2026-04-15 04:06:49,77.11,85.6,107.5,6.45,41.4,37.7,21.4
2026-04-15 04:06:49,74.2,92.2,106.5,7.06,41.4,46.6,21.4
2026-04-15 04:06:49,76.35,92.8,115.7,6.05,42.5,36.4,21.5
2026-04-15 04:06:49,76.01,100.6,123.4,5.72,41.9,35.8,21.5
2026-04-15 04:06:49,76.06,127.4,151.9,5.14,41.4,45.7,21.5
2026-04-15 04:06:50,71.39,102.8,127.1,5.68,39.7,36.8,21.5
2026-04-15 04:06:50,72.1,91.4,114.4,6.53,40.8,38.3,21.6
2026-04-15 04:06:50,76.35,101.3,121.9,5.67,40.8,42.9,21.6
2026-04-15 04:06:50,76.14,98.9,122.1,6.09,40.8,38.5,21.5
2026-04-15 04:06:50,75.4,126.4,149.0,5.15,41.4,34.2,21.6
2026-04-15 04:06:50,72.56,88.6,111.7,6.17,42.5,39.4,21.6
2026-04-15 04:06:51,72.14,96.2,119.8,5.72,40.8,33.8,21.6
2026-04-15 04:06:51,77.08,108.5,131.1,5.55,40.8,36.2,21.6
2026-04-15 04:06:51,75.88,109.5,131.7,6.02,40.8,40.9,21.6
2026-04-15 04:06:51,76.83,93.8,115.2,6.63,41.4,34.5,21.5
2026-04-15 04:06:51,76.16,104.9,128.3,5.6,40.2,54.2,21.5
2026-04-15 04:06:51,73.03,98.9,121.8,6.26,41.4,40.0,21.5
2026-04-15 04:06:52,72.58,97.8,121.6,6.01,40.8,38.8,21.5
2026-04-15 04:06:52,76.99,105.7,128.9,5.76,40.2,38.0,21.6
2026-04-15 04:06:52,77.37,110.6,133.7,5.75,40.2,39.7,21.5
2026-04-15 04:06:52,77.4,93.2,113.9,6.75,41.9,39.0,21.5
2026-04-15 04:06:52,76.84,90.7,110.9,6.13,39.7,40.6,21.5
2026-04-15 04:06:52,76.83,101.0,124.2,5.66,40.8,40.5,21.5
2026-04-15 04:06:53,74.28,88.6,111.4,6.49,40.2,36.8,21.5
2026-04-15 04:06:53,76.99,93.5,116.6,5.83,41.4,35.3,21.5
2026-04-15 04:06:53,77.68,111.6,134.6,5.42,41.4,35.2,21.6
2026-04-15 04:06:53,75.45,121.3,142.0,5.67,41.4,43.3,21.6
2026-04-15 04:06:53,78.27,96.9,119.9,5.7,40.8,38.6,21.6
2026-04-15 04:06:53,76.52,103.6,127.4,5.73,41.9,41.7,21.6
2026-04-15 04:06:54,73.18,127.2,148.5,5.28,40.2,42.1,21.6
2026-04-15 04:06:54,77.03,109.1,134.1,5.41,41.9,34.3,21.6
2026-04-15 04:06:54,78.19,110.9,131.0,6.06,40.8,39.4,21.6
2026-04-15 04:06:54,78.52,104.2,124.2,6.25,40.2,41.5,21.6
2026-04-15 04:06:54,75.7,88.7,112.9,6.58,40.8,42.2,21.6
2026-04-15 04:06:55,75.11,105.2,128.5,5.48,40.8,38.0,21.6
2026-04-15 04:06:55,73.72,85.5,105.7,6.83,40.2,41.7,21.6
2026-04-15 04:06:55,76.48,86.8,102.0,7.34,40.8,46.6,21.6
2026-04-15 04:06:55,76.14,113.9,137.4,5.19,40.2,43.4,21.6
2026-04-15 04:06:55,76.56,89.6,108.6,7.0,39.7,42.4,21.6
2026-04-15 04:06:55,69.08,92.8,115.0,5.93,41.9,35.4,21.6
2026-04-15 04:06:56,75.69,109.7,132.7,5.46,41.4,34.3,21.5
2026-04-15 04:06:56,72.65,88.5,110.7,6.87,41.4,42.1,21.5
2026-04-15 04:06:56,70.56,107.9,130.6,5.38,40.8,33.8,21.5
2026-04-15 04:06:56,72.79,90.6,113.5,6.69,40.8,38.6,21.5
2026-04-15 04:06:56,70.61,116.0,139.0,5.21,42.5,33.8,21.5
2026-04-15 04:06:56,70.78,86.3,102.8,7.3,40.8,40.7,21.5
2026-04-15 04:06:57,69.86,379.2,394.4,2.33,42.5,83.1,20.8
2026-04-15 04:06:57,73.74,88.6,109.1,6.99,40.8,41.4,20.8
2026-04-15 04:06:57,72.04,88.7,112.0,6.08,40.2,35.9,20.7
2026-04-15 04:06:57,72.87,115.0,134.9,5.17,41.9,44.0,20.7
2026-04-15 04:06:57,74.94,96.2,112.0,6.84,41.4,40.4,20.7
2026-04-15 04:06:58,70.68,95.2,118.4,6.02,40.8,36.5,20.7
2026-04-15 04:06:58,73.76,104.8,128.0,5.69,40.8,39.4,20.7
2026-04-15 04:06:58,74.16,89.9,113.3,6.59,41.9,33.9,20.7
2026-04-15 04:06:58,73.09,114.6,137.7,5.23,41.4,35.5,20.7
2026-04-15 04:06:58,74.72,96.3,114.2,6.74,41.9,41.4,20.7
2026-04-15 04:06:58,77.19,139.3,162.3,4.77,41.9,38.6,20.7
2026-04-15 04:06:59,73.68,90.4,113.1,6.62,41.4,36.2,20.7
2026-04-15 04:06:59,71.6,116.5,140.5,5.14,40.8,39.7,20.7
2026-04-15 04:06:59,72.61,97.7,111.5,6.86,41.9,38.9,20.8
2026-04-15 04:06:59,74.18,104.1,126.9,5.78,40.8,37.3,20.7
2026-04-15 04:06:59,75.13,111.2,134.0,5.75,41.9,39.1,20.8
2026-04-15 04:06:59,73.88,111.2,131.0,6.01,41.4,45.1,20.8
2026-04-15 04:07:00,76.76,93.7,114.7,6.7,41.9,43.5,20.8
2026-04-15 04:07:00,75.13,101.3,123.8,5.75,41.4,36.8,20.7
2026-04-15 04:07:00,76.3,117.9,139.7,5.45,43.0,40.8,20.7
2026-04-15 04:07:00,74.0,125.2,139.5,5.76,41.9,43.7,20.7
2026-04-15 04:07:00,74.48,97.2,122.0,5.75,40.8,33.8,20.7
2026-04-15 04:07:00,74.5,105.8,128.9,5.77,41.4,38.2,20.7
2026-04-15 04:07:01,74.43,91.8,114.8,6.56,41.9,33.3,20.7
2026-04-15 04:07:01,75.04,103.6,126.5,5.61,41.4,34.8,20.7
2026-04-15 04:07:01,72.49,122.8,145.9,5.38,41.4,38.9,20.8
2026-04-15 04:07:01,72.97,92.6,94.1,7.33,41.9,51.8,20.7
2026-04-15 04:07:01,73.0,100.2,123.2,5.74,40.8,39.1,20.8
2026-04-15 04:07:01,73.45,92.6,115.7,6.3,40.8,37.5,20.8
2026-04-15 04:07:02,75.9,86.2,112.2,6.12,40.2,39.4,20.8
2026-04-15 04:07:02,73.27,92.8,103.0,7.3,42.5,40.7,20.8
2026-04-15 04:07:02,74.07,87.4,110.5,6.2,40.2,37.1,20.8
2026-04-15 04:07:02,76.18,98.1,122.4,5.61,41.4,37.5,20.7
2026-04-15 04:07:02,75.36,102.7,125.9,5.88,41.9,37.5,20.7
2026-04-15 04:07:02,73.76,112.9,136.9,5.63,40.2,37.7,20.8
2026-04-15 04:07:03,75.38,93.2,111.3,6.85,41.4,40.7,20.8
2026-04-15 04:07:03,73.48,98.4,121.0,5.82,41.9,38.2,20.8
2026-04-15 04:07:03,74.71,91.8,115.0,6.25,42.5,34.4,20.8
2026-04-15 04:07:03,72.92,90.6,115.1,5.98,40.8,34.4,20.8
2026-04-15 04:07:03,74.91,96.8,120.5,5.82,40.8,47.1,20.8
2026-04-15 04:07:03,76.93,98.5,121.2,5.97,41.4,37.9,20.8
2026-04-15 04:07:04,76.6,87.3,110.5,6.43,41.4,40.6,20.9
2026-04-15 04:07:04,73.68,105.2,116.1,6.64,42.5,45.9,20.9
2026-04-15 04:07:04,74.71,123.2,146.3,5.42,39.7,39.4,20.9
2026-04-15 04:07:04,72.53,89.3,112.3,6.03,40.2,37.3,20.9
2026-04-15 04:07:04,74.77,93.2,114.2,5.86,41.4,35.8,20.9
2026-04-15 04:07:04,74.68,100.4,123.4,5.76,40.8,32.3,20.9
2026-04-15 04:07:05,72.54,93.6,116.9,6.2,41.4,32.2,20.9
2026-04-15 04:07:05,74.18,90.2,113.1,6.19,40.8,34.9,20.9
2026-04-15 04:07:05,75.11,100.2,122.6,5.66,41.9,43.7,20.9
2026-04-15 04:07:05,75.92,133.2,156.2,5.01,41.9,41.8,20.9
2026-04-15 04:07:05,75.91,117.0,140.1,5.44,40.2,37.8,20.9
2026-04-15 04:07:05,74.76,90.4,104.5,7.14,41.9,40.7,20.9
2026-04-15 04:07:06,74.1,89.0,111.7,6.05,41.4,38.8,20.9
2026-04-15 04:07:06,75.18,88.1,110.6,6.04,40.2,37.3,20.9
2026-04-15 04:07:06,76.93,88.8,111.8,5.97,41.4,37.5,20.9
2026-04-15 04:07:06,76.85,96.4,117.6,5.75,40.8,32.8,20.9
2026-04-15 04:07:06,77.53,105.1,128.3,5.7,40.8,36.2,20.9
2026-04-15 04:07:06,80.19,97.8,120.7,6.29,40.8,37.7,20.9
2026-04-15 04:07:07,82.39,90.5,113.6,6.27,41.9,38.1,20.9
2026-04-15 04:07:07,80.92,108.0,128.8,5.43,41.4,35.2,20.9
2026-04-15 04:07:07,80.02,114.0,137.3,5.79,41.4,44.1,20.9
2026-04-15 04:07:07,76.78,89.9,107.6,6.97,40.2,39.3,20.9
2026-04-15 04:07:07,83.55,88.0,111.1,6.04,41.4,42.6,20.9
2026-04-15 04:07:07,80.17,94.1,117.0,5.86,41.4,37.7,20.9
2026-04-15 04:07:08,82.16,87.5,110.6,6.24,41.9,41.5,20.9
2026-04-15 04:07:08,80.1,91.0,114.1,5.88,41.4,32.8,20.8
2026-04-15 04:07:08,74.66,88.1,111.1,6.11,41.9,39.4,20.8
2026-04-15 04:07:08,67.4,92.4,115.4,5.85,39.7,35.3,20.8
2026-04-15 04:07:08,79.68,86.9,110.0,6.21,41.9,38.5,20.8
2026-04-15 04:07:08,79.44,88.2,102.7,7.29,41.9,44.6,20.9
2026-04-15 04:07:09,77.9,95.9,118.7,5.81,41.4,32.8,20.9
2026-04-15 04:07:09,76.19,102.4,125.4,5.79,41.4,38.2,20.9
2026-04-15 04:07:09,77.35,145.7,168.7,4.77,40.2,42.7,20.9
2026-04-15 04:07:09,77.84,105.1,124.6,6.28,40.2,41.9,20.9
2026-04-15 04:07:09,77.96,93.4,116.4,6.45,40.8,41.3,20.9
2026-04-15 04:07:09,76.15,112.1,135.2,5.4,41.4,39.5,20.9
2026-04-15 04:07:10,69.34,104.1,123.5,6.31,40.8,40.3,20.9
2026-04-15 04:07:10,71.22,97.8,120.6,6.24,40.8,38.7,20.9
2026-04-15 04:07:10,70.36,93.7,116.9,6.15,40.8,45.6,21.0
2026-04-15 04:07:10,70.44,96.6,119.3,5.89,41.9,37.3,20.9
2026-04-15 04:07:10,75.06,84.9,109.5,6.35,39.7,39.7,20.9
2026-04-15 04:07:10,76.38,106.1,129.2,5.4,43.0,37.8,20.8
2026-04-15 04:07:11,79.06,99.8,122.7,6.24,42.5,39.1,20.8
2026-04-15 04:07:11,77.84,102.7,125.6,5.9,41.4,46.3,20.8
2026-04-15 04:07:11,79.63,113.0,137.2,5.62,40.8,38.6,20.8
2026-04-15 04:07:11,80.13,97.5,115.8,6.67,41.4,39.3,20.8
2026-04-15 04:07:11,79.21,86.6,107.8,6.42,40.8,39.3,20.8
2026-04-15 04:07:11,79.17,85.7,98.9,7.5,41.4,41.2,20.8
2026-04-15 04:07:12,78.95,105.5,117.8,6.56,40.8,47.6,20.8
2026-04-15 04:07:12,78.64,129.3,152.2,5.26,40.8,35.6,20.8
2026-04-15 04:07:12,78.23,102.2,125.3,5.79,41.9,37.7,20.8
2026-04-15 04:07:12,78.09,112.5,135.5,5.66,40.8,35.8,20.8
2026-04-15 04:07:12,78.93,88.9,109.3,6.95,42.5,48.3,20.8
2026-04-15 04:07:12,77.84,126.0,147.8,4.93,39.7,37.8,20.8
2026-04-15 04:07:13,79.32,116.6,138.4,5.25,40.8,42.9,20.8
2026-04-15 04:07:13,78.66,109.7,126.8,6.21,41.4,42.9,20.8
2026-04-15 04:07:13,79.32,97.5,120.1,6.49,40.8,42.2,20.8
2026-04-15 04:07:13,78.85,96.6,119.7,6.07,41.4,38.8,20.8
2026-04-15 04:07:13,73.52,90.2,113.5,6.24,41.4,41.8,20.8
2026-04-15 04:07:13,75.07,87.0,109.9,6.13,41.9,33.9,20.8
2026-04-15 04:07:14,74.96,130.8,142.2,5.64,40.8,45.1,20.8
2026-04-15 04:07:14,76.95,105.5,128.7,5.73,41.4,38.6,20.8
2026-04-15 04:07:14,77.42,101.8,121.9,6.14,40.8,41.8,20.8
2026-04-15 04:07:14,77.81,108.1,130.9,5.7,41.4,41.4,20.8
2026-04-15 04:07:14,77.12,94.1,115.6,6.66,41.9,42.9,20.8
2026-04-15 04:07:14,76.94,90.6,113.8,6.13,41.9,42.9,20.8
2026-04-15 04:07:15,77.76,116.6,139.7,5.19,41.4,38.2,20.8
2026-04-15 04:07:15,76.07,110.5,125.9,6.24,40.8,41.0,20.8
2026-04-15 04:07:15,76.65,88.6,111.1,6.89,40.2,46.6,20.8
2026-04-15 04:07:15,75.72,86.7,109.3,6.09,40.8,34.4,20.9
2026-04-15 04:07:15,78.45,112.8,124.5,6.27,41.4,44.6,20.9
2026-04-15 04:07:15,77.25,90.9,110.2,6.9,41.4,43.1,21.0
2026-04-15 04:07:16,76.91,103.8,125.6,5.54,40.2,38.7,21.0
2026-04-15 04:07:16,77.85,100.9,123.9,6.15,39.7,41.5,21.1
2026-04-15 04:07:16,78.03,101.7,124.8,5.97,41.4,35.9,21.1
2026-04-15 04:07:16,76.67,94.7,118.2,6.26,40.8,40.6,21.1
2026-04-15 04:07:16,76.09,113.3,132.7,5.41,41.9,44.4,21.1
2026-04-15 04:07:16,76.55,102.4,121.6,6.43,41.4,42.4,21.1
2026-04-15 04:07:17,76.22,104.5,128.8,5.89,41.4,36.1,21.1
2026-04-15 04:07:17,76.66,94.2,115.8,6.4,40.8,38.7,21.1
2026-04-15 04:07:17,77.77,89.3,109.5,6.23,41.4,39.4,21.1
2026-04-15 04:07:17,76.28,101.1,110.7,6.89,41.9,45.6,21.2
2026-04-15 04:07:17,77.96,107.3,133.6,5.68,41.4,41.4,21.2
2026-04-15 04:07:17,75.95,96.4,118.4,6.56,42.5,44.4,21.2
2026-04-15 04:07:18,76.86,93.8,116.9,6.1,43.0,40.3,21.2
2026-04-15 04:07:18,76.42,102.7,125.7,5.7,41.4,39.4,21.2
2026-04-15 04:07:18,75.73,90.8,114.1,6.46,41.4,37.1,21.1
2026-04-15 04:07:18,77.42,90.7,113.1,6.01,41.4,44.8,21.1
2026-04-15 04:07:18,76.64,108.9,132.2,5.38,40.8,37.0,21.1
2026-04-15 04:07:18,76.82,96.2,118.1,6.54,41.9,41.9,21.2
2026-04-15 04:07:19,76.11,114.5,137.8,5.4,41.4,38.7,21.2
2026-04-15 04:07:19,76.09,101.4,119.4,6.52,41.4,41.0,21.2
2026-04-15 04:07:19,76.76,104.8,133.3,5.7,40.2,37.7,21.2
2026-04-15 04:07:19,76.85,92.7,114.6,6.66,41.9,39.0,21.1
2026-04-15 04:07:19,77.24,102.1,121.1,5.71,41.9,43.2,21.1
2026-04-15 04:07:19,78.61,102.8,121.8,5.99,41.4,41.8,21.0
2026-04-15 04:07:20,76.38,101.9,125.4,6.0,41.4,32.8,21.0
2026-04-15 04:07:20,76.52,123.5,146.5,5.34,41.4,37.0,21.0
2026-04-15 04:07:20,77.68,117.3,140.3,5.17,41.9,39.5,21.0
2026-04-15 04:07:20,77.5,82.6,94.7,7.58,41.9,47.9,21.0
2026-04-15 04:07:20,74.48,89.4,105.7,7.13,41.9,41.5,21.0
2026-04-15 04:07:20,77.02,99.0,121.9,5.68,41.4,37.5,21.0
2026-04-15 04:07:21,76.95,88.0,111.1,6.43,40.2,38.7,21.0
2026-04-15 04:07:21,76.35,84.6,108.1,6.1,40.8,30.5,21.0
2026-04-15 04:07:21,76.57,86.3,100.6,7.41,40.8,43.4,21.0
2026-04-15 04:07:21,77.23,112.3,124.3,6.24,41.9,43.7,21.1
2026-04-15 04:07:21,77.03,91.0,110.0,6.95,41.4,42.1,21.1
2026-04-15 04:07:21,76.4,85.0,107.9,6.24,40.8,35.5,21.0
2026-04-15 04:07:21,76.0,87.0,101.3,7.39,42.5,39.6,21.0
2026-04-15 04:07:22,77.75,94.0,105.5,7.13,41.9,44.4,21.0
2026-04-15 04:07:22,76.86,102.6,125.6,5.71,40.8,37.1,21.0
2026-04-15 04:07:22,76.66,94.0,116.7,6.33,41.4,46.9,21.1
2026-04-15 04:07:22,76.56,110.5,133.9,5.45,41.9,33.8,21.1
2026-04-15 04:07:22,78.31,110.7,133.5,5.94,41.9,38.1,21.1
2026-04-15 04:07:22,77.9,96.5,116.4,6.64,41.9,43.3,21.1
2026-04-15 04:07:23,75.58,97.3,119.7,5.98,41.9,36.9,21.1
2026-04-15 04:07:23,79.15,145.1,168.0,4.67,40.8,38.8,21.1
2026-04-15 04:07:23,76.39,94.8,115.7,6.68,40.8,39.0,21.1
2026-04-15 04:07:23,76.63,101.6,124.8,5.76,41.4,38.6,21.0
2026-04-15 04:07:23,77.37,109.7,132.4,5.72,40.8,35.4,21.0
2026-04-15 04:07:23,77.14,87.8,108.5,6.91,41.4,38.2,21.0
2026-04-15 04:07:24,78.37,102.5,125.6,5.46,41.9,36.1,21.0
2026-04-15 04:07:24,76.9,113.9,137.0,5.67,41.9,44.3,21.0
2026-04-15 04:07:24,76.35,110.1,127.6,6.15,41.4,39.1,21.0
2026-04-15 04:07:24,77.63,88.5,110.8,6.9,40.8,39.3,21.1
2026-04-15 04:07:24,76.48,107.9,130.8,5.38,41.4,37.5,21.1
2026-04-15 04:07:24,77.64,88.5,111.2,6.79,41.4,39.7,21.1
2026-04-15 04:07:25,77.18,102.9,126.3,5.51,40.8,39.2,21.1
2026-04-15 04:07:25,77.24,94.8,118.0,6.32,41.4,37.7,21.1
2026-04-15 04:07:25,76.73,106.2,131.0,5.57,41.9,40.8,21.1
2026-04-15 04:07:25,76.79,90.9,109.8,6.68,41.4,41.0,21.1
2026-04-15 04:07:25,75.87,97.0,120.9,5.75,41.4,38.0,21.0
2026-04-15 04:07:25,76.33,104.0,127.0,5.8,41.4,38.2,21.1
2026-04-15 04:07:26,77.02,133.5,156.5,5.1,41.4,44.3,21.1
2026-04-15 04:07:26,79.81,118.3,141.4,5.41,42.5,39.2,21.0
2026-04-15 04:07:26,78.74,100.3,119.1,6.48,41.4,41.9,21.0
2026-04-15 04:07:26,77.34,100.7,124.0,6.2,40.8,35.6,21.0
2026-04-15 04:07:26,77.32,93.4,116.4,6.29,41.9,37.5,21.1
2026-04-15 04:07:26,77.77,96.5,116.8,5.88,40.2,36.9,21.0
2026-04-15 04:07:27,75.94,114.8,137.1,5.41,41.4,37.8,21.0
2026-04-15 04:07:27,76.98,95.3,112.8,6.81,40.8,41.4,21.1
2026-04-15 04:07:27,77.54,113.7,136.5,5.41,40.8,35.2,21.1
2026-04-15 04:07:27,77.43,146.5,165.2,5.02,41.4,52.4,21.1
2026-04-15 04:07:27,78.27,107.4,126.0,6.22,41.4,41.5,21.1
2026-04-15 04:07:28,77.53,111.9,135.1,5.84,40.8,41.5,21.1
2026-04-15 04:07:28,78.77,106.1,126.3,6.22,41.4,38.3,21.2
2026-04-15 04:07:28,78.49,91.6,114.6,6.57,40.8,35.7,21.2
2026-04-15 04:07:28,77.76,100.1,121.8,5.71,41.4,38.0,21.2
2026-04-15 04:07:28,78.82,93.6,116.6,6.23,40.8,40.9,21.2
2026-04-15 04:07:28,76.02,90.4,113.1,6.14,41.4,40.0,21.2
2026-04-15 04:07:29,76.44,94.8,117.8,5.85,40.8,34.8,21.2
2026-04-15 04:07:29,77.32,124.0,147.2,5.1,41.4,39.5,21.2
2026-04-15 04:07:29,77.28,103.5,126.5,5.58,41.9,37.8,21.2
2026-04-15 04:07:29,76.63,94.6,116.7,6.35,41.4,40.3,21.2
2026-04-15 04:07:29,77.17,100.3,123.0,5.8,40.2,37.7,21.2
2026-04-15 04:07:29,75.99,105.6,130.4,5.75,40.2,39.7,21.2
2026-04-15 04:07:30,79.21,108.1,128.1,5.93,40.8,48.6,21.2
2026-04-15 04:07:30,79.01,119.8,141.4,5.64,40.8,41.4,21.2
2026-04-15 04:07:30,78.04,108.5,120.6,6.47,40.8,50.0,21.2
2026-04-15 04:07:30,75.68,111.3,134.2,5.92,41.4,41.8,21.1
2026-04-15 04:07:30,76.45,101.6,123.1,6.37,40.8,42.9,21.1
2026-04-15 04:07:30,77.82,101.8,124.8,6.0,41.9,39.1,21.1
2026-04-15 04:07:31,77.58,93.8,116.8,6.3,41.9,34.5,21.1
2026-04-15 04:07:31,77.15,99.6,121.9,5.8,41.9,39.4,21.2
2026-04-15 04:07:31,76.87,95.2,118.2,6.16,41.9,39.1,21.2
2026-04-15 04:07:31,76.52,94.3,116.6,5.98,41.4,39.1,21.2
2026-04-15 04:07:31,77.47,106.0,125.8,5.66,41.9,43.5,21.3
2026-04-15 04:07:31,78.04,89.1,112.1,6.68,41.9,32.7,21.3
2026-04-15 04:07:32,77.37,102.1,125.5,5.55,40.8,37.5,21.3
2026-04-15 04:07:32,76.92,102.1,123.9,6.02,41.4,36.9,21.4
2026-04-15 04:07:32,77.74,94.7,117.7,6.28,41.9,36.1,21.4
2026-04-15 04:07:32,77.91,92.9,115.9,6.07,40.2,37.5,21.4
2026-04-15 04:07:32,76.96,98.1,120.9,5.8,40.8,40.3,21.3
2026-04-15 04:07:32,76.99,87.9,109.4,6.41,41.4,40.0,21.4
2026-04-15 04:07:33,75.48,113.0,137.8,5.17,40.2,35.5,21.4
2026-04-15 04:07:33,76.85,105.8,122.4,6.34,41.4,41.3,21.4
2026-04-15 04:07:33,76.7,108.4,131.6,5.91,40.8,40.6,21.4
2026-04-15 04:07:33,78.53,100.9,124.0,6.29,41.4,38.7,21.4
2026-04-15 04:07:33,76.79,113.8,136.8,5.57,40.8,36.8,21.4
2026-04-15 04:07:33,75.56,111.7,130.6,6.08,41.9,44.8,21.4
2026-04-15 04:07:34,77.01,105.1,125.9,6.21,40.2,40.0,21.4
2026-04-15 04:07:34,76.72,88.8,109.9,6.63,41.4,40.0,21.3
2026-04-15 04:07:34,75.81,100.3,121.3,5.66,40.8,38.0,21.3
2026-04-15 04:07:34,76.25,118.8,141.5,5.42,41.9,39.7,21.2
2026-04-15 04:07:34,76.59,116.9,130.5,6.07,40.8,42.4,21.2
2026-04-15 04:07:34,76.91,89.7,103.8,7.17,41.9,43.9,21.2
2026-04-15 04:07:35,75.15,94.7,118.1,5.8,40.8,40.0,21.2
2026-04-15 04:07:35,76.03,91.0,114.1,6.17,41.4,40.6,21.2
2026-04-15 04:07:35,76.73,116.1,139.2,5.21,41.4,40.0,21.2
2026-04-15 04:07:35,75.51,102.0,118.0,6.56,41.4,35.2,21.2
2026-04-15 04:07:35,76.34,111.3,134.1,5.67,41.4,45.8,21.3
2026-04-15 04:07:35,74.73,98.2,115.1,6.53,41.9,35.7,21.3
2026-04-15 04:07:36,77.77,113.0,136.4,5.5,40.2,35.7,21.3
2026-04-15 04:07:36,77.03,90.3,109.2,6.97,40.8,44.6,21.2
2026-04-15 04:07:36,76.79,100.7,123.7,5.65,41.4,38.0,21.2
2026-04-15 04:07:36,78.15,107.0,130.0,5.79,41.4,39.1,21.2
2026-04-15 04:07:36,77.13,111.0,134.1,5.8,40.2,39.7,21.2
2026-04-15 04:07:36,77.75,118.2,138.1,5.8,41.4,38.2,21.3
2026-04-15 04:07:37,74.76,107.3,121.9,6.4,41.9,42.2,21.3
2026-04-15 04:07:37,76.28,92.4,115.0,6.62,40.8,35.2,21.3
2026-04-15 04:07:37,77.03,116.3,137.6,5.24,41.4,36.5,21.3
2026-04-15 04:07:37,77.19,110.5,126.4,6.23,41.9,43.9,21.2
2026-04-15 04:07:37,78.32,104.6,118.0,6.22,41.4,48.4,21.2
2026-04-15 04:07:37,77.56,111.4,134.3,5.77,41.4,38.2,21.2
2026-04-15 04:07:38,77.87,110.9,132.4,5.97,42.5,44.1,21.2
2026-04-15 04:07:38,77.4,104.6,124.7,6.3,40.8,36.7,21.3
2026-04-15 04:07:38,77.43,108.9,131.5,5.85,41.4,41.2,21.3
2026-04-15 04:07:38,78.19,98.0,119.8,6.43,41.9,38.3,21.3
2026-04-15 04:07:38,76.88,101.6,124.6,5.87,40.8,42.3,21.3
2026-04-15 04:07:38,78.37,88.3,111.3,6.53,40.8,36.7,21.4
2026-04-15 04:07:39,77.3,343.1,366.2,2.37,43.0,78.4,21.0
2026-04-15 04:07:39,77.57,97.1,112.2,6.5,40.8,50.0,20.9
2026-04-15 04:07:39,75.88,94.3,118.4,6.06,42.5,32.8,20.9
2026-04-15 04:07:39,75.76,117.9,141.0,5.29,41.4,44.9,20.9
2026-04-15 04:07:39,77.09,94.0,106.1,7.0,41.4,36.5,21.0
2026-04-15 04:07:40,77.91,101.6,124.4,5.75,41.9,39.7,21.0
2026-04-15 04:07:40,77.34,86.8,110.0,6.58,41.9,36.7,20.9
2026-04-15 04:07:40,78.21,119.4,131.2,6.03,41.9,47.7,20.9
2026-04-15 04:07:40,77.18,94.3,107.3,7.06,41.4,44.1,20.9
2026-04-15 04:07:40,76.98,90.3,107.6,6.15,40.8,38.5,20.9
2026-04-15 04:07:40,75.64,93.1,116.1,5.9,41.4,38.2,20.9
2026-04-15 04:07:41,76.52,97.9,120.9,5.83,41.4,33.8,20.9
2026-04-15 04:07:41,74.98,97.5,120.6,6.01,41.9,38.5,20.9
2026-04-15 04:07:41,75.95,96.9,119.0,6.02,40.8,38.5,20.9
2026-04-15 04:07:41,76.22,114.2,138.4,5.37,40.8,35.2,20.9
2026-04-15 04:07:41,76.81,105.0,113.0,6.45,41.4,47.5,20.9
2026-04-15 04:07:41,75.29,107.3,130.3,5.92,40.8,41.2,20.9
2026-04-15 04:07:42,76.76,96.1,118.8,6.44,41.4,39.1,20.9
2026-04-15 04:07:42,75.55,105.7,128.7,5.68,40.8,35.8,20.9
2026-04-15 04:07:42,76.78,95.6,118.0,6.39,41.9,39.7,20.8
2026-04-15 04:07:42,75.73,112.2,135.3,5.46,41.4,39.2,20.8
2026-04-15 04:07:42,76.18,99.4,122.4,6.39,41.9,41.4,20.8
2026-04-15 04:07:42,76.95,92.6,114.5,6.36,41.9,40.9,20.8
2026-04-15 04:07:43,75.34,109.8,132.4,5.45,40.8,33.8,20.8
2026-04-15 04:07:43,77.57,96.4,117.4,6.53,40.2,39.3,20.7
2026-04-15 04:07:43,76.39,89.2,113.7,6.2,41.9,38.1,20.7
2026-04-15 04:07:43,76.21,87.3,110.9,6.13,40.8,34.9,20.7
2026-04-15 04:07:43,76.37,108.0,131.1,5.36,41.4,42.3,20.7
2026-04-15 04:07:43,76.56,112.2,135.3,5.86,41.4,41.2,20.7
2026-04-15 04:07:44,77.7,92.5,113.1,6.8,41.4,33.3,20.8
2026-04-15 04:07:44,76.77,89.3,111.5,6.06,41.4,33.9,20.8
2026-04-15 04:07:44,76.05,115.3,133.1,5.24,41.4,37.3,20.8
2026-04-15 04:07:44,76.92,100.6,117.7,6.58,40.2,44.4,20.9
2026-04-15 04:07:44,76.4,101.7,124.5,5.97,40.2,40.6,20.9
2026-04-15 04:07:44,76.72,95.6,118.7,6.23,40.2,39.1,20.9
2026-04-15 04:07:45,75.28,131.1,154.1,4.95,40.2,36.4,20.9
2026-04-15 04:07:45,77.73,143.4,166.9,4.7,41.4,40.7,20.9
2026-04-15 04:07:45,77.54,102.0,122.7,6.32,40.2,41.9,20.9
2026-04-15 04:07:45,77.38,106.0,125.9,5.86,40.2,38.8,21.0
2026-04-15 04:07:45,78.28,107.8,123.9,5.95,40.8,41.9,20.9
2026-04-15 04:07:45,77.74,96.5,120.1,6.42,41.9,40.3,20.9
2026-04-15 04:07:46,77.34,93.3,115.9,6.15,41.4,38.5,20.9
2026-04-15 04:07:46,77.51,104.6,126.8,5.62,40.8,36.2,20.8
2026-04-15 04:07:46,77.92,96.1,119.6,6.32,40.2,38.1,20.9
2026-04-15 04:07:46,78.85,96.3,111.6,6.01,41.9,38.8,20.9
2026-04-15 04:07:46,77.2,89.8,112.5,6.24,40.8,35.9,20.9
2026-04-15 04:07:46,77.67,98.1,118.1,5.72,40.8,38.2,20.8
2026-04-15 04:07:47,76.59,92.8,115.9,6.2,41.4,38.8,20.8
2026-04-15 04:07:47,78.02,91.0,113.8,6.07,41.9,38.8,20.8
2026-04-15 04:07:47,77.37,104.2,127.1,5.56,41.4,38.9,20.8
2026-04-15 04:07:47,77.03,87.5,110.6,6.67,41.4,36.2,20.8
2026-04-15 04:07:47,77.49,105.0,127.9,5.43,41.4,44.4,20.9
2026-04-15 04:07:47,77.57,127.2,150.3,5.3,40.8,40.3,20.9
2026-04-15 04:07:48,75.9,113.3,136.3,5.38,41.4,33.3,20.9
2026-04-15 04:07:48,77.49,92.9,112.4,6.82,41.4,39.7,20.9
2026-04-15 04:07:48,77.89,94.9,117.9,5.94,41.4,39.4,20.9
2026-04-15 04:07:48,79.11,84.4,107.5,6.41,40.8,36.5,20.9
2026-04-15 04:07:48,78.22,98.8,113.2,6.77,41.9,46.4,20.9
2026-04-15 04:07:48,76.83,102.5,125.4,5.87,41.4,39.4,20.9
2026-04-15 04:07:49,75.95,101.8,124.9,6.03,40.2,36.4,20.9
2026-04-15 04:07:49,77.01,96.5,119.5,6.2,41.4,41.3,20.9
2026-04-15 04:07:49,78.05,90.0,113.1,6.24,41.4,37.9,20.9
2026-04-15 04:07:49,76.76,121.5,130.3,6.06,40.8,49.3,20.9
2026-04-15 04:07:49,78.25,88.6,111.5,6.0,40.8,36.4,20.9
2026-04-15 04:07:49,77.39,105.0,126.7,5.46,41.9,38.7,20.9
2026-04-15 04:07:50,76.31,92.4,112.7,6.5,41.4,41.9,20.9
2026-04-15 04:07:50,76.39,133.0,156.1,4.82,40.8,35.5,20.9
2026-04-15 04:07:50,76.41,106.1,128.9,5.79,41.4,39.4,21.0
2026-04-15 04:07:50,77.47,93.5,115.5,6.49,41.4,36.7,20.9
2026-04-15 04:07:50,78.1,87.7,110.1,6.22,40.8,40.0,20.9
2026-04-15 04:07:50,77.5,96.5,119.7,5.69,40.8,37.1,20.9
2026-04-15 04:07:51,75.63,91.0,114.1,6.22,40.8,40.3,20.9
2026-04-15 04:07:51,77.74,90.1,114.6,5.97,41.4,36.9,20.9
2026-04-15 04:07:51,76.44,120.0,142.7,5.14,41.4,42.9,20.9
2026-04-15 04:07:51,77.59,100.0,123.1,5.55,41.4,31.9,20.9
2026-04-15 04:07:51,78.64,100.6,123.5,5.99,41.4,41.2,20.9
2026-04-15 04:07:52,77.11,91.1,114.0,6.35,41.4,38.7,20.9
2026-04-15 04:07:52,76.95,87.4,109.9,6.16,41.4,38.8,20.9
2026-04-15 04:07:52,76.89,92.4,104.3,7.21,40.8,43.4,20.9
2026-04-15 04:07:52,77.46,91.1,113.2,6.01,39.7,36.9,20.9
2026-04-15 04:07:52,75.27,112.5,135.7,5.36,41.4,44.2,20.9
2026-04-15 04:07:52,76.79,88.1,107.6,7.04,41.9,41.1,20.9
2026-04-15 04:07:53,76.72,103.6,126.2,5.49,41.9,38.9,20.9
2026-04-15 04:07:53,76.45,102.8,125.9,6.04,40.2,40.3,20.9
2026-04-15 04:07:53,77.35,103.6,126.5,5.98,41.4,42.6,20.9
2026-04-15 04:07:53,76.64,91.3,114.1,6.48,41.9,46.7,20.9
2026-04-15 04:07:53,77.42,90.4,113.5,6.03,41.9,38.8,20.9
2026-04-15 04:07:53,76.96,97.5,120.5,5.76,40.8,39.1,20.9
2026-04-15 04:07:53,75.08,92.1,118.8,6.07,40.2,35.9,20.9
2026-04-15 04:07:54,77.84,92.4,115.8,6.03,40.2,37.9,20.9
2026-04-15 04:07:54,78.17,107.0,129.8,5.6,40.2,41.7,20.9
2026-04-15 04:07:54,77.29,108.7,131.7,5.95,41.4,39.4,20.9
2026-04-15 04:07:54,77.66,110.9,134.1,5.92,41.4,38.8,20.9
2026-04-15 04:07:54,77.13,105.3,125.1,6.21,40.8,39.1,20.9
2026-04-15 04:07:55,78.22,118.5,141.1,5.56,41.4,40.8,20.9
2026-04-15 04:07:55,77.54,103.2,117.2,6.61,41.9,40.0,20.9
2026-04-15 04:07:55,77.37,128.0,151.0,5.23,40.2,47.3,20.9
2026-04-15 04:07:55,78.45,116.1,137.6,5.3,41.4,37.8,20.9
2026-04-15 04:07:55,77.57,96.9,112.1,6.82,41.9,33.3,20.9
2026-04-15 04:07:55,77.8,91.8,114.9,6.19,41.4,37.5,20.9
2026-04-15 04:07:56,76.82,92.6,116.0,5.97,41.4,36.8,20.9
2026-04-15 04:07:56,78.66,110.0,132.6,5.45,39.7,36.6,20.9
2026-04-15 04:07:56,77.96,131.6,153.7,5.3,40.8,40.5,20.9
2026-04-15 04:07:56,76.84,105.2,128.1,5.78,41.9,39.1,20.9
2026-04-15 04:07:56,76.59,98.2,120.5,6.26,41.9,37.5,20.9
2026-04-15 04:07:56,77.39,87.8,110.0,6.4,41.4,35.6,20.9
2026-04-15 04:07:57,77.76,94.7,117.8,5.77,40.2,36.2,20.9
2026-04-15 04:07:57,77.05,107.5,130.5,5.58,41.4,40.0,21.0
2026-04-15 04:07:57,76.88,106.8,129.6,6.03,41.9,40.9,21.0
2026-04-15 04:07:57,77.56,95.1,118.7,6.43,41.4,43.9,21.1
2026-04-15 04:07:57,77.34,111.0,133.5,5.5,40.8,40.0,21.1
2026-04-15 04:07:57,77.72,89.9,112.5,6.82,41.4,35.2,21.2
2026-04-15 04:07:58,76.89,90.6,113.8,5.99,40.8,40.0,21.2
2026-04-15 04:07:58,76.96,89.1,112.1,6.09,41.9,31.7,21.2
2026-04-15 04:07:58,78.24,95.6,118.2,5.77,41.4,37.3,21.1
2026-04-15 04:07:58,75.87,89.4,112.4,6.24,41.4,40.0,21.1
2026-04-15 04:07:58,77.76,94.3,117.4,5.83,41.4,34.4,21.1
2026-04-15 04:07:58,77.09,89.4,111.8,6.19,41.4,37.5,21.1
2026-04-15 04:07:59,76.81,109.6,130.6,5.34,41.9,40.3,21.1
2026-04-15 04:07:59,77.26,86.5,100.3,6.95,40.8,48.2,21.2
2026-04-15 04:07:59,77.41,105.3,117.7,6.59,41.4,45.2,21.2
2026-04-15 04:07:59,77.53,86.4,109.5,6.78,41.9,40.7,21.2
2026-04-15 04:07:59,76.08,100.9,114.0,6.73,43.0,46.7,21.2
2026-04-15 04:07:59,76.42,89.6,112.5,6.49,41.9,40.0,21.2
2026-04-15 04:07:59,78.34,103.1,126.2,5.55,40.8,34.3,21.1
2026-04-15 04:08:00,74.97,90.7,113.9,6.49,40.8,42.2,21.1
2026-04-15 04:08:00,77.0,90.1,113.1,6.02,41.9,34.8,21.1
2026-04-15 04:08:00,76.47,87.7,110.6,6.09,41.4,37.7,21.1
2026-04-15 04:08:00,77.44,98.0,119.5,5.65,40.8,37.5,21.1
2026-04-15 04:08:00,76.54,88.1,110.2,6.38,40.8,41.2,21.2
2026-04-15 04:08:00,77.17,101.5,124.6,5.56,40.8,33.3,21.2
2026-04-15 04:08:01,77.56,114.4,137.4,5.57,40.8,40.6,21.2
2026-04-15 04:08:01,78.21,88.3,106.6,7.11,41.9,44.6,21.2
2026-04-15 04:08:01,76.99,111.5,123.0,6.37,40.8,43.5,21.2
2026-04-15 04:08:01,77.3,105.2,125.4,6.26,41.4,40.3,21.3
2026-04-15 04:08:01,76.52,123.3,144.8,5.42,41.4,36.6,21.3
2026-04-15 04:08:01,77.27,91.7,114.8,5.94,42.5,40.8,21.3
2026-04-15 04:08:02,78.52,91.2,114.5,6.01,41.4,34.8,21.3
2026-04-15 04:08:02,76.95,95.0,118.3,5.8,41.9,38.2,21.3
2026-04-15 04:08:02,78.77,88.1,112.0,6.3,40.8,37.1,21.2
2026-04-15 04:08:02,76.71,111.1,134.3,5.3,41.9,39.2,21.2
2026-04-15 04:08:02,77.39,88.5,109.7,6.95,41.4,40.4,21.2
2026-04-15 04:08:03,77.86,107.7,130.9,5.38,40.8,42.7,21.2
2026-04-15 04:08:03,77.7,105.1,128.1,6.11,41.9,38.5,21.2
2026-04-15 04:08:03,79.01,121.0,142.5,5.47,42.5,41.9,21.2
2026-04-15 04:08:03,77.52,97.8,120.9,5.66,41.9,41.1,21.2
2026-04-15 04:08:03,79.14,92.9,115.9,6.18,42.5,38.1,21.1
2026-04-15 04:08:03,77.36,88.6,111.6,6.16,41.9,37.5,21.1
2026-04-15 04:08:04,78.81,91.3,113.9,5.9,41.4,36.8,21.2
2026-04-15 04:08:04,77.26,119.0,140.3,5.14,41.4,35.1,21.2
2026-04-15 04:08:04,77.93,92.3,105.2,7.14,40.8,44.8,21.2
2026-04-15 04:08:04,78.85,101.5,124.5,5.7,41.9,36.8,21.1
2026-04-15 04:08:04,77.4,87.9,110.8,6.54,41.9,41.3,21.1
2026-04-15 04:08:04,76.9,112.1,132.1,5.24,39.7,40.8,21.1
2026-04-15 04:08:05,76.4,88.6,107.7,6.97,41.9,43.1,21.2
2026-04-15 04:08:05,76.69,95.2,118.2,5.79,40.8,31.7,21.1
2026-04-15 04:08:05,78.62,118.9,142.4,5.24,41.4,44.0,21.2
2026-04-15 04:08:05,78.35,107.1,118.8,6.48,41.9,40.7,21.2
2026-04-15 04:08:05,77.88,91.8,120.1,6.39,41.4,39.1,21.2
2026-04-15 04:08:05,77.94,91.2,120.0,6.0,40.8,32.3,21.2
2026-04-15 04:08:06,78.74,90.5,114.0,6.22,41.4,37.9,21.2
2026-04-15 04:08:06,78.73,102.5,126.2,5.6,40.2,36.8,21.2
2026-04-15 04:08:06,77.69,104.5,128.1,5.94,40.8,41.4,21.2
2026-04-15 04:08:06,77.53,108.6,131.5,5.88,41.9,37.5,21.3
2026-04-15 04:08:06,77.11,100.1,127.0,6.17,41.4,40.0,21.3
2026-04-15 04:08:06,78.29,93.1,112.6,6.42,40.2,42.1,21.3
2026-04-15 04:08:07,77.61,92.2,115.2,6.04,40.8,37.3,21.3
2026-04-15 04:08:07,77.9,97.7,119.3,5.82,39.7,35.3,21.3
2026-04-15 04:08:07,77.79,89.4,115.2,6.19,42.5,38.5,21.3
2026-04-15 04:08:07,78.04,90.5,113.0,6.07,41.4,40.6,21.2
2026-04-15 04:08:07,77.28,111.2,134.3,5.34,40.2,39.2,21.2
2026-04-15 04:08:07,77.28,101.3,122.2,6.38,40.8,37.3,21.2
2026-04-15 04:08:08,77.24,92.9,116.3,6.31,40.8,33.3,21.2
2026-04-15 04:08:08,78.5,87.7,110.6,6.21,40.8,38.5,21.2
2026-04-15 04:08:08,78.21,93.9,117.3,5.77,40.2,38.0,21.2
2026-04-15 04:08:08,77.78,91.5,113.4,6.07,40.8,39.4,21.2
2026-04-15 04:08:08,77.38,111.0,133.0,5.37,41.9,40.6,21.2
2026-04-15 04:08:08,76.99,88.4,109.1,6.99,41.9,38.2,21.3
2026-04-15 04:08:09,76.68,113.6,136.8,5.21,41.4,39.0,21.3
2026-04-15 04:08:09,75.96,94.7,113.7,6.78,41.4,41.7,21.3
2026-04-15 04:08:09,76.77,89.3,112.9,6.19,40.2,38.5,21.3
2026-04-15 04:08:09,77.04,86.9,108.1,6.11,41.4,38.5,21.3
2026-04-15 04:08:09,77.95,90.9,102.9,7.29,42.5,44.8,21.3
2026-04-15 04:08:09,77.0,84.5,107.5,6.24,42.5,36.5,21.3
2026-04-15 04:08:09,78.18,98.1,114.5,6.72,41.4,44.3,21.3
2026-04-15 04:08:10,78.26,100.1,123.5,5.99,41.9,38.8,21.3
2026-04-15 04:08:10,77.72,110.4,133.3,5.67,41.9,38.9,21.3
2026-04-15 04:08:10,77.32,148.8,171.1,4.86,41.4,46.8,21.3
2026-04-15 04:08:10,77.86,93.7,109.9,6.94,42.5,42.1,21.3
2026-04-15 04:08:10,77.34,97.7,120.7,5.86,40.2,39.1,21.2
2026-04-15 04:08:11,78.01,120.8,143.8,5.27,41.9,37.5,21.2
2026-04-15 04:08:11,76.97,118.3,141.3,5.07,40.8,35.9,21.2
2026-04-15 04:08:11,77.55,101.7,116.5,6.64,39.7,35.7,21.2
2026-04-15 04:08:11,76.54,117.6,140.4,5.48,40.8,37.1,21.2
2026-04-15 04:08:11,77.4,86.4,101.7,7.35,40.8,42.6,21.2
2026-04-15 04:08:11,77.45,106.0,128.9,5.4,40.2,36.1,21.2
2026-04-15 04:08:12,78.12,114.3,137.4,5.72,41.4,38.2,21.2
2026-04-15 04:08:12,77.74,88.0,105.9,7.13,40.2,40.7,21.2
2026-04-15 04:08:12,77.85,100.2,122.9,5.58,40.2,42.5,21.3
2026-04-15 04:08:12,77.94,110.7,133.8,5.66,41.9,44.9,21.2
2026-04-15 04:08:12,79.04,101.8,123.8,6.34,40.8,43.1,21.2
2026-04-15 04:08:12,79.53,90.5,113.8,6.42,41.4,38.3,21.2
2026-04-15 04:08:13,78.86,92.6,115.2,5.93,41.9,40.0,21.2
2026-04-15 04:08:13,77.14,112.5,135.3,5.37,41.4,35.6,21.3
2026-04-15 04:08:13,79.31,88.0,108.6,7.01,40.2,42.1,21.3
2026-04-15 04:08:13,79.2,98.8,121.9,5.66,41.4,38.6,21.2
2026-04-15 04:08:13,78.35,124.6,147.7,5.2,40.2,35.1,21.2
2026-04-15 04:08:13,77.69,109.8,132.7,5.4,41.4,36.6,21.2
2026-04-15 04:08:14,79.08,91.2,113.7,6.75,40.2,36.8,21.3
2026-04-15 04:08:14,78.11,123.3,145.1,5.03,41.4,41.8,21.3
2026-04-15 04:08:14,78.86,95.3,118.2,5.82,41.9,38.0,21.2
2026-04-15 04:08:14,79.46,93.1,115.9,6.09,41.4,38.5,21.2
2026-04-15 04:08:14,78.91,120.7,143.6,5.15,40.8,34.2,21.2
2026-04-15 04:08:14,78.7,96.5,119.6,5.69,40.8,36.2,21.2
2026-04-15 04:08:15,79.59,89.7,108.7,6.26,41.4,37.5,21.2
2026-04-15 04:08:15,80.09,107.4,128.8,5.43,40.2,38.7,21.2
2026-04-15 04:08:15,78.81,126.4,149.8,5.38,41.4,43.4,21.2
2026-04-15 04:08:15,78.26,113.9,134.1,5.33,39.7,37.7,21.2
2026-04-15 04:08:15,80.39,92.5,110.8,6.88,40.8,40.7,21.2
2026-04-15 04:08:15,78.65,97.3,119.8,5.85,41.4,38.2,21.3
2026-04-15 04:08:16,79.77,114.4,137.5,5.44,40.2,41.6,21.3
2026-04-15 04:08:16,79.86,102.0,120.0,6.49,41.4,41.0,21.3
2026-04-15 04:08:16,79.42,108.2,130.7,5.78,41.4,49.3,21.3
2026-04-15 04:08:16,79.38,105.2,128.3,6.12,41.4,40.9,21.3
2026-04-15 04:08:16,78.71,101.7,124.9,6.13,40.8,36.5,21.3
2026-04-15 04:08:16,79.09,94.5,117.0,6.28,41.4,42.4,21.3
2026-04-15 04:08:17,79.25,87.0,110.2,6.27,41.4,39.1,21.3
2026-04-15 04:08:17,79.39,93.6,105.3,7.17,41.4,40.0,21.3
2026-04-15 04:08:17,78.78,149.9,171.6,4.48,41.4,43.8,21.4
2026-04-15 04:08:17,78.78,119.1,135.0,5.91,40.8,43.3,21.3
2026-04-15 04:08:17,78.73,103.8,117.3,6.61,41.9,42.4,21.3
2026-04-15 04:08:17,78.81,108.0,131.1,5.86,41.4,42.9,21.3
2026-04-15 04:08:18,79.35,321.8,345.2,2.63,41.4,81.8,21.3
2026-04-15 04:08:18,78.33,108.4,122.5,5.37,41.9,61.8,20.8
2026-04-15 04:08:18,77.98,101.7,124.3,6.26,41.9,43.1,20.8
2026-04-15 04:08:18,77.93,118.5,141.3,5.45,40.8,39.7,20.8
2026-04-15 04:08:19,76.99,109.8,124.1,6.32,40.8,41.9,20.8
2026-04-15 04:08:19,79.41,99.8,122.4,6.39,41.4,38.7,20.8
2026-04-15 04:08:19,77.91,102.6,123.8,5.89,41.4,42.0,20.8
2026-04-15 04:08:19,79.83,89.0,112.1,6.56,41.4,39.0,20.7
2026-04-15 04:08:19,79.67,95.5,118.1,5.78,41.9,33.3,20.7
2026-04-15 04:08:19,78.98,96.5,119.5,5.97,40.2,36.9,20.7
2026-04-15 04:08:20,78.39,117.4,140.1,5.33,41.4,44.2,20.8
2026-04-15 04:08:20,77.63,102.8,118.3,6.58,41.4,37.3,20.8
2026-04-15 04:08:20,79.88,112.1,135.2,5.69,40.8,44.3,20.8
2026-04-15 04:08:20,78.82,111.9,129.3,6.01,41.4,38.5,20.8
2026-04-15 04:08:20,78.81,100.4,122.7,6.38,41.4,45.3,20.7
2026-04-15 04:08:20,79.96,110.2,131.9,5.71,41.4,37.9,20.7
2026-04-15 04:08:21,78.83,112.8,134.9,5.92,40.8,42.0,20.7
2026-04-15 04:08:21,78.77,120.7,140.3,5.73,41.4,40.9,20.7
2026-04-15 04:08:21,79.34,92.8,115.8,5.82,41.9,35.3,20.7
2026-04-15 04:08:21,79.41,102.1,125.0,5.68,40.2,36.8,20.8
2026-04-15 04:08:21,77.61,104.0,127.1,5.94,40.2,37.3,20.8
2026-04-15 04:08:21,76.02,96.6,120.3,6.26,41.4,38.1,20.8
2026-04-15 04:08:22,77.25,112.3,133.9,5.5,42.5,42.3,20.8
2026-04-15 04:08:22,78.25,121.1,139.4,5.71,41.4,35.4,20.8
2026-04-15 04:08:22,78.24,94.6,103.3,7.14,41.9,43.9,20.8
2026-04-15 04:08:22,79.69,108.3,131.1,5.52,40.8,38.6,20.8
2026-04-15 04:08:22,79.16,108.5,132.6,5.94,41.4,43.3,20.8
2026-04-15 04:08:22,77.9,101.9,123.9,6.34,42.5,39.3,20.8
2026-04-15 04:08:23,77.63,101.4,124.4,6.02,39.7,39.7,20.8
2026-04-15 04:08:23,78.68,96.4,119.5,6.19,41.9,36.7,20.8
2026-04-15 04:08:23,77.44,103.4,126.3,5.76,41.4,34.3,20.8
2026-04-15 04:08:23,77.12,121.4,144.5,5.42,42.5,39.7,20.8
2026-04-15 04:08:23,79.02,92.7,115.8,5.84,41.4,38.6,20.9
2026-04-15 04:08:23,78.64,120.4,143.0,5.14,41.4,34.2,20.9
2026-04-15 04:08:24,78.51,94.2,105.9,7.13,40.2,42.1,20.9
2026-04-15 04:08:24,78.36,107.5,130.8,5.51,40.8,45.9,20.9
2026-04-15 04:08:24,77.85,105.7,127.6,6.11,41.9,38.5,20.8
2026-04-15 04:08:24,77.93,106.0,129.9,5.97,40.8,38.1,20.8
2026-04-15 04:08:24,78.75,89.7,112.8,6.69,40.2,39.0,20.8
2026-04-15 04:08:24,78.16,106.7,130.1,5.44,40.8,37.0,20.8
2026-04-15 04:08:25,79.22,92.3,121.9,6.32,40.2,36.7,20.8
2026-04-15 04:08:25,78.75,103.8,126.7,5.83,43.0,38.2,20.8
2026-04-15 04:08:25,79.07,99.2,119.3,6.15,41.9,45.5,20.8
2026-04-15 04:08:25,77.77,91.7,114.8,6.3,41.4,38.7,20.8
2026-04-15 04:08:25,77.54,117.0,140.0,5.2,40.8,36.0,20.8
2026-04-15 04:08:25,79.22,111.8,127.5,6.19,40.2,54.4,20.7
2026-04-15 04:08:26,79.35,88.2,107.5,7.02,40.2,41.1,20.8
2026-04-15 04:08:26,79.7,98.6,121.6,5.65,40.8,38.0,20.8
2026-04-15 04:08:26,80.0,91.2,115.5,6.24,40.8,39.1,20.8
2026-04-15 04:08:26,80.13,95.8,112.4,5.89,40.2,36.4,20.8
2026-04-15 04:08:26,79.2,95.8,118.3,6.0,40.8,37.9,20.8
2026-04-15 04:08:26,79.73,115.4,138.8,5.35,41.4,38.2,20.8
2026-04-15 04:08:27,79.42,86.7,103.3,7.28,40.8,43.6,20.8
2026-04-15 04:08:27,78.67,104.8,117.0,6.61,40.8,40.7,20.8
2026-04-15 04:08:27,79.93,98.5,123.3,6.17,41.4,41.8,20.9
2026-04-15 04:08:27,79.18,102.4,126.5,5.89,41.4,37.3,20.9
2026-04-15 04:08:27,79.27,110.4,135.2,5.7,41.9,50.0,20.9
2026-04-15 04:08:27,80.35,88.1,107.8,7.04,40.8,44.1,20.9
2026-04-15 04:08:28,79.09,89.4,112.1,5.94,41.4,37.7,20.9
2026-04-15 04:08:28,78.72,116.6,139.7,5.17,40.2,35.1,20.8
2026-04-15 04:08:28,79.66,85.7,97.8,7.37,41.9,41.5,20.8
2026-04-15 04:08:28,79.17,101.1,114.5,6.72,40.2,43.3,20.8
2026-04-15 04:08:28,78.67,93.1,115.6,6.29,41.4,44.1,20.9
2026-04-15 04:08:28,79.39,115.9,139.4,5.28,41.9,35.6,20.9
2026-04-15 04:08:29,77.46,119.9,135.3,5.88,40.8,40.6,20.9
2026-04-15 04:08:29,78.65,95.6,110.0,6.91,40.2,44.8,20.9
2026-04-15 04:08:29,78.09,92.9,115.7,6.17,40.8,40.0,20.9
2026-04-15 04:08:29,79.38,94.4,117.4,5.97,41.4,37.3,20.9
2026-04-15 04:08:29,78.74,93.2,116.3,6.04,41.9,46.3,20.9
2026-04-15 04:08:29,78.44,92.7,115.6,6.03,41.9,37.9,20.9
2026-04-15 04:08:30,77.06,91.6,114.2,6.04,41.4,34.9,20.9
2026-04-15 04:08:30,77.72,104.2,126.5,5.58,41.4,36.6,20.9
2026-04-15 04:08:30,78.73,115.4,137.9,5.62,41.9,42.0,20.9
2026-04-15 04:08:30,78.73,104.1,120.4,6.42,40.8,43.7,21.0
2026-04-15 04:08:30,79.59,124.7,147.2,5.36,41.4,38.9,21.0
2026-04-15 04:08:30,77.28,90.7,113.8,6.03,41.9,36.9,21.0
2026-04-15 04:08:31,79.19,112.1,135.2,5.32,40.2,39.2,21.0
2026-04-15 04:08:31,77.69,103.1,122.5,6.35,41.4,41.9,21.0
2026-04-15 04:08:31,78.16,94.8,117.9,6.32,40.2,43.3,21.0
2026-04-15 04:08:31,77.7,109.1,134.1,5.47,41.4,43.1,21.1
2026-04-15 04:08:31,80.2,93.6,116.7,6.61,40.8,40.0,21.0
2026-04-15 04:08:31,78.34,112.6,136.5,5.37,40.8,35.2,21.1
2026-04-15 04:08:32,78.72,93.1,110.3,6.91,40.2,40.0,21.1
2026-04-15 04:08:32,78.13,94.2,118.3,5.92,41.4,35.4,21.1
2026-04-15 04:08:32,78.1,102.2,125.0,5.78,41.4,38.2,21.1
2026-04-15 04:08:32,78.11,107.2,127.0,5.83,40.8,40.6,21.0
2026-04-15 04:08:32,78.8,117.4,140.8,5.65,41.9,42.0,21.0
2026-04-15 04:08:32,77.6,94.0,108.6,7.0,41.4,42.9,21.1
2026-04-15 04:08:33,77.33,89.5,112.4,6.16,41.4,37.5,21.1
2026-04-15 04:08:33,78.61,86.2,109.2,6.13,41.4,34.4,21.1
2026-04-15 04:08:33,77.87,111.4,124.2,6.3,40.8,46.2,21.1
2026-04-15 04:08:33,77.39,103.9,130.5,6.08,41.9,43.5,21.1
2026-04-15 04:08:33,78.3,99.9,122.3,6.37,40.2,42.9,21.1
2026-04-15 04:08:33,77.85,95.1,118.0,6.19,40.8,36.9,21.1
2026-04-15 04:08:34,76.94,129.0,151.6,4.98,40.2,35.4,21.1
2026-04-15 04:08:34,77.86,95.7,118.8,6.01,42.5,30.0,21.1
2026-04-15 04:08:34,77.52,103.7,122.7,5.73,41.9,34.8,21.2
2026-04-15 04:08:34,78.36,91.1,115.4,6.44,40.8,42.9,21.1
2026-04-15 04:08:34,77.6,103.9,128.9,5.53,41.4,37.8,21.1
2026-04-15 04:08:34,78.52,93.5,116.5,6.51,41.4,38.7,21.1
2026-04-15 04:08:35,77.53,90.5,114.0,6.1,43.0,38.5,21.1
2026-04-15 04:08:35,77.18,112.1,135.1,5.33,40.8,34.7,21.1
2026-04-15 04:08:35,77.97,100.7,121.4,6.44,41.4,46.2,21.1
2026-04-15 04:08:35,79.91,108.9,141.5,5.42,41.4,42.0,21.1
2026-04-15 04:08:35,77.39,94.8,108.3,6.99,40.8,39.3,21.1
2026-04-15 04:08:35,79.28,111.5,135.7,5.43,41.9,38.7,21.1
2026-04-15 04:08:36,79.15,109.6,130.1,6.07,41.9,41.5,21.1
2026-04-15 04:08:36,76.69,101.2,121.0,6.32,40.8,42.9,21.1
2026-04-15 04:08:36,77.85,107.3,130.3,5.84,41.4,42.3,21.2
2026-04-15 04:08:36,78.68,96.6,120.0,6.4,41.4,40.0,21.2
2026-04-15 04:08:36,76.04,93.8,116.4,6.12,40.8,39.1,21.2
2026-04-15 04:08:36,77.99,89.6,112.5,6.16,41.9,35.9,21.2
2026-04-15 04:08:37,77.93,97.2,117.4,5.74,41.4,34.8,21.2
2026-04-15 04:08:37,77.23,99.4,122.6,5.92,41.9,36.2,21.2
2026-04-15 04:08:37,78.56,91.4,116.2,6.22,41.9,34.4,21.2
2026-04-15 04:08:37,79.47,88.9,109.6,6.16,40.8,45.2,21.2
2026-04-15 04:08:37,79.44,111.2,138.6,5.17,40.2,38.5,21.2
2026-04-15 04:08:37,79.5,92.5,107.5,6.99,43.0,42.1,21.2
2026-04-15 04:08:38,79.59,123.7,146.7,5.05,40.8,37.5,21.2
2026-04-15 04:08:38,79.77,108.9,131.8,5.41,40.8,34.7,21.2
2026-04-15 04:08:38,78.53,95.1,116.9,6.54,40.2,36.7,21.2
2026-04-15 04:08:38,79.07,95.7,118.3,5.94,41.4,38.2,21.2
2026-04-15 04:08:38,79.0,114.7,136.8,5.41,41.4,39.7,21.2
2026-04-15 04:08:38,78.85,91.6,108.8,6.99,40.2,40.4,21.2
2026-04-15 04:08:39,77.79,93.1,115.5,5.95,41.4,40.6,21.2
2026-04-15 04:08:39,79.51,98.8,121.8,5.81,40.8,34.3,21.2
2026-04-15 04:08:39,79.43,112.3,135.5,5.55,41.4,37.1,21.2
2026-04-15 04:08:39,79.01,88.0,108.7,7.01,40.2,49.1,21.2
2026-04-15 04:08:39,78.24,107.9,131.0,5.37,41.9,38.4,21.2
2026-04-15 04:08:39,78.95,105.3,127.3,6.1,43.0,36.5,21.2
2026-04-15 04:08:40,79.64,105.0,128.2,6.01,41.4,41.2,21.2
2026-04-15 04:08:40,78.82,117.7,140.1,5.55,40.8,38.2,21.2
2026-04-15 04:08:40,80.2,89.8,103.3,7.23,42.5,42.3,21.2
2026-04-15 04:08:40,78.41,111.2,133.8,5.33,41.9,36.1,21.2
2026-04-15 04:08:40,77.87,88.4,109.5,6.95,41.4,38.9,21.2
2026-04-15 04:08:40,78.66,96.9,119.9,5.71,40.8,37.5,21.2
2026-04-15 04:08:41,80.04,108.4,131.5,5.61,41.4,38.6,21.2
2026-04-15 04:08:41,78.54,115.0,138.1,5.78,41.4,42.0,21.2
2026-04-15 04:08:41,79.61,106.6,124.7,6.12,41.4,44.8,21.1
2026-04-15 04:08:41,79.28,98.9,122.5,6.38,40.2,40.3,21.1
2026-04-15 04:08:41,78.52,101.4,124.6,6.01,41.4,41.8,21.2
2026-04-15 04:08:41,78.78,97.0,120.1,6.19,41.4,36.5,21.1
2026-04-15 04:08:42,77.21,106.3,129.3,5.68,40.8,34.8,21.1
2026-04-15 04:08:42,79.07,97.2,119.1,6.35,39.7,43.1,21.1
2026-04-15 04:08:42,79.21,110.8,133.8,5.55,42.5,37.5,21.1
2026-04-15 04:08:42,77.7,107.5,128.9,6.13,40.8,39.4,21.1
2026-04-15 04:08:42,78.73,110.4,132.5,5.89,41.9,46.3,21.1
2026-04-15 04:08:42,78.41,92.5,114.7,6.72,41.9,35.7,21.1
2026-04-15 04:08:43,78.53,93.9,123.8,5.7,40.2,50.0,21.1
2026-04-15 04:08:43,79.24,89.8,112.9,6.46,40.2,36.7,21.0
2026-04-15 04:08:43,77.85,105.9,126.5,5.47,42.5,35.2,21.0
2026-04-15 04:08:43,79.14,96.6,119.7,6.36,40.8,37.7,21.0
2026-04-15 04:08:43,79.18,98.6,121.2,5.93,41.4,39.1,21.0
2026-04-15 04:08:43,76.91,93.0,116.1,6.22,40.8,35.5,21.0
2026-04-15 04:08:44,78.38,116.6,139.7,5.25,39.7,36.8,21.0
2026-04-15 04:08:44,77.1,107.7,127.4,6.19,42.5,40.0,21.0
2026-04-15 04:08:44,77.09,103.2,123.8,6.32,40.2,37.9,21.0
2026-04-15 04:08:44,78.12,104.5,127.5,5.96,40.8,35.9,21.0
2026-04-15 04:08:44,78.28,92.1,115.2,6.48,40.8,43.1,21.0
2026-04-15 04:08:44,77.83,128.1,152.0,4.92,42.5,39.2,21.0
2026-04-15 04:08:45,76.79,95.6,118.7,6.01,41.4,37.7,21.0
2026-04-15 04:08:45,79.54,95.3,117.5,6.02,40.2,37.5,21.1
2026-04-15 04:08:45,79.42,90.4,113.5,6.17,42.5,36.5,21.1
2026-04-15 04:08:45,78.97,90.3,115.5,5.89,40.8,34.4,21.2
2026-04-15 04:08:45,77.97,86.7,111.3,6.19,41.9,32.8,21.2
2026-04-15 04:08:45,78.63,93.5,104.8,7.19,41.9,46.4,21.2
2026-04-15 04:08:46,78.43,96.2,119.1,5.95,41.4,36.4,21.2
2026-04-15 04:08:46,77.92,101.1,124.1,5.83,41.9,40.0,21.2
2026-04-15 04:08:46,77.67,126.3,149.7,5.21,41.9,42.1,21.3
2026-04-15 04:08:46,78.04,93.4,116.8,5.99,41.9,36.4,21.3
2026-04-15 04:08:46,78.96,108.2,131.3,5.52,41.9,36.6,21.3
2026-04-15 04:08:46,79.25,98.8,123.8,6.29,41.4,46.8,21.3
2026-04-15 04:08:47,78.3,94.4,116.5,6.23,41.4,39.7,21.3
2026-04-15 04:08:47,79.26,88.1,110.2,6.25,41.4,36.9,21.3
2026-04-15 04:08:47,78.36,87.9,106.3,6.0,42.5,37.3,21.2
2026-04-15 04:08:47,77.91,111.5,134.5,5.26,41.9,38.2,21.2
2026-04-15 04:08:47,77.56,110.1,130.7,6.05,40.2,42.4,21.2
2026-04-15 04:08:47,77.49,109.5,131.1,6.03,41.9,38.1,21.2
2026-04-15 04:08:48,79.36,103.1,126.1,6.23,41.9,39.1,21.2
2026-04-15 04:08:48,78.65,90.1,112.7,6.52,41.4,38.3,21.2
2026-04-15 04:08:48,78.92,96.4,119.4,5.78,41.9,36.2,21.2
2026-04-15 04:08:48,79.32,116.9,139.4,5.34,41.9,36.6,21.2
2026-04-15 04:08:48,79.18,130.3,147.7,5.49,40.2,48.0,21.2
2026-04-15 04:08:49,78.07,99.4,122.3,5.99,41.4,41.2,21.2
2026-04-15 04:08:49,79.15,126.5,149.5,5.16,39.7,37.7,21.2
2026-04-15 04:08:49,78.4,103.4,126.0,5.66,41.4,34.8,21.2
2026-04-15 04:08:49,79.35,91.8,114.7,6.45,41.4,40.3,21.2
2026-04-15 04:08:49,78.29,108.7,131.7,5.45,41.9,34.7,21.2
2026-04-15 04:08:49,79.82,88.8,110.7,6.81,41.9,45.9,21.2
2026-04-15 04:08:50,78.27,111.5,132.5,5.28,41.4,38.5,21.2
2026-04-15 04:08:50,77.94,98.9,118.4,6.49,40.8,37.7,21.2
2026-04-15 04:08:50,79.02,116.0,137.2,5.42,40.8,40.3,21.2
2026-04-15 04:08:50,77.88,109.4,123.2,6.27,40.8,40.6,21.2
2026-04-15 04:08:50,77.74,132.6,155.0,5.28,40.8,45.3,21.1
2026-04-15 04:08:50,77.91,106.1,129.3,5.76,40.8,34.8,21.1
2026-04-15 04:08:51,77.38,96.0,118.9,6.4,40.8,41.9,21.1
2026-04-15 04:08:51,79.25,92.7,116.0,6.11,40.8,39.7,21.1
2026-04-15 04:08:51,77.17,105.1,128.1,5.6,41.4,38.6,21.1
2026-04-15 04:08:51,79.57,115.7,137.5,5.63,40.8,40.6,21.1
2026-04-15 04:08:51,78.49,93.3,110.1,6.92,41.9,43.3,21.1
2026-04-15 04:08:51,78.56,86.6,110.5,6.19,41.4,42.0,21.1
2026-04-15 04:08:52,77.38,93.1,115.9,5.85,41.4,34.8,21.2
2026-04-15 04:08:52,77.56,105.2,127.8,5.59,40.8,35.7,21.2
2026-04-15 04:08:52,78.22,90.0,113.1,6.61,41.4,41.4,21.3
2026-04-15 04:08:52,76.93,101.7,105.1,6.9,40.8,51.7,21.3
2026-04-15 04:08:52,79.73,134.4,157.0,5.02,39.7,41.8,21.3
2026-04-15 04:08:52,77.24,90.8,114.0,6.39,41.4,39.7,21.3
2026-04-15 04:08:53,78.49,105.0,129.0,5.5,41.9,37.5,21.3
2026-04-15 04:08:53,77.64,117.5,140.7,5.61,41.9,40.3,21.4
2026-04-15 04:08:53,79.01,94.6,109.5,6.97,41.4,41.4,21.4
2026-04-15 04:08:53,78.46,93.8,113.7,6.0,41.4,39.4,21.3
2026-04-15 04:08:53,78.76,105.6,128.8,5.61,41.4,38.6,21.4
2026-04-15 04:08:53,79.03,96.5,119.5,6.36,40.8,38.1,21.4
2026-04-15 04:08:54,77.69,99.4,122.3,5.91,40.8,37.3,21.3
2026-04-15 04:08:54,78.26,115.8,139.1,5.46,41.4,31.8,21.3
2026-04-15 04:08:54,78.48,103.9,119.3,6.47,41.4,39.0,21.3
2026-04-15 04:08:54,78.84,113.1,130.7,5.68,41.4,46.4,21.3
2026-04-15 04:08:54,77.3,89.8,108.9,6.99,41.9,40.0,21.3
2026-04-15 04:08:54,78.69,94.8,116.8,5.79,40.8,37.1,21.3
2026-04-15 04:08:55,78.93,103.9,126.9,5.62,40.8,36.2,21.3
2026-04-15 04:08:55,77.26,105.3,128.3,6.06,41.9,38.5,21.3
2026-04-15 04:08:55,78.09,107.1,130.2,5.94,41.9,44.8,21.3
2026-04-15 04:08:55,78.38,99.3,125.2,6.19,41.4,40.6,21.3
2026-04-15 04:08:55,78.57,102.0,125.4,6.0,41.9,38.8,21.3
2026-04-15 04:08:55,76.65,121.4,144.1,5.38,41.4,39.2,21.3
2026-04-15 04:08:56,76.63,295.9,328.5,2.57,40.8,85.4,20.8
2026-04-15 04:08:56,77.21,134.4,153.4,5.22,41.9,53.3,20.8
2026-04-15 04:08:56,78.13,98.7,121.6,6.11,42.5,35.9,20.8
2026-04-15 04:08:56,77.1,96.8,119.8,6.07,40.2,39.1,20.8
2026-04-15 04:08:56,76.4,90.8,113.8,6.23,41.4,41.5,20.8
2026-04-15 04:08:57,77.01,90.8,113.9,6.0,40.8,34.8,20.8
2026-04-15 04:08:57,78.71,109.4,132.4,5.4,41.4,37.8,20.8
2026-04-15 04:08:57,78.32,103.2,125.8,6.21,40.2,41.5,20.8
2026-04-15 04:08:57,77.93,102.5,124.5,6.05,41.9,38.7,20.8
2026-04-15 04:08:57,78.21,109.9,133.0,5.74,41.4,39.1,20.9
2026-04-15 04:08:57,79.79,95.3,118.2,6.57,40.2,43.9,20.9
2026-04-15 04:08:58,77.94,104.1,131.4,5.56,40.8,36.6,20.9
2026-04-15 04:08:58,78.75,99.9,123.0,6.34,41.9,41.5,20.8
2026-04-15 04:08:58,78.67,103.8,127.0,5.86,40.8,46.3,20.8
2026-04-15 04:08:58,79.71,90.5,111.4,6.51,40.2,37.3,20.8
2026-04-15 04:08:58,79.32,106.0,130.0,5.46,41.9,37.1,20.8
2026-04-15 04:08:58,80.36,87.6,110.6,6.81,40.8,39.0,20.8
2026-04-15 04:08:59,79.28,105.8,128.8,5.41,41.9,37.5,20.8
2026-04-15 04:08:59,80.51,92.4,115.5,6.53,40.2,37.3,20.8
2026-04-15 04:08:59,80.99,105.4,128.3,5.56,40.2,34.8,20.8
2026-04-15 04:08:59,81.39,102.2,125.3,6.12,41.4,39.4,20.9
2026-04-15 04:08:59,81.43,111.9,134.4,5.67,41.9,42.5,20.9
2026-04-15 04:08:59,82.98,90.3,109.8,6.82,41.9,40.4,20.9
2026-04-15 04:09:00,82.43,110.0,129.9,5.41,41.9,43.2,20.9
2026-04-15 04:09:00,82.31,92.6,115.2,6.71,40.2,43.5,20.8
2026-04-15 04:09:00,82.4,102.5,125.8,5.66,41.4,35.9,20.8
2026-04-15 04:09:00,82.69,91.6,114.6,6.44,40.8,40.9,20.8
2026-04-15 04:09:00,82.44,92.8,115.9,5.95,40.8,37.5,20.8
2026-04-15 04:09:00,81.07,93.3,116.4,5.99,40.8,34.8,20.8
2026-04-15 04:09:01,81.27,88.4,110.8,6.19,41.4,36.1,20.8
2026-04-15 04:09:01,81.38,101.2,122.1,5.57,41.4,39.7,20.8
2026-04-15 04:09:01,78.79,94.3,116.6,6.26,41.4,41.8,20.7
2026-04-15 04:09:01,80.07,117.8,141.1,5.23,40.8,40.0,20.8
2026-04-15 04:09:01,77.87,112.0,125.4,6.25,41.4,48.4,20.8
2026-04-15 04:09:01,75.65,95.0,114.9,6.7,41.4,39.0,20.8
2026-04-15 04:09:02,77.82,134.4,156.1,4.86,41.9,45.8,20.8
2026-04-15 04:09:02,78.01,103.4,126.2,5.92,41.4,38.8,20.8
2026-04-15 04:09:02,78.93,105.7,129.1,5.91,41.4,37.9,20.8
2026-04-15 04:09:02,79.59,115.1,137.3,5.69,40.8,42.0,20.8
2026-04-15 04:09:02,81.18,105.0,122.5,6.38,40.8,46.2,20.8
2026-04-15 04:09:03,77.67,101.2,124.5,6.14,40.2,40.9,20.8
2026-04-15 04:09:03,77.52,104.3,127.4,5.9,41.4,38.2,20.9
2026-04-15 04:09:03,78.02,112.3,134.8,5.73,40.2,37.7,20.9
2026-04-15 04:09:03,76.21,118.8,139.0,5.78,40.8,39.7,21.0
2026-04-15 04:09:03,78.27,108.0,120.4,6.42,40.2,46.0,21.0
2026-04-15 04:09:03,79.19,110.6,137.1,5.8,41.4,43.2,21.0
2026-04-15 04:09:04,79.01,106.4,123.8,6.28,43.0,41.4,21.0
2026-04-15 04:09:04,79.2,112.5,135.1,5.74,41.9,37.5,21.0
2026-04-15 04:09:04,78.3,94.7,113.7,6.74,41.9,42.6,21.0
2026-04-15 04:09:04,78.92,90.7,112.0,6.19,41.4,37.1,21.0
2026-04-15 04:09:04,78.1,105.9,128.8,5.51,41.4,37.8,21.0
2026-04-15 04:09:04,78.36,93.6,116.5,6.48,41.9,39.3,21.0
2026-04-15 04:09:05,78.15,88.5,111.1,6.19,41.4,40.3,21.0
2026-04-15 04:09:05,79.08,86.7,113.4,5.94,40.2,35.4,21.0
2026-04-15 04:09:05,78.89,107.7,125.1,5.44,41.9,41.1,21.0
2026-04-15 04:09:05,77.79,90.7,113.0,6.67,41.4,41.0,21.0
2026-04-15 04:09:05,79.62,88.5,109.7,6.09,42.5,36.9,20.9
2026-04-15 04:09:05,78.01,104.8,119.2,5.44,41.9,45.9,20.8
2026-04-15 04:09:06,78.59,116.7,138.3,5.63,40.8,39.4,20.8
2026-04-15 04:09:06,78.59,113.0,128.4,6.15,40.8,44.8,20.9
2026-04-15 04:09:06,78.01,86.4,105.9,7.15,41.9,38.9,20.9
2026-04-15 04:09:06,79.54,135.1,147.5,5.5,41.4,41.4,20.9
2026-04-15 04:09:06,77.72,105.6,128.8,5.86,41.4,38.2,20.9
2026-04-15 04:09:06,77.58,116.8,140.7,5.59,40.8,41.2,20.9
2026-04-15 04:09:07,78.64,89.9,104.5,7.21,41.4,40.7,20.9
2026-04-15 04:09:07,78.26,93.3,116.9,5.86,41.4,35.8,20.9
2026-04-15 04:09:07,78.62,104.4,127.0,5.65,41.4,38.9,20.8
2026-04-15 04:09:07,76.13,94.0,114.2,6.4,41.4,38.3,20.8
2026-04-15 04:09:07,77.23,121.4,139.7,5.16,41.9,48.7,20.9
2026-04-15 04:09:07,78.89,108.0,131.0,5.36,41.4,39.5,20.9
2026-04-15 04:09:08,79.17,114.5,137.3,5.78,40.2,38.8,20.9
2026-04-15 04:09:08,77.92,102.5,120.5,6.47,41.4,41.9,20.9
2026-04-15 04:09:08,77.06,88.5,111.6,6.56,41.9,37.3,20.9
2026-04-15 04:09:08,76.72,88.6,111.2,6.0,40.8,34.4,20.9
2026-04-15 04:09:08,77.07,130.2,153.2,4.8,41.9,40.7,20.9
2026-04-15 04:09:08,77.28,138.7,161.9,4.8,41.9,39.8,20.9
2026-04-15 04:09:09,76.76,96.6,117.9,6.34,42.5,37.1,20.9
2026-04-15 04:09:09,76.35,89.4,113.2,6.21,41.9,41.2,20.9
2026-04-15 04:09:09,78.0,102.9,125.9,5.61,41.4,38.0,20.9
2026-04-15 04:09:09,78.29,103.6,130.0,5.86,41.9,42.2,20.9
2026-04-15 04:09:09,77.55,87.9,110.6,6.79,40.8,39.7,20.9
2026-04-15 04:09:09,78.53,88.6,111.5,5.98,41.4,33.3,20.9
2026-04-15 04:09:10,77.19,97.3,120.3,5.7,41.4,31.3,20.9
2026-04-15 04:09:10,79.05,116.0,138.6,5.4,41.4,39.2,21.0
2026-04-15 04:09:10,77.67,95.1,111.8,6.85,41.4,45.0,20.9
2026-04-15 04:09:10,77.95,101.1,124.8,5.78,41.9,40.8,20.9
2026-04-15 04:09:10,76.61,94.8,117.7,6.27,41.4,36.1,20.9
2026-04-15 04:09:10,76.92,101.6,124.5,5.77,41.4,37.7,21.0
2026-04-15 04:09:11,77.9,117.2,140.3,5.49,40.8,38.0,21.0
2026-04-15 04:09:11,76.96,114.1,129.5,6.11,41.4,43.9,21.0
2026-04-15 04:09:11,78.13,135.0,152.9,5.34,40.8,43.1,21.0
2026-04-15 04:09:11,77.82,90.1,108.6,6.44,41.4,40.3,20.9
2026-04-15 04:09:11,78.13,100.2,123.2,5.65,40.2,34.8,21.0
2026-04-15 04:09:12,78.05,122.5,145.5,5.29,40.8,43.4,21.0
2026-04-15 04:09:12,77.0,94.8,117.7,5.77,41.4,37.5,21.0
2026-04-15 04:09:12,79.16,91.2,113.0,6.19,41.9,41.8,20.9
2026-04-15 04:09:12,78.27,101.3,123.7,5.66,39.7,34.3,20.9
2026-04-15 04:09:12,77.61,115.1,135.8,5.54,41.4,42.5,21.0
2026-04-15 04:09:12,77.74,101.2,118.3,6.55,41.4,41.0,21.0
2026-04-15 04:09:13,77.58,101.4,124.2,5.99,41.9,36.9,21.0
2026-04-15 04:09:13,78.88,130.1,153.1,5.12,40.8,33.8,21.0
2026-04-15 04:09:13,79.4,98.2,121.5,5.94,41.4,43.3,21.0
2026-04-15 04:09:13,78.9,108.9,131.2,5.6,40.8,39.1,21.0
2026-04-15 04:09:13,79.29,89.0,111.1,6.87,41.4,42.4,21.0
2026-04-15 04:09:13,77.95,87.8,110.8,6.06,41.9,36.9,21.0
2026-04-15 04:09:14,79.1,92.1,115.0,5.85,42.5,36.8,21.0
2026-04-15 04:09:14,79.19,89.8,112.8,6.08,41.9,36.9,20.9
2026-04-15 04:09:14,78.2,88.4,110.4,6.05,41.4,37.9,20.9
2026-04-15 04:09:14,78.27,85.5,107.3,6.11,40.2,37.9,20.9
2026-04-15 04:09:14,78.91,84.6,98.1,7.55,41.4,44.2,20.9
2026-04-15 04:09:14,79.08,128.6,146.4,5.54,43.0,45.8,21.0
2026-04-15 04:09:15,78.03,88.2,110.1,6.4,41.9,35.6,20.9
2026-04-15 04:09:15,79.44,87.2,108.3,6.04,41.4,37.9,21.0
2026-04-15 04:09:15,78.92,96.8,120.5,5.64,41.4,40.3,21.0
2026-04-15 04:09:15,77.51,102.1,125.2,5.86,41.9,38.5,21.0
2026-04-15 04:09:15,77.94,103.5,127.7,5.91,41.4,38.2,20.9
2026-04-15 04:09:15,76.82,92.4,115.5,6.48,41.9,39.7,20.9
2026-04-15 04:09:16,76.56,97.4,120.3,5.83,41.4,38.2,20.9
2026-04-15 04:09:16,78.44,92.9,113.0,6.17,40.2,35.5,20.9
2026-04-15 04:09:16,77.41,87.0,106.2,6.2,41.9,39.1,20.9
2026-04-15 04:09:16,77.59,88.6,111.0,5.97,41.9,35.9,20.9
2026-04-15 04:09:16,78.52,88.6,111.0,6.0,41.4,35.4,21.0
2026-04-15 04:09:16,78.1,91.5,100.0,7.31,41.9,52.8,21.0
2026-04-15 04:09:16,78.45,90.7,113.8,6.05,41.9,36.9,21.0
2026-04-15 04:09:17,78.1,94.1,116.9,5.88,41.9,32.8,21.0
2026-04-15 04:09:17,76.43,101.9,121.4,5.72,41.9,38.9,21.0
2026-04-15 04:09:17,77.52,117.2,140.2,5.52,40.8,35.7,21.1
2026-04-15 04:09:17,78.44,124.3,140.3,5.73,41.4,44.1,21.1
2026-04-15 04:09:17,77.89,117.8,141.2,5.16,41.4,38.5,21.1
2026-04-15 04:09:18,78.37,94.4,108.1,7.03,41.9,43.1,21.1
2026-04-15 04:09:18,77.6,86.7,107.4,6.3,41.9,37.5,21.1
2026-04-15 04:09:18,77.93,101.2,113.5,6.76,42.5,45.0,21.1
2026-04-15 04:09:18,76.86,93.6,116.7,6.29,40.2,36.5,21.1
2026-04-15 04:09:18,78.33,123.2,146.2,5.09,41.4,43.4,21.1
2026-04-15 04:09:18,78.13,90.2,113.2,5.99,41.9,34.8,21.1
2026-04-15 04:09:19,77.83,130.3,150.4,4.84,41.4,35.4,21.1
2026-04-15 04:09:19,76.49,103.8,125.9,5.72,40.2,36.2,21.1
2026-04-15 04:09:19,77.75,104.4,127.6,6.03,41.4,37.5,21.1
2026-04-15 04:09:19,76.74,104.1,127.1,6.02,39.7,40.9,21.1
2026-04-15 04:09:19,77.31,86.6,109.8,6.7,39.7,36.8,21.1
2026-04-15 04:09:19,76.96,95.4,108.0,7.03,41.9,46.6,21.1
2026-04-15 04:09:20,77.79,118.7,141.5,5.27,41.4,37.8,21.1
2026-04-15 04:09:20,76.84,90.2,103.5,7.25,41.9,42.9,21.1
2026-04-15 04:09:20,78.06,113.1,130.4,5.27,41.4,41.3,21.1
2026-04-15 04:09:20,79.45,114.4,134.9,5.91,41.9,47.1,21.1
2026-04-15 04:09:20,78.06,112.8,129.3,6.1,40.2,40.6,21.1
2026-04-15 04:09:20,78.49,99.8,118.7,6.52,40.8,43.5,21.1
2026-04-15 04:09:21,77.66,88.2,111.4,6.44,40.2,35.1,21.1
2026-04-15 04:09:21,78.97,92.2,115.3,5.87,41.9,38.2,21.1
2026-04-15 04:09:21,78.21,98.1,121.2,5.8,40.8,41.9,21.1
2026-04-15 04:09:21,78.2,104.3,127.5,5.79,40.8,38.2,21.1
2026-04-15 04:09:21,78.21,90.1,113.2,6.56,42.5,43.7,21.1
2026-04-15 04:09:21,78.32,90.7,113.9,5.96,41.9,36.4,21.1
2026-04-15 04:09:22,79.37,110.9,133.7,5.36,40.2,39.5,21.1
2026-04-15 04:09:22,78.0,111.7,134.9,5.91,41.4,41.8,21.1
2026-04-15 04:09:22,78.73,93.8,112.6,6.81,40.2,45.9,21.1
2026-04-15 04:09:22,78.75,105.0,138.0,5.33,40.2,44.2,21.1
2026-04-15 04:09:22,78.13,108.9,128.1,6.16,41.4,41.0,21.1
2026-04-15 04:09:22,78.65,134.8,157.3,5.21,41.4,40.8,21.2
2026-04-15 04:09:23,78.89,93.6,116.5,6.35,41.4,39.4,21.2
2026-04-15 04:09:23,78.49,100.8,123.4,5.76,40.2,41.1,21.2
2026-04-15 04:09:23,79.46,97.1,120.8,6.11,41.4,39.4,21.2
2026-04-15 04:09:23,77.32,92.0,116.7,6.16,41.4,39.1,21.2
2026-04-15 04:09:23,78.1,91.9,115.2,6.06,40.2,39.7,21.3
2026-04-15 04:09:23,79.25,88.5,109.1,6.14,41.4,36.5,21.3
2026-04-15 04:09:24,78.31,89.2,108.7,5.97,40.8,37.9,21.3
2026-04-15 04:09:24,77.71,134.8,157.8,4.72,40.8,35.7,21.3
2026-04-15 04:09:24,78.59,93.0,116.1,6.33,41.4,39.4,21.3
2026-04-15 04:09:24,78.49,98.6,121.6,5.81,40.2,45.7,21.3
2026-04-15 04:09:24,78.48,93.3,116.7,6.19,41.4,33.9,21.3
2026-04-15 04:09:24,79.16,99.3,122.3,5.8,41.4,35.8,21.3
2026-04-15 04:09:25,77.23,88.3,111.0,6.42,41.4,39.3,21.3
2026-04-15 04:09:25,77.52,100.6,127.6,5.47,42.5,37.1,21.3
2026-04-15 04:09:25,77.5,107.7,130.8,5.89,41.9,43.5,21.3
2026-04-15 04:09:25,77.83,105.8,128.6,6.08,40.2,35.5,21.3
2026-04-15 04:09:25,77.81,93.7,116.7,6.47,39.7,38.7,21.3
2026-04-15 04:09:25,77.55,92.3,114.8,6.05,40.8,36.9,21.3
2026-04-15 04:09:26,78.35,106.8,124.4,5.52,41.4,38.0,21.3
2026-04-15 04:09:26,77.34,93.9,115.7,6.5,40.8,39.7,21.3
2026-04-15 04:09:26,75.69,148.2,171.3,4.52,41.4,45.7,21.3
2026-04-15 04:09:26,75.58,102.3,119.9,6.5,42.5,42.2,21.3
2026-04-15 04:09:26,76.51,87.0,110.0,6.61,41.4,39.0,21.3
2026-04-15 04:09:26,75.24,87.6,99.8,7.47,41.4,46.4,21.3
2026-04-15 04:09:27,75.35,90.9,114.0,5.89,41.4,37.7,21.3
2026-04-15 04:09:27,78.11,164.8,187.1,4.15,40.8,38.7,21.2
2026-04-15 04:09:27,73.45,123.0,146.2,5.22,40.2,35.1,21.2
2026-04-15 04:09:27,73.76,120.5,142.8,5.07,41.4,38.7,21.3
2026-04-15 04:09:27,73.19,86.8,109.9,6.02,40.8,35.8,21.3
2026-04-15 04:09:28,72.17,87.0,99.1,7.5,41.9,42.3,21.3
2026-04-15 04:09:28,69.48,133.4,145.1,5.5,41.4,42.0,21.3
2026-04-15 04:09:28,71.27,103.8,126.7,5.95,40.8,36.9,21.3
2026-04-15 04:09:28,71.2,100.5,123.5,6.12,41.9,37.1,21.3
2026-04-15 04:09:28,72.9,109.0,132.0,5.71,41.4,47.9,21.3
2026-04-15 04:09:28,73.89,104.3,127.6,6.17,41.9,44.1,21.3
2026-04-15 04:09:29,76.42,91.6,118.0,6.34,42.5,37.7,21.3
2026-04-15 04:09:29,75.79,126.2,148.3,5.07,40.8,37.7,21.3
2026-04-15 04:09:29,71.52,99.0,120.2,5.78,41.4,36.2,21.3
2026-04-15 04:09:29,74.3,102.0,125.8,5.87,40.8,37.3,21.3
2026-04-15 04:09:29,77.23,117.8,141.0,5.51,39.7,38.9,21.3
2026-04-15 04:09:29,73.29,94.7,108.9,6.97,39.7,44.3,21.3
2026-04-15 04:09:30,71.7,120.1,142.2,5.21,41.4,39.0,21.3
2026-04-15 04:09:30,70.94,97.5,109.7,6.94,40.8,38.9,21.3
2026-04-15 04:09:30,73.35,117.3,139.6,5.37,41.4,40.0,21.3
2026-04-15 04:09:30,73.44,110.0,125.0,6.28,41.4,41.3,21.3
2026-04-15 04:09:30,75.0,100.7,120.7,6.36,41.4,47.5,21.3
2026-04-15 04:09:30,73.59,100.8,121.6,5.99,40.2,37.9,21.3
2026-04-15 04:09:31,72.59,88.2,111.0,6.51,41.4,39.7,21.3
2026-04-15 04:09:31,74.37,109.4,132.4,5.32,41.9,35.6,21.3
2026-04-15 04:09:31,72.83,104.2,127.2,6.2,39.7,37.1,21.3
2026-04-15 04:09:31,73.94,93.4,116.0,6.41,41.4,38.7,21.3
2026-04-15 04:09:31,72.59,95.2,118.1,5.94,41.4,39.1,21.3
2026-04-15 04:09:31,73.28,95.5,118.5,5.99,41.4,37.3,21.2
2026-04-15 04:09:32,76.31,92.8,115.8,6.09,41.4,38.1,21.2
2026-04-15 04:09:32,73.21,102.8,124.8,5.62,40.2,32.8,21.2
2026-04-15 04:09:32,76.37,109.1,132.1,5.83,40.8,42.6,21.2
2026-04-15 04:09:32,75.64,103.2,121.4,6.22,40.2,51.5,21.2
2026-04-15 04:09:32,75.64,107.3,130.2,5.86,41.4,40.0,21.2
2026-04-15 04:09:32,76.66,90.9,113.8,6.65,39.7,42.9,21.2
2026-04-15 04:09:33,75.86,88.7,111.5,6.08,40.8,35.9,21.3
2026-04-15 04:09:33,76.8,99.4,122.5,5.64,40.8,35.2,21.3
2026-04-15 04:09:33,75.92,94.1,117.1,6.2,41.4,37.5,21.3
2026-04-15 04:09:33,75.74,89.9,112.1,6.15,41.4,42.6,21.3
2026-04-15 04:09:33,74.39,110.8,133.9,5.34,41.9,36.5,21.4
2026-04-15 04:09:33,75.57,88.6,110.2,6.93,41.9,42.4,21.4
2026-04-15 04:09:34,75.24,93.8,116.8,5.82,41.4,36.4,21.4
2026-04-15 04:09:34,76.42,147.5,170.7,4.54,40.2,36.5,21.4
2026-04-15 04:09:34,75.67,104.6,120.8,6.38,41.4,39.1,21.4
2026-04-15 04:09:34,75.12,130.1,150.8,5.18,41.4,53.8,21.4
2026-04-15 04:09:34,75.43,110.1,133.2,5.58,40.2,38.0,21.3
2026-04-15 04:09:34,76.0,92.0,110.3,6.74,40.8,41.0,21.3
2026-04-15 04:09:35,75.04,105.8,128.7,5.55,40.8,37.1,21.3
2026-04-15 04:09:35,76.83,93.9,116.9,6.44,40.8,40.3,21.4
2026-04-15 04:09:35,76.91,94.6,118.9,5.94,42.5,42.6,21.4
2026-04-15 04:09:35,76.74,137.6,160.9,4.8,40.8,39.3,21.4
2026-04-15 04:09:35,76.57,96.2,119.3,6.32,41.4,42.4,21.4
2026-04-15 04:09:35,77.39,113.0,132.4,5.45,40.2,35.7,21.4
2026-04-15 04:09:36,75.5,99.6,118.8,6.54,41.4,42.2,21.4
2026-04-15 04:09:36,77.07,92.7,123.0,5.99,40.2,37.9,21.4
2026-04-15 04:09:36,77.24,88.7,112.1,6.36,41.9,48.4,21.3
2026-04-15 04:09:36,76.04,88.3,111.3,6.08,41.4,39.1,21.3
2026-04-15 04:09:36,76.32,94.9,117.1,5.77,43.0,31.2,21.3
2026-04-15 04:09:36,77.66,111.9,135.3,5.44,40.8,36.6,21.3
2026-04-15 04:09:37,75.59,94.4,113.2,6.73,40.2,39.0,21.3
2026-04-15 04:09:37,75.55,88.9,111.4,6.2,40.8,40.9,21.3
2026-04-15 04:09:37,76.09,118.2,141.2,5.11,39.7,37.3,21.3
2026-04-15 04:09:37,75.85,128.6,142.9,5.64,39.7,45.8,21.4
2026-04-15 04:09:37,74.9,94.6,116.2,6.03,40.2,39.4,21.4
2026-04-15 04:09:38,76.35,93.9,116.8,6.02,39.7,36.9,21.4
2026-04-15 04:09:38,77.44,96.2,119.3,5.93,41.9,40.0,21.3
2026-04-15 04:09:38,76.43,90.7,113.6,6.21,39.7,38.1,21.3
2026-04-15 04:09:38,76.12,91.5,114.5,5.97,41.4,38.7,21.3
2026-04-15 04:09:38,77.34,113.4,136.6,5.3,40.2,36.1,21.3
2026-04-15 04:09:38,77.05,114.6,131.8,5.96,40.8,40.3,21.3
2026-04-15 04:09:39,75.05,124.1,146.7,5.53,40.8,38.9,21.3
2026-04-15 04:09:39,76.09,89.1,112.3,6.17,41.9,39.4,21.3
2026-04-15 04:09:39,74.33,117.9,140.7,5.17,40.8,39.0,21.3
2026-04-15 04:09:39,75.49,95.7,109.0,6.93,41.4,42.1,21.3
2026-04-15 04:09:39,75.1,105.2,128.6,5.67,41.4,39.4,21.2
2026-04-15 04:09:39,76.51,88.4,111.5,6.69,41.9,32.7,21.2
2026-04-15 04:09:40,76.39,93.0,116.0,5.84,41.9,34.8,21.3
2026-04-15 04:09:40,76.59,112.0,134.2,5.36,41.4,40.5,21.3
2026-04-15 04:09:40,74.73,112.7,134.3,5.94,41.4,40.3,21.3
2026-04-15 04:09:40,75.09,86.5,104.2,7.21,40.2,42.9,21.4
2026-04-15 04:09:40,75.4,89.8,102.0,7.35,41.9,44.4,21.4
2026-04-15 04:09:40,76.66,91.1,114.1,5.96,40.8,34.8,21.4
2026-04-15 04:09:41,74.39,94.4,116.9,5.88,41.9,39.7,21.5
2026-04-15 04:09:41,75.2,92.9,117.1,6.02,41.4,36.4,21.5
2026-04-15 04:09:41,76.11,114.4,137.5,5.35,41.9,35.7,21.5
2026-04-15 04:09:41,74.54,107.2,124.9,6.28,42.5,42.9,21.5
2026-04-15 04:09:41,75.48,117.9,143.2,5.57,41.4,40.8,21.5
2026-04-15 04:09:41,76.35,103.3,116.8,6.61,40.8,43.5,21.5
2026-04-15 04:09:42,73.4,115.0,138.0,5.65,41.4,45.2,21.5
2026-04-15 04:09:42,76.22,100.6,117.5,6.58,41.4,45.2,21.5
2026-04-15 04:09:42,74.92,94.3,117.4,6.23,41.4,38.1,21.5
2026-04-15 04:09:42,74.94,100.0,123.2,5.8,40.8,40.0,21.4
2026-04-15 04:09:42,75.77,127.1,150.4,5.16,41.9,41.0,21.4
2026-04-15 04:09:42,73.7,109.4,132.4,5.5,41.4,36.8,21.4
2026-04-15 04:09:43,75.27,92.7,115.9,6.66,41.4,37.3,21.5
2026-04-15 04:09:43,76.03,107.0,130.2,5.53,40.2,37.1,21.4
2026-04-15 04:09:43,75.1,88.9,110.5,6.74,41.4,39.0,21.4
2026-04-15 04:09:43,74.69,91.7,114.5,5.9,40.8,39.1,21.4
2026-04-15 04:09:43,75.89,105.6,128.8,5.54,41.4,41.3,21.4
2026-04-15 04:09:43,75.23,94.9,116.8,6.42,41.4,36.2,21.3
2026-04-15 04:09:44,75.7,86.8,107.3,6.31,43.0,46.0,21.4
2026-04-15 04:09:44,75.18,107.9,120.2,6.48,41.9,39.0,21.4
2026-04-15 04:09:44,75.46,120.1,144.0,5.57,41.4,40.0,21.4
2026-04-15 04:09:44,72.94,107.6,128.8,5.36,41.4,35.6,21.4
2026-04-15 04:09:44,75.18,127.8,150.9,5.35,41.4,47.3,21.4
2026-04-15 04:09:44,73.61,89.8,113.8,6.07,40.2,34.4,21.4
2026-04-15 04:09:45,75.24,90.2,112.4,6.09,40.2,36.5,21.4
2026-04-15 04:09:45,75.03,103.6,126.5,5.56,41.9,39.7,21.4
2026-04-15 04:09:45,75.33,136.8,159.8,5.0,40.8,42.7,21.4
2026-04-15 04:09:45,76.83,88.4,111.5,6.6,40.8,35.7,21.4
2026-04-15 04:09:45,76.2,87.8,107.3,6.03,40.8,36.4,21.4
2026-04-15 04:09:45,75.15,90.0,113.2,5.92,41.4,32.8,21.5
2026-04-15 04:09:46,76.99,98.0,104.3,7.03,41.4,50.9,21.5
2026-04-15 04:09:46,73.21,95.7,119.2,6.1,40.8,40.0,21.5
2026-04-15 04:09:46,75.55,110.6,137.4,5.4,41.4,33.3,21.5
2026-04-15 04:09:46,75.41,84.4,101.3,7.34,40.2,47.5,21.6
2026-04-15 04:09:46,74.89,95.8,110.1,6.91,40.8,41.8,21.6
2026-04-15 04:09:46,75.96,101.2,124.1,5.82,41.9,38.2,21.6
2026-04-15 04:09:47,74.79,136.1,159.0,4.96,40.8,40.2,21.6
2026-04-15 04:09:47,74.7,91.3,114.3,6.45,41.4,39.1,21.6
2026-04-15 04:09:47,78.49,124.6,148.0,4.99,40.8,35.1,21.6
2026-04-15 04:09:47,75.62,124.1,147.3,5.02,41.4,39.0,21.6
2026-04-15 04:09:47,76.12,89.0,112.1,6.07,40.2,39.7,21.7
2026-04-15 04:09:47,75.65,119.4,142.8,5.07,41.9,40.8,21.7
2026-04-15 04:09:48,74.55,92.4,104.9,7.17,41.9,44.8,21.7
2026-04-15 04:09:48,76.68,291.8,314.1,2.72,42.5,79.7,21.7
2026-04-15 04:09:48,77.39,117.6,129.8,5.23,41.4,64.1,21.2
2026-04-15 04:09:48,76.52,102.5,117.6,6.6,41.4,37.9,21.2
2026-04-15 04:09:49,72.46,98.5,122.0,6.14,40.8,37.5,21.2
2026-04-15 04:09:49,76.52,97.8,120.9,6.04,40.8,39.7,21.1
2026-04-15 04:09:49,76.81,89.7,114.3,6.2,40.8,40.9,21.2
2026-04-15 04:09:49,75.11,94.1,118.2,5.9,41.9,38.8,21.1
2026-04-15 04:09:49,75.26,90.5,112.8,6.18,41.9,40.3,21.1
2026-04-15 04:09:49,75.01,125.9,148.8,4.96,41.9,38.2,21.1
2026-04-15 04:09:50,75.25,126.1,150.6,4.96,41.9,34.2,21.1
2026-04-15 04:09:50,76.34,131.0,154.0,4.92,39.7,41.2,21.1
2026-04-15 04:09:50,76.67,99.5,124.2,5.84,40.8,42.9,21.1
2026-04-15 04:09:50,75.34,91.1,114.2,6.44,40.8,38.7,21.0
2026-04-15 04:09:50,76.13,117.8,139.5,5.13,40.2,39.0,21.0
2026-04-15 04:09:50,75.86,89.1,101.5,7.33,41.9,42.6,21.0
2026-04-15 04:09:51,77.48,89.5,112.7,5.99,40.8,34.9,21.0
2026-04-15 04:09:51,77.52,95.3,118.3,5.81,41.9,35.3,20.9
2026-04-15 04:09:51,76.79,94.2,117.3,6.03,41.9,35.9,20.9
2026-04-15 04:09:51,76.46,102.9,127.2,5.67,39.7,38.0,20.9
2026-04-15 04:09:51,74.83,93.3,116.3,6.43,41.9,34.5,20.9
2026-04-15 04:09:51,77.83,89.2,109.4,6.15,40.8,40.3,20.9
2026-04-15 04:09:52,74.26,100.1,106.1,6.94,42.5,50.9,20.9
2026-04-15 04:09:52,76.36,110.9,132.6,5.63,41.4,40.3,20.9
2026-04-15 04:09:52,77.67,99.3,121.3,6.42,41.4,39.3,20.9
2026-04-15 04:09:52,75.98,102.3,125.2,5.93,41.4,36.9,20.8
2026-04-15 04:09:52,76.6,116.8,142.4,5.44,40.2,46.1,20.9
2026-04-15 04:09:52,75.94,95.5,118.4,5.68,41.4,36.6,20.9
2026-04-15 04:09:53,77.51,93.9,112.6,6.06,41.9,37.5,20.9
2026-04-15 04:09:53,75.99,89.7,112.8,6.16,41.4,33.9,20.9
2026-04-15 04:09:53,76.24,92.4,115.4,5.91,41.4,38.2,20.9
2026-04-15 04:09:53,75.96,120.9,142.0,5.12,41.4,33.8,20.9
2026-04-15 04:09:53,76.51,85.9,98.2,7.5,40.8,47.4,20.9
2026-04-15 04:09:53,77.02,112.8,135.9,5.22,40.8,43.0,20.9
2026-04-15 04:09:54,76.41,97.8,119.0,6.54,41.4,41.0,20.9
2026-04-15 04:09:54,78.52,92.4,115.4,6.26,40.8,37.1,20.9
2026-04-15 04:09:54,76.9,85.3,108.5,6.26,41.9,39.1,20.9
2026-04-15 04:09:54,78.0,101.0,114.2,6.73,41.9,42.4,20.9
2026-04-15 04:09:54,77.7,97.9,120.9,6.11,41.9,37.1,20.9
2026-04-15 04:09:54,77.23,87.0,110.5,6.4,42.5,37.7,20.9
2026-04-15 04:09:55,77.55,106.7,129.7,5.39,40.8,36.1,20.9
2026-04-15 04:09:55,76.53,111.6,136.1,5.75,40.2,35.4,20.9
2026-04-15 04:09:55,79.39,127.4,145.2,5.55,41.4,43.7,20.9
2026-04-15 04:09:55,76.91,101.5,124.9,5.74,42.5,39.4,20.9
2026-04-15 04:09:55,78.51,114.7,137.8,5.57,40.8,45.3,20.9
2026-04-15 04:09:55,77.49,106.3,120.6,6.33,40.8,38.3,20.9
2026-04-15 04:09:56,77.69,90.9,116.6,6.5,41.9,39.3,20.9
2026-04-15 04:09:56,75.92,120.3,143.2,5.16,40.8,37.7,20.9
2026-04-15 04:09:56,78.7,91.5,103.0,7.28,41.4,46.4,20.9
2026-04-15 04:09:56,75.94,105.5,128.7,5.53,40.2,38.4,21.0
2026-04-15 04:09:56,77.05,110.0,133.8,5.8,42.5,33.3,21.0
2026-04-15 04:09:56,77.69,111.5,132.2,6.0,40.2,42.6,21.0
2026-04-15 04:09:57,77.63,110.9,131.8,6.02,41.4,39.1,21.0
2026-04-15 04:09:57,78.88,94.0,115.7,6.68,41.9,36.8,21.0
2026-04-15 04:09:57,78.06,94.6,117.8,5.97,41.9,36.4,21.0
2026-04-15 04:09:57,77.86,98.5,121.0,5.87,40.8,38.8,20.9
2026-04-15 04:09:57,76.58,103.0,128.6,5.71,41.4,50.7,20.9
2026-04-15 04:09:57,77.71,100.1,123.1,6.26,40.8,43.8,20.9
2026-04-15 04:09:58,74.89,92.3,113.2,6.3,41.4,39.4,20.9
2026-04-15 04:09:58,75.58,98.3,121.3,5.79,41.4,43.5,20.9
2026-04-15 04:09:58,75.22,97.8,121.2,5.95,41.4,41.8,20.9
2026-04-15 04:09:58,78.46,84.7,107.8,6.58,41.9,40.0,20.9
2026-04-15 04:09:58,76.76,86.7,101.0,7.4,41.4,38.0,20.9
2026-04-15 04:09:58,77.4,103.5,115.8,6.65,41.9,42.9,20.9
2026-04-15 04:09:59,75.32,85.4,108.2,6.76,40.8,37.3,20.9
2026-04-15 04:09:59,76.67,104.7,118.2,6.55,41.4,40.4,20.9
2026-04-15 04:09:59,76.49,95.9,120.0,6.29,43.0,42.6,20.9
2026-04-15 04:09:59,77.35,102.8,125.6,5.81,41.9,41.7,20.9
2026-04-15 04:09:59,77.34,113.4,136.1,5.64,41.9,43.5,20.9
2026-04-15 04:09:59,76.83,107.2,123.1,6.24,41.4,40.3,20.9
2026-04-15 04:10:00,76.52,107.9,133.1,5.9,41.9,41.2,20.9
2026-04-15 04:10:00,75.26,92.7,114.8,6.69,41.4,39.7,21.0
2026-04-15 04:10:00,75.31,100.8,120.8,5.71,41.9,39.7,21.0
2026-04-15 04:10:00,74.86,111.5,134.7,5.65,41.4,36.9,21.0
2026-04-15 04:10:00,75.75,94.1,114.5,6.71,41.4,40.0,21.0
2026-04-15 04:10:00,73.86,91.0,113.9,6.12,41.4,37.5,21.0
2026-04-15 04:10:01,75.52,104.8,127.5,5.54,41.4,34.3,21.0
2026-04-15 04:10:01,75.91,100.4,123.4,6.17,40.8,40.9,21.1
2026-04-15 04:10:01,76.34,93.2,115.9,6.27,40.8,39.1,21.1
2026-04-15 04:10:01,77.78,95.5,118.0,5.92,41.9,39.1,21.0
2026-04-15 04:10:01,74.96,95.2,115.8,6.01,41.9,40.8,21.0
2026-04-15 04:10:01,76.38,92.2,115.0,6.11,40.8,46.2,21.0
2026-04-15 04:10:02,77.07,102.2,125.3,5.66,41.4,36.8,21.0
2026-04-15 04:10:02,77.06,110.7,133.7,5.72,41.9,36.2,21.0
2026-04-15 04:10:02,77.81,94.6,116.1,6.64,40.2,45.9,21.0
2026-04-15 04:10:02,76.91,95.0,118.1,5.99,41.4,38.2,21.0
2026-04-15 04:10:02,76.13,107.9,129.2,5.57,40.8,43.1,21.0
2026-04-15 04:10:02,76.39,104.0,127.4,6.14,41.9,40.6,21.1
2026-04-15 04:10:03,74.98,111.3,132.1,5.75,40.2,45.1,21.1
2026-04-15 04:10:03,78.33,92.6,115.1,6.68,41.9,41.7,21.1
2026-04-15 04:10:03,77.54,90.1,112.7,6.16,40.8,39.7,21.1
2026-04-15 04:10:03,76.38,96.0,119.0,5.8,41.4,31.1,21.1
2026-04-15 04:10:03,78.34,129.7,152.8,4.99,41.4,37.3,21.1
2026-04-15 04:10:03,75.79,117.8,140.8,5.32,41.4,34.8,21.1
2026-04-15 04:10:04,76.93,94.6,109.5,6.97,42.5,39.3,21.1
2026-04-15 04:10:04,78.45,93.1,116.9,6.04,41.4,38.8,21.1
2026-04-15 04:10:04,78.34,87.3,110.9,6.22,40.8,37.1,21.1
2026-04-15 04:10:04,77.49,103.3,114.9,6.69,40.8,45.8,21.1
2026-04-15 04:10:04,75.58,98.4,122.6,6.18,41.4,37.9,21.1
2026-04-15 04:10:04,80.32,95.8,118.5,6.14,40.2,40.0,21.1
2026-04-15 04:10:05,77.47,98.9,120.8,5.88,40.2,36.4,21.1
2026-04-15 04:10:05,79.08,107.1,130.2,5.73,41.9,44.1,21.1
2026-04-15 04:10:05,78.36,94.8,115.3,6.48,41.9,38.7,21.1
2026-04-15 04:10:05,78.24,112.2,135.2,5.44,41.4,41.7,21.1
2026-04-15 04:10:05,77.61,101.4,120.3,6.42,41.9,38.3,21.1
2026-04-15 04:10:05,76.7,135.9,158.6,4.97,40.8,40.0,21.1
2026-04-15 04:10:06,76.8,96.0,119.1,6.25,42.5,36.5,21.1
2026-04-15 04:10:06,77.28,131.6,154.7,4.94,39.7,45.6,21.2
2026-04-15 04:10:06,77.14,91.3,114.6,6.28,40.8,39.1,21.2
2026-04-15 04:10:06,77.5,139.5,161.3,4.62,41.9,37.9,21.2
2026-04-15 04:10:06,75.7,139.5,164.7,5.0,40.8,39.2,21.2
2026-04-15 04:10:06,77.15,94.1,117.6,6.55,40.2,34.5,21.2
2026-04-15 04:10:07,76.72,119.8,142.9,5.21,41.9,41.1,21.1
2026-04-15 04:10:07,76.75,124.4,136.6,5.84,41.4,37.9,21.1
2026-04-15 04:10:07,79.28,109.6,136.6,5.29,41.4,34.7,21.1
2026-04-15 04:10:07,78.08,114.3,133.1,5.98,41.4,43.3,21.1
2026-04-15 04:10:07,78.03,102.1,118.8,6.46,41.4,39.0,21.1
2026-04-15 04:10:08,76.98,102.3,129.8,5.84,40.2,38.8,21.1
2026-04-15 04:10:08,76.42,113.9,137.5,5.74,41.9,40.6,21.1
2026-04-15 04:10:08,77.05,112.5,131.4,6.05,39.7,40.9,21.0
2026-04-15 04:10:08,77.04,92.8,112.8,6.81,41.4,41.1,21.0
2026-04-15 04:10:08,76.67,92.1,114.4,6.06,40.8,38.5,21.0
2026-04-15 04:10:08,77.63,89.2,112.3,6.1,40.8,35.9,21.0
2026-04-15 04:10:09,76.54,120.6,142.5,5.05,41.4,38.3,21.0
2026-04-15 04:10:09,76.28,119.6,131.3,6.04,40.8,45.5,21.0
2026-04-15 04:10:09,75.31,109.0,121.8,6.41,40.2,40.0,21.0
2026-04-15 04:10:09,74.79,98.7,118.9,6.33,41.9,41.0,21.0
2026-04-15 04:10:09,74.93,87.9,110.7,6.48,41.4,41.3,21.1
2026-04-15 04:10:09,76.64,88.5,111.5,5.99,40.8,33.8,21.1
2026-04-15 04:10:09,75.53,88.0,109.3,5.98,41.4,40.6,21.1
2026-04-15 04:10:10,75.44,106.2,129.2,5.45,41.4,30.9,21.1
2026-04-15 04:10:10,75.16,112.6,135.2,5.78,41.4,44.3,21.1
2026-04-15 04:10:10,75.15,92.7,112.7,6.81,40.2,41.4,21.1
2026-04-15 04:10:10,75.84,92.3,115.4,6.02,40.8,37.3,21.1
2026-04-15 04:10:10,76.57,102.5,128.1,5.51,39.7,33.3,21.1
2026-04-15 04:10:10,76.88,96.5,119.1,6.41,39.7,43.1,21.1
2026-04-15 04:10:11,76.69,115.4,128.3,5.39,41.4,46.7,21.1
2026-04-15 04:10:11,78.64,88.8,105.7,7.16,40.8,44.1,21.1
2026-04-15 04:10:11,74.9,97.6,120.6,5.7,41.4,38.6,21.1
2026-04-15 04:10:11,77.14,97.1,120.2,6.02,40.8,37.9,21.1
2026-04-15 04:10:11,79.6,119.1,142.1,5.3,41.4,36.6,21.2
2026-04-15 04:10:11,78.68,86.2,99.1,7.48,41.9,38.0,21.2
2026-04-15 04:10:12,76.63,106.7,119.4,6.51,41.9,44.3,21.2
2026-04-15 04:10:12,77.74,95.2,120.3,6.36,40.2,35.6,21.2
2026-04-15 04:10:12,77.39,90.6,113.6,6.25,41.9,33.3,21.2
2026-04-15 04:10:12,76.05,103.7,126.0,5.56,41.4,38.9,21.2
2026-04-15 04:10:12,79.21,113.0,136.1,5.69,41.9,41.2,21.2
2026-04-15 04:10:12,78.24,114.9,134.6,5.93,41.9,37.5,21.2
2026-04-15 04:10:13,77.79,107.3,123.8,6.3,40.8,45.9,21.2
2026-04-15 04:10:13,76.63,120.8,144.4,5.53,40.8,46.8,21.2
2026-04-15 04:10:13,77.44,94.1,118.2,5.76,41.4,36.1,21.2
2026-04-15 04:10:13,77.22,87.0,109.9,6.26,40.8,37.7,21.2
2026-04-15 04:10:13,78.75,88.3,113.6,5.91,41.4,31.2,21.2
2026-04-15 04:10:14,77.82,102.0,124.7,5.62,40.8,36.8,21.2
2026-04-15 04:10:14,78.27,94.6,117.8,6.28,41.4,38.1,21.2
2026-04-15 04:10:14,78.65,84.1,106.9,6.41,40.8,37.7,21.2
2026-04-15 04:10:14,77.88,105.2,120.1,6.48,40.2,42.9,21.2
2026-04-15 04:10:14,77.68,117.6,137.9,5.58,40.8,39.4,21.2
2026-04-15 04:10:14,79.25,131.6,146.6,5.53,40.8,41.9,21.2
2026-04-15 04:10:15,77.46,116.5,139.3,5.41,40.2,37.0,21.2
2026-04-15 04:10:15,76.94,111.1,132.4,6.0,40.8,49.3,21.3
2026-04-15 04:10:15,77.49,109.9,126.4,6.21,41.9,45.5,21.3
2026-04-15 04:10:15,78.31,86.1,108.5,6.99,41.9,41.8,21.4
2026-04-15 04:10:15,77.59,104.0,115.5,6.67,40.2,43.3,21.4
2026-04-15 04:10:15,77.51,91.3,114.5,6.49,41.9,40.0,21.3
2026-04-15 04:10:15,78.31,94.9,118.2,5.88,41.4,39.4,21.3
2026-04-15 04:10:16,77.64,104.4,126.8,5.69,41.4,38.6,21.3
2026-04-15 04:10:16,77.15,89.4,111.7,6.58,41.9,41.3,21.3
2026-04-15 04:10:16,77.91,88.6,111.8,6.04,41.9,38.8,21.3
2026-04-15 04:10:16,75.49,86.3,109.6,6.08,40.2,38.5,21.3
2026-04-15 04:10:16,77.54,90.3,93.6,7.28,41.9,53.7,21.3
2026-04-15 04:10:16,76.85,87.1,109.5,6.14,41.9,35.5,21.4
2026-04-15 04:10:17,76.47,87.4,99.3,7.49,40.8,43.4,21.4
2026-04-15 04:10:17,77.58,109.0,132.0,5.31,40.8,36.0,21.4
2026-04-15 04:10:17,76.14,96.4,119.5,6.5,41.4,40.3,21.4
2026-04-15 04:10:17,78.35,112.5,136.7,5.44,41.9,39.7,21.3
2026-04-15 04:10:17,75.92,120.8,139.9,5.75,41.4,46.3,21.4
2026-04-15 04:10:17,77.75,121.3,132.6,5.99,40.8,41.5,21.4
2026-04-15 04:10:18,76.5,98.7,120.1,5.63,41.9,36.6,21.4
2026-04-15 04:10:18,76.34,93.4,118.5,6.12,41.4,36.9,21.4
2026-04-15 04:10:18,75.11,120.4,143.8,5.22,41.9,35.2,21.4
2026-04-15 04:10:18,75.91,115.5,138.8,5.13,40.2,38.7,21.4
2026-04-15 04:10:18,77.64,113.9,129.0,6.07,41.4,37.3,21.5
2026-04-15 04:10:18,75.72,99.9,118.1,6.56,41.9,43.5,21.5
2026-04-15 04:10:19,74.11,88.0,110.5,6.47,41.4,40.6,21.5
2026-04-15 04:10:19,76.4,97.1,120.1,5.69,41.4,34.8,21.6
2026-04-15 04:10:19,75.61,85.7,110.1,6.36,40.8,37.1,21.5
2026-04-15 04:10:19,75.39,102.6,125.9,5.49,41.9,40.5,21.5
2026-04-15 04:10:19,74.62,98.9,122.2,6.16,41.9,40.3,21.5
2026-04-15 04:10:19,76.04,91.6,115.4,6.25,40.8,40.0,21.5
2026-04-15 04:10:20,76.68,110.0,133.0,5.43,40.2,34.7,21.5
2026-04-15 04:10:20,75.03,104.4,124.2,6.21,42.5,36.1,21.5
2026-04-15 04:10:20,75.32,89.7,107.0,6.58,42.5,46.9,21.5
2026-04-15 04:10:20,76.32,122.7,145.7,5.01,40.8,43.0,21.5
2026-04-15 04:10:20,74.85,93.5,116.8,5.84,40.8,35.7,21.5
2026-04-15 04:10:21,76.54,104.8,127.8,5.63,41.9,37.7,21.4
2026-04-15 04:10:21,76.73,87.2,110.5,6.71,41.9,37.3,21.4
2026-04-15 04:10:21,72.06,89.0,111.8,5.95,41.4,36.9,21.4
2026-04-15 04:10:21,76.78,117.1,139.9,5.14,41.9,37.5,21.4
2026-04-15 04:10:21,76.42,103.3,118.8,6.54,40.8,36.8,21.3
2026-04-15 04:10:21,75.68,91.5,115.0,6.44,41.9,39.7,21.3
2026-04-15 04:10:21,75.25,88.4,112.6,6.08,40.2,39.4,21.3
2026-04-15 04:10:22,73.93,93.7,116.9,5.86,40.8,35.3,21.3
2026-04-15 04:10:22,77.43,87.9,109.2,6.18,40.2,39.4,21.3
2026-04-15 04:10:22,77.42,110.3,133.4,5.32,40.8,33.8,21.3
2026-04-15 04:10:22,74.8,101.4,123.1,6.35,41.4,42.9,21.3
2026-04-15 04:10:22,73.57,126.1,146.6,5.22,40.8,44.0,21.3
2026-04-15 04:10:23,75.58,94.9,118.1,5.93,41.4,33.8,21.3
2026-04-15 04:10:23,76.93,92.5,114.9,6.1,41.4,38.8,21.4
2026-04-15 04:10:23,79.01,90.5,113.5,6.07,41.9,37.1,21.4
2026-04-15 04:10:23,77.19,119.5,141.9,5.11,41.4,39.2,21.3
2026-04-15 04:10:23,77.24,101.1,114.3,6.71,40.8,38.9,21.3
2026-04-15 04:10:23,76.36,88.0,111.4,6.54,40.2,39.3,21.3
2026-04-15 04:10:24,74.64,92.2,115.1,5.87,41.4,34.3,21.3
2026-04-15 04:10:24,76.43,95.4,118.5,5.89,41.4,38.2,21.3
2026-04-15 04:10:24,77.05,110.7,136.4,5.42,41.4,36.6,21.3
2026-04-15 04:10:24,74.74,99.7,119.0,6.54,41.4,35.7,21.3
2026-04-15 04:10:24,74.82,92.9,114.3,6.25,41.4,39.1,21.3
2026-04-15 04:10:24,75.09,96.0,119.2,5.89,41.4,46.4,21.3
2026-04-15 04:10:25,74.87,90.7,113.8,6.2,41.4,38.5,21.3
2026-04-15 04:10:25,75.58,106.4,127.7,5.48,40.8,34.8,21.3
2026-04-15 04:10:25,76.94,116.8,138.7,5.65,40.8,43.7,21.4
2026-04-15 04:10:25,75.9,88.3,104.0,7.25,40.8,41.8,21.4
2026-04-15 04:10:25,75.29,97.8,120.7,5.67,40.2,38.6,21.3
2026-04-15 04:10:25,76.77,99.0,121.9,5.97,41.4,35.4,21.3
2026-04-15 04:10:26,74.04,109.6,133.7,5.61,40.8,37.1,21.4
2026-04-15 04:10:26,76.55,124.4,146.1,5.55,41.4,36.8,21.4
2026-04-15 04:10:26,75.12,113.9,136.7,5.28,41.4,39.7,21.4
2026-04-15 04:10:26,76.78,93.9,112.8,6.81,40.8,37.5,21.3
2026-04-15 04:10:26,75.84,86.9,107.6,6.27,40.8,44.3,21.3
2026-04-15 04:10:26,73.5,90.7,102.8,7.31,41.4,40.7,21.3
2026-04-15 04:10:27,75.81,103.8,126.9,5.56,40.2,38.9,21.3
2026-04-15 04:10:27,77.05,105.6,128.7,5.94,41.4,40.9,21.3
2026-04-15 04:10:27,76.46,115.0,138.2,5.68,41.4,34.4,21.3
2026-04-15 04:10:27,76.17,99.5,116.5,6.62,41.4,39.0,21.3
2026-04-15 04:10:27,76.94,111.4,134.8,5.59,41.9,40.6,21.3
2026-04-15 04:10:27,74.53,104.6,124.3,6.27,41.9,42.2,21.3
2026-04-15 04:10:28,72.8,110.3,134.0,5.78,40.8,36.2,21.3
2026-04-15 04:10:28,77.81,100.7,121.9,6.4,41.4,43.5,21.3
2026-04-15 04:10:28,76.13,102.3,123.9,5.95,39.7,36.9,21.3
2026-04-15 04:10:28,76.49,85.2,106.4,6.69,41.4,39.7,21.3
2026-04-15 04:10:28,76.5,99.6,113.5,6.77,41.4,53.4,21.4
2026-04-15 04:10:28,77.95,100.9,125.2,5.91,40.8,37.5,21.4
2026-04-15 04:10:28,78.15,88.3,111.4,6.54,40.2,39.3,21.4
2026-04-15 04:10:29,76.08,94.8,117.9,5.78,40.8,33.3,21.4
2026-04-15 04:10:29,75.8,108.0,130.7,5.56,41.9,37.5,21.4
2026-04-15 04:10:29,76.63,93.5,116.2,6.58,40.2,42.6,21.4
2026-04-15 04:10:29,76.53,105.7,131.2,5.51,41.9,37.0,21.4
2026-04-15 04:10:29,77.37,98.1,120.6,6.38,41.9,42.9,21.4
2026-04-15 04:10:29,75.15,86.3,105.4,6.48,41.4,37.7,21.4
2026-04-15 04:10:30,76.29,83.2,95.4,7.69,41.4,41.2,21.5
2026-04-15 04:10:30,76.05,101.2,117.1,6.61,41.4,42.4,21.5
2026-04-15 04:10:30,71.83,105.0,126.8,5.87,42.5,44.1,21.5
2026-04-15 04:10:30,73.72,115.5,138.7,5.65,41.4,40.3,21.5
2026-04-15 04:10:30,77.18,102.7,117.5,6.5,41.9,43.5,21.6
2026-04-15 04:10:30,74.06,88.7,111.8,6.56,41.4,41.3,21.6
2026-04-15 04:10:31,74.88,88.5,111.5,6.0,41.9,37.9,21.7
2026-04-15 04:10:31,75.18,86.1,108.8,6.1,40.8,36.9,21.7
2026-04-15 04:10:31,75.13,96.9,110.2,6.93,42.5,42.6,21.7
2026-04-15 04:10:31,74.8,95.5,118.6,6.06,41.4,38.8,21.7
2026-04-15 04:10:31,76.61,88.6,110.8,6.26,40.8,43.3,21.7
2026-04-15 04:10:31,75.8,88.5,111.6,5.97,41.4,36.4,21.7
2026-04-15 04:10:32,74.82,107.4,129.0,5.42,40.8,38.0,21.7
2026-04-15 04:10:32,77.07,91.3,114.3,6.65,41.4,40.3,21.7
2026-04-15 04:10:32,77.55,104.9,128.2,5.54,41.9,43.1,21.8
2026-04-15 04:10:32,76.53,103.9,127.0,6.05,40.8,37.1,21.7
2026-04-15 04:10:32,77.04,101.7,124.5,6.08,41.4,45.6,21.7
2026-04-15 04:10:32,77.86,98.5,121.4,6.12,41.9,41.3,21.7
2026-04-15 04:10:33,76.95,100.9,122.6,5.92,40.8,39.1,21.7
2026-04-15 04:10:33,74.72,115.1,138.0,5.53,39.7,36.2,21.7
2026-04-15 04:10:33,77.33,88.3,105.3,7.12,41.4,40.7,21.7
2026-04-15 04:10:33,78.39,89.9,113.0,5.89,40.8,36.4,21.7
2026-04-15 04:10:33,77.37,128.9,149.6,4.91,40.8,44.4,21.8
2026-04-15 04:10:33,76.75,118.7,141.6,5.27,40.2,37.2,21.8
2026-04-15 04:10:34,77.3,91.5,103.6,7.19,41.9,42.6,21.8
2026-04-15 04:10:34,77.44,89.6,112.5,6.07,40.2,41.2,21.8
2026-04-15 04:10:34,77.53,98.1,120.9,5.71,41.9,43.5,21.8
2026-04-15 04:10:34,76.95,96.4,119.5,6.06,41.4,42.0,21.7
2026-04-15 04:10:34,75.77,87.3,111.4,6.31,40.2,36.1,21.7
2026-04-15 04:10:34,77.98,92.9,115.5,5.85,40.2,37.7,21.7
2026-04-15 04:10:35,76.39,112.4,134.4,5.33,41.4,39.2,21.7
2026-04-15 04:10:35,74.61,91.3,110.1,6.94,40.8,38.6,21.7
2026-04-15 04:10:35,77.17,110.3,133.2,5.39,41.4,37.7,21.7
2026-04-15 04:10:35,77.69,121.7,144.1,5.58,41.4,38.8,21.6
2026-04-15 04:10:35,76.91,89.0,111.9,6.02,41.9,36.4,21.6
2026-04-15 04:10:35,76.65,87.3,110.8,6.05,40.8,38.8,21.6
2026-04-15 04:10:36,75.21,86.6,109.1,6.04,40.2,33.3,21.6
2026-04-15 04:10:36,77.04,97.5,98.3,6.86,41.9,54.2,21.6
2026-04-15 04:10:36,76.01,97.9,121.0,6.05,41.4,36.9,21.6
2026-04-15 04:10:36,76.43,88.4,110.9,6.35,40.8,40.6,21.6
2026-04-15 04:10:36,75.71,106.3,128.5,5.43,41.9,39.2,21.6
2026-04-15 04:10:36,76.76,103.0,126.1,6.12,41.9,37.5,21.6
2026-04-15 04:10:37,75.21,100.0,123.0,6.11,41.9,40.0,21.6
2026-04-15 04:10:37,75.81,94.8,117.8,6.2,42.5,33.9,21.6
2026-04-15 04:10:37,76.48,91.7,114.1,6.12,41.9,38.5,21.7
2026-04-15 04:10:37,76.79,97.7,120.9,5.79,40.2,38.6,21.7
2026-04-15 04:10:37,76.85,115.0,139.7,5.33,41.9,45.9,21.7
2026-04-15 04:10:37,74.9,93.1,106.3,7.1,41.9,42.9,21.7
2026-04-15 04:10:38,76.42,116.4,141.3,5.2,41.4,37.7,21.7
2026-04-15 04:10:38,77.76,92.6,106.5,7.11,41.9,39.6,21.6
2026-04-15 04:10:38,77.1,86.4,109.6,6.23,42.5,38.5,21.6
2026-04-15 04:10:38,76.89,99.3,113.3,6.77,41.4,44.1,21.5
2026-04-15 04:10:38,74.56,105.0,127.4,5.86,43.0,39.4,21.5
2026-04-15 04:10:38,75.77,93.5,116.6,6.45,41.9,38.1,21.6
2026-04-15 04:10:39,74.98,93.7,115.3,6.0,41.4,39.7,21.6
2026-04-15 04:10:39,76.87,88.4,109.8,6.2,40.8,39.1,21.6
2026-04-15 04:10:39,77.18,95.8,120.6,5.65,41.9,33.3,21.6
2026-04-15 04:10:39,76.96,123.5,143.4,5.22,41.4,41.9,21.6
2026-04-15 04:10:39,77.86,104.8,130.0,5.45,41.9,36.1,21.5
2026-04-15 04:10:39,77.63,89.4,111.9,6.71,41.9,44.6,21.5
2026-04-15 04:10:40,75.85,96.4,118.5,5.76,40.2,39.1,21.5
2026-04-15 04:10:40,77.94,95.0,118.1,6.06,41.4,35.4,21.5
2026-04-15 04:10:40,77.62,118.4,133.7,5.27,41.9,43.6,21.5
2026-04-15 04:10:40,75.42,90.8,105.3,7.18,41.4,38.9,21.5
2026-04-15 04:10:40,74.98,91.1,111.4,6.0,41.4,33.9,21.5
2026-04-15 04:10:40,77.89,103.5,126.3,5.59,42.5,37.5,21.6
2026-04-15 04:10:41,77.76,91.9,113.5,6.44,40.2,36.1,21.6
2026-04-15 04:10:41,77.81,107.9,130.9,5.48,41.9,34.8,21.6
2026-04-15 04:10:41,75.57,144.7,167.7,4.92,41.4,47.6,21.6
2026-04-15 04:10:41,77.9,98.2,119.8,6.5,41.4,39.3,21.6
2026-04-15 04:10:41,77.22,94.6,117.5,6.14,41.9,40.0,21.7
2026-04-15 04:10:41,77.15,98.6,121.6,5.87,40.8,36.4,21.7
2026-04-15 04:10:42,77.26,95.2,116.8,6.12,41.9,40.0,21.7
2026-04-15 04:10:42,78.22,95.1,116.5,6.0,41.4,33.3,21.7
2026-04-15 04:10:42,78.64,86.3,109.4,6.34,41.4,38.5,21.8
2026-04-15 04:10:42,79.06,93.2,106.8,7.09,41.9,42.6,21.8
2026-04-15 04:10:42,76.6,99.7,127.3,5.67,41.4,41.7,21.8
2026-04-15 04:10:42,77.28,94.5,117.5,6.37,40.8,38.7,21.9
2026-04-15 04:10:43,77.28,92.0,114.4,6.1,41.4,35.9,21.9
2026-04-15 04:10:43,78.26,95.4,118.9,5.86,40.2,44.1,21.9
2026-04-15 04:10:43,76.63,115.9,138.9,5.36,40.8,37.0,21.9
2026-04-15 04:10:43,76.83,88.1,104.7,7.2,41.4,43.1,21.9
2026-04-15 04:10:44,76.58,410.8,425.1,2.17,42.5,84.5,21.1
2026-04-15 04:10:44,79.05,150.9,168.4,4.94,41.9,37.5,21.1
2026-04-15 04:10:44,77.68,109.0,124.3,6.32,42.5,44.4,21.1
2026-04-15 04:10:44,77.29,93.3,115.0,6.6,41.9,44.6,21.0
2026-04-15 04:10:44,76.59,108.3,131.3,5.53,41.4,37.1,21.0
2026-04-15 04:10:44,76.97,117.7,140.1,5.68,41.9,37.9,21.0
2026-04-15 04:10:45,77.5,90.8,104.3,7.17,41.9,41.8,21.0
2026-04-15 04:10:45,77.7,88.9,114.6,5.97,41.9,34.4,20.9
2026-04-15 04:10:45,79.53,129.9,152.9,4.88,41.4,42.0,20.9
2026-04-15 04:10:45,78.4,109.8,130.0,5.56,41.9,44.0,20.9
2026-04-15 04:10:45,77.01,99.4,119.8,6.41,40.8,40.3,20.9
2026-04-15 04:10:45,78.26,85.9,109.8,6.44,40.8,37.3,20.9
2026-04-15 04:10:46,79.14,86.3,98.0,7.55,41.9,42.6,20.9
2026-04-15 04:10:46,78.24,108.2,118.9,6.49,42.5,43.5,20.9
2026-04-15 04:10:46,76.98,102.6,125.2,6.2,40.2,37.7,21.0
2026-04-15 04:10:46,77.73,107.2,130.2,5.85,40.8,34.8,20.9
2026-04-15 04:10:46,79.35,114.1,137.5,5.76,41.4,42.0,20.9
2026-04-15 04:10:46,78.3,94.1,112.4,6.83,41.4,39.7,20.9
2026-04-15 04:10:47,78.7,92.3,113.7,6.05,40.8,40.3,20.9
2026-04-15 04:10:47,79.14,84.1,107.5,6.33,41.9,32.8,20.9
2026-04-15 04:10:47,78.05,101.4,116.8,6.63,41.9,45.9,20.9
2026-04-15 04:10:47,78.56,106.4,129.6,5.83,41.4,46.5,20.9
2026-04-15 04:10:47,79.53,110.6,133.5,5.86,40.8,40.0,20.9
2026-04-15 04:10:47,77.01,111.1,132.0,5.98,41.4,41.5,20.9
2026-04-15 04:10:47,78.04,86.3,107.6,7.06,41.4,35.2,20.8
2026-04-15 04:10:48,77.92,109.0,121.1,6.37,41.9,41.9,20.9
2026-04-15 04:10:48,79.25,108.8,131.6,6.04,40.8,36.5,20.9
2026-04-15 04:10:48,77.72,100.1,126.6,6.22,41.9,41.5,20.8
2026-04-15 04:10:48,79.44,98.8,121.9,6.17,41.4,38.7,20.8
2026-04-15 04:10:48,78.54,124.5,147.9,5.19,41.9,37.8,20.8
2026-04-15 04:10:48,77.5,97.4,120.6,5.79,41.4,38.6,20.8
2026-04-15 04:10:49,78.64,86.9,109.8,6.4,41.9,38.3,20.9
2026-04-15 04:10:49,78.78,93.5,105.6,7.16,41.9,47.4,20.9
2026-04-15 04:10:49,79.58,87.4,107.0,6.23,40.8,47.0,20.9
2026-04-15 04:10:49,77.75,89.4,112.4,5.93,41.9,37.3,20.8
2026-04-15 04:10:49,79.05,87.2,110.3,6.08,41.4,33.9,20.8
2026-04-15 04:10:49,79.09,99.0,110.9,6.9,40.2,48.3,20.8
2026-04-15 04:10:50,81.22,87.3,110.4,6.45,41.4,35.0,20.8
2026-04-15 04:10:50,78.68,105.5,116.8,6.6,40.2,41.4,20.8
2026-04-15 04:10:50,77.94,129.2,152.7,5.24,41.4,40.8,20.9
2026-04-15 04:10:50,78.94,105.8,129.5,5.66,42.5,41.7,20.8
2026-04-15 04:10:50,78.93,95.9,117.4,6.4,40.2,37.3,20.8
2026-04-15 04:10:50,79.28,90.5,112.9,6.2,41.9,40.0,20.8
2026-04-15 04:10:51,79.21,99.2,122.3,5.71,41.9,32.8,20.8
2026-04-15 04:10:51,77.99,116.3,139.4,5.44,41.9,43.7,20.8
2026-04-15 04:10:51,77.75,100.9,116.6,6.62,41.9,41.7,20.7
2026-04-15 04:10:51,77.56,103.4,126.4,5.91,41.9,40.3,20.8
2026-04-15 04:10:51,78.7,116.1,139.0,5.58,41.4,39.4,20.8
2026-04-15 04:10:51,78.15,96.0,112.2,6.83,42.5,44.1,20.8
2026-04-15 04:10:52,78.84,101.8,125.2,5.79,41.4,36.4,20.8
2026-04-15 04:10:52,78.44,98.5,121.5,6.14,40.2,40.9,20.8
2026-04-15 04:10:52,79.63,93.1,113.5,6.15,40.8,35.9,20.8
2026-04-15 04:10:52,78.65,107.9,129.6,5.53,41.4,38.0,20.8
2026-04-15 04:10:52,77.8,109.7,133.9,5.91,42.5,44.9,20.8
2026-04-15 04:10:52,79.27,108.1,129.9,6.09,41.4,38.7,20.9
2026-04-15 04:10:53,80.03,113.8,136.8,5.82,41.9,44.3,20.8
2026-04-15 04:10:53,79.07,108.3,125.2,6.21,41.9,43.9,20.8
2026-04-15 04:10:53,78.85,107.2,130.2,6.04,40.2,37.1,20.8
2026-04-15 04:10:53,78.76,112.1,135.3,5.83,41.4,39.7,20.8
2026-04-15 04:10:53,79.15,118.4,139.5,5.71,41.9,44.4,20.8
2026-04-15 04:10:53,79.63,98.9,122.1,5.6,41.4,41.3,20.8
2026-04-15 04:10:54,76.76,111.1,134.1,5.59,41.4,40.8,20.8
2026-04-15 04:10:54,78.19,110.7,131.7,6.01,40.8,44.1,20.9
2026-04-15 04:10:54,77.96,95.8,117.1,6.62,40.8,40.0,20.9
2026-04-15 04:10:54,78.11,87.6,111.2,6.28,41.9,41.5,20.9
2026-04-15 04:10:54,77.59,93.8,116.9,5.81,41.9,44.9,20.9
2026-04-15 04:10:54,78.34,105.2,128.2,5.62,41.4,39.7,20.9
2026-04-15 04:10:55,76.44,91.6,114.1,6.54,40.8,41.3,20.9
2026-04-15 04:10:55,76.5,118.2,140.9,5.16,40.8,38.5,20.9
2026-04-15 04:10:55,77.76,92.3,106.2,6.92,41.9,43.6,21.0
2026-04-15 04:10:55,76.41,105.7,128.9,5.62,41.4,38.9,20.9
2026-04-15 04:10:55,78.55,107.8,131.0,6.0,41.9,43.7,21.0
2026-04-15 04:10:55,76.51,99.5,122.3,6.32,41.9,38.3,21.0
2026-04-15 04:10:56,76.49,116.7,139.7,5.44,40.8,40.8,21.0
2026-04-15 04:10:56,77.5,101.3,117.1,6.61,40.8,41.0,21.0
2026-04-15 04:10:56,74.3,117.8,140.9,5.47,40.8,40.0,21.0
2026-04-15 04:10:56,76.89,120.3,134.6,5.92,42.5,48.5,21.0
2026-04-15 04:10:56,76.09,94.0,104.4,7.11,40.8,44.8,20.9
2026-04-15 04:10:56,78.9,103.7,126.4,5.67,41.4,40.8,20.9
2026-04-15 04:10:57,76.93,84.9,108.0,6.78,40.8,33.9,20.9
2026-04-15 04:10:57,77.15,113.0,127.5,6.19,41.4,41.3,20.9
2026-04-15 04:10:57,77.69,96.2,115.7,6.68,40.8,44.4,20.9
2026-04-15 04:10:57,76.54,123.2,146.2,5.17,41.4,37.7,20.9
2026-04-15 04:10:57,79.08,112.4,131.2,5.28,41.4,40.8,21.0
2026-04-15 04:10:57,76.88,89.8,110.1,6.93,40.8,38.2,21.0
2026-04-15 04:10:58,78.3,96.9,119.7,5.78,41.9,40.3,20.9
2026-04-15 04:10:58,79.16,111.8,134.9,5.51,41.9,37.1,20.9
2026-04-15 04:10:58,78.2,86.4,106.9,7.08,40.2,41.1,20.9
2026-04-15 04:10:58,77.56,103.9,115.9,6.5,40.8,50.8,20.8
2026-04-15 04:10:58,77.86,110.7,133.6,5.88,41.9,41.5,20.8
2026-04-15 04:10:58,80.09,97.5,118.4,6.52,41.4,36.7,20.9
2026-04-15 04:10:59,77.96,102.8,126.1,5.8,41.9,37.9,20.9
2026-04-15 04:10:59,79.81,86.1,109.7,6.64,42.5,38.3,20.9
2026-04-15 04:10:59,79.29,101.8,124.7,5.52,41.9,34.8,20.9
2026-04-15 04:10:59,78.54,108.9,132.0,5.76,41.4,39.4,20.9
2026-04-15 04:10:59,79.04,88.5,111.6,6.84,41.9,35.2,20.9
2026-04-15 04:10:59,77.89,91.9,115.0,5.88,41.4,39.1,21.0
2026-04-15 04:11:00,78.9,91.1,114.1,6.03,41.4,33.3,21.0
2026-04-15 04:11:00,80.62,97.7,120.9,5.77,41.4,37.7,21.0
2026-04-15 04:11:00,80.01,142.7,164.6,4.73,40.2,45.8,21.0
2026-04-15 04:11:00,80.49,92.8,115.6,6.66,42.5,37.3,21.0
2026-04-15 04:11:00,79.56,96.8,121.8,5.72,41.4,32.3,21.0
2026-04-15 04:11:00,78.61,92.0,112.8,6.3,40.8,39.7,21.0
2026-04-15 04:11:01,79.42,84.6,107.6,6.33,40.8,32.2,21.0
2026-04-15 04:11:01,80.19,89.7,105.4,7.16,41.9,43.6,21.0
2026-04-15 04:11:01,80.25,104.6,128.5,5.53,41.9,41.3,21.0
2026-04-15 04:11:01,77.87,94.4,117.5,6.43,41.4,44.6,21.0
2026-04-15 04:11:01,78.99,99.1,121.9,5.84,41.4,36.2,21.0
2026-04-15 04:11:01,79.68,103.2,126.2,5.86,40.8,39.7,21.0
2026-04-15 04:11:02,78.97,94.5,117.9,6.32,40.8,38.1,21.0
2026-04-15 04:11:02,78.91,96.3,122.4,5.84,42.5,42.3,20.9
2026-04-15 04:11:02,78.4,87.3,110.3,6.48,41.9,37.1,20.9
2026-04-15 04:11:02,78.55,104.4,112.3,6.65,41.4,48.1,20.9
2026-04-15 04:11:02,79.13,122.8,146.0,5.4,41.4,41.7,21.0
2026-04-15 04:11:02,79.35,97.9,120.4,5.72,41.4,38.6,21.0
2026-04-15 04:11:03,78.67,129.5,152.5,5.05,41.9,39.0,21.0
2026-04-15 04:11:03,76.46,95.5,118.5,6.03,41.4,38.6,21.0
2026-04-15 04:11:03,78.5,98.9,121.9,5.88,40.8,39.7,21.0
2026-04-15 04:11:03,77.5,89.0,109.5,6.39,40.8,39.1,21.0
2026-04-15 04:11:03,79.23,119.4,130.4,6.06,40.8,47.0,21.1
2026-04-15 04:11:03,77.2,116.2,129.8,6.09,40.2,44.1,21.1
2026-04-15 04:11:04,76.7,95.9,110.4,6.91,41.4,45.0,21.1
2026-04-15 04:11:04,77.21,97.1,120.2,5.98,41.9,35.9,21.1
2026-04-15 04:11:04,79.38,97.5,120.4,5.99,41.4,39.7,21.1
2026-04-15 04:11:04,75.22,109.0,131.6,5.61,41.4,44.9,21.1
2026-04-15 04:11:04,76.77,90.7,114.0,6.75,41.4,38.3,21.1
2026-04-15 04:11:04,77.71,106.5,129.5,5.49,40.8,39.7,21.1
2026-04-15 04:11:05,76.28,90.9,114.1,6.62,41.4,38.3,21.1
2026-04-15 04:11:05,76.65,113.8,140.4,5.18,40.2,36.0,21.1
2026-04-15 04:11:05,77.17,106.5,119.4,6.42,41.9,46.8,21.1
2026-04-15 04:11:05,75.9,99.1,122.4,6.26,40.8,42.2,21.1
2026-04-15 04:11:05,77.58,108.8,131.9,5.69,41.9,35.3,21.1
2026-04-15 04:11:05,79.13,110.8,133.4,5.94,40.2,40.0,21.1
2026-04-15 04:11:06,77.87,93.2,115.3,6.69,41.4,40.0,21.1
2026-04-15 04:11:06,77.84,90.1,113.1,6.13,40.8,40.0,21.1
2026-04-15 04:11:06,78.88,126.4,149.4,4.93,41.4,39.5,21.1
2026-04-15 04:11:06,78.87,109.6,133.9,5.41,41.9,36.5,21.1
2026-04-15 04:11:06,78.27,89.8,110.9,6.9,41.4,41.1,21.1
2026-04-15 04:11:06,78.11,103.7,127.0,5.53,41.4,39.2,21.1
2026-04-15 04:11:07,78.31,91.9,114.8,6.48,41.4,44.6,21.1
2026-04-15 04:11:07,79.93,85.4,110.5,6.16,40.2,41.2,21.1
2026-04-15 04:11:07,80.09,109.4,120.2,6.44,41.9,42.6,21.2
2026-04-15 04:11:07,80.31,89.9,113.0,6.8,40.2,38.6,21.2
2026-04-15 04:11:07,78.58,96.6,120.7,5.73,40.8,39.4,21.2
2026-04-15 04:11:07,79.27,93.3,115.8,6.16,41.4,40.3,21.2
2026-04-15 04:11:08,79.21,97.4,122.3,5.79,41.4,39.1,21.2
2026-04-15 04:11:08,79.36,100.2,123.2,5.99,41.4,37.3,21.1
2026-04-15 04:11:08,81.33,112.3,135.0,5.59,40.2,47.3,21.2
2026-04-15 04:11:08,79.35,110.2,130.5,6.08,41.9,37.1,21.2
2026-04-15 04:11:08,78.27,110.6,132.9,5.99,41.4,40.0,21.2
2026-04-15 04:11:08,79.41,127.8,148.3,5.44,40.8,41.7,21.1
2026-04-15 04:11:09,79.12,105.1,128.2,5.64,40.8,31.8,21.1
2026-04-15 04:11:09,78.1,89.0,112.3,6.64,42.5,37.9,21.1
2026-04-15 04:11:09,80.07,101.8,111.5,6.82,40.8,45.8,21.1
2026-04-15 04:11:09,78.46,90.7,117.0,6.31,40.2,39.7,21.1
2026-04-15 04:11:09,80.52,88.5,111.2,6.21,41.9,36.9,21.1
2026-04-15 04:11:09,79.13,106.4,128.9,5.43,40.2,36.1,21.2
2026-04-15 04:11:10,78.35,104.6,128.3,6.03,41.4,43.1,21.1
2026-04-15 04:11:10,79.17,125.1,148.2,5.38,41.4,42.5,21.1
2026-04-15 04:11:10,79.35,120.7,143.8,5.11,41.9,43.0,21.2
2026-04-15 04:11:10,78.93,98.1,109.5,6.95,40.8,41.1,21.2
2026-04-15 04:11:10,78.77,110.0,133.1,5.6,41.9,39.4,21.1
2026-04-15 04:11:10,78.19,102.8,122.5,6.27,40.2,38.7,21.2
2026-04-15 04:11:11,77.88,96.3,119.0,6.19,41.9,41.8,21.2
2026-04-15 04:11:11,80.16,106.4,129.8,5.7,40.8,35.3,21.2
2026-04-15 04:11:11,79.21,103.0,126.1,6.14,40.8,38.7,21.2
2026-04-15 04:11:11,79.03,109.3,132.3,5.79,41.4,38.8,21.2
2026-04-15 04:11:11,79.05,101.5,123.1,6.29,41.9,41.0,21.2
2026-04-15 04:11:11,78.49,103.1,126.8,5.93,39.7,38.2,21.2
2026-04-15 04:11:12,79.83,89.8,111.3,6.54,41.9,41.3,21.2
2026-04-15 04:11:12,79.61,94.6,97.8,7.22,40.8,52.8,21.2
2026-04-15 04:11:12,77.02,99.5,122.2,5.84,41.4,36.4,21.2
2026-04-15 04:11:12,76.88,111.7,134.8,5.6,40.8,42.7,21.2
2026-04-15 04:11:12,77.72,108.2,128.8,6.14,41.9,44.4,21.3
2026-04-15 04:11:12,78.37,94.4,117.3,6.55,41.9,41.7,21.3
2026-04-15 04:11:13,78.05,108.2,131.2,5.54,41.9,40.3,21.3
2026-04-15 04:11:13,76.6,88.2,111.2,6.83,41.4,36.4,21.3
2026-04-15 04:11:13,78.09,98.3,120.9,5.65,41.4,35.3,21.3
2026-04-15 04:11:13,76.82,107.5,130.8,5.69,41.4,40.5,21.4
2026-04-15 04:11:13,77.33,110.2,133.4,5.91,40.8,45.6,21.4
2026-04-15 04:11:13,77.44,112.2,129.4,5.93,41.4,39.7,21.4
2026-04-15 04:11:14,77.12,95.9,117.3,6.6,41.9,41.0,21.4
2026-04-15 04:11:14,76.35,99.1,121.4,5.93,41.4,35.9,21.4
2026-04-15 04:11:14,78.49,122.0,145.0,5.27,40.8,42.1,21.4
2026-04-15 04:11:14,76.42,107.5,130.3,5.4,41.4,37.3,21.3
2026-04-15 04:11:14,77.61,106.0,129.2,6.05,41.9,36.1,21.3
2026-04-15 04:11:14,77.6,92.7,116.2,6.52,40.8,42.6,21.3
2026-04-15 04:11:15,77.6,101.9,125.0,5.7,41.9,36.2,21.3
2026-04-15 04:11:15,77.77,94.7,117.9,6.28,40.2,36.1,21.3
2026-04-15 04:11:15,75.89,104.6,127.7,5.66,41.9,43.2,21.4
2026-04-15 04:11:15,78.06,110.3,132.0,5.81,41.4,44.9,21.4
2026-04-15 04:11:15,77.89,87.1,110.8,6.9,41.4,42.4,21.4
2026-04-15 04:11:15,78.18,119.8,142.8,5.06,40.8,35.5,21.4
2026-04-15 04:11:16,77.15,114.2,125.8,6.21,41.4,45.5,21.4
2026-04-15 04:11:16,76.82,95.9,114.5,6.74,40.8,41.4,21.4
2026-04-15 04:11:16,77.23,96.2,118.7,5.99,41.9,39.4,21.5
2026-04-15 04:11:16,79.37,105.4,128.4,5.68,40.8,39.7,21.5
2026-04-15 04:11:16,76.35,95.6,118.8,6.38,41.4,40.6,21.5
2026-04-15 04:11:16,77.09,115.1,138.2,5.37,41.4,39.2,21.5
2026-04-15 04:11:17,78.71,94.2,111.6,6.87,39.7,34.5,21.5
2026-04-15 04:11:17,78.43,90.6,114.4,6.04,41.4,37.5,21.5
2026-04-15 04:11:17,76.19,103.8,126.6,5.64,40.8,36.6,21.5
2026-04-15 04:11:17,78.81,95.7,118.6,6.31,41.4,41.4,21.5
2026-04-15 04:11:17,76.61,96.5,119.4,5.97,41.4,39.7,21.5
2026-04-15 04:11:17,76.73,91.7,114.9,6.18,41.4,34.9,21.5
2026-04-15 04:11:18,77.75,116.3,139.3,5.23,41.4,36.5,21.5
2026-04-15 04:11:18,77.62,87.4,103.1,7.27,41.9,40.7,21.5
2026-04-15 04:11:18,76.77,110.4,138.1,5.08,41.4,38.3,21.5
2026-04-15 04:11:18,78.29,94.7,110.0,6.94,41.4,42.4,21.4
2026-04-15 04:11:18,80.93,100.9,125.1,5.75,41.9,38.2,21.4
2026-04-15 04:11:18,78.89,87.3,109.5,6.57,41.4,39.3,21.4
2026-04-15 04:11:19,79.19,108.6,132.1,5.32,40.8,36.5,21.4
2026-04-15 04:11:19,78.85,96.4,119.9,6.48,41.4,41.3,21.4
2026-04-15 04:11:19,80.41,85.5,111.6,6.32,40.8,39.1,21.4
2026-04-15 04:11:19,78.91,130.0,139.8,5.71,40.2,50.0,21.4
2026-04-15 04:11:19,79.06,97.4,120.5,5.99,41.4,34.4,21.4
2026-04-15 04:11:19,77.74,121.5,149.7,5.06,40.2,37.2,21.4
2026-04-15 04:11:20,78.21,101.9,124.6,5.77,41.4,38.2,21.4
2026-04-15 04:11:20,78.62,107.6,130.5,5.81,41.4,31.2,21.4
2026-04-15 04:11:20,79.94,102.4,125.6,6.19,41.9,43.5,21.4
2026-04-15 04:11:20,79.01,95.8,118.6,6.25,41.9,37.1,21.4
2026-04-15 04:11:20,78.72,96.7,119.6,5.98,40.8,36.8,21.4
2026-04-15 04:11:20,78.96,94.1,116.8,6.09,40.8,36.1,21.4
2026-04-15 04:11:21,79.16,102.2,125.4,5.72,40.8,35.7,21.4
2026-04-15 04:11:21,79.18,88.4,111.8,6.53,41.4,37.9,21.4
2026-04-15 04:11:21,78.62,145.6,169.2,4.47,41.4,42.0,21.3
2026-04-15 04:11:21,78.31,104.8,125.0,6.28,40.8,38.7,21.4
2026-04-15 04:11:21,78.83,97.1,119.9,6.31,41.9,38.7,21.4
2026-04-15 04:11:22,81.07,105.6,128.4,5.72,40.8,38.6,21.4
2026-04-15 04:11:22,80.86,93.1,116.2,6.48,41.4,41.3,21.4
2026-04-15 04:11:22,79.95,101.1,124.1,5.74,41.4,38.6,21.4
2026-04-15 04:11:22,80.52,99.3,122.4,6.06,41.9,34.4,21.4
2026-04-15 04:11:22,80.9,120.4,143.5,5.33,42.5,42.1,21.3
2026-04-15 04:11:22,78.29,94.3,106.2,7.12,41.4,42.9,21.4
2026-04-15 04:11:23,78.23,317.5,345.3,2.51,41.4,87.0,21.0
2026-04-15 04:11:23,80.59,90.2,112.6,6.09,42.5,43.1,20.9
2026-04-15 04:11:23,77.81,126.5,149.3,4.93,41.4,41.8,20.9
2026-04-15 04:11:23,78.51,102.7,126.1,5.65,42.5,40.0,20.9
2026-04-15 04:11:23,80.15,102.6,125.3,6.04,40.8,33.3,20.9
2026-04-15 04:11:24,78.89,101.6,124.7,6.04,41.9,41.2,20.9
2026-04-15 04:11:24,80.75,125.4,148.5,5.25,41.9,35.6,20.9
2026-04-15 04:11:24,77.39,110.5,133.6,5.41,41.4,34.7,20.9
2026-04-15 04:11:24,78.52,98.8,120.1,6.46,40.2,44.3,20.8
2026-04-15 04:11:24,77.42,90.2,113.2,6.31,40.8,42.9,20.8
2026-04-15 04:11:24,78.35,94.7,118.0,5.84,41.4,36.2,20.8
2026-04-15 04:11:25,78.74,87.9,111.2,6.26,41.4,37.1,20.8
2026-04-15 04:11:25,79.04,94.3,116.3,5.8,41.4,37.7,20.8
2026-04-15 04:11:25,79.32,94.0,118.4,5.97,41.4,39.4,20.8
2026-04-15 04:11:25,76.15,107.7,130.2,5.59,41.4,45.2,20.8
2026-04-15 04:11:25,79.36,139.3,162.3,5.05,41.4,40.5,20.9
2026-04-15 04:11:25,76.96,94.3,117.1,6.46,40.8,37.7,20.8
2026-04-15 04:11:26,77.17,103.0,123.9,5.7,41.9,39.1,20.8
2026-04-15 04:11:26,77.24,90.0,110.0,6.46,41.4,40.3,20.7
2026-04-15 04:11:26,78.51,111.7,134.4,5.29,41.4,40.0,20.7
2026-04-15 04:11:26,76.71,87.3,104.9,7.14,40.8,40.4,20.7
2026-04-15 04:11:26,77.36,90.3,113.1,5.88,40.8,39.1,20.7
2026-04-15 04:11:27,77.89,109.5,132.3,5.4,41.9,42.5,20.6
2026-04-15 04:11:27,77.69,95.4,118.5,6.55,40.8,40.3,20.7
2026-04-15 04:11:27,75.25,119.7,142.7,5.24,41.9,38.2,20.7
2026-04-15 04:11:27,77.11,107.0,119.6,6.5,41.9,41.7,20.8
2026-04-15 04:11:27,74.26,103.5,126.4,6.08,41.4,41.3,20.8
2026-04-15 04:11:27,74.02,88.8,112.2,6.61,41.4,40.0,20.8
2026-04-15 04:11:28,72.81,103.1,126.3,5.54,40.8,38.4,20.8
2026-04-15 04:11:28,75.57,96.3,119.0,6.27,41.4,35.5,20.8
2026-04-15 04:11:28,75.44,99.1,122.2,5.9,40.8,41.4,20.9
2026-04-15 04:11:28,75.67,102.5,125.6,5.88,40.8,34.4,20.9
2026-04-15 04:11:28,76.98,96.7,119.7,6.22,41.4,43.3,20.9
2026-04-15 04:11:28,77.02,114.7,134.2,5.41,42.5,42.9,20.9
2026-04-15 04:11:28,76.45,91.0,110.1,6.93,41.9,44.4,20.9
2026-04-15 04:11:29,76.18,92.4,115.6,6.0,40.2,41.2,21.0
2026-04-15 04:11:29,77.04,92.0,114.8,6.03,40.2,38.8,20.9
2026-04-15 04:11:29,77.31,92.4,115.5,5.99,41.9,33.3,20.9
2026-04-15 04:11:29,77.53,108.1,131.3,5.48,41.4,37.5,20.9
2026-04-15 04:11:29,78.65,122.6,144.6,5.52,40.8,38.6,20.9
2026-04-15 04:11:30,78.36,98.4,121.5,5.7,41.4,37.7,20.9
2026-04-15 04:11:30,78.79,104.3,126.6,5.8,41.9,39.1,20.9
2026-04-15 04:11:30,77.28,112.7,135.9,5.71,41.9,43.3,20.9
2026-04-15 04:11:30,78.77,119.5,145.1,5.58,41.4,37.7,21.0
2026-04-15 04:11:30,77.32,103.0,125.5,5.6,41.4,45.8,21.0
2026-04-15 04:11:30,79.53,104.4,127.2,5.99,41.9,38.8,21.1
2026-04-15 04:11:31,79.57,90.0,116.0,6.45,40.8,39.3,21.1
2026-04-15 04:11:31,79.4,92.9,118.1,5.92,41.4,39.1,21.1
2026-04-15 04:11:31,78.91,111.3,134.4,5.47,40.8,36.6,21.1
2026-04-15 04:11:31,78.38,107.1,127.8,6.16,41.4,42.2,21.1
2026-04-15 04:11:31,78.93,94.3,117.2,6.51,40.2,36.2,21.1
2026-04-15 04:11:31,77.58,88.9,104.8,6.2,40.8,40.0,21.1
2026-04-15 04:11:32,77.74,114.9,133.2,5.19,39.7,38.2,21.2
2026-04-15 04:11:32,78.01,94.4,115.3,6.69,42.5,41.0,21.2
2026-04-15 04:11:32,78.98,95.4,118.2,6.1,40.8,39.1,21.2
2026-04-15 04:11:32,78.01,109.4,126.7,5.53,41.9,43.7,21.1
2026-04-15 04:11:32,78.78,124.3,147.0,5.52,41.4,43.1,21.1
2026-04-15 04:11:32,79.6,98.5,121.6,5.74,40.8,35.8,21.1
2026-04-15 04:11:33,79.24,98.6,121.6,6.0,41.4,38.8,21.1
2026-04-15 04:11:33,79.84,91.0,113.6,6.27,41.9,39.7,21.0
2026-04-15 04:11:33,81.5,103.5,126.5,5.6,41.9,36.6,21.0
2026-04-15 04:11:33,79.61,88.7,111.9,6.58,41.9,42.2,21.0
2026-04-15 04:11:33,78.66,114.4,137.5,5.2,41.4,36.0,21.0
2026-04-15 04:11:33,79.83,103.7,123.8,6.33,41.9,42.2,21.0
2026-04-15 04:11:34,78.83,93.9,116.5,6.46,40.8,43.1,21.1
2026-04-15 04:11:34,78.75,93.7,117.0,6.01,41.9,37.5,21.1
2026-04-15 04:11:34,78.81,87.3,110.3,6.25,40.2,36.5,21.0
2026-04-15 04:11:34,79.54,95.1,100.0,7.07,42.5,54.4,21.0
2026-04-15 04:11:34,79.01,105.9,128.8,5.65,41.9,36.6,21.0
2026-04-15 04:11:34,74.41,85.4,108.7,6.83,41.9,41.4,21.0
2026-04-15 04:11:35,74.57,99.7,112.9,6.76,41.9,40.4,21.0
2026-04-15 04:11:35,76.7,105.8,127.3,5.8,40.8,40.3,21.0
2026-04-15 04:11:35,75.91,110.0,131.4,5.86,41.4,40.9,21.0
2026-04-15 04:11:35,76.33,105.4,127.7,6.18,40.8,42.4,21.0
2026-04-15 04:11:35,77.86,104.1,127.0,6.05,41.9,39.7,21.0
2026-04-15 04:11:35,77.45,102.5,125.6,6.06,41.9,38.5,21.0
2026-04-15 04:11:36,79.72,90.5,113.5,6.47,41.9,38.1,21.0
2026-04-15 04:11:36,80.78,94.2,117.2,5.87,40.2,36.4,21.0
2026-04-15 04:11:36,77.3,105.7,128.5,5.62,41.9,35.7,20.9
2026-04-15 04:11:36,79.4,106.6,129.1,5.97,42.5,46.3,20.9
2026-04-15 04:11:36,79.26,93.5,116.5,6.52,43.0,33.9,20.9
2026-04-15 04:11:36,77.6,90.3,113.2,6.09,41.4,36.5,21.0
2026-04-15 04:11:37,76.58,100.2,124.1,5.65,41.4,41.3,21.0
2026-04-15 04:11:37,79.26,108.5,131.2,5.75,41.9,37.9,21.0
2026-04-15 04:11:37,77.61,101.2,124.3,6.28,41.4,40.0,21.1
2026-04-15 04:11:37,78.48,104.8,127.8,5.88,40.2,38.5,21.0
2026-04-15 04:11:37,77.73,99.2,122.1,6.21,42.5,43.8,21.0
2026-04-15 04:11:37,77.55,129.3,152.3,5.08,42.5,39.5,21.1
2026-04-15 04:11:38,77.35,102.0,124.9,5.8,41.4,37.7,21.1
2026-04-15 04:11:38,77.21,93.0,111.0,6.34,40.8,38.7,21.1
2026-04-15 04:11:38,76.87,135.1,151.8,4.72,41.9,45.3,21.1
2026-04-15 04:11:38,75.63,112.4,134.5,5.73,41.4,33.3,21.1
2026-04-15 04:11:38,77.09,103.0,123.0,6.36,41.4,43.3,21.1
2026-04-15 04:11:38,76.58,98.4,121.3,6.18,41.4,36.5,21.1
2026-04-15 04:11:39,75.18,99.0,121.8,5.98,41.9,42.6,21.1
2026-04-15 04:11:39,75.66,101.3,124.7,5.91,42.5,40.8,21.1
2026-04-15 04:11:39,76.78,106.9,130.0,5.81,41.9,38.8,21.1
2026-04-15 04:11:39,76.42,102.5,124.4,6.17,40.2,38.1,21.1
2026-04-15 04:11:39,73.69,96.6,119.6,6.23,41.9,38.1,21.1
2026-04-15 04:11:39,75.72,96.9,119.9,5.99,40.2,39.1,21.1
2026-04-15 04:11:40,74.34,102.4,124.1,5.8,41.9,44.6,21.1
2026-04-15 04:11:40,75.6,102.9,125.6,5.97,40.8,43.5,21.2
2026-04-15 04:11:40,76.88,109.9,132.7,5.78,41.4,40.3,21.2
2026-04-15 04:11:40,74.43,93.6,114.3,6.63,40.8,39.3,21.2
2026-04-15 04:11:40,72.89,98.1,121.1,5.85,41.4,42.5,21.1
2026-04-15 04:11:40,77.77,103.0,125.8,5.84,40.8,35.4,21.1
2026-04-15 04:11:41,76.6,101.7,122.2,6.05,40.2,39.4,21.1
2026-04-15 04:11:41,74.87,93.7,115.8,6.29,41.4,38.7,21.1
2026-04-15 04:11:41,74.16,111.1,136.0,5.39,41.9,41.7,21.1
2026-04-15 04:11:41,75.88,104.4,125.0,6.28,40.8,40.3,21.1
2026-04-15 04:11:41,78.2,104.0,126.4,6.06,40.8,34.9,21.2
2026-04-15 04:11:41,79.23,100.1,122.2,6.14,41.4,41.5,21.2
2026-04-15 04:11:42,80.29,89.7,112.7,6.42,41.9,39.7,21.1
2026-04-15 04:11:42,78.82,108.4,131.5,5.4,41.9,37.0,21.1
2026-04-15 04:11:42,80.37,100.3,123.1,6.31,41.4,39.7,21.1
2026-04-15 04:11:42,80.17,100.1,124.1,5.97,41.9,36.9,21.1
2026-04-15 04:11:42,79.01,102.9,127.1,5.9,40.2,40.9,21.1
2026-04-15 04:11:42,80.23,88.8,109.3,6.59,41.4,36.2,21.1
2026-04-15 04:11:43,79.13,92.8,118.1,5.8,41.4,32.8,21.1
2026-04-15 04:11:43,79.11,124.0,152.1,4.92,41.9,40.3,21.1
2026-04-15 04:11:43,79.54,114.1,137.1,5.48,41.9,32.9,21.1
2026-04-15 04:11:43,80.11,95.5,113.8,6.75,41.4,46.7,21.2
2026-04-15 04:11:43,79.1,109.0,131.9,5.55,41.4,38.9,21.2
2026-04-15 04:11:43,77.63,90.2,111.6,6.77,41.4,41.0,21.2
2026-04-15 04:11:44,76.93,88.5,111.7,6.04,40.8,36.5,21.2
2026-04-15 04:11:44,78.23,105.9,126.7,5.45,41.9,36.6,21.2
2026-04-15 04:11:44,78.5,88.2,111.2,6.71,41.4,41.3,21.1
2026-04-15 04:11:44,78.04,91.3,114.3,5.9,41.4,36.4,21.1
2026-04-15 04:11:44,78.55,93.5,116.6,5.92,41.9,32.8,21.1
2026-04-15 04:11:44,77.48,122.4,145.8,5.11,41.4,43.0,21.1
2026-04-15 04:11:45,75.54,111.6,134.7,5.29,40.8,41.9,21.1
2026-04-15 04:11:45,78.49,103.4,122.2,6.33,40.8,40.6,21.1
2026-04-15 04:11:45,78.17,94.0,115.9,6.36,41.4,39.7,21.1
2026-04-15 04:11:45,78.47,110.7,133.7,5.46,41.4,38.0,21.1
2026-04-15 04:11:45,82.17,88.2,109.9,6.94,41.4,39.7,21.1
2026-04-15 04:11:45,81.41,104.2,117.4,6.5,40.8,43.5,21.1
2026-04-15 04:11:46,81.26,97.7,120.5,6.43,41.4,43.1,21.1
2026-04-15 04:11:46,81.99,91.6,114.6,6.24,41.9,34.4,21.2
2026-04-15 04:11:46,82.46,87.9,110.8,6.14,41.4,40.6,21.2
2026-04-15 04:11:46,82.5,111.1,137.3,5.19,41.9,38.0,21.2
2026-04-15 04:11:46,83.03,118.8,136.9,5.84,40.8,42.2,21.2
2026-04-15 04:11:46,82.23,102.5,115.4,6.62,41.4,42.4,21.2
2026-04-15 04:11:47,82.74,90.8,113.9,6.46,40.2,40.7,21.2
2026-04-15 04:11:47,83.15,112.2,135.4,5.28,41.4,36.0,21.3
2026-04-15 04:11:47,81.11,101.3,120.1,6.49,41.4,42.6,21.3
2026-04-15 04:11:47,81.74,103.7,126.3,5.93,40.8,40.3,21.2
2026-04-15 04:11:47,78.73,96.3,118.9,6.28,41.4,42.2,21.3
2026-04-15 04:11:47,75.7,95.1,118.1,6.05,41.4,40.0,21.3
2026-04-15 04:11:48,75.14,115.3,139.2,5.32,41.4,38.2,21.3
2026-04-15 04:11:48,66.97,96.7,112.7,6.81,41.9,42.4,21.3
2026-04-15 04:11:48,77.15,98.9,109.7,5.92,40.8,44.6,21.3
2026-04-15 04:11:48,78.62,90.8,114.2,6.25,40.8,38.7,21.3
2026-04-15 04:11:48,80.04,109.4,129.7,5.43,41.4,39.7,21.3
2026-04-15 04:11:48,80.17,111.7,134.4,5.93,41.4,37.5,21.4
2026-04-15 04:11:49,77.94,95.7,116.3,6.64,41.4,39.7,21.4
2026-04-15 04:11:49,78.07,103.7,126.4,5.73,41.4,38.2,21.4
2026-04-15 04:11:49,80.45,100.1,123.4,6.12,41.4,42.9,21.3
2026-04-15 04:11:49,81.4,93.5,115.6,6.27,40.8,39.3,21.4
2026-04-15 04:11:49,79.78,118.7,141.8,5.21,41.4,36.8,21.4
2026-04-15 04:11:49,80.2,107.1,116.0,6.44,41.9,52.5,21.4
2026-04-15 04:11:50,82.13,93.1,116.2,6.57,41.4,41.0,21.3
2026-04-15 04:11:50,79.2,112.0,133.4,5.38,40.2,40.5,21.3
2026-04-15 04:11:50,82.34,118.0,139.8,5.73,40.8,44.3,21.4
2026-04-15 04:11:50,83.04,101.3,112.9,6.77,41.9,44.8,21.4
2026-04-15 04:11:50,82.85,96.9,120.0,6.16,41.9,40.0,21.4
2026-04-15 04:11:50,83.48,97.5,120.0,5.98,41.9,40.6,21.3
2026-04-15 04:11:51,83.22,97.4,120.6,6.01,41.4,38.8,21.3
2026-04-15 04:11:51,82.54,100.1,122.7,5.91,41.9,38.1,21.3
2026-04-15 04:11:51,81.3,110.6,133.3,5.65,39.7,39.4,21.3
2026-04-15 04:11:51,81.98,124.9,146.4,5.52,40.8,47.3,21.3
2026-04-15 04:11:51,81.07,95.3,117.9,5.87,41.9,36.4,21.2
2026-04-15 04:11:51,80.65,87.5,110.7,6.29,41.4,39.4,21.2
2026-04-15 04:11:52,81.32,88.7,110.7,5.96,41.4,40.3,21.2
2026-04-15 04:11:52,82.53,109.4,132.3,5.35,41.9,37.3,21.2
2026-04-15 04:11:52,83.38,93.0,114.4,6.65,40.2,40.0,21.2
2026-04-15 04:11:52,83.65,106.1,129.1,5.57,41.4,40.3,21.2
2026-04-15 04:11:52,83.07,98.6,121.7,6.29,41.4,40.6,21.2
2026-04-15 04:11:52,79.01,97.5,120.6,6.03,40.8,40.0,21.2
2026-04-15 04:11:53,77.61,93.9,117.0,6.14,41.9,36.1,21.2
2026-04-15 04:11:53,77.11,101.2,124.2,5.76,41.4,39.4,21.2
2026-04-15 04:11:53,80.01,92.9,114.7,6.32,40.8,45.3,21.3
2026-04-15 04:11:53,80.16,94.4,117.9,5.93,41.9,35.4,21.3
2026-04-15 04:11:53,79.97,120.7,143.8,5.19,42.5,37.0,21.3
2026-04-15 04:11:54,82.26,115.9,143.3,5.02,41.9,35.0,21.3
2026-04-15 04:11:54,80.12,90.6,101.1,7.3,40.8,43.9,21.4
2026-04-15 04:11:54,80.51,86.2,110.9,6.1,40.8,40.9,21.3
2026-04-15 04:11:54,78.41,89.6,112.6,5.95,39.7,35.4,21.3
2026-04-15 04:11:54,79.02,101.3,124.2,5.61,41.9,34.8,21.3
2026-04-15 04:11:54,75.5,89.6,112.4,6.45,41.4,39.7,21.3
2026-04-15 04:11:55,76.55,94.5,117.5,5.83,41.4,43.3,21.3
2026-04-15 04:11:55,75.88,86.8,110.2,6.27,41.4,40.6,21.3
2026-04-15 04:11:55,77.7,105.1,113.8,6.62,39.7,45.8,21.4
2026-04-15 04:11:55,77.72,115.7,136.4,5.63,43.0,41.2,21.4
2026-04-15 04:11:55,77.73,110.3,125.6,6.22,40.2,38.3,21.4
2026-04-15 04:11:55,82.17,103.0,125.0,6.28,41.4,38.3,21.4
2026-04-15 04:11:56,82.12,123.5,146.5,5.35,40.8,38.9,21.4
2026-04-15 04:11:56,81.03,133.1,156.4,4.77,39.7,35.3,21.5
2026-04-15 04:11:56,80.68,109.7,131.4,5.67,40.2,40.6,21.5
2026-04-15 04:11:56,80.13,131.9,153.1,5.25,40.8,43.2,21.5
2026-04-15 04:11:56,78.74,101.6,124.1,5.94,40.8,33.9,21.5
2026-04-15 04:11:56,78.93,88.8,113.0,6.46,41.9,37.3,21.6
2026-04-15 04:11:57,78.97,116.4,139.2,5.18,41.9,40.0,21.5
2026-04-15 04:11:57,70.46,89.6,105.9,7.15,41.9,43.9,21.5
2026-04-15 04:11:57,75.22,98.7,121.3,5.69,42.5,39.1,21.5
2026-04-15 04:11:57,76.07,93.3,116.4,6.2,41.9,35.9,21.5
2026-04-15 04:11:57,79.39,107.3,132.2,5.46,40.2,41.7,21.6
2026-04-15 04:11:57,76.15,93.9,116.3,6.64,41.4,42.6,21.6
2026-04-15 04:11:58,76.53,125.0,147.9,5.06,41.4,43.6,21.6
2026-04-15 04:11:58,79.85,111.8,135.8,5.32,41.4,37.0,21.6
2026-04-15 04:11:58,78.27,101.4,119.9,6.45,40.2,44.6,21.6
2026-04-15 04:11:58,79.19,93.7,117.0,6.26,40.8,37.7,21.5
2026-04-15 04:11:58,78.37,88.5,110.8,6.23,41.4,40.3,21.5
2026-04-15 04:11:58,79.37,100.4,119.6,5.6,41.4,37.8,21.5
2026-04-15 04:11:59,79.3,95.8,119.1,6.17,41.9,35.5,21.5
2026-04-15 04:11:59,79.27,106.0,127.2,5.66,41.4,36.2,21.5
2026-04-15 04:11:59,78.31,93.2,116.9,6.46,41.4,40.3,21.5
2026-04-15 04:11:59,78.75,106.7,129.6,5.59,40.2,38.0,21.5
2026-04-15 04:11:59,80.22,87.8,110.7,6.78,39.7,39.0,21.5
2026-04-15 04:11:59,81.17,90.8,113.8,5.89,41.9,43.7,21.4
2026-04-15 04:12:00,79.87,103.2,126.1,5.59,40.2,34.3,21.4
2026-04-15 04:12:00,79.68,117.5,140.6,5.53,42.5,44.4,21.4
2026-04-15 04:12:00,79.65,129.6,144.5,5.51,41.4,42.4,21.4
2026-04-15 04:12:00,79.96,103.4,126.4,5.85,41.9,41.2,21.4
2026-04-15 04:12:00,79.76,97.1,120.2,6.25,41.4,38.5,21.5
2026-04-15 04:12:00,80.04,103.1,126.9,5.76,39.7,40.8,21.5
2026-04-15 04:12:01,80.47,88.6,111.7,6.61,41.9,38.3,21.5
2026-04-15 04:12:01,79.31,97.8,119.2,5.64,41.4,40.3,21.5
2026-04-15 04:12:01,79.94,89.2,113.7,6.32,41.4,36.5,21.5
2026-04-15 04:12:01,80.53,94.9,118.1,5.85,40.2,37.3,21.5
2026-04-15 04:12:01,79.38,89.4,112.4,6.21,40.8,36.9,21.5
2026-04-15 04:12:01,80.39,92.9,98.6,7.31,41.4,52.0,21.5
2026-04-15 04:12:02,80.01,110.5,132.5,5.43,41.4,35.2,21.5
2026-04-15 04:12:02,78.47,98.7,120.6,6.46,41.9,38.7,21.5
2026-04-15 04:12:02,80.57,111.7,135.1,5.56,41.4,38.9,21.5
2026-04-15 04:12:02,80.49,91.3,110.3,6.8,41.4,38.6,21.5
2026-04-15 04:12:02,77.28,101.7,125.6,5.59,41.4,43.1,21.5
2026-04-15 04:12:02,79.2,91.8,113.3,6.5,40.8,39.7,21.5
2026-04-15 04:12:03,78.85,122.1,146.9,5.04,41.9,46.2,21.5
2026-04-15 04:12:03,79.71,92.1,115.7,5.92,40.8,36.4,21.5
2026-04-15 04:12:03,80.51,97.9,121.0,5.82,41.9,37.1,21.5
2026-04-15 04:12:03,79.04,87.4,110.8,6.39,41.4,38.1,21.4
2026-04-15 04:12:03,79.78,87.8,114.8,5.86,40.2,34.3,21.5
2026-04-15 04:12:03,79.52,86.8,108.3,6.19,41.4,38.2,21.5
2026-04-15 04:12:04,80.55,85.4,97.5,7.59,41.4,43.4,21.5
2026-04-15 04:12:04,79.61,104.1,117.9,6.58,41.4,40.7,21.5
2026-04-15 04:12:04,79.87,125.0,148.1,5.33,41.4,48.1,21.5
2026-04-15 04:12:04,79.47,86.5,109.7,6.19,40.8,35.5,21.4
2026-04-15 04:12:04,77.78,86.4,97.0,7.51,41.4,43.4,21.4
2026-04-15 04:12:04,79.25,86.6,97.9,7.49,40.8,37.0,21.4
2026-04-15 04:12:05,79.1,85.4,98.5,7.53,41.9,44.6,21.4
2026-04-15 04:12:05,79.18,93.3,105.0,7.07,40.2,44.4,21.5
2026-04-15 04:12:05,80.27,115.8,138.9,5.32,41.9,39.5,21.5
2026-04-15 04:12:05,79.43,124.6,141.0,5.7,40.2,44.1,21.5
2026-04-15 04:12:05,79.16,109.2,132.3,5.42,41.4,36.1,21.5
2026-04-15 04:12:05,79.68,102.3,125.4,6.27,40.2,42.9,21.5
2026-04-15 04:12:06,79.03,94.7,117.7,6.3,41.9,38.5,21.5
2026-04-15 04:12:06,78.07,87.4,110.4,6.28,41.4,35.5,21.6
2026-04-15 04:12:06,76.85,92.5,115.5,5.82,40.8,37.5,21.6
2026-04-15 04:12:06,77.93,97.1,119.1,5.83,41.4,36.8,21.6
2026-04-15 04:12:06,78.28,90.2,114.5,6.23,40.8,36.9,21.6
2026-04-15 04:12:06,80.77,108.2,130.5,5.39,40.8,31.9,21.7
2026-04-15 04:12:07,79.43,86.6,109.0,6.99,41.9,39.3,21.7
2026-04-15 04:12:07,76.63,85.8,98.0,7.55,41.9,42.6,21.7
2026-04-15 04:12:07,78.65,98.2,104.7,6.86,41.4,50.0,21.7
2026-04-15 04:12:07,80.68,100.6,123.6,5.92,41.4,36.9,21.7
2026-04-15 04:12:07,79.58,125.1,148.2,5.23,40.8,36.4,21.7
2026-04-15 04:12:07,80.31,94.4,122.9,5.72,41.4,37.3,21.7
2026-04-15 04:12:07,79.84,97.5,118.7,6.09,40.8,35.9,21.6
2026-04-15 04:12:08,78.78,89.8,112.2,6.28,41.4,40.6,21.6
2026-04-15 04:12:08,78.16,88.5,112.0,6.04,41.4,35.9,21.6
2026-04-15 04:12:08,78.09,111.4,134.4,5.29,40.8,40.8,21.6
2026-04-15 04:12:08,78.76,104.1,125.3,6.28,41.4,36.1,21.6
2026-04-15 04:12:08,77.53,110.6,133.8,5.78,40.8,42.4,21.6
2026-04-15 04:12:08,78.52,89.6,111.5,6.87,41.4,40.4,21.6
2026-04-15 04:12:09,78.58,126.0,147.8,4.92,40.8,33.3,21.5
2026-04-15 04:12:09,77.56,91.5,114.5,6.05,41.9,46.4,21.5
2026-04-15 04:12:09,76.89,94.8,115.9,5.88,40.2,36.4,21.5
2026-04-15 04:12:09,77.72,113.3,134.6,5.4,41.9,39.2,21.6
2026-04-15 04:12:09,79.85,86.1,104.7,7.19,41.9,35.8,21.6
2026-04-15 04:12:09,79.89,87.1,100.0,7.45,41.4,41.5,21.6
2026-04-15 04:12:10,81.11,116.6,128.6,6.14,41.4,44.4,21.7
2026-04-15 04:12:10,71.8,94.7,108.6,6.85,40.8,42.9,21.7
2026-04-15 04:12:10,76.3,101.1,125.2,5.79,41.4,44.3,21.7
2026-04-15 04:12:10,76.89,97.9,120.7,6.16,40.8,36.5,21.7
2026-04-15 04:12:10,79.24,106.8,132.4,5.62,40.8,38.0,21.7
2026-04-15 04:12:10,80.17,90.6,112.1,6.75,40.2,41.9,21.8
2026-04-15 04:12:11,79.84,86.5,109.4,6.13,40.8,35.9,21.8
2026-04-15 04:12:11,80.01,90.3,102.5,7.32,41.4,33.3,21.7
2026-04-15 04:12:11,79.19,96.4,119.5,5.8,43.0,41.1,21.7
2026-04-15 04:12:11,80.47,91.1,114.5,6.18,41.4,35.9,21.7
2026-04-15 04:12:11,79.29,108.2,131.3,5.46,40.2,44.7,21.6
2026-04-15 04:12:11,79.96,124.6,147.7,5.47,41.9,42.5,21.6
2026-04-15 04:12:12,79.95,105.8,129.0,5.52,41.9,34.7,21.6
2026-04-15 04:12:12,79.29,107.1,130.2,5.96,41.9,35.4,21.7
2026-04-15 04:12:12,79.83,96.7,120.0,6.39,41.4,41.3,21.7
2026-04-15 04:12:12,80.6,94.1,117.1,6.11,40.8,44.1,21.7
2026-04-15 04:12:12,79.97,118.0,140.8,5.23,41.9,38.7,21.7
2026-04-15 04:12:13,79.67,313.6,329.2,2.75,43.0,84.5,21.0
2026-04-15 04:12:13,79.86,96.9,97.6,6.66,40.8,67.8,20.9
2026-04-15 04:12:13,79.69,92.3,115.4,6.29,40.8,39.1,20.9
2026-04-15 04:12:13,80.83,113.7,136.7,5.32,41.4,41.1,20.8
2026-04-15 04:12:13,80.6,90.3,108.7,6.98,41.9,41.4,20.8
2026-04-15 04:12:13,79.65,112.5,135.5,5.29,41.4,32.4,20.8
2026-04-15 04:12:14,80.65,108.1,128.2,6.17,41.9,40.6,20.8
2026-04-15 04:12:14,80.51,89.3,113.5,6.71,41.4,40.4,20.9
2026-04-15 04:12:14,78.58,84.0,107.0,6.25,41.9,34.9,20.9
2026-04-15 04:12:14,76.52,138.0,153.2,5.34,43.0,41.7,20.9
2026-04-15 04:12:14,73.02,102.3,125.3,6.1,40.8,36.9,20.9
2026-04-15 04:12:14,70.61,112.7,135.9,5.64,41.4,44.7,20.9
2026-04-15 04:12:15,71.42,110.7,131.6,6.04,40.2,39.7,20.9
2026-04-15 04:12:15,71.82,110.0,132.1,6.0,41.4,42.4,20.9
2026-04-15 04:12:15,75.16,86.2,106.6,7.1,41.9,41.8,20.9
2026-04-15 04:12:15,77.96,85.7,98.1,7.54,41.4,36.2,20.9
2026-04-15 04:12:15,78.02,89.4,102.3,7.3,41.4,40.7,20.8
2026-04-15 04:12:15,78.5,109.1,133.5,5.32,40.2,34.2,20.8
2026-04-15 04:12:16,77.46,100.9,122.9,6.37,41.4,48.4,20.8
2026-04-15 04:12:16,76.73,95.4,118.6,6.2,42.5,38.8,20.7
2026-04-15 04:12:16,78.51,92.2,116.9,6.06,41.4,37.5,20.7
2026-04-15 04:12:16,77.06,114.6,137.5,5.33,40.2,34.3,20.7
2026-04-15 04:12:16,78.42,88.0,106.5,7.08,41.9,38.2,20.7
2026-04-15 04:12:16,79.73,89.4,113.2,5.97,41.9,38.5,20.7
2026-04-15 04:12:17,79.1,122.1,145.2,5.04,41.4,35.9,20.7
2026-04-15 04:12:17,78.52,92.9,115.9,5.85,41.9,36.2,20.7
2026-04-15 04:12:17,79.0,90.6,113.6,6.09,41.4,32.3,20.7
2026-04-15 04:12:17,79.56,95.8,118.3,5.82,41.9,38.6,20.7
2026-04-15 04:12:17,79.69,90.4,113.5,6.2,41.4,46.9,20.7
2026-04-15 04:12:17,78.92,89.0,112.0,6.06,41.4,36.4,20.7
2026-04-15 04:12:18,78.49,125.2,135.4,5.9,41.9,52.9,20.7
2026-04-15 04:12:18,79.56,101.8,124.4,5.67,42.5,37.1,20.7
2026-04-15 04:12:18,78.46,87.6,110.7,6.56,40.8,40.0,20.7
2026-04-15 04:12:18,78.9,88.1,111.0,5.94,41.4,38.5,20.8
2026-04-15 04:12:18,78.12,101.6,125.1,5.57,41.4,39.5,20.8
2026-04-15 04:12:18,79.69,97.2,120.4,6.18,41.9,38.1,20.8
2026-04-15 04:12:19,78.73,87.3,111.7,6.32,41.4,33.3,20.9
2026-04-15 04:12:19,78.85,86.5,109.6,6.07,41.9,33.3,20.9
2026-04-15 04:12:19,78.16,98.6,110.7,6.9,41.9,41.4,20.9
2026-04-15 04:12:19,78.07,95.7,119.1,6.09,41.9,36.4,20.9
2026-04-15 04:12:19,78.4,97.7,120.8,5.94,41.9,38.2,20.9
2026-04-15 04:12:19,79.33,88.3,111.5,6.36,40.8,37.7,20.9
2026-04-15 04:12:20,78.79,103.1,125.6,5.52,40.2,37.5,20.9
2026-04-15 04:12:20,79.94,102.5,126.1,5.95,41.4,44.9,21.0
2026-04-15 04:12:20,79.59,125.0,146.5,5.34,40.2,50.6,21.0
2026-04-15 04:12:20,79.28,107.4,129.8,5.48,41.4,40.3,21.0
2026-04-15 04:12:20,77.47,136.4,159.3,5.12,41.4,38.2,21.0
2026-04-15 04:12:20,79.09,106.3,128.2,5.89,40.8,39.4,21.1
2026-04-15 04:12:21,80.08,91.3,114.3,6.6,40.8,41.7,21.1
2026-04-15 04:12:21,78.27,90.6,113.6,6.03,40.8,37.3,21.1
2026-04-15 04:12:21,78.08,91.7,114.8,5.96,41.4,36.4,21.0
2026-04-15 04:12:21,78.13,107.5,130.8,5.48,41.4,38.4,21.0
2026-04-15 04:12:21,77.6,109.0,132.3,5.96,41.4,35.9,21.0
2026-04-15 04:12:21,79.02,104.6,127.7,6.16,40.8,40.3,21.0
2026-04-15 04:12:22,79.59,111.0,134.0,5.79,42.5,42.3,21.0
2026-04-15 04:12:22,78.54,132.0,153.6,5.33,41.9,48.7,21.0
2026-04-15 04:12:22,79.22,88.3,111.3,6.4,40.8,36.5,20.9
2026-04-15 04:12:22,80.14,131.4,154.5,4.77,41.9,39.5,20.9
2026-04-15 04:12:22,79.21,101.5,124.3,5.88,39.7,37.3,21.0
2026-04-15 04:12:23,78.67,99.0,118.7,6.09,41.4,39.4,20.9
2026-04-15 04:12:23,79.25,90.9,114.0,6.31,40.8,34.4,20.9
2026-04-15 04:12:23,79.56,94.0,117.0,5.89,40.8,34.3,20.9
2026-04-15 04:12:23,78.26,110.1,135.1,5.41,42.5,37.0,20.9
2026-04-15 04:12:23,77.89,110.0,130.5,6.08,41.4,40.6,20.8
2026-04-15 04:12:23,79.51,110.3,132.7,6.0,40.8,40.6,20.9
2026-04-15 04:12:24,78.96,116.1,138.6,5.8,41.9,39.7,20.9
2026-04-15 04:12:24,78.27,119.8,136.0,5.88,40.2,36.5,20.9
2026-04-15 04:12:24,79.91,89.8,102.3,7.31,41.9,40.7,21.0
2026-04-15 04:12:24,79.65,104.8,127.9,5.5,41.4,35.7,20.9
2026-04-15 04:12:24,79.76,117.7,140.8,5.57,43.0,41.2,20.9
2026-04-15 04:12:24,79.68,99.4,115.0,6.71,41.4,39.3,21.0
2026-04-15 04:12:25,80.39,123.8,147.0,5.25,40.8,40.5,21.0
2026-04-15 04:12:25,79.67,102.5,127.8,5.51,41.4,30.9,21.0
2026-04-15 04:12:25,80.2,114.0,138.1,5.66,41.9,45.7,21.0
2026-04-15 04:12:25,79.91,95.0,110.9,6.79,41.4,41.1,20.9
2026-04-15 04:12:25,80.19,88.5,111.7,6.28,40.8,41.8,20.9
2026-04-15 04:12:25,78.66,133.5,156.7,4.73,41.9,35.7,21.0
2026-04-15 04:12:26,79.99,126.2,149.3,5.19,41.9,39.0,21.0
2026-04-15 04:12:26,79.52,97.6,119.6,5.84,41.9,36.4,21.0
2026-04-15 04:12:26,78.73,108.4,130.6,5.62,41.4,40.0,21.0
2026-04-15 04:12:26,79.02,116.9,140.1,5.73,41.4,49.3,21.0
2026-04-15 04:12:26,78.43,90.0,105.9,7.15,41.4,40.0,21.0
2026-04-15 04:12:26,79.29,115.8,138.7,5.2,40.8,34.2,21.0
2026-04-15 04:12:27,80.02,99.3,115.9,6.66,41.9,41.4,21.0
2026-04-15 04:12:27,79.94,87.4,109.3,6.47,41.4,41.5,21.0
2026-04-15 04:12:27,79.49,88.4,98.5,7.44,41.4,43.6,21.0
2026-04-15 04:12:27,80.03,88.6,111.6,6.0,40.8,35.4,20.9
2026-04-15 04:12:27,79.71,95.4,118.7,5.76,41.9,40.0,20.9
2026-04-15 04:12:27,79.77,97.4,118.3,5.91,41.9,36.4,20.9
2026-04-15 04:12:28,80.28,108.1,130.4,5.67,41.9,35.7,20.9
2026-04-15 04:12:28,80.26,109.4,132.4,5.96,43.0,40.3,20.9
2026-04-15 04:12:28,79.24,97.8,121.0,6.45,40.8,35.6,20.9
2026-04-15 04:12:28,80.1,118.3,141.3,5.35,41.4,39.2,21.0
2026-04-15 04:12:28,79.69,99.6,113.2,6.74,41.4,39.7,21.0
2026-04-15 04:12:28,79.27,101.3,124.6,5.96,41.4,36.9,21.0
2026-04-15 04:12:29,79.77,117.7,140.9,5.42,42.5,35.3,21.0
2026-04-15 04:12:29,79.85,113.2,127.2,6.17,41.4,47.8,21.0
2026-04-15 04:12:29,77.86,107.5,124.3,6.27,40.8,38.1,21.0
2026-04-15 04:12:29,78.85,99.2,122.2,6.32,41.4,41.5,21.1
2026-04-15 04:12:29,79.17,91.6,114.6,6.29,41.9,37.1,21.1
2026-04-15 04:12:29,80.03,86.4,109.1,6.19,40.8,36.9,21.1
2026-04-15 04:12:30,78.54,116.5,127.2,6.12,41.4,38.7,21.1
2026-04-15 04:12:30,78.79,99.1,114.7,6.71,41.4,40.0,21.1
2026-04-15 04:12:30,79.27,117.1,140.3,5.41,41.9,38.0,21.1
2026-04-15 04:12:30,77.44,116.3,135.5,5.89,41.9,39.1,21.1
2026-04-15 04:12:30,78.87,114.5,126.7,6.22,41.9,40.3,21.1
2026-04-15 04:12:30,79.35,105.5,123.6,6.35,40.2,41.5,21.1
2026-04-15 04:12:31,79.9,99.8,123.0,6.21,41.9,41.0,21.1
2026-04-15 04:12:31,80.1,135.4,158.8,4.94,40.8,40.5,21.1
2026-04-15 04:12:31,77.63,106.8,129.9,5.85,41.9,40.3,21.1
2026-04-15 04:12:31,79.83,90.9,113.7,6.63,40.8,40.0,21.1
2026-04-15 04:12:31,80.51,122.3,145.3,5.05,41.4,40.3,21.2
2026-04-15 04:12:31,78.38,104.9,127.8,5.47,41.9,37.0,21.1
2026-04-15 04:12:32,79.05,86.5,109.6,6.76,41.9,40.3,21.1
2026-04-15 04:12:32,79.42,85.8,99.5,7.49,41.4,31.8,21.1
2026-04-15 04:12:32,79.1,90.0,101.9,7.33,41.9,47.4,21.1
2026-04-15 04:12:32,78.78,113.0,136.2,5.26,41.4,34.7,21.0
2026-04-15 04:12:32,78.17,130.3,149.3,5.45,40.8,43.8,21.1
2026-04-15 04:12:32,79.47,86.7,109.6,6.4,41.9,39.3,21.1
2026-04-15 04:12:33,80.73,112.7,125.1,6.28,41.9,48.4,21.1
2026-04-15 04:12:33,78.92,103.8,124.0,6.33,41.4,43.7,21.1
2026-04-15 04:12:33,80.14,108.6,131.6,5.85,40.2,33.3,21.1
2026-04-15 04:12:33,79.39,101.2,121.8,6.27,41.4,40.6,21.1
2026-04-15 04:12:33,80.72,109.1,136.0,5.62,41.9,47.2,21.1
2026-04-15 04:12:33,79.27,100.9,120.5,6.46,39.7,46.2,21.1
2026-04-15 04:12:34,79.71,105.1,128.0,5.86,41.4,38.8,21.1
2026-04-15 04:12:34,79.8,95.9,119.0,6.36,41.4,38.1,21.1
2026-04-15 04:12:34,79.84,117.0,137.6,5.33,40.8,36.5,21.1
2026-04-15 04:12:34,81.04,106.1,120.9,6.43,40.2,40.7,21.1
2026-04-15 04:12:34,81.53,94.2,117.4,6.45,41.9,39.7,21.1
2026-04-15 04:12:34,80.29,97.9,119.3,5.85,40.8,39.4,21.1
2026-04-15 04:12:35,80.36,89.2,111.6,6.35,40.8,36.1,21.1
2026-04-15 04:12:35,79.78,103.0,126.0,5.55,41.4,32.9,21.0
2026-04-15 04:12:35,80.62,110.6,133.7,5.74,41.4,42.3,21.1
2026-04-15 04:12:35,79.46,110.3,132.8,6.0,41.9,38.5,21.1
2026-04-15 04:12:35,79.03,100.6,122.6,6.39,41.9,36.7,21.1
2026-04-15 04:12:35,79.77,118.7,141.8,5.42,41.4,40.0,21.1
2026-04-15 04:12:36,79.04,116.2,127.4,6.09,41.9,50.7,21.1
2026-04-15 04:12:36,79.39,86.4,102.6,7.3,41.9,39.6,21.1
2026-04-15 04:12:36,79.77,95.0,107.3,7.05,41.4,44.8,21.2
2026-04-15 04:12:36,79.52,87.3,111.3,6.25,40.8,40.0,21.1
2026-04-15 04:12:36,79.92,113.8,136.8,5.21,41.4,41.0,21.1
2026-04-15 04:12:36,80.45,97.5,113.4,6.66,40.8,41.9,21.1
2026-04-15 04:12:37,79.21,91.8,114.9,6.21,41.9,40.6,21.1
2026-04-15 04:12:37,79.79,114.4,137.4,5.29,39.7,34.2,21.1
2026-04-15 04:12:37,78.83,112.6,130.7,6.06,41.9,42.6,21.1
2026-04-15 04:12:37,80.01,88.3,108.2,7.03,41.4,40.4,21.1
2026-04-15 04:12:37,79.34,110.8,133.9,5.23,40.8,35.6,21.1
2026-04-15 04:12:37,78.43,121.2,140.8,5.72,41.4,38.6,21.1
2026-04-15 04:12:38,79.46,92.1,115.1,5.86,40.2,29.0,21.2
2026-04-15 04:12:38,79.97,109.4,133.5,5.41,40.8,36.2,21.2
2026-04-15 04:12:38,79.39,110.1,132.0,6.02,41.4,40.9,21.2
2026-04-15 04:12:38,78.44,111.7,133.8,5.95,41.4,42.4,21.2
2026-04-15 04:12:38,79.22,100.4,121.1,6.42,40.2,39.3,21.2
2026-04-15 04:12:38,78.8,95.9,118.8,6.18,41.4,43.1,21.2
2026-04-15 04:12:39,79.84,97.1,118.9,5.95,41.4,40.3,21.2
2026-04-15 04:12:39,78.85,93.4,117.5,6.1,40.2,35.5,21.2
2026-04-15 04:12:39,79.74,90.7,112.7,6.08,41.4,37.3,21.2
2026-04-15 04:12:39,78.54,91.5,113.2,6.04,40.2,35.4,21.2
2026-04-15 04:12:39,80.53,87.3,110.4,6.15,41.4,36.9,21.1
2026-04-15 04:12:39,80.11,99.2,122.2,5.61,40.8,34.7,21.1
2026-04-15 04:12:40,79.88,95.0,112.1,6.15,41.4,42.9,21.1
2026-04-15 04:12:40,80.14,108.3,129.6,5.55,41.9,39.2,21.1
2026-04-15 04:12:40,80.62,106.1,129.1,6.1,41.9,42.2,21.1
2026-04-15 04:12:40,80.23,108.6,132.1,5.9,40.8,37.9,21.1
2026-04-15 04:12:40,80.3,106.4,129.6,6.08,41.4,40.3,21.2
2026-04-15 04:12:40,80.53,101.7,121.2,6.17,41.4,40.3,21.2
2026-04-15 04:12:41,79.1,94.8,117.7,6.29,41.4,43.7,21.2
2026-04-15 04:12:41,80.11,104.7,127.8,5.67,40.8,38.0,21.2
2026-04-15 04:12:41,79.0,111.3,134.5,5.76,41.4,43.1,21.2
2026-04-15 04:12:41,79.97,135.2,156.3,5.25,41.4,40.0,21.2
2026-04-15 04:12:41,79.28,92.8,114.8,6.36,41.9,42.6,21.2
2026-04-15 04:12:41,79.97,120.2,143.3,5.15,41.4,40.5,21.2
2026-04-15 04:12:42,79.8,96.2,105.9,7.01,41.4,46.6,21.2
2026-04-15 04:12:42,79.44,100.8,120.2,5.84,41.4,39.7,21.3
2026-04-15 04:12:42,80.41,95.7,118.8,6.2,41.4,40.9,21.3
2026-04-15 04:12:42,79.54,99.8,122.8,5.86,41.4,34.8,21.2
2026-04-15 04:12:42,79.37,112.9,137.1,5.52,41.4,41.7,21.2
2026-04-15 04:12:42,79.69,105.3,123.7,6.34,41.4,40.3,21.3
2026-04-15 04:12:43,81.46,111.3,134.5,5.8,41.4,43.1,21.3
2026-04-15 04:12:43,80.46,106.1,128.9,6.13,40.8,39.7,21.3
2026-04-15 04:12:43,80.28,115.0,137.7,5.75,41.4,41.7,21.3
2026-04-15 04:12:43,80.18,116.6,134.2,5.94,41.9,48.5,21.2
2026-04-15 04:12:43,80.14,96.0,111.7,6.86,41.4,42.4,21.3
2026-04-15 04:12:43,79.89,102.6,125.5,5.77,41.9,36.4,21.2
2026-04-15 04:12:44,80.08,103.4,126.5,5.98,43.0,35.4,21.2
2026-04-15 04:12:44,79.3,92.6,114.9,6.42,40.2,41.0,21.3
2026-04-15 04:12:44,79.75,105.3,125.3,5.57,41.9,38.4,21.3
2026-04-15 04:12:44,79.82,107.7,130.7,5.91,40.8,35.9,21.3
2026-04-15 04:12:44,80.91,110.1,133.6,5.9,40.2,43.5,21.4
2026-04-15 04:12:44,79.07,102.4,124.2,6.32,40.8,41.3,21.4
2026-04-15 04:12:45,79.45,107.7,131.2,5.81,40.8,39.7,21.4
2026-04-15 04:12:45,80.14,86.5,109.3,6.89,41.4,42.1,21.4
2026-04-15 04:12:45,79.66,116.9,128.9,6.11,41.4,47.0,21.5
2026-04-15 04:12:45,79.59,126.0,141.6,5.69,41.9,47.9,21.5
2026-04-15 04:12:45,81.06,106.9,128.2,5.5,41.4,36.1,21.5
2026-04-15 04:12:45,78.81,106.4,129.7,6.04,42.5,40.3,21.5
2026-04-15 04:12:46,80.37,86.7,110.8,6.78,41.4,40.0,21.5
2026-04-15 04:12:46,80.28,102.4,125.0,5.52,40.2,38.0,21.5
2026-04-15 04:12:46,77.66,101.3,124.6,6.03,41.4,42.0,21.5
2026-04-15 04:12:46,79.81,115.8,142.8,5.4,41.4,40.0,21.4
2026-04-15 04:12:46,80.04,95.4,107.8,7.02,40.8,44.8,21.5
2026-04-15 04:12:46,79.1,94.0,114.0,6.04,41.4,42.0,21.5
2026-04-15 04:12:47,78.8,88.4,110.4,6.24,41.9,37.9,21.5
2026-04-15 04:12:47,78.75,106.1,129.9,5.34,39.7,36.1,21.5
2026-04-15 04:12:47,80.53,89.7,111.4,6.7,40.2,38.3,21.5
2026-04-15 04:12:47,78.74,120.1,143.6,5.1,42.5,41.6,21.5
2026-04-15 04:12:47,79.63,98.2,121.2,5.61,42.5,41.9,21.5
2026-04-15 04:12:47,79.05,91.5,114.6,6.3,41.4,35.6,21.5
2026-04-15 04:12:48,77.93,101.8,124.9,5.65,42.5,38.9,21.5
2026-04-15 04:12:48,79.83,93.2,116.0,6.34,41.4,38.5,21.5
2026-04-15 04:12:48,80.02,107.6,130.0,5.52,41.4,37.5,21.5
2026-04-15 04:12:48,80.3,113.1,134.4,5.8,41.9,36.9,21.4
2026-04-15 04:12:48,78.76,93.0,112.7,6.8,40.8,45.9,21.4
2026-04-15 04:12:49,79.75,328.5,350.8,2.49,40.8,76.1,21.4
2026-04-15 04:12:49,79.77,113.9,126.1,5.4,41.4,60.8,20.8
2026-04-15 04:12:49,79.74,91.3,109.9,6.95,42.5,43.1,20.8
2026-04-15 04:12:49,80.39,103.0,126.1,5.61,40.8,34.3,20.8
2026-04-15 04:12:49,80.44,98.5,121.6,6.17,42.5,37.5,20.8
2026-04-15 04:12:50,80.04,97.8,121.0,6.03,43.0,39.1,20.8
2026-04-15 04:12:50,81.24,120.1,143.0,5.25,41.9,37.8,20.8
2026-04-15 04:12:50,80.26,120.7,131.6,6.01,42.5,52.4,20.8
2026-04-15 04:12:50,80.37,87.7,98.4,7.51,42.5,45.1,20.9
2026-04-15 04:12:50,80.93,94.3,117.4,5.79,39.7,36.2,20.9
2026-04-15 04:12:50,79.7,87.7,109.9,6.25,41.4,37.1,20.9
2026-04-15 04:12:50,80.55,85.8,96.7,7.61,41.9,40.0,20.9
2026-04-15 04:12:51,80.01,87.3,100.3,7.42,41.4,40.4,21.0
2026-04-15 04:12:51,79.82,93.9,105.6,7.16,41.9,41.8,21.0
2026-04-15 04:12:51,80.64,93.4,114.7,6.02,41.4,37.5,21.0
2026-04-15 04:12:51,79.93,141.4,164.4,4.62,42.5,41.9,21.0
2026-04-15 04:12:51,80.25,96.0,119.3,6.47,41.4,41.3,21.0
2026-04-15 04:12:51,79.85,115.5,135.9,5.42,41.9,42.7,21.0
2026-04-15 04:12:52,79.95,96.7,113.7,6.77,41.4,40.7,21.0
2026-04-15 04:12:52,80.04,102.4,125.6,5.8,41.4,40.0,21.0
2026-04-15 04:12:52,80.15,124.1,146.9,5.32,41.4,38.0,21.1
2026-04-15 04:12:52,79.9,136.0,157.6,4.72,41.4,40.2,21.0
2026-04-15 04:12:52,79.99,101.7,124.5,6.04,40.8,39.7,21.1
2026-04-15 04:12:53,79.92,112.9,135.9,5.62,40.2,34.8,21.1
2026-04-15 04:12:53,81.4,101.8,121.5,6.43,40.2,38.7,21.1
2026-04-15 04:12:53,81.0,95.5,118.8,6.15,40.2,35.9,21.1
2026-04-15 04:12:53,79.43,86.5,110.7,6.38,41.4,34.4,21.1
2026-04-15 04:12:53,79.64,90.9,114.0,5.9,40.8,35.8,21.1
2026-04-15 04:12:53,79.91,101.7,124.7,5.64,42.5,41.1,21.0
2026-04-15 04:12:54,80.22,111.5,135.0,5.66,41.4,39.4,21.0
2026-04-15 04:12:54,78.87,106.1,126.8,6.22,41.4,42.6,21.0
2026-04-15 04:12:54,79.87,95.7,119.3,6.38,40.8,43.9,21.0
2026-04-15 04:12:54,79.89,101.8,124.9,5.75,40.8,40.8,20.9
2026-04-15 04:12:54,79.85,124.1,144.5,5.34,42.5,44.0,20.9
2026-04-15 04:12:54,80.56,88.1,111.0,6.11,40.8,35.4,21.0
2026-04-15 04:12:55,80.68,85.8,109.4,6.07,41.9,39.7,21.0
2026-04-15 04:12:55,79.27,103.5,116.0,6.65,41.9,43.3,21.0
2026-04-15 04:12:55,80.65,107.1,130.2,5.87,41.4,36.9,21.0
2026-04-15 04:12:55,80.54,118.6,141.7,5.61,40.8,37.7,21.0
2026-04-15 04:12:55,79.53,88.0,101.6,7.36,40.2,41.5,21.0
2026-04-15 04:12:55,79.9,88.1,111.2,6.0,40.2,35.8,21.0
2026-04-15 04:12:56,79.44,96.2,119.9,5.69,40.8,35.3,21.0
2026-04-15 04:12:56,80.22,99.8,122.8,5.91,41.9,42.9,21.0
2026-04-15 04:12:56,78.73,102.7,125.8,5.9,41.4,36.5,21.0
2026-04-15 04:12:56,79.55,88.9,115.2,6.41,40.2,41.3,20.9
2026-04-15 04:12:56,81.87,97.2,120.5,5.82,41.9,41.4,21.0
2026-04-15 04:12:56,79.67,143.9,166.9,4.69,40.8,44.3,21.0
2026-04-15 04:12:57,81.39,112.9,134.6,5.92,41.4,36.5,21.0
2026-04-15 04:12:57,80.62,115.2,134.9,5.92,41.4,42.0,21.1
2026-04-15 04:12:57,81.4,98.9,116.7,6.61,41.4,42.4,21.1
2026-04-15 04:12:57,81.17,89.5,112.7,6.38,41.4,32.2,21.1
2026-04-15 04:12:57,80.34,113.0,135.4,5.27,39.7,43.6,21.1
2026-04-15 04:12:57,81.17,92.3,112.1,6.85,41.4,39.7,21.1
2026-04-15 04:12:58,79.42,108.3,130.3,5.48,41.9,35.7,21.1
2026-04-15 04:12:58,81.24,104.1,127.2,6.16,40.8,37.5,21.1
2026-04-15 04:12:58,81.09,106.3,129.5,5.92,40.8,38.8,21.2
2026-04-15 04:12:58,81.14,99.0,122.2,6.27,41.4,37.5,21.1
2026-04-15 04:12:58,81.51,102.0,123.8,5.86,41.9,38.8,21.1
2026-04-15 04:12:58,82.3,119.3,142.2,5.47,40.2,34.3,21.2
2026-04-15 04:12:59,82.06,107.1,120.0,6.48,40.8,42.6,21.2
2026-04-15 04:12:59,81.89,102.5,127.0,6.12,41.4,40.9,21.2
2026-04-15 04:12:59,81.66,99.0,121.0,6.19,41.4,39.1,21.2
2026-04-15 04:12:59,81.97,104.7,128.2,5.79,41.9,40.9,21.1
2026-04-15 04:12:59,80.28,110.3,132.5,5.81,41.4,45.7,21.1
2026-04-15 04:12:59,81.68,96.7,118.7,6.54,40.8,38.3,21.1
2026-04-15 04:13:00,81.57,96.9,120.0,6.0,40.8,36.5,21.1
2026-04-15 04:13:00,81.19,97.6,120.8,5.95,40.8,39.1,21.1
2026-04-15 04:13:00,81.08,118.8,145.8,5.23,41.9,41.3,21.1
2026-04-15 04:13:00,80.16,97.2,120.3,5.74,41.4,35.3,21.0
2026-04-15 04:13:00,80.83,115.0,137.2,5.43,41.9,40.5,21.0
2026-04-15 04:13:00,80.65,90.2,105.7,7.05,41.4,37.7,21.0
2026-04-15 04:13:01,80.66,90.0,113.6,5.98,41.9,47.0,21.1
2026-04-15 04:13:01,79.62,95.1,117.8,5.85,41.4,37.7,21.1
2026-04-15 04:13:01,79.51,110.2,133.0,5.5,40.8,38.9,21.1
2026-04-15 04:13:01,80.15,105.5,127.4,6.19,41.4,38.7,21.1
2026-04-15 04:13:01,79.0,109.5,132.5,5.85,39.7,41.8,21.1
2026-04-15 04:13:01,79.57,87.2,109.6,6.94,40.2,39.3,21.1
2026-04-15 04:13:02,80.64,96.7,119.6,5.68,42.5,33.3,21.0
2026-04-15 04:13:02,79.56,109.3,132.0,5.58,40.2,41.3,21.0
2026-04-15 04:13:02,78.87,104.7,127.9,6.17,41.4,39.1,21.0
2026-04-15 04:13:02,80.72,100.2,122.9,6.17,40.8,38.5,21.0
2026-04-15 04:13:02,81.3,121.2,146.6,5.26,40.2,41.1,21.0
2026-04-15 04:13:02,78.97,125.1,146.6,4.96,41.9,38.0,21.0
2026-04-15 04:13:03,80.16,102.9,124.5,5.63,41.4,39.7,21.0
2026-04-15 04:13:03,80.1,131.9,152.5,5.11,40.8,43.4,21.0
2026-04-15 04:13:03,78.87,104.5,127.6,5.79,41.9,37.1,21.0
2026-04-15 04:13:03,78.53,106.2,128.9,5.95,40.2,40.9,21.0
2026-04-15 04:13:03,79.17,91.5,114.6,6.58,40.8,40.3,21.0
2026-04-15 04:13:04,80.48,91.6,114.6,6.0,41.4,33.3,21.0
2026-04-15 04:13:04,79.91,87.1,110.2,6.17,40.8,35.9,21.0
2026-04-15 04:13:04,79.4,87.6,99.9,7.46,41.9,43.4,21.0
2026-04-15 04:13:04,79.8,86.6,108.4,6.02,40.8,36.8,21.0
2026-04-15 04:13:04,78.68,87.5,99.4,7.51,41.4,41.5,21.0
2026-04-15 04:13:04,79.32,97.2,120.3,5.67,41.4,38.9,21.0
2026-04-15 04:13:04,79.81,92.7,115.6,6.17,42.5,34.9,21.0
2026-04-15 04:13:05,79.85,115.4,137.2,5.28,41.9,39.5,21.0
2026-04-15 04:13:05,81.16,89.7,106.5,7.11,41.9,39.3,21.0
2026-04-15 04:13:05,79.1,113.1,136.5,5.23,39.7,37.8,21.1
2026-04-15 04:13:05,79.66,87.4,107.3,7.06,40.8,44.1,21.1
2026-04-15 04:13:05,80.09,125.2,148.0,4.94,41.4,37.2,21.1
2026-04-15 04:13:06,79.38,112.9,135.5,5.33,40.8,45.6,21.1
2026-04-15 04:13:06,79.86,87.4,106.8,7.09,41.4,41.1,21.1
2026-04-15 04:13:06,77.89,111.8,134.7,5.24,41.9,37.3,21.1
2026-04-15 04:13:06,79.23,96.3,117.0,6.61,41.4,42.6,21.1
2026-04-15 04:13:06,80.08,95.4,119.8,6.0,40.2,39.1,21.1
2026-04-15 04:13:06,80.37,107.4,131.1,5.57,40.2,35.8,21.1
2026-04-15 04:13:06,79.98,105.4,127.5,6.12,39.7,44.4,21.1
2026-04-15 04:13:07,79.62,113.4,136.2,5.75,41.4,36.4,21.1
2026-04-15 04:13:07,78.97,107.0,126.3,6.24,41.9,41.5,21.1
2026-04-15 04:13:07,79.54,97.1,120.2,6.39,41.9,43.1,21.2
2026-04-15 04:13:07,80.26,86.4,108.2,6.42,40.8,39.7,21.2
2026-04-15 04:13:07,81.24,87.9,99.9,7.4,41.9,49.1,21.2
2026-04-15 04:13:07,80.78,89.0,112.5,5.96,41.4,36.4,21.2
2026-04-15 04:13:08,81.05,96.8,118.8,5.74,40.8,32.8,21.3
2026-04-15 04:13:08,79.98,138.6,162.9,4.77,41.9,44.7,21.3
2026-04-15 04:13:08,80.97,105.5,130.7,5.97,40.8,39.4,21.3
2026-04-15 04:13:08,81.17,90.7,113.7,6.69,41.9,33.9,21.3
2026-04-15 04:13:08,79.61,103.0,126.1,5.59,40.8,39.4,21.3
2026-04-15 04:13:08,81.79,106.8,129.9,5.87,41.9,33.3,21.3
2026-04-15 04:13:09,81.61,115.4,138.6,5.71,40.8,42.0,21.3
2026-04-15 04:13:09,80.98,103.0,118.8,6.49,40.8,39.3,21.3
2026-04-15 04:13:09,80.23,95.4,118.8,6.28,41.4,42.4,21.3
2026-04-15 04:13:09,81.09,93.1,114.6,6.07,41.4,38.8,21.3
2026-04-15 04:13:09,81.37,88.9,111.9,6.18,41.9,38.8,21.3
2026-04-15 04:13:09,79.85,96.5,119.4,5.74,40.8,36.2,21.3
2026-04-15 04:13:10,79.95,102.9,125.9,5.78,41.4,36.4,21.3
2026-04-15 04:13:10,79.12,115.3,137.1,5.59,41.4,39.1,21.3
2026-04-15 04:13:10,80.18,122.3,138.0,5.76,41.4,49.3,21.3
2026-04-15 04:13:10,80.78,110.6,133.6,5.32,41.9,35.6,21.4
2026-04-15 04:13:10,81.69,97.5,119.6,6.51,41.9,43.3,21.3
2026-04-15 04:13:11,80.16,100.4,122.9,5.91,41.9,37.9,21.2
2026-04-15 04:13:11,80.57,106.2,129.3,5.8,41.9,37.7,21.2
2026-04-15 04:13:11,82.13,92.8,115.8,6.53,41.9,38.7,21.1
2026-04-15 04:13:11,80.32,102.0,125.2,5.68,41.4,34.8,21.1
2026-04-15 04:13:11,81.09,104.9,128.0,5.91,40.2,39.1,21.1
2026-04-15 04:13:11,81.05,106.8,130.1,5.93,42.5,38.2,21.1
2026-04-15 04:13:12,81.46,94.4,118.3,6.44,42.5,41.5,21.0
2026-04-15 04:13:12,79.92,112.6,135.7,5.43,40.2,40.0,21.0
2026-04-15 04:13:12,80.31,96.7,115.4,6.66,41.9,40.0,21.0
2026-04-15 04:13:12,79.8,103.1,126.3,5.78,42.5,35.8,21.0
2026-04-15 04:13:12,80.63,109.9,132.8,5.77,41.4,45.7,21.1
2026-04-15 04:13:12,80.48,89.4,112.3,6.83,41.4,43.3,21.1
2026-04-15 04:13:13,79.98,87.7,110.8,6.07,40.2,35.4,21.1
2026-04-15 04:13:13,79.35,105.7,123.8,5.42,41.9,44.4,21.1
2026-04-15 04:13:13,79.76,95.4,121.2,6.28,40.8,37.5,21.1
2026-04-15 04:13:13,79.6,97.9,121.0,6.01,41.4,38.8,21.0
2026-04-15 04:13:13,80.54,121.1,144.8,5.25,40.2,39.2,21.0
2026-04-15 04:13:13,81.19,96.5,120.1,5.71,41.4,34.8,21.0
2026-04-15 04:13:14,80.64,91.6,114.7,6.2,41.4,40.0,21.0
2026-04-15 04:13:14,79.96,109.5,132.6,5.42,41.4,39.2,21.0
2026-04-15 04:13:14,80.22,90.6,112.5,6.78,40.8,36.8,21.0
2026-04-15 04:13:14,81.57,93.3,116.2,5.88,41.9,32.3,21.0
2026-04-15 04:13:14,78.97,105.4,130.5,5.55,40.8,38.4,21.0
2026-04-15 04:13:14,81.17,115.6,139.2,5.71,40.2,40.3,21.0
2026-04-15 04:13:15,79.11,110.2,126.7,6.23,40.2,38.3,21.1
2026-04-15 04:13:15,80.35,96.6,119.4,6.52,40.2,42.2,21.1
2026-04-15 04:13:15,80.78,147.0,170.2,4.61,41.4,46.0,21.1
2026-04-15 04:13:15,79.34,105.8,124.1,6.3,40.2,41.0,21.1
2026-04-15 04:13:15,78.71,121.6,144.6,5.48,41.9,38.0,21.1
2026-04-15 04:13:15,78.99,91.1,114.2,5.9,41.4,36.6,21.1
2026-04-15 04:13:16,79.16,86.3,109.4,6.17,41.9,38.8,21.2
2026-04-15 04:13:16,79.99,86.5,98.7,7.51,41.4,43.4,21.2
2026-04-15 04:13:16,80.55,88.8,101.1,7.39,40.8,38.8,21.2
2026-04-15 04:13:16,80.73,85.8,108.9,6.11,41.4,35.9,21.2
2026-04-15 04:13:16,79.91,96.2,109.3,6.96,41.9,40.4,21.2
2026-04-15 04:13:16,77.86,102.6,125.7,5.77,41.4,33.3,21.2
2026-04-15 04:13:17,79.97,90.5,113.5,6.48,40.8,43.3,21.2
2026-04-15 04:13:17,80.2,104.5,127.6,5.53,41.4,40.3,21.3
2026-04-15 04:13:17,80.24,101.4,124.4,6.1,40.8,40.6,21.2
2026-04-15 04:13:17,79.17,88.1,109.4,6.53,41.4,36.1,21.2
2026-04-15 04:13:17,79.69,110.5,133.5,5.3,41.9,36.6,21.2
2026-04-15 04:13:17,79.6,105.1,125.2,6.2,41.9,43.5,21.2
2026-04-15 04:13:18,80.95,107.6,131.1,5.89,40.8,48.6,21.3
2026-04-15 04:13:18,80.52,107.9,131.1,6.02,41.4,35.5,21.3
2026-04-15 04:13:18,79.73,102.1,125.2,6.22,41.9,39.7,21.3
2026-04-15 04:13:18,79.97,128.8,151.9,5.17,42.5,36.5,21.3
2026-04-15 04:13:18,80.58,94.4,117.6,6.04,41.9,37.9,21.3
2026-04-15 04:13:18,78.88,111.4,135.0,5.43,41.4,31.3,21.3
2026-04-15 04:13:19,79.74,89.6,112.1,6.84,40.8,40.0,21.3
2026-04-15 04:13:19,80.36,85.0,107.8,6.24,40.8,34.4,21.3
2026-04-15 04:13:19,80.55,86.2,100.1,7.45,41.4,43.6,21.3
2026-04-15 04:13:19,79.35,86.5,98.8,7.49,41.4,43.4,21.3
2026-04-15 04:13:19,80.24,86.3,98.4,7.51,41.9,41.2,21.3
2026-04-15 04:13:19,79.84,91.4,102.8,7.19,40.8,43.6,21.3
2026-04-15 04:13:19,79.0,127.2,149.8,4.96,41.9,38.3,21.3
2026-04-15 04:13:20,80.26,111.8,135.2,5.41,41.4,36.5,21.2
2026-04-15 04:13:20,80.28,123.2,143.7,5.62,41.9,34.8,21.3
2026-04-15 04:13:20,80.22,121.8,144.9,5.04,40.8,41.3,21.2
2026-04-15 04:13:20,80.46,101.4,109.0,6.84,43.0,54.4,21.2
2026-04-15 04:13:20,81.45,96.0,119.2,6.21,41.9,34.5,21.2
2026-04-15 04:13:20,80.15,114.6,137.6,5.4,40.8,45.9,21.2
2026-04-15 04:13:21,81.92,99.6,116.1,6.59,40.8,43.3,21.3
2026-04-15 04:13:21,80.31,123.9,146.9,5.24,41.4,38.9,21.3
2026-04-15 04:13:21,80.52,106.7,129.9,5.47,40.8,34.7,21.2
2026-04-15 04:13:21,81.89,101.5,124.6,6.2,41.9,43.1,21.2
2026-04-15 04:13:21,81.41,89.8,112.7,6.45,41.4,41.9,21.3
2026-04-15 04:13:22,82.31,99.7,123.3,5.65,42.5,36.8,21.3
2026-04-15 04:13:22,80.64,101.9,124.7,5.95,41.4,41.4,21.3
2026-04-15 04:13:22,82.62,89.3,112.4,6.5,41.4,40.3,21.3
2026-04-15 04:13:22,81.93,99.5,121.2,5.57,40.8,37.1,21.3
2026-04-15 04:13:22,80.61,118.4,141.5,5.47,40.8,42.3,21.3
2026-04-15 04:13:22,81.12,101.8,111.1,6.67,40.2,49.1,21.4
2026-04-15 04:13:23,81.84,128.8,151.4,5.17,40.2,36.5,21.4
2026-04-15 04:13:23,81.42,96.0,119.1,5.98,40.8,37.3,21.3
2026-04-15 04:13:23,81.8,110.8,134.3,5.5,41.4,33.3,21.3
2026-04-15 04:13:23,81.33,97.6,118.9,6.54,41.4,34.5,21.3
2026-04-15 04:13:23,80.41,125.3,151.9,5.06,41.4,40.3,21.3
2026-04-15 04:13:23,81.85,88.3,111.5,6.27,40.8,39.7,21.3
2026-04-15 04:13:24,81.31,91.8,102.5,7.27,40.8,48.2,21.2
2026-04-15 04:13:24,81.28,109.3,132.8,5.44,41.9,35.7,21.3
2026-04-15 04:13:24,81.4,86.3,109.1,6.98,40.8,37.5,21.3
2026-04-15 04:13:24,81.31,98.2,110.6,6.89,41.9,40.7,21.3
2026-04-15 04:13:24,82.33,104.1,127.3,5.79,41.4,36.9,21.3
2026-04-15 04:13:24,81.06,108.0,129.3,5.87,41.9,45.5,21.4
2026-04-15 04:13:25,80.45,91.5,114.5,6.67,41.9,40.0,21.4
2026-04-15 04:13:25,82.13,116.9,139.5,5.2,41.4,38.2,21.4
2026-04-15 04:13:25,82.86,104.4,119.4,6.5,41.9,41.9,21.4
2026-04-15 04:13:25,81.48,108.7,133.2,5.78,40.2,38.5,21.4
2026-04-15 04:13:25,81.7,110.2,131.9,5.96,41.9,41.5,21.4
2026-04-15 04:13:25,81.77,133.2,154.0,5.32,40.8,46.7,21.4
2026-04-15 04:13:26,81.57,128.8,151.8,5.11,41.4,44.0,21.4
2026-04-15 04:13:26,82.35,110.1,133.2,5.52,40.8,38.4,21.4
2026-04-15 04:13:26,81.57,94.9,114.0,6.59,40.8,44.3,21.3
2026-04-15 04:13:26,82.16,99.4,122.0,5.86,41.4,39.7,21.3
2026-04-15 04:13:26,82.13,115.1,137.6,5.44,41.4,38.0,21.3
2026-04-15 04:13:26,80.96,91.0,106.7,7.08,40.2,44.1,21.3
2026-04-15 04:13:27,82.02,103.6,126.5,5.58,41.9,38.6,21.3
2026-04-15 04:13:27,81.93,92.5,115.4,6.44,41.4,38.1,21.3
2026-04-15 04:13:27,81.5,100.9,124.0,5.71,40.2,41.9,21.3
2026-04-15 04:13:27,81.43,106.8,129.8,5.8,41.4,34.4,21.2
2026-04-15 04:13:27,81.03,105.4,127.9,6.03,41.4,47.7,21.3
2026-04-15 04:13:27,82.05,101.1,124.4,6.18,40.2,41.8,21.3
2026-04-15 04:13:28,81.38,100.3,114.6,6.03,40.2,46.9,21.3
2026-04-15 04:13:28,81.63,87.7,110.2,6.5,41.9,36.2,21.3
2026-04-15 04:13:28,82.72,118.0,141.2,5.08,41.9,39.0,21.3
2026-04-15 04:13:28,81.79,88.9,102.2,7.24,40.2,37.3,21.3
2026-04-15 04:13:28,80.84,97.1,119.7,5.75,41.9,41.7,21.4
2026-04-15 04:13:28,80.57,90.1,113.2,6.27,41.9,36.5,21.4
2026-04-15 04:13:29,80.97,89.3,115.3,5.92,41.4,39.7,21.4
2026-04-15 04:13:29,81.69,368.3,401.1,2.21,41.9,78.8,20.8
2026-04-15 04:13:29,81.05,90.7,110.1,6.87,40.8,38.2,20.8
2026-04-15 04:13:29,80.65,116.8,140.0,5.19,41.9,47.0,20.8
2026-04-15 04:13:30,81.5,95.1,110.9,6.89,43.0,45.0,20.8
2026-04-15 04:13:30,81.76,132.8,153.7,4.9,41.9,39.5,20.8
2026-04-15 04:13:30,82.25,107.1,130.4,5.74,41.4,38.8,20.8
2026-04-15 04:13:30,80.93,93.0,116.0,6.57,41.4,43.5,20.9
2026-04-15 04:13:30,82.6,113.0,136.1,5.36,41.4,39.5,20.9
2026-04-15 04:13:30,81.88,92.1,111.8,6.85,41.9,39.7,20.9
2026-04-15 04:13:31,82.09,98.6,119.1,5.79,40.2,38.6,20.9
2026-04-15 04:13:31,81.72,92.9,116.3,6.2,41.9,35.5,20.9
2026-04-15 04:13:31,81.49,105.3,128.4,5.59,40.8,38.6,20.9
2026-04-15 04:13:31,80.43,96.7,119.7,6.33,41.4,36.1,20.9
2026-04-15 04:13:31,82.07,87.6,111.3,6.31,43.0,42.4,20.9
2026-04-15 04:13:31,82.26,114.4,137.5,5.2,41.4,40.0,20.9
2026-04-15 04:13:32,81.95,103.3,121.2,6.43,41.9,41.9,20.9
2026-04-15 04:13:32,81.58,116.7,140.4,5.53,41.4,37.1,21.0
2026-04-15 04:13:32,82.47,95.6,110.4,6.92,41.9,45.9,21.0
2026-04-15 04:13:32,81.77,112.1,140.5,5.28,40.8,38.0,21.0
2026-04-15 04:13:32,82.06,121.8,135.4,5.88,41.4,47.1,21.0
2026-04-15 04:13:32,81.67,106.3,117.3,6.59,40.2,43.3,21.0
2026-04-15 04:13:33,81.69,115.3,139.0,5.69,41.4,45.9,21.0
2026-04-15 04:13:33,81.23,99.6,116.4,6.65,41.4,41.0,20.9
2026-04-15 04:13:33,81.83,106.6,129.3,5.76,41.4,39.7,20.9
2026-04-15 04:13:33,81.45,87.5,108.1,6.77,40.8,42.6,20.9
2026-04-15 04:13:33,82.53,95.6,107.2,7.05,41.9,45.5,20.8
2026-04-15 04:13:33,82.73,92.0,115.0,6.16,41.4,32.8,20.8
2026-04-15 04:13:34,83.26,100.8,124.1,5.69,41.4,46.3,20.8
2026-04-15 04:13:34,83.09,89.8,112.8,6.43,41.4,37.7,20.8
2026-04-15 04:13:34,83.35,91.7,114.5,5.94,40.2,37.9,20.8
2026-04-15 04:13:34,83.93,117.8,140.8,5.19,41.9,41.2,20.8
2026-04-15 04:13:34,83.75,94.7,110.6,6.92,40.8,40.4,20.8
2026-04-15 04:13:34,81.03,118.1,142.5,5.25,41.9,34.7,20.8
2026-04-15 04:13:34,83.48,85.7,98.5,7.54,42.5,45.5,20.8
2026-04-15 04:13:35,83.44,98.4,112.2,6.84,42.5,46.6,20.8
2026-04-15 04:13:35,83.17,111.7,134.0,5.51,42.5,36.6,20.9
2026-04-15 04:13:35,78.73,87.7,105.2,7.09,41.4,43.6,20.9
2026-04-15 04:13:35,73.96,93.1,113.3,5.82,41.9,38.2,20.9
2026-04-15 04:13:35,69.37,97.4,120.4,5.86,41.9,37.9,21.0
2026-04-15 04:13:35,79.01,90.0,112.0,6.28,41.9,44.8,21.0
2026-04-15 04:13:36,81.93,115.7,139.4,5.17,41.9,37.3,21.0
2026-04-15 04:13:36,82.88,114.6,129.2,6.08,41.9,45.3,21.0
2026-04-15 04:13:36,81.67,112.4,128.2,6.08,41.9,43.3,20.9
2026-04-15 04:13:36,82.1,103.7,125.6,6.25,40.8,35.6,20.9
2026-04-15 04:13:36,81.39,107.1,131.5,5.89,40.8,39.1,20.9
2026-04-15 04:13:36,82.32,110.3,132.9,5.96,40.8,39.4,21.0
2026-04-15 04:13:37,73.37,95.9,117.9,6.56,41.9,41.4,21.0
2026-04-15 04:13:37,77.12,97.7,120.7,5.94,41.9,35.4,21.0
2026-04-15 04:13:37,82.26,99.2,122.2,5.95,40.8,40.3,21.0
2026-04-15 04:13:37,84.2,137.3,160.3,4.89,42.5,51.2,21.0
2026-04-15 04:13:37,83.83,119.3,142.3,5.5,41.9,37.1,21.0
2026-04-15 04:13:38,82.36,110.6,125.7,6.26,41.4,40.0,21.0
2026-04-15 04:13:38,83.26,105.0,125.4,6.27,40.8,39.7,21.0
2026-04-15 04:13:38,81.71,91.0,115.5,6.5,41.4,40.3,21.0
2026-04-15 04:13:38,82.82,102.1,124.0,5.67,41.4,40.0,21.0
2026-04-15 04:13:38,82.75,107.5,130.5,5.79,40.8,35.8,21.0
2026-04-15 04:13:38,81.76,99.1,121.0,6.37,41.4,46.0,21.0
2026-04-15 04:13:39,82.11,111.0,133.0,5.6,41.4,44.4,20.9
2026-04-15 04:13:39,81.06,104.9,126.2,6.23,40.8,43.1,20.9
2026-04-15 04:13:39,81.06,88.6,110.5,6.65,41.9,41.7,20.9
2026-04-15 04:13:39,81.22,96.1,119.1,5.73,41.4,35.8,20.9
2026-04-15 04:13:39,80.55,103.3,127.9,5.72,41.9,35.8,20.9
2026-04-15 04:13:39,81.12,89.7,112.8,6.61,42.5,33.9,20.9
2026-04-15 04:13:40,81.2,111.7,135.5,5.24,40.8,34.2,20.9
2026-04-15 04:13:40,81.17,90.5,109.1,6.98,40.8,44.1,20.9
2026-04-15 04:13:40,80.0,97.8,137.9,5.24,40.8,41.3,20.9
2026-04-15 04:13:40,79.77,113.3,130.6,6.06,41.4,43.9,21.0
2026-04-15 04:13:40,79.03,105.1,123.5,6.32,41.9,42.2,20.9
2026-04-15 04:13:40,80.71,123.5,146.1,5.41,41.4,41.9,20.9
2026-04-15 04:13:41,80.1,100.5,123.5,5.65,40.8,32.8,20.9
2026-04-15 04:13:41,79.36,124.4,145.4,5.22,40.8,40.8,21.0
2026-04-15 04:13:41,79.93,95.0,116.9,5.89,41.4,35.4,21.0
2026-04-15 04:13:41,79.93,86.8,108.9,6.24,41.4,36.1,20.9
2026-04-15 04:13:41,80.22,96.2,119.3,5.69,40.8,36.2,20.9
2026-04-15 04:13:41,79.77,86.5,109.2,6.44,40.8,38.1,20.9
2026-04-15 04:13:42,80.74,103.5,115.6,6.66,41.4,44.1,20.9
2026-04-15 04:13:42,81.3,109.3,131.9,5.81,41.4,47.1,20.9
2026-04-15 04:13:42,81.72,97.3,120.1,6.47,40.2,42.9,21.0
2026-04-15 04:13:42,80.99,87.9,110.5,6.36,41.4,40.6,21.0
2026-04-15 04:13:42,81.25,97.5,120.6,5.67,41.9,40.6,21.0
2026-04-15 04:13:42,82.08,119.6,143.3,5.28,40.2,42.1,21.0
2026-04-15 04:13:43,82.15,104.9,114.4,6.61,41.9,45.8,21.0
2026-04-15 04:13:43,81.71,89.5,114.9,6.5,41.4,40.3,21.0
2026-04-15 04:13:43,81.59,89.8,112.9,6.09,42.5,35.4,21.0
2026-04-15 04:13:43,81.36,91.1,113.0,5.96,41.9,35.9,21.0
2026-04-15 04:13:43,80.85,93.6,116.2,5.91,41.9,42.3,20.9
2026-04-15 04:13:43,81.35,102.1,125.7,5.69,40.2,35.8,21.0
2026-04-15 04:13:44,80.98,121.8,144.9,5.39,41.4,37.3,21.0
2026-04-15 04:13:44,83.17,113.9,128.1,5.21,40.2,42.7,21.0
2026-04-15 04:13:44,81.56,110.0,130.2,6.08,41.4,39.7,21.0
2026-04-15 04:13:44,76.71,107.1,129.9,6.09,41.9,39.7,21.0
2026-04-15 04:13:44,82.02,101.7,125.0,6.28,41.4,41.5,21.1
2026-04-15 04:13:44,78.32,85.5,108.6,6.66,41.4,38.7,21.1
2026-04-15 04:13:45,77.73,94.6,107.9,7.02,41.9,45.6,21.0
2026-04-15 04:13:45,78.19,95.6,118.7,5.97,41.4,36.9,21.0
2026-04-15 04:13:45,80.95,91.9,115.0,6.09,42.5,43.1,21.1
2026-04-15 04:13:45,81.72,90.9,112.9,6.09,42.5,37.5,21.1
2026-04-15 04:13:45,84.79,101.2,130.4,5.43,41.9,36.1,21.1
2026-04-15 04:13:45,83.46,110.8,134.8,5.87,41.4,40.0,21.1
2026-04-15 04:13:46,80.24,108.1,128.2,6.13,41.9,47.0,21.1
2026-04-15 04:13:46,86.56,105.7,130.4,6.05,41.4,40.6,21.1
2026-04-15 04:13:46,86.44,111.4,134.4,5.86,41.9,39.4,21.1
2026-04-15 04:13:46,85.84,93.7,114.9,6.69,41.4,44.3,21.1
2026-04-15 04:13:46,84.76,103.3,126.3,5.69,41.4,39.1,21.1
2026-04-15 04:13:46,84.04,107.2,130.7,5.85,41.4,35.4,21.1
2026-04-15 04:13:47,83.71,91.9,115.1,6.58,40.2,42.9,21.1
2026-04-15 04:13:47,83.29,109.4,131.6,5.46,42.5,45.2,21.0
2026-04-15 04:13:47,83.26,111.4,131.7,5.94,41.4,37.3,21.0
2026-04-15 04:13:47,84.39,86.9,110.5,6.88,40.8,40.7,21.0
2026-04-15 04:13:47,73.54,120.0,142.9,5.1,41.4,39.5,21.0
2026-04-15 04:13:47,83.06,96.9,109.1,6.97,40.8,43.1,21.1
2026-04-15 04:13:48,84.68,122.9,145.3,5.19,40.8,41.6,21.2
2026-04-15 04:13:48,82.61,103.6,127.7,5.51,43.0,33.3,21.1
2026-04-15 04:13:48,83.3,117.0,140.1,5.59,41.4,38.6,21.2
2026-04-15 04:13:48,81.41,100.9,116.2,6.65,40.8,42.4,21.2
2026-04-15 04:13:48,81.75,113.7,136.8,5.58,41.4,40.8,21.2
2026-04-15 04:13:48,82.05,89.0,107.7,7.04,41.4,40.4,21.3
2026-04-15 04:13:49,82.24,106.8,130.0,5.41,40.2,38.9,21.3
2026-04-15 04:13:49,80.65,91.5,114.5,6.54,41.9,42.1,21.3
2026-04-15 04:13:49,81.4,89.0,110.9,6.18,41.4,42.6,21.3
2026-04-15 04:13:49,83.76,91.0,113.5,5.93,41.9,35.8,21.3
2026-04-15 04:13:49,83.33,97.3,119.9,5.78,40.8,37.7,21.3
2026-04-15 04:13:49,83.18,93.6,112.0,6.14,41.4,42.9,21.3
2026-04-15 04:13:50,82.53,90.3,113.3,6.13,41.4,35.9,21.4
2026-04-15 04:13:50,81.6,94.7,117.6,5.85,41.9,38.2,21.4
2026-04-15 04:13:50,83.34,110.1,131.3,5.48,40.8,41.4,21.4
2026-04-15 04:13:50,82.79,89.2,109.4,6.88,40.8,43.1,21.5
2026-04-15 04:13:50,82.31,92.5,113.6,5.89,41.9,39.1,21.4
2026-04-15 04:13:50,79.66,128.1,151.2,4.94,41.9,41.5,21.4
2026-04-15 04:13:51,82.15,94.5,116.9,6.01,42.5,37.9,21.4
2026-04-15 04:13:51,80.58,110.8,133.9,5.47,41.9,38.9,21.4
2026-04-15 04:13:51,81.24,106.7,127.0,6.16,41.9,43.1,21.4
2026-04-15 04:13:51,79.43,96.0,116.4,6.41,41.4,40.3,21.4
2026-04-15 04:13:51,76.43,107.7,130.4,5.61,41.9,39.7,21.4
2026-04-15 04:13:51,79.96,93.8,114.9,6.55,41.9,36.8,21.4
2026-04-15 04:13:52,77.75,107.9,131.2,5.52,41.4,36.2,21.3
2026-04-15 04:13:52,77.32,87.6,110.5,6.86,40.8,38.2,21.3
2026-04-15 04:13:52,75.93,118.6,140.2,5.06,41.4,43.8,21.3
2026-04-15 04:13:52,73.7,88.2,101.5,7.35,42.5,43.6,21.2
2026-04-15 04:13:52,75.91,115.4,138.8,5.15,40.2,39.5,21.2
2026-04-15 04:13:52,74.85,97.2,113.5,6.76,40.8,43.5,21.2
2026-04-15 04:13:53,75.85,120.3,143.9,5.22,40.8,41.1,21.2
2026-04-15 04:13:53,78.1,107.4,130.3,5.4,40.8,37.7,21.3
2026-04-15 04:13:53,80.62,103.0,126.2,6.16,41.9,37.7,21.3
2026-04-15 04:13:53,78.91,93.9,117.0,6.35,40.8,40.6,21.3
2026-04-15 04:13:53,80.68,87.5,110.7,6.22,40.8,40.0,21.3
2026-04-15 04:13:53,81.6,121.7,144.8,4.99,41.4,35.1,21.3
2026-04-15 04:13:54,80.86,121.4,143.3,5.01,41.4,37.7,21.3
2026-04-15 04:13:54,79.44,123.0,146.1,4.96,41.4,38.5,21.3
2026-04-15 04:13:54,80.92,99.2,122.1,5.68,41.4,37.7,21.3
2026-04-15 04:13:54,79.04,97.1,119.0,6.08,41.4,39.4,21.3
2026-04-15 04:13:54,78.91,84.8,108.1,6.46,42.5,39.3,21.3
2026-04-15 04:13:55,79.31,98.5,112.2,6.82,41.9,43.1,21.3
2026-04-15 04:13:55,78.2,89.6,110.3,6.3,41.9,38.3,21.3
2026-04-15 04:13:55,78.1,94.1,115.8,5.86,41.4,36.4,21.3
2026-04-15 04:13:55,78.24,84.4,107.7,6.38,42.5,42.2,21.3
2026-04-15 04:13:55,79.34,97.2,110.1,6.85,39.7,45.8,21.3
2026-04-15 04:13:55,77.76,103.1,131.9,5.62,41.4,41.8,21.3
2026-04-15 04:13:55,79.32,91.5,115.1,6.68,41.9,44.4,21.4
2026-04-15 04:13:56,79.68,116.7,139.8,5.22,41.4,42.3,21.4
2026-04-15 04:13:56,79.5,112.8,128.4,6.15,40.2,43.3,21.4
2026-04-15 04:13:56,80.2,95.2,114.0,6.7,41.9,43.1,21.4
2026-04-15 04:13:56,79.64,98.7,119.7,5.88,40.2,40.0,21.4
2026-04-15 04:13:56,78.29,91.9,113.7,6.23,40.8,39.1,21.4
2026-04-15 04:13:57,79.15,113.0,135.9,5.35,41.4,38.7,21.4
2026-04-15 04:13:57,79.32,110.0,129.4,6.11,40.2,40.0,21.4
2026-04-15 04:13:57,79.4,103.1,122.9,6.26,41.4,48.4,21.4
2026-04-15 04:13:57,80.36,110.4,133.1,5.75,40.8,37.3,21.4
2026-04-15 04:13:57,80.4,142.8,163.6,5.03,41.4,44.2,21.4
2026-04-15 04:13:57,80.54,139.3,159.2,5.09,40.8,48.1,21.4
2026-04-15 04:13:58,77.81,89.9,113.0,6.64,40.2,37.3,21.4
2026-04-15 04:13:58,79.13,101.7,125.1,5.6,40.2,36.4,21.4
2026-04-15 04:13:58,79.1,90.4,112.5,6.44,41.9,44.6,21.4
2026-04-15 04:13:58,79.02,91.8,114.7,5.96,41.4,39.7,21.3
2026-04-15 04:13:58,78.53,117.8,140.0,5.2,41.9,39.5,21.3
2026-04-15 04:13:58,78.98,86.7,101.2,7.37,41.9,41.5,21.3
2026-04-15 04:13:59,78.31,119.6,133.0,5.99,40.8,47.6,21.3
2026-04-15 04:13:59,80.66,102.9,114.1,6.7,40.2,42.4,21.3
2026-04-15 04:13:59,79.74,95.3,118.2,6.31,40.8,41.3,21.3
2026-04-15 04:13:59,79.71,111.6,134.6,5.46,40.8,37.5,21.3
2026-04-15 04:13:59,78.26,91.2,111.7,6.84,41.4,45.0,21.3
2026-04-15 04:13:59,78.72,95.0,117.5,5.86,40.2,40.8,21.3
2026-04-15 04:14:00,80.11,113.3,135.9,5.42,42.5,31.8,21.3
2026-04-15 04:14:00,79.56,110.4,129.8,6.1,41.9,44.3,21.4
2026-04-15 04:14:00,78.43,120.7,143.8,5.62,41.9,41.5,21.4
2026-04-15 04:14:00,78.14,115.8,138.8,5.16,41.4,36.0,21.4
2026-04-15 04:14:00,79.5,112.7,127.6,6.12,40.8,39.1,21.5
2026-04-15 04:14:00,79.61,112.4,132.8,5.97,41.9,47.0,21.5
2026-04-15 04:14:01,79.05,114.3,133.1,5.95,41.9,42.6,21.5
2026-04-15 04:14:01,77.95,88.1,104.6,7.1,41.4,43.1,21.5
2026-04-15 04:14:01,78.04,103.9,126.8,5.51,41.4,36.2,21.6
2026-04-15 04:14:01,80.0,103.3,126.2,6.03,40.2,36.4,21.6
2026-04-15 04:14:01,78.39,101.2,124.4,6.06,41.4,38.1,21.6
2026-04-15 04:14:01,78.78,114.3,136.7,5.59,40.8,38.0,21.5
2026-04-15 04:14:02,79.27,94.4,112.4,6.81,41.4,41.1,21.6
2026-04-15 04:14:02,78.19,101.8,125.1,5.72,40.8,41.9,21.6
2026-04-15 04:14:02,78.59,98.5,120.8,6.16,40.8,40.9,21.5
2026-04-15 04:14:02,78.95,89.9,112.6,6.33,42.5,38.3,21.6
2026-04-15 04:14:02,79.26,114.3,135.4,5.22,41.4,38.7,21.5
2026-04-15 04:14:02,79.32,141.8,157.7,5.17,40.8,45.5,21.6
2026-04-15 04:14:03,78.88,95.7,118.7,6.5,41.4,38.7,21.6
2026-04-15 04:14:03,78.4,117.7,141.0,5.3,40.8,35.7,21.6
2026-04-15 04:14:03,80.71,90.3,107.5,7.03,41.4,42.9,21.6
2026-04-15 04:14:03,79.84,114.1,138.1,5.32,42.5,37.8,21.6
2026-04-15 04:14:03,79.87,104.5,122.0,6.4,41.4,42.1,21.5
2026-04-15 04:14:03,78.07,98.0,121.0,6.25,41.4,37.7,21.5
2026-04-15 04:14:04,79.73,112.1,142.7,5.32,41.9,39.0,21.5
2026-04-15 04:14:04,81.09,124.9,137.3,5.81,40.8,35.9,21.6
2026-04-15 04:14:04,81.26,106.0,125.8,5.52,41.4,38.9,21.6
2026-04-15 04:14:04,79.19,117.4,140.5,5.62,41.9,45.2,21.6
2026-04-15 04:14:04,78.76,129.0,144.0,5.62,41.4,53.0,21.6
2026-04-15 04:14:05,79.8,281.4,303.4,2.83,41.9,90.1,21.0
2026-04-15 04:14:05,79.43,112.3,128.3,6.15,42.5,40.6,21.0
2026-04-15 04:14:05,79.2,115.3,134.0,5.89,41.9,42.6,21.0
2026-04-15 04:14:05,79.52,98.7,112.7,6.67,41.9,46.7,21.0
2026-04-15 04:14:05,79.97,121.4,143.4,5.29,40.8,40.5,21.0
2026-04-15 04:14:06,81.27,107.1,129.7,5.39,40.8,38.2,21.0
2026-04-15 04:14:06,79.37,108.8,132.0,5.92,42.5,41.2,21.0
2026-04-15 04:14:06,79.43,141.0,165.2,4.96,42.5,40.3,20.9
2026-04-15 04:14:06,81.65,108.1,129.6,6.1,41.9,37.5,20.9
2026-04-15 04:14:06,81.05,135.7,158.6,5.15,42.5,44.6,20.9
2026-04-15 04:14:06,82.18,115.5,138.4,5.57,41.9,37.1,20.9
2026-04-15 04:14:07,79.77,115.6,133.6,5.96,40.8,40.9,20.9
2026-04-15 04:14:07,80.33,100.0,113.7,6.67,41.9,43.1,20.9
2026-04-15 04:14:07,79.37,105.5,129.1,5.8,41.9,39.1,20.8
2026-04-15 04:14:07,80.78,96.7,118.7,6.34,40.8,41.0,20.8
2026-04-15 04:14:07,80.99,111.0,134.0,5.5,41.9,40.3,20.8
2026-04-15 04:14:07,81.04,88.8,106.5,7.0,40.8,44.1,20.9
2026-04-15 04:14:08,79.98,104.2,127.2,5.5,41.9,36.2,20.9
2026-04-15 04:14:08,79.67,91.2,114.4,6.51,41.9,41.5,20.8
2026-04-15 04:14:08,80.98,114.5,137.5,5.26,41.4,39.2,20.8
2026-04-15 04:14:08,80.72,137.4,155.1,5.29,40.2,41.7,20.8
2026-04-15 04:14:08,80.53,102.2,125.7,6.06,41.4,43.3,20.8
2026-04-15 04:14:08,79.61,89.6,112.7,6.51,41.4,40.0,20.8
2026-04-15 04:14:09,81.78,113.4,136.5,5.25,42.5,38.5,20.8
2026-04-15 04:14:09,81.21,108.2,131.3,6.04,41.9,42.6,20.8
2026-04-15 04:14:09,79.61,104.2,124.6,6.31,41.4,39.0,20.8
2026-04-15 04:14:09,80.59,103.9,126.4,6.01,40.8,37.5,20.8
2026-04-15 04:14:09,81.22,104.7,127.5,5.98,40.8,39.1,20.8
2026-04-15 04:14:09,80.23,106.5,129.6,5.94,40.8,37.3,20.8
2026-04-15 04:14:10,79.53,109.6,132.4,5.89,41.4,40.6,20.8
2026-04-15 04:14:10,79.24,124.0,149.8,5.42,41.9,36.8,20.8
2026-04-15 04:14:10,80.48,105.6,128.5,5.61,40.8,36.2,20.8
2026-04-15 04:14:10,79.64,136.4,159.9,5.04,40.2,45.6,20.9
2026-04-15 04:14:10,80.47,104.0,125.7,6.02,41.4,36.9,20.9
2026-04-15 04:14:11,79.21,103.2,126.2,6.03,41.9,41.2,20.9
2026-04-15 04:14:11,81.73,92.5,115.3,6.4,41.4,38.3,20.9
2026-04-15 04:14:11,80.23,100.7,125.8,5.67,41.9,38.9,20.9
2026-04-15 04:14:11,81.5,89.5,112.6,6.53,41.4,41.3,20.9
2026-04-15 04:14:11,80.96,91.3,112.0,5.93,41.9,39.7,20.9
2026-04-15 04:14:11,81.04,90.3,112.9,6.0,41.9,38.6,20.9
2026-04-15 04:14:12,79.65,90.0,111.0,6.05,41.9,38.1,20.9
2026-04-15 04:14:12,79.71,126.7,149.7,4.92,41.9,39.2,20.9
2026-04-15 04:14:12,78.43,94.6,117.6,5.96,41.9,32.3,20.9
2026-04-15 04:14:12,79.22,105.1,128.0,5.65,41.4,36.2,20.9
2026-04-15 04:14:12,79.95,115.2,138.0,5.66,41.4,44.1,21.0
2026-04-15 04:14:12,80.0,98.4,113.1,6.68,41.4,39.0,21.0
2026-04-15 04:14:13,81.37,98.8,121.8,5.99,41.4,33.3,21.0
2026-04-15 04:14:13,79.93,96.9,121.1,5.98,41.4,40.9,21.0
2026-04-15 04:14:13,81.23,94.0,120.0,6.08,40.8,37.5,21.0
2026-04-15 04:14:13,80.08,108.4,128.6,5.59,40.8,42.5,21.0
2026-04-15 04:14:13,80.66,111.0,137.3,5.81,41.4,45.1,21.1
2026-04-15 04:14:13,79.5,94.4,112.3,6.83,41.9,44.1,21.1
2026-04-15 04:14:14,78.93,111.9,128.1,5.44,40.8,44.4,21.1
2026-04-15 04:14:14,79.49,89.0,107.6,6.96,40.8,41.4,21.1
2026-04-15 04:14:14,80.58,102.7,126.2,5.53,41.4,38.0,21.1
2026-04-15 04:14:14,80.13,96.7,119.7,6.25,40.8,40.0,21.1
2026-04-15 04:14:14,79.76,101.9,124.8,5.82,40.8,35.9,21.1
2026-04-15 04:14:14,79.79,112.6,134.4,5.63,41.4,38.2,21.1
2026-04-15 04:14:15,79.56,95.8,115.7,6.68,40.8,36.8,21.1
2026-04-15 04:14:15,80.58,108.7,131.6,5.57,40.8,32.3,21.2
2026-04-15 04:14:15,81.29,130.8,153.8,5.3,41.9,46.2,21.2
2026-04-15 04:14:15,79.92,90.0,113.1,6.29,41.4,35.9,21.2
2026-04-15 04:14:15,80.81,103.8,126.8,5.54,42.5,37.5,21.2
2026-04-15 04:14:15,79.7,91.9,114.8,6.47,41.9,38.1,21.2
2026-04-15 04:14:16,80.51,93.9,118.1,5.88,41.9,42.4,21.2
2026-04-15 04:14:16,81.28,91.5,111.9,6.14,41.4,41.8,21.1
2026-04-15 04:14:16,80.34,115.6,138.3,5.24,41.9,38.7,21.1
2026-04-15 04:14:16,79.65,88.1,109.3,6.97,41.9,42.6,21.1
2026-04-15 04:14:16,79.79,87.6,107.4,6.17,40.8,40.0,21.0
2026-04-15 04:14:16,79.88,95.6,118.5,5.74,41.9,31.7,21.0
2026-04-15 04:14:17,80.47,99.6,123.9,5.82,41.9,35.3,21.0
2026-04-15 04:14:17,81.34,105.6,128.3,5.83,41.4,39.7,21.1
2026-04-15 04:14:17,81.28,106.4,129.2,5.97,41.9,40.9,21.1
2026-04-15 04:14:17,79.14,95.7,121.6,6.3,41.4,43.9,21.1
2026-04-15 04:14:17,80.59,116.5,139.0,5.42,41.4,43.8,21.1
2026-04-15 04:14:17,80.64,124.7,140.5,5.72,41.9,47.9,21.1
2026-04-15 04:14:18,80.58,91.5,114.2,5.99,41.4,36.8,21.1
2026-04-15 04:14:18,79.89,96.6,122.9,5.7,41.9,40.0,21.1
2026-04-15 04:14:18,80.06,90.5,113.6,6.39,41.4,38.1,21.1
2026-04-15 04:14:18,79.67,118.4,139.1,5.13,41.9,34.2,21.1
2026-04-15 04:14:18,80.68,104.1,118.8,6.51,40.8,44.3,21.1
2026-04-15 04:14:18,79.88,110.5,132.9,5.83,41.4,38.5,21.1
2026-04-15 04:14:19,79.2,87.5,109.0,6.96,40.8,37.5,21.1
2026-04-15 04:14:19,80.22,94.4,117.6,5.76,41.4,38.2,21.1
2026-04-15 04:14:19,80.64,103.1,125.9,5.71,41.9,38.6,21.1
2026-04-15 04:14:19,80.12,91.6,114.3,6.45,42.5,41.9,21.2
2026-04-15 04:14:19,80.06,93.1,114.5,5.95,42.5,47.9,21.2
2026-04-15 04:14:19,79.96,88.4,110.3,6.18,41.4,37.5,21.2
2026-04-15 04:14:20,80.68,97.7,125.9,5.52,41.4,37.8,21.2
2026-04-15 04:14:20,81.34,92.3,115.1,6.41,41.9,41.0,21.2
2026-04-15 04:14:20,80.45,118.1,142.7,5.15,40.2,41.0,21.2
2026-04-15 04:14:20,79.61,100.2,112.8,6.8,40.2,41.7,21.2
2026-04-15 04:14:20,80.64,101.8,126.3,5.89,40.2,36.9,21.3
2026-04-15 04:14:20,79.52,90.3,113.6,6.51,40.2,37.7,21.3
2026-04-15 04:14:21,81.59,90.3,113.8,5.96,41.4,38.8,21.3
2026-04-15 04:14:21,80.82,105.5,128.5,5.54,41.4,39.4,21.3
2026-04-15 04:14:21,80.18,95.1,118.2,6.4,40.8,42.6,21.4
2026-04-15 04:14:21,80.36,142.2,165.3,4.68,41.9,40.9,21.3
2026-04-15 04:14:21,80.67,103.7,126.4,6.2,41.9,43.1,21.3
2026-04-15 04:14:22,81.32,119.2,142.4,5.49,41.4,36.8,21.3
2026-04-15 04:14:22,80.66,88.7,103.4,7.24,40.8,40.7,21.3
2026-04-15 04:14:22,81.92,92.8,115.5,5.92,41.4,40.6,21.3
2026-04-15 04:14:22,81.21,91.5,114.6,6.05,41.4,39.7,21.4
2026-04-15 04:14:22,81.19,92.2,115.2,5.98,40.8,36.4,21.3
2026-04-15 04:14:22,79.53,105.9,128.6,5.55,40.8,42.5,21.3
2026-04-15 04:14:22,80.76,94.9,118.0,6.43,40.8,36.7,21.3
2026-04-15 04:14:23,80.62,94.2,117.9,6.0,40.8,40.3,21.3
2026-04-15 04:14:23,82.33,123.7,146.8,5.12,41.4,40.5,21.2
2026-04-15 04:14:23,81.87,117.7,141.5,5.14,41.9,43.0,21.2
2026-04-15 04:14:23,81.18,87.3,101.5,7.26,41.9,41.5,21.2
2026-04-15 04:14:23,80.61,105.0,129.0,5.43,41.4,38.9,21.2
2026-04-15 04:14:24,81.29,89.3,110.1,6.7,41.4,40.0,21.2
2026-04-15 04:14:24,80.4,92.5,114.6,5.9,40.2,36.4,21.2
2026-04-15 04:14:24,80.78,97.4,123.1,5.74,39.7,37.7,21.2
2026-04-15 04:14:24,80.55,91.5,114.9,6.32,42.5,43.1,21.2
2026-04-15 04:14:24,80.64,93.6,115.7,5.94,40.8,38.8,21.2
2026-04-15 04:14:24,80.8,110.7,133.8,5.44,40.2,34.7,21.2
2026-04-15 04:14:25,82.29,98.6,120.5,6.48,40.8,41.0,21.2
2026-04-15 04:14:25,79.53,113.3,136.2,5.46,42.5,45.1,21.2
2026-04-15 04:14:25,80.51,98.0,115.4,6.69,41.4,44.3,21.2
2026-04-15 04:14:25,80.87,104.3,127.2,5.79,41.4,44.1,21.2
2026-04-15 04:14:25,80.57,92.2,115.3,6.47,40.2,38.7,21.2
2026-04-15 04:14:25,80.97,92.1,114.4,6.0,41.4,36.9,21.2
2026-04-15 04:14:26,80.37,90.2,113.2,6.07,40.2,34.9,21.2
2026-04-15 04:14:26,81.52,97.5,122.0,5.7,40.8,36.8,21.2
2026-04-15 04:14:26,81.18,93.1,116.2,6.22,41.4,39.4,21.2
2026-04-15 04:14:26,80.44,95.0,116.0,5.87,41.9,40.6,21.2
2026-04-15 04:14:26,79.77,102.0,124.1,5.75,40.8,41.4,21.2
2026-04-15 04:14:26,81.05,93.6,116.7,6.41,40.2,39.7,21.2
2026-04-15 04:14:27,79.98,93.9,112.7,6.0,40.8,36.5,21.2
2026-04-15 04:14:27,81.16,122.0,145.2,5.13,41.4,42.3,21.2
2026-04-15 04:14:27,81.58,99.9,123.8,5.6,40.8,35.2,21.2
2026-04-15 04:14:27,81.27,112.4,135.6,5.61,41.4,41.1,21.2
2026-04-15 04:14:27,81.22,118.6,138.9,5.79,41.4,40.8,21.2
2026-04-15 04:14:27,81.71,129.9,144.0,5.6,40.8,47.0,21.3
2026-04-15 04:14:28,81.36,89.7,111.9,6.28,41.9,33.9,21.3
2026-04-15 04:14:28,80.67,91.7,114.2,5.93,41.4,39.7,21.3
2026-04-15 04:14:28,81.25,101.1,124.2,5.69,41.4,37.1,21.3
2026-04-15 04:14:28,81.19,93.0,116.1,6.31,40.2,40.6,21.3
2026-04-15 04:14:28,81.86,110.0,135.5,5.38,41.4,45.9,21.3
2026-04-15 04:14:28,80.53,94.6,114.0,6.71,40.8,37.9,21.3
2026-04-15 04:14:29,79.57,96.7,119.6,5.92,40.8,40.3,21.4
2026-04-15 04:14:29,80.24,111.1,134.5,5.53,41.9,42.5,21.4
2026-04-15 04:14:29,81.12,97.1,118.3,6.57,41.9,38.3,21.4
2026-04-15 04:14:29,80.75,92.8,115.9,6.15,41.9,37.1,21.4
2026-04-15 04:14:29,80.89,91.6,113.2,6.05,42.5,42.0,21.3
2026-04-15 04:14:29,81.03,110.7,133.7,5.39,40.8,40.0,21.4
2026-04-15 04:14:30,81.49,111.9,133.7,5.97,40.8,38.5,21.3
2026-04-15 04:14:30,80.98,104.0,124.5,6.3,41.9,44.6,21.3
2026-04-15 04:14:30,79.6,109.2,132.0,5.82,39.7,42.6,21.3
2026-04-15 04:14:30,79.55,91.4,113.3,6.72,41.4,36.8,21.3
2026-04-15 04:14:30,78.84,114.4,137.5,5.27,43.0,43.1,21.3
2026-04-15 04:14:30,80.41,99.0,117.1,6.61,41.4,40.6,21.2
2026-04-15 04:14:31,81.17,120.3,139.3,5.32,41.9,37.0,21.3
2026-04-15 04:14:31,80.31,87.4,100.9,7.38,43.0,44.6,21.3
2026-04-15 04:14:31,80.84,92.2,114.4,5.85,41.4,40.6,21.3
2026-04-15 04:14:31,80.77,87.0,109.9,6.26,40.2,33.3,21.3
2026-04-15 04:14:31,80.73,107.8,120.2,6.48,41.4,42.4,21.4
2026-04-15 04:14:31,80.24,91.8,114.9,6.66,41.9,37.9,21.4
2026-04-15 04:14:32,79.99,106.4,128.9,5.52,40.8,35.2,21.4
2026-04-15 04:14:32,79.55,96.3,119.5,6.38,42.5,36.7,21.4
2026-04-15 04:14:32,80.43,115.8,136.6,5.38,42.5,43.4,21.4
2026-04-15 04:14:32,80.76,108.8,125.7,6.25,40.8,38.7,21.4
2026-04-15 04:14:32,80.01,118.3,139.3,5.69,41.9,46.5,21.4
2026-04-15 04:14:32,80.94,108.8,122.2,6.31,41.4,38.7,21.4
2026-04-15 04:14:33,80.49,88.6,110.2,6.89,40.2,45.0,21.4
2026-04-15 04:14:33,80.9,108.1,131.0,5.38,39.7,35.6,21.4
2026-04-15 04:14:33,81.57,99.7,122.7,6.32,40.2,37.9,21.4
2026-04-15 04:14:33,80.85,103.8,127.4,5.84,40.8,38.8,21.5
2026-04-15 04:14:33,80.9,97.6,119.8,6.26,41.9,44.6,21.4
2026-04-15 04:14:33,78.41,125.0,148.0,5.16,39.7,40.5,21.4
2026-04-15 04:14:34,81.26,105.4,131.6,5.42,40.2,36.5,21.4
2026-04-15 04:14:34,81.44,114.0,136.7,5.85,40.8,40.3,21.5
2026-04-15 04:14:34,81.11,96.3,108.3,6.66,41.9,53.1,21.5
2026-04-15 04:14:34,79.26,110.1,132.7,5.57,41.9,39.1,21.5
2026-04-15 04:14:34,80.9,86.2,109.5,6.96,41.9,42.4,21.5
2026-04-15 04:14:34,80.56,98.7,121.9,5.63,41.4,38.6,21.5
2026-04-15 04:14:35,80.35,104.3,127.3,5.82,41.4,37.7,21.5
2026-04-15 04:14:35,81.17,121.3,144.3,5.45,40.8,46.5,21.5
2026-04-15 04:14:35,79.9,106.7,128.9,5.39,41.4,40.5,21.5
2026-04-15 04:14:35,79.85,87.2,110.1,6.81,40.8,42.4,21.5
2026-04-15 04:14:35,80.59,122.5,134.4,5.94,40.8,43.3,21.5
2026-04-15 04:14:35,81.4,109.7,132.7,5.34,42.5,35.6,21.6
2026-04-15 04:14:36,79.87,113.7,135.1,5.86,42.5,37.9,21.6
2026-04-15 04:14:36,80.0,102.2,118.3,6.44,41.4,43.5,21.5
2026-04-15 04:14:36,81.23,104.1,127.0,5.94,41.9,40.9,21.5
2026-04-15 04:14:36,80.19,93.6,116.7,6.41,41.4,40.0,21.5
2026-04-15 04:14:36,81.39,106.1,129.7,5.56,41.4,38.0,21.5
2026-04-15 04:14:36,80.93,117.3,140.5,5.65,40.8,41.2,21.5
2026-04-15 04:14:37,80.19,115.7,130.1,6.06,40.2,43.1,21.5
2026-04-15 04:14:37,81.07,99.4,116.3,6.64,41.4,43.7,21.6
2026-04-15 04:14:37,80.95,126.2,149.3,5.18,41.4,39.2,21.6
2026-04-15 04:14:37,79.92,107.9,130.7,5.51,41.9,37.5,21.6
2026-04-15 04:14:37,79.76,93.6,116.9,6.51,41.9,44.3,21.6
2026-04-15 04:14:37,80.17,100.6,122.0,5.78,41.9,36.8,21.6
2026-04-15 04:14:38,80.28,88.2,110.1,6.51,42.5,37.7,21.6
2026-04-15 04:14:38,79.73,102.2,125.9,5.51,40.8,38.4,21.6
2026-04-15 04:14:38,79.53,101.6,124.6,6.06,41.4,36.4,21.6
2026-04-15 04:14:38,80.28,93.8,116.7,6.29,40.2,37.3,21.6
2026-04-15 04:14:38,78.75,103.2,130.7,5.55,40.2,41.3,21.6
2026-04-15 04:14:38,79.9,97.3,120.5,6.41,40.8,39.0,21.6
2026-04-15 04:14:39,78.28,91.8,114.2,6.21,41.9,47.5,21.6
2026-04-15 04:14:39,80.73,96.1,117.2,5.81,41.9,33.3,21.6
2026-04-15 04:14:39,80.97,87.6,108.5,6.32,42.5,37.1,21.6
2026-04-15 04:14:39,79.84,88.5,110.7,6.02,41.9,40.3,21.6
2026-04-15 04:14:39,78.11,96.4,119.5,5.74,40.8,36.2,21.7
2026-04-15 04:14:39,80.77,102.8,125.9,5.78,41.9,39.4,21.7
2026-04-15 04:14:40,79.31,116.7,137.4,5.55,40.2,41.1,21.7
2026-04-15 04:14:40,78.66,96.9,112.7,6.81,41.9,39.3,21.7
2026-04-15 04:14:40,78.62,95.0,122.1,5.93,40.8,42.6,21.6
2026-04-15 04:14:40,79.92,88.4,111.6,6.41,40.2,38.1,21.6
2026-04-15 04:14:40,79.58,94.7,116.1,5.7,40.2,32.8,21.6
2026-04-15 04:14:40,78.87,112.9,133.9,5.48,41.4,45.9,21.6
2026-04-15 04:14:41,79.57,94.2,113.5,6.77,40.8,38.6,21.6
2026-04-15 04:14:41,78.38,88.7,111.9,6.2,40.8,38.7,21.6
2026-04-15 04:14:41,80.25,98.4,121.7,5.67,40.8,36.1,21.6
2026-04-15 04:14:41,78.18,87.8,111.1,6.4,39.7,36.8,21.6
2026-04-15 04:14:41,79.64,87.1,112.5,5.95,41.4,38.2,21.6
2026-04-15 04:14:41,78.35,90.5,112.7,5.95,41.4,32.8,21.6
2026-04-15 04:14:42,78.46,87.0,109.9,6.15,41.9,40.3,21.6
2026-04-15 04:14:42,78.66,94.4,106.6,7.11,40.2,41.8,21.6
2026-04-15 04:14:42,78.56,89.3,109.1,6.19,40.8,40.9,21.6
2026-04-15 04:14:42,79.3,96.7,120.0,5.74,40.8,30.8,21.6
2026-04-15 04:14:42,79.94,94.7,118.4,6.05,42.5,50.0,21.6
2026-04-15 04:14:42,80.64,96.2,119.2,5.98,41.9,34.8,21.6
2026-04-15 04:14:43,79.58,114.4,137.8,5.4,40.8,36.6,21.7
2026-04-15 04:14:43,78.92,96.8,117.5,6.6,41.9,41.7,21.6
2026-04-15 04:14:43,79.54,109.4,132.3,5.67,41.9,39.1,21.6
2026-04-15 04:14:43,79.36,91.4,114.3,6.74,41.4,41.0,21.7
2026-04-15 04:14:43,77.62,97.2,119.7,5.8,41.4,40.0,21.7
2026-04-15 04:14:43,78.28,107.8,131.2,5.64,40.2,39.2,21.7
2026-04-15 04:14:44,78.62,110.1,133.1,5.93,41.4,46.3,21.8
2026-04-15 04:14:44,78.37,94.5,116.5,6.62,39.7,41.9,21.8
2026-04-15 04:14:44,78.47,97.0,117.5,5.92,41.9,36.4,21.8
2026-04-15 04:14:44,80.24,89.5,112.8,6.26,40.2,39.7,21.8
2026-04-15 04:14:45,79.58,324.0,336.6,2.49,42.5,79.2,21.8
2026-04-15 04:14:45,78.53,102.9,119.9,5.57,40.8,66.2,20.8
2026-04-15 04:14:45,80.1,103.9,127.1,6.01,41.9,39.7,20.8
2026-04-15 04:14:45,80.26,105.1,128.4,5.95,41.9,40.6,20.8
2026-04-15 04:14:45,80.15,119.3,143.3,5.5,41.4,39.4,20.8
2026-04-15 04:14:45,79.07,88.8,101.1,7.39,41.4,39.6,20.8
2026-04-15 04:14:46,79.91,95.6,118.6,5.78,41.4,40.0,20.8
2026-04-15 04:14:46,78.38,102.7,126.3,5.74,41.9,40.5,20.9
2026-04-15 04:14:46,80.62,94.7,117.5,6.33,41.9,39.3,20.9
2026-04-15 04:14:46,81.33,98.9,122.2,5.84,40.2,36.9,20.8
2026-04-15 04:14:46,80.32,118.4,141.7,5.38,41.4,43.8,20.8
2026-04-15 04:14:46,79.93,93.6,108.1,7.03,40.8,39.3,20.8
2026-04-15 04:14:46,80.73,86.3,109.0,6.3,41.9,38.7,20.8
2026-04-15 04:14:47,81.32,105.2,117.9,6.57,41.9,40.0,20.8
2026-04-15 04:14:47,80.77,109.7,132.5,5.85,41.4,40.0,20.8
2026-04-15 04:14:47,79.46,104.7,127.7,6.18,40.8,38.1,20.8
2026-04-15 04:14:47,80.71,99.2,122.2,6.21,41.4,43.1,20.8
2026-04-15 04:14:47,79.2,97.5,120.3,6.06,41.4,43.9,20.8
2026-04-15 04:14:47,79.83,87.2,107.8,6.39,40.2,41.5,20.8
2026-04-15 04:14:48,80.53,88.5,114.2,5.87,41.9,36.4,20.8
2026-04-15 04:14:48,78.91,105.5,127.3,5.48,40.8,36.6,20.9
2026-04-15 04:14:48,80.19,106.3,130.9,5.97,41.4,38.8,20.9
2026-04-15 04:14:48,80.02,115.1,133.3,5.75,42.5,47.0,20.9
2026-04-15 04:14:48,79.09,101.5,118.6,6.55,40.8,46.8,20.9
2026-04-15 04:14:48,79.26,108.5,131.4,5.77,41.9,36.4,20.9
2026-04-15 04:14:49,80.36,103.1,126.3,6.2,40.8,42.2,20.9
2026-04-15 04:14:49,79.03,99.1,122.0,6.14,41.4,41.5,20.9
2026-04-15 04:14:49,80.12,87.6,109.6,6.46,40.8,40.6,20.9
2026-04-15 04:14:49,79.29,102.6,125.7,5.51,41.4,39.7,20.9
2026-04-15 04:14:49,78.78,87.8,111.6,6.55,41.9,42.2,20.9
2026-04-15 04:14:49,78.53,97.6,120.5,5.7,41.9,35.8,20.9
2026-04-15 04:14:50,80.02,89.1,111.9,6.33,40.8,41.2,20.9
2026-04-15 04:14:50,79.75,95.9,118.9,5.76,41.4,36.8,20.8
2026-04-15 04:14:50,79.76,104.5,130.0,5.63,40.8,45.6,20.8
2026-04-15 04:14:50,79.63,128.0,148.5,5.33,41.9,39.7,20.8
2026-04-15 04:14:50,79.5,99.7,123.2,5.81,41.4,35.8,20.8
2026-04-15 04:14:51,80.27,102.6,125.6,5.92,41.4,40.6,20.9
2026-04-15 04:14:51,79.04,89.5,107.0,6.51,40.8,39.0,20.9
2026-04-15 04:14:51,80.94,103.2,124.0,5.55,41.4,41.1,20.9
2026-04-15 04:14:51,80.51,88.3,111.4,6.58,41.4,40.3,20.9
2026-04-15 04:14:51,80.51,92.2,115.1,5.87,41.4,35.4,20.8
2026-04-15 04:14:51,78.94,97.7,118.0,5.81,41.9,39.1,20.9
2026-04-15 04:14:52,81.12,97.1,120.1,6.02,41.9,35.9,20.9
2026-04-15 04:14:52,80.02,94.6,117.7,6.1,41.4,47.8,20.9
2026-04-15 04:14:52,77.63,106.5,129.4,5.61,41.4,36.6,20.9
2026-04-15 04:14:52,79.4,94.7,117.7,6.46,40.8,41.9,20.9
2026-04-15 04:14:52,79.65,102.5,125.4,5.73,42.5,41.7,21.0
2026-04-15 04:14:52,79.2,127.3,150.4,5.22,42.5,44.9,21.0
2026-04-15 04:14:53,78.16,104.9,128.0,5.64,40.2,36.2,21.0
2026-04-15 04:14:53,79.43,89.2,111.1,6.59,42.5,43.9,21.0
2026-04-15 04:14:53,78.81,88.3,109.9,6.04,40.8,35.9,21.0
2026-04-15 04:14:53,77.28,110.5,132.8,5.32,41.4,39.2,21.0
2026-04-15 04:14:53,80.79,105.4,127.1,6.2,41.4,40.3,21.0
2026-04-15 04:14:53,79.68,115.6,138.9,5.65,41.9,45.6,21.0
2026-04-15 04:14:54,79.28,104.0,120.6,6.46,41.9,40.3,21.0
2026-04-15 04:14:54,78.72,105.3,127.0,5.95,41.4,41.8,21.0
2026-04-15 04:14:54,79.25,92.5,115.0,6.5,41.9,36.8,21.0
2026-04-15 04:14:54,79.67,98.7,121.3,5.79,39.7,40.0,21.1
2026-04-15 04:14:54,80.32,118.1,141.2,5.38,41.4,37.1,21.1
2026-04-15 04:14:54,80.6,96.3,110.8,6.91,41.4,40.7,21.1
2026-04-15 04:14:55,78.85,102.7,127.9,5.68,41.9,38.6,21.1
2026-04-15 04:14:55,79.19,88.4,111.0,6.69,41.9,40.3,21.1
2026-04-15 04:14:55,78.58,102.9,109.2,6.77,41.4,51.8,21.1
2026-04-15 04:14:55,79.49,90.1,112.2,6.5,41.9,42.6,21.1
2026-04-15 04:14:55,78.99,100.5,124.3,5.63,42.5,37.1,21.1
2026-04-15 04:14:55,80.92,93.5,116.6,6.3,42.5,41.3,21.1
2026-04-15 04:14:55,79.02,87.8,110.4,6.22,41.9,39.4,21.1
2026-04-15 04:14:56,79.74,93.1,105.0,7.18,41.9,45.6,21.1
2026-04-15 04:14:56,79.24,91.8,117.0,5.97,40.8,38.8,21.1
2026-04-15 04:14:56,79.77,100.1,123.2,5.8,41.9,39.1,21.1
2026-04-15 04:14:56,80.21,104.5,126.5,5.85,43.0,37.9,21.1
2026-04-15 04:14:56,77.98,130.5,153.6,5.19,42.5,47.5,21.1
2026-04-15 04:14:57,80.22,97.5,120.4,6.0,41.4,39.7,21.1
2026-04-15 04:14:57,78.94,91.1,114.4,6.23,41.9,35.5,21.1
2026-04-15 04:14:57,79.42,92.7,115.9,5.95,40.2,38.8,21.1
2026-04-15 04:14:57,78.68,112.0,130.4,5.38,41.9,37.8,21.1
2026-04-15 04:14:57,79.88,97.4,118.2,6.57,41.4,40.7,21.1
2026-04-15 04:14:57,80.44,87.9,109.1,6.36,42.5,41.7,21.1
2026-04-15 04:14:58,80.46,97.4,120.3,5.69,42.5,38.0,21.1
2026-04-15 04:14:58,78.92,90.7,117.0,6.12,41.4,39.7,21.1
2026-04-15 04:14:58,81.1,95.6,118.6,5.96,41.4,35.8,21.1
2026-04-15 04:14:58,79.81,105.9,129.7,5.63,41.4,41.1,21.1
2026-04-15 04:14:58,79.71,110.2,132.3,5.87,41.4,39.4,21.0
2026-04-15 04:14:58,78.89,110.4,131.1,5.97,41.4,49.2,21.1
2026-04-15 04:14:59,79.88,110.1,131.6,6.04,40.2,42.4,21.1
2026-04-15 04:14:59,78.99,92.2,113.9,6.72,39.7,37.3,21.1
2026-04-15 04:14:59,79.09,90.0,112.7,6.0,40.8,36.9,21.1
2026-04-15 04:14:59,80.05,92.3,115.5,6.0,41.9,37.9,21.1
2026-04-15 04:14:59,79.67,90.7,113.9,6.07,40.8,30.0,21.1
2026-04-15 04:14:59,80.38,88.6,112.0,6.07,40.8,41.2,21.1
2026-04-15 04:15:00,80.84,105.3,128.2,5.47,41.9,33.3,21.0
2026-04-15 04:15:00,80.76,96.0,119.5,6.34,40.2,38.7,21.1
2026-04-15 04:15:00,78.01,90.5,113.3,6.02,40.2,44.6,21.0
2026-04-15 04:15:00,81.73,96.8,116.0,5.97,41.9,42.4,21.0
2026-04-15 04:15:00,83.26,94.7,115.6,6.03,41.9,37.5,21.0
2026-04-15 04:15:00,83.55,97.0,120.1,5.97,40.8,39.7,21.1
2026-04-15 04:15:01,84.7,103.1,126.1,5.79,41.9,35.9,21.1
2026-04-15 04:15:01,85.15,89.0,113.6,6.49,41.9,35.6,21.1
2026-04-15 04:15:01,85.26,101.8,124.3,5.62,41.4,40.8,21.1
2026-04-15 04:15:01,85.73,106.9,130.0,5.82,40.8,35.4,21.1
2026-04-15 04:15:01,82.11,100.5,120.1,6.25,41.9,51.6,21.1
2026-04-15 04:15:01,83.63,113.5,136.7,5.53,41.4,41.9,21.1
2026-04-15 04:15:02,83.75,115.2,132.8,5.98,41.4,40.0,21.1
2026-04-15 04:15:02,84.43,101.3,118.6,6.55,41.4,42.9,21.1
2026-04-15 04:15:02,84.45,116.9,140.1,5.48,42.5,40.8,21.1
2026-04-15 04:15:02,82.41,103.5,119.2,6.52,41.4,42.6,21.0
2026-04-15 04:15:02,82.35,114.0,137.1,5.66,41.4,39.7,21.0
2026-04-15 04:15:02,82.5,101.3,117.9,6.5,41.4,37.5,21.1
2026-04-15 04:15:02,81.91,92.6,113.1,6.33,41.4,40.6,21.1
2026-04-15 04:15:03,80.35,115.6,138.2,5.27,41.9,39.7,21.1
2026-04-15 04:15:03,81.39,121.8,139.5,5.76,40.2,46.4,21.2
2026-04-15 04:15:03,82.37,99.6,109.3,6.95,40.8,37.0,21.2
2026-04-15 04:15:03,83.51,97.5,120.5,6.1,41.4,41.8,21.2
2026-04-15 04:15:03,82.37,125.0,148.1,5.15,41.4,35.7,21.2
2026-04-15 04:15:04,82.69,106.4,129.4,5.52,42.5,37.0,21.2
2026-04-15 04:15:04,83.77,91.8,117.6,6.44,41.4,40.3,21.2
2026-04-15 04:15:04,80.72,128.7,152.9,4.95,41.4,41.3,21.3
2026-04-15 04:15:04,81.74,99.6,123.5,5.88,40.8,37.9,21.2
2026-04-15 04:15:04,82.82,106.9,130.1,5.71,41.4,38.8,21.2
2026-04-15 04:15:04,84.09,90.1,112.7,6.75,41.9,42.6,21.3
2026-04-15 04:15:05,85.11,112.5,135.5,5.3,41.4,33.8,21.3
2026-04-15 04:15:05,83.91,99.6,112.5,6.5,41.4,46.4,21.3
2026-04-15 04:15:05,82.48,113.1,136.4,5.55,40.2,40.0,21.3
2026-04-15 04:15:05,82.15,106.0,126.8,6.22,41.4,41.5,21.3
2026-04-15 04:15:05,77.49,93.9,117.0,6.53,40.8,39.3,21.3
2026-04-15 04:15:05,78.65,86.3,109.4,6.29,41.4,33.9,21.3
2026-04-15 04:15:06,81.63,100.5,114.1,6.73,42.5,45.6,21.3
2026-04-15 04:15:06,81.09,84.6,110.9,6.49,41.4,42.9,21.3
2026-04-15 04:15:06,81.1,96.8,108.2,7.01,40.2,41.1,21.3
2026-04-15 04:15:06,81.26,110.6,133.7,5.57,41.9,37.7,21.3
2026-04-15 04:15:06,81.25,104.5,125.9,6.25,42.5,37.7,21.3
2026-04-15 04:15:06,81.45,138.5,161.1,4.99,40.8,37.5,21.3
2026-04-15 04:15:07,77.89,107.7,130.7,5.92,42.5,34.9,21.3
2026-04-15 04:15:07,79.37,100.6,121.7,6.1,41.9,50.7,21.3
2026-04-15 04:15:07,80.77,94.9,118.1,6.39,42.5,40.6,21.3
2026-04-15 04:15:07,79.84,108.2,131.8,5.54,41.4,38.9,21.3
2026-04-15 04:15:07,80.71,116.9,140.8,5.68,41.4,45.8,21.3
2026-04-15 04:15:07,83.57,88.6,101.5,7.28,41.4,39.6,21.3
2026-04-15 04:15:08,84.23,94.2,117.3,5.82,41.9,39.7,21.3
2026-04-15 04:15:08,84.49,103.5,125.8,5.69,40.8,39.7,21.3
2026-04-15 04:15:08,84.26,91.1,114.4,6.47,40.2,41.3,21.3
2026-04-15 04:15:08,84.09,122.5,145.3,5.06,41.4,39.5,21.2
2026-04-15 04:15:08,82.34,121.8,144.9,5.02,41.4,36.7,21.2
2026-04-15 04:15:08,81.15,104.4,125.3,5.48,41.4,37.5,21.3
2026-04-15 04:15:09,80.14,92.7,116.9,6.37,41.9,45.0,21.3
2026-04-15 04:15:09,81.02,107.8,131.0,5.56,41.4,38.6,21.3
2026-04-15 04:15:09,80.73,89.8,112.9,6.74,40.8,40.0,21.3
2026-04-15 04:15:09,79.64,125.9,149.6,4.9,40.2,40.0,21.3
2026-04-15 04:15:09,78.86,108.6,131.5,5.52,40.8,37.0,21.3
2026-04-15 04:15:09,79.54,104.6,127.8,6.14,40.2,41.8,21.3
2026-04-15 04:15:10,80.98,112.6,135.7,5.73,40.8,40.3,21.4
2026-04-15 04:15:10,80.96,125.5,145.1,5.57,40.8,37.1,21.4
2026-04-15 04:15:10,81.55,116.2,136.8,5.25,41.4,39.7,21.4
2026-04-15 04:15:10,80.52,130.7,145.3,5.52,40.8,42.9,21.3
2026-04-15 04:15:10,81.5,103.1,125.9,5.81,42.5,39.7,21.3
2026-04-15 04:15:11,79.04,101.7,124.7,6.05,40.8,40.9,21.3
2026-04-15 04:15:11,79.83,93.8,116.1,6.3,41.4,35.6,21.4
2026-04-15 04:15:11,81.26,97.5,117.7,5.86,40.8,40.0,21.4
2026-04-15 04:15:11,81.44,125.2,148.0,5.15,40.8,39.0,21.5
2026-04-15 04:15:11,83.74,88.1,111.1,6.14,41.4,38.1,21.5
2026-04-15 04:15:11,83.75,96.1,117.8,5.73,41.9,44.9,21.5
2026-04-15 04:15:12,82.96,86.7,109.8,6.36,41.4,37.1,21.5
2026-04-15 04:15:12,84.42,101.8,116.3,6.63,40.2,45.2,21.6
2026-04-15 04:15:12,84.85,93.7,117.1,6.4,40.8,36.7,21.6
2026-04-15 04:15:12,84.97,97.2,119.4,5.89,42.5,41.2,21.6
2026-04-15 04:15:12,83.39,118.6,145.3,5.21,41.4,39.7,21.6
2026-04-15 04:15:12,82.46,98.5,121.5,5.68,40.8,37.7,21.7
2026-04-15 04:15:13,82.34,121.7,151.5,5.07,41.4,44.4,21.6
2026-04-15 04:15:13,81.6,121.4,145.6,5.18,40.8,34.2,21.6
2026-04-15 04:15:13,84.19,112.5,135.7,5.26,41.9,31.0,21.6
2026-04-15 04:15:13,85.04,107.4,124.9,6.2,40.8,40.3,21.6
2026-04-15 04:15:13,84.63,100.1,123.3,6.27,41.4,41.7,21.6
2026-04-15 04:15:13,80.34,96.6,118.7,6.12,41.4,40.3,21.6
2026-04-15 04:15:14,81.55,108.0,129.9,5.6,41.4,40.3,21.6
2026-04-15 04:15:14,82.12,110.5,132.8,5.87,41.4,38.5,21.6
2026-04-15 04:15:14,84.92,90.5,111.7,6.82,41.4,41.1,21.6
2026-04-15 04:15:14,82.18,87.7,110.7,6.14,41.4,41.9,21.5
2026-04-15 04:15:14,81.42,126.8,149.6,4.89,39.7,44.4,21.6
2026-04-15 04:15:14,81.44,91.1,114.1,6.06,41.4,33.3,21.6
2026-04-15 04:15:15,81.9,105.8,129.1,5.5,41.4,38.0,21.6
2026-04-15 04:15:15,82.26,92.3,115.6,6.6,41.4,38.7,21.6
2026-04-15 04:15:15,80.84,109.2,133.6,5.39,41.4,40.8,21.7
2026-04-15 04:15:15,80.41,125.6,145.1,5.53,40.2,39.1,21.7
2026-04-15 04:15:15,78.06,89.1,112.2,6.09,42.5,42.9,21.7
2026-04-15 04:15:16,78.51,120.3,143.2,5.07,41.9,41.6,21.7
2026-04-15 04:15:16,78.53,104.6,116.6,6.62,41.4,41.7,21.7
2026-04-15 04:15:16,79.64,111.9,135.4,5.74,42.5,39.7,21.7
2026-04-15 04:15:16,79.09,94.1,114.4,6.74,40.8,38.6,21.7
2026-04-15 04:15:16,80.43,105.9,128.8,5.61,40.8,41.7,21.7
2026-04-15 04:15:16,80.46,92.0,115.4,6.54,41.9,39.3,21.7
2026-04-15 04:15:17,79.3,91.8,114.8,6.02,39.7,38.8,21.8
2026-04-15 04:15:17,74.89,109.0,135.7,5.33,41.4,41.6,21.7
2026-04-15 04:15:17,69.51,89.7,109.5,6.96,41.9,34.0,21.7
2026-04-15 04:15:17,74.37,111.7,137.1,5.14,41.4,44.2,21.7
2026-04-15 04:15:17,74.25,117.8,132.4,6.01,41.4,44.4,21.7
2026-04-15 04:15:17,77.41,106.0,121.0,6.44,40.2,42.2,21.7
2026-04-15 04:15:18,73.37,104.9,127.6,6.06,41.4,39.1,21.8
2026-04-15 04:15:18,72.47,101.8,124.7,6.11,40.8,35.6,21.8
2026-04-15 04:15:18,72.89,93.3,116.4,6.33,39.7,41.8,21.8
2026-04-15 04:15:18,73.24,101.4,125.6,5.69,41.4,38.6,21.7
2026-04-15 04:15:18,74.06,109.1,132.1,5.78,41.4,40.0,21.7
2026-04-15 04:15:18,73.22,114.1,137.1,5.73,40.2,41.4,21.7
2026-04-15 04:15:19,75.52,133.9,150.1,5.42,40.8,39.7,21.7
2026-04-15 04:15:19,75.81,98.5,122.3,6.06,41.4,38.1,21.7
2026-04-15 04:15:19,79.0,102.1,125.1,5.92,40.8,35.4,21.7
2026-04-15 04:15:19,78.89,108.0,131.2,5.79,42.5,49.3,21.6
2026-04-15 04:15:19,76.89,103.0,127.2,6.16,41.9,36.5,21.6
2026-04-15 04:15:19,75.49,108.1,134.4,5.71,40.2,41.8,21.6
2026-04-15 04:15:20,77.1,101.8,124.5,6.26,42.5,42.2,21.6
2026-04-15 04:15:20,76.72,97.4,119.6,6.3,41.9,39.7,21.6
2026-04-15 04:15:20,77.53,106.7,130.5,5.62,41.9,45.3,21.6
2026-04-15 04:15:20,75.99,109.3,132.3,5.98,41.4,40.0,21.7
2026-04-15 04:15:20,77.74,97.3,119.2,6.47,40.8,40.0,21.7
2026-04-15 04:15:20,77.14,100.8,123.7,5.88,41.9,39.1,21.8
2026-04-15 04:15:21,77.2,100.6,128.7,5.8,41.9,37.3,21.8
2026-04-15 04:15:21,78.5,376.6,410.5,2.23,41.9,84.8,20.9
2026-04-15 04:15:21,78.81,118.3,129.6,6.1,41.4,44.8,20.9
2026-04-15 04:15:21,77.21,106.9,121.0,6.43,40.8,43.7,20.9
2026-04-15 04:15:22,76.08,105.0,128.2,6.08,41.9,41.8,20.9
2026-04-15 04:15:22,77.78,103.1,123.7,6.06,41.9,42.4,20.9
2026-04-15 04:15:22,77.96,94.4,117.4,6.34,41.9,38.1,20.9
2026-04-15 04:15:22,77.88,109.1,132.0,5.52,40.8,38.4,20.9
2026-04-15 04:15:22,77.62,99.2,120.9,6.38,41.4,43.9,20.9
2026-04-15 04:15:22,76.42,93.3,117.4,6.18,41.4,43.5,20.9
2026-04-15 04:15:22,75.59,90.6,113.5,6.14,41.9,36.5,20.9
2026-04-15 04:15:23,75.45,97.6,118.0,5.73,41.9,33.3,20.9
2026-04-15 04:15:23,75.09,151.0,173.8,4.57,40.8,41.9,20.9
2026-04-15 04:15:23,78.18,113.1,126.7,6.17,40.8,43.3,20.9
2026-04-15 04:15:23,78.43,116.9,136.2,5.87,40.8,46.2,20.9
2026-04-15 04:15:23,76.5,109.6,125.4,6.27,41.4,42.4,20.9
2026-04-15 04:15:24,76.23,120.2,143.1,5.64,41.4,37.7,20.9
2026-04-15 04:15:24,78.56,103.9,115.5,6.66,40.2,43.9,20.9
2026-04-15 04:15:24,80.46,88.9,112.1,6.58,40.8,36.7,20.9
2026-04-15 04:15:24,80.15,108.3,131.4,5.38,41.9,38.4,21.0
2026-04-15 04:15:24,79.34,98.8,121.2,6.37,40.8,39.3,21.0
2026-04-15 04:15:24,76.98,106.3,129.4,5.75,41.4,35.4,21.0
2026-04-15 04:15:25,77.29,129.7,152.6,5.26,40.2,48.7,21.0
2026-04-15 04:15:25,80.96,93.3,116.4,6.12,40.2,36.9,21.0
2026-04-15 04:15:25,79.38,97.5,121.0,5.84,41.4,42.4,20.9
2026-04-15 04:15:25,79.59,112.2,135.7,5.52,40.8,35.7,20.9
2026-04-15 04:15:25,79.44,112.2,131.9,6.02,40.8,39.1,20.9
2026-04-15 04:15:25,79.54,95.5,116.2,6.63,40.8,43.5,21.0
2026-04-15 04:15:26,80.33,98.9,122.1,5.9,41.4,36.9,21.0
2026-04-15 04:15:26,80.35,104.1,126.9,5.81,40.8,35.4,21.0
2026-04-15 04:15:26,80.84,109.3,133.3,5.8,41.9,35.9,21.0
2026-04-15 04:15:26,80.4,105.2,124.6,6.19,41.4,39.7,20.9
2026-04-15 04:15:26,81.09,115.0,138.8,5.65,40.2,42.6,20.9
2026-04-15 04:15:26,80.86,114.5,130.3,6.05,41.9,42.2,20.9
2026-04-15 04:15:27,80.87,127.5,145.6,5.56,41.9,39.1,21.0
2026-04-15 04:15:27,81.08,95.5,118.0,5.96,40.2,36.9,21.0
2026-04-15 04:15:27,80.54,109.7,132.9,5.53,40.2,37.5,21.0
2026-04-15 04:15:27,81.77,102.6,126.4,6.2,40.8,41.5,21.0
2026-04-15 04:15:27,81.16,117.8,141.8,5.52,42.5,45.8,21.0
2026-04-15 04:15:27,80.83,102.9,115.5,6.63,40.8,40.0,21.0
2026-04-15 04:15:28,81.29,89.4,112.3,6.54,40.8,36.8,21.0
2026-04-15 04:15:28,81.07,102.7,125.7,5.55,41.9,38.4,21.0
2026-04-15 04:15:28,81.1,92.0,114.6,6.42,40.8,43.1,21.0
2026-04-15 04:15:28,81.63,106.0,127.8,5.54,41.4,34.7,21.0
2026-04-15 04:15:28,81.08,115.6,136.4,5.67,41.9,47.8,21.0
2026-04-15 04:15:28,80.4,105.6,121.6,6.35,39.7,42.6,21.1
2026-04-15 04:15:29,81.27,90.1,113.0,6.64,40.8,39.7,21.1
2026-04-15 04:15:29,81.29,89.4,110.2,6.03,40.8,39.1,21.1
2026-04-15 04:15:29,79.69,119.5,142.5,5.09,41.4,35.9,21.1
2026-04-15 04:15:29,81.77,94.4,117.6,5.72,41.4,36.1,21.0
2026-04-15 04:15:29,80.9,99.1,121.8,5.84,41.9,37.9,21.0
2026-04-15 04:15:29,81.13,100.7,124.6,5.91,40.8,42.0,21.0
2026-04-15 04:15:30,81.15,128.7,150.2,5.17,41.4,43.0,21.0
2026-04-15 04:15:30,80.32,97.8,120.9,5.91,41.9,36.4,21.0
2026-04-15 04:15:30,81.12,106.9,128.6,5.69,41.4,44.3,21.0
2026-04-15 04:15:30,80.85,104.8,126.5,6.07,39.1,48.4,21.0
2026-04-15 04:15:30,81.44,106.5,131.9,5.84,41.9,40.3,21.0
2026-04-15 04:15:30,80.77,94.3,117.3,6.49,40.8,38.7,21.0
2026-04-15 04:15:31,78.82,99.7,123.0,5.89,41.9,41.2,21.0
2026-04-15 04:15:31,77.48,87.3,110.4,6.5,40.2,36.7,21.0
2026-04-15 04:15:31,74.17,108.7,132.0,5.31,40.8,37.0,21.1
2026-04-15 04:15:31,68.99,98.8,121.8,6.4,41.9,41.5,21.1
2026-04-15 04:15:31,80.26,109.5,132.5,5.64,40.8,40.0,21.0
2026-04-15 04:15:31,78.42,104.0,127.1,6.2,41.4,38.7,21.0
2026-04-15 04:15:32,75.82,121.5,144.6,5.44,40.2,44.6,21.0
2026-04-15 04:15:32,70.78,102.7,113.7,6.76,42.5,42.4,21.0
2026-04-15 04:15:32,79.48,108.4,131.9,5.79,41.9,42.6,21.0
2026-04-15 04:15:32,79.68,89.1,113.2,6.67,41.4,33.3,21.0
2026-04-15 04:15:32,80.05,103.8,126.0,5.61,41.4,39.7,21.0
2026-04-15 04:15:32,80.21,93.4,115.4,6.4,42.5,37.1,21.0
2026-04-15 04:15:33,78.67,103.4,126.5,5.66,41.9,34.3,21.0
2026-04-15 04:15:33,76.22,99.6,125.0,6.04,42.5,37.5,21.0
2026-04-15 04:15:33,77.18,92.0,114.8,6.4,41.4,39.1,21.0
2026-04-15 04:15:33,77.18,106.9,129.1,5.5,41.9,36.6,21.0
2026-04-15 04:15:33,79.66,89.1,112.4,6.68,40.8,37.3,21.0
2026-04-15 04:15:33,80.14,102.3,123.8,5.58,40.8,44.3,21.1
2026-04-15 04:15:34,81.14,107.4,132.6,5.77,40.8,39.7,21.1
2026-04-15 04:15:34,79.81,92.0,114.0,6.65,42.5,45.9,21.1
2026-04-15 04:15:34,80.08,110.3,133.2,5.45,41.4,39.2,21.0
2026-04-15 04:15:34,79.51,96.3,117.4,6.55,41.4,36.7,21.0
2026-04-15 04:15:34,79.3,108.3,131.8,5.59,41.4,37.9,21.0
2026-04-15 04:15:34,79.0,91.3,116.6,6.6,41.4,33.9,21.0
2026-04-15 04:15:35,78.09,129.5,151.7,4.89,40.2,44.0,21.1
2026-04-15 04:15:35,78.87,133.0,155.8,4.96,40.2,42.5,21.1
2026-04-15 04:15:35,76.55,95.0,118.0,6.18,41.9,33.3,21.1
2026-04-15 04:15:35,76.43,116.3,138.2,5.32,41.4,34.3,21.1
2026-04-15 04:15:35,77.38,104.8,121.0,6.45,40.8,39.3,21.1
2026-04-15 04:15:36,76.81,103.1,124.4,6.06,41.4,42.4,21.1
2026-04-15 04:15:36,76.31,86.1,109.2,6.69,41.9,41.0,21.2
2026-04-15 04:15:36,76.46,85.4,98.3,7.54,41.4,40.0,21.2
2026-04-15 04:15:36,76.82,122.0,134.7,5.88,41.4,40.0,21.2
2026-04-15 04:15:36,77.88,100.4,123.3,5.61,41.4,36.6,21.2
2026-04-15 04:15:36,78.03,90.7,113.9,6.33,40.2,35.5,21.1
2026-04-15 04:15:37,76.87,125.4,148.7,4.99,41.4,42.9,21.1
2026-04-15 04:15:37,78.45,99.5,122.5,5.76,40.8,33.8,21.1
2026-04-15 04:15:37,77.12,90.9,114.0,6.33,41.4,36.1,21.2
2026-04-15 04:15:37,77.53,90.3,112.5,6.02,41.4,37.9,21.2
2026-04-15 04:15:37,76.63,122.8,145.7,5.03,40.8,43.2,21.2
2026-04-15 04:15:37,78.04,97.7,123.6,5.63,41.4,37.5,21.2
2026-04-15 04:15:38,75.54,113.8,133.8,5.54,40.8,39.7,21.2
2026-04-15 04:15:38,74.28,103.6,121.8,6.41,42.5,41.0,21.2
2026-04-15 04:15:38,76.48,92.9,114.9,6.42,42.5,44.4,21.2
2026-04-15 04:15:38,76.48,86.8,108.7,6.24,41.4,36.9,21.2
2026-04-15 04:15:38,76.34,108.7,120.3,6.44,41.9,49.2,21.2
2026-04-15 04:15:38,74.8,101.9,125.0,6.26,41.4,40.9,21.2
2026-04-15 04:15:39,73.62,86.0,109.1,6.63,41.9,50.8,21.2
2026-04-15 04:15:39,73.15,97.1,108.0,6.93,41.4,38.2,21.2
2026-04-15 04:15:39,73.02,101.8,124.9,5.84,40.8,40.3,21.2
2026-04-15 04:15:39,76.96,91.2,113.9,6.41,41.4,40.0,21.2
2026-04-15 04:15:39,74.95,101.5,127.4,5.55,40.8,40.3,21.2
2026-04-15 04:15:39,75.56,108.8,131.2,5.84,40.8,42.0,21.2
2026-04-15 04:15:40,74.65,109.0,131.7,6.01,40.8,41.8,21.2
2026-04-15 04:15:40,75.94,96.6,118.4,6.48,40.8,47.7,21.2
2026-04-15 04:15:40,72.55,134.7,157.8,4.88,41.4,43.0,21.2
2026-04-15 04:15:40,75.65,90.3,113.2,6.45,40.8,36.1,21.2
2026-04-15 04:15:40,74.77,130.2,153.2,4.84,41.4,33.3,21.2
2026-04-15 04:15:40,74.96,117.2,140.4,5.35,40.8,42.7,21.2
2026-04-15 04:15:41,75.44,93.6,108.1,7.01,41.4,42.1,21.3
2026-04-15 04:15:41,76.15,91.6,117.0,5.96,41.4,37.3,21.3
2026-04-15 04:15:41,76.67,111.9,135.0,5.44,41.4,34.8,21.3
2026-04-15 04:15:41,76.38,98.0,116.9,6.55,40.2,42.6,21.2
2026-04-15 04:15:41,75.35,95.8,118.9,6.08,40.2,34.9,21.2
2026-04-15 04:15:41,76.93,103.6,126.7,5.74,40.8,33.8,21.2
2026-04-15 04:15:42,75.19,111.4,134.5,5.73,40.8,42.3,21.2
2026-04-15 04:15:42,75.3,94.8,115.7,6.67,41.9,45.0,21.2
2026-04-15 04:15:42,76.01,102.9,126.5,5.64,40.8,34.3,21.2
2026-04-15 04:15:42,76.77,90.2,113.2,6.61,41.9,39.7,21.2
2026-04-15 04:15:42,77.4,115.8,139.2,5.19,40.2,42.1,21.2
2026-04-15 04:15:42,77.39,132.5,148.9,5.47,41.9,41.1,21.2
2026-04-15 04:15:43,76.4,91.4,113.9,6.3,40.8,40.7,21.2
2026-04-15 04:15:43,76.25,105.7,131.6,5.44,39.7,35.7,21.2
2026-04-15 04:15:43,75.28,95.7,119.0,6.51,40.2,37.3,21.2
2026-04-15 04:15:43,76.12,98.0,121.1,5.92,40.2,35.4,21.2
2026-04-15 04:15:43,76.52,106.3,129.3,5.71,41.4,40.8,21.1
2026-04-15 04:15:43,76.65,84.5,107.9,6.9,41.4,36.8,21.2
2026-04-15 04:15:44,77.36,87.9,102.3,7.34,40.8,42.6,21.2
2026-04-15 04:15:44,77.51,101.5,124.5,5.55,41.9,31.0,21.2
2026-04-15 04:15:44,78.12,89.3,112.5,6.47,41.9,40.0,21.2
2026-04-15 04:15:44,78.62,90.1,113.1,5.98,40.2,37.3,21.3
2026-04-15 04:15:44,78.7,117.5,141.2,5.14,41.4,43.4,21.3
2026-04-15 04:15:44,79.58,93.9,108.1,7.03,41.9,40.4,21.3
2026-04-15 04:15:45,81.12,92.8,116.0,5.99,41.4,34.8,21.3
2026-04-15 04:15:45,81.11,105.9,128.9,5.6,41.4,38.6,21.3
2026-04-15 04:15:45,81.24,116.5,139.6,5.64,40.8,45.7,21.4
2026-04-15 04:15:45,82.03,92.9,108.7,6.99,41.9,42.4,21.4
2026-04-15 04:15:45,80.94,92.2,115.3,6.03,40.2,35.4,21.4
2026-04-15 04:15:45,79.61,104.6,127.7,5.59,41.9,32.4,21.4
2026-04-15 04:15:46,80.41,123.5,144.6,5.39,41.4,38.0,21.5
2026-04-15 04:15:46,80.45,91.4,114.4,5.96,40.2,36.2,21.5
2026-04-15 04:15:46,79.88,115.1,138.3,5.25,41.4,36.8,21.5
2026-04-15 04:15:46,80.63,92.3,109.8,6.94,41.4,40.0,21.5
2026-04-15 04:15:46,80.7,123.0,145.7,5.07,41.4,44.9,21.5
2026-04-15 04:15:46,80.29,103.6,126.6,5.55,41.9,35.2,21.5
2026-04-15 04:15:47,80.05,96.9,120.1,6.24,41.4,42.9,21.5
2026-04-15 04:15:47,79.94,99.5,122.4,5.92,41.4,35.4,21.5
2026-04-15 04:15:47,80.79,96.6,119.6,6.1,40.2,38.5,21.5
2026-04-15 04:15:47,80.82,91.0,114.7,6.2,40.8,36.1,21.5
2026-04-15 04:15:47,80.74,137.1,159.5,4.71,40.8,41.5,21.5
2026-04-15 04:15:48,81.01,103.9,127.0,5.99,41.4,36.9,21.5
2026-04-15 04:15:48,81.1,97.1,120.2,6.26,41.9,38.1,21.5
2026-04-15 04:15:48,81.24,108.9,132.4,5.59,43.0,41.1,21.5
2026-04-15 04:15:48,80.9,110.2,133.3,5.97,41.4,37.9,21.5
2026-04-15 04:15:48,81.49,92.3,113.7,6.73,40.2,40.0,21.5
2026-04-15 04:15:48,80.8,99.0,121.7,5.77,41.9,35.3,21.5
2026-04-15 04:15:49,80.52,91.6,114.8,6.28,40.2,34.9,21.5
2026-04-15 04:15:49,81.11,90.3,92.5,7.57,41.9,54.7,21.4
2026-04-15 04:15:49,80.5,86.0,111.2,6.07,40.8,38.2,21.4
2026-04-15 04:15:49,80.36,86.7,110.1,6.05,41.4,32.8,21.4
2026-04-15 04:15:49,80.58,87.0,110.1,6.01,41.4,34.8,21.4
2026-04-15 04:15:49,80.54,94.1,106.1,7.12,41.4,40.0,21.4
2026-04-15 04:15:49,80.39,89.4,112.8,6.16,41.9,35.9,21.4
2026-04-15 04:15:50,80.24,122.2,145.3,5.03,40.8,35.5,21.5
2026-04-15 04:15:50,80.79,97.1,120.2,5.72,40.2,33.3,21.5
2026-04-15 04:15:50,80.64,107.2,132.5,5.59,40.8,45.1,21.5
2026-04-15 04:15:50,80.16,121.5,144.5,5.52,41.4,38.2,21.5
2026-04-15 04:15:50,78.86,98.7,122.0,5.72,41.4,37.1,21.5
2026-04-15 04:15:51,79.37,101.9,123.4,5.89,40.2,39.1,21.4
2026-04-15 04:15:51,79.24,92.8,115.3,6.35,41.4,37.7,21.4
2026-04-15 04:15:51,79.49,88.4,111.4,6.18,41.4,36.9,21.4
2026-04-15 04:15:51,79.79,97.8,120.9,5.68,41.4,38.9,21.5
2026-04-15 04:15:51,78.72,89.5,112.4,6.32,40.8,36.5,21.5
2026-04-15 04:15:51,79.01,88.8,111.9,6.02,40.8,32.3,21.5
2026-04-15 04:15:52,78.47,86.6,109.6,6.09,41.9,32.8,21.5
2026-04-15 04:15:52,78.99,85.2,93.9,7.58,41.4,50.0,21.5
2026-04-15 04:15:52,79.7,87.4,99.6,7.36,41.4,44.6,21.5
2026-04-15 04:15:52,80.21,122.2,145.3,4.97,41.4,35.5,21.5
2026-04-15 04:15:52,79.39,106.0,129.0,5.45,41.9,42.7,21.5
2026-04-15 04:15:52,79.75,97.9,118.9,6.31,41.4,41.3,21.5
2026-04-15 04:15:52,79.61,93.9,116.8,6.15,40.8,42.4,21.5
2026-04-15 04:15:53,79.71,101.5,124.7,5.74,41.9,37.1,21.5
2026-04-15 04:15:53,79.72,96.0,119.2,6.21,41.9,40.0,21.5
2026-04-15 04:15:53,79.51,109.0,132.2,5.57,40.8,34.8,21.5
2026-04-15 04:15:53,80.2,88.8,110.4,6.83,41.4,37.3,21.5
2026-04-15 04:15:53,79.61,95.2,119.0,5.75,40.8,38.6,21.5
2026-04-15 04:15:53,79.53,93.5,116.5,6.09,41.9,36.9,21.5
2026-04-15 04:15:54,80.08,101.7,124.7,5.72,41.4,35.3,21.5
2026-04-15 04:15:54,78.31,92.0,113.6,6.38,40.8,39.1,21.5
2026-04-15 04:15:54,79.94,124.7,148.6,4.99,43.0,45.0,21.5
2026-04-15 04:15:54,79.88,95.0,118.1,5.9,41.9,35.4,21.5
2026-04-15 04:15:54,78.71,99.0,122.3,5.86,40.8,37.3,21.5
2026-04-15 04:15:55,79.54,96.6,119.9,6.09,41.9,38.1,21.5
2026-04-15 04:15:55,79.41,113.7,138.1,5.37,40.2,42.7,21.5
2026-04-15 04:15:55,79.33,88.0,103.9,7.17,41.4,38.9,21.5
2026-04-15 04:15:55,78.98,110.4,119.8,6.45,41.9,46.6,21.6
2026-04-15 04:15:55,79.42,104.8,125.2,6.23,40.8,39.1,21.6
2026-04-15 04:15:55,79.49,99.6,122.6,6.2,40.8,42.2,21.6
2026-04-15 04:15:55,79.48,106.9,129.6,5.75,40.8,37.3,21.6
2026-04-15 04:15:56,79.75,94.2,117.3,6.5,41.4,37.7,21.6
2026-04-15 04:15:56,79.56,100.9,123.9,5.77,41.4,40.8,21.7
2026-04-15 04:15:56,78.63,106.1,129.7,5.8,43.0,39.7,21.7
2026-04-15 04:15:56,79.67,100.3,123.4,6.23,41.9,41.3,21.7
2026-04-15 04:15:56,79.49,99.1,120.9,6.03,41.9,39.7,21.7
2026-04-15 04:15:56,79.21,97.0,120.0,6.1,41.4,39.4,21.6
2026-04-15 04:15:57,79.96,107.6,131.6,5.61,41.4,35.7,21.6
2026-04-15 04:15:57,80.38,103.4,126.4,6.2,41.4,37.5,21.6
2026-04-15 04:15:57,79.36,124.1,148.7,5.29,40.8,36.5,21.6
2026-04-15 04:15:57,79.5,113.0,137.1,5.31,40.8,38.2,21.6
2026-04-15 04:15:57,79.37,101.3,120.2,6.49,41.9,41.3,21.6
2026-04-15 04:15:58,80.5,89.8,112.9,6.46,41.9,37.1,21.7
2026-04-15 04:15:58,80.22,97.1,119.5,5.74,40.2,37.7,21.7
2026-04-15 04:15:58,80.37,98.4,121.5,5.97,40.8,40.8,21.7
2026-04-15 04:15:58,78.89,98.9,122.0,5.98,40.2,39.7,21.7
2026-04-15 04:15:58,80.34,95.1,120.0,6.07,41.4,36.5,21.7
2026-04-15 04:15:58,79.32,137.4,160.5,4.83,40.8,38.6,21.7
2026-04-15 04:15:59,79.7,113.4,136.7,5.68,40.8,39.7,21.7
2026-04-15 04:15:59,80.47,123.4,142.6,5.66,41.4,42.0,21.7
2026-04-15 04:15:59,79.23,88.8,111.8,6.05,40.8,35.4,21.7
2026-04-15 04:15:59,79.67,124.1,146.5,4.96,41.9,37.2,21.7
2026-04-15 04:15:59,80.1,97.3,121.8,5.73,42.5,34.3,21.6
2026-04-15 04:15:59,80.2,95.8,118.9,6.11,40.2,34.9,21.6
2026-04-15 04:16:00,79.26,88.5,111.6,6.28,40.8,38.1,21.6
2026-04-15 04:16:00,79.56,88.6,111.6,6.0,41.4,35.8,21.6
2026-04-15 04:16:00,78.85,112.0,135.2,5.26,40.8,40.0,21.6
2026-04-15 04:16:00,78.67,100.4,120.5,6.45,41.4,41.9,21.6
2026-04-15 04:16:00,79.24,102.0,123.7,5.86,40.2,40.3,21.6
2026-04-15 04:16:00,79.44,88.3,111.4,6.65,40.8,40.3,21.6
2026-04-15 04:16:01,79.52,109.6,132.5,5.33,41.4,36.1,21.6
2026-04-15 04:16:01,80.16,102.1,126.2,6.24,40.8,37.1,21.6
2026-04-15 04:16:01,79.31,116.8,139.8,5.55,41.4,42.0,21.7
2026-04-15 04:16:01,78.86,101.3,115.1,6.62,40.2,39.0,21.7
2026-04-15 04:16:01,80.03,109.1,132.1,5.74,41.4,41.8,21.7
2026-04-15 04:16:01,79.9,108.1,125.2,6.03,40.2,39.4,21.7
2026-04-15 04:16:02,80.48,105.4,128.6,6.09,40.2,38.5,21.7
2026-04-15 04:16:02,79.6,96.4,119.3,6.36,41.4,33.9,21.7
2026-04-15 04:16:02,79.74,91.1,114.3,6.19,41.4,31.1,21.7
2026-04-15 04:16:02,78.4,93.2,116.2,5.93,41.4,36.2,21.7
2026-04-15 04:16:02,79.54,114.1,138.5,5.29,41.4,40.0,21.7
2026-04-15 04:16:02,79.24,92.8,108.1,6.95,41.4,41.5,21.7
2026-04-15 04:16:03,79.74,111.7,134.7,5.4,40.8,38.4,21.7
2026-04-15 04:16:03,79.51,114.1,132.6,5.91,41.4,41.5,21.7
2026-04-15 04:16:03,77.95,96.7,114.6,6.7,41.9,43.3,21.7
2026-04-15 04:16:03,80.06,102.8,126.5,5.72,41.4,39.1,21.8
2026-04-15 04:16:03,79.51,116.6,135.1,5.61,41.4,40.8,21.8
2026-04-15 04:16:03,79.02,98.3,114.8,6.72,41.4,36.4,21.8
2026-04-15 04:16:04,78.86,376.6,399.4,2.25,42.5,82.9,21.1
2026-04-15 04:16:04,79.22,88.2,108.8,6.91,41.4,43.1,21.0
2026-04-15 04:16:04,80.22,109.4,132.5,5.33,39.1,36.6,21.0
2026-04-15 04:16:04,80.64,90.4,113.1,6.78,41.9,39.0,21.0
2026-04-15 04:16:05,79.18,87.0,116.0,5.91,42.5,37.3,21.0
2026-04-15 04:16:05,79.26,88.9,112.1,6.14,40.8,35.9,21.0
2026-04-15 04:16:05,78.92,103.9,127.2,5.51,41.9,41.1,21.0
2026-04-15 04:16:05,79.24,101.2,124.6,6.09,41.4,40.9,21.0
2026-04-15 04:16:05,79.59,97.1,120.1,6.17,41.4,40.0,21.0
2026-04-15 04:16:05,80.18,101.6,124.2,5.84,40.8,40.8,21.0
2026-04-15 04:16:06,80.38,94.7,117.7,6.26,41.9,40.9,21.0
2026-04-15 04:16:06,79.1,90.2,110.2,6.17,40.2,36.9,20.9
2026-04-15 04:16:06,80.7,125.5,147.0,4.95,41.4,40.0,21.0
2026-04-15 04:16:06,80.44,119.3,142.7,5.15,41.4,38.7,21.0
2026-04-15 04:16:06,80.23,117.7,131.4,6.02,41.4,45.6,21.0
2026-04-15 04:16:06,79.47,111.9,125.2,6.28,41.4,39.0,21.0
2026-04-15 04:16:07,79.38,121.2,140.9,5.68,40.8,42.0,21.0
2026-04-15 04:16:07,78.75,105.2,128.1,5.44,40.2,34.2,21.0
2026-04-15 04:16:07,79.17,100.7,124.7,6.14,40.8,37.7,21.0
2026-04-15 04:16:07,78.03,89.5,113.1,6.45,41.4,36.5,21.0
2026-04-15 04:16:07,79.11,99.4,124.6,5.56,40.8,38.6,20.9
2026-04-15 04:16:07,77.57,88.1,111.3,6.56,41.4,35.6,20.9
2026-04-15 04:16:08,78.87,88.8,111.9,6.02,41.9,33.8,20.9
2026-04-15 04:16:08,80.26,92.1,115.1,5.89,41.9,34.3,20.9
2026-04-15 04:16:08,78.63,98.4,121.5,5.79,41.4,35.8,20.8
2026-04-15 04:16:08,78.88,104.4,127.5,5.79,41.4,39.7,20.9
2026-04-15 04:16:08,78.66,90.7,113.7,6.54,40.8,42.2,20.9
2026-04-15 04:16:08,79.64,131.5,154.8,4.81,40.8,42.0,20.9
2026-04-15 04:16:09,79.1,92.4,118.4,6.07,41.9,39.4,20.9
2026-04-15 04:16:09,79.14,116.3,139.5,5.35,41.4,41.3,20.9
2026-04-15 04:16:09,79.81,104.2,119.2,6.48,41.4,41.9,20.9
2026-04-15 04:16:09,80.96,89.8,113.0,6.58,41.4,37.5,20.9
2026-04-15 04:16:09,80.9,88.4,111.5,6.06,41.4,38.2,20.9
2026-04-15 04:16:09,80.44,88.0,111.0,6.02,40.8,35.8,20.9
2026-04-15 04:16:10,79.57,88.2,111.3,6.0,41.4,33.8,20.9
2026-04-15 04:16:10,78.87,93.3,116.4,5.82,41.4,34.3,20.8
2026-04-15 04:16:10,80.25,101.0,127.4,5.59,41.9,38.6,20.8
2026-04-15 04:16:10,79.68,88.3,111.3,6.69,40.8,32.7,20.8
2026-04-15 04:16:10,81.13,112.8,135.9,5.23,40.8,37.7,20.8
2026-04-15 04:16:10,80.82,98.4,117.7,6.57,40.2,45.0,20.9
2026-04-15 04:16:11,80.73,97.1,120.7,6.03,40.8,36.4,20.9
2026-04-15 04:16:11,80.84,99.1,118.1,5.95,41.4,49.3,20.9
2026-04-15 04:16:11,79.46,114.2,136.0,5.5,40.8,36.2,20.9
2026-04-15 04:16:11,80.25,94.6,112.6,6.81,39.7,39.0,20.9
2026-04-15 04:16:11,78.77,96.9,120.2,5.92,40.8,38.5,21.0
2026-04-15 04:16:11,78.54,108.7,130.4,5.6,41.9,37.1,21.0
2026-04-15 04:16:12,78.78,85.9,109.2,6.96,41.9,40.4,21.0
2026-04-15 04:16:12,80.47,121.2,144.1,4.96,41.4,38.6,21.0
2026-04-15 04:16:12,80.44,96.0,119.1,5.72,41.9,35.3,21.0
2026-04-15 04:16:12,78.85,88.0,111.0,6.31,41.4,39.1,21.0
2026-04-15 04:16:12,78.73,92.3,115.0,5.85,41.9,40.3,21.0
2026-04-15 04:16:12,78.5,89.1,108.9,6.1,41.4,42.0,21.1
2026-04-15 04:16:13,78.78,87.4,110.1,6.08,41.4,33.8,21.1
2026-04-15 04:16:13,79.64,112.8,135.8,5.21,40.8,39.5,21.1
2026-04-15 04:16:13,78.89,112.1,132.0,6.02,39.7,40.3,21.1
2026-04-15 04:16:13,79.84,95.7,115.7,6.67,41.4,36.8,21.1
2026-04-15 04:16:13,79.62,102.1,125.2,5.78,40.8,35.8,21.0
2026-04-15 04:16:13,79.43,90.4,113.8,6.45,41.9,37.7,21.0
2026-04-15 04:16:14,80.02,115.3,136.6,5.22,41.4,37.8,21.0
2026-04-15 04:16:14,77.87,94.6,111.6,6.86,41.9,39.7,21.0
2026-04-15 04:16:14,78.48,103.1,126.2,5.71,41.4,37.3,21.0
2026-04-15 04:16:14,78.7,107.2,130.2,5.86,40.8,41.8,21.0
2026-04-15 04:16:14,78.37,118.8,141.8,5.6,41.4,42.7,21.0
2026-04-15 04:16:14,77.75,89.8,103.3,7.24,40.8,38.8,21.0
2026-04-15 04:16:15,78.84,112.7,135.7,5.3,41.4,36.6,21.0
2026-04-15 04:16:15,77.42,91.8,113.0,6.67,41.4,41.7,21.1
2026-04-15 04:16:15,79.69,91.9,112.1,6.14,41.4,35.5,21.1
2026-04-15 04:16:15,81.12,125.8,148.8,4.99,40.8,42.5,21.1
2026-04-15 04:16:15,80.96,88.9,111.8,6.13,42.5,36.9,21.1
2026-04-15 04:16:16,81.56,102.7,125.6,5.53,39.1,39.7,21.1
2026-04-15 04:16:16,81.69,88.0,111.2,6.61,40.2,37.9,21.1
2026-04-15 04:16:16,79.98,95.7,118.3,5.74,41.4,35.2,21.1
2026-04-15 04:16:16,81.25,104.7,127.8,5.69,41.9,39.7,21.1
2026-04-15 04:16:16,80.73,99.5,122.6,6.2,40.8,37.7,21.1
2026-04-15 04:16:16,81.43,88.2,110.4,6.43,41.9,35.0,21.1
2026-04-15 04:16:17,81.68,103.8,126.8,5.49,41.9,40.5,21.1
2026-04-15 04:16:17,81.09,94.3,117.4,6.37,40.2,35.5,21.1
2026-04-15 04:16:17,81.49,116.6,139.6,5.3,41.9,41.0,21.1
2026-04-15 04:16:17,80.9,96.9,112.5,6.8,41.4,38.2,21.1
2026-04-15 04:16:17,80.55,122.6,145.6,5.2,41.4,41.3,21.1
2026-04-15 04:16:17,81.06,117.1,140.2,5.14,41.4,36.7,21.1
2026-04-15 04:16:18,80.05,102.3,117.2,6.6,41.4,39.0,21.1
2026-04-15 04:16:18,82.31,94.3,116.0,6.29,41.4,36.1,21.2
2026-04-15 04:16:18,82.13,87.8,110.7,6.25,41.4,38.5,21.2
2026-04-15 04:16:18,80.75,112.3,135.4,5.24,42.5,38.7,21.1
2026-04-15 04:16:18,81.25,99.0,119.3,6.51,40.8,40.0,21.1
2026-04-15 04:16:18,81.37,87.7,110.8,6.45,40.8,33.9,21.1
2026-04-15 04:16:19,80.88,97.9,120.9,5.65,40.2,38.4,21.1
2026-04-15 04:16:19,80.7,96.9,120.3,6.03,39.7,34.4,21.1
2026-04-15 04:16:19,81.23,121.0,144.0,5.25,41.4,39.2,21.1
2026-04-15 04:16:19,80.92,92.0,104.0,7.19,41.4,41.8,21.0
2026-04-15 04:16:19,79.27,96.3,118.4,5.9,41.4,37.9,21.0
2026-04-15 04:16:19,80.45,114.7,137.7,5.41,40.8,39.2,21.0
2026-04-15 04:16:20,78.8,100.6,118.4,6.55,39.7,36.2,21.0
2026-04-15 04:16:20,81.12,99.8,124.2,5.98,40.8,39.4,21.1
2026-04-15 04:16:20,80.81,140.5,163.5,4.86,41.4,42.0,21.1
2026-04-15 04:16:20,79.66,143.8,166.9,4.92,41.9,45.7,21.1
2026-04-15 04:16:20,80.84,93.4,116.9,6.58,41.4,34.5,21.1
2026-04-15 04:16:20,78.77,111.3,134.3,5.48,41.4,38.6,21.2
2026-04-15 04:16:21,80.25,99.0,120.0,6.5,41.4,46.9,21.2
2026-04-15 04:16:21,78.58,101.3,124.2,5.92,40.2,37.7,21.2
2026-04-15 04:16:21,81.43,112.2,135.2,5.63,39.7,36.2,21.2
2026-04-15 04:16:21,79.13,93.0,113.4,6.78,42.5,40.0,21.2
2026-04-15 04:16:21,80.45,96.5,119.9,5.87,41.9,34.3,21.3
2026-04-15 04:16:21,78.95,89.5,112.5,6.28,41.9,38.5,21.3
2026-04-15 04:16:22,78.63,95.6,119.0,5.78,40.8,38.0,21.3
2026-04-15 04:16:22,78.72,93.4,116.7,6.04,41.4,35.8,21.3
2026-04-15 04:16:22,79.3,89.7,111.3,6.18,40.8,33.9,21.3
2026-04-15 04:16:22,79.18,112.9,136.0,5.27,40.2,41.8,21.2
2026-04-15 04:16:22,78.04,89.5,109.0,6.98,41.9,43.1,21.2
2026-04-15 04:16:22,78.93,99.6,122.6,5.67,41.4,37.3,21.2
2026-04-15 04:16:23,79.43,90.9,114.2,6.32,40.8,36.9,21.2
2026-04-15 04:16:23,78.7,98.0,119.9,5.76,41.4,32.3,21.2
2026-04-15 04:16:23,78.97,88.9,112.3,6.34,41.4,39.7,21.2
2026-04-15 04:16:23,79.33,87.0,110.0,6.07,40.8,33.8,21.2
2026-04-15 04:16:23,78.03,132.7,162.5,4.57,41.9,41.7,21.2
2026-04-15 04:16:24,79.08,103.2,126.2,6.11,42.5,35.9,21.2
2026-04-15 04:16:24,79.92,97.6,120.2,6.21,39.7,37.7,21.2
2026-04-15 04:16:24,79.5,94.6,117.7,6.11,41.4,38.8,21.2
2026-04-15 04:16:24,78.01,97.1,119.7,5.92,40.2,42.4,21.1
2026-04-15 04:16:24,78.35,122.9,146.8,5.1,42.5,39.7,21.1
2026-04-15 04:16:24,78.47,86.6,109.7,6.24,41.9,33.9,21.1
2026-04-15 04:16:25,78.68,99.0,109.4,6.87,41.4,43.9,21.1
2026-04-15 04:16:25,79.75,99.9,122.6,5.97,41.9,36.4,21.1
2026-04-15 04:16:25,79.18,93.8,117.0,6.23,41.9,40.3,21.1
2026-04-15 04:16:25,79.4,95.4,117.7,5.95,40.8,40.6,21.2
2026-04-15 04:16:25,79.64,96.3,119.8,5.95,41.4,35.4,21.2
2026-04-15 04:16:25,78.61,90.8,115.0,6.18,39.7,34.9,21.2
2026-04-15 04:16:26,76.56,113.2,132.9,5.31,41.9,38.5,21.2
2026-04-15 04:16:26,77.86,117.7,136.7,5.85,40.2,47.0,21.2
2026-04-15 04:16:26,77.37,113.1,127.7,6.17,41.9,42.2,21.2
2026-04-15 04:16:26,78.13,96.9,116.1,6.66,41.4,40.7,21.2
2026-04-15 04:16:26,78.22,89.9,112.8,6.27,40.8,38.5,21.2
2026-04-15 04:16:26,77.74,145.1,168.1,4.51,39.7,36.8,21.3
2026-04-15 04:16:27,77.51,105.2,126.0,6.25,41.9,40.3,21.3
2026-04-15 04:16:27,77.63,91.8,113.8,6.53,41.9,38.3,21.3
2026-04-15 04:16:27,79.18,111.4,134.3,5.37,42.5,33.8,21.3
2026-04-15 04:16:27,77.96,88.6,110.3,6.93,41.9,40.7,21.3
2026-04-15 04:16:27,79.01,147.6,167.1,4.44,41.4,46.2,21.3
2026-04-15 04:16:27,79.24,106.5,126.0,6.24,41.9,37.1,21.3
2026-04-15 04:16:28,79.03,103.2,126.0,6.17,40.2,44.1,21.3
2026-04-15 04:16:28,80.81,99.1,121.7,6.16,41.4,43.1,21.3
2026-04-15 04:16:28,79.98,86.7,109.6,6.48,40.2,36.1,21.4
2026-04-15 04:16:28,78.89,101.8,113.9,6.73,41.4,41.8,21.3
2026-04-15 04:16:28,79.17,109.2,132.7,5.74,41.4,39.7,21.3
2026-04-15 04:16:28,79.06,109.3,132.2,6.01,41.4,41.3,21.3
2026-04-15 04:16:29,78.89,122.1,143.5,5.57,41.4,35.8,21.3
2026-04-15 04:16:29,79.34,98.8,121.8,5.66,41.9,34.8,21.4
2026-04-15 04:16:29,79.03,101.2,124.9,5.89,41.9,40.6,21.4
2026-04-15 04:16:29,79.67,111.8,134.1,5.67,41.4,42.4,21.4
2026-04-15 04:16:29,79.19,97.0,117.4,6.58,41.4,45.9,21.4
2026-04-15 04:16:29,77.62,88.2,111.4,6.34,40.8,38.5,21.4
2026-04-15 04:16:30,78.87,101.7,113.1,6.74,40.2,48.3,21.4
2026-04-15 04:16:30,77.42,114.1,138.1,5.57,40.8,33.3,21.3
2026-04-15 04:16:30,79.43,123.6,137.9,5.75,41.9,45.6,21.3
2026-04-15 04:16:30,78.93,112.6,135.6,5.3,42.5,35.6,21.4
2026-04-15 04:16:30,76.95,135.6,155.6,5.24,41.9,41.1,21.3
2026-04-15 04:16:30,79.06,99.2,122.2,6.17,41.4,39.1,21.3
2026-04-15 04:16:31,79.17,129.8,152.6,5.07,41.4,36.8,21.3
2026-04-15 04:16:31,79.07,96.2,119.3,6.01,41.4,36.4,21.3
2026-04-15 04:16:31,76.82,90.8,113.6,6.2,40.8,35.0,21.3
2026-04-15 04:16:31,78.47,126.7,149.8,4.94,40.2,40.7,21.4
2026-04-15 04:16:31,79.13,89.3,111.9,6.15,41.4,40.6,21.4
2026-04-15 04:16:31,79.66,90.3,113.2,5.97,40.2,36.4,21.3
2026-04-15 04:16:32,80.21,87.5,110.6,6.1,42.5,33.8,21.3
2026-04-15 04:16:32,79.61,87.6,98.9,7.5,41.4,42.3,21.3
2026-04-15 04:16:32,80.22,89.4,112.4,5.94,41.9,36.2,21.3
2026-04-15 04:16:32,78.11,109.8,132.9,5.35,41.9,36.5,21.3
2026-04-15 04:16:32,77.6,94.6,117.4,6.6,41.9,42.6,21.3
2026-04-15 04:16:32,78.72,103.7,126.9,5.65,40.8,37.1,21.3
2026-04-15 04:16:33,79.68,112.0,135.1,5.75,41.4,46.5,21.4
2026-04-15 04:16:33,80.96,93.7,113.8,6.76,40.8,37.9,21.4
2026-04-15 04:16:33,79.8,94.4,117.3,5.97,40.8,38.8,21.3
2026-04-15 04:16:33,80.85,97.1,120.1,5.9,41.4,41.4,21.3
2026-04-15 04:16:33,81.14,112.1,135.7,5.5,41.9,34.8,21.3
2026-04-15 04:16:33,79.93,107.4,126.8,6.19,40.8,35.0,21.3
2026-04-15 04:16:34,80.42,92.6,115.8,6.55,40.8,40.6,21.3
2026-04-15 04:16:34,78.74,95.5,118.8,5.92,41.9,36.4,21.4
2026-04-15 04:16:34,80.3,96.1,119.1,5.99,41.9,47.1,21.4
2026-04-15 04:16:34,77.86,90.1,113.1,6.23,40.8,38.8,21.4
2026-04-15 04:16:34,80.27,87.9,111.0,6.08,40.8,35.4,21.4
2026-04-15 04:16:34,78.22,109.2,132.2,5.32,41.4,38.7,21.5
2026-04-15 04:16:35,80.29,86.1,109.0,6.96,41.4,36.4,21.5
2026-04-15 04:16:35,78.85,94.9,107.5,7.04,41.9,45.6,21.5
2026-04-15 04:16:35,79.98,104.6,127.9,5.64,41.4,44.4,21.5
2026-04-15 04:16:35,79.89,95.2,118.3,6.4,41.4,37.7,21.6
2026-04-15 04:16:35,78.87,110.6,137.6,5.38,40.8,39.7,21.6
2026-04-15 04:16:35,80.26,91.9,109.9,6.95,41.4,38.2,21.6
2026-04-15 04:16:36,80.41,102.1,125.9,5.64,40.8,36.2,21.6
2026-04-15 04:16:36,79.7,96.6,119.7,6.23,41.4,39.3,21.6
2026-04-15 04:16:36,78.62,136.7,160.0,4.83,40.2,46.3,21.6
2026-04-15 04:16:36,80.24,104.1,125.7,5.98,41.9,38.2,21.6
2026-04-15 04:16:36,78.93,109.1,132.1,5.83,41.4,41.4,21.5
2026-04-15 04:16:36,79.97,106.7,129.4,6.1,41.4,40.6,21.5
2026-04-15 04:16:37,80.11,93.9,117.4,6.48,40.8,32.1,21.5
2026-04-15 04:16:37,79.1,95.8,119.7,5.92,40.2,37.3,21.6
2026-04-15 04:16:37,80.48,89.7,113.3,6.24,41.4,36.7,21.6
2026-04-15 04:16:37,80.51,114.3,137.3,5.25,40.8,38.4,21.6
2026-04-15 04:16:37,81.71,89.6,109.2,6.98,41.4,45.0,21.6
2026-04-15 04:16:37,80.48,109.5,133.5,5.36,41.4,38.9,21.6
2026-04-15 04:16:38,80.96,128.9,150.7,5.42,40.8,37.5,21.6
2026-04-15 04:16:38,81.25,135.5,158.6,4.84,41.4,40.5,21.6
2026-04-15 04:16:38,81.14,102.8,125.6,5.98,40.8,36.4,21.6
2026-04-15 04:16:38,80.78,118.3,141.3,5.48,40.8,38.9,21.5
2026-04-15 04:16:38,80.28,105.1,119.0,6.53,41.9,39.7,21.5
2026-04-15 04:16:39,80.21,107.5,133.5,5.81,41.9,40.8,21.5
2026-04-15 04:16:39,78.82,108.5,130.7,6.07,39.1,42.4,21.5
2026-04-15 04:16:39,79.36,107.9,130.9,6.03,41.9,39.7,21.5
2026-04-15 04:16:39,79.45,99.1,121.8,6.34,40.8,37.7,21.5
2026-04-15 04:16:39,79.82,108.3,131.3,5.69,39.7,40.8,21.5
2026-04-15 04:16:39,80.0,123.2,146.4,5.51,41.9,41.2,21.4
2026-04-15 04:16:40,79.8,97.5,120.4,5.74,41.4,33.8,21.4
2026-04-15 04:16:40,79.75,88.3,106.1,6.35,40.8,38.1,21.5
2026-04-15 04:16:40,81.37,112.9,134.8,5.23,41.4,39.0,21.5
2026-04-15 04:16:40,78.01,101.3,119.7,6.42,41.9,37.7,21.5
2026-04-15 04:16:40,79.37,91.1,114.1,6.44,41.4,40.0,21.4
2026-04-15 04:16:40,80.48,121.4,144.4,5.08,40.2,31.1,21.4
2026-04-15 04:16:41,79.65,115.6,138.6,5.15,40.8,36.4,21.5
2026-04-15 04:16:41,79.64,101.1,117.8,6.57,43.0,42.6,21.5
2026-04-15 04:16:41,79.81,102.4,125.5,5.95,41.9,42.6,21.5
2026-04-15 04:16:41,79.61,101.7,124.9,6.01,41.4,35.9,21.5
2026-04-15 04:16:41,80.45,94.4,117.2,6.3,40.2,41.0,21.5
2026-04-15 04:16:41,81.1,85.9,109.0,6.33,40.8,37.9,21.6
2026-04-15 04:16:42,80.86,108.1,131.2,5.3,42.5,34.7,21.6
2026-04-15 04:16:42,80.86,107.0,129.8,6.05,41.9,37.5,21.6
2026-04-15 04:16:42,80.12,102.7,125.9,6.16,41.9,39.4,21.7
2026-04-15 04:16:42,80.95,100.0,123.2,6.1,40.2,36.9,21.7
2026-04-15 04:16:42,81.17,105.5,128.3,5.81,41.4,40.3,21.7
2026-04-15 04:16:42,80.94,119.4,139.9,5.54,41.4,44.6,21.7
2026-04-15 04:16:43,80.83,111.4,124.3,6.3,41.4,38.3,21.7
2026-04-15 04:16:43,80.39,87.6,107.7,7.01,40.2,41.4,21.7
2026-04-15 04:16:43,80.29,105.2,128.3,5.43,40.2,38.4,21.7
2026-04-15 04:16:43,80.83,102.4,121.8,6.1,41.4,41.5,21.7
2026-04-15 04:16:43,80.87,116.3,139.4,5.55,40.2,42.3,21.7
2026-04-15 04:16:43,80.29,106.0,121.8,6.37,40.2,41.9,21.7
2026-04-15 04:16:44,80.96,95.0,118.3,6.44,40.8,37.3,21.7
2026-04-15 04:16:44,81.12,90.5,113.3,6.17,40.8,42.4,21.7
2026-04-15 04:16:44,80.99,95.8,120.6,5.76,41.4,34.8,21.6
2026-04-15 04:16:44,81.61,103.8,125.7,5.77,40.8,40.6,21.6
2026-04-15 04:16:44,80.2,97.6,120.4,6.25,41.9,36.1,21.6
2026-04-15 04:16:44,81.2,113.2,140.7,5.35,42.5,41.7,21.6
2026-04-15 04:16:45,82.04,94.0,107.1,7.0,40.8,40.0,21.6
2026-04-15 04:16:45,80.11,97.0,120.0,5.89,40.2,37.9,21.7
2026-04-15 04:16:45,81.23,120.8,143.8,5.25,40.2,40.0,21.7
2026-04-15 04:16:45,80.08,94.1,117.3,5.76,41.9,31.8,21.7
2026-04-15 04:16:45,80.7,101.5,125.0,5.74,41.9,40.0,21.7
2026-04-15 04:16:45,81.37,97.2,120.3,6.18,40.2,39.1,21.7
2026-04-15 04:16:46,81.35,93.7,115.3,6.12,40.2,37.5,21.7
2026-04-15 04:16:46,81.89,100.9,123.7,5.76,41.4,40.0,21.7
2026-04-15 04:16:46,81.61,96.9,118.8,6.15,41.9,39.7,21.7
2026-04-15 04:16:46,79.89,122.6,145.7,5.2,40.8,44.4,21.7
2026-04-15 04:16:46,81.36,93.7,115.8,5.85,41.9,36.8,21.7
2026-04-15 04:16:47,79.79,117.7,140.7,5.25,41.4,40.8,21.7
2026-04-15 04:16:47,80.4,90.4,104.4,7.18,41.4,40.7,21.7
2026-04-15 04:16:47,80.53,114.0,137.2,5.25,41.9,36.8,21.7
2026-04-15 04:16:47,80.64,94.7,112.9,6.79,41.4,40.7,21.6
2026-04-15 04:16:47,80.89,109.1,130.2,5.51,40.8,39.7,21.7
2026-04-15 04:16:47,81.32,100.0,122.3,6.35,41.4,49.2,21.7
2026-04-15 04:16:47,81.59,86.6,109.6,6.54,41.4,35.6,21.7
2026-04-15 04:16:48,80.64,85.5,98.0,7.57,40.2,42.6,21.7
2026-04-15 04:16:48,80.94,85.9,99.7,7.48,40.8,42.3,21.8
2026-04-15 04:16:48,80.35,90.4,102.9,7.26,40.8,45.5,21.8
2026-04-15 04:16:48,80.6,99.1,122.2,5.7,43.0,33.8,21.8
2026-04-15 04:16:48,80.49,124.0,146.4,5.22,40.8,34.2,21.8
2026-04-15 04:16:48,79.25,114.5,137.6,5.25,40.8,35.1,21.8
2026-04-15 04:16:49,79.31,91.4,110.0,6.95,41.4,42.1,21.9
2026-04-15 04:16:49,79.71,127.1,150.5,4.94,41.4,40.0,21.9
2026-04-15 04:16:49,80.66,101.7,124.7,5.74,41.4,34.3,21.9
2026-04-15 04:16:49,79.15,96.2,120.5,6.16,40.2,39.1,21.8
2026-04-15 04:16:49,79.56,117.5,140.5,5.36,41.4,35.6,21.8
2026-04-15 04:16:49,79.58,88.1,103.0,7.28,41.4,41.8,21.8
2026-04-15 04:16:50,80.36,117.6,140.7,5.1,41.9,35.9,21.8
2026-04-15 04:16:50,80.05,88.6,102.6,7.18,41.9,43.9,21.8
2026-04-15 04:16:50,80.22,118.1,141.4,5.14,40.8,37.3,21.8
2026-04-15 04:16:50,80.72,98.8,112.6,6.8,41.9,37.0,21.8
2026-04-15 04:16:50,79.43,135.8,158.8,4.92,41.9,40.2,21.8
2026-04-15 04:16:50,80.55,87.4,110.5,6.6,41.9,37.3,21.8
2026-04-15 04:16:51,80.34,87.9,99.7,7.48,41.9,42.6,21.8
2026-04-15 04:16:51,80.46,87.4,112.7,5.94,43.0,38.6,21.8
2026-04-15 04:16:51,80.04,94.0,104.4,7.21,41.4,44.6,21.8
2026-04-15 04:16:51,81.49,109.1,132.1,5.53,41.4,40.0,21.7
2026-04-15 04:16:51,80.15,116.8,138.9,5.74,39.7,41.4,21.7
2026-04-15 04:16:52,80.31,186.8,200.6,4.22,40.8,67.4,21.7
2026-04-15 04:16:52,81.04,214.2,237.5,3.34,42.5,85.2,20.8
2026-04-15 04:16:52,81.27,108.3,120.9,6.44,42.5,45.0,20.8
2026-04-15 04:16:52,79.75,110.2,132.1,5.93,40.8,41.8,20.8
2026-04-15 04:16:52,80.09,94.8,117.8,6.58,40.8,43.3,20.8
2026-04-15 04:16:52,80.73,122.2,145.2,5.18,40.8,37.8,20.8
2026-04-15 04:16:53,79.66,92.9,115.2,5.86,41.4,38.6,20.8
2026-04-15 04:16:53,80.22,88.1,111.3,6.18,41.4,37.1,20.8
2026-04-15 04:16:53,81.29,101.6,124.5,5.56,41.4,39.2,20.7
2026-04-15 04:16:53,80.95,89.9,113.2,6.37,41.4,35.0,20.8
2026-04-15 04:16:53,80.32,84.8,107.7,6.26,41.4,39.4,20.8
2026-04-15 04:16:53,80.66,106.2,110.3,6.48,41.4,49.2,20.8
2026-04-15 04:16:54,79.86,101.8,124.8,6.16,41.4,37.5,20.8
2026-04-15 04:16:54,79.77,94.0,117.2,6.29,42.5,36.5,20.8
2026-04-15 04:16:54,80.05,88.0,111.1,6.23,41.4,40.0,20.8
2026-04-15 04:16:54,79.28,114.2,137.2,5.19,40.8,36.4,20.8
2026-04-15 04:16:54,79.31,94.2,111.2,6.82,41.4,39.7,20.8
2026-04-15 04:16:54,80.46,120.0,142.6,5.18,41.9,38.4,20.8
2026-04-15 04:16:55,79.95,119.5,133.3,5.97,41.4,42.0,20.8
2026-04-15 04:16:55,80.85,113.7,136.8,5.2,42.5,39.0,20.8
2026-04-15 04:16:55,80.58,90.3,108.5,6.99,41.9,48.3,20.8
2026-04-15 04:16:55,80.73,103.9,126.9,5.55,43.0,38.4,20.8
2026-04-15 04:16:55,80.98,98.5,121.2,6.2,40.8,40.0,20.9
2026-04-15 04:16:56,80.67,113.6,136.6,5.51,40.2,40.5,20.9
2026-04-15 04:16:56,80.26,98.9,117.5,6.58,41.9,44.8,20.9
2026-04-15 04:16:56,80.84,94.7,117.3,6.16,41.9,34.5,21.0
2026-04-15 04:16:56,80.19,88.0,113.6,6.08,41.9,42.6,20.9
2026-04-15 04:16:56,80.69,101.1,122.9,5.71,39.7,32.8,20.9
2026-04-15 04:16:56,80.56,119.9,142.6,5.39,41.4,38.4,20.9
2026-04-15 04:16:57,80.09,97.1,119.9,5.65,42.5,34.3,21.0
2026-04-15 04:16:57,79.66,121.4,144.5,5.24,41.9,41.3,21.0
2026-04-15 04:16:57,81.02,142.1,165.0,4.54,41.9,41.8,21.0
2026-04-15 04:16:57,79.63,109.9,133.1,5.96,41.4,41.2,21.0
2026-04-15 04:16:57,81.14,111.3,134.0,5.94,41.4,48.6,21.0
2026-04-15 04:16:57,82.04,89.6,106.3,6.92,41.9,44.8,21.0
2026-04-15 04:16:58,81.35,89.6,111.6,6.0,41.9,39.1,21.1
2026-04-15 04:16:58,80.68,107.9,131.0,5.41,42.5,37.3,21.1
2026-04-15 04:16:58,81.34,89.9,113.1,6.73,41.9,40.0,21.0
2026-04-15 04:16:58,80.47,88.3,111.3,6.06,40.8,36.8,21.0
2026-04-15 04:16:58,80.79,96.7,119.7,5.71,42.5,37.1,21.0
2026-04-15 04:16:58,81.36,91.1,114.4,6.21,41.4,38.5,21.0
2026-04-15 04:16:59,80.08,89.7,114.0,6.01,41.4,37.7,21.0
2026-04-15 04:16:59,79.5,105.4,128.1,5.51,41.4,32.3,21.0
2026-04-15 04:16:59,81.03,112.7,135.8,5.76,41.4,37.7,21.0
2026-04-15 04:16:59,80.27,111.7,130.3,6.04,41.4,40.0,21.0
2026-04-15 04:16:59,79.4,125.2,145.4,5.55,40.8,49.3,21.0
2026-04-15 04:16:59,80.72,134.1,157.1,4.79,41.4,34.6,21.1
2026-04-15 04:17:00,78.71,91.7,114.3,6.35,40.8,39.1,21.1
2026-04-15 04:17:00,79.22,100.6,123.9,5.69,41.4,35.3,21.1
2026-04-15 04:17:00,79.31,123.7,146.6,5.28,40.8,42.7,21.1
2026-04-15 04:17:00,79.59,106.2,116.6,6.57,40.8,42.4,21.1
2026-04-15 04:17:00,78.24,105.4,128.2,6.14,41.9,44.8,21.1
2026-04-15 04:17:00,80.11,87.1,110.1,6.75,42.5,40.0,21.1
2026-04-15 04:17:01,80.43,100.3,124.2,5.53,41.9,37.8,21.1
2026-04-15 04:17:01,81.5,106.4,129.5,5.82,41.9,37.7,21.1
2026-04-15 04:17:01,81.08,88.9,112.1,6.69,41.4,42.4,21.0
2026-04-15 04:17:01,80.14,95.4,118.6,5.79,41.4,36.2,21.0
2026-04-15 04:17:01,79.16,97.0,120.2,5.94,39.7,41.4,21.0
2026-04-15 04:17:01,80.44,101.1,126.8,5.76,40.8,39.4,21.0
2026-04-15 04:17:02,80.78,86.8,109.1,6.69,41.9,45.8,21.0
2026-04-15 04:17:02,80.49,88.0,99.6,7.44,41.4,44.4,21.0
2026-04-15 04:17:02,81.02,139.1,148.8,5.43,40.2,45.8,21.0
2026-04-15 04:17:02,80.45,106.9,130.0,5.96,41.4,35.9,21.0
2026-04-15 04:17:02,80.95,99.8,126.1,6.15,41.9,44.6,21.1
2026-04-15 04:17:02,80.86,92.7,116.0,6.39,41.4,38.7,21.1
2026-04-15 04:17:03,79.04,116.9,141.1,5.21,40.2,40.8,21.1
2026-04-15 04:17:03,80.18,90.3,106.7,7.09,41.4,41.4,21.2
2026-04-15 04:17:03,80.26,98.5,121.8,5.77,41.4,41.4,21.1
2026-04-15 04:17:03,79.66,99.4,122.5,6.0,40.8,38.2,21.1
2026-04-15 04:17:03,79.87,106.8,130.4,5.74,41.9,40.8,21.1
2026-04-15 04:17:03,78.98,97.4,120.3,6.38,41.4,41.9,21.1
2026-04-15 04:17:04,79.41,94.6,130.9,5.65,40.8,45.1,21.1
2026-04-15 04:17:04,79.65,98.7,122.0,6.35,40.2,38.1,21.1
2026-04-15 04:17:04,78.35,93.4,114.8,6.2,40.8,36.7,21.1
2026-04-15 04:17:04,79.43,107.9,134.4,5.42,40.2,33.3,21.1
2026-04-15 04:17:04,79.37,102.3,123.1,6.35,41.4,39.3,21.2
2026-04-15 04:17:04,80.06,108.6,130.6,5.78,41.4,37.9,21.2
2026-04-15 04:17:05,79.75,96.8,118.8,6.46,41.4,37.7,21.1
2026-04-15 04:17:05,79.3,106.0,128.5,5.69,40.8,41.7,21.1
2026-04-15 04:17:05,78.59,121.4,144.4,5.5,40.8,40.8,21.2
2026-04-15 04:17:05,78.52,94.1,117.1,5.79,41.9,38.0,21.1
2026-04-15 04:17:05,80.1,118.1,141.3,5.24,40.8,41.7,21.1
2026-04-15 04:17:05,78.72,92.2,105.1,7.13,40.2,44.8,21.1
2026-04-15 04:17:06,80.01,104.9,127.5,5.58,40.2,36.2,21.1
2026-04-15 04:17:06,78.24,94.8,119.1,6.34,41.4,41.5,21.1
2026-04-15 04:17:06,78.82,109.0,131.8,5.57,40.8,41.1,21.0
2026-04-15 04:17:06,79.6,93.2,116.5,6.63,41.9,42.4,21.1
2026-04-15 04:17:06,80.02,94.3,116.5,5.96,41.9,35.9,21.1
2026-04-15 04:17:06,78.72,110.8,133.9,5.45,39.7,38.0,21.1
2026-04-15 04:17:07,79.71,96.4,117.4,6.59,40.2,37.9,21.1
2026-04-15 04:17:07,79.24,112.1,135.2,5.48,43.0,37.1,21.1
2026-04-15 04:17:07,78.49,90.9,109.3,6.87,41.4,44.1,21.1
2026-04-15 04:17:07,79.58,113.0,135.7,5.31,40.8,34.7,21.2
2026-04-15 04:17:07,79.71,103.3,122.4,6.37,40.8,44.3,21.2
2026-04-15 04:17:07,78.03,106.7,129.9,5.88,41.4,39.7,21.2
2026-04-15 04:17:08,80.23,126.2,145.6,5.34,40.2,44.6,21.2
2026-04-15 04:17:08,79.86,92.4,113.9,6.03,40.8,33.3,21.2
2026-04-15 04:17:08,80.48,109.1,132.3,5.48,41.4,38.2,21.1
2026-04-15 04:17:08,78.28,90.5,113.1,6.76,41.4,42.4,21.2
2026-04-15 04:17:08,78.31,94.5,117.4,5.87,41.4,36.8,21.2
2026-04-15 04:17:09,79.12,89.9,113.7,6.14,41.4,35.4,21.1
2026-04-15 04:17:09,79.61,98.7,121.7,5.73,41.9,32.8,21.2
2026-04-15 04:17:09,77.76,101.0,124.0,5.92,41.9,41.5,21.2
2026-04-15 04:17:09,78.63,87.6,110.7,6.53,41.9,35.6,21.2
2026-04-15 04:17:09,79.13,111.8,133.5,5.24,41.4,37.7,21.2
2026-04-15 04:17:09,79.64,99.3,119.5,6.49,41.4,44.3,21.2
2026-04-15 04:17:10,78.89,93.4,116.4,6.22,41.4,37.5,21.2
2026-04-15 04:17:10,78.85,108.2,131.2,5.51,40.8,38.9,21.2
2026-04-15 04:17:10,78.7,111.7,128.3,5.88,40.2,47.0,21.2
2026-04-15 04:17:10,79.94,119.4,137.3,5.74,40.8,42.6,21.3
2026-04-15 04:17:10,78.32,92.4,104.9,7.17,41.9,46.4,21.3
2026-04-15 04:17:10,79.83,88.1,111.2,6.06,41.4,39.4,21.2
2026-04-15 04:17:11,79.53,100.6,123.2,5.65,41.4,36.1,21.2
2026-04-15 04:17:11,79.79,97.4,120.6,6.13,40.8,39.7,21.2
2026-04-15 04:17:11,78.62,103.2,126.3,5.81,40.8,40.6,21.3
2026-04-15 04:17:11,78.93,105.7,126.5,5.92,42.5,38.8,21.2
2026-04-15 04:17:11,78.05,97.5,120.6,6.31,41.9,39.7,21.3
2026-04-15 04:17:11,79.63,117.2,137.1,5.37,42.5,41.3,21.3
2026-04-15 04:17:12,79.55,120.7,138.3,5.8,40.8,41.8,21.3
2026-04-15 04:17:12,79.06,119.2,128.5,6.14,41.4,50.0,21.3
2026-04-15 04:17:12,79.22,111.1,122.4,6.31,40.8,43.5,21.3
2026-04-15 04:17:12,78.5,105.1,128.2,6.17,41.9,42.2,21.3
2026-04-15 04:17:12,80.32,86.7,109.9,6.81,40.8,40.7,21.3
2026-04-15 04:17:12,79.48,104.3,115.9,6.63,40.2,46.7,21.3
2026-04-15 04:17:12,79.35,97.2,120.4,6.27,40.8,41.3,21.3
2026-04-15 04:17:13,78.19,119.6,142.3,5.29,41.9,35.6,21.3
2026-04-15 04:17:13,78.9,95.7,108.3,7.01,41.4,40.4,21.3
2026-04-15 04:17:13,79.18,99.8,124.4,5.8,40.2,32.3,21.3
2026-04-15 04:17:13,78.42,94.2,117.2,6.27,41.9,33.3,21.3
2026-04-15 04:17:13,77.95,102.3,125.5,5.72,41.4,35.3,21.3
2026-04-15 04:17:13,77.83,103.5,126.5,5.96,40.2,36.4,21.3
2026-04-15 04:17:14,78.68,118.8,140.9,5.5,41.4,45.1,21.3
2026-04-15 04:17:14,79.1,108.7,122.5,6.39,40.8,40.7,21.3
2026-04-15 04:17:14,77.15,105.4,124.0,6.13,41.4,39.4,21.3
2026-04-15 04:17:14,77.92,99.7,120.0,6.21,41.4,43.7,21.3
2026-04-15 04:17:14,78.02,100.9,123.3,5.96,41.4,42.0,21.3
2026-04-15 04:17:14,78.58,92.5,115.2,6.33,40.8,39.1,21.3
2026-04-15 04:17:15,78.06,90.9,113.9,6.06,41.9,36.5,21.3
2026-04-15 04:17:15,78.95,112.1,134.8,5.33,40.8,45.3,21.3
2026-04-15 04:17:15,79.48,111.9,132.3,5.99,40.8,46.3,21.3
2026-04-15 04:17:15,78.32,92.8,113.9,6.76,41.4,43.1,21.3
2026-04-15 04:17:15,78.28,103.5,125.1,5.64,41.9,42.5,21.4
2026-04-15 04:17:15,78.72,92.3,115.4,6.48,40.2,36.7,21.4
2026-04-15 04:17:16,77.85,86.9,107.4,6.21,40.2,37.1,21.4
2026-04-15 04:17:16,78.73,114.1,126.2,6.22,40.8,44.6,21.4
2026-04-15 04:17:16,79.41,91.5,105.0,6.95,40.8,44.8,21.4
2026-04-15 04:17:16,78.51,103.4,126.5,5.6,41.4,35.7,21.4
2026-04-15 04:17:16,79.25,131.0,154.1,5.15,39.7,38.7,21.4
2026-04-15 04:17:16,77.83,113.9,137.5,5.45,41.9,44.4,21.5
2026-04-15 04:17:17,78.62,109.3,127.4,6.19,41.4,38.3,21.4
2026-04-15 04:17:17,78.02,116.9,139.9,5.74,40.8,40.3,21.5
2026-04-15 04:17:17,77.62,89.2,103.2,7.2,40.2,44.8,21.5
2026-04-15 04:17:17,78.12,87.5,110.4,6.07,41.4,36.5,21.5
2026-04-15 04:17:17,77.87,103.6,125.2,5.47,41.4,39.7,21.5
2026-04-15 04:17:17,79.08,96.7,119.6,6.27,41.9,40.3,21.5
2026-04-15 04:17:18,80.21,110.4,133.4,5.55,41.4,40.3,21.5
2026-04-15 04:17:18,78.9,122.1,142.6,5.6,41.4,45.9,21.5
2026-04-15 04:17:18,76.8,101.2,124.7,5.57,41.4,38.9,21.5
2026-04-15 04:17:18,77.9,130.2,153.3,5.12,40.2,32.9,21.5
2026-04-15 04:17:18,78.51,112.0,132.1,5.5,41.9,40.0,21.5
2026-04-15 04:17:19,78.22,98.2,118.0,6.54,40.2,34.5,21.5
2026-04-15 04:17:19,78.83,115.2,139.5,5.41,40.2,39.4,21.5
2026-04-15 04:17:19,78.1,92.1,108.2,7.03,41.9,38.2,21.5
2026-04-15 04:17:19,78.8,107.5,131.9,5.45,40.8,40.5,21.5
2026-04-15 04:17:19,78.14,103.6,126.7,6.21,41.4,38.7,21.5
2026-04-15 04:17:19,78.1,103.9,127.1,5.99,41.4,40.3,21.4
2026-04-15 04:17:20,78.79,95.4,119.2,6.3,40.2,37.5,21.4
2026-04-15 04:17:20,78.29,103.0,126.1,5.77,39.7,35.3,21.4
2026-04-15 04:17:20,77.21,103.3,128.8,5.9,41.4,40.6,21.4
2026-04-15 04:17:20,78.79,113.7,136.1,5.73,39.7,35.9,21.5
2026-04-15 04:17:20,78.7,101.7,114.1,6.47,40.8,48.4,21.5
2026-04-15 04:17:20,78.61,91.6,114.6,6.4,40.8,38.1,21.4
2026-04-15 04:17:21,78.69,114.0,136.9,5.29,40.8,41.0,21.4
2026-04-15 04:17:21,77.82,89.6,108.3,7.02,43.0,41.4,21.5
2026-04-15 04:17:21,78.06,88.0,111.1,6.06,41.4,35.8,21.5
2026-04-15 04:17:21,79.11,84.5,107.5,6.13,42.5,40.0,21.5
2026-04-15 04:17:21,79.92,116.8,129.6,6.04,41.4,41.5,21.5
2026-04-15 04:17:21,79.23,127.0,141.5,5.66,40.8,41.2,21.5
2026-04-15 04:17:22,77.31,101.9,126.1,5.67,41.4,32.3,21.5
2026-04-15 04:17:22,80.53,90.0,113.1,6.52,39.7,37.7,21.5
2026-04-15 04:17:22,78.67,115.8,142.9,5.08,39.7,38.5,21.6
2026-04-15 04:17:22,78.9,89.4,101.4,7.37,41.4,37.3,21.5
2026-04-15 04:17:22,77.66,106.5,129.6,5.43,41.4,42.7,21.5
2026-04-15 04:17:22,78.1,87.8,110.9,6.78,40.8,37.9,21.5
2026-04-15 04:17:23,78.98,88.1,111.1,5.99,42.5,30.6,21.5
2026-04-15 04:17:23,79.0,87.2,109.1,6.04,41.4,36.4,21.5
2026-04-15 04:17:23,79.54,93.4,105.2,7.17,41.4,43.1,21.5
2026-04-15 04:17:23,78.2,115.3,136.9,5.3,41.4,41.1,21.5
2026-04-15 04:17:23,77.52,107.6,124.6,6.3,40.8,40.6,21.5
2026-04-15 04:17:23,79.11,89.7,112.6,6.72,40.8,36.2,21.6
2026-04-15 04:17:24,79.08,89.8,112.2,6.0,41.4,36.4,21.6
2026-04-15 04:17:24,78.63,109.3,132.3,5.38,41.4,39.7,21.6
2026-04-15 04:17:24,79.06,88.2,111.0,6.87,40.8,36.4,21.6
2026-04-15 04:17:24,79.38,144.6,165.5,4.48,40.2,37.8,21.6
2026-04-15 04:17:24,79.26,95.7,117.2,6.62,39.7,40.0,21.6
2026-04-15 04:17:24,80.61,91.2,114.2,6.15,40.8,37.9,21.6
2026-04-15 04:17:25,80.99,87.3,109.3,6.12,41.4,34.8,21.7
2026-04-15 04:17:25,80.14,87.1,110.1,6.06,41.4,38.6,21.7
2026-04-15 04:17:25,79.1,114.1,137.2,5.17,40.2,40.3,21.7
2026-04-15 04:17:25,80.51,112.0,130.9,6.03,41.4,39.1,21.8
2026-04-15 04:17:25,80.11,101.7,121.0,6.46,40.2,35.6,21.8
2026-04-15 04:17:25,79.62,107.2,130.3,5.81,40.2,36.8,21.7
2026-04-15 04:17:26,80.38,92.9,116.0,6.57,41.4,39.7,21.7
2026-04-15 04:17:26,81.17,113.2,135.5,5.3,40.8,38.7,21.8
2026-04-15 04:17:26,81.06,118.5,135.9,5.87,40.2,37.5,21.8
2026-04-15 04:17:26,81.99,108.4,130.5,5.27,41.4,38.4,21.8
2026-04-15 04:17:26,79.94,118.8,141.7,5.65,41.4,42.6,21.8
2026-04-15 04:17:26,81.99,87.7,100.5,7.38,41.4,47.5,21.8
2026-04-15 04:17:27,80.18,101.6,124.7,5.54,41.4,33.8,21.8
2026-04-15 04:17:27,80.48,101.9,125.6,5.97,40.2,38.5,21.8
2026-04-15 04:17:27,80.26,107.6,133.5,5.71,40.8,38.9,21.8
2026-04-15 04:17:27,79.92,102.9,125.2,6.2,40.8,40.0,21.7
2026-04-15 04:17:27,80.63,111.7,135.0,5.78,40.8,39.4,21.7
2026-04-15 04:17:27,81.0,88.8,109.3,6.97,40.2,42.6,21.7
2026-04-15 04:17:28,81.61,85.9,109.3,6.1,41.4,34.4,21.7
2026-04-15 04:17:28,81.59,90.1,102.3,7.3,41.9,41.5,21.7
2026-04-15 04:17:28,80.41,125.2,148.1,4.95,41.4,31.6,21.7
2026-04-15 04:17:28,80.48,99.5,121.4,5.74,41.4,37.0,21.7
2026-04-15 04:17:28,81.37,122.3,145.2,5.28,40.2,34.7,21.7
2026-04-15 04:17:28,80.44,102.5,125.6,5.55,40.2,34.7,21.7
2026-04-15 04:17:29,80.15,86.5,109.4,6.6,41.4,38.7,21.7
2026-04-15 04:17:29,80.84,89.2,100.8,7.39,41.4,41.8,21.7
2026-04-15 04:17:29,80.21,86.4,109.5,6.11,41.9,32.3,21.7
2026-04-15 04:17:29,80.39,95.7,107.7,7.02,41.4,47.5,21.7
2026-04-15 04:17:29,80.93,100.0,123.1,5.85,41.4,36.6,21.7
2026-04-15 04:17:29,81.71,92.1,115.2,6.3,41.9,37.1,21.7
2026-04-15 04:17:30,82.12,106.2,129.3,5.53,41.4,41.2,21.7
2026-04-15 04:17:30,82.74,93.1,116.2,6.51,41.4,37.3,21.7
2026-04-15 04:17:30,82.63,119.3,142.4,5.19,40.8,40.5,21.7
2026-04-15 04:17:30,82.19,92.4,108.4,7.0,42.5,43.1,21.7
2026-04-15 04:17:30,82.09,107.0,130.1,5.61,41.9,34.3,21.7
2026-04-15 04:17:30,82.52,113.0,136.2,5.8,40.2,42.3,21.8
2026-04-15 04:17:31,82.06,91.8,110.9,6.88,41.9,39.7,21.7
2026-04-15 04:17:31,82.18,95.2,118.2,5.88,40.8,37.3,21.7
2026-04-15 04:17:31,81.55,92.4,115.4,6.11,39.7,36.9,21.7
2026-04-15 04:17:31,82.04,117.7,140.2,5.21,41.9,38.7,21.8
2026-04-15 04:17:31,81.82,90.8,105.4,7.16,40.8,42.1,21.8
2026-04-15 04:17:31,81.78,109.9,133.1,5.37,40.8,41.8,21.8
2026-04-15 04:17:32,82.16,95.0,117.6,6.6,40.2,38.7,21.8
2026-04-15 04:17:32,82.61,104.4,132.3,5.54,40.8,36.6,21.8
2026-04-15 04:17:32,82.24,93.4,116.5,6.63,41.9,38.3,21.7
2026-04-15 04:17:32,82.51,122.1,145.1,5.12,40.2,38.9,21.7
2026-04-15 04:17:32,82.38,145.8,168.4,4.47,41.4,44.4,21.7
2026-04-15 04:17:32,82.92,88.6,108.3,7.03,41.9,40.4,21.7
2026-04-15 04:17:33,82.9,103.8,127.3,5.48,40.8,38.9,21.8
2026-04-15 04:17:33,82.52,87.5,109.3,6.66,41.9,37.3,21.7
2026-04-15 04:17:33,82.65,93.9,117.3,5.78,39.7,37.1,21.7
2026-04-15 04:17:33,82.25,100.9,124.8,5.74,41.9,36.2,21.7
2026-04-15 04:17:33,82.37,96.2,119.5,6.2,40.2,44.8,21.8
2026-04-15 04:17:33,82.5,88.4,111.4,6.31,40.2,40.6,21.7
2026-04-15 04:17:34,82.13,112.0,135.1,5.26,41.4,31.9,21.7
2026-04-15 04:17:34,82.41,95.0,109.2,6.69,41.4,49.1,21.7
2026-04-15 04:17:34,82.34,98.2,121.6,5.88,41.9,33.8,21.7
2026-04-15 04:17:34,82.5,93.1,117.1,6.16,40.2,39.3,21.7
2026-04-15 04:17:35,82.81,393.2,416.4,2.14,41.9,80.1,20.8
2026-04-15 04:17:35,81.7,100.6,121.9,5.84,41.9,36.8,20.8
2026-04-15 04:17:35,82.38,132.7,155.8,5.03,41.9,42.5,20.8
2026-04-15 04:17:35,82.4,95.5,120.1,6.09,41.4,42.0,20.8
2026-04-15 04:17:35,81.17,90.8,112.9,6.22,40.8,33.9,20.8
2026-04-15 04:17:35,82.09,120.5,143.8,5.1,41.4,41.5,20.8
2026-04-15 04:17:36,82.44,92.5,115.6,5.82,41.9,35.7,20.8
2026-04-15 04:17:36,82.51,98.5,122.3,5.73,40.2,46.4,20.8
2026-04-15 04:17:36,81.24,106.0,128.7,5.8,40.2,40.3,20.8
2026-04-15 04:17:36,81.78,105.4,128.5,6.03,41.4,42.2,20.8
2026-04-15 04:17:36,81.25,93.8,113.6,6.37,41.4,41.3,20.8
2026-04-15 04:17:36,81.05,108.5,131.4,5.56,41.4,36.8,20.9
2026-04-15 04:17:37,80.9,114.3,136.5,5.81,39.7,39.7,20.8
2026-04-15 04:17:37,81.22,100.6,118.4,6.54,41.9,40.7,20.8
2026-04-15 04:17:37,81.99,105.5,127.4,5.83,40.8,34.9,20.8
2026-04-15 04:17:37,81.09,105.0,127.6,6.02,41.9,38.5,20.8
2026-04-15 04:17:37,81.96,105.7,135.7,5.71,41.4,44.3,20.8
2026-04-15 04:17:37,82.09,111.2,129.4,6.08,40.8,47.7,20.8
2026-04-15 04:17:38,81.63,115.0,135.0,5.88,40.8,46.4,20.8
2026-04-15 04:17:38,82.43,108.7,127.1,6.21,41.4,45.5,20.8
2026-04-15 04:17:38,81.93,102.8,125.5,6.25,40.2,39.7,20.9
2026-04-15 04:17:38,81.57,103.6,126.2,5.98,41.4,44.8,20.9
2026-04-15 04:17:38,80.14,107.0,130.2,5.88,40.8,34.4,20.9
2026-04-15 04:17:38,81.96,103.9,126.0,6.13,41.4,42.4,20.9
2026-04-15 04:17:39,81.24,97.1,120.0,6.25,41.4,37.1,21.0
2026-04-15 04:17:39,81.76,106.6,131.4,5.63,40.8,40.0,21.0
2026-04-15 04:17:39,81.09,95.6,118.6,6.42,41.9,36.1,21.0
2026-04-15 04:17:39,81.66,93.9,116.8,6.12,41.4,38.5,21.0
2026-04-15 04:17:39,80.35,96.6,119.5,5.91,41.4,28.3,21.0
2026-04-15 04:17:39,81.34,95.0,117.9,6.07,39.7,38.8,21.0
2026-04-15 04:17:40,81.39,106.3,129.3,5.62,41.9,34.8,21.0
2026-04-15 04:17:40,80.23,119.1,142.3,5.57,41.9,38.6,21.0
2026-04-15 04:17:40,81.07,103.5,118.3,6.53,41.4,42.6,21.0
2026-04-15 04:17:40,81.31,118.0,141.0,5.59,41.4,42.9,21.0
2026-04-15 04:17:40,81.62,103.5,117.9,6.57,40.2,43.1,21.0
2026-04-15 04:17:40,82.52,103.9,126.8,5.99,40.8,41.5,21.0
2026-04-15 04:17:41,82.14,90.1,113.1,6.55,41.9,37.3,21.0
2026-04-15 04:17:41,80.69,89.1,112.2,6.04,40.8,37.9,21.0
2026-04-15 04:17:41,80.91,99.7,121.6,5.61,41.9,38.0,21.0
2026-04-15 04:17:41,80.93,114.7,137.7,5.54,41.4,38.2,21.0
2026-04-15 04:17:41,81.64,103.6,121.1,6.43,40.2,46.3,21.0
2026-04-15 04:17:41,81.22,91.1,118.1,6.33,40.8,38.7,21.0
2026-04-15 04:17:42,81.82,108.4,131.6,5.55,41.9,39.7,21.0
2026-04-15 04:17:42,81.15,87.7,109.0,6.84,41.9,41.7,21.0
2026-04-15 04:17:42,81.21,111.5,134.6,5.26,41.9,42.9,21.0
2026-04-15 04:17:42,81.81,88.7,110.0,6.95,41.4,43.1,21.0
2026-04-15 04:17:42,80.89,90.2,111.5,5.95,41.9,43.5,21.1
2026-04-15 04:17:42,81.12,115.6,137.1,5.21,40.8,38.0,21.0
2026-04-15 04:17:43,81.35,105.7,122.2,6.38,40.8,45.3,21.0
2026-04-15 04:17:43,79.24,98.0,120.7,6.31,41.4,39.3,21.0
2026-04-15 04:17:43,79.05,88.8,111.8,6.35,40.8,35.5,21.0
2026-04-15 04:17:43,80.24,90.6,113.7,5.94,41.9,33.3,20.9
2026-04-15 04:17:43,78.23,99.3,123.5,5.67,41.4,33.3,20.9
2026-04-15 04:17:43,79.18,110.5,133.6,5.66,41.4,41.4,21.0
2026-04-15 04:17:44,78.61,87.8,109.9,6.94,40.8,38.6,20.9
2026-04-15 04:17:44,79.02,105.1,128.3,5.43,39.7,37.0,20.9
2026-04-15 04:17:44,80.66,117.9,141.0,5.59,41.4,39.7,21.0
2026-04-15 04:17:44,81.28,128.3,150.8,4.75,41.4,35.4,21.0
2026-04-15 04:17:44,81.56,108.1,131.1,5.57,40.2,34.3,21.0
2026-04-15 04:17:45,81.46,119.2,142.1,5.63,41.4,42.3,21.1
2026-04-15 04:17:45,78.55,101.4,115.7,6.61,41.9,50.0,21.1
2026-04-15 04:17:45,80.93,118.2,141.4,5.52,41.9,41.4,21.1
2026-04-15 04:17:45,81.58,110.9,127.8,6.16,40.8,43.5,21.2
2026-04-15 04:17:45,81.26,104.7,124.1,6.32,41.4,41.0,21.2
2026-04-15 04:17:45,80.66,87.1,109.0,6.75,41.9,36.8,21.2
2026-04-15 04:17:45,81.26,95.1,107.2,7.06,41.4,50.9,21.1
2026-04-15 04:17:46,81.5,114.8,137.6,5.38,40.2,33.8,21.1
2026-04-15 04:17:46,81.77,90.7,107.3,7.02,41.4,42.1,21.1
2026-04-15 04:17:46,80.76,115.1,138.2,5.24,41.4,38.2,21.1
2026-04-15 04:17:46,79.33,85.2,100.5,7.32,40.8,44.8,21.1
2026-04-15 04:17:46,80.03,119.8,137.8,5.82,40.8,46.8,21.2
2026-04-15 04:17:46,81.07,87.6,110.4,6.04,41.9,35.8,21.2
2026-04-15 04:17:47,81.01,101.4,124.2,5.59,41.9,36.8,21.2
2026-04-15 04:17:47,80.51,90.5,113.6,6.43,41.4,44.1,21.1
2026-04-15 04:17:47,79.52,91.0,113.7,5.98,41.9,37.5,21.1
2026-04-15 04:17:47,80.64,110.3,133.4,5.38,40.8,38.0,21.0
2026-04-15 04:17:47,79.72,106.4,127.9,6.15,41.4,37.7,21.0
2026-04-15 04:17:48,80.45,113.2,136.4,5.77,41.4,37.9,21.1
2026-04-15 04:17:48,79.24,101.2,120.8,6.47,40.8,43.1,21.1
2026-04-15 04:17:48,79.22,133.9,156.9,5.01,40.8,40.7,21.1
2026-04-15 04:17:48,79.11,113.5,136.6,5.58,40.2,34.8,21.1
2026-04-15 04:17:48,79.79,89.1,107.7,7.02,40.8,40.7,21.1
2026-04-15 04:17:48,79.22,95.6,104.1,7.16,40.8,46.4,21.1
2026-04-15 04:17:48,78.78,89.4,112.4,6.24,41.4,34.4,21.1
2026-04-15 04:17:49,80.25,127.2,150.2,4.9,40.8,42.0,21.2
2026-04-15 04:17:49,80.72,93.9,117.0,6.0,41.4,35.8,21.2
2026-04-15 04:17:49,79.59,96.4,119.3,5.91,40.2,35.3,21.2
2026-04-15 04:17:49,80.64,104.6,127.6,5.72,40.8,35.3,21.1
2026-04-15 04:17:49,78.89,89.5,112.7,6.6,41.4,38.3,21.2
2026-04-15 04:17:50,80.45,87.1,110.2,6.01,41.4,33.3,21.2
2026-04-15 04:17:50,80.82,110.1,133.0,5.33,40.8,37.8,21.2
2026-04-15 04:17:50,80.12,124.5,146.7,5.53,40.2,40.8,21.2
2026-04-15 04:17:50,80.48,98.8,121.8,5.74,40.2,40.0,21.2
2026-04-15 04:17:50,79.3,123.9,141.4,5.2,40.8,40.3,21.2
2026-04-15 04:17:50,79.63,114.8,138.4,5.24,40.8,34.2,21.1
2026-04-15 04:17:51,79.44,108.5,125.4,6.26,40.8,44.4,21.1
2026-04-15 04:17:51,80.29,121.2,144.4,5.58,41.4,34.3,21.2
2026-04-15 04:17:51,79.94,96.8,119.8,5.7,41.9,35.8,21.2
2026-04-15 04:17:51,81.01,117.8,139.5,5.32,40.8,39.7,21.2
2026-04-15 04:17:51,79.47,96.1,100.1,6.91,40.2,50.0,21.2
2026-04-15 04:17:51,80.7,88.5,111.3,6.28,41.9,39.3,21.2
2026-04-15 04:17:52,80.24,101.3,124.1,5.58,41.9,40.5,21.2
2026-04-15 04:17:52,80.34,91.0,113.9,6.4,41.9,33.9,21.2
2026-04-15 04:17:52,81.1,113.7,137.2,5.27,41.4,38.2,21.2
2026-04-15 04:17:52,81.43,95.5,113.8,6.76,41.9,39.7,21.2
2026-04-15 04:17:52,79.59,121.4,144.4,5.19,41.4,39.2,21.2
2026-04-15 04:17:53,80.23,113.3,137.1,5.15,40.2,32.9,21.2
2026-04-15 04:17:53,80.0,90.5,108.9,7.0,40.8,45.8,21.2
2026-04-15 04:17:53,80.94,109.2,132.6,5.43,40.8,39.5,21.3
2026-04-15 04:17:53,80.85,99.7,120.7,6.37,41.4,41.9,21.3
2026-04-15 04:17:53,80.46,104.9,127.9,5.83,41.4,39.4,21.3
2026-04-15 04:17:53,80.85,110.7,131.7,5.8,41.9,50.7,21.3
2026-04-15 04:17:54,80.96,109.6,131.0,6.04,41.4,40.6,21.3
2026-04-15 04:17:54,80.16,107.8,130.6,6.07,41.9,39.4,21.3
2026-04-15 04:17:54,80.36,96.0,117.1,6.44,40.2,43.7,21.3
2026-04-15 04:17:54,80.41,95.0,115.8,6.05,41.4,41.8,21.2
2026-04-15 04:17:54,80.18,93.3,116.4,6.07,40.2,31.1,21.2
2026-04-15 04:17:54,80.3,111.4,136.6,5.35,40.8,37.0,21.2
2026-04-15 04:17:54,80.6,88.6,108.0,7.05,41.4,38.9,21.2
2026-04-15 04:17:55,79.37,89.0,112.0,6.0,41.4,32.8,21.2
2026-04-15 04:17:55,80.13,103.2,126.3,5.53,41.9,39.4,21.3
2026-04-15 04:17:55,79.19,110.7,133.8,5.74,41.4,46.4,21.3
2026-04-15 04:17:55,79.87,88.9,110.8,6.91,41.9,34.6,21.3
2026-04-15 04:17:55,80.69,94.2,116.9,5.82,40.8,37.1,21.3
2026-04-15 04:17:55,79.42,85.1,108.2,6.34,40.8,32.2,21.3
2026-04-15 04:17:56,80.23,102.7,116.4,6.64,41.4,40.7,21.3
2026-04-15 04:17:56,79.79,103.5,126.9,5.96,41.4,34.9,21.3
2026-04-15 04:17:56,79.16,106.0,129.0,5.93,41.4,39.1,21.3
2026-04-15 04:17:56,80.51,93.0,116.1,6.51,41.4,36.7,21.3
2026-04-15 04:17:56,79.42,96.6,122.9,5.77,41.4,38.9,21.3
2026-04-15 04:17:56,80.05,109.3,137.5,5.52,40.8,44.6,21.4
2026-04-15 04:17:57,80.53,121.0,138.7,5.78,41.4,40.6,21.4
2026-04-15 04:17:57,79.6,91.9,118.5,5.73,41.4,37.1,21.4
2026-04-15 04:17:57,77.93,113.3,135.0,5.41,41.9,36.6,21.4
2026-04-15 04:17:57,78.61,104.2,123.2,6.36,41.4,41.3,21.5
2026-04-15 04:17:57,78.74,117.1,141.2,5.54,41.9,50.0,21.5
2026-04-15 04:17:58,82.85,107.5,121.8,6.41,41.9,44.4,21.5
2026-04-15 04:17:58,80.36,99.1,122.1,6.33,41.4,40.0,21.5
2026-04-15 04:17:58,80.84,143.3,166.4,4.74,41.4,40.5,21.5
2026-04-15 04:17:58,81.82,96.1,118.2,6.55,39.7,40.0,21.4
2026-04-15 04:17:58,80.76,105.6,128.6,5.67,40.8,40.6,21.4
2026-04-15 04:17:58,80.39,87.9,111.1,6.73,41.4,43.7,21.4
2026-04-15 04:17:59,80.31,87.3,109.2,6.02,41.4,34.8,21.4
2026-04-15 04:17:59,80.98,105.6,117.5,6.61,40.8,46.0,21.4
2026-04-15 04:17:59,79.08,117.0,140.0,5.62,40.8,38.9,21.3
2026-04-15 04:17:59,78.46,95.1,110.7,6.91,40.8,41.1,21.4
2026-04-15 04:17:59,79.03,95.9,119.0,5.97,41.4,37.9,21.4
2026-04-15 04:17:59,79.6,107.1,129.9,5.62,41.4,37.3,21.4
2026-04-15 04:17:59,78.44,92.0,115.2,6.61,40.8,38.3,21.4
2026-04-15 04:18:00,79.62,103.0,126.0,5.63,41.4,38.4,21.4
2026-04-15 04:18:00,79.64,88.1,113.9,6.48,41.9,36.2,21.5
2026-04-15 04:18:00,79.87,110.5,133.7,5.35,40.2,47.9,21.5
2026-04-15 04:18:00,78.92,98.9,121.1,6.39,40.8,37.3,21.5
2026-04-15 04:18:00,79.54,100.3,123.7,6.0,40.2,41.8,21.5
2026-04-15 04:18:00,77.7,100.4,123.5,6.02,40.8,32.8,21.5
2026-04-15 04:18:01,77.81,102.2,125.2,5.94,41.4,41.2,21.5
2026-04-15 04:18:01,78.26,102.9,125.9,5.98,41.9,39.4,21.5
2026-04-15 04:18:01,77.47,92.4,115.4,6.4,41.4,36.7,21.5
2026-04-15 04:18:01,77.34,104.3,125.9,5.6,41.4,39.7,21.6
2026-04-15 04:18:01,77.7,108.2,131.3,5.87,40.8,38.8,21.6
2026-04-15 04:18:01,79.37,106.4,128.3,6.07,40.2,46.2,21.6
2026-04-15 04:18:02,76.08,94.0,116.6,6.48,40.8,42.6,21.6
2026-04-15 04:18:02,76.56,100.4,121.5,5.78,41.4,36.8,21.6
2026-04-15 04:18:02,78.15,88.6,111.0,6.47,41.4,42.9,21.5
2026-04-15 04:18:02,79.92,89.3,112.5,5.97,40.8,34.4,21.5
2026-04-15 04:18:02,77.66,125.3,149.0,4.89,40.8,38.8,21.5
2026-04-15 04:18:03,77.4,87.7,110.8,6.24,40.8,41.2,21.5
2026-04-15 04:18:03,77.55,101.9,124.6,5.54,40.2,38.4,21.5
2026-04-15 04:18:03,76.3,87.1,110.2,6.59,42.5,37.3,21.5
2026-04-15 04:18:03,73.75,100.1,112.9,6.77,41.9,44.8,21.6
2026-04-15 04:18:03,75.19,108.0,129.8,5.77,41.4,43.1,21.6
2026-04-15 04:18:03,76.78,110.2,133.3,5.92,40.8,36.9,21.6
2026-04-15 04:18:04,77.29,114.8,136.0,5.85,41.4,47.8,21.6
2026-04-15 04:18:04,77.48,97.2,114.9,6.71,41.4,43.3,21.6
2026-04-15 04:18:04,74.68,109.2,132.2,5.6,41.9,35.2,21.6
2026-04-15 04:18:04,74.6,97.8,121.0,6.44,41.4,36.7,21.6
2026-04-15 04:18:04,76.33,95.9,119.0,6.07,41.4,38.8,21.6
2026-04-15 04:18:04,76.18,89.6,112.7,6.24,41.9,37.1,21.6
2026-04-15 04:18:04,75.21,99.7,121.3,5.65,39.7,36.6,21.5
2026-04-15 04:18:05,73.66,129.4,153.5,5.08,41.4,37.8,21.5
2026-04-15 04:18:05,74.36,104.6,127.7,5.75,42.5,43.2,21.5
2026-04-15 04:18:05,73.99,97.1,116.5,6.29,41.4,46.9,21.5
2026-04-15 04:18:05,76.35,121.9,146.0,5.2,40.8,46.7,21.5
2026-04-15 04:18:05,74.11,86.9,111.1,6.06,40.8,37.3,21.5
2026-04-15 04:18:06,77.54,104.8,127.7,5.45,41.4,37.8,21.5
2026-04-15 04:18:06,77.17,94.8,117.8,6.39,41.4,39.1,21.6
2026-04-15 04:18:06,77.46,111.5,132.9,5.45,39.7,40.3,21.6
2026-04-15 04:18:06,76.03,101.2,122.1,6.41,42.5,38.7,21.6
2026-04-15 04:18:06,76.25,100.3,124.7,5.98,40.2,38.1,21.5
2026-04-15 04:18:06,76.6,106.6,129.5,5.83,41.4,36.9,21.5
2026-04-15 04:18:07,76.45,106.2,129.2,6.01,41.9,40.0,21.5
2026-04-15 04:18:07,76.0,113.0,135.8,5.77,40.8,42.9,21.5
2026-04-15 04:18:07,74.1,120.7,140.4,5.73,41.4,37.9,21.5
2026-04-15 04:18:07,74.91,101.3,114.8,6.72,41.9,43.1,21.5
2026-04-15 04:18:07,76.55,127.8,151.0,5.22,41.4,48.1,21.5
2026-04-15 04:18:07,76.08,93.0,115.9,6.06,41.4,35.4,21.5
2026-04-15 04:18:08,76.82,114.3,138.3,5.29,40.2,37.0,21.5
2026-04-15 04:18:08,74.7,102.4,119.7,6.5,40.2,43.8,21.5
2026-04-15 04:18:08,75.84,92.8,116.0,6.36,41.4,40.6,21.5
2026-04-15 04:18:08,75.11,88.9,112.0,6.15,41.4,35.9,21.5
2026-04-15 04:18:08,75.51,99.2,122.3,5.65,40.2,37.1,21.6
2026-04-15 04:18:08,74.51,108.9,131.0,5.66,40.2,37.7,21.6
2026-04-15 04:18:09,74.66,92.1,115.9,6.61,41.4,35.1,21.6
2026-04-15 04:18:09,74.72,94.9,116.8,5.97,41.4,35.4,21.6
2026-04-15 04:18:09,72.96,93.7,117.1,6.03,40.8,33.3,21.6
2026-04-15 04:18:09,76.5,96.1,119.3,5.93,41.4,40.6,21.6
2026-04-15 04:18:09,76.15,130.7,153.8,4.97,41.9,38.3,21.6
2026-04-15 04:18:09,75.92,113.4,135.2,5.48,40.2,41.4,21.7
2026-04-15 04:18:10,75.15,89.4,108.7,7.01,41.4,39.7,21.7
2026-04-15 04:18:10,73.85,113.6,139.4,5.17,41.4,41.3,21.7
2026-04-15 04:18:10,74.05,106.9,124.2,6.32,40.2,46.9,21.7
2026-04-15 04:18:10,76.12,93.9,114.1,6.55,39.7,40.0,21.7
2026-04-15 04:18:10,75.44,109.4,130.5,5.5,41.4,40.5,21.7
2026-04-15 04:18:10,76.02,98.6,119.8,6.42,41.9,36.7,21.7
2026-04-15 04:18:11,76.47,96.5,119.4,6.08,41.4,40.9,21.7
2026-04-15 04:18:11,75.0,90.2,113.3,6.24,40.8,33.3,21.7
2026-04-15 04:18:11,75.64,350.1,385.6,2.28,41.9,81.7,20.7
2026-04-15 04:18:11,75.97,114.1,137.2,5.41,41.9,37.3,20.7
2026-04-15 04:18:12,75.48,95.5,115.6,6.68,41.4,43.5,20.7
2026-04-15 04:18:12,74.31,112.0,133.7,5.5,41.4,38.0,20.7
2026-04-15 04:18:12,73.31,92.5,112.9,6.81,41.4,42.4,20.7
2026-04-15 04:18:12,75.4,100.0,115.2,5.75,40.8,50.0,20.7
2026-04-15 04:18:12,75.37,105.8,128.8,5.8,41.9,42.0,20.7
2026-04-15 04:18:12,76.86,91.3,114.2,6.58,40.2,43.3,20.8
2026-04-15 04:18:13,75.67,85.5,111.5,6.1,41.9,40.3,20.8
2026-04-15 04:18:13,75.2,91.7,114.6,5.89,41.4,38.8,20.8
2026-04-15 04:18:13,74.92,90.1,114.2,5.96,40.8,30.2,20.8
2026-04-15 04:18:13,74.44,112.0,136.1,5.35,41.4,42.5,20.8
2026-04-15 04:18:13,73.93,111.5,128.8,6.04,41.4,47.1,20.9
2026-04-15 04:18:13,74.99,112.8,130.7,5.98,40.2,39.7,20.9
2026-04-15 04:18:14,75.59,149.7,168.9,4.9,40.2,44.4,20.9
2026-04-15 04:18:14,74.26,110.0,125.7,6.27,40.8,41.3,20.9
2026-04-15 04:18:14,74.92,105.2,128.2,6.16,41.9,41.5,20.9
2026-04-15 04:18:14,73.91,107.1,130.2,5.95,40.8,40.6,20.8
2026-04-15 04:18:14,77.12,97.8,120.9,6.36,40.2,41.3,20.8
2026-04-15 04:18:14,75.95,109.2,131.3,5.62,40.2,40.0,20.8
2026-04-15 04:18:15,75.6,98.6,123.4,6.32,41.9,41.3,20.8
2026-04-15 04:18:15,77.85,90.9,113.9,6.37,41.4,37.7,20.8
2026-04-15 04:18:15,77.2,125.9,148.5,4.97,40.8,48.2,20.9
2026-04-15 04:18:15,76.48,86.4,109.4,6.24,41.4,35.9,20.9
2026-04-15 04:18:15,75.51,116.1,128.6,6.13,40.2,43.8,20.9
2026-04-15 04:18:15,76.45,97.4,111.7,6.77,41.4,39.3,21.0
2026-04-15 04:18:16,76.71,104.8,128.0,5.74,41.4,38.9,21.0
2026-04-15 04:18:16,78.07,108.4,131.3,5.88,40.8,34.4,21.0
2026-04-15 04:18:16,77.44,113.5,136.6,5.82,41.4,38.8,21.0
2026-04-15 04:18:16,76.33,91.7,110.6,6.9,40.8,39.7,21.0
2026-04-15 04:18:16,74.07,108.4,133.4,5.39,40.8,37.0,21.0
2026-04-15 04:18:16,76.95,89.2,111.2,6.89,41.4,35.2,21.0
2026-04-15 04:18:17,73.72,104.8,128.3,5.48,43.0,36.6,21.0
2026-04-15 04:18:17,76.13,97.7,120.6,6.29,41.4,42.4,21.0
2026-04-15 04:18:17,77.05,111.9,135.5,5.51,41.4,34.8,21.0
2026-04-15 04:18:17,76.62,111.8,132.2,6.02,41.4,40.9,20.9
2026-04-15 04:18:17,75.26,129.3,150.0,5.39,41.4,47.4,20.9
2026-04-15 04:18:17,76.84,123.2,146.2,5.2,41.4,41.9,20.9
2026-04-15 04:18:18,76.18,91.1,114.2,5.96,40.2,33.8,20.9
2026-04-15 04:18:18,75.54,95.8,117.1,5.84,41.4,39.1,20.9
2026-04-15 04:18:18,76.12,90.9,113.8,6.18,40.8,35.9,20.9
2026-04-15 04:18:18,76.66,100.3,125.0,5.63,41.4,45.3,20.9
2026-04-15 04:18:18,78.64,96.4,119.4,6.21,40.2,36.1,20.9
2026-04-15 04:18:19,80.25,122.0,145.0,5.2,41.9,35.1,20.9
2026-04-15 04:18:19,81.65,115.8,139.0,5.16,39.7,32.9,20.9
2026-04-15 04:18:19,81.75,98.3,115.0,6.72,41.4,37.5,20.9
2026-04-15 04:18:19,81.62,91.0,114.4,6.25,39.7,33.9,21.0
2026-04-15 04:18:19,81.54,95.6,118.7,5.87,40.8,33.3,21.0
2026-04-15 04:18:19,80.87,101.2,123.8,5.78,39.7,33.3,20.9
2026-04-15 04:18:20,81.5,105.6,128.5,5.87,41.4,38.1,20.9
2026-04-15 04:18:20,81.44,97.3,120.4,6.32,41.9,38.1,21.0
2026-04-15 04:18:20,81.69,101.7,124.7,5.85,41.4,38.2,21.0
2026-04-15 04:18:20,81.48,121.9,143.7,5.35,40.8,46.7,21.1
2026-04-15 04:18:20,82.2,98.7,121.3,5.66,41.4,34.3,21.0
2026-04-15 04:18:20,82.12,141.0,164.0,4.79,41.4,39.5,21.0
2026-04-15 04:18:21,81.29,94.8,118.1,6.5,41.4,39.7,21.0
2026-04-15 04:18:21,81.7,93.1,120.0,5.92,41.9,39.1,21.0
2026-04-15 04:18:21,82.38,91.3,112.8,6.22,40.8,40.0,21.0
2026-04-15 04:18:21,82.19,91.2,114.3,6.0,41.4,38.6,21.0
2026-04-15 04:18:21,81.41,101.8,125.3,5.63,39.7,36.6,21.0
2026-04-15 04:18:21,82.29,95.2,118.1,6.27,39.7,36.5,21.0
2026-04-15 04:18:22,81.59,116.6,139.4,5.31,41.4,39.0,21.0
2026-04-15 04:18:22,81.55,89.0,104.6,7.22,41.4,42.9,21.0
2026-04-15 04:18:22,81.34,122.0,145.3,5.0,41.4,35.1,21.0
2026-04-15 04:18:22,81.56,95.0,116.8,5.72,40.8,33.3,21.0
2026-04-15 04:18:22,81.81,117.0,142.2,5.26,40.2,41.7,21.0
2026-04-15 04:18:22,82.01,83.1,94.9,7.76,41.4,44.2,21.0
2026-04-15 04:18:23,81.94,123.6,139.9,5.75,41.9,48.5,21.1
2026-04-15 04:18:23,81.79,86.2,109.2,6.16,40.8,32.8,21.1
2026-04-15 04:18:23,80.92,97.1,109.9,6.94,41.9,45.0,21.1
2026-04-15 04:18:23,81.12,88.0,111.1,6.35,41.4,38.1,21.2
2026-04-15 04:18:23,81.17,119.3,142.3,5.05,41.4,43.0,21.2
2026-04-15 04:18:23,82.01,93.8,108.7,6.97,41.4,41.8,21.2
2026-04-15 04:18:24,81.42,90.6,113.5,6.19,40.8,39.1,21.3
2026-04-15 04:18:24,80.86,127.9,151.2,4.91,40.2,39.5,21.3
2026-04-15 04:18:24,82.6,99.1,122.2,5.85,41.4,39.4,21.3
2026-04-15 04:18:24,82.26,96.6,119.5,6.09,41.9,46.9,21.4
2026-04-15 04:18:24,82.53,103.8,129.8,5.66,43.0,38.6,21.3
2026-04-15 04:18:24,82.52,100.2,123.4,6.25,40.8,37.5,21.4
2026-04-15 04:18:25,81.74,93.1,116.1,6.27,41.9,31.7,21.4
2026-04-15 04:18:25,81.45,93.2,116.3,5.99,41.4,33.3,21.4
2026-04-15 04:18:25,82.25,115.0,138.1,5.31,41.4,33.8,21.4
2026-04-15 04:18:25,82.65,91.5,109.0,6.99,40.2,35.2,21.4
2026-04-15 04:18:25,82.51,87.8,109.7,6.11,41.4,34.9,21.4
2026-04-15 04:18:25,81.44,87.4,109.8,6.04,41.9,34.4,21.4
2026-04-15 04:18:26,81.98,84.3,105.9,6.12,40.8,37.5,21.4
2026-04-15 04:18:26,82.0,87.2,101.6,7.34,41.9,44.6,21.4
2026-04-15 04:18:26,81.77,122.7,134.8,5.93,41.4,45.6,21.4
2026-04-15 04:18:26,82.61,110.7,130.9,5.32,41.4,37.0,21.4
2026-04-15 04:18:26,82.17,116.1,137.7,5.82,41.4,44.9,21.4
2026-04-15 04:18:26,82.59,89.6,106.1,7.13,41.4,41.1,21.5
2026-04-15 04:18:27,83.82,96.5,119.5,5.69,41.4,34.3,21.5
2026-04-15 04:18:27,84.23,99.1,121.5,5.98,40.2,42.4,21.5
2026-04-15 04:18:27,82.35,95.4,117.1,6.15,41.9,33.9,21.5
2026-04-15 04:18:27,82.66,87.6,110.5,6.3,40.2,37.5,21.4
2026-04-15 04:18:27,82.07,95.3,118.3,5.74,41.4,35.8,21.4
2026-04-15 04:18:27,82.65,98.9,121.9,5.87,41.4,38.2,21.4
2026-04-15 04:18:28,82.42,109.1,132.1,5.66,40.8,38.0,21.4
2026-04-15 04:18:28,82.46,88.7,111.6,6.84,41.4,38.6,21.4
2026-04-15 04:18:28,83.04,91.7,114.0,5.9,40.2,35.3,21.4
2026-04-15 04:18:28,82.72,120.8,144.0,5.11,41.4,38.2,21.4
2026-04-15 04:18:28,81.7,101.2,123.1,5.52,41.9,34.8,21.4
2026-04-15 04:18:28,81.66,88.2,111.4,6.45,40.8,40.3,21.4
2026-04-15 04:18:29,81.76,102.2,124.9,5.6,41.9,41.1,21.4
2026-04-15 04:18:29,80.83,109.1,132.1,5.77,41.4,37.3,21.4
2026-04-15 04:18:29,80.8,106.5,129.3,6.09,40.2,43.9,21.4
2026-04-15 04:18:29,80.75,106.6,129.4,6.0,40.8,40.0,21.3
2026-04-15 04:18:29,80.78,130.7,153.9,5.25,40.8,46.1,21.3
2026-04-15 04:18:29,81.6,104.2,127.4,5.77,41.9,41.4,21.3
2026-04-15 04:18:30,80.57,120.9,144.3,5.45,40.8,36.2,21.3
2026-04-15 04:18:30,80.92,106.9,117.8,6.57,40.8,45.9,21.3
2026-04-15 04:18:30,80.35,103.0,125.9,6.1,41.4,42.9,21.2
2026-04-15 04:18:30,80.3,112.9,135.8,5.7,41.4,41.4,21.2
2026-04-15 04:18:30,78.99,96.7,117.4,6.6,41.4,40.3,21.2
2026-04-15 04:18:30,77.63,117.2,138.0,5.37,40.2,38.9,21.2
2026-04-15 04:18:31,77.84,86.6,99.9,7.35,39.7,40.7,21.2
2026-04-15 04:18:31,77.72,110.9,122.9,6.35,41.9,41.9,21.2
2026-04-15 04:18:31,79.19,107.9,129.2,6.11,40.2,42.4,21.2
2026-04-15 04:18:31,79.76,126.9,149.9,5.39,41.4,45.3,21.2
2026-04-15 04:18:31,79.4,117.0,139.9,5.26,41.4,34.7,21.2
2026-04-15 04:18:31,79.86,102.4,115.8,6.58,41.4,42.6,21.2
2026-04-15 04:18:32,78.58,92.6,115.5,6.38,40.8,42.2,21.2
2026-04-15 04:18:32,81.32,127.1,149.9,4.97,41.4,36.8,21.2
2026-04-15 04:18:32,79.81,89.7,112.6,6.15,41.9,35.9,21.2
2026-04-15 04:18:32,80.95,124.1,150.1,4.9,40.8,40.0,21.2
2026-04-15 04:18:32,79.99,101.5,124.6,5.74,41.4,34.3,21.2
2026-04-15 04:18:33,80.61,111.0,134.0,5.68,40.8,39.1,21.2
2026-04-15 04:18:33,80.77,88.1,109.5,6.96,41.4,44.1,21.2
2026-04-15 04:18:33,81.07,123.8,146.9,4.94,40.2,33.3,21.3
2026-04-15 04:18:33,81.17,104.8,131.3,5.43,41.4,48.7,21.2
2026-04-15 04:18:33,80.53,106.0,129.2,6.01,41.9,41.4,21.3
2026-04-15 04:18:33,79.9,92.7,113.1,6.56,41.9,41.7,21.3
2026-04-15 04:18:34,80.6,100.3,123.7,5.77,41.4,33.3,21.3
2026-04-15 04:18:34,80.83,96.5,119.5,6.16,42.5,37.9,21.3
2026-04-15 04:18:34,81.37,96.9,120.2,5.98,41.4,36.8,21.3
2026-04-15 04:18:34,80.77,123.7,146.8,5.18,40.8,41.8,21.4
2026-04-15 04:18:34,81.05,84.1,107.2,6.24,41.4,35.4,21.4
2026-04-15 04:18:34,81.84,86.2,99.4,7.39,41.4,43.6,21.4
2026-04-15 04:18:35,81.32,93.5,106.0,7.12,41.4,41.1,21.4
2026-04-15 04:18:35,80.64,91.3,114.4,6.08,41.4,33.9,21.4
2026-04-15 04:18:35,81.28,103.6,124.3,5.58,41.4,33.3,21.4
2026-04-15 04:18:35,80.47,114.5,136.7,5.59,41.4,40.3,21.4
2026-04-15 04:18:35,81.43,94.7,111.0,6.89,40.2,44.1,21.4
2026-04-15 04:18:35,80.92,104.1,131.1,5.56,40.2,40.0,21.4
2026-04-15 04:18:36,82.47,123.8,146.9,5.48,41.9,47.9,21.4
2026-04-15 04:18:36,81.54,103.0,126.1,5.59,40.8,35.2,21.4
2026-04-15 04:18:36,82.77,90.3,113.3,6.5,40.2,37.3,21.3
2026-04-15 04:18:36,82.8,98.2,121.3,5.73,40.8,37.5,21.3
2026-04-15 04:18:36,81.06,91.3,114.5,6.26,41.4,36.9,21.3
2026-04-15 04:18:36,80.88,98.1,119.4,5.76,40.2,34.3,21.3
2026-04-15 04:18:37,81.84,93.5,116.6,6.18,40.8,40.9,21.4
2026-04-15 04:18:37,81.53,85.2,108.3,6.32,41.4,29.3,21.4
2026-04-15 04:18:37,82.05,89.6,102.9,7.26,41.4,48.3,21.4
2026-04-15 04:18:37,81.42,91.9,115.0,5.92,40.2,34.4,21.5
2026-04-15 04:18:37,80.92,101.5,124.4,5.67,41.4,42.9,21.4
2026-04-15 04:18:37,82.19,113.0,131.7,5.61,40.2,38.6,21.4
2026-04-15 04:18:38,80.83,123.7,142.9,5.64,39.7,40.8,21.4
2026-04-15 04:18:38,80.76,103.7,127.5,5.54,41.9,37.1,21.5
2026-04-15 04:18:38,81.26,94.3,117.3,6.39,40.2,33.3,21.5
2026-04-15 04:18:38,81.41,110.6,126.1,5.47,41.4,47.9,21.5
2026-04-15 04:18:38,81.79,108.9,129.0,6.07,40.2,39.7,21.5
2026-04-15 04:18:38,81.09,96.1,119.2,6.5,40.8,39.0,21.5
2026-04-15 04:18:39,82.18,92.1,115.4,6.14,41.4,36.9,21.5
2026-04-15 04:18:39,81.18,117.5,140.5,5.22,41.4,33.8,21.5
2026-04-15 04:18:39,81.93,112.5,127.3,6.18,39.7,41.5,21.5
2026-04-15 04:18:39,80.44,100.5,120.8,6.46,39.7,40.0,21.5
2026-04-15 04:18:39,80.67,106.3,129.5,5.79,40.2,42.9,21.5
2026-04-15 04:18:39,81.01,93.6,116.5,6.51,40.8,38.7,21.5
2026-04-15 04:18:40,80.44,114.8,137.4,5.31,40.2,42.5,21.5
2026-04-15 04:18:40,80.89,89.4,104.8,7.11,40.2,42.1,21.5
2026-04-15 04:18:40,81.0,99.4,122.5,5.67,41.4,38.6,21.4
2026-04-15 04:18:40,80.37,88.3,111.4,6.43,40.2,36.7,21.4
2026-04-15 04:18:40,80.87,121.2,144.3,5.01,41.4,40.2,21.5
2026-04-15 04:18:40,80.57,117.6,140.6,5.1,41.9,32.9,21.4
2026-04-15 04:18:41,80.66,93.9,108.6,7.0,40.8,42.1,21.4
2026-04-15 04:18:41,80.98,100.6,125.9,5.7,39.7,35.8,21.5
2026-04-15 04:18:41,79.99,108.8,133.4,5.74,40.8,43.7,21.5
2026-04-15 04:18:41,80.79,116.7,138.1,5.76,42.5,38.8,21.5
2026-04-15 04:18:41,80.24,129.5,144.0,5.6,40.8,45.8,21.5
2026-04-15 04:18:41,81.41,105.2,128.4,5.69,41.4,37.1,21.5
2026-04-15 04:18:42,80.44,89.9,107.2,6.62,40.8,44.6,21.5
2026-04-15 04:18:42,80.71,105.6,129.7,5.46,40.8,39.2,21.5
2026-04-15 04:18:42,79.76,102.1,125.2,6.17,41.4,40.0,21.5
2026-04-15 04:18:42,79.06,88.7,112.5,6.5,40.8,45.5,21.6
2026-04-15 04:18:42,80.77,126.9,149.5,4.89,41.4,38.0,21.6
2026-04-15 04:18:43,79.5,114.5,137.4,5.34,40.2,32.9,21.6
2026-04-15 04:18:43,80.66,92.2,110.1,6.93,40.2,39.7,21.6
2026-04-15 04:18:43,79.99,94.8,117.8,5.92,40.8,37.3,21.6
2026-04-15 04:18:43,80.37,107.9,130.9,5.56,41.4,34.3,21.6
2026-04-15 04:18:43,80.64,111.1,134.3,5.89,40.8,37.9,21.5
2026-04-15 04:18:43,80.64,88.7,110.2,6.91,41.9,39.7,21.5
2026-04-15 04:18:43,80.97,86.8,108.6,6.09,39.7,37.5,21.5
2026-04-15 04:18:44,80.61,85.6,97.8,7.58,41.4,43.6,21.6
2026-04-15 04:18:44,81.5,85.2,98.5,7.53,40.8,45.5,21.6
2026-04-15 04:18:44,80.63,102.3,116.2,6.65,41.4,38.2,21.6
2026-04-15 04:18:44,81.37,115.4,136.6,5.56,40.2,38.0,21.7
2026-04-15 04:18:44,80.86,89.7,106.6,7.1,39.1,41.1,21.7
2026-04-15 04:18:44,81.77,128.8,152.1,4.86,40.2,44.0,21.7
2026-04-15 04:18:45,81.22,90.1,113.9,6.13,40.8,38.8,21.7
2026-04-15 04:18:45,79.87,100.5,125.5,5.66,40.8,37.7,21.7
2026-04-15 04:18:45,82.49,108.3,131.4,5.8,40.8,38.2,21.8
2026-04-15 04:18:45,80.8,98.8,121.8,6.37,39.7,38.7,21.8
2026-04-15 04:18:45,81.16,103.6,126.7,5.83,41.4,35.8,21.8
2026-04-15 04:18:45,81.37,92.4,115.4,6.44,39.7,37.7,21.8
2026-04-15 04:18:46,81.27,93.7,116.7,5.95,41.4,34.4,21.8
2026-04-15 04:18:46,81.71,87.4,109.0,6.22,39.7,35.9,21.8
2026-04-15 04:18:46,81.74,88.6,98.2,7.45,41.9,45.3,21.8
2026-04-15 04:18:46,80.2,96.5,119.8,5.73,40.8,36.2,21.8
2026-04-15 04:18:46,80.04,94.4,117.5,6.09,41.4,40.6,21.8
2026-04-15 04:18:46,80.97,122.9,145.8,5.13,40.2,47.5,21.8
2026-04-15 04:18:47,81.17,136.0,159.1,4.69,41.4,37.9,21.9
2026-04-15 04:18:47,81.46,89.6,112.6,6.52,41.4,42.2,21.9
2026-04-15 04:18:47,80.3,99.8,123.3,5.64,40.8,36.2,21.8
2026-04-15 04:18:47,80.81,117.1,139.9,5.44,40.8,42.9,21.8
2026-04-15 04:18:47,80.88,90.6,103.9,7.15,40.8,47.4,21.8
2026-04-15 04:18:47,79.38,95.2,118.7,5.83,40.8,39.7,21.8
2026-04-15 04:18:48,81.86,112.5,135.5,5.45,41.9,40.5,21.8
2026-04-15 04:18:48,79.64,107.8,123.3,6.1,41.9,43.1,21.8
2026-04-15 04:18:48,81.03,129.2,151.7,5.38,40.2,36.6,21.7
2026-04-15 04:18:48,80.83,89.4,112.7,6.24,41.9,35.5,21.7
2026-04-15 04:18:48,81.39,112.4,134.1,5.28,41.4,39.2,21.7
2026-04-15 04:18:49,81.2,125.1,145.8,5.55,40.8,36.8,21.8
2026-04-15 04:18:49,79.89,87.2,110.4,6.2,41.4,37.9,21.8
2026-04-15 04:18:49,80.43,95.4,118.4,5.73,40.8,38.9,21.8
2026-04-15 04:18:49,80.32,92.4,115.4,6.11,40.8,36.4,21.8
2026-04-15 04:18:49,80.1,106.3,129.3,5.54,41.4,37.5,21.8
2026-04-15 04:18:49,79.79,109.3,132.9,5.88,40.2,35.4,21.8
2026-04-15 04:18:50,80.92,120.4,143.5,5.63,41.4,41.7,21.8
2026-04-15 04:18:50,80.15,94.7,105.4,7.06,40.8,42.9,21.9
2026-04-15 04:18:50,78.63,90.5,113.3,6.19,40.8,34.9,21.9
2026-04-15 04:18:50,79.68,89.7,112.7,6.04,41.9,39.7,21.9
2026-04-15 04:18:50,79.72,106.0,128.7,5.46,41.4,35.6,21.9
2026-04-15 04:18:50,79.68,91.8,114.9,6.56,40.8,37.3,21.8
2026-04-15 04:18:51,79.91,91.5,115.4,5.98,41.9,35.4,21.8
2026-04-15 04:18:51,81.66,103.0,126.1,5.64,40.8,38.0,21.8
2026-04-15 04:18:51,80.32,128.1,151.3,5.21,41.4,44.9,21.8
2026-04-15 04:18:51,80.93,96.0,118.6,5.93,41.4,34.4,21.8
2026-04-15 04:18:51,80.1,134.0,159.3,4.85,40.2,37.5,21.8
2026-04-15 04:18:51,80.29,91.6,114.4,6.45,40.2,38.1,21.8
2026-04-15 04:18:52,78.98,325.9,350.5,2.45,41.4,85.2,21.0
2026-04-15 04:18:52,79.15,88.0,111.2,6.45,42.5,40.0,21.0
2026-04-15 04:18:52,80.63,116.1,124.7,6.21,41.9,44.4,20.9
2026-04-15 04:18:52,79.99,91.1,109.9,6.95,41.4,45.8,20.9
2026-04-15 04:18:52,79.49,94.9,117.8,5.94,40.2,40.0,20.9
2026-04-15 04:18:53,79.65,116.6,139.6,5.31,40.2,39.7,20.9
2026-04-15 04:18:53,80.16,88.8,102.3,7.21,41.4,38.5,20.9
2026-04-15 04:18:53,80.92,110.5,133.4,5.31,41.4,37.8,20.9
2026-04-15 04:18:53,81.46,87.1,110.0,6.94,40.8,40.7,20.9
2026-04-15 04:18:53,81.83,124.4,146.3,4.93,41.4,43.0,20.9
2026-04-15 04:18:53,80.36,97.4,120.4,5.79,40.2,36.8,21.0
2026-04-15 04:18:54,80.71,91.5,115.1,6.11,41.4,37.5,21.0
2026-04-15 04:18:54,80.47,103.7,126.7,5.69,41.4,39.1,21.0
2026-04-15 04:18:54,79.31,103.9,127.0,6.0,41.9,37.5,21.0
2026-04-15 04:18:54,80.17,94.2,117.6,6.36,40.8,39.7,21.0
2026-04-15 04:18:54,79.72,117.1,140.3,5.28,41.4,37.0,21.0
2026-04-15 04:18:54,80.81,95.1,110.5,6.92,43.0,43.9,21.0
2026-04-15 04:18:55,79.74,120.4,147.4,5.07,40.2,44.0,21.0
2026-04-15 04:18:55,79.9,120.7,143.8,5.14,40.2,39.0,21.0
2026-04-15 04:18:55,80.21,91.6,103.3,7.28,41.4,41.5,20.9
2026-04-15 04:18:55,80.4,108.6,129.0,5.44,40.8,38.9,21.0
2026-04-15 04:18:55,80.01,123.1,143.6,5.51,41.4,39.1,21.0
2026-04-15 04:18:56,81.34,95.5,119.0,5.8,40.8,35.3,21.0
2026-04-15 04:18:56,80.93,110.0,133.1,5.54,41.9,37.7,21.0
2026-04-15 04:18:56,80.35,96.9,119.9,6.5,40.8,42.2,20.9
2026-04-15 04:18:56,80.91,122.1,145.2,5.23,40.8,45.3,20.9
2026-04-15 04:18:56,80.86,89.7,112.9,5.97,40.8,34.8,20.9
2026-04-15 04:18:56,80.83,112.3,135.4,5.29,40.2,38.2,20.9
2026-04-15 04:18:57,80.58,100.4,120.7,6.46,40.8,44.3,20.9
2026-04-15 04:18:57,80.66,111.1,134.2,5.64,42.5,35.8,20.9
2026-04-15 04:18:57,82.1,87.3,109.5,6.97,41.4,45.0,20.9
2026-04-15 04:18:57,80.55,90.8,114.1,5.89,41.9,34.9,21.0
2026-04-15 04:18:57,80.66,119.7,142.6,5.13,41.4,41.2,21.0
2026-04-15 04:18:57,81.11,92.0,104.7,7.2,41.4,42.6,21.0
2026-04-15 04:18:58,80.32,125.4,150.6,4.94,41.9,36.3,21.0
2026-04-15 04:18:58,81.09,126.3,149.4,5.04,39.7,38.7,21.0
2026-04-15 04:18:58,81.65,90.5,113.6,6.09,41.4,38.5,21.0
2026-04-15 04:18:58,81.52,102.3,106.6,6.9,41.4,50.9,21.0
2026-04-15 04:18:58,79.75,117.8,140.9,5.49,40.8,38.9,21.0
2026-04-15 04:18:58,80.87,90.6,105.7,7.15,41.4,41.1,21.0
2026-04-15 04:18:59,81.68,90.5,113.4,6.02,41.4,37.3,21.0
2026-04-15 04:18:59,81.12,99.4,122.4,5.7,41.4,36.8,21.0
2026-04-15 04:18:59,82.73,110.0,133.3,5.64,40.8,32.8,21.0
2026-04-15 04:18:59,81.53,98.4,125.9,6.25,41.4,38.1,21.0
2026-04-15 04:18:59,81.64,104.7,127.7,5.97,40.2,42.0,21.0
2026-04-15 04:18:59,81.96,96.0,119.2,6.33,41.4,39.1,21.0
2026-04-15 04:19:00,82.41,95.4,118.5,6.03,41.4,36.4,21.0
2026-04-15 04:19:00,81.22,126.2,148.9,5.06,39.7,41.0,21.1
2026-04-15 04:19:00,82.63,88.6,110.8,6.17,40.8,41.5,21.1
2026-04-15 04:19:00,82.97,99.5,124.7,5.56,41.4,40.3,21.1
2026-04-15 04:19:00,82.24,112.1,134.1,5.65,40.2,41.4,21.2
2026-04-15 04:19:01,82.72,103.8,124.1,6.32,40.8,33.9,21.2
2026-04-15 04:19:01,82.05,107.3,130.4,5.88,40.2,49.3,21.2
2026-04-15 04:19:01,82.47,101.7,122.7,6.21,40.8,43.1,21.2
2026-04-15 04:19:01,81.96,109.3,132.3,5.74,41.9,35.4,21.2
2026-04-15 04:19:01,82.6,97.7,120.9,6.45,40.8,40.6,21.2
2026-04-15 04:19:01,82.13,114.4,139.9,5.39,41.4,38.0,21.2
2026-04-15 04:19:01,82.7,91.2,106.7,7.09,41.9,44.6,21.2
2026-04-15 04:19:02,81.89,87.2,110.2,6.14,41.9,37.5,21.2
2026-04-15 04:19:02,81.29,104.9,116.8,6.63,42.5,44.1,21.2
2026-04-15 04:19:02,81.26,107.6,131.5,5.88,41.4,42.6,21.2
2026-04-15 04:19:02,81.44,97.1,120.2,6.44,39.7,40.6,21.2
2026-04-15 04:19:02,81.4,94.9,116.9,6.09,41.4,46.3,21.2
2026-04-15 04:19:02,81.28,99.5,122.6,5.84,40.2,34.3,21.3
2026-04-15 04:19:03,81.21,96.6,103.9,6.12,41.9,42.6,21.3
2026-04-15 04:19:03,80.99,94.4,117.6,6.08,39.1,37.3,21.3
2026-04-15 04:19:03,80.55,88.8,111.9,6.22,41.9,38.8,21.3
2026-04-15 04:19:03,81.86,107.5,130.6,5.4,39.7,31.9,21.2
2026-04-15 04:19:03,81.05,101.2,126.1,6.14,41.9,38.5,21.2
2026-04-15 04:19:03,80.91,106.6,130.8,5.85,40.8,39.7,21.2
2026-04-15 04:19:04,81.56,89.5,112.2,6.76,41.4,41.0,21.2
2026-04-15 04:19:04,82.41,106.8,129.5,5.43,40.8,37.8,21.2
2026-04-15 04:19:04,81.31,104.0,126.9,6.11,41.4,38.8,21.2
2026-04-15 04:19:04,81.94,109.0,132.0,5.82,41.4,40.9,21.2
2026-04-15 04:19:04,82.17,101.1,124.0,6.3,41.4,40.0,21.2
2026-04-15 04:19:04,81.07,105.4,129.8,5.81,41.4,39.4,21.3
2026-04-15 04:19:05,81.97,89.7,112.7,6.69,40.8,38.3,21.2
2026-04-15 04:19:05,81.76,96.1,118.2,5.75,41.9,37.3,21.2
2026-04-15 04:19:05,82.23,171.8,194.7,4.14,40.8,51.0,21.2
2026-04-15 04:19:05,82.43,105.8,129.0,5.98,41.9,36.4,21.2
2026-04-15 04:19:05,81.52,107.6,130.6,5.95,40.8,40.0,21.2
2026-04-15 04:19:06,81.69,106.4,129.6,6.04,40.8,37.1,21.2
2026-04-15 04:19:06,81.74,98.0,121.6,6.3,41.4,41.9,21.3
2026-04-15 04:19:06,82.18,89.8,112.8,6.34,40.2,36.1,21.3
2026-04-15 04:19:06,81.92,115.4,135.7,5.2,41.9,36.0,21.3
2026-04-15 04:19:06,81.94,85.1,102.3,7.34,41.4,40.0,21.3
2026-04-15 04:19:06,82.13,83.6,97.5,7.6,41.9,41.2,21.3
2026-04-15 04:19:06,82.22,85.3,101.3,7.39,41.4,41.5,21.3
2026-04-15 04:19:07,81.99,116.6,130.1,6.08,41.4,46.9,21.3
2026-04-15 04:19:07,82.16,91.2,107.4,7.07,41.4,39.3,21.3
2026-04-15 04:19:07,81.58,103.9,126.5,5.58,41.9,36.1,21.3
2026-04-15 04:19:07,82.02,106.8,129.8,5.9,41.4,39.1,21.4
2026-04-15 04:19:07,81.33,115.5,138.7,5.7,41.4,45.7,21.4
2026-04-15 04:19:07,81.79,90.9,107.9,7.05,40.8,44.6,21.4
2026-04-15 04:19:08,81.12,124.7,147.7,4.99,41.4,41.5,21.4
2026-04-15 04:19:08,82.18,94.0,117.6,5.86,41.9,38.6,21.4
2026-04-15 04:19:08,82.01,102.9,125.6,5.73,40.8,37.1,21.4
2026-04-15 04:19:08,80.02,110.3,133.5,5.76,41.4,38.6,21.4
2026-04-15 04:19:08,79.98,99.3,121.2,6.44,41.4,40.3,21.4
2026-04-15 04:19:09,78.72,139.3,162.5,4.83,41.9,39.5,21.4
2026-04-15 04:19:09,80.13,90.6,113.8,6.62,40.8,36.7,21.4
2026-04-15 04:19:09,79.83,88.1,110.9,6.09,41.4,34.9,21.4
2026-04-15 04:19:09,76.89,84.7,106.5,6.1,41.9,38.2,21.4
2026-04-15 04:19:09,76.94,94.9,108.0,7.01,40.8,41.4,21.4
2026-04-15 04:19:09,77.41,109.2,132.1,5.53,41.9,41.9,21.4
2026-04-15 04:19:09,76.11,94.1,116.7,6.59,40.8,41.4,21.4
2026-04-15 04:19:10,77.28,96.2,118.6,5.93,42.5,42.0,21.4
2026-04-15 04:19:10,77.88,94.6,118.5,6.02,41.9,36.5,21.4
2026-04-15 04:19:10,76.47,123.9,146.9,5.14,41.4,38.5,21.4
2026-04-15 04:19:10,78.45,89.0,110.5,6.04,40.8,36.5,21.3
2026-04-15 04:19:10,76.57,113.2,136.3,5.25,41.4,42.3,21.3
2026-04-15 04:19:10,78.51,98.1,116.7,6.6,40.8,38.6,21.4
2026-04-15 04:19:11,77.86,95.9,118.9,6.08,40.8,41.8,21.4
2026-04-15 04:19:11,77.54,106.7,129.8,5.64,41.9,39.7,21.4
2026-04-15 04:19:11,76.75,110.9,134.6,5.84,41.9,40.6,21.4
2026-04-15 04:19:11,76.28,93.3,114.4,6.73,41.4,43.3,21.4
2026-04-15 04:19:11,76.18,127.0,150.2,5.0,40.8,41.7,21.4
2026-04-15 04:19:12,77.97,92.9,116.1,6.03,41.4,33.3,21.4
2026-04-15 04:19:12,77.87,90.3,110.3,6.09,41.4,36.9,21.4
2026-04-15 04:19:12,76.81,123.0,147.4,4.99,41.9,42.3,21.4
2026-04-15 04:19:12,76.6,101.6,124.7,5.64,40.2,34.3,21.4
2026-04-15 04:19:12,76.47,127.8,150.9,5.19,41.4,36.5,21.5
2026-04-15 04:19:12,78.29,87.4,110.3,6.27,41.4,39.3,21.5
2026-04-15 04:19:13,76.21,100.4,112.5,6.83,41.4,45.0,21.5
2026-04-15 04:19:13,74.87,89.5,112.6,6.43,40.2,42.4,21.5
2026-04-15 04:19:13,77.02,92.5,116.1,5.88,41.4,31.3,21.5
2026-04-15 04:19:13,75.91,110.7,136.2,5.35,40.2,33.3,21.4
2026-04-15 04:19:13,76.33,95.3,115.1,6.71,40.2,45.8,21.4
2026-04-15 04:19:13,77.11,120.1,142.7,5.24,41.4,35.5,21.4
2026-04-15 04:19:14,77.17,99.8,111.8,6.83,39.7,44.3,21.5
2026-04-15 04:19:14,77.23,106.0,129.1,5.79,39.7,40.0,21.5
2026-04-15 04:19:14,78.06,114.2,137.3,5.72,41.4,36.2,21.5
2026-04-15 04:19:14,78.04,93.2,111.9,6.86,40.8,40.4,21.4
2026-04-15 04:19:14,76.78,103.0,125.3,5.66,40.2,44.4,21.4
2026-04-15 04:19:14,77.99,92.6,111.8,6.42,41.9,40.0,21.4
2026-04-15 04:19:15,78.83,101.2,123.0,5.7,40.8,38.9,21.4
2026-04-15 04:19:15,77.97,92.2,115.2,6.36,41.9,39.1,21.4
2026-04-15 04:19:15,78.02,118.3,141.4,5.19,41.4,37.3,21.4
2026-04-15 04:19:15,76.82,120.3,134.6,5.93,41.9,42.4,21.5
2026-04-15 04:19:15,75.44,101.3,124.5,5.52,41.4,32.4,21.5
2026-04-15 04:19:15,78.19,101.7,124.7,6.0,41.4,35.4,21.5
2026-04-15 04:19:16,77.75,112.6,135.7,5.63,40.2,35.3,21.5
2026-04-15 04:19:16,77.79,102.7,121.2,6.37,40.8,38.7,21.5
2026-04-15 04:19:16,77.79,114.0,136.9,5.63,41.4,39.7,21.5
2026-04-15 04:19:16,77.16,92.1,110.5,6.91,41.9,41.4,21.5
2026-04-15 04:19:16,78.95,89.5,112.7,6.02,40.8,38.6,21.5
2026-04-15 04:19:16,76.84,90.7,113.7,6.03,40.2,37.7,21.5
2026-04-15 04:19:17,74.99,122.9,145.6,5.03,40.2,38.8,21.5
2026-04-15 04:19:17,76.46,116.2,138.8,5.18,39.7,31.1,21.5
2026-04-15 04:19:17,76.41,90.2,106.1,7.11,40.8,38.9,21.5
2026-04-15 04:19:17,77.0,111.7,134.7,5.32,41.4,35.6,21.5
2026-04-15 04:19:17,77.56,102.8,137.1,5.85,40.8,47.8,21.5
2026-04-15 04:19:17,77.58,107.8,121.8,6.32,41.4,38.7,21.5
2026-04-15 04:19:18,78.8,121.9,143.6,5.53,41.4,35.7,21.5
2026-04-15 04:19:18,76.95,89.6,112.4,5.97,40.2,33.3,21.5
2026-04-15 04:19:18,77.57,106.2,129.3,5.46,40.2,35.8,21.5
2026-04-15 04:19:18,75.48,102.5,125.6,6.14,41.4,39.1,21.4
2026-04-15 04:19:18,76.78,101.5,124.5,6.04,43.0,43.9,21.5
2026-04-15 04:19:18,77.06,90.0,113.2,6.45,40.8,40.3,21.4
2026-04-15 04:19:19,76.36,87.6,110.8,6.09,41.4,33.3,21.4
2026-04-15 04:19:19,75.18,113.9,136.1,5.17,41.9,39.0,21.4
2026-04-15 04:19:19,77.98,96.1,113.3,6.75,41.9,37.9,21.4
2026-04-15 04:19:19,76.57,90.3,113.2,6.23,41.4,37.9,21.4
2026-04-15 04:19:19,76.63,87.9,111.1,6.08,39.7,35.9,21.4
2026-04-15 04:19:19,77.01,96.6,119.6,5.71,40.8,33.8,21.4
2026-04-15 04:19:20,77.26,102.3,125.1,5.8,40.8,36.8,21.4
2026-04-15 04:19:20,76.54,95.6,118.8,6.26,42.5,33.3,21.4
2026-04-15 04:19:20,77.36,111.8,133.2,5.46,40.8,41.4,21.4
2026-04-15 04:19:20,74.99,99.0,120.1,6.47,41.4,40.7,21.4
2026-04-15 04:19:20,76.39,109.2,132.3,5.67,40.8,40.6,21.4
2026-04-15 04:19:20,77.11,95.6,118.0,6.56,41.4,41.7,21.4
2026-04-15 04:19:21,75.57,98.5,121.7,5.89,41.4,39.1,21.4
2026-04-15 04:19:21,75.44,89.5,115.7,6.23,40.2,43.9,21.4
2026-04-15 04:19:21,76.74,124.4,147.2,5.04,41.4,37.3,21.4
2026-04-15 04:19:21,77.61,96.6,119.5,5.82,40.2,36.2,21.4
2026-04-15 04:19:21,77.47,92.8,117.7,6.05,40.2,37.5,21.4
2026-04-15 04:19:22,78.72,90.9,117.5,6.02,41.4,38.5,21.4
2026-04-15 04:19:22,78.44,97.6,121.5,5.86,41.4,34.4,21.4
2026-04-15 04:19:22,76.34,105.3,128.1,5.77,40.2,40.6,21.5
2026-04-15 04:19:22,75.67,86.1,109.2,6.79,41.9,34.5,21.5
2026-04-15 04:19:22,77.77,107.3,119.5,6.45,41.4,54.1,21.5
2026-04-15 04:19:22,76.54,97.2,120.0,6.36,40.8,44.3,21.5
2026-04-15 04:19:22,75.92,106.8,129.5,5.72,41.9,38.0,21.5
2026-04-15 04:19:23,76.09,94.3,116.6,6.48,40.2,42.9,21.5
2026-04-15 04:19:23,76.21,108.0,130.3,5.55,41.4,38.6,21.5
2026-04-15 04:19:23,77.17,96.8,119.9,6.43,41.4,38.1,21.5
2026-04-15 04:19:23,75.77,88.8,107.7,6.3,40.2,39.7,21.4
2026-04-15 04:19:23,78.19,98.7,121.7,5.66,41.9,37.3,21.5
2026-04-15 04:19:23,75.2,90.0,112.9,6.35,40.8,37.5,21.4
2026-04-15 04:19:24,73.74,119.5,142.7,5.1,40.2,35.9,21.5
2026-04-15 04:19:24,76.15,110.5,123.2,6.35,40.2,39.0,21.5
2026-04-15 04:19:24,75.86,115.8,137.9,5.82,41.9,42.0,21.5
2026-04-15 04:19:24,75.44,100.5,117.5,6.61,41.9,40.0,21.5
2026-04-15 04:19:24,77.07,112.8,135.2,5.54,41.4,38.0,21.5
2026-04-15 04:19:24,76.02,104.6,130.3,6.06,41.4,49.2,21.5
2026-04-15 04:19:25,77.52,108.9,128.7,6.14,41.9,36.5,21.5
2026-04-15 04:19:25,75.1,118.7,141.7,5.66,40.8,40.6,21.6
2026-04-15 04:19:25,74.75,114.7,127.9,6.16,41.4,43.1,21.6
2026-04-15 04:19:25,77.12,118.0,135.8,5.89,42.5,38.5,21.6
2026-04-15 04:19:25,76.18,114.6,128.6,6.13,40.2,39.7,21.6
2026-04-15 04:19:25,76.96,89.0,106.9,7.07,41.9,40.7,21.6
2026-04-15 04:19:26,78.32,96.3,119.4,5.76,41.4,33.3,21.6
2026-04-15 04:19:26,79.28,105.4,126.6,5.69,41.4,36.8,21.6
2026-04-15 04:19:26,80.47,108.3,132.1,5.87,40.8,40.3,21.7
2026-04-15 04:19:26,80.08,106.6,129.6,6.1,41.4,42.2,21.7
2026-04-15 04:19:26,79.72,114.8,136.5,5.72,41.4,42.6,21.7
2026-04-15 04:19:26,78.62,84.3,100.4,7.35,41.9,41.8,21.7
2026-04-15 04:19:27,79.28,104.1,119.3,6.53,41.4,39.3,21.7
2026-04-15 04:19:27,80.76,108.3,130.1,5.85,42.5,47.0,21.7
2026-04-15 04:19:27,81.33,96.4,119.8,6.46,40.2,41.3,21.7
2026-04-15 04:19:27,81.13,89.9,113.1,6.26,40.2,36.1,21.7
2026-04-15 04:19:28,80.76,390.2,414.0,2.13,43.0,80.7,20.8
2026-04-15 04:19:28,78.06,102.5,125.6,5.64,41.9,39.2,20.9
2026-04-15 04:19:28,80.82,89.9,115.7,6.38,41.9,41.3,20.9
2026-04-15 04:19:28,80.66,98.1,121.4,5.8,41.4,37.3,20.9
2026-04-15 04:19:28,81.03,134.6,157.3,4.93,41.9,40.3,20.9
2026-04-15 04:19:28,80.54,96.7,120.0,6.17,40.8,44.1,20.9
2026-04-15 04:19:29,81.74,108.6,131.8,5.6,41.4,36.8,20.9
2026-04-15 04:19:29,81.97,127.5,150.8,5.38,41.9,40.8,20.9
2026-04-15 04:19:29,80.23,85.7,108.7,6.34,41.4,38.1,20.9
2026-04-15 04:19:29,81.06,103.7,115.0,6.62,41.4,49.2,20.9
2026-04-15 04:19:29,80.81,98.2,121.1,6.21,40.2,33.3,20.9
2026-04-15 04:19:29,81.39,108.3,131.4,5.65,41.9,41.7,20.9
2026-04-15 04:19:30,80.86,100.5,123.7,6.3,40.8,39.7,20.9
2026-04-15 04:19:30,80.19,95.2,118.4,6.2,41.4,40.6,20.9
2026-04-15 04:19:30,80.01,119.7,142.7,5.23,40.8,42.7,21.0
2026-04-15 04:19:30,79.32,97.6,109.8,6.93,41.9,40.0,21.0
2026-04-15 04:19:30,80.57,117.3,150.4,5.09,41.9,45.0,21.0
2026-04-15 04:19:30,79.32,108.4,131.3,5.53,40.8,33.8,21.0
2026-04-15 04:19:31,79.43,103.6,126.4,6.18,41.4,41.5,21.0
2026-04-15 04:19:31,80.42,95.9,121.0,6.22,41.9,41.9,21.0
2026-04-15 04:19:31,78.39,121.0,144.1,5.27,42.5,40.8,21.0
2026-04-15 04:19:31,80.2,94.2,117.1,5.77,41.4,35.3,20.9
2026-04-15 04:19:31,79.24,122.6,145.6,5.13,40.2,39.0,20.9
2026-04-15 04:19:32,80.92,89.6,96.5,7.5,40.2,53.8,21.0
2026-04-15 04:19:32,80.43,94.1,117.2,5.84,40.8,38.0,21.0
2026-04-15 04:19:32,81.06,100.3,123.5,5.79,40.8,33.8,21.0
2026-04-15 04:19:32,83.42,109.5,132.7,5.69,41.4,35.3,20.9
2026-04-15 04:19:32,83.59,89.0,111.6,6.85,41.9,39.7,20.9
2026-04-15 04:19:32,83.52,88.3,111.2,6.03,41.4,35.9,21.0
2026-04-15 04:19:33,83.51,106.1,127.5,5.42,41.4,36.1,21.0
2026-04-15 04:19:33,83.33,91.3,115.9,6.51,39.1,37.1,21.0
2026-04-15 04:19:33,83.58,87.4,110.3,6.21,40.8,39.7,21.0
2026-04-15 04:19:33,82.9,110.0,133.1,5.29,41.4,34.2,21.0
2026-04-15 04:19:33,80.81,96.5,118.5,6.54,42.5,40.3,21.0
2026-04-15 04:19:33,83.37,99.0,121.3,5.9,41.4,40.9,21.0
2026-04-15 04:19:34,83.79,96.4,120.4,6.08,41.9,39.1,21.0
2026-04-15 04:19:34,83.3,96.8,118.8,6.02,40.8,36.4,20.9
2026-04-15 04:19:34,82.61,90.1,113.3,6.25,41.4,38.5,20.9
2026-04-15 04:19:34,81.16,105.2,126.0,5.5,41.9,36.1,20.9
2026-04-15 04:19:34,83.85,87.0,109.9,6.74,41.4,41.0,20.8
2026-04-15 04:19:34,82.84,84.8,97.0,7.62,40.8,42.6,20.8
2026-04-15 04:19:34,83.24,85.2,97.9,7.48,40.2,44.4,20.8
2026-04-15 04:19:35,82.77,91.2,110.6,6.9,41.4,45.6,20.8
2026-04-15 04:19:35,82.65,140.4,164.6,4.73,40.8,36.9,20.9
2026-04-15 04:19:35,82.16,115.4,138.6,5.75,41.9,40.3,20.9
2026-04-15 04:19:35,83.59,99.8,112.3,6.64,40.2,46.0,21.0
2026-04-15 04:19:35,82.66,116.1,138.0,5.46,41.4,41.9,21.0
2026-04-15 04:19:35,79.79,95.6,112.0,6.85,41.4,37.9,21.1
2026-04-15 04:19:36,78.62,145.3,168.9,4.6,41.9,36.6,21.1
2026-04-15 04:19:36,80.55,121.2,139.9,5.73,41.9,39.4,21.1
2026-04-15 04:19:36,80.62,106.6,128.4,5.39,40.8,38.9,21.1
2026-04-15 04:19:36,80.36,104.5,127.3,6.08,41.9,38.5,21.1
2026-04-15 04:19:36,80.91,94.7,117.9,6.38,41.4,38.7,21.1
2026-04-15 04:19:37,81.0,126.3,149.3,5.05,41.4,39.0,21.1
2026-04-15 04:19:37,81.7,120.5,143.6,5.15,40.8,40.3,21.1
2026-04-15 04:19:37,80.7,91.0,102.2,7.28,41.4,45.5,21.1
2026-04-15 04:19:37,80.55,97.2,122.5,5.71,41.9,34.8,21.1
2026-04-15 04:19:37,81.48,140.1,163.1,4.83,40.8,41.7,21.0
2026-04-15 04:19:37,80.47,97.4,120.0,6.36,40.8,35.0,21.0
2026-04-15 04:19:38,80.32,94.6,116.1,6.1,41.4,40.6,21.0
2026-04-15 04:19:38,80.83,91.0,114.2,6.14,41.9,38.5,21.0
2026-04-15 04:19:38,80.78,89.6,112.7,6.05,41.4,38.8,21.0
2026-04-15 04:19:38,80.19,86.4,108.0,6.12,42.5,34.4,21.0
2026-04-15 04:19:38,79.24,86.3,97.0,7.51,40.8,41.5,21.0
2026-04-15 04:19:38,79.01,86.4,98.7,7.49,40.8,44.2,21.0
2026-04-15 04:19:38,78.57,85.1,97.5,7.59,41.4,38.0,21.0
2026-04-15 04:19:39,78.72,83.6,95.9,7.59,41.4,43.4,21.0
2026-04-15 04:19:39,78.51,98.6,114.2,6.75,40.2,43.3,21.0
2026-04-15 04:19:39,79.69,89.4,112.4,6.35,41.9,37.7,21.0
2026-04-15 04:19:39,79.66,107.2,130.2,5.42,40.8,43.8,21.0
2026-04-15 04:19:39,76.89,100.8,124.0,6.24,41.4,40.0,21.0
2026-04-15 04:19:39,79.66,104.0,127.3,5.88,41.4,39.7,21.0
2026-04-15 04:19:40,81.58,103.6,126.0,5.98,40.2,43.3,21.0
2026-04-15 04:19:40,76.65,89.1,110.9,6.6,41.4,38.3,21.0
2026-04-15 04:19:40,79.85,107.8,130.8,5.41,41.4,39.4,21.1
2026-04-15 04:19:40,76.37,107.9,130.9,6.0,43.0,40.6,21.1
2026-04-15 04:19:40,77.16,100.8,124.3,6.26,41.9,43.9,21.1
2026-04-15 04:19:40,77.88,107.1,132.9,5.71,40.8,39.1,21.1
2026-04-15 04:19:41,78.76,120.4,143.7,5.63,41.9,50.7,21.1
2026-04-15 04:19:41,79.26,107.7,130.8,5.35,40.8,35.1,21.1
2026-04-15 04:19:41,80.38,102.4,125.3,6.2,41.9,44.8,21.2
2026-04-15 04:19:41,80.11,110.7,133.9,5.71,40.8,42.6,21.2
2026-04-15 04:19:41,79.18,94.2,116.1,6.66,40.2,40.3,21.2
2026-04-15 04:19:41,79.14,110.1,136.5,5.38,41.4,35.7,21.2
2026-04-15 04:19:42,79.25,95.1,114.0,6.76,40.2,35.7,21.2
2026-04-15 04:19:42,80.53,107.8,129.9,5.58,41.4,45.7,21.3
2026-04-15 04:19:42,79.0,126.6,149.6,5.4,40.8,39.2,21.3
2026-04-15 04:19:42,79.72,117.2,140.8,5.23,40.2,40.3,21.3
2026-04-15 04:19:42,79.2,108.6,122.5,6.35,40.8,45.3,21.3
2026-04-15 04:19:42,79.28,93.1,114.5,6.54,41.4,36.8,21.3
2026-04-15 04:19:43,78.96,108.6,130.3,5.54,41.4,36.8,21.4
2026-04-15 04:19:43,79.5,99.6,122.7,6.35,40.8,39.7,21.4
2026-04-15 04:19:43,79.24,95.5,118.4,6.16,40.2,39.1,21.4
2026-04-15 04:19:43,79.43,103.1,126.1,5.74,41.4,34.3,21.4
2026-04-15 04:19:43,80.07,91.2,114.2,6.46,40.8,42.4,21.5
2026-04-15 04:19:43,79.73,91.6,114.7,5.99,40.8,42.3,21.5
2026-04-15 04:19:44,78.73,110.5,134.2,5.37,41.9,45.2,21.5
2026-04-15 04:19:44,78.31,109.4,129.5,6.06,40.8,41.5,21.5
2026-04-15 04:19:44,76.8,113.6,131.9,5.85,40.8,42.3,21.4
2026-04-15 04:19:44,78.7,88.6,107.0,7.07,41.9,36.5,21.4
2026-04-15 04:19:44,76.48,98.7,124.8,5.56,40.8,37.0,21.4
2026-04-15 04:19:44,77.75,94.1,117.1,6.29,41.9,41.5,21.4
2026-04-15 04:19:45,78.33,105.4,128.6,5.62,40.8,38.6,21.4
2026-04-15 04:19:45,77.89,119.1,142.4,5.55,42.5,37.7,21.4
2026-04-15 04:19:45,80.27,95.5,112.3,6.81,41.4,48.3,21.4
2026-04-15 04:19:45,79.14,124.3,147.4,5.23,40.2,38.0,21.4
2026-04-15 04:19:45,78.08,86.5,109.2,6.12,41.4,34.4,21.4
2026-04-15 04:19:45,79.34,103.7,115.6,6.66,40.8,42.6,21.4
2026-04-15 04:19:46,78.9,101.7,124.9,6.1,40.2,39.7,21.4
2026-04-15 04:19:46,77.58,94.2,117.2,6.29,40.2,32.8,21.5
2026-04-15 04:19:46,78.19,104.1,126.1,5.67,41.4,34.3,21.5
2026-04-15 04:19:46,77.09,107.5,130.6,5.88,41.4,41.2,21.5
2026-04-15 04:19:46,77.4,96.2,119.4,6.44,40.2,40.6,21.5
2026-04-15 04:19:46,76.32,105.2,128.1,5.7,40.8,32.8,21.5
2026-04-15 04:19:47,78.39,94.2,117.5,6.42,40.2,38.7,21.4
2026-04-15 04:19:47,77.87,124.9,147.0,5.07,40.8,43.0,21.4
2026-04-15 04:19:47,77.24,103.9,127.0,5.59,41.4,38.4,21.4
2026-04-15 04:19:47,79.15,103.8,126.6,6.01,41.4,34.9,21.3
2026-04-15 04:19:47,78.87,111.0,138.7,5.6,41.9,46.4,21.3
2026-04-15 04:19:47,77.85,85.8,102.7,7.32,41.9,39.6,21.3
2026-04-15 04:19:48,77.18,85.1,98.4,7.54,42.5,42.3,21.3
2026-04-15 04:19:48,76.81,96.2,108.3,6.93,41.9,41.4,21.4
2026-04-15 04:19:48,77.83,89.6,112.7,6.25,41.9,37.5,21.4
2026-04-15 04:19:48,77.58,86.6,109.7,6.11,40.8,33.3,21.4
2026-04-15 04:19:48,75.95,91.6,106.0,7.11,41.4,42.6,21.4
2026-04-15 04:19:48,76.52,105.1,128.1,5.63,40.8,36.2,21.5
2026-04-15 04:19:49,78.0,97.1,120.0,6.31,41.9,40.3,21.5
2026-04-15 04:19:49,77.71,91.8,114.6,6.2,40.8,37.9,21.5
2026-04-15 04:19:49,76.67,137.1,160.2,4.72,40.2,37.8,21.5
2026-04-15 04:19:49,77.83,90.3,113.3,6.53,41.4,36.7,21.5
2026-04-15 04:19:49,76.27,119.8,145.7,5.02,41.9,40.7,21.6
2026-04-15 04:19:49,78.09,106.9,129.7,5.43,41.9,36.0,21.6
2026-04-15 04:19:50,76.86,97.3,120.6,6.35,40.2,41.8,21.6
2026-04-15 04:19:50,76.83,106.3,128.5,5.71,41.4,34.4,21.6
2026-04-15 04:19:50,80.0,110.5,133.7,5.85,41.9,42.9,21.6
2026-04-15 04:19:50,77.26,110.1,132.1,6.01,41.4,43.1,21.6
2026-04-15 04:19:50,76.08,97.9,119.9,6.49,40.8,36.7,21.6
2026-04-15 04:19:50,77.58,99.2,121.4,5.96,41.4,42.4,21.6
2026-04-15 04:19:51,77.28,113.7,143.6,5.32,39.1,43.8,21.6
2026-04-15 04:19:51,77.43,142.7,154.7,5.29,40.2,42.7,21.6
2026-04-15 04:19:51,76.61,101.4,124.6,6.3,40.8,40.6,21.6
2026-04-15 04:19:51,76.41,104.5,126.5,5.89,42.5,42.4,21.6
2026-04-15 04:19:51,78.39,88.9,110.4,6.59,40.8,39.3,21.6
2026-04-15 04:19:51,77.78,86.0,109.0,6.14,40.2,38.5,21.5
2026-04-15 04:19:52,78.92,109.3,119.9,6.38,40.8,47.7,21.5
2026-04-15 04:19:52,79.04,95.4,118.7,6.54,41.9,43.1,21.5
2026-04-15 04:19:52,77.43,113.6,137.5,5.33,41.9,45.8,21.5
2026-04-15 04:19:52,77.22,99.3,115.5,6.69,41.4,41.0,21.5
2026-04-15 04:19:52,76.66,107.1,137.2,5.47,42.5,36.4,21.5
2026-04-15 04:19:52,77.8,101.7,117.0,6.56,41.9,46.8,21.4
2026-04-15 04:19:53,75.07,115.5,137.6,5.54,41.4,38.0,21.4
2026-04-15 04:19:53,77.44,100.8,121.4,6.43,42.5,41.0,21.3
2026-04-15 04:19:53,77.4,109.6,132.9,5.82,41.4,40.0,21.3
2026-04-15 04:19:53,77.07,108.2,130.8,6.06,40.8,43.1,21.3
2026-04-15 04:19:53,78.13,92.8,115.8,6.61,40.8,41.3,21.4
2026-04-15 04:19:53,76.85,119.6,141.6,5.17,41.9,43.0,21.4
2026-04-15 04:19:54,78.04,87.5,100.2,7.43,40.8,37.3,21.4
2026-04-15 04:19:54,77.46,87.3,106.3,6.01,42.5,43.9,21.4
2026-04-15 04:19:54,75.05,104.4,116.2,6.64,40.8,47.5,21.5
2026-04-15 04:19:54,79.08,109.5,131.3,5.83,41.9,41.2,21.5
2026-04-15 04:19:54,77.89,96.3,119.3,6.51,40.8,41.9,21.5
2026-04-15 04:19:54,78.55,101.9,126.2,5.77,41.4,38.8,21.5
2026-04-15 04:19:55,75.94,115.9,139.1,5.57,40.8,40.0,21.6
2026-04-15 04:19:55,77.72,93.8,110.4,6.93,41.9,37.0,21.6
2026-04-15 04:19:55,79.67,126.9,150.5,4.99,40.8,39.2,21.5
2026-04-15 04:19:55,79.3,96.0,119.1,5.93,40.8,35.8,21.6
2026-04-15 04:19:55,77.71,89.6,113.2,6.22,43.0,40.0,21.6
2026-04-15 04:19:55,77.79,88.7,111.7,6.06,41.9,36.4,21.6
2026-04-15 04:19:56,77.44,124.9,148.0,4.93,40.2,43.5,21.6
2026-04-15 04:19:56,76.52,119.6,142.5,5.14,41.4,32.9,21.6
2026-04-15 04:19:56,77.09,105.1,117.4,6.57,40.8,48.4,21.6
2026-04-15 04:19:56,78.48,110.5,133.1,5.82,40.8,41.2,21.6
2026-04-15 04:19:56,77.82,102.8,124.4,6.29,40.8,42.9,21.6
2026-04-15 04:19:57,77.54,98.3,120.2,6.17,40.8,34.4,21.6
2026-04-15 04:19:57,80.98,102.5,125.7,5.85,40.2,38.8,21.6
2026-04-15 04:19:57,79.71,113.8,136.9,5.63,40.8,39.4,21.6
2026-04-15 04:19:57,78.39,100.7,120.6,6.47,41.4,37.7,21.6
2026-04-15 04:19:57,79.44,114.4,137.6,5.58,41.4,38.9,21.6
2026-04-15 04:19:57,79.51,95.1,113.1,6.78,41.4,40.7,21.6
2026-04-15 04:19:57,79.88,88.2,111.4,6.26,41.9,35.9,21.6
2026-04-15 04:19:58,79.23,90.4,113.5,5.93,41.9,33.8,21.6
2026-04-15 04:19:58,78.92,96.8,119.9,5.78,41.4,36.4,21.6
2026-04-15 04:19:58,79.61,99.6,122.6,5.91,40.8,36.9,21.6
2026-04-15 04:19:58,78.8,105.4,134.1,5.61,40.8,44.1,21.6
2026-04-15 04:19:58,76.39,122.1,143.1,5.63,41.4,43.1,21.6
2026-04-15 04:19:59,78.22,97.4,120.7,5.69,40.8,37.7,21.6
2026-04-15 04:19:59,78.1,104.8,129.7,5.7,41.9,39.1,21.6
2026-04-15 04:19:59,78.93,112.9,134.8,5.78,41.4,39.4,21.6
2026-04-15 04:19:59,76.16,111.0,129.9,6.07,40.2,42.9,21.6
2026-04-15 04:19:59,76.8,109.9,130.0,6.04,40.2,43.1,21.6
2026-04-15 04:19:59,79.98,91.9,114.5,6.73,41.4,40.0,21.5
2026-04-15 04:20:00,78.09,96.8,118.0,5.83,41.4,35.4,21.6
2026-04-15 04:20:00,78.63,120.5,143.6,5.25,41.9,37.7,21.6
2026-04-15 04:20:00,78.86,95.1,106.9,7.09,41.9,44.4,21.6
2026-04-15 04:20:00,77.87,114.8,140.4,5.27,40.2,40.0,21.6
2026-04-15 04:20:00,78.64,108.7,123.8,6.3,40.8,48.4,21.6
2026-04-15 04:20:00,79.33,109.0,130.8,6.05,40.2,41.8,21.6
2026-04-15 04:20:01,79.09,116.9,138.8,5.71,41.9,37.1,21.6
2026-04-15 04:20:01,79.98,116.6,133.8,5.89,41.4,45.7,21.6
2026-04-15 04:20:01,78.47,107.5,119.4,6.49,41.4,46.9,21.6
2026-04-15 04:20:01,79.27,123.6,145.4,5.48,40.8,42.3,21.6
2026-04-15 04:20:01,78.82,94.2,117.3,5.88,41.9,31.2,21.6
2026-04-15 04:20:01,76.96,103.3,128.6,5.6,40.2,49.3,21.7
2026-04-15 04:20:02,79.61,101.6,123.9,6.14,41.9,37.5,21.7
2026-04-15 04:20:02,79.9,93.3,116.2,6.35,40.8,39.0,21.7
2026-04-15 04:20:02,79.95,112.3,134.9,5.39,40.8,42.1,21.7
2026-04-15 04:20:02,80.0,131.7,151.7,5.38,41.9,41.1,21.7
2026-04-15 04:20:02,80.9,101.4,121.3,5.9,41.9,42.0,21.7
2026-04-15 04:20:02,81.16,104.8,128.0,5.87,40.8,37.3,21.7
2026-04-15 04:20:03,80.96,98.8,122.0,6.24,40.8,37.5,21.7
2026-04-15 04:20:03,80.7,104.9,128.1,5.79,41.4,33.3,21.7
2026-04-15 04:20:03,81.11,95.5,118.8,6.36,40.8,39.7,21.7
2026-04-15 04:20:03,80.83,86.0,109.2,6.35,41.9,38.1,21.7
2026-04-15 04:20:03,80.75,119.3,131.5,6.02,41.9,47.8,21.7
2026-04-15 04:20:03,81.32,94.5,107.2,7.06,41.9,41.1,21.8
2026-04-15 04:20:04,81.33,105.1,128.0,5.64,40.8,38.2,21.8
2026-04-15 04:20:04,81.51,90.8,111.6,6.57,40.2,46.7,21.8
2026-04-15 04:20:04,80.33,144.1,166.3,4.55,41.4,36.0,21.8
2026-04-15 04:20:04,80.76,112.3,134.2,5.94,40.8,40.3,21.8
2026-04-15 04:20:04,79.05,108.9,129.9,6.08,40.2,38.1,21.9
2026-04-15 04:20:04,79.18,97.0,118.3,6.49,40.8,41.3,21.9
2026-04-15 04:20:05,79.83,86.5,109.5,6.43,40.8,37.5,21.8
2026-04-15 04:20:05,79.44,111.6,124.2,6.31,41.9,38.3,21.8
2026-04-15 04:20:05,80.08,103.5,124.7,6.3,41.9,48.5,21.8
2026-04-15 04:20:05,80.14,105.7,131.0,5.85,41.9,39.7,21.8
2026-04-15 04:20:05,80.54,92.5,115.7,6.61,40.8,36.7,21.8
2026-04-15 04:20:05,79.54,128.3,148.1,4.93,41.9,56.1,21.9
2026-04-15 04:20:06,80.57,119.2,142.1,5.27,41.4,39.0,21.8
2026-04-15 04:20:06,79.82,94.2,107.0,7.06,41.9,40.7,21.9
2026-04-15 04:20:06,79.94,102.2,122.8,5.73,41.9,42.3,21.8
2026-04-15 04:20:06,79.77,135.0,158.0,5.01,41.4,44.3,21.8
2026-04-15 04:20:06,79.91,103.2,126.4,5.95,40.8,37.3,21.8
2026-04-15 04:20:06,80.71,99.4,122.3,6.15,39.7,39.1,21.9
2026-04-15 04:20:07,79.9,110.0,124.0,5.65,41.9,51.4,21.9
