Timestamp,Inference_Time_ms,FPS
2026-04-15 01:47,169.71,1.78
2026-04-15 01:47,88.07,6.64
2026-04-15 01:47,85.81,6.04
2026-04-15 01:47,105.68,6.56
2026-04-15 01:47,86.34,6.81
2026-04-15 01:47,91.01,7.25
2026-04-15 01:47,84.43,6.24
2026-04-15 01:47,97.74,6.82
2026-04-15 01:47,84.94,6.51
2026-04-15 01:47,86.92,7.39
2026-04-15 01:47,84.12,7.65
2026-04-15 01:47,83.88,7.53
2026-04-15 01:47,84.96,7.45
2026-04-15 01:47,83.99,7.56
2026-04-15 01:47,84.3,7.48
2026-04-15 01:47,82.77,7.59
2026-04-15 01:47,84.59,7.39
2026-04-15 01:47,92.15,7.12
2026-04-15 01:47,84.28,6.3
2026-04-15 01:47,85.66,7.37
2026-04-15 01:47,84.78,7.62
2026-04-15 01:47,86.43,7.41
2026-04-15 01:47,83.95,7.65
2026-04-15 01:47,83.93,7.5
2026-04-15 01:47,85.24,7.44
2026-04-15 01:47,84.36,7.54
2026-04-15 01:47,84.18,7.53
2026-04-15 01:47,84.19,7.5
2026-04-15 01:47,83.34,7.55
2026-04-15 01:47,83,7.52
2026-04-15 01:47,83.72,7.46
2026-04-15 01:47,84.28,7.44
2026-04-15 01:47,84.14,7.55
2026-04-15 01:47,83.86,7.51
2026-04-15 01:47,83.51,7.53
2026-04-15 01:47,83.41,7.51
2026-04-15 01:47,83.04,7.52
2026-04-15 01:47,83.69,7.46
2026-04-15 01:47,86.88,7.33
2026-04-15 01:47,102.79,6.7
2026-04-15 01:47,93.9,6.33
2026-04-15 01:47,94.37,5.99
2026-04-15 01:47,91.67,6.1
2026-04-15 01:47,101.62,5.65
2026-04-15 01:47,93.94,6.3
2026-04-15 01:47,83.49,6.4
2026-04-15 01:47,83.92,7.48
2026-04-15 01:47,83.31,7.52
2026-04-15 01:47,85.39,7.34
2026-04-15 01:47,85.78,7.55
2026-04-15 01:47,87.65,7.4
2026-04-15 01:47,84.33,7.69
2026-04-15 01:47,84.65,7.46
2026-04-15 01:47,106.54,6.46
2026-04-15 01:47,85.61,6.86
2026-04-15 01:47,84.31,7.58
2026-04-15 01:47,88.19,7.29
2026-04-15 01:47,95.01,5.72
2026-04-15 01:47,89.5,6.24
2026-04-15 01:47,82.93,6.26
2026-04-15 01:47,82.76,7.5
2026-04-15 01:47,108.78,6.28
2026-04-15 01:47,88.47,6.85
2026-04-15 01:47,84.6,7.72
2026-04-15 01:47,87.64,7.34
2026-04-15 01:47,98.2,6.96
2026-04-15 01:47,85.12,6.51
2026-04-15 01:47,82.93,7.62
2026-04-15 01:47,85.84,7.35
2026-04-15 01:47,86.67,7.46
2026-04-15 01:47,84.22,7.64
2026-04-15 01:47,90.35,7.18
2026-04-15 01:47,94.05,5.87
2026-04-15 01:47,81.79,6.46
2026-04-15 01:47,84.52,7.38
2026-04-15 01:47,85.32,7.41
2026-04-15 01:47,84.59,7.59
2026-04-15 01:47,83.6,7.41
2026-04-15 01:47,95.79,7
2026-04-15 01:47,97.96,5.92
2026-04-15 01:47,83.09,6.59
2026-04-15 01:47,87.18,7.29
2026-04-15 01:47,92.63,7.19
2026-04-15 01:47,85.52,6.24
2026-04-15 01:47,83.44,7.69
2026-04-15 01:47,91.14,7.04
2026-04-15 01:47,85.5,6.25
2026-04-15 01:47,85.69,7.48
2026-04-15 01:47,84.22,7.6
2026-04-15 01:47,83.28,7.53
2026-04-15 01:47,83.6,7.5
2026-04-15 01:47,82.59,7.45
2026-04-15 01:47,83.19,7.6
2026-04-15 01:47,86.62,7.31
2026-04-15 01:47,112.35,6.16
2026-04-15 01:47,99.67,6.64
2026-04-15 01:47,82.56,6.68
2026-04-15 01:47,82.65,7.51
2026-04-15 01:47,85.48,7.34
2026-04-15 01:47,85.94,7.49
2026-04-15 01:47,83.86,7.63
2026-04-15 01:47,86.78,7.08
2026-04-15 01:47,101.78,5.61
2026-04-15 01:47,88.21,6.59
2026-04-15 01:47,93.79,5.81
2026-04-15 01:47,87.01,6.26
2026-04-15 01:47,88.67,7.41
2026-04-15 01:47,115.9,5.15
2026-04-15 01:47,86.26,7.34
2026-04-15 01:47,85.84,7.52
2026-04-15 01:47,86.21,7.48
2026-04-15 01:47,91.92,7.2
2026-04-15 01:47,110.32,5.4
2026-04-15 01:47,100.42,6.37
2026-04-15 01:47,87.55,6.49
2026-04-15 01:47,83.69,6.16
2026-04-15 01:47,100.4,6.59
2026-04-15 01:47,88.75,6.54
2026-04-15 01:47,92.36,5.88
2026-04-15 01:47,101.68,5.68
2026-04-15 01:47,91.53,6.38
2026-04-15 01:47,86.95,6.19
2026-04-15 01:47,83.97,7.66
2026-04-15 01:47,95.63,6.91
2026-04-15 01:47,92.02,6.14
2026-04-15 01:47,82.8,6.31
2026-04-15 01:47,87.02,7.34
2026-04-15 01:47,83.22,7.72
2026-04-15 01:47,102.47,6.55
2026-04-15 01:47,84.35,6.73
2026-04-15 01:47,86.84,7.37
2026-04-15 01:47,83.65,7.68
2026-04-15 01:47,92.8,6.97
2026-04-15 01:47,104.72,5.6
2026-04-15 01:47,85.61,6.79
2026-04-15 01:47,83.69,7.61
2026-04-15 01:47,83.4,7.49
2026-04-15 01:47,83.09,7.54
2026-04-15 01:47,84.48,7.5
2026-04-15 01:47,87.63,7.17
2026-04-15 01:47,113.4,5.25
2026-04-15 01:47,86.82,7.14
2026-04-15 01:47,90.13,5.89
2026-04-15 01:47,86.12,6.14
2026-04-15 01:47,83.53,7.72
2026-04-15 01:47,83.52,7.48
2026-04-15 01:47,87.31,7.25
2026-04-15 01:47,96.56,5.69
2026-04-15 01:47,87.75,6.38
2026-04-15 01:47,88.65,5.93
2026-04-15 01:47,87.46,6.09
2026-04-15 01:47,95.75,7
2026-04-15 01:47,88.82,6.31
2026-04-15 01:47,84.67,6.16
2026-04-15 01:47,87.4,7.22
2026-04-15 01:47,85.71,6.08
2026-04-15 01:47,86.3,6.06
2026-04-15 01:47,87.95,7.42
2026-04-15 01:47,93.6,7.2
2026-04-15 01:47,89.67,6.15
2026-04-15 01:47,107.71,5.41
2026-04-15 01:47,87.63,6.82
2026-04-15 01:47,86.94,7.52
2026-04-15 01:47,123.46,5.92
2026-04-15 01:47,85.39,6.17
2026-04-15 01:47,86.16,7.46
2026-04-15 01:47,82.83,7.7
2026-04-15 01:47,85.27,7.36
2026-04-15 01:47,115.31,6.09
2026-04-15 01:47,89.88,7.13
2026-04-15 01:47,96.61,5.78
2026-04-15 01:47,84.78,6.45
2026-04-15 01:47,83.52,7.58
2026-04-15 01:47,95.64,6.83
2026-04-15 01:47,86.65,6.39
2026-04-15 01:47,86.31,7.52
2026-04-15 01:47,90.65,7.19
2026-04-15 01:47,89.06,6.11
2026-04-15 01:47,84.2,6.19
2026-04-15 01:47,109.43,6.29
2026-04-15 01:47,84.06,7.1
2026-04-15 01:47,96.15,6.88
2026-04-15 01:47,97.66,5.94
2026-04-15 01:47,95.08,6.07
2026-04-15 01:47,82.84,6.49
2026-04-15 01:47,93.13,6.95
2026-04-15 01:47,101.72,5.72
2026-04-15 01:47,98.3,6.16
2026-04-15 01:47,86.09,6.47
2026-04-15 01:47,89.91,7.3
2026-04-15 01:47,85.16,6.15
2026-04-15 01:47,85.18,7.47
2026-04-15 01:47,86.04,7.4
2026-04-15 01:47,86.72,6.04
2026-04-15 01:47,88.55,7.43
2026-04-15 01:47,84.88,6.13
2026-04-15 01:47,92.78,7.09
2026-04-15 01:47,85.49,6.18
2026-04-15 01:47,94.94,5.7
2026-04-15 01:47,86.69,6.38
2026-04-15 01:47,85.26,7.59
2026-04-15 01:47,87.65,7.37
2026-04-15 01:47,85.56,7.63
2026-04-15 01:47,104.2,6.57
2026-04-15 01:47,86.9,6.69
2026-04-15 01:47,91.96,7.24
2026-04-15 01:47,89.48,6.1
2026-04-15 01:47,97.01,5.74
2026-04-15 01:47,86.26,6.41
2026-04-15 01:47,86.64,7.46
2026-04-15 01:47,104.06,6.66
2026-04-15 01:47,91.33,6.45
2026-04-15 01:47,86.29,6.18
2026-04-15 01:47,84.52,7.63
2026-04-15 01:47,85.69,7.44
2026-04-15 01:47,86.49,7.45
2026-04-15 01:47,86.23,7.53
2026-04-15 01:47,92.32,7.17
2026-04-15 01:47,103.88,5.61
2026-04-15 01:47,92.77,6.48
2026-04-15 01:47,91.16,6.03
2026-04-15 01:47,85.27,6.26
2026-04-15 01:47,85.69,7.41
2026-04-15 01:47,107.47,6.51
2026-04-15 01:47,86.79,6.84
2026-04-15 01:47,85.62,7.51
2026-04-15 01:47,92.9,7.18
2026-04-15 01:47,88.66,6.16
2026-04-15 01:47,89.46,5.98
2026-04-15 01:47,89.71,5.99
2026-04-15 01:47,94.56,5.8
2026-04-15 01:47,86.14,6.27
2026-04-15 01:47,86.36,7.63
2026-04-15 01:47,90.32,7.2
2026-04-15 01:47,90.88,6
2026-04-15 01:47,87.14,6.18
2026-04-15 01:47,86.6,7.47
2026-04-15 01:47,102.74,6.75
2026-04-15 01:47,85.82,6.67
2026-04-15 01:47,91.4,7.21
2026-04-15 01:47,90.78,6.03
2026-04-15 01:47,87.72,6.11
2026-04-15 01:47,86.59,7.56
2026-04-15 01:47,105.18,6.59
2026-04-15 01:47,87.53,6.66
2026-04-15 01:47,91.15,7.19
2026-04-15 01:47,93,6.06
2026-04-15 01:47,88.12,6.19
2026-04-15 01:47,88.02,7.51
2026-04-15 01:47,86.03,7.61
2026-04-15 01:47,97.4,6.92
2026-04-15 01:47,100.07,5.86
2026-04-15 01:47,90.3,6.34
2026-04-15 01:47,87.05,6.19
2026-04-15 01:47,88.23,7.42
2026-04-15 01:47,86.77,6.06
2026-04-15 01:47,87.43,7.43
2026-04-15 01:47,92.66,5.81
2026-04-15 01:47,89.24,6.14
2026-04-15 01:47,95.16,5.79
2026-04-15 01:47,87.2,6.3
2026-04-15 01:47,98.2,5.63
2026-04-15 01:47,87.84,6.43
2026-04-15 01:47,88.45,6
2026-04-15 01:47,94.57,5.76
2026-04-15 01:47,85.94,6.37
2026-04-15 01:47,88.9,7.29
2026-04-15 01:47,89.27,5.97
2026-04-15 01:47,88.59,6.09
2026-04-15 01:47,87.43,6.04
2026-04-15 01:47,87.76,7.49
2026-04-15 01:47,291.42,2.97
2026-04-15 01:47,111.72,5.33
2026-04-15 01:47,97.83,6.58
2026-04-15 01:47,86.51,6.44
2026-04-15 01:47,88.68,7.38
2026-04-15 01:47,99.74,6.93
2026-04-15 01:47,86.81,6.5
2026-04-15 01:47,87.57,5.98
2026-04-15 01:47,86.49,7.57
2026-04-15 01:47,94.21,7.09
2026-04-15 01:47,106.42,5.59
2026-04-15 01:47,87.65,6.76
2026-04-15 01:47,89.18,7.27
2026-04-15 01:47,99.17,5.75
2026-04-15 01:47,86.11,6.51
2026-04-15 01:47,90.78,7.19
2026-04-15 01:47,93.97,5.94
2026-04-15 01:47,84.02,6.39
2026-04-15 01:47,84.36,7.42
2026-04-15 01:47,90.7,7.22
2026-04-15 01:47,87.07,6.1
2026-04-15 01:47,85.88,7.55
2026-04-15 01:47,84.84,7.58
2026-04-15 01:47,115.14,6.12
2026-04-15 01:47,87.69,7.24
2026-04-15 01:47,82.92,7.72
2026-04-15 01:47,91.5,7.1
2026-04-15 01:47,92.54,5.97
2026-04-15 01:47,84.38,6.21
2026-04-15 01:47,82.74,7.67
2026-04-15 01:47,82.87,7.57
2026-04-15 01:47,83.9,7.44
2026-04-15 01:47,83.56,7.46
2026-04-15 01:47,86.13,7.42
2026-04-15 01:47,87.51,7.43
2026-04-15 01:47,95.59,7.08
2026-04-15 01:47,92.18,6.13
2026-04-15 01:47,84.63,6.29
2026-04-15 01:47,88.19,7.31
2026-04-15 01:47,87.01,7.57
2026-04-15 01:47,91.19,7.27
2026-04-15 01:47,84.78,6.25
2026-04-15 01:47,83.43,7.56
2026-04-15 01:47,83.67,7.33
2026-04-15 01:47,87.7,7.46
2026-04-15 01:47,164.62,4.76
2026-04-15 01:47,120.58,5.27
2026-04-15 01:47,122.48,5.95
2026-04-15 01:47,86.75,6.03
2026-04-15 01:47,85.54,6.1
2026-04-15 01:47,85.45,7.26
2026-04-15 01:47,88.12,6.03
2026-04-15 01:47,83.43,6.22
2026-04-15 01:47,83.23,7.45
2026-04-15 01:47,84.38,7.44
2026-04-15 01:47,95.8,6.91
2026-04-15 01:47,90.16,6.21
2026-04-15 01:47,83.12,6.28
2026-04-15 01:47,83.49,7.36
2026-04-15 01:47,83.05,7.65
2026-04-15 01:47,82.79,7.51
2026-04-15 01:47,83.44,7.46
2026-04-15 01:47,83.75,7.56
2026-04-15 01:47,99.64,6.71
2026-04-15 01:47,83.13,6.66
2026-04-15 01:47,94.87,6.9
2026-04-15 01:47,85.81,6.3
2026-04-15 01:47,84.36,7.64
2026-04-15 01:47,93.75,7.01
2026-04-15 01:47,93.9,5.98
2026-04-15 01:47,87.55,6.27
2026-04-15 01:47,89.26,7.41
2026-04-15 01:47,110.59,5.29
2026-04-15 01:47,111.67,5.93
2026-04-15 01:47,89.87,7
2026-04-15 01:47,84.26,6.22
2026-04-15 01:47,84.14,7.5
2026-04-15 01:47,96.62,6.87
2026-04-15 01:47,87.07,6.22
2026-04-15 01:47,87.04,6.14
2026-04-15 01:47,95.77,7.02
2026-04-15 01:47,86.83,6.28
2026-04-15 01:47,86.82,6.07
2026-04-15 01:47,86.13,7.55
2026-04-15 01:47,96.32,6.97
2026-04-15 01:47,86.66,6.37
2026-04-15 01:47,104.98,6.59
2026-04-15 01:47,104.62,6.02
2026-04-15 01:47,87.59,6.61
2026-04-15 01:47,85.28,6.15
2026-04-15 01:47,82.3,7.67
2026-04-15 01:47,99.18,6.67
2026-04-15 01:47,97.26,6.07
2026-04-15 01:47,93.88,6.12
2026-04-15 01:47,87.3,6.25
2026-04-15 01:47,89.13,7.38
2026-04-15 01:47,83.28,6.24
2026-04-15 01:47,84.6,7.43
2026-04-15 01:47,85.9,7.43
2026-04-15 01:47,91.31,7.21
2026-04-15 01:47,94.15,5.9
2026-04-15 01:47,83.77,6.4
2026-04-15 01:47,83.69,7.52
2026-04-15 01:47,91.28,7.03
2026-04-15 01:47,83.02,6.25
2026-04-15 01:47,97.42,6.91
2026-04-15 01:47,87.77,6.37
2026-04-15 01:47,83.2,7.7
2026-04-15 01:47,83.27,7.49
2026-04-15 01:47,84.57,7.44
2026-04-15 01:47,83.45,7.57
2026-04-15 01:47,83,7.52
2026-04-15 01:48,100.02,6.65
2026-04-15 01:48,84.22,6.69
2026-04-15 01:48,95.18,6.88
2026-04-15 01:48,90.49,6.2
2026-04-15 01:48,91.56,5.95
2026-04-15 01:48,86.37,6.19
2026-04-15 01:48,85.73,7.6
2026-04-15 01:48,87.91,7.33
2026-04-15 01:48,92.37,5.8
2026-04-15 01:48,84.34,6.36
2026-04-15 01:48,91.4,7.13
2026-04-15 01:48,88.15,6.11
2026-04-15 01:48,87.05,6.06
2026-04-15 01:48,85.13,6.12
2026-04-15 01:48,97.72,6.8
2026-04-15 01:48,89.17,6.37
2026-04-15 01:48,98.65,5.67
2026-04-15 01:48,83.8,6.6
2026-04-15 01:48,94.73,6.87
2026-04-15 01:48,86.62,6.32
2026-04-15 01:48,87.73,7.44
2026-04-15 01:48,91.93,7.33
2026-04-15 01:48,88.03,6.1
2026-04-15 01:48,86.73,6.09
2026-04-15 01:48,86.24,7.49
2026-04-15 01:48,96.07,7.03
2026-04-15 01:48,96.61,5.97
2026-04-15 01:48,88.26,6.33
2026-04-15 01:48,88.85,7.41
2026-04-15 01:48,86.55,6.08
2026-04-15 01:48,86.36,7.57
2026-04-15 01:48,86.1,7.51
2026-04-15 01:48,87.19,7.39
2026-04-15 01:48,91.38,7.33
2026-04-15 01:48,103.61,5.57
2026-04-15 01:48,105.43,5.93
2026-04-15 01:48,87.53,6.72
2026-04-15 01:48,88.55,7.45
2026-04-15 01:48,86.44,6.12
2026-04-15 01:48,87.91,7.42
2026-04-15 01:48,88.73,7.46
2026-04-15 01:48,89.99,5.95
2026-04-15 01:48,86.48,6.15
2026-04-15 01:48,86.58,7.41
2026-04-15 01:48,87.49,7.54
2026-04-15 01:48,86.7,7.56
2026-04-15 01:48,87.83,7.45
2026-04-15 01:48,90.68,7.33
2026-04-15 01:48,109.76,5.37
2026-04-15 01:48,87.4,6.97
2026-04-15 01:48,87.83,5.97
2026-04-15 01:48,88.13,6.01
2026-04-15 01:48,87,7.52
2026-04-15 01:48,85.89,7.55
2026-04-15 01:48,106.17,6.56
2026-04-15 01:48,89.45,6.67
2026-04-15 01:48,88.21,6.04
2026-04-15 01:48,87.97,6.01
2026-04-15 01:48,86.05,7.55
2026-04-15 01:48,102.21,6.73
2026-04-15 01:48,84.56,6.67
2026-04-15 01:48,83.51,7.56
2026-04-15 01:48,85.94,7.37
2026-04-15 01:48,84.21,7.61
2026-04-15 01:48,92.16,7.13
2026-04-15 01:48,82.76,6.37
2026-04-15 01:48,82.26,7.51
2026-04-15 01:48,114.15,6.03
2026-04-15 01:48,111.2,6.14
2026-04-15 01:48,83.94,7.14
2026-04-15 01:48,90.91,7.15
2026-04-15 01:48,82.65,6.27
2026-04-15 01:48,82.99,7.52
2026-04-15 01:48,82.12,7.61
2026-04-15 01:48,85.66,7.25
2026-04-15 01:48,98.42,6.9
2026-04-15 01:48,82.62,6.63
2026-04-15 01:48,85.33,7.36
2026-04-15 01:48,83.31,7.6
2026-04-15 01:48,83.56,7.5
2026-04-15 01:48,83.27,7.5
2026-04-15 01:48,85.93,7.37
2026-04-15 01:48,87.36,7.42
2026-04-15 01:48,84.53,7.67
2026-04-15 01:48,84.99,7.47
2026-04-15 01:48,83.03,7.58
2026-04-15 01:48,83.29,7.52
2026-04-15 01:48,82.87,7.45
2026-04-15 01:48,84.58,7.48
2026-04-15 01:48,84.03,7.53
2026-04-15 01:48,89.38,7.21
2026-04-15 01:48,82.95,6.25
2026-04-15 01:48,84.3,7.42
2026-04-15 01:48,89.18,7.23
2026-04-15 01:48,88.08,6.05
2026-04-15 01:48,105.19,5.44
2026-04-15 01:48,107.93,5.91
2026-04-15 01:48,86.67,6.88
2026-04-15 01:48,84.74,7.61
2026-04-15 01:48,93.39,7.06
2026-04-15 01:48,85.46,6.3
2026-04-15 01:48,85.33,7.51
2026-04-15 01:48,89.97,7.2
2026-04-15 01:48,84.42,6.25
2026-04-15 01:48,85.31,7.28
2026-04-15 01:48,86.68,7.6
2026-04-15 01:48,84.14,7.65
2026-04-15 01:48,90.29,7.18
2026-04-15 01:48,85.83,6.16
2026-04-15 01:48,82.86,7.68
2026-04-15 01:48,89.34,7.16
2026-04-15 01:48,83.41,6.22
2026-04-15 01:48,84.77,7.42
2026-04-15 01:48,94.92,6.98
2026-04-15 01:48,92.42,6.1
2026-04-15 01:48,86.98,6.16
2026-04-15 01:48,87.18,7.49
2026-04-15 01:48,89.59,5.96
2026-04-15 01:48,105.38,5.48
2026-04-15 01:48,86.52,6.7
2026-04-15 01:48,85.58,7.57
2026-04-15 01:48,93.54,7.09
2026-04-15 01:48,88.81,6.17
2026-04-15 01:48,87.47,6.05
2026-04-15 01:48,83.29,6.16
2026-04-15 01:48,86.73,7.38
2026-04-15 01:48,86.54,7.52
2026-04-15 01:48,85,7.59
2026-04-15 01:48,101.72,6.67
2026-04-15 01:48,102.06,5.99
2026-04-15 01:48,86.56,6.51
2026-04-15 01:48,93.84,5.84
2026-04-15 01:48,87.24,6.25
2026-04-15 01:48,85.21,7.56
2026-04-15 01:48,87.71,7.37
2026-04-15 01:48,84.35,7.7
2026-04-15 01:48,90.74,7.05
2026-04-15 01:48,85.88,6.26
2026-04-15 01:48,111.34,6.35
2026-04-15 01:48,97.72,6.51
2026-04-15 01:48,96.37,6.07
2026-04-15 01:48,87.49,6.35
2026-04-15 01:48,87.16,7.52
2026-04-15 01:48,85.11,7.62
2026-04-15 01:48,84.55,7.53
2026-04-15 01:48,86.5,7.4
2026-04-15 01:48,106.07,6.54
2026-04-15 01:48,85.92,6.82
2026-04-15 01:48,93.01,7.13
2026-04-15 01:48,89.28,6.1
2026-04-15 01:48,86.47,6.15
2026-04-15 01:48,86.04,7.46
2026-04-15 01:48,88.39,7.43
2026-04-15 01:48,84.66,7.74
2026-04-15 01:48,88.71,7.21
2026-04-15 01:48,88.14,6.03
2026-04-15 01:48,83.72,6.2
2026-04-15 01:48,91.91,7.02
2026-04-15 01:48,95.88,5.86
2026-04-15 01:48,85.76,6.44
2026-04-15 01:48,85.36,7.43
2026-04-15 01:48,88.09,7.45
2026-04-15 01:48,87,7.55
2026-04-15 01:48,85.63,6.05
2026-04-15 01:48,87.9,7.38
2026-04-15 01:48,84.63,7.7
2026-04-15 01:48,106.6,6.44
2026-04-15 01:48,103.45,6.08
2026-04-15 01:48,87.16,6.64
2026-04-15 01:48,86.2,7.57
2026-04-15 01:48,106.12,6.54
2026-04-15 01:48,87.52,6.74
2026-04-15 01:48,89.31,5.94
2026-04-15 01:48,87.14,6.08
2026-04-15 01:48,86.15,7.61
2026-04-15 01:48,87.07,7.41
2026-04-15 01:48,85.48,6.03
2026-04-15 01:48,87.83,7.47
2026-04-15 01:48,105.54,6.56
2026-04-15 01:48,87.89,6.77
2026-04-15 01:48,84.6,7.69
2026-04-15 01:48,85.92,7.43
2026-04-15 01:48,87.32,7.43
2026-04-15 01:48,85.82,7.59
2026-04-15 01:48,83.83,7.52
2026-04-15 01:48,88.96,7.22
2026-04-15 01:48,84.87,6.22
2026-04-15 01:48,87.41,7.37
2026-04-15 01:48,85.67,7.59
2026-04-15 01:48,84.61,7.56
2026-04-15 01:48,86.24,7.42
2026-04-15 01:48,101.25,6.74
2026-04-15 01:48,85.76,6.61
2026-04-15 01:48,83.37,7.59
2026-04-15 01:48,87.21,7.28
2026-04-15 01:48,86.52,6.07
2026-04-15 01:48,83.38,7.62
2026-04-15 01:48,86.78,7.32
2026-04-15 01:48,102.47,6.71
2026-04-15 01:48,106.7,5.88
2026-04-15 01:48,92.91,6.57
2026-04-15 01:48,93.77,5.95
2026-04-15 01:48,96.34,5.93
2026-04-15 01:48,84.32,6.43
2026-04-15 01:48,105.28,6.47
2026-04-15 01:48,89.9,6.65
2026-04-15 01:48,93.65,5.85
2026-04-15 01:48,87.21,6.27
2026-04-15 01:48,88.17,7.38
2026-04-15 01:48,90.96,5.96
2026-04-15 01:48,85.78,6.18
2026-04-15 01:48,83.6,7.64
2026-04-15 01:48,89.7,7.18
2026-04-15 01:48,88.56,6.04
2026-04-15 01:48,85.01,6.13
2026-04-15 01:48,83.43,7.59
2026-04-15 01:48,90.25,7.12
2026-04-15 01:48,84.08,6.21
2026-04-15 01:48,95.82,6.93
2026-04-15 01:48,87,6.34
2026-04-15 01:48,93.37,7.16
2026-04-15 01:48,83.83,6.36
2026-04-15 01:48,87.71,7.23
2026-04-15 01:48,98.28,5.69
2026-04-15 01:48,84.53,6.54
2026-04-15 01:48,93.4,7.02
2026-04-15 01:48,116.85,5.27
2026-04-15 01:48,89.25,7.2
2026-04-15 01:48,84.82,6.12
2026-04-15 01:48,83.48,7.63
2026-04-15 01:48,118.07,5.97
2026-04-15 01:48,89.27,7.26
2026-04-15 01:48,82.93,6.19
2026-04-15 01:48,85.77,7.4
2026-04-15 01:48,82.44,7.64
2026-04-15 01:48,88.86,7.21
2026-04-15 01:48,85.18,7.72
2026-04-15 01:48,93.18,7.07
2026-04-15 01:48,116.4,5.24
2026-04-15 01:48,84.96,7.39
2026-04-15 01:48,86.53,7.3
2026-04-15 01:48,83.7,6.19
2026-04-15 01:48,82.81,7.56
2026-04-15 01:48,85.06,7.38
2026-04-15 01:48,99.18,6.78
2026-04-15 01:48,84.97,6.54
2026-04-15 01:48,86.21,7.52
2026-04-15 01:48,87.99,7.42
2026-04-15 01:48,82.8,7.79
2026-04-15 01:48,86.63,7.25
2026-04-15 01:48,82.25,7.82
2026-04-15 01:48,92.78,6.91
2026-04-15 01:48,90.34,6.09
2026-04-15 01:48,88.49,6.07
2026-04-15 01:48,84.14,6.2
2026-04-15 01:48,82.9,7.58
2026-04-15 01:48,98.06,6.74
2026-04-15 01:48,85.79,6.41
2026-04-15 01:48,84.28,7.69
2026-04-15 01:48,86.93,7.37
2026-04-15 01:48,87.36,7.47
2026-04-15 01:48,88.82,7.42
2026-04-15 01:48,83.92,6.19
2026-04-15 01:48,84.12,7.5
2026-04-15 01:48,95.48,6.9
2026-04-15 01:48,86.28,6.11
2026-04-15 01:48,84.8,6.26
2026-04-15 01:48,121.42,5.93
2026-04-15 01:48,91.12,7.34
2026-04-15 01:48,85.42,6.19
2026-04-15 01:48,113.25,6.22
2026-04-15 01:48,91.01,6.93
2026-04-15 01:48,88.34,6.1
2026-04-15 01:48,115.07,6.21
2026-04-15 01:48,89.52,7.13
2026-04-15 01:48,106.43,5.45
2026-04-15 01:48,90.26,6.65
2026-04-15 01:48,86.68,6.14
2026-04-15 01:48,86.4,7.51
2026-04-15 01:48,85.23,7.57
2026-04-15 01:48,98.59,6.7
2026-04-15 01:48,87.67,6.53
2026-04-15 01:48,101.64,6.79
2026-04-15 01:48,87.59,6.55
2026-04-15 01:48,95.8,7.02
2026-04-15 01:48,94.27,6.03
2026-04-15 01:48,109.75,5.51
2026-04-15 01:48,89.56,6.83
2026-04-15 01:48,85.48,6.09
2026-04-15 01:48,84.76,7.66
2026-04-15 01:48,82.49,7.62
2026-04-15 01:48,84.66,7.45
2026-04-15 01:48,127.24,5.68
2026-04-15 01:48,97.27,5.89
2026-04-15 01:48,87.95,6.36
2026-04-15 01:48,86.24,7.6
2026-04-15 01:48,88.66,7.37
2026-04-15 01:48,93.15,7.25
2026-04-15 01:48,97.1,5.82
2026-04-15 01:48,89.77,6.34
2026-04-15 01:48,97.02,5.75
2026-04-15 01:48,82.97,6.56
2026-04-15 01:48,85.04,7.39
2026-04-15 01:48,84.19,7.56
2026-04-15 01:48,87.82,7.3
2026-04-15 01:48,85.27,7.62
2026-04-15 01:48,88.59,7.34
2026-04-15 01:48,84.67,6.15
2026-04-15 01:48,83.67,7.56
2026-04-15 01:48,89.74,7.12
2026-04-15 01:48,103.01,5.59
2026-04-15 01:48,84.56,6.76
2026-04-15 01:48,162.92,4.73
2026-04-15 01:48,93.43,6.11
2026-04-15 01:48,83.24,6.38
2026-04-15 01:48,83.61,7.5
2026-04-15 01:48,87.68,7.27
2026-04-15 01:48,86.75,7.57
2026-04-15 01:48,84.13,7.65
2026-04-15 01:48,82.75,7.57
2026-04-15 01:48,87.11,7.28
2026-04-15 01:48,85,7.62
2026-04-15 01:48,87.19,7.37
2026-04-15 01:48,87.33,7.52
2026-04-15 01:48,85.98,7.22
2026-04-15 01:48,84.18,6.32
2026-04-15 01:48,87.45,7.32
2026-04-15 01:48,87.04,7.53
2026-04-15 01:48,93.81,7.15
2026-04-15 01:48,82.92,6.42
2026-04-15 01:48,83.07,7.48
2026-04-15 01:48,85.53,7.34
2026-04-15 01:48,118.2,6.06
2026-04-15 01:48,86.06,7.43
2026-04-15 01:48,86.94,7.45
2026-04-15 01:48,87.53,7.48
2026-04-15 01:48,85.23,7.63
2026-04-15 01:48,82.39,7.67
2026-04-15 01:48,122.7,5.76
2026-04-15 01:48,88.83,7.48
2026-04-15 01:48,88.39,6.05
2026-04-15 01:48,84.77,6.11
2026-04-15 01:48,84.95,7.55
2026-04-15 01:48,86.92,7.4
2026-04-15 01:48,89.55,7.35
2026-04-15 01:48,93.07,5.88
2026-04-15 01:48,84.81,6.31
2026-04-15 01:48,83.29,7.59
2026-04-15 01:48,85.41,7.4
2026-04-15 01:48,87.16,7.4
2026-04-15 01:48,85.28,7.6
2026-04-15 01:48,84.92,7.54
2026-04-15 01:48,85.28,7.48
2026-04-15 01:48,92.82,7.1
2026-04-15 01:48,87.43,6.2
2026-04-15 01:48,87.46,7.44
2026-04-15 01:48,86.93,6.06
2026-04-15 01:48,85.65,6.06
2026-04-15 01:48,83.93,7.59
2026-04-15 01:48,86.13,7.34
2026-04-15 01:48,89.1,7.33
2026-04-15 01:48,93.39,5.89
2026-04-15 01:48,114.67,5.29
2026-04-15 01:48,88.9,7.1
2026-04-15 01:48,101.24,5.62
2026-04-15 01:48,85.07,6.66
2026-04-15 01:48,114.3,6.14
2026-04-15 01:48,84.55,7.32
2026-04-15 01:48,82.78,7.54
2026-04-15 01:48,98.52,6.77
2026-04-15 01:48,84.46,6.55
2026-04-15 01:48,85.42,7.46
2026-04-15 01:48,83.23,7.61
2026-04-15 01:48,90.11,7.13
2026-04-15 01:48,94.16,5.86
2026-04-15 01:48,90.5,6.14
2026-04-15 01:48,84.58,6.22
2026-04-15 01:48,88.48,7.29
2026-04-15 01:48,85.53,6.05
2026-04-15 01:48,85.47,7.58
2026-04-15 01:48,85.04,7.54
2026-04-15 01:48,96.17,6.93
2026-04-15 01:48,86.47,6.37
2026-04-15 01:48,83.73,7.67
2026-04-15 01:48,83.48,7.51
2026-04-15 01:48,84.27,7.46
2026-04-15 01:48,82.33,7.53
2026-04-15 01:48,87.46,7.31
2026-04-15 01:48,83.84,7.71
2026-04-15 01:48,83.09,7.55
2026-04-15 01:48,84.13,7.45
2026-04-15 01:48,96.29,6.87
2026-04-15 01:48,99.15,5.91
2026-04-15 01:48,89.4,6.37
2026-04-15 01:48,86.83,6.1
2026-04-15 01:48,95.6,6.98
2026-04-15 01:48,88.36,6.32
2026-04-15 01:48,98.56,5.66
2026-04-15 01:48,92.47,6.19
2026-04-15 01:48,89.81,6.12
2026-04-15 01:48,94.92,5.77
2026-04-15 01:48,87.49,6.36
2026-04-15 01:48,105.12,6.64
2026-04-15 01:48,86.84,6.73
2026-04-15 01:48,87.21,7.49
2026-04-15 01:48,90.22,7.34
2026-04-15 01:48,92.66,5.91
2026-04-15 01:49,86.31,6.23
2026-04-15 01:49,84.03,7.58
2026-04-15 01:49,88.33,7.34
2026-04-15 01:49,103.33,5.5
2026-04-15 01:49,83.41,6.83
2026-04-15 01:49,95,6.9
2026-04-15 01:49,92.88,6.08
2026-04-15 01:49,100.61,5.73
2026-04-15 01:49,85.85,6.47
2026-04-15 01:49,86.22,6.1
2026-04-15 01:49,86.25,7.51
2026-04-15 01:49,84.53,7.53
2026-04-15 01:49,104.14,6.6
2026-04-15 01:49,94.44,6.31
2026-04-15 01:49,106.82,5.63
2026-04-15 01:49,84.92,6.92
2026-04-15 01:49,88.26,7.21
2026-04-15 01:49,87.17,6.1
2026-04-15 01:49,93.48,7.19
2026-04-15 01:49,88.09,6.2
2026-04-15 01:49,86.76,6.05
2026-04-15 01:49,91.18,7.19
2026-04-15 01:49,86.87,6.22
2026-04-15 01:49,84.04,7.67
2026-04-15 01:49,87.05,7.34
2026-04-15 01:49,82.34,7.73
2026-04-15 01:49,105.52,6.42
2026-04-15 01:49,111.46,5.8
2026-04-15 01:49,87.91,7
2026-04-15 01:49,87.21,7.53
2026-04-15 01:49,88.69,7.44
2026-04-15 01:49,88.84,5.95
2026-04-15 01:49,86.75,6.12
2026-04-15 01:49,87.99,7.43
2026-04-15 01:49,90.6,5.91
2026-04-15 01:49,86.06,6.18
2026-04-15 01:49,87.54,7.39
2026-04-15 01:49,88.71,7.46
2026-04-15 01:49,88.24,6.02
2026-04-15 01:49,87.64,6.02
2026-04-15 01:49,87.96,7.45
2026-04-15 01:49,109.95,5.3
2026-04-15 01:49,84.63,7.11
2026-04-15 01:49,82.61,7.62
2026-04-15 01:49,85.27,7.36
2026-04-15 01:49,84.3,7.56
2026-04-15 01:49,86.3,7.4
2026-04-15 01:49,84.51,7.6
2026-04-15 01:49,85.76,7.31
2026-04-15 01:49,99.8,6.89
2026-04-15 01:49,82.89,6.68
2026-04-15 01:49,84.83,7.4
2026-04-15 01:49,83.54,7.58
2026-04-15 01:49,93,7
2026-04-15 01:49,82.36,6.27
2026-04-15 01:49,89.95,7.29
2026-04-15 01:49,87.42,6.09
2026-04-15 01:49,83.86,7.69
2026-04-15 01:49,84.41,7.5
2026-04-15 01:49,84.77,7.49
2026-04-15 01:49,105.57,6.49
2026-04-15 01:49,92.67,6.48
2026-04-15 01:49,102.9,5.66
2026-04-15 01:49,83.63,6.81
2026-04-15 01:49,92.7,7.02
2026-04-15 01:49,83.84,6.33
2026-04-15 01:49,83.68,7.54
2026-04-15 01:49,87.74,7.27
2026-04-15 01:49,93.99,7.16
2026-04-15 01:49,93.02,6.04
2026-04-15 01:49,85.13,6.31
2026-04-15 01:49,85.86,7.46
2026-04-15 01:49,84.39,7.57
2026-04-15 01:49,83.65,7.57
2026-04-15 01:49,84.87,7.44
2026-04-15 01:49,84.8,7.51
2026-04-15 01:49,84.88,7.49
2026-04-15 01:49,95.66,6.95
2026-04-15 01:49,99.25,5.84
2026-04-15 01:49,83.6,6.67
2026-04-15 01:49,84.53,7.34
2026-04-15 01:49,112.57,6.28
2026-04-15 01:49,96.07,6.64
2026-04-15 01:49,86.23,6.4
2026-04-15 01:49,95.26,7.03
2026-04-15 01:49,87.82,6.27
2026-04-15 01:49,89.24,7.43
2026-04-15 01:49,93.38,5.86
2026-04-15 01:49,83.11,6.4
2026-04-15 01:49,86.05,7.34
2026-04-15 01:49,92.72,7.13
2026-04-15 01:49,88.31,6.18
2026-04-15 01:49,84.51,7.73
2026-04-15 01:49,84.82,7.48
2026-04-15 01:49,91.01,7.18
2026-04-15 01:49,86.87,6.08
2026-04-15 01:49,84.05,7.6
2026-04-15 01:49,93.48,7.17
2026-04-15 01:49,112.68,5.38
2026-04-15 01:49,95.94,6.67
2026-04-15 01:49,89.65,6.24
2026-04-15 01:49,109.72,5.36
2026-04-15 01:49,100.76,6.35
2026-04-15 01:49,83.97,6.68
2026-04-15 01:49,84.77,7.44
2026-04-15 01:49,115.37,6.11
2026-04-15 01:49,110.01,6.21
2026-04-15 01:49,90.65,6.79
2026-04-15 01:49,84.9,6.22
2026-04-15 01:49,90.6,7.19
2026-04-15 01:49,101.65,5.62
2026-04-15 01:49,82.69,6.77
2026-04-15 01:49,95.13,6.85
2026-04-15 01:49,90.89,6.19
2026-04-15 01:49,87.45,6.13
2026-04-15 01:49,94.74,7.11
2026-04-15 01:49,84.74,6.39
2026-04-15 01:49,85.26,7.47
2026-04-15 01:49,85.57,7.48
2026-04-15 01:49,85.94,7.48
2026-04-15 01:49,91.93,7.18
2026-04-15 01:49,106.05,5.54
2026-04-15 01:49,106.34,5.99
2026-04-15 01:49,91.5,6.59
2026-04-15 01:49,87.89,6.13
2026-04-15 01:49,86.14,7.49
2026-04-15 01:49,84.71,7.68
2026-04-15 01:49,99.48,6.77
2026-04-15 01:49,82.56,6.68
2026-04-15 01:49,89.28,7.14
2026-04-15 01:49,83.42,6.22
2026-04-15 01:49,85.09,7.41
2026-04-15 01:49,86.04,7.45
2026-04-15 01:49,88.2,7.28
2026-04-15 01:49,88.84,6.05
2026-04-15 01:49,83.89,6.19
2026-04-15 01:49,82.44,7.58
2026-04-15 01:49,83.94,7.41
2026-04-15 01:49,97.13,6.83
2026-04-15 01:49,82.59,6.58
2026-04-15 01:49,102.22,6.47
2026-04-15 01:49,83.16,6.86
2026-04-15 01:49,105.47,6.43
2026-04-15 01:49,97.85,6.28
2026-04-15 01:49,92.92,6.19
2026-04-15 01:49,83.9,6.34
2026-04-15 01:49,84.54,7.48
2026-04-15 01:49,82.85,7.58
2026-04-15 01:49,85.2,7.38
2026-04-15 01:49,107.36,6.44
2026-04-15 01:49,89.23,6.74
2026-04-15 01:49,87.5,6.06
2026-04-15 01:49,82.55,7.8
2026-04-15 01:49,94.32,6.89
2026-04-15 01:49,92.78,6.06
2026-04-15 01:49,81.85,6.42
2026-04-15 01:49,82.73,7.38
2026-04-15 01:49,93.79,6.98
2026-04-15 01:49,92.28,6.08
2026-04-15 01:49,86.07,6.23
2026-04-15 01:49,87.16,7.46
2026-04-15 01:49,113.55,6.25
2026-04-15 01:49,95.05,6.75
2026-04-15 01:49,95.4,5.99
2026-04-15 01:49,88.68,6.26
2026-04-15 01:49,85.21,6.14
2026-04-15 01:49,83.6,7.6
2026-04-15 01:49,89.11,7.21
2026-04-15 01:49,90.53,5.94
2026-04-15 01:49,83.2,6.29
2026-04-15 01:49,85.93,7.35
2026-04-15 01:49,85.05,7.56
2026-04-15 01:49,98.08,6.84
2026-04-15 01:49,128.24,5.07
2026-04-15 01:49,83.88,6.43
2026-04-15 01:49,84.99,7.44
2026-04-15 01:49,107.8,6.42
2026-04-15 01:49,89.61,6.74
2026-04-15 01:49,102.73,5.56
2026-04-15 01:49,93.83,6.34
2026-04-15 01:49,85.61,6.32
2026-04-15 01:49,86.5,7.44
2026-04-15 01:49,95.8,7.02
2026-04-15 01:49,91.28,6.17
2026-04-15 01:49,88.24,6.12
2026-04-15 01:49,86.68,6.05
2026-04-15 01:49,87.63,7.46
2026-04-15 01:49,87.88,5.98
2026-04-15 01:49,88.35,6
2026-04-15 01:49,89.12,5.97
2026-04-15 01:49,87.77,6.05
2026-04-15 01:49,301.62,2.88
2026-04-15 01:49,121.78,5.16
2026-04-15 01:49,103.22,5.73
2026-04-15 01:49,86.3,6.71
2026-04-15 01:49,87.41,7.42
2026-04-15 01:49,85.47,7.63
2026-04-15 01:49,116.23,6.1
2026-04-15 01:49,93.22,6.96
2026-04-15 01:49,93.73,5.98
2026-04-15 01:49,87,6.26
2026-04-15 01:49,88.72,7.4
2026-04-15 01:49,97.21,7.06
2026-04-15 01:49,86.14,6.33
2026-04-15 01:49,87.68,6.04
2026-04-15 01:49,86.37,7.51
2026-04-15 01:49,84.94,7.65
2026-04-15 01:49,93.42,7
2026-04-15 01:49,94.78,5.99
2026-04-15 01:49,89.04,6.17
2026-04-15 01:49,87.54,6.07
2026-04-15 01:49,87.06,7.59
2026-04-15 01:49,85.98,7.57
2026-04-15 01:49,100.95,6.75
2026-04-15 01:49,87.49,6.53
2026-04-15 01:49,89.18,7.41
2026-04-15 01:49,87.23,6.07
2026-04-15 01:49,88.14,7.45
2026-04-15 01:49,87.28,6.03
2026-04-15 01:49,94.66,7.12
2026-04-15 01:49,87.93,6.25
2026-04-15 01:49,85.62,6.05
2026-04-15 01:49,85.36,7.58
2026-04-15 01:49,87.33,7.4
2026-04-15 01:49,86.04,7.59
2026-04-15 01:49,94.66,7.04
2026-04-15 01:49,84.84,6.39
2026-04-15 01:49,95.63,6.93
2026-04-15 01:49,84.97,6.41
2026-04-15 01:49,99.04,6.79
2026-04-15 01:49,84.81,6.56
2026-04-15 01:49,83.37,7.6
2026-04-15 01:49,85.72,7.31
2026-04-15 01:49,88.47,7.35
2026-04-15 01:49,87.31,6.09
2026-04-15 01:49,93.55,7.11
2026-04-15 01:49,107.87,5.56
2026-04-15 01:49,84.03,7
2026-04-15 01:49,112.63,6.13
2026-04-15 01:49,85.51,7.21
2026-04-15 01:49,82.62,7.68
2026-04-15 01:49,84.77,7.38
2026-04-15 01:49,91.07,7.18
2026-04-15 01:49,87.22,6.1
2026-04-15 01:49,106.28,6.61
2026-04-15 01:49,95.37,6.36
2026-04-15 01:49,98.56,5.91
2026-04-15 01:49,95.56,6.03
2026-04-15 01:49,95.45,6.09
2026-04-15 01:49,91.19,6.2
2026-04-15 01:49,102.25,5.63
2026-04-15 01:49,91.82,6.4
2026-04-15 01:49,87.86,6.11
2026-04-15 01:49,106.72,5.42
2026-04-15 01:49,88.05,6.72
2026-04-15 01:49,90.61,7.37
2026-04-15 01:49,95.25,5.76
2026-04-15 01:49,95.74,6.07
2026-04-15 01:49,87.7,6.31
2026-04-15 01:49,85.57,7.61
2026-04-15 01:49,120.27,4.98
2026-04-15 01:49,94.43,5.74
2026-04-15 01:49,86.17,6.31
2026-04-15 01:49,83.46,7.66
2026-04-15 01:49,99.42,6.71
2026-04-15 01:49,88.21,6.38
2026-04-15 01:49,84.41,6.23
2026-04-15 01:49,112.26,6.17
2026-04-15 01:49,90.7,6.95
2026-04-15 01:49,95.88,5.78
2026-04-15 01:49,105.21,5.72
2026-04-15 01:49,92.55,6.5
2026-04-15 01:49,100.42,5.73
2026-04-15 01:49,83.64,6.69
2026-04-15 01:49,95.25,6.89
2026-04-15 01:49,82.88,6.48
2026-04-15 01:49,94.49,6.87
2026-04-15 01:49,124.04,5.04
2026-04-15 01:49,90.51,6.11
2026-04-15 01:49,85.5,6.2
2026-04-15 01:49,88.69,7.33
2026-04-15 01:49,84.64,6.15
2026-04-15 01:49,86.24,7.35
2026-04-15 01:49,86.32,7.56
2026-04-15 01:49,97,6.94
2026-04-15 01:49,93.54,6.13
2026-04-15 01:49,106.27,5.52
2026-04-15 01:49,88.99,6.77
2026-04-15 01:49,89.23,6
2026-04-15 01:49,105.27,5.44
2026-04-15 01:49,84.89,6.88
2026-04-15 01:49,92.6,7.1
2026-04-15 01:49,90.61,6.07
2026-04-15 01:49,83.1,6.29
2026-04-15 01:49,87.35,7.26
2026-04-15 01:49,84.26,7.69
2026-04-15 01:49,97.44,6.82
2026-04-15 01:49,127.39,5.08
2026-04-15 01:49,91.24,6.13
2026-04-15 01:49,146.11,4.52
2026-04-15 01:49,111.68,6.04
2026-04-15 01:49,83.7,7.15
2026-04-15 01:49,82.5,7.65
2026-04-15 01:49,86.44,7.27
2026-04-15 01:49,83.01,6.14
2026-04-15 01:49,87.84,7.25
2026-04-15 01:49,88.68,7.46
2026-04-15 01:49,98.81,5.64
2026-04-15 01:49,95.35,6.15
2026-04-15 01:49,93.37,6
2026-04-15 01:49,87.81,6.29
2026-04-15 01:49,101.62,6.81
2026-04-15 01:49,83.22,6.74
2026-04-15 01:49,83.83,7.47
2026-04-15 01:49,83.09,7.55
2026-04-15 01:49,88.23,7.13
2026-04-15 01:49,85.78,6.16
2026-04-15 01:49,93.91,7.04
2026-04-15 01:49,85.71,6.29
2026-04-15 01:49,86.21,7.53
2026-04-15 01:49,86.26,7.52
2026-04-15 01:49,82.68,7.7
2026-04-15 01:49,106.04,6.39
2026-04-15 01:49,91.91,6.56
2026-04-15 01:49,104.93,5.57
2026-04-15 01:49,85.33,6.8
2026-04-15 01:49,89.7,7.24
2026-04-15 01:49,85.24,6.19
2026-04-15 01:49,85.56,7.43
2026-04-15 01:49,86.86,7.49
2026-04-15 01:49,90.25,7.25
2026-04-15 01:49,120.47,5.08
2026-04-15 01:49,87.36,7.56
2026-04-15 01:49,88.25,7.45
2026-04-15 01:49,92.53,7.26
2026-04-15 01:49,104.03,5.62
2026-04-15 01:49,87.84,6.65
2026-04-15 01:49,101.25,6.74
2026-04-15 01:49,87.49,6.61
2026-04-15 01:49,96.03,7.05
2026-04-15 01:49,86.66,6.31
2026-04-15 01:49,87.77,7.41
2026-04-15 01:49,116.35,5.14
2026-04-15 01:49,83.64,7.53
2026-04-15 01:49,87.57,7.29
2026-04-15 01:49,90.85,7.33
2026-04-15 01:49,97.3,5.73
2026-04-15 01:49,84.57,6.51
2026-04-15 01:49,88.8,7.28
2026-04-15 01:49,96.15,5.79
2026-04-15 01:49,85.58,6.35
2026-04-15 01:49,83.54,7.43
2026-04-15 01:49,86.24,7.56
2026-04-15 01:49,86.48,7.48
2026-04-15 01:49,89.15,7.34
2026-04-15 01:49,85.99,6.14
2026-04-15 01:49,99.62,6.86
2026-04-15 01:49,86.41,6.45
2026-04-15 01:49,84.89,7.4
2026-04-15 01:49,86.49,6.06
2026-04-15 01:49,85.89,7.56
2026-04-15 01:49,84.94,7.33
2026-04-15 01:49,94.5,5.76
2026-04-15 01:49,83.6,6.47
2026-04-15 01:49,90.13,7.17
2026-04-15 01:49,87.57,6.01
2026-04-15 01:49,99.46,5.68
2026-04-15 01:49,85.79,6.53
2026-04-15 01:49,86.49,7.41
2026-04-15 01:49,95.56,7.08
2026-04-15 01:49,88.3,6.31
2026-04-15 01:49,83.81,6.18
2026-04-15 01:49,84.39,7.39
2026-04-15 01:49,84.63,7.5
2026-04-15 01:49,84.98,7.49
2026-04-15 01:49,86.5,7.43
2026-04-15 01:49,86.02,6.02
2026-04-15 01:49,93.53,7.09
2026-04-15 01:49,102.34,5.71
2026-04-15 01:49,85.27,6.74
2026-04-15 01:49,83.57,7.53
2026-04-15 01:49,86.42,7.41
2026-04-15 01:49,82.89,7.66
2026-04-15 01:49,83.88,7.44
2026-04-15 01:49,103.31,6.56
2026-04-15 01:49,85,6.74
2026-04-15 01:49,86.39,7.43
2026-04-15 01:49,95.72,7.01
2026-04-15 01:49,84.92,6.46
2026-04-15 01:49,121.42,5.89
2026-04-15 01:49,84.81,7.63
2026-04-15 01:49,93.32,7.05
2026-04-15 01:49,89.28,6.15
2026-04-15 01:49,86.27,6.11
2026-04-15 01:49,84.5,7.6
2026-04-15 01:49,85.17,7.46
2026-04-15 01:50,90.53,7.22
2026-04-15 01:50,85.08,6.2
2026-04-15 01:50,95.15,6.97
2026-04-15 01:50,88.56,6.3
2026-04-15 01:50,87.22,7.52
2026-04-15 01:50,86.8,7.53
2026-04-15 01:50,99.51,6.85
2026-04-15 01:50,96.42,6.12
2026-04-15 01:50,84.75,6.36
2026-04-15 01:50,94.95,7.09
2026-04-15 01:50,88.24,6.25
2026-04-15 01:50,86.04,6.08
2026-04-15 01:50,86.48,7.48
2026-04-15 01:50,103.21,6.67
2026-04-15 01:50,92.76,6.39
2026-04-15 01:50,96.77,5.87
2026-04-15 01:50,84.67,6.47
2026-04-15 01:50,87.71,7.34
2026-04-15 01:50,93.54,7.19
2026-04-15 01:50,134.06,4.86
2026-04-15 01:50,94.75,6.23
2026-04-15 01:50,112.35,5.38
2026-04-15 01:50,93.15,6.85
2026-04-15 01:50,86.66,6.13
2026-04-15 01:50,86.96,6.11
2026-04-15 01:50,85.7,7.56
2026-04-15 01:50,103.57,6.64
2026-04-15 01:50,87.41,6.56
2026-04-15 01:50,98.69,5.69
2026-04-15 01:50,84.65,6.56
2026-04-15 01:50,83.28,7.43
2026-04-15 01:50,85.03,7.55
2026-04-15 01:50,84.22,7.54
2026-04-15 01:50,90.58,7.17
2026-04-15 01:50,87.52,6.09
2026-04-15 01:50,85.71,6.08
2026-04-15 01:50,84.85,7.57
2026-04-15 01:50,94.49,7
2026-04-15 01:50,82.72,6.46
2026-04-15 01:50,83,7.49
2026-04-15 01:50,82.09,7.55
2026-04-15 01:50,84.49,7.35
2026-04-15 01:50,90.53,7.2
2026-04-15 01:50,85.31,6.13
2026-04-15 01:50,82.42,7.77
2026-04-15 01:50,86.25,7.29
2026-04-15 01:50,83.36,7.61
2026-04-15 01:50,83.09,7.52
2026-04-15 01:50,84.99,7.45
2026-04-15 01:50,86.26,7.38
2026-04-15 01:50,83.53,7.65
2026-04-15 01:50,84.38,7.45
2026-04-15 01:50,85.3,7.47
2026-04-15 01:50,84.19,7.62
2026-04-15 01:50,84.5,7.48
2026-04-15 01:50,84.39,7.45
2026-04-15 01:50,82.48,7.61
2026-04-15 01:50,86.39,7.35
2026-04-15 01:50,83.4,7.68
2026-04-15 01:50,84.17,7.39
2026-04-15 01:50,82.79,7.65
2026-04-15 01:50,87.3,7.26
2026-04-15 01:50,98.19,6.94
2026-04-15 01:50,83.1,6.59
2026-04-15 01:50,100.31,6.65
2026-04-15 01:50,115.84,5.49
2026-04-15 01:50,86.05,7.3
2026-04-15 01:50,102.61,6.67
2026-04-15 01:50,85.66,6.63
2026-04-15 01:50,84.16,7.45
2026-04-15 01:50,84.13,7.68
2026-04-15 01:50,84.44,7.52
2026-04-15 01:50,85.89,7.43
2026-04-15 01:50,93.21,7.1
2026-04-15 01:50,87.61,6.22
2026-04-15 01:50,85.05,7.37
2026-04-15 01:50,85.34,6.17
2026-04-15 01:50,87.05,7.4
2026-04-15 01:50,85.3,7.6
2026-04-15 01:50,87.02,7.42
2026-04-15 01:50,92.51,7.19
2026-04-15 01:50,109.75,5.44
2026-04-15 01:50,87.22,6.94
2026-04-15 01:50,84.47,7.66
2026-04-15 01:50,85.79,7.43
2026-04-15 01:50,87.11,7.43
2026-04-15 01:50,84.58,7.66
2026-04-15 01:50,89.43,7.23
2026-04-15 01:50,107.34,5.42
2026-04-15 01:50,89.83,6.71
2026-04-15 01:50,88.98,6.03
2026-04-15 01:50,86.07,6.04
2026-04-15 01:50,87.99,7.49
2026-04-15 01:50,90.2,7.38
2026-04-15 01:50,95.61,5.81
2026-04-15 01:50,90.82,6.19
2026-04-15 01:50,112.65,5.27
2026-04-15 01:50,103.89,6.38
2026-04-15 01:50,85.13,6.71
2026-04-15 01:50,85.75,7.52
2026-04-15 01:50,84.22,7.61
2026-04-15 01:50,87.1,7.34
2026-04-15 01:50,83.14,7.75
2026-04-15 01:50,91.88,7.04
2026-04-15 01:50,92.12,5.99
2026-04-15 01:50,87.99,6.16
2026-04-15 01:50,84.26,7.71
2026-04-15 01:50,84.67,7.4
2026-04-15 01:50,87.97,7.41
2026-04-15 01:50,91.77,5.87
2026-04-15 01:50,84.51,6.28
2026-04-15 01:50,92.36,7.08
2026-04-15 01:50,91.79,6.02
2026-04-15 01:50,87.87,6.08
2026-04-15 01:50,85.37,6.16
2026-04-15 01:50,86.01,7.47
2026-04-15 01:50,86.88,7.46
2026-04-15 01:50,86.2,7.53
2026-04-15 01:50,85.6,7.5
2026-04-15 01:50,97.01,6.93
2026-04-15 01:50,85.86,6.44
2026-04-15 01:50,87.44,7.42
2026-04-15 01:50,87.14,7.49
2026-04-15 01:50,87.88,7.48
2026-04-15 01:50,88.36,5.99
2026-04-15 01:50,89.69,5.95
2026-04-15 01:50,86.86,6.11
2026-04-15 01:50,83.92,7.67
2026-04-15 01:50,83.94,7.49
2026-04-15 01:50,92.26,7.07
2026-04-15 01:50,102.78,5.57
2026-04-15 01:50,84.12,6.88
2026-04-15 01:50,83.25,7.54
2026-04-15 01:50,86.82,7.32
2026-04-15 01:50,84.81,7.6
2026-04-15 01:50,86.8,7.4
2026-04-15 01:50,89.07,7.38
2026-04-15 01:50,100.64,5.61
2026-04-15 01:50,83.63,6.69
2026-04-15 01:50,89.13,7.2
2026-04-15 01:50,95.86,5.76
2026-04-15 01:50,93.56,6.1
2026-04-15 01:50,94.6,5.96
2026-04-15 01:50,84.98,6.38
2026-04-15 01:50,89.34,7.27
2026-04-15 01:50,86.56,6.06
2026-04-15 01:50,84.51,7.69
2026-04-15 01:50,84.02,7.52
2026-04-15 01:50,83.92,7.51
2026-04-15 01:50,85.14,7.44
2026-04-15 01:50,84.65,7.52
2026-04-15 01:50,84.75,7.51
2026-04-15 01:50,98.17,6.81
2026-04-15 01:50,85.28,6.46
2026-04-15 01:50,85.47,7.55
2026-04-15 01:50,94.09,7.05
2026-04-15 01:50,86.51,6.09
2026-04-15 01:50,86.26,6.2
2026-04-15 01:50,98.72,6.85
2026-04-15 01:50,114.17,5.5
2026-04-15 01:50,99.83,6.57
2026-04-15 01:50,110.15,5.65
2026-04-15 01:50,87.76,6.93
2026-04-15 01:50,90.37,7.32
2026-04-15 01:50,94.64,5.88
2026-04-15 01:50,87.17,6.29
2026-04-15 01:50,83.5,7.72
2026-04-15 01:50,310.27,2.78
2026-04-15 01:50,112.62,5.92
2026-04-15 01:50,84.45,7.22
2026-04-15 01:50,84.18,7.45
2026-04-15 01:50,85.31,7.48
2026-04-15 01:50,85.36,7.54
2026-04-15 01:50,84.62,7.54
2026-04-15 01:50,85.33,7.46
2026-04-15 01:50,85.84,7.49
2026-04-15 01:50,87.26,7.42
2026-04-15 01:50,85.99,7.59
2026-04-15 01:50,93.44,7.1
2026-04-15 01:50,84.9,6.25
2026-04-15 01:50,86.78,7.5
2026-04-15 01:50,95.43,7.04
2026-04-15 01:50,84.19,6.43
2026-04-15 01:50,83.7,7.55
2026-04-15 01:50,83.66,7.5
2026-04-15 01:50,84.52,7.46
2026-04-15 01:50,84.16,7.52
2026-04-15 01:50,92.68,7.05
2026-04-15 01:50,83.7,6.35
2026-04-15 01:50,88.29,7.25
2026-04-15 01:50,96.37,5.73
2026-04-15 01:50,100.63,5.85
2026-04-15 01:50,98.28,6.08
2026-04-15 01:50,87.66,6.43
2026-04-15 01:50,86.91,7.54
2026-04-15 01:50,87.13,7.48
2026-04-15 01:50,87.88,7.46
2026-04-15 01:50,85.66,6.08
2026-04-15 01:50,85.92,7.5
2026-04-15 01:50,91.28,7.21
2026-04-15 01:50,88.11,6.11
2026-04-15 01:50,87.86,6.02
2026-04-15 01:50,88.62,7.47
2026-04-15 01:50,87.13,6.05
2026-04-15 01:50,87.69,7.48
2026-04-15 01:50,89.16,5.95
2026-04-15 01:50,89.55,5.98
2026-04-15 01:50,92.81,5.89
2026-04-15 01:50,88.5,6.16
2026-04-15 01:50,86.36,6.08
2026-04-15 01:50,85.13,7.56
2026-04-15 01:50,86.88,7.42
2026-04-15 01:50,91.56,7.25
2026-04-15 01:50,87.87,6.14
2026-04-15 01:50,87.02,7.53
2026-04-15 01:50,86.87,7.51
2026-04-15 01:50,86.8,7.53
2026-04-15 01:50,88.41,7.35
2026-04-15 01:50,92.52,5.89
2026-04-15 01:50,91.67,5.97
2026-04-15 01:50,87.89,6.22
2026-04-15 01:50,86.18,6.07
2026-04-15 01:50,86.1,7.49
2026-04-15 01:50,88.55,7.39
2026-04-15 01:50,98.84,5.65
2026-04-15 01:50,88.16,6.42
2026-04-15 01:50,86.94,6.04
2026-04-15 01:50,88.53,7.42
2026-04-15 01:50,89.44,5.97
2026-04-15 01:50,87.26,6.08
2026-04-15 01:50,86.52,7.47
2026-04-15 01:50,91.14,7.33
2026-04-15 01:50,100.22,5.63
2026-04-15 01:50,86.04,6.59
2026-04-15 01:50,85.49,7.48
2026-04-15 01:50,92.04,7.26
2026-04-15 01:50,91.79,6.01
2026-04-15 01:50,107.37,5.49
2026-04-15 01:50,98.89,6.33
2026-04-15 01:50,84.94,6.55
2026-04-15 01:50,105.5,6.49
2026-04-15 01:50,91.14,6.58
2026-04-15 01:50,88.49,6.06
2026-04-15 01:50,86.29,6.13
2026-04-15 01:50,87.76,7.42
2026-04-15 01:50,92.96,5.82
2026-04-15 01:50,90.85,6.08
2026-04-15 01:50,88.46,6.09
2026-04-15 01:50,85.17,7.69
2026-04-15 01:50,93.68,7.06
2026-04-15 01:50,85.07,6.27
2026-04-15 01:50,99.65,6.83
2026-04-15 01:50,107.12,5.74
2026-04-15 01:50,84.12,6.94
2026-04-15 01:50,85.08,7.45
2026-04-15 01:50,90.41,7.25
2026-04-15 01:50,90.6,5.99
2026-04-15 01:50,83.48,6.22
2026-04-15 01:50,96.05,6.85
2026-04-15 01:50,86.82,6.41
2026-04-15 01:50,86.37,7.47
2026-04-15 01:50,91.45,5.86
2026-04-15 01:50,107.8,5.47
2026-04-15 01:50,110.77,5.9
2026-04-15 01:50,93.19,6.71
2026-04-15 01:50,86.08,6.27
2026-04-15 01:50,91.01,7.24
2026-04-15 01:50,86.43,6.13
2026-04-15 01:50,91.83,7.27
2026-04-15 01:50,84.4,6.28
2026-04-15 01:50,84.8,7.49
2026-04-15 01:50,86.39,7.42
2026-04-15 01:50,82.91,7.71
2026-04-15 01:50,83.44,7.47
2026-04-15 01:50,83.1,7.44
2026-04-15 01:50,84.17,7.54
2026-04-15 01:50,85.97,7.38
2026-04-15 01:50,84.81,7.59
2026-04-15 01:50,82.53,7.62
2026-04-15 01:50,85.43,7.35
2026-04-15 01:50,83.07,7.63
2026-04-15 01:50,84.31,7.45
2026-04-15 01:50,104.79,6.47
2026-04-15 01:50,99.34,6.23
2026-04-15 01:50,86.75,6.48
2026-04-15 01:50,85.49,7.59
2026-04-15 01:50,87.32,7.37
2026-04-15 01:50,96.61,7.01
2026-04-15 01:50,83.85,6.52
2026-04-15 01:50,82.59,7.57
2026-04-15 01:50,94.47,6.89
2026-04-15 01:50,85.71,6.28
2026-04-15 01:50,88.64,7.42
2026-04-15 01:50,91.93,5.88
2026-04-15 01:50,86.6,6.16
2026-04-15 01:50,93.6,7.18
2026-04-15 01:50,94.35,5.97
2026-04-15 01:50,91.49,6.11
2026-04-15 01:50,89.26,6.08
2026-04-15 01:50,97.46,5.73
2026-04-15 01:50,97.56,6
2026-04-15 01:50,87.05,6.4
2026-04-15 01:50,87.03,7.51
2026-04-15 01:50,99.02,6.89
2026-04-15 01:50,88.9,6.39
2026-04-15 01:50,85.96,6.11
2026-04-15 01:50,91.22,7.18
2026-04-15 01:50,87.78,6.16
2026-04-15 01:50,85.53,7.5
2026-04-15 01:50,91.19,7.31
2026-04-15 01:50,103.86,5.58
2026-04-15 01:50,97.41,6.25
2026-04-15 01:50,87.22,6.38
2026-04-15 01:50,100.94,6.82
2026-04-15 01:50,86.66,6.56
2026-04-15 01:50,96.94,6.97
2026-04-15 01:50,86.47,6.4
2026-04-15 01:50,87.42,7.44
2026-04-15 01:50,97.22,5.67
2026-04-15 01:50,88.12,6.34
2026-04-15 01:50,110.71,5.29
2026-04-15 01:50,86.68,6.87
2026-04-15 01:50,89.16,5.8
2026-04-15 01:50,103.1,5.74
2026-04-15 01:50,93.96,6.36
2026-04-15 01:50,92.97,6.03
2026-04-15 01:50,87.42,6.22
2026-04-15 01:50,87.27,7.5
2026-04-15 01:50,106.44,5.38
2026-04-15 01:50,93.93,6.5
2026-04-15 01:50,83.49,6.4
2026-04-15 01:50,108.37,6.32
2026-04-15 01:50,97.11,6.44
2026-04-15 01:50,84.79,6.47
2026-04-15 01:50,84.78,7.45
2026-04-15 01:50,85.7,7.52
2026-04-15 01:50,93.6,7.09
2026-04-15 01:50,87.41,6.2
2026-04-15 01:50,86.56,6.06
2026-04-15 01:50,85.5,7.58
2026-04-15 01:50,84.64,7.54
2026-04-15 01:50,94.7,6.98
2026-04-15 01:50,86.11,6.33
2026-04-15 01:50,89.59,7.29
2026-04-15 01:50,101.32,5.62
2026-04-15 01:50,87.97,6.49
2026-04-15 01:50,86.05,6.11
2026-04-15 01:50,84.06,7.61
2026-04-15 01:50,91.88,7.03
2026-04-15 01:50,87.68,6.2
2026-04-15 01:50,86.22,7.58
2026-04-15 01:50,87.4,7.44
2026-04-15 01:50,86.11,7.58
2026-04-15 01:50,84.48,7.59
2026-04-15 01:50,113.49,6.15
2026-04-15 01:50,84.17,7.3
2026-04-15 01:50,85.57,7.43
2026-04-15 01:50,93.51,7.06
2026-04-15 01:50,86.05,6.3
2026-04-15 01:50,86.27,7.49
2026-04-15 01:50,109.06,6.41
2026-04-15 01:50,96,6.51
2026-04-15 01:50,94.69,6.05
2026-04-15 01:50,85.83,6.28
2026-04-15 01:50,83.51,7.73
2026-04-15 01:50,105.86,6.41
2026-04-15 01:50,87.44,6.76
2026-04-15 01:50,87.63,7.5
2026-04-15 01:50,89.84,7.37
2026-04-15 01:50,88.83,6.05
2026-04-15 01:50,88.25,6.02
2026-04-15 01:50,86.98,6.04
2026-04-15 01:50,86.54,7.53
2026-04-15 01:50,86.36,7.41
2026-04-15 01:50,86.84,6.05
2026-04-15 01:50,85.18,7.6
2026-04-15 01:50,84.7,7.53
2026-04-15 01:50,102.08,6.64
2026-04-15 01:50,97.27,6.18
2026-04-15 01:50,100.22,5.9
2026-04-15 01:50,104.59,5.85
2026-04-15 01:50,85.81,6.76
2026-04-15 01:50,89.49,7.29
2026-04-15 01:50,90.82,5.95
2026-04-15 01:50,89.97,6.05
2026-04-15 01:50,87.04,6.11
2026-04-15 01:50,84.95,7.51
2026-04-15 01:50,92.18,7.21
2026-04-15 01:50,94.92,5.9
2026-04-15 01:50,87.16,6.3
2026-04-15 01:50,87.08,7.51
2026-04-15 01:50,89.52,7.38
2026-04-15 01:50,85.21,6.16
2026-04-15 01:50,85.18,7.51
2026-04-15 01:50,86.39,7.43
2026-04-15 01:50,85.97,7.53
2026-04-15 01:50,95.94,6.94
2026-04-15 01:50,85.28,6.43
2026-04-15 01:50,86.42,7.45
2026-04-15 01:50,90.93,7.26
2026-04-15 01:50,83.73,6.27
2026-04-15 01:50,83.08,7.54
2026-04-15 01:50,84.86,7.35
2026-04-15 01:51,86.74,7.45
2026-04-15 01:51,93.94,7.12
2026-04-15 01:51,85.86,6.31
2026-04-15 01:51,85.63,7.33
2026-04-15 01:51,84.99,6.15
2026-04-15 01:51,86.23,7.44
2026-04-15 01:51,112.49,6.26
2026-04-15 01:51,83.19,7.29
2026-04-15 01:51,82.28,7.53
2026-04-15 01:51,100.02,6.64
2026-04-15 01:51,87.9,6.48
2026-04-15 01:51,82.97,7.79
2026-04-15 01:51,83.46,7.46
2026-04-15 01:51,85.16,7.42
2026-04-15 01:51,82.81,7.66
2026-04-15 01:51,88.02,7.2
2026-04-15 01:51,100.19,5.6
2026-04-15 01:51,85.57,6.58
2026-04-15 01:51,85.01,7.53
2026-04-15 01:51,93.4,7.06
2026-04-15 01:51,109.23,5.48
2026-04-15 01:51,86.81,6.93
2026-04-15 01:51,85.17,7.6
2026-04-15 01:51,95.66,6.95
2026-04-15 01:51,83.95,6.47
2026-04-15 01:51,84.32,7.48
2026-04-15 01:51,84.62,7.46
2026-04-15 01:51,87.14,7.39
2026-04-15 01:51,84.8,7.63
2026-04-15 01:51,85,7.49
2026-04-15 01:51,85.3,7.48
2026-04-15 01:51,82.62,7.67
2026-04-15 01:51,85.38,7.35
2026-04-15 01:51,84.06,7.57
2026-04-15 01:51,86.73,7.36
2026-04-15 01:51,90.04,7.32
2026-04-15 01:51,103.48,5.56
2026-04-15 01:51,88.07,6.61
2026-04-15 01:51,86.55,6.02
2026-04-15 01:51,95.01,7.11
2026-04-15 01:51,88,6.27
2026-04-15 01:51,84.97,6.11
2026-04-15 01:51,82.88,7.62
2026-04-15 01:51,83.94,7.45
2026-04-15 01:51,84.65,7.46
2026-04-15 01:51,83.59,7.57
2026-04-15 01:51,84.5,7.37
2026-04-15 01:51,83.13,7.67
2026-04-15 01:51,82.44,7.54
2026-04-15 01:51,93.47,6.91
2026-04-15 01:51,91.19,6.08
2026-04-15 01:51,89.85,6.07
2026-04-15 01:51,102.37,5.58
2026-04-15 01:51,89.3,6.46
2026-04-15 01:51,88.57,6.08
2026-04-15 01:51,88.19,6.02
2026-04-15 01:51,91.66,5.88
2026-04-15 01:51,86.16,6.21
2026-04-15 01:51,87.93,7.4
2026-04-15 01:51,88.52,5.99
2026-04-15 01:51,91.68,5.89
2026-04-15 01:51,102.52,5.64
2026-04-15 01:51,86.32,6.65
2026-04-15 01:51,108.82,5.28
2026-04-15 01:51,93.28,6.62
2026-04-15 01:51,87.02,6.23
2026-04-15 01:51,82.91,7.72
2026-04-15 01:51,94.41,6.82
2026-04-15 01:51,89.55,6.27
2026-04-15 01:51,87.01,6.1
2026-04-15 01:51,84.26,6.11
2026-04-15 01:51,84.84,7.46
2026-04-15 01:51,92.05,7.13
2026-04-15 01:51,113.99,5.28
2026-04-15 01:51,87.94,7.05
2026-04-15 01:51,92.2,5.92
2026-04-15 01:51,90.86,6.06
2026-04-15 01:51,86.24,6.17
2026-04-15 01:51,83.37,7.67
2026-04-15 01:51,84.32,7.46
2026-04-15 01:51,85.3,7.45
2026-04-15 01:51,83.72,7.58
2026-04-15 01:51,83.12,7.54
2026-04-15 01:51,87.76,7.17
2026-04-15 01:51,89.24,6.01
2026-04-15 01:51,94.94,7.19
2026-04-15 01:51,88.47,6.25
2026-04-15 01:51,87.61,6.04
2026-04-15 01:51,98.31,6.93
2026-04-15 01:51,87.6,6.43
2026-04-15 01:51,107.26,6.5
2026-04-15 01:51,91.31,6.51
2026-04-15 01:51,86.45,6.34
2026-04-15 01:51,86.12,7.52
2026-04-15 01:51,93.39,5.67
2026-04-15 01:51,90.29,6.21
2026-04-15 01:51,88.27,6.08
2026-04-15 01:51,86.72,7.58
2026-04-15 01:51,87.35,7.48
2026-04-15 01:51,91.7,7.19
2026-04-15 01:51,103.59,5.65
2026-04-15 01:51,88.14,6.61
2026-04-15 01:51,90,5.94
2026-04-15 01:51,87.12,6.1
2026-04-15 01:51,87.8,7.47
2026-04-15 01:51,88.47,7.47
2026-04-15 01:51,87.55,6.04
2026-04-15 01:51,88.93,7.41
2026-04-15 01:51,88.09,6.01
2026-04-15 01:51,91.87,5.89
2026-04-15 01:51,86.82,6.21
2026-04-15 01:51,87.52,7.47
2026-04-15 01:51,86.14,7.58
2026-04-15 01:51,87.04,7.45
2026-04-15 01:51,84.65,7.64
2026-04-15 01:51,93.32,7.05
2026-04-15 01:51,90.09,6.12
2026-04-15 01:51,87.47,6.09
2026-04-15 01:51,96.87,7.02
2026-04-15 01:51,96.87,5.99
2026-04-15 01:51,89.2,6.26
2026-04-15 01:51,87.41,6.1
2026-04-15 01:51,94.4,7.14
2026-04-15 01:51,85.97,6.32
2026-04-15 01:51,84.55,7.59
2026-04-15 01:51,89.05,7.25
2026-04-15 01:51,86.23,6.11
2026-04-15 01:51,99.65,6.82
2026-04-15 01:51,99.37,6
2026-04-15 01:51,98.71,6.03
2026-04-15 01:51,87.08,6.46
2026-04-15 01:51,83.73,7.69
2026-04-15 01:51,99.68,6.7
2026-04-15 01:51,89.47,6.4
2026-04-15 01:51,88.99,6.01
2026-04-15 01:51,88.68,6.02
2026-04-15 01:51,96.79,5.67
2026-04-15 01:51,86.29,6.46
2026-04-15 01:51,85.74,7.53
2026-04-15 01:51,83.83,7.62
2026-04-15 01:51,85.14,7.43
2026-04-15 01:51,85.91,7.46
2026-04-15 01:51,83.78,7.63
2026-04-15 01:51,110.34,6.25
2026-04-15 01:51,98.81,6.41
2026-04-15 01:51,89.1,6.41
2026-04-15 01:51,98.88,5.67
2026-04-15 01:51,86.12,6.5
2026-04-15 01:51,113.01,6.2
2026-04-15 01:51,108.79,6.2
2026-04-15 01:51,86.85,6.91
2026-04-15 01:51,84.08,7.65
2026-04-15 01:51,85.65,7.32
2026-04-15 01:51,86.73,7.56
2026-04-15 01:51,84.37,7.64
2026-04-15 01:51,113.8,6.13
2026-04-15 01:51,97.66,6.66
2026-04-15 01:51,100.16,5.88
2026-04-15 01:51,88.6,6.49
2026-04-15 01:51,87.53,6.05
2026-04-15 01:51,109.17,6.44
2026-04-15 01:51,101.68,6.24
2026-04-15 01:51,105.53,5.91
2026-04-15 01:51,85.63,6.83
2026-04-15 01:51,87.59,7.4
2026-04-15 01:51,101.48,6.79
2026-04-15 01:51,91.97,6.37
2026-04-15 01:51,84.11,6.3
2026-04-15 01:51,84.96,7.46
2026-04-15 01:51,116.7,6.02
2026-04-15 01:51,83.19,7.58
2026-04-15 01:51,115.5,5.99
2026-04-15 01:51,86.31,7.35
2026-04-15 01:51,90.02,7.3
2026-04-15 01:51,104.35,5.52
2026-04-15 01:51,89.47,6.59
2026-04-15 01:51,88.21,6.05
2026-04-15 01:51,97.25,5.7
2026-04-15 01:51,89.84,6.28
2026-04-15 01:51,92.52,5.91
2026-04-15 01:51,90.14,6.09
2026-04-15 01:51,99.07,5.7
2026-04-15 01:51,88.16,6.42
2026-04-15 01:51,89.38,5.95
2026-04-15 01:51,104.97,5.49
2026-04-15 01:51,86.6,6.75
2026-04-15 01:51,85.08,7.45
2026-04-15 01:51,85.73,7.61
2026-04-15 01:51,114.21,6.18
2026-04-15 01:51,87.77,7.13
2026-04-15 01:51,101.55,6.79
2026-04-15 01:51,90.58,6.43
2026-04-15 01:51,96.45,5.8
2026-04-15 01:51,88.13,6.31
2026-04-15 01:51,109.53,6.47
2026-04-15 01:51,90.77,6.75
2026-04-15 01:51,88.77,6.1
2026-04-15 01:51,87.86,6.02
2026-04-15 01:51,87.01,6.05
2026-04-15 01:51,89.59,7.35
2026-04-15 01:51,88.9,6.03
2026-04-15 01:51,89.96,5.96
2026-04-15 01:51,89.38,6.03
2026-04-15 01:51,98.77,5.68
2026-04-15 01:51,88.99,6.38
2026-04-15 01:51,93.56,5.84
2026-04-15 01:51,90.43,6.12
2026-04-15 01:51,108.7,5.41
2026-04-15 01:51,89.75,6.75
2026-04-15 01:51,92.44,5.93
2026-04-15 01:51,86.23,6.24
2026-04-15 01:51,85.94,7.52
2026-04-15 01:51,97.95,6.88
2026-04-15 01:51,95.82,6.08
2026-04-15 01:51,91.98,6.15
2026-04-15 01:51,86.31,6.2
2026-04-15 01:51,86.32,7.4
2026-04-15 01:51,84.6,6.14
2026-04-15 01:51,95.27,6.94
2026-04-15 01:51,106.07,5.63
2026-04-15 01:51,83.2,6.95
2026-04-15 01:51,95.99,6.84
2026-04-15 01:51,87.65,6.34
2026-04-15 01:51,82.99,7.77
2026-04-15 01:51,104.58,6.46
2026-04-15 01:51,111.05,5.76
2026-04-15 01:51,101.81,6.38
2026-04-15 01:51,87.76,6.55
2026-04-15 01:51,86.11,7.41
2026-04-15 01:51,87.14,6.08
2026-04-15 01:51,87.9,7.48
2026-04-15 01:51,101.7,6.78
2026-04-15 01:51,96.85,6.19
2026-04-15 01:51,87.67,6.31
2026-04-15 01:51,86.01,6.09
2026-04-15 01:51,94.15,7.08
2026-04-15 01:51,86.97,6.28
2026-04-15 01:51,85.51,7.59
2026-04-15 01:51,93.76,7.05
2026-04-15 01:51,99.75,5.8
2026-04-15 01:51,90.2,6.37
2026-04-15 01:51,87.23,6.11
2026-04-15 01:51,85.81,7.54
2026-04-15 01:51,93.26,7.15
2026-04-15 01:51,88.4,6.18
2026-04-15 01:51,88.07,6.02
2026-04-15 01:51,89.27,7.43
2026-04-15 01:51,90.55,5.95
2026-04-15 01:51,87.97,6.09
2026-04-15 01:51,91.31,5.89
2026-04-15 01:51,89.49,6.07
2026-04-15 01:51,257.81,2.85
2026-04-15 01:51,125.23,5.41
2026-04-15 01:51,104.2,5.59
2026-04-15 01:51,92.68,6.44
2026-04-15 01:51,104.84,5.59
2026-04-15 01:51,84.25,6.85
2026-04-15 01:51,100.7,6.67
2026-04-15 01:51,86.5,6.57
2026-04-15 01:51,96.14,6.99
2026-04-15 01:51,91.6,6.17
2026-04-15 01:51,93.51,5.94
2026-04-15 01:51,94.77,5.95
2026-04-15 01:51,110.3,5.5
2026-04-15 01:51,85.1,7.08
2026-04-15 01:51,85.57,7.47
2026-04-15 01:51,86.31,7.46
2026-04-15 01:51,87.06,7.47
2026-04-15 01:51,86.56,7.52
2026-04-15 01:51,94.89,6.98
2026-04-15 01:51,93.57,6.11
2026-04-15 01:51,99.67,5.79
2026-04-15 01:51,84.73,6.58
2026-04-15 01:51,91.72,7.15
2026-04-15 01:51,87.84,6.14
2026-04-15 01:51,86.75,7.57
2026-04-15 01:51,94.14,7.1
2026-04-15 01:51,85.94,6.32
2026-04-15 01:51,88.49,7.35
2026-04-15 01:51,85.45,6.05
2026-04-15 01:51,96.4,7.02
2026-04-15 01:51,87.87,6.33
2026-04-15 01:51,83.25,7.77
2026-04-15 01:51,84.05,7.46
2026-04-15 01:51,90.38,7.17
2026-04-15 01:51,106.56,5.28
2026-04-15 01:51,83.54,7.3
2026-04-15 01:51,89.57,7.09
2026-04-15 01:51,89.45,6.07
2026-04-15 01:51,84.2,6.2
2026-04-15 01:51,130.22,5.57
2026-04-15 01:51,91.35,6.22
2026-04-15 01:51,89.43,6.07
2026-04-15 01:51,86.14,6.13
2026-04-15 01:51,93.1,7.13
2026-04-15 01:51,86.34,6.26
2026-04-15 01:51,85.1,7.5
2026-04-15 01:51,96.66,6.97
2026-04-15 01:51,88.49,6.31
2026-04-15 01:51,86,6.08
2026-04-15 01:51,85.19,7.56
2026-04-15 01:51,87.24,7.3
2026-04-15 01:51,113.6,5.23
2026-04-15 01:51,100.64,6.5
2026-04-15 01:51,89.92,6.43
2026-04-15 01:51,90.09,5.99
2026-04-15 01:51,100.5,5.65
2026-04-15 01:51,91.41,6.35
2026-04-15 01:51,92.08,5.98
2026-04-15 01:51,91.83,6.01
2026-04-15 01:51,88.51,6.13
2026-04-15 01:51,90.36,5.94
2026-04-15 01:51,88.37,6.03
2026-04-15 01:51,87.78,6.07
2026-04-15 01:51,87.55,7.49
2026-04-15 01:51,88.39,7.48
2026-04-15 01:51,104.02,5.48
2026-04-15 01:51,95.15,6.35
2026-04-15 01:51,89.7,6.2
2026-04-15 01:51,105.56,5.48
2026-04-15 01:51,118.58,5.57
2026-04-15 01:51,103.67,6.59
2026-04-15 01:51,93.11,6.41
2026-04-15 01:51,99.32,5.79
2026-04-15 01:51,86.69,6.49
2026-04-15 01:51,86.38,7.52
2026-04-15 01:51,89.45,7.33
2026-04-15 01:51,89.02,6.02
2026-04-15 01:51,92.68,5.87
2026-04-15 01:51,88.82,6.15
2026-04-15 01:51,93.65,5.83
2026-04-15 01:51,90.4,6.12
2026-04-15 01:51,108.11,5.43
2026-04-15 01:51,86,6.92
2026-04-15 01:51,98.95,6.84
2026-04-15 01:51,89.94,6.35
2026-04-15 01:51,87.55,6.09
2026-04-15 01:51,86.25,7.56
2026-04-15 01:51,100.81,6.76
2026-04-15 01:51,88.51,6.49
2026-04-15 01:51,88.65,6
2026-04-15 01:51,90.84,5.92
2026-04-15 01:51,94.65,5.86
2026-04-15 01:51,85.63,6.36
2026-04-15 01:51,84.19,7.39
2026-04-15 01:51,93.96,7.17
2026-04-15 01:51,87.54,6.23
2026-04-15 01:51,91.09,7.32
2026-04-15 01:51,87.9,6.12
2026-04-15 01:51,96.61,5.67
2026-04-15 01:51,87.22,6.4
2026-04-15 01:51,118.48,6.09
2026-04-15 01:51,97.39,6.87
2026-04-15 01:51,88.3,6.35
2026-04-15 01:51,95.31,5.75
2026-04-15 01:51,89.27,6.25
2026-04-15 01:51,88.3,6.03
2026-04-15 01:51,91.21,5.9
2026-04-15 01:51,94.01,5.89
2026-04-15 01:51,86.71,6.29
2026-04-15 01:51,85.13,7.59
2026-04-15 01:51,95.75,6.95
2026-04-15 01:51,85.68,6.35
2026-04-15 01:51,86.14,7.54
2026-04-15 01:51,92.65,7.15
2026-04-15 01:51,94.6,5.93
2026-04-15 01:51,84.14,6.41
2026-04-15 01:51,85.42,7.43
2026-04-15 01:51,87.82,7.38
2026-04-15 01:51,84.47,7.69
2026-04-15 01:51,88.61,7.27
2026-04-15 01:51,84.24,6.11
2026-04-15 01:51,86.1,7.5
2026-04-15 01:51,86.11,7.49
2026-04-15 01:51,87.51,7.43
2026-04-15 01:51,84.12,7.7
2026-04-15 01:51,84.23,7.5
2026-04-15 01:51,85.64,7.43
2026-04-15 01:51,89.12,7.32
2026-04-15 01:51,88.1,7.55
2026-04-15 01:51,90.27,5.93
2026-04-15 01:51,87.18,6.1
2026-04-15 01:51,86.57,7.57
2026-04-15 01:51,84.55,7.62
2026-04-15 01:51,86.13,7.41
2026-04-15 01:51,107.55,6.47
2026-04-15 01:51,102.31,6.19
2026-04-15 01:51,93.64,6.34
2026-04-15 01:51,89.18,6.16
2026-04-15 01:51,87.61,6.06
2026-04-15 01:51,85.85,7.61
2026-04-15 01:51,88.26,7.36
2026-04-15 01:52,89.71,5.95
2026-04-15 01:52,85.84,6.15
2026-04-15 01:52,112.77,6.25
2026-04-15 01:52,86.01,7.15
2026-04-15 01:52,89.27,7.31
2026-04-15 01:52,86.92,6.1
2026-04-15 01:52,87.19,7.45
2026-04-15 01:52,105.98,5.41
2026-04-15 01:52,92.77,6.53
2026-04-15 01:52,88.49,6.16
2026-04-15 01:52,87.61,6.03
2026-04-15 01:52,86.08,7.59
2026-04-15 01:52,91.76,7.19
2026-04-15 01:52,89.37,6.09
2026-04-15 01:52,84.1,6.2
2026-04-15 01:52,119.62,5.93
2026-04-15 01:52,88.88,7.36
2026-04-15 01:52,101.35,5.58
2026-04-15 01:52,88.52,6.5
2026-04-15 01:52,88.99,5.99
2026-04-15 01:52,90.18,5.89
2026-04-15 01:52,107.75,5.5
2026-04-15 01:52,105.42,6.07
2026-04-15 01:52,98.7,6.27
2026-04-15 01:52,104.68,5.8
2026-04-15 01:52,99.79,6.18
2026-04-15 01:52,94.45,6.2
2026-04-15 01:52,94.59,6.02
2026-04-15 01:52,91.32,6.11
2026-04-15 01:52,84.26,6.27
2026-04-15 01:52,87.41,7.33
2026-04-15 01:52,116.95,6.15
2026-04-15 01:52,103.42,6.51
2026-04-15 01:52,107.64,5.87
2026-04-15 01:52,87.93,6.81
2026-04-15 01:52,93.63,5.8
2026-04-15 01:52,93.52,6.01
2026-04-15 01:52,91.85,6.06
2026-04-15 01:52,108.7,5.45
2026-04-15 01:52,89.76,6.78
2026-04-15 01:52,89.26,6.02
2026-04-15 01:52,89.83,5.97
2026-04-15 01:52,86.44,6.14
2026-04-15 01:52,86.85,7.48
2026-04-15 01:52,88.46,7.31
2026-04-15 01:52,86.61,6.14
2026-04-15 01:52,109.98,6.39
2026-04-15 01:52,88.93,6.87
2026-04-15 01:52,88.23,6.03
2026-04-15 01:52,89.16,5.97
2026-04-15 01:52,87.46,6.06
2026-04-15 01:52,91.8,7.27
2026-04-15 01:52,94.34,5.9
2026-04-15 01:52,87.13,6.29
2026-04-15 01:52,97.2,6.96
2026-04-15 01:52,88.71,6.33
2026-04-15 01:52,108.18,5.38
2026-04-15 01:52,104.68,6.12
2026-04-15 01:52,86.28,6.75
2026-04-15 01:52,88.54,7.32
2026-04-15 01:52,87.17,6.09
2026-04-15 01:52,91.46,7.27
2026-04-15 01:52,100.98,5.68
2026-04-15 01:52,102.89,5.93
2026-04-15 01:52,95.97,6.27
2026-04-15 01:52,109.43,5.54
2026-04-15 01:52,94.64,6.6
2026-04-15 01:52,86.81,6.3
2026-04-15 01:52,89.52,7.36
2026-04-15 01:52,91.33,5.94
2026-04-15 01:52,88.4,6.11
2026-04-15 01:52,113.63,5.21
2026-04-15 01:52,91.56,6.92
2026-04-15 01:52,87.97,6.06
2026-04-15 01:52,92.78,5.89
2026-04-15 01:52,87.18,6.21
2026-04-15 01:52,100.47,6.83
2026-04-15 01:52,103.49,5.9
2026-04-15 01:52,91.52,6.47
2026-04-15 01:52,90.72,6.02
2026-04-15 01:52,91.28,5.98
2026-04-15 01:52,88.8,6.09
2026-04-15 01:52,87.92,6.04
2026-04-15 01:52,89.4,5.95
2026-04-15 01:52,91,5.94
2026-04-15 01:52,92.73,5.94
2026-04-15 01:52,114.81,5.3
2026-04-15 01:52,95.13,6.79
2026-04-15 01:52,95.02,5.97
2026-04-15 01:52,93.53,6.11
2026-04-15 01:52,88.6,6.18
2026-04-15 01:52,103.48,5.51
2026-04-15 01:52,90.2,6.48
2026-04-15 01:52,96.83,5.82
2026-04-15 01:52,88.88,6.29
2026-04-15 01:52,92.89,5.82
2026-04-15 01:52,88.5,6.21
2026-04-15 01:52,96.83,5.72
2026-04-15 01:52,87.52,6.36
2026-04-15 01:52,90.41,7.33
2026-04-15 01:52,85.32,6.18
2026-04-15 01:52,86.44,7.48
2026-04-15 01:52,87.23,7.46
2026-04-15 01:52,84.33,7.66
2026-04-15 01:52,86.33,7.4
2026-04-15 01:52,85.63,7.54
2026-04-15 01:52,90.01,7.26
2026-04-15 01:52,86.11,6.13
2026-04-15 01:52,83.83,7.65
2026-04-15 01:52,89.93,7.11
2026-04-15 01:52,90.94,6.01
2026-04-15 01:52,93.38,5.92
2026-04-15 01:52,86.61,6.26
2026-04-15 01:52,83.78,7.66
2026-04-15 01:52,95.79,6.89
2026-04-15 01:52,87.43,6.32
2026-04-15 01:52,84.93,7.64
2026-04-15 01:52,86.67,7.42
2026-04-15 01:52,86.74,7.48
2026-04-15 01:52,97.73,6.85
2026-04-15 01:52,108.56,5.62
2026-04-15 01:52,86.73,7.01
2026-04-15 01:52,86.23,7.54
2026-04-15 01:52,85.91,7.43
2026-04-15 01:52,86.1,7.59
2026-04-15 01:52,89.32,7.33
2026-04-15 01:52,85.42,6.1
2026-04-15 01:52,93.68,7.13
2026-04-15 01:52,90.46,6.08
2026-04-15 01:52,94.67,5.84
2026-04-15 01:52,87.29,6.29
2026-04-15 01:52,95.07,5.77
2026-04-15 01:52,89.44,6.21
2026-04-15 01:52,101.3,5.6
2026-04-15 01:52,98.91,6
2026-04-15 01:52,92.81,6.32
2026-04-15 01:52,90.76,6.07
2026-04-15 01:52,98.67,5.73
2026-04-15 01:52,92.37,6.19
2026-04-15 01:52,88.32,6.19
2026-04-15 01:52,94.93,5.74
2026-04-15 01:52,95.05,6.05
2026-04-15 01:52,89.9,6.13
2026-04-15 01:52,89.4,6.08
2026-04-15 01:52,95.02,5.81
2026-04-15 01:52,94.11,6
2026-04-15 01:52,89.92,6.19
2026-04-15 01:52,90.77,5.97
2026-04-15 01:52,91.14,6
2026-04-15 01:52,93.5,5.91
2026-04-15 01:52,88.02,6.21
2026-04-15 01:52,101.51,5.52
2026-04-15 01:52,99.52,6.11
2026-04-15 01:52,123.03,5.26
2026-04-15 01:52,103.56,5.55
2026-04-15 01:52,93.97,6.36
2026-04-15 01:52,87.27,6.25
2026-04-15 01:52,99.45,6.87
2026-04-15 01:52,86.07,6.49
2026-04-15 01:52,87.9,5.98
2026-04-15 01:52,87.67,7.51
2026-04-15 01:52,93.1,7.22
2026-04-15 01:52,100.81,5.73
2026-04-15 01:52,94.24,6.24
2026-04-15 01:52,89.09,6.2
2026-04-15 01:52,93.87,7.22
2026-04-15 01:52,92.57,6.01
2026-04-15 01:52,87.6,6.25
2026-04-15 01:52,85.54,7.63
2026-04-15 01:52,83.92,7.58
2026-04-15 01:52,89.58,7.19
2026-04-15 01:52,90.72,5.96
2026-04-15 01:52,86.36,6.17
2026-04-15 01:52,101.54,6.73
2026-04-15 01:52,84.55,6.65
2026-04-15 01:52,88.85,7.31
2026-04-15 01:52,101.92,5.57
2026-04-15 01:52,84.47,6.7
2026-04-15 01:52,96.41,6.88
2026-04-15 01:52,99.47,5.89
2026-04-15 01:52,96.02,6.14
2026-04-15 01:52,87.48,6.33
2026-04-15 01:52,102.79,6.73
2026-04-15 01:52,112.85,5.49
2026-04-15 01:52,87.7,7.35
2026-04-15 01:52,92.34,5.85
2026-04-15 01:52,85.89,6.24
2026-04-15 01:52,98.64,6.85
2026-04-15 01:52,96.8,6.06
2026-04-15 01:52,101.72,5.84
2026-04-15 01:52,95.99,6.22
2026-04-15 01:52,88.61,6.28
2026-04-15 01:52,89.56,5.97
2026-04-15 01:52,88.74,6.04
2026-04-15 01:52,87.2,6.05
2026-04-15 01:52,87.5,7.49
2026-04-15 01:52,89.39,7.32
2026-04-15 01:52,91.66,5.97
2026-04-15 01:52,97.87,5.77
2026-04-15 01:52,87.99,6.41
2026-04-15 01:52,89.52,7.42
2026-04-15 01:52,93.75,5.85
2026-04-15 01:52,97.33,5.88
2026-04-15 01:52,90.53,6.26
2026-04-15 01:52,96.3,5.8
2026-04-15 01:52,92.54,5.92
2026-04-15 01:52,88.74,6.37
2026-04-15 01:52,88.69,6.01
2026-04-15 01:52,90.37,5.94
2026-04-15 01:52,101.7,5.62
2026-04-15 01:52,86.91,6.58
2026-04-15 01:52,109.62,6.42
2026-04-15 01:52,95.88,6.54
2026-04-15 01:52,88.04,6.29
2026-04-15 01:52,101.46,6.83
2026-04-15 01:52,119.67,5.39
2026-04-15 01:52,88.46,7.43
2026-04-15 01:52,89.75,5.95
2026-04-15 01:52,93.47,5.87
2026-04-15 01:52,92.14,6.06
2026-04-15 01:52,108.01,5.45
2026-04-15 01:52,91.57,6.71
2026-04-15 01:52,91.35,6.01
2026-04-15 01:52,89.03,6.1
2026-04-15 01:52,89.01,7.46
2026-04-15 01:52,89.53,6.01
2026-04-15 01:52,90.06,5.98
2026-04-15 01:52,90.26,6
2026-04-15 01:52,88.66,6.07
2026-04-15 01:52,88.32,6.01
2026-04-15 01:52,88.89,5.98
2026-04-15 01:52,88.43,7.38
2026-04-15 01:52,91.34,5.98
2026-04-15 01:52,90.43,6.05
2026-04-15 01:52,90.96,5.98
2026-04-15 01:52,114.28,5.27
2026-04-15 01:52,91.67,6.94
2026-04-15 01:52,91.56,5.96
2026-04-15 01:52,89.93,6.06
2026-04-15 01:52,96.6,5.82
2026-04-15 01:52,91.34,6.2
2026-04-15 01:52,109.58,5.41
2026-04-15 01:52,99.72,6.38
2026-04-15 01:52,106.55,5.75
2026-04-15 01:52,92.82,6.43
2026-04-15 01:52,87.31,6.33
2026-04-15 01:52,98.34,6.93
2026-04-15 01:52,95.36,6.12
2026-04-15 01:52,99.07,5.86
2026-04-15 01:52,95.12,6.15
2026-04-15 01:52,97.76,5.92
2026-04-15 01:52,88.83,6.34
2026-04-15 01:52,90.22,5.9
2026-04-15 01:52,90.08,6.07
2026-04-15 01:52,88.74,6.05
2026-04-15 01:52,109.04,5.35
2026-04-15 01:52,89.03,6.82
2026-04-15 01:52,90.49,5.95
2026-04-15 01:52,88.83,6.07
2026-04-15 01:52,101.7,5.52
2026-04-15 01:52,87.55,6.62
2026-04-15 01:52,89.4,7.4
2026-04-15 01:52,98.35,5.7
2026-04-15 01:52,91.31,6.27
2026-04-15 01:52,91.88,5.98
2026-04-15 01:52,94.24,5.91
2026-04-15 01:52,252.7,3.06
2026-04-15 01:52,88.96,5.97
2026-04-15 01:52,92.41,5.88
2026-04-15 01:52,89.09,6.12
2026-04-15 01:52,106.83,5.43
2026-04-15 01:52,97.72,6.19
2026-04-15 01:52,87.01,6.59
2026-04-15 01:52,101.12,6.74
2026-04-15 01:52,108.53,5.78
2026-04-15 01:52,102.67,6.23
2026-04-15 01:52,94.77,6.2
2026-04-15 01:52,86.66,6.4
2026-04-15 01:52,86.53,7.43
2026-04-15 01:52,88.34,5.98
2026-04-15 01:52,83.81,6.19
2026-04-15 01:52,113.66,6.13
2026-04-15 01:52,84.95,7.26
2026-04-15 01:52,89.36,7.26
2026-04-15 01:52,90.25,5.96
2026-04-15 01:52,83.98,6.25
2026-04-15 01:52,106.36,6.23
2026-04-15 01:52,86.73,7.04
2026-04-15 01:52,107.32,6.5
2026-04-15 01:52,85.84,6.89
2026-04-15 01:52,87.56,7.28
2026-04-15 01:52,85.66,6.16
2026-04-15 01:52,87.58,7.39
2026-04-15 01:52,86.11,7.58
2026-04-15 01:52,88.4,7.3
2026-04-15 01:52,94.06,5.85
2026-04-15 01:52,83.85,6.41
2026-04-15 01:52,85.16,7.42
2026-04-15 01:52,86.86,7.42
2026-04-15 01:52,87.01,7.47
2026-04-15 01:52,86.23,7.57
2026-04-15 01:52,84.84,7.59
2026-04-15 01:52,83.77,7.38
2026-04-15 01:52,118.56,6.06
2026-04-15 01:52,95.55,6.97
2026-04-15 01:52,89.66,6.23
2026-04-15 01:52,85.71,6.15
2026-04-15 01:52,87.35,7.41
2026-04-15 01:52,98.4,6.92
2026-04-15 01:52,91.51,6.27
2026-04-15 01:52,90.09,6.06
2026-04-15 01:52,89.65,5.97
2026-04-15 01:52,101.75,5.64
2026-04-15 01:52,88.95,6.5
2026-04-15 01:52,88.4,6.02
2026-04-15 01:52,91.57,5.9
2026-04-15 01:52,88.25,6.13
2026-04-15 01:52,91.93,5.87
2026-04-15 01:52,90.31,6.05
2026-04-15 01:52,91.14,5.98
2026-04-15 01:52,91.19,6
2026-04-15 01:52,89.07,6.08
2026-04-15 01:52,87.16,6.07
2026-04-15 01:52,86.88,7.52
2026-04-15 01:52,92.03,7.23
2026-04-15 01:52,86.71,6.19
2026-04-15 01:52,92.3,7.15
2026-04-15 01:52,88.23,6.19
2026-04-15 01:52,88.78,5.98
2026-04-15 01:52,97.13,5.71
2026-04-15 01:52,87.68,6.38
2026-04-15 01:52,89.41,5.94
2026-04-15 01:52,88.43,6.03
2026-04-15 01:52,88.74,6
2026-04-15 01:52,87.17,6.05
2026-04-15 01:52,87.29,6
2026-04-15 01:52,89.52,7.39
2026-04-15 01:52,88.15,6.03
2026-04-15 01:52,86.23,6.09
2026-04-15 01:52,86.58,7.47
2026-04-15 01:52,86.62,7.51
2026-04-15 01:52,87.88,7.45
2026-04-15 01:52,93.75,5.79
2026-04-15 01:52,95.98,5.92
2026-04-15 01:52,91.38,6.17
2026-04-15 01:52,109.84,5.41
2026-04-15 01:52,88.97,6.83
2026-04-15 01:52,85.99,6.08
2026-04-15 01:52,85.7,7.57
2026-04-15 01:52,88.28,7.37
2026-04-15 01:52,97.11,5.68
2026-04-15 01:52,85.87,6.46
2026-04-15 01:52,93.3,7.09
2026-04-15 01:52,85.86,6.29
2026-04-15 01:52,87.51,7.41
2026-04-15 01:52,86.61,7.52
2026-04-15 01:52,119.08,6.07
2026-04-15 01:52,87.88,7.38
2026-04-15 01:52,106.61,5.39
2026-04-15 01:52,103.96,6.1
2026-04-15 01:52,85.57,6.74
2026-04-15 01:52,87.18,7.42
2026-04-15 01:52,90.58,7.3
2026-04-15 01:52,85.2,6.17
2026-04-15 01:52,97.65,5.62
2026-04-15 01:52,88.79,6.34
2026-04-15 01:52,92.4,5.88
2026-04-15 01:52,88.76,6.14
2026-04-15 01:52,89.05,5.93
2026-04-15 01:52,88.74,6.08
2026-04-15 01:52,87.76,6.04
2026-04-15 01:52,89.45,5.94
2026-04-15 01:52,88.02,6.06
2026-04-15 01:52,94.42,7.14
2026-04-15 01:52,91.31,6.12
2026-04-15 01:52,89.48,6.08
2026-04-15 01:52,87.15,6.08
2026-04-15 01:53,102.78,6.72
2026-04-15 01:53,87.69,6.6
2026-04-15 01:53,103.06,5.49
2026-04-15 01:53,88.52,6.58
2026-04-15 01:53,87.79,6.02
2026-04-15 01:53,86.22,7.61
2026-04-15 01:53,91.75,7.21
2026-04-15 01:53,102.4,5.59
2026-04-15 01:53,88.87,6.6
2026-04-15 01:53,101.95,5.55
2026-04-15 01:53,89.57,6.5
2026-04-15 01:53,96.01,5.78
2026-04-15 01:53,88.79,6.27
2026-04-15 01:53,88.03,6.03
2026-04-15 01:53,89.22,5.93
2026-04-15 01:53,101.9,5.59
2026-04-15 01:53,87.97,6.5
2026-04-15 01:53,88.89,6.01
2026-04-15 01:53,89.52,5.99
2026-04-15 01:53,92.22,5.9
2026-04-15 01:53,87.94,6.16
2026-04-15 01:53,88.48,7.47
2026-04-15 01:53,97.62,5.69
2026-04-15 01:53,90.63,6.27
2026-04-15 01:53,89.79,6.03
2026-04-15 01:53,90.45,5.97
2026-04-15 01:53,92.89,5.93
2026-04-15 01:53,102.79,5.66
2026-04-15 01:53,89.18,6.54
2026-04-15 01:53,95.3,5.78
2026-04-15 01:53,89.7,6.21
2026-04-15 01:53,89.9,5.93
2026-04-15 01:53,91.19,6.03
2026-04-15 01:53,89.46,6.06
2026-04-15 01:53,88.35,6.05
2026-04-15 01:53,88.4,6
2026-04-15 01:53,88.4,6
2026-04-15 01:53,87.06,6.06
2026-04-15 01:53,89.32,7.38
2026-04-15 01:53,90.51,5.94
2026-04-15 01:53,88.89,6.07
2026-04-15 01:53,93.4,5.85
2026-04-15 01:53,98.66,5.82
2026-04-15 01:53,88.67,6.39
2026-04-15 01:53,88.19,6.03
2026-04-15 01:53,88.01,6
2026-04-15 01:53,89.24,5.96
2026-04-15 01:53,89.58,5.99
2026-04-15 01:53,105.44,5.47
2026-04-15 01:53,96.68,6.35
2026-04-15 01:53,97.88,5.96
2026-04-15 01:53,88.25,6.34
2026-04-15 01:53,90.34,5.95
2026-04-15 01:53,90.88,5.99
2026-04-15 01:53,90.01,5.99
2026-04-15 01:53,96.76,5.77
2026-04-15 01:53,94.93,6.11
2026-04-15 01:53,89.42,6.19
2026-04-15 01:53,91.4,5.94
2026-04-15 01:53,89.03,6.09
2026-04-15 01:53,93.29,5.85
2026-04-15 01:53,95.4,5.92
2026-04-15 01:53,91.2,6.17
2026-04-15 01:53,88.64,6.09
2026-04-15 01:53,89.07,5.9
2026-04-15 01:53,86.99,6.18
2026-04-15 01:53,107.32,6.51
2026-04-15 01:53,97.58,6.37
2026-04-15 01:53,128.47,5.07
2026-04-15 01:53,93.62,6.05
2026-04-15 01:53,87.49,6.14
2026-04-15 01:53,89.37,6.02
2026-04-15 01:53,89.85,5.98
2026-04-15 01:53,91.08,5.97
2026-04-15 01:53,88.31,6.11
2026-04-15 01:53,94.57,5.77
2026-04-15 01:53,89.75,6.19
2026-04-15 01:53,88.96,6.03
2026-04-15 01:53,88.73,6.01
2026-04-15 01:53,106.13,5.38
2026-04-15 01:53,88.17,6.82
2026-04-15 01:53,91.21,5.89
2026-04-15 01:53,87.68,6.13
2026-04-15 01:53,96.07,7.06
2026-04-15 01:53,86.1,6.36
2026-04-15 01:53,89.07,7.37
2026-04-15 01:53,95.95,7.13
2026-04-15 01:53,97.48,5.92
2026-04-15 01:53,88.07,6.4
2026-04-15 01:53,105.27,5.42
2026-04-15 01:53,88.62,6.69
2026-04-15 01:53,86.05,6.1
2026-04-15 01:53,96.79,6.7
2026-04-15 01:53,94.17,6.24
2026-04-15 01:53,86.09,6.37
2026-04-15 01:53,85.35,7.52
2026-04-15 01:53,92.19,7.18
2026-04-15 01:53,92.37,6
2026-04-15 01:53,87.53,6.18
2026-04-15 01:53,86.16,7.51
2026-04-15 01:53,92.04,7.26
2026-04-15 01:53,111.09,5.39
2026-04-15 01:53,86.77,6.94
2026-04-15 01:53,87.56,5.99
2026-04-15 01:53,88.49,6.02
2026-04-15 01:53,101.81,5.55
2026-04-15 01:53,111.34,5.68
2026-04-15 01:53,86.5,7.05
2026-04-15 01:53,92.63,7.14
2026-04-15 01:53,88.46,6.06
2026-04-15 01:53,87.92,6.14
2026-04-15 01:53,100.53,5.59
2026-04-15 01:53,101.81,5.95
2026-04-15 01:53,92.96,6.35
2026-04-15 01:53,105.75,5.57
2026-04-15 01:53,90.15,6.61
2026-04-15 01:53,98.65,5.72
2026-04-15 01:53,92.46,6.22
2026-04-15 01:53,86.97,6.22
2026-04-15 01:53,88.98,7.4
2026-04-15 01:53,115.5,5.15
2026-04-15 01:53,105.07,6.45
2026-04-15 01:53,91.52,6.53
2026-04-15 01:53,96.29,5.84
2026-04-15 01:53,88.27,6.31
2026-04-15 01:53,90.05,5.94
2026-04-15 01:53,94.81,5.78
2026-04-15 01:53,91.47,6.19
2026-04-15 01:53,95.26,5.86
2026-04-15 01:53,87.75,6.27
2026-04-15 01:53,87.19,7.55
2026-04-15 01:53,88,7.47
2026-04-15 01:53,90.72,5.89
2026-04-15 01:53,88.39,6.11
2026-04-15 01:53,99.84,5.62
2026-04-15 01:53,109.67,5.67
2026-04-15 01:53,89.4,6.83
2026-04-15 01:53,90.74,7.43
2026-04-15 01:53,92.88,5.93
2026-04-15 01:53,94.5,5.95
2026-04-15 01:53,116.63,5.29
2026-04-15 01:53,119.36,5.91
2026-04-15 01:53,85.54,7.52
2026-04-15 01:53,87.3,7.41
2026-04-15 01:53,83.24,7.74
2026-04-15 01:53,93.42,6.97
2026-04-15 01:53,102.01,5.71
2026-04-15 01:53,86.63,6.62
2026-04-15 01:53,84.61,7.61
2026-04-15 01:53,92.23,7.08
2026-04-15 01:53,90.84,6.06
2026-04-15 01:53,92.94,5.93
2026-04-15 01:53,86.68,6.25
2026-04-15 01:53,87.03,7.48
2026-04-15 01:53,97.19,6.97
2026-04-15 01:53,90.39,6.27
2026-04-15 01:53,86.71,6.13
2026-04-15 01:53,83.8,7.55
2026-04-15 01:53,87.52,7.42
2026-04-15 01:53,88.44,7.43
2026-04-15 01:53,99.08,5.65
2026-04-15 01:53,89.45,6.38
2026-04-15 01:53,88.24,6.04
2026-04-15 01:53,90.53,5.93
2026-04-15 01:53,88.68,6.07
2026-04-15 01:53,89.81,5.96
2026-04-15 01:53,89.68,6.01
2026-04-15 01:53,88.9,6.03
2026-04-15 01:53,88.89,6
2026-04-15 01:53,87.66,6.05
2026-04-15 01:53,87.87,7.49
2026-04-15 01:53,92.46,7.25
2026-04-15 01:53,99.04,5.78
2026-04-15 01:53,88.63,6.41
2026-04-15 01:53,89.06,5.99
2026-04-15 01:53,88.58,6.01
2026-04-15 01:53,88.32,6.02
2026-04-15 01:53,111.46,5.27
2026-04-15 01:53,93,6.74
2026-04-15 01:53,88.38,6.18
2026-04-15 01:53,105.88,5.44
2026-04-15 01:53,86.98,6.58
2026-04-15 01:53,87.45,6.14
2026-04-15 01:53,87.18,7.33
2026-04-15 01:53,90.09,6.02
2026-04-15 01:53,96.95,5.76
2026-04-15 01:53,94.9,6.06
2026-04-15 01:53,85.97,6.36
2026-04-15 01:53,85.61,7.52
2026-04-15 01:53,86.64,7.45
2026-04-15 01:53,100.02,6.77
2026-04-15 01:53,89.97,6.43
2026-04-15 01:53,91.51,5.94
2026-04-15 01:53,90.61,6.03
2026-04-15 01:53,95.09,5.85
2026-04-15 01:53,95.99,5.97
2026-04-15 01:53,105.51,5.68
2026-04-15 01:53,98.37,6.24
2026-04-15 01:53,87.24,6.46
2026-04-15 01:53,87.26,7.52
2026-04-15 01:53,89.32,7.38
2026-04-15 01:53,91.26,5.94
2026-04-15 01:53,93.59,5.89
2026-04-15 01:53,89.51,6.15
2026-04-15 01:53,87.62,6.11
2026-04-15 01:53,85.19,7.64
2026-04-15 01:53,86.51,7.42
2026-04-15 01:53,86.25,7.44
2026-04-15 01:53,110.24,6.42
2026-04-15 01:53,105.68,6.17
2026-04-15 01:53,97.82,6.3
2026-04-15 01:53,95.69,6.08
2026-04-15 01:53,113.14,5.43
2026-04-15 01:53,88.58,7.04
2026-04-15 01:53,88.81,5.95
2026-04-15 01:53,90.1,6
2026-04-15 01:53,90.98,5.97
2026-04-15 01:53,101.74,5.64
2026-04-15 01:53,93.66,6.31
2026-04-15 01:53,89.41,6.15
2026-04-15 01:53,89.33,5.94
2026-04-15 01:53,88.15,6.11
2026-04-15 01:53,90.23,5.93
2026-04-15 01:53,90.6,5.99
2026-04-15 01:53,91.43,5.98
2026-04-15 01:53,119.82,5.13
2026-04-15 01:53,95.95,7
2026-04-15 01:53,86.86,6.25
2026-04-15 01:53,94.64,5.81
2026-04-15 01:53,98.53,5.87
2026-04-15 01:53,91.26,6.28
2026-04-15 01:53,88.5,6.1
2026-04-15 01:53,115.75,5.16
2026-04-15 01:53,90.77,7.04
2026-04-15 01:53,93.74,5.87
2026-04-15 01:53,92.62,6.08
2026-04-15 01:53,99.63,5.76
2026-04-15 01:53,94.94,6.19
2026-04-15 01:53,95.78,5.97
2026-04-15 01:53,112.76,5.45
2026-04-15 01:53,101.3,6.39
2026-04-15 01:53,86.12,6.59
2026-04-15 01:53,108.47,5.34
2026-04-15 01:53,87.22,6.87
2026-04-15 01:53,104.23,6.64
2026-04-15 01:53,88.33,6.65
2026-04-15 01:53,104.29,5.47
2026-04-15 01:53,90.44,6.55
2026-04-15 01:53,87.26,6.13
2026-04-15 01:53,103.36,5.47
2026-04-15 01:53,85.94,6.72
2026-04-15 01:53,276.71,3.08
2026-04-15 01:53,113.15,5.87
2026-04-15 01:53,155.72,4.72
2026-04-15 01:53,85.16,6.23
2026-04-15 01:53,84.04,7.65
2026-04-15 01:53,90.12,7.15
2026-04-15 01:53,91.84,5.96
2026-04-15 01:53,88.69,6.12
2026-04-15 01:53,92.49,5.87
2026-04-15 01:53,86.51,6.22
2026-04-15 01:53,94.6,7.08
2026-04-15 01:53,86.31,6.3
2026-04-15 01:53,88.04,7.43
2026-04-15 01:53,101.22,5.54
2026-04-15 01:53,96.98,6.19
2026-04-15 01:53,87.18,6.35
2026-04-15 01:53,89.59,7.41
2026-04-15 01:53,93.83,5.85
2026-04-15 01:53,85.44,6.33
2026-04-15 01:53,104.06,6.58
2026-04-15 01:53,103.73,6.02
2026-04-15 01:53,105.36,5.94
2026-04-15 01:53,99.38,6.23
2026-04-15 01:53,88.21,6.43
2026-04-15 01:53,97.34,6.97
2026-04-15 01:53,86.09,6.49
2026-04-15 01:53,86.56,7.43
2026-04-15 01:53,94.16,7.12
2026-04-15 01:53,89.52,6.19
2026-04-15 01:53,83.66,6.23
2026-04-15 01:53,96.84,6.82
2026-04-15 01:53,97.8,5.97
2026-04-15 01:53,88.02,6.37
2026-04-15 01:53,85.58,6.08
2026-04-15 01:53,107.65,6.44
2026-04-15 01:53,109.27,5.88
2026-04-15 01:53,88.78,6.94
2026-04-15 01:53,90.35,5.94
2026-04-15 01:53,89.92,6.02
2026-04-15 01:53,87.8,6.08
2026-04-15 01:53,91.13,5.85
2026-04-15 01:53,84.92,6.25
2026-04-15 01:53,86.35,7.47
2026-04-15 01:53,86.97,7.45
2026-04-15 01:53,86.24,6.04
2026-04-15 01:53,85.32,7.56
2026-04-15 01:53,88.97,7.3
2026-04-15 01:53,88.34,6.03
2026-04-15 01:53,83.4,7.79
2026-04-15 01:53,84.7,7.35
2026-04-15 01:53,84.01,7.63
2026-04-15 01:53,90.02,7.18
2026-04-15 01:53,87.07,6.11
2026-04-15 01:53,85.2,7.61
2026-04-15 01:53,119.93,5.95
2026-04-15 01:53,111.87,6.3
2026-04-15 01:53,93.08,6.61
2026-04-15 01:53,90.54,6.09
2026-04-15 01:53,84.38,6.38
2026-04-15 01:53,105.1,6.5
2026-04-15 01:53,105.89,5.98
2026-04-15 01:53,107.74,5.93
2026-04-15 01:53,104.46,6.06
2026-04-15 01:53,95.75,6.41
2026-04-15 01:53,88.99,6.25
2026-04-15 01:53,114.98,5.19
2026-04-15 01:53,87.41,7.14
2026-04-15 01:53,87.47,6.04
2026-04-15 01:53,87.81,5.99
2026-04-15 01:53,87.24,7.53
2026-04-15 01:53,101.91,6.76
2026-04-15 01:53,88.92,6.52
2026-04-15 01:53,93.71,5.82
2026-04-15 01:53,96.53,5.82
2026-04-15 01:53,83.83,6.62
2026-04-15 01:53,86.75,7.33
2026-04-15 01:53,93.42,7.16
2026-04-15 01:53,94.94,5.95
2026-04-15 01:53,86.71,6.32
2026-04-15 01:53,84.76,7.34
2026-04-15 01:53,87.3,6.08
2026-04-15 01:53,84.67,7.56
2026-04-15 01:53,84.57,7.57
2026-04-15 01:53,91.93,7.14
2026-04-15 01:53,85.91,6.23
2026-04-15 01:53,84.16,7.6
2026-04-15 01:53,96.53,6.86
2026-04-15 01:53,92.99,6.14
2026-04-15 01:53,89.07,6.15
2026-04-15 01:53,90.94,5.93
2026-04-15 01:53,89.86,6.05
2026-04-15 01:53,90.86,5.96
2026-04-15 01:53,88.18,6.1
2026-04-15 01:53,90.44,5.92
2026-04-15 01:53,106.85,5.47
2026-04-15 01:53,103.14,6.13
2026-04-15 01:53,91.49,6.44
2026-04-15 01:53,92.93,5.97
2026-04-15 01:53,91.79,6.03
2026-04-15 01:53,89.5,6.1
2026-04-15 01:53,89.33,6.01
2026-04-15 01:53,88.57,6.03
2026-04-15 01:53,88.6,6
2026-04-15 01:53,87.06,5.99
2026-04-15 01:53,87.97,6.04
2026-04-15 01:53,91.18,5.88
2026-04-15 01:53,90.57,6.03
2026-04-15 01:53,106.61,5.48
2026-04-15 01:53,89.29,6.71
2026-04-15 01:53,88.42,5.99
2026-04-15 01:53,94.73,5.82
2026-04-15 01:53,89.92,6.18
2026-04-15 01:53,89.3,6.02
2026-04-15 01:53,89.54,6
2026-04-15 01:53,89.44,6.01
2026-04-15 01:53,88.04,5.98
2026-04-15 01:53,87.48,6.1
2026-04-15 01:53,88.14,7.44
2026-04-15 01:53,88.04,6.02
2026-04-15 01:53,89.29,5.95
2026-04-15 01:53,98.35,5.7
2026-04-15 01:53,103.67,5.83
2026-04-15 01:53,88.79,6.59
2026-04-15 01:54,89.03,5.98
2026-04-15 01:54,88.26,6.04
2026-04-15 01:54,98.48,5.66
2026-04-15 01:54,114.57,5.42
2026-04-15 01:54,102.85,6.54
2026-04-15 01:54,108.05,5.78
2026-04-15 01:54,93.02,6.64
2026-04-15 01:54,90.94,6.08
2026-04-15 01:54,93.48,5.91
2026-04-15 01:54,85.5,6.31
2026-04-15 01:54,91.9,7.16
2026-04-15 01:54,115.29,5.26
2026-04-15 01:54,101.11,6.57
2026-04-15 01:54,88.61,6.49
2026-04-15 01:54,109.89,5.32
2026-04-15 01:54,87.15,6.95
2026-04-15 01:54,89.8,7.29
2026-04-15 01:54,84.53,6.24
2026-04-15 01:54,85.3,7.41
2026-04-15 01:54,85.76,7.54
2026-04-15 01:54,112.57,6.25
2026-04-15 01:54,88.56,7
2026-04-15 01:54,108.24,5.38
2026-04-15 01:54,108.01,6
2026-04-15 01:54,95.48,6.5
2026-04-15 01:54,97.41,5.9
2026-04-15 01:54,103.92,5.81
2026-04-15 01:54,84.89,6.78
2026-04-15 01:54,84.54,7.52
2026-04-15 01:54,86.89,7.38
2026-04-15 01:54,89.16,7.38
2026-04-15 01:54,108.03,5.38
2026-04-15 01:54,88.7,6.8
2026-04-15 01:54,89.08,5.99
2026-04-15 01:54,87.01,6.08
2026-04-15 01:54,88.01,7.45
2026-04-15 01:54,87.21,6.02
2026-04-15 01:54,87.26,7.5
2026-04-15 01:54,96.72,7.01
2026-04-15 01:54,96.9,5.88
2026-04-15 01:54,86.25,6.56
2026-04-15 01:54,86.03,7.51
2026-04-15 01:54,96.35,6.96
2026-04-15 01:54,83.93,6.49
2026-04-15 01:54,86.04,7.38
2026-04-15 01:54,96.11,6.95
2026-04-15 01:54,101.76,5.82
2026-04-15 01:54,110.12,5.71
2026-04-15 01:54,99.38,6.43
2026-04-15 01:54,98.44,6.03
2026-04-15 01:54,98.4,6.01
2026-04-15 01:54,95.75,6.09
2026-04-15 01:54,91.19,6.18
2026-04-15 01:54,86.33,6.18
2026-04-15 01:54,119.18,6.03
2026-04-15 01:54,86.07,7.49
2026-04-15 01:54,86.63,5.98
2026-04-15 01:54,106.75,6.53
2026-04-15 01:54,86.18,6.84
2026-04-15 01:54,90.43,7.27
2026-04-15 01:54,87.86,6.1
2026-04-15 01:54,88.76,7.46
2026-04-15 01:54,86.14,6.08
2026-04-15 01:54,86.16,7.52
2026-04-15 01:54,110.5,6.34
2026-04-15 01:54,97.04,6.53
2026-04-15 01:54,112.58,5.49
2026-04-15 01:54,87.26,7.08
2026-04-15 01:54,107.11,6.51
2026-04-15 01:54,99.36,6.31
2026-04-15 01:54,122.07,5.26
2026-04-15 01:54,86.37,6.04
2026-04-15 01:54,84.99,6.13
2026-04-15 01:54,90.46,7.21
2026-04-15 01:54,86.82,6.14
2026-04-15 01:54,89.43,7.35
2026-04-15 01:54,118.51,5.11
2026-04-15 01:54,90.71,7.22
2026-04-15 01:54,89.8,6.03
2026-04-15 01:54,88.86,6.04
2026-04-15 01:54,94.72,5.8
2026-04-15 01:54,114.14,5.3
2026-04-15 01:54,93.4,6.99
2026-04-15 01:54,88.37,6.18
2026-04-15 01:54,87.9,5.94
2026-04-15 01:54,93.95,5.88
2026-04-15 01:54,93.96,6
2026-04-15 01:54,92.77,6.04
2026-04-15 01:54,113.63,5.34
2026-04-15 01:54,98.09,6.62
2026-04-15 01:54,96.84,6.04
2026-04-15 01:54,110.11,5.56
2026-04-15 01:54,90.65,6.8
2026-04-15 01:54,91.62,5.96
2026-04-15 01:54,88.99,6.1
2026-04-15 01:54,87.59,6.05
2026-04-15 01:54,89.86,7.38
2026-04-15 01:54,88.69,6.05
2026-04-15 01:54,90.03,5.96
2026-04-15 01:54,114.26,5.23
2026-04-15 01:54,89.55,7.06
2026-04-15 01:54,88.12,6.06
2026-04-15 01:54,88.67,5.98
2026-04-15 01:54,88.87,6
2026-04-15 01:54,90.17,5.96
2026-04-15 01:54,92.02,5.93
2026-04-15 01:54,90.33,6.07
2026-04-15 01:54,88.58,6.07
2026-04-15 01:54,89.42,5.97
2026-04-15 01:54,88.29,5.97
2026-04-15 01:54,88.3,6.08
2026-04-15 01:54,87.81,6.02
2026-04-15 01:54,87.29,7.54
2026-04-15 01:54,109.64,6.43
2026-04-15 01:54,93.16,6.66
2026-04-15 01:54,95.58,5.91
2026-04-15 01:54,116.06,5.33
2026-04-15 01:54,89.38,7.18
2026-04-15 01:54,89.82,5.99
2026-04-15 01:54,99.29,5.65
2026-04-15 01:54,100.2,6.01
2026-04-15 01:54,91.46,6.34
2026-04-15 01:54,124.81,4.99
2026-04-15 01:54,87.48,6.17
2026-04-15 01:54,84.32,7.67
2026-04-15 01:54,90.09,7.2
2026-04-15 01:54,87.17,6.1
2026-04-15 01:54,87.1,7.42
2026-04-15 01:54,85.65,6.04
2026-04-15 01:54,85.13,7.64
2026-04-15 01:54,91.98,7.13
2026-04-15 01:54,112.79,5.33
2026-04-15 01:54,92.61,6.85
2026-04-15 01:54,92.54,6
2026-04-15 01:54,94.72,5.89
2026-04-15 01:54,88.13,6.29
2026-04-15 01:54,89.41,5.96
2026-04-15 01:54,90.22,5.98
2026-04-15 01:54,87.55,6.05
2026-04-15 01:54,88.33,6.03
2026-04-15 01:54,100.21,6.8
2026-04-15 01:54,87.67,6.56
2026-04-15 01:54,99.64,6.89
2026-04-15 01:54,83.65,6.64
2026-04-15 01:54,86.16,7.36
2026-04-15 01:54,85.19,7.56
2026-04-15 01:54,86.07,7.45
2026-04-15 01:54,85.28,7.56
2026-04-15 01:54,115.06,6.12
2026-04-15 01:54,91.18,7.01
2026-04-15 01:54,105.98,5.52
2026-04-15 01:54,119.94,5.54
2026-04-15 01:54,96.04,7.01
2026-04-15 01:54,87.62,6.24
2026-04-15 01:54,88.94,6.01
2026-04-15 01:54,88.59,6.02
2026-04-15 01:54,90.15,5.96
2026-04-15 01:54,93.72,5.87
2026-04-15 01:54,102.09,5.72
2026-04-15 01:54,88.86,6.52
2026-04-15 01:54,88.42,6.02
2026-04-15 01:54,94.4,5.79
2026-04-15 01:54,85.75,6.33
2026-04-15 01:54,87.08,7.36
2026-04-15 01:54,89.22,5.98
2026-04-15 01:54,97.19,5.73
2026-04-15 01:54,94.85,6.09
2026-04-15 01:54,83.94,6.42
2026-04-15 01:54,96.46,6.79
2026-04-15 01:54,86.61,6.44
2026-04-15 01:54,94.23,6.97
2026-04-15 01:54,85.04,6.46
2026-04-15 01:54,85.51,7.49
2026-04-15 01:54,84.77,7.54
2026-04-15 01:54,112.22,6.23
2026-04-15 01:54,88.75,6.98
2026-04-15 01:54,94.86,5.79
2026-04-15 01:54,83.83,6.43
2026-04-15 01:54,85.4,7.42
2026-04-15 01:54,84.5,7.56
2026-04-15 01:54,94.75,6.96
2026-04-15 01:54,84.43,6.41
2026-04-15 01:54,85.08,7.45
2026-04-15 01:54,84.27,7.5
2026-04-15 01:54,85.17,7.51
2026-04-15 01:54,84.4,7.55
2026-04-15 01:54,84.42,7.49
2026-04-15 01:54,96.06,6.91
2026-04-15 01:54,87.1,6.11
2026-04-15 01:54,86.31,6.26
2026-04-15 01:54,92.03,7.19
2026-04-15 01:54,91.52,6.02
2026-04-15 01:54,86.46,6.19
2026-04-15 01:54,84.95,7.56
2026-04-15 01:54,96.41,6.93
2026-04-15 01:54,85.62,6.39
2026-04-15 01:54,88.84,7.37
2026-04-15 01:54,88.13,6.03
2026-04-15 01:54,85.95,7.62
2026-04-15 01:54,91.18,7.23
2026-04-15 01:54,85.95,6.19
2026-04-15 01:54,92.64,7.1
2026-04-15 01:54,85.23,6.31
2026-04-15 01:54,85.59,7.49
2026-04-15 01:54,117.05,6.07
2026-04-15 01:54,86.81,7.34
2026-04-15 01:54,97.45,6.94
2026-04-15 01:54,86.8,6.42
2026-04-15 01:54,85.93,7.54
2026-04-15 01:54,96.36,6.97
2026-04-15 01:54,283.68,2.81
2026-04-15 01:54,90.62,7.22
2026-04-15 01:54,85,6.21
2026-04-15 01:54,106.28,6.47
2026-04-15 01:54,84.95,6.83
2026-04-15 01:54,88.39,7.36
2026-04-15 01:54,100.63,5.6
2026-04-15 01:54,84.1,6.67
2026-04-15 01:54,85.93,7.26
2026-04-15 01:54,86.34,6.08
2026-04-15 01:54,84.54,7.61
2026-04-15 01:54,89.71,7.23
2026-04-15 01:54,95.45,5.8
2026-04-15 01:54,85.6,6.36
2026-04-15 01:54,84.56,7.59
2026-04-15 01:54,84.99,7.48
2026-04-15 01:54,99.18,6.79
2026-04-15 01:54,87.82,6.44
2026-04-15 01:54,86.72,7.45
2026-04-15 01:54,87.02,6.07
2026-04-15 01:54,96.54,7
2026-04-15 01:54,90.13,6.24
2026-04-15 01:54,86.84,6.13
2026-04-15 01:54,112.54,6.29
2026-04-15 01:54,87.71,7.05
2026-04-15 01:54,89.99,7.37
2026-04-15 01:54,89.48,6.03
2026-04-15 01:54,87.41,6.08
2026-04-15 01:54,85.12,7.63
2026-04-15 01:54,89.36,7.27
2026-04-15 01:54,88.07,6.05
2026-04-15 01:54,99.08,5.63
2026-04-15 01:54,88.35,6.42
2026-04-15 01:54,91.61,5.88
2026-04-15 01:54,90.29,6.06
2026-04-15 01:54,93.21,5.9
2026-04-15 01:54,90.63,6.1
2026-04-15 01:54,87.66,6.1
2026-04-15 01:54,94.44,5.78
2026-04-15 01:54,88.57,6.21
2026-04-15 01:54,88.5,6.02
2026-04-15 01:54,88.86,5.99
2026-04-15 01:54,92.65,5.87
2026-04-15 01:54,90.98,6.07
2026-04-15 01:54,88.94,6.08
2026-04-15 01:54,91.06,5.92
2026-04-15 01:54,91.01,6.01
2026-04-15 01:54,89.46,6.06
2026-04-15 01:54,88.74,6.03
2026-04-15 01:54,97.64,5.66
2026-04-15 01:54,114.51,5.49
2026-04-15 01:54,101.68,6.5
2026-04-15 01:54,97.19,6.18
2026-04-15 01:54,100.64,5.88
2026-04-15 01:54,89.36,6.44
2026-04-15 01:54,98.1,5.7
2026-04-15 01:54,87.75,6.4
2026-04-15 01:54,89.31,7.42
2026-04-15 01:54,93.02,5.87
2026-04-15 01:54,86.12,6.26
2026-04-15 01:54,100.83,6.77
2026-04-15 01:54,107.71,5.75
2026-04-15 01:54,84.52,6.95
2026-04-15 01:54,87.47,7.4
2026-04-15 01:54,94.59,7.13
2026-04-15 01:54,86.44,6.3
2026-04-15 01:54,84.96,7.48
2026-04-15 01:54,101.86,6.73
2026-04-15 01:54,88.03,6.56
2026-04-15 01:54,86.86,7.56
2026-04-15 01:54,101.57,6.76
2026-04-15 01:54,88.52,6.47
2026-04-15 01:54,86.21,6.13
2026-04-15 01:54,83.71,7.64
2026-04-15 01:54,85.23,7.4
2026-04-15 01:54,101.83,6.69
2026-04-15 01:54,107.34,5.77
2026-04-15 01:54,91.57,6.68
2026-04-15 01:54,96.63,5.83
2026-04-15 01:54,87.36,6.36
2026-04-15 01:54,96.48,7.03
2026-04-15 01:54,89.81,6.25
2026-04-15 01:54,101.1,5.62
2026-04-15 01:54,110.5,5.67
2026-04-15 01:54,88.08,6.96
2026-04-15 01:54,98.4,5.64
2026-04-15 01:54,105.83,5.75
2026-04-15 01:54,96.09,6.38
2026-04-15 01:54,98.23,5.93
2026-04-15 01:54,106.32,5.71
2026-04-15 01:54,111.03,5.85
2026-04-15 01:54,98.46,6.5
2026-04-15 01:54,86.56,6.46
2026-04-15 01:54,92.33,7.1
2026-04-15 01:54,85.03,6.35
2026-04-15 01:54,93.89,7.03
2026-04-15 01:54,84.84,6.36
2026-04-15 01:54,110.92,6.27
2026-04-15 01:54,92.21,6.77
2026-04-15 01:54,103.98,5.52
2026-04-15 01:54,96.04,6.42
2026-04-15 01:54,85.14,6.42
2026-04-15 01:54,85.65,7.44
2026-04-15 01:54,94.98,7.05
2026-04-15 01:54,88.78,6.24
2026-04-15 01:54,107.09,5.4
2026-04-15 01:54,101.98,6.2
2026-04-15 01:54,104.97,5.89
2026-04-15 01:54,94.83,6.39
2026-04-15 01:54,89.51,6.2
2026-04-15 01:54,89.81,5.99
2026-04-15 01:54,95.93,5.79
2026-04-15 01:54,89.58,6.23
2026-04-15 01:54,95.72,5.8
2026-04-15 01:54,89.86,6.22
2026-04-15 01:54,97.83,5.6
2026-04-15 01:54,88.66,6.52
2026-04-15 01:54,111.25,5.28
2026-04-15 01:54,91.81,6.78
2026-04-15 01:54,89.72,6.1
2026-04-15 01:54,96.4,5.77
2026-04-15 01:54,96.63,5.99
2026-04-15 01:54,89.69,6.27
2026-04-15 01:54,100.06,5.64
2026-04-15 01:54,90.7,6.35
2026-04-15 01:54,94.01,5.9
2026-04-15 01:54,90.89,6.12
2026-04-15 01:54,91.42,5.98
2026-04-15 01:54,102.14,5.65
2026-04-15 01:54,91.01,6.43
2026-04-15 01:54,88.66,6.07
2026-04-15 01:54,88.74,6.01
2026-04-15 01:54,130.69,4.8
2026-04-15 01:54,87.73,6.37
2026-04-15 01:54,92.91,7.22
2026-04-15 01:54,101.5,5.7
2026-04-15 01:54,91.4,6.4
2026-04-15 01:54,96.95,5.8
2026-04-15 01:54,95.66,6.05
2026-04-15 01:54,86.69,6.34
2026-04-15 01:54,90.81,7.28
2026-04-15 01:54,86.16,6.17
2026-04-15 01:54,95.95,7
2026-04-15 01:54,87.33,6.32
2026-04-15 01:54,99.59,6.88
2026-04-15 01:54,98.58,5.99
2026-04-15 01:54,87.91,6.48
2026-04-15 01:54,96.54,6.97
2026-04-15 01:54,105.15,5.74
2026-04-15 01:54,85.71,6.82
2026-04-15 01:54,86.4,7.45
2026-04-15 01:54,84.91,7.43
2026-04-15 01:54,84.7,7.68
2026-04-15 01:54,88.98,7.27
2026-04-15 01:54,85.56,6.13
2026-04-15 01:54,87.59,7.39
2026-04-15 01:54,88.52,5.97
2026-04-15 01:54,87.04,6.06
2026-04-15 01:54,85.75,7.57
2026-04-15 01:54,94.41,7.06
2026-04-15 01:54,91.14,6.12
2026-04-15 01:54,88.83,6.08
2026-04-15 01:54,87.87,6.04
2026-04-15 01:54,87.83,5.96
2026-04-15 01:54,104.1,5.5
2026-04-15 01:54,87.58,6.67
2026-04-15 01:54,85.91,7.46
2026-04-15 01:54,107.79,5.37
2026-04-15 01:54,88.06,6.8
2026-04-15 01:54,103.56,5.5
2026-04-15 01:55,87.42,6.65
2026-04-15 01:55,87.64,7.46
2026-04-15 01:55,94.57,5.78
2026-04-15 01:55,87.46,6.28
2026-04-15 01:55,95.49,7.08
2026-04-15 01:55,88.85,6.25
2026-04-15 01:55,85.5,7.65
2026-04-15 01:55,107.62,6.47
2026-04-15 01:55,86.98,6.85
2026-04-15 01:55,123.32,4.92
2026-04-15 01:55,89.6,6.03
2026-04-15 01:55,84.4,6.2
2026-04-15 01:55,84.84,7.48
2026-04-15 01:55,88.08,7.29
2026-04-15 01:55,84.12,6.18
2026-04-15 01:55,91.7,7.06
2026-04-15 01:55,83.38,6.34
2026-04-15 01:55,88.73,7.21
2026-04-15 01:55,91.05,5.92
2026-04-15 01:55,87.94,6.12
2026-04-15 01:55,99.32,5.62
2026-04-15 01:55,87.79,6.44
2026-04-15 01:55,87.83,6.01
2026-04-15 01:55,88.98,7.42
2026-04-15 01:55,86.25,6.11
2026-04-15 01:55,86.06,7.52
2026-04-15 01:55,96.35,6.98
2026-04-15 01:55,87.22,6.35
2026-04-15 01:55,94.21,7.13
2026-04-15 01:55,86.31,6.26
2026-04-15 01:55,86.74,7.47
2026-04-15 01:55,104.89,6.63
2026-04-15 01:55,86.42,6.77
2026-04-15 01:55,89.6,7.33
2026-04-15 01:55,88,6.06
2026-04-15 01:55,88.75,5.98
2026-04-15 01:55,88.48,6.01
2026-04-15 01:55,87,6.06
2026-04-15 01:55,91.39,7.26
2026-04-15 01:55,89.66,6.07
2026-04-15 01:55,94.01,5.85
2026-04-15 01:55,88.73,6.19
2026-04-15 01:55,102.22,5.55
2026-04-15 01:55,90.1,6.49
2026-04-15 01:55,87.83,6.08
2026-04-15 01:55,89.63,5.92
2026-04-15 01:55,88.01,6.09
2026-04-15 01:55,86.79,6.04
2026-04-15 01:55,91.47,7.26
2026-04-15 01:55,88.23,6.12
2026-04-15 01:55,88.92,5.98
2026-04-15 01:55,92.37,5.88
2026-04-15 01:55,87.03,6.13
2026-04-15 01:55,87.52,6.06
2026-04-15 01:55,86.94,7.53
2026-04-15 01:55,106.44,6.55
2026-04-15 01:55,90.74,6.61
2026-04-15 01:55,87.52,6.13
2026-04-15 01:55,106.06,6.58
2026-04-15 01:55,104.06,6.08
2026-04-15 01:55,89.4,6.57
2026-04-15 01:55,92.91,5.88
2026-04-15 01:55,89.01,6.15
2026-04-15 01:55,87.23,6.06
2026-04-15 01:55,87.61,7.49
2026-04-15 01:55,99.58,6.88
2026-04-15 01:55,97.01,6.1
2026-04-15 01:55,84.9,6.41
2026-04-15 01:55,89.96,7.31
2026-04-15 01:55,100.75,5.64
2026-04-15 01:55,91.08,6.37
2026-04-15 01:55,100.33,5.69
2026-04-15 01:55,138.95,4.82
2026-04-15 01:55,140.04,4.92
2026-04-15 01:55,106.07,6.18
2026-04-15 01:55,110.2,5.86
2026-04-15 01:55,86.12,7.03
2026-04-15 01:55,85.71,7.51
2026-04-15 01:55,96.41,6.9
2026-04-15 01:55,90.99,6.25
2026-04-15 01:55,123.91,5.02
2026-04-15 01:55,88.07,6.05
2026-04-15 01:55,86.66,6.09
2026-04-15 01:55,88.48,7.4
2026-04-15 01:55,84.65,6.15
2026-04-15 01:55,84.63,7.51
2026-04-15 01:55,96.07,6.91
2026-04-15 01:55,88.34,6.29
2026-04-15 01:55,88.82,5.99
2026-04-15 01:55,122.09,5
2026-04-15 01:55,91.64,5.91
2026-04-15 01:55,95.14,5.86
2026-04-15 01:55,88.76,6.26
2026-04-15 01:55,97.65,5.69
2026-04-15 01:55,98,6
2026-04-15 01:55,98.1,6
2026-04-15 01:55,89.68,6.32
2026-04-15 01:55,104.11,5.51
2026-04-15 01:55,88.18,6.65
2026-04-15 01:55,87.29,7.55
2026-04-15 01:55,105.13,6.62
2026-04-15 01:55,88.58,6.66
2026-04-15 01:55,89.03,5.98
2026-04-15 01:55,90.28,5.96
2026-04-15 01:55,100.88,5.63
2026-04-15 01:55,88.05,6.52
2026-04-15 01:55,116.44,5.12
2026-04-15 01:55,92.05,7.05
2026-04-15 01:55,91.16,6.03
2026-04-15 01:55,88.16,6.12
2026-04-15 01:55,241.74,3.1
2026-04-15 01:55,109.66,6.03
2026-04-15 01:55,90.78,6.73
2026-04-15 01:55,98.9,5.69
2026-04-15 01:55,96.84,6.14
2026-04-15 01:55,91.18,6.22
2026-04-15 01:55,95.09,5.86
2026-04-15 01:55,89.39,6.21
2026-04-15 01:55,89.72,5.99
2026-04-15 01:55,90.39,5.97
2026-04-15 01:55,86.24,6.14
2026-04-15 01:55,87.53,7.48
2026-04-15 01:55,98.44,6.94
2026-04-15 01:55,90.88,6.28
2026-04-15 01:55,89.77,6.04
2026-04-15 01:55,107.99,5.41
2026-04-15 01:55,89.41,6.75
2026-04-15 01:55,93.89,5.85
2026-04-15 01:55,92.48,6.02
2026-04-15 01:55,87.44,6.22
2026-04-15 01:55,89.11,5.93
2026-04-15 01:55,89.89,5.98
2026-04-15 01:55,89.36,6.03
2026-04-15 01:55,89.54,6
2026-04-15 01:55,86.92,6.03
2026-04-15 01:55,87.46,6.04
2026-04-15 01:55,90.5,7.33
2026-04-15 01:55,88.87,6.06
2026-04-15 01:55,94.14,5.74
2026-04-15 01:55,99.11,5.92
2026-04-15 01:55,88.44,6.41
2026-04-15 01:55,89.1,5.97
2026-04-15 01:55,89.81,5.98
2026-04-15 01:55,90.19,5.99
2026-04-15 01:55,92.08,5.94
2026-04-15 01:55,90.18,6.07
2026-04-15 01:55,89.23,6.04
2026-04-15 01:55,89.97,5.98
2026-04-15 01:55,89.49,6.02
2026-04-15 01:55,102.24,5.58
2026-04-15 01:55,88.48,6.54
2026-04-15 01:55,96.42,5.73
2026-04-15 01:55,90.69,6.22
2026-04-15 01:55,90.05,6.03
2026-04-15 01:55,87.62,6.03
2026-04-15 01:55,101.83,5.59
2026-04-15 01:55,96.13,6.21
2026-04-15 01:55,88.85,6.28
2026-04-15 01:55,105.53,5.45
2026-04-15 01:55,88.34,6.7
2026-04-15 01:55,87.48,6.03
2026-04-15 01:55,96.65,7.02
2026-04-15 01:55,85.92,6.42
2026-04-15 01:55,88.38,7.3
2026-04-15 01:55,89.61,6.01
2026-04-15 01:55,87.81,6.07
2026-04-15 01:55,89.41,5.95
2026-04-15 01:55,102.55,5.56
2026-04-15 01:55,97.52,6.14
2026-04-15 01:55,87.23,6.43
2026-04-15 01:55,87.73,7.5
2026-04-15 01:55,99.59,6.84
2026-04-15 01:55,87.59,6.4
2026-04-15 01:55,95.4,5.69
2026-04-15 01:55,94.18,6.19
2026-04-15 01:55,96.23,5.93
2026-04-15 01:55,88.04,6.32
2026-04-15 01:55,92.09,5.86
2026-04-15 01:55,91.78,6
2026-04-15 01:55,90.02,6.07
2026-04-15 01:55,108.16,5.37
2026-04-15 01:55,102.25,6.28
2026-04-15 01:55,87.91,6.57
2026-04-15 01:55,87.79,7.47
2026-04-15 01:55,104.03,5.49
2026-04-15 01:55,87.06,6.68
2026-04-15 01:55,93.43,7.16
2026-04-15 01:55,88.62,6.02
2026-04-15 01:55,87.66,6.2
2026-04-15 01:55,86.84,6.02
2026-04-15 01:55,108.52,6.46
2026-04-15 01:55,88.34,6.83
2026-04-15 01:55,91.44,5.89
2026-04-15 01:55,85.44,6.23
2026-04-15 01:55,86.02,7.05
2026-04-15 01:55,90.08,6.1
2026-04-15 01:55,90.5,6.03
2026-04-15 01:55,86.17,6.12
2026-04-15 01:55,88.41,7.44
2026-04-15 01:55,94.53,5.78
2026-04-15 01:55,101.65,5.75
2026-04-15 01:55,89.3,6.48
2026-04-15 01:55,86.88,6.1
2026-04-15 01:55,100.82,6.79
2026-04-15 01:55,98.32,6.1
2026-04-15 01:55,88.91,6.34
2026-04-15 01:55,85.31,6.16
2026-04-15 01:55,89.72,7.26
2026-04-15 01:55,105.32,5.49
2026-04-15 01:55,115.11,5.63
2026-04-15 01:55,99.65,6.66
2026-04-15 01:55,85.26,6.58
2026-04-15 01:55,86.94,7.36
2026-04-15 01:55,93.08,7.21
2026-04-15 01:55,98.54,5.82
2026-04-15 01:55,95.14,6.12
2026-04-15 01:55,89.24,6.19
2026-04-15 01:55,87.94,6.09
2026-04-15 01:55,89.45,5.95
2026-04-15 01:55,98.02,5.7
2026-04-15 01:55,88.17,6.39
2026-04-15 01:55,92.68,5.85
2026-04-15 01:55,89.8,6.11
2026-04-15 01:55,97.1,5.74
2026-04-15 01:55,90.35,6.26
2026-04-15 01:55,92.5,5.93
2026-04-15 01:55,90.09,6.09
2026-04-15 01:55,88.31,6.07
2026-04-15 01:55,92.34,5.86
2026-04-15 01:55,92.28,6
2026-04-15 01:55,89.53,6.1
2026-04-15 01:55,95.54,5.79
2026-04-15 01:55,108.6,5.56
2026-04-15 01:55,104.67,6.15
2026-04-15 01:55,89.68,6.6
2026-04-15 01:55,88.18,6.06
2026-04-15 01:55,95.21,7.14
2026-04-15 01:55,95.93,5.97
2026-04-15 01:55,86.9,6.35
2026-04-15 01:55,87.26,7.47
2026-04-15 01:55,87.52,6
2026-04-15 01:55,88.37,7.37
2026-04-15 01:55,88.34,6.06
2026-04-15 01:55,86.74,6.06
2026-04-15 01:55,95.74,7.02
2026-04-15 01:55,87.89,6.29
2026-04-15 01:55,91.69,5.88
2026-04-15 01:55,93.04,5.96
2026-04-15 01:55,88.31,6.17
2026-04-15 01:55,95.76,5.74
2026-04-15 01:55,103.66,5.74
2026-04-15 01:55,93.51,6.4
2026-04-15 01:55,92,6.05
2026-04-15 01:55,90.56,6.06
2026-04-15 01:55,95.32,5.84
2026-04-15 01:55,93.82,6.05
2026-04-15 01:55,88.42,6.21
2026-04-15 01:55,88.54,6.01
2026-04-15 01:55,107.21,5.4
2026-04-15 01:55,90.47,6.68
2026-04-15 01:55,88.39,6.07
2026-04-15 01:55,88.27,6.01
2026-04-15 01:55,88.67,5.99
2026-04-15 01:55,92.38,5.88
2026-04-15 01:55,110.97,5.39
2026-04-15 01:55,87.97,6.99
2026-04-15 01:55,92.85,5.83
2026-04-15 01:55,88.65,6.16
2026-04-15 01:55,88.38,6.01
2026-04-15 01:55,89.36,5.97
2026-04-15 01:55,92.85,5.87
2026-04-15 01:55,87.72,6.2
2026-04-15 01:55,86.39,7.56
2026-04-15 01:55,110.55,6.36
2026-04-15 01:55,89.14,6.89
2026-04-15 01:55,96.72,5.74
2026-04-15 01:55,89.15,6.3
2026-04-15 01:55,88.01,6.02
2026-04-15 01:55,106.01,6.51
2026-04-15 01:55,91.64,6.64
2026-04-15 01:55,111.77,5.39
2026-04-15 01:55,92.2,6.8
2026-04-15 01:55,88.71,6.03
2026-04-15 01:55,93.91,5.92
2026-04-15 01:55,91.6,6.02
2026-04-15 01:55,90.13,6.12
2026-04-15 01:55,88.84,6.05
2026-04-15 01:55,88.22,6.03
2026-04-15 01:55,89.28,5.96
2026-04-15 01:55,90.28,5.96
2026-04-15 01:55,88.91,6.06
2026-04-15 01:55,97.66,7.02
2026-04-15 01:55,100.88,5.9
2026-04-15 01:55,88.68,6.48
2026-04-15 01:55,90.66,5.93
2026-04-15 01:55,90.1,6.03
2026-04-15 01:55,90.16,6
2026-04-15 01:55,94.05,5.86
2026-04-15 01:55,89.59,6.17
2026-04-15 01:55,87.24,6.08
2026-04-15 01:55,84.97,7.65
2026-04-15 01:55,88.62,7.29
2026-04-15 01:55,106.47,5.43
2026-04-15 01:55,89.07,6.7
2026-04-15 01:55,122.05,4.95
2026-04-15 01:55,92.19,5.96
2026-04-15 01:55,86.32,6.21
2026-04-15 01:55,85.11,7.57
2026-04-15 01:55,84.26,7.57
2026-04-15 01:55,87.78,7.31
2026-04-15 01:55,86.7,6.04
2026-04-15 01:55,85.14,7.59
2026-04-15 01:55,111.41,6.27
2026-04-15 01:55,89.96,6.89
2026-04-15 01:55,91.31,5.95
2026-04-15 01:55,88.89,6.09
2026-04-15 01:55,89.53,5.98
2026-04-15 01:55,89.89,5.99
2026-04-15 01:55,103.01,5.57
2026-04-15 01:55,96.63,6.23
2026-04-15 01:55,97.27,5.98
2026-04-15 01:55,111.11,5.54
2026-04-15 01:55,93.01,6.74
2026-04-15 01:55,94.11,5.96
2026-04-15 01:55,90.77,6.12
2026-04-15 01:55,103.54,5.58
2026-04-15 01:55,104.65,5.93
2026-04-15 01:55,102.3,6.1
2026-04-15 01:55,87.03,6.6
2026-04-15 01:55,89.63,7.39
2026-04-15 01:55,90.7,5.97
2026-04-15 01:55,87.91,6.1
2026-04-15 01:55,103.5,6.67
2026-04-15 01:55,92.95,6.44
2026-04-15 01:55,89.87,6.13
2026-04-15 01:55,96.18,5.77
2026-04-15 01:55,85.62,6.43
2026-04-15 01:55,87.66,7.39
2026-04-15 01:55,91.68,7.28
2026-04-15 01:55,96.57,5.83
2026-04-15 01:55,92.31,6.17
2026-04-15 01:55,109.08,5.45
2026-04-15 01:55,89.63,6.8
2026-04-15 01:55,94.49,5.84
2026-04-15 01:55,85.38,6.35
2026-04-15 01:55,84.63,7.47
2026-04-15 01:55,88.24,7.37
2026-04-15 01:55,87.83,6.01
2026-04-15 01:55,85.42,7.65
2026-04-15 01:55,103.97,6.5
2026-04-15 01:55,85.95,6.83
2026-04-15 01:55,84.95,7.49
2026-04-15 01:55,90.67,7.2
2026-04-15 01:55,86.46,6.2
2026-04-15 01:55,100.02,6.81
2026-04-15 01:55,93.52,6.24
2026-04-15 01:55,100,5.78
2026-04-15 01:55,92.8,6.27
2026-04-15 01:55,91.78,6.04
2026-04-15 01:55,88.4,6.13
2026-04-15 01:55,108.2,5.36
2026-04-15 01:55,88.03,6.84
2026-04-15 01:55,93.04,5.82
2026-04-15 01:55,90.12,6.11
2026-04-15 01:55,89.03,6.05
2026-04-15 01:55,89.97,5.96
2026-04-15 01:55,87.78,6.07
2026-04-15 01:55,110.19,5.3
2026-04-15 01:55,88.41,6.91
2026-04-15 01:55,96.45,5.72
2026-04-15 01:55,110.04,5.55
2026-04-15 01:55,87.44,6.94
2026-04-15 01:55,105.06,6.61
2026-04-15 01:56,91.8,6.52
2026-04-15 01:56,111.06,5.39
2026-04-15 01:56,117.97,5.76
2026-04-15 01:56,91.77,7.13
2026-04-15 01:56,90.05,6.02
2026-04-15 01:56,92.21,5.96
2026-04-15 01:56,92.54,5.99
2026-04-15 01:56,91.17,6.05
2026-04-15 01:56,91.66,5.99
2026-04-15 01:56,102.07,5.65
2026-04-15 01:56,91.17,6.42
2026-04-15 01:56,94.8,5.88
2026-04-15 01:56,88.44,6.22
2026-04-15 01:56,86.81,6.08
2026-04-15 01:56,120.4,5.99
2026-04-15 01:56,92.56,7.22
2026-04-15 01:56,95.24,5.89
2026-04-15 01:56,87.69,6.3
2026-04-15 01:56,101.3,6.81
2026-04-15 01:56,96.88,6.17
2026-04-15 01:56,97.12,6
2026-04-15 01:56,104.3,5.68
2026-04-15 01:56,107.42,5.93
2026-04-15 01:56,114.65,5.76
2026-04-15 01:56,89.48,7.03
2026-04-15 01:56,92.76,5.94
2026-04-15 01:56,90.18,6.08
2026-04-15 01:56,89.28,6.01
2026-04-15 01:56,108.91,5.37
2026-04-15 01:56,94.62,6.62
2026-04-15 01:56,91.57,6.12
2026-04-15 01:56,89.31,6.08
2026-04-15 01:56,90.68,5.95
2026-04-15 01:56,90.21,6.03
2026-04-15 01:56,94.13,5.86
2026-04-15 01:56,89.92,6.15
2026-04-15 01:56,87.75,6.09
2026-04-15 01:56,86.82,7.46
2026-04-15 01:56,107.49,5.39
2026-04-15 01:56,110.8,5.89
2026-04-15 01:56,91.2,6.8
2026-04-15 01:56,90.01,6.05
2026-04-15 01:56,93.32,5.89
2026-04-15 01:56,89.76,6.12
2026-04-15 01:56,88.81,6.05
2026-04-15 01:56,96.94,5.73
2026-04-15 01:56,100.66,5.87
2026-04-15 01:56,90.25,6.4
2026-04-15 01:56,92.45,5.89
2026-04-15 01:56,104.74,5.62
2026-04-15 01:56,91.8,6.43
2026-04-15 01:56,88.12,6.21
2026-04-15 01:56,89.89,5.94
2026-04-15 01:56,240,3.14
2026-04-15 01:56,138.75,5.08
2026-04-15 01:56,104.1,6.05
2026-04-15 01:56,90.51,6.53
2026-04-15 01:56,89.58,6.04
2026-04-15 01:56,88.28,6.05
2026-04-15 01:56,87.22,5.98
2026-04-15 01:56,90.5,5.94
2026-04-15 01:56,90.54,6.01
2026-04-15 01:56,89.16,6.05
2026-04-15 01:56,88.04,6.04
2026-04-15 01:56,88.84,7.45
2026-04-15 01:56,88.75,6.02
2026-04-15 01:56,88.68,7.48
2026-04-15 01:56,87.31,6.07
2026-04-15 01:56,91.13,5.82
2026-04-15 01:56,88.31,6.17
2026-04-15 01:56,91.01,5.9
2026-04-15 01:56,91.87,5.98
2026-04-15 01:56,90.21,6.05
2026-04-15 01:56,90.88,5.97
2026-04-15 01:56,87.86,6.11
2026-04-15 01:56,87.96,6.01
2026-04-15 01:56,88.13,7.49
2026-04-15 01:56,89.18,5.97
2026-04-15 01:56,92.22,5.9
2026-04-15 01:56,89.49,6.1
2026-04-15 01:56,89.44,6
2026-04-15 01:56,87.57,6.06
2026-04-15 01:56,94.58,5.76
2026-04-15 01:56,91.26,6.11
2026-04-15 01:56,93.81,5.92
2026-04-15 01:56,89.14,6.18
2026-04-15 01:56,87.71,6.05
2026-04-15 01:56,89.41,7.41
2026-04-15 01:56,90.18,5.97
2026-04-15 01:56,89.93,6.02
2026-04-15 01:56,94.92,5.79
2026-04-15 01:56,89.81,6.24
2026-04-15 01:56,103.24,5.56
2026-04-15 01:56,87.76,6.61
2026-04-15 01:56,100.88,5.57
2026-04-15 01:56,86.84,6.56
2026-04-15 01:56,84.65,7.6
2026-04-15 01:56,91.18,7.11
2026-04-15 01:56,84.88,6.29
2026-04-15 01:56,105.44,6.51
2026-04-15 01:56,87.13,6.73
2026-04-15 01:56,88.43,7.42
2026-04-15 01:56,87.97,6.03
2026-04-15 01:56,88.05,5.96
2026-04-15 01:56,96.36,5.75
2026-04-15 01:56,86.62,6.38
2026-04-15 01:56,97.34,6.75
2026-04-15 01:56,89.82,6.44
2026-04-15 01:56,92.63,5.92
2026-04-15 01:56,85.87,6.21
2026-04-15 01:56,84.2,7.66
2026-04-15 01:56,100.6,6.67
2026-04-15 01:56,98,6.1
2026-04-15 01:56,88.7,6.36
2026-04-15 01:56,88.46,6.01
2026-04-15 01:56,88.52,6
2026-04-15 01:56,97.67,5.69
2026-04-15 01:56,86.19,6.45
2026-04-15 01:56,99.86,6.8
2026-04-15 01:56,86.64,6.44
2026-04-15 01:56,94.21,5.81
2026-04-15 01:56,91.18,6.12
2026-04-15 01:56,91.13,5.95
2026-04-15 01:56,86.21,6.24
2026-04-15 01:56,90.57,7.26
2026-04-15 01:56,95.45,5.83
2026-04-15 01:56,94.54,6.04
2026-04-15 01:56,86.97,6.29
2026-04-15 01:56,86.44,7.53
2026-04-15 01:56,87,7.46
2026-04-15 01:56,86.5,7.44
2026-04-15 01:56,84.52,6.14
2026-04-15 01:56,84.09,7.53
2026-04-15 01:56,100.31,6.69
2026-04-15 01:56,110.02,5.67
2026-04-15 01:56,87.33,6.95
2026-04-15 01:56,88.48,7.44
2026-04-15 01:56,87.66,6.03
2026-04-15 01:56,89.22,5.89
2026-04-15 01:56,90.75,6.01
2026-04-15 01:56,109.79,5.39
2026-04-15 01:56,96.29,6.53
2026-04-15 01:56,94.56,6.06
2026-04-15 01:56,99.39,5.84
2026-04-15 01:56,89.48,6.38
2026-04-15 01:56,92.72,5.88
2026-04-15 01:56,89.99,6.08
2026-04-15 01:56,88.81,6.07
2026-04-15 01:56,92.72,5.87
2026-04-15 01:56,93.64,5.96
2026-04-15 01:56,107.69,5.55
2026-04-15 01:56,110.85,5.89
2026-04-15 01:56,86.84,7.02
2026-04-15 01:56,87.36,7.44
2026-04-15 01:56,90.41,7.35
2026-04-15 01:56,85.63,6.17
2026-04-15 01:56,84.57,7.6
2026-04-15 01:56,97.96,6.82
2026-04-15 01:56,96.85,6.04
2026-04-15 01:56,84.4,6.49
2026-04-15 01:56,85.47,7.44
2026-04-15 01:56,91.8,7.17
2026-04-15 01:56,89.49,6
2026-04-15 01:56,86.91,6.19
2026-04-15 01:56,85.56,7.58
2026-04-15 01:56,84.43,7.57
2026-04-15 01:56,94.7,6.92
2026-04-15 01:56,93.21,6.1
2026-04-15 01:56,96.25,5.89
2026-04-15 01:56,88.68,6.3
2026-04-15 01:56,88.06,6
2026-04-15 01:56,90.71,7.38
2026-04-15 01:56,95.44,5.84
2026-04-15 01:56,94.3,6.04
2026-04-15 01:56,88.84,6.22
2026-04-15 01:56,88.37,6
2026-04-15 01:56,101.29,5.56
2026-04-15 01:56,94.09,6.3
2026-04-15 01:56,87.82,6.25
2026-04-15 01:56,87.46,6.02
2026-04-15 01:56,89.76,7.26
2026-04-15 01:56,92.4,5.97
2026-04-15 01:56,116.96,5.24
2026-04-15 01:56,91.19,7.09
2026-04-15 01:56,92.98,5.94
2026-04-15 01:56,89.06,6.15
2026-04-15 01:56,94.39,5.82
2026-04-15 01:56,103.54,5.69
2026-04-15 01:56,90.42,6.51
2026-04-15 01:56,89.04,6.05
2026-04-15 01:56,111.44,5.29
2026-04-15 01:56,93.39,6.74
2026-04-15 01:56,94.09,5.97
2026-04-15 01:56,89.46,6.18
2026-04-15 01:56,91.26,5.94
2026-04-15 01:56,88.62,6.1
2026-04-15 01:56,92.61,5.87
2026-04-15 01:56,86.59,6.23
2026-04-15 01:56,85.46,7.57
2026-04-15 01:56,90.62,7.22
2026-04-15 01:56,100.75,5.65
2026-04-15 01:56,85.42,6.62
2026-04-15 01:56,95.95,6.96
2026-04-15 01:56,85.66,6.39
2026-04-15 01:56,97.43,6.9
2026-04-15 01:56,90.57,6.26
2026-04-15 01:56,95.82,5.82
2026-04-15 01:56,99.75,5.7
2026-04-15 01:56,103.67,5.99
2026-04-15 01:56,90.58,6.56
2026-04-15 01:56,84.84,6.2
2026-04-15 01:56,97.5,6.8
2026-04-15 01:56,88.37,6.4
2026-04-15 01:56,87.62,6.05
2026-04-15 01:56,87.2,7.53
2026-04-15 01:56,98.02,6.91
2026-04-15 01:56,102.65,5.85
2026-04-15 01:56,106.21,5.89
2026-04-15 01:56,83.87,6.92
2026-04-15 01:56,94.28,6.97
2026-04-15 01:56,89.63,6.16
2026-04-15 01:56,92.98,5.89
2026-04-15 01:56,93.9,5.91
2026-04-15 01:56,87.5,6.3
2026-04-15 01:56,84.73,7.67
2026-04-15 01:56,83.88,7.54
2026-04-15 01:56,84.11,7.49
2026-04-15 01:56,96.23,6.89
2026-04-15 01:56,94.28,6.05
2026-04-15 01:56,86.15,6.34
2026-04-15 01:56,90.18,7.27
2026-04-15 01:56,91.18,5.97
2026-04-15 01:56,94.58,5.87
2026-04-15 01:56,107.42,5.56
2026-04-15 01:56,91.87,6.66
2026-04-15 01:56,88.23,6.14
2026-04-15 01:56,88.44,6
2026-04-15 01:56,85.89,6.1
2026-04-15 01:56,87.42,7.4
2026-04-15 01:56,92.51,7.24
2026-04-15 01:56,84.32,6.32
2026-04-15 01:56,83.76,7.54
2026-04-15 01:56,88.52,7.25
2026-04-15 01:56,97,5.71
2026-04-15 01:56,99.61,5.91
2026-04-15 01:56,85.86,6.55
2026-04-15 01:56,93.88,7.07
2026-04-15 01:56,96.98,5.88
2026-04-15 01:56,87.82,6.38
2026-04-15 01:56,86.34,7.58
2026-04-15 01:56,87.87,7.43
2026-04-15 01:56,84.99,7.67
2026-04-15 01:56,85.09,7.46
2026-04-15 01:56,85.21,7.54
2026-04-15 01:56,89.45,7.17
2026-04-15 01:56,84.98,6.23
2026-04-15 01:56,83.97,7.57
2026-04-15 01:56,93.65,6.99
2026-04-15 01:56,86.79,6.26
2026-04-15 01:56,101.44,6.75
2026-04-15 01:56,89.72,6.47
2026-04-15 01:56,86.79,6.1
2026-04-15 01:56,88.33,7.42
2026-04-15 01:56,85.27,6.13
2026-04-15 01:56,96.65,6.92
2026-04-15 01:56,90.24,6.21
2026-04-15 01:56,86.26,6.18
2026-04-15 01:56,85.86,7.51
2026-04-15 01:56,105.59,6.54
2026-04-15 01:56,86.9,6.76
2026-04-15 01:56,93.08,7.15
2026-04-15 01:56,87.47,6.23
2026-04-15 01:56,88.2,7.47
2026-04-15 01:56,103.26,6.73
2026-04-15 01:56,91.74,6.45
2026-04-15 01:56,95.53,5.87
2026-04-15 01:56,96.74,5.96
2026-04-15 01:56,99.85,5.89
2026-04-15 01:56,103.63,5.87
2026-04-15 01:56,86.49,6.7
2026-04-15 01:56,92.02,7.17
2026-04-15 01:56,87.87,6.18
2026-04-15 01:56,90.08,5.93
2026-04-15 01:56,118.83,5.11
2026-04-15 01:56,92.91,7.03
2026-04-15 01:56,88.69,6.22
2026-04-15 01:56,85.29,6.13
2026-04-15 01:56,88.5,7.28
2026-04-15 01:56,89.8,5.99
2026-04-15 01:56,87.31,6.09
2026-04-15 01:56,89.05,7.41
2026-04-15 01:56,85.15,6.15
2026-04-15 01:56,92.12,7.05
2026-04-15 01:56,102.01,5.72
2026-04-15 01:56,86.61,6.61
2026-04-15 01:56,85.38,7.41
2026-04-15 01:56,102.17,5.55
2026-04-15 01:56,88.27,6.54
2026-04-15 01:56,86.92,6.06
2026-04-15 01:56,114.25,6.22
2026-04-15 01:56,97.21,6.6
2026-04-15 01:56,124.21,5.22
2026-04-15 01:56,85.69,6.2
2026-04-15 01:56,83.68,7.61
2026-04-15 01:56,104.49,6.49
2026-04-15 01:56,100.13,6.17
2026-04-15 01:56,103.49,5.88
2026-04-15 01:56,86.02,6.71
2026-04-15 01:56,118.05,5.98
2026-04-15 01:56,86.13,7.51
2026-04-15 01:56,88.87,7.37
2026-04-15 01:56,86.24,6.04
2026-04-15 01:56,91.79,5.86
2026-04-15 01:56,93,5.95
2026-04-15 01:56,88.55,6.17
2026-04-15 01:56,88.87,5.99
2026-04-15 01:56,96.32,5.73
2026-04-15 01:56,90.12,6.25
2026-04-15 01:56,87.91,6.09
2026-04-15 01:56,86.61,7.55
2026-04-15 01:56,92.78,7.2
2026-04-15 01:56,87.01,6.19
2026-04-15 01:56,90.79,7.33
2026-04-15 01:56,331.89,2.45
2026-04-15 01:56,105.05,5.74
2026-04-15 01:56,88.3,6.74
2026-04-15 01:56,88.65,5.99
2026-04-15 01:56,84.98,6.14
2026-04-15 01:56,90.14,7.22
2026-04-15 01:56,99.03,5.7
2026-04-15 01:56,87.94,6.43
2026-04-15 01:56,91.57,5.88
2026-04-15 01:56,87.84,6.13
2026-04-15 01:56,91.06,5.9
2026-04-15 01:56,89.52,6.05
2026-04-15 01:56,85.76,6.15
2026-04-15 01:56,114.17,6.15
2026-04-15 01:56,86.3,7.27
2026-04-15 01:56,105.22,6.56
2026-04-15 01:56,91.32,6.53
2026-04-15 01:56,92.26,5.83
2026-04-15 01:56,88.98,6.3
2026-04-15 01:56,92.46,5.88
2026-04-15 01:56,116.17,5.2
2026-04-15 01:56,85.42,7.46
2026-04-15 01:56,103.96,6.6
2026-04-15 01:56,93.25,6.4
2026-04-15 01:56,95.28,5.92
2026-04-15 01:56,89.12,6.25
2026-04-15 01:56,90.37,5.95
2026-04-15 01:56,93.36,5.87
2026-04-15 01:56,85.46,6.34
2026-04-15 01:56,84.34,7.56
2026-04-15 01:56,88.3,7.29
2026-04-15 01:56,94.2,5.79
2026-04-15 01:56,84.05,6.4
2026-04-15 01:56,88.75,7.23
2026-04-15 01:56,87.42,6.06
2026-04-15 01:56,84.37,7.69
2026-04-15 01:56,88.13,7.29
2026-04-15 01:56,103.7,5.49
2026-04-15 01:56,89.72,6.56
2026-04-15 01:56,97.82,5.72
2026-04-15 01:56,88.98,6.34
2026-04-15 01:56,91.86,5.84
2026-04-15 01:56,88.24,6.2
2026-04-15 01:56,98.47,5.67
2026-04-15 01:56,88.56,6.38
2026-04-15 01:56,134.39,4.7
2026-04-15 01:56,116.87,5.48
2026-04-15 01:56,87.8,7.28
2026-04-15 01:56,88.88,5.95
2026-04-15 01:56,87.79,6.05
2026-04-15 01:56,101.42,6.75
2026-04-15 01:56,93.8,6.34
2026-04-15 01:56,87.25,6.24
2026-04-15 01:57,86.78,7.39
2026-04-15 01:57,86.86,6.09
2026-04-15 01:57,85.66,7.49
2026-04-15 01:57,106.37,6.56
2026-04-15 01:57,123.63,5.44
2026-04-15 01:57,90.73,5.99
2026-04-15 01:57,97.14,5.74
2026-04-15 01:57,86.31,6.47
2026-04-15 01:57,87.12,7.32
2026-04-15 01:57,85.74,6.15
2026-04-15 01:57,94.9,7.03
2026-04-15 01:57,105.03,5.65
2026-04-15 01:57,87.34,6.72
2026-04-15 01:57,89.58,7.38
2026-04-15 01:57,88.3,6.05
2026-04-15 01:57,89.98,5.9
2026-04-15 01:57,87,6.16
2026-04-15 01:57,87.34,7.45
2026-04-15 01:57,105.38,5.43
2026-04-15 01:57,120.77,5.5
2026-04-15 01:57,90.22,7.35
2026-04-15 01:57,88.24,6.07
2026-04-15 01:57,87.36,5.96
2026-04-15 01:57,98.88,5.68
2026-04-15 01:57,110.74,5.6
2026-04-15 01:57,93.6,6.68
2026-04-15 01:57,89.9,6.15
2026-04-15 01:57,88.49,6.06
2026-04-15 01:57,87.94,5.98
2026-04-15 01:57,92.32,5.88
2026-04-15 01:57,89.47,6.11
2026-04-15 01:57,87.14,6.08
2026-04-15 01:57,89.76,7.36
2026-04-15 01:57,90.65,5.97
2026-04-15 01:57,104.97,5.53
2026-04-15 01:57,90.63,6.41
2026-04-15 01:57,89.54,6.18
2026-04-15 01:57,85.91,6.13
2026-04-15 01:57,90.87,7.24
2026-04-15 01:57,107.42,5.47
2026-04-15 01:57,90.49,6.69
2026-04-15 01:57,109.59,5.36
2026-04-15 01:57,86.96,6.98
2026-04-15 01:57,106.35,6.55
2026-04-15 01:57,108.48,5.91
2026-04-15 01:57,88.05,6.85
2026-04-15 01:57,90.49,7.35
2026-04-15 01:57,96.59,5.81
2026-04-15 01:57,89.15,6.28
2026-04-15 01:57,90.85,5.94
2026-04-15 01:57,89.75,6.05
2026-04-15 01:57,88.75,6.03
2026-04-15 01:57,89.75,5.97
2026-04-15 01:57,90.87,5.96
2026-04-15 01:57,87.86,6.11
2026-04-15 01:57,128.69,4.82
2026-04-15 01:57,111.68,5.46
2026-04-15 01:57,87.42,6.87
2026-04-15 01:57,98.9,5.67
2026-04-15 01:57,95.71,6.16
2026-04-15 01:57,111.24,5.52
2026-04-15 01:57,88.53,6.92
2026-04-15 01:57,97.71,7.03
2026-04-15 01:57,101.3,5.88
2026-04-15 01:57,88.72,6.5
2026-04-15 01:57,105.99,5.43
2026-04-15 01:57,92.06,6.55
2026-04-15 01:57,102.04,5.66
2026-04-15 01:57,93.03,6.36
2026-04-15 01:57,90.86,6.08
2026-04-15 01:57,91.81,5.96
2026-04-15 01:57,97.17,5.83
2026-04-15 01:57,94.78,6.05
2026-04-15 01:57,87.15,6.33
2026-04-15 01:57,94.56,7.01
2026-04-15 01:57,90.45,6.1
2026-04-15 01:57,88.41,6.21
2026-04-15 01:57,94.05,5.81
2026-04-15 01:57,89.7,6.16
2026-04-15 01:57,95.67,5.8
2026-04-15 01:57,88.06,6.28
2026-04-15 01:57,85.93,6.08
2026-04-15 01:57,85.84,7.5
2026-04-15 01:57,105.11,6.56
2026-04-15 01:57,98.96,6.23
2026-04-15 01:57,112.35,5.55
2026-04-15 01:57,111.13,6.04
2026-04-15 01:57,101.81,6.35
2026-04-15 01:57,92.37,6.38
2026-04-15 01:57,99.07,5.77
2026-04-15 01:57,109.07,5.62
2026-04-15 01:57,85.93,7.03
2026-04-15 01:57,92.44,7.15
2026-04-15 01:57,101.18,5.7
2026-04-15 01:57,90.19,6.42
2026-04-15 01:57,95.79,5.82
2026-04-15 01:57,92.81,6.11
2026-04-15 01:57,116.26,5.22
2026-04-15 01:57,86.68,7.37
2026-04-15 01:57,100.59,6.8
2026-04-15 01:57,90.91,6.24
2026-04-15 01:57,87.1,6.27
2026-04-15 01:57,87.58,7.48
2026-04-15 01:57,94.93,7.1
2026-04-15 01:57,96.83,5.94
2026-04-15 01:57,87.32,6.36
2026-04-15 01:57,93.99,7.09
2026-04-15 01:57,100.61,5.81
2026-04-15 01:57,90.49,6.41
2026-04-15 01:57,100.89,5.64
2026-04-15 01:57,88.3,6.49
2026-04-15 01:57,88.12,5.97
2026-04-15 01:57,92.89,5.88
2026-04-15 01:57,95.28,5.92
2026-04-15 01:57,89.81,6.19
2026-04-15 01:57,112.23,5.3
2026-04-15 01:57,87.09,7.08
2026-04-15 01:57,117.69,6.09
2026-04-15 01:57,90.84,7.11
2026-04-15 01:57,102.32,5.62
2026-04-15 01:57,89.22,6.56
2026-04-15 01:57,86.97,6.08
2026-04-15 01:57,103.52,6.68
2026-04-15 01:57,92.85,6.42
2026-04-15 01:57,89.34,6.12
2026-04-15 01:57,90.75,5.96
2026-04-15 01:57,95.14,5.8
2026-04-15 01:57,89.26,6.27
2026-04-15 01:57,106.57,5.44
2026-04-15 01:57,87.93,6.76
2026-04-15 01:57,88.76,5.97
2026-04-15 01:57,91.14,5.92
2026-04-15 01:57,97.69,5.77
2026-04-15 01:57,87.23,6.39
2026-04-15 01:57,86.75,6.04
2026-04-15 01:57,93.38,7.15
2026-04-15 01:57,91.58,6.07
2026-04-15 01:57,88.53,6.11
2026-04-15 01:57,94.61,5.79
2026-04-15 01:57,87.59,6.27
2026-04-15 01:57,90.52,7.36
2026-04-15 01:57,87.87,6.09
2026-04-15 01:57,95.18,7.12
2026-04-15 01:57,94.89,6
2026-04-15 01:57,88.66,6.24
2026-04-15 01:57,92.38,5.88
2026-04-15 01:57,92.74,5.97
2026-04-15 01:57,88.93,6.06
2026-04-15 01:57,101.56,5.66
2026-04-15 01:57,101.64,6
2026-04-15 01:57,92.88,6.34
2026-04-15 01:57,111.09,5.4
2026-04-15 01:57,99.77,6.45
2026-04-15 01:57,92.62,6.28
2026-04-15 01:57,96.59,5.86
2026-04-15 01:57,86.84,6.37
2026-04-15 01:57,84.65,7.63
2026-04-15 01:57,85.27,7.41
2026-04-15 01:57,84.14,7.64
2026-04-15 01:57,92.68,7.05
2026-04-15 01:57,86.68,6.23
2026-04-15 01:57,88.87,7.38
2026-04-15 01:57,87.68,6.04
2026-04-15 01:57,85.86,7.6
2026-04-15 01:57,90.93,7.21
2026-04-15 01:57,116.27,5.22
2026-04-15 01:57,109.07,6.23
2026-04-15 01:57,105.5,6.18
2026-04-15 01:57,100.69,6.18
2026-04-15 01:57,91.51,6.32
2026-04-15 01:57,90.71,6.02
2026-04-15 01:57,107.48,5.45
2026-04-15 01:57,86.14,6.95
2026-04-15 01:57,94.65,7.05
2026-04-15 01:57,88.97,6.22
2026-04-15 01:57,86.65,6.07
2026-04-15 01:57,87.5,7.45
2026-04-15 01:57,92.97,5.82
2026-04-15 01:57,89.32,6.14
2026-04-15 01:57,88.19,6.04
2026-04-15 01:57,102.14,5.54
2026-04-15 01:57,83.5,6.76
2026-04-15 01:57,99.65,6.69
2026-04-15 01:57,89.7,6.39
2026-04-15 01:57,119.68,5.08
2026-04-15 01:57,93.27,7.14
2026-04-15 01:57,114.61,5.3
2026-04-15 01:57,107.24,6.29
2026-04-15 01:57,89.88,6.72
2026-04-15 01:57,96.15,5.79
2026-04-15 01:57,90.89,6.19
2026-04-15 01:57,109.58,5.4
2026-04-15 01:57,95.36,6.56
2026-04-15 01:57,87.9,6.28
2026-04-15 01:57,89.39,5.95
2026-04-15 01:57,100.13,5.65
2026-04-15 01:57,88.2,6.46
2026-04-15 01:57,85.56,6.1
2026-04-15 01:57,88.19,7.36
2026-04-15 01:57,87.68,6.02
2026-04-15 01:57,107.96,6.52
2026-04-15 01:57,96.4,6.45
2026-04-15 01:57,86.16,6.21
2026-04-15 01:57,92.74,5.92
2026-04-15 01:57,100.16,5.76
2026-04-15 01:57,85.9,6.57
2026-04-15 01:57,95.65,7
2026-04-15 01:57,85.11,6.4
2026-04-15 01:57,90.67,7.19
2026-04-15 01:57,102.23,5.62
2026-04-15 01:57,90.25,6.47
2026-04-15 01:57,109.58,5.38
2026-04-15 01:57,83.07,7.13
2026-04-15 01:57,91.9,7.04
2026-04-15 01:57,96.58,5.84
2026-04-15 01:57,117.05,5.35
2026-04-15 01:57,97.27,6.81
2026-04-15 01:57,92.77,6.16
2026-04-15 01:57,96.8,5.86
2026-04-15 01:57,88.31,6.32
2026-04-15 01:57,94.24,5.8
2026-04-15 01:57,110.2,5.45
2026-04-15 01:57,89.9,6.88
2026-04-15 01:57,92.81,5.9
2026-04-15 01:57,90.57,6.09
2026-04-15 01:57,106.94,5.47
2026-04-15 01:57,96.34,6.41
2026-04-15 01:57,113.21,5.45
2026-04-15 01:57,96.49,6.63
2026-04-15 01:57,91.9,6.21
2026-04-15 01:57,91.26,6.03
2026-04-15 01:57,95.18,5.86
2026-04-15 01:57,91.37,6.15
2026-04-15 01:57,87.16,6.16
2026-04-15 01:57,99.86,6.71
2026-04-15 01:57,93.85,6.32
2026-04-15 01:57,89.51,6.18
2026-04-15 01:57,94.17,5.82
2026-04-15 01:57,94.28,6.03
2026-04-15 01:57,90.43,6.14
2026-04-15 01:57,85.28,6.19
2026-04-15 01:57,95.18,6.99
2026-04-15 01:57,88.42,6.26
2026-04-15 01:57,101.72,5.56
2026-04-15 01:57,89.18,6.49
2026-04-15 01:57,96.05,5.77
2026-04-15 01:57,127.77,5.04
2026-04-15 01:57,97.64,5.89
2026-04-15 01:57,88.94,6.28
2026-04-15 01:57,92,5.94
2026-04-15 01:57,89.71,6.09
2026-04-15 01:57,90.2,5.97
2026-04-15 01:57,89.68,6.04
2026-04-15 01:57,89.18,6.01
2026-04-15 01:57,92.09,5.91
2026-04-15 01:57,88.88,6.12
2026-04-15 01:57,87.71,7.55
2026-04-15 01:57,88.74,5.98
2026-04-15 01:57,88.95,5.95
2026-04-15 01:57,89.42,6.03
2026-04-15 01:57,87.99,6.06
2026-04-15 01:57,87.29,6.02
2026-04-15 01:57,87.77,7.48
2026-04-15 01:57,100.58,6.79
2026-04-15 01:57,87.83,6.55
2026-04-15 01:57,87.24,5.95
2026-04-15 01:57,100.41,5.61
2026-04-15 01:57,83.58,6.7
2026-04-15 01:57,110.46,6.24
2026-04-15 01:57,90.09,6.85
2026-04-15 01:57,103.22,5.57
2026-04-15 01:57,85.91,6.69
2026-04-15 01:57,97.55,6.9
2026-04-15 01:57,95,6.1
2026-04-15 01:57,89.29,6.21
2026-04-15 01:57,92.73,5.89
2026-04-15 01:57,91.81,6.02
2026-04-15 01:57,98.75,5.71
2026-04-15 01:57,100.45,5.93
2026-04-15 01:57,94.6,6.3
2026-04-15 01:57,97.89,5.89
2026-04-15 01:57,94.39,6.13
2026-04-15 01:57,88.93,6.21
2026-04-15 01:57,87.7,6.05
2026-04-15 01:57,88.44,7.44
2026-04-15 01:57,104.39,5.47
2026-04-15 01:57,87.41,6.7
2026-04-15 01:57,91.02,5.88
2026-04-15 01:57,88.79,6.09
2026-04-15 01:57,86.36,6.08
2026-04-15 01:57,87.93,7.43
2026-04-15 01:57,84.95,7.64
2026-04-15 01:57,98.9,6.8
2026-04-15 01:57,88.83,6.4
2026-04-15 01:57,88.18,6.03
2026-04-15 01:57,87.09,6.04
2026-04-15 01:57,95.31,5.71
2026-04-15 01:57,103.65,5.71
2026-04-15 01:57,87.65,6.65
2026-04-15 01:57,94.49,7.11
2026-04-15 01:57,85.76,6.29
2026-04-15 01:57,85.98,7.59
2026-04-15 01:57,103.17,6.65
2026-04-15 01:57,94.56,6.33
2026-04-15 01:57,90.86,6.08
2026-04-15 01:57,102.44,5.66
2026-04-15 01:57,92.14,6.4
2026-04-15 01:57,89.21,6.1
2026-04-15 01:57,92.48,5.9
2026-04-15 01:57,91.66,6.01
2026-04-15 01:57,100.01,5.73
2026-04-15 01:57,84.71,6.62
2026-04-15 01:57,93.27,7.05
2026-04-15 01:57,97.45,5.86
2026-04-15 01:57,90.57,6.18
2026-04-15 01:57,85.08,6.27
2026-04-15 01:57,86.14,7.47
2026-04-15 01:57,84.95,7.57
2026-04-15 01:57,84.5,7.54
2026-04-15 01:57,87.33,7.35
2026-04-15 01:57,85.26,7.61
2026-04-15 01:57,93.37,7.08
2026-04-15 01:57,95.69,5.92
2026-04-15 01:57,88.01,6.28
2026-04-15 01:57,108.43,5.31
2026-04-15 01:57,94.62,6.62
2026-04-15 01:57,86.76,6.3
2026-04-15 01:57,107.41,6.5
2026-04-15 01:57,102.13,6.19
2026-04-15 01:57,87.11,6.55
2026-04-15 01:57,86.37,6.07
2026-04-15 01:57,89.02,7.37
2026-04-15 01:57,86.82,6.07
2026-04-15 01:57,87.41,7.48
2026-04-15 01:57,97.29,6.99
2026-04-15 01:57,88.59,6.3
2026-04-15 01:57,100.99,5.61
2026-04-15 01:57,96.68,6.15
2026-04-15 01:57,91.78,6.19
2026-04-15 01:57,92.12,5.99
2026-04-15 01:57,248.39,3.06
2026-04-15 01:57,93.42,5.74
2026-04-15 01:57,89.84,6.14
2026-04-15 01:57,88.95,6.03
2026-04-15 01:57,89,6
2026-04-15 01:57,92.67,5.87
2026-04-15 01:57,97.87,5.83
2026-04-15 01:57,85.76,6.47
2026-04-15 01:57,90.52,7.22
2026-04-15 01:57,86.02,6.17
2026-04-15 01:57,97.88,6.91
2026-04-15 01:57,86.56,6.3
2026-04-15 01:57,94.79,5.72
2026-04-15 01:57,89.25,6.34
2026-04-15 01:57,93.29,5.87
2026-04-15 01:57,86.77,6.24
2026-04-15 01:57,86.71,7.46
2026-04-15 01:57,102.04,6.77
2026-04-15 01:57,87.13,6.59
2026-04-15 01:57,87.09,7.5
2026-04-15 01:57,88.98,7.41
2026-04-15 01:57,96.31,5.74
2026-04-15 01:57,93.03,6.13
2026-04-15 01:57,103.31,5.62
2026-04-15 01:57,89.42,6.6
2026-04-15 01:57,113.01,5.25
2026-04-15 01:57,107.34,6.16
2026-04-15 01:57,84.4,7.01
2026-04-15 01:57,88.59,7.21
2026-04-15 01:57,84.5,6.23
2026-04-15 01:57,84.47,7.5
2026-04-15 01:57,109.38,6.32
2026-04-15 01:57,106.91,6.1
2026-04-15 01:58,95.34,6.44
2026-04-15 01:58,116.2,5.32
2026-04-15 01:58,87.02,7.3
2026-04-15 01:58,104.12,6.66
2026-04-15 01:58,99.23,6.12
2026-04-15 01:58,88.7,6.49
2026-04-15 01:58,92.33,5.86
2026-04-15 01:58,87.46,6.19
2026-04-15 01:58,87.37,7.5
2026-04-15 01:58,110.68,6.4
2026-04-15 01:58,101.15,6.28
2026-04-15 01:58,88.23,6.59
2026-04-15 01:58,89.39,5.8
2026-04-15 01:58,90.63,6.13
2026-04-15 01:58,93.06,5.9
2026-04-15 01:58,90.49,6.11
2026-04-15 01:58,88.93,6.06
2026-04-15 01:58,86.98,6.07
2026-04-15 01:58,89.37,7.38
2026-04-15 01:58,87.73,6.04
2026-04-15 01:58,88.15,6
2026-04-15 01:58,89.72,5.95
2026-04-15 01:58,103.63,5.54
2026-04-15 01:58,90.49,6.51
2026-04-15 01:58,85.37,6.19
2026-04-15 01:58,100.89,6.59
2026-04-15 01:58,88.58,6.6
2026-04-15 01:58,93.53,7.24
2026-04-15 01:58,94.15,5.98
2026-04-15 01:58,89.32,6.18
2026-04-15 01:58,90.15,5.97
2026-04-15 01:58,103.49,5.56
2026-04-15 01:58,92.09,6.44
2026-04-15 01:58,101.69,5.67
2026-04-15 01:58,96.73,6.2
2026-04-15 01:58,91.25,6.21
2026-04-15 01:58,92.97,5.94
2026-04-15 01:58,88.82,6.16
2026-04-15 01:58,88.02,6.03
2026-04-15 01:58,88.53,5.99
2026-04-15 01:58,89.18,5.93
2026-04-15 01:58,90.45,6.01
2026-04-15 01:58,93.01,5.85
2026-04-15 01:58,86.14,6.34
2026-04-15 01:58,86.19,7.49
2026-04-15 01:58,102.83,6.66
2026-04-15 01:58,85.14,6.74
2026-04-15 01:58,100.99,6.71
2026-04-15 01:58,117.29,5.46
2026-04-15 01:58,89.12,7.23
2026-04-15 01:58,91.21,5.92
2026-04-15 01:58,96.49,5.81
2026-04-15 01:58,94.83,6.06
2026-04-15 01:58,109.03,5.54
2026-04-15 01:58,91.12,6.72
2026-04-15 01:58,103.95,5.58
2026-04-15 01:58,88.87,6.6
2026-04-15 01:58,94.27,5.82
2026-04-15 01:58,93.31,6.04
2026-04-15 01:58,103.3,5.65
2026-04-15 01:58,95.82,6.29
2026-04-15 01:58,96.55,5.97
2026-04-15 01:58,85.1,6.45
2026-04-15 01:58,90.86,7.17
2026-04-15 01:58,94.13,5.89
2026-04-15 01:58,86.71,6.31
2026-04-15 01:58,87.98,7.43
2026-04-15 01:58,92.8,7.19
2026-04-15 01:58,85.76,6.31
2026-04-15 01:58,85.32,7.53
2026-04-15 01:58,90.39,7.23
2026-04-15 01:58,89.59,6.03
2026-04-15 01:58,92.31,5.9
2026-04-15 01:58,89.46,6.11
2026-04-15 01:58,89.32,6.01
2026-04-15 01:58,85.16,6.09
2026-04-15 01:58,83.71,7.7
2026-04-15 01:58,87.11,7.32
2026-04-15 01:58,87.67,5.98
2026-04-15 01:58,85.8,7.62
2026-04-15 01:58,89.7,7.26
2026-04-15 01:58,85.64,6.17
2026-04-15 01:58,85.78,7.49
2026-04-15 01:58,87.94,7.38
2026-04-15 01:58,92.94,7.23
2026-04-15 01:58,92.43,6.02
2026-04-15 01:58,98.75,5.79
2026-04-15 01:58,97.03,6.06
2026-04-15 01:58,108.86,5.6
2026-04-15 01:58,90.2,6.76
2026-04-15 01:58,94.61,5.85
2026-04-15 01:58,88.08,6.25
2026-04-15 01:58,86.58,6.05
2026-04-15 01:58,85.55,7.57
2026-04-15 01:58,89.14,7.3
2026-04-15 01:58,86.52,6.02
2026-04-15 01:58,85.01,6.12
2026-04-15 01:58,86.52,7.43
2026-04-15 01:58,85.87,7.54
2026-04-15 01:58,90.02,7.28
2026-04-15 01:58,87.91,6.07
2026-04-15 01:58,85.54,6.1
2026-04-15 01:58,86.74,7.44
2026-04-15 01:58,90.36,7.3
2026-04-15 01:58,88.01,6.09
2026-04-15 01:58,85.26,7.67
2026-04-15 01:58,86.89,7.41
2026-04-15 01:58,86.83,7.51
2026-04-15 01:58,106.52,6.54
2026-04-15 01:58,104.05,6.09
2026-04-15 01:58,88.42,6.63
2026-04-15 01:58,96.93,5.71
2026-04-15 01:58,90.67,6.24
2026-04-15 01:58,101.07,5.65
2026-04-15 01:58,89.12,6.44
2026-04-15 01:58,90.8,5.97
2026-04-15 01:58,93.1,5.88
2026-04-15 01:58,86.45,6.29
2026-04-15 01:58,86.49,7.25
2026-04-15 01:58,94.06,5.74
2026-04-15 01:58,91.93,6.26
2026-04-15 01:58,98.05,5.79
2026-04-15 01:58,89.06,6.35
2026-04-15 01:58,88.61,6.02
2026-04-15 01:58,90.58,7.4
2026-04-15 01:58,93.53,5.89
2026-04-15 01:58,92.59,6.04
2026-04-15 01:58,104.01,5.62
2026-04-15 01:58,90.9,6.52
2026-04-15 01:58,92.39,5.95
2026-04-15 01:58,114.39,5.29
2026-04-15 01:58,104.87,6.37
2026-04-15 01:58,104.32,6.04
2026-04-15 01:58,96.05,6.32
2026-04-15 01:58,98.69,5.92
2026-04-15 01:58,111.78,5.56
2026-04-15 01:58,89.12,6.95
2026-04-15 01:58,93.03,5.87
2026-04-15 01:58,88.07,6.18
2026-04-15 01:58,101.54,6.8
2026-04-15 01:58,84.25,6.51
2026-04-15 01:58,104.71,5.48
2026-04-15 01:58,91.6,6.52
2026-04-15 01:58,86.42,6.2
2026-04-15 01:58,85.81,7.44
2026-04-15 01:58,88.42,7.46
2026-04-15 01:58,87.57,6.03
2026-04-15 01:58,83.93,7.71
2026-04-15 01:58,98.67,6.76
2026-04-15 01:58,88.14,6.4
2026-04-15 01:58,101.05,5.57
2026-04-15 01:58,101.84,5.98
2026-04-15 01:58,90.69,6.43
2026-04-15 01:58,91.85,5.97
2026-04-15 01:58,96.78,5.83
2026-04-15 01:58,87.12,6.33
2026-04-15 01:58,86.79,6.03
2026-04-15 01:58,87.38,7.45
2026-04-15 01:58,90.87,5.92
2026-04-15 01:58,107.03,5.44
2026-04-15 01:58,96.07,6.43
2026-04-15 01:58,103.84,5.77
2026-04-15 01:58,123.97,5.32
2026-04-15 01:58,117.13,5.21
2026-04-15 01:58,89.59,7.19
2026-04-15 01:58,88.32,6.05
2026-04-15 01:58,90.89,5.91
2026-04-15 01:58,102.22,5.62
2026-04-15 01:58,98.92,6.01
2026-04-15 01:58,88.97,6.51
2026-04-15 01:58,88.79,6.01
2026-04-15 01:58,89.08,7.48
2026-04-15 01:58,97.04,5.73
2026-04-15 01:58,89.35,6.29
2026-04-15 01:58,87.43,6.07
2026-04-15 01:58,94.32,7.11
2026-04-15 01:58,86.27,6.19
2026-04-15 01:58,92.85,5.9
2026-04-15 01:58,104.28,5.61
2026-04-15 01:58,97.35,6.28
2026-04-15 01:58,85.4,6.46
2026-04-15 01:58,87.81,7.36
2026-04-15 01:58,100.25,5.52
2026-04-15 01:58,89.35,6.52
2026-04-15 01:58,88.22,6.04
2026-04-15 01:58,87.21,6.04
2026-04-15 01:58,87.32,7.5
2026-04-15 01:58,99.06,6.9
2026-04-15 01:58,103.07,5.86
2026-04-15 01:58,101.94,6.04
2026-04-15 01:58,85.78,6.65
2026-04-15 01:58,86.48,7.46
2026-04-15 01:58,87.07,7.48
2026-04-15 01:58,85.88,7.38
2026-04-15 01:58,96.67,5.74
2026-04-15 01:58,89.42,6.28
2026-04-15 01:58,89.55,5.99
2026-04-15 01:58,99.02,5.68
2026-04-15 01:58,107.29,5.72
2026-04-15 01:58,107.63,5.99
2026-04-15 01:58,93.98,6.53
2026-04-15 01:58,94.11,6
2026-04-15 01:58,92.26,6.07
2026-04-15 01:58,107.35,5.51
2026-04-15 01:58,89.08,6.74
2026-04-15 01:58,86.77,6.09
2026-04-15 01:58,88.7,7.39
2026-04-15 01:58,89.81,5.95
2026-04-15 01:58,89.5,6.03
2026-04-15 01:58,88.5,6.03
2026-04-15 01:58,94.37,5.81
2026-04-15 01:58,99.93,5.76
2026-04-15 01:58,105.41,5.86
2026-04-15 01:58,90.44,6.58
2026-04-15 01:58,89.39,6.05
2026-04-15 01:58,86.59,6.11
2026-04-15 01:58,84.15,7.64
2026-04-15 01:58,85.43,7.43
2026-04-15 01:58,86.14,7.47
2026-04-15 01:58,86.11,7.36
2026-04-15 01:58,100.94,5.59
2026-04-15 01:58,93.3,6.29
2026-04-15 01:58,89.81,6.13
2026-04-15 01:58,89.08,6.03
2026-04-15 01:58,87.72,6.05
2026-04-15 01:58,115.37,6.21
2026-04-15 01:58,102.85,6.49
2026-04-15 01:58,105.11,5.93
2026-04-15 01:58,88.7,6.64
2026-04-15 01:58,99.96,5.62
2026-04-15 01:58,87.6,6.47
2026-04-15 01:58,91.55,5.87
2026-04-15 01:58,92.23,5.99
2026-04-15 01:58,89.96,6.09
2026-04-15 01:58,89.85,6
2026-04-15 01:58,95.92,5.8
2026-04-15 01:58,115.07,5.37
2026-04-15 01:58,90.88,6.99
2026-04-15 01:58,90.42,6.06
2026-04-15 01:58,89.39,6.04
2026-04-15 01:58,102.36,5.56
2026-04-15 01:58,94.7,6.3
2026-04-15 01:58,88.91,6.2
2026-04-15 01:58,91.19,5.94
2026-04-15 01:58,89.49,5.98
2026-04-15 01:58,87.91,6.15
2026-04-15 01:58,96.2,5.72
2026-04-15 01:58,89.33,6.26
2026-04-15 01:58,88.73,6.02
2026-04-15 01:58,102.14,5.56
2026-04-15 01:58,89.41,6.5
2026-04-15 01:58,89.13,6.01
2026-04-15 01:58,88.2,7.56
2026-04-15 01:58,95.15,5.75
2026-04-15 01:58,90.11,6.21
2026-04-15 01:58,104.98,5.47
2026-04-15 01:58,93.22,6.51
2026-04-15 01:58,106.44,5.56
2026-04-15 01:58,94.02,6.42
2026-04-15 01:58,87.91,6.27
2026-04-15 01:58,84.72,6.15
2026-04-15 01:58,92.4,7.1
2026-04-15 01:58,84.94,6.28
2026-04-15 01:58,85.5,7.47
2026-04-15 01:58,89.61,7.28
2026-04-15 01:58,93.64,5.86
2026-04-15 01:58,93.05,6.03
2026-04-15 01:58,87.66,6.2
2026-04-15 01:58,94.8,7.13
2026-04-15 01:58,91.27,6.13
2026-04-15 01:58,88.61,6.1
2026-04-15 01:58,87.07,6.06
2026-04-15 01:58,86.34,7.3
2026-04-15 01:58,86.94,6.14
2026-04-15 01:58,90.79,7.3
2026-04-15 01:58,90.08,5.99
2026-04-15 01:58,102.15,5.63
2026-04-15 01:58,86.01,6.64
2026-04-15 01:58,87.58,7.43
2026-04-15 01:58,88.49,7.46
2026-04-15 01:58,111.69,5.26
2026-04-15 01:58,88.96,6.96
2026-04-15 01:58,108.59,5.37
2026-04-15 01:58,88.81,6.77
2026-04-15 01:58,87.14,6.1
2026-04-15 01:58,83.88,6.13
2026-04-15 01:58,85.61,7.4
2026-04-15 01:58,91.02,7.22
2026-04-15 01:58,108.1,5.44
2026-04-15 01:58,96.19,6.46
2026-04-15 01:58,100.8,5.84
2026-04-15 01:58,86.52,6.36
2026-04-15 01:58,87,6.11
2026-04-15 01:58,86.52,6.08
2026-04-15 01:58,96.38,6.98
2026-04-15 01:58,89.7,6.26
2026-04-15 01:58,85.11,6.18
2026-04-15 01:58,86.52,7.42
2026-04-15 01:58,118.31,6.06
2026-04-15 01:58,84.12,7.55
2026-04-15 01:58,114.11,6.12
2026-04-15 01:58,231.74,3.41
2026-04-15 01:58,93.95,6.52
2026-04-15 01:58,85.02,6.35
2026-04-15 01:58,86.31,7.43
2026-04-15 01:58,101.73,6.73
2026-04-15 01:58,88.74,6.5
2026-04-15 01:58,103.51,5.51
2026-04-15 01:58,109.29,5.8
2026-04-15 01:58,89.41,6.75
2026-04-15 01:58,86.06,6.13
2026-04-15 01:58,97.28,6.94
2026-04-15 01:58,94.02,6.16
2026-04-15 01:58,92.1,6.04
2026-04-15 01:58,98.79,5.8
2026-04-15 01:58,106.64,5.73
2026-04-15 01:58,88.72,6.74
2026-04-15 01:58,91.71,5.89
2026-04-15 01:58,87.15,6.11
2026-04-15 01:58,104.18,5.5
2026-04-15 01:58,104.16,6
2026-04-15 01:58,91.76,6.48
2026-04-15 01:58,86.53,6.2
2026-04-15 01:58,84.85,7.58
2026-04-15 01:58,90.39,7.22
2026-04-15 01:58,100.32,5.43
2026-04-15 01:58,86.86,6.88
2026-04-15 01:58,89.43,7.36
2026-04-15 01:58,89.11,6.01
2026-04-15 01:58,95.95,5.77
2026-04-15 01:58,92.78,6.12
2026-04-15 01:58,86.79,6.22
2026-04-15 01:58,85.75,7.56
2026-04-15 01:58,94.51,7.04
2026-04-15 01:58,111.26,5.45
2026-04-15 01:58,93.15,6.75
2026-04-15 01:58,89.26,6.14
2026-04-15 01:58,87.42,6.06
2026-04-15 01:58,88.03,7.47
2026-04-15 01:58,87.75,6.02
2026-04-15 01:58,86.02,7.62
2026-04-15 01:58,87.72,7.39
2026-04-15 01:58,86.42,7.59
2026-04-15 01:58,87.42,7.42
2026-04-15 01:58,93.67,5.8
2026-04-15 01:58,89.12,6.17
2026-04-15 01:58,88.57,6.02
2026-04-15 01:58,88.12,6.03
2026-04-15 01:58,86.65,7.58
2026-04-15 01:58,88.66,7.38
2026-04-15 01:58,97.54,5.7
2026-04-15 01:58,91.89,6.21
2026-04-15 01:58,88.93,6.11
2026-04-15 01:58,112.57,5.25
2026-04-15 01:58,97.24,6.63
2026-04-15 01:58,90.28,6.26
2026-04-15 01:58,107.58,5.44
2026-04-15 01:58,99.49,6.2
2026-04-15 01:58,87.83,6.56
2026-04-15 01:58,94.03,7.17
2026-04-15 01:58,105.46,5.62
2026-04-15 01:58,88.35,6.68
2026-04-15 01:58,86.85,6.06
2026-04-15 01:58,87.61,7.38
2026-04-15 01:58,88.67,6.02
2026-04-15 01:58,87.79,6.03
2026-04-15 01:58,94.63,7.06
2026-04-15 01:58,88.57,6.27
2026-04-15 01:58,85.14,6.15
2026-04-15 01:58,86.52,7.43
2026-04-15 01:58,88.67,7.39
2026-04-15 01:58,107.03,5.37
2026-04-15 01:58,85.37,6.96
2026-04-15 01:58,88.55,7.32
2026-04-15 01:58,86.34,6.09
2026-04-15 01:58,88.29,7.38
2026-04-15 01:58,99.29,5.64
2026-04-15 01:59,86.99,6.48
2026-04-15 01:59,87.98,7.45
2026-04-15 01:59,88.8,7.45
2026-04-15 01:59,98.85,5.67
2026-04-15 01:59,101.49,5.89
2026-04-15 01:59,99.75,6.08
2026-04-15 01:59,88.33,6.37
2026-04-15 01:59,88.99,6.04
2026-04-15 01:59,88.22,6.04
2026-04-15 01:59,112.74,5.22
2026-04-15 01:59,113.2,5.99
2026-04-15 01:59,86.72,7.15
2026-04-15 01:59,100.24,6.83
2026-04-15 01:59,102.46,5.92
2026-04-15 01:59,88.14,6.56
2026-04-15 01:59,125.56,4.9
2026-04-15 01:59,89.78,6.08
2026-04-15 01:59,108.96,5.39
2026-04-15 01:59,88.86,6.78
2026-04-15 01:59,87.57,6.08
2026-04-15 01:59,85.94,7.6
2026-04-15 01:59,92.64,7.14
2026-04-15 01:59,104.73,5.6
2026-04-15 01:59,87.91,6.68
2026-04-15 01:59,86.37,6.05
2026-04-15 01:59,106.51,6.52
2026-04-15 01:59,93.75,6.49
2026-04-15 01:59,102.04,5.72
2026-04-15 01:59,88.52,6.49
2026-04-15 01:59,86.15,6.12
2026-04-15 01:59,94.09,7.09
2026-04-15 01:59,90.19,6.15
2026-04-15 01:59,93.56,5.88
2026-04-15 01:59,94.98,5.95
2026-04-15 01:59,91.14,6.15
2026-04-15 01:59,86.97,6.16
2026-04-15 01:59,90.36,7.31
2026-04-15 01:59,88.67,6.05
2026-04-15 01:59,87.93,6.04
2026-04-15 01:59,93.76,5.78
2026-04-15 01:59,114.43,5.35
2026-04-15 01:59,88.12,7.11
2026-04-15 01:59,106.63,5.31
2026-04-15 01:59,91.77,6.76
2026-04-15 01:59,89.35,6.08
2026-04-15 01:59,87.79,6.04
2026-04-15 01:59,97.34,5.71
2026-04-15 01:59,95.96,6.05
2026-04-15 01:59,104.24,5.73
2026-04-15 01:59,88.14,6.65
2026-04-15 01:59,93.7,5.8
2026-04-15 01:59,111.36,5.36
2026-04-15 01:59,94.1,6.79
2026-04-15 01:59,89.76,6.15
2026-04-15 01:59,104.6,5.53
2026-04-15 01:59,88.89,6.63
2026-04-15 01:59,92.6,5.86
2026-04-15 01:59,96.31,5.88
2026-04-15 01:59,88.43,6.3
2026-04-15 01:59,88.73,6
2026-04-15 01:59,88.83,5.99
2026-04-15 01:59,94.68,7.2
2026-04-15 01:59,108.76,5.53
2026-04-15 01:59,91.63,6.7
2026-04-15 01:59,94.04,5.91
2026-04-15 01:59,90.31,6.15
2026-04-15 01:59,104.38,5.53
2026-04-15 01:59,90.6,6.54
2026-04-15 01:59,86.21,6.16
2026-04-15 01:59,86.67,7.48
2026-04-15 01:59,83.62,7.69
2026-04-15 01:59,85.26,7.35
2026-04-15 01:59,94.58,7.06
2026-04-15 01:59,100.93,5.71
2026-04-15 01:59,85.54,6.72
2026-04-15 01:59,84.31,7.57
2026-04-15 01:59,98.78,6.77
2026-04-15 01:59,100.48,5.86
2026-04-15 01:59,106.65,5.88
2026-04-15 01:59,92.67,6.55
2026-04-15 01:59,93.47,5.87
2026-04-15 01:59,89.1,6.28
2026-04-15 01:59,89.33,5.99
2026-04-15 01:59,91.39,7.37
2026-04-15 01:59,93.02,5.96
2026-04-15 01:59,88.43,6.17
2026-04-15 01:59,86.64,6.06
2026-04-15 01:59,94.42,7.1
2026-04-15 01:59,118.55,5.24
2026-04-15 01:59,88.02,7.36
2026-04-15 01:59,96.84,5.69
2026-04-15 01:59,84.64,6.49
2026-04-15 01:59,93.28,7.05
2026-04-15 01:59,94.77,5.95
2026-04-15 01:59,93.92,6.03
2026-04-15 01:59,88,6.23
2026-04-15 01:59,84.4,7.7
2026-04-15 01:59,84.5,7.5
2026-04-15 01:59,92.96,7.05
2026-04-15 01:59,108.36,5.5
2026-04-15 01:59,85.59,6.96
2026-04-15 01:59,85.21,7.52
2026-04-15 01:59,95.92,6.94
2026-04-15 01:59,97.9,5.93
2026-04-15 01:59,88.71,6.36
2026-04-15 01:59,86.73,6.07
2026-04-15 01:59,99.94,6.7
2026-04-15 01:59,98.45,6.15
2026-04-15 01:59,102.03,5.89
2026-04-15 01:59,97.45,6.16
2026-04-15 01:59,87.32,6.4
2026-04-15 01:59,88.45,7.42
2026-04-15 01:59,87.53,6.04
2026-04-15 01:59,90.83,7.34
2026-04-15 01:59,94.61,5.87
2026-04-15 01:59,105.42,5.63
2026-04-15 01:59,88.31,6.69
2026-04-15 01:59,116.08,5.15
2026-04-15 01:59,98.22,6.7
2026-04-15 01:59,107.97,5.63
2026-04-15 01:59,91.78,6.73
2026-04-15 01:59,85.39,6.24
2026-04-15 01:59,84.12,7.58
2026-04-15 01:59,104.52,6.43
2026-04-15 01:59,89.55,6.67
2026-04-15 01:59,84.04,6.2
2026-04-15 01:59,87.37,7.34
2026-04-15 01:59,87.34,7.5
2026-04-15 01:59,84.29,7.68
2026-04-15 01:59,103.27,6.57
2026-04-15 01:59,103.04,6.01
2026-04-15 01:59,101.2,6.01
2026-04-15 01:59,94.84,6.31
2026-04-15 01:59,92.94,6.07
2026-04-15 01:59,90.31,6.1
2026-04-15 01:59,92.65,5.92
2026-04-15 01:59,110.7,5.38
2026-04-15 01:59,96.77,6.6
2026-04-15 01:59,99.81,5.89
2026-04-15 01:59,88.24,6.46
2026-04-15 01:59,92.8,5.84
2026-04-15 01:59,88.04,6.19
2026-04-15 01:59,87.47,6.02
2026-04-15 01:59,102.32,6.76
2026-04-15 01:59,94.46,6.29
2026-04-15 01:59,89.2,6.2
2026-04-15 01:59,85.44,6.15
2026-04-15 01:59,112.29,6.24
2026-04-15 01:59,91.62,6.85
2026-04-15 01:59,85.35,6.23
2026-04-15 01:59,86.1,7.46
2026-04-15 01:59,129.44,5.66
2026-04-15 01:59,88.23,6.3
2026-04-15 01:59,85.43,6.1
2026-04-15 01:59,83.78,7.62
2026-04-15 01:59,101.23,6.63
2026-04-15 01:59,92.11,6.35
2026-04-15 01:59,95.19,5.9
2026-04-15 01:59,88.23,6.21
2026-04-15 01:59,88.11,6.05
2026-04-15 01:59,89.5,5.97
2026-04-15 01:59,102.17,5.57
2026-04-15 01:59,88.98,6.52
2026-04-15 01:59,86.47,6.1
2026-04-15 01:59,94.29,7.08
2026-04-15 01:59,85.21,6.34
2026-04-15 01:59,87.54,7.4
2026-04-15 01:59,89.84,7.37
2026-04-15 01:59,87.18,6.1
2026-04-15 01:59,99.23,6.86
2026-04-15 01:59,85.03,6.58
2026-04-15 01:59,87.22,7.38
2026-04-15 01:59,95.78,7.05
2026-04-15 01:59,98.91,5.89
2026-04-15 01:59,88.09,6.4
2026-04-15 01:59,92.56,5.81
2026-04-15 01:59,93.18,6.02
2026-04-15 01:59,92.01,6.05
2026-04-15 01:59,87.16,6.19
2026-04-15 01:59,110.58,6.38
2026-04-15 01:59,87.99,6.95
2026-04-15 01:59,88.53,5.98
2026-04-15 01:59,105.91,5.44
2026-04-15 01:59,99.01,6.18
2026-04-15 01:59,91.33,6.38
2026-04-15 01:59,92.66,5.95
2026-04-15 01:59,92.46,6.02
2026-04-15 01:59,87.97,6.16
2026-04-15 01:59,88.31,5.99
2026-04-15 01:59,94.44,5.79
2026-04-15 01:59,101.36,5.74
2026-04-15 01:59,87.76,6.57
2026-04-15 01:59,85.91,6.07
2026-04-15 01:59,92.55,7.15
2026-04-15 01:59,96.59,5.86
2026-04-15 01:59,85.04,6.45
2026-04-15 01:59,84.4,7.54
2026-04-15 01:59,86.43,7.38
2026-04-15 01:59,97.21,6.96
2026-04-15 01:59,86.4,6.41
2026-04-15 01:59,86.06,6.02
2026-04-15 01:59,101.52,6.64
2026-04-15 01:59,85.82,6.66
2026-04-15 01:59,88.06,7.44
2026-04-15 01:59,86.08,7.61
2026-04-15 01:59,83.63,7.66
2026-04-15 01:59,84.57,7.32
2026-04-15 01:59,84.81,7.62
2026-04-15 01:59,94.96,6.98
2026-04-15 01:59,90.63,6.16
2026-04-15 01:59,89.21,6.05
2026-04-15 01:59,87.16,6.08
2026-04-15 01:59,84.08,7.69
2026-04-15 01:59,91.61,7.11
2026-04-15 01:59,88.17,6.11
2026-04-15 01:59,85.65,7.64
2026-04-15 01:59,106.27,6.46
2026-04-15 01:59,90.04,6.71
2026-04-15 01:59,108.27,5.41
2026-04-15 01:59,89.06,6.79
2026-04-15 01:59,87.49,6.04
2026-04-15 01:59,85.75,6.08
2026-04-15 01:59,102.7,6.61
2026-04-15 01:59,97.55,6.21
2026-04-15 01:59,108.66,5.64
2026-04-15 01:59,88.55,6.84
2026-04-15 01:59,89.73,5.95
2026-04-15 01:59,87.02,5.95
2026-04-15 01:59,88.95,6.01
2026-04-15 01:59,86.41,6.17
2026-04-15 01:59,86.76,7.49
2026-04-15 01:59,90.7,5.87
2026-04-15 01:59,86.9,6.13
2026-04-15 01:59,97.52,6.94
2026-04-15 01:59,87.73,6.39
2026-04-15 01:59,108.23,6.51
2026-04-15 01:59,83.29,7.05
2026-04-15 01:59,102.41,6.55
2026-04-15 01:59,85.66,6.69
2026-04-15 01:59,83.3,7.63
2026-04-15 01:59,96.97,6.81
2026-04-15 01:59,92.73,6.16
2026-04-15 01:59,89.57,6.12
2026-04-15 01:59,88,6.06
2026-04-15 01:59,86.88,7.56
2026-04-15 01:59,96.94,6.98
2026-04-15 01:59,94.63,6.09
2026-04-15 01:59,84.91,6.36
2026-04-15 01:59,107.7,6.38
2026-04-15 01:59,88.29,6.84
2026-04-15 01:59,89.84,5.94
2026-04-15 01:59,85.12,6.19
2026-04-15 01:59,85.96,7.41
2026-04-15 01:59,93.57,7.09
2026-04-15 01:59,88.78,6.22
2026-04-15 01:59,95.55,5.77
2026-04-15 01:59,88.34,6.27
2026-04-15 01:59,89.87,5.95
2026-04-15 01:59,88.27,6.07
2026-04-15 01:59,89.67,5.94
2026-04-15 01:59,89.4,6.02
2026-04-15 01:59,88.5,6.04
2026-04-15 01:59,90.04,5.95
2026-04-15 01:59,88.4,6.06
2026-04-15 01:59,95.73,5.75
2026-04-15 01:59,90.31,6.2
2026-04-15 01:59,96.94,5.76
2026-04-15 01:59,293.33,2.75
2026-04-15 01:59,97.07,5.89
2026-04-15 01:59,98.22,5.95
2026-04-15 01:59,101.9,5.9
2026-04-15 01:59,86.83,6.6
2026-04-15 01:59,102.91,6.69
2026-04-15 01:59,102.91,6
2026-04-15 01:59,86.37,6.67
2026-04-15 01:59,92.05,7.2
2026-04-15 01:59,89.55,6.09
2026-04-15 01:59,88.61,6.03
2026-04-15 01:59,101.3,5.58
2026-04-15 01:59,90.88,6.39
2026-04-15 01:59,87.24,6.14
2026-04-15 01:59,87.23,7.41
2026-04-15 01:59,87.81,6.05
2026-04-15 01:59,87.25,7.53
2026-04-15 01:59,119.1,6.05
2026-04-15 01:59,119.94,5.98
2026-04-15 01:59,95.17,7.04
2026-04-15 01:59,93.74,6.06
2026-04-15 01:59,90.83,6.1
2026-04-15 01:59,96.16,5.82
2026-04-15 01:59,85.54,6.41
2026-04-15 01:59,90.66,7.22
2026-04-15 01:59,85.65,6.19
2026-04-15 01:59,93.42,7.09
2026-04-15 01:59,97.7,5.81
2026-04-15 01:59,104.83,5.81
2026-04-15 01:59,90.86,6.41
2026-04-15 01:59,111.11,5.42
2026-04-15 01:59,89.95,6.92
2026-04-15 01:59,92.86,5.89
2026-04-15 01:59,91.37,6.06
2026-04-15 01:59,95.16,5.87
2026-04-15 01:59,87.62,6.24
2026-04-15 01:59,87.61,6.04
2026-04-15 01:59,91.32,7.3
2026-04-15 01:59,96.92,5.8
2026-04-15 01:59,89.9,6.27
2026-04-15 01:59,90.5,5.98
2026-04-15 01:59,90.61,5.93
2026-04-15 01:59,87.5,6.16
2026-04-15 01:59,88.96,5.98
2026-04-15 01:59,87.38,6.06
2026-04-15 01:59,94.66,7.11
2026-04-15 01:59,86.75,6.2
2026-04-15 01:59,104,5.52
2026-04-15 01:59,92.33,6.46
2026-04-15 01:59,86.32,6.23
2026-04-15 01:59,88.2,7.39
2026-04-15 01:59,88.5,6
2026-04-15 01:59,88.56,6
2026-04-15 01:59,87.71,6.03
2026-04-15 01:59,105.98,6.59
2026-04-15 01:59,95.7,6.37
2026-04-15 01:59,89.41,6.27
2026-04-15 01:59,90.04,5.97
2026-04-15 01:59,86.29,6.11
2026-04-15 01:59,87.69,7.47
2026-04-15 01:59,86.54,7.59
2026-04-15 01:59,90.17,7.29
2026-04-15 01:59,95.17,5.83
2026-04-15 01:59,116.68,5.3
2026-04-15 01:59,95.2,6.92
2026-04-15 01:59,102.64,5.72
2026-04-15 01:59,103.17,6
2026-04-15 01:59,91.82,6.45
2026-04-15 01:59,89.21,6.1
2026-04-15 01:59,89.31,5.99
2026-04-15 01:59,94.71,5.82
2026-04-15 01:59,87.62,6.26
2026-04-15 01:59,92.43,7.26
2026-04-15 01:59,117.28,5.22
2026-04-15 01:59,93.78,6.99
2026-04-15 01:59,84.48,6.29
2026-04-15 01:59,85.86,7.53
2026-04-15 01:59,110.26,6.35
2026-04-15 01:59,95.37,6.59
2026-04-15 01:59,87.42,6.29
2026-04-15 01:59,99.95,6.83
2026-04-15 01:59,98.64,6.05
2026-04-15 01:59,90.05,6.37
2026-04-15 01:59,107.95,5.37
2026-04-15 01:59,99.87,6.36
2026-04-15 01:59,85.48,6.59
2026-04-15 01:59,88.36,7.29
2026-04-15 01:59,105.97,6.67
2026-04-15 01:59,90.93,6.6
2026-04-15 01:59,97.48,5.78
2026-04-15 01:59,88.13,6.36
2026-04-15 01:59,88.55,5.98
2026-04-15 01:59,88.84,5.99
2026-04-15 01:59,91.89,5.89
2026-04-15 01:59,93.79,5.87
2026-04-15 01:59,97.58,5.93
2026-04-15 01:59,88.57,6.35
2026-04-15 01:59,90.7,5.93
2026-04-15 01:59,98.83,5.72
2026-04-15 01:59,93.41,6.12
2026-04-15 01:59,93.12,6.09
2026-04-15 01:59,94.63,5.95
2026-04-15 01:59,83.98,6.32
2026-04-15 01:59,91,7.24
2026-04-15 01:59,96.3,5.82
2026-04-15 01:59,89.73,6.25
2026-04-15 01:59,87.69,6.08
2026-04-15 01:59,100.27,6.86
2026-04-15 01:59,87.3,6.51
2026-04-15 01:59,84.82,7.65
2026-04-15 01:59,97.71,6.83
2026-04-15 02:00,95.04,6.11
2026-04-15 02:00,87.49,6.29
2026-04-15 02:00,99.66,6.87
2026-04-15 02:00,90.1,6.37
2026-04-15 02:00,94.61,5.84
2026-04-15 02:00,89.81,6.19
2026-04-15 02:00,95.2,5.81
2026-04-15 02:00,87.87,6.28
2026-04-15 02:00,87.35,7.52
2026-04-15 02:00,300.26,2.62
2026-04-15 02:00,94.11,6.33
2026-04-15 02:00,87.18,6.25
2026-04-15 02:00,104.66,6.62
2026-04-15 02:00,87.48,6.7
2026-04-15 02:00,100.75,6.84
2026-04-15 02:00,144.92,4.71
2026-04-15 02:00,97.43,6.62
2026-04-15 02:00,90.57,6.21
2026-04-15 02:00,87.67,6.16
2026-04-15 02:00,87.84,7.49
2026-04-15 02:00,88.57,7.47
2026-04-15 02:00,102,5.55
2026-04-15 02:00,85.99,6.64
2026-04-15 02:00,111.3,6.31
2026-04-15 02:00,106.2,6.19
2026-04-15 02:00,92.11,6.54
2026-04-15 02:00,84.93,6.3
2026-04-15 02:00,88.64,7.3
2026-04-15 02:00,91.53,5.9
2026-04-15 02:00,99.78,5.72
2026-04-15 02:00,88.53,6.45
2026-04-15 02:00,110.59,5.3
2026-04-15 02:00,98.59,6.47
2026-04-15 02:00,88.18,6.4
2026-04-15 02:00,98.52,5.65
2026-04-15 02:00,109.43,5.63
2026-04-15 02:00,108.02,6.06
2026-04-15 02:00,90.25,6.62
2026-04-15 02:00,88.02,6.16
2026-04-15 02:00,88.31,5.99
2026-04-15 02:00,91,5.91
2026-04-15 02:00,93.47,5.89
2026-04-15 02:00,90.56,6.13
2026-04-15 02:00,88.45,6.08
2026-04-15 02:00,88.35,5.96
2026-04-15 02:00,94.14,5.83
2026-04-15 02:00,90.68,6.13
2026-04-15 02:00,112.36,5.31
2026-04-15 02:00,103.33,6.36
2026-04-15 02:00,103.3,5.99
2026-04-15 02:00,109.78,5.78
2026-04-15 02:00,110.81,5.96
2026-04-15 02:00,110.59,6.01
2026-04-15 02:00,112.23,5.95
2026-04-15 02:00,122.16,5.66
2026-04-15 02:00,89.73,5.98
2026-04-15 02:00,115.19,5.2
2026-04-15 02:00,96.27,6.78
2026-04-15 02:00,90.41,6.18
2026-04-15 02:00,100.45,5.7
2026-04-15 02:00,113.66,5.55
2026-04-15 02:00,96.23,6.69
2026-04-15 02:00,96.9,6.01
2026-04-15 02:00,94.92,6.08
2026-04-15 02:00,88.8,6.23
2026-04-15 02:00,96.53,5.74
2026-04-15 02:00,91.24,6.19
2026-04-15 02:00,91.09,6.01
2026-04-15 02:00,92.94,5.93
2026-04-15 02:00,97.05,5.87
2026-04-15 02:00,98.86,5.94
2026-04-15 02:00,101.16,5.92
2026-04-15 02:00,111.57,5.64
2026-04-15 02:00,95.8,6.64
2026-04-15 02:00,86.96,6.34
2026-04-15 02:00,88.74,7.39
2026-04-15 02:00,104.29,5.5
2026-04-15 02:00,92.04,6.44
2026-04-15 02:00,102.46,5.64
2026-04-15 02:00,89.36,6.57
2026-04-15 02:00,90.12,5.98
2026-04-15 02:00,94.27,5.82
2026-04-15 02:00,103.22,5.73
2026-04-15 02:00,90.98,6.41
2026-04-15 02:00,107.68,5.51
2026-04-15 02:00,98.55,6.34
2026-04-15 02:00,89.39,6.37
2026-04-15 02:00,88.38,6.04
2026-04-15 02:00,86.6,7.35
2026-04-15 02:00,89.86,6.04
2026-04-15 02:00,98.42,5.72
2026-04-15 02:00,87.22,6.44
2026-04-15 02:00,86.83,7.53
2026-04-15 02:00,116.51,6.14
2026-04-15 02:00,210.05,3.78
2026-04-15 02:00,89.62,7.07
2026-04-15 02:00,93.49,5.85
2026-04-15 02:00,89.61,6.17
2026-04-15 02:00,101.61,5.6
2026-04-15 02:00,92.08,6.37
2026-04-15 02:00,89.11,6.11
2026-04-15 02:00,88.74,6.02
2026-04-15 02:00,88.38,6.02
2026-04-15 02:00,97.63,5.65
2026-04-15 02:00,91.98,6.25
2026-04-15 02:00,91.69,6.02
2026-04-15 02:00,96.66,5.83
2026-04-15 02:00,110.79,5.53
2026-04-15 02:00,113.5,5.91
2026-04-15 02:00,89.5,7
2026-04-15 02:00,93.18,5.87
2026-04-15 02:00,89.27,6.16
2026-04-15 02:00,93.2,5.82
2026-04-15 02:00,106.72,5.59
2026-04-15 02:00,98.96,6.3
2026-04-15 02:00,100.52,5.95
2026-04-15 02:00,92.08,6.32
2026-04-15 02:00,90.9,6.05
2026-04-15 02:00,89.42,6.05
2026-04-15 02:00,90.31,5.97
2026-04-15 02:00,94.85,5.84
2026-04-15 02:00,116.02,5.32
2026-04-15 02:00,98.62,6.7
2026-04-15 02:00,103.85,5.82
2026-04-15 02:00,93.58,6.4
2026-04-15 02:00,93.42,6.01
2026-04-15 02:00,90.17,6.12
2026-04-15 02:00,90.14,6
2026-04-15 02:00,89.43,6.02
2026-04-15 02:00,88.98,6.03
2026-04-15 02:00,88.83,6.01
2026-04-15 02:00,107.27,5.4
2026-04-15 02:00,85.81,6.9
2026-04-15 02:00,87.37,7.41
2026-04-15 02:00,96.64,7.01
2026-04-15 02:00,99.43,5.85
2026-04-15 02:00,87.7,6.53
2026-04-15 02:00,84.85,7.66
2026-04-15 02:00,95.98,6.88
2026-04-15 02:00,89.14,6.3
2026-04-15 02:00,89.64,5.98
2026-04-15 02:00,87.58,6.06
2026-04-15 02:00,93.01,5.82
2026-04-15 02:00,96.15,5.89
2026-04-15 02:00,100.28,5.87
2026-04-15 02:00,96.67,6.13
2026-04-15 02:00,108.58,5.61
2026-04-15 02:00,101.85,6.26
2026-04-15 02:00,98.45,6.12
2026-04-15 02:00,87.51,6.41
2026-04-15 02:00,89.29,7.24
2026-04-15 02:00,96.02,5.87
2026-04-15 02:00,101.23,5.84
2026-04-15 02:00,92.57,6.33
2026-04-15 02:00,124.95,5.02
2026-04-15 02:00,88.89,6.1
2026-04-15 02:00,87.88,6.05
2026-04-15 02:00,85.71,6.08
2026-04-15 02:00,96.07,6.92
2026-04-15 02:00,92.72,6.16
2026-04-15 02:00,90.21,6.1
2026-04-15 02:00,89.22,6.03
2026-04-15 02:00,87.05,6.08
2026-04-15 02:00,85.99,7.55
2026-04-15 02:00,114.23,6.2
2026-04-15 02:00,86.93,7.17
2026-04-15 02:00,110.42,6.39
2026-04-15 02:00,88.56,6.79
2026-04-15 02:00,86.62,6.16
2026-04-15 02:00,102.36,6.69
2026-04-15 02:00,103.04,6
2026-04-15 02:00,99.42,6.13
2026-04-15 02:00,89.07,6.41
2026-04-15 02:00,104.27,5.5
2026-04-15 02:00,89.86,6.57
2026-04-15 02:00,86.78,6.12
2026-04-15 02:00,99.04,6.87
2026-04-15 02:00,118.45,5.38
2026-04-15 02:00,89.9,7.25
2026-04-15 02:00,90.52,5.98
2026-04-15 02:00,104.25,5.55
2026-04-15 02:00,108.76,5.84
2026-04-15 02:00,98.61,6.4
2026-04-15 02:00,97.64,6.02
2026-04-15 02:00,82.85,6.59
2026-04-15 02:00,116.03,6.01
2026-04-15 02:00,95.67,6.84
2026-04-15 02:00,91.54,6.16
2026-04-15 02:00,87.68,6.14
2026-04-15 02:00,105.42,6.62
2026-04-15 02:00,91.21,6.52
2026-04-15 02:00,87.47,6.18
2026-04-15 02:00,89.04,7.42
2026-04-15 02:00,84.85,6.16
2026-04-15 02:00,92.49,7.09
2026-04-15 02:00,97.89,5.78
2026-04-15 02:00,108.28,5.69
2026-04-15 02:00,93.47,6.58
2026-04-15 02:00,98.9,5.81
2026-04-15 02:00,90.49,6.32
2026-04-15 02:00,88.49,6.08
2026-04-15 02:00,91.91,5.88
2026-04-15 02:00,103.37,5.61
2026-04-15 02:00,88.44,6.61
2026-04-15 02:00,94.36,5.79
2026-04-15 02:00,92.64,6.02
2026-04-15 02:00,105.16,5.62
2026-04-15 02:00,101.2,6.16
2026-04-15 02:00,89.32,6.46
2026-04-15 02:00,88.24,6.05
2026-04-15 02:00,103.11,5.51
2026-04-15 02:00,88.21,6.59
2026-04-15 02:00,86.97,7.36
2026-04-15 02:00,86.75,6.16
2026-04-15 02:00,92.63,7.19
2026-04-15 02:00,85.14,6.28
2026-04-15 02:00,90.83,7.2
2026-04-15 02:00,85.9,6.19
2026-04-15 02:00,91.93,7.17
2026-04-15 02:00,85.41,6.25
2026-04-15 02:00,84.23,7.59
2026-04-15 02:00,92.93,7.04
2026-04-15 02:00,90.77,6.08
2026-04-15 02:00,89.66,6.05
2026-04-15 02:00,100.74,5.63
2026-04-15 02:00,97.56,6.12
2026-04-15 02:00,93.34,6.16
2026-04-15 02:00,101.55,5.72
2026-04-15 02:00,88.57,6.51
2026-04-15 02:00,88.64,5.99
2026-04-15 02:00,89.41,5.98
2026-04-15 02:00,88.24,6.05
2026-04-15 02:00,88.47,5.99
2026-04-15 02:00,88.58,7.5
2026-04-15 02:00,109.79,6.41
2026-04-15 02:00,92.06,6.79
2026-04-15 02:00,99.04,5.76
2026-04-15 02:00,88.62,6.41
2026-04-15 02:00,88.25,5.99
2026-04-15 02:00,88.86,5.99
2026-04-15 02:00,90.03,5.97
2026-04-15 02:00,95.85,5.8
2026-04-15 02:00,91.92,6.14
2026-04-15 02:00,86.08,6.15
2026-04-15 02:00,102.74,5.5
2026-04-15 02:00,89.32,6.55
2026-04-15 02:00,88.62,6.03
2026-04-15 02:00,88.18,6.02
2026-04-15 02:00,88.4,5.99
2026-04-15 02:00,83.87,6.17
2026-04-15 02:00,102.98,6.54
2026-04-15 02:00,94.64,6.34
2026-04-15 02:00,89.58,6.19
2026-04-15 02:00,94.05,5.84
2026-04-15 02:00,88.72,6.2
2026-04-15 02:00,97.46,5.7
2026-04-15 02:00,98.54,5.96
2026-04-15 02:00,101.13,5.91
2026-04-15 02:00,89.37,6.46
2026-04-15 02:00,88.08,6.03
2026-04-15 02:00,90.71,5.93
2026-04-15 02:00,88.05,6.07
2026-04-15 02:00,96.35,5.72
2026-04-15 02:00,95.7,6.05
2026-04-15 02:00,90.67,6.18
2026-04-15 02:00,108.99,5.4
2026-04-15 02:00,97.08,6.48
2026-04-15 02:00,90.86,6.23
2026-04-15 02:00,94.07,5.87
2026-04-15 02:00,107.78,5.56
2026-04-15 02:00,88.54,6.71
2026-04-15 02:00,95.11,5.82
2026-04-15 02:00,95.14,5.99
2026-04-15 02:00,88.34,6.27
2026-04-15 02:00,100.95,5.57
2026-04-15 02:00,97.3,6.14
2026-04-15 02:00,91.23,6.21
2026-04-15 02:00,87.95,6.15
2026-04-15 02:00,95.12,7.1
2026-04-15 02:00,94.22,6.03
2026-04-15 02:00,108.87,5.53
2026-04-15 02:00,92.93,6.64
2026-04-15 02:00,97.37,5.84
2026-04-15 02:00,88.45,6.34
2026-04-15 02:00,114.46,5.19
2026-04-15 02:00,98.79,6.63
2026-04-15 02:00,84.81,6.54
2026-04-15 02:00,85.97,7.44
2026-04-15 02:00,99.13,6.84
2026-04-15 02:00,114.28,5.5
2026-04-15 02:00,102.89,6.44
2026-04-15 02:00,105.3,5.93
2026-04-15 02:00,94.95,6.4
2026-04-15 02:00,98.58,5.88
2026-04-15 02:00,95.09,6.12
2026-04-15 02:00,87.49,6.27
2026-04-15 02:00,101.88,5.55
2026-04-15 02:00,88.99,6.49
2026-04-15 02:00,88.5,6.01
2026-04-15 02:00,89.99,5.97
2026-04-15 02:00,104.03,5.53
2026-04-15 02:00,89.14,6.59
2026-04-15 02:00,122.39,6.01
2026-04-15 02:00,95.86,5.77
2026-04-15 02:00,104.09,5.72
2026-04-15 02:00,84.6,6.8
2026-04-15 02:00,86.97,7.25
2026-04-15 02:00,88.41,6.02
2026-04-15 02:00,95.91,5.75
2026-04-15 02:00,86.41,6.36
2026-04-15 02:00,87.18,7.43
2026-04-15 02:00,96.26,7.06
2026-04-15 02:00,88.29,6.31
2026-04-15 02:00,87.34,6.04
2026-04-15 02:00,85.58,7.59
2026-04-15 02:00,86.88,7.45
2026-04-15 02:00,87.78,7.45
2026-04-15 02:00,84.39,7.71
2026-04-15 02:00,87.57,7.26
2026-04-15 02:00,88.09,6.01
2026-04-15 02:00,86.68,6.07
2026-04-15 02:00,87.34,7.47
2026-04-15 02:00,98.88,6.9
2026-04-15 02:00,84.6,6.57
2026-04-15 02:00,90.87,7.11
2026-04-15 02:00,85.85,6.23
2026-04-15 02:00,100.27,6.77
2026-04-15 02:00,100.06,5.93
2026-04-15 02:00,85.03,6.69
2026-04-15 02:00,88.99,7.29
2026-04-15 02:00,91.2,5.93
2026-04-15 02:00,94.54,5.88
2026-04-15 02:00,110.4,5.49
2026-04-15 02:00,89.95,6.83
2026-04-15 02:00,87.01,6.11
2026-04-15 02:00,88.38,7.43
2026-04-15 02:00,89.34,7.46
2026-04-15 02:00,88.28,6.01
2026-04-15 02:00,86.57,6.04
2026-04-15 02:00,99.11,6.82
2026-04-15 02:00,90.63,6.37
2026-04-15 02:00,96.62,5.8
2026-04-15 02:00,87.63,6.39
2026-04-15 02:00,86.84,7.48
2026-04-15 02:00,122.91,5.95
2026-04-15 02:00,95.96,5.78
2026-04-15 02:00,87.2,6.32
2026-04-15 02:00,93.38,7.2
2026-04-15 02:00,91.6,6.06
2026-04-15 02:00,93.68,5.93
2026-04-15 02:00,103.85,5.62
2026-04-15 02:00,110.64,5.81
2026-04-15 02:00,100.31,6.39
2026-04-15 02:00,88.04,6.48
2026-04-15 02:00,90.62,5.91
2026-04-15 02:00,93.49,5.9
2026-04-15 02:00,105.74,5.59
2026-04-15 02:00,96.81,6.34
2026-04-15 02:00,91.25,6.21
2026-04-15 02:00,89.38,6.06
2026-04-15 02:00,94.11,5.85
2026-04-15 02:00,107.38,5.55
2026-04-15 02:00,90.99,6.67
2026-04-15 02:00,102.35,5.62
2026-04-15 02:00,92.56,6.35
2026-04-15 02:00,113.36,5.2
2026-04-15 02:00,90.46,7.23
2026-04-15 02:00,92.3,5.94
2026-04-15 02:00,87.6,6.17
2026-04-15 02:01,95.58,7.02
2026-04-15 02:01,110.09,5.56
2026-04-15 02:01,95.35,6.58
2026-04-15 02:01,109.93,5.51
2026-04-15 02:01,97.31,6.51
2026-04-15 02:01,109.21,5.6
2026-04-15 02:01,88.98,6.83
2026-04-15 02:01,100.75,5.61
2026-04-15 02:01,89.98,6.41
2026-04-15 02:01,93.15,5.89
2026-04-15 02:01,88.48,6.17
2026-04-15 02:01,97.99,5.69
2026-04-15 02:01,88.83,6.35
2026-04-15 02:01,90,5.96
2026-04-15 02:01,89.18,6.02
2026-04-15 02:01,99.11,5.67
2026-04-15 02:01,93.08,6.23
2026-04-15 02:01,85.62,6.28
2026-04-15 02:01,88.55,7.17
2026-04-15 02:01,88.12,6.14
2026-04-15 02:01,91.74,5.88
2026-04-15 02:01,90.85,6.03
2026-04-15 02:01,86.49,6.13
2026-04-15 02:01,95.46,7.08
2026-04-15 02:01,114.73,5.38
2026-04-15 02:01,87.8,7.11
2026-04-15 02:01,89.93,5.96
2026-04-15 02:01,90.84,5.99
2026-04-15 02:01,90.66,5.97
2026-04-15 02:01,91.18,6.02
2026-04-15 02:01,91.09,6.01
2026-04-15 02:01,90.25,5.91
2026-04-15 02:01,118.44,5.22
2026-04-15 02:01,122.68,5.85
2026-04-15 02:01,100.82,5.63
2026-04-15 02:01,92.45,6.24
2026-04-15 02:01,91.83,6.03
2026-04-15 02:01,87.89,6.1
2026-04-15 02:01,87.81,6.11
2026-04-15 02:01,85.35,6.08
2026-04-15 02:01,102.14,6.68
2026-04-15 02:01,87.15,6.6
2026-04-15 02:01,96.61,7
2026-04-15 02:01,103.22,5.78
2026-04-15 02:01,112.83,5.68
2026-04-15 02:01,85.73,7.16
2026-04-15 02:01,86.38,7.46
2026-04-15 02:01,89.78,7.24
2026-04-15 02:01,90.07,6.04
2026-04-15 02:01,86.64,6.14
2026-04-15 02:01,87.31,7.45
2026-04-15 02:01,89.52,7.39
2026-04-15 02:01,88.85,6.03
2026-04-15 02:01,87.44,6.05
2026-04-15 02:01,87.78,7.47
2026-04-15 02:01,124.69,5.88
2026-04-15 02:01,106.25,5.51
2026-04-15 02:01,91.41,6.58
2026-04-15 02:01,87.6,6.15
2026-04-15 02:01,85.34,6.09
2026-04-15 02:01,85.3,7.49
2026-04-15 02:01,86.03,7.48
2026-04-15 02:01,88.15,7.39
2026-04-15 02:01,86.96,6.03
2026-04-15 02:01,85.05,7.63
2026-04-15 02:01,83.96,7.55
2026-04-15 02:01,85.75,7.42
2026-04-15 02:01,89.52,7.29
2026-04-15 02:01,87.78,6.07
2026-04-15 02:01,100.44,5.58
2026-04-15 02:01,94.24,6.24
2026-04-15 02:01,84.33,6.39
2026-04-15 02:01,99.33,6.75
2026-04-15 02:01,103.38,5.8
2026-04-15 02:01,112.74,5.74
2026-04-15 02:01,97.38,6.58
2026-04-15 02:01,86.95,6.43
2026-04-15 02:01,90.57,7.3
2026-04-15 02:01,104.79,5.53
2026-04-15 02:01,88.77,6.6
2026-04-15 02:01,86.36,6.12
2026-04-15 02:01,86.41,7.34
2026-04-15 02:01,100.99,5.58
2026-04-15 02:01,90.83,6.43
2026-04-15 02:01,87.34,6.14
2026-04-15 02:01,87.44,7.51
2026-04-15 02:01,96.68,7.02
2026-04-15 02:01,134.33,4.9
2026-04-15 02:01,115.2,5.53
2026-04-15 02:01,110.33,6.18
2026-04-15 02:01,91.66,6.7
2026-04-15 02:01,96.64,5.83
2026-04-15 02:01,88.85,6.35
2026-04-15 02:01,86.45,6.08
2026-04-15 02:01,95.85,7.02
2026-04-15 02:01,87.33,6.32
2026-04-15 02:01,93.34,7.18
2026-04-15 02:01,88.72,6.17
2026-04-15 02:01,89.51,7.46
2026-04-15 02:01,87.85,6.05
2026-04-15 02:01,88.96,5.98
2026-04-15 02:01,88.68,6.01
2026-04-15 02:01,87.49,6.05
2026-04-15 02:01,87.29,7.51
2026-04-15 02:01,88.14,7.4
2026-04-15 02:01,85.27,6.15
2026-04-15 02:01,92.32,7.12
2026-04-15 02:01,95.33,5.9
2026-04-15 02:01,88.98,6.24
2026-04-15 02:01,87.84,6.05
2026-04-15 02:01,91.47,7.29
2026-04-15 02:01,94.89,5.88
2026-04-15 02:01,101.66,5.74
2026-04-15 02:01,91.48,6.37
2026-04-15 02:01,89.71,6.13
2026-04-15 02:01,108.13,5.41
2026-04-15 02:01,95.65,6.49
2026-04-15 02:01,86.04,6.37
2026-04-15 02:01,100.64,6.75
2026-04-15 02:01,105.31,5.85
2026-04-15 02:01,118.16,5.54
2026-04-15 02:01,90.79,7.01
2026-04-15 02:01,88.43,6.26
2026-04-15 02:01,87.49,6.04
2026-04-15 02:01,88.89,7.42
2026-04-15 02:01,97.85,5.67
2026-04-15 02:01,116.71,5.42
2026-04-15 02:01,106.45,6.39
2026-04-15 02:01,118.62,5.58
2026-04-15 02:01,87.23,7.41
2026-04-15 02:01,90.69,7.28
2026-04-15 02:01,121.6,5.08
2026-04-15 02:01,88.64,7.49
2026-04-15 02:01,96.12,5.74
2026-04-15 02:01,112.45,5.47
2026-04-15 02:01,85.98,7.13
2026-04-15 02:01,86.74,7.47
2026-04-15 02:01,101.34,6.68
2026-04-15 02:01,97.64,6.17
2026-04-15 02:01,102.62,5.86
2026-04-15 02:01,106.45,5.87
2026-04-15 02:01,85.97,6.84
2026-04-15 02:01,86.71,7.4
2026-04-15 02:01,90.16,5.92
2026-04-15 02:01,95.06,5.79
2026-04-15 02:01,100.75,5.82
2026-04-15 02:01,95.4,6.22
2026-04-15 02:01,93.55,6.07
2026-04-15 02:01,97.45,5.87
2026-04-15 02:01,94.54,6.11
2026-04-15 02:01,90.09,6.17
2026-04-15 02:01,101.29,5.61
2026-04-15 02:01,99.16,6.09
2026-04-15 02:01,96.43,6.1
2026-04-15 02:01,89.15,6.29
2026-04-15 02:01,95.84,5.77
2026-04-15 02:01,94.73,6.04
2026-04-15 02:01,96.64,5.93
2026-04-15 02:01,89.62,6.27
2026-04-15 02:01,86.87,6.1
2026-04-15 02:01,107.01,6.44
2026-04-15 02:01,112.26,5.87
2026-04-15 02:01,102.14,6.41
2026-04-15 02:01,91.1,6.43
2026-04-15 02:01,118.52,5.15
2026-04-15 02:01,103.64,6.59
2026-04-15 02:01,100.12,5.93
2026-04-15 02:01,89.51,6.35
2026-04-15 02:01,104.29,5.71
2026-04-15 02:01,87.06,6.74
2026-04-15 02:01,87.1,7.49
2026-04-15 02:01,86.05,7.5
2026-04-15 02:01,90.61,7.31
2026-04-15 02:01,97.35,5.77
2026-04-15 02:01,106.57,5.68
2026-04-15 02:01,299.56,2.74
2026-04-15 02:01,86.55,6.7
2026-04-15 02:01,94.35,5.78
2026-04-15 02:01,85.67,6.27
2026-04-15 02:01,97.05,6.99
2026-04-15 02:01,106.54,5.67
2026-04-15 02:01,89.32,6.7
2026-04-15 02:01,99.38,5.66
2026-04-15 02:01,87.96,6.44
2026-04-15 02:01,87.79,6.01
2026-04-15 02:01,96.42,5.71
2026-04-15 02:01,89.76,6.25
2026-04-15 02:01,91.4,5.94
2026-04-15 02:01,95.26,5.88
2026-04-15 02:01,95.04,6.01
2026-04-15 02:01,88.32,6.26
2026-04-15 02:01,88.33,6
2026-04-15 02:01,106.64,6.59
2026-04-15 02:01,88.45,6.74
2026-04-15 02:01,92.05,5.75
2026-04-15 02:01,89.55,6.24
2026-04-15 02:01,94.36,5.83
2026-04-15 02:01,93.41,6.03
2026-04-15 02:01,101.4,5.74
2026-04-15 02:01,94.05,6.28
2026-04-15 02:01,93.7,6.01
2026-04-15 02:01,91.42,6.08
2026-04-15 02:01,118.3,5.17
2026-04-15 02:01,89.53,7.27
2026-04-15 02:01,90.95,7.42
2026-04-15 02:01,96.73,5.8
2026-04-15 02:01,86.93,6.38
2026-04-15 02:01,98.84,6.88
2026-04-15 02:01,92.43,6.25
2026-04-15 02:01,90.81,6.06
2026-04-15 02:01,102.95,5.59
2026-04-15 02:01,120.23,5.4
2026-04-15 02:01,97.44,7.02
2026-04-15 02:01,88.55,6.34
2026-04-15 02:01,108.41,5.36
2026-04-15 02:01,84.77,7.01
2026-04-15 02:01,119.7,5.94
2026-04-15 02:01,102.63,6.51
2026-04-15 02:01,87.09,6.76
2026-04-15 02:01,87.79,7.53
2026-04-15 02:01,93.13,5.77
2026-04-15 02:01,86.73,6.3
2026-04-15 02:01,87.62,7.44
2026-04-15 02:01,92.01,5.86
2026-04-15 02:01,87.15,6.18
2026-04-15 02:01,103.23,6.68
2026-04-15 02:01,87.68,6.63
2026-04-15 02:01,85.09,7.66
2026-04-15 02:01,83.65,7.58
2026-04-15 02:01,83,7.54
2026-04-15 02:01,89.07,7.18
2026-04-15 02:01,85.38,6.13
2026-04-15 02:01,86.3,7.46
2026-04-15 02:01,86.46,7.48
2026-04-15 02:01,87.01,7.48
2026-04-15 02:01,88.11,7.45
2026-04-15 02:01,87.24,6.03
2026-04-15 02:01,83.49,7.71
2026-04-15 02:01,102.08,6.55
2026-04-15 02:01,84.02,6.75
2026-04-15 02:01,85.69,7.44
2026-04-15 02:01,88.05,7.37
2026-04-15 02:01,90.84,5.91
2026-04-15 02:01,91.93,5.96
2026-04-15 02:01,96.02,5.86
2026-04-15 02:01,90.26,6.22
2026-04-15 02:01,90.77,5.95
2026-04-15 02:01,86.49,6.2
2026-04-15 02:01,86.45,6
2026-04-15 02:01,86.88,7.49
2026-04-15 02:01,90.79,7.29
2026-04-15 02:01,90.64,6.01
2026-04-15 02:01,94.39,5.87
2026-04-15 02:01,91.59,6.1
2026-04-15 02:01,104.41,5.58
2026-04-15 02:01,94.04,6.41
2026-04-15 02:01,116.95,5.27
2026-04-15 02:01,91.13,7.12
2026-04-15 02:01,102.54,5.61
2026-04-15 02:01,108.27,5.81
2026-04-15 02:01,100.75,6.29
2026-04-15 02:01,86.03,6.58
2026-04-15 02:01,84.44,6.06
2026-04-15 02:01,83.62,7.54
2026-04-15 02:01,97.32,6.8
2026-04-15 02:01,85.08,6.48
2026-04-15 02:01,102.89,6.61
2026-04-15 02:01,91.53,6.44
2026-04-15 02:01,92.54,5.98
2026-04-15 02:01,86.78,6.19
2026-04-15 02:01,86.1,7.58
2026-04-15 02:01,105.17,6.55
2026-04-15 02:01,90.91,6.58
2026-04-15 02:01,91.54,5.98
2026-04-15 02:01,86.73,6.19
2026-04-15 02:01,107.81,6.4
2026-04-15 02:01,119.67,5.66
2026-04-15 02:01,92.72,7.13
2026-04-15 02:01,100.79,5.74
2026-04-15 02:01,92.42,6.32
2026-04-15 02:01,110.97,5.39
2026-04-15 02:01,91.09,6.83
2026-04-15 02:01,92.91,5.94
2026-04-15 02:01,89.29,6.12
2026-04-15 02:01,91.37,5.95
2026-04-15 02:01,89.73,6.06
2026-04-15 02:01,93.06,5.89
2026-04-15 02:01,98.89,5.8
2026-04-15 02:01,86.63,6.48
2026-04-15 02:01,94.61,7.06
2026-04-15 02:01,88.59,6.24
2026-04-15 02:01,88.1,6
2026-04-15 02:01,85.1,6.14
2026-04-15 02:01,86.51,7.41
2026-04-15 02:01,92.45,7.19
2026-04-15 02:01,88.66,6.15
2026-04-15 02:01,85.99,6.1
2026-04-15 02:01,105.32,6.54
2026-04-15 02:01,87.51,6.72
2026-04-15 02:01,103.02,6.72
2026-04-15 02:01,88.34,6.44
2026-04-15 02:01,88.7,6.12
2026-04-15 02:01,87.35,6.03
2026-04-15 02:01,85.62,7.62
2026-04-15 02:01,90.08,7.28
2026-04-15 02:01,110.2,5.33
2026-04-15 02:01,84.75,7.14
2026-04-15 02:01,90.99,7.16
2026-04-15 02:01,87.98,6.11
2026-04-15 02:01,88.87,5.97
2026-04-15 02:01,86.85,6.08
2026-04-15 02:01,88.12,7.43
2026-04-15 02:01,88.98,5.94
2026-04-15 02:01,122.32,5.01
2026-04-15 02:01,87.86,6.05
2026-04-15 02:01,88.67,5.97
2026-04-15 02:01,87.29,6.05
2026-04-15 02:01,89.99,7.36
2026-04-15 02:01,86.93,6.12
2026-04-15 02:01,126.77,5.78
2026-04-15 02:01,92.12,6.05
2026-04-15 02:01,88.79,6.12
2026-04-15 02:01,88.91,6
2026-04-15 02:01,90.85,5.94
2026-04-15 02:01,87.47,6.12
2026-04-15 02:01,89.89,7.37
2026-04-15 02:01,90.04,5.86
2026-04-15 02:01,91.13,6.1
2026-04-15 02:01,90.65,6.02
2026-04-15 02:01,87.35,6.08
2026-04-15 02:01,108.1,5.37
2026-04-15 02:01,106.82,6.05
2026-04-15 02:01,93.76,6.47
2026-04-15 02:01,95.32,5.99
2026-04-15 02:01,94.62,5.99
2026-04-15 02:01,89.62,6.23
2026-04-15 02:01,89.11,6.02
2026-04-15 02:01,94.12,5.83
2026-04-15 02:01,108.01,5.54
2026-04-15 02:01,87.36,6.85
2026-04-15 02:01,86.57,7.55
2026-04-15 02:01,101.66,6.74
2026-04-15 02:01,87.22,6.57
2026-04-15 02:01,96.66,7.01
2026-04-15 02:01,89.19,6.26
2026-04-15 02:01,148.53,4.43
2026-04-15 02:01,94.47,6.87
2026-04-15 02:01,108.01,5.42
2026-04-15 02:01,108.11,6.17
2026-04-15 02:01,86.07,6.85
2026-04-15 02:01,88.79,7.29
2026-04-15 02:01,87.56,6.15
2026-04-15 02:01,89.43,7.4
2026-04-15 02:01,116.38,5.17
2026-04-15 02:01,92.92,6.98
2026-04-15 02:01,99.1,5.79
2026-04-15 02:01,107.62,5.67
2026-04-15 02:01,86.49,6.93
2026-04-15 02:01,90.21,7.3
2026-04-15 02:01,89.32,6.03
2026-04-15 02:01,89.81,5.99
2026-04-15 02:01,117.79,5.14
2026-04-15 02:01,86.21,7.4
2026-04-15 02:01,90.84,7.24
2026-04-15 02:01,88.96,6.06
2026-04-15 02:01,116.17,5.18
2026-04-15 02:01,85.02,7.38
2026-04-15 02:01,100.93,6.7
2026-04-15 02:01,94.37,6.25
2026-04-15 02:01,88.86,6.21
2026-04-15 02:01,85.94,6.09
2026-04-15 02:01,93.95,7.09
2026-04-15 02:01,95.83,5.94
2026-04-15 02:01,101.62,5.81
2026-04-15 02:01,92.68,6.34
2026-04-15 02:01,109.35,5.46
2026-04-15 02:02,105.01,6.1
2026-04-15 02:02,94.97,6.42
2026-04-15 02:02,86.67,6.35
2026-04-15 02:02,85.85,7.56
2026-04-15 02:02,87.95,7.37
2026-04-15 02:02,97.09,5.69
2026-04-15 02:02,91.33,6.22
2026-04-15 02:02,85.94,6.2
2026-04-15 02:02,89.68,7.3
2026-04-15 02:02,85.24,6.07
2026-04-15 02:02,84.89,6.11
2026-04-15 02:02,84.16,7.46
2026-04-15 02:02,92.3,7.15
2026-04-15 02:02,91.85,6.01
2026-04-15 02:02,89.24,6.1
2026-04-15 02:02,94.96,5.81
2026-04-15 02:02,84.74,6.4
2026-04-15 02:02,105.17,6.34
2026-04-15 02:02,91.21,6.72
2026-04-15 02:02,98.6,5.75
2026-04-15 02:02,91.41,6.27
2026-04-15 02:02,97.46,5.79
2026-04-15 02:02,103.83,5.78
2026-04-15 02:02,93.76,6.39
2026-04-15 02:02,95.67,5.94
2026-04-15 02:02,101.28,5.81
2026-04-15 02:02,94.52,6.25
2026-04-15 02:02,90.78,6.14
2026-04-15 02:02,102.29,5.62
2026-04-15 02:02,106.42,5.86
2026-04-15 02:02,94.71,6.46
2026-04-15 02:02,119.5,5.23
2026-04-15 02:02,90.51,7.26
2026-04-15 02:02,126.51,4.93
2026-04-15 02:02,105.59,5.6
2026-04-15 02:02,92.59,6.51
2026-04-15 02:02,116.3,5.26
2026-04-15 02:02,87.39,7.26
2026-04-15 02:02,86.4,7.47
2026-04-15 02:02,87.39,7.53
2026-04-15 02:02,96.52,7.02
2026-04-15 02:02,118.75,5.3
2026-04-15 02:02,88.01,7.36
2026-04-15 02:02,113.71,6.24
2026-04-15 02:02,95.04,6.8
2026-04-15 02:02,94.86,6.02
2026-04-15 02:02,97.53,5.9
2026-04-15 02:02,94.49,6.08
2026-04-15 02:02,87.43,6.32
2026-04-15 02:02,85.64,7.55
2026-04-15 02:02,94.26,7.08
2026-04-15 02:02,92.07,6.09
2026-04-15 02:02,95.67,5.82
2026-04-15 02:02,85.79,6.45
2026-04-15 02:02,86.86,7.45
2026-04-15 02:02,86.94,7.49
2026-04-15 02:02,94,7.13
2026-04-15 02:02,98.39,5.85
2026-04-15 02:02,102.17,5.87
2026-04-15 02:02,88.71,6.47
2026-04-15 02:02,89.15,6.03
2026-04-15 02:02,95.53,5.79
2026-04-15 02:02,93.11,6.09
2026-04-15 02:02,92.04,6.02
2026-04-15 02:02,89.45,6.12
2026-04-15 02:02,103.24,5.54
2026-04-15 02:02,118.57,5.48
2026-04-15 02:02,90.65,7.18
2026-04-15 02:02,89.91,6.07
2026-04-15 02:02,86.26,6.14
2026-04-15 02:02,86.69,7.47
2026-04-15 02:02,86.58,7.51
2026-04-15 02:02,96.68,6.99
2026-04-15 02:02,107.93,5.62
2026-04-15 02:02,89.27,6.76
2026-04-15 02:02,86.88,6.09
2026-04-15 02:02,87.05,7.5
2026-04-15 02:02,92.44,7.21
2026-04-15 02:02,88.68,6.14
2026-04-15 02:02,91.67,5.9
2026-04-15 02:02,86.2,6.21
2026-04-15 02:02,84.8,7.54
2026-04-15 02:02,88.14,7.36
2026-04-15 02:02,89.12,5.96
2026-04-15 02:02,86.82,6.1
2026-04-15 02:02,86.87,7.47
2026-04-15 02:02,87.6,7.49
2026-04-15 02:02,92.43,7.24
2026-04-15 02:02,105.94,5.55
2026-04-15 02:02,95.05,6.41
2026-04-15 02:02,87.82,6.28
2026-04-15 02:02,107.22,5.36
2026-04-15 02:02,96.59,6.45
2026-04-15 02:02,95.03,6.05
2026-04-15 02:02,86.95,6.32
2026-04-15 02:02,87.26,7.46
2026-04-15 02:02,101.49,6.8
2026-04-15 02:02,86.87,6.59
2026-04-15 02:02,85.5,6.05
2026-04-15 02:02,95.13,7
2026-04-15 02:02,93.68,6.04
2026-04-15 02:02,101.27,5.76
2026-04-15 02:02,88.2,6.52
2026-04-15 02:02,103.09,5.51
2026-04-15 02:02,88.77,6.56
2026-04-15 02:02,99.01,5.66
2026-04-15 02:02,90,6.34
2026-04-15 02:02,88.91,6.04
2026-04-15 02:02,92.22,5.88
2026-04-15 02:02,109.34,5.46
2026-04-15 02:02,87.45,6.9
2026-04-15 02:02,117.24,6.14
2026-04-15 02:02,91.57,7.1
2026-04-15 02:02,106.13,5.52
2026-04-15 02:02,86.59,6.76
2026-04-15 02:02,87,6.03
2026-04-15 02:02,93.47,7.16
2026-04-15 02:02,99.18,5.73
2026-04-15 02:02,102.94,5.94
2026-04-15 02:02,92.54,6.4
2026-04-15 02:02,110.46,5.42
2026-04-15 02:02,91.12,6.79
2026-04-15 02:02,99.68,5.71
2026-04-15 02:02,101.57,5.93
2026-04-15 02:02,86.18,6.62
2026-04-15 02:02,86.19,7.46
2026-04-15 02:02,89.75,7.35
2026-04-15 02:02,87.61,6.08
2026-04-15 02:02,83.92,7.72
2026-04-15 02:02,91.43,7.1
2026-04-15 02:02,88.1,6.13
2026-04-15 02:02,122.46,4.97
2026-04-15 02:02,88.82,6.02
2026-04-15 02:02,85.11,6.14
2026-04-15 02:02,85.35,7.46
2026-04-15 02:02,95.42,7.01
2026-04-15 02:02,116.99,5.32
2026-04-15 02:02,89.8,7.18
2026-04-15 02:02,88.84,6.03
2026-04-15 02:02,90.72,5.93
2026-04-15 02:02,90.39,6.02
2026-04-15 02:02,93.19,5.9
2026-04-15 02:02,87.14,6.19
2026-04-15 02:02,88.28,6.01
2026-04-15 02:02,106.44,5.37
2026-04-15 02:02,89.69,6.73
2026-04-15 02:02,88.1,6.06
2026-04-15 02:02,86.86,6.05
2026-04-15 02:02,87.24,7.4
2026-04-15 02:02,108.06,5.23
2026-04-15 02:02,111.31,6.08
2026-04-15 02:02,105.22,6.14
2026-04-15 02:02,94.14,6.52
2026-04-15 02:02,91.69,6.09
2026-04-15 02:02,102.57,5.64
2026-04-15 02:02,94.37,6.31
2026-04-15 02:02,93.83,6
2026-04-15 02:02,99.68,5.82
2026-04-15 02:02,96.06,6.11
2026-04-15 02:02,104.2,5.74
2026-04-15 02:02,96.49,6.14
2026-04-15 02:02,105.07,5.84
2026-04-15 02:02,132.22,5.16
2026-04-15 02:02,91.95,6.26
2026-04-15 02:02,91.51,6.02
2026-04-15 02:02,87.3,6.09
2026-04-15 02:02,83.59,6.21
2026-04-15 02:02,86.14,7.36
2026-04-15 02:02,101.04,6.75
2026-04-15 02:02,90.07,6.42
2026-04-15 02:02,88.32,6.07
2026-04-15 02:02,88.01,6.01
2026-04-15 02:02,94.76,5.77
2026-04-15 02:02,114.98,5.35
2026-04-15 02:02,95.49,6.8
2026-04-15 02:02,93.73,6.06
2026-04-15 02:02,103.41,5.68
2026-04-15 02:02,92.31,6.43
2026-04-15 02:02,87.99,6.16
2026-04-15 02:02,86.35,6.07
2026-04-15 02:02,87.65,7.43
2026-04-15 02:02,115.27,6.22
2026-04-15 02:02,87.86,7.18
2026-04-15 02:02,87.13,7.55
2026-04-15 02:02,119.46,6.04
2026-04-15 02:02,87.62,7.43
2026-04-15 02:02,92.71,7.19
2026-04-15 02:02,88.31,6.19
2026-04-15 02:02,88.22,7.5
2026-04-15 02:02,87.7,6.02
2026-04-15 02:02,90.68,7.35
2026-04-15 02:02,101.55,5.63
2026-04-15 02:02,90.79,6.43
2026-04-15 02:02,90.43,6.01
2026-04-15 02:02,111.54,5.33
2026-04-15 02:02,90.45,6.87
2026-04-15 02:02,85.79,6.09
2026-04-15 02:02,87.45,6.03
2026-04-15 02:02,87.75,7.47
2026-04-15 02:02,89.01,5.82
2026-04-15 02:02,93.39,6
2026-04-15 02:02,92.46,6.04
2026-04-15 02:02,93.69,5.96
2026-04-15 02:02,88.52,6.19
2026-04-15 02:02,90.66,5.93
2026-04-15 02:02,88.55,6.08
2026-04-15 02:02,103.61,5.5
2026-04-15 02:02,102.4,6.04
2026-04-15 02:02,96.4,6.23
2026-04-15 02:02,90.5,6.22
2026-04-15 02:02,103.79,5.53
2026-04-15 02:02,88.99,6.64
2026-04-15 02:02,101.59,5.58
2026-04-15 02:02,104.99,5.88
2026-04-15 02:02,89.59,6.63
2026-04-15 02:02,100.82,5.62
2026-04-15 02:02,89.91,6.39
2026-04-15 02:02,95.71,5.82
2026-04-15 02:02,95.46,6.02
2026-04-15 02:02,101.04,5.82
2026-04-15 02:02,89.97,6.38
2026-04-15 02:02,86.53,6.17
2026-04-15 02:02,86.1,7.53
2026-04-15 02:02,86.12,7.5
2026-04-15 02:02,88.27,7.39
2026-04-15 02:02,88.56,5.96
2026-04-15 02:02,102.71,5.55
2026-04-15 02:02,108.39,5.81
2026-04-15 02:02,88.39,6.81
2026-04-15 02:02,90.44,5.92
2026-04-15 02:02,85.02,6.23
2026-04-15 02:02,84.25,7.54
2026-04-15 02:02,84.93,7.47
2026-04-15 02:02,101.6,6.59
2026-04-15 02:02,86.04,6.7
2026-04-15 02:02,102.03,6.7
2026-04-15 02:02,99.09,6.11
2026-04-15 02:02,121.94,5.28
2026-04-15 02:02,102.06,5.56
2026-04-15 02:02,90.17,6.46
2026-04-15 02:02,102.28,5.6
2026-04-15 02:02,95.22,6.26
2026-04-15 02:02,227.88,3.35
2026-04-15 02:02,314.83,2.75
2026-04-15 02:02,89.87,6.05
2026-04-15 02:02,100.91,5.63
2026-04-15 02:02,88.97,6.47
2026-04-15 02:02,92.55,5.87
2026-04-15 02:02,112.21,5.37
2026-04-15 02:02,89.88,6.93
2026-04-15 02:02,88.87,6.04
2026-04-15 02:02,112.68,5.24
2026-04-15 02:02,90.03,6.96
2026-04-15 02:02,89.68,6.01
2026-04-15 02:02,94.55,5.83
2026-04-15 02:02,90.86,6.1
2026-04-15 02:02,129.72,4.89
2026-04-15 02:02,112.56,5.48
2026-04-15 02:02,91.75,6.86
2026-04-15 02:02,94.05,5.9
2026-04-15 02:02,94.8,5.98
2026-04-15 02:02,105.84,5.63
2026-04-15 02:02,88.41,6.71
2026-04-15 02:02,97.14,5.7
2026-04-15 02:02,96.2,6.04
2026-04-15 02:02,139.1,4.77
2026-04-15 02:02,92.93,6.51
2026-04-15 02:02,102.93,5.66
2026-04-15 02:02,95.37,6.29
2026-04-15 02:02,93.65,6.06
2026-04-15 02:02,90.08,6.14
2026-04-15 02:02,98.8,5.7
2026-04-15 02:02,88.57,6.4
2026-04-15 02:02,89.69,5.97
2026-04-15 02:02,88.75,6.04
2026-04-15 02:02,90.27,5.94
2026-04-15 02:02,87.21,6.12
2026-04-15 02:02,87.46,7.47
2026-04-15 02:02,87.54,6
2026-04-15 02:02,87.9,7.48
2026-04-15 02:02,88.67,5.97
2026-04-15 02:02,94.78,5.8
2026-04-15 02:02,85.58,6.26
2026-04-15 02:02,99.44,6.86
2026-04-15 02:02,89.45,6.4
2026-04-15 02:02,97.6,5.73
2026-04-15 02:02,89.65,6.31
2026-04-15 02:02,124.32,4.96
2026-04-15 02:02,95.49,5.85
2026-04-15 02:02,91.08,6.17
2026-04-15 02:02,94.49,5.88
2026-04-15 02:02,109.79,5.49
2026-04-15 02:02,89.27,6.86
2026-04-15 02:02,88.16,6.04
2026-04-15 02:02,88.15,6
2026-04-15 02:02,100.64,5.58
2026-04-15 02:02,89.48,6.44
2026-04-15 02:02,97.6,5.73
2026-04-15 02:02,87.5,6.38
2026-04-15 02:02,89.6,7.35
2026-04-15 02:02,88.79,6.07
2026-04-15 02:02,98.89,5.66
2026-04-15 02:02,98.67,6.01
2026-04-15 02:02,86.86,6.46
2026-04-15 02:02,84.66,7.63
2026-04-15 02:02,86.91,7.31
2026-04-15 02:02,89.03,5.97
2026-04-15 02:02,91.9,5.9
2026-04-15 02:02,91.21,6.03
2026-04-15 02:02,93.35,5.92
2026-04-15 02:02,124.64,5.06
2026-04-15 02:02,96.97,5.79
2026-04-15 02:02,91.86,6.21
2026-04-15 02:02,101.42,5.67
2026-04-15 02:02,91.5,6.39
2026-04-15 02:02,90.8,6.02
2026-04-15 02:02,85.25,7.84
2026-04-15 02:02,87.2,7.39
2026-04-15 02:02,92.49,7.23
2026-04-15 02:02,117.93,5.19
2026-04-15 02:02,103.56,6.59
2026-04-15 02:02,105.49,5.9
2026-04-15 02:02,100.38,6.23
2026-04-15 02:02,90.02,6.39
2026-04-15 02:02,99.17,5.7
2026-04-15 02:02,89.66,6.37
2026-04-15 02:02,88.47,6.04
2026-04-15 02:02,88.74,6
2026-04-15 02:02,90.41,5.94
2026-04-15 02:02,87.14,6.12
2026-04-15 02:02,87.54,7.49
2026-04-15 02:02,90.19,7.36
2026-04-15 02:02,90.44,5.99
2026-04-15 02:02,97.28,5.76
2026-04-15 02:02,93.03,6.15
2026-04-15 02:02,100.05,5.77
2026-04-15 02:02,89.67,6.41
2026-04-15 02:02,100.94,5.62
2026-04-15 02:02,92.76,6.31
2026-04-15 02:02,113.97,5.33
2026-04-15 02:02,88.71,7.08
2026-04-15 02:02,89.29,5.98
2026-04-15 02:02,91.36,5.94
2026-04-15 02:02,93.79,5.91
2026-04-15 02:02,91.5,6.08
2026-04-15 02:02,98.47,5.76
2026-04-15 02:02,113.28,5.51
2026-04-15 02:02,88.39,7.06
2026-04-15 02:02,104.9,5.44
2026-04-15 02:02,88.65,6.68
2026-04-15 02:02,90.09,5.95
2026-04-15 02:02,97.72,5.74
2026-04-15 02:02,91.03,6.26
2026-04-15 02:02,91.49,5.98
2026-04-15 02:02,89.09,6.1
2026-04-15 02:02,88.75,6.01
2026-04-15 02:02,98.53,5.67
2026-04-15 02:02,88.78,6.37
2026-04-15 02:02,88.63,6.01
2026-04-15 02:02,89.02,5.99
2026-04-15 02:02,88.12,6.02
2026-04-15 02:02,96.62,5.72
2026-04-15 02:02,111.9,5.49
2026-04-15 02:02,106.32,6.22
2026-04-15 02:02,86.58,6.79
2026-04-15 02:02,95.2,6.89
2026-04-15 02:02,90.3,6.31
2026-04-15 02:02,86.32,6.17
2026-04-15 02:02,86.24,7.5
2026-04-15 02:02,95.52,7.02
2026-04-15 02:03,113.46,5.41
2026-04-15 02:03,129.1,5.49
2026-04-15 02:03,89.74,6.23
2026-04-15 02:03,106.09,5.46
2026-04-15 02:03,91.57,6.58
2026-04-15 02:03,90.3,6.05
2026-04-15 02:03,100.68,5.65
2026-04-15 02:03,92.69,6.31
2026-04-15 02:03,102.77,5.56
2026-04-15 02:03,90.91,6.59
2026-04-15 02:03,118.74,5.14
2026-04-15 02:03,90.74,7.19
2026-04-15 02:03,88.71,6.02
2026-04-15 02:03,89.82,6.03
2026-04-15 02:03,125.34,4.85
2026-04-15 02:03,92.42,6.11
2026-04-15 02:03,94.14,5.97
2026-04-15 02:03,105.01,5.63
2026-04-15 02:03,100.34,6.19
2026-04-15 02:03,86.95,6.5
2026-04-15 02:03,87.15,7.52
2026-04-15 02:03,96.3,7.02
2026-04-15 02:03,102.57,5.78
2026-04-15 02:03,90.06,6.49
2026-04-15 02:03,101.93,5.6
2026-04-15 02:03,88.96,6.51
2026-04-15 02:03,110.09,5.33
2026-04-15 02:03,100.33,6.26
2026-04-15 02:03,90.04,6.52
2026-04-15 02:03,101.98,5.6
2026-04-15 02:03,99.43,6.09
2026-04-15 02:03,86.11,6.53
2026-04-15 02:03,83.83,7.54
2026-04-15 02:03,116,6.1
2026-04-15 02:03,96.65,6.74
2026-04-15 02:03,94.69,6.11
2026-04-15 02:03,97.23,5.91
2026-04-15 02:03,92.21,6.19
2026-04-15 02:03,91.36,6.03
2026-04-15 02:03,88.82,6.07
2026-04-15 02:03,103.04,6.77
2026-04-15 02:03,104.75,5.97
2026-04-15 02:03,110.56,5.79
2026-04-15 02:03,97.6,6.53
2026-04-15 02:03,92.74,6.17
2026-04-15 02:03,88.91,6.15
2026-04-15 02:03,89.58,5.98
2026-04-15 02:03,89.79,5.98
2026-04-15 02:03,97.61,5.75
2026-04-15 02:03,99.18,5.95
2026-04-15 02:03,96.86,6.08
2026-04-15 02:03,128.79,5.04
2026-04-15 02:03,85.19,6.4
2026-04-15 02:03,95.89,6.84
2026-04-15 02:03,87.14,6.41
2026-04-15 02:03,85.8,7.5
2026-04-15 02:03,95.89,5.68
2026-04-15 02:03,88.24,6.34
2026-04-15 02:03,88.58,5.99
2026-04-15 02:03,85.04,6.13
2026-04-15 02:03,86.61,7.41
2026-04-15 02:03,92.5,7.14
2026-04-15 02:03,102.16,5.51
2026-04-15 02:03,87.65,6.87
2026-04-15 02:03,88.06,5.92
2026-04-15 02:03,88.51,6.05
2026-04-15 02:03,88.62,5.99
2026-04-15 02:03,95.17,5.75
2026-04-15 02:03,87.35,6.28
2026-04-15 02:03,91.34,7.25
2026-04-15 02:03,97.77,5.83
2026-04-15 02:03,96.84,6.05
2026-04-15 02:03,105.09,5.7
2026-04-15 02:03,97.05,6.32
2026-04-15 02:03,91.54,6.21
2026-04-15 02:03,91.45,6.01
2026-04-15 02:03,91.56,5.98
2026-04-15 02:03,88.36,6.13
2026-04-15 02:03,88.63,6
2026-04-15 02:03,97.7,5.65
2026-04-15 02:03,88.88,6.39
2026-04-15 02:03,88.27,6.02
2026-04-15 02:03,95.63,5.75
2026-04-15 02:03,88.08,6.29
2026-04-15 02:03,94.15,5.74
2026-04-15 02:03,130.91,4.96
2026-04-15 02:03,106.96,5.68
2026-04-15 02:03,85.03,6.87
2026-04-15 02:03,86.89,5.88
2026-04-15 02:03,100,5.65
2026-04-15 02:03,86.71,6.52
2026-04-15 02:03,106.77,6.52
2026-04-15 02:03,89,6.7
2026-04-15 02:03,94.26,5.81
2026-04-15 02:03,88.3,6.23
2026-04-15 02:03,88.3,6.02
2026-04-15 02:03,101.33,5.57
2026-04-15 02:03,114.12,5.57
2026-04-15 02:03,85.32,7.26
2026-04-15 02:03,87.56,7.38
2026-04-15 02:03,93.34,7.18
2026-04-15 02:03,84.46,6.32
2026-04-15 02:03,83.88,7.54
2026-04-15 02:03,91.58,7.13
2026-04-15 02:03,88.84,6.09
2026-04-15 02:03,114.4,5.2
2026-04-15 02:03,85.71,7.27
2026-04-15 02:03,103.83,6.61
2026-04-15 02:03,89.6,6.56
2026-04-15 02:03,91.08,5.95
2026-04-15 02:03,102.28,5.62
2026-04-15 02:03,100.75,6.06
2026-04-15 02:03,97.74,6.11
2026-04-15 02:03,97.1,5.99
2026-04-15 02:03,90.63,6.28
2026-04-15 02:03,93.27,5.91
2026-04-15 02:03,98.81,5.81
2026-04-15 02:03,101.91,5.9
2026-04-15 02:03,90.15,6.45
2026-04-15 02:03,91.03,5.97
2026-04-15 02:03,89.65,6.06
2026-04-15 02:03,92.34,5.91
2026-04-15 02:03,94.7,5.91
2026-04-15 02:03,99.78,5.84
2026-04-15 02:03,94.59,6.19
2026-04-15 02:03,86.47,6.29
2026-04-15 02:03,84.61,7.58
2026-04-15 02:03,96.83,6.94
2026-04-15 02:03,105.69,5.63
2026-04-15 02:03,90.11,6.71
2026-04-15 02:03,100.71,5.64
2026-04-15 02:03,95.87,6.18
2026-04-15 02:03,87.91,6.31
2026-04-15 02:03,89.45,7.23
2026-04-15 02:03,89.84,6.12
2026-04-15 02:03,87.81,6.08
2026-04-15 02:03,116.61,6.16
2026-04-15 02:03,101.82,6.58
2026-04-15 02:03,96.13,6.22
2026-04-15 02:03,89.18,6.28
2026-04-15 02:03,92.94,5.86
2026-04-15 02:03,93.21,5.99
2026-04-15 02:03,88.95,6.15
2026-04-15 02:03,88.16,6.04
2026-04-15 02:03,87.4,6.03
2026-04-15 02:03,87.96,7.47
2026-04-15 02:03,88.51,5.96
2026-04-15 02:03,99.76,5.61
2026-04-15 02:03,93.75,6.21
2026-04-15 02:03,96.04,5.97
2026-04-15 02:03,89.74,6.23
2026-04-15 02:03,86.1,6.15
2026-04-15 02:03,91.96,7.18
2026-04-15 02:03,97.79,5.81
2026-04-15 02:03,96.16,6.06
2026-04-15 02:03,100.94,5.84
2026-04-15 02:03,93.04,6.3
2026-04-15 02:03,89.2,6.14
2026-04-15 02:03,89.07,6
2026-04-15 02:03,87.96,6.05
2026-04-15 02:03,88.39,5.99
2026-04-15 02:03,92.37,5.86
2026-04-15 02:03,102.07,5.67
2026-04-15 02:03,88.39,6.54
2026-04-15 02:03,88.66,5.99
2026-04-15 02:03,95.13,5.76
2026-04-15 02:03,87.21,6.33
2026-04-15 02:03,91.38,7.14
2026-04-15 02:03,88.18,6.21
2026-04-15 02:03,252.46,2.93
2026-04-15 02:03,111.68,5.49
2026-04-15 02:03,92.83,6.73
2026-04-15 02:03,117.97,5.25
2026-04-15 02:03,106.25,6.46
2026-04-15 02:03,91.42,6.57
2026-04-15 02:03,86.69,6.19
2026-04-15 02:03,86.69,7.49
2026-04-15 02:03,95.17,7.05
2026-04-15 02:03,92.29,6.11
2026-04-15 02:03,85.78,6.24
2026-04-15 02:03,85.83,7.48
2026-04-15 02:03,108.97,6.41
2026-04-15 02:03,90.83,6.65
2026-04-15 02:03,88.55,6.16
2026-04-15 02:03,91.11,5.9
2026-04-15 02:03,93.11,5.94
2026-04-15 02:03,100.43,5.75
2026-04-15 02:03,90.67,6.38
2026-04-15 02:03,92.42,5.94
2026-04-15 02:03,104.12,5.54
2026-04-15 02:03,96.46,6.37
2026-04-15 02:03,89.27,6.27
2026-04-15 02:03,89.66,5.99
2026-04-15 02:03,95.62,5.76
2026-04-15 02:03,87.9,6.34
2026-04-15 02:03,90.31,7.35
2026-04-15 02:03,91.23,5.98
2026-04-15 02:03,93.71,5.92
2026-04-15 02:03,152.23,4.44
2026-04-15 02:03,86.14,7.47
2026-04-15 02:03,97.83,6.9
2026-04-15 02:03,87.48,6.4
2026-04-15 02:03,93.51,7.15
2026-04-15 02:03,87.67,6.16
2026-04-15 02:03,86.58,6.12
2026-04-15 02:03,88.98,7.37
2026-04-15 02:03,89.25,5.99
2026-04-15 02:03,87.5,6.07
2026-04-15 02:03,121.29,5.98
2026-04-15 02:03,88.31,5.99
2026-04-15 02:03,84.58,7.72
2026-04-15 02:03,84.28,7.48
2026-04-15 02:03,83.91,7.57
2026-04-15 02:03,98.03,6.79
2026-04-15 02:03,94.1,6.14
2026-04-15 02:03,108.46,5.53
2026-04-15 02:03,85.39,6.97
2026-04-15 02:03,85.57,7.49
2026-04-15 02:03,103.8,6.51
2026-04-15 02:03,90.4,6.63
2026-04-15 02:03,87.49,6.11
2026-04-15 02:03,84.81,7.67
2026-04-15 02:03,86.87,7.38
2026-04-15 02:03,103.81,6.66
2026-04-15 02:03,103.17,6.02
2026-04-15 02:03,90.13,6.52
2026-04-15 02:03,94.59,5.84
2026-04-15 02:03,84.81,6.38
2026-04-15 02:03,96.53,6.9
2026-04-15 02:03,121.26,5.23
2026-04-15 02:03,91.19,5.89
2026-04-15 02:03,94.4,5.73
2026-04-15 02:03,88.85,6.39
2026-04-15 02:03,90.32,7.37
2026-04-15 02:03,88.6,6
2026-04-15 02:03,90.01,6.05
2026-04-15 02:03,88.71,6.05
2026-04-15 02:03,89.69,7.42
2026-04-15 02:03,88.94,6.04
2026-04-15 02:03,98.45,5.68
2026-04-15 02:03,103.52,5.79
2026-04-15 02:03,93.59,6.43
2026-04-15 02:03,106.06,5.59
2026-04-15 02:03,86.58,6.78
2026-04-15 02:03,85,7.61
2026-04-15 02:03,105.79,6.5
2026-04-15 02:03,91.52,6.56
2026-04-15 02:03,86.65,6.11
2026-04-15 02:03,108.24,5.37
2026-04-15 02:03,90.68,6.7
2026-04-15 02:03,88.43,6.09
2026-04-15 02:03,96.14,5.74
2026-04-15 02:03,101.29,5.82
2026-04-15 02:03,93.7,6.28
2026-04-15 02:03,90.95,6.11
2026-04-15 02:03,88.93,6.07
2026-04-15 02:03,97.12,5.73
2026-04-15 02:03,97.84,5.98
2026-04-15 02:03,97,6.03
2026-04-15 02:03,89.43,6.28
2026-04-15 02:03,92.03,5.91
2026-04-15 02:03,106.4,5.52
2026-04-15 02:03,110.42,5.86
2026-04-15 02:03,87.81,6.96
2026-04-15 02:03,87.15,7.5
2026-04-15 02:03,91.88,5.86
2026-04-15 02:03,89.71,6.09
2026-04-15 02:03,86.94,6.1
2026-04-15 02:03,86.93,7.5
2026-04-15 02:03,91.58,7.26
2026-04-15 02:03,101.21,5.65
2026-04-15 02:03,108.88,5.75
2026-04-15 02:03,112.63,5.87
2026-04-15 02:03,99.63,6.51
2026-04-15 02:03,86.57,6.51
2026-04-15 02:03,86.98,7.49
2026-04-15 02:03,89.66,7.35
2026-04-15 02:03,93.14,5.89
2026-04-15 02:03,102.27,5.69
2026-04-15 02:03,91.78,6.4
2026-04-15 02:03,94.2,5.92
2026-04-15 02:03,87.73,6.25
2026-04-15 02:03,86.95,6.03
2026-04-15 02:03,86.99,7.47
2026-04-15 02:03,87.7,7.5
2026-04-15 02:03,92.26,7.25
2026-04-15 02:03,92.24,6.01
2026-04-15 02:03,89.31,6.08
2026-04-15 02:03,99.21,5.69
2026-04-15 02:03,91.75,6.26
2026-04-15 02:03,90.46,6.06
2026-04-15 02:03,92.2,5.94
2026-04-15 02:03,91.55,6.02
2026-04-15 02:03,89.16,6.1
2026-04-15 02:03,86.6,6.02
2026-04-15 02:03,87.5,6.03
2026-04-15 02:03,88.19,7.47
2026-04-15 02:03,88.3,5.99
2026-04-15 02:03,88.05,6.03
2026-04-15 02:03,88.36,5.95
2026-04-15 02:03,89.46,6
2026-04-15 02:03,89.83,5.99
2026-04-15 02:03,85.7,6.16
2026-04-15 02:03,102.76,6.45
2026-04-15 02:03,86.53,6.87
2026-04-15 02:03,95.25,7.03
2026-04-15 02:03,85.12,6.4
2026-04-15 02:03,84.75,7.53
2026-04-15 02:03,96.29,6.9
2026-04-15 02:03,97.13,5.97
2026-04-15 02:03,87.39,6.37
2026-04-15 02:03,98.55,5.63
2026-04-15 02:03,107.2,5.64
2026-04-15 02:03,88.05,6.88
2026-04-15 02:03,92.94,5.81
2026-04-15 02:03,107.36,5.54
2026-04-15 02:03,98.5,6.34
2026-04-15 02:03,107.39,5.7
2026-04-15 02:03,92.42,6.6
2026-04-15 02:03,86.9,6.2
2026-04-15 02:03,93.49,6.88
2026-04-15 02:03,113.86,5.51
2026-04-15 02:03,86.92,7.16
2026-04-15 02:03,89.8,7.33
2026-04-15 02:03,88.45,6.05
2026-04-15 02:03,90.32,5.94
2026-04-15 02:03,130.42,4.84
2026-04-15 02:03,88.67,6.34
2026-04-15 02:03,86.13,6.09
2026-04-15 02:03,99.09,6.83
2026-04-15 02:03,85.36,6.54
2026-04-15 02:03,86.41,7.45
2026-04-15 02:03,95.4,7.02
2026-04-15 02:03,89.36,6.23
2026-04-15 02:03,114.27,5.22
2026-04-15 02:03,92,6.94
2026-04-15 02:03,90.23,6.06
2026-04-15 02:03,96.03,5.8
2026-04-15 02:03,88.83,6.27
2026-04-15 02:03,89.42,5.98
2026-04-15 02:03,111.87,5.29
2026-04-15 02:03,108.84,6.12
2026-04-15 02:03,93.21,6.62
2026-04-15 02:03,91.45,6.07
2026-04-15 02:03,88.6,6.1
2026-04-15 02:03,94.86,5.79
2026-04-15 02:03,87.09,6.3
2026-04-15 02:03,94.48,7.12
2026-04-15 02:03,86.13,6.31
2026-04-15 02:03,86.94,7.45
2026-04-15 02:03,86.95,7.52
2026-04-15 02:03,93.56,7.14
2026-04-15 02:03,94.71,5.96
2026-04-15 02:03,88.17,6.25
2026-04-15 02:03,102.97,6.75
2026-04-15 02:03,109,5.77
2026-04-15 02:03,88.3,6.87
2026-04-15 02:03,93.98,7.21
2026-04-15 02:03,116.89,5.27
2026-04-15 02:03,92.48,7.06
2026-04-15 02:03,120.24,5.14
2026-04-15 02:03,87.19,7.51
2026-04-15 02:03,104,6.66
2026-04-15 02:03,122.49,5.4
2026-04-15 02:03,91.73,5.91
2026-04-15 02:03,100.2,5.65
2026-04-15 02:03,90.89,6.44
2026-04-15 02:03,93.64,5.87
2026-04-15 02:03,87.28,6.29
2026-04-15 02:03,86.51,7.53
2026-04-15 02:03,102.97,6.68
2026-04-15 02:03,85.02,6.73
2026-04-15 02:04,96.17,6.92
2026-04-15 02:04,94.25,6.07
2026-04-15 02:04,86.26,6.3
2026-04-15 02:04,97.4,5.62
2026-04-15 02:04,106.65,5.69
2026-04-15 02:04,108.35,5.94
2026-04-15 02:04,88.94,6.79
2026-04-15 02:04,88.93,5.99
2026-04-15 02:04,91.17,5.94
2026-04-15 02:04,85.58,6.22
2026-04-15 02:04,84.65,7.52
2026-04-15 02:04,97.51,6.87
2026-04-15 02:04,84.85,6.5
2026-04-15 02:04,90.82,7.19
2026-04-15 02:04,87.1,6.12
2026-04-15 02:04,85.36,7.62
2026-04-15 02:04,102.94,6.63
2026-04-15 02:04,84.96,6.73
2026-04-15 02:04,83.53,7.59
2026-04-15 02:04,103.41,6.51
2026-04-15 02:04,85.56,6.74
2026-04-15 02:04,88.3,7.32
2026-04-15 02:04,97.9,5.68
2026-04-15 02:04,85.28,6.45
2026-04-15 02:04,92.05,7.15
2026-04-15 02:04,84.43,6.33
2026-04-15 02:04,116.69,6.06
2026-04-15 02:04,87.61,7.27
2026-04-15 02:04,85.98,7.55
2026-04-15 02:04,91.53,7.25
2026-04-15 02:04,85.65,6.22
2026-04-15 02:04,84.47,7.45
2026-04-15 02:04,97.73,6.93
2026-04-15 02:04,103.6,5.8
2026-04-15 02:04,109.8,5.79
2026-04-15 02:04,85.69,7.02
2026-04-15 02:04,95.88,6.95
2026-04-15 02:04,86.61,6.38
2026-04-15 02:04,87.67,7.45
2026-04-15 02:04,102.9,6.73
2026-04-15 02:04,88.63,6.55
2026-04-15 02:04,99.95,5.63
2026-04-15 02:04,92.76,6.27
2026-04-15 02:04,86.53,6.24
2026-04-15 02:04,84.64,7.6
2026-04-15 02:04,96.13,6.91
2026-04-15 02:04,89.33,6.26
2026-04-15 02:04,89.55,5.99
2026-04-15 02:04,86.27,6.12
2026-04-15 02:04,104.95,6.58
2026-04-15 02:04,109.6,5.84
2026-04-15 02:04,88.86,6.86
2026-04-15 02:04,91.13,5.92
2026-04-15 02:04,91.41,6
2026-04-15 02:04,93.57,5.92
2026-04-15 02:04,100.47,5.77
2026-04-15 02:04,85.03,6.61
2026-04-15 02:04,104.17,6.43
2026-04-15 02:04,111.07,5.79
2026-04-15 02:04,93.03,6.85
2026-04-15 02:04,87.44,6.21
2026-04-15 02:04,87.94,7.37
2026-04-15 02:04,87.97,6.04
2026-04-15 02:04,106.3,5.44
2026-04-15 02:04,88.27,6.72
2026-04-15 02:04,113.54,6.3
2026-04-15 02:04,115.89,5.93
2026-04-15 02:04,87.06,7.26
2026-04-15 02:04,86.11,7.56
2026-04-15 02:04,88.33,7.38
2026-04-15 02:04,87.79,6.02
2026-04-15 02:04,107.23,5.38
2026-04-15 02:04,92.81,6.58
2026-04-15 02:04,131.23,4.87
2026-04-15 02:04,101.42,5.89
2026-04-15 02:04,97.32,6.15
2026-04-15 02:04,85.43,6.47
2026-04-15 02:04,107.54,6.35
2026-04-15 02:04,83.76,7.1
2026-04-15 02:04,89.93,7.18
2026-04-15 02:04,92.31,5.92
2026-04-15 02:04,83.83,6.33
2026-04-15 02:04,85.23,7.23
2026-04-15 02:04,86.29,6.09
2026-04-15 02:04,85,7.51
2026-04-15 02:04,90.61,7.1
2026-04-15 02:04,108.36,5.52
2026-04-15 02:04,104.86,5.99
2026-04-15 02:04,87.92,6.85
2026-04-15 02:04,97.1,5.69
2026-04-15 02:04,107.59,5.63
2026-04-15 02:04,95.13,6.5
2026-04-15 02:04,96.54,5.95
2026-04-15 02:04,88.71,6.31
2026-04-15 02:04,87.62,6.04
2026-04-15 02:04,86.45,7.55
2026-04-15 02:04,112.34,6.3
2026-04-15 02:04,87.91,7.04
2026-04-15 02:04,117.59,6.12
2026-04-15 02:04,87.84,7.3
2026-04-15 02:04,90.08,5.94
2026-04-15 02:04,88.19,5.99
2026-04-15 02:04,88.91,6.04
2026-04-15 02:04,88.41,6.02
2026-04-15 02:04,93.94,7.2
2026-04-15 02:04,105.15,5.64
2026-04-15 02:04,86.93,6.74
2026-04-15 02:04,85.58,7.59
2026-04-15 02:04,100.61,6.73
2026-04-15 02:04,108.89,5.72
2026-04-15 02:04,85.9,6.96
2026-04-15 02:04,102.35,6.68
2026-04-15 02:04,108.08,5.79
2026-04-15 02:04,111.68,5.89
2026-04-15 02:04,87.31,7.03
2026-04-15 02:04,105.14,6.62
2026-04-15 02:04,103.72,6.04
2026-04-15 02:04,91.69,6.48
2026-04-15 02:04,93.41,5.93
2026-04-15 02:04,88.65,6.18
2026-04-15 02:04,87.62,6.03
2026-04-15 02:04,93.89,5.8
2026-04-15 02:04,95.7,5.93
2026-04-15 02:04,87.18,6.33
2026-04-15 02:04,85.02,7.6
2026-04-15 02:04,92.34,7.13
2026-04-15 02:04,85.55,6.26
2026-04-15 02:04,84.66,7.44
2026-04-15 02:04,108.99,6.42
2026-04-15 02:04,91.04,6.73
2026-04-15 02:04,96.36,5.81
2026-04-15 02:04,96.91,5.99
2026-04-15 02:04,95.05,6.07
2026-04-15 02:04,90.74,6.12
2026-04-15 02:04,92.43,5.98
2026-04-15 02:04,99.16,5.76
2026-04-15 02:04,85.76,6.54
2026-04-15 02:04,100.82,6.75
2026-04-15 02:04,86.23,6.58
2026-04-15 02:04,85.76,7.36
2026-04-15 02:04,98.66,6.97
2026-04-15 02:04,101.97,5.89
2026-04-15 02:04,100.31,6.07
2026-04-15 02:04,95.35,6.18
2026-04-15 02:04,88.42,6.24
2026-04-15 02:04,94.86,5.8
2026-04-15 02:04,105.07,5.66
2026-04-15 02:04,105.52,5.99
2026-04-15 02:04,107.79,5.92
2026-04-15 02:04,92.62,6.6
2026-04-15 02:04,86.73,6.22
2026-04-15 02:04,87.92,7.45
2026-04-15 02:04,84.68,6.11
2026-04-15 02:04,93.52,7
2026-04-15 02:04,85.25,6.34
2026-04-15 02:04,88.09,7.36
2026-04-15 02:04,97.53,5.68
2026-04-15 02:04,95.61,6.08
2026-04-15 02:04,106.72,5.62
2026-04-15 02:04,90.22,6.67
2026-04-15 02:04,92.14,5.88
2026-04-15 02:04,96.5,5.9
2026-04-15 02:04,91.77,6.16
2026-04-15 02:04,89.37,6.11
2026-04-15 02:04,88.69,6.01
2026-04-15 02:04,93.37,5.86
2026-04-15 02:04,91.59,6.07
2026-04-15 02:04,89.92,6.05
2026-04-15 02:04,107.83,5.43
2026-04-15 02:04,99.31,6.33
2026-04-15 02:04,90.4,6.33
2026-04-15 02:04,92.29,5.94
2026-04-15 02:04,103.8,5.61
2026-04-15 02:04,90.67,6.52
2026-04-15 02:04,118.34,5.12
2026-04-15 02:04,87.96,7.4
2026-04-15 02:04,86.77,6.02
2026-04-15 02:04,87.49,7.51
2026-04-15 02:04,94.07,5.74
2026-04-15 02:04,88.71,6.24
2026-04-15 02:04,104.83,5.43
2026-04-15 02:04,97.22,6.19
2026-04-15 02:04,332.45,2.48
2026-04-15 02:04,92.53,6.47
2026-04-15 02:04,87.45,6.18
2026-04-15 02:04,108.32,6.48
2026-04-15 02:04,88.58,6.82
2026-04-15 02:04,93.69,5.78
2026-04-15 02:04,96.22,5.95
2026-04-15 02:04,95.25,6.04
2026-04-15 02:04,89.9,6.19
2026-04-15 02:04,88.2,6.08
2026-04-15 02:04,92.85,5.85
2026-04-15 02:04,90.65,6.08
2026-04-15 02:04,108.81,5.41
2026-04-15 02:04,103.83,6.18
2026-04-15 02:04,109.14,5.82
2026-04-15 02:04,90.08,6.67
2026-04-15 02:04,105.17,5.57
2026-04-15 02:04,105.03,5.99
2026-04-15 02:04,84.08,6.88
2026-04-15 02:04,85.04,7.44
2026-04-15 02:04,92.1,7.14
2026-04-15 02:04,86.77,6.08
2026-04-15 02:04,91.54,5.93
2026-04-15 02:04,86.65,6.19
2026-04-15 02:04,105.17,6.58
2026-04-15 02:04,107.78,5.92
2026-04-15 02:04,91.29,6.66
2026-04-15 02:04,87.47,6.1
2026-04-15 02:04,93.82,5.82
2026-04-15 02:04,106.12,5.57
2026-04-15 02:04,104.07,6.04
2026-04-15 02:04,116,5.65
2026-04-15 02:04,84.75,7.39
2026-04-15 02:04,88.2,7.32
2026-04-15 02:04,84.71,6.13
2026-04-15 02:04,84.02,7.55
2026-04-15 02:04,90.75,7.14
2026-04-15 02:04,91.57,5.97
2026-04-15 02:04,117.6,5.19
2026-04-15 02:04,90.12,7.18
2026-04-15 02:04,111.79,5.31
2026-04-15 02:04,120.52,5.71
2026-04-15 02:04,98.09,6.94
2026-04-15 02:04,97.15,6.04
2026-04-15 02:04,104.13,5.76
2026-04-15 02:04,95.27,6.34
2026-04-15 02:04,103.97,5.7
2026-04-15 02:04,103.05,6.04
2026-04-15 02:04,101.65,6.06
2026-04-15 02:04,96.13,6.21
2026-04-15 02:04,92.32,6.14
2026-04-15 02:04,90.47,6.07
2026-04-15 02:04,102.87,5.59
2026-04-15 02:04,90.22,6.49
2026-04-15 02:04,102.62,5.59
2026-04-15 02:04,95.09,6.13
2026-04-15 02:04,89.39,6.38
2026-04-15 02:04,93.62,5.86
2026-04-15 02:04,89.55,6.15
2026-04-15 02:04,90.49,5.97
2026-04-15 02:04,98.3,5.68
2026-04-15 02:04,92.6,6.28
2026-04-15 02:04,99.26,5.68
2026-04-15 02:04,102.28,5.98
2026-04-15 02:04,93.55,6.3
2026-04-15 02:04,87.29,6.29
2026-04-15 02:04,104.19,6.56
2026-04-15 02:04,92.66,6.55
2026-04-15 02:04,111.98,5.36
2026-04-15 02:04,111.46,6.05
2026-04-15 02:04,117.36,5.65
2026-04-15 02:04,95.74,5.75
2026-04-15 02:04,90.04,6.21
2026-04-15 02:04,103.21,5.56
2026-04-15 02:04,102.14,6.04
2026-04-15 02:04,115.74,5.55
2026-04-15 02:04,89.42,7.13
2026-04-15 02:04,88.71,6.02
2026-04-15 02:04,90.13,5.95
2026-04-15 02:04,100.99,5.63
2026-04-15 02:04,96.04,6.19
2026-04-15 02:04,98.61,5.91
2026-04-15 02:04,90.11,6.33
2026-04-15 02:04,113.06,5.27
2026-04-15 02:04,89.43,7
2026-04-15 02:04,87.85,5.99
2026-04-15 02:04,90.7,5.97
2026-04-15 02:04,90.55,5.99
2026-04-15 02:04,92.71,5.95
2026-04-15 02:04,90.41,6.09
2026-04-15 02:04,94.27,5.87
2026-04-15 02:04,105.9,5.6
2026-04-15 02:04,105.92,6
2026-04-15 02:04,92.81,6.53
2026-04-15 02:04,110.05,5.44
2026-04-15 02:04,92.32,6.71
2026-04-15 02:04,88.85,6.14
2026-04-15 02:04,105.55,5.46
2026-04-15 02:04,95.95,6.38
2026-04-15 02:04,91.21,6.17
2026-04-15 02:04,88.24,6.12
2026-04-15 02:04,85.18,6.11
2026-04-15 02:04,97.28,6.87
2026-04-15 02:04,104.08,5.78
2026-04-15 02:04,103.06,6.04
2026-04-15 02:04,87.47,6.63
2026-04-15 02:04,87.95,7.46
2026-04-15 02:04,86.94,6.05
2026-04-15 02:04,86.41,7.53
2026-04-15 02:04,88.32,7.31
2026-04-15 02:04,86.95,6.07
2026-04-15 02:04,94.3,5.75
2026-04-15 02:04,88.07,6.24
2026-04-15 02:04,90.37,5.95
2026-04-15 02:04,88.34,6.09
2026-04-15 02:04,85.84,6.09
2026-04-15 02:04,84.79,7.55
2026-04-15 02:04,91.46,7.15
2026-04-15 02:04,95.58,5.86
2026-04-15 02:04,86.53,6.35
2026-04-15 02:04,110.27,6.37
2026-04-15 02:04,86.65,6.99
2026-04-15 02:04,99.95,6.74
2026-04-15 02:04,84.44,6.69
2026-04-15 02:04,108.5,6.36
2026-04-15 02:04,89.9,6.75
2026-04-15 02:04,99.81,5.66
2026-04-15 02:04,100.61,5.98
2026-04-15 02:04,88.94,6.45
2026-04-15 02:04,92.52,5.88
2026-04-15 02:04,88.36,6.15
2026-04-15 02:04,89.47,5.97
2026-04-15 02:04,87.13,6.07
2026-04-15 02:04,95.32,7.07
2026-04-15 02:04,93.08,6.09
2026-04-15 02:04,93.77,5.98
2026-04-15 02:04,118.25,5.23
2026-04-15 02:04,112.59,6.22
2026-04-15 02:04,92.97,6.8
2026-04-15 02:04,88.4,6.18
2026-04-15 02:04,97.1,5.7
2026-04-15 02:04,87.18,6.39
2026-04-15 02:04,95.52,5.71
2026-04-15 02:04,88.72,6.25
2026-04-15 02:04,97.94,5.69
2026-04-15 02:04,94.35,6.14
2026-04-15 02:04,87.13,6.2
2026-04-15 02:04,88.77,6.02
2026-04-15 02:04,96.37,5.74
2026-04-15 02:04,99.93,5.87
2026-04-15 02:04,86.82,6.52
2026-04-15 02:04,87.42,7.47
2026-04-15 02:04,95.53,7.09
2026-04-15 02:04,100.72,5.79
2026-04-15 02:04,128.19,5.17
2026-04-15 02:04,101.8,5.77
2026-04-15 02:04,87.35,6.57
2026-04-15 02:04,96.3,7.03
2026-04-15 02:04,92.27,6.15
2026-04-15 02:04,93.73,5.95
2026-04-15 02:04,98.81,5.82
2026-04-15 02:04,102.86,5.8
2026-04-15 02:04,84.78,6.82
2026-04-15 02:04,86.64,7.4
2026-04-15 02:04,87.8,5.96
2026-04-15 02:04,84.44,7.64
2026-04-15 02:04,87.15,7.4
2026-04-15 02:04,85.08,7.63
2026-04-15 02:04,84.52,7.54
2026-04-15 02:04,104.64,6.45
2026-04-15 02:04,91.52,6.54
2026-04-15 02:04,85.46,6.27
2026-04-15 02:04,85.75,7.46
2026-04-15 02:04,98.7,6.87
2026-04-15 02:04,93.31,6.2
2026-04-15 02:04,90.78,6.09
2026-04-15 02:04,90.88,6.01
2026-04-15 02:04,99.21,5.72
2026-04-15 02:04,100.74,5.95
2026-04-15 02:04,88.48,6.49
2026-04-15 02:04,103.24,5.51
2026-04-15 02:04,91.63,6.46
2026-04-15 02:04,87.63,6.14
2026-04-15 02:04,101.76,6.77
2026-04-15 02:04,121.81,5.35
2026-04-15 02:04,86.77,6.03
2026-04-15 02:04,125.48,4.85
2026-04-15 02:04,95.8,5.95
2026-04-15 02:04,99.19,5.88
2026-04-15 02:04,96.81,6.09
2026-04-15 02:04,89.34,6.28
2026-04-15 02:04,96.82,5.73
2026-04-15 02:05,93.98,6.09
2026-04-15 02:05,91.61,6.12
2026-04-15 02:05,87.61,6.12
2026-04-15 02:05,85.87,6.1
2026-04-15 02:05,106.59,6.49
2026-04-15 02:05,89.27,6.71
2026-04-15 02:05,105.56,5.34
2026-04-15 02:05,91.74,6.73
2026-04-15 02:05,89.54,6.09
2026-04-15 02:05,105.45,5.48
2026-04-15 02:05,104.57,6.04
2026-04-15 02:05,89.05,6.62
2026-04-15 02:05,98.41,5.67
2026-04-15 02:05,92.22,6.24
2026-04-15 02:05,113.15,5.34
2026-04-15 02:05,89.45,6.91
2026-04-15 02:05,91.11,6
2026-04-15 02:05,97.22,5.8
2026-04-15 02:05,129.7,5.02
2026-04-15 02:05,95.61,6.03
2026-04-15 02:05,97.96,5.75
2026-04-15 02:05,87.4,6.5
2026-04-15 02:05,86.91,6.12
2026-04-15 02:05,91.22,5.85
2026-04-15 02:05,100.96,5.67
2026-04-15 02:05,126.38,5.2
2026-04-15 02:05,100.91,5.74
2026-04-15 02:05,86.18,6.59
2026-04-15 02:05,89.31,7.29
2026-04-15 02:05,101.53,5.6
2026-04-15 02:05,88.08,6.55
2026-04-15 02:05,90.63,5.9
2026-04-15 02:05,90.5,6.03
2026-04-15 02:05,87.83,6.1
2026-04-15 02:05,87.3,7.52
2026-04-15 02:05,98.07,6.95
2026-04-15 02:05,103.3,5.82
2026-04-15 02:05,97.4,6.22
2026-04-15 02:05,87.87,6.37
2026-04-15 02:05,102.08,5.53
2026-04-15 02:05,107.66,5.82
2026-04-15 02:05,94.49,6.51
2026-04-15 02:05,86.49,6.24
2026-04-15 02:05,109.03,5.34
2026-04-15 02:05,104.64,6.17
2026-04-15 02:05,87.77,6.6
2026-04-15 02:05,101.38,5.61
2026-04-15 02:05,99.92,6.06
2026-04-15 02:05,89.38,6.4
2026-04-15 02:05,92.37,5.9
2026-04-15 02:05,92.87,5.95
2026-04-15 02:05,94.42,5.99
2026-04-15 02:05,100.24,5.8
2026-04-15 02:05,280.55,2.82
2026-04-15 02:05,92.08,7.28
2026-04-15 02:05,89.5,6.09
2026-04-15 02:05,88.57,6.04
2026-04-15 02:05,90.29,5.95
2026-04-15 02:05,90.23,6
2026-04-15 02:05,92.37,5.92
2026-04-15 02:05,99.33,5.77
2026-04-15 02:05,90.38,6.34
2026-04-15 02:05,87.82,6.06
2026-04-15 02:05,88.75,6.01
2026-04-15 02:05,91.37,5.91
2026-04-15 02:05,93.77,5.92
2026-04-15 02:05,102.01,5.72
2026-04-15 02:05,86.97,6.59
2026-04-15 02:05,103.63,6.68
2026-04-15 02:05,122.25,5.39
2026-04-15 02:05,111.02,5.3
2026-04-15 02:05,99.25,6.46
2026-04-15 02:05,90.91,6.32
2026-04-15 02:05,89.51,6.05
2026-04-15 02:05,88.53,6.05
2026-04-15 02:05,90.91,5.92
2026-04-15 02:05,88.38,6.1
2026-04-15 02:05,90.54,5.92
2026-04-15 02:05,107.86,5.44
2026-04-15 02:05,91.28,6.66
2026-04-15 02:05,96.45,5.83
2026-04-15 02:05,89.4,6.27
2026-04-15 02:05,89.71,5.99
2026-04-15 02:05,108.27,5.4
2026-04-15 02:05,87.46,6.86
2026-04-15 02:05,90.11,5.9
2026-04-15 02:05,89.76,6.01
2026-04-15 02:05,94.64,5.84
2026-04-15 02:05,89.85,6.18
2026-04-15 02:05,116.64,5.17
2026-04-15 02:05,87.98,7.25
2026-04-15 02:05,98.14,5.65
2026-04-15 02:05,114.18,5.48
2026-04-15 02:05,87.53,7.14
2026-04-15 02:05,90.67,7.32
2026-04-15 02:05,90.39,6.02
2026-04-15 02:05,97.43,5.76
2026-04-15 02:05,86.24,6.43
2026-04-15 02:05,87.67,7.43
2026-04-15 02:05,86.3,7.58
2026-04-15 02:05,87.18,7.36
2026-04-15 02:05,89.76,5.96
2026-04-15 02:05,88.43,6.05
2026-04-15 02:05,88.32,6.01
2026-04-15 02:05,86.77,6.06
2026-04-15 02:05,90.22,7.31
2026-04-15 02:05,88.48,6.07
2026-04-15 02:05,96.46,5.72
2026-04-15 02:05,89.78,6.24
2026-04-15 02:05,87.26,6.11
2026-04-15 02:05,85.34,6.07
2026-04-15 02:05,86.44,7.44
2026-04-15 02:05,107.09,6.5
2026-04-15 02:05,95.76,6.44
2026-04-15 02:05,86.63,6.35
2026-04-15 02:05,112.2,6.2
2026-04-15 02:05,86.58,7.21
2026-04-15 02:05,91.66,7.2
2026-04-15 02:05,92.89,5.98
2026-04-15 02:05,88.09,6.14
2026-04-15 02:05,89.9,5.98
2026-04-15 02:05,101.76,5.6
2026-04-15 02:05,91.51,6.35
2026-04-15 02:05,89.3,6.12
2026-04-15 02:05,85.32,6.15
2026-04-15 02:05,91.68,7.17
2026-04-15 02:05,88.49,6.11
2026-04-15 02:05,86.18,6.09
2026-04-15 02:05,87.96,7.32
2026-04-15 02:05,94.27,7.25
2026-04-15 02:05,91.66,6.09
2026-04-15 02:05,104.17,5.58
2026-04-15 02:05,88.61,6.63
2026-04-15 02:05,89.58,5.96
2026-04-15 02:05,88.87,6.03
2026-04-15 02:05,94.75,5.75
2026-04-15 02:05,95.18,6.04
2026-04-15 02:05,97.89,5.91
2026-04-15 02:05,88.17,6.36
2026-04-15 02:05,86.06,6.09
2026-04-15 02:05,95,7.03
2026-04-15 02:05,90.23,6.16
2026-04-15 02:05,89.2,6.03
2026-04-15 02:05,99.13,5.69
2026-04-15 02:05,92.01,6.27
2026-04-15 02:05,86.98,6.19
2026-04-15 02:05,123.55,5.78
2026-04-15 02:05,98.3,5.83
2026-04-15 02:05,94.06,6.15
2026-04-15 02:05,92.49,6.06
2026-04-15 02:05,87.04,6.21
2026-04-15 02:05,86.28,7.42
2026-04-15 02:05,102.18,5.55
2026-04-15 02:05,96.76,6.19
2026-04-15 02:05,109.43,5.57
2026-04-15 02:05,91.23,6.71
2026-04-15 02:05,94.4,5.93
2026-04-15 02:05,94.34,6
2026-04-15 02:05,88.8,6.21
2026-04-15 02:05,94.35,5.81
2026-04-15 02:05,86.13,6.32
2026-04-15 02:05,103.73,6.63
2026-04-15 02:05,89.41,6.56
2026-04-15 02:05,91.89,5.92
2026-04-15 02:05,104.65,5.58
2026-04-15 02:05,92.29,6.48
2026-04-15 02:05,96.3,5.86
2026-04-15 02:05,89.97,6.23
2026-04-15 02:05,109.71,5.38
2026-04-15 02:05,89.85,6.81
2026-04-15 02:05,105.72,5.48
2026-04-15 02:05,88.46,6.67
2026-04-15 02:05,115.78,5.17
2026-04-15 02:05,93.99,6.91
2026-04-15 02:05,92.67,6.05
2026-04-15 02:05,88.68,6.15
2026-04-15 02:05,99.87,5.63
2026-04-15 02:05,90.1,6.37
2026-04-15 02:05,100.45,5.64
2026-04-15 02:05,86.84,6.53
2026-04-15 02:05,87.41,7.5
2026-04-15 02:05,88.01,7.48
2026-04-15 02:05,98.29,6.91
2026-04-15 02:05,102.32,5.9
2026-04-15 02:05,89.92,6.48
2026-04-15 02:05,91.12,5.95
2026-04-15 02:05,107.72,5.45
2026-04-15 02:05,108.58,5.96
2026-04-15 02:05,98.46,6.41
2026-04-15 02:05,118.66,5.34
2026-04-15 02:05,91.01,7.24
2026-04-15 02:05,96.82,5.79
2026-04-15 02:05,91.77,6.19
2026-04-15 02:05,100.92,5.65
2026-04-15 02:05,94.36,6.27
2026-04-15 02:05,100.56,5.8
2026-04-15 02:05,102.91,5.93
2026-04-15 02:05,96.17,6.23
2026-04-15 02:05,102.9,5.79
2026-04-15 02:05,89.1,6.55
2026-04-15 02:05,89.06,6.01
2026-04-15 02:05,99.72,5.64
2026-04-15 02:05,86.53,6.53
2026-04-15 02:05,87.57,7.41
2026-04-15 02:05,88.49,5.99
2026-04-15 02:05,89.9,5.96
2026-04-15 02:05,99.29,5.68
2026-04-15 02:05,135.31,4.84
2026-04-15 02:05,97.24,6.33
2026-04-15 02:05,111.77,5.51
2026-04-15 02:05,109.49,6.09
2026-04-15 02:05,88.92,6.86
2026-04-15 02:05,89.69,5.98
2026-04-15 02:05,105.11,5.48
2026-04-15 02:05,97.61,6.3
2026-04-15 02:05,109.96,5.59
2026-04-15 02:05,96.99,6.43
2026-04-15 02:05,88.94,6.38
2026-04-15 02:05,102.72,5.55
2026-04-15 02:05,105.7,5.9
2026-04-15 02:05,101.45,6.17
2026-04-15 02:05,92.53,6.32
2026-04-15 02:05,94.13,5.96
2026-04-15 02:05,89.01,6.19
2026-04-15 02:05,91.62,5.92
2026-04-15 02:05,115.57,5.21
2026-04-15 02:05,101.23,6.63
2026-04-15 02:05,121.97,5.33
2026-04-15 02:05,95.63,5.76
2026-04-15 02:05,92.17,6.13
2026-04-15 02:05,88.94,7.69
2026-04-15 02:05,87.69,5.87
2026-04-15 02:05,91.98,6
2026-04-15 02:05,92.55,5.99
2026-04-15 02:05,109.47,5.43
2026-04-15 02:05,96.15,6.52
2026-04-15 02:05,89.36,6.3
2026-04-15 02:05,99.53,5.6
2026-04-15 02:05,104.42,5.81
2026-04-15 02:05,85.9,6.79
2026-04-15 02:05,105.08,6.62
2026-04-15 02:05,87.02,6.73
2026-04-15 02:05,87.58,5.94
2026-04-15 02:05,93.69,5.84
2026-04-15 02:05,88.4,6.13
2026-04-15 02:05,87.73,6.09
2026-04-15 02:05,89.36,5.83
2026-04-15 02:05,89.27,6.13
2026-04-15 02:05,88.84,6.02
2026-04-15 02:05,86.71,6.08
2026-04-15 02:05,97.11,6.96
2026-04-15 02:05,113.52,5.47
2026-04-15 02:05,92.1,6.89
2026-04-15 02:05,97.7,5.8
2026-04-15 02:05,103.1,5.83
2026-04-15 02:05,108.34,5.79
2026-04-15 02:05,90.74,6.75
2026-04-15 02:05,93.78,5.89
2026-04-15 02:05,100.78,5.76
2026-04-15 02:05,90.16,6.41
2026-04-15 02:05,91.13,5.97
2026-04-15 02:05,95.28,5.86
2026-04-15 02:05,100.32,5.82
2026-04-15 02:05,99.77,6.03
2026-04-15 02:05,93.49,6.21
2026-04-15 02:05,94.67,5.98
2026-04-15 02:05,88.37,6.22
2026-04-15 02:05,99.52,5.63
2026-04-15 02:05,118.32,5.37
2026-04-15 02:05,97.82,6.77
2026-04-15 02:05,92.31,6.31
2026-04-15 02:05,103.91,5.61
2026-04-15 02:05,89.61,6.57
2026-04-15 02:05,89.95,5.99
2026-04-15 02:05,89.93,6
2026-04-15 02:05,100.77,5.64
2026-04-15 02:05,84.9,6.64
2026-04-15 02:05,87.7,7.31
2026-04-15 02:05,84.95,6.13
2026-04-15 02:05,86.77,7.41
2026-04-15 02:05,95.53,7.04
2026-04-15 02:05,103.71,5.72
2026-04-15 02:05,85.73,6.71
2026-04-15 02:05,90.54,7.25
2026-04-15 02:05,87.38,6.12
2026-04-15 02:05,85.89,7.6
2026-04-15 02:05,101.49,6.71
2026-04-15 02:05,105.92,5.84
2026-04-15 02:05,103.62,6.1
2026-04-15 02:05,106.17,5.91
2026-04-15 02:05,86.01,6.84
2026-04-15 02:05,84.7,7.46
2026-04-15 02:05,89.6,7.34
2026-04-15 02:05,112.7,5.26
2026-04-15 02:05,86.82,7.13
2026-04-15 02:05,104.25,6.63
2026-04-15 02:05,106.15,5.92
2026-04-15 02:05,88.29,6.74
2026-04-15 02:05,99.14,5.64
2026-04-15 02:05,105.54,5.78
2026-04-15 02:05,90.71,6.59
2026-04-15 02:05,96.14,5.81
2026-04-15 02:05,100.67,5.85
2026-04-15 02:05,102.71,5.94
2026-04-15 02:05,91.42,6.43
2026-04-15 02:05,93.66,5.93
2026-04-15 02:05,96.49,5.9
2026-04-15 02:05,91.15,6.19
2026-04-15 02:05,88.87,6.09
2026-04-15 02:05,107.03,5.39
2026-04-15 02:05,102.7,6.2
2026-04-15 02:05,91.87,6.41
2026-04-15 02:05,89.64,6.08
2026-04-15 02:05,91.44,5.94
2026-04-15 02:05,101.99,5.6
2026-04-15 02:05,94.17,6.35
2026-04-15 02:05,95.99,5.94
2026-04-15 02:05,109.52,5.55
2026-04-15 02:05,92.43,6.69
2026-04-15 02:05,94.37,5.93
2026-04-15 02:05,88.89,6.21
2026-04-15 02:05,90.57,5.91
2026-04-15 02:05,94.71,5.89
2026-04-15 02:05,96.72,5.93
2026-04-15 02:05,91.52,6.19
2026-04-15 02:05,89.29,6.09
2026-04-15 02:05,88.52,6.03
2026-04-15 02:05,92.65,5.86
2026-04-15 02:05,108.32,5.48
2026-04-15 02:05,101.94,6.25
2026-04-15 02:05,107.11,5.82
2026-04-15 02:05,86.59,6.85
2026-04-15 02:05,90.86,7.27
2026-04-15 02:05,97.06,5.79
2026-04-15 02:05,88.59,6.32
2026-04-15 02:05,112.46,5.26
2026-04-15 02:05,104.55,6.29
2026-04-15 02:05,93.03,6.45
2026-04-15 02:05,99.01,5.79
2026-04-15 02:05,90.95,6.32
2026-04-15 02:05,88.92,6.07
2026-04-15 02:05,120.97,5.03
2026-04-15 02:05,89.8,7.26
2026-04-15 02:05,91.06,6.03
2026-04-15 02:05,88.34,6.09
2026-04-15 02:05,95.48,5.78
2026-04-15 02:05,98.71,5.89
2026-04-15 02:05,90.08,6.33
2026-04-15 02:05,88.15,6.06
2026-04-15 02:05,110.53,6.43
2026-04-15 02:05,86.48,7.02
2026-04-15 02:05,94,7.1
2026-04-15 02:05,92.64,6.06
2026-04-15 02:05,91.87,6.03
2026-04-15 02:05,91.48,6.01
2026-04-15 02:05,91.71,6
2026-04-15 02:05,89.99,6.07
2026-04-15 02:05,89.29,6.03
2026-04-15 02:05,95.98,5.77
2026-04-15 02:05,90.85,6.19
2026-04-15 02:05,108.74,5.42
2026-04-15 02:05,89.8,6.78
2026-04-15 02:05,88.67,6.03
2026-04-15 02:05,91.93,5.89
2026-04-15 02:05,93.75,5.94
2026-04-15 02:06,122.75,5.11
2026-04-15 02:06,94.14,5.67
2026-04-15 02:06,261.94,2.91
2026-04-15 02:06,89.94,6.85
2026-04-15 02:06,87.75,6.04
2026-04-15 02:06,112.84,6.32
2026-04-15 02:06,103.87,6.37
2026-04-15 02:06,88.35,6.63
2026-04-15 02:06,111.46,6.39
2026-04-15 02:06,103.41,6.31
2026-04-15 02:06,90.67,6.48
2026-04-15 02:06,87.85,6.12
2026-04-15 02:06,117.5,5.07
2026-04-15 02:06,98.32,6.81
2026-04-15 02:06,91.2,6.26
2026-04-15 02:06,90.71,6.05
2026-04-15 02:06,92.9,5.91
2026-04-15 02:06,88.93,6.16
2026-04-15 02:06,89.88,5.95
2026-04-15 02:06,92,5.95
2026-04-15 02:06,88.04,6.13
2026-04-15 02:06,88.08,6.02
2026-04-15 02:06,89.99,5.92
2026-04-15 02:06,93.79,5.87
2026-04-15 02:06,105.13,5.63
2026-04-15 02:06,94.11,6.43
2026-04-15 02:06,88.73,6.2
2026-04-15 02:06,90.09,5.88
2026-04-15 02:06,89.01,6.13
2026-04-15 02:06,92.33,5.88
2026-04-15 02:06,104.83,5.59
2026-04-15 02:06,103.07,6.02
2026-04-15 02:06,92.72,6.4
2026-04-15 02:06,93.6,5.87
2026-04-15 02:06,97.97,5.95
2026-04-15 02:06,90.1,6.34
2026-04-15 02:06,88.76,6.05
2026-04-15 02:06,89.34,5.98
2026-04-15 02:06,115.98,5.16
2026-04-15 02:06,93.64,6.95
2026-04-15 02:06,89.12,6.14
2026-04-15 02:06,89.38,6.02
2026-04-15 02:06,91.08,5.94
2026-04-15 02:06,91.23,6
2026-04-15 02:06,87.91,6.12
2026-04-15 02:06,87.79,6.01
2026-04-15 02:06,87.77,7.51
2026-04-15 02:06,115.41,6.21
2026-04-15 02:06,100.17,6.53
2026-04-15 02:06,97.48,6.14
2026-04-15 02:06,126.75,5.12
2026-04-15 02:06,100.5,5.76
2026-04-15 02:06,88.58,6.46
2026-04-15 02:06,88.17,6.02
2026-04-15 02:06,100.38,5.55
2026-04-15 02:06,96.37,6.19
2026-04-15 02:06,96.57,5.99
2026-04-15 02:06,90.17,6.25
2026-04-15 02:06,90.58,6
2026-04-15 02:06,86.41,6.16
2026-04-15 02:06,88.82,7.37
2026-04-15 02:06,129.21,5.75
2026-04-15 02:06,95.58,6.02
2026-04-15 02:06,105.2,5.66
2026-04-15 02:06,107.63,5.93
2026-04-15 02:06,103.21,6.17
2026-04-15 02:06,87.13,6.65
2026-04-15 02:06,93.69,7.15
2026-04-15 02:06,88.72,6.19
2026-04-15 02:06,90.99,5.92
2026-04-15 02:06,87.89,6.11
2026-04-15 02:06,86.47,7.3
2026-04-15 02:06,88.79,6.09
2026-04-15 02:06,111.62,6.42
2026-04-15 02:06,89.02,6.96
2026-04-15 02:06,106.97,5.41
2026-04-15 02:06,90.42,6.68
2026-04-15 02:06,95.51,5.82
2026-04-15 02:06,106.41,5.58
2026-04-15 02:06,104.44,6.14
2026-04-15 02:06,89.51,6.6
2026-04-15 02:06,105.34,5.48
2026-04-15 02:06,88.36,6.68
2026-04-15 02:06,92.19,5.87
2026-04-15 02:06,102.38,5.66
2026-04-15 02:06,114.85,5.52
2026-04-15 02:06,86.82,7.32
2026-04-15 02:06,91.07,7.26
2026-04-15 02:06,87.43,6.15
2026-04-15 02:06,88.84,7.44
2026-04-15 02:06,90.53,5.87
2026-04-15 02:06,109.41,5.44
2026-04-15 02:06,104.18,6.22
2026-04-15 02:06,87.19,6.68
2026-04-15 02:06,91.09,7.28
2026-04-15 02:06,86.04,6.2
2026-04-15 02:06,105.27,6.57
2026-04-15 02:06,120.18,5.48
2026-04-15 02:06,105.89,5.41
2026-04-15 02:06,91.24,6.58
2026-04-15 02:06,90.79,7.54
2026-04-15 02:06,87.64,6.06
2026-04-15 02:06,88.58,6.02
2026-04-15 02:06,86.77,6
2026-04-15 02:06,87.12,6.06
2026-04-15 02:06,89.23,7.38
2026-04-15 02:06,88.76,6.01
2026-04-15 02:06,98.93,5.66
2026-04-15 02:06,96.78,6.08
2026-04-15 02:06,88.55,6.31
2026-04-15 02:06,90.29,5.94
2026-04-15 02:06,90.78,5.98
2026-04-15 02:06,92.54,5.93
2026-04-15 02:06,90.93,6.07
2026-04-15 02:06,90.68,6.02
2026-04-15 02:06,88.82,6.07
2026-04-15 02:06,117.28,5.13
2026-04-15 02:06,90.83,7.13
2026-04-15 02:06,93.92,5.89
2026-04-15 02:06,104.27,5.66
2026-04-15 02:06,96.46,6.28
2026-04-15 02:06,95.44,6.05
2026-04-15 02:06,96.3,5.96
2026-04-15 02:06,113.95,5.43
2026-04-15 02:06,110.78,6.11
2026-04-15 02:06,100.02,6.23
2026-04-15 02:06,90.07,6.57
2026-04-15 02:06,84.58,6.22
2026-04-15 02:06,85.64,7.48
2026-04-15 02:06,95.21,7
2026-04-15 02:06,92.17,6.11
2026-04-15 02:06,111.58,5.37
2026-04-15 02:06,87.54,6.95
2026-04-15 02:06,86.6,6.09
2026-04-15 02:06,89.11,7.37
2026-04-15 02:06,108.51,5.37
2026-04-15 02:06,96.53,6.47
2026-04-15 02:06,87.43,6.35
2026-04-15 02:06,90.72,7.31
2026-04-15 02:06,91.52,5.98
2026-04-15 02:06,104.84,5.56
2026-04-15 02:06,102.75,6.08
2026-04-15 02:06,89.88,6.51
2026-04-15 02:06,90.49,5.97
2026-04-15 02:06,88.66,6.07
2026-04-15 02:06,98.72,5.66
2026-04-15 02:06,96.97,6.07
2026-04-15 02:06,91.44,6.2
2026-04-15 02:06,117.22,5.21
2026-04-15 02:06,93.36,7
2026-04-15 02:06,91.73,6.07
2026-04-15 02:06,92.89,5.97
2026-04-15 02:06,89.49,6.13
2026-04-15 02:06,95.56,5.75
2026-04-15 02:06,103.29,5.77
2026-04-15 02:06,89.78,6.53
2026-04-15 02:06,89.21,6.02
2026-04-15 02:06,88.93,6.02
2026-04-15 02:06,90.5,5.94
2026-04-15 02:06,92.62,5.93
2026-04-15 02:06,111.55,5.39
2026-04-15 02:06,96.69,6.58
2026-04-15 02:06,98.22,5.95
2026-04-15 02:06,108.05,5.67
2026-04-15 02:06,88.04,6.83
2026-04-15 02:06,87.77,6.01
2026-04-15 02:06,89.36,7.13
2026-04-15 02:06,98.8,5.85
2026-04-15 02:06,95.96,6.11
2026-04-15 02:06,88.78,6.26
2026-04-15 02:06,94.23,5.79
2026-04-15 02:06,93.71,6.05
2026-04-15 02:06,85.65,6.3
2026-04-15 02:06,91.22,7.21
2026-04-15 02:06,88.56,6.02
2026-04-15 02:06,92.89,5.92
2026-04-15 02:06,84.42,6.33
2026-04-15 02:06,93.4,7.04
2026-04-15 02:06,109.08,5.48
2026-04-15 02:06,92.12,6.69
2026-04-15 02:06,145.6,4.54
2026-04-15 02:06,89.37,6.96
2026-04-15 02:06,88.67,6.03
2026-04-15 02:06,88.73,7.47
2026-04-15 02:06,112.03,5.27
2026-04-15 02:06,108.51,6.14
2026-04-15 02:06,118.18,5.66
2026-04-15 02:06,89.27,7.29
2026-04-15 02:06,90.24,5.96
2026-04-15 02:06,92.96,5.9
2026-04-15 02:06,103.18,5.66
2026-04-15 02:06,94.56,6.32
2026-04-15 02:06,108.86,5.52
2026-04-15 02:06,87.61,6.9
2026-04-15 02:06,98.67,6.86
2026-04-15 02:06,92.97,6.25
2026-04-15 02:06,92.65,6.01
2026-04-15 02:06,113.68,5.32
2026-04-15 02:06,100.47,6.56
2026-04-15 02:06,102.98,5.91
2026-04-15 02:06,86.91,6.65
2026-04-15 02:06,96.11,7.02
2026-04-15 02:06,98.94,5.9
2026-04-15 02:06,90.29,6.34
2026-04-15 02:06,116.7,5.18
2026-04-15 02:06,88.52,7.23
2026-04-15 02:06,88.47,6.01
2026-04-15 02:06,88.45,6
2026-04-15 02:06,91.93,5.82
2026-04-15 02:06,88.32,6.21
2026-04-15 02:06,89.98,5.94
2026-04-15 02:06,89.18,6.02
2026-04-15 02:06,89.77,5.98
2026-04-15 02:06,90.51,5.99
2026-04-15 02:06,102.73,5.59
2026-04-15 02:06,103.19,5.94
2026-04-15 02:06,90.71,6.54
2026-04-15 02:06,102.17,5.61
2026-04-15 02:06,87.79,6.59
2026-04-15 02:06,112.35,6.33
2026-04-15 02:06,91.65,6.79
2026-04-15 02:06,94.76,5.95
2026-04-15 02:06,113.65,5.37
2026-04-15 02:06,90.3,7
2026-04-15 02:06,91.94,5.85
2026-04-15 02:06,103.62,5.69
2026-04-15 02:06,94.47,6.35
2026-04-15 02:06,91.11,6.12
2026-04-15 02:06,93.85,5.89
2026-04-15 02:06,93.73,6.02
2026-04-15 02:06,88.89,6.17
2026-04-15 02:06,89.45,5.93
2026-04-15 02:06,104.13,5.57
2026-04-15 02:06,96.59,6.28
2026-04-15 02:06,99.08,5.91
2026-04-15 02:06,89.4,6.36
2026-04-15 02:06,93.65,5.87
2026-04-15 02:06,93.51,6.01
2026-04-15 02:06,103.04,5.68
2026-04-15 02:06,102.22,5.96
2026-04-15 02:06,106.06,5.94
2026-04-15 02:06,89.57,6.66
2026-04-15 02:06,89.09,6.02
2026-04-15 02:06,90.85,5.94
2026-04-15 02:06,93.5,5.9
2026-04-15 02:06,93.53,6
2026-04-15 02:06,109.14,5.5
2026-04-15 02:06,98.43,6.36
2026-04-15 02:06,110.92,5.5
2026-04-15 02:06,90.83,6.99
2026-04-15 02:06,90.86,6.03
2026-04-15 02:06,87.54,6.12
2026-04-15 02:06,88.17,5.97
2026-04-15 02:06,90.28,5.93
2026-04-15 02:06,84.04,6.23
2026-04-15 02:06,93.52,7.02
2026-04-15 02:06,88.98,6.17
2026-04-15 02:06,88.64,6
2026-04-15 02:06,91.15,5.93
2026-04-15 02:06,95.89,5.84
2026-04-15 02:06,88.79,6.27
2026-04-15 02:06,292.91,2.62
2026-04-15 02:06,92.18,6.47
2026-04-15 02:06,97.05,5.83
2026-04-15 02:06,94.88,6.08
2026-04-15 02:06,97.28,5.9
2026-04-15 02:06,106.85,5.69
2026-04-15 02:06,97.23,6.36
2026-04-15 02:06,106.91,5.68
2026-04-15 02:06,98.24,6.33
2026-04-15 02:06,113.9,5.46
2026-04-15 02:06,89.86,7.07
2026-04-15 02:06,101.89,5.6
2026-04-15 02:06,109.74,5.74
2026-04-15 02:06,112.23,5.86
2026-04-15 02:06,92.75,6.86
2026-04-15 02:06,90.66,6.08
2026-04-15 02:06,89.56,6.04
2026-04-15 02:06,111.22,5.27
2026-04-15 02:06,90.76,6.92
2026-04-15 02:06,104.69,5.53
2026-04-15 02:06,109.69,5.83
2026-04-15 02:06,98.86,6.44
2026-04-15 02:06,90.03,6.32
2026-04-15 02:06,101.08,5.64
2026-04-15 02:06,92.3,6.32
2026-04-15 02:06,102.77,5.62
2026-04-15 02:06,93.51,6.4
2026-04-15 02:06,97.77,5.86
2026-04-15 02:06,89.88,6.3
2026-04-15 02:06,88.9,6.04
2026-04-15 02:06,87.44,6.06
2026-04-15 02:06,121.91,5.95
2026-04-15 02:06,90,5.96
2026-04-15 02:06,93.74,5.87
2026-04-15 02:06,89.28,6.17
2026-04-15 02:06,104.95,5.49
2026-04-15 02:06,114.77,5.66
2026-04-15 02:06,117.9,5.91
2026-04-15 02:06,107.57,6.38
2026-04-15 02:06,104.47,6.14
2026-04-15 02:06,88.78,6.6
2026-04-15 02:06,89.22,6.01
2026-04-15 02:06,93.03,5.86
2026-04-15 02:06,111.79,5.4
2026-04-15 02:06,100.24,6.44
2026-04-15 02:06,88.4,6.29
2026-04-15 02:06,87.46,6.2
2026-04-15 02:06,91.68,7.28
2026-04-15 02:06,110.72,5.37
2026-04-15 02:06,96.02,6.57
2026-04-15 02:06,93.48,6.11
2026-04-15 02:06,94.42,5.97
2026-04-15 02:06,99.61,5.82
2026-04-15 02:06,103.57,5.82
2026-04-15 02:06,93.61,6.44
2026-04-15 02:06,91.64,5.87
2026-04-15 02:06,92.9,6.16
2026-04-15 02:06,90.25,6.1
2026-04-15 02:06,102.79,5.58
2026-04-15 02:06,98.35,6.17
2026-04-15 02:06,118.56,5.35
2026-04-15 02:06,87.23,7.29
2026-04-15 02:06,119.39,6.12
2026-04-15 02:06,89.33,7.32
2026-04-15 02:06,90.85,5.95
2026-04-15 02:06,88.37,6.1
2026-04-15 02:06,87.89,5.99
2026-04-15 02:06,94.69,7.18
2026-04-15 02:06,88.25,6.25
2026-04-15 02:06,93.94,5.8
2026-04-15 02:06,97.55,5.87
2026-04-15 02:06,89.33,6.31
2026-04-15 02:06,94.78,5.81
2026-04-15 02:06,101.58,5.77
2026-04-15 02:06,92.74,6.34
2026-04-15 02:06,96.01,5.89
2026-04-15 02:06,109.44,5.56
2026-04-15 02:06,118.34,5.7
2026-04-15 02:06,99.92,6.74
2026-04-15 02:06,123.52,5.2
2026-04-15 02:06,89.97,6.1
2026-04-15 02:06,88.04,6.07
2026-04-15 02:06,97.17,5.7
2026-04-15 02:06,106.83,5.67
2026-04-15 02:06,93.79,6.51
2026-04-15 02:06,91.61,6.08
2026-04-15 02:06,90.33,6.05
2026-04-15 02:06,90.67,5.99
2026-04-15 02:06,91.72,5.9
2026-04-15 02:06,100.99,5.75
2026-04-15 02:06,98.37,6.1
2026-04-15 02:06,113.19,5.34
2026-04-15 02:06,115.23,6.14
2026-04-15 02:06,111.17,6.06
2026-04-15 02:06,90.72,6.96
2026-04-15 02:06,94.9,5.85
2026-04-15 02:06,89.58,6.21
2026-04-15 02:06,117.87,6.15
2026-04-15 02:06,90.49,7.24
2026-04-15 02:06,97.07,5.77
2026-04-15 02:06,93.58,6.13
2026-04-15 02:06,102.08,5.71
2026-04-15 02:06,97.33,6.18
2026-04-15 02:07,92.62,6.17
2026-04-15 02:07,99.32,5.78
2026-04-15 02:07,95.67,6.14
2026-04-15 02:07,107.82,5.56
2026-04-15 02:07,90.01,6.76
2026-04-15 02:07,101.4,5.63
2026-04-15 02:07,93.97,6.28
2026-04-15 02:07,138.01,4.75
2026-04-15 02:07,90.86,6.56
2026-04-15 02:07,99.32,5.69
2026-04-15 02:07,103.66,5.84
2026-04-15 02:07,87.21,6.47
2026-04-15 02:07,109.48,5.42
2026-04-15 02:07,92.26,6.73
2026-04-15 02:07,95.13,5.9
2026-04-15 02:07,97.05,5.93
2026-04-15 02:07,89.52,6.29
2026-04-15 02:07,89.51,6
2026-04-15 02:07,115.56,5.19
2026-04-15 02:07,102.36,6.52
2026-04-15 02:07,85.73,6.66
2026-04-15 02:07,86.66,7.28
2026-04-15 02:07,89.13,6.01
2026-04-15 02:07,88.45,6.05
2026-04-15 02:07,94.45,5.79
2026-04-15 02:07,97.5,5.9
2026-04-15 02:07,92.24,6.2
2026-04-15 02:07,94.81,5.91
2026-04-15 02:07,89.25,6.22
2026-04-15 02:07,90.08,5.96
2026-04-15 02:07,94.66,5.83
2026-04-15 02:07,102.99,5.73
2026-04-15 02:07,102.71,5.98
2026-04-15 02:07,95.44,6.31
2026-04-15 02:07,97.65,5.92
2026-04-15 02:07,132.76,4.96
2026-04-15 02:07,98.54,6.04
2026-04-15 02:07,91.15,6.27
2026-04-15 02:07,112.81,5.3
2026-04-15 02:07,97.41,6.65
2026-04-15 02:07,96.88,6.02
2026-04-15 02:07,104.14,5.7
2026-04-15 02:07,118.18,5.58
2026-04-15 02:07,90.31,7.21
2026-04-15 02:07,90.82,5.98
2026-04-15 02:07,89.68,6.05
2026-04-15 02:07,85.99,6.13
2026-04-15 02:07,95.39,7.01
2026-04-15 02:07,91.64,6.15
2026-04-15 02:07,102.04,5.65
2026-04-15 02:07,97.18,6.11
2026-04-15 02:07,87.14,6.47
2026-04-15 02:07,92.85,7.2
2026-04-15 02:07,89.93,6.1
2026-04-15 02:07,97.83,5.67
2026-04-15 02:07,96.91,6.11
2026-04-15 02:07,103.62,5.77
2026-04-15 02:07,91.02,6.5
2026-04-15 02:07,90.35,6.02
2026-04-15 02:07,90.84,5.99
2026-04-15 02:07,93.3,5.92
2026-04-15 02:07,102.3,5.69
2026-04-15 02:07,91.74,6.41
2026-04-15 02:07,108.86,5.44
2026-04-15 02:07,103.95,6.18
2026-04-15 02:07,91.08,6.51
2026-04-15 02:07,101.96,5.63
2026-04-15 02:07,100.44,6.06
2026-04-15 02:07,97.62,6.11
2026-04-15 02:07,103.58,5.79
2026-04-15 02:07,92.77,6.4
2026-04-15 02:07,103.57,5.62
2026-04-15 02:07,106.63,5.89
2026-04-15 02:07,104.59,6.11
2026-04-15 02:07,99.02,6.23
2026-04-15 02:07,88.97,6.39
2026-04-15 02:07,100.42,6.89
2026-04-15 02:07,93.57,6.27
2026-04-15 02:07,101.5,5.72
2026-04-15 02:07,101.64,6.01
2026-04-15 02:07,92.06,6.36
2026-04-15 02:07,94.61,5.92
2026-04-15 02:07,89.91,6.19
2026-04-15 02:07,93.46,5.87
2026-04-15 02:07,107.87,5.53
2026-04-15 02:07,91.18,6.67
2026-04-15 02:07,104.83,5.54
2026-04-15 02:07,95.72,6.36
2026-04-15 02:07,92.42,5.95
2026-04-15 02:07,86.4,6.43
2026-04-15 02:07,87.14,7.45
2026-04-15 02:07,96.91,7
2026-04-15 02:07,118.36,5.31
2026-04-15 02:07,115.54,6.11
2026-04-15 02:07,90.19,7.05
2026-04-15 02:07,90.72,5.99
2026-04-15 02:07,89.36,6.07
2026-04-15 02:07,99.15,5.67
2026-04-15 02:07,91.45,6.29
2026-04-15 02:07,108.82,5.44
2026-04-15 02:07,91.6,6.69
2026-04-15 02:07,89.55,6.08
2026-04-15 02:07,89.73,5.99
2026-04-15 02:07,100.5,5.64
2026-04-15 02:07,99.19,6.04
2026-04-15 02:07,94.16,6.18
2026-04-15 02:07,94.72,5.95
2026-04-15 02:07,84.59,6.44
2026-04-15 02:07,89,7.24
2026-04-15 02:07,93.77,5.83
2026-04-15 02:07,86.03,6.32
2026-04-15 02:07,102.93,6.66
2026-04-15 02:07,128.13,5.21
2026-04-15 02:07,87.46,6.28
2026-04-15 02:07,86.88,7.52
2026-04-15 02:07,135.53,5.49
2026-04-15 02:07,89.72,6.5
2026-04-15 02:07,95.46,5.8
2026-04-15 02:07,89.34,6.22
2026-04-15 02:07,91.98,5.92
2026-04-15 02:07,92.71,5.97
2026-04-15 02:07,108.79,5.48
2026-04-15 02:07,98.7,6.26
2026-04-15 02:07,90.04,6.46
2026-04-15 02:07,99.24,5.69
2026-04-15 02:07,101.91,5.9
2026-04-15 02:07,93.24,6.34
2026-04-15 02:07,90.56,6.1
2026-04-15 02:07,88.05,6.1
2026-04-15 02:07,89.44,5.95
2026-04-15 02:07,90.72,5.94
2026-04-15 02:07,116.43,5.2
2026-04-15 02:07,90.8,7.11
2026-04-15 02:07,119.64,5.11
2026-04-15 02:07,90.58,7.27
2026-04-15 02:07,92.84,5.93
2026-04-15 02:07,90.55,6.09
2026-04-15 02:07,92.94,5.91
2026-04-15 02:07,92.59,6.01
2026-04-15 02:07,87.94,6.18
2026-04-15 02:07,92.78,5.69
2026-04-15 02:07,103.03,5.8
2026-04-15 02:07,103.65,5.97
2026-04-15 02:07,92.96,6.41
2026-04-15 02:07,97.09,5.86
2026-04-15 02:07,105.58,5.71
2026-04-15 02:07,116.16,5.62
2026-04-15 02:07,90.75,7.11
2026-04-15 02:07,96.04,5.8
2026-04-15 02:07,108.21,5.56
2026-04-15 02:07,104.57,6.2
2026-04-15 02:07,113.8,5.69
2026-04-15 02:07,94.67,6.74
2026-04-15 02:07,94.42,6.04
2026-04-15 02:07,88.64,6.18
2026-04-15 02:07,94.52,5.84
2026-04-15 02:07,99.71,5.82
2026-04-15 02:07,100.67,5.92
2026-04-15 02:07,95.32,6.24
2026-04-15 02:07,90.3,6.19
2026-04-15 02:07,88.53,6.04
2026-04-15 02:07,103.68,5.45
2026-04-15 02:07,111.71,5.81
2026-04-15 02:07,95.6,6.65
2026-04-15 02:07,107.86,5.53
2026-04-15 02:07,92.21,6.72
2026-04-15 02:07,91.6,6.01
2026-04-15 02:07,112.06,5.36
2026-04-15 02:07,88.47,6.91
2026-04-15 02:07,102.17,5.6
2026-04-15 02:07,98.65,6.12
2026-04-15 02:07,108.9,5.62
2026-04-15 02:07,94.69,6.61
2026-04-15 02:07,92.92,6.06
2026-04-15 02:07,90.57,6.09
2026-04-15 02:07,100.61,5.66
2026-04-15 02:07,102.13,5.95
2026-04-15 02:07,111.01,5.69
2026-04-15 02:07,88.13,6.96
2026-04-15 02:07,95.55,5.75
2026-04-15 02:07,93.02,6.09
2026-04-15 02:07,90.68,6.09
2026-04-15 02:07,93.8,5.76
2026-04-15 02:07,88.28,6.36
2026-04-15 02:07,88.2,6
2026-04-15 02:07,91.62,5.86
2026-04-15 02:07,108.51,5.47
2026-04-15 02:07,111.02,5.92
2026-04-15 02:07,119.28,5.72
