Timestamp,Inference_Time_ms,FPS
2026-04-14 05:42:32,169.3,1.78
2026-04-14 05:42:32,82.12,6.87
2026-04-14 05:42:33,81.63,7.59
2026-04-14 05:42:33,81.29,7.52
2026-04-14 05:42:33,80.49,7.55
2026-04-14 05:42:33,80.9,7.48
2026-04-14 05:42:33,81.46,7.47
2026-04-14 05:42:33,80.58,7.56
2026-04-14 05:42:33,83.95,7.28
2026-04-14 05:42:34,80.18,7.7
2026-04-14 05:42:34,81.19,7.5
2026-04-14 05:42:34,81.3,7.51
2026-04-14 05:42:34,81.61,7.48
2026-04-14 05:42:34,82.11,7.48
2026-04-14 05:42:34,80.5,7.59
2026-04-14 05:42:34,112.28,6.06
2026-04-14 05:42:35,92.39,6.81
2026-04-14 05:42:35,85.41,6.27
2026-04-14 05:42:35,82.54,7.61
2026-04-14 05:42:35,83.11,7.53
2026-04-14 05:42:35,81.05,7.61
2026-04-14 05:42:35,80.75,7.5
2026-04-14 05:42:35,80.35,7.55
2026-04-14 05:42:35,82.47,7.37
2026-04-14 05:42:36,82.6,7.51
2026-04-14 05:42:36,80.88,7.58
2026-04-14 05:42:36,81.05,7.45
2026-04-14 05:42:36,81.23,7.56
2026-04-14 05:42:36,82.53,7.43
2026-04-14 05:42:36,80.75,7.61
2026-04-14 05:42:36,83.35,7.36
2026-04-14 05:42:37,80.11,7.7
2026-04-14 05:42:37,81.74,7.41
2026-04-14 05:42:37,80.93,7.55
2026-04-14 05:42:37,94.71,6.8
2026-04-14 05:42:37,82.26,6.49
2026-04-14 05:42:37,81.85,7.52
2026-04-14 05:42:37,85.42,7.3
2026-04-14 05:42:38,82.83,7.66
2026-04-14 05:42:38,85.39,7.37
2026-04-14 05:42:38,82.79,7.65
2026-04-14 05:42:38,81.46,7.57
2026-04-14 05:42:38,82.14,7.48
2026-04-14 05:42:38,82.55,7.42
2026-04-14 05:42:38,81.46,7.6
2026-04-14 05:42:38,84.21,7.37
2026-04-14 05:42:39,83.26,7.56
2026-04-14 05:42:39,82.11,7.56
2026-04-14 05:42:39,95.33,6.82
2026-04-14 05:42:39,81.23,6.57
2026-04-14 05:42:39,81.58,7.48
2026-04-14 05:42:39,81.35,7.51
2026-04-14 05:42:39,82.16,7.42
2026-04-14 05:42:40,82.91,7.51
2026-04-14 05:42:40,82.09,7.55
2026-04-14 05:42:40,82.42,7.45
2026-04-14 05:42:40,81.75,7.58
2026-04-14 05:42:40,82.81,7.44
2026-04-14 05:42:40,82.41,7.53
2026-04-14 05:42:40,85.66,7.32
2026-04-14 05:42:40,96.43,6.95
2026-04-14 05:42:41,82.77,6.52
2026-04-14 05:42:41,81.77,7.58
2026-04-14 05:42:41,82.12,7.48
2026-04-14 05:42:41,83.42,7.44
2026-04-14 05:42:41,82.13,7.58
2026-04-14 05:42:41,82.63,7.45
2026-04-14 05:42:41,82.87,7.49
2026-04-14 05:42:42,82.04,7.56
2026-04-14 05:42:42,83.69,7.42
2026-04-14 05:42:42,99.25,6.72
2026-04-14 05:42:42,81.74,6.71
2026-04-14 05:42:42,90.44,7.04
2026-04-14 05:42:42,82.34,6.31
2026-04-14 05:42:42,95.33,6.84
2026-04-14 05:42:43,82.56,6.5
2026-04-14 05:42:43,83.0,7.45
2026-04-14 05:42:43,85.26,7.41
2026-04-14 05:42:43,85.67,7.48
2026-04-14 05:42:43,80.91,7.78
2026-04-14 05:42:43,82.82,7.4
2026-04-14 05:42:43,95.46,6.84
2026-04-14 05:42:44,84.02,6.45
2026-04-14 05:42:44,81.94,7.61
2026-04-14 05:42:44,82.62,7.48
2026-04-14 05:42:44,81.62,7.56
2026-04-14 05:42:44,81.68,7.5
2026-04-14 05:42:44,83.18,7.42
2026-04-14 05:42:44,82.7,7.53
2026-04-14 05:42:45,82.15,7.53
2026-04-14 05:42:45,82.53,7.46
2026-04-14 05:42:45,80.92,7.61
2026-04-14 05:42:45,82.0,7.45
2026-04-14 05:42:45,82.87,7.45
2026-04-14 05:42:45,81.57,7.58
2026-04-14 05:42:45,83.84,7.36
2026-04-14 05:42:45,84.03,7.52
2026-04-14 05:42:46,83.0,7.55
2026-04-14 05:42:46,83.04,7.5
2026-04-14 05:42:46,82.61,7.53
2026-04-14 05:42:46,82.38,7.43
2026-04-14 05:42:46,82.85,7.56
2026-04-14 05:42:46,83.07,7.5
2026-04-14 05:42:46,82.85,7.52
2026-04-14 05:42:47,81.39,7.57
2026-04-14 05:42:47,83.47,7.4
2026-04-14 05:42:47,81.62,7.61
2026-04-14 05:42:47,81.83,7.48
2026-04-14 05:42:47,95.19,6.83
2026-04-14 05:42:47,86.33,6.33
2026-04-14 05:42:47,81.94,7.75
2026-04-14 05:42:47,87.48,7.21
2026-04-14 05:42:48,82.24,7.81
2026-04-14 05:42:48,82.64,7.48
2026-04-14 05:42:48,82.55,7.51
2026-04-14 05:42:48,84.86,7.38
2026-04-14 05:42:48,82.91,7.62
2026-04-14 05:42:48,82.49,7.53
2026-04-14 05:42:48,85.43,7.33
2026-04-14 05:42:49,80.49,7.81
2026-04-14 05:42:49,86.01,7.19
2026-04-14 05:42:49,84.57,7.6
2026-04-14 05:42:49,89.29,7.25
2026-04-14 05:42:49,82.03,6.27
2026-04-14 05:42:49,81.42,7.53
2026-04-14 05:42:49,86.1,7.25
2026-04-14 05:42:49,81.02,7.8
2026-04-14 05:42:50,85.34,7.26
2026-04-14 05:42:50,81.52,7.72
2026-04-14 05:42:50,82.86,7.41
2026-04-14 05:42:50,83.35,7.48
2026-04-14 05:42:50,82.85,7.54
2026-04-14 05:42:50,83.11,7.47
2026-04-14 05:42:50,102.35,6.57
2026-04-14 05:42:51,82.09,6.83
2026-04-14 05:42:51,82.34,7.49
2026-04-14 05:42:51,83.03,7.47
2026-04-14 05:42:51,80.81,7.64
2026-04-14 05:42:51,82.03,7.33
2026-04-14 05:42:51,81.34,7.65
2026-04-14 05:42:51,83.71,7.37
2026-04-14 05:42:52,81.26,7.65
2026-04-14 05:42:52,84.43,7.33
2026-04-14 05:42:52,83.69,7.55
2026-04-14 05:42:52,82.03,7.59
2026-04-14 05:42:52,82.88,7.45
2026-04-14 05:42:52,81.93,7.56
2026-04-14 05:42:52,83.22,7.39
2026-04-14 05:42:52,80.84,7.46
2026-04-14 05:42:53,83.03,7.61
2026-04-14 05:42:53,83.07,7.49
2026-04-14 05:42:53,94.22,6.92
2026-04-14 05:42:53,87.29,6.27
2026-04-14 05:42:53,83.66,7.65
2026-04-14 05:42:53,81.9,7.49
2026-04-14 05:42:53,84.1,7.49
2026-04-14 05:42:54,82.23,7.62
2026-04-14 05:42:54,88.95,7.19
2026-04-14 05:42:54,89.7,5.8
2026-04-14 05:42:54,83.72,6.43
2026-04-14 05:42:54,82.41,7.53
2026-04-14 05:42:54,97.43,6.73
2026-04-14 05:42:54,86.72,6.45
2026-04-14 05:42:55,90.13,7.33
2026-04-14 05:42:55,101.28,5.63
2026-04-14 05:42:55,83.31,6.72
2026-04-14 05:42:55,92.72,7.01
2026-04-14 05:42:55,87.38,6.2
2026-04-14 05:42:55,108.62,6.47
2026-04-14 05:42:56,108.29,6.02
2026-04-14 05:42:56,88.35,6.82
2026-04-14 05:42:56,83.49,7.61
2026-04-14 05:42:56,82.16,7.75
2026-04-14 05:42:56,83.47,7.42
2026-04-14 05:42:56,82.38,7.58
2026-04-14 05:42:56,86.22,7.23
2026-04-14 05:42:57,103.05,6.72
2026-04-14 05:42:57,97.74,6.19
2026-04-14 05:42:57,88.14,6.38
2026-04-14 05:42:57,84.11,7.72
2026-04-14 05:42:57,105.41,6.48
2026-04-14 05:42:57,102.44,6.07
2026-04-14 05:42:57,89.83,6.49
2026-04-14 05:42:58,87.15,6.11
2026-04-14 05:42:58,82.26,7.79
2026-04-14 05:42:58,84.99,7.34
2026-04-14 05:42:58,83.64,7.56
2026-04-14 05:42:58,83.93,7.52
2026-04-14 05:42:58,82.41,7.59
2026-04-14 05:42:58,86.66,7.26
2026-04-14 05:42:59,82.93,7.8
2026-04-14 05:42:59,86.33,7.32
2026-04-14 05:42:59,97.25,6.88
2026-04-14 05:42:59,95.1,6.02
2026-04-14 05:42:59,88.52,6.35
2026-04-14 05:42:59,92.98,5.85
2026-04-14 05:42:59,83.95,6.34
2026-04-14 05:43:00,84.35,7.48
2026-04-14 05:43:00,90.93,7.14
2026-04-14 05:43:00,98.49,5.74
2026-04-14 05:43:00,102.07,5.86
2026-04-14 05:43:00,85.03,6.72
2026-04-14 05:43:00,87.98,7.34
2026-04-14 05:43:01,84.04,6.11
2026-04-14 05:43:01,85.0,7.44
2026-04-14 05:43:01,84.35,7.55
2026-04-14 05:43:01,83.8,7.6
2026-04-14 05:43:01,84.24,7.48
2026-04-14 05:43:01,82.81,7.49
2026-04-14 05:43:01,83.96,7.52
2026-04-14 05:43:02,124.79,5.71
2026-04-14 05:43:02,86.21,6.25
2026-04-14 05:43:02,83.76,7.64
2026-04-14 05:43:02,83.47,7.52
2026-04-14 05:43:02,84.03,7.48
2026-04-14 05:43:02,83.86,7.48
2026-04-14 05:43:02,84.9,7.48
2026-04-14 05:43:02,95.95,6.92
2026-04-14 05:43:03,84.04,6.47
2026-04-14 05:43:03,86.07,7.38
2026-04-14 05:43:03,85.99,7.52
2026-04-14 05:43:03,91.84,7.18
2026-04-14 05:43:03,83.94,6.27
2026-04-14 05:43:03,82.58,7.64
2026-04-14 05:43:03,85.46,7.34
2026-04-14 05:43:04,82.85,7.66
2026-04-14 05:43:04,82.79,7.49
2026-04-14 05:43:04,84.19,7.42
2026-04-14 05:43:04,84.41,7.51
2026-04-14 05:43:04,89.13,7.24
2026-04-14 05:43:04,84.52,6.16
2026-04-14 05:43:04,94.17,7.01
2026-04-14 05:43:05,85.09,6.35
2026-04-14 05:43:05,83.74,7.58
2026-04-14 05:43:05,91.72,7.08
2026-04-14 05:43:05,83.43,6.32
2026-04-14 05:43:05,82.32,7.55
2026-04-14 05:43:05,82.74,7.48
2026-04-14 05:43:05,85.33,7.3
2026-04-14 05:43:06,83.97,7.65
2026-04-14 05:43:06,93.13,7.01
2026-04-14 05:43:06,85.71,6.29
2026-04-14 05:43:06,82.15,7.64
2026-04-14 05:43:06,84.45,7.37
2026-04-14 05:43:06,100.35,6.69
2026-04-14 05:43:06,89.78,6.47
2026-04-14 05:43:07,91.14,5.96
2026-04-14 05:43:07,90.5,6.02
2026-04-14 05:43:07,104.04,5.52
2026-04-14 05:43:07,94.17,6.43
2026-04-14 05:43:07,95.16,5.96
2026-04-14 05:43:07,95.64,5.99
2026-04-14 05:43:08,86.6,6.33
2026-04-14 05:43:08,85.09,7.61
2026-04-14 05:43:08,116.16,6.09
2026-04-14 05:43:08,88.23,7.09
2026-04-14 05:43:08,88.23,6.09
2026-04-14 05:43:08,86.04,6.08
2026-04-14 05:43:08,83.27,7.66
2026-04-14 05:43:09,86.57,7.32
2026-04-14 05:43:09,86.31,7.52
2026-04-14 05:43:09,96.23,6.98
2026-04-14 05:43:09,98.35,5.88
2026-04-14 05:43:09,93.84,6.22
2026-04-14 05:43:09,84.32,6.37
2026-04-14 05:43:10,84.6,7.48
2026-04-14 05:43:10,84.87,7.43
2026-04-14 05:43:10,85.17,7.49
2026-04-14 05:43:10,88.68,7.36
2026-04-14 05:43:10,93.43,5.8
2026-04-14 05:43:10,83.83,6.41
2026-04-14 05:43:10,84.42,7.4
2026-04-14 05:43:11,82.52,7.63
2026-04-14 05:43:11,108.09,6.29
2026-04-14 05:43:11,90.42,6.72
2026-04-14 05:43:11,112.11,5.31
2026-04-14 05:43:11,82.71,7.29
2026-04-14 05:43:11,83.59,7.43
2026-04-14 05:43:11,88.93,7.15
2026-04-14 05:43:12,84.28,6.29
2026-04-14 05:43:12,82.53,7.54
2026-04-14 05:43:12,86.34,7.36
2026-04-14 05:43:12,85.08,7.57
2026-04-14 05:43:12,91.92,7.08
2026-04-14 05:43:12,85.2,6.29
2026-04-14 05:43:12,83.2,7.61
2026-04-14 05:43:13,87.44,7.28
2026-04-14 05:43:13,100.77,6.75
2026-04-14 05:43:13,83.69,6.76
2026-04-14 05:43:13,82.88,7.55
2026-04-14 05:43:13,85.95,7.24
2026-04-14 05:43:13,84.48,7.62
2026-04-14 05:43:13,94.93,6.98
2026-04-14 05:43:14,84.69,6.42
2026-04-14 05:43:14,84.49,7.51
2026-04-14 05:43:14,84.64,7.36
2026-04-14 05:43:14,83.81,7.69
2026-04-14 05:43:14,84.72,7.46
2026-04-14 05:43:14,82.95,7.61
2026-04-14 05:43:14,95.87,6.83
2026-04-14 05:43:15,90.23,6.22
2026-04-14 05:43:15,91.65,5.94
2026-04-14 05:43:15,87.31,6.18
2026-04-14 05:43:15,102.66,6.72
2026-04-14 05:43:15,87.01,6.62
2026-04-14 05:43:15,101.58,6.7
2026-04-14 05:43:15,88.14,6.6
2026-04-14 05:43:16,101.69,5.52
2026-04-14 05:43:16,87.19,6.58
2026-04-14 05:43:16,86.85,7.52
2026-04-14 05:43:16,101.04,6.78
2026-04-14 05:43:16,87.32,6.54
2026-04-14 05:43:16,85.13,6.12
2026-04-14 05:43:17,95.02,6.93
2026-04-14 05:43:17,98.11,5.89
2026-04-14 05:43:17,86.39,6.38
2026-04-14 05:43:17,86.64,6.1
2026-04-14 05:43:17,85.99,7.54
2026-04-14 05:43:17,104.76,6.58
2026-04-14 05:43:17,95.01,6.33
2026-04-14 05:43:18,86.71,6.36
2026-04-14 05:43:18,93.38,7.08
2026-04-14 05:43:18,87.18,6.28
2026-04-14 05:43:18,86.59,7.54
2026-04-14 05:43:18,85.48,7.56
2026-04-14 05:43:18,84.2,7.52
2026-04-14 05:43:18,84.31,7.57
2026-04-14 05:43:19,91.23,7.13
2026-04-14 05:43:19,94.17,5.9
2026-04-14 05:43:19,88.81,6.21
2026-04-14 05:43:19,86.52,6.08
2026-04-14 05:43:19,85.84,7.53
2026-04-14 05:43:19,89.22,7.33
2026-04-14 05:43:20,89.22,6.0
2026-04-14 05:43:20,87.83,6.05
2026-04-14 05:43:20,86.55,7.57
2026-04-14 05:43:20,89.08,7.36
2026-04-14 05:43:20,96.6,7.06
2026-04-14 05:43:20,91.02,6.21
2026-04-14 05:43:20,85.38,6.2
2026-04-14 05:43:21,83.63,7.62
2026-04-14 05:43:21,94.63,6.78
2026-04-14 05:43:21,107.79,5.69
2026-04-14 05:43:21,84.34,6.94
2026-04-14 05:43:21,89.54,7.28
2026-04-14 05:43:21,82.02,6.24
2026-04-14 05:43:21,83.38,7.49
2026-04-14 05:43:22,83.84,7.48
2026-04-14 05:43:22,84.53,7.47
2026-04-14 05:43:22,84.82,7.48
2026-04-14 05:43:22,86.05,7.43
2026-04-14 05:43:22,98.84,6.85
2026-04-14 05:43:22,88.21,6.4
2026-04-14 05:43:22,83.83,6.18
2026-04-14 05:43:23,85.14,7.43
2026-04-14 05:43:23,82.59,7.59
2026-04-14 05:43:23,85.6,7.4
2026-04-14 05:43:23,83.73,7.59
2026-04-14 05:43:23,83.38,7.54
2026-04-14 05:43:23,95.82,6.86
2026-04-14 05:43:23,103.6,5.73
2026-04-14 05:43:24,107.12,5.88
2026-04-14 05:43:24,85.33,6.9
2026-04-14 05:43:24,84.97,7.52
2026-04-14 05:43:24,82.36,7.55
2026-04-14 05:43:24,114.36,6.11
2026-04-14 05:43:24,86.89,7.2
2026-04-14 05:43:24,85.32,7.55
2026-04-14 05:43:25,85.08,7.5
2026-04-14 05:43:25,87.92,7.4
2026-04-14 05:43:25,91.66,7.3
2026-04-14 05:43:25,84.43,6.23
2026-04-14 05:43:25,82.68,7.66
2026-04-14 05:43:25,83.15,7.37
2026-04-14 05:43:25,89.01,7.28
2026-04-14 05:43:26,101.2,5.6
2026-04-14 05:43:26,84.84,6.65
2026-04-14 05:43:26,82.12,7.66
2026-04-14 05:43:26,83.54,7.42
2026-04-14 05:43:26,83.93,7.49
2026-04-14 05:43:26,85.01,7.43
2026-04-14 05:43:26,90.97,7.18
2026-04-14 05:43:27,90.5,5.97
2026-04-14 05:43:27,92.14,5.99
2026-04-14 05:43:27,88.6,6.13
2026-04-14 05:43:27,97.92,5.69
2026-04-14 05:43:27,92.65,6.2
2026-04-14 05:43:27,90.81,6.0
2026-04-14 05:43:28,91.68,6.04
2026-04-14 05:43:28,85.15,6.25
2026-04-14 05:43:28,84.01,7.56
2026-04-14 05:43:28,86.58,7.35
2026-04-14 05:43:28,90.65,7.31
2026-04-14 05:43:28,87.32,6.12
2026-04-14 05:43:28,103.79,6.68
2026-04-14 05:43:29,84.69,6.78
2026-04-14 05:43:29,82.97,7.59
2026-04-14 05:43:29,84.56,7.42
2026-04-14 05:43:29,82.54,7.62
2026-04-14 05:43:29,99.69,6.56
2026-04-14 05:43:29,101.34,6.0
2026-04-14 05:43:29,88.07,6.54
2026-04-14 05:43:30,105.07,6.66
2026-04-14 05:43:30,84.81,6.83
2026-04-14 05:43:30,84.04,7.42
2026-04-14 05:43:30,88.88,7.36
2026-04-14 05:43:30,96.88,5.72
2026-04-14 05:43:30,86.85,6.39
2026-04-14 05:43:31,82.77,7.73
2026-04-14 05:43:31,99.99,6.65
2026-04-14 05:43:31,84.1,6.63
2026-04-14 05:43:31,82.64,7.56
2026-04-14 05:43:31,86.72,7.31
2026-04-14 05:43:31,85.02,7.6
2026-04-14 05:43:31,85.19,7.49
2026-04-14 05:43:32,114.53,6.15
2026-04-14 05:43:32,84.01,7.3
2026-04-14 05:43:32,83.5,7.57
2026-04-14 05:43:32,131.98,5.51
2026-04-14 05:43:32,85.11,6.54
2026-04-14 05:43:32,82.88,7.64
2026-04-14 05:43:32,88.71,7.11
2026-04-14 05:43:33,90.24,6.0
2026-04-14 05:43:33,95.01,5.84
2026-04-14 05:43:33,84.79,6.4
2026-04-14 05:43:33,83.13,7.53
2026-04-14 05:43:33,83.82,7.54
2026-04-14 05:43:33,83.58,7.5
2026-04-14 05:43:33,82.98,7.56
2026-04-14 05:43:34,82.26,7.54
2026-04-14 05:43:34,91.95,6.98
2026-04-14 05:43:34,86.76,6.19
2026-04-14 05:43:34,82.78,7.76
2026-04-14 05:43:34,93.39,6.87
2026-04-14 05:43:34,82.76,6.49
2026-04-14 05:43:34,88.29,7.18
2026-04-14 05:43:35,91.97,5.89
2026-04-14 05:43:35,84.3,6.29
2026-04-14 05:43:35,82.85,7.58
2026-04-14 05:43:35,97.25,6.77
2026-04-14 05:43:35,97.14,6.01
2026-04-14 05:43:35,97.55,5.95
2026-04-14 05:43:36,85.1,6.51
2026-04-14 05:43:36,94.88,7.0
2026-04-14 05:43:36,102.35,5.74
2026-04-14 05:43:36,90.78,6.46
2026-04-14 05:43:36,88.46,6.08
2026-04-14 05:43:36,88.29,6.01
2026-04-14 05:43:36,85.96,7.64
2026-04-14 05:43:37,89.26,7.31
2026-04-14 05:43:37,85.92,6.05
2026-04-14 05:43:37,88.06,6.0
2026-04-14 05:43:37,102.44,5.52
2026-04-14 05:43:37,85.78,6.67
2026-04-14 05:43:37,85.31,7.55
2026-04-14 05:43:38,83.5,7.43
2026-04-14 05:43:38,85.78,7.55
2026-04-14 05:43:38,91.47,7.12
2026-04-14 05:43:38,84.83,6.23
2026-04-14 05:43:38,82.35,7.75
2026-04-14 05:43:38,88.64,7.17
2026-04-14 05:43:38,85.24,6.12
2026-04-14 05:43:39,85.36,7.51
2026-04-14 05:43:39,83.13,7.64
2026-04-14 05:43:39,84.28,7.44
2026-04-14 05:43:39,84.72,7.48
2026-04-14 05:43:39,82.95,7.61
2026-04-14 05:43:39,84.0,7.44
2026-04-14 05:43:39,82.62,7.49
2026-04-14 05:43:39,99.09,6.74
2026-04-14 05:43:40,84.59,6.53
2026-04-14 05:43:40,84.42,7.57
2026-04-14 05:43:40,88.56,7.27
2026-04-14 05:43:40,84.28,6.13
2026-04-14 05:43:40,93.84,7.05
2026-04-14 05:43:40,83.25,6.4
2026-04-14 05:43:40,86.39,7.34
2026-04-14 05:43:41,85.13,7.58
2026-04-14 05:43:41,91.05,7.18
2026-04-14 05:43:41,87.29,6.15
2026-04-14 05:43:41,82.33,6.16
2026-04-14 05:43:41,83.26,7.48
2026-04-14 05:43:41,84.98,7.41
2026-04-14 05:43:41,84.5,7.49
2026-04-14 05:43:42,83.31,7.61
2026-04-14 05:43:42,194.38,4.09
2026-04-14 05:43:42,177.33,3.99
2026-04-14 05:43:42,84.13,7.23
2026-04-14 05:43:42,82.91,7.55
2026-04-14 05:43:43,82.79,7.53
2026-04-14 05:43:43,97.97,6.74
2026-04-14 05:43:43,83.18,6.53
2026-04-14 05:43:43,85.79,7.42
2026-04-14 05:43:43,82.83,7.67
2026-04-14 05:43:43,83.4,7.47
2026-04-14 05:43:43,84.33,7.39
2026-04-14 05:43:43,97.11,6.84
2026-04-14 05:43:44,96.06,6.05
2026-04-14 05:43:44,83.85,6.48
2026-04-14 05:43:44,83.51,7.57
2026-04-14 05:43:44,83.87,7.45
2026-04-14 05:43:44,83.38,7.53
2026-04-14 05:43:44,83.35,7.5
2026-04-14 05:43:44,101.73,6.64
2026-04-14 05:43:45,124.91,5.26
2026-04-14 05:43:45,85.19,6.25
2026-04-14 05:43:45,90.07,7.24
2026-04-14 05:43:45,88.97,6.05
2026-04-14 05:43:45,87.64,6.05
2026-04-14 05:43:45,85.47,6.08
2026-04-14 05:43:46,85.24,7.49
2026-04-14 05:43:46,84.78,7.49
2026-04-14 05:43:46,85.77,7.5
2026-04-14 05:43:46,86.29,7.4
2026-04-14 05:43:46,88.41,7.36
2026-04-14 05:43:46,103.84,5.56
2026-04-14 05:43:47,118.07,5.5
2026-04-14 05:43:47,94.44,7.05
2026-04-14 05:43:47,88.51,6.22
2026-04-14 05:43:47,83.77,6.18
2026-04-14 05:43:47,84.45,7.47
2026-04-14 05:43:47,84.87,7.48
2026-04-14 05:43:47,83.93,7.56
2026-04-14 05:43:48,89.12,7.22
2026-04-14 05:43:48,97.16,5.73
2026-04-14 05:43:48,88.99,6.31
2026-04-14 05:43:48,84.7,7.74
2026-04-14 05:43:48,89.84,7.18
2026-04-14 05:43:48,86.65,6.15
2026-04-14 05:43:48,84.35,7.64
2026-04-14 05:43:49,82.77,7.49
2026-04-14 05:43:49,85.69,7.44
2026-04-14 05:43:49,87.08,7.44
2026-04-14 05:43:49,85.32,7.57
2026-04-14 05:43:49,87.15,7.34
2026-04-14 05:43:49,87.75,6.04
2026-04-14 05:43:49,85.92,7.54
2026-04-14 05:43:50,100.67,6.8
2026-04-14 05:43:50,83.81,6.68
2026-04-14 05:43:50,100.3,6.55
2026-04-14 05:43:50,87.43,6.63
2026-04-14 05:43:50,84.95,7.65
2026-04-14 05:43:50,86.82,7.4
2026-04-14 05:43:50,84.88,7.62
2026-04-14 05:43:51,88.53,7.23
2026-04-14 05:43:51,86.32,6.13
2026-04-14 05:43:51,88.31,7.34
2026-04-14 05:43:51,85.68,6.09
2026-04-14 05:43:51,83.66,7.52
2026-04-14 05:43:51,85.87,7.54
2026-04-14 05:43:51,82.52,7.64
2026-04-14 05:43:52,101.78,6.54
2026-04-14 05:43:52,84.82,6.7
2026-04-14 05:43:52,85.13,7.48
2026-04-14 05:43:52,87.93,7.35
2026-04-14 05:43:52,84.68,6.13
2026-04-14 05:43:52,84.88,7.46
2026-04-14 05:43:52,87.08,7.41
2026-04-14 05:43:53,84.03,6.15
2026-04-14 05:43:53,88.84,7.18
2026-04-14 05:43:53,89.13,5.99
2026-04-14 05:43:53,89.11,6.04
2026-04-14 05:43:53,84.35,6.18
2026-04-14 05:43:53,82.37,7.44
2026-04-14 05:43:53,92.12,7.06
2026-04-14 05:43:54,109.43,5.48
2026-04-14 05:43:54,86.06,6.99
2026-04-14 05:43:54,86.14,7.5
2026-04-14 05:43:54,87.34,7.44
2026-04-14 05:43:54,86.17,7.57
2026-04-14 05:43:54,84.54,7.58
2026-04-14 05:43:54,86.89,7.25
2026-04-14 05:43:55,85.0,7.76
2026-04-14 05:43:55,85.34,7.48
2026-04-14 05:43:55,83.06,7.63
2026-04-14 05:43:55,85.72,7.36
2026-04-14 05:43:55,84.0,7.6
2026-04-14 05:43:55,86.31,7.37
2026-04-14 05:43:55,85.76,7.55
2026-04-14 05:43:56,85.78,7.31
2026-04-14 05:43:56,86.91,6.08
2026-04-14 05:43:56,83.95,7.61
2026-04-14 05:43:56,82.89,7.6
2026-04-14 05:43:56,84.09,7.46
2026-04-14 05:43:56,96.91,6.85
2026-04-14 05:43:56,83.41,6.53
2026-04-14 05:43:57,82.19,7.57
2026-04-14 05:43:57,84.48,7.32
2026-04-14 05:43:57,83.55,7.57
2026-04-14 05:43:57,92.64,7.0
2026-04-14 05:43:57,81.85,6.46
2026-04-14 05:43:57,83.37,7.43
2026-04-14 05:43:57,83.09,7.51
2026-04-14 05:43:57,86.22,7.31
2026-04-14 05:43:58,83.13,7.69
2026-04-14 05:43:58,83.61,7.49
2026-04-14 05:43:58,84.21,7.47
2026-04-14 05:43:58,83.79,7.52
2026-04-14 05:43:58,93.72,6.99
2026-04-14 05:43:58,98.4,5.84
2026-04-14 05:43:58,91.84,6.25
2026-04-14 05:43:59,87.77,6.16
2026-04-14 05:43:59,83.47,7.75
2026-04-14 05:43:59,84.3,7.46
2026-04-14 05:43:59,83.11,7.57
2026-04-14 05:43:59,85.45,7.38
2026-04-14 05:43:59,84.22,7.48
2026-04-14 05:43:59,102.71,6.61
2026-04-14 05:44:00,101.93,6.07
2026-04-14 05:44:00,90.1,6.46
2026-04-14 05:44:00,83.32,6.25
2026-04-14 05:44:00,84.28,7.46
2026-04-14 05:44:00,85.5,7.43
2026-04-14 05:44:00,85.13,7.53
2026-04-14 05:44:00,87.38,7.38
2026-04-14 05:44:01,82.42,7.77
2026-04-14 05:44:01,103.72,6.43
2026-04-14 05:44:01,88.08,6.69
2026-04-14 05:44:01,86.18,7.61
2026-04-14 05:44:01,101.57,6.73
2026-04-14 05:44:01,89.16,6.49
2026-04-14 05:44:02,102.65,5.55
2026-04-14 05:44:02,88.69,6.56
2026-04-14 05:44:02,89.83,5.96
2026-04-14 05:44:02,99.81,6.93
2026-04-14 05:44:02,102.75,5.92
2026-04-14 05:44:02,92.47,6.41
2026-04-14 05:44:02,87.4,6.19
2026-04-14 05:44:03,91.02,7.3
2026-04-14 05:44:03,88.36,6.1
2026-04-14 05:44:03,88.76,5.99
2026-04-14 05:44:03,84.13,6.18
2026-04-14 05:44:03,86.34,7.37
2026-04-14 05:44:03,88.77,7.38
2026-04-14 05:44:04,87.32,6.05
2026-04-14 05:44:04,86.55,7.56
2026-04-14 05:44:04,86.82,7.39
2026-04-14 05:44:04,85.54,6.11
2026-04-14 05:44:04,87.28,7.4
2026-04-14 05:44:04,85.92,7.59
2026-04-14 05:44:04,87.36,7.41
2026-04-14 05:44:05,94.71,7.06
2026-04-14 05:44:05,88.91,6.27
2026-04-14 05:44:05,94.81,5.8
2026-04-14 05:44:05,90.37,6.17
2026-04-14 05:44:05,109.5,5.38
2026-04-14 05:44:05,85.49,6.96
2026-04-14 05:44:05,93.67,7.13
2026-04-14 05:44:06,91.61,6.05
2026-04-14 05:44:06,87.56,6.19
2026-04-14 05:44:06,86.48,7.56
2026-04-14 05:44:06,101.28,6.76
2026-04-14 05:44:06,112.04,5.6
2026-04-14 05:44:06,89.53,7.0
2026-04-14 05:44:07,87.41,6.08
2026-04-14 05:44:07,89.66,7.39
2026-04-14 05:44:07,92.8,5.88
2026-04-14 05:44:07,88.22,6.18
2026-04-14 05:44:07,86.61,7.58
2026-04-14 05:44:07,84.07,7.66
2026-04-14 05:44:07,86.37,7.37
2026-04-14 05:44:08,86.41,7.5
2026-04-14 05:44:08,92.04,7.19
2026-04-14 05:44:08,85.51,6.25
2026-04-14 05:44:08,84.24,7.43
2026-04-14 05:44:08,85.26,7.59
2026-04-14 05:44:08,83.93,7.54
2026-04-14 05:44:08,85.08,7.48
2026-04-14 05:44:09,95.4,6.96
2026-04-14 05:44:09,85.03,6.4
2026-04-14 05:44:09,83.35,7.53
2026-04-14 05:44:09,84.9,7.47
2026-04-14 05:44:09,84.86,7.51
2026-04-14 05:44:09,84.42,7.52
2026-04-14 05:44:09,88.36,7.3
2026-04-14 05:44:10,83.25,6.2
2026-04-14 05:44:10,83.79,7.41
2026-04-14 05:44:10,86.78,7.41
2026-04-14 05:44:10,106.94,6.5
2026-04-14 05:44:10,91.74,6.63
2026-04-14 05:44:10,84.77,6.25
2026-04-14 05:44:10,84.56,7.53
2026-04-14 05:44:11,88.55,7.23
2026-04-14 05:44:11,94.71,5.82
2026-04-14 05:44:11,87.86,6.27
2026-04-14 05:44:11,84.25,7.6
2026-04-14 05:44:11,83.96,7.56
2026-04-14 05:44:11,86.57,7.39
2026-04-14 05:44:11,87.31,7.5
2026-04-14 05:44:12,99.57,6.87
2026-04-14 05:44:12,87.24,6.48
2026-04-14 05:44:12,86.47,7.55
2026-04-14 05:44:12,95.39,7.03
2026-04-14 05:44:12,93.65,6.06
2026-04-14 05:44:12,92.32,6.05
2026-04-14 05:44:12,89.24,6.08
2026-04-14 05:44:13,87.09,6.09
2026-04-14 05:44:13,84.05,7.67
2026-04-14 05:44:13,85.27,7.5
2026-04-14 05:44:13,84.39,7.5
2026-04-14 05:44:13,86.08,7.47
2026-04-14 05:44:13,84.64,7.58
2026-04-14 05:44:13,100.13,6.72
2026-04-14 05:44:14,88.45,6.44
2026-04-14 05:44:14,86.88,6.06
2026-04-14 05:44:14,109.68,6.4
2026-04-14 05:44:14,92.92,6.63
2026-04-14 05:44:14,89.15,6.19
2026-04-14 05:44:14,92.16,5.89
2026-04-14 05:44:15,87.04,6.2
2026-04-14 05:44:15,86.93,7.4
2026-04-14 05:44:15,87.99,7.55
2026-04-14 05:44:15,90.42,7.32
2026-04-14 05:44:15,107.22,5.44
2026-04-14 05:44:15,104.8,6.1
2026-04-14 05:44:15,89.81,6.57
2026-04-14 05:44:16,92.56,5.93
2026-04-14 05:44:16,87.63,6.19
2026-04-14 05:44:16,103.92,6.73
2026-04-14 05:44:16,85.52,6.74
2026-04-14 05:44:16,93.88,6.98
2026-04-14 05:44:16,102.58,5.76
2026-04-14 05:44:17,86.19,6.66
2026-04-14 05:44:17,86.22,7.5
2026-04-14 05:44:17,87.33,7.45
2026-04-14 05:44:17,86.88,7.45
2026-04-14 05:44:17,84.04,7.68
2026-04-14 05:44:17,87.87,7.34
2026-04-14 05:44:17,87.13,7.49
2026-04-14 05:44:18,93.71,7.15
2026-04-14 05:44:18,92.17,6.06
2026-04-14 05:44:18,85.95,6.23
2026-04-14 05:44:18,95.42,7.01
2026-04-14 05:44:18,88.81,6.25
2026-04-14 05:44:18,87.71,6.04
2026-04-14 05:44:18,94.06,5.69
2026-04-14 05:44:19,96.68,6.05
2026-04-14 05:44:19,85.74,6.42
2026-04-14 05:44:19,88.43,7.33
2026-04-14 05:44:19,94.38,5.81
2026-04-14 05:44:19,87.1,6.27
2026-04-14 05:44:19,87.06,7.52
2026-04-14 05:44:20,87.05,7.51
2026-04-14 05:44:20,88.37,7.42
2026-04-14 05:44:20,87.42,6.0
2026-04-14 05:44:20,85.48,7.62
2026-04-14 05:44:20,89.28,7.29
2026-04-14 05:44:20,87.5,6.06
2026-04-14 05:44:20,86.67,6.09
2026-04-14 05:44:21,85.62,7.54
2026-04-14 05:44:21,87.48,7.42
2026-04-14 05:44:21,87.82,7.49
2026-04-14 05:44:21,89.07,7.37
2026-04-14 05:44:21,102.55,5.55
2026-04-14 05:44:21,96.27,6.28
2026-04-14 05:44:21,104.05,5.72
2026-04-14 05:44:22,102.51,6.04
2026-04-14 05:44:22,87.87,6.63
2026-04-14 05:44:22,98.82,6.93
2026-04-14 05:44:22,85.18,6.54
2026-04-14 05:44:22,83.96,7.56
2026-04-14 05:44:22,86.46,7.38
2026-04-14 05:44:23,92.41,7.18
2026-04-14 05:44:23,85.55,6.26
2026-04-14 05:44:23,83.78,7.6
2026-04-14 05:44:23,88.3,7.26
2026-04-14 05:44:23,97.16,7.04
2026-04-14 05:44:23,87.34,6.38
2026-04-14 05:44:23,83.03,7.68
2026-04-14 05:44:24,93.49,7.02
2026-04-14 05:44:24,86.26,6.23
2026-04-14 05:44:24,86.63,7.55
2026-04-14 05:44:24,87.01,7.47
2026-04-14 05:44:24,89.68,7.31
2026-04-14 05:44:24,85.42,6.2
2026-04-14 05:44:24,82.62,7.59
2026-04-14 05:44:24,87.02,7.21
2026-04-14 05:44:25,85.97,7.62
2026-04-14 05:44:25,105.97,6.57
2026-04-14 05:44:25,102.77,6.13
2026-04-14 05:44:25,95.49,6.27
2026-04-14 05:44:25,84.96,6.39
2026-04-14 05:44:25,83.16,7.63
2026-04-14 05:44:26,97.51,6.77
2026-04-14 05:44:26,117.27,5.37
2026-04-14 05:44:26,86.41,7.37
2026-04-14 05:44:26,94.8,7.0
2026-04-14 05:44:26,83.2,6.5
2026-04-14 05:44:26,82.61,7.51
2026-04-14 05:44:26,83.49,7.48
2026-04-14 05:44:27,83.85,7.39
2026-04-14 05:44:27,87.21,7.41
2026-04-14 05:44:27,85.08,7.6
2026-04-14 05:44:27,99.91,6.77
2026-04-14 05:44:27,82.47,6.7
2026-04-14 05:44:27,85.32,7.35
2026-04-14 05:44:27,98.29,6.82
2026-04-14 05:44:28,83.56,6.6
2026-04-14 05:44:28,81.98,7.59
2026-04-14 05:44:28,85.33,7.21
2026-04-14 05:44:28,84.03,7.7
2026-04-14 05:44:28,86.03,7.39
2026-04-14 05:44:28,82.8,7.69
2026-04-14 05:44:28,103.13,6.51
2026-04-14 05:44:29,94.27,6.33
2026-04-14 05:44:29,91.0,6.13
2026-04-14 05:44:29,97.42,5.78
2026-04-14 05:44:29,84.15,6.51
2026-04-14 05:44:29,83.45,7.55
2026-04-14 05:44:29,82.2,7.57
2026-04-14 05:44:29,91.25,7.03
2026-04-14 05:44:30,84.11,6.27
2026-04-14 05:44:30,83.15,7.48
2026-04-14 05:44:30,84.6,7.48
2026-04-14 05:44:30,83.78,7.57
2026-04-14 05:44:30,81.72,7.62
2026-04-14 05:44:30,86.8,7.12
2026-04-14 05:44:30,90.5,5.9
2026-04-14 05:44:31,86.81,6.14
2026-04-14 05:44:31,82.92,6.19
2026-04-14 05:44:31,83.28,7.47
2026-04-14 05:44:31,84.63,7.42
2026-04-14 05:44:31,84.21,7.55
2026-04-14 05:44:31,84.19,7.51
2026-04-14 05:44:31,105.61,6.46
2026-04-14 05:44:32,91.74,6.53
2026-04-14 05:44:32,100.05,5.69
2026-04-14 05:44:32,94.4,6.23
2026-04-14 05:44:32,83.77,6.44
2026-04-14 05:44:32,85.49,7.41
2026-04-14 05:44:32,84.03,7.59
2026-04-14 05:44:32,87.46,7.31
2026-04-14 05:44:33,83.91,7.72
2026-04-14 05:44:33,84.2,7.41
2026-04-14 05:44:33,82.41,7.68
2026-04-14 05:44:33,85.76,7.32
2026-04-14 05:44:33,91.36,7.2
2026-04-14 05:44:33,85.0,6.24
2026-04-14 05:44:33,86.81,7.39
2026-04-14 05:44:34,115.72,6.17
2026-04-14 05:44:34,84.33,7.39
2026-04-14 05:44:34,85.42,7.44
2026-04-14 05:44:34,101.11,6.71
2026-04-14 05:44:34,85.95,6.61
2026-04-14 05:44:34,85.35,7.53
2026-04-14 05:44:34,89.63,7.27
2026-04-14 05:44:35,95.87,5.75
2026-04-14 05:44:35,86.68,6.39
2026-04-14 05:44:35,87.43,7.43
2026-04-14 05:44:35,85.71,7.61
2026-04-14 05:44:35,87.44,7.43
2026-04-14 05:44:35,86.18,7.51
2026-04-14 05:44:35,87.54,5.99
2026-04-14 05:44:36,88.46,7.46
2026-04-14 05:44:36,88.14,6.01
2026-04-14 05:44:36,86.13,6.08
2026-04-14 05:44:36,86.6,7.48
2026-04-14 05:44:36,90.48,7.21
2026-04-14 05:44:36,87.66,6.16
2026-04-14 05:44:37,90.22,7.28
2026-04-14 05:44:37,91.69,6.01
2026-04-14 05:44:37,84.27,6.28
2026-04-14 05:44:37,83.2,7.56
2026-04-14 05:44:37,85.31,7.39
2026-04-14 05:44:37,89.84,7.25
2026-04-14 05:44:37,84.32,7.75
2026-04-14 05:44:38,85.92,7.44
2026-04-14 05:44:38,83.24,7.7
2026-04-14 05:44:38,83.49,7.49
2026-04-14 05:44:38,87.16,7.28
2026-04-14 05:44:38,82.92,7.77
2026-04-14 05:44:38,88.86,7.19
2026-04-14 05:44:38,84.3,6.17
2026-04-14 05:44:38,95.66,6.9
2026-04-14 05:44:39,86.17,6.37
2026-04-14 05:44:39,84.82,7.58
2026-04-14 05:44:39,85.77,7.39
2026-04-14 05:44:39,84.9,7.6
2026-04-14 05:44:39,91.2,7.18
2026-04-14 05:44:39,84.06,6.23
2026-04-14 05:44:39,82.82,7.63
2026-04-14 05:44:40,102.84,6.53
2026-04-14 05:44:40,84.98,6.72
2026-04-14 05:44:40,82.77,7.63
2026-04-14 05:44:40,91.42,6.95
2026-04-14 05:44:40,91.17,6.07
2026-04-14 05:44:40,98.83,5.75
2026-04-14 05:44:41,83.69,6.61
2026-04-14 05:44:41,85.17,7.29
2026-04-14 05:44:41,99.81,6.87
2026-04-14 05:44:41,84.82,6.55
2026-04-14 05:44:41,89.32,7.26
2026-04-14 05:44:41,85.4,6.19
2026-04-14 05:44:41,83.22,7.53
2026-04-14 05:44:42,85.5,7.47
2026-04-14 05:44:42,97.03,6.92
2026-04-14 05:44:42,85.39,6.39
2026-04-14 05:44:42,86.21,7.54
2026-04-14 05:44:42,102.56,6.68
2026-04-14 05:44:42,88.86,6.54
2026-04-14 05:44:42,95.47,5.77
2026-04-14 05:44:43,88.44,6.27
2026-04-14 05:44:43,86.68,6.07
2026-04-14 05:44:43,86.3,7.52
2026-04-14 05:44:43,87.93,7.42
2026-04-14 05:44:43,94.03,7.12
2026-04-14 05:44:43,86.35,6.28
2026-04-14 05:44:43,92.25,7.26
2026-04-14 05:44:44,84.43,6.29
2026-04-14 05:44:44,84.67,7.5
2026-04-14 05:44:44,85.05,7.48
2026-04-14 05:44:44,82.87,7.62
2026-04-14 05:44:44,94.33,6.92
2026-04-14 05:44:44,84.14,6.39
2026-04-14 05:44:44,84.0,7.5
2026-04-14 05:44:45,84.9,7.47
2026-04-14 05:44:45,84.0,7.46
2026-04-14 05:44:45,83.8,7.61
2026-04-14 05:44:45,85.47,7.4
2026-04-14 05:44:45,90.95,7.21
2026-04-14 05:44:45,91.95,5.93
2026-04-14 05:44:46,108.34,5.43
2026-04-14 05:44:46,82.88,7.2
2026-04-14 05:44:46,138.06,5.19
2026-04-14 05:44:46,83.03,7.11
2026-04-14 05:44:46,83.83,7.46
2026-04-14 05:44:46,83.57,7.5
2026-04-14 05:44:46,82.3,7.6
2026-04-14 05:44:47,85.55,7.26
2026-04-14 05:44:47,82.26,7.74
2026-04-14 05:44:47,82.38,7.45
2026-04-14 05:44:47,100.22,6.67
2026-04-14 05:44:47,88.18,6.47
2026-04-14 05:44:47,84.26,7.73
2026-04-14 05:44:47,92.46,7.07
2026-04-14 05:44:48,90.66,6.06
2026-04-14 05:44:48,88.45,6.09
2026-04-14 05:44:48,81.99,7.7
2026-04-14 05:44:48,85.56,7.46
2026-04-14 05:44:48,85.47,7.52
2026-04-14 05:44:48,101.56,6.69
2026-04-14 05:44:48,90.32,6.45
2026-04-14 05:44:49,115.63,5.2
2026-04-14 05:44:49,88.41,7.2
2026-04-14 05:44:49,86.11,7.63
2026-04-14 05:44:49,89.27,7.31
2026-04-14 05:44:49,87.94,6.07
2026-04-14 05:44:49,87.01,6.04
2026-04-14 05:44:49,88.55,7.4
2026-04-14 05:44:50,88.39,6.02
2026-04-14 05:44:50,87.88,6.02
2026-04-14 05:44:50,86.16,7.6
2026-04-14 05:44:50,86.7,7.48
2026-04-14 05:44:50,97.81,6.93
2026-04-14 05:44:50,85.8,6.47
2026-04-14 05:44:50,83.06,7.55
2026-04-14 05:44:51,95.78,6.93
2026-04-14 05:44:51,83.95,6.47
2026-04-14 05:44:51,87.59,7.25
2026-04-14 05:44:51,88.68,5.96
2026-04-14 05:44:51,91.98,5.93
2026-04-14 05:44:51,92.88,5.97
2026-04-14 05:44:52,84.65,6.29
2026-04-14 05:44:52,92.48,7.12
2026-04-14 05:44:52,85.07,6.28
2026-04-14 05:44:52,83.91,7.58
2026-04-14 05:44:52,84.14,7.36
2026-04-14 05:44:52,85.95,7.53
2026-04-14 05:44:52,107.23,6.45
2026-04-14 05:44:53,89.92,6.72
2026-04-14 05:44:53,101.34,5.62
2026-04-14 05:44:53,84.8,6.67
2026-04-14 05:44:53,84.87,7.48
2026-04-14 05:44:53,83.2,7.61
2026-04-14 05:44:53,84.73,7.41
2026-04-14 05:44:53,84.56,7.52
2026-04-14 05:44:54,82.59,7.6
2026-04-14 05:44:54,86.88,7.21
2026-04-14 05:44:54,86.9,6.06
2026-04-14 05:44:54,83.78,7.68
2026-04-14 05:44:54,83.51,7.37
2026-04-14 05:44:54,85.5,7.54
2026-04-14 05:44:54,82.08,7.71
2026-04-14 05:44:55,86.7,7.25
2026-04-14 05:44:55,82.48,7.67
2026-04-14 05:44:55,91.42,7.04
2026-04-14 05:44:55,85.32,6.23
2026-04-14 05:44:55,83.91,7.57
2026-04-14 05:44:55,110.64,6.28
2026-04-14 05:44:55,86.52,7.04
2026-04-14 05:44:56,83.73,7.51
2026-04-14 05:44:56,103.94,6.64
2026-04-14 05:44:56,85.79,6.73
2026-04-14 05:44:56,86.47,7.42
2026-04-14 05:44:56,86.82,7.49
2026-04-14 05:44:56,85.92,7.55
2026-04-14 05:44:56,84.12,7.68
2026-04-14 05:44:57,86.2,7.38
2026-04-14 05:44:57,82.93,7.48
2026-04-14 05:44:57,84.29,7.58
2026-04-14 05:44:57,87.41,7.38
2026-04-14 05:44:57,84.89,6.06
2026-04-14 05:44:57,84.0,7.62
2026-04-14 05:44:57,85.86,7.34
2026-04-14 05:44:57,84.53,7.64
2026-04-14 05:44:58,87.26,7.29
2026-04-14 05:44:58,84.24,6.12
2026-04-14 05:44:58,85.42,7.48
2026-04-14 05:44:58,86.34,7.48
2026-04-14 05:44:58,116.2,6.13
2026-04-14 05:44:58,101.68,6.58
2026-04-14 05:44:59,93.81,6.29
2026-04-14 05:44:59,100.96,5.76
2026-04-14 05:44:59,90.7,6.4
2026-04-14 05:44:59,89.08,6.06
2026-04-14 05:44:59,87.97,6.05
2026-04-14 05:44:59,83.56,7.76
2026-04-14 05:44:59,89.35,7.18
2026-04-14 05:45:00,97.12,5.75
2026-04-14 05:45:00,86.94,6.39
2026-04-14 05:45:00,103.76,6.65
2026-04-14 05:45:00,92.42,6.44
2026-04-14 05:45:00,92.09,6.0
2026-04-14 05:45:00,89.76,6.11
2026-04-14 05:45:01,90.79,5.96
2026-04-14 05:45:01,88.32,6.1
2026-04-14 05:45:01,86.17,6.08
2026-04-14 05:45:01,85.32,7.48
2026-04-14 05:45:01,87.28,7.47
2026-04-14 05:45:01,110.94,6.38
2026-04-14 05:45:02,111.99,5.96
2026-04-14 05:45:02,87.39,7.05
2026-04-14 05:45:02,97.8,6.9
2026-04-14 05:45:02,88.73,6.39
2026-04-14 05:45:02,101.67,5.57
2026-04-14 05:45:02,86.62,6.59
2026-04-14 05:45:02,114.81,6.2
2026-04-14 05:45:03,94.71,6.82
2026-04-14 05:45:03,86.14,6.33
2026-04-14 05:45:03,84.3,7.63
2026-04-14 05:45:03,97.51,6.82
2026-04-14 05:45:03,88.77,6.34
2026-04-14 05:45:03,94.57,5.8
2026-04-14 05:45:04,85.74,6.33
2026-04-14 05:45:04,83.7,7.63
2026-04-14 05:45:04,93.04,7.0
2026-04-14 05:45:04,105.67,5.53
2026-04-14 05:45:04,84.0,6.99
2026-04-14 05:45:04,86.85,7.33
2026-04-14 05:45:04,89.83,5.9
2026-04-14 05:45:05,89.42,6.02
2026-04-14 05:45:05,84.62,6.18
2026-04-14 05:45:05,83.32,7.57
2026-04-14 05:45:05,87.17,7.2
2026-04-14 05:45:05,85.17,6.15
2026-04-14 05:45:05,102.32,6.64
2026-04-14 05:45:05,105.3,5.85
2026-04-14 05:45:06,84.73,6.92
2026-04-14 05:45:06,97.09,6.87
2026-04-14 05:45:06,86.13,6.38
2026-04-14 05:45:06,82.29,7.8
2026-04-14 05:45:06,90.39,7.05
2026-04-14 05:45:06,100.5,6.99
2026-04-14 05:45:07,88.34,6.46
2026-04-14 05:45:07,87.91,5.98
2026-04-14 05:45:07,90.01,5.93
2026-04-14 05:45:07,89.02,6.08
2026-04-14 05:45:07,88.74,7.51
2026-04-14 05:45:07,96.54,5.72
2026-04-14 05:45:07,87.55,6.36
2026-04-14 05:45:08,82.94,7.66
2026-04-14 05:45:08,92.4,7.1
2026-04-14 05:45:08,85.26,6.27
2026-04-14 05:45:08,82.54,7.6
2026-04-14 05:45:08,91.68,7.08
2026-04-14 05:45:08,86.29,6.17
2026-04-14 05:45:08,83.69,7.64
2026-04-14 05:45:09,83.41,7.6
2026-04-14 05:45:09,83.73,7.3
2026-04-14 05:45:09,83.76,7.7
2026-04-14 05:45:09,86.04,7.31
2026-04-14 05:45:09,82.01,7.74
2026-04-14 05:45:09,83.97,7.38
2026-04-14 05:45:09,82.55,7.59
2026-04-14 05:45:10,95.99,6.82
2026-04-14 05:45:10,86.04,6.38
2026-04-14 05:45:10,89.14,7.36
2026-04-14 05:45:10,87.01,6.06
2026-04-14 05:45:10,88.72,7.47
2026-04-14 05:45:10,83.15,6.12
2026-04-14 05:45:10,83.48,7.63
2026-04-14 05:45:11,89.05,7.13
2026-04-14 05:45:11,85.81,6.17
2026-04-14 05:45:11,94.9,7.01
2026-04-14 05:45:11,85.26,6.32
2026-04-14 05:45:11,87.51,7.46
2026-04-14 05:45:11,87.29,7.5
2026-04-14 05:45:11,84.36,6.11
2026-04-14 05:45:12,83.19,7.58
2026-04-14 05:45:12,88.56,7.07
2026-04-14 05:45:12,84.02,6.28
2026-04-14 05:45:12,82.41,7.6
2026-04-14 05:45:12,85.6,7.31
2026-04-14 05:45:12,82.46,7.71
2026-04-14 05:45:12,93.46,6.92
2026-04-14 05:45:13,92.73,6.03
2026-04-14 05:45:13,98.76,5.79
2026-04-14 05:45:13,85.49,6.52
2026-04-14 05:45:13,87.34,7.39
2026-04-14 05:45:13,90.33,7.27
2026-04-14 05:45:13,90.66,6.05
2026-04-14 05:45:14,105.61,5.51
2026-04-14 05:45:14,84.31,6.88
2026-04-14 05:45:14,85.34,7.44
2026-04-14 05:45:14,90.74,7.22
2026-04-14 05:45:14,93.02,5.92
2026-04-14 05:45:14,82.62,6.39
2026-04-14 05:45:14,83.28,7.47
2026-04-14 05:45:15,91.2,7.06
2026-04-14 05:45:15,93.96,5.92
2026-04-14 05:45:15,84.65,6.34
2026-04-14 05:45:15,82.7,7.58
2026-04-14 05:45:15,84.83,7.43
2026-04-14 05:45:15,84.17,7.55
2026-04-14 05:45:15,83.47,7.54
2026-04-14 05:45:16,85.72,7.36
2026-04-14 05:45:16,82.61,7.71
2026-04-14 05:45:16,84.42,7.41
2026-04-14 05:45:16,93.88,7.01
2026-04-14 05:45:16,83.01,6.4
2026-04-14 05:45:16,90.0,7.13
2026-04-14 05:45:16,105.25,5.51
2026-04-14 05:45:17,83.54,6.91
2026-04-14 05:45:17,84.52,7.45
2026-04-14 05:45:17,86.18,7.39
2026-04-14 05:45:17,83.24,7.69
2026-04-14 05:45:17,87.15,7.29
2026-04-14 05:45:17,94.52,7.12
2026-04-14 05:45:17,97.6,5.89
2026-04-14 05:45:18,89.22,6.31
2026-04-14 05:45:18,88.8,6.03
2026-04-14 05:45:18,86.92,6.07
2026-04-14 05:45:18,93.06,7.18
2026-04-14 05:45:18,86.94,6.21
2026-04-14 05:45:18,85.83,7.58
2026-04-14 05:45:19,93.89,7.07
2026-04-14 05:45:19,85.08,6.35
2026-04-14 05:45:19,86.16,7.44
2026-04-14 05:45:19,86.37,7.42
2026-04-14 05:45:19,98.72,6.94
2026-04-14 05:45:19,86.14,6.47
2026-04-14 05:45:19,87.07,7.43
2026-04-14 05:45:20,106.72,6.42
2026-04-14 05:45:20,90.3,6.82
2026-04-14 05:45:20,90.62,5.99
2026-04-14 05:45:20,86.01,6.14
2026-04-14 05:45:20,88.03,7.45
2026-04-14 05:45:20,88.81,7.47
2026-04-14 05:45:20,91.86,5.89
2026-04-14 05:45:21,90.09,6.06
2026-04-14 05:45:21,86.48,6.1
2026-04-14 05:45:21,88.85,7.41
2026-04-14 05:45:21,96.13,5.76
2026-04-14 05:45:21,88.29,6.31
2026-04-14 05:45:21,85.4,7.67
2026-04-14 05:45:22,89.43,7.22
2026-04-14 05:45:22,91.86,5.94
2026-04-14 05:45:22,84.73,6.28
2026-04-14 05:45:22,83.45,7.59
2026-04-14 05:45:22,101.23,6.62
2026-04-14 05:45:22,86.68,6.58
2026-04-14 05:45:23,258.97,3.14
2026-04-14 05:45:23,147.06,4.78
2026-04-14 05:45:23,83.53,7.39
2026-04-14 05:45:23,102.02,6.6
2026-04-14 05:45:23,89.67,6.48
2026-04-14 05:45:23,82.99,6.26
2026-04-14 05:45:24,95.29,6.86
2026-04-14 05:45:24,90.1,6.2
2026-04-14 05:45:24,82.96,6.27
2026-04-14 05:45:24,86.77,7.29
2026-04-14 05:45:24,82.57,7.76
2026-04-14 05:45:24,88.12,7.19
2026-04-14 05:45:24,81.91,7.88
2026-04-14 05:45:25,90.53,7.05
2026-04-14 05:45:25,81.92,6.33
2026-04-14 05:45:25,83.87,7.37
2026-04-14 05:45:25,83.28,7.57
2026-04-14 05:45:25,86.81,7.24
2026-04-14 05:45:25,89.09,7.44
2026-04-14 05:45:25,82.34,7.84
2026-04-14 05:45:26,88.03,7.19
2026-04-14 05:45:26,115.06,6.24
2026-04-14 05:45:26,94.24,6.83
2026-04-14 05:45:26,94.44,6.06
2026-04-14 05:45:26,96.4,5.9
2026-04-14 05:45:26,107.69,5.64
2026-04-14 05:45:26,83.85,7.02
2026-04-14 05:45:27,94.3,6.96
2026-04-14 05:45:27,83.25,6.43
2026-04-14 05:45:27,83.59,7.48
2026-04-14 05:45:27,83.29,7.53
2026-04-14 05:45:27,91.12,6.94
2026-04-14 05:45:27,94.55,5.99
2026-04-14 05:45:27,82.84,6.45
2026-04-14 05:45:28,81.76,7.57
2026-04-14 05:45:28,83.77,7.39
2026-04-14 05:45:28,83.75,7.5
2026-04-14 05:45:28,82.65,7.5
2026-04-14 05:45:28,87.64,7.16
2026-04-14 05:45:28,88.88,6.0
2026-04-14 05:45:28,85.56,6.13
2026-04-14 05:45:29,82.01,7.69
2026-04-14 05:45:29,83.16,7.46
2026-04-14 05:45:29,84.29,7.44
2026-04-14 05:45:29,83.65,7.52
2026-04-14 05:45:29,86.66,7.43
2026-04-14 05:45:29,82.34,7.76
2026-04-14 05:45:29,85.57,7.29
2026-04-14 05:45:30,92.64,7.1
2026-04-14 05:45:30,95.82,5.89
2026-04-14 05:45:30,85.4,6.43
2026-04-14 05:45:30,89.67,7.24
2026-04-14 05:45:30,84.49,6.23
2026-04-14 05:45:30,92.33,7.09
2026-04-14 05:45:31,100.59,5.58
2026-04-14 05:45:31,83.73,6.84
2026-04-14 05:45:31,85.6,7.46
2026-04-14 05:45:31,83.86,7.6
2026-04-14 05:45:31,90.42,7.15
2026-04-14 05:45:31,86.62,6.05
2026-04-14 05:45:31,84.71,6.17
2026-04-14 05:45:32,110.69,6.28
2026-04-14 05:45:32,84.47,7.07
2026-04-14 05:45:32,87.36,7.35
2026-04-14 05:45:32,84.05,7.7
2026-04-14 05:45:32,85.72,7.41
2026-04-14 05:45:32,86.83,7.5
2026-04-14 05:45:32,86.75,7.45
2026-04-14 05:45:33,95.21,7.05
2026-04-14 05:45:33,100.33,5.85
2026-04-14 05:45:33,93.24,6.28
2026-04-14 05:45:33,84.52,6.28
2026-04-14 05:45:33,86.44,7.47
2026-04-14 05:45:33,84.79,7.6
2026-04-14 05:45:33,84.33,7.52
2026-04-14 05:45:34,87.73,7.32
2026-04-14 05:45:34,93.58,5.8
2026-04-14 05:45:34,85.56,6.3
2026-04-14 05:45:34,92.09,7.15
2026-04-14 05:45:34,96.1,5.86
2026-04-14 05:45:34,93.47,6.1
2026-04-14 05:45:35,94.39,5.97
2026-04-14 05:45:35,89.59,6.18
2026-04-14 05:45:35,88.96,6.02
2026-04-14 05:45:35,87.77,6.05
2026-04-14 05:45:35,85.91,7.49
2026-04-14 05:45:35,88.68,7.46
2026-04-14 05:45:35,86.4,6.08
2026-04-14 05:45:36,87.14,7.41
2026-04-14 05:45:36,86.79,6.06
2026-04-14 05:45:36,89.47,7.35
2026-04-14 05:45:36,95.56,5.79
2026-04-14 05:45:36,87.97,6.29
2026-04-14 05:45:36,114.3,6.27
2026-04-14 05:45:37,121.72,5.73
2026-04-14 05:45:37,88.07,6.03
2026-04-14 05:45:37,104.2,5.48
2026-04-14 05:45:37,85.06,6.77
2026-04-14 05:45:37,89.7,7.26
2026-04-14 05:45:37,87.56,6.08
2026-04-14 05:45:37,86.52,7.54
2026-04-14 05:45:38,87.74,7.44
2026-04-14 05:45:38,114.8,6.25
2026-04-14 05:45:38,86.57,7.2
2026-04-14 05:45:38,86.48,7.53
2026-04-14 05:45:38,92.28,7.2
2026-04-14 05:45:38,89.96,6.09
2026-04-14 05:45:38,88.41,6.06
2026-04-14 05:45:39,87.45,7.54
2026-04-14 05:45:39,89.84,7.39
2026-04-14 05:45:39,94.4,5.8
2026-04-14 05:45:39,103.18,5.73
2026-04-14 05:45:39,98.6,6.18
2026-04-14 05:45:39,89.71,6.33
2026-04-14 05:45:40,90.61,5.97
2026-04-14 05:45:40,91.73,5.97
2026-04-14 05:45:40,87.82,6.15
2026-04-14 05:45:40,85.66,7.61
2026-04-14 05:45:40,89.62,7.29
2026-04-14 05:45:40,83.46,7.87
2026-04-14 05:45:40,91.14,7.09
2026-04-14 05:45:41,85.96,6.18
2026-04-14 05:45:41,84.71,6.06
2026-04-14 05:45:41,83.89,7.55
2026-04-14 05:45:41,98.07,6.77
2026-04-14 05:45:41,90.92,6.29
2026-04-14 05:45:41,85.27,6.14
2026-04-14 05:45:42,88.84,7.38
2026-04-14 05:45:42,89.95,5.98
2026-04-14 05:45:42,100.0,5.67
2026-04-14 05:45:42,91.02,6.35
2026-04-14 05:45:42,88.21,6.1
2026-04-14 05:45:42,86.99,6.05
2026-04-14 05:45:42,89.06,7.38
2026-04-14 05:45:43,87.41,6.06
2026-04-14 05:45:43,86.48,7.57
2026-04-14 05:45:43,88.78,7.38
2026-04-14 05:45:43,96.89,5.72
2026-04-14 05:45:43,94.46,6.09
2026-04-14 05:45:43,83.59,6.42
2026-04-14 05:45:44,91.0,7.1
2026-04-14 05:45:44,91.75,5.99
2026-04-14 05:45:44,82.94,6.27
2026-04-14 05:45:44,88.18,7.31
2026-04-14 05:45:44,88.23,6.0
2026-04-14 05:45:44,85.77,6.09
2026-04-14 05:45:44,93.31,7.1
2026-04-14 05:45:45,118.12,5.23
2026-04-14 05:45:45,99.21,6.77
2026-04-14 05:45:45,92.27,6.26
2026-04-14 05:45:45,85.07,6.28
2026-04-14 05:45:45,83.68,7.57
2026-04-14 05:45:45,84.37,7.46
2026-04-14 05:45:46,86.45,7.37
2026-04-14 05:45:46,83.34,6.14
2026-04-14 05:45:46,83.2,7.5
2026-04-14 05:45:46,83.93,7.46
2026-04-14 05:45:46,103.69,6.53
2026-04-14 05:45:46,83.54,6.83
2026-04-14 05:45:46,85.36,7.4
2026-04-14 05:45:47,90.22,7.24
2026-04-14 05:45:47,96.33,5.79
2026-04-14 05:45:47,84.44,6.47
2026-04-14 05:45:47,84.56,7.45
2026-04-14 05:45:47,95.35,6.99
2026-04-14 05:45:47,85.55,6.38
2026-04-14 05:45:47,82.56,7.67
2026-04-14 05:45:48,82.41,7.45
2026-04-14 05:45:48,86.43,7.35
2026-04-14 05:45:48,84.41,7.62
2026-04-14 05:45:48,83.85,7.53
2026-04-14 05:45:48,82.54,7.59
2026-04-14 05:45:48,82.91,7.46
2026-04-14 05:45:48,83.46,7.49
2026-04-14 05:45:49,84.9,7.41
2026-04-14 05:45:49,86.4,7.42
2026-04-14 05:45:49,83.37,7.68
2026-04-14 05:45:49,85.23,7.4
2026-04-14 05:45:49,83.37,7.61
2026-04-14 05:45:49,85.22,7.4
2026-04-14 05:45:49,83.36,7.62
2026-04-14 05:45:49,99.19,6.7
2026-04-14 05:45:50,91.22,6.3
2026-04-14 05:45:50,82.51,6.33
2026-04-14 05:45:50,99.65,6.62
2026-04-14 05:45:50,82.51,6.72
2026-04-14 05:45:50,95.37,6.84
2026-04-14 05:45:50,83.51,6.47
2026-04-14 05:45:51,107.92,6.35
2026-04-14 05:45:51,100.55,6.27
2026-04-14 05:45:51,89.56,6.43
2026-04-14 05:45:51,95.66,5.78
2026-04-14 05:45:51,87.18,6.35
2026-04-14 05:45:51,85.84,7.57
2026-04-14 05:45:51,87.27,7.43
2026-04-14 05:45:52,88.71,7.43
2026-04-14 05:45:52,94.2,5.8
2026-04-14 05:45:52,102.24,5.73
2026-04-14 05:45:52,85.32,6.69
2026-04-14 05:45:52,86.61,7.41
2026-04-14 05:45:52,87.86,7.45
2026-04-14 05:45:52,85.41,7.65
2026-04-14 05:45:53,108.4,6.38
2026-04-14 05:45:53,90.94,6.72
2026-04-14 05:45:53,108.76,5.42
2026-04-14 05:45:53,86.97,6.91
2026-04-14 05:45:53,105.11,6.61
2026-04-14 05:45:53,83.29,6.9
2026-04-14 05:45:54,85.61,7.28
2026-04-14 05:45:54,83.76,7.71
2026-04-14 05:45:54,92.83,7.02
2026-04-14 05:45:54,83.4,6.37
2026-04-14 05:45:54,83.37,7.49
2026-04-14 05:45:54,95.25,6.9
2026-04-14 05:45:54,83.08,6.48
2026-04-14 05:45:55,88.52,7.04
2026-04-14 05:45:55,83.57,6.31
2026-04-14 05:45:55,96.24,6.86
2026-04-14 05:45:55,88.1,6.31
2026-04-14 05:45:55,85.2,6.11
2026-04-14 05:45:55,83.57,7.59
2026-04-14 05:45:55,95.27,6.91
2026-04-14 05:45:56,84.9,6.39
2026-04-14 05:45:56,83.96,7.56
2026-04-14 05:45:56,86.55,7.33
2026-04-14 05:45:56,93.17,7.18
2026-04-14 05:45:56,85.58,6.29
2026-04-14 05:45:56,82.45,7.68
2026-04-14 05:45:56,86.93,7.26
2026-04-14 05:45:57,85.16,7.59
2026-04-14 05:45:57,82.71,7.66
2026-04-14 05:45:57,86.78,7.28
2026-04-14 05:45:57,94.57,7.1
2026-04-14 05:45:57,82.35,6.45
2026-04-14 05:45:57,82.77,7.5
2026-04-14 05:45:57,89.26,7.15
2026-04-14 05:45:58,113.42,5.25
2026-04-14 05:45:58,88.91,7.04
2026-04-14 05:45:58,95.46,5.77
2026-04-14 05:45:58,89.52,6.22
2026-04-14 05:45:58,88.45,6.04
2026-04-14 05:45:58,84.79,6.14
2026-04-14 05:45:59,94.01,7.02
2026-04-14 05:45:59,85.55,6.32
2026-04-14 05:45:59,84.0,7.59
2026-04-14 05:45:59,89.28,7.23
2026-04-14 05:45:59,87.47,6.07
2026-04-14 05:45:59,85.57,7.6
2026-04-14 05:45:59,90.61,7.24
2026-04-14 05:46:00,89.98,6.03
2026-04-14 05:46:00,97.89,5.72
2026-04-14 05:46:00,87.2,6.42
2026-04-14 05:46:00,85.22,7.62
2026-04-14 05:46:00,88.41,7.33
2026-04-14 05:46:00,98.7,6.97
2026-04-14 05:46:00,90.33,6.32
2026-04-14 05:46:01,88.31,6.07
2026-04-14 05:46:01,87.77,6.02
2026-04-14 05:46:01,86.88,7.54
2026-04-14 05:46:01,90.37,7.33
2026-04-14 05:46:01,87.28,6.12
2026-04-14 05:46:01,94.57,7.11
2026-04-14 05:46:02,90.63,6.14
2026-04-14 05:46:02,89.72,6.05
2026-04-14 05:46:02,83.13,6.24
2026-04-14 05:46:02,88.64,7.22
2026-04-14 05:46:02,82.95,7.76
2026-04-14 05:46:02,88.41,7.27
2026-04-14 05:46:02,85.12,6.13
2026-04-14 05:46:03,96.67,6.9
2026-04-14 05:46:03,84.43,6.48
2026-04-14 05:46:03,85.47,7.32
2026-04-14 05:46:03,84.29,7.67
2026-04-14 05:46:03,91.88,7.12
2026-04-14 05:46:03,83.58,6.32
2026-04-14 05:46:03,107.52,6.32
2026-04-14 05:46:04,86.9,6.85
2026-04-14 05:46:04,91.43,7.31
2026-04-14 05:46:04,83.73,6.29
2026-04-14 05:46:04,83.85,7.5
2026-04-14 05:46:04,108.24,6.34
2026-04-14 05:46:04,98.63,6.37
2026-04-14 05:46:05,94.29,6.16
2026-04-14 05:46:05,106.2,5.56
2026-04-14 05:46:05,84.23,6.97
2026-04-14 05:46:05,83.36,7.55
2026-04-14 05:46:05,89.27,7.19
2026-04-14 05:46:05,94.75,5.81
2026-04-14 05:46:05,83.74,6.43
2026-04-14 05:46:06,100.95,6.65
2026-04-14 05:46:06,91.74,6.35
2026-04-14 05:46:06,84.13,6.28
2026-04-14 05:46:06,86.32,7.39
2026-04-14 05:46:06,94.52,7.07
2026-04-14 05:46:06,85.04,6.37
2026-04-14 05:46:06,82.6,7.64
2026-04-14 05:46:07,89.53,7.11
2026-04-14 05:46:07,95.32,5.81
2026-04-14 05:46:07,85.54,6.38
2026-04-14 05:46:07,119.23,5.98
2026-04-14 05:46:07,83.35,7.65
2026-04-14 05:46:07,105.88,6.43
2026-04-14 05:46:08,91.48,6.57
2026-04-14 05:46:08,84.19,6.28
2026-04-14 05:46:08,84.59,7.48
2026-04-14 05:46:08,87.75,7.32
2026-04-14 05:46:08,88.05,7.5
2026-04-14 05:46:08,84.32,7.61
2026-04-14 05:46:08,85.21,7.55
2026-04-14 05:46:09,86.61,7.43
2026-04-14 05:46:09,82.73,7.73
2026-04-14 05:46:09,84.49,7.41
2026-04-14 05:46:09,83.06,7.58
2026-04-14 05:46:09,84.32,7.43
2026-04-14 05:46:09,84.69,7.49
2026-04-14 05:46:09,82.76,7.62
2026-04-14 05:46:09,115.5,6.0
2026-04-14 05:46:10,84.88,7.38
2026-04-14 05:46:10,86.78,7.4
2026-04-14 05:46:10,94.73,7.08
2026-04-14 05:46:10,88.09,6.25
2026-04-14 05:46:10,90.36,5.92
2026-04-14 05:46:10,84.07,6.24
2026-04-14 05:46:11,85.65,7.41
2026-04-14 05:46:11,82.79,7.65
2026-04-14 05:46:11,85.82,7.35
2026-04-14 05:46:11,83.31,7.65
2026-04-14 05:46:11,105.99,6.41
2026-04-14 05:46:11,82.74,6.98
2026-04-14 05:46:11,92.29,6.97
2026-04-14 05:46:12,88.26,6.18
2026-04-14 05:46:12,82.84,6.19
2026-04-14 05:46:12,85.48,7.37
2026-04-14 05:46:12,100.69,6.73
2026-04-14 05:46:12,109.77,5.69
2026-04-14 05:46:12,84.08,7.08
2026-04-14 05:46:12,86.34,7.2
2026-04-14 05:46:13,100.84,5.64
2026-04-14 05:46:13,86.4,6.58
2026-04-14 05:46:13,86.59,7.35
2026-04-14 05:46:13,96.09,5.76
2026-04-14 05:46:13,88.66,6.28
2026-04-14 05:46:13,85.85,6.1
2026-04-14 05:46:14,98.61,6.84
2026-04-14 05:46:14,87.9,6.43
2026-04-14 05:46:14,90.24,5.91
2026-04-14 05:46:14,89.59,6.03
2026-04-14 05:46:14,85.86,6.14
2026-04-14 05:46:14,83.6,7.62
2026-04-14 05:46:14,85.29,7.27
2026-04-14 05:46:15,93.08,7.22
2026-04-14 05:46:15,101.2,5.73
2026-04-14 05:46:15,85.08,6.64
2026-04-14 05:46:15,84.7,7.52
2026-04-14 05:46:15,87.54,7.35
2026-04-14 05:46:15,83.11,7.77
2026-04-14 05:46:15,91.25,7.06
2026-04-14 05:46:16,84.76,6.25
2026-04-14 05:46:16,89.33,7.18
2026-04-14 05:46:16,84.25,6.25
2026-04-14 05:46:16,85.33,7.45
2026-04-14 05:46:16,86.75,7.43
2026-04-14 05:46:16,85.88,7.48
2026-04-14 05:46:16,87.92,7.46
2026-04-14 05:46:17,94.78,7.14
2026-04-14 05:46:17,85.97,6.33
2026-04-14 05:46:17,86.1,7.45
2026-04-14 05:46:17,93.74,7.12
2026-04-14 05:46:17,102.91,5.7
2026-04-14 05:46:17,87.5,6.61
2026-04-14 05:46:17,86.76,7.23
2026-04-14 05:46:18,87.7,6.18
2026-04-14 05:46:18,88.61,7.46
2026-04-14 05:46:18,84.27,6.11
2026-04-14 05:46:18,84.06,7.6
2026-04-14 05:46:18,84.25,7.47
2026-04-14 05:46:18,92.07,7.11
2026-04-14 05:46:19,89.19,6.11
2026-04-14 05:46:19,96.9,5.74
2026-04-14 05:46:19,90.39,6.25
2026-04-14 05:46:19,86.9,6.11
2026-04-14 05:46:19,87.38,7.34
2026-04-14 05:46:19,87.21,6.11
2026-04-14 05:46:19,87.18,7.52
2026-04-14 05:46:20,88.38,7.41
2026-04-14 05:46:20,90.35,7.42
2026-04-14 05:46:20,91.77,5.93
2026-04-14 05:46:20,86.32,6.23
2026-04-14 05:46:20,85.34,7.46
2026-04-14 05:46:20,99.89,6.84
2026-04-14 05:46:20,86.21,6.54
2026-04-14 05:46:21,101.39,6.72
2026-04-14 05:46:21,91.59,6.39
2026-04-14 05:46:21,88.1,6.13
2026-04-14 05:46:21,88.34,5.99
2026-04-14 05:46:21,86.1,7.51
2026-04-14 05:46:21,89.17,5.96
2026-04-14 05:46:22,88.6,6.03
2026-04-14 05:46:22,87.84,5.99
2026-04-14 05:46:22,89.77,5.98
2026-04-14 05:46:22,86.48,6.08
2026-04-14 05:46:22,84.41,7.57
2026-04-14 05:46:22,92.69,7.17
2026-04-14 05:46:23,88.85,6.14
2026-04-14 05:46:23,90.35,5.95
2026-04-14 05:46:23,86.57,6.14
2026-04-14 05:46:23,89.01,7.37
2026-04-14 05:46:23,87.31,6.06
2026-04-14 05:46:23,86.99,7.53
2026-04-14 05:46:23,87.04,7.45
2026-04-14 05:46:24,106.59,6.57
2026-04-14 05:46:24,86.8,6.82
2026-04-14 05:46:24,86.01,7.55
2026-04-14 05:46:24,108.36,6.42
2026-04-14 05:46:24,88.54,6.82
2026-04-14 05:46:24,85.76,6.1
2026-04-14 05:46:24,85.47,7.51
2026-04-14 05:46:25,101.42,6.72
2026-04-14 05:46:25,90.67,6.41
2026-04-14 05:46:25,82.93,6.3
2026-04-14 05:46:25,87.77,7.24
2026-04-14 05:46:25,82.65,7.8
2026-04-14 05:46:25,87.44,7.22
2026-04-14 05:46:25,82.76,7.81
2026-04-14 05:46:26,89.78,7.11
2026-04-14 05:46:26,87.04,6.11
2026-04-14 05:46:26,89.87,7.35
2026-04-14 05:46:26,84.15,6.17
2026-04-14 05:46:26,83.89,7.59
2026-04-14 05:46:26,84.36,7.48
2026-04-14 05:46:26,83.04,7.57
2026-04-14 05:46:27,86.14,7.34
2026-04-14 05:46:27,83.13,7.68
2026-04-14 05:46:27,84.41,7.43
2026-04-14 05:46:27,84.41,7.5
2026-04-14 05:46:27,83.42,7.55
2026-04-14 05:46:27,101.34,6.52
2026-04-14 05:46:27,85.61,6.65
2026-04-14 05:46:28,82.71,7.73
2026-04-14 05:46:28,84.09,7.47
2026-04-14 05:46:28,96.65,6.86
2026-04-14 05:46:28,84.8,6.47
2026-04-14 05:46:28,82.9,7.62
2026-04-14 05:46:28,86.44,7.3
2026-04-14 05:46:28,84.24,7.64
2026-04-14 05:46:29,113.31,6.15
2026-04-14 05:46:29,101.4,6.47
2026-04-14 05:46:29,84.81,6.67
2026-04-14 05:46:29,82.9,7.53
2026-04-14 05:46:29,94.79,6.96
2026-04-14 05:46:29,84.26,6.36
2026-04-14 05:46:29,120.48,5.93
2026-04-14 05:46:30,82.88,7.69
2026-04-14 05:46:30,84.63,7.34
2026-04-14 05:46:30,95.77,7.0
2026-04-14 05:46:30,89.2,6.29
2026-04-14 05:46:30,85.17,6.15
2026-04-14 05:46:30,82.98,7.62
2026-04-14 05:46:30,97.44,6.78
2026-04-14 05:46:31,103.84,5.76
2026-04-14 05:46:31,87.77,6.66
2026-04-14 05:46:31,87.26,7.4
2026-04-14 05:46:31,90.38,5.97
2026-04-14 05:46:31,88.42,6.08
2026-04-14 05:46:31,88.81,5.97
2026-04-14 05:46:32,91.22,5.92
2026-04-14 05:46:32,90.04,6.05
2026-04-14 05:46:32,87.26,6.1
2026-04-14 05:46:32,86.22,7.55
2026-04-14 05:46:32,90.96,7.25
2026-04-14 05:46:32,113.39,5.29
2026-04-14 05:46:33,86.17,7.18
2026-04-14 05:46:33,86.72,7.47
2026-04-14 05:46:33,96.12,7.02
2026-04-14 05:46:33,84.84,6.44
2026-04-14 05:46:33,84.44,7.53
2026-04-14 05:46:33,83.69,7.52
2026-04-14 05:46:33,83.18,7.51
2026-04-14 05:46:33,98.88,6.75
2026-04-14 05:46:34,88.44,6.41
2026-04-14 05:46:34,89.9,5.95
2026-04-14 05:46:34,89.51,6.02
2026-04-14 05:46:34,90.47,5.97
2026-04-14 05:46:34,83.25,6.27
2026-04-14 05:46:34,83.3,7.42
2026-04-14 05:46:35,97.33,6.8
2026-04-14 05:46:35,88.94,6.35
2026-04-14 05:46:35,84.78,6.17
2026-04-14 05:46:35,83.14,7.59
2026-04-14 05:46:35,89.49,7.17
2026-04-14 05:46:35,90.71,5.96
2026-04-14 05:46:36,95.46,5.84
2026-04-14 05:46:36,84.1,6.44
2026-04-14 05:46:36,90.62,7.14
2026-04-14 05:46:36,83.33,6.29
2026-04-14 05:46:36,87.52,7.28
2026-04-14 05:46:36,88.17,7.46
2026-04-14 05:46:36,85.56,6.1
2026-04-14 05:46:37,84.64,7.56
2026-04-14 05:46:37,82.7,7.56
2026-04-14 05:46:37,112.07,6.18
2026-04-14 05:46:37,84.68,7.11
2026-04-14 05:46:37,82.5,7.65
2026-04-14 05:46:37,83.37,7.5
2026-04-14 05:46:37,87.16,7.31
2026-04-14 05:46:38,90.4,7.33
2026-04-14 05:46:38,90.86,5.98
2026-04-14 05:46:38,88.93,6.08
2026-04-14 05:46:38,83.68,6.19
2026-04-14 05:46:38,83.58,7.51
2026-04-14 05:46:38,96.69,6.84
2026-04-14 05:46:38,84.31,6.49
2026-04-14 05:46:39,83.54,7.54
2026-04-14 05:46:39,84.39,7.45
2026-04-14 05:46:39,89.27,7.18
2026-04-14 05:46:39,82.29,6.31
2026-04-14 05:46:39,122.78,5.71
2026-04-14 05:46:39,187.48,3.73
2026-04-14 05:46:40,93.01,5.98
2026-04-14 05:46:40,84.1,6.34
2026-04-14 05:46:40,103.0,6.55
2026-04-14 05:46:40,84.94,6.74
2026-04-14 05:46:40,91.26,7.16
2026-04-14 05:46:40,96.96,5.82
2026-04-14 05:46:41,87.55,6.36
2026-04-14 05:46:41,126.49,5.72
2026-04-14 05:46:41,84.01,6.46
2026-04-14 05:46:41,87.05,7.32
2026-04-14 05:46:41,84.45,7.67
2026-04-14 05:46:41,85.49,7.45
2026-04-14 05:46:41,93.83,7.05
2026-04-14 05:46:42,84.88,6.35
2026-04-14 05:46:42,83.62,7.59
2026-04-14 05:46:42,95.86,6.87
2026-04-14 05:46:42,89.03,6.26
2026-04-14 05:46:42,108.47,5.38
2026-04-14 05:46:42,84.28,7.01
2026-04-14 05:46:42,96.11,6.9
2026-04-14 05:46:43,83.72,6.46
2026-04-14 05:46:43,82.91,7.58
2026-04-14 05:46:43,91.58,7.03
2026-04-14 05:46:43,84.36,6.29
2026-04-14 05:46:43,88.86,7.14
2026-04-14 05:46:43,89.39,6.06
2026-04-14 05:46:44,82.95,6.2
2026-04-14 05:46:44,95.85,6.9
2026-04-14 05:46:44,92.01,6.15
2026-04-14 05:46:44,87.47,6.16
2026-04-14 05:46:44,83.51,7.74
2026-04-14 05:46:44,87.39,7.29
2026-04-14 05:46:44,85.41,7.62
2026-04-14 05:46:45,90.94,7.16
2026-04-14 05:46:45,88.06,6.14
2026-04-14 05:46:45,96.63,7.05
2026-04-14 05:46:45,96.44,5.99
2026-04-14 05:46:45,84.9,6.47
2026-04-14 05:46:45,84.26,7.53
2026-04-14 05:46:45,86.87,7.35
2026-04-14 05:46:46,86.78,7.5
2026-04-14 05:46:46,87.37,7.49
2026-04-14 05:46:46,104.99,6.62
2026-04-14 05:46:46,93.1,6.46
2026-04-14 05:46:46,87.76,6.21
2026-04-14 05:46:46,87.27,6.01
2026-04-14 05:46:46,88.68,7.44
2026-04-14 05:46:47,87.47,6.04
2026-04-14 05:46:47,86.6,7.57
2026-04-14 05:46:47,89.22,7.33
2026-04-14 05:46:47,87.51,6.07
2026-04-14 05:46:47,85.03,7.65
2026-04-14 05:46:47,85.56,7.47
2026-04-14 05:46:47,108.2,6.39
2026-04-14 05:46:48,101.21,6.29
2026-04-14 05:46:48,89.25,6.46
2026-04-14 05:46:48,88.18,6.05
2026-04-14 05:46:48,88.65,5.99
2026-04-14 05:46:48,88.37,7.48
2026-04-14 05:46:48,86.9,6.06
2026-04-14 05:46:49,107.2,6.53
2026-04-14 05:46:49,84.35,6.96
2026-04-14 05:46:49,83.7,7.51
2026-04-14 05:46:49,85.34,7.44
2026-04-14 05:46:49,92.54,7.13
2026-04-14 05:46:49,88.01,6.17
2026-04-14 05:46:49,84.08,7.49
2026-04-14 05:46:50,97.27,7.01
2026-04-14 05:46:50,109.44,5.6
2026-04-14 05:46:50,86.89,6.94
2026-04-14 05:46:50,95.19,7.06
2026-04-14 05:46:50,90.49,6.16
2026-04-14 05:46:50,86.66,6.17
2026-04-14 05:46:50,86.2,7.52
2026-04-14 05:46:51,85.66,7.53
2026-04-14 05:46:51,88.02,7.39
2026-04-14 05:46:51,88.87,5.97
2026-04-14 05:46:51,87.68,6.04
2026-04-14 05:46:51,88.52,7.45
2026-04-14 05:46:51,87.45,6.04
2026-04-14 05:46:52,88.61,7.46
2026-04-14 05:46:52,84.63,6.14
2026-04-14 05:46:52,88.65,7.3
2026-04-14 05:46:52,87.82,6.01
2026-04-14 05:46:52,86.1,6.08
2026-04-14 05:46:52,86.29,7.48
2026-04-14 05:46:52,87.25,7.46
2026-04-14 05:46:53,88.74,7.42
2026-04-14 05:46:53,90.31,5.89
2026-04-14 05:46:53,86.64,6.19
2026-04-14 05:46:53,85.98,7.48
2026-04-14 05:46:53,89.8,7.36
2026-04-14 05:46:53,89.85,6.0
2026-04-14 05:46:54,93.19,5.88
2026-04-14 05:46:54,93.98,5.97
2026-04-14 05:46:54,90.45,6.13
2026-04-14 05:46:54,85.39,6.15
2026-04-14 05:46:54,91.21,7.25
2026-04-14 05:46:54,88.0,6.12
2026-04-14 05:46:54,83.82,6.03
2026-04-14 05:46:55,85.76,7.6
2026-04-14 05:46:55,84.29,7.6
2026-04-14 05:46:55,84.1,7.48
2026-04-14 05:46:55,84.29,7.44
2026-04-14 05:46:55,83.81,7.62
2026-04-14 05:46:55,83.58,7.52
2026-04-14 05:46:55,88.08,7.22
2026-04-14 05:46:56,104.62,5.48
2026-04-14 05:46:56,83.77,6.86
2026-04-14 05:46:56,87.99,7.23
2026-04-14 05:46:56,90.21,5.9
2026-04-14 05:46:56,85.25,6.24
2026-04-14 05:46:56,82.11,7.69
2026-04-14 05:46:56,88.37,7.07
2026-04-14 05:46:57,104.94,5.48
2026-04-14 05:46:57,85.08,6.87
2026-04-14 05:46:57,104.04,6.41
2026-04-14 05:46:57,107.81,6.0
2026-04-14 05:46:57,94.0,6.54
2026-04-14 05:46:57,97.77,5.88
2026-04-14 05:46:58,93.54,6.15
2026-04-14 05:46:58,83.21,6.4
2026-04-14 05:46:58,84.12,7.45
2026-04-14 05:46:58,87.19,7.34
2026-04-14 05:46:58,85.29,7.61
2026-04-14 05:46:58,92.24,7.07
2026-04-14 05:46:58,95.28,5.94
2026-04-14 05:46:59,83.37,6.41
2026-04-14 05:46:59,94.64,6.97
2026-04-14 05:46:59,84.63,6.4
2026-04-14 05:46:59,84.15,7.52
2026-04-14 05:46:59,84.53,7.46
2026-04-14 05:46:59,85.1,7.5
2026-04-14 05:46:59,82.98,7.62
2026-04-14 05:47:00,84.87,7.39
2026-04-14 05:47:00,84.17,7.54
2026-04-14 05:47:00,98.51,6.76
2026-04-14 05:47:00,84.21,6.59
2026-04-14 05:47:00,85.32,7.44
2026-04-14 05:47:00,83.43,7.6
2026-04-14 05:47:00,93.97,6.9
2026-04-14 05:47:01,82.98,6.47
2026-04-14 05:47:01,83.32,7.5
2026-04-14 05:47:01,82.84,7.52
2026-04-14 05:47:01,93.5,6.95
2026-04-14 05:47:01,89.19,6.17
2026-04-14 05:47:01,90.59,5.95
2026-04-14 05:47:01,92.63,5.92
2026-04-14 05:47:02,93.33,5.97
2026-04-14 05:47:02,85.19,6.32
2026-04-14 05:47:02,83.1,7.62
2026-04-14 05:47:02,85.81,7.33
2026-04-14 05:47:02,82.97,7.69
2026-04-14 05:47:02,85.47,7.37
2026-04-14 05:47:02,83.0,7.64
2026-04-14 05:47:03,86.12,7.33
2026-04-14 05:47:03,82.17,7.73
2026-04-14 05:47:03,85.83,7.23
2026-04-14 05:47:03,83.18,7.73
2026-04-14 05:47:03,86.04,7.35
2026-04-14 05:47:03,82.04,7.74
2026-04-14 05:47:03,83.94,7.38
2026-04-14 05:47:04,88.29,7.28
2026-04-14 05:47:04,84.13,6.16
2026-04-14 05:47:04,82.82,7.56
2026-04-14 05:47:04,93.81,6.93
2026-04-14 05:47:04,84.73,6.36
2026-04-14 05:47:04,82.76,7.61
2026-04-14 05:47:04,88.9,7.17
2026-04-14 05:47:05,88.6,5.92
2026-04-14 05:47:05,85.6,6.22
2026-04-14 05:47:05,85.77,7.44
2026-04-14 05:47:05,85.4,7.58
2026-04-14 05:47:05,83.05,7.55
2026-04-14 05:47:05,100.1,6.7
2026-04-14 05:47:05,83.94,6.67
2026-04-14 05:47:06,82.59,7.57
2026-04-14 05:47:06,88.06,7.22
2026-04-14 05:47:06,85.59,7.64
2026-04-14 05:47:06,85.05,7.53
2026-04-14 05:47:06,91.66,7.1
2026-04-14 05:47:06,84.68,6.27
2026-04-14 05:47:06,83.32,7.63
2026-04-14 05:47:07,84.9,7.43
2026-04-14 05:47:07,83.52,7.58
2026-04-14 05:47:07,84.34,7.45
2026-04-14 05:47:07,85.41,7.44
2026-04-14 05:47:07,100.53,6.74
2026-04-14 05:47:07,84.39,6.65
2026-04-14 05:47:07,87.68,7.28
2026-04-14 05:47:08,86.63,7.57
2026-04-14 05:47:08,90.42,7.33
2026-04-14 05:47:08,84.41,6.23
2026-04-14 05:47:08,84.2,7.51
2026-04-14 05:47:08,86.63,7.37
2026-04-14 05:47:08,94.13,7.1
2026-04-14 05:47:08,97.41,5.89
2026-04-14 05:47:09,86.18,6.44
2026-04-14 05:47:09,90.06,7.28
2026-04-14 05:47:09,93.31,5.89
2026-04-14 05:47:09,109.58,5.47
2026-04-14 05:47:09,89.55,6.82
2026-04-14 05:47:09,86.36,6.12
2026-04-14 05:47:09,86.0,7.47
2026-04-14 05:47:10,93.71,7.15
2026-04-14 05:47:10,95.82,5.92
2026-04-14 05:47:10,92.49,6.1
2026-04-14 05:47:10,107.85,5.52
2026-04-14 05:47:10,85.47,6.94
2026-04-14 05:47:10,83.52,7.51
2026-04-14 05:47:11,85.11,7.51
2026-04-14 05:47:11,83.09,7.62
2026-04-14 05:47:11,83.92,7.45
2026-04-14 05:47:11,89.17,7.22
2026-04-14 05:47:11,83.68,6.2
2026-04-14 05:47:11,84.34,7.47
2026-04-14 05:47:11,93.11,7.04
2026-04-14 05:47:12,84.66,6.32
2026-04-14 05:47:12,83.83,7.56
2026-04-14 05:47:12,82.47,7.57
2026-04-14 05:47:12,83.22,7.45
2026-04-14 05:47:12,84.52,7.45
2026-04-14 05:47:12,84.18,7.47
2026-04-14 05:47:12,89.26,7.28
2026-04-14 05:47:13,83.16,6.22
2026-04-14 05:47:13,86.11,7.36
2026-04-14 05:47:13,87.28,7.44
2026-04-14 05:47:13,84.28,7.68
2026-04-14 05:47:13,91.12,7.07
2026-04-14 05:47:13,92.99,5.92
2026-04-14 05:47:13,92.18,6.1
2026-04-14 05:47:14,87.61,6.17
2026-04-14 05:47:14,95.62,5.73
2026-04-14 05:47:14,87.38,6.31
2026-04-14 05:47:14,85.23,7.61
2026-04-14 05:47:14,95.37,6.99
2026-04-14 05:47:14,103.11,5.74
2026-04-14 05:47:14,83.13,6.81
2026-04-14 05:47:15,90.92,7.08
2026-04-14 05:47:15,88.56,6.1
2026-04-14 05:47:15,86.35,6.09
2026-04-14 05:47:15,84.84,7.56
2026-04-14 05:47:15,85.01,7.52
2026-04-14 05:47:15,86.03,7.45
2026-04-14 05:47:15,82.26,7.72
2026-04-14 05:47:16,85.81,7.29
2026-04-14 05:47:16,83.57,7.63
2026-04-14 05:47:16,85.4,7.41
2026-04-14 05:47:16,82.72,7.66
2026-04-14 05:47:16,107.15,6.29
2026-04-14 05:47:16,87.26,6.87
2026-04-14 05:47:16,108.19,6.48
2026-04-14 05:47:17,96.21,6.46
2026-04-14 05:47:17,85.65,6.36
2026-04-14 05:47:17,82.88,7.74
2026-04-14 05:47:17,87.32,7.26
2026-04-14 05:47:17,89.18,5.94
2026-04-14 05:47:17,89.27,6.0
2026-04-14 05:47:18,97.87,5.7
2026-04-14 05:47:18,91.08,6.27
2026-04-14 05:47:18,83.7,6.28
2026-04-14 05:47:18,98.21,6.77
2026-04-14 05:47:18,82.96,6.6
2026-04-14 05:47:18,82.96,7.5
2026-04-14 05:47:18,86.31,7.33
2026-04-14 05:47:19,105.11,5.39
2026-04-14 05:47:19,86.0,6.79
2026-04-14 05:47:19,83.3,7.66
2026-04-14 05:47:19,97.22,6.79
2026-04-14 05:47:19,83.82,6.53
2026-04-14 05:47:19,84.27,7.43
2026-04-14 05:47:19,91.25,7.16
2026-04-14 05:47:20,89.63,6.06
2026-04-14 05:47:20,91.7,5.93
2026-04-14 05:47:20,85.49,6.24
2026-04-14 05:47:20,92.77,7.08
2026-04-14 05:47:20,83.59,6.36
2026-04-14 05:47:20,88.2,7.26
2026-04-14 05:47:21,82.77,7.83
2026-04-14 05:47:21,89.49,7.11
2026-04-14 05:47:21,87.87,6.08
2026-04-14 05:47:21,85.44,7.64
2026-04-14 05:47:21,84.3,7.59
2026-04-14 05:47:21,85.11,7.46
2026-04-14 05:47:21,87.76,7.36
2026-04-14 05:47:22,85.69,7.63
2026-04-14 05:47:22,83.84,7.57
2026-04-14 05:47:22,83.94,7.53
2026-04-14 05:47:22,100.33,6.53
2026-04-14 05:47:22,86.46,6.7
2026-04-14 05:47:22,83.92,7.64
2026-04-14 05:47:22,88.91,7.22
2026-04-14 05:47:23,101.69,5.59
2026-04-14 05:47:23,94.26,6.27
2026-04-14 05:47:23,88.71,6.21
2026-04-14 05:47:23,86.11,6.11
2026-04-14 05:47:23,88.6,7.36
2026-04-14 05:47:23,109.14,5.34
2026-04-14 05:47:23,83.99,7.08
2026-04-14 05:47:24,111.28,6.23
2026-04-14 05:47:24,104.57,6.25
2026-04-14 05:47:24,85.22,6.8
2026-04-14 05:47:24,82.78,7.53
2026-04-14 05:47:24,85.09,7.46
2026-04-14 05:47:24,103.54,6.6
2026-04-14 05:47:25,116.73,5.57
2026-04-14 05:47:25,85.42,7.35
2026-04-14 05:47:25,93.05,7.13
2026-04-14 05:47:25,87.81,6.19
2026-04-14 05:47:25,88.73,5.98
2026-04-14 05:47:25,86.16,6.1
2026-04-14 05:47:25,87.9,7.39
2026-04-14 05:47:26,91.68,5.87
2026-04-14 05:47:26,91.73,6.0
2026-04-14 05:47:26,83.77,6.31
2026-04-14 05:47:26,87.05,7.32
2026-04-14 05:47:26,89.88,7.35
2026-04-14 05:47:26,102.14,5.59
2026-04-14 05:47:27,88.62,6.53
2026-04-14 05:47:27,86.49,6.08
2026-04-14 05:47:27,101.05,6.76
2026-04-14 05:47:27,95.94,6.2
2026-04-14 05:47:27,92.34,6.12
2026-04-14 05:47:27,99.17,5.78
2026-04-14 05:47:28,92.94,6.23
2026-04-14 05:47:28,89.14,6.15
2026-04-14 05:47:28,105.54,5.44
2026-04-14 05:47:28,87.38,6.78
2026-04-14 05:47:28,88.3,7.45
2026-04-14 05:47:28,86.15,6.02
2026-04-14 05:47:28,83.26,7.77
2026-04-14 05:47:29,96.84,6.82
2026-04-14 05:47:29,83.79,6.51
2026-04-14 05:47:29,84.61,7.46
2026-04-14 05:47:29,84.95,7.48
2026-04-14 05:47:29,87.74,7.35
2026-04-14 05:47:29,81.83,7.85
2026-04-14 05:47:29,84.81,7.34
2026-04-14 05:47:30,82.99,7.56
2026-04-14 05:47:30,85.58,7.4
2026-04-14 05:47:30,83.9,7.61
2026-04-14 05:47:30,83.37,7.53
2026-04-14 05:47:30,88.06,7.25
2026-04-14 05:47:30,85.25,7.66
2026-04-14 05:47:30,91.17,7.19
2026-04-14 05:47:31,83.36,6.3
2026-04-14 05:47:31,89.71,7.15
2026-04-14 05:47:31,85.27,6.11
2026-04-14 05:47:31,91.61,7.15
2026-04-14 05:47:31,99.86,5.78
2026-04-14 05:47:31,90.11,6.33
2026-04-14 05:47:31,104.74,5.55
2026-04-14 05:47:32,85.44,6.79
2026-04-14 05:47:32,89.48,7.3
2026-04-14 05:47:32,88.11,6.05
2026-04-14 05:47:32,82.29,7.84
2026-04-14 05:47:32,90.04,6.97
2026-04-14 05:47:32,83.54,6.3
2026-04-14 05:47:32,83.13,7.59
2026-04-14 05:47:33,87.26,7.28
2026-04-14 05:47:33,82.48,7.72
2026-04-14 05:47:33,85.15,7.4
2026-04-14 05:47:33,85.19,7.51
2026-04-14 05:47:33,88.49,7.32
2026-04-14 05:47:33,84.33,6.16
2026-04-14 05:47:33,84.96,7.46
2026-04-14 05:47:34,86.32,7.44
2026-04-14 05:47:34,100.55,6.73
2026-04-14 05:47:34,85.48,6.64
2026-04-14 05:47:34,86.37,7.46
2026-04-14 05:47:34,85.21,7.57
2026-04-14 05:47:34,83.83,7.58
2026-04-14 05:47:34,84.14,7.48
2026-04-14 05:47:35,87.18,7.34
2026-04-14 05:47:35,83.96,7.68
2026-04-14 05:47:35,86.31,7.37
2026-04-14 05:47:35,89.08,7.35
2026-04-14 05:47:35,84.77,6.17
2026-04-14 05:47:35,88.38,7.3
2026-04-14 05:47:35,89.41,5.97
2026-04-14 05:47:36,96.71,5.75
2026-04-14 05:47:36,93.37,6.13
2026-04-14 05:47:36,95.14,5.94
2026-04-14 05:47:36,85.51,6.38
2026-04-14 05:47:36,83.55,7.6
2026-04-14 05:47:36,97.72,6.8
2026-04-14 05:47:37,98.03,5.98
2026-04-14 05:47:37,95.5,6.11
2026-04-14 05:47:37,83.46,6.45
2026-04-14 05:47:37,89.26,7.2
2026-04-14 05:47:37,95.44,5.8
2026-04-14 05:47:37,102.66,5.75
2026-04-14 05:47:37,92.06,6.41
2026-04-14 05:47:38,83.89,6.31
2026-04-14 05:47:38,83.87,7.48
2026-04-14 05:47:38,96.73,6.86
2026-04-14 05:47:38,91.24,6.21
2026-04-14 05:47:38,85.02,6.24
2026-04-14 05:47:38,92.42,7.11
2026-04-14 05:47:39,90.05,6.08
2026-04-14 05:47:39,84.1,6.23
2026-04-14 05:47:39,86.69,7.35
2026-04-14 05:47:39,86.86,7.5
2026-04-14 05:47:39,82.85,7.73
2026-04-14 05:47:39,106.99,6.36
2026-04-14 05:47:39,86.47,6.85
2026-04-14 05:47:40,90.03,7.3
2026-04-14 05:47:40,92.15,5.92
2026-04-14 05:47:40,87.48,6.18
2026-04-14 05:47:40,85.89,7.6
2026-04-14 05:47:40,88.83,7.34
2026-04-14 05:47:40,86.08,6.1
2026-04-14 05:47:40,82.68,7.69
2026-04-14 05:47:41,118.28,5.91
2026-04-14 05:47:41,183.9,3.73
2026-04-14 05:47:41,95.32,7.07
2026-04-14 05:47:41,94.25,6.03
2026-04-14 05:47:41,96.22,5.94
2026-04-14 05:47:42,86.54,6.36
2026-04-14 05:47:42,120.03,6.01
2026-04-14 05:47:42,86.63,7.51
2026-04-14 05:47:42,90.21,7.19
2026-04-14 05:47:42,87.21,6.19
2026-04-14 05:47:42,85.04,7.63
2026-04-14 05:47:42,84.92,7.49
2026-04-14 05:47:43,86.49,7.41
2026-04-14 05:47:43,86.72,7.5
2026-04-14 05:47:43,86.69,7.52
2026-04-14 05:47:43,85.04,7.59
2026-04-14 05:47:43,101.76,6.66
2026-04-14 05:47:43,88.65,6.52
2026-04-14 05:47:43,88.26,6.02
2026-04-14 05:47:44,100.41,5.59
2026-04-14 05:47:44,88.3,6.48
2026-04-14 05:47:44,89.03,5.97
2026-04-14 05:47:44,92.37,5.89
2026-04-14 05:47:44,85.56,6.21
2026-04-14 05:47:44,85.47,7.58
2026-04-14 05:47:44,92.74,7.1
2026-04-14 05:47:45,93.14,6.0
2026-04-14 05:47:45,86.47,6.25
2026-04-14 05:47:45,86.74,7.48
2026-04-14 05:47:45,91.34,7.26
2026-04-14 05:47:45,89.6,6.07
2026-04-14 05:47:45,86.96,6.1
2026-04-14 05:47:46,88.16,7.43
2026-04-14 05:47:46,106.55,5.37
2026-04-14 05:47:46,86.7,6.87
2026-04-14 05:47:46,89.57,7.34
2026-04-14 05:47:46,102.16,5.54
2026-04-14 05:47:46,87.86,6.63
2026-04-14 05:47:46,84.72,7.66
2026-04-14 05:47:47,126.97,5.71
2026-04-14 05:47:47,108.71,5.5
2026-04-14 05:47:47,94.28,6.56
2026-04-14 05:47:47,91.61,6.11
2026-04-14 05:47:47,101.62,5.67
2026-04-14 05:47:47,99.08,6.1
2026-04-14 05:47:48,86.44,6.5
2026-04-14 05:47:48,96.12,6.98
2026-04-14 05:47:48,106.05,5.68
2026-04-14 05:47:48,106.59,5.98
2026-04-14 05:47:48,84.71,6.9
2026-04-14 05:47:48,84.83,7.46
2026-04-14 05:47:49,88.6,7.34
2026-04-14 05:47:49,83.03,6.21
2026-04-14 05:47:49,84.48,7.43
2026-04-14 05:47:49,89.55,7.22
2026-04-14 05:47:49,116.83,5.16
2026-04-14 05:47:49,94.76,6.92
2026-04-14 05:47:49,93.87,6.03
2026-04-14 05:47:50,102.07,5.7
2026-04-14 05:47:50,113.06,5.65
2026-04-14 05:47:50,98.38,6.59
2026-04-14 05:47:50,109.84,5.61
2026-04-14 05:47:50,85.43,7.04
2026-04-14 05:47:50,100.33,6.74
2026-04-14 05:47:51,88.89,6.45
2026-04-14 05:47:51,104.55,5.48
2026-04-14 05:47:51,88.82,6.63
2026-04-14 05:47:51,85.2,6.13
2026-04-14 05:47:51,90.42,7.11
2026-04-14 05:47:51,93.69,5.92
2026-04-14 05:47:52,85.08,6.34
2026-04-14 05:47:52,82.59,7.53
2026-04-14 05:47:52,91.41,7.13
2026-04-14 05:47:52,85.26,6.28
2026-04-14 05:47:52,82.67,7.66
2026-04-14 05:47:52,83.9,7.34
2026-04-14 05:47:52,83.5,7.62
2026-04-14 05:47:53,106.48,6.4
2026-04-14 05:47:53,84.23,6.93
2026-04-14 05:47:53,88.26,7.23
2026-04-14 05:47:53,83.05,6.23
2026-04-14 05:47:53,84.25,7.45
2026-04-14 05:47:53,100.53,6.61
2026-04-14 05:47:53,84.63,6.65
2026-04-14 05:47:54,82.02,7.72
2026-04-14 05:47:54,90.02,7.01
2026-04-14 05:47:54,82.8,6.27
2026-04-14 05:47:54,118.43,5.97
2026-04-14 05:47:54,133.97,5.39
2026-04-14 05:47:54,95.93,6.27
2026-04-14 05:47:55,91.19,6.21
2026-04-14 05:47:55,95.07,5.83
2026-04-14 05:47:55,84.83,6.45
2026-04-14 05:47:55,84.39,7.42
2026-04-14 05:47:55,91.1,7.23
2026-04-14 05:47:55,84.27,6.22
2026-04-14 05:47:55,85.26,7.51
2026-04-14 05:47:56,84.68,7.44
2026-04-14 05:47:56,83.94,7.65
2026-04-14 05:47:56,87.72,7.28
2026-04-14 05:47:56,87.51,6.02
2026-04-14 05:47:56,88.7,7.44
2026-04-14 05:47:56,89.89,5.95
2026-04-14 05:47:56,85.64,6.17
2026-04-14 05:47:57,101.34,6.71
2026-04-14 05:47:57,84.03,6.7
2026-04-14 05:47:57,98.3,6.75
2026-04-14 05:47:57,85.07,6.52
2026-04-14 05:47:57,84.65,7.56
2026-04-14 05:47:57,91.38,7.14
2026-04-14 05:47:58,122.83,5.05
2026-04-14 05:47:58,88.78,6.03
2026-04-14 05:47:58,88.61,6.01
2026-04-14 05:47:58,94.41,5.75
2026-04-14 05:47:58,98.64,5.89
2026-04-14 05:47:58,106.21,5.76
2026-04-14 05:47:59,84.89,6.89
2026-04-14 05:47:59,88.86,7.28
2026-04-14 05:47:59,97.3,7.0
2026-04-14 05:47:59,83.36,6.58
2026-04-14 05:47:59,84.88,7.44
2026-04-14 05:47:59,99.48,6.71
2026-04-14 05:47:59,86.97,6.49
2026-04-14 05:48:00,86.75,6.0
2026-04-14 05:48:00,84.03,7.74
2026-04-14 05:48:00,86.57,7.36
2026-04-14 05:48:00,86.2,7.53
2026-04-14 05:48:00,87.6,7.42
2026-04-14 05:48:00,84.25,7.7
2026-04-14 05:48:00,86.35,7.39
2026-04-14 05:48:00,86.94,7.47
2026-04-14 05:48:01,111.48,6.27
2026-04-14 05:48:01,84.33,7.18
2026-04-14 05:48:01,82.97,7.59
2026-04-14 05:48:01,82.49,7.57
2026-04-14 05:48:01,89.91,7.07
2026-04-14 05:48:01,89.8,6.03
2026-04-14 05:48:02,82.55,6.24
2026-04-14 05:48:02,97.67,6.8
2026-04-14 05:48:02,85.36,6.48
2026-04-14 05:48:02,88.69,7.31
2026-04-14 05:48:02,94.04,5.76
2026-04-14 05:48:02,83.99,6.34
2026-04-14 05:48:02,94.67,7.09
2026-04-14 05:48:03,112.59,5.42
2026-04-14 05:48:03,104.34,6.31
2026-04-14 05:48:03,84.26,6.83
2026-04-14 05:48:03,91.07,7.13
2026-04-14 05:48:03,94.71,5.88
2026-04-14 05:48:03,97.34,5.86
2026-04-14 05:48:04,83.6,6.61
2026-04-14 05:48:04,93.16,6.97
2026-04-14 05:48:04,102.74,5.66
2026-04-14 05:48:04,85.79,6.74
2026-04-14 05:48:04,83.89,7.52
2026-04-14 05:48:04,84.65,7.55
2026-04-14 05:48:04,83.89,7.54
2026-04-14 05:48:05,86.25,7.37
2026-04-14 05:48:05,84.08,7.59
2026-04-14 05:48:05,90.24,7.19
2026-04-14 05:48:05,95.55,5.83
2026-04-14 05:48:05,88.14,6.28
2026-04-14 05:48:05,85.31,6.11
2026-04-14 05:48:05,90.06,7.25
2026-04-14 05:48:06,94.05,5.85
2026-04-14 05:48:06,103.74,5.68
2026-04-14 05:48:06,85.08,6.75
2026-04-14 05:48:06,83.37,7.61
2026-04-14 05:48:06,101.19,6.62
2026-04-14 05:48:06,89.56,6.46
2026-04-14 05:48:07,88.74,6.03
2026-04-14 05:48:07,87.59,6.04
2026-04-14 05:48:07,83.2,7.77
2026-04-14 05:48:07,90.41,7.1
2026-04-14 05:48:07,85.89,6.18
2026-04-14 05:48:07,84.88,7.49
2026-04-14 05:48:07,86.14,7.51
2026-04-14 05:48:08,88.84,7.35
2026-04-14 05:48:08,90.67,5.94
2026-04-14 05:48:08,109.72,5.39
2026-04-14 05:48:08,88.42,6.88
2026-04-14 05:48:08,86.55,6.04
2026-04-14 05:48:08,95.38,7.08
2026-04-14 05:48:09,108.41,5.56
2026-04-14 05:48:09,92.45,6.65
2026-04-14 05:48:09,99.44,5.71
2026-04-14 05:48:09,82.23,6.76
2026-04-14 05:48:09,84.71,7.33
2026-04-14 05:48:09,82.79,7.66
2026-04-14 05:48:09,95.27,6.86
2026-04-14 05:48:10,89.35,6.23
2026-04-14 05:48:10,89.16,5.99
2026-04-14 05:48:10,84.1,6.21
2026-04-14 05:48:10,83.72,7.52
2026-04-14 05:48:10,86.78,7.33
2026-04-14 05:48:10,82.69,7.75
2026-04-14 05:48:10,84.84,7.33
2026-04-14 05:48:11,84.06,7.61
2026-04-14 05:48:11,97.45,6.81
2026-04-14 05:48:11,84.19,6.49
2026-04-14 05:48:11,94.34,7.01
2026-04-14 05:48:11,97.12,5.91
2026-04-14 05:48:11,83.3,6.54
2026-04-14 05:48:12,107.3,6.34
2026-04-14 05:48:12,83.89,7.0
2026-04-14 05:48:12,85.98,7.38
2026-04-14 05:48:12,84.22,7.61
2026-04-14 05:48:12,86.52,7.36
2026-04-14 05:48:12,83.06,7.73
2026-04-14 05:48:12,91.85,7.04
2026-04-14 05:48:12,84.67,6.25
2026-04-14 05:48:13,92.65,7.1
2026-04-14 05:48:13,85.21,6.29
2026-04-14 05:48:13,83.32,7.6
2026-04-14 05:48:13,83.06,7.51
2026-04-14 05:48:13,83.51,7.41
2026-04-14 05:48:13,88.57,7.29
2026-04-14 05:48:13,89.01,6.0
2026-04-14 05:48:14,104.92,5.48
2026-04-14 05:48:14,84.51,6.84
2026-04-14 05:48:14,98.84,6.78
2026-04-14 05:48:14,90.42,6.27
2026-04-14 05:48:14,126.33,4.97
2026-04-14 05:48:14,85.17,6.29
2026-04-14 05:48:15,91.12,7.2
2026-04-14 05:48:15,87.24,6.15
2026-04-14 05:48:15,83.29,6.15
2026-04-14 05:48:15,84.51,7.43
2026-04-14 05:48:15,84.88,7.49
2026-04-14 05:48:15,86.57,7.41
2026-04-14 05:48:15,84.78,7.61
2026-04-14 05:48:16,95.36,6.88
2026-04-14 05:48:16,91.14,6.22
2026-04-14 05:48:16,83.45,6.24
2026-04-14 05:48:16,86.3,7.42
2026-04-14 05:48:16,85.64,7.54
2026-04-14 05:48:16,106.43,6.5
2026-04-14 05:48:17,106.81,5.99
2026-04-14 05:48:17,105.25,6.06
2026-04-14 05:48:17,99.39,6.22
2026-04-14 05:48:17,97.16,6.08
2026-04-14 05:48:17,121.2,5.25
2026-04-14 05:48:17,81.37,7.89
2026-04-14 05:48:17,89.8,7.04
2026-04-14 05:48:18,87.04,6.12
2026-04-14 05:48:18,83.25,7.73
2026-04-14 05:48:18,84.04,7.38
2026-04-14 05:48:18,85.58,7.49
2026-04-14 05:48:18,83.19,7.64
2026-04-14 05:48:18,83.58,7.48
2026-04-14 05:48:18,83.62,7.45
2026-04-14 05:48:19,84.95,7.48
2026-04-14 05:48:19,85.89,7.46
2026-04-14 05:48:19,82.08,7.72
2026-04-14 05:48:19,87.74,7.2
2026-04-14 05:48:19,85.62,7.63
2026-04-14 05:48:19,95.23,6.99
2026-04-14 05:48:19,86.1,6.36
2026-04-14 05:48:20,91.79,7.17
2026-04-14 05:48:20,82.57,6.28
2026-04-14 05:48:20,84.24,7.54
2026-04-14 05:48:20,84.76,7.48
2026-04-14 05:48:20,94.16,7.01
2026-04-14 05:48:20,89.51,6.17
2026-04-14 05:48:20,83.98,6.21
2026-04-14 05:48:21,82.68,7.58
2026-04-14 05:48:21,83.16,7.24
2026-04-14 05:48:21,82.75,7.77
2026-04-14 05:48:21,85.57,7.35
2026-04-14 05:48:21,82.88,7.67
2026-04-14 05:48:21,84.74,7.38
2026-04-14 05:48:21,83.58,7.58
2026-04-14 05:48:22,85.0,7.42
2026-04-14 05:48:22,85.62,7.47
2026-04-14 05:48:22,84.22,7.6
2026-04-14 05:48:22,84.78,7.46
2026-04-14 05:48:22,91.04,7.14
2026-04-14 05:48:22,90.89,6.04
2026-04-14 05:48:22,100.12,5.69
2026-04-14 05:48:23,84.93,6.52
2026-04-14 05:48:23,92.83,7.17
2026-04-14 05:48:23,97.98,5.84
2026-04-14 05:48:23,84.17,6.54
2026-04-14 05:48:23,83.41,7.54
2026-04-14 05:48:23,89.22,7.19
2026-04-14 05:48:23,117.62,5.13
2026-04-14 05:48:24,87.31,7.34
2026-04-14 05:48:24,91.84,5.84
2026-04-14 05:48:24,85.86,6.21
2026-04-14 05:48:24,86.07,7.52
2026-04-14 05:48:24,85.51,7.44
2026-04-14 05:48:24,82.89,7.76
2026-04-14 05:48:24,84.47,7.13
2026-04-14 05:48:25,83.31,6.25
2026-04-14 05:48:25,83.73,7.49
2026-04-14 05:48:25,86.43,7.36
2026-04-14 05:48:25,91.0,7.26
2026-04-14 05:48:25,98.41,5.74
2026-04-14 05:48:25,96.56,6.07
2026-04-14 05:48:26,88.1,6.31
2026-04-14 05:48:26,85.35,5.98
2026-04-14 05:48:26,86.14,6.12
2026-04-14 05:48:26,82.61,7.71
2026-04-14 05:48:26,85.25,7.25
2026-04-14 05:48:26,83.1,7.74
2026-04-14 05:48:26,87.3,7.27
2026-04-14 05:48:27,82.85,7.75
2026-04-14 05:48:27,86.95,7.3
2026-04-14 05:48:27,83.36,7.68
2026-04-14 05:48:27,85.85,7.37
2026-04-14 05:48:27,94.22,7.08
2026-04-14 05:48:27,88.26,6.23
2026-04-14 05:48:27,88.01,6.01
2026-04-14 05:48:28,85.5,7.64
2026-04-14 05:48:28,84.9,7.55
2026-04-14 05:48:28,84.3,7.52
2026-04-14 05:48:28,92.22,7.09
2026-04-14 05:48:28,85.91,6.25
2026-04-14 05:48:28,84.5,7.58
2026-04-14 05:48:28,86.22,7.41
2026-04-14 05:48:29,83.64,7.59
2026-04-14 05:48:29,93.9,7.01
2026-04-14 05:48:29,84.68,6.36
2026-04-14 05:48:29,83.9,7.52
2026-04-14 05:48:29,85.91,7.41
2026-04-14 05:48:29,83.58,7.65
2026-04-14 05:48:29,93.41,6.97
2026-04-14 05:48:30,91.31,6.09
2026-04-14 05:48:30,86.1,6.2
2026-04-14 05:48:30,105.0,6.57
2026-04-14 05:48:30,86.89,6.71
2026-04-14 05:48:30,84.76,7.66
2026-04-14 05:48:30,107.92,6.39
2026-04-14 05:48:30,89.7,6.75
2026-04-14 05:48:31,83.08,6.25
2026-04-14 05:48:31,90.36,7.1
2026-04-14 05:48:31,84.97,6.21
2026-04-14 05:48:31,83.18,7.6
2026-04-14 05:48:31,83.71,7.46
2026-04-14 05:48:31,84.87,7.45
2026-04-14 05:48:31,85.21,7.46
2026-04-14 05:48:32,84.28,7.51
2026-04-14 05:48:32,83.41,7.63
2026-04-14 05:48:32,94.06,6.91
2026-04-14 05:48:32,86.6,6.31
2026-04-14 05:48:32,86.72,7.5
2026-04-14 05:48:32,88.88,7.39
2026-04-14 05:48:32,91.32,5.91
2026-04-14 05:48:33,92.99,5.94
2026-04-14 05:48:33,84.81,6.31
2026-04-14 05:48:33,86.23,7.43
2026-04-14 05:48:33,93.68,7.09
2026-04-14 05:48:33,87.38,6.25
2026-04-14 05:48:33,83.28,7.68
2026-04-14 05:48:33,84.66,7.49
2026-04-14 05:48:34,83.92,7.54
2026-04-14 05:48:34,89.09,7.23
2026-04-14 05:48:34,98.32,5.68
2026-04-14 05:48:34,82.32,6.6
2026-04-14 05:48:34,91.78,7.06
2026-04-14 05:48:34,83.39,6.32
2026-04-14 05:48:34,95.3,6.89
2026-04-14 05:48:35,90.49,6.17
2026-04-14 05:48:35,85.05,6.21
2026-04-14 05:48:35,82.94,7.62
2026-04-14 05:48:35,82.76,7.52
2026-04-14 05:48:35,85.2,7.37
2026-04-14 05:48:35,83.27,7.55
2026-04-14 05:48:35,101.3,6.64
2026-04-14 05:48:36,89.88,6.45
2026-04-14 05:48:36,100.88,5.63
2026-04-14 05:48:36,84.65,6.67
2026-04-14 05:48:36,84.71,7.44
2026-04-14 05:48:36,97.43,6.89
2026-04-14 05:48:36,85.01,6.49
2026-04-14 05:48:37,83.65,7.58
2026-04-14 05:48:37,96.15,6.86
2026-04-14 05:48:37,84.69,6.45
2026-04-14 05:48:37,83.09,7.59
2026-04-14 05:48:37,86.36,7.31
2026-04-14 05:48:37,96.05,7.01
2026-04-14 05:48:37,85.39,6.41
2026-04-14 05:48:38,83.13,7.62
2026-04-14 05:48:38,87.39,7.29
2026-04-14 05:48:38,93.3,7.12
2026-04-14 05:48:38,108.22,5.55
2026-04-14 05:48:38,85.09,6.97
2026-04-14 05:48:38,85.39,7.47
2026-04-14 05:48:38,85.02,7.46
2026-04-14 05:48:39,86.76,7.48
2026-04-14 05:48:39,95.5,7.06
2026-04-14 05:48:39,84.72,6.42
2026-04-14 05:48:39,83.6,7.52
2026-04-14 05:48:39,91.08,7.09
2026-04-14 05:48:39,85.07,6.26
2026-04-14 05:48:39,83.75,7.58
2026-04-14 05:48:40,105.62,6.45
2026-04-14 05:48:40,95.86,6.37
2026-04-14 05:48:40,239.46,3.15
2026-04-14 05:48:40,105.25,6.33
2026-04-14 05:48:40,88.27,6.67
2026-04-14 05:48:41,90.57,5.93
2026-04-14 05:48:41,106.1,5.49
2026-04-14 05:48:41,87.2,6.77
2026-04-14 05:48:41,83.08,7.6
2026-04-14 05:48:41,83.06,7.65
2026-04-14 05:48:41,85.62,7.36
2026-04-14 05:48:41,83.19,7.63
2026-04-14 05:48:42,109.89,6.25
2026-04-14 05:48:42,87.74,6.93
2026-04-14 05:48:42,97.93,6.94
2026-04-14 05:48:42,85.13,6.48
2026-04-14 05:48:42,84.29,7.62
2026-04-14 05:48:42,85.15,7.34
2026-04-14 05:48:42,83.38,7.73
2026-04-14 05:48:43,86.08,7.35
2026-04-14 05:48:43,82.88,7.7
2026-04-14 05:48:43,85.95,7.33
2026-04-14 05:48:43,84.72,7.57
2026-04-14 05:48:43,96.63,6.88
2026-04-14 05:48:43,86.0,6.42
2026-04-14 05:48:43,84.44,7.59
2026-04-14 05:48:43,85.32,7.46
2026-04-14 05:48:44,93.28,7.07
2026-04-14 05:48:44,86.26,6.27
2026-04-14 05:48:44,83.56,7.65
2026-04-14 05:48:44,95.6,6.89
2026-04-14 05:48:44,104.24,5.69
2026-04-14 05:48:44,88.2,6.67
2026-04-14 05:48:45,87.95,6.01
2026-04-14 05:48:45,95.4,6.97
2026-04-14 05:48:45,87.49,6.37
2026-04-14 05:48:45,86.87,6.07
2026-04-14 05:48:45,94.46,7.02
2026-04-14 05:48:45,87.89,6.31
2026-04-14 05:48:45,87.85,7.44
2026-04-14 05:48:46,87.96,7.57
2026-04-14 05:48:46,96.45,7.05
2026-04-14 05:48:46,92.72,6.14
2026-04-14 05:48:46,87.89,6.18
2026-04-14 05:48:46,96.49,7.05
2026-04-14 05:48:46,94.44,6.08
2026-04-14 05:48:47,90.01,6.16
2026-04-14 05:48:47,91.88,5.94
2026-04-14 05:48:47,88.05,6.13
2026-04-14 05:48:47,86.39,7.61
2026-04-14 05:48:47,96.05,7.0
2026-04-14 05:48:47,85.3,6.42
2026-04-14 05:48:47,83.44,7.6
2026-04-14 05:48:48,87.31,7.3
2026-04-14 05:48:48,89.76,7.37
2026-04-14 05:48:48,86.65,6.12
2026-04-14 05:48:48,84.18,7.65
2026-04-14 05:48:48,85.82,7.41
2026-04-14 05:48:48,87.63,7.41
2026-04-14 05:48:48,90.8,7.27
2026-04-14 05:48:49,87.54,6.16
2026-04-14 05:48:49,102.61,6.74
2026-04-14 05:48:49,90.88,6.45
2026-04-14 05:48:49,84.46,6.24
2026-04-14 05:48:49,95.71,6.92
2026-04-14 05:48:49,83.71,6.47
2026-04-14 05:48:49,85.91,7.37
2026-04-14 05:48:50,83.7,7.64
2026-04-14 05:48:50,94.65,6.92
2026-04-14 05:48:50,93.19,6.06
2026-04-14 05:48:50,83.96,6.35
2026-04-14 05:48:50,113.63,6.14
2026-04-14 05:48:50,93.94,6.81
2026-04-14 05:48:51,89.67,6.16
2026-04-14 05:48:51,87.7,6.07
2026-04-14 05:48:51,83.18,7.68
2026-04-14 05:48:51,84.35,7.5
2026-04-14 05:48:51,83.58,7.57
2026-04-14 05:48:51,84.31,7.45
2026-04-14 05:48:51,89.99,7.17
2026-04-14 05:48:52,84.76,6.22
2026-04-14 05:48:52,90.02,7.23
2026-04-14 05:48:52,95.62,5.81
2026-04-14 05:48:52,86.8,6.33
2026-04-14 05:48:52,86.73,7.52
2026-04-14 05:48:52,96.94,6.92
2026-04-14 05:48:52,92.81,6.15
2026-04-14 05:48:53,82.64,6.36
2026-04-14 05:48:53,96.79,6.87
2026-04-14 05:48:53,86.5,6.41
2026-04-14 05:48:53,91.22,7.2
2026-04-14 05:48:53,92.45,5.99
2026-04-14 05:48:53,86.85,6.21
2026-04-14 05:48:53,85.71,7.55
2026-04-14 05:48:54,99.15,6.83
2026-04-14 05:48:54,86.81,6.47
2026-04-14 05:48:54,91.88,7.25
2026-04-14 05:48:54,112.4,5.33
2026-04-14 05:48:54,95.5,6.69
2026-04-14 05:48:54,93.11,6.09
2026-04-14 05:48:55,86.59,6.25
2026-04-14 05:48:55,89.3,7.34
2026-04-14 05:48:55,87.66,6.07
2026-04-14 05:48:55,86.9,7.55
2026-04-14 05:48:55,90.22,7.3
2026-04-14 05:48:55,84.98,6.21
2026-04-14 05:48:55,84.07,7.49
2026-04-14 05:48:56,85.44,7.49
2026-04-14 05:48:56,85.24,7.46
2026-04-14 05:48:56,84.14,7.63
2026-04-14 05:48:56,86.12,7.38
2026-04-14 05:48:56,85.63,7.54
2026-04-14 05:48:56,88.42,7.35
2026-04-14 05:48:56,88.79,5.99
2026-04-14 05:48:57,83.84,6.19
2026-04-14 05:48:57,88.74,7.23
2026-04-14 05:48:57,83.13,7.84
2026-04-14 05:48:57,83.74,7.46
2026-04-14 05:48:57,91.45,7.1
2026-04-14 05:48:57,95.75,5.85
2026-04-14 05:48:57,86.7,6.34
2026-04-14 05:48:58,86.4,7.51
2026-04-14 05:48:58,96.3,7.0
2026-04-14 05:48:58,86.75,6.37
2026-04-14 05:48:58,90.14,7.31
2026-04-14 05:48:58,91.8,5.94
2026-04-14 05:48:58,87.35,6.17
2026-04-14 05:48:58,95.67,7.06
2026-04-14 05:48:59,89.73,6.22
2026-04-14 05:48:59,87.93,6.07
2026-04-14 05:48:59,89.39,7.41
2026-04-14 05:48:59,86.58,6.05
2026-04-14 05:48:59,87.94,7.51
2026-04-14 05:48:59,85.28,7.66
2026-04-14 05:49:00,85.44,7.5
2026-04-14 05:49:00,87.95,7.36
2026-04-14 05:49:00,84.1,7.73
2026-04-14 05:49:00,98.85,6.74
2026-04-14 05:49:00,87.32,6.47
2026-04-14 05:49:00,92.48,7.21
2026-04-14 05:49:00,104.35,5.61
2026-04-14 05:49:01,88.41,6.59
2026-04-14 05:49:01,92.01,5.91
2026-04-14 05:49:01,84.34,6.29
2026-04-14 05:49:01,84.2,7.39
2026-04-14 05:49:01,84.41,7.61
2026-04-14 05:49:01,84.5,7.45
2026-04-14 05:49:01,83.36,7.64
2026-04-14 05:49:02,89.36,7.05
2026-04-14 05:49:02,89.77,6.08
2026-04-14 05:49:02,92.92,5.9
2026-04-14 05:49:02,84.02,6.33
2026-04-14 05:49:02,90.77,7.15
2026-04-14 05:49:02,85.17,6.2
2026-04-14 05:49:02,84.84,7.51
2026-04-14 05:49:03,119.74,5.92
2026-04-14 05:49:03,105.31,6.62
2026-04-14 05:49:03,95.1,6.39
2026-04-14 05:49:03,85.34,6.38
2026-04-14 05:49:03,105.74,6.52
2026-04-14 05:49:03,102.68,6.11
2026-04-14 05:49:04,103.21,5.99
2026-04-14 05:49:04,85.39,6.67
2026-04-14 05:49:04,83.48,7.69
2026-04-14 05:49:04,89.05,7.19
2026-04-14 05:49:04,119.42,5.06
2026-04-14 05:49:04,105.86,6.58
2026-04-14 05:49:05,84.85,6.86
2026-04-14 05:49:05,83.71,7.56
2026-04-14 05:49:05,84.01,7.51
2026-04-14 05:49:05,97.07,6.83
2026-04-14 05:49:05,91.22,6.22
2026-04-14 05:49:05,86.46,6.18
2026-04-14 05:49:05,88.02,7.41
2026-04-14 05:49:06,86.93,7.57
2026-04-14 05:49:06,97.97,6.87
2026-04-14 05:49:06,88.87,6.38
2026-04-14 05:49:06,84.06,6.2
2026-04-14 05:49:06,84.78,7.46
2026-04-14 05:49:06,102.38,6.62
2026-04-14 05:49:06,89.18,6.53
2026-04-14 05:49:07,84.99,6.17
2026-04-14 05:49:07,83.22,7.59
2026-04-14 05:49:07,83.31,7.5
2026-04-14 05:49:07,85.52,7.3
2026-04-14 05:49:07,93.86,7.15
2026-04-14 05:49:07,85.54,6.31
2026-04-14 05:49:07,83.28,7.63
2026-04-14 05:49:08,102.85,6.55
2026-04-14 05:49:08,88.53,6.56
2026-04-14 05:49:08,86.07,6.1
2026-04-14 05:49:08,89.02,7.34
2026-04-14 05:49:08,83.99,6.14
2026-04-14 05:49:08,99.44,6.78
2026-04-14 05:49:08,94.81,6.16
2026-04-14 05:49:09,83.68,6.45
2026-04-14 05:49:09,85.52,7.34
2026-04-14 05:49:09,83.66,7.67
2026-04-14 05:49:09,86.11,7.36
2026-04-14 05:49:09,82.89,7.7
2026-04-14 05:49:09,85.01,7.37
2026-04-14 05:49:09,84.08,7.57
2026-04-14 05:49:10,83.29,7.54
2026-04-14 05:49:10,99.21,6.7
2026-04-14 05:49:10,82.95,6.65
2026-04-14 05:49:10,89.16,7.16
2026-04-14 05:49:10,90.75,5.95
2026-04-14 05:49:10,85.71,6.2
2026-04-14 05:49:10,106.26,6.49
2026-04-14 05:49:11,90.87,6.62
2026-04-14 05:49:11,83.47,6.28
2026-04-14 05:49:11,85.89,7.36
2026-04-14 05:49:11,93.41,7.1
2026-04-14 05:49:11,91.55,6.08
2026-04-14 05:49:11,84.37,6.23
2026-04-14 05:49:12,83.18,7.64
2026-04-14 05:49:12,97.33,6.78
2026-04-14 05:49:12,84.45,6.46
2026-04-14 05:49:12,109.77,6.34
2026-04-14 05:49:12,88.87,6.85
2026-04-14 05:49:12,88.42,6.03
2026-04-14 05:49:12,99.83,5.6
2026-04-14 05:49:13,87.19,6.52
2026-04-14 05:49:13,82.51,7.76
2026-04-14 05:49:13,84.24,7.43
2026-04-14 05:49:13,84.71,7.46
2026-04-14 05:49:13,83.74,7.56
2026-04-14 05:49:13,89.49,7.2
2026-04-14 05:49:13,95.31,5.78
2026-04-14 05:49:14,96.16,5.95
2026-04-14 05:49:14,87.84,6.35
2026-04-14 05:49:14,94.13,7.12
2026-04-14 05:49:14,100.62,5.82
2026-04-14 05:49:14,94.48,6.23
2026-04-14 05:49:14,85.29,6.36
2026-04-14 05:49:15,83.3,7.53
2026-04-14 05:49:15,91.84,7.13
2026-04-14 05:49:15,86.37,6.2
2026-04-14 05:49:15,101.09,6.76
2026-04-14 05:49:15,88.68,6.48
2026-04-14 05:49:15,88.28,6.01
2026-04-14 05:49:16,91.96,5.89
2026-04-14 05:49:16,95.67,5.87
2026-04-14 05:49:16,82.75,6.51
2026-04-14 05:49:16,85.04,7.37
2026-04-14 05:49:16,88.12,7.3
2026-04-14 05:49:16,93.08,5.85
2026-04-14 05:49:16,90.12,6.12
2026-04-14 05:49:17,92.09,5.93
2026-04-14 05:49:17,93.76,5.94
2026-04-14 05:49:17,83.59,6.4
2026-04-14 05:49:17,85.97,7.37
2026-04-14 05:49:17,84.82,7.55
2026-04-14 05:49:17,84.94,7.52
2026-04-14 05:49:17,84.41,7.54
2026-04-14 05:49:18,84.71,7.49
2026-04-14 05:49:18,84.21,7.53
2026-04-14 05:49:18,107.64,6.37
2026-04-14 05:49:18,86.58,6.87
2026-04-14 05:49:18,101.9,6.73
2026-04-14 05:49:18,89.35,6.49
2026-04-14 05:49:19,96.7,5.76
2026-04-14 05:49:19,87.51,6.35
2026-04-14 05:49:19,85.04,7.57
2026-04-14 05:49:19,88.4,7.37
2026-04-14 05:49:19,94.05,7.21
2026-04-14 05:49:19,104.97,5.64
2026-04-14 05:49:19,86.56,6.75
2026-04-14 05:49:20,91.52,7.17
2026-04-14 05:49:20,90.68,6.07
2026-04-14 05:49:20,90.3,6.02
2026-04-14 05:49:20,85.1,6.19
2026-04-14 05:49:20,105.12,6.52
2026-04-14 05:49:20,110.43,5.82
2026-04-14 05:49:20,87.75,6.95
2026-04-14 05:49:21,95.08,7.12
2026-04-14 05:49:21,96.44,5.85
2026-04-14 05:49:21,86.74,6.5
2026-04-14 05:49:21,95.29,7.06
2026-04-14 05:49:21,92.43,6.06
2026-04-14 05:49:21,86.16,6.29
2026-04-14 05:49:22,87.93,7.4
2026-04-14 05:49:22,84.05,7.73
2026-04-14 05:49:22,84.74,7.37
2026-04-14 05:49:22,84.8,7.6
2026-04-14 05:49:22,85.98,7.41
2026-04-14 05:49:22,88.11,7.4
2026-04-14 05:49:22,83.83,6.17
2026-04-14 05:49:23,98.85,6.74
2026-04-14 05:49:23,82.92,6.63
2026-04-14 05:49:23,92.62,6.94
2026-04-14 05:49:23,96.22,5.92
2026-04-14 05:49:23,83.37,6.5
2026-04-14 05:49:23,84.82,7.42
2026-04-14 05:49:23,103.76,6.48
2026-04-14 05:49:24,86.25,6.79
2026-04-14 05:49:24,92.98,7.16
2026-04-14 05:49:24,83.98,6.31
2026-04-14 05:49:24,83.03,7.61
2026-04-14 05:49:24,85.11,7.38
2026-04-14 05:49:24,83.02,7.64
2026-04-14 05:49:24,92.29,7.0
2026-04-14 05:49:25,83.82,6.33
2026-04-14 05:49:25,101.91,6.53
2026-04-14 05:49:25,87.39,6.66
2026-04-14 05:49:25,113.71,6.26
2026-04-14 05:49:25,101.42,6.48
2026-04-14 05:49:25,84.73,6.68
2026-04-14 05:49:25,83.11,7.53
2026-04-14 05:49:26,86.55,7.37
2026-04-14 05:49:26,84.1,7.66
2026-04-14 05:49:26,85.77,7.39
2026-04-14 05:49:26,84.21,7.62
2026-04-14 05:49:26,116.75,6.02
2026-04-14 05:49:26,85.38,7.4
2026-04-14 05:49:26,87.02,7.41
2026-04-14 05:49:27,83.9,7.68
2026-04-14 05:49:27,88.05,7.28
2026-04-14 05:49:27,83.75,7.75
2026-04-14 05:49:27,95.58,6.89
2026-04-14 05:49:27,83.94,6.45
2026-04-14 05:49:27,84.16,7.5
2026-04-14 05:49:27,83.18,7.46
2026-04-14 05:49:28,82.95,7.61
2026-04-14 05:49:28,87.4,7.26
2026-04-14 05:49:28,82.29,7.8
2026-04-14 05:49:28,85.94,7.28
2026-04-14 05:49:28,84.21,7.63
2026-04-14 05:49:28,85.72,7.42
2026-04-14 05:49:28,81.85,7.6
2026-04-14 05:49:28,92.72,7.03
2026-04-14 05:49:29,101.85,5.7
2026-04-14 05:49:29,83.52,6.74
2026-04-14 05:49:29,90.12,7.14
2026-04-14 05:49:29,86.0,6.15
2026-04-14 05:49:29,83.82,7.62
2026-04-14 05:49:29,89.43,7.23
2026-04-14 05:49:30,89.6,5.99
2026-04-14 05:49:30,83.7,6.22
2026-04-14 05:49:30,83.49,7.52
2026-04-14 05:49:30,91.46,7.08
2026-04-14 05:49:30,83.43,6.31
2026-04-14 05:49:30,84.42,7.44
2026-04-14 05:49:30,86.88,7.37
2026-04-14 05:49:31,82.8,7.74
2026-04-14 05:49:31,83.08,7.43
2026-04-14 05:49:31,84.63,7.48
2026-04-14 05:49:31,103.53,6.51
2026-04-14 05:49:31,83.61,6.82
2026-04-14 05:49:31,92.03,7.12
2026-04-14 05:49:31,85.72,6.24
2026-04-14 05:49:32,82.78,7.68
2026-04-14 05:49:32,95.75,6.81
2026-04-14 05:49:32,91.56,6.18
2026-04-14 05:49:32,88.83,6.09
2026-04-14 05:49:32,91.64,7.28
2026-04-14 05:49:32,95.83,5.89
2026-04-14 05:49:32,89.56,6.26
2026-04-14 05:49:33,82.82,6.25
2026-04-14 05:49:33,86.31,7.31
2026-04-14 05:49:33,83.21,7.69
2026-04-14 05:49:33,83.33,7.28
2026-04-14 05:49:33,83.14,7.75
2026-04-14 05:49:33,85.83,7.23
2026-04-14 05:49:33,83.27,7.78
2026-04-14 05:49:34,83.45,7.49
2026-04-14 05:49:34,88.87,7.21
2026-04-14 05:49:34,85.87,6.12
2026-04-14 05:49:34,83.49,7.57
2026-04-14 05:49:34,324.34,2.68
2026-04-14 05:49:35,102.45,5.61
2026-04-14 05:49:35,93.04,6.37
2026-04-14 05:49:35,95.55,5.92
2026-04-14 05:49:35,84.72,6.35
2026-04-14 05:49:35,85.37,7.56
2026-04-14 05:49:35,101.7,6.68
2026-04-14 05:49:35,91.14,6.42
2026-04-14 05:49:36,87.44,6.14
2026-04-14 05:49:36,99.11,6.87
2026-04-14 05:49:36,86.72,6.5
2026-04-14 05:49:36,84.76,6.06
2026-04-14 05:49:36,85.95,7.47
2026-04-14 05:49:36,84.37,7.6
2026-04-14 05:49:37,86.53,7.34
2026-04-14 05:49:37,87.52,7.5
2026-04-14 05:49:37,82.69,7.65
2026-04-14 05:49:37,90.29,7.21
2026-04-14 05:49:37,102.99,5.57
2026-04-14 05:49:37,84.7,6.76
2026-04-14 05:49:37,83.75,7.54
2026-04-14 05:49:38,96.1,6.88
2026-04-14 05:49:38,102.13,5.76
2026-04-14 05:49:38,88.41,6.58
2026-04-14 05:49:38,92.38,5.86
2026-04-14 05:49:38,85.89,6.24
2026-04-14 05:49:38,100.03,6.78
2026-04-14 05:49:38,87.56,6.49
2026-04-14 05:49:39,101.06,6.77
2026-04-14 05:49:39,84.35,6.7
2026-04-14 05:49:39,85.23,7.4
2026-04-14 05:49:39,88.99,7.38
2026-04-14 05:49:39,85.72,5.99
2026-04-14 05:49:39,94.65,5.82
2026-04-14 05:49:40,103.23,5.7
2026-04-14 05:49:40,103.62,5.98
2026-04-14 05:49:40,89.7,6.56
2026-04-14 05:49:40,85.34,6.13
2026-04-14 05:49:40,98.14,6.83
2026-04-14 05:49:40,83.14,6.66
2026-04-14 05:49:40,86.85,7.23
2026-04-14 05:49:41,86.64,7.59
2026-04-14 05:49:41,96.24,7.0
2026-04-14 05:49:41,85.51,6.4
2026-04-14 05:49:41,90.51,7.25
2026-04-14 05:49:41,84.98,6.21
2026-04-14 05:49:41,107.21,6.43
2026-04-14 05:49:42,85.74,6.89
2026-04-14 05:49:42,83.16,7.64
2026-04-14 05:49:42,99.38,6.66
2026-04-14 05:49:42,96.74,6.13
2026-04-14 05:49:42,85.85,6.42
2026-04-14 05:49:42,89.7,7.3
2026-04-14 05:49:42,85.66,6.14
2026-04-14 05:49:43,83.6,7.63
2026-04-14 05:49:43,88.63,7.23
2026-04-14 05:49:43,84.76,6.15
2026-04-14 05:49:43,84.31,7.52
2026-04-14 05:49:43,86.96,7.36
2026-04-14 05:49:43,84.29,7.66
2026-04-14 05:49:43,85.7,7.43
2026-04-14 05:49:44,83.61,7.63
2026-04-14 05:49:44,88.75,7.22
2026-04-14 05:49:44,94.54,5.8
2026-04-14 05:49:44,89.78,6.17
2026-04-14 05:49:44,87.3,6.09
2026-04-14 05:49:44,83.6,7.73
2026-04-14 05:49:44,94.92,6.87
2026-04-14 05:49:45,113.94,5.4
2026-04-14 05:49:45,82.56,7.34
2026-04-14 05:49:45,111.95,6.2
2026-04-14 05:49:45,86.84,7.06
2026-04-14 05:49:45,101.16,6.77
2026-04-14 05:49:45,87.45,6.55
2026-04-14 05:49:45,83.06,7.76
2026-04-14 05:49:46,119.86,5.88
2026-04-14 05:49:46,83.77,7.66
2026-04-14 05:49:46,86.89,7.34
2026-04-14 05:49:46,91.92,7.22
2026-04-14 05:49:46,84.63,6.28
2026-04-14 05:49:46,82.18,7.64
2026-04-14 05:49:46,89.51,7.06
2026-04-14 05:49:47,89.15,6.06
2026-04-14 05:49:47,89.74,5.98
2026-04-14 05:49:47,100.11,5.65
2026-04-14 05:49:47,82.81,6.7
2026-04-14 05:49:47,90.66,7.02
2026-04-14 05:49:47,87.73,6.16
2026-04-14 05:49:48,89.89,7.33
2026-04-14 05:49:48,87.95,6.11
2026-04-14 05:49:48,81.8,7.88
2026-04-14 05:49:48,84.76,7.33
2026-04-14 05:49:48,105.13,6.51
2026-04-14 05:49:48,85.53,6.81
2026-04-14 05:49:48,84.14,7.51
2026-04-14 05:49:49,85.03,7.41
2026-04-14 05:49:49,105.03,6.59
2026-04-14 05:49:49,96.63,6.34
2026-04-14 05:49:49,86.56,6.35
2026-04-14 05:49:49,84.89,7.61
2026-04-14 05:49:49,86.94,7.43
2026-04-14 05:49:49,84.54,7.65
2026-04-14 05:49:50,83.68,7.55
2026-04-14 05:49:50,94.62,6.91
2026-04-14 05:49:50,85.17,6.33
2026-04-14 05:49:50,83.47,7.68
2026-04-14 05:49:50,93.89,6.95
2026-04-14 05:49:50,83.6,6.4
2026-04-14 05:49:50,95.33,6.9
2026-04-14 05:49:51,95.09,6.01
2026-04-14 05:49:51,83.19,6.45
2026-04-14 05:49:51,90.29,7.06
2026-04-14 05:49:51,95.92,5.85
2026-04-14 05:49:51,85.43,6.41
2026-04-14 05:49:51,82.43,7.67
2026-04-14 05:49:52,90.97,7.06
2026-04-14 05:49:52,92.21,5.96
2026-04-14 05:49:52,86.08,6.23
2026-04-14 05:49:52,83.87,7.54
2026-04-14 05:49:52,86.11,7.43
2026-04-14 05:49:52,85.57,7.48
2026-04-14 05:49:52,101.5,6.77
2026-04-14 05:49:53,92.92,6.33
2026-04-14 05:49:53,88.72,6.16
2026-04-14 05:49:53,87.58,6.05
2026-04-14 05:49:53,83.03,7.76
2026-04-14 05:49:53,83.58,7.45
2026-04-14 05:49:53,85.64,7.42
2026-04-14 05:49:53,83.65,7.61
2026-04-14 05:49:54,91.08,7.11
2026-04-14 05:49:54,88.45,6.07
2026-04-14 05:49:54,83.87,6.2
2026-04-14 05:49:54,92.48,7.04
2026-04-14 05:49:54,86.89,6.21
2026-04-14 05:49:54,84.42,7.58
2026-04-14 05:49:54,96.24,6.95
2026-04-14 05:49:55,83.38,6.51
2026-04-14 05:49:55,92.85,7.0
2026-04-14 05:49:55,113.21,5.27
2026-04-14 05:49:55,83.61,7.46
2026-04-14 05:49:55,100.09,6.67
2026-04-14 05:49:55,105.33,5.82
2026-04-14 05:49:56,87.49,6.72
2026-04-14 05:49:56,104.92,6.63
2026-04-14 05:49:56,83.79,6.89
2026-04-14 05:49:56,112.73,6.16
2026-04-14 05:49:56,90.96,6.9
2026-04-14 05:49:56,88.67,6.03
2026-04-14 05:49:56,88.83,6.03
2026-04-14 05:49:57,87.63,6.03
2026-04-14 05:49:57,83.05,6.17
2026-04-14 05:49:57,91.04,7.14
2026-04-14 05:49:57,90.6,5.96
2026-04-14 05:49:57,87.1,6.15
2026-04-14 05:49:57,123.5,4.9
2026-04-14 05:49:58,84.74,6.28
2026-04-14 05:49:58,86.23,7.42
2026-04-14 05:49:58,86.28,7.51
2026-04-14 05:49:58,112.73,6.24
2026-04-14 05:49:58,83.87,7.28
2026-04-14 05:49:58,99.03,6.74
2026-04-14 05:49:59,88.07,6.41
2026-04-14 05:49:59,85.45,6.11
2026-04-14 05:49:59,82.45,7.67
2026-04-14 05:49:59,96.1,6.8
2026-04-14 05:49:59,84.92,6.44
2026-04-14 05:49:59,92.6,7.01
2026-04-14 05:49:59,85.19,6.35
2026-04-14 05:50:00,83.26,7.57
2026-04-14 05:50:00,85.89,7.16
2026-04-14 05:50:00,90.27,6.02
2026-04-14 05:50:00,114.7,5.13
2026-04-14 05:50:00,84.62,7.54
2026-04-14 05:50:00,89.83,7.21
2026-04-14 05:50:00,83.81,6.24
2026-04-14 05:50:01,87.75,7.29
2026-04-14 05:50:01,108.13,6.51
2026-04-14 05:50:01,88.43,6.79
2026-04-14 05:50:01,86.95,6.06
2026-04-14 05:50:01,86.02,7.55
2026-04-14 05:50:01,87.31,7.39
2026-04-14 05:50:01,85.74,7.64
2026-04-14 05:50:02,85.84,7.48
2026-04-14 05:50:02,86.7,7.47
2026-04-14 05:50:02,86.65,7.51
2026-04-14 05:50:02,87.64,7.44
2026-04-14 05:50:02,97.14,6.99
2026-04-14 05:50:02,89.92,6.29
2026-04-14 05:50:02,87.49,6.1
2026-04-14 05:50:03,82.74,7.7
2026-04-14 05:50:03,95.34,6.9
2026-04-14 05:50:03,96.42,5.97
2026-04-14 05:50:03,99.26,5.91
2026-04-14 05:50:03,86.98,6.48
2026-04-14 05:50:03,83.85,7.6
2026-04-14 05:50:04,84.92,7.47
2026-04-14 05:50:04,83.31,7.66
2026-04-14 05:50:04,85.36,7.36
2026-04-14 05:50:04,83.59,7.63
2026-04-14 05:50:04,85.21,7.41
2026-04-14 05:50:04,84.6,7.54
2026-04-14 05:50:04,89.94,7.21
2026-04-14 05:50:04,83.7,6.24
2026-04-14 05:50:05,95.05,6.9
2026-04-14 05:50:05,90.78,6.15
2026-04-14 05:50:05,92.03,5.97
2026-04-14 05:50:05,98.15,5.79
2026-04-14 05:50:05,85.31,6.5
2026-04-14 05:50:05,84.0,7.58
2026-04-14 05:50:06,85.0,7.44
2026-04-14 05:50:06,88.22,7.33
2026-04-14 05:50:06,87.43,7.55
2026-04-14 05:50:06,84.63,7.66
2026-04-14 05:50:06,84.18,7.53
2026-04-14 05:50:06,86.24,7.39
2026-04-14 05:50:06,84.19,7.56
2026-04-14 05:50:06,91.46,7.17
2026-04-14 05:50:07,88.24,6.12
2026-04-14 05:50:07,87.41,6.03
2026-04-14 05:50:07,83.54,7.73
2026-04-14 05:50:07,106.93,6.39
2026-04-14 05:50:07,83.9,6.97
2026-04-14 05:50:07,84.79,7.45
2026-04-14 05:50:08,84.73,7.51
2026-04-14 05:50:08,83.03,7.59
2026-04-14 05:50:08,87.07,7.2
2026-04-14 05:50:08,84.4,6.16
2026-04-14 05:50:08,85.14,7.36
2026-04-14 05:50:08,88.96,7.39
2026-04-14 05:50:08,83.5,6.21
2026-04-14 05:50:09,85.53,7.38
2026-04-14 05:50:09,114.73,6.15
2026-04-14 05:50:09,84.12,7.37
2026-04-14 05:50:09,103.3,6.56
2026-04-14 05:50:09,87.22,6.65
2026-04-14 05:50:09,86.35,7.54
2026-04-14 05:50:09,84.52,7.59
2026-04-14 05:50:10,90.94,7.12
2026-04-14 05:50:10,83.67,6.33
2026-04-14 05:50:10,83.31,7.51
2026-04-14 05:50:10,94.44,6.93
2026-04-14 05:50:10,82.62,6.45
2026-04-14 05:50:10,98.59,6.72
2026-04-14 05:50:10,84.49,6.47
2026-04-14 05:50:11,83.48,7.66
2026-04-14 05:50:11,100.25,6.68
2026-04-14 05:50:11,84.77,6.61
2026-04-14 05:50:11,106.49,6.45
2026-04-14 05:50:11,91.86,6.59
2026-04-14 05:50:11,95.86,5.86
2026-04-14 05:50:11,88.72,6.27
2026-04-14 05:50:12,86.61,6.07
2026-04-14 05:50:12,88.02,7.4
2026-04-14 05:50:12,83.02,7.79
2026-04-14 05:50:12,89.48,7.16
2026-04-14 05:50:12,99.08,5.7
2026-04-14 05:50:12,87.74,6.44
2026-04-14 05:50:13,83.73,7.74
2026-04-14 05:50:13,86.31,7.37
2026-04-14 05:50:13,92.16,7.16
2026-04-14 05:50:13,84.31,6.3
2026-04-14 05:50:13,83.37,7.57
2026-04-14 05:50:13,86.6,7.33
2026-04-14 05:50:13,101.6,6.74
2026-04-14 05:50:14,84.41,6.65
2026-04-14 05:50:14,87.12,7.39
2026-04-14 05:50:14,100.12,6.82
2026-04-14 05:50:14,85.39,6.62
2026-04-14 05:50:14,95.43,6.97
2026-04-14 05:50:14,87.2,6.32
2026-04-14 05:50:14,83.08,7.74
2026-04-14 05:50:15,87.3,7.26
2026-04-14 05:50:15,84.57,7.69
2026-04-14 05:50:15,90.53,7.17
2026-04-14 05:50:15,105.19,5.52
2026-04-14 05:50:15,85.34,6.79
2026-04-14 05:50:15,112.42,6.21
2026-04-14 05:50:15,84.86,7.26
2026-04-14 05:50:16,89.7,7.23
2026-04-14 05:50:16,92.68,5.89
2026-04-14 05:50:16,94.3,5.96
2026-04-14 05:50:16,101.61,5.74
2026-04-14 05:50:16,86.19,6.57
2026-04-14 05:50:16,82.47,7.78
2026-04-14 05:50:16,86.51,7.29
2026-04-14 05:50:17,82.02,7.77
2026-04-14 05:50:17,94.09,6.81
2026-04-14 05:50:17,92.92,6.09
2026-04-14 05:50:17,86.6,6.24
2026-04-14 05:50:17,88.84,7.39
2026-04-14 05:50:17,86.86,6.06
2026-04-14 05:50:17,84.16,7.67
2026-04-14 05:50:18,87.17,7.33
2026-04-14 05:50:18,95.46,7.07
2026-04-14 05:50:18,88.82,6.14
2026-04-14 05:50:18,84.5,6.26
2026-04-14 05:50:18,93.51,7.05
2026-04-14 05:50:18,121.98,5.13
2026-04-14 05:50:19,84.16,7.7
2026-04-14 05:50:19,95.66,6.94
2026-04-14 05:50:19,88.96,6.27
2026-04-14 05:50:19,98.88,5.63
2026-04-14 05:50:19,91.49,6.32
2026-04-14 05:50:19,84.47,6.26
2026-04-14 05:50:19,83.89,7.48
2026-04-14 05:50:20,85.31,7.49
2026-04-14 05:50:20,102.24,6.65
2026-04-14 05:50:20,100.35,6.08
2026-04-14 05:50:20,93.6,6.24
2026-04-14 05:50:20,190.28,3.8
2026-04-14 05:50:21,186.26,3.79
2026-04-14 05:50:21,93.71,7.18
2026-04-14 05:50:21,103.57,5.66
2026-04-14 05:50:21,87.25,6.66
2026-04-14 05:50:21,95.69,7.06
2026-04-14 05:50:21,94.28,6.05
2026-04-14 05:50:22,86.2,6.31
2026-04-14 05:50:22,92.43,7.16
2026-04-14 05:50:22,87.35,6.21
2026-04-14 05:50:22,85.53,7.6
2026-04-14 05:50:22,96.26,6.95
2026-04-14 05:50:22,86.89,6.36
2026-04-14 05:50:22,85.8,7.56
2026-04-14 05:50:23,97.45,6.81
2026-04-14 05:50:23,88.05,6.45
2026-04-14 05:50:23,94.27,5.77
2026-04-14 05:50:23,97.02,5.92
2026-04-14 05:50:23,87.66,6.29
2026-04-14 05:50:23,87.71,6.04
2026-04-14 05:50:24,89.79,7.42
2026-04-14 05:50:24,92.77,5.84
2026-04-14 05:50:24,85.9,6.33
2026-04-14 05:50:24,88.35,7.37
2026-04-14 05:50:24,93.69,7.16
2026-04-14 05:50:24,99.02,5.85
2026-04-14 05:50:24,102.27,5.87
2026-04-14 05:50:25,88.17,6.57
2026-04-14 05:50:25,84.42,6.04
2026-04-14 05:50:25,91.09,7.25
2026-04-14 05:50:25,85.76,6.24
2026-04-14 05:50:25,82.94,7.67
2026-04-14 05:50:25,91.05,7.05
2026-04-14 05:50:26,109.59,5.4
2026-04-14 05:50:26,91.21,6.75
2026-04-14 05:50:26,82.84,6.34
2026-04-14 05:50:26,87.79,7.23
2026-04-14 05:50:26,83.91,7.73
2026-04-14 05:50:26,85.56,7.36
2026-04-14 05:50:26,84.4,7.63
2026-04-14 05:50:27,84.05,7.52
2026-04-14 05:50:27,86.9,7.29
2026-04-14 05:50:27,96.0,7.08
2026-04-14 05:50:27,94.87,6.03
2026-04-14 05:50:27,84.48,6.41
2026-04-14 05:50:27,88.16,7.3
2026-04-14 05:50:27,83.49,6.18
2026-04-14 05:50:28,93.17,6.99
2026-04-14 05:50:28,109.75,5.45
2026-04-14 05:50:28,84.65,7.09
2026-04-14 05:50:28,92.03,7.08
2026-04-14 05:50:28,83.95,6.32
2026-04-14 05:50:28,83.17,7.44
2026-04-14 05:50:28,92.67,7.09
2026-04-14 05:50:29,83.9,6.34
2026-04-14 05:50:29,116.05,6.05
2026-04-14 05:50:29,81.83,7.56
2026-04-14 05:50:29,85.38,7.31
2026-04-14 05:50:29,82.92,7.58
2026-04-14 05:50:29,84.54,7.47
2026-04-14 05:50:29,105.97,6.47
2026-04-14 05:50:30,82.86,6.95
2026-04-14 05:50:30,88.1,7.22
2026-04-14 05:50:30,89.31,5.96
2026-04-14 05:50:30,82.69,6.24
2026-04-14 05:50:30,93.51,6.96
2026-04-14 05:50:30,100.47,5.77
2026-04-14 05:50:31,97.24,6.11
2026-04-14 05:50:31,107.77,5.6
2026-04-14 05:50:31,86.88,6.93
2026-04-14 05:50:31,82.92,7.51
2026-04-14 05:50:31,94.43,7.08
2026-04-14 05:50:31,85.55,6.35
2026-04-14 05:50:31,82.22,7.7
2026-04-14 05:50:32,95.86,6.75
2026-04-14 05:50:32,100.19,5.9
2026-04-14 05:50:32,88.4,6.46
2026-04-14 05:50:32,86.77,6.01
2026-04-14 05:50:32,99.55,5.61
2026-04-14 05:50:32,84.38,6.62
2026-04-14 05:50:33,82.96,7.58
2026-04-14 05:50:33,87.79,7.23
2026-04-14 05:50:33,94.03,7.19
2026-04-14 05:50:33,87.15,6.26
2026-04-14 05:50:33,84.37,7.65
2026-04-14 05:50:33,96.33,6.89
2026-04-14 05:50:33,87.85,6.32
2026-04-14 05:50:34,85.07,7.66
2026-04-14 05:50:34,88.59,7.31
2026-04-14 05:50:34,86.58,6.08
2026-04-14 05:50:34,84.72,7.61
2026-04-14 05:50:34,87.62,7.35
2026-04-14 05:50:34,82.32,7.81
2026-04-14 05:50:34,89.24,7.13
2026-04-14 05:50:35,86.88,6.08
2026-04-14 05:50:35,83.03,7.75
2026-04-14 05:50:35,94.36,6.87
2026-04-14 05:50:35,87.0,6.27
2026-04-14 05:50:35,94.3,7.14
2026-04-14 05:50:35,121.08,5.19
2026-04-14 05:50:35,82.34,7.83
2026-04-14 05:50:36,85.89,7.29
2026-04-14 05:50:36,86.8,7.4
2026-04-14 05:50:36,90.8,7.35
2026-04-14 05:50:36,85.45,6.12
2026-04-14 05:50:36,84.46,7.69
2026-04-14 05:50:36,88.55,7.28
2026-04-14 05:50:36,88.67,6.0
2026-04-14 05:50:37,92.19,5.87
2026-04-14 05:50:37,88.1,6.16
2026-04-14 05:50:37,102.03,5.54
2026-04-14 05:50:37,85.47,6.67
2026-04-14 05:50:37,89.65,7.28
2026-04-14 05:50:37,86.37,6.1
2026-04-14 05:50:38,88.06,7.44
2026-04-14 05:50:38,94.16,7.1
2026-04-14 05:50:38,93.21,6.05
2026-04-14 05:50:38,87.25,6.19
2026-04-14 05:50:38,87.23,7.6
2026-04-14 05:50:38,96.7,7.0
2026-04-14 05:50:38,87.57,6.36
2026-04-14 05:50:39,96.3,7.04
2026-04-14 05:50:39,101.59,5.81
2026-04-14 05:50:39,85.98,6.59
2026-04-14 05:50:39,101.34,6.78
2026-04-14 05:50:39,84.91,6.65
2026-04-14 05:50:39,83.77,7.57
2026-04-14 05:50:39,87.41,7.31
2026-04-14 05:50:40,85.17,7.63
2026-04-14 05:50:40,84.27,7.55
2026-04-14 05:50:40,96.88,6.85
2026-04-14 05:50:40,94.48,6.09
2026-04-14 05:50:40,86.91,6.29
2026-04-14 05:50:40,88.65,7.4
2026-04-14 05:50:41,86.13,6.09
2026-04-14 05:50:41,87.97,7.42
2026-04-14 05:50:41,91.58,7.3
2026-04-14 05:50:41,91.06,6.02
2026-04-14 05:50:41,88.91,6.09
2026-04-14 05:50:41,89.73,5.96
2026-04-14 05:50:41,86.98,6.12
2026-04-14 05:50:42,102.27,6.73
2026-04-14 05:50:42,87.16,6.6
2026-04-14 05:50:42,90.64,5.86
2026-04-14 05:50:42,89.48,6.06
2026-04-14 05:50:42,84.63,6.2
2026-04-14 05:50:42,83.58,7.56
2026-04-14 05:50:43,103.49,6.53
2026-04-14 05:50:43,129.17,5.2
2026-04-14 05:50:43,84.76,6.43
2026-04-14 05:50:43,93.65,7.04
2026-04-14 05:50:43,93.88,5.99
2026-04-14 05:50:43,108.21,5.53
2026-04-14 05:50:44,103.4,6.18
2026-04-14 05:50:44,87.75,6.63
2026-04-14 05:50:44,82.12,7.83
2026-04-14 05:50:44,87.47,7.22
2026-04-14 05:50:44,92.3,7.22
2026-04-14 05:50:44,94.66,5.93
2026-04-14 05:50:44,83.67,6.43
2026-04-14 05:50:45,92.41,7.03
2026-04-14 05:50:45,83.7,6.33
2026-04-14 05:50:45,99.11,6.74
2026-04-14 05:50:45,93.6,6.21
2026-04-14 05:50:45,90.14,6.13
2026-04-14 05:50:45,84.45,6.22
2026-04-14 05:50:46,100.66,6.68
2026-04-14 05:50:46,88.86,6.46
2026-04-14 05:50:46,110.42,5.32
2026-04-14 05:50:46,90.93,6.8
2026-04-14 05:50:46,84.55,6.24
2026-04-14 05:50:46,91.99,7.1
2026-04-14 05:50:46,83.82,6.31
2026-04-14 05:50:47,97.52,6.81
2026-04-14 05:50:47,90.04,6.27
2026-04-14 05:50:47,106.64,5.47
2026-04-14 05:50:47,100.16,6.24
2026-04-14 05:50:47,102.36,5.92
2026-04-14 05:50:47,86.34,6.64
2026-04-14 05:50:48,86.9,7.44
2026-04-14 05:50:48,96.86,7.0
2026-04-14 05:50:48,90.21,6.26
2026-04-14 05:50:48,92.79,5.91
2026-04-14 05:50:48,89.33,6.14
2026-04-14 05:50:48,88.07,6.05
2026-04-14 05:50:49,86.99,6.04
2026-04-14 05:50:49,88.02,7.45
2026-04-14 05:50:49,86.27,7.6
2026-04-14 05:50:49,88.07,7.41
2026-04-14 05:50:49,89.14,7.44
2026-04-14 05:50:49,87.49,5.99
2026-04-14 05:50:49,87.55,6.07
2026-04-14 05:50:50,86.15,7.58
2026-04-14 05:50:50,91.91,7.2
2026-04-14 05:50:50,100.59,5.7
2026-04-14 05:50:50,94.34,6.23
2026-04-14 05:50:50,97.26,5.9
2026-04-14 05:50:50,86.99,6.4
2026-04-14 05:50:50,110.4,6.38
2026-04-14 05:50:51,84.52,7.11
2026-04-14 05:50:51,94.24,6.98
2026-04-14 05:50:51,85.76,6.34
2026-04-14 05:50:51,84.7,7.56
2026-04-14 05:50:51,85.07,7.48
2026-04-14 05:50:51,83.66,7.57
2026-04-14 05:50:51,85.32,7.43
2026-04-14 05:50:52,89.41,7.27
2026-04-14 05:50:52,96.44,5.71
2026-04-14 05:50:52,84.56,6.53
2026-04-14 05:50:52,85.01,7.48
2026-04-14 05:50:52,84.04,7.57
2026-04-14 05:50:52,85.73,7.4
2026-04-14 05:50:52,82.63,7.69
2026-04-14 05:50:53,87.14,7.25
2026-04-14 05:50:53,83.25,7.74
2026-04-14 05:50:53,85.13,7.37
2026-04-14 05:50:53,85.11,7.41
2026-04-14 05:50:53,83.24,7.72
2026-04-14 05:50:53,101.07,6.62
2026-04-14 05:50:53,93.82,6.26
2026-04-14 05:50:54,83.24,6.44
2026-04-14 05:50:54,84.41,7.43
2026-04-14 05:50:54,88.35,7.29
2026-04-14 05:50:54,98.71,5.65
2026-04-14 05:50:54,95.25,6.06
2026-04-14 05:50:54,89.5,6.29
2026-04-14 05:50:55,94.99,5.82
2026-04-14 05:50:55,86.72,6.32
2026-04-14 05:50:55,111.8,6.27
2026-04-14 05:50:55,95.0,6.72
2026-04-14 05:50:55,86.4,6.33
2026-04-14 05:50:55,87.19,7.43
2026-04-14 05:50:55,91.07,7.32
2026-04-14 05:50:56,94.4,5.85
2026-04-14 05:50:56,90.11,6.2
2026-04-14 05:50:56,98.17,5.73
2026-04-14 05:50:56,104.98,5.75
2026-04-14 05:50:56,86.01,6.79
2026-04-14 05:50:56,88.24,7.39
2026-04-14 05:50:57,83.5,6.17
2026-04-14 05:50:57,85.42,7.4
2026-04-14 05:50:57,86.49,7.43
2026-04-14 05:50:57,87.45,5.98
2026-04-14 05:50:57,83.6,7.72
2026-04-14 05:50:57,97.04,6.82
2026-04-14 05:50:57,93.59,6.13
2026-04-14 05:50:58,103.92,5.65
2026-04-14 05:50:58,88.96,6.44
2026-04-14 05:50:58,95.07,5.92
2026-04-14 05:50:58,87.27,6.26
2026-04-14 05:50:58,91.24,5.9
2026-04-14 05:50:58,88.56,6.1
2026-04-14 05:50:59,87.65,6.04
2026-04-14 05:50:59,93.49,7.18
2026-04-14 05:50:59,105.26,5.61
2026-04-14 05:50:59,85.2,6.83
2026-04-14 05:50:59,82.91,7.62
2026-04-14 05:50:59,85.5,7.35
2026-04-14 05:50:59,83.21,7.65
2026-04-14 05:51:00,87.15,7.28
2026-04-14 05:51:00,83.42,7.73
2026-04-14 05:51:00,109.43,6.27
2026-04-14 05:51:00,89.51,6.83
2026-04-14 05:51:00,86.52,6.1
2026-04-14 05:51:00,89.41,7.24
2026-04-14 05:51:00,87.35,6.14
2026-04-14 05:51:01,91.39,7.3
2026-04-14 05:51:01,87.44,6.14
2026-04-14 05:51:01,82.81,7.79
2026-04-14 05:51:01,97.33,6.74
2026-04-14 05:51:01,89.24,6.33
2026-04-14 05:51:01,84.66,6.17
2026-04-14 05:51:02,86.36,7.4
2026-04-14 05:51:02,86.82,7.47
2026-04-14 05:51:02,101.93,6.74
2026-04-14 05:51:02,106.22,5.85
2026-04-14 05:51:02,89.88,6.65
2026-04-14 05:51:02,273.46,2.72
2026-04-14 05:51:03,92.77,5.93
2026-04-14 05:51:03,83.86,6.34
2026-04-14 05:51:03,84.64,7.46
2026-04-14 05:51:03,86.45,7.38
2026-04-14 05:51:03,94.16,7.11
2026-04-14 05:51:03,84.41,6.38
2026-04-14 05:51:04,84.88,7.47
2026-04-14 05:51:04,85.24,7.49
2026-04-14 05:51:04,83.36,7.6
2026-04-14 05:51:04,88.59,7.22
2026-04-14 05:51:04,103.72,5.48
2026-04-14 05:51:04,100.44,6.15
2026-04-14 05:51:04,83.73,6.65
2026-04-14 05:51:05,101.52,6.54
2026-04-14 05:51:05,94.17,6.37
2026-04-14 05:51:05,83.5,6.39
2026-04-14 05:51:05,84.86,7.45
2026-04-14 05:51:05,83.52,7.58
2026-04-14 05:51:05,83.87,7.47
2026-04-14 05:51:05,83.86,7.51
2026-04-14 05:51:06,82.94,7.57
2026-04-14 05:51:06,86.82,7.28
2026-04-14 05:51:06,108.51,6.39
2026-04-14 05:51:06,84.79,7.08
2026-04-14 05:51:06,94.88,6.97
2026-04-14 05:51:06,93.88,6.03
2026-04-14 05:51:06,90.32,6.1
2026-04-14 05:51:07,91.97,5.98
2026-04-14 05:51:07,88.26,6.14
2026-04-14 05:51:07,87.58,6.03
2026-04-14 05:51:07,86.56,7.55
2026-04-14 05:51:07,92.75,7.17
2026-04-14 05:51:07,86.3,6.25
2026-04-14 05:51:08,83.48,7.66
2026-04-14 05:51:08,87.56,7.29
2026-04-14 05:51:08,87.32,7.51
2026-04-14 05:51:08,96.42,7.02
2026-04-14 05:51:08,93.2,6.11
2026-04-14 05:51:08,97.15,5.87
2026-04-14 05:51:08,86.95,6.39
2026-04-14 05:51:09,91.26,7.26
2026-04-14 05:51:09,90.22,6.01
2026-04-14 05:51:09,91.12,5.99
2026-04-14 05:51:09,87.5,6.14
2026-04-14 05:51:09,107.52,6.52
2026-04-14 05:51:09,88.26,6.79
2026-04-14 05:51:10,84.15,6.16
2026-04-14 05:51:10,82.74,7.58
2026-04-14 05:51:10,102.5,6.53
2026-04-14 05:51:10,88.19,6.49
2026-04-14 05:51:10,85.79,6.15
2026-04-14 05:51:10,88.49,7.37
2026-04-14 05:51:10,88.18,6.0
2026-04-14 05:51:11,87.01,6.07
2026-04-14 05:51:11,86.15,7.54
2026-04-14 05:51:11,110.09,6.37
2026-04-14 05:51:11,91.82,6.74
2026-04-14 05:51:11,108.66,5.44
2026-04-14 05:51:11,87.38,6.9
2026-04-14 05:51:11,88.19,7.43
2026-04-14 05:51:12,97.31,5.71
2026-04-14 05:51:12,85.97,6.44
2026-04-14 05:51:12,95.26,7.01
2026-04-14 05:51:12,84.02,6.44
2026-04-14 05:51:12,89.86,7.15
2026-04-14 05:51:12,88.97,6.06
2026-04-14 05:51:13,99.47,5.64
2026-04-14 05:51:13,101.09,5.95
2026-04-14 05:51:13,89.93,6.44
2026-04-14 05:51:13,87.65,6.0
2026-04-14 05:51:13,91.55,5.95
2026-04-14 05:51:13,86.47,6.19
2026-04-14 05:51:14,86.71,7.49
2026-04-14 05:51:14,90.27,7.29
2026-04-14 05:51:14,88.57,6.07
2026-04-14 05:51:14,104.71,5.48
2026-04-14 05:51:14,87.41,6.69
2026-04-14 05:51:14,105.3,6.62
2026-04-14 05:51:14,86.84,6.75
2026-04-14 05:51:15,88.1,7.41
2026-04-14 05:51:15,103.34,5.51
2026-04-14 05:51:15,94.76,6.33
2026-04-14 05:51:15,84.79,6.39
2026-04-14 05:51:15,86.63,7.4
2026-04-14 05:51:15,88.28,7.4
2026-04-14 05:51:16,84.8,6.13
2026-04-14 05:51:16,83.7,7.55
2026-04-14 05:51:16,89.45,7.21
2026-04-14 05:51:16,99.94,5.65
2026-04-14 05:51:16,82.45,6.7
2026-04-14 05:51:16,99.05,6.66
2026-04-14 05:51:16,85.45,6.55
2026-04-14 05:51:17,85.67,7.49
2026-04-14 05:51:17,85.25,7.52
2026-04-14 05:51:17,85.19,7.52
2026-04-14 05:51:17,94.95,6.99
2026-04-14 05:51:17,87.35,6.28
2026-04-14 05:51:17,107.85,6.47
2026-04-14 05:51:17,84.17,7.05
2026-04-14 05:51:18,82.26,7.6
2026-04-14 05:51:18,87.98,7.2
2026-04-14 05:51:18,94.78,7.14
2026-04-14 05:51:18,86.95,6.3
2026-04-14 05:51:18,83.83,7.69
2026-04-14 05:51:18,88.06,7.27
2026-04-14 05:51:18,82.94,7.69
2026-04-14 05:51:19,85.15,7.47
2026-04-14 05:51:19,89.79,7.27
2026-04-14 05:51:19,87.74,6.07
2026-04-14 05:51:19,101.6,6.77
2026-04-14 05:51:19,91.44,6.41
2026-04-14 05:51:19,89.76,6.07
2026-04-14 05:51:19,86.91,6.1
2026-04-14 05:51:20,87.46,7.48
2026-04-14 05:51:20,86.87,7.54
2026-04-14 05:51:20,85.89,7.55
2026-04-14 05:51:20,90.72,7.26
2026-04-14 05:51:20,86.6,6.15
2026-04-14 05:51:20,92.79,7.17
2026-04-14 05:51:20,85.55,6.26
2026-04-14 05:51:21,84.27,7.59
2026-04-14 05:51:21,88.37,7.29
2026-04-14 05:51:21,87.87,7.5
2026-04-14 05:51:21,86.41,6.07
2026-04-14 05:51:21,83.76,7.67
2026-04-14 05:51:21,97.56,6.8
2026-04-14 05:51:21,83.55,6.56
2026-04-14 05:51:22,86.74,7.32
2026-04-14 05:51:22,91.0,7.24
2026-04-14 05:51:22,85.59,6.2
2026-04-14 05:51:22,97.52,6.86
2026-04-14 05:51:22,96.77,6.02
2026-04-14 05:51:22,102.03,5.87
2026-04-14 05:51:23,83.96,6.73
2026-04-14 05:51:23,87.84,7.24
2026-04-14 05:51:23,93.54,5.84
2026-04-14 05:51:23,84.34,6.35
2026-04-14 05:51:23,89.72,7.21
2026-04-14 05:51:23,83.15,6.25
2026-04-14 05:51:23,85.06,7.39
2026-04-14 05:51:24,85.93,7.44
2026-04-14 05:51:24,87.73,7.41
2026-04-14 05:51:24,94.02,7.18
2026-04-14 05:51:24,83.33,6.41
2026-04-14 05:51:24,93.21,6.99
2026-04-14 05:51:24,90.39,6.11
2026-04-14 05:51:24,90.1,6.02
2026-04-14 05:51:25,96.62,5.78
2026-04-14 05:51:25,89.25,6.28
2026-04-14 05:51:25,94.52,5.82
2026-04-14 05:51:25,84.81,6.37
2026-04-14 05:51:25,85.3,7.48
2026-04-14 05:51:25,87.52,7.39
2026-04-14 05:51:26,121.58,5.97
2026-04-14 05:51:26,84.67,7.71
2026-04-14 05:51:26,91.5,7.11
2026-04-14 05:51:26,93.63,5.91
2026-04-14 05:51:26,84.37,6.4
2026-04-14 05:51:26,84.45,7.51
2026-04-14 05:51:26,100.51,6.7
2026-04-14 05:51:27,85.27,6.61
2026-04-14 05:51:27,85.45,7.49
2026-04-14 05:51:27,103.39,6.62
2026-04-14 05:51:27,88.41,6.6
2026-04-14 05:51:27,106.4,5.41
2026-04-14 05:51:27,86.33,6.77
2026-04-14 05:51:28,87.9,7.42
2026-04-14 05:51:28,102.6,5.55
2026-04-14 05:51:28,87.26,6.61
2026-04-14 05:51:28,83.12,7.73
2026-04-14 05:51:28,85.97,7.33
2026-04-14 05:51:28,82.74,7.72
2026-04-14 05:51:28,86.23,7.31
2026-04-14 05:51:28,82.22,7.73
2026-04-14 05:51:29,101.23,6.57
2026-04-14 05:51:29,90.1,6.43
2026-04-14 05:51:29,85.39,6.18
2026-04-14 05:51:29,92.69,7.12
2026-04-14 05:51:29,85.33,6.27
2026-04-14 05:51:29,112.1,6.24
2026-04-14 05:51:30,91.84,6.83
2026-04-14 05:51:30,83.34,6.34
2026-04-14 05:51:30,83.53,7.49
2026-04-14 05:51:30,98.95,6.73
2026-04-14 05:51:30,85.37,6.53
2026-04-14 05:51:30,83.7,7.61
2026-04-14 05:51:30,86.91,7.32
2026-04-14 05:51:31,82.37,7.77
2026-04-14 05:51:31,85.3,7.22
2026-04-14 05:51:31,84.74,7.67
2026-04-14 05:51:31,84.24,7.54
2026-04-14 05:51:31,85.6,7.42
2026-04-14 05:51:31,87.85,7.38
2026-04-14 05:51:31,83.91,6.14
2026-04-14 05:51:32,96.07,6.89
2026-04-14 05:51:32,85.47,6.4
2026-04-14 05:51:32,94.06,7.03
2026-04-14 05:51:32,94.76,6.0
2026-04-14 05:51:32,96.82,5.93
2026-04-14 05:51:32,86.37,6.41
2026-04-14 05:51:32,83.74,7.65
2026-04-14 05:51:33,86.37,7.36
2026-04-14 05:51:33,103.56,6.59
2026-04-14 05:51:33,83.68,6.87
2026-04-14 05:51:33,85.64,7.4
2026-04-14 05:51:33,96.79,6.93
2026-04-14 05:51:33,114.95,5.41
2026-04-14 05:51:33,81.83,7.45
2026-04-14 05:51:34,101.45,6.58
2026-04-14 05:51:34,94.85,6.25
2026-04-14 05:51:34,91.1,6.14
2026-04-14 05:51:34,91.37,6.0
2026-04-14 05:51:34,87.24,6.15
2026-04-14 05:51:34,88.28,7.45
2026-04-14 05:51:35,88.4,5.99
2026-04-14 05:51:35,88.4,6.01
2026-04-14 05:51:35,87.39,6.04
2026-04-14 05:51:35,97.93,6.93
2026-04-14 05:51:35,105.28,5.76
2026-04-14 05:51:35,86.3,6.78
2026-04-14 05:51:36,85.67,7.45
2026-04-14 05:51:36,85.22,7.62
2026-04-14 05:51:36,83.91,7.57
2026-04-14 05:51:36,83.6,7.52
2026-04-14 05:51:36,85.48,7.4
2026-04-14 05:51:36,84.88,7.55
2026-04-14 05:51:36,95.25,6.96
2026-04-14 05:51:37,97.04,5.94
2026-04-14 05:51:37,96.56,6.01
2026-04-14 05:51:37,94.52,6.09
2026-04-14 05:51:37,96.04,5.95
2026-04-14 05:51:37,87.69,6.31
2026-04-14 05:51:37,103.7,6.7
2026-04-14 05:51:37,103.97,6.0
2026-04-14 05:51:38,88.39,6.62
2026-04-14 05:51:38,107.73,5.37
2026-04-14 05:51:38,85.53,6.94
2026-04-14 05:51:38,89.91,7.27
2026-04-14 05:51:38,85.1,6.18
2026-04-14 05:51:38,107.28,6.43
2026-04-14 05:51:39,94.16,6.43
2026-04-14 05:51:39,82.84,6.53
2026-04-14 05:51:39,86.07,7.21
2026-04-14 05:51:39,91.09,5.9
2026-04-14 05:51:39,88.76,6.09
2026-04-14 05:51:39,97.36,5.7
2026-04-14 05:51:40,101.44,5.8
2026-04-14 05:51:40,94.36,6.35
2026-04-14 05:51:40,91.57,6.09
2026-04-14 05:51:40,86.06,6.22
2026-04-14 05:51:40,91.8,7.18
2026-04-14 05:51:40,93.56,5.94
2026-04-14 05:51:41,92.79,6.04
2026-04-14 05:51:41,96.4,5.88
2026-04-14 05:51:41,96.6,5.99
2026-04-14 05:51:41,87.96,6.33
2026-04-14 05:51:41,96.12,7.06
2026-04-14 05:51:41,107.31,5.63
2026-04-14 05:51:41,85.1,6.93
2026-04-14 05:51:42,89.16,7.27
2026-04-14 05:51:42,114.83,5.2
2026-04-14 05:51:42,93.25,6.9
2026-04-14 05:51:42,83.5,6.37
2026-04-14 05:51:42,96.46,6.85
2026-04-14 05:51:42,100.49,5.86
2026-04-14 05:51:43,85.37,6.61
2026-04-14 05:51:43,88.38,7.32
2026-04-14 05:51:43,86.1,6.08
2026-04-14 05:51:43,84.31,7.64
2026-04-14 05:51:43,85.39,7.43
2026-04-14 05:51:43,85.39,7.5
2026-04-14 05:51:43,82.21,7.7
2026-04-14 05:51:44,98.19,6.62
2026-04-14 05:51:44,86.98,6.52
2026-04-14 05:51:44,88.68,7.4
2026-04-14 05:51:44,85.08,6.14
2026-04-14 05:51:44,88.2,7.33
2026-04-14 05:51:44,93.42,5.82
2026-04-14 05:51:44,86.88,6.24
2026-04-14 05:51:45,103.39,6.68
2026-04-14 05:51:45,89.86,6.53
2026-04-14 05:51:45,89.88,6.0
2026-04-14 05:51:45,85.34,6.17
2026-04-14 05:51:45,84.75,7.53
2026-04-14 05:51:45,84.3,7.53
2026-04-14 05:51:45,83.6,7.4
2026-04-14 05:51:46,84.1,7.63
2026-04-14 05:51:46,84.15,7.45
2026-04-14 05:51:46,86.28,7.41
2026-04-14 05:51:46,83.81,7.66
2026-04-14 05:51:46,90.55,7.12
2026-04-14 05:51:46,85.6,6.2
2026-04-14 05:51:46,83.56,7.62
2026-04-14 05:51:47,84.18,7.48
2026-04-14 05:51:47,87.35,7.21
2026-04-14 05:51:47,85.87,6.14
2026-04-14 05:51:47,83.45,7.49
2026-04-14 05:51:47,85.26,7.46
2026-04-14 05:51:47,92.88,7.19
2026-04-14 05:51:47,87.78,6.19
2026-04-14 05:51:48,89.1,5.96
2026-04-14 05:51:48,288.83,2.92
2026-04-14 05:51:48,84.11,6.55
2026-04-14 05:51:48,87.03,7.34
2026-04-14 05:51:48,86.01,7.56
2026-04-14 05:51:49,85.9,7.5
2026-04-14 05:51:49,87.3,7.43
2026-04-14 05:51:49,91.84,7.25
2026-04-14 05:51:49,86.6,6.21
2026-04-14 05:51:49,94.81,7.07
2026-04-14 05:51:49,83.93,6.42
2026-04-14 05:51:49,85.92,7.34
2026-04-14 05:51:50,89.58,7.35
2026-04-14 05:51:50,89.3,6.02
2026-04-14 05:51:50,83.68,6.16
2026-04-14 05:51:50,83.6,7.59
2026-04-14 05:51:50,95.25,6.89
2026-04-14 05:51:50,89.38,6.23
2026-04-14 05:51:50,88.89,5.99
2026-04-14 05:51:51,83.85,6.18
2026-04-14 05:51:51,84.28,7.54
2026-04-14 05:51:51,84.71,7.48
2026-04-14 05:51:51,95.31,6.95
2026-04-14 05:51:51,97.15,5.93
2026-04-14 05:51:51,90.24,6.26
2026-04-14 05:51:52,96.44,5.79
2026-04-14 05:51:52,84.16,6.48
2026-04-14 05:51:52,127.25,5.67
2026-04-14 05:51:52,101.46,5.75
2026-04-14 05:51:52,94.15,6.28
2026-04-14 05:51:52,88.72,6.2
2026-04-14 05:51:53,86.36,6.1
2026-04-14 05:51:53,90.84,7.26
2026-04-14 05:51:53,89.29,6.06
2026-04-14 05:51:53,89.86,5.98
2026-04-14 05:51:53,99.1,5.68
2026-04-14 05:51:53,86.21,6.51
2026-04-14 05:51:53,95.14,7.04
2026-04-14 05:51:54,110.59,5.49
2026-04-14 05:51:54,95.57,6.6
2026-04-14 05:51:54,89.87,6.21
2026-04-14 05:51:54,92.41,5.92
2026-04-14 05:51:54,92.18,6.01
2026-04-14 05:51:54,93.8,5.95
2026-04-14 05:51:55,87.34,6.24
2026-04-14 05:51:55,102.44,6.75
2026-04-14 05:51:55,93.56,6.34
2026-04-14 05:51:55,93.03,6.02
2026-04-14 05:51:55,108.62,5.48
2026-04-14 05:51:55,84.0,7.06
2026-04-14 05:51:56,130.93,5.55
2026-04-14 05:51:56,93.32,6.16
2026-04-14 05:51:56,85.79,6.28
2026-04-14 05:51:56,88.37,7.35
2026-04-14 05:51:56,107.98,5.38
2026-04-14 05:51:56,84.68,6.98
2026-04-14 05:51:57,84.98,7.48
2026-04-14 05:51:57,84.83,7.52
2026-04-14 05:51:57,86.89,7.39
2026-04-14 05:51:57,101.04,6.78
2026-04-14 05:51:57,92.56,6.32
2026-04-14 05:51:57,126.52,4.98
2026-04-14 05:51:57,82.37,6.42
2026-04-14 05:51:58,96.58,6.78
2026-04-14 05:51:58,88.97,6.3
2026-04-14 05:51:58,88.65,6.01
2026-04-14 05:51:58,85.6,6.12
2026-04-14 05:51:58,87.49,7.4
2026-04-14 05:51:58,87.6,7.5
2026-04-14 05:51:58,83.64,7.74
2026-04-14 05:51:59,83.96,7.48
2026-04-14 05:51:59,83.73,7.41
2026-04-14 05:51:59,97.66,6.86
2026-04-14 05:51:59,103.61,5.81
2026-04-14 05:51:59,101.87,6.07
2026-04-14 05:51:59,85.07,6.68
2026-04-14 05:52:00,97.77,6.84
2026-04-14 05:52:00,89.97,6.31
2026-04-14 05:52:00,84.01,7.86
2026-04-14 05:52:00,86.74,7.36
2026-04-14 05:52:00,91.38,7.25
2026-04-14 05:52:00,99.1,5.7
2026-04-14 05:52:00,94.77,6.21
2026-04-14 05:52:01,99.36,5.84
2026-04-14 05:52:01,115.45,5.48
2026-04-14 05:52:01,90.5,7.06
2026-04-14 05:52:01,90.22,6.01
2026-04-14 05:52:01,99.65,5.65
2026-04-14 05:52:01,83.1,6.71
2026-04-14 05:52:02,85.52,7.36
2026-04-14 05:52:02,100.94,6.73
2026-04-14 05:52:02,86.4,6.57
2026-04-14 05:52:02,105.13,6.59
2026-04-14 05:52:02,103.18,6.02
2026-04-14 05:52:02,89.65,6.59
2026-04-14 05:52:02,86.55,6.11
2026-04-14 05:52:03,88.51,7.4
2026-04-14 05:52:03,86.24,6.08
2026-04-14 05:52:03,87.65,7.37
2026-04-14 05:52:03,90.18,5.92
2026-04-14 05:52:03,91.31,6.0
2026-04-14 05:52:03,85.58,6.22
2026-04-14 05:52:04,88.52,7.34
2026-04-14 05:52:04,96.84,5.72
2026-04-14 05:52:04,100.74,5.86
2026-04-14 05:52:04,87.37,6.51
2026-04-14 05:52:04,86.14,7.45
2026-04-14 05:52:04,96.41,5.74
2026-04-14 05:52:05,83.76,6.51
2026-04-14 05:52:05,88.7,7.24
2026-04-14 05:52:05,98.22,5.58
2026-04-14 05:52:05,85.07,6.66
2026-04-14 05:52:05,90.94,7.18
2026-04-14 05:52:05,82.6,6.32
2026-04-14 05:52:05,85.64,7.32
2026-04-14 05:52:06,83.01,7.67
2026-04-14 05:52:06,84.42,7.41
2026-04-14 05:52:06,93.91,6.96
2026-04-14 05:52:06,87.83,6.27
2026-04-14 05:52:06,97.63,6.97
2026-04-14 05:52:06,97.01,6.0
2026-04-14 05:52:06,87.27,6.39
2026-04-14 05:52:07,92.83,5.84
2026-04-14 05:52:07,85.02,6.3
2026-04-14 05:52:07,85.69,7.47
2026-04-14 05:52:07,84.24,7.59
2026-04-14 05:52:07,87.84,7.3
2026-04-14 05:52:07,90.74,7.26
2026-04-14 05:52:07,83.61,6.34
2026-04-14 05:52:08,85.81,7.38
2026-04-14 05:52:08,82.26,7.71
2026-04-14 05:52:08,85.5,7.23
2026-04-14 05:52:08,83.59,7.7
2026-04-14 05:52:08,95.42,6.89
2026-04-14 05:52:08,96.87,5.96
2026-04-14 05:52:08,81.97,6.59
2026-04-14 05:52:09,83.25,7.23
2026-04-14 05:52:09,83.78,7.68
2026-04-14 05:52:09,84.33,7.42
2026-04-14 05:52:09,89.66,7.28
2026-04-14 05:52:09,94.0,5.85
2026-04-14 05:52:09,85.71,6.27
2026-04-14 05:52:10,105.41,6.59
2026-04-14 05:52:10,102.23,6.11
2026-04-14 05:52:10,108.82,5.74
2026-04-14 05:52:10,97.56,6.49
2026-04-14 05:52:10,106.05,5.71
2026-04-14 05:52:10,103.41,6.08
2026-04-14 05:52:10,84.46,6.8
2026-04-14 05:52:11,86.6,7.38
2026-04-14 05:52:11,97.06,6.96
2026-04-14 05:52:11,83.39,6.54
2026-04-14 05:52:11,135.77,5.39
2026-04-14 05:52:11,86.89,6.62
2026-04-14 05:52:11,85.52,7.59
2026-04-14 05:52:12,87.53,7.38
2026-04-14 05:52:12,83.81,7.73
2026-04-14 05:52:12,84.2,7.48
2026-04-14 05:52:12,84.06,7.42
2026-04-14 05:52:12,84.7,7.56
2026-04-14 05:52:12,85.71,7.45
2026-04-14 05:52:12,93.29,7.09
2026-04-14 05:52:12,87.84,6.21
2026-04-14 05:52:13,83.82,7.73
2026-04-14 05:52:13,96.78,6.84
2026-04-14 05:52:13,86.37,6.39
2026-04-14 05:52:13,122.25,5.92
2026-04-14 05:52:13,86.88,6.06
2026-04-14 05:52:13,86.68,7.52
2026-04-14 05:52:14,90.96,7.29
2026-04-14 05:52:14,89.86,6.05
2026-04-14 05:52:14,87.73,6.08
2026-04-14 05:52:14,86.46,7.58
2026-04-14 05:52:14,93.43,7.13
2026-04-14 05:52:14,88.18,6.21
2026-04-14 05:52:14,82.28,7.77
2026-04-14 05:52:15,90.33,7.13
2026-04-14 05:52:15,83.75,6.21
2026-04-14 05:52:15,94.92,6.96
2026-04-14 05:52:15,84.07,6.39
2026-04-14 05:52:15,84.12,7.55
2026-04-14 05:52:15,84.91,7.46
2026-04-14 05:52:15,85.5,7.41
2026-04-14 05:52:16,82.9,7.66
2026-04-14 05:52:16,88.73,7.23
2026-04-14 05:52:16,87.43,6.06
2026-04-14 05:52:16,89.1,7.41
2026-04-14 05:52:16,90.01,5.95
2026-04-14 05:52:16,84.53,6.23
2026-04-14 05:52:16,96.55,6.85
2026-04-14 05:52:17,86.36,6.38
2026-04-14 05:52:17,84.23,7.69
2026-04-14 05:52:17,89.4,7.23
2026-04-14 05:52:17,84.85,6.16
2026-04-14 05:52:17,85.28,7.51
2026-04-14 05:52:17,97.55,6.87
2026-04-14 05:52:17,85.15,6.44
2026-04-14 05:52:18,83.64,7.64
2026-04-14 05:52:18,85.67,7.4
2026-04-14 05:52:18,109.96,6.3
2026-04-14 05:52:18,83.71,7.1
2026-04-14 05:52:18,113.4,6.13
2026-04-14 05:52:18,86.1,7.27
2026-04-14 05:52:18,86.75,7.46
2026-04-14 05:52:19,87.0,7.49
2026-04-14 05:52:19,98.52,6.91
2026-04-14 05:52:19,129.49,5.06
2026-04-14 05:52:19,99.94,5.86
2026-04-14 05:52:19,95.68,6.12
2026-04-14 05:52:19,85.11,6.46
2026-04-14 05:52:20,89.14,7.3
2026-04-14 05:52:20,86.24,6.06
2026-04-14 05:52:20,96.73,7.01
2026-04-14 05:52:20,108.91,5.59
2026-04-14 05:52:20,86.59,6.93
2026-04-14 05:52:20,89.01,7.31
2026-04-14 05:52:21,85.65,6.15
2026-04-14 05:52:21,91.63,7.2
2026-04-14 05:52:21,98.05,5.74
2026-04-14 05:52:21,93.68,6.21
2026-04-14 05:52:21,88.33,6.2
2026-04-14 05:52:21,83.71,6.18
2026-04-14 05:52:21,85.84,7.39
2026-04-14 05:52:22,104.19,6.6
2026-04-14 05:52:22,99.27,6.18
2026-04-14 05:52:22,84.34,6.59
2026-04-14 05:52:22,101.1,6.65
2026-04-14 05:52:22,87.82,6.54
2026-04-14 05:52:22,99.44,6.77
2026-04-14 05:52:23,84.41,6.72
2026-04-14 05:52:23,102.87,6.54
2026-04-14 05:52:23,89.52,6.57
2026-04-14 05:52:23,87.25,6.05
2026-04-14 05:52:23,107.46,5.35
2026-04-14 05:52:23,101.05,6.25
2026-04-14 05:52:23,84.63,6.71
2026-04-14 05:52:24,93.69,7.03
2026-04-14 05:52:24,100.57,5.76
2026-04-14 05:52:24,88.55,6.48
2026-04-14 05:52:24,105.83,5.43
2026-04-14 05:52:24,85.17,6.86
2026-04-14 05:52:24,87.78,7.28
2026-04-14 05:52:25,84.07,6.2
2026-04-14 05:52:25,89.45,7.21
2026-04-14 05:52:25,92.61,5.86
2026-04-14 05:52:25,90.05,6.12
2026-04-14 05:52:25,95.03,5.85
2026-04-14 05:52:25,83.84,6.42
2026-04-14 05:52:26,93.43,7.0
2026-04-14 05:52:26,97.61,5.86
2026-04-14 05:52:26,93.29,6.16
2026-04-14 05:52:26,96.67,5.89
2026-04-14 05:52:26,83.59,6.48
2026-04-14 05:52:26,84.6,7.49
2026-04-14 05:52:26,84.18,7.51
2026-04-14 05:52:27,83.95,7.53
2026-04-14 05:52:27,86.82,7.33
2026-04-14 05:52:27,89.83,7.34
2026-04-14 05:52:27,120.85,5.06
2026-04-14 05:52:27,85.27,7.62
2026-04-14 05:52:27,92.47,7.12
2026-04-14 05:52:27,97.24,5.83
2026-04-14 05:52:28,82.7,6.58
2026-04-14 05:52:28,84.61,7.4
2026-04-14 05:52:28,82.77,7.42
2026-04-14 05:52:28,91.59,7.2
2026-04-14 05:52:28,84.6,6.27
2026-04-14 05:52:28,86.87,7.37
2026-04-14 05:52:28,90.71,7.3
2026-04-14 05:52:29,87.25,6.13
2026-04-14 05:52:29,83.73,7.71
2026-04-14 05:52:29,92.77,7.03
2026-04-14 05:52:29,86.35,6.25
2026-04-14 05:52:29,84.49,7.61
2026-04-14 05:52:29,90.68,7.17
2026-04-14 05:52:30,89.78,6.03
2026-04-14 05:52:30,98.59,5.7
2026-04-14 05:52:30,101.82,5.9
2026-04-14 05:52:30,112.99,5.62
2026-04-14 05:52:30,82.29,7.36
2026-04-14 05:52:30,91.91,6.94
2026-04-14 05:52:30,83.93,6.35
2026-04-14 05:52:31,84.8,7.46
2026-04-14 05:52:31,84.33,7.53
2026-04-14 05:52:31,313.18,2.75
2026-04-14 05:52:31,88.55,5.77
2026-04-14 05:52:31,98.21,5.64
2026-04-14 05:52:32,84.93,6.57
2026-04-14 05:52:32,97.99,6.83
2026-04-14 05:52:32,112.29,5.47
2026-04-14 05:52:32,87.46,7.15
2026-04-14 05:52:32,100.39,6.84
2026-04-14 05:52:32,99.64,6.03
2026-04-14 05:52:33,94.91,6.14
2026-04-14 05:52:33,97.14,5.95
2026-04-14 05:52:33,117.86,5.34
2026-04-14 05:52:33,82.81,7.6
2026-04-14 05:52:33,87.88,7.22
2026-04-14 05:52:33,86.85,7.46
2026-04-14 05:52:33,85.94,6.06
2026-04-14 05:52:34,82.74,7.58
2026-04-14 05:52:34,85.42,7.51
2026-04-14 05:52:34,91.6,7.17
2026-04-14 05:52:34,90.99,6.03
2026-04-14 05:52:34,83.4,6.29
2026-04-14 05:52:34,85.2,7.4
2026-04-14 05:52:34,91.0,7.14
2026-04-14 05:52:35,116.32,5.24
2026-04-14 05:52:35,85.05,7.38
2026-04-14 05:52:35,83.84,7.58
2026-04-14 05:52:35,91.8,7.07
2026-04-14 05:52:35,84.6,6.27
2026-04-14 05:52:35,88.2,7.32
2026-04-14 05:52:36,85.97,6.09
2026-04-14 05:52:36,85.66,7.52
2026-04-14 05:52:36,107.37,6.46
2026-04-14 05:52:36,86.2,6.88
2026-04-14 05:52:36,86.6,7.47
2026-04-14 05:52:36,85.36,7.48
2026-04-14 05:52:36,89.65,7.37
2026-04-14 05:52:37,92.72,5.87
2026-04-14 05:52:37,89.92,6.13
2026-04-14 05:52:37,97.21,5.75
2026-04-14 05:52:37,97.26,6.0
2026-04-14 05:52:37,98.1,5.97
2026-04-14 05:52:37,88.37,6.38
2026-04-14 05:52:38,85.42,7.54
2026-04-14 05:52:38,99.47,6.88
2026-04-14 05:52:38,91.94,6.3
2026-04-14 05:52:38,92.26,5.94
2026-04-14 05:52:38,86.14,6.29
2026-04-14 05:52:38,110.79,6.33
2026-04-14 05:52:38,92.76,6.73
2026-04-14 05:52:39,91.57,6.04
2026-04-14 05:52:39,86.6,6.2
2026-04-14 05:52:39,89.83,7.32
2026-04-14 05:52:39,106.1,5.47
2026-04-14 05:52:39,87.78,6.73
2026-04-14 05:52:39,86.43,6.07
2026-04-14 05:52:40,91.48,7.24
2026-04-14 05:52:40,95.2,5.86
2026-04-14 05:52:40,87.23,6.32
2026-04-14 05:52:40,93.83,7.14
2026-04-14 05:52:40,86.81,6.13
2026-04-14 05:52:40,97.98,5.74
2026-04-14 05:52:41,86.26,6.46
2026-04-14 05:52:41,110.52,6.35
2026-04-14 05:52:41,85.1,7.08
2026-04-14 05:52:41,103.76,6.58
2026-04-14 05:52:41,104.19,5.98
2026-04-14 05:52:41,91.56,6.47
2026-04-14 05:52:41,87.81,6.17
2026-04-14 05:52:42,86.43,7.58
2026-04-14 05:52:42,101.47,6.74
2026-04-14 05:52:42,86.56,6.59
2026-04-14 05:52:42,83.72,7.68
2026-04-14 05:52:42,83.3,7.49
2026-04-14 05:52:42,84.85,7.45
2026-04-14 05:52:42,88.48,7.28
2026-04-14 05:52:43,82.61,6.17
2026-04-14 05:52:43,120.76,5.87
2026-04-14 05:52:43,88.48,5.99
2026-04-14 05:52:43,82.61,6.22
2026-04-14 05:52:43,83.56,7.44
2026-04-14 05:52:43,87.83,7.28
2026-04-14 05:52:43,95.02,7.11
2026-04-14 05:52:44,90.45,6.18
2026-04-14 05:52:44,82.83,6.29
2026-04-14 05:52:44,94.95,6.79
2026-04-14 05:52:44,83.74,6.51
2026-04-14 05:52:44,86.23,7.37
2026-04-14 05:52:44,90.25,7.28
2026-04-14 05:52:45,84.9,6.2
2026-04-14 05:52:45,83.58,7.54
2026-04-14 05:52:45,97.59,6.82
2026-04-14 05:52:45,97.24,5.97
2026-04-14 05:52:45,96.57,5.91
2026-04-14 05:52:45,85.73,6.54
2026-04-14 05:52:45,85.14,7.63
2026-04-14 05:52:46,93.08,7.08
2026-04-14 05:52:46,104.17,5.63
2026-04-14 05:52:46,99.75,6.16
2026-04-14 05:52:46,86.72,6.52
2026-04-14 05:52:46,93.35,7.14
2026-04-14 05:52:46,85.78,6.26
2026-04-14 05:52:47,85.24,7.58
2026-04-14 05:52:47,100.74,6.69
2026-04-14 05:52:47,91.0,6.4
2026-04-14 05:52:47,90.49,5.98
2026-04-14 05:52:47,94.48,5.9
2026-04-14 05:52:47,88.14,6.24
2026-04-14 05:52:47,87.93,7.52
2026-04-14 05:52:48,102.09,5.53
2026-04-14 05:52:48,104.33,5.92
2026-04-14 05:52:48,85.23,6.75
2026-04-14 05:52:48,93.47,7.1
2026-04-14 05:52:48,89.49,6.15
2026-04-14 05:52:48,103.26,5.55
2026-04-14 05:52:49,99.75,6.13
2026-04-14 05:52:49,96.47,6.12
2026-04-14 05:52:49,97.78,5.95
2026-04-14 05:52:49,115.63,5.43
2026-04-14 05:52:49,87.37,7.21
2026-04-14 05:52:49,88.0,7.48
2026-04-14 05:52:50,91.92,5.87
2026-04-14 05:52:50,86.18,6.21
2026-04-14 05:52:50,98.54,6.86
2026-04-14 05:52:50,86.66,6.47
2026-04-14 05:52:50,96.87,6.96
2026-04-14 05:52:50,87.24,6.37
2026-04-14 05:52:50,88.24,7.45
2026-04-14 05:52:51,84.99,6.08
2026-04-14 05:52:51,85.69,6.02
2026-04-14 05:52:51,92.07,7.16
2026-04-14 05:52:51,85.61,6.24
2026-04-14 05:52:51,84.84,7.54
2026-04-14 05:52:51,84.17,7.53
2026-04-14 05:52:51,96.88,6.85
2026-04-14 05:52:52,83.56,6.52
2026-04-14 05:52:52,100.54,6.62
2026-04-14 05:52:52,106.28,5.84
2026-04-14 05:52:52,88.62,6.71
2026-04-14 05:52:52,89.05,5.94
2026-04-14 05:52:52,89.6,6.02
2026-04-14 05:52:53,87.93,6.03
2026-04-14 05:52:53,91.6,5.85
2026-04-14 05:52:53,109.61,5.46
2026-04-14 05:52:53,106.14,6.13
2026-04-14 05:52:53,82.24,7.02
2026-04-14 05:52:53,95.31,6.83
2026-04-14 05:52:54,86.45,6.35
2026-04-14 05:52:54,83.69,7.65
2026-04-14 05:52:54,105.59,6.45
2026-04-14 05:52:54,84.7,6.88
2026-04-14 05:52:54,100.87,6.67
2026-04-14 05:52:54,89.32,6.46
2026-04-14 05:52:54,82.96,6.24
2026-04-14 05:52:55,87.31,7.21
2026-04-14 05:52:55,84.16,6.16
2026-04-14 05:52:55,87.85,7.3
2026-04-14 05:52:55,113.37,6.3
2026-04-14 05:52:55,87.0,7.13
2026-04-14 05:52:55,85.8,7.56
2026-04-14 05:52:55,93.0,7.12
2026-04-14 05:52:56,86.68,6.24
2026-04-14 05:52:56,106.56,6.53
2026-04-14 05:52:56,87.7,6.77
2026-04-14 05:52:56,93.83,7.17
2026-04-14 05:52:56,88.39,6.2
2026-04-14 05:52:56,109.6,5.33
2026-04-14 05:52:57,84.4,7.07
2026-04-14 05:52:57,85.57,7.32
2026-04-14 05:52:57,88.4,7.46
2026-04-14 05:52:57,84.35,6.17
2026-04-14 05:52:57,83.19,7.55
2026-04-14 05:52:57,83.27,7.5
2026-04-14 05:52:57,94.52,6.92
2026-04-14 05:52:58,85.05,6.37
2026-04-14 05:52:58,106.1,6.46
2026-04-14 05:52:58,107.98,5.95
2026-04-14 05:52:58,91.36,6.64
2026-04-14 05:52:58,97.79,5.79
2026-04-14 05:52:58,88.87,6.36
2026-04-14 05:52:59,87.09,6.07
2026-04-14 05:52:59,88.34,7.43
2026-04-14 05:52:59,85.93,6.07
2026-04-14 05:52:59,82.88,7.7
2026-04-14 05:52:59,86.84,7.29
2026-04-14 05:52:59,102.21,6.71
2026-04-14 05:52:59,87.24,6.5
2026-04-14 05:53:00,86.05,6.14
2026-04-14 05:53:00,83.42,7.65
2026-04-14 05:53:00,98.85,6.73
2026-04-14 05:53:00,86.42,6.48
2026-04-14 05:53:00,83.29,7.69
2026-04-14 05:53:00,83.4,7.43
2026-04-14 05:53:00,84.41,7.51
2026-04-14 05:53:01,84.7,7.49
2026-04-14 05:53:01,84.15,7.43
2026-04-14 05:53:01,84.79,7.56
2026-04-14 05:53:01,85.3,7.48
2026-04-14 05:53:01,93.63,7.07
2026-04-14 05:53:01,85.83,6.29
2026-04-14 05:53:01,83.22,7.64
2026-04-14 05:53:01,84.47,7.45
2026-04-14 05:53:02,83.3,7.57
2026-04-14 05:53:02,83.64,7.49
2026-04-14 05:53:02,88.19,7.24
2026-04-14 05:53:02,91.59,5.89
2026-04-14 05:53:02,86.35,6.2
2026-04-14 05:53:02,116.23,6.13
2026-04-14 05:53:03,83.46,7.47
2026-04-14 05:53:03,87.01,7.3
2026-04-14 05:53:03,82.83,7.75
2026-04-14 05:53:03,87.87,7.2
2026-04-14 05:53:03,94.6,5.79
2026-04-14 05:53:03,87.17,6.29
2026-04-14 05:53:03,86.59,7.53
2026-04-14 05:53:04,86.09,7.54
2026-04-14 05:53:04,86.59,7.47
2026-04-14 05:53:04,113.44,6.25
2026-04-14 05:53:04,89.99,6.98
2026-04-14 05:53:04,89.4,6.02
2026-04-14 05:53:04,93.38,5.86
2026-04-14 05:53:04,86.43,6.27
2026-04-14 05:53:05,101.75,6.73
2026-04-14 05:53:05,105.24,5.88
2026-04-14 05:53:05,109.86,5.84
2026-04-14 05:53:05,86.34,6.97
2026-04-14 05:53:05,86.59,7.51
2026-04-14 05:53:05,88.39,7.42
2026-04-14 05:53:05,89.02,7.44
2026-04-14 05:53:06,87.1,6.08
2026-04-14 05:53:06,97.57,6.96
2026-04-14 05:53:06,88.88,6.29
2026-04-14 05:53:06,95.12,5.78
2026-04-14 05:53:06,89.13,6.27
2026-04-14 05:53:06,93.89,5.8
2026-04-14 05:53:07,87.37,6.24
2026-04-14 05:53:07,87.96,5.99
2026-04-14 05:53:07,86.56,6.06
2026-04-14 05:53:07,90.23,7.36
2026-04-14 05:53:07,90.12,6.0
2026-04-14 05:53:07,88.61,6.06
2026-04-14 05:53:08,87.14,6.02
2026-04-14 05:53:08,114.07,6.27
2026-04-14 05:53:08,96.84,6.71
2026-04-14 05:53:08,86.83,6.34
2026-04-14 05:53:08,83.55,7.76
2026-04-14 05:53:08,88.65,7.23
2026-04-14 05:53:08,88.26,6.02
2026-04-14 05:53:09,102.5,5.53
2026-04-14 05:53:09,274.58,2.93
2026-04-14 05:53:09,119.73,5.59
2026-04-14 05:53:09,88.29,6.05
2026-04-14 05:53:10,93.46,5.83
2026-04-14 05:53:10,95.2,5.91
2026-04-14 05:53:10,91.9,6.16
2026-04-14 05:53:10,86.16,6.21
2026-04-14 05:53:10,83.52,7.67
2026-04-14 05:53:10,97.42,6.8
2026-04-14 05:53:10,83.54,6.55
2026-04-14 05:53:11,90.91,7.1
2026-04-14 05:53:11,86.32,6.18
2026-04-14 05:53:11,98.73,6.84
2026-04-14 05:53:11,97.02,6.09
2026-04-14 05:53:11,89.22,6.25
2026-04-14 05:53:11,89.63,6.03
2026-04-14 05:53:12,90.48,5.97
2026-04-14 05:53:12,85.46,6.18
2026-04-14 05:53:12,93.31,6.94
2026-04-14 05:53:12,90.39,6.22
2026-04-14 05:53:12,90.77,5.99
2026-04-14 05:53:12,86.68,6.15
2026-04-14 05:53:12,84.79,7.61
2026-04-14 05:53:13,87.51,7.36
2026-04-14 05:53:13,99.93,6.86
2026-04-14 05:53:13,102.04,5.92
2026-04-14 05:53:13,89.5,6.5
2026-04-14 05:53:13,88.91,6.01
2026-04-14 05:53:13,93.12,5.87
2026-04-14 05:53:14,95.77,5.88
2026-04-14 05:53:14,86.56,6.39
2026-04-14 05:53:14,98.42,6.89
2026-04-14 05:53:14,92.52,6.18
2026-04-14 05:53:14,103.22,5.68
2026-04-14 05:53:14,89.19,6.55
2026-04-14 05:53:15,85.59,6.14
2026-04-14 05:53:15,84.15,7.58
2026-04-14 05:53:15,91.32,7.13
2026-04-14 05:53:15,87.28,6.16
2026-04-14 05:53:15,89.61,7.37
2026-04-14 05:53:15,89.45,5.95
2026-04-14 05:53:15,89.7,6.05
2026-04-14 05:53:16,86.3,6.05
2026-04-14 05:53:16,85.33,6.11
2026-04-14 05:53:16,87.68,7.38
2026-04-14 05:53:16,86.41,6.05
2026-04-14 05:53:16,87.62,7.43
2026-04-14 05:53:16,88.32,7.45
2026-04-14 05:53:17,86.09,6.1
2026-04-14 05:53:17,87.32,7.45
2026-04-14 05:53:17,85.01,7.61
2026-04-14 05:53:17,106.24,6.48
2026-04-14 05:53:17,91.16,6.6
2026-04-14 05:53:17,96.77,5.81
2026-04-14 05:53:17,87.38,6.36
2026-04-14 05:53:18,87.31,7.5
2026-04-14 05:53:18,88.87,7.42
2026-04-14 05:53:18,88.8,6.01
2026-04-14 05:53:18,92.74,5.84
2026-04-14 05:53:18,88.26,6.19
2026-04-14 05:53:18,87.25,6.03
2026-04-14 05:53:19,89.37,5.88
2026-04-14 05:53:19,94.58,5.87
2026-04-14 05:53:19,101.56,5.77
2026-04-14 05:53:19,89.5,6.45
2026-04-14 05:53:19,85.77,6.15
2026-04-14 05:53:19,85.9,7.51
2026-04-14 05:53:19,109.37,6.38
2026-04-14 05:53:20,87.49,6.89
2026-04-14 05:53:20,85.93,7.61
2026-04-14 05:53:20,107.24,6.46
2026-04-14 05:53:20,87.4,6.82
2026-04-14 05:53:20,106.03,6.58
2026-04-14 05:53:20,90.18,6.63
2026-04-14 05:53:21,87.3,6.11
2026-04-14 05:53:21,98.47,6.93
2026-04-14 05:53:21,89.13,6.36
2026-04-14 05:53:21,90.58,5.96
2026-04-14 05:53:21,84.17,6.24
2026-04-14 05:53:21,109.26,6.32
2026-04-14 05:53:21,83.78,7.09
2026-04-14 05:53:22,107.4,6.32
2026-04-14 05:53:22,99.39,6.35
2026-04-14 05:53:22,94.86,6.17
2026-04-14 05:53:22,89.4,6.21
2026-04-14 05:53:22,104.41,5.51
2026-04-14 05:53:22,87.91,6.66
2026-04-14 05:53:23,86.02,6.08
2026-04-14 05:53:23,92.19,7.17
2026-04-14 05:53:23,104.72,5.57
2026-04-14 05:53:23,83.31,6.9
2026-04-14 05:53:23,87.15,7.3
2026-04-14 05:53:23,109.01,6.44
2026-04-14 05:53:23,83.15,7.12
2026-04-14 05:53:24,82.62,7.53
2026-04-14 05:53:24,84.99,7.37
2026-04-14 05:53:24,85.65,7.47
2026-04-14 05:53:24,106.71,6.47
2026-04-14 05:53:24,109.61,5.9
2026-04-14 05:53:24,102.83,6.23
