Timestamp,Inference_Time_ms,FPS
2026-04-14 06:01:00,166.62,1.78
2026-04-14 06:01:00,82.65,6.75
2026-04-14 06:01:00,82.82,7.51
2026-04-14 06:01:00,82.34,7.53
2026-04-14 06:01:01,81.88,7.53
2026-04-14 06:01:01,81.14,7.54
2026-04-14 06:01:01,81.33,7.5
2026-04-14 06:01:01,84.04,7.34
2026-04-14 06:01:01,84.11,7.51
2026-04-14 06:01:01,93.12,7.03
2026-04-14 06:01:01,81.94,6.4
2026-04-14 06:01:02,81.74,7.5
2026-04-14 06:01:02,81.93,7.5
2026-04-14 06:01:02,81.58,7.59
2026-04-14 06:01:02,85.82,7.26
2026-04-14 06:01:02,81.84,7.75
2026-04-14 06:01:02,80.83,7.55
2026-04-14 06:01:02,96.3,6.7
2026-04-14 06:01:03,82.43,6.58
2026-04-14 06:01:03,84.39,7.39
2026-04-14 06:01:03,82.9,7.59
2026-04-14 06:01:03,88.96,7.18
2026-04-14 06:01:03,81.94,6.26
2026-04-14 06:01:03,81.3,7.53
2026-04-14 06:01:03,82.46,7.45
2026-04-14 06:01:03,82.19,7.47
2026-04-14 06:01:04,81.7,7.59
2026-04-14 06:01:04,82.15,7.48
2026-04-14 06:01:04,81.98,7.52
2026-04-14 06:01:04,82.17,7.47
2026-04-14 06:01:04,82.22,7.52
2026-04-14 06:01:04,82.23,7.51
2026-04-14 06:01:04,82.07,7.51
2026-04-14 06:01:05,84.2,7.39
2026-04-14 06:01:05,81.44,7.66
2026-04-14 06:01:05,82.36,7.43
2026-04-14 06:01:05,89.33,7.14
2026-04-14 06:01:05,81.61,7.97
2026-04-14 06:01:05,83.65,7.39
2026-04-14 06:01:05,81.07,7.64
2026-04-14 06:01:05,82.73,7.43
2026-04-14 06:01:06,82.03,7.54
2026-04-14 06:01:06,81.76,7.53
2026-04-14 06:01:06,81.0,7.55
2026-04-14 06:01:06,80.75,7.51
2026-04-14 06:01:06,81.51,7.46
2026-04-14 06:01:06,82.25,7.47
2026-04-14 06:01:06,82.04,7.5
2026-04-14 06:01:07,81.54,7.51
2026-04-14 06:01:07,82.3,7.49
2026-04-14 06:01:07,81.5,7.55
2026-04-14 06:01:07,81.26,7.52
2026-04-14 06:01:07,81.34,7.51
2026-04-14 06:01:07,82.35,7.43
2026-04-14 06:01:07,81.45,7.57
2026-04-14 06:01:07,82.03,7.46
2026-04-14 06:01:08,81.83,7.51
2026-04-14 06:01:08,82.32,7.5
2026-04-14 06:01:08,81.37,7.55
2026-04-14 06:01:08,80.66,7.54
2026-04-14 06:01:08,82.93,7.38
2026-04-14 06:01:08,81.44,7.6
2026-04-14 06:01:08,82.26,7.44
2026-04-14 06:01:09,81.89,7.53
2026-04-14 06:01:09,81.63,7.53
2026-04-14 06:01:09,82.12,7.47
2026-04-14 06:01:09,87.06,7.23
2026-04-14 06:01:09,83.53,7.72
2026-04-14 06:01:09,93.71,6.95
2026-04-14 06:01:09,83.12,6.43
2026-04-14 06:01:10,81.33,7.6
2026-04-14 06:01:10,89.16,7.09
2026-04-14 06:01:10,84.04,6.2
2026-04-14 06:01:10,86.65,7.36
2026-04-14 06:01:10,83.36,7.68
2026-04-14 06:01:10,90.19,7.14
2026-04-14 06:01:10,83.61,6.25
2026-04-14 06:01:11,81.84,7.58
2026-04-14 06:01:11,84.46,7.37
2026-04-14 06:01:11,82.81,7.61
2026-04-14 06:01:11,81.85,7.55
2026-04-14 06:01:11,83.52,7.42
2026-04-14 06:01:11,86.01,7.37
2026-04-14 06:01:11,82.1,7.72
2026-04-14 06:01:11,82.53,7.47
2026-04-14 06:01:12,94.63,6.88
2026-04-14 06:01:12,83.53,6.45
2026-04-14 06:01:12,81.88,7.58
2026-04-14 06:01:12,82.13,7.48
2026-04-14 06:01:12,83.38,7.43
2026-04-14 06:01:12,81.83,7.62
2026-04-14 06:01:12,94.33,6.84
2026-04-14 06:01:13,84.19,6.4
2026-04-14 06:01:13,82.18,7.59
2026-04-14 06:01:13,82.33,7.52
2026-04-14 06:01:13,82.53,7.5
2026-04-14 06:01:13,83.42,7.44
2026-04-14 06:01:13,82.51,7.56
2026-04-14 06:01:13,82.57,7.49
2026-04-14 06:01:14,82.43,7.51
2026-04-14 06:01:14,86.07,7.3
2026-04-14 06:01:14,81.13,7.8
2026-04-14 06:01:14,84.99,7.28
2026-04-14 06:01:14,81.06,7.74
2026-04-14 06:01:14,86.24,7.22
2026-04-14 06:01:14,82.88,7.71
2026-04-14 06:01:14,82.24,7.52
2026-04-14 06:01:15,80.91,7.6
2026-04-14 06:01:15,84.57,7.29
2026-04-14 06:01:15,81.72,7.61
2026-04-14 06:01:15,83.35,7.46
2026-04-14 06:01:15,82.66,7.56
2026-04-14 06:01:15,84.72,7.38
2026-04-14 06:01:15,81.17,7.71
2026-04-14 06:01:16,82.41,7.44
2026-04-14 06:01:16,83.49,7.45
2026-04-14 06:01:16,81.79,7.6
2026-04-14 06:01:16,82.54,7.45
2026-04-14 06:01:16,81.82,7.55
2026-04-14 06:01:16,82.96,7.43
2026-04-14 06:01:16,83.01,7.5
2026-04-14 06:01:16,83.04,7.51
2026-04-14 06:01:17,81.14,7.61
2026-04-14 06:01:17,82.06,7.45
2026-04-14 06:01:17,83.67,7.34
2026-04-14 06:01:17,83.23,7.59
2026-04-14 06:01:17,84.01,7.46
2026-04-14 06:01:17,83.66,7.53
2026-04-14 06:01:17,82.24,7.58
2026-04-14 06:01:18,83.17,7.38
2026-04-14 06:01:18,82.9,7.59
2026-04-14 06:01:18,81.53,7.58
2026-04-14 06:01:18,82.05,7.48
2026-04-14 06:01:18,82.23,7.43
2026-04-14 06:01:18,81.56,7.36
2026-04-14 06:01:18,84.26,7.6
2026-04-14 06:01:18,82.83,7.58
2026-04-14 06:01:19,83.62,7.47
2026-04-14 06:01:19,83.55,7.49
2026-04-14 06:01:19,81.15,7.66
2026-04-14 06:01:19,82.85,7.39
2026-04-14 06:01:19,83.82,7.47
2026-04-14 06:01:19,81.68,7.62
2026-04-14 06:01:19,90.74,7.01
2026-04-14 06:01:20,83.08,6.3
2026-04-14 06:01:20,81.85,7.57
2026-04-14 06:01:20,85.72,7.29
2026-04-14 06:01:20,83.02,7.67
2026-04-14 06:01:20,84.81,7.33
2026-04-14 06:01:20,81.94,7.74
2026-04-14 06:01:20,83.01,7.42
2026-04-14 06:01:20,83.61,7.49
2026-04-14 06:01:21,82.59,7.5
2026-04-14 06:01:21,82.17,7.6
2026-04-14 06:01:21,81.8,7.52
2026-04-14 06:01:21,81.75,7.5
2026-04-14 06:01:21,83.99,7.36
2026-04-14 06:01:21,81.58,7.67
2026-04-14 06:01:21,82.85,7.41
2026-04-14 06:01:22,95.64,6.87
2026-04-14 06:01:22,82.83,6.49
2026-04-14 06:01:22,81.84,7.57
2026-04-14 06:01:22,80.95,7.54
2026-04-14 06:01:22,83.16,7.35
2026-04-14 06:01:22,81.72,7.64
2026-04-14 06:01:22,85.5,7.28
2026-04-14 06:01:23,81.77,7.73
2026-04-14 06:01:23,84.23,7.36
2026-04-14 06:01:23,81.71,7.66
2026-04-14 06:01:23,82.22,7.45
2026-04-14 06:01:23,81.81,7.48
2026-04-14 06:01:23,88.99,7.18
2026-04-14 06:01:23,82.06,6.26
2026-04-14 06:01:23,83.29,7.42
2026-04-14 06:01:24,83.96,7.45
2026-04-14 06:01:24,81.97,7.65
2026-04-14 06:01:24,91.29,6.98
2026-04-14 06:01:24,81.77,6.39
2026-04-14 06:01:24,82.43,7.43
2026-04-14 06:01:24,82.14,7.56
2026-04-14 06:01:24,81.87,7.5
2026-04-14 06:01:25,82.71,7.47
2026-04-14 06:01:25,82.97,7.49
2026-04-14 06:01:25,83.37,7.49
2026-04-14 06:01:25,83.92,7.47
2026-04-14 06:01:25,85.63,7.35
2026-04-14 06:01:25,81.81,7.79
2026-04-14 06:01:25,83.22,7.43
2026-04-14 06:01:26,83.48,7.48
2026-04-14 06:01:26,84.1,7.47
2026-04-14 06:01:26,81.82,7.64
2026-04-14 06:01:26,80.98,7.54
2026-04-14 06:01:26,81.89,7.46
2026-04-14 06:01:26,99.57,6.63
2026-04-14 06:01:26,84.39,6.61
2026-04-14 06:01:26,81.61,7.66
2026-04-14 06:01:27,84.39,7.34
2026-04-14 06:01:27,81.63,7.68
2026-04-14 06:01:27,80.95,7.53
2026-04-14 06:01:27,81.28,7.31
2026-04-14 06:01:27,97.06,6.86
2026-04-14 06:01:27,87.3,6.38
2026-04-14 06:01:27,82.9,7.76
2026-04-14 06:01:28,84.06,7.43
2026-04-14 06:01:28,87.16,7.35
2026-04-14 06:01:28,86.53,7.54
2026-04-14 06:01:28,86.92,7.48
2026-04-14 06:01:28,93.82,7.13
2026-04-14 06:01:28,83.65,6.4
2026-04-14 06:01:28,85.55,7.39
2026-04-14 06:01:29,94.57,7.03
2026-04-14 06:01:29,84.37,6.4
2026-04-14 06:01:29,83.72,7.52
2026-04-14 06:01:29,86.58,7.37
2026-04-14 06:01:29,83.5,7.67
2026-04-14 06:01:29,84.23,7.46
2026-04-14 06:01:29,87.16,7.34
2026-04-14 06:01:30,86.51,7.55
2026-04-14 06:01:30,86.85,7.48
2026-04-14 06:01:30,84.35,7.66
2026-04-14 06:01:30,86.0,7.4
2026-04-14 06:01:30,84.94,7.56
2026-04-14 06:01:30,88.27,7.31
2026-04-14 06:01:30,84.68,7.72
2026-04-14 06:01:30,84.87,7.48
2026-04-14 06:01:31,83.96,7.56
2026-04-14 06:01:31,87.81,7.3
2026-04-14 06:01:31,83.53,7.75
2026-04-14 06:01:31,86.52,7.34
2026-04-14 06:01:31,83.55,7.67
2026-04-14 06:01:31,93.23,7.0
2026-04-14 06:01:31,85.29,6.31
2026-04-14 06:01:32,84.66,7.52
2026-04-14 06:01:32,105.16,6.51
2026-04-14 06:01:32,301.16,2.71
2026-04-14 06:01:32,85.82,6.56
2026-04-14 06:01:32,85.71,6.3
2026-04-14 06:01:33,84.98,7.55
2026-04-14 06:01:33,84.79,7.51
2026-04-14 06:01:33,85.1,7.5
2026-04-14 06:01:33,81.83,7.68
2026-04-14 06:01:33,88.08,7.16
2026-04-14 06:01:33,89.81,7.41
2026-04-14 06:01:33,87.21,6.11
2026-04-14 06:01:33,85.03,7.62
2026-04-14 06:01:34,85.74,7.47
2026-04-14 06:01:34,86.29,7.47
2026-04-14 06:01:34,86.06,7.52
2026-04-14 06:01:34,82.38,7.71
2026-04-14 06:01:34,89.9,7.11
2026-04-14 06:01:34,85.76,6.16
2026-04-14 06:01:34,83.95,7.6
2026-04-14 06:01:35,90.22,7.17
2026-04-14 06:01:35,84.93,6.21
2026-04-14 06:01:35,82.91,7.6
2026-04-14 06:01:35,86.07,7.32
2026-04-14 06:01:35,84.21,7.61
2026-04-14 06:01:35,86.93,7.37
2026-04-14 06:01:35,85.15,7.58
2026-04-14 06:01:36,86.67,7.44
2026-04-14 06:01:36,83.92,7.65
2026-04-14 06:01:36,85.93,7.4
2026-04-14 06:01:36,83.49,7.64
2026-04-14 06:01:36,85.37,7.4
2026-04-14 06:01:36,83.7,7.59
2026-04-14 06:01:36,243.3,3.42
2026-04-14 06:01:37,105.1,6.02
2026-04-14 06:01:37,83.15,7.11
2026-04-14 06:01:37,82.04,7.57
2026-04-14 06:01:37,90.13,7.09
2026-04-14 06:01:37,81.41,6.32
2026-04-14 06:01:37,82.77,7.43
2026-04-14 06:01:37,81.97,7.55
2026-04-14 06:01:38,82.61,7.47
2026-04-14 06:01:38,81.19,7.59
2026-04-14 06:01:38,82.42,7.25
2026-04-14 06:01:38,81.73,7.75
2026-04-14 06:01:38,83.0,7.42
2026-04-14 06:01:38,81.85,7.57
2026-04-14 06:01:38,82.43,7.46
2026-04-14 06:01:39,82.34,7.4
2026-04-14 06:01:39,80.66,7.72
2026-04-14 06:01:39,94.4,6.81
2026-04-14 06:01:39,81.65,6.48
2026-04-14 06:01:39,83.85,7.39
2026-04-14 06:01:39,90.34,7.17
2026-04-14 06:01:39,88.62,6.06
2026-04-14 06:01:40,85.89,6.1
2026-04-14 06:01:40,89.64,7.31
2026-04-14 06:01:40,85.46,6.16
2026-04-14 06:01:40,83.97,7.58
2026-04-14 06:01:40,89.78,7.19
2026-04-14 06:01:40,85.43,6.17
2026-04-14 06:01:40,85.53,7.49
2026-04-14 06:01:41,85.38,7.51
2026-04-14 06:01:41,90.95,7.21
2026-04-14 06:01:41,82.08,6.34
2026-04-14 06:01:41,82.4,7.47
2026-04-14 06:01:41,90.95,7.05
2026-04-14 06:01:41,82.84,6.32
2026-04-14 06:01:41,81.91,7.55
2026-04-14 06:01:42,88.84,7.13
2026-04-14 06:01:42,82.9,7.85
2026-04-14 06:01:42,82.19,7.56
2026-04-14 06:01:42,83.36,7.43
2026-04-14 06:01:42,83.02,7.53
2026-04-14 06:01:42,83.37,7.49
2026-04-14 06:01:42,83.91,7.39
2026-04-14 06:01:43,84.26,7.57
2026-04-14 06:01:43,81.32,7.68
2026-04-14 06:01:43,83.56,7.38
2026-04-14 06:01:43,85.37,7.4
2026-04-14 06:01:43,81.43,7.73
2026-04-14 06:01:43,82.98,7.41
2026-04-14 06:01:43,81.94,7.57
2026-04-14 06:01:43,82.73,7.42
2026-04-14 06:01:44,82.12,7.56
2026-04-14 06:01:44,82.3,7.49
2026-04-14 06:01:44,81.89,7.54
2026-04-14 06:01:44,82.94,7.35
2026-04-14 06:01:44,85.7,7.45
2026-04-14 06:01:44,85.29,7.53
2026-04-14 06:01:44,84.98,7.5
2026-04-14 06:01:45,88.44,7.33
2026-04-14 06:01:45,82.8,6.22
2026-04-14 06:01:45,81.7,7.56
2026-04-14 06:01:45,82.55,7.46
2026-04-14 06:01:45,84.3,7.41
2026-04-14 06:01:45,82.52,7.61
2026-04-14 06:01:45,82.11,7.52
2026-04-14 06:01:45,82.31,7.5
2026-04-14 06:01:46,83.23,7.44
2026-04-14 06:01:46,82.19,7.58
2026-04-14 06:01:46,82.53,7.42
2026-04-14 06:01:46,81.84,7.61
2026-04-14 06:01:46,87.04,7.21
2026-04-14 06:01:46,81.59,7.84
2026-04-14 06:01:46,84.09,7.35
2026-04-14 06:01:47,82.98,7.59
2026-04-14 06:01:47,88.64,7.18
2026-04-14 06:01:47,96.46,5.73
2026-04-14 06:01:47,81.89,6.58
2026-04-14 06:01:47,81.46,7.52
2026-04-14 06:01:47,83.23,7.41
2026-04-14 06:01:47,82.82,7.49
2026-04-14 06:01:48,83.82,7.48
2026-04-14 06:01:48,81.43,7.65
2026-04-14 06:01:48,82.12,7.47
2026-04-14 06:01:48,83.47,7.43
2026-04-14 06:01:48,82.89,7.53
2026-04-14 06:01:48,83.34,7.48
2026-04-14 06:01:48,81.16,7.64
2026-04-14 06:01:48,82.68,7.41
2026-04-14 06:01:49,81.51,7.57
2026-04-14 06:01:49,82.66,7.44
2026-04-14 06:01:49,83.21,7.48
2026-04-14 06:01:49,83.19,7.51
2026-04-14 06:01:49,83.86,7.46
2026-04-14 06:01:49,83.07,7.55
2026-04-14 06:01:49,82.4,7.48
2026-04-14 06:01:50,86.38,7.34
2026-04-14 06:01:50,80.93,7.83
2026-04-14 06:01:50,84.73,7.29
2026-04-14 06:01:50,81.45,7.7
2026-04-14 06:01:50,81.86,7.47
2026-04-14 06:01:50,93.28,6.91
2026-04-14 06:01:50,85.09,6.32
2026-04-14 06:01:51,82.95,7.61
2026-04-14 06:01:51,82.52,7.53
2026-04-14 06:01:51,83.27,7.41
2026-04-14 06:01:51,87.09,7.36
2026-04-14 06:01:51,89.17,7.39
2026-04-14 06:01:51,88.8,6.01
2026-04-14 06:01:51,82.84,6.22
2026-04-14 06:01:52,81.95,7.56
2026-04-14 06:01:52,82.88,7.42
2026-04-14 06:01:52,81.88,7.6
2026-04-14 06:01:52,93.77,6.89
2026-04-14 06:01:52,82.33,6.44
2026-04-14 06:01:52,82.22,7.43
2026-04-14 06:01:52,82.68,7.54
2026-04-14 06:01:52,84.42,7.41
2026-04-14 06:01:53,91.08,7.15
2026-04-14 06:01:53,82.5,6.29
2026-04-14 06:01:53,81.34,7.62
2026-04-14 06:01:53,87.47,7.19
2026-04-14 06:01:53,95.49,7.07
2026-04-14 06:01:53,83.49,6.48
2026-04-14 06:01:53,82.11,7.57
2026-04-14 06:01:54,94.14,6.89
2026-04-14 06:01:54,82.84,6.44
2026-04-14 06:01:54,81.41,7.58
2026-04-14 06:01:54,82.04,7.47
2026-04-14 06:01:54,84.38,7.38
2026-04-14 06:01:54,81.43,7.67
2026-04-14 06:01:54,83.71,7.38
2026-04-14 06:01:55,81.46,7.63
2026-04-14 06:01:55,83.37,7.4
2026-04-14 06:01:55,82.87,7.53
2026-04-14 06:01:55,81.58,7.58
2026-04-14 06:01:55,85.12,7.3
2026-04-14 06:01:55,83.14,7.63
2026-04-14 06:01:55,82.44,7.52
2026-04-14 06:01:56,81.96,7.53
2026-04-14 06:01:56,80.84,7.58
2026-04-14 06:01:56,82.62,7.4
2026-04-14 06:01:56,82.22,7.53
2026-04-14 06:01:56,81.37,7.47
2026-04-14 06:01:56,82.66,7.52
2026-04-14 06:01:56,83.22,7.47
2026-04-14 06:01:56,81.82,7.58
2026-04-14 06:01:57,82.85,7.44
2026-04-14 06:01:57,83.9,7.44
2026-04-14 06:01:57,81.56,7.65
2026-04-14 06:01:57,87.61,7.17
2026-04-14 06:01:57,88.59,7.44
2026-04-14 06:01:57,82.48,6.24
2026-04-14 06:01:57,83.49,7.43
2026-04-14 06:01:58,81.52,7.62
2026-04-14 06:01:58,83.07,7.43
2026-04-14 06:01:58,82.7,7.53
2026-04-14 06:01:58,82.61,7.47
2026-04-14 06:01:58,86.62,7.28
2026-04-14 06:01:58,82.33,7.78
2026-04-14 06:01:58,84.67,7.38
2026-04-14 06:01:58,82.37,7.63
2026-04-14 06:01:59,83.6,7.45
2026-04-14 06:01:59,82.89,7.53
2026-04-14 06:01:59,82.28,7.47
2026-04-14 06:01:59,84.03,7.47
2026-04-14 06:01:59,82.86,7.57
2026-04-14 06:01:59,81.65,7.57
2026-04-14 06:01:59,84.34,7.35
2026-04-14 06:02:00,81.8,7.65
2026-04-14 06:02:00,83.75,7.4
2026-04-14 06:02:00,81.3,7.64
2026-04-14 06:02:00,83.07,7.4
2026-04-14 06:02:00,83.79,7.47
2026-04-14 06:02:00,83.23,7.54
2026-04-14 06:02:00,82.87,7.52
2026-04-14 06:02:00,82.24,7.53
2026-04-14 06:02:01,81.24,7.57
2026-04-14 06:02:01,82.27,7.43
2026-04-14 06:02:01,81.17,7.57
2026-04-14 06:02:01,82.87,7.4
2026-04-14 06:02:01,81.38,7.35
2026-04-14 06:02:01,83.29,7.65
2026-04-14 06:02:01,82.35,7.52
2026-04-14 06:02:02,82.17,7.55
2026-04-14 06:02:02,83.08,7.43
2026-04-14 06:02:02,81.25,7.63
2026-04-14 06:02:02,83.17,7.38
2026-04-14 06:02:02,81.69,7.6
2026-04-14 06:02:02,82.66,7.45
2026-04-14 06:02:02,81.9,7.55
2026-04-14 06:02:02,81.74,7.35
2026-04-14 06:02:03,82.05,7.66
2026-04-14 06:02:03,84.04,7.39
2026-04-14 06:02:03,81.81,7.63
2026-04-14 06:02:03,83.32,7.43
2026-04-14 06:02:03,82.7,7.53
2026-04-14 06:02:03,89.95,7.12
2026-04-14 06:02:03,84.64,6.2
2026-04-14 06:02:04,82.26,7.65
2026-04-14 06:02:04,84.24,7.38
2026-04-14 06:02:04,81.75,7.66
2026-04-14 06:02:04,82.27,7.31
2026-04-14 06:02:04,82.28,7.67
2026-04-14 06:02:04,101.15,6.57
2026-04-14 06:02:04,83.13,6.73
2026-04-14 06:02:05,81.91,7.57
2026-04-14 06:02:05,82.48,7.47
2026-04-14 06:02:05,80.94,7.59
2026-04-14 06:02:05,92.41,6.91
2026-04-14 06:02:05,93.91,5.95
2026-04-14 06:02:05,82.82,6.44
2026-04-14 06:02:05,84.09,7.41
2026-04-14 06:02:06,94.87,6.95
2026-04-14 06:02:06,83.09,6.46
2026-04-14 06:02:06,81.49,7.58
2026-04-14 06:02:06,82.73,7.43
2026-04-14 06:02:06,83.78,7.47
2026-04-14 06:02:06,82.56,7.56
2026-04-14 06:02:06,82.09,7.53
2026-04-14 06:02:07,83.27,7.43
2026-04-14 06:02:07,81.66,7.6
2026-04-14 06:02:07,81.01,7.54
2026-04-14 06:02:07,82.13,7.44
2026-04-14 06:02:07,83.2,7.45
2026-04-14 06:02:07,92.02,7.03
2026-04-14 06:02:07,82.11,6.39
2026-04-14 06:02:07,81.73,7.52
2026-04-14 06:02:08,90.51,7.04
2026-04-14 06:02:08,82.12,6.33
2026-04-14 06:02:08,88.14,7.17
2026-04-14 06:02:08,82.19,7.86
2026-04-14 06:02:08,85.83,7.3
2026-04-14 06:02:08,81.18,7.77
2026-04-14 06:02:08,82.05,7.46
2026-04-14 06:02:09,81.68,7.53
2026-04-14 06:02:09,81.87,7.46
2026-04-14 06:02:09,81.96,7.5
2026-04-14 06:02:09,82.66,7.46
2026-04-14 06:02:09,81.05,7.64
2026-04-14 06:02:09,82.99,7.33
2026-04-14 06:02:09,81.02,7.69
2026-04-14 06:02:10,84.49,7.3
2026-04-14 06:02:10,83.19,7.58
2026-04-14 06:02:10,88.13,7.24
2026-04-14 06:02:10,84.08,7.74
2026-04-14 06:02:10,91.05,7.12
2026-04-14 06:02:10,85.98,6.19
2026-04-14 06:02:10,87.01,7.43
2026-04-14 06:02:11,107.6,6.5
2026-04-14 06:02:11,89.84,6.71
2026-04-14 06:02:11,84.77,6.21
2026-04-14 06:02:11,83.69,7.57
2026-04-14 06:02:11,87.27,7.3
2026-04-14 06:02:11,86.99,7.52
2026-04-14 06:02:11,84.67,7.59
2026-04-14 06:02:11,87.34,7.39
2026-04-14 06:02:12,84.86,7.65
2026-04-14 06:02:12,86.66,7.4
2026-04-14 06:02:12,84.56,7.64
2026-04-14 06:02:12,86.78,7.37
2026-04-14 06:02:12,98.55,6.89
2026-04-14 06:02:12,91.81,6.24
2026-04-14 06:02:12,84.09,6.31
2026-04-14 06:02:13,85.62,7.42
2026-04-14 06:02:13,83.14,7.65
2026-04-14 06:02:13,84.52,7.42
2026-04-14 06:02:13,83.17,7.59
2026-04-14 06:02:13,88.23,7.23
2026-04-14 06:02:13,84.12,7.74
2026-04-14 06:02:13,85.41,7.43
2026-04-14 06:02:14,84.97,7.53
2026-04-14 06:02:14,84.63,7.52
2026-04-14 06:02:14,84.01,7.52
2026-04-14 06:02:14,89.16,7.25
2026-04-14 06:02:14,84.66,6.17
2026-04-14 06:02:14,84.81,7.48
2026-04-14 06:02:14,85.42,7.48
2026-04-14 06:02:15,85.33,7.48
2026-04-14 06:02:15,86.03,7.49
2026-04-14 06:02:15,83.49,7.65
2026-04-14 06:02:15,84.78,7.43
2026-04-14 06:02:15,82.33,7.59
2026-04-14 06:02:15,86.64,7.3
2026-04-14 06:02:15,84.34,7.66
2026-04-14 06:02:15,84.5,7.48
2026-04-14 06:02:16,85.24,7.47
2026-04-14 06:02:16,84.02,7.57
2026-04-14 06:02:16,85.41,7.43
2026-04-14 06:02:16,85.71,7.46
2026-04-14 06:02:16,83.51,7.66
2026-04-14 06:02:16,85.58,7.38
2026-04-14 06:02:16,82.27,7.68
2026-04-14 06:02:17,84.26,7.4
2026-04-14 06:02:17,84.25,7.5
2026-04-14 06:02:17,84.55,7.47
2026-04-14 06:02:17,84.97,7.51
2026-04-14 06:02:17,84.77,7.51
2026-04-14 06:02:17,86.84,7.37
2026-04-14 06:02:17,87.8,7.39
2026-04-14 06:02:17,84.4,7.77
2026-04-14 06:02:18,87.51,7.27
2026-04-14 06:02:18,85.72,6.12
2026-04-14 06:02:18,84.39,7.56
2026-04-14 06:02:18,85.94,7.43
2026-04-14 06:02:18,89.38,7.32
2026-04-14 06:02:18,84.4,6.14
2026-04-14 06:02:18,92.07,7.16
2026-04-14 06:02:19,85.18,6.21
2026-04-14 06:02:19,85.32,7.56
2026-04-14 06:02:19,83.92,7.59
2026-04-14 06:02:19,86.76,7.35
2026-04-14 06:02:19,85.9,7.55
2026-04-14 06:02:19,87.55,7.41
2026-04-14 06:02:19,85.38,7.63
2026-04-14 06:02:20,84.19,7.56
2026-04-14 06:02:20,86.35,7.36
2026-04-14 06:02:20,85.44,7.59
2026-04-14 06:02:20,85.5,7.5
2026-04-14 06:02:20,86.32,7.46
2026-04-14 06:02:20,86.88,7.48
2026-04-14 06:02:20,84.1,7.65
2026-04-14 06:02:20,84.97,7.46
2026-04-14 06:02:21,84.26,7.53
2026-04-14 06:02:21,94.06,6.99
2026-04-14 06:02:21,83.6,6.41
2026-04-14 06:02:21,80.91,7.64
2026-04-14 06:02:21,90.72,6.97
2026-04-14 06:02:21,85.61,6.22
2026-04-14 06:02:21,85.93,7.47
2026-04-14 06:02:22,84.93,7.56
2026-04-14 06:02:22,85.34,7.49
2026-04-14 06:02:22,85.71,7.48
2026-04-14 06:02:22,84.12,7.59
2026-04-14 06:02:22,86.26,7.39
2026-04-14 06:02:22,85.67,7.53
2026-04-14 06:02:22,84.74,7.55
2026-04-14 06:02:23,86.24,7.42
2026-04-14 06:02:23,85.16,7.57
2026-04-14 06:02:23,85.18,7.51
2026-04-14 06:02:23,84.21,7.56
2026-04-14 06:02:23,84.07,7.5
2026-04-14 06:02:23,86.56,7.38
2026-04-14 06:02:23,101.9,6.72
2026-04-14 06:02:24,83.64,6.75
2026-04-14 06:02:24,94.48,6.91
2026-04-14 06:02:24,87.54,6.29
2026-04-14 06:02:24,82.67,7.78
2026-04-14 06:02:24,87.24,7.26
2026-04-14 06:02:24,87.79,7.47
2026-04-14 06:02:24,85.07,7.66
2026-04-14 06:02:24,84.86,7.51
2026-04-14 06:02:25,84.07,7.54
2026-04-14 06:02:25,85.55,7.43
2026-04-14 06:02:25,85.17,7.53
2026-04-14 06:02:25,85.15,7.5
2026-04-14 06:02:25,86.79,7.42
2026-04-14 06:02:25,83.88,7.67
2026-04-14 06:02:25,86.15,7.38
2026-04-14 06:02:26,84.77,7.59
2026-04-14 06:02:26,84.4,7.52
2026-04-14 06:02:26,83.52,7.55
2026-04-14 06:02:26,83.47,7.52
2026-04-14 06:02:26,85.75,7.31
2026-04-14 06:02:26,86.47,7.52
2026-04-14 06:02:26,86.12,7.53
2026-04-14 06:02:26,84.35,7.61
2026-04-14 06:02:27,89.25,7.23
2026-04-14 06:02:27,82.68,6.24
2026-04-14 06:02:27,81.83,7.56
2026-04-14 06:02:27,83.32,7.4
2026-04-14 06:02:27,82.67,7.54
2026-04-14 06:02:27,83.57,7.43
2026-04-14 06:02:27,81.59,7.65
2026-04-14 06:02:28,88.38,7.14
2026-04-14 06:02:28,82.8,6.22
2026-04-14 06:02:28,81.43,7.56
2026-04-14 06:02:28,82.63,7.29
2026-04-14 06:02:28,82.8,7.66
2026-04-14 06:02:28,81.76,7.56
2026-04-14 06:02:28,84.17,7.36
2026-04-14 06:02:29,81.77,7.66
2026-04-14 06:02:29,83.25,7.41
2026-04-14 06:02:29,80.92,7.65
2026-04-14 06:02:29,82.86,7.39
2026-04-14 06:02:29,81.01,7.55
2026-04-14 06:02:29,82.8,7.45
2026-04-14 06:02:29,81.31,7.6
2026-04-14 06:02:29,82.48,7.41
2026-04-14 06:02:30,81.95,7.5
2026-04-14 06:02:30,89.73,7.14
2026-04-14 06:02:30,83.61,6.24
2026-04-14 06:02:30,82.11,7.58
2026-04-14 06:02:30,87.91,7.19
2026-04-14 06:02:30,82.85,7.8
2026-04-14 06:02:30,82.53,7.52
2026-04-14 06:02:31,82.42,7.51
2026-04-14 06:02:31,82.54,7.44
2026-04-14 06:02:31,82.95,7.54
2026-04-14 06:02:31,81.98,7.58
2026-04-14 06:02:31,81.71,7.51
2026-04-14 06:02:31,103.82,6.44
2026-04-14 06:02:31,82.71,6.88
2026-04-14 06:02:32,82.61,7.5
2026-04-14 06:02:32,81.81,7.54
2026-04-14 06:02:32,83.58,7.42
2026-04-14 06:02:32,82.7,7.55
2026-04-14 06:02:32,80.83,7.61
2026-04-14 06:02:32,89.22,7.05
2026-04-14 06:02:32,102.57,5.56
2026-04-14 06:02:33,81.69,6.87
2026-04-14 06:02:33,81.16,7.52
2026-04-14 06:02:33,93.94,6.85
2026-04-14 06:02:33,83.77,6.41
2026-04-14 06:02:33,82.21,7.58
2026-04-14 06:02:33,84.52,7.38
2026-04-14 06:02:33,81.36,7.69
2026-04-14 06:02:34,83.41,7.38
2026-04-14 06:02:34,83.49,7.5
2026-04-14 06:02:34,81.73,7.54
2026-04-14 06:02:34,82.57,7.52
2026-04-14 06:02:34,84.03,7.43
2026-04-14 06:02:34,83.64,7.53
2026-04-14 06:02:34,83.2,7.52
2026-04-14 06:02:34,82.88,7.52
2026-04-14 06:02:35,84.9,7.4
2026-04-14 06:02:35,83.92,7.5
2026-04-14 06:02:35,83.01,7.62
2026-04-14 06:02:35,85.18,7.39
2026-04-14 06:02:35,83.2,7.61
2026-04-14 06:02:35,82.74,7.53
2026-04-14 06:02:35,82.05,7.53
2026-04-14 06:02:36,82.19,7.51
2026-04-14 06:02:36,81.39,7.54
2026-04-14 06:02:36,82.95,7.42
2026-04-14 06:02:36,81.83,7.57
2026-04-14 06:02:36,95.61,6.8
2026-04-14 06:02:36,80.76,6.58
2026-04-14 06:02:36,82.7,7.39
2026-04-14 06:02:36,82.11,7.54
2026-04-14 06:02:37,83.17,7.45
2026-04-14 06:02:37,83.59,7.48
2026-04-14 06:02:37,81.39,7.64
2026-04-14 06:02:37,82.82,7.41
2026-04-14 06:02:37,82.59,7.52
2026-04-14 06:02:37,89.44,7.04
2026-04-14 06:02:37,90.28,6.04
2026-04-14 06:02:38,82.29,6.3
2026-04-14 06:02:38,84.85,7.36
2026-04-14 06:02:38,81.64,7.7
2026-04-14 06:02:38,84.32,7.35
2026-04-14 06:02:38,82.16,7.64
2026-04-14 06:02:38,84.18,7.38
2026-04-14 06:02:38,83.61,7.42
2026-04-14 06:02:39,86.25,7.47
2026-04-14 06:02:39,82.56,7.65
2026-04-14 06:02:39,83.51,7.51
2026-04-14 06:02:39,83.4,7.52
2026-04-14 06:02:39,80.64,7.66
2026-04-14 06:02:39,82.95,7.36
2026-04-14 06:02:39,80.96,7.63
2026-04-14 06:02:39,81.43,7.47
2026-04-14 06:02:40,82.78,7.42
2026-04-14 06:02:40,81.33,7.6
2026-04-14 06:02:40,82.6,7.23
2026-04-14 06:02:40,83.12,7.69
2026-04-14 06:02:40,83.25,7.5
2026-04-14 06:02:40,83.49,7.48
2026-04-14 06:02:40,83.29,7.5
2026-04-14 06:02:41,86.14,7.3
2026-04-14 06:02:41,94.73,7.1
2026-04-14 06:02:41,81.98,6.5
2026-04-14 06:02:41,81.56,7.52
2026-04-14 06:02:41,82.8,7.44
2026-04-14 06:02:41,83.09,7.49
2026-04-14 06:02:41,81.77,7.57
2026-04-14 06:02:42,96.09,6.77
2026-04-14 06:02:42,81.95,6.57
2026-04-14 06:02:42,81.08,7.54
2026-04-14 06:02:42,85.78,7.13
2026-04-14 06:02:42,80.69,7.95
2026-04-14 06:02:42,84.71,7.28
2026-04-14 06:02:42,82.25,7.65
2026-04-14 06:02:42,82.22,7.49
2026-04-14 06:02:43,84.19,7.41
2026-04-14 06:02:43,82.52,7.61
2026-04-14 06:02:43,82.47,7.5
2026-04-14 06:02:43,83.41,7.45
2026-04-14 06:02:43,83.11,7.53
2026-04-14 06:02:43,82.02,7.53
2026-04-14 06:02:43,83.52,7.45
2026-04-14 06:02:44,81.4,7.61
2026-04-14 06:02:44,82.44,7.46
2026-04-14 06:02:44,84.23,7.39
2026-04-14 06:02:44,82.74,7.55
2026-04-14 06:02:44,82.07,7.52
2026-04-14 06:02:44,84.11,7.39
2026-04-14 06:02:44,81.59,7.73
2026-04-14 06:02:44,81.99,7.47
2026-04-14 06:02:45,90.98,7.02
2026-04-14 06:02:45,85.25,6.2
2026-04-14 06:02:45,84.43,7.6
2026-04-14 06:02:45,88.44,7.22
2026-04-14 06:02:45,85.33,6.15
2026-04-14 06:02:45,85.11,7.46
2026-04-14 06:02:45,86.6,7.49
2026-04-14 06:02:46,117.62,6.04
2026-04-14 06:02:46,83.87,7.6
2026-04-14 06:02:46,84.73,7.46
2026-04-14 06:02:46,83.88,7.55
2026-04-14 06:02:46,86.03,7.36
2026-04-14 06:02:46,83.77,7.66
2026-04-14 06:02:46,86.43,7.36
2026-04-14 06:02:47,84.31,7.62
2026-04-14 06:02:47,84.04,7.52
2026-04-14 06:02:47,84.09,7.43
2026-04-14 06:02:47,82.29,7.62
2026-04-14 06:02:47,83.21,7.52
2026-04-14 06:02:47,86.85,7.29
2026-04-14 06:02:47,82.25,7.79
2026-04-14 06:02:48,85.04,7.34
2026-04-14 06:02:48,82.91,7.62
2026-04-14 06:02:48,85.44,7.37
2026-04-14 06:02:48,83.33,7.63
2026-04-14 06:02:48,92.17,7.03
2026-04-14 06:02:48,85.46,6.25
2026-04-14 06:02:48,82.37,7.69
2026-04-14 06:02:48,94.41,6.87
2026-04-14 06:02:49,86.49,6.29
2026-04-14 06:02:49,83.99,7.51
2026-04-14 06:02:49,85.14,7.59
2026-04-14 06:02:49,85.61,7.49
2026-04-14 06:02:49,84.57,7.54
2026-04-14 06:02:49,84.68,7.52
2026-04-14 06:02:49,89.54,7.24
2026-04-14 06:02:50,85.64,6.15
2026-04-14 06:02:50,92.23,7.14
2026-04-14 06:02:50,82.56,6.37
2026-04-14 06:02:50,82.12,7.53
2026-04-14 06:02:50,84.0,7.4
2026-04-14 06:02:50,82.59,7.59
2026-04-14 06:02:50,83.65,7.45
2026-04-14 06:02:51,82.52,7.57
2026-04-14 06:02:51,82.16,7.51
2026-04-14 06:02:51,82.23,7.5
2026-04-14 06:02:51,82.45,7.5
2026-04-14 06:02:51,80.75,7.6
2026-04-14 06:02:51,94.17,6.81
2026-04-14 06:02:51,82.0,6.48
2026-04-14 06:02:52,82.34,7.47
2026-04-14 06:02:52,82.57,7.49
2026-04-14 06:02:52,82.46,7.52
2026-04-14 06:02:52,83.49,7.44
2026-04-14 06:02:52,80.77,7.66
2026-04-14 06:02:52,84.72,7.25
2026-04-14 06:02:52,81.91,7.72
2026-04-14 06:02:52,82.28,7.42
2026-04-14 06:02:53,95.43,6.88
2026-04-14 06:02:53,81.21,6.56
2026-04-14 06:02:53,81.72,7.48
2026-04-14 06:02:53,82.45,7.47
2026-04-14 06:02:53,82.18,7.51
2026-04-14 06:02:53,83.59,7.42
2026-04-14 06:02:53,83.9,7.5
2026-04-14 06:02:54,87.18,7.3
2026-04-14 06:02:54,83.72,7.72
2026-04-14 06:02:54,84.2,7.48
2026-04-14 06:02:54,84.61,7.47
2026-04-14 06:02:54,84.55,7.51
2026-04-14 06:02:54,85.02,7.47
2026-04-14 06:02:54,82.64,7.56
2026-04-14 06:02:54,83.46,7.53
2026-04-14 06:02:55,83.9,7.49
2026-04-14 06:02:55,83.74,7.49
2026-04-14 06:02:55,85.94,7.41
2026-04-14 06:02:55,83.86,7.62
2026-04-14 06:02:55,86.29,7.37
2026-04-14 06:02:55,83.24,7.67
2026-04-14 06:02:55,89.7,7.17
2026-04-14 06:02:56,83.63,6.22
2026-04-14 06:02:56,81.72,7.63
2026-04-14 06:02:56,82.39,7.45
2026-04-14 06:02:56,83.55,7.45
2026-04-14 06:02:56,82.23,7.58
2026-04-14 06:02:56,85.4,7.33
2026-04-14 06:02:56,81.95,7.7
2026-04-14 06:02:57,82.12,7.43
2026-04-14 06:02:57,82.11,7.57
2026-04-14 06:02:57,82.47,7.49
2026-04-14 06:02:57,83.31,7.46
2026-04-14 06:02:57,82.56,7.48
2026-04-14 06:02:57,83.19,7.53
2026-04-14 06:02:57,86.16,7.33
2026-04-14 06:02:57,82.88,7.7
2026-04-14 06:02:58,82.73,7.5
2026-04-14 06:02:58,90.93,7.07
2026-04-14 06:02:58,82.79,6.31
2026-04-14 06:02:58,81.96,7.55
2026-04-14 06:02:58,83.42,7.43
2026-04-14 06:02:58,85.6,7.38
2026-04-14 06:02:58,81.4,7.75
2026-04-14 06:02:59,82.17,7.45
2026-04-14 06:02:59,82.8,7.47
2026-04-14 06:02:59,83.11,7.43
2026-04-14 06:02:59,82.92,7.57
2026-04-14 06:02:59,81.89,7.57
2026-04-14 06:02:59,85.34,7.31
2026-04-14 06:02:59,81.66,7.66
2026-04-14 06:02:59,84.21,7.39
2026-04-14 06:03:00,82.3,7.65
2026-04-14 06:03:00,82.26,7.5
2026-04-14 06:03:00,82.93,7.47
2026-04-14 06:03:00,85.01,7.38
2026-04-14 06:03:00,82.37,7.67
2026-04-14 06:03:00,88.36,7.18
2026-04-14 06:03:00,84.66,6.14
2026-04-14 06:03:01,83.11,7.59
2026-04-14 06:03:01,82.83,7.5
2026-04-14 06:03:01,83.57,7.48
2026-04-14 06:03:01,82.18,7.58
2026-04-14 06:03:01,83.62,7.42
2026-04-14 06:03:01,83.2,7.51
2026-04-14 06:03:01,84.58,7.44
2026-04-14 06:03:02,83.1,7.58
2026-04-14 06:03:02,82.36,7.55
2026-04-14 06:03:02,83.63,7.41
2026-04-14 06:03:02,81.53,7.65
2026-04-14 06:03:02,82.94,7.37
2026-04-14 06:03:02,82.13,7.59
2026-04-14 06:03:02,81.61,7.41
2026-04-14 06:03:02,83.14,7.55
2026-04-14 06:03:03,81.4,7.6
2026-04-14 06:03:03,83.03,7.43
2026-04-14 06:03:03,81.23,7.54
2026-04-14 06:03:03,82.68,7.48
2026-04-14 06:03:03,83.01,7.49
2026-04-14 06:03:03,84.47,7.43
2026-04-14 06:03:03,83.48,7.56
2026-04-14 06:03:04,82.02,7.59
2026-04-14 06:03:04,82.19,7.48
2026-04-14 06:03:04,81.32,7.56
2026-04-14 06:03:04,86.18,7.24
2026-04-14 06:03:04,82.8,7.7
2026-04-14 06:03:04,83.54,7.44
2026-04-14 06:03:04,83.46,7.52
2026-04-14 06:03:04,82.72,7.54
2026-04-14 06:03:05,82.94,7.49
2026-04-14 06:03:05,81.81,7.58
2026-04-14 06:03:05,82.64,7.46
2026-04-14 06:03:05,81.82,7.55
2026-04-14 06:03:05,82.73,7.44
2026-04-14 06:03:05,86.6,7.3
2026-04-14 06:03:05,81.78,7.79
2026-04-14 06:03:06,82.81,7.44
2026-04-14 06:03:06,81.46,7.58
2026-04-14 06:03:06,83.51,7.38
2026-04-14 06:03:06,82.65,7.57
2026-04-14 06:03:06,81.86,7.54
2026-04-14 06:03:06,98.03,6.69
2026-04-14 06:03:06,82.09,6.64
2026-04-14 06:03:06,81.73,7.52
2026-04-14 06:03:07,84.14,7.37
2026-04-14 06:03:07,81.79,7.48
2026-04-14 06:03:07,81.52,7.7
2026-04-14 06:03:07,85.25,7.3
2026-04-14 06:03:07,81.66,7.71
2026-04-14 06:03:07,86.26,7.26
2026-04-14 06:03:07,81.7,7.71
2026-04-14 06:03:08,82.6,7.5
2026-04-14 06:03:08,81.88,7.48
2026-04-14 06:03:08,82.46,7.48
2026-04-14 06:03:08,82.36,7.5
2026-04-14 06:03:08,80.85,7.67
2026-04-14 06:03:08,96.93,6.63
2026-04-14 06:03:08,83.34,6.6
2026-04-14 06:03:09,82.19,7.57
2026-04-14 06:03:09,82.31,7.42
2026-04-14 06:03:09,81.2,7.58
2026-04-14 06:03:09,85.73,7.26
2026-04-14 06:03:09,80.85,7.86
2026-04-14 06:03:09,91.75,6.89
2026-04-14 06:03:09,82.46,6.41
2026-04-14 06:03:09,81.43,7.54
2026-04-14 06:03:10,85.3,7.23
2026-04-14 06:03:10,80.43,7.88
2026-04-14 06:03:10,82.98,7.33
2026-04-14 06:03:10,81.31,7.57
2026-04-14 06:03:10,82.91,7.46
2026-04-14 06:03:10,83.61,7.48
2026-04-14 06:03:10,81.93,7.6
2026-04-14 06:03:11,82.07,7.5
2026-04-14 06:03:11,82.86,7.45
2026-04-14 06:03:11,81.33,7.6
2026-04-14 06:03:11,82.78,7.38
2026-04-14 06:03:11,80.99,7.65
2026-04-14 06:03:11,83.41,7.36
2026-04-14 06:03:11,87.67,7.28
2026-04-14 06:03:11,82.36,7.81
2026-04-14 06:03:12,84.44,7.38
2026-04-14 06:03:12,81.5,7.69
2026-04-14 06:03:12,84.24,7.34
2026-04-14 06:03:12,82.1,7.64
2026-04-14 06:03:12,84.32,7.37
2026-04-14 06:03:12,95.23,6.94
2026-04-14 06:03:12,84.52,6.41
2026-04-14 06:03:13,85.71,7.45
2026-04-14 06:03:13,85.87,7.49
2026-04-14 06:03:13,84.7,7.58
2026-04-14 06:03:13,86.42,7.41
2026-04-14 06:03:13,84.96,7.58
2026-04-14 06:03:13,85.66,7.41
2026-04-14 06:03:13,83.8,7.68
2026-04-14 06:03:14,87.49,7.26
2026-04-14 06:03:14,83.77,7.76
2026-04-14 06:03:14,94.27,6.95
2026-04-14 06:03:14,84.66,6.36
2026-04-14 06:03:14,83.52,7.58
2026-04-14 06:03:14,85.81,7.38
2026-04-14 06:03:14,83.88,7.61
2026-04-14 06:03:15,94.7,6.96
2026-04-14 06:03:15,84.63,6.38
2026-04-14 06:03:15,86.67,7.38
2026-04-14 06:03:15,86.13,7.55
2026-04-14 06:03:15,85.24,7.55
2026-04-14 06:03:15,89.23,7.29
2026-04-14 06:03:15,85.69,6.14
2026-04-14 06:03:15,85.01,7.53
2026-04-14 06:03:16,93.48,7.04
2026-04-14 06:03:16,83.62,6.4
2026-04-14 06:03:16,83.66,7.49
2026-04-14 06:03:16,94.34,6.95
2026-04-14 06:03:16,91.42,6.1
2026-04-14 06:03:16,85.23,6.24
2026-04-14 06:03:17,85.39,7.5
2026-04-14 06:03:17,85.48,7.48
2026-04-14 06:03:17,83.87,7.61
2026-04-14 06:03:17,85.14,7.43
2026-04-14 06:03:17,84.57,7.53
2026-04-14 06:03:17,90.62,7.17
2026-04-14 06:03:17,84.33,6.24
2026-04-14 06:03:17,85.84,7.4
2026-04-14 06:03:18,85.96,7.51
2026-04-14 06:03:18,85.53,7.53
2026-04-14 06:03:18,85.17,7.53
2026-04-14 06:03:18,84.45,7.54
2026-04-14 06:03:18,86.03,7.42
2026-04-14 06:03:18,84.67,7.55
2026-04-14 06:03:18,86.01,7.45
2026-04-14 06:03:19,84.46,7.59
2026-04-14 06:03:19,85.52,7.44
2026-04-14 06:03:19,83.76,7.6
2026-04-14 06:03:19,86.37,7.36
2026-04-14 06:03:19,83.42,7.6
2026-04-14 06:03:19,86.94,7.35
2026-04-14 06:03:19,83.59,7.72
2026-04-14 06:03:19,85.69,7.38
2026-04-14 06:03:20,85.93,7.49
2026-04-14 06:03:20,85.03,7.56
2026-04-14 06:03:20,86.85,7.39
2026-04-14 06:03:20,83.99,7.68
2026-04-14 06:03:20,84.96,7.45
2026-04-14 06:03:20,86.22,7.43
2026-04-14 06:03:20,84.87,7.58
2026-04-14 06:03:21,84.29,7.48
2026-04-14 06:03:21,83.08,7.62
2026-04-14 06:03:21,82.81,7.53
2026-04-14 06:03:21,83.9,7.43
2026-04-14 06:03:21,85.58,7.41
2026-04-14 06:03:21,91.87,7.11
2026-04-14 06:03:21,84.31,6.34
2026-04-14 06:03:22,85.47,7.42
2026-04-14 06:03:22,85.19,7.52
2026-04-14 06:03:22,87.31,7.4
2026-04-14 06:03:22,84.39,7.67
2026-04-14 06:03:22,86.21,7.4
2026-04-14 06:03:22,84.44,7.61
2026-04-14 06:03:22,85.92,7.4
2026-04-14 06:03:22,86.59,7.47
2026-04-14 06:03:23,86.2,7.52
2026-04-14 06:03:23,84.21,7.64
2026-04-14 06:03:23,85.76,7.4
2026-04-14 06:03:23,84.57,7.59
2026-04-14 06:03:23,85.3,7.46
2026-04-14 06:03:23,88.81,7.31
2026-04-14 06:03:23,87.81,6.04
2026-04-14 06:03:24,83.75,7.73
2026-04-14 06:03:24,85.52,7.41
2026-04-14 06:03:24,85.83,7.49
2026-04-14 06:03:24,85.12,7.51
2026-04-14 06:03:24,83.7,7.62
2026-04-14 06:03:24,84.25,7.47
2026-04-14 06:03:24,86.97,7.35
2026-04-14 06:03:24,83.96,7.68
2026-04-14 06:03:25,86.62,7.34
2026-04-14 06:03:25,82.75,7.75
2026-04-14 06:03:25,86.4,7.3
2026-04-14 06:03:25,83.94,7.65
2026-04-14 06:03:25,86.16,7.38
2026-04-14 06:03:25,85.22,7.52
2026-04-14 06:03:25,86.67,7.46
2026-04-14 06:03:26,91.57,7.22
2026-04-14 06:03:26,85.78,6.23
2026-04-14 06:03:26,83.78,7.55
2026-04-14 06:03:26,86.32,7.42
2026-04-14 06:03:26,83.01,7.7
2026-04-14 06:03:26,87.54,7.24
2026-04-14 06:03:26,83.67,7.75
2026-04-14 06:03:27,85.15,7.28
2026-04-14 06:03:27,84.48,7.69
2026-04-14 06:03:27,86.29,7.34
2026-04-14 06:03:27,84.3,7.69
2026-04-14 06:03:27,83.05,7.56
2026-04-14 06:03:27,83.63,7.48
2026-04-14 06:03:27,82.74,7.54
2026-04-14 06:03:27,86.73,7.3
2026-04-14 06:03:28,86.15,7.51
2026-04-14 06:03:28,85.4,7.55
2026-04-14 06:03:28,89.63,7.22
2026-04-14 06:03:28,83.12,6.3
2026-04-14 06:03:28,83.1,7.49
2026-04-14 06:03:28,86.58,7.29
2026-04-14 06:03:28,81.07,7.87
2026-04-14 06:03:29,81.87,7.46
2026-04-14 06:03:29,82.15,7.48
2026-04-14 06:03:29,84.41,7.39
2026-04-14 06:03:29,83.28,7.58
2026-04-14 06:03:29,84.18,7.45
2026-04-14 06:03:29,83.71,7.52
2026-04-14 06:03:29,84.2,7.48
2026-04-14 06:03:29,83.02,7.55
2026-04-14 06:03:30,82.09,7.54
2026-04-14 06:03:30,83.37,7.46
2026-04-14 06:03:30,83.56,7.5
2026-04-14 06:03:30,82.24,7.58
2026-04-14 06:03:30,84.2,7.3
2026-04-14 06:03:30,81.05,7.76
2026-04-14 06:03:30,84.62,7.31
2026-04-14 06:03:31,82.15,7.66
2026-04-14 06:03:31,82.3,7.45
2026-04-14 06:03:31,82.38,7.54
2026-04-14 06:03:31,81.02,7.58
2026-04-14 06:03:31,96.02,6.74
2026-04-14 06:03:31,83.11,6.5
2026-04-14 06:03:31,84.17,7.45
2026-04-14 06:03:32,82.75,7.59
2026-04-14 06:03:32,83.6,7.45
2026-04-14 06:03:32,83.72,7.5
2026-04-14 06:03:32,84.44,7.47
2026-04-14 06:03:32,92.72,7.06
2026-04-14 06:03:32,83.51,6.34
2026-04-14 06:03:32,81.75,7.6
2026-04-14 06:03:32,83.41,7.42
2026-04-14 06:03:33,82.84,7.38
2026-04-14 06:03:33,88.32,7.36
2026-04-14 06:03:33,84.99,7.68
2026-04-14 06:03:33,85.71,7.41
2026-04-14 06:03:33,80.47,7.88
2026-04-14 06:03:33,81.58,7.44
2026-04-14 06:03:33,91.8,6.96
2026-04-14 06:03:34,83.03,6.34
2026-04-14 06:03:34,82.49,7.54
2026-04-14 06:03:34,84.52,7.39
2026-04-14 06:03:34,80.91,7.72
2026-04-14 06:03:34,82.16,7.43
2026-04-14 06:03:34,97.61,6.72
2026-04-14 06:03:34,83.47,6.56
2026-04-14 06:03:35,81.51,7.62
2026-04-14 06:03:35,81.47,7.49
2026-04-14 06:03:35,94.84,6.83
2026-04-14 06:03:35,82.04,6.51
2026-04-14 06:03:35,81.76,7.48
2026-04-14 06:03:35,88.65,7.15
2026-04-14 06:03:35,82.03,6.26
2026-04-14 06:03:36,82.79,7.45
2026-04-14 06:03:36,82.61,7.51
2026-04-14 06:03:36,82.16,7.53
2026-04-14 06:03:36,82.52,7.48
2026-04-14 06:03:36,83.7,7.44
2026-04-14 06:03:36,83.28,7.53
2026-04-14 06:03:36,83.28,7.5
2026-04-14 06:03:36,83.17,7.52
2026-04-14 06:03:37,103.27,6.49
2026-04-14 06:03:37,116.91,5.43
2026-04-14 06:03:37,84.44,7.73
2026-04-14 06:03:37,91.62,7.12
2026-04-14 06:03:37,86.79,6.17
2026-04-14 06:03:37,85.75,7.57
2026-04-14 06:03:38,84.29,7.58
2026-04-14 06:03:38,86.76,7.39
2026-04-14 06:03:38,86.89,7.49
2026-04-14 06:03:38,98.67,6.89
2026-04-14 06:03:38,84.92,6.55
2026-04-14 06:03:38,86.39,7.41
2026-04-14 06:03:38,83.05,7.67
2026-04-14 06:03:39,244.64,3.38
2026-04-14 06:03:39,88.15,7.05
2026-04-14 06:03:39,85.1,7.66
2026-04-14 06:03:39,86.1,7.47
2026-04-14 06:03:39,82.71,7.7
2026-04-14 06:03:39,84.21,7.41
2026-04-14 06:03:39,84.46,7.48
2026-04-14 06:03:40,86.82,7.38
2026-04-14 06:03:40,84.96,7.61
2026-04-14 06:03:40,86.63,7.41
2026-04-14 06:03:40,87.36,7.47
2026-04-14 06:03:40,84.03,7.69
2026-04-14 06:03:40,83.94,7.51
2026-04-14 06:03:40,86.25,7.38
2026-04-14 06:03:41,84.4,7.47
2026-04-14 06:03:41,86.15,7.54
2026-04-14 06:03:41,87.32,7.44
2026-04-14 06:03:41,85.51,7.6
2026-04-14 06:03:41,87.18,7.42
2026-04-14 06:03:41,85.36,7.6
2026-04-14 06:03:41,86.7,7.43
2026-04-14 06:03:41,84.15,7.65
2026-04-14 06:03:42,85.74,7.4
2026-04-14 06:03:42,85.69,7.5
2026-04-14 06:03:42,86.81,7.46
2026-04-14 06:03:42,83.83,7.67
2026-04-14 06:03:42,85.0,7.43
2026-04-14 06:03:42,88.59,7.3
2026-04-14 06:03:42,85.83,7.67
2026-04-14 06:03:43,86.07,7.49
2026-04-14 06:03:43,85.42,7.54
2026-04-14 06:03:43,83.82,7.58
2026-04-14 06:03:43,84.59,7.46
2026-04-14 06:03:43,85.31,7.47
2026-04-14 06:03:43,84.8,7.49
2026-04-14 06:03:43,87.23,7.41
2026-04-14 06:03:43,84.97,7.61
2026-04-14 06:03:44,86.23,7.45
2026-04-14 06:03:44,83.63,7.57
2026-04-14 06:03:44,87.96,7.32
2026-04-14 06:03:44,85.32,7.68
2026-04-14 06:03:44,84.77,7.54
2026-04-14 06:03:44,87.56,7.34
2026-04-14 06:03:44,88.28,7.48
2026-04-14 06:03:45,83.83,7.76
2026-04-14 06:03:45,84.61,7.46
2026-04-14 06:03:45,83.43,7.57
2026-04-14 06:03:45,83.81,7.49
2026-04-14 06:03:45,85.06,7.44
2026-04-14 06:03:45,82.95,7.62
2026-04-14 06:03:45,84.8,7.39
2026-04-14 06:03:45,92.18,7.12
2026-04-14 06:03:46,82.92,6.34
2026-04-14 06:03:46,81.38,7.61
2026-04-14 06:03:46,91.4,6.98
2026-04-14 06:03:46,83.19,6.31
2026-04-14 06:03:46,83.07,7.51
2026-04-14 06:03:46,82.05,7.53
2026-04-14 06:03:46,83.62,7.4
2026-04-14 06:03:47,83.36,7.53
2026-04-14 06:03:47,83.76,7.51
2026-04-14 06:03:47,82.26,7.52
2026-04-14 06:03:47,83.62,7.49
2026-04-14 06:03:47,80.72,7.66
2026-04-14 06:03:47,82.21,7.43
2026-04-14 06:03:47,83.14,7.39
2026-04-14 06:03:48,81.89,7.64
2026-04-14 06:03:48,81.73,7.5
2026-04-14 06:03:48,83.1,7.44
2026-04-14 06:03:48,83.24,7.49
2026-04-14 06:03:48,91.17,7.05
2026-04-14 06:03:48,81.91,6.39
2026-04-14 06:03:48,83.91,7.37
2026-04-14 06:03:48,82.86,7.59
2026-04-14 06:03:49,82.79,7.47
2026-04-14 06:03:49,82.39,7.56
2026-04-14 06:03:49,82.41,7.51
2026-04-14 06:03:49,82.57,7.5
2026-04-14 06:03:49,81.53,7.56
2026-04-14 06:03:49,83.44,7.39
2026-04-14 06:03:49,82.02,7.58
2026-04-14 06:03:50,87.08,7.23
2026-04-14 06:03:50,82.6,7.72
2026-04-14 06:03:50,83.01,7.54
2026-04-14 06:03:50,100.69,6.6
2026-04-14 06:03:50,82.27,6.78
2026-04-14 06:03:50,83.59,7.42
2026-04-14 06:03:50,83.85,7.48
2026-04-14 06:03:51,81.4,7.65
2026-04-14 06:03:51,90.65,7.03
2026-04-14 06:03:51,82.77,6.3
2026-04-14 06:03:51,82.12,7.53
2026-04-14 06:03:51,83.37,7.42
2026-04-14 06:03:51,81.98,7.6
2026-04-14 06:03:51,82.98,7.37
2026-04-14 06:03:51,81.59,7.66
2026-04-14 06:03:52,82.05,7.48
2026-04-14 06:03:52,82.29,7.48
2026-04-14 06:03:52,82.49,7.5
2026-04-14 06:03:52,82.22,7.52
2026-04-14 06:03:52,82.15,7.52
2026-04-14 06:03:52,83.51,7.39
2026-04-14 06:03:52,82.65,7.59
2026-04-14 06:03:53,83.0,7.48
2026-04-14 06:03:53,83.1,7.5
2026-04-14 06:03:53,81.26,7.54
2026-04-14 06:03:53,82.71,7.47
2026-04-14 06:03:53,82.52,7.53
2026-04-14 06:03:53,82.23,7.52
2026-04-14 06:03:53,82.74,7.46
2026-04-14 06:03:53,82.49,7.54
2026-04-14 06:03:54,82.9,7.47
2026-04-14 06:03:54,82.04,7.55
2026-04-14 06:03:54,85.15,7.34
2026-04-14 06:03:54,94.42,7.03
2026-04-14 06:03:54,81.84,6.49
2026-04-14 06:03:54,85.68,7.24
2026-04-14 06:03:54,83.19,7.7
2026-04-14 06:03:55,82.18,7.55
2026-04-14 06:03:55,84.22,7.34
2026-04-14 06:03:55,81.58,7.72
2026-04-14 06:03:55,83.22,7.35
2026-04-14 06:03:55,82.57,7.6
2026-04-14 06:03:55,83.9,7.43
2026-04-14 06:03:55,82.98,7.56
2026-04-14 06:03:56,82.86,7.51
2026-04-14 06:03:56,84.54,7.41
2026-04-14 06:03:56,81.33,7.68
2026-04-14 06:03:56,82.33,7.44
2026-04-14 06:03:56,83.54,7.38
2026-04-14 06:03:56,80.97,7.73
2026-04-14 06:03:56,83.34,7.36
2026-04-14 06:03:56,82.97,7.53
2026-04-14 06:03:57,86.54,7.25
2026-04-14 06:03:57,82.06,7.84
2026-04-14 06:03:57,83.87,7.4
2026-04-14 06:03:57,83.3,7.54
2026-04-14 06:03:57,85.03,7.4
2026-04-14 06:03:57,83.3,7.6
2026-04-14 06:03:57,83.44,7.49
2026-04-14 06:03:58,83.43,7.5
2026-04-14 06:03:58,82.5,7.55
2026-04-14 06:03:58,83.06,7.48
2026-04-14 06:03:58,83.43,7.48
2026-04-14 06:03:58,85.75,7.37
2026-04-14 06:03:58,83.21,7.65
2026-04-14 06:03:58,85.52,7.37
2026-04-14 06:03:58,83.35,7.62
2026-04-14 06:03:59,82.38,7.57
2026-04-14 06:03:59,86.33,7.23
2026-04-14 06:03:59,81.97,7.81
2026-04-14 06:03:59,81.89,7.5
2026-04-14 06:03:59,84.49,7.34
2026-04-14 06:03:59,83.29,7.61
2026-04-14 06:03:59,83.71,7.49
2026-04-14 06:04:00,82.33,7.57
2026-04-14 06:04:00,85.97,7.3
2026-04-14 06:04:00,81.01,7.8
2026-04-14 06:04:00,83.55,7.36
2026-04-14 06:04:00,83.43,7.51
2026-04-14 06:04:00,98.57,6.74
2026-04-14 06:04:00,82.67,6.63
2026-04-14 06:04:00,84.08,7.42
2026-04-14 06:04:01,82.02,7.55
2026-04-14 06:04:01,82.91,7.53
2026-04-14 06:04:01,83.66,7.46
2026-04-14 06:04:01,82.12,7.58
2026-04-14 06:04:01,82.32,7.5
2026-04-14 06:04:01,82.67,7.48
2026-04-14 06:04:01,81.64,7.56
2026-04-14 06:04:02,83.31,7.41
2026-04-14 06:04:02,82.33,7.57
2026-04-14 06:04:02,81.76,7.52
2026-04-14 06:04:02,84.56,7.33
2026-04-14 06:04:02,83.29,7.61
2026-04-14 06:04:02,82.41,7.55
2026-04-14 06:04:02,87.64,7.21
2026-04-14 06:04:02,82.13,7.83
2026-04-14 06:04:03,85.43,7.32
2026-04-14 06:04:03,83.86,7.6
2026-04-14 06:04:03,83.76,7.51
2026-04-14 06:04:03,82.44,7.58
2026-04-14 06:04:03,82.37,7.5
2026-04-14 06:04:03,84.33,7.39
2026-04-14 06:04:03,82.99,7.59
2026-04-14 06:04:04,85.05,7.36
2026-04-14 06:04:04,81.99,7.71
2026-04-14 06:04:04,82.42,7.48
2026-04-14 06:04:04,83.56,7.43
2026-04-14 06:04:04,83.2,7.53
2026-04-14 06:04:04,83.67,7.48
2026-04-14 06:04:04,83.42,7.52
2026-04-14 06:04:04,86.02,7.36
2026-04-14 06:04:05,82.6,7.7
2026-04-14 06:04:05,82.17,7.49
2026-04-14 06:04:05,90.78,7.09
2026-04-14 06:04:05,83.92,6.19
2026-04-14 06:04:05,82.22,7.71
2026-04-14 06:04:05,86.15,7.28
2026-04-14 06:04:05,81.62,7.77
2026-04-14 06:04:06,82.95,7.42
2026-04-14 06:04:06,84.82,7.4
2026-04-14 06:04:06,83.7,7.58
2026-04-14 06:04:06,84.97,7.43
2026-04-14 06:04:06,82.6,7.64
2026-04-14 06:04:06,84.67,7.38
2026-04-14 06:04:06,82.48,7.64
2026-04-14 06:04:06,81.72,7.54
2026-04-14 06:04:07,84.17,7.37
2026-04-14 06:04:07,82.72,7.6
2026-04-14 06:04:07,85.68,7.33
2026-04-14 06:04:07,81.97,7.73
2026-04-14 06:04:07,82.55,7.47
2026-04-14 06:04:07,86.49,7.29
2026-04-14 06:04:07,82.12,7.76
2026-04-14 06:04:08,82.15,7.5
2026-04-14 06:04:08,93.91,6.9
2026-04-14 06:04:08,81.87,6.47
2026-04-14 06:04:08,85.39,7.31
2026-04-14 06:04:08,90.45,7.23
2026-04-14 06:04:08,84.38,6.24
2026-04-14 06:04:08,81.92,7.65
2026-04-14 06:04:09,83.05,7.42
2026-04-14 06:04:09,82.53,7.54
2026-04-14 06:04:09,82.86,7.49
2026-04-14 06:04:09,83.6,7.47
2026-04-14 06:04:09,95.36,6.9
2026-04-14 06:04:09,84.78,6.37
2026-04-14 06:04:09,81.81,7.73
2026-04-14 06:04:10,93.51,6.89
2026-04-14 06:04:10,92.06,6.06
2026-04-14 06:04:10,83.17,6.34
2026-04-14 06:04:10,81.4,7.58
2026-04-14 06:04:10,83.02,7.43
2026-04-14 06:04:10,85.05,7.39
2026-04-14 06:04:10,83.6,7.59
2026-04-14 06:04:11,84.46,7.45
2026-04-14 06:04:11,82.31,7.64
2026-04-14 06:04:11,82.56,7.49
2026-04-14 06:04:11,81.93,7.54
2026-04-14 06:04:11,86.79,7.23
2026-04-14 06:04:11,83.19,7.72
2026-04-14 06:04:11,83.8,7.47
2026-04-14 06:04:11,83.21,7.53
2026-04-14 06:04:12,83.37,7.46
2026-04-14 06:04:12,83.2,7.54
2026-04-14 06:04:12,86.16,7.34
2026-04-14 06:04:12,81.81,7.77
2026-04-14 06:04:12,83.13,7.43
2026-04-14 06:04:12,83.78,7.45
2026-04-14 06:04:12,87.38,7.31
2026-04-14 06:04:13,87.41,7.52
2026-04-14 06:04:13,82.5,7.6
2026-04-14 06:04:13,82.72,7.66
2026-04-14 06:04:13,83.13,7.49
2026-04-14 06:04:13,84.93,7.4
2026-04-14 06:04:13,97.3,6.87
2026-04-14 06:04:13,83.6,6.53
2026-04-14 06:04:13,83.55,7.52
2026-04-14 06:04:14,83.59,7.48
2026-04-14 06:04:14,83.12,7.55
2026-04-14 06:04:14,82.54,7.54
2026-04-14 06:04:14,81.69,7.51
2026-04-14 06:04:14,82.42,7.5
2026-04-14 06:04:14,87.54,7.23
2026-04-14 06:04:14,84.77,7.64
2026-04-14 06:04:15,84.06,7.56
2026-04-14 06:04:15,84.27,7.47
2026-04-14 06:04:15,82.25,7.63
2026-04-14 06:04:15,82.86,7.48
2026-04-14 06:04:15,85.27,7.37
2026-04-14 06:04:15,95.03,6.99
2026-04-14 06:04:15,83.12,6.46
2026-04-14 06:04:16,84.12,7.46
2026-04-14 06:04:16,83.53,7.52
2026-04-14 06:04:16,84.21,7.48
2026-04-14 06:04:16,85.73,7.4
2026-04-14 06:04:16,82.86,7.69
2026-04-14 06:04:16,84.4,7.42
2026-04-14 06:04:16,82.96,7.59
2026-04-14 06:04:16,83.76,7.39
2026-04-14 06:04:17,89.74,7.24
2026-04-14 06:04:17,81.97,6.29
2026-04-14 06:04:17,85.1,7.34
2026-04-14 06:04:17,81.27,7.72
2026-04-14 06:04:17,82.28,7.43
2026-04-14 06:04:17,86.71,7.27
2026-04-14 06:04:17,83.38,7.69
2026-04-14 06:04:18,86.64,7.33
2026-04-14 06:04:18,82.68,7.74
2026-04-14 06:04:18,84.06,7.42
2026-04-14 06:04:18,82.1,7.54
2026-04-14 06:04:18,83.22,7.49
2026-04-14 06:04:18,83.1,7.54
2026-04-14 06:04:18,83.38,7.48
2026-04-14 06:04:19,95.37,6.84
2026-04-14 06:04:19,83.24,6.52
2026-04-14 06:04:19,81.37,7.62
2026-04-14 06:04:19,84.8,7.3
2026-04-14 06:04:19,82.32,7.66
2026-04-14 06:04:19,83.04,7.46
2026-04-14 06:04:19,93.73,6.89
2026-04-14 06:04:19,83.88,6.43
2026-04-14 06:04:20,80.91,7.66
2026-04-14 06:04:20,82.56,7.42
2026-04-14 06:04:20,83.89,7.43
2026-04-14 06:04:20,82.82,7.56
2026-04-14 06:04:20,83.19,7.47
2026-04-14 06:04:20,84.21,7.45
2026-04-14 06:04:20,82.78,7.6
2026-04-14 06:04:21,82.97,7.46
2026-04-14 06:04:21,83.6,7.5
2026-04-14 06:04:21,89.26,7.19
2026-04-14 06:04:21,83.2,6.23
2026-04-14 06:04:21,82.75,7.52
2026-04-14 06:04:21,83.79,7.44
2026-04-14 06:04:21,85.03,7.45
2026-04-14 06:04:22,83.13,7.61
2026-04-14 06:04:22,83.44,7.49
2026-04-14 06:04:22,82.49,7.56
2026-04-14 06:04:22,82.97,7.45
2026-04-14 06:04:22,82.67,7.53
2026-04-14 06:04:22,83.68,7.46
2026-04-14 06:04:22,86.2,7.34
2026-04-14 06:04:22,81.19,7.83
2026-04-14 06:04:23,102.87,6.46
2026-04-14 06:04:23,82.78,6.82
2026-04-14 06:04:23,82.5,7.51
2026-04-14 06:04:23,85.62,7.3
2026-04-14 06:04:23,81.46,7.79
2026-04-14 06:04:23,83.84,7.36
2026-04-14 06:04:23,84.06,7.51
2026-04-14 06:04:24,82.42,7.59
2026-04-14 06:04:24,82.53,7.51
2026-04-14 06:04:24,83.15,7.46
2026-04-14 06:04:24,94.7,6.91
2026-04-14 06:04:24,87.9,6.26
2026-04-14 06:04:24,87.4,7.52
2026-04-14 06:04:24,103.55,6.7
2026-04-14 06:04:25,87.55,6.63
2026-04-14 06:04:25,85.04,7.64
2026-04-14 06:04:25,86.92,7.42
2026-04-14 06:04:25,84.59,7.64
2026-04-14 06:04:25,85.96,7.42
2026-04-14 06:04:25,86.28,7.48
2026-04-14 06:04:25,86.22,7.51
2026-04-14 06:04:25,85.04,7.58
2026-04-14 06:04:26,86.04,7.45
2026-04-14 06:04:26,85.03,7.56
2026-04-14 06:04:26,86.14,7.37
2026-04-14 06:04:26,84.1,7.7
2026-04-14 06:04:26,85.3,7.43
2026-04-14 06:04:26,89.4,7.27
2026-04-14 06:04:26,85.81,6.14
2026-04-14 06:04:27,85.41,7.52
2026-04-14 06:04:27,85.78,7.46
2026-04-14 06:04:27,86.37,7.49
2026-04-14 06:04:27,87.9,7.42
2026-04-14 06:04:27,84.02,7.73
2026-04-14 06:04:27,88.65,7.25
2026-04-14 06:04:27,88.98,5.99
2026-04-14 06:04:28,85.61,6.13
2026-04-14 06:04:28,84.86,7.53
2026-04-14 06:04:28,89.35,7.28
2026-04-14 06:04:28,85.23,6.15
2026-04-14 06:04:28,82.61,7.64
2026-04-14 06:04:28,95.53,6.84
2026-04-14 06:04:28,81.12,6.58
2026-04-14 06:04:29,85.76,7.25
2026-04-14 06:04:29,86.76,7.43
2026-04-14 06:04:29,97.4,6.97
2026-04-14 06:04:29,82.49,6.59
2026-04-14 06:04:29,81.86,7.54
2026-04-14 06:04:29,83.55,7.4
2026-04-14 06:04:29,82.08,7.54
2026-04-14 06:04:30,85.74,7.35
2026-04-14 06:04:30,82.51,7.71
2026-04-14 06:04:30,85.5,7.34
2026-04-14 06:04:30,83.69,7.6
2026-04-14 06:04:30,82.86,7.55
2026-04-14 06:04:30,83.29,7.42
2026-04-14 06:04:30,84.25,7.51
2026-04-14 06:04:30,85.8,7.42
2026-04-14 06:04:31,83.03,7.66
2026-04-14 06:04:31,82.28,7.52
2026-04-14 06:04:31,82.84,7.5
2026-04-14 06:04:31,82.96,7.49
2026-04-14 06:04:31,84.64,7.42
2026-04-14 06:04:31,84.59,7.51
2026-04-14 06:04:31,83.31,7.58
2026-04-14 06:04:32,83.07,7.52
2026-04-14 06:04:32,81.7,7.58
2026-04-14 06:04:32,83.83,7.38
2026-04-14 06:04:32,82.26,7.6
2026-04-14 06:04:32,83.16,7.45
2026-04-14 06:04:32,83.5,7.48
2026-04-14 06:04:32,83.89,7.48
2026-04-14 06:04:32,83.84,7.5
2026-04-14 06:04:33,83.74,7.52
2026-04-14 06:04:33,84.34,7.47
2026-04-14 06:04:33,83.67,7.54
2026-04-14 06:04:33,83.63,7.5
2026-04-14 06:04:33,84.03,7.49
2026-04-14 06:04:33,82.63,7.51
2026-04-14 06:04:33,83.71,7.5
2026-04-14 06:04:34,84.84,7.45
2026-04-14 06:04:34,86.01,7.43
2026-04-14 06:04:34,82.75,7.7
2026-04-14 06:04:34,84.28,7.42
2026-04-14 06:04:34,81.53,7.66
2026-04-14 06:04:34,82.58,7.43
2026-04-14 06:04:34,86.47,7.3
2026-04-14 06:04:34,81.86,7.73
2026-04-14 06:04:35,85.1,7.36
2026-04-14 06:04:35,83.2,7.62
2026-04-14 06:04:35,88.01,7.24
2026-04-14 06:04:35,81.99,7.86
2026-04-14 06:04:35,83.15,7.44
2026-04-14 06:04:35,83.5,7.48
2026-04-14 06:04:35,83.12,7.53
2026-04-14 06:04:36,86.7,7.25
2026-04-14 06:04:36,82.37,7.83
2026-04-14 06:04:36,85.01,7.36
2026-04-14 06:04:36,83.7,7.58
2026-04-14 06:04:36,83.53,7.52
2026-04-14 06:04:36,83.65,7.49
2026-04-14 06:04:36,85.32,7.39
2026-04-14 06:04:36,81.19,7.77
2026-04-14 06:04:37,83.23,7.38
2026-04-14 06:04:37,82.17,7.57
2026-04-14 06:04:37,83.34,7.44
2026-04-14 06:04:37,84.22,7.4
2026-04-14 06:04:37,84.69,7.53
2026-04-14 06:04:37,82.59,7.6
2026-04-14 06:04:37,81.7,7.58
2026-04-14 06:04:38,85.09,7.26
2026-04-14 06:04:38,81.53,7.78
2026-04-14 06:04:38,84.34,7.35
2026-04-14 06:04:38,82.42,7.55
2026-04-14 06:04:38,83.85,7.48
2026-04-14 06:04:38,82.64,7.58
2026-04-14 06:04:38,83.25,7.45
2026-04-14 06:04:38,81.83,7.6
2026-04-14 06:04:39,83.29,7.42
2026-04-14 06:04:39,81.5,7.6
2026-04-14 06:04:39,90.35,7.04
2026-04-14 06:04:39,82.83,6.29
2026-04-14 06:04:39,81.47,7.57
2026-04-14 06:04:39,83.87,7.38
2026-04-14 06:04:39,81.16,7.66
2026-04-14 06:04:40,82.18,7.44
2026-04-14 06:04:40,90.98,7.04
2026-04-14 06:04:40,82.47,6.34
2026-04-14 06:04:40,84.43,7.37
2026-04-14 06:04:40,91.86,7.12
2026-04-14 06:04:40,100.65,5.69
2026-04-14 06:04:40,81.31,6.81
2026-04-14 06:04:41,83.1,7.39
2026-04-14 06:04:41,85.43,7.39
2026-04-14 06:04:41,83.11,7.6
2026-04-14 06:04:41,85.45,7.41
2026-04-14 06:04:41,83.32,7.62
2026-04-14 06:04:41,83.47,7.46
2026-04-14 06:04:41,82.82,7.58
2026-04-14 06:04:42,83.55,7.48
2026-04-14 06:04:42,83.2,7.52
2026-04-14 06:04:42,95.13,6.87
2026-04-14 06:04:42,82.35,6.52
2026-04-14 06:04:42,82.59,7.46
2026-04-14 06:04:42,84.36,7.4
2026-04-14 06:04:42,82.05,7.6
2026-04-14 06:04:43,83.97,7.46
2026-04-14 06:04:43,83.55,7.53
2026-04-14 06:04:43,83.44,7.51
2026-04-14 06:04:43,81.61,7.58
2026-04-14 06:04:43,82.51,7.47
2026-04-14 06:04:43,84.62,7.38
2026-04-14 06:04:43,86.27,7.42
2026-04-14 06:04:43,81.65,7.79
2026-04-14 06:04:44,82.73,7.42
2026-04-14 06:04:44,82.06,7.56
2026-04-14 06:04:44,82.38,7.47
2026-04-14 06:04:44,85.46,7.35
2026-04-14 06:04:44,81.0,7.77
2026-04-14 06:04:44,84.23,7.32
2026-04-14 06:04:44,82.69,7.59
2026-04-14 06:04:45,95.0,6.88
2026-04-14 06:04:45,83.47,6.45
2026-04-14 06:04:45,82.26,7.57
2026-04-14 06:04:45,84.1,7.4
2026-04-14 06:04:45,82.2,7.62
2026-04-14 06:04:45,84.8,7.35
2026-04-14 06:04:45,85.24,7.48
2026-04-14 06:04:45,82.86,7.64
2026-04-14 06:04:46,82.64,7.51
2026-04-14 06:04:46,82.79,7.49
2026-04-14 06:04:46,82.44,7.54
2026-04-14 06:04:46,84.26,7.4
2026-04-14 06:04:46,81.81,7.65
2026-04-14 06:04:46,83.26,7.42
2026-04-14 06:04:46,83.67,7.48
2026-04-14 06:04:47,89.92,7.17
2026-04-14 06:04:47,81.99,6.29
2026-04-14 06:04:47,84.65,7.36
2026-04-14 06:04:47,85.19,7.47
2026-04-14 06:04:47,81.99,7.69
2026-04-14 06:04:47,83.33,7.43
2026-04-14 06:04:47,85.59,7.38
2026-04-14 06:04:48,81.82,7.73
2026-04-14 06:04:48,83.09,7.42
2026-04-14 06:04:48,82.74,7.54
2026-04-14 06:04:48,83.26,7.46
2026-04-14 06:04:48,82.63,7.54
2026-04-14 06:04:48,83.05,7.48
2026-04-14 06:04:48,84.39,7.43
2026-04-14 06:04:48,82.61,7.62
2026-04-14 06:04:49,81.82,7.53
2026-04-14 06:04:49,82.23,7.49
2026-04-14 06:04:49,82.93,7.47
2026-04-14 06:04:49,81.96,7.56
2026-04-14 06:04:49,81.75,7.5
2026-04-14 06:04:49,82.46,7.43
2026-04-14 06:04:49,82.12,7.56
2026-04-14 06:04:50,82.32,7.5
2026-04-14 06:04:50,82.21,7.45
2026-04-14 06:04:50,82.2,7.56
2026-04-14 06:04:50,89.5,7.0
2026-04-14 06:04:50,82.39,6.37
2026-04-14 06:04:50,82.16,7.5
2026-04-14 06:04:50,82.54,7.5
2026-04-14 06:04:50,81.9,7.53
2026-04-14 06:04:51,83.12,7.43
2026-04-14 06:04:51,83.85,7.47
2026-04-14 06:04:51,83.61,7.52
2026-04-14 06:04:51,81.77,7.6
2026-04-14 06:04:51,83.43,7.41
2026-04-14 06:04:51,82.87,7.52
2026-04-14 06:04:51,83.14,7.51
2026-04-14 06:04:52,84.55,7.41
2026-04-14 06:04:52,83.66,7.56
2026-04-14 06:04:52,82.18,7.59
2026-04-14 06:04:52,83.31,7.44
2026-04-14 06:04:52,82.4,7.56
2026-04-14 06:04:52,83.41,7.42
2026-04-14 06:04:52,85.46,7.41
2026-04-14 06:04:52,82.33,7.69
2026-04-14 06:04:53,82.94,7.46
2026-04-14 06:04:53,85.44,7.37
2026-04-14 06:04:53,87.89,7.37
2026-04-14 06:04:53,82.11,7.84
2026-04-14 06:04:53,83.36,7.43
2026-04-14 06:04:53,93.11,7.0
2026-04-14 06:04:53,82.46,6.41
2026-04-14 06:04:54,83.57,7.44
2026-04-14 06:04:54,84.67,7.45
2026-04-14 06:04:54,83.63,7.57
2026-04-14 06:04:54,84.02,7.48
2026-04-14 06:04:54,83.98,7.48
2026-04-14 06:04:54,81.41,7.67
2026-04-14 06:04:54,85.44,7.28
2026-04-14 06:04:55,82.08,7.71
2026-04-14 06:04:55,88.1,7.17
2026-04-14 06:04:55,82.05,7.87
2026-04-14 06:04:55,84.69,7.33
2026-04-14 06:04:55,82.95,7.63
2026-04-14 06:04:55,82.87,7.51
2026-04-14 06:04:55,83.24,7.48
2026-04-14 06:04:55,83.43,7.46
2026-04-14 06:04:56,94.23,6.97
2026-04-14 06:04:56,82.89,6.43
2026-04-14 06:04:56,84.6,7.41
2026-04-14 06:04:56,155.09,4.91
2026-04-14 06:04:56,140.68,4.48
2026-04-14 06:04:56,82.45,7.27
2026-04-14 06:04:57,89.67,7.13
2026-04-14 06:04:57,82.77,6.26
2026-04-14 06:04:57,82.34,7.53
2026-04-14 06:04:57,83.14,7.46
2026-04-14 06:04:57,83.62,7.48
2026-04-14 06:04:57,83.08,7.54
2026-04-14 06:04:57,82.19,7.54
2026-04-14 06:04:58,82.72,7.45
2026-04-14 06:04:58,83.78,7.31
2026-04-14 06:04:58,85.6,7.57
2026-04-14 06:04:58,86.41,7.46
2026-04-14 06:04:58,83.33,7.68
2026-04-14 06:04:58,94.42,6.92
2026-04-14 06:04:58,82.26,6.47
2026-04-14 06:04:59,95.59,6.82
2026-04-14 06:04:59,83.3,6.48
2026-04-14 06:04:59,82.73,7.54
2026-04-14 06:04:59,83.35,7.47
2026-04-14 06:04:59,85.14,7.4
2026-04-14 06:04:59,85.21,7.49
2026-04-14 06:04:59,83.61,7.61
2026-04-14 06:04:59,83.64,7.43
2026-04-14 06:05:00,86.14,7.43
2026-04-14 06:05:00,81.79,7.77
2026-04-14 06:05:00,87.4,7.2
2026-04-14 06:05:00,83.13,7.75
2026-04-14 06:05:00,84.72,7.42
2026-04-14 06:05:00,85.69,7.44
2026-04-14 06:05:00,83.58,7.63
2026-04-14 06:05:01,83.6,7.49
2026-04-14 06:05:01,85.94,7.38
2026-04-14 06:05:01,82.09,7.74
2026-04-14 06:05:01,86.89,7.24
2026-04-14 06:05:01,82.25,7.78
2026-04-14 06:05:01,83.04,7.45
2026-04-14 06:05:01,85.3,7.31
2026-04-14 06:05:01,82.8,7.73
2026-04-14 06:05:02,82.11,7.52
2026-04-14 06:05:02,88.79,7.15
2026-04-14 06:05:02,84.76,6.13
2026-04-14 06:05:02,81.66,7.73
2026-04-14 06:05:02,82.53,7.45
2026-04-14 06:05:02,83.8,7.42
2026-04-14 06:05:02,83.38,7.54
2026-04-14 06:05:03,82.98,7.49
2026-04-14 06:05:03,85.15,7.41
2026-04-14 06:05:03,84.19,7.57
2026-04-14 06:05:03,82.35,7.61
2026-04-14 06:05:03,83.3,7.44
2026-04-14 06:05:03,82.58,7.51
2026-04-14 06:05:03,83.73,7.47
2026-04-14 06:05:04,82.78,7.55
2026-04-14 06:05:04,84.38,7.43
2026-04-14 06:05:04,81.75,7.64
2026-04-14 06:05:04,85.97,7.23
2026-04-14 06:05:04,81.37,7.82
2026-04-14 06:05:04,82.94,7.42
2026-04-14 06:05:04,83.01,7.48
2026-04-14 06:05:04,82.02,7.58
2026-04-14 06:05:05,82.15,7.48
2026-04-14 06:05:05,84.24,7.37
2026-04-14 06:05:05,84.89,7.49
2026-04-14 06:05:05,83.39,7.6
2026-04-14 06:05:05,84.69,7.43
2026-04-14 06:05:05,82.68,7.59
2026-04-14 06:05:05,83.27,7.49
2026-04-14 06:05:06,82.52,7.55
2026-04-14 06:05:06,83.92,7.43
2026-04-14 06:05:06,82.17,7.6
2026-04-14 06:05:06,85.38,7.32
2026-04-14 06:05:06,81.66,7.74
2026-04-14 06:05:06,101.36,6.53
2026-04-14 06:05:06,95.87,6.2
2026-04-14 06:05:07,83.93,6.48
2026-04-14 06:05:07,82.5,7.58
2026-04-14 06:05:07,82.52,7.5
2026-04-14 06:05:07,84.13,7.41
2026-04-14 06:05:07,80.82,7.68
2026-04-14 06:05:07,81.34,7.49
2026-04-14 06:05:07,81.47,7.49
2026-04-14 06:05:07,91.8,6.94
2026-04-14 06:05:08,83.35,6.35
2026-04-14 06:05:08,86.19,7.28
2026-04-14 06:05:08,82.8,7.76
2026-04-14 06:05:08,90.24,7.11
2026-04-14 06:05:08,95.19,5.79
2026-04-14 06:05:08,93.45,6.04
2026-04-14 06:05:09,83.88,6.44
2026-04-14 06:05:09,82.49,7.39
2026-04-14 06:05:09,83.76,7.57
2026-04-14 06:05:09,83.23,7.52
2026-04-14 06:05:09,84.3,7.45
2026-04-14 06:05:09,84.55,7.48
2026-04-14 06:05:09,81.91,7.65
2026-04-14 06:05:09,90.45,7.05
2026-04-14 06:05:10,83.94,6.29
2026-04-14 06:05:10,81.98,7.6
2026-04-14 06:05:10,90.82,6.99
2026-04-14 06:05:10,81.94,6.34
2026-04-14 06:05:10,82.95,7.48
2026-04-14 06:05:10,84.57,7.43
2026-04-14 06:05:10,82.0,7.67
2026-04-14 06:05:11,85.34,7.29
2026-04-14 06:05:11,81.98,7.72
2026-04-14 06:05:11,84.02,7.36
2026-04-14 06:05:11,81.98,7.65
2026-04-14 06:05:11,95.95,6.78
2026-04-14 06:05:11,81.57,6.54
2026-04-14 06:05:11,84.25,7.4
2026-04-14 06:05:12,84.29,7.5
2026-04-14 06:05:12,82.75,7.61
2026-04-14 06:05:12,82.13,7.51
2026-04-14 06:05:12,83.05,7.48
2026-04-14 06:05:12,83.06,7.49
2026-04-14 06:05:12,81.88,7.59
2026-04-14 06:05:12,84.35,7.36
2026-04-14 06:05:12,86.42,7.39
2026-04-14 06:05:13,82.87,7.7
2026-04-14 06:05:13,83.51,7.48
2026-04-14 06:05:13,82.19,7.58
2026-04-14 06:05:13,83.57,7.43
2026-04-14 06:05:13,84.68,7.44
2026-04-14 06:05:13,87.14,7.37
2026-04-14 06:05:13,84.77,7.61
2026-04-14 06:05:14,82.31,7.67
2026-04-14 06:05:14,84.64,7.35
2026-04-14 06:05:14,82.61,7.52
2026-04-14 06:05:14,83.2,7.58
2026-04-14 06:05:14,83.93,7.46
2026-04-14 06:05:14,81.6,7.65
2026-04-14 06:05:14,84.71,7.32
2026-04-14 06:05:14,83.14,7.6
2026-04-14 06:05:15,85.53,7.34
2026-04-14 06:05:15,83.14,7.66
2026-04-14 06:05:15,83.77,7.47
2026-04-14 06:05:15,83.1,7.55
2026-04-14 06:05:15,82.92,7.5
2026-04-14 06:05:15,83.4,7.48
2026-04-14 06:05:15,83.47,7.51
2026-04-14 06:05:16,82.8,7.53
2026-04-14 06:05:16,83.08,7.5
2026-04-14 06:05:16,85.95,7.35
2026-04-14 06:05:16,82.85,7.68
2026-04-14 06:05:16,82.94,7.49
2026-04-14 06:05:16,81.48,7.59
2026-04-14 06:05:16,82.3,7.39
2026-04-14 06:05:16,81.98,7.59
2026-04-14 06:05:17,84.24,7.37
2026-04-14 06:05:17,81.95,7.65
2026-04-14 06:05:17,83.85,7.39
2026-04-14 06:05:17,81.97,7.56
2026-04-14 06:05:17,84.61,7.4
2026-04-14 06:05:17,82.84,7.59
2026-04-14 06:05:17,83.52,7.48
2026-04-14 06:05:18,85.09,7.41
2026-04-14 06:05:18,81.89,7.71
2026-04-14 06:05:18,83.27,7.42
2026-04-14 06:05:18,83.93,7.48
2026-04-14 06:05:18,102.4,6.57
2026-04-14 06:05:18,90.95,6.4
2026-04-14 06:05:18,83.38,6.35
2026-04-14 06:05:19,83.24,7.5
2026-04-14 06:05:19,83.59,7.5
2026-04-14 06:05:19,84.37,7.46
2026-04-14 06:05:19,82.61,7.52
2026-04-14 06:05:19,83.05,7.56
2026-04-14 06:05:19,82.92,7.5
2026-04-14 06:05:19,87.79,7.22
2026-04-14 06:05:19,82.35,7.85
2026-04-14 06:05:20,89.86,7.1
2026-04-14 06:05:20,92.27,5.92
2026-04-14 06:05:20,84.64,6.28
2026-04-14 06:05:20,83.5,7.57
2026-04-14 06:05:20,82.44,7.56
2026-04-14 06:05:20,84.41,7.39
2026-04-14 06:05:20,81.53,7.7
2026-04-14 06:05:21,82.87,7.41
2026-04-14 06:05:21,82.07,7.57
2026-04-14 06:05:21,81.63,7.52
2026-04-14 06:05:21,83.64,7.37
2026-04-14 06:05:21,82.27,7.61
2026-04-14 06:05:21,82.64,7.47
2026-04-14 06:05:21,84.74,7.39
2026-04-14 06:05:22,82.59,7.6
2026-04-14 06:05:22,84.41,7.41
2026-04-14 06:05:22,82.44,7.64
2026-04-14 06:05:22,82.36,7.5
2026-04-14 06:05:22,82.48,7.5
2026-04-14 06:05:22,82.97,7.47
2026-04-14 06:05:22,99.45,6.67
2026-04-14 06:05:22,82.37,6.69
2026-04-14 06:05:23,82.53,7.49
2026-04-14 06:05:23,83.35,7.46
2026-04-14 06:05:23,81.83,7.6
2026-04-14 06:05:23,84.17,7.36
2026-04-14 06:05:23,86.88,7.37
2026-04-14 06:05:23,86.56,7.51
2026-04-14 06:05:23,82.02,7.79
2026-04-14 06:05:24,82.47,7.47
2026-04-14 06:05:24,83.61,7.41
2026-04-14 06:05:24,81.88,7.64
2026-04-14 06:05:24,83.43,7.41
2026-04-14 06:05:24,81.8,7.54
2026-04-14 06:05:24,82.49,7.41
2026-04-14 06:05:24,85.23,7.46
2026-04-14 06:05:24,82.68,7.66
2026-04-14 06:05:25,82.55,7.5
2026-04-14 06:05:25,82.88,7.49
2026-04-14 06:05:25,81.77,7.57
2026-04-14 06:05:25,83.82,7.39
2026-04-14 06:05:25,81.44,7.64
2026-04-14 06:05:25,83.58,7.36
2026-04-14 06:05:25,82.38,7.6
2026-04-14 06:05:26,83.9,7.38
2026-04-14 06:05:26,82.69,7.61
2026-04-14 06:05:26,82.24,7.52
2026-04-14 06:05:26,84.01,7.41
2026-04-14 06:05:26,82.14,7.62
2026-04-14 06:05:26,83.73,7.39
2026-04-14 06:05:26,87.44,7.33
2026-04-14 06:05:26,82.69,7.78
2026-04-14 06:05:27,84.47,7.34
2026-04-14 06:05:27,82.02,7.71
2026-04-14 06:05:27,83.81,7.34
2026-04-14 06:05:27,82.47,7.65
2026-04-14 06:05:27,83.54,7.43
2026-04-14 06:05:27,85.14,7.42
2026-04-14 06:05:27,83.65,7.52
2026-04-14 06:05:28,83.5,7.56
2026-04-14 06:05:28,87.11,7.32
2026-04-14 06:05:28,82.44,7.78
2026-04-14 06:05:28,83.66,7.43
2026-04-14 06:05:28,83.34,7.52
2026-04-14 06:05:28,84.36,7.44
2026-04-14 06:05:28,82.7,7.6
2026-04-14 06:05:28,85.98,7.32
2026-04-14 06:05:29,82.57,7.71
2026-04-14 06:05:29,86.84,7.27
2026-04-14 06:05:29,81.24,7.84
2026-04-14 06:05:29,84.13,7.34
2026-04-14 06:05:29,82.87,7.59
2026-04-14 06:05:29,83.95,7.43
2026-04-14 06:05:29,85.14,7.45
2026-04-14 06:05:30,82.16,7.68
2026-04-14 06:05:30,85.24,7.33
2026-04-14 06:05:30,81.92,7.71
2026-04-14 06:05:30,83.16,7.43
2026-04-14 06:05:30,81.97,7.57
2026-04-14 06:05:30,82.86,7.43
2026-04-14 06:05:30,81.65,7.59
2026-04-14 06:05:31,97.59,6.71
2026-04-14 06:05:31,107.69,5.66
2026-04-14 06:05:31,83.45,7.03
2026-04-14 06:05:31,83.1,7.53
2026-04-14 06:05:31,83.28,7.49
2026-04-14 06:05:31,82.11,7.54
2026-04-14 06:05:31,84.79,7.38
2026-04-14 06:05:31,81.65,7.67
2026-04-14 06:05:32,85.31,7.31
2026-04-14 06:05:32,81.79,7.69
2026-04-14 06:05:32,83.75,7.39
2026-04-14 06:05:32,82.23,7.62
2026-04-14 06:05:32,82.86,7.45
2026-04-14 06:05:32,84.83,7.39
2026-04-14 06:05:32,81.47,7.71
2026-04-14 06:05:33,84.38,7.29
2026-04-14 06:05:33,82.22,7.7
2026-04-14 06:05:33,94.96,6.84
2026-04-14 06:05:33,81.72,6.52
2026-04-14 06:05:33,88.74,7.12
2026-04-14 06:05:33,84.84,6.16
2026-04-14 06:05:33,82.14,7.66
2026-04-14 06:05:34,83.86,7.39
2026-04-14 06:05:34,83.44,7.54
2026-04-14 06:05:34,84.07,7.47
2026-04-14 06:05:34,82.91,7.57
2026-04-14 06:05:34,84.68,7.39
2026-04-14 06:05:34,81.54,7.69
2026-04-14 06:05:34,85.12,7.31
2026-04-14 06:05:34,83.29,7.6
2026-04-14 06:05:35,81.82,7.57
2026-04-14 06:05:35,83.28,7.43
2026-04-14 06:05:35,81.29,7.65
2026-04-14 06:05:35,83.5,7.37
2026-04-14 06:05:35,89.93,7.16
2026-04-14 06:05:35,82.07,6.29
2026-04-14 06:05:35,82.6,7.48
2026-04-14 06:05:36,84.48,7.4
2026-04-14 06:05:36,83.67,7.56
2026-04-14 06:05:36,83.06,7.52
2026-04-14 06:05:36,87.52,7.27
2026-04-14 06:05:36,82.3,7.81
2026-04-14 06:05:36,83.15,7.45
2026-04-14 06:05:36,85.25,7.37
2026-04-14 06:05:37,81.85,7.71
2026-04-14 06:05:37,85.14,7.31
2026-04-14 06:05:37,81.76,7.7
2026-04-14 06:05:37,90.71,7.03
2026-04-14 06:05:37,82.46,6.31
2026-04-14 06:05:37,84.14,7.38
2026-04-14 06:05:37,94.0,7.03
2026-04-14 06:05:38,84.21,6.37
2026-04-14 06:05:38,81.87,7.63
2026-04-14 06:05:38,83.5,7.41
2026-04-14 06:05:38,83.01,7.53
2026-04-14 06:05:38,88.14,7.23
2026-04-14 06:05:38,81.55,7.89
2026-04-14 06:05:38,90.25,7.04
2026-04-14 06:05:38,82.05,6.32
2026-04-14 06:05:39,83.92,7.39
2026-04-14 06:05:39,81.38,7.66
2026-04-14 06:05:39,84.71,7.3
2026-04-14 06:05:39,85.92,7.47
2026-04-14 06:05:39,84.01,7.53
2026-04-14 06:05:39,85.61,7.47
2026-04-14 06:05:39,86.08,5.98
2026-04-14 06:05:40,88.96,7.38
2026-04-14 06:05:40,85.35,6.13
2026-04-14 06:05:40,87.7,7.36
2026-04-14 06:05:40,87.34,7.55
2026-04-14 06:05:40,87.9,7.48
2026-04-14 06:05:40,90.74,7.33
2026-04-14 06:05:40,86.49,6.18
2026-04-14 06:05:41,83.8,7.64
2026-04-14 06:05:41,85.08,7.43
2026-04-14 06:05:41,93.52,7.06
2026-04-14 06:05:41,84.85,6.34
2026-04-14 06:05:41,83.29,7.59
2026-04-14 06:05:41,86.13,7.33
2026-04-14 06:05:41,83.41,7.66
2026-04-14 06:05:42,83.2,7.48
2026-04-14 06:05:42,82.91,7.57
2026-04-14 06:05:42,83.55,7.46
2026-04-14 06:05:42,82.01,7.6
2026-04-14 06:05:42,83.99,7.39
2026-04-14 06:05:42,81.43,7.66
2026-04-14 06:05:42,85.59,7.27
2026-04-14 06:05:42,82.06,7.72
2026-04-14 06:05:43,86.09,7.27
2026-04-14 06:05:43,81.09,7.77
2026-04-14 06:05:43,83.82,7.37
2026-04-14 06:05:43,81.92,7.63
2026-04-14 06:05:43,83.81,7.39
2026-04-14 06:05:43,81.79,7.63
2026-04-14 06:05:43,96.12,6.76
2026-04-14 06:05:44,82.55,6.54
2026-04-14 06:05:44,82.85,7.49
2026-04-14 06:05:44,84.62,7.42
2026-04-14 06:05:44,85.3,7.47
2026-04-14 06:05:44,82.17,7.68
2026-04-14 06:05:44,83.92,7.39
2026-04-14 06:05:44,82.79,7.57
2026-04-14 06:05:45,91.48,7.05
2026-04-14 06:05:45,82.89,6.33
2026-04-14 06:05:45,82.57,7.53
2026-04-14 06:05:45,84.51,7.39
2026-04-14 06:05:45,82.59,7.53
2026-04-14 06:05:45,82.26,7.6
2026-04-14 06:05:45,86.75,7.25
2026-04-14 06:05:45,81.18,7.83
2026-04-14 06:05:46,82.42,7.44
2026-04-14 06:05:46,82.42,7.49
2026-04-14 06:05:46,82.9,7.47
2026-04-14 06:05:46,82.57,7.54
2026-04-14 06:05:46,83.83,7.44
2026-04-14 06:05:46,84.42,7.46
2026-04-14 06:05:46,84.77,7.49
2026-04-14 06:05:47,82.13,7.66
2026-04-14 06:05:47,87.88,7.18
2026-04-14 06:05:47,82.43,7.83
2026-04-14 06:05:47,87.83,7.21
2026-04-14 06:05:47,81.55,7.86
2026-04-14 06:05:47,84.86,7.34
2026-04-14 06:05:47,82.98,7.61
2026-04-14 06:05:47,83.75,7.44
2026-04-14 06:05:48,82.0,7.62
2026-04-14 06:05:48,81.5,7.53
2026-04-14 06:05:48,82.49,7.43
2026-04-14 06:05:48,83.0,7.5
2026-04-14 06:05:48,84.78,7.41
2026-04-14 06:05:48,86.13,7.44
2026-04-14 06:05:48,83.23,7.66
2026-04-14 06:05:49,84.94,7.42
2026-04-14 06:05:49,82.93,7.6
2026-04-14 06:05:49,85.94,7.35
2026-04-14 06:05:49,81.38,7.77
2026-04-14 06:05:49,85.49,7.26
2026-04-14 06:05:49,81.12,7.78
2026-04-14 06:05:49,82.88,7.39
2026-04-14 06:05:49,83.5,7.48
2026-04-14 06:05:50,85.94,7.38
2026-04-14 06:05:50,82.44,7.7
2026-04-14 06:05:50,84.47,7.39
2026-04-14 06:05:50,84.86,7.47
2026-04-14 06:05:50,83.75,7.57
2026-04-14 06:05:50,83.25,7.54
2026-04-14 06:05:50,84.9,7.41
2026-04-14 06:05:51,81.47,7.7
2026-04-14 06:05:51,87.07,7.2
2026-04-14 06:05:51,80.88,7.87
2026-04-14 06:05:51,83.61,7.3
2026-04-14 06:05:51,81.73,7.68
2026-04-14 06:05:51,83.22,7.42
2026-04-14 06:05:51,83.62,7.47
2026-04-14 06:05:51,81.28,7.65
2026-04-14 06:05:52,83.3,7.38
2026-04-14 06:05:52,82.56,7.55
2026-04-14 06:05:52,83.08,7.47
2026-04-14 06:05:52,82.34,7.56
2026-04-14 06:05:52,83.83,7.42
2026-04-14 06:05:52,83.85,7.46
2026-04-14 06:05:52,81.46,7.67
2026-04-14 06:05:53,82.49,7.44
2026-04-14 06:05:53,83.77,7.43
2026-04-14 06:05:53,84.46,7.48
2026-04-14 06:05:53,81.78,7.65
2026-04-14 06:05:53,84.21,7.36
2026-04-14 06:05:53,81.36,7.68
2026-04-14 06:05:53,88.75,7.1
2026-04-14 06:05:54,83.98,6.19
2026-04-14 06:05:54,83.97,7.49
2026-04-14 06:05:54,83.77,7.52
2026-04-14 06:05:54,86.42,7.36
2026-04-14 06:05:54,81.79,7.77
2026-04-14 06:05:54,83.87,7.38
2026-04-14 06:05:54,88.58,7.25
2026-04-14 06:05:54,87.92,5.99
2026-04-14 06:05:55,84.43,6.17
2026-04-14 06:05:55,82.52,7.6
2026-04-14 06:05:55,83.08,7.49
2026-04-14 06:05:55,86.05,7.31
2026-04-14 06:05:55,82.86,7.72
2026-04-14 06:05:55,83.96,7.43
2026-04-14 06:05:55,84.21,7.5
2026-04-14 06:05:56,85.34,7.44
2026-04-14 06:05:56,81.57,7.73
2026-04-14 06:05:56,85.13,7.3
2026-04-14 06:05:56,82.0,7.68
2026-04-14 06:05:56,82.07,7.49
2026-04-14 06:05:56,83.04,7.46
2026-04-14 06:05:56,81.6,7.57
2026-04-14 06:05:57,84.82,7.33
2026-04-14 06:05:57,82.32,7.64
2026-04-14 06:05:57,82.75,7.48
2026-04-14 06:05:57,81.75,7.57
2026-04-14 06:05:57,83.97,7.37
2026-04-14 06:05:57,81.94,7.63
2026-04-14 06:05:57,84.31,7.37
2026-04-14 06:05:57,82.4,7.62
2026-04-14 06:05:58,83.09,7.46
2026-04-14 06:05:58,82.37,7.52
2026-04-14 06:05:58,83.56,7.45
2026-04-14 06:05:58,82.9,7.56
2026-04-14 06:05:58,82.45,7.53
2026-04-14 06:05:58,82.1,7.52
2026-04-14 06:05:58,83.96,7.4
2026-04-14 06:05:59,83.8,7.53
2026-04-14 06:05:59,83.12,7.46
2026-04-14 06:05:59,82.8,7.6
2026-04-14 06:05:59,83.74,7.45
2026-04-14 06:05:59,256.93,3.26
2026-04-14 06:05:59,90.52,6.0
2026-04-14 06:06:00,84.69,6.18
2026-04-14 06:06:00,82.49,7.69
2026-04-14 06:06:00,94.75,6.81
2026-04-14 06:06:00,88.08,6.31
2026-04-14 06:06:00,91.43,7.32
2026-04-14 06:06:00,86.66,6.17
2026-04-14 06:06:00,84.44,7.64
2026-04-14 06:06:01,86.31,7.41
2026-04-14 06:06:01,89.8,7.31
2026-04-14 06:06:01,112.43,5.27
2026-04-14 06:06:01,82.85,7.33
2026-04-14 06:06:01,88.54,7.19
2026-04-14 06:06:01,84.02,6.17
2026-04-14 06:06:01,82.36,7.59
2026-04-14 06:06:02,83.41,7.38
2026-04-14 06:06:02,83.4,7.58
2026-04-14 06:06:02,83.31,7.5
2026-04-14 06:06:02,82.69,7.54
2026-04-14 06:06:02,85.31,7.36
2026-04-14 06:06:02,81.56,7.65
2026-04-14 06:06:02,88.63,7.12
2026-04-14 06:06:03,85.1,6.16
2026-04-14 06:06:03,89.72,7.27
2026-04-14 06:06:03,86.0,6.14
2026-04-14 06:06:03,84.67,7.58
2026-04-14 06:06:03,88.34,7.29
2026-04-14 06:06:03,84.59,7.73
2026-04-14 06:06:03,93.12,7.05
2026-04-14 06:06:04,96.23,5.88
2026-04-14 06:06:04,85.34,6.43
2026-04-14 06:06:04,87.4,7.39
2026-04-14 06:06:04,87.79,7.49
2026-04-14 06:06:04,85.86,7.62
2026-04-14 06:06:04,84.15,7.59
2026-04-14 06:06:04,92.31,7.07
2026-04-14 06:06:05,89.94,6.1
2026-04-14 06:06:05,86.93,6.11
2026-04-14 06:06:05,85.98,7.56
2026-04-14 06:06:05,87.07,7.44
2026-04-14 06:06:05,85.01,7.64
2026-04-14 06:06:05,87.11,7.39
2026-04-14 06:06:05,89.23,7.38
2026-04-14 06:06:06,87.19,6.08
2026-04-14 06:06:06,85.33,7.61
2026-04-14 06:06:06,88.47,7.34
2026-04-14 06:06:06,96.31,7.08
2026-04-14 06:06:06,93.95,6.09
2026-04-14 06:06:06,86.56,6.27
2026-04-14 06:06:06,87.75,7.44
2026-04-14 06:06:07,90.48,7.33
2026-04-14 06:06:07,87.76,6.11
2026-04-14 06:06:07,86.25,7.6
2026-04-14 06:06:07,84.73,7.58
2026-04-14 06:06:07,90.17,7.22
2026-04-14 06:06:07,86.47,6.13
2026-04-14 06:06:07,85.1,7.57
2026-04-14 06:06:08,90.48,7.21
2026-04-14 06:06:08,87.48,6.1
2026-04-14 06:06:08,83.85,7.74
2026-04-14 06:06:08,88.47,7.26
2026-04-14 06:06:08,86.85,6.06
2026-04-14 06:06:08,84.34,7.63
2026-04-14 06:06:08,88.15,7.32
2026-04-14 06:06:09,84.67,7.7
2026-04-14 06:06:09,106.2,6.46
2026-04-14 06:06:09,84.3,6.91
2026-04-14 06:06:09,87.18,7.34
2026-04-14 06:06:09,84.76,7.64
2026-04-14 06:06:09,84.48,7.51
2026-04-14 06:06:09,94.76,6.98
2026-04-14 06:06:10,85.57,6.35
2026-04-14 06:06:10,85.26,7.51
2026-04-14 06:06:10,87.39,7.38
2026-04-14 06:06:10,87.59,7.51
2026-04-14 06:06:10,85.44,7.63
2026-04-14 06:06:10,88.1,7.35
2026-04-14 06:06:10,84.57,7.7
2026-04-14 06:06:10,85.8,7.43
2026-04-14 06:06:11,85.86,7.51
2026-04-14 06:06:11,100.75,6.75
2026-04-14 06:06:11,86.02,6.59
2026-04-14 06:06:11,95.41,6.99
2026-04-14 06:06:11,85.23,6.41
2026-04-14 06:06:11,89.77,7.25
2026-04-14 06:06:12,86.81,6.1
2026-04-14 06:06:12,95.08,7.09
2026-04-14 06:06:12,87.53,6.29
2026-04-14 06:06:12,82.49,7.81
2026-04-14 06:06:12,82.84,7.47
2026-04-14 06:06:12,82.31,7.54
2026-04-14 06:06:12,89.73,7.11
2026-04-14 06:06:13,83.85,6.23
2026-04-14 06:06:13,81.7,7.52
2026-04-14 06:06:13,85.8,7.37
2026-04-14 06:06:13,82.76,7.67
2026-04-14 06:06:13,83.26,7.49
2026-04-14 06:06:13,82.44,7.54
2026-04-14 06:06:13,84.32,7.41
2026-04-14 06:06:13,81.74,7.59
2026-04-14 06:06:14,85.32,7.35
2026-04-14 06:06:14,81.52,7.73
2026-04-14 06:06:14,84.1,7.36
2026-04-14 06:06:14,81.55,7.65
2026-04-14 06:06:14,83.0,7.42
2026-04-14 06:06:14,82.65,7.53
2026-04-14 06:06:14,84.52,7.39
2026-04-14 06:06:15,81.49,7.69
2026-04-14 06:06:15,81.79,7.29
2026-04-14 06:06:15,82.46,7.66
2026-04-14 06:06:15,83.74,7.44
2026-04-14 06:06:15,83.32,7.54
2026-04-14 06:06:15,81.76,7.52
2026-04-14 06:06:15,85.46,7.36
2026-04-14 06:06:15,82.72,7.64
2026-04-14 06:06:16,89.8,7.15
2026-04-14 06:06:16,86.79,6.11
2026-04-14 06:06:16,85.68,7.54
2026-04-14 06:06:16,86.8,7.47
2026-04-14 06:06:16,87.32,7.47
2026-04-14 06:06:16,85.06,7.63
2026-04-14 06:06:16,88.38,7.32
2026-04-14 06:06:17,87.93,6.02
2026-04-14 06:06:17,86.02,7.6
2026-04-14 06:06:17,88.74,7.35
2026-04-14 06:06:17,86.6,6.09
2026-04-14 06:06:17,85.76,7.54
2026-04-14 06:06:17,87.55,7.41
2026-04-14 06:06:17,86.23,7.57
2026-04-14 06:06:18,86.56,7.49
2026-04-14 06:06:18,85.33,7.58
2026-04-14 06:06:18,91.77,6.97
2026-04-14 06:06:18,83.5,6.46
2026-04-14 06:06:18,81.18,7.63
2026-04-14 06:06:18,83.7,7.36
2026-04-14 06:06:18,84.39,7.46
2026-04-14 06:06:19,81.99,7.66
2026-04-14 06:06:19,95.36,6.66
2026-04-14 06:06:19,82.2,6.67
2026-04-14 06:06:19,83.06,7.44
2026-04-14 06:06:19,94.45,6.9
2026-04-14 06:06:19,85.84,6.35
2026-04-14 06:06:19,82.78,7.66
2026-04-14 06:06:20,86.45,7.32
2026-04-14 06:06:20,82.19,7.74
2026-04-14 06:06:20,82.33,7.49
2026-04-14 06:06:20,83.43,7.46
2026-04-14 06:06:20,84.78,7.41
2026-04-14 06:06:20,84.42,7.54
2026-04-14 06:06:20,85.12,7.47
2026-04-14 06:06:20,85.96,7.45
2026-04-14 06:06:21,82.34,7.72
2026-04-14 06:06:21,83.94,7.41
2026-04-14 06:06:21,82.94,7.57
2026-04-14 06:06:21,83.02,7.49
2026-04-14 06:06:21,86.85,7.28
2026-04-14 06:06:21,80.86,7.88
2026-04-14 06:06:21,84.12,7.3
2026-04-14 06:06:22,81.87,7.66
2026-04-14 06:06:22,84.77,7.33
2026-04-14 06:06:22,81.29,7.72
2026-04-14 06:06:22,82.43,7.42
2026-04-14 06:06:22,90.44,7.08
2026-04-14 06:06:22,82.47,6.32
2026-04-14 06:06:22,85.19,7.33
2026-04-14 06:06:22,82.78,7.67
2026-04-14 06:06:23,83.95,7.42
2026-04-14 06:06:23,83.96,7.53
2026-04-14 06:06:23,83.8,7.5
2026-04-14 06:06:23,82.86,7.55
2026-04-14 06:06:23,82.0,7.58
2026-04-14 06:06:23,84.39,7.37
2026-04-14 06:06:23,84.92,7.47
2026-04-14 06:06:24,84.66,7.52
2026-04-14 06:06:24,84.96,7.49
2026-04-14 06:06:24,81.97,7.67
2026-04-14 06:06:24,83.26,7.42
2026-04-14 06:06:24,83.89,7.48
2026-04-14 06:06:24,84.5,7.45
2026-04-14 06:06:24,82.86,7.62
2026-04-14 06:06:24,86.19,7.32
2026-04-14 06:06:25,84.08,7.61
2026-04-14 06:06:25,84.28,7.5
2026-04-14 06:06:25,91.05,7.14
2026-04-14 06:06:25,83.01,6.31
2026-04-14 06:06:25,94.17,6.91
2026-04-14 06:06:25,90.77,6.13
2026-04-14 06:06:26,84.05,6.25
2026-04-14 06:06:26,83.17,7.55
2026-04-14 06:06:26,96.94,6.81
2026-04-14 06:06:26,82.11,6.59
2026-04-14 06:06:26,82.75,7.46
2026-04-14 06:06:26,83.59,7.29
2026-04-14 06:06:26,81.56,7.79
2026-04-14 06:06:26,85.1,7.32
2026-04-14 06:06:27,83.4,7.6
2026-04-14 06:06:27,83.37,7.5
2026-04-14 06:06:27,84.02,7.45
2026-04-14 06:06:27,83.55,7.55
2026-04-14 06:06:27,81.76,7.59
2026-04-14 06:06:27,82.78,7.44
2026-04-14 06:06:27,88.13,7.22
2026-04-14 06:06:28,82.47,7.84
2026-04-14 06:06:28,84.66,7.19
2026-04-14 06:06:28,84.34,7.72
2026-04-14 06:06:28,83.97,7.51
2026-04-14 06:06:28,84.34,7.49
2026-04-14 06:06:28,89.27,7.24
2026-04-14 06:06:28,82.26,7.92
2026-04-14 06:06:28,85.81,7.31
2026-04-14 06:06:29,84.94,7.56
2026-04-14 06:06:29,86.13,7.43
2026-04-14 06:06:29,82.98,7.69
2026-04-14 06:06:29,83.72,7.46
2026-04-14 06:06:29,85.92,7.39
2026-04-14 06:06:29,84.44,7.59
2026-04-14 06:06:29,85.4,7.45
2026-04-14 06:06:30,85.31,7.5
2026-04-14 06:06:30,84.96,7.52
2026-04-14 06:06:30,82.76,7.62
2026-04-14 06:06:30,83.41,7.46
2026-04-14 06:06:30,82.97,7.55
2026-04-14 06:06:30,83.42,7.45
2026-04-14 06:06:30,86.95,7.33
2026-04-14 06:06:30,88.24,7.43
2026-04-14 06:06:31,85.08,7.62
2026-04-14 06:06:31,87.4,7.44
2026-04-14 06:06:31,84.8,7.65
2026-04-14 06:06:31,82.91,7.62
2026-04-14 06:06:31,86.45,7.31
2026-04-14 06:06:31,82.63,7.72
2026-04-14 06:06:31,85.02,7.29
2026-04-14 06:06:32,83.69,7.66
2026-04-14 06:06:32,85.71,7.39
2026-04-14 06:06:32,83.19,7.65
2026-04-14 06:06:32,106.84,6.37
2026-04-14 06:06:32,84.76,6.92
2026-04-14 06:06:32,84.33,7.53
2026-04-14 06:06:32,89.31,7.22
2026-04-14 06:06:33,82.95,6.25
2026-04-14 06:06:33,104.54,6.45
2026-04-14 06:06:33,83.98,6.85
2026-04-14 06:06:33,84.3,7.48
2026-04-14 06:06:33,84.45,7.49
2026-04-14 06:06:33,84.67,7.48
2026-04-14 06:06:33,85.7,7.43
2026-04-14 06:06:34,84.79,7.59
2026-04-14 06:06:34,84.83,7.5
2026-04-14 06:06:34,86.12,7.43
2026-04-14 06:06:34,84.03,7.62
2026-04-14 06:06:34,84.57,7.48
2026-04-14 06:06:34,86.07,7.41
2026-04-14 06:06:34,84.57,7.59
2026-04-14 06:06:34,85.08,7.49
2026-04-14 06:06:35,85.24,7.5
2026-04-14 06:06:35,86.01,7.45
2026-04-14 06:06:35,86.71,7.47
2026-04-14 06:06:35,83.33,7.69
2026-04-14 06:06:35,85.29,7.41
2026-04-14 06:06:35,85.69,7.48
2026-04-14 06:06:35,88.43,7.35
2026-04-14 06:06:36,101.54,6.84
2026-04-14 06:06:36,85.29,6.65
2026-04-14 06:06:36,93.03,7.09
2026-04-14 06:06:36,83.93,6.24
2026-04-14 06:06:36,82.73,7.74
2026-04-14 06:06:36,92.75,6.96
2026-04-14 06:06:36,91.64,6.04
2026-04-14 06:06:37,90.09,6.07
2026-04-14 06:06:37,87.36,6.1
2026-04-14 06:06:37,91.52,7.27
2026-04-14 06:06:37,87.76,6.14
2026-04-14 06:06:37,97.56,7.0
2026-04-14 06:06:37,97.94,5.98
2026-04-14 06:06:38,92.86,6.19
2026-04-14 06:06:38,88.52,6.16
2026-04-14 06:06:38,87.19,6.06
2026-04-14 06:06:38,87.4,7.48
2026-04-14 06:06:38,88.31,7.47
2026-04-14 06:06:38,88.31,7.5
2026-04-14 06:06:38,90.8,7.25
2026-04-14 06:06:39,86.57,6.24
2026-04-14 06:06:39,89.61,7.31
2026-04-14 06:06:39,106.55,5.45
2026-04-14 06:06:39,87.16,6.82
2026-04-14 06:06:39,88.84,7.4
2026-04-14 06:06:39,88.57,6.01
2026-04-14 06:06:39,86.6,6.07
2026-04-14 06:06:40,86.99,7.45
2026-04-14 06:06:40,87.41,7.52
2026-04-14 06:06:40,88.41,7.44
2026-04-14 06:06:40,87.2,6.0
2026-04-14 06:06:40,88.97,5.98
2026-04-14 06:06:40,87.66,6.05
2026-04-14 06:06:41,88.8,7.29
2026-04-14 06:06:41,86.49,6.09
2026-04-14 06:06:41,88.94,6.01
2026-04-14 06:06:41,87.08,6.08
2026-04-14 06:06:41,87.7,7.45
2026-04-14 06:06:41,89.6,7.42
2026-04-14 06:06:41,88.19,6.05
2026-04-14 06:06:42,89.52,5.92
2026-04-14 06:06:42,90.08,6.02
2026-04-14 06:06:42,87.81,6.08
2026-04-14 06:06:42,88.37,7.47
2026-04-14 06:06:42,89.33,5.97
2026-04-14 06:06:42,86.22,6.1
2026-04-14 06:06:43,88.71,7.37
2026-04-14 06:06:43,88.14,6.03
2026-04-14 06:06:43,84.43,7.73
2026-04-14 06:06:43,88.41,7.27
2026-04-14 06:06:43,87.62,6.04
2026-04-14 06:06:43,89.28,7.41
2026-04-14 06:06:43,86.98,7.61
2026-04-14 06:06:44,88.27,7.44
2026-04-14 06:06:44,88.64,5.96
2026-04-14 06:06:44,88.31,6.05
2026-04-14 06:06:44,86.96,6.06
2026-04-14 06:06:44,88.4,7.42
2026-04-14 06:06:44,100.42,5.6
2026-04-14 06:06:45,88.71,6.47
2026-04-14 06:06:45,100.77,5.59
2026-04-14 06:06:45,94.01,6.26
2026-04-14 06:06:45,84.63,6.31
2026-04-14 06:06:45,91.07,7.22
2026-04-14 06:06:45,86.54,6.17
2026-04-14 06:06:45,94.67,7.08
2026-04-14 06:06:46,88.15,6.25
2026-04-14 06:06:46,88.28,7.49
2026-04-14 06:06:46,87.0,6.05
2026-04-14 06:06:46,86.44,7.54
2026-04-14 06:06:46,88.73,7.38
2026-04-14 06:06:46,88.55,6.01
2026-04-14 06:06:46,83.66,6.18
2026-04-14 06:06:47,83.46,7.51
2026-04-14 06:06:47,86.09,7.34
2026-04-14 06:06:47,86.85,7.49
2026-04-14 06:06:47,85.82,7.56
2026-04-14 06:06:47,87.94,7.39
2026-04-14 06:06:47,82.88,7.8
2026-04-14 06:06:47,88.4,7.2
2026-04-14 06:06:48,82.52,7.86
2026-04-14 06:06:48,85.79,7.31
2026-04-14 06:06:48,85.28,7.54
2026-04-14 06:06:48,86.84,7.42
2026-04-14 06:06:48,84.87,7.6
2026-04-14 06:06:48,86.24,7.44
2026-04-14 06:06:48,95.29,7.03
2026-04-14 06:06:49,84.14,6.43
2026-04-14 06:06:49,83.77,7.5
2026-04-14 06:06:49,87.36,7.32
2026-04-14 06:06:49,98.31,6.94
2026-04-14 06:06:49,84.95,6.53
2026-04-14 06:06:49,83.52,7.59
2026-04-14 06:06:49,86.2,7.35
2026-04-14 06:06:49,83.35,7.67
2026-04-14 06:06:50,84.13,7.45
2026-04-14 06:06:50,83.8,7.52
2026-04-14 06:06:50,84.79,7.45
2026-04-14 06:06:50,93.98,7.02
2026-04-14 06:06:50,83.98,6.39
2026-04-14 06:06:50,87.0,7.32
2026-04-14 06:06:50,84.66,7.58
2026-04-14 06:06:51,83.82,7.63
2026-04-14 06:06:51,85.25,7.4
2026-04-14 06:06:51,85.22,7.53
2026-04-14 06:06:51,86.82,7.41
2026-04-14 06:06:51,85.69,7.56
2026-04-14 06:06:51,95.33,6.95
2026-04-14 06:06:51,85.56,6.43
2026-04-14 06:06:52,83.8,7.61
2026-04-14 06:06:52,86.43,7.35
2026-04-14 06:06:52,83.68,7.66
2026-04-14 06:06:52,86.95,7.32
2026-04-14 06:06:52,82.53,7.77
2026-04-14 06:06:52,83.76,7.42
2026-04-14 06:06:52,85.61,7.41
2026-04-14 06:06:52,83.28,7.64
2026-04-14 06:06:53,86.51,7.32
2026-04-14 06:06:53,83.63,7.67
2026-04-14 06:06:53,87.61,7.29
2026-04-14 06:06:53,85.19,7.64
2026-04-14 06:06:53,85.79,7.47
2026-04-14 06:06:53,86.06,7.48
2026-04-14 06:06:53,85.17,7.56
2026-04-14 06:06:54,82.95,7.63
2026-04-14 06:06:54,87.5,7.26
2026-04-14 06:06:54,84.17,7.69
2026-04-14 06:06:54,100.44,6.68
2026-04-14 06:06:54,83.67,6.68
2026-04-14 06:06:54,83.12,7.52
2026-04-14 06:06:54,86.26,7.34
2026-04-14 06:06:55,82.48,7.73
2026-04-14 06:06:55,85.42,7.33
2026-04-14 06:06:55,84.25,7.58
2026-04-14 06:06:55,86.32,7.4
2026-04-14 06:06:55,83.2,7.68
2026-04-14 06:06:55,84.2,7.42
2026-04-14 06:06:55,86.12,7.39
2026-04-14 06:06:56,134.14,5.53
2026-04-14 06:06:56,194.84,3.79
2026-04-14 06:06:56,105.0,5.77
2026-04-14 06:06:56,87.56,6.69
2026-04-14 06:06:56,96.58,7.04
2026-04-14 06:06:56,85.51,6.39
2026-04-14 06:06:57,92.95,7.16
2026-04-14 06:06:57,89.27,6.14
2026-04-14 06:06:57,84.34,6.19
2026-04-14 06:06:57,85.32,7.45
2026-04-14 06:06:57,86.77,7.42
2026-04-14 06:06:57,83.4,7.69
2026-04-14 06:06:57,87.1,7.22
2026-04-14 06:06:58,83.44,6.2
2026-04-14 06:06:58,83.09,7.51
2026-04-14 06:06:58,84.12,7.45
2026-04-14 06:06:58,84.0,7.49
2026-04-14 06:06:58,84.66,7.47
2026-04-14 06:06:58,87.49,7.33
2026-04-14 06:06:58,83.97,7.75
2026-04-14 06:06:58,83.71,7.51
2026-04-14 06:06:59,88.23,7.27
2026-04-14 06:06:59,83.68,7.76
2026-04-14 06:06:59,85.4,7.39
2026-04-14 06:06:59,82.92,7.66
2026-04-14 06:06:59,85.77,7.33
2026-04-14 06:06:59,82.73,7.69
2026-04-14 06:06:59,86.33,7.3
2026-04-14 06:07:00,86.81,7.49
2026-04-14 06:07:00,83.62,7.45
2026-04-14 06:07:00,86.54,7.57
2026-04-14 06:07:00,85.54,7.56
2026-04-14 06:07:00,87.21,7.41
2026-04-14 06:07:00,83.13,7.74
2026-04-14 06:07:00,87.55,7.26
2026-04-14 06:07:00,83.1,7.77
2026-04-14 06:07:01,86.28,7.33
2026-04-14 06:07:01,85.3,7.56
2026-04-14 06:07:01,86.22,7.45
2026-04-14 06:07:01,88.59,7.38
2026-04-14 06:07:01,97.35,7.04
2026-04-14 06:07:01,97.87,5.99
2026-04-14 06:07:02,101.47,5.87
2026-04-14 06:07:02,89.26,6.47
2026-04-14 06:07:02,88.05,6.05
2026-04-14 06:07:02,84.92,7.68
2026-04-14 06:07:02,99.92,6.76
2026-04-14 06:07:02,88.25,6.45
2026-04-14 06:07:02,85.82,7.6
2026-04-14 06:07:03,88.59,7.38
2026-04-14 06:07:03,96.25,5.74
2026-04-14 06:07:03,87.84,6.33
2026-04-14 06:07:03,85.98,7.59
2026-04-14 06:07:03,88.38,7.37
2026-04-14 06:07:03,86.27,6.08
2026-04-14 06:07:03,88.66,7.38
2026-04-14 06:07:04,97.8,5.66
2026-04-14 06:07:04,87.16,6.45
2026-04-14 06:07:04,90.08,7.35
2026-04-14 06:07:04,103.86,5.52
2026-04-14 06:07:04,86.76,6.72
2026-04-14 06:07:04,95.84,7.03
2026-04-14 06:07:05,87.42,6.33
2026-04-14 06:07:05,87.47,7.49
2026-04-14 06:07:05,113.02,6.29
2026-04-14 06:07:05,93.87,6.79
2026-04-14 06:07:05,89.37,6.16
2026-04-14 06:07:05,84.7,6.18
2026-04-14 06:07:05,104.94,6.51
2026-04-14 06:07:06,94.07,6.43
2026-04-14 06:07:06,100.57,5.77
2026-04-14 06:07:06,95.76,6.18
2026-04-14 06:07:06,87.69,6.31
2026-04-14 06:07:06,87.33,7.52
2026-04-14 06:07:06,91.0,7.31
2026-04-14 06:07:07,88.51,6.09
2026-04-14 06:07:07,88.87,5.99
2026-04-14 06:07:07,87.48,6.06
2026-04-14 06:07:07,86.39,7.56
2026-04-14 06:07:07,88.22,7.37
2026-04-14 06:07:07,87.54,6.03
2026-04-14 06:07:07,88.24,7.48
2026-04-14 06:07:08,88.18,6.0
2026-04-14 06:07:08,88.53,7.49
2026-04-14 06:07:08,84.5,7.71
2026-04-14 06:07:08,90.07,7.23
2026-04-14 06:07:08,89.68,6.02
2026-04-14 06:07:08,88.08,6.06
2026-04-14 06:07:08,87.16,7.55
2026-04-14 06:07:09,90.99,7.3
2026-04-14 06:07:09,87.83,6.11
2026-04-14 06:07:09,108.06,6.5
2026-04-14 06:07:09,89.0,6.79
2026-04-14 06:07:09,88.81,6.02
2026-04-14 06:07:09,105.83,5.44
2026-04-14 06:07:10,83.73,6.92
2026-04-14 06:07:10,87.94,7.28
2026-04-14 06:07:10,86.64,7.58
2026-04-14 06:07:10,84.74,7.61
2026-04-14 06:07:10,85.76,7.46
2026-04-14 06:07:10,86.9,7.37
2026-04-14 06:07:10,84.34,7.72
2026-04-14 06:07:10,85.05,7.46
2026-04-14 06:07:11,85.86,7.46
2026-04-14 06:07:11,85.28,7.52
2026-04-14 06:07:11,85.41,7.51
2026-04-14 06:07:11,84.75,7.54
2026-04-14 06:07:11,85.52,7.46
2026-04-14 06:07:11,84.86,7.54
2026-04-14 06:07:11,84.59,7.46
2026-04-14 06:07:12,85.95,7.47
2026-04-14 06:07:12,85.05,7.56
2026-04-14 06:07:12,83.93,7.56
2026-04-14 06:07:12,83.07,7.55
2026-04-14 06:07:12,83.83,7.47
2026-04-14 06:07:12,86.77,7.35
2026-04-14 06:07:12,82.96,7.73
2026-04-14 06:07:13,101.23,6.6
2026-04-14 06:07:13,83.96,6.69
2026-04-14 06:07:13,85.82,7.39
2026-04-14 06:07:13,83.27,7.66
2026-04-14 06:07:13,83.94,7.46
2026-04-14 06:07:13,85.41,7.43
2026-04-14 06:07:13,83.57,7.62
2026-04-14 06:07:13,84.01,7.46
2026-04-14 06:07:14,87.16,7.34
2026-04-14 06:07:14,87.46,7.48
2026-04-14 06:07:14,85.63,7.56
2026-04-14 06:07:14,83.91,7.65
2026-04-14 06:07:14,83.67,7.52
2026-04-14 06:07:14,86.77,7.31
2026-04-14 06:07:14,84.28,7.66
2026-04-14 06:07:15,84.78,7.48
2026-04-14 06:07:15,85.79,7.45
2026-04-14 06:07:15,84.43,7.59
2026-04-14 06:07:15,88.7,7.27
2026-04-14 06:07:15,86.45,6.07
2026-04-14 06:07:15,83.62,7.69
2026-04-14 06:07:15,114.2,6.1
2026-04-14 06:07:16,90.03,7.02
2026-04-14 06:07:16,83.73,6.24
2026-04-14 06:07:16,83.31,7.53
2026-04-14 06:07:16,86.45,7.27
2026-04-14 06:07:16,82.56,7.81
2026-04-14 06:07:16,84.6,7.37
2026-04-14 06:07:16,85.07,7.5
2026-04-14 06:07:16,84.98,7.5
2026-04-14 06:07:17,86.18,7.45
2026-04-14 06:07:17,85.53,7.54
2026-04-14 06:07:17,83.89,7.5
2026-04-14 06:07:17,84.66,7.55
2026-04-14 06:07:17,84.65,7.51
2026-04-14 06:07:17,84.0,7.53
2026-04-14 06:07:17,86.0,7.39
2026-04-14 06:07:18,85.49,7.54
2026-04-14 06:07:18,86.34,7.45
2026-04-14 06:07:18,86.07,7.53
2026-04-14 06:07:18,85.54,7.53
2026-04-14 06:07:18,85.93,7.48
2026-04-14 06:07:18,85.8,7.52
2026-04-14 06:07:18,82.92,7.67
2026-04-14 06:07:18,85.16,7.38
2026-04-14 06:07:19,86.62,7.43
2026-04-14 06:07:19,92.04,7.19
2026-04-14 06:07:19,86.3,6.23
2026-04-14 06:07:19,83.02,7.7
2026-04-14 06:07:19,84.91,7.37
2026-04-14 06:07:19,82.73,7.65
2026-04-14 06:07:19,88.02,7.19
2026-04-14 06:07:20,86.03,6.1
2026-04-14 06:07:20,82.99,7.67
2026-04-14 06:07:20,85.04,7.38
2026-04-14 06:07:20,84.16,7.57
2026-04-14 06:07:20,86.65,7.37
2026-04-14 06:07:20,84.77,7.6
2026-04-14 06:07:20,86.29,7.41
2026-04-14 06:07:21,82.46,7.74
2026-04-14 06:07:21,95.34,6.83
2026-04-14 06:07:21,83.33,6.48
2026-04-14 06:07:21,109.5,6.27
2026-04-14 06:07:21,84.29,7.07
2026-04-14 06:07:21,85.81,7.33
2026-04-14 06:07:21,85.25,7.62
2026-04-14 06:07:22,82.64,7.64
2026-04-14 06:07:22,85.6,7.36
2026-04-14 06:07:22,84.13,7.58
2026-04-14 06:07:22,84.88,7.47
2026-04-14 06:07:22,83.83,7.55
2026-04-14 06:07:22,94.2,6.97
2026-04-14 06:07:22,82.96,6.44
2026-04-14 06:07:23,85.43,7.35
2026-04-14 06:07:23,83.06,7.64
2026-04-14 06:07:23,87.18,7.28
2026-04-14 06:07:23,82.77,7.77
2026-04-14 06:07:23,83.36,7.4
2026-04-14 06:07:23,83.62,7.56
2026-04-14 06:07:23,83.57,7.43
2026-04-14 06:07:23,88.15,7.32
2026-04-14 06:07:24,83.48,7.78
2026-04-14 06:07:24,96.26,6.84
2026-04-14 06:07:24,83.42,6.51
2026-04-14 06:07:24,84.04,7.48
2026-04-14 06:07:24,85.89,7.34
2026-04-14 06:07:24,82.63,7.76
2026-04-14 06:07:24,87.13,7.25
2026-04-14 06:07:25,83.08,7.74
2026-04-14 06:07:25,84.39,7.44
2026-04-14 06:07:25,97.79,6.82
2026-04-14 06:07:25,84.52,6.53
2026-04-14 06:07:25,82.92,7.52
2026-04-14 06:07:25,85.07,7.45
2026-04-14 06:07:25,85.99,7.46
2026-04-14 06:07:26,83.63,7.63
2026-04-14 06:07:26,85.72,7.38
2026-04-14 06:07:26,83.06,7.66
2026-04-14 06:07:26,86.06,7.35
2026-04-14 06:07:26,83.04,7.68
2026-04-14 06:07:26,85.14,7.37
2026-04-14 06:07:26,82.66,7.65
2026-04-14 06:07:26,93.29,6.95
2026-04-14 06:07:27,83.62,6.37
2026-04-14 06:07:27,84.26,7.46
2026-04-14 06:07:27,84.64,7.49
2026-04-14 06:07:27,85.02,7.42
2026-04-14 06:07:27,97.12,6.93
2026-04-14 06:07:27,83.34,6.54
2026-04-14 06:07:27,87.98,7.26
2026-04-14 06:07:28,82.72,7.82
2026-04-14 06:07:28,84.89,7.38
2026-04-14 06:07:28,82.8,7.62
2026-04-14 06:07:28,84.2,7.42
2026-04-14 06:07:28,82.95,7.58
2026-04-14 06:07:28,85.93,7.33
2026-04-14 06:07:28,89.23,7.33
2026-04-14 06:07:29,84.11,6.19
2026-04-14 06:07:29,89.39,7.18
2026-04-14 06:07:29,82.9,6.27
2026-04-14 06:07:29,86.95,7.3
2026-04-14 06:07:29,84.18,7.65
2026-04-14 06:07:29,86.54,7.38
2026-04-14 06:07:29,84.7,7.61
2026-04-14 06:07:30,84.0,7.53
2026-04-14 06:07:30,86.85,7.36
2026-04-14 06:07:30,86.38,7.53
2026-04-14 06:07:30,85.36,7.55
2026-04-14 06:07:30,86.08,7.41
2026-04-14 06:07:30,84.67,7.62
2026-04-14 06:07:30,89.19,7.28
2026-04-14 06:07:30,105.79,5.46
2026-04-14 06:07:31,86.58,6.78
2026-04-14 06:07:31,83.9,7.66
2026-04-14 06:07:31,85.68,7.33
2026-04-14 06:07:31,98.67,6.88
2026-04-14 06:07:31,84.02,6.6
2026-04-14 06:07:31,89.2,7.22
2026-04-14 06:07:32,86.69,6.09
2026-04-14 06:07:32,84.69,7.63
2026-04-14 06:07:32,85.55,7.46
2026-04-14 06:07:32,83.38,7.62
2026-04-14 06:07:32,86.04,7.35
2026-04-14 06:07:32,83.15,7.68
2026-04-14 06:07:32,84.21,7.43
2026-04-14 06:07:32,88.14,7.3
2026-04-14 06:07:33,82.06,7.87
2026-04-14 06:07:33,85.37,7.31
2026-04-14 06:07:33,82.82,7.66
2026-04-14 06:07:33,87.86,7.22
2026-04-14 06:07:33,86.3,7.6
2026-04-14 06:07:33,87.53,7.44
2026-04-14 06:07:33,82.61,7.8
2026-04-14 06:07:34,90.47,7.05
2026-04-14 06:07:34,87.9,6.12
2026-04-14 06:07:34,82.84,7.79
2026-04-14 06:07:34,87.63,7.18
2026-04-14 06:07:34,85.1,6.13
2026-04-14 06:07:34,84.4,7.47
2026-04-14 06:07:34,83.64,7.62
2026-04-14 06:07:35,87.48,7.3
2026-04-14 06:07:35,84.79,7.65
2026-04-14 06:07:35,86.94,7.39
2026-04-14 06:07:35,88.14,7.45
2026-04-14 06:07:35,82.46,7.8
2026-04-14 06:07:35,92.24,7.01
2026-04-14 06:07:35,84.34,6.26
2026-04-14 06:07:35,89.1,7.29
2026-04-14 06:07:36,85.33,6.15
2026-04-14 06:07:36,83.03,7.63
2026-04-14 06:07:36,85.5,7.37
2026-04-14 06:07:36,83.51,7.62
2026-04-14 06:07:36,83.72,7.48
2026-04-14 06:07:36,83.1,7.48
2026-04-14 06:07:36,90.26,7.17
2026-04-14 06:07:37,86.15,6.16
2026-04-14 06:07:37,82.71,7.71
2026-04-14 06:07:37,85.42,7.34
2026-04-14 06:07:37,83.48,7.64
2026-04-14 06:07:37,84.1,7.46
2026-04-14 06:07:37,84.05,7.5
2026-04-14 06:07:37,84.62,7.48
2026-04-14 06:07:38,84.74,7.5
2026-04-14 06:07:38,85.17,7.47
2026-04-14 06:07:38,86.86,7.41
2026-04-14 06:07:38,82.2,7.77
2026-04-14 06:07:38,84.32,7.38
2026-04-14 06:07:38,91.32,7.14
2026-04-14 06:07:38,85.02,6.24
2026-04-14 06:07:39,83.72,7.54
2026-04-14 06:07:39,84.37,7.47
2026-04-14 06:07:39,84.77,7.51
2026-04-14 06:07:39,105.29,6.5
2026-04-14 06:07:39,85.62,6.76
2026-04-14 06:07:39,84.62,7.62
2026-04-14 06:07:39,84.97,7.47
2026-04-14 06:07:39,83.87,7.56
2026-04-14 06:07:40,85.34,7.35
2026-04-14 06:07:40,85.68,7.57
2026-04-14 06:07:40,85.29,7.53
2026-04-14 06:07:40,85.18,7.51
2026-04-14 06:07:40,82.65,7.66
2026-04-14 06:07:40,85.82,7.25
2026-04-14 06:07:40,86.09,7.55
2026-04-14 06:07:41,84.27,7.62
2026-04-14 06:07:41,82.84,7.59
2026-04-14 06:07:41,85.7,7.34
2026-04-14 06:07:41,82.95,7.67
2026-04-14 06:07:41,84.69,7.39
2026-04-14 06:07:41,82.4,7.66
2026-04-14 06:07:41,88.35,7.18
2026-04-14 06:07:41,85.92,7.64
2026-04-14 06:07:42,84.1,7.62
2026-04-14 06:07:42,84.09,7.49
2026-04-14 06:07:42,84.37,7.5
2026-04-14 06:07:42,82.99,7.58
2026-04-14 06:07:42,86.85,7.29
2026-04-14 06:07:42,88.01,7.44
2026-04-14 06:07:42,83.56,6.16
2026-04-14 06:07:43,90.34,7.14
2026-04-14 06:07:43,87.72,6.09
2026-04-14 06:07:43,86.89,7.56
2026-04-14 06:07:43,84.26,7.66
2026-04-14 06:07:43,85.18,7.46
2026-04-14 06:07:43,83.64,7.6
2026-04-14 06:07:43,91.8,7.01
2026-04-14 06:07:44,84.5,6.28
2026-04-14 06:07:44,93.07,7.11
2026-04-14 06:07:44,86.38,6.25
2026-04-14 06:07:44,83.3,7.64
2026-04-14 06:07:44,92.74,7.03
2026-04-14 06:07:44,84.55,6.31
2026-04-14 06:07:44,84.56,7.51
2026-04-14 06:07:45,84.3,7.53
2026-04-14 06:07:45,83.2,7.55
2026-04-14 06:07:45,87.79,7.25
2026-04-14 06:07:45,82.98,7.8
2026-04-14 06:07:45,84.48,7.4
2026-04-14 06:07:45,84.38,7.52
2026-04-14 06:07:45,86.15,7.39
2026-04-14 06:07:46,83.33,7.68
2026-04-14 06:07:46,84.7,7.42
2026-04-14 06:07:46,92.23,7.1
2026-04-14 06:07:46,88.8,6.13
2026-04-14 06:07:46,86.03,7.67
2026-04-14 06:07:46,88.64,7.35
2026-04-14 06:07:46,88.82,6.0
2026-04-14 06:07:47,88.55,6.0
2026-04-14 06:07:47,88.7,6.01
2026-04-14 06:07:47,86.34,6.09
2026-04-14 06:07:47,89.07,7.35
2026-04-14 06:07:47,85.41,6.12
2026-04-14 06:07:47,82.02,7.73
2026-04-14 06:07:47,85.06,7.32
2026-04-14 06:07:48,237.62,3.5
2026-04-14 06:07:48,95.45,5.84
2026-04-14 06:07:48,84.67,7.02
2026-04-14 06:07:48,90.04,7.2
2026-04-14 06:07:48,82.49,6.25
2026-04-14 06:07:48,89.17,7.22
2026-04-14 06:07:49,85.21,6.15
2026-04-14 06:07:49,85.17,7.5
2026-04-14 06:07:49,84.82,7.52
2026-04-14 06:07:49,84.99,7.5
2026-04-14 06:07:49,95.96,6.89
2026-04-14 06:07:49,83.96,6.51
2026-04-14 06:07:49,102.86,6.56
2026-04-14 06:07:50,86.82,6.66
2026-04-14 06:07:50,84.22,7.64
2026-04-14 06:07:50,84.94,7.48
2026-04-14 06:07:50,83.94,7.56
2026-04-14 06:07:50,87.47,7.31
2026-04-14 06:07:50,84.25,7.69
2026-04-14 06:07:50,86.26,7.36
2026-04-14 06:07:51,85.55,7.52
2026-04-14 06:07:51,83.6,7.69
2026-04-14 06:07:51,86.83,7.33
2026-04-14 06:07:51,87.33,7.46
2026-04-14 06:07:51,85.39,7.63
2026-04-14 06:07:51,85.71,7.48
2026-04-14 06:07:51,83.74,7.56
2026-04-14 06:07:52,91.88,7.11
2026-04-14 06:07:52,88.13,6.14
2026-04-14 06:07:52,91.13,5.91
2026-04-14 06:07:52,94.27,5.88
2026-04-14 06:07:52,88.04,6.24
2026-04-14 06:07:52,85.08,6.08
2026-04-14 06:07:52,87.48,7.43
2026-04-14 06:07:53,85.73,7.62
2026-04-14 06:07:53,84.72,7.54
2026-04-14 06:07:53,82.87,7.61
2026-04-14 06:07:53,85.66,7.36
2026-04-14 06:07:53,84.43,7.57
2026-04-14 06:07:53,89.32,7.24
2026-04-14 06:07:53,84.81,6.15
2026-04-14 06:07:54,83.23,7.61
2026-04-14 06:07:54,100.38,6.66
2026-04-14 06:07:54,92.09,6.31
2026-04-14 06:07:54,84.41,6.29
2026-04-14 06:07:54,85.69,7.43
2026-04-14 06:07:54,92.02,7.14
2026-04-14 06:07:54,82.94,6.36
2026-04-14 06:07:55,88.23,6.93
2026-04-14 06:07:55,83.03,6.42
2026-04-14 06:07:55,83.88,7.47
2026-04-14 06:07:55,84.01,7.5
2026-04-14 06:07:55,84.99,7.43
2026-04-14 06:07:55,83.6,7.6
2026-04-14 06:07:55,84.83,7.43
2026-04-14 06:07:56,98.93,6.74
2026-04-14 06:07:56,87.15,6.5
2026-04-14 06:07:56,83.21,7.72
2026-04-14 06:07:56,89.87,7.15
2026-04-14 06:07:56,89.39,6.02
2026-04-14 06:07:56,82.91,6.25
2026-04-14 06:07:56,84.83,7.39
2026-04-14 06:07:57,83.97,7.56
2026-04-14 06:07:57,88.23,7.26
2026-04-14 06:07:57,84.16,7.75
2026-04-14 06:07:57,85.76,7.4
2026-04-14 06:07:57,85.27,7.55
2026-04-14 06:07:57,85.39,7.49
2026-04-14 06:07:57,85.17,7.51
2026-04-14 06:07:58,86.75,7.42
2026-04-14 06:07:58,83.31,7.71
2026-04-14 06:07:58,86.11,7.35
2026-04-14 06:07:58,83.05,7.67
2026-04-14 06:07:58,89.08,7.11
2026-04-14 06:07:58,93.29,5.89
2026-04-14 06:07:58,96.31,5.9
2026-04-14 06:07:59,86.2,6.38
2026-04-14 06:07:59,83.39,7.66
2026-04-14 06:07:59,94.87,6.92
2026-04-14 06:07:59,87.96,6.26
2026-04-14 06:07:59,93.53,5.81
2026-04-14 06:07:59,83.34,6.39
2026-04-14 06:07:59,89.31,7.17
2026-04-14 06:08:00,85.79,6.14
2026-04-14 06:08:00,84.52,7.57
2026-04-14 06:08:00,85.13,7.47
2026-04-14 06:08:00,83.87,7.58
2026-04-14 06:08:00,84.55,7.47
2026-04-14 06:08:00,85.64,7.44
2026-04-14 06:08:00,84.88,7.54
2026-04-14 06:08:01,86.95,7.29
2026-04-14 06:08:01,86.11,6.11
2026-04-14 06:08:01,95.87,6.99
2026-04-14 06:08:01,89.17,6.25
2026-04-14 06:08:01,96.5,5.76
2026-04-14 06:08:01,84.75,6.41
2026-04-14 06:08:02,89.65,7.24
2026-04-14 06:08:02,87.73,6.11
2026-04-14 06:08:02,84.3,7.7
2026-04-14 06:08:02,88.06,7.31
2026-04-14 06:08:02,82.9,7.8
2026-04-14 06:08:02,96.56,6.8
2026-04-14 06:08:02,85.87,6.42
2026-04-14 06:08:02,84.43,7.57
2026-04-14 06:08:03,84.84,7.5
2026-04-14 06:08:03,98.13,6.83
2026-04-14 06:08:03,95.28,6.06
2026-04-14 06:08:03,91.43,6.16
2026-04-14 06:08:03,93.09,5.98
2026-04-14 06:08:03,95.38,5.92
2026-04-14 06:08:04,89.26,6.24
2026-04-14 06:08:04,93.72,5.85
2026-04-14 06:08:04,94.11,5.99
2026-04-14 06:08:04,91.11,6.1
2026-04-14 06:08:04,83.97,6.28
2026-04-14 06:08:04,90.65,7.12
2026-04-14 06:08:05,87.99,6.07
2026-04-14 06:08:05,83.71,6.21
2026-04-14 06:08:05,83.9,7.47
2026-04-14 06:08:05,85.1,7.44
2026-04-14 06:08:05,83.94,7.59
2026-04-14 06:08:05,85.25,7.42
2026-04-14 06:08:05,83.71,7.6
2026-04-14 06:08:06,86.47,7.34
2026-04-14 06:08:06,84.54,7.63
2026-04-14 06:08:06,84.81,7.47
2026-04-14 06:08:06,84.2,7.55
2026-04-14 06:08:06,99.81,6.72
2026-04-14 06:08:06,84.88,6.59
2026-04-14 06:08:06,87.78,7.34
2026-04-14 06:08:06,86.44,7.5
2026-04-14 06:08:07,84.75,7.68
2026-04-14 06:08:07,83.17,7.59
2026-04-14 06:08:07,84.54,7.43
2026-04-14 06:08:07,83.42,7.57
2026-04-14 06:08:07,87.07,7.28
2026-04-14 06:08:07,84.2,7.7
2026-04-14 06:08:07,86.54,7.37
2026-04-14 06:08:08,83.69,7.68
2026-04-14 06:08:08,86.3,7.34
2026-04-14 06:08:08,87.12,7.47
2026-04-14 06:08:08,85.32,7.61
2026-04-14 06:08:08,83.05,7.63
2026-04-14 06:08:08,85.71,7.29
2026-04-14 06:08:08,83.65,7.7
2026-04-14 06:08:08,84.03,7.47
2026-04-14 06:08:09,88.88,7.25
2026-04-14 06:08:09,88.86,6.0
2026-04-14 06:08:09,85.86,6.12
2026-04-14 06:08:09,84.39,7.44
2026-04-14 06:08:09,89.73,7.35
2026-04-14 06:08:09,84.05,6.22
2026-04-14 06:08:10,88.6,7.2
2026-04-14 06:08:10,84.92,6.18
2026-04-14 06:08:10,84.68,7.5
2026-04-14 06:08:10,87.48,7.35
2026-04-14 06:08:10,82.7,7.81
2026-04-14 06:08:10,85.11,7.37
2026-04-14 06:08:10,82.47,7.66
2026-04-14 06:08:10,82.7,7.48
2026-04-14 06:08:11,90.56,7.1
2026-04-14 06:08:11,83.56,6.26
2026-04-14 06:08:11,83.61,7.5
2026-04-14 06:08:11,86.07,7.37
2026-04-14 06:08:11,82.29,7.72
2026-04-14 06:08:11,88.1,7.19
2026-04-14 06:08:11,87.87,7.51
2026-04-14 06:08:12,82.95,7.74
2026-04-14 06:08:12,85.91,7.4
2026-04-14 06:08:12,87.26,7.42
2026-04-14 06:08:12,83.61,7.72
2026-04-14 06:08:12,87.42,7.29
2026-04-14 06:08:12,83.44,7.74
2026-04-14 06:08:12,107.82,6.34
2026-04-14 06:08:13,85.64,6.92
2026-04-14 06:08:13,86.69,7.46
2026-04-14 06:08:13,102.71,6.68
2026-04-14 06:08:13,82.9,6.83
2026-04-14 06:08:13,87.95,7.22
2026-04-14 06:08:13,87.9,7.52
2026-04-14 06:08:13,85.13,7.67
2026-04-14 06:08:14,86.33,7.44
2026-04-14 06:08:14,86.92,7.47
2026-04-14 06:08:14,83.68,7.67
2026-04-14 06:08:14,84.81,7.45
2026-04-14 06:08:14,84.41,7.53
2026-04-14 06:08:14,83.78,7.54
2026-04-14 06:08:14,83.13,7.52
2026-04-14 06:08:14,86.54,7.33
2026-04-14 06:08:15,89.28,7.34
2026-04-14 06:08:15,93.25,5.87
2026-04-14 06:08:15,84.23,6.35
2026-04-14 06:08:15,83.71,7.53
2026-04-14 06:08:15,86.14,7.37
2026-04-14 06:08:15,84.61,7.58
2026-04-14 06:08:15,113.9,6.15
2026-04-14 06:08:16,83.48,7.35
2026-04-14 06:08:16,84.56,7.43
2026-04-14 06:08:16,83.62,7.57
2026-04-14 06:08:16,84.74,7.43
2026-04-14 06:08:16,84.69,7.43
2026-04-14 06:08:16,83.44,7.63
2026-04-14 06:08:16,86.87,7.33
2026-04-14 06:08:17,84.75,7.63
2026-04-14 06:08:17,94.66,6.99
2026-04-14 06:08:17,87.4,6.27
2026-04-14 06:08:17,83.58,7.72
2026-04-14 06:08:17,84.94,7.42
2026-04-14 06:08:17,83.71,7.58
2026-04-14 06:08:17,85.94,7.31
2026-04-14 06:08:18,86.11,7.5
2026-04-14 06:08:18,83.26,7.73
2026-04-14 06:08:18,84.05,7.38
2026-04-14 06:08:18,83.05,7.57
2026-04-14 06:08:18,87.83,7.24
2026-04-14 06:08:18,83.11,7.86
2026-04-14 06:08:18,82.25,7.54
2026-04-14 06:08:18,92.44,6.98
2026-04-14 06:08:19,83.39,6.33
2026-04-14 06:08:19,87.99,7.26
2026-04-14 06:08:19,85.54,7.64
2026-04-14 06:08:19,85.79,7.49
2026-04-14 06:08:19,82.21,7.7
2026-04-14 06:08:19,84.78,7.37
2026-04-14 06:08:19,86.34,7.42
2026-04-14 06:08:20,82.57,7.73
2026-04-14 06:08:20,85.73,7.32
2026-04-14 06:08:20,84.23,7.58
2026-04-14 06:08:20,93.33,6.99
2026-04-14 06:08:20,84.83,6.35
2026-04-14 06:08:20,88.5,7.32
2026-04-14 06:08:20,89.52,7.44
2026-04-14 06:08:21,89.55,6.0
2026-04-14 06:08:21,93.36,5.87
2026-04-14 06:08:21,84.08,6.36
2026-04-14 06:08:21,88.66,7.25
2026-04-14 06:08:21,90.43,5.94
2026-04-14 06:08:21,87.36,6.11
2026-04-14 06:08:21,87.08,7.51
2026-04-14 06:08:22,86.15,7.56
2026-04-14 06:08:22,86.98,7.45
2026-04-14 06:08:22,85.84,7.55
2026-04-14 06:08:22,90.16,7.31
2026-04-14 06:08:22,87.57,6.1
2026-04-14 06:08:22,89.55,7.39
2026-04-14 06:08:23,101.11,5.6
2026-04-14 06:08:23,87.63,6.56
2026-04-14 06:08:23,85.84,7.59
2026-04-14 06:08:23,85.01,7.56
2026-04-14 06:08:23,87.0,7.4
2026-04-14 06:08:23,82.52,7.76
2026-04-14 06:08:23,94.35,6.88
2026-04-14 06:08:23,91.17,6.12
2026-04-14 06:08:24,88.95,6.1
2026-04-14 06:08:24,86.93,6.07
2026-04-14 06:08:24,101.71,6.77
2026-04-14 06:08:24,87.57,6.55
2026-04-14 06:08:24,86.82,7.55
2026-04-14 06:08:24,88.18,7.42
2026-04-14 06:08:25,87.63,7.53
2026-04-14 06:08:25,89.23,7.37
2026-04-14 06:08:25,91.26,5.96
2026-04-14 06:08:25,88.76,6.11
2026-04-14 06:08:25,87.53,6.04
2026-04-14 06:08:25,86.68,7.49
2026-04-14 06:08:25,87.46,7.51
2026-04-14 06:08:26,89.09,7.28
2026-04-14 06:08:26,89.15,6.1
2026-04-14 06:08:26,87.67,6.06
2026-04-14 06:08:26,92.58,7.23
2026-04-14 06:08:26,87.9,6.17
2026-04-14 06:08:26,87.79,7.51
2026-04-14 06:08:26,87.22,7.54
2026-04-14 06:08:27,85.98,7.58
2026-04-14 06:08:27,87.87,7.33
2026-04-14 06:08:27,86.71,7.63
2026-04-14 06:08:27,90.87,7.28
2026-04-14 06:08:27,86.05,6.14
2026-04-14 06:08:27,88.91,7.35
2026-04-14 06:08:27,88.94,5.95
2026-04-14 06:08:28,89.26,6.09
2026-04-14 06:08:28,92.37,5.88
2026-04-14 06:08:28,87.52,6.19
2026-04-14 06:08:28,88.64,7.43
2026-04-14 06:08:28,87.71,5.99
2026-04-14 06:08:28,87.07,6.08
2026-04-14 06:08:29,86.13,7.54
2026-04-14 06:08:29,92.7,7.16
2026-04-14 06:08:29,88.01,6.17
2026-04-14 06:08:29,86.8,7.58
2026-04-14 06:08:29,86.47,7.52
2026-04-14 06:08:29,119.84,6.0
2026-04-14 06:08:29,82.91,7.7
2026-04-14 06:08:30,89.58,7.14
2026-04-14 06:08:30,84.35,6.21
2026-04-14 06:08:30,84.29,7.5
2026-04-14 06:08:30,84.03,7.52
2026-04-14 06:08:30,84.06,7.51
2026-04-14 06:08:30,85.9,7.4
2026-04-14 06:08:30,83.25,7.66
2026-04-14 06:08:31,85.53,7.37
2026-04-14 06:08:31,85.21,7.52
2026-04-14 06:08:31,84.46,7.55
2026-04-14 06:08:31,83.23,7.5
2026-04-14 06:08:31,89.6,7.21
2026-04-14 06:08:31,85.06,6.18
2026-04-14 06:08:31,83.04,7.55
2026-04-14 06:08:32,125.68,5.71
2026-04-14 06:08:32,202.56,3.52
2026-04-14 06:08:32,108.73,6.05
2026-04-14 06:08:32,82.91,7.1
2026-04-14 06:08:32,88.89,7.2
2026-04-14 06:08:32,96.09,5.75
2026-04-14 06:08:33,95.01,6.02
2026-04-14 06:08:33,86.75,6.34
2026-04-14 06:08:33,83.76,7.67
2026-04-14 06:08:33,87.3,7.32
2026-04-14 06:08:33,91.0,7.29
2026-04-14 06:08:33,85.72,7.82
2026-04-14 06:08:33,83.97,7.54
2026-04-14 06:08:34,89.17,7.28
2026-04-14 06:08:34,86.33,6.11
2026-04-14 06:08:34,83.06,7.61
2026-04-14 06:08:34,85.53,7.42
2026-04-14 06:08:34,82.73,7.68
2026-04-14 06:08:34,89.54,7.13
2026-04-14 06:08:34,93.18,5.88
2026-04-14 06:08:35,85.65,6.24
2026-04-14 06:08:35,85.79,7.49
2026-04-14 06:08:35,92.95,6.96
2026-04-14 06:08:35,88.68,6.32
2026-04-14 06:08:35,86.09,6.11
2026-04-14 06:08:35,88.01,7.4
2026-04-14 06:08:35,91.84,7.28
2026-04-14 06:08:36,87.89,6.12
2026-04-14 06:08:36,90.04,5.96
2026-04-14 06:08:36,87.37,6.1
2026-04-14 06:08:36,85.59,7.56
2026-04-14 06:08:36,87.46,7.45
2026-04-14 06:08:36,87.62,7.38
2026-04-14 06:08:37,90.77,5.9
2026-04-14 06:08:37,86.94,6.18
2026-04-14 06:08:37,86.47,7.5
2026-04-14 06:08:37,86.91,7.49
2026-04-14 06:08:37,90.06,7.34
2026-04-14 06:08:37,84.94,6.19
2026-04-14 06:08:37,86.63,7.4
2026-04-14 06:08:38,87.69,7.45
2026-04-14 06:08:38,91.99,7.32
2026-04-14 06:08:38,86.81,6.19
2026-04-14 06:08:38,84.65,7.64
2026-04-14 06:08:38,90.0,7.16
2026-04-14 06:08:38,85.17,6.23
2026-04-14 06:08:38,86.4,7.41
2026-04-14 06:08:39,89.14,7.38
2026-04-14 06:08:39,88.91,6.0
2026-04-14 06:08:39,86.55,7.65
2026-04-14 06:08:39,91.5,7.23
2026-04-14 06:08:39,86.41,6.2
2026-04-14 06:08:39,86.12,7.51
2026-04-14 06:08:39,89.64,7.31
2026-04-14 06:08:40,89.12,6.02
2026-04-14 06:08:40,88.15,6.05
2026-04-14 06:08:40,86.57,7.58
2026-04-14 06:08:40,86.29,7.47
2026-04-14 06:08:40,88.02,7.46
2026-04-14 06:08:40,95.53,7.08
2026-04-14 06:08:40,107.93,5.59
2026-04-14 06:08:41,86.45,6.9
2026-04-14 06:08:41,91.66,7.21
2026-04-14 06:08:41,88.33,6.13
2026-04-14 06:08:41,89.16,5.98
2026-04-14 06:08:41,89.35,5.99
2026-04-14 06:08:41,85.35,6.15
2026-04-14 06:08:42,90.75,7.21
2026-04-14 06:08:42,97.06,5.78
2026-04-14 06:08:42,86.51,6.41
2026-04-14 06:08:42,89.58,7.34
2026-04-14 06:08:42,88.59,6.03
2026-04-14 06:08:42,86.24,7.65
2026-04-14 06:08:42,86.12,7.3
2026-04-14 06:08:43,88.02,6.07
2026-04-14 06:08:43,87.61,7.52
2026-04-14 06:08:43,90.79,7.33
2026-04-14 06:08:43,89.31,6.06
2026-04-14 06:08:43,89.8,5.99
2026-04-14 06:08:43,88.41,6.05
2026-04-14 06:08:44,90.01,5.95
2026-04-14 06:08:44,90.32,5.99
2026-04-14 06:08:44,88.94,6.05
2026-04-14 06:08:44,88.27,6.03
2026-04-14 06:08:44,90.8,7.35
2026-04-14 06:08:44,87.5,6.13
2026-04-14 06:08:44,92.31,7.26
2026-04-14 06:08:45,87.62,6.18
2026-04-14 06:08:45,88.09,7.48
2026-04-14 06:08:45,87.96,7.5
2026-04-14 06:08:45,95.13,7.11
2026-04-14 06:08:45,88.31,6.27
2026-04-14 06:08:45,89.08,7.41
2026-04-14 06:08:45,87.56,6.07
2026-04-14 06:08:46,87.57,7.55
2026-04-14 06:08:46,95.93,7.05
2026-04-14 06:08:46,88.41,6.29
2026-04-14 06:08:46,87.68,6.03
2026-04-14 06:08:46,85.86,7.61
2026-04-14 06:08:46,94.75,7.03
2026-04-14 06:08:47,88.79,6.22
2026-04-14 06:08:47,83.08,6.23
2026-04-14 06:08:47,92.9,6.98
2026-04-14 06:08:47,84.68,6.31
2026-04-14 06:08:47,84.75,7.4
2026-04-14 06:08:47,87.06,7.47
2026-04-14 06:08:47,85.57,7.59
2026-04-14 06:08:48,85.76,7.48
2026-04-14 06:08:48,86.63,7.47
2026-04-14 06:08:48,85.65,7.56
2026-04-14 06:08:48,84.4,7.5
2026-04-14 06:08:48,84.93,7.53
2026-04-14 06:08:48,84.02,7.56
2026-04-14 06:08:48,84.15,7.5
2026-04-14 06:08:48,85.7,7.41
2026-04-14 06:08:49,83.73,7.62
2026-04-14 06:08:49,88.47,7.23
2026-04-14 06:08:49,84.83,6.14
2026-04-14 06:08:49,83.13,7.59
2026-04-14 06:08:49,85.08,7.41
2026-04-14 06:08:49,83.96,7.56
2026-04-14 06:08:49,91.71,7.06
2026-04-14 06:08:50,97.21,5.82
2026-04-14 06:08:50,92.07,6.21
2026-04-14 06:08:50,87.49,6.16
2026-04-14 06:08:50,83.19,7.77
2026-04-14 06:08:50,88.65,7.18
2026-04-14 06:08:50,83.41,6.22
2026-04-14 06:08:50,85.86,7.33
2026-04-14 06:08:51,84.83,7.6
2026-04-14 06:08:51,86.58,7.4
2026-04-14 06:08:51,84.51,7.63
2026-04-14 06:08:51,85.61,7.42
2026-04-14 06:08:51,84.31,7.58
2026-04-14 06:08:51,84.86,7.48
2026-04-14 06:08:51,84.87,7.51
2026-04-14 06:08:52,86.86,7.39
2026-04-14 06:08:52,85.59,7.57
2026-04-14 06:08:52,84.13,7.58
2026-04-14 06:08:52,84.53,7.5
2026-04-14 06:08:52,86.18,7.41
2026-04-14 06:08:52,85.2,7.53
2026-04-14 06:08:52,83.23,7.65
2026-04-14 06:08:52,85.85,7.35
2026-04-14 06:08:53,84.11,7.6
2026-04-14 06:08:53,110.97,6.23
2026-04-14 06:08:53,83.42,7.21
2026-04-14 06:08:53,91.54,7.06
2026-04-14 06:08:53,83.33,6.32
2026-04-14 06:08:53,86.18,7.34
2026-04-14 06:08:53,86.64,7.42
2026-04-14 06:08:54,83.51,7.76
2026-04-14 06:08:54,84.84,7.42
2026-04-14 06:08:54,83.47,7.59
2026-04-14 06:08:54,86.61,7.32
2026-04-14 06:08:54,84.03,7.65
2026-04-14 06:08:54,84.67,7.47
2026-04-14 06:08:54,84.22,7.53
2026-04-14 06:08:55,86.51,7.38
2026-04-14 06:08:55,98.82,6.85
2026-04-14 06:08:55,82.69,6.66
2026-04-14 06:08:55,86.84,7.24
2026-04-14 06:08:55,82.79,7.78
2026-04-14 06:08:55,87.44,7.25
2026-04-14 06:08:55,83.3,7.76
2026-04-14 06:08:56,92.93,6.98
2026-04-14 06:08:56,83.7,6.36
2026-04-14 06:08:56,86.01,7.38
2026-04-14 06:08:56,94.46,7.05
2026-04-14 06:08:56,83.62,6.43
2026-04-14 06:08:56,85.28,7.4
2026-04-14 06:08:56,84.53,7.56
2026-04-14 06:08:57,87.15,7.35
2026-04-14 06:08:57,83.17,7.75
2026-04-14 06:08:57,85.67,7.35
2026-04-14 06:08:57,86.52,7.47
2026-04-14 06:08:57,84.9,7.58
2026-04-14 06:08:57,84.22,7.49
2026-04-14 06:08:57,84.9,7.52
2026-04-14 06:08:57,86.44,7.42
2026-04-14 06:08:58,85.29,7.56
2026-04-14 06:08:58,87.51,7.39
2026-04-14 06:08:58,84.81,7.66
2026-04-14 06:08:58,84.04,7.32
2026-04-14 06:08:58,84.53,7.72
2026-04-14 06:08:58,85.16,7.45
2026-04-14 06:08:58,83.12,7.63
2026-04-14 06:08:59,92.26,6.99
2026-04-14 06:08:59,95.14,5.88
2026-04-14 06:08:59,95.27,6.03
2026-04-14 06:08:59,86.21,6.3
2026-04-14 06:08:59,84.45,7.65
2026-04-14 06:08:59,88.49,7.25
2026-04-14 06:08:59,83.72,6.22
2026-04-14 06:09:00,85.99,7.37
2026-04-14 06:09:00,84.84,7.58
2026-04-14 06:09:00,83.51,7.45
2026-04-14 06:09:00,85.91,7.49
2026-04-14 06:09:00,83.68,7.64
2026-04-14 06:09:00,84.87,7.43
2026-04-14 06:09:00,83.1,7.61
2026-04-14 06:09:01,84.7,7.41
2026-04-14 06:09:01,83.2,7.59
2026-04-14 06:09:01,88.23,7.22
2026-04-14 06:09:01,85.74,6.09
2026-04-14 06:09:01,86.03,7.43
2026-04-14 06:09:01,86.93,7.51
2026-04-14 06:09:01,84.26,7.66
2026-04-14 06:09:01,86.35,7.39
2026-04-14 06:09:02,83.98,7.63
2026-04-14 06:09:02,84.76,7.48
2026-04-14 06:09:02,84.02,7.54
2026-04-14 06:09:02,85.7,7.4
2026-04-14 06:09:02,82.93,7.67
2026-04-14 06:09:02,84.94,7.39
2026-04-14 06:09:02,85.85,7.43
2026-04-14 06:09:03,85.14,7.58
2026-04-14 06:09:03,84.38,7.54
2026-04-14 06:09:03,83.28,7.56
2026-04-14 06:09:03,84.81,7.42
2026-04-14 06:09:03,85.76,7.45
2026-04-14 06:09:03,83.66,7.63
2026-04-14 06:09:03,84.15,7.48
2026-04-14 06:09:03,87.33,7.29
2026-04-14 06:09:04,82.32,7.84
2026-04-14 06:09:04,83.44,7.43
2026-04-14 06:09:04,88.89,7.2
2026-04-14 06:09:04,86.1,6.11
2026-04-14 06:09:04,83.2,7.68
2026-04-14 06:09:04,85.7,7.37
2026-04-14 06:09:04,90.87,7.21
2026-04-14 06:09:05,107.91,5.45
2026-04-14 06:09:05,85.27,6.96
2026-04-14 06:09:05,87.02,7.39
2026-04-14 06:09:05,83.32,7.73
2026-04-14 06:09:05,92.12,7.02
2026-04-14 06:09:05,83.37,6.35
2026-04-14 06:09:05,88.66,7.2
2026-04-14 06:09:06,85.88,6.11
2026-04-14 06:09:06,85.57,7.52
2026-04-14 06:09:06,99.58,6.79
2026-04-14 06:09:06,94.47,6.2
2026-04-14 06:09:06,83.79,6.41
2026-04-14 06:09:06,84.92,7.44
2026-04-14 06:09:07,86.66,7.39
2026-04-14 06:09:07,85.26,7.61
2026-04-14 06:09:07,89.36,7.29
2026-04-14 06:09:07,85.34,6.15
2026-04-14 06:09:07,83.09,7.62
2026-04-14 06:09:07,85.87,7.35
2026-04-14 06:09:07,83.29,7.65
2026-04-14 06:09:07,87.16,7.29
2026-04-14 06:09:08,84.3,7.67
2026-04-14 06:09:08,94.44,6.98
2026-04-14 06:09:08,85.72,6.33
2026-04-14 06:09:08,86.29,7.46
2026-04-14 06:09:08,85.2,7.58
2026-04-14 06:09:08,92.24,7.07
2026-04-14 06:09:08,95.91,5.91
2026-04-14 06:09:09,83.09,6.5
2026-04-14 06:09:09,86.47,7.31
2026-04-14 06:09:09,82.6,7.74
2026-04-14 06:09:09,87.76,7.22
2026-04-14 06:09:09,82.63,7.81
2026-04-14 06:09:09,86.2,7.3
2026-04-14 06:09:09,83.75,7.65
2026-04-14 06:09:10,83.29,7.53
2026-04-14 06:09:10,86.46,7.33
2026-04-14 06:09:10,84.2,7.62
2026-04-14 06:09:10,91.18,7.14
2026-04-14 06:09:10,84.2,6.27
2026-04-14 06:09:10,86.79,7.36
2026-04-14 06:09:10,82.83,7.73
2026-04-14 06:09:11,86.35,7.29
2026-04-14 06:09:11,83.86,7.67
2026-04-14 06:09:11,85.63,7.4
2026-04-14 06:09:11,83.85,7.61
2026-04-14 06:09:11,86.88,7.33
2026-04-14 06:09:11,83.4,7.71
2026-04-14 06:09:11,83.82,7.48
2026-04-14 06:09:11,93.74,6.98
2026-04-14 06:09:12,84.34,6.35
2026-04-14 06:09:12,85.57,7.46
2026-04-14 06:09:12,85.6,7.49
2026-04-14 06:09:12,84.71,7.57
2026-04-14 06:09:12,84.97,7.47
2026-04-14 06:09:12,86.05,7.46
2026-04-14 06:09:12,87.99,7.4
2026-04-14 06:09:13,109.65,6.44
2026-04-14 06:09:13,82.89,7.17
2026-04-14 06:09:13,87.7,7.25
2026-04-14 06:09:13,83.24,7.73
2026-04-14 06:09:13,83.37,7.5
2026-04-14 06:09:13,85.08,7.42
2026-04-14 06:09:13,85.82,7.46
2026-04-14 06:09:14,86.2,7.49
2026-04-14 06:09:14,82.98,7.69
2026-04-14 06:09:14,86.51,7.28
2026-04-14 06:09:14,82.81,7.75
2026-04-14 06:09:14,88.15,7.2
2026-04-14 06:09:14,86.4,6.08
2026-04-14 06:09:14,84.38,7.61
2026-04-14 06:09:14,85.44,7.45
2026-04-14 06:09:15,82.97,7.64
2026-04-14 06:09:15,110.02,6.24
2026-04-14 06:09:15,86.1,7.01
2026-04-14 06:09:15,85.81,7.5
2026-04-14 06:09:15,91.07,7.24
2026-04-14 06:09:15,93.72,5.9
2026-04-14 06:09:16,86.38,6.27
2026-04-14 06:09:16,95.3,6.86
2026-04-14 06:09:16,86.74,6.49
2026-04-14 06:09:16,92.37,7.21
2026-04-14 06:09:16,87.09,6.2
2026-04-14 06:09:16,86.42,7.55
2026-04-14 06:09:16,87.18,7.46
2026-04-14 06:09:17,92.58,7.2
2026-04-14 06:09:17,87.25,6.21
2026-04-14 06:09:17,87.37,7.48
2026-04-14 06:09:17,87.5,7.5
2026-04-14 06:09:17,87.59,7.45
2026-04-14 06:09:17,87.8,6.04
2026-04-14 06:09:17,86.22,7.54
2026-04-14 06:09:18,93.32,7.16
2026-04-14 06:09:18,87.68,6.22
2026-04-14 06:09:18,87.1,7.3
2026-04-14 06:09:18,86.16,6.05
2026-04-14 06:09:18,88.26,6.07
2026-04-14 06:09:18,89.34,7.44
2026-04-14 06:09:18,88.23,6.04
2026-04-14 06:09:19,86.7,7.6
2026-04-14 06:09:19,93.3,7.15
2026-04-14 06:09:19,96.08,5.91
2026-04-14 06:09:19,89.81,6.22
2026-04-14 06:09:19,88.09,6.08
2026-04-14 06:09:19,87.05,7.57
2026-04-14 06:09:19,88.98,7.4
2026-04-14 06:09:20,88.7,6.02
2026-04-14 06:09:20,87.04,6.05
2026-04-14 06:09:20,90.94,7.3
2026-04-14 06:09:20,89.32,6.06
2026-04-14 06:09:20,93.32,5.86
2026-04-14 06:09:20,87.05,6.23
2026-04-14 06:09:21,86.66,7.53
2026-04-14 06:09:21,89.5,7.36
2026-04-14 06:09:21,87.72,6.06
2026-04-14 06:09:21,87.92,7.5
2026-04-14 06:09:21,90.19,7.37
2026-04-14 06:09:21,96.41,5.79
2026-04-14 06:09:22,100.61,5.86
2026-04-14 06:09:22,83.93,6.67
2026-04-14 06:09:22,86.43,7.33
2026-04-14 06:09:22,86.19,7.55
2026-04-14 06:09:22,86.32,7.49
2026-04-14 06:09:22,86.86,7.49
2026-04-14 06:09:22,87.19,7.49
2026-04-14 06:09:22,90.49,7.32
2026-04-14 06:09:23,83.82,6.16
2026-04-14 06:09:23,84.71,7.59
2026-04-14 06:09:23,86.63,7.38
2026-04-14 06:09:23,82.88,7.74
2026-04-14 06:09:23,84.71,7.4
2026-04-14 06:09:23,89.96,7.22
2026-04-14 06:09:23,87.23,6.09
2026-04-14 06:09:24,82.96,7.52
2026-04-14 06:09:24,85.17,7.62
2026-04-14 06:09:24,85.81,7.46
2026-04-14 06:09:24,84.73,7.56
2026-04-14 06:09:24,84.94,7.47
2026-04-14 06:09:24,83.48,7.6
2026-04-14 06:09:24,85.94,7.38
2026-04-14 06:09:25,86.83,7.44
2026-04-14 06:09:25,85.39,7.6
2026-04-14 06:09:25,86.26,7.45
2026-04-14 06:09:25,92.12,7.18
2026-04-14 06:09:25,84.06,6.31
2026-04-14 06:09:25,83.78,7.53
2026-04-14 06:09:25,88.0,7.26
2026-04-14 06:09:25,83.96,7.75
2026-04-14 06:09:26,83.83,7.51
2026-04-14 06:09:26,85.02,7.43
2026-04-14 06:09:26,84.09,7.55
2026-04-14 06:09:26,82.95,7.58
2026-04-14 06:09:26,85.63,7.34
2026-04-14 06:09:26,82.54,7.69
2026-04-14 06:09:26,85.84,7.3
2026-04-14 06:09:27,89.0,7.32
2026-04-14 06:09:27,88.72,6.03
2026-04-14 06:09:27,95.9,5.75
2026-04-14 06:09:27,91.04,6.18
2026-04-14 06:09:27,84.29,6.26
2026-04-14 06:09:27,96.56,6.87
2026-04-14 06:09:28,94.92,6.07
2026-04-14 06:09:28,85.22,6.37
2026-04-14 06:09:28,85.32,7.49
2026-04-14 06:09:28,83.71,7.61
2026-04-14 06:09:28,85.87,7.37
2026-04-14 06:09:28,82.5,7.71
2026-04-14 06:09:28,86.38,7.29
2026-04-14 06:09:28,83.34,7.68
2026-04-14 06:09:29,91.83,7.04
2026-04-14 06:09:29,85.74,6.23
2026-04-14 06:09:29,83.37,7.64
2026-04-14 06:09:29,91.76,6.88
2026-04-14 06:09:29,83.34,6.48
2026-04-14 06:09:29,90.1,7.14
2026-04-14 06:09:30,83.92,6.23
2026-04-14 06:09:30,84.57,7.48
2026-04-14 06:09:30,85.24,7.45
2026-04-14 06:09:30,85.84,7.48
2026-04-14 06:09:30,87.04,7.44
2026-04-14 06:09:30,86.69,7.5
2026-04-14 06:09:30,91.61,7.27
2026-04-14 06:09:30,87.64,6.15
2026-04-14 06:09:31,86.99,7.51
2026-04-14 06:09:31,88.36,7.46
2026-04-14 06:09:31,87.83,7.52
2026-04-14 06:09:31,86.15,7.6
2026-04-14 06:09:31,103.05,6.66
2026-04-14 06:09:31,87.95,6.61
2026-04-14 06:09:31,92.14,7.23
2026-04-14 06:09:32,83.94,6.33
2026-04-14 06:09:32,90.52,7.15
2026-04-14 06:09:32,87.11,6.14
2026-04-14 06:09:32,83.9,7.7
2026-04-14 06:09:32,95.56,6.9
2026-04-14 06:09:32,88.03,6.29
2026-04-14 06:09:33,100.13,6.87
2026-04-14 06:09:33,85.9,6.56
2026-04-14 06:09:33,84.84,7.55
2026-04-14 06:09:33,87.78,7.36
2026-04-14 06:09:33,83.69,7.75
2026-04-14 06:09:33,85.04,7.43
2026-04-14 06:09:33,86.92,7.4
2026-04-14 06:09:33,83.29,7.71
2026-04-14 06:09:34,270.46,3.12
2026-04-14 06:09:34,109.51,5.31
2026-04-14 06:09:34,85.7,6.25
2026-04-14 06:09:34,84.97,7.55
2026-04-14 06:09:34,88.45,7.32
2026-04-14 06:09:35,86.58,6.06
2026-04-14 06:09:35,82.9,7.74
2026-04-14 06:09:35,84.03,7.44
2026-04-14 06:09:35,100.23,6.67
2026-04-14 06:09:35,92.28,6.31
2026-04-14 06:09:35,86.33,6.18
2026-04-14 06:09:35,83.24,7.77
2026-04-14 06:09:36,84.77,7.4
2026-04-14 06:09:36,89.9,7.24
2026-04-14 06:09:36,91.41,5.95
2026-04-14 06:09:36,89.39,6.08
2026-04-14 06:09:36,84.09,6.12
2026-04-14 06:09:36,85.47,7.54
2026-04-14 06:09:36,98.53,6.82
2026-04-14 06:09:37,88.04,6.42
2026-04-14 06:09:37,84.35,7.71
2026-04-14 06:09:37,84.75,7.48
2026-04-14 06:09:37,86.5,7.4
2026-04-14 06:09:37,84.88,7.6
2026-04-14 06:09:37,83.13,7.61
2026-04-14 06:09:37,82.89,7.5
2026-04-14 06:09:38,86.41,7.32
2026-04-14 06:09:38,83.26,7.69
2026-04-14 06:09:38,86.29,7.33
2026-04-14 06:09:38,83.78,7.66
2026-04-14 06:09:38,84.94,7.43
2026-04-14 06:09:38,84.78,7.52
2026-04-14 06:09:38,84.14,7.54
2026-04-14 06:09:38,84.6,7.47
2026-04-14 06:09:39,90.15,7.2
2026-04-14 06:09:39,82.97,6.28
2026-04-14 06:09:39,102.94,6.52
2026-04-14 06:09:39,84.57,6.75
2026-04-14 06:09:39,83.61,7.54
2026-04-14 06:09:39,86.85,7.34
2026-04-14 06:09:39,83.65,7.69
2026-04-14 06:09:40,82.85,7.51
2026-04-14 06:09:40,86.17,7.35
2026-04-14 06:09:40,94.42,7.07
2026-04-14 06:09:40,83.97,6.4
2026-04-14 06:09:40,83.43,7.52
2026-04-14 06:09:40,84.2,7.48
2026-04-14 06:09:40,86.68,7.29
2026-04-14 06:09:41,84.66,7.68
2026-04-14 06:09:41,84.12,7.55
2026-04-14 06:09:41,83.72,7.52
2026-04-14 06:09:41,97.1,6.81
2026-04-14 06:09:41,84.98,6.49
2026-04-14 06:09:41,82.46,7.65
2026-04-14 06:09:41,85.62,7.32
2026-04-14 06:09:42,92.03,7.16
2026-04-14 06:09:42,83.47,6.33
2026-04-14 06:09:42,94.95,6.9
2026-04-14 06:09:42,82.72,6.48
2026-04-14 06:09:42,93.38,6.94
2026-04-14 06:09:42,83.69,6.38
2026-04-14 06:09:42,84.42,7.44
2026-04-14 06:09:43,84.04,7.54
2026-04-14 06:09:43,83.86,7.52
2026-04-14 06:09:43,83.28,7.53
2026-04-14 06:09:43,84.1,7.46
2026-04-14 06:09:43,84.28,7.47
2026-04-14 06:09:43,87.61,7.35
2026-04-14 06:09:43,82.03,7.83
2026-04-14 06:09:44,86.85,7.23
2026-04-14 06:09:44,83.54,7.71
2026-04-14 06:09:44,84.81,7.41
2026-04-14 06:09:44,83.84,7.57
2026-04-14 06:09:44,85.89,7.38
2026-04-14 06:09:44,84.98,7.56
2026-04-14 06:09:44,85.86,7.45
2026-04-14 06:09:44,85.29,7.55
2026-04-14 06:09:45,82.99,7.62
2026-04-14 06:09:45,90.49,7.12
2026-04-14 06:09:45,85.89,6.16
2026-04-14 06:09:45,86.91,7.46
2026-04-14 06:09:45,86.71,7.5
2026-04-14 06:09:45,101.2,6.77
2026-04-14 06:09:45,86.21,6.61
2026-04-14 06:09:46,87.89,7.4
2026-04-14 06:09:46,89.17,7.45
2026-04-14 06:09:46,87.0,6.06
2026-04-14 06:09:46,86.82,7.55
2026-04-14 06:09:46,89.23,7.36
2026-04-14 06:09:46,88.43,6.03
2026-04-14 06:09:46,85.71,6.11
2026-04-14 06:09:47,86.11,7.46
2026-04-14 06:09:47,88.57,7.39
2026-04-14 06:09:47,86.4,6.08
2026-04-14 06:09:47,89.77,7.29
2026-04-14 06:09:47,89.03,6.06
2026-04-14 06:09:47,87.49,6.05
2026-04-14 06:09:48,90.62,7.33
2026-04-14 06:09:48,86.46,6.15
2026-04-14 06:09:48,88.96,7.34
2026-04-14 06:09:48,89.44,6.01
2026-04-14 06:09:48,86.2,6.13
2026-04-14 06:09:48,86.71,7.48
2026-04-14 06:09:48,89.51,7.35
2026-04-14 06:09:49,93.28,5.87
2026-04-14 06:09:49,89.06,6.15
2026-04-14 06:09:49,86.7,6.1
2026-04-14 06:09:49,85.55,7.56
2026-04-14 06:09:49,97.67,6.89
2026-04-14 06:09:49,86.46,6.44
2026-04-14 06:09:49,88.31,7.38
2026-04-14 06:09:50,96.18,5.74
2026-04-14 06:09:50,91.78,6.16
2026-04-14 06:09:50,90.98,6.03
2026-04-14 06:09:50,88.36,6.09
2026-04-14 06:09:50,89.96,5.95
2026-04-14 06:09:50,87.5,6.08
2026-04-14 06:09:51,90.82,7.33
2026-04-14 06:09:51,90.9,5.98
2026-04-14 06:09:51,90.06,6.06
2026-04-14 06:09:51,87.9,6.07
2026-04-14 06:09:51,87.18,7.56
2026-04-14 06:09:51,105.78,6.59
2026-04-14 06:09:52,84.0,6.9
2026-04-14 06:09:52,86.88,7.32
2026-04-14 06:09:52,86.64,7.55
2026-04-14 06:09:52,84.22,7.65
2026-04-14 06:09:52,83.8,7.52
2026-04-14 06:09:52,86.18,7.35
2026-04-14 06:09:52,83.33,7.7
2026-04-14 06:09:52,84.91,7.41
2026-04-14 06:09:53,88.11,7.33
2026-04-14 06:09:53,82.52,7.83
2026-04-14 06:09:53,84.78,7.37
2026-04-14 06:09:53,83.7,7.57
2026-04-14 06:09:53,86.58,7.35
2026-04-14 06:09:53,88.25,7.42
2026-04-14 06:09:53,86.86,7.58
2026-04-14 06:09:54,85.64,7.56
2026-04-14 06:09:54,92.25,7.16
2026-04-14 06:09:54,102.88,5.64
2026-04-14 06:09:54,84.03,6.77
2026-04-14 06:09:54,85.37,7.42
2026-04-14 06:09:54,84.04,7.59
2026-04-14 06:09:54,83.29,7.53
2026-04-14 06:09:55,87.86,7.24
2026-04-14 06:09:55,85.06,7.68
2026-04-14 06:09:55,89.63,7.25
2026-04-14 06:09:55,84.85,6.17
2026-04-14 06:09:55,83.19,7.63
2026-04-14 06:09:55,84.99,7.4
2026-04-14 06:09:55,83.6,7.56
2026-04-14 06:09:56,86.59,7.36
2026-04-14 06:09:56,83.45,7.69
2026-04-14 06:09:56,85.5,7.39
2026-04-14 06:09:56,82.99,7.63
2026-04-14 06:09:56,87.97,7.19
2026-04-14 06:09:56,83.52,6.21
2026-04-14 06:09:56,83.11,7.51
2026-04-14 06:09:56,86.38,7.33
2026-04-14 06:09:57,84.33,7.56
2026-04-14 06:09:57,85.74,7.46
2026-04-14 06:09:57,83.85,7.64
2026-04-14 06:09:57,85.24,7.41
2026-04-14 06:09:57,85.0,7.52
2026-04-14 06:09:57,83.24,7.6
2026-04-14 06:09:57,88.95,7.2
2026-04-14 06:09:58,88.86,6.01
2026-04-14 06:09:58,87.23,6.06
2026-04-14 06:09:58,85.11,7.6
2026-04-14 06:09:58,86.53,7.38
2026-04-14 06:09:58,83.95,7.73
2026-04-14 06:09:58,87.16,7.32
2026-04-14 06:09:58,82.98,7.75
2026-04-14 06:09:59,86.61,7.3
2026-04-14 06:09:59,82.99,7.71
2026-04-14 06:09:59,85.57,7.35
2026-04-14 06:09:59,83.59,7.62
2026-04-14 06:09:59,84.6,7.45
2026-04-14 06:09:59,82.56,7.62
2026-04-14 06:09:59,86.29,7.26
2026-04-14 06:09:59,83.54,7.7
2026-04-14 06:10:00,86.73,7.33
2026-04-14 06:10:00,86.11,7.54
2026-04-14 06:10:00,90.77,7.24
2026-04-14 06:10:00,85.22,6.21
2026-04-14 06:10:00,83.08,7.61
2026-04-14 06:10:00,90.97,7.1
2026-04-14 06:10:00,85.32,6.21
2026-04-14 06:10:01,85.94,7.45
2026-04-14 06:10:01,90.65,7.26
2026-04-14 06:10:01,89.82,6.03
2026-04-14 06:10:01,87.3,6.09
2026-04-14 06:10:01,85.81,7.6
2026-04-14 06:10:01,106.7,6.49
2026-04-14 06:10:02,83.04,7.0
2026-04-14 06:10:02,86.46,7.29
2026-04-14 06:10:02,83.84,7.68
2026-04-14 06:10:02,87.06,7.31
2026-04-14 06:10:02,84.48,7.67
2026-04-14 06:10:02,95.19,6.92
2026-04-14 06:10:02,84.84,6.42
2026-04-14 06:10:02,83.28,7.58
2026-04-14 06:10:03,87.71,7.27
2026-04-14 06:10:03,83.21,7.75
2026-04-14 06:10:03,85.2,7.39
2026-04-14 06:10:03,83.05,7.64
2026-04-14 06:10:03,87.29,7.27
2026-04-14 06:10:03,82.85,7.77
2026-04-14 06:10:03,84.39,7.41
2026-04-14 06:10:04,85.02,7.46
2026-04-14 06:10:04,85.35,7.47
2026-04-14 06:10:04,85.91,7.48
2026-04-14 06:10:04,83.38,7.69
2026-04-14 06:10:04,87.49,7.27
2026-04-14 06:10:04,82.24,7.82
2026-04-14 06:10:04,85.22,7.34
2026-04-14 06:10:04,83.04,7.63
2026-04-14 06:10:05,84.94,7.39
2026-04-14 06:10:05,83.81,7.51
2026-04-14 06:10:05,83.63,7.51
2026-04-14 06:10:05,85.34,7.46
2026-04-14 06:10:05,88.63,7.32
2026-04-14 06:10:05,86.28,6.09
2026-04-14 06:10:05,82.77,7.65
2026-04-14 06:10:06,88.88,7.22
2026-04-14 06:10:06,84.73,6.16
2026-04-14 06:10:06,83.85,7.54
2026-04-14 06:10:06,84.9,7.44
2026-04-14 06:10:06,86.1,7.45
2026-04-14 06:10:06,84.43,7.6
2026-04-14 06:10:06,86.67,7.36
2026-04-14 06:10:07,82.86,7.74
2026-04-14 06:10:07,87.93,7.22
2026-04-14 06:10:07,83.37,7.77
2026-04-14 06:10:07,84.87,7.38
2026-04-14 06:10:07,84.16,7.61
2026-04-14 06:10:07,86.21,7.39
2026-04-14 06:10:07,83.36,7.67
2026-04-14 06:10:07,85.16,7.39
2026-04-14 06:10:08,85.05,7.5
2026-04-14 06:10:08,83.06,7.64
2026-04-14 06:10:08,86.38,7.3
2026-04-14 06:10:08,84.09,7.66
2026-04-14 06:10:08,85.51,7.43
2026-04-14 06:10:08,85.5,7.5
2026-04-14 06:10:08,85.16,7.46
2026-04-14 06:10:09,84.79,7.6
2026-04-14 06:10:09,85.84,7.42
2026-04-14 06:10:09,83.99,7.63
2026-04-14 06:10:09,89.33,7.22
2026-04-14 06:10:09,84.82,6.17
2026-04-14 06:10:09,93.74,6.92
2026-04-14 06:10:09,83.57,6.34
2026-04-14 06:10:10,86.7,7.53
2026-04-14 06:10:10,83.02,7.69
2026-04-14 06:10:10,89.2,7.19
2026-04-14 06:10:10,85.21,6.15
2026-04-14 06:10:10,85.39,7.48
2026-04-14 06:10:10,85.58,7.51
2026-04-14 06:10:10,96.67,6.93
2026-04-14 06:10:11,86.03,6.4
2026-04-14 06:10:11,83.73,7.64
2026-04-14 06:10:11,95.16,6.91
2026-04-14 06:10:11,85.93,6.34
2026-04-14 06:10:11,83.09,7.68
2026-04-14 06:10:11,91.94,7.05
2026-04-14 06:10:11,83.79,6.31
2026-04-14 06:10:12,87.83,7.27
2026-04-14 06:10:12,82.23,7.84
2026-04-14 06:10:12,87.52,7.21
2026-04-14 06:10:12,82.65,7.8
2026-04-14 06:10:12,84.07,7.38
2026-04-14 06:10:12,84.28,7.52
2026-04-14 06:10:12,83.9,7.54
2026-04-14 06:10:12,86.96,7.33
2026-04-14 06:10:13,83.58,7.68
2026-04-14 06:10:13,86.25,7.37
2026-04-14 06:10:13,82.82,7.62
2026-04-14 06:10:13,83.21,7.42
2026-04-14 06:10:13,84.13,7.59
2026-04-14 06:10:13,84.27,7.5
2026-04-14 06:10:13,85.02,7.47
2026-04-14 06:10:14,84.38,7.47
2026-04-14 06:10:14,87.52,7.37
2026-04-14 06:10:14,83.45,7.75
2026-04-14 06:10:14,84.05,7.48
2026-04-14 06:10:14,85.35,7.42
2026-04-14 06:10:14,83.46,7.61
2026-04-14 06:10:14,85.41,7.36
2026-04-14 06:10:14,83.28,7.66
2026-04-14 06:10:15,86.24,7.33
2026-04-14 06:10:15,83.27,7.62
2026-04-14 06:10:15,84.59,7.47
2026-04-14 06:10:15,82.72,7.63
2026-04-14 06:10:15,82.79,7.5
2026-04-14 06:10:15,85.88,7.33
2026-04-14 06:10:15,85.58,7.52
2026-04-14 06:10:16,83.44,7.61
2026-04-14 06:10:16,84.61,7.45
2026-04-14 06:10:16,83.11,7.59
2026-04-14 06:10:16,84.01,7.45
2026-04-14 06:10:16,85.24,7.45
2026-04-14 06:10:16,83.91,7.58
2026-04-14 06:10:16,84.01,7.5
2026-04-14 06:10:16,84.21,7.49
2026-04-14 06:10:17,87.63,7.29
2026-04-14 06:10:17,85.13,7.68
2026-04-14 06:10:17,88.01,7.34
2026-04-14 06:10:17,83.33,7.78
2026-04-14 06:10:17,87.28,7.27
2026-04-14 06:10:17,82.88,7.77
2026-04-14 06:10:17,87.38,7.25
2026-04-14 06:10:18,83.79,7.71
2026-04-14 06:10:18,86.81,7.35
2026-04-14 06:10:18,83.1,7.69
2026-04-14 06:10:18,85.85,7.37
2026-04-14 06:10:18,82.37,7.7
2026-04-14 06:10:18,84.98,7.36
2026-04-14 06:10:18,82.61,7.65
2026-04-14 06:10:18,83.28,7.45
2026-04-14 06:10:19,86.5,7.28
2026-04-14 06:10:19,83.42,7.73
2026-04-14 06:10:19,86.78,7.33
2026-04-14 06:10:19,83.31,7.7
2026-04-14 06:10:19,85.51,7.39
2026-04-14 06:10:19,83.33,7.63
2026-04-14 06:10:19,86.84,7.3
2026-04-14 06:10:20,84.71,7.64
2026-04-14 06:10:20,82.23,7.63
2026-04-14 06:10:20,85.3,7.34
2026-04-14 06:10:20,82.75,7.66
2026-04-14 06:10:20,83.33,7.47
2026-04-14 06:10:20,86.01,7.35
2026-04-14 06:10:20,82.49,7.72
2026-04-14 06:10:20,87.96,7.2
2026-04-14 06:10:21,91.14,7.33
2026-04-14 06:10:21,83.74,6.28
2026-04-14 06:10:21,83.98,7.35
2026-04-14 06:10:21,85.48,7.56
2026-04-14 06:10:21,93.2,7.11
2026-04-14 06:10:21,83.28,6.38
2026-04-14 06:10:21,83.96,7.46
2026-04-14 06:10:22,84.39,7.49
2026-04-14 06:10:22,83.83,7.53
2026-04-14 06:10:22,85.84,7.39
2026-04-14 06:10:22,82.78,7.68
2026-04-14 06:10:22,85.0,7.39
2026-04-14 06:10:22,85.47,7.47
2026-04-14 06:10:22,83.69,7.61
2026-04-14 06:10:23,85.47,7.41
2026-04-14 06:10:23,86.69,7.44
2026-04-14 06:10:23,84.87,7.6
2026-04-14 06:10:23,84.41,7.53
2026-04-14 06:10:23,86.05,7.41
2026-04-14 06:10:23,83.13,7.68
2026-04-14 06:10:23,85.84,7.32
2026-04-14 06:10:23,82.83,7.71
2026-04-14 06:10:24,85.68,7.34
2026-04-14 06:10:24,85.96,7.5
2026-04-14 06:10:24,86.07,7.49
2026-04-14 06:10:24,83.32,7.65
2026-04-14 06:10:24,86.72,7.32
2026-04-14 06:10:24,83.16,7.72
2026-04-14 06:10:24,86.8,7.29
2026-04-14 06:10:25,85.09,7.61
2026-04-14 06:10:25,83.18,7.61
2026-04-14 06:10:25,83.26,7.5
2026-04-14 06:10:25,85.4,7.36
2026-04-14 06:10:25,85.99,7.48
2026-04-14 06:10:25,85.32,7.56
2026-04-14 06:10:25,84.81,7.53
2026-04-14 06:10:25,87.07,7.37
2026-04-14 06:10:26,86.68,7.53
2026-04-14 06:10:26,88.23,7.42
2026-04-14 06:10:26,93.42,7.22
2026-04-14 06:10:26,86.27,6.27
2026-04-14 06:10:26,85.65,7.35
2026-04-14 06:10:26,86.18,6.11
2026-04-14 06:10:26,92.52,7.16
2026-04-14 06:10:27,87.87,6.17
2026-04-14 06:10:27,86.8,7.59
2026-04-14 06:10:27,88.84,7.39
2026-04-14 06:10:27,87.09,6.07
2026-04-14 06:10:27,87.56,7.47
2026-04-14 06:10:27,93.94,7.16
2026-04-14 06:10:27,86.57,6.28
2026-04-14 06:10:28,94.33,7.09
2026-04-14 06:10:28,89.58,6.19
2026-04-14 06:10:28,85.09,7.76
2026-04-14 06:10:28,118.52,6.0
2026-04-14 06:10:28,91.67,7.12
2026-04-14 06:10:28,87.26,6.17
2026-04-14 06:10:29,90.45,7.36
2026-04-14 06:10:29,90.23,6.0
2026-04-14 06:10:29,96.59,5.79
2026-04-14 06:10:29,97.15,5.98
2026-04-14 06:10:29,88.33,6.35
2026-04-14 06:10:29,87.81,7.53
2026-04-14 06:10:29,86.35,7.59
2026-04-14 06:10:30,82.96,7.69
2026-04-14 06:10:30,91.78,7.05
2026-04-14 06:10:30,88.67,6.1
2026-04-14 06:10:30,84.69,6.16
2026-04-14 06:10:30,98.47,6.78
2026-04-14 06:10:30,84.18,6.58
2026-04-14 06:10:30,83.43,7.55
2026-04-14 06:10:31,85.6,7.38
2026-04-14 06:10:31,83.1,7.63
2026-04-14 06:10:31,83.16,7.5
2026-04-14 06:10:31,84.17,7.45
2026-04-14 06:10:31,84.38,7.5
2026-04-14 06:10:31,87.36,7.33
2026-04-14 06:10:31,83.84,7.72
2026-04-14 06:10:32,84.59,7.46
2026-04-14 06:10:32,87.69,7.32
2026-04-14 06:10:32,83.5,7.76
2026-04-14 06:10:32,85.63,7.37
2026-04-14 06:10:32,92.85,7.12
2026-04-14 06:10:32,83.86,6.31
2026-04-14 06:10:32,85.31,7.47
2026-04-14 06:10:33,84.95,7.53
2026-04-14 06:10:33,85.0,7.5
2026-04-14 06:10:33,84.85,7.5
2026-04-14 06:10:33,83.35,7.59
2026-04-14 06:10:33,83.88,7.41
2026-04-14 06:10:33,86.4,7.42
2026-04-14 06:10:33,82.86,7.73
2026-04-14 06:10:33,83.83,7.36
2026-04-14 06:10:34,88.37,7.33
2026-04-14 06:10:34,88.54,5.99
2026-04-14 06:10:34,83.41,6.21
2026-04-14 06:10:34,83.76,7.44
2026-04-14 06:10:34,92.89,7.05
2026-04-14 06:10:34,89.25,6.15
2026-04-14 06:10:35,88.29,6.03
2026-04-14 06:10:35,98.92,5.65
2026-04-14 06:10:35,88.25,6.4
2026-04-14 06:10:35,89.38,7.44
2026-04-14 06:10:35,88.43,6.04
2026-04-14 06:10:35,85.31,7.69
2026-04-14 06:10:35,88.99,7.27
2026-04-14 06:10:36,91.25,5.94
2026-04-14 06:10:36,88.85,6.09
2026-04-14 06:10:36,84.22,6.17
2026-04-14 06:10:36,85.32,7.44
2026-04-14 06:10:36,86.57,7.44
2026-04-14 06:10:36,84.22,7.64
2026-04-14 06:10:36,85.0,7.46
2026-04-14 06:10:37,86.69,7.4
2026-04-14 06:10:37,89.66,7.34
2026-04-14 06:10:37,85.89,6.14
2026-04-14 06:10:37,84.03,7.6
2026-04-14 06:10:37,84.42,7.48
2026-04-14 06:10:37,84.63,7.51
2026-04-14 06:10:37,86.45,7.4
2026-04-14 06:10:38,88.44,7.39
2026-04-14 06:10:38,86.81,6.06
2026-04-14 06:10:38,93.86,7.12
2026-04-14 06:10:38,89.57,6.16
2026-04-14 06:10:38,84.46,6.2
2026-04-14 06:10:38,83.07,7.57
2026-04-14 06:10:38,92.89,7.0
2026-04-14 06:10:39,88.3,6.17
2026-04-14 06:10:39,82.1,7.87
2026-04-14 06:10:39,86.79,7.24
2026-04-14 06:10:39,89.54,7.36
2026-04-14 06:10:39,82.97,6.24
2026-04-14 06:10:39,84.19,7.45
2026-04-14 06:10:39,84.21,7.48
2026-04-14 06:10:40,84.87,7.47
2026-04-14 06:10:40,86.43,7.43
2026-04-14 06:10:40,84.9,7.57
2026-04-14 06:10:40,83.95,7.56
2026-04-14 06:10:40,90.49,7.1
2026-04-14 06:10:40,99.17,5.75
2026-04-14 06:10:40,82.91,6.64
2026-04-14 06:10:41,85.45,7.37
2026-04-14 06:10:41,90.31,7.24
2026-04-14 06:10:41,84.09,6.24
2026-04-14 06:10:41,83.64,7.53
2026-04-14 06:10:41,84.87,7.42
2026-04-14 06:10:41,84.37,7.55
2026-04-14 06:10:41,85.15,7.44
2026-04-14 06:10:42,84.66,7.55
2026-04-14 06:10:42,87.68,7.33
2026-04-14 06:10:42,85.26,7.64
2026-04-14 06:10:42,83.66,7.59
2026-04-14 06:10:42,84.5,7.47
2026-04-14 06:10:42,94.37,6.98
2026-04-14 06:10:42,84.28,6.4
2026-04-14 06:10:43,83.88,7.52
2026-04-14 06:10:43,86.43,7.33
2026-04-14 06:10:43,85.35,7.55
2026-04-14 06:10:43,84.14,7.63
2026-04-14 06:10:43,91.08,7.08
2026-04-14 06:10:43,93.66,5.95
2026-04-14 06:10:43,84.38,6.35
2026-04-14 06:10:44,86.43,7.39
2026-04-14 06:10:44,85.5,7.57
2026-04-14 06:10:44,86.56,7.44
2026-04-14 06:10:44,83.98,7.66
2026-04-14 06:10:44,84.52,7.29
2026-04-14 06:10:44,86.77,7.56
2026-04-14 06:10:44,85.63,7.57
2026-04-14 06:10:44,84.49,7.56
2026-04-14 06:10:45,84.5,7.5
2026-04-14 06:10:45,89.85,7.21
2026-04-14 06:10:45,85.64,6.17
2026-04-14 06:10:45,82.92,7.65
2026-04-14 06:10:45,84.53,7.4
2026-04-14 06:10:45,85.62,7.39
2026-04-14 06:10:45,84.86,7.61
2026-04-14 06:10:46,85.61,7.47
2026-04-14 06:10:46,86.27,7.47
2026-04-14 06:10:46,84.84,7.58
2026-04-14 06:10:46,284.41,2.93
2026-04-14 06:10:46,92.43,5.86
2026-04-14 06:10:46,83.42,6.53
2026-04-14 06:10:47,85.41,7.38
2026-04-14 06:10:47,83.08,7.65
2026-04-14 06:10:47,93.59,6.95
2026-04-14 06:10:47,84.51,6.36
2026-04-14 06:10:47,86.05,7.42
2026-04-14 06:10:47,90.59,7.26
2026-04-14 06:10:47,83.65,6.26
2026-04-14 06:10:48,84.72,7.43
2026-04-14 06:10:48,84.18,7.55
2026-04-14 06:10:48,89.45,7.22
2026-04-14 06:10:48,83.41,6.23
2026-04-14 06:10:48,84.45,7.45
2026-04-14 06:10:48,92.8,7.06
2026-04-14 06:10:48,87.91,6.17
2026-04-14 06:10:49,86.77,6.05
2026-04-14 06:10:49,85.63,7.52
2026-04-14 06:10:49,83.65,7.67
2026-04-14 06:10:49,100.93,6.65
2026-04-14 06:10:49,84.3,6.67
2026-04-14 06:10:49,85.09,7.45
2026-04-14 06:10:49,84.85,7.54
2026-04-14 06:10:50,83.5,7.56
2026-04-14 06:10:50,86.2,7.36
2026-04-14 06:10:50,85.26,7.56
2026-04-14 06:10:50,83.52,7.6
2026-04-14 06:10:50,96.22,6.86
2026-04-14 06:10:50,83.09,6.52
2026-04-14 06:10:50,85.92,7.33
2026-04-14 06:10:51,106.85,6.47
2026-04-14 06:10:51,83.4,7.02
2026-04-14 06:10:51,84.9,7.42
2026-04-14 06:10:51,83.96,7.55
2026-04-14 06:10:51,84.17,7.5
2026-04-14 06:10:51,83.94,7.51
2026-04-14 06:10:51,85.69,7.41
2026-04-14 06:10:52,83.92,7.6
2026-04-14 06:10:52,87.22,7.32
2026-04-14 06:10:52,82.93,7.75
2026-04-14 06:10:52,85.51,7.35
2026-04-14 06:10:52,82.87,7.67
2026-04-14 06:10:52,82.78,7.5
2026-04-14 06:10:52,84.2,7.44
2026-04-14 06:10:53,104.36,6.52
2026-04-14 06:10:53,83.61,6.86
2026-04-14 06:10:53,85.41,7.39
2026-04-14 06:10:53,85.97,7.41
2026-04-14 06:10:53,84.8,7.65
2026-04-14 06:10:53,87.3,7.37
2026-04-14 06:10:53,82.78,7.76
2026-04-14 06:10:53,87.41,7.24
2026-04-14 06:10:54,88.97,7.41
2026-04-14 06:10:54,83.47,6.22
2026-04-14 06:10:54,90.17,7.14
2026-04-14 06:10:54,85.77,6.17
2026-04-14 06:10:54,85.49,7.52
2026-04-14 06:10:54,84.07,7.58
2026-04-14 06:10:54,86.93,7.35
2026-04-14 06:10:55,88.8,7.4
2026-04-14 06:10:55,85.17,6.08
2026-04-14 06:10:55,83.42,7.69
2026-04-14 06:10:55,84.97,7.41
2026-04-14 06:10:55,85.37,7.5
2026-04-14 06:10:55,86.0,7.46
2026-04-14 06:10:55,93.12,7.11
2026-04-14 06:10:56,85.8,6.28
2026-04-14 06:10:56,84.35,7.61
2026-04-14 06:10:56,85.5,7.43
2026-04-14 06:10:56,85.16,7.53
2026-04-14 06:10:56,85.77,7.47
2026-04-14 06:10:56,85.37,7.53
2026-04-14 06:10:56,85.43,7.5
2026-04-14 06:10:57,86.62,7.44
2026-04-14 06:10:57,83.96,7.65
2026-04-14 06:10:57,85.12,7.43
2026-04-14 06:10:57,84.58,7.47
2026-04-14 06:10:57,84.03,7.6
2026-04-14 06:10:57,86.35,7.37
2026-04-14 06:10:57,83.62,7.67
2026-04-14 06:10:57,83.58,7.39
2026-04-14 06:10:58,89.17,7.3
2026-04-14 06:10:58,84.7,6.14
2026-04-14 06:10:58,85.97,7.48
2026-04-14 06:10:58,95.31,7.0
2026-04-14 06:10:58,86.95,6.33
2026-04-14 06:10:58,85.24,7.6
2026-04-14 06:10:58,95.54,6.96
2026-04-14 06:10:59,85.8,6.38
2026-04-14 06:10:59,83.6,7.6
2026-04-14 06:10:59,87.91,7.31
2026-04-14 06:10:59,86.21,7.59
2026-04-14 06:10:59,84.74,7.59
2026-04-14 06:10:59,84.05,7.54
2026-04-14 06:10:59,86.67,7.36
2026-04-14 06:11:00,83.5,7.69
2026-04-14 06:11:00,82.35,7.56
2026-04-14 06:11:00,92.07,7.0
2026-04-14 06:11:00,84.27,6.3
2026-04-14 06:11:00,84.01,7.5
2026-04-14 06:11:00,83.88,7.51
2026-04-14 06:11:00,86.62,7.38
2026-04-14 06:11:01,86.32,7.5
2026-04-14 06:11:01,92.1,7.16
2026-04-14 06:11:01,85.94,6.26
2026-04-14 06:11:01,85.42,7.54
2026-04-14 06:11:01,94.83,7.01
2026-04-14 06:11:01,91.2,6.15
2026-04-14 06:11:01,95.88,5.82
2026-04-14 06:11:02,94.21,6.07
2026-04-14 06:11:02,83.94,6.41
2026-04-14 06:11:02,84.09,7.48
2026-04-14 06:11:02,87.08,7.34
2026-04-14 06:11:02,83.17,7.74
2026-04-14 06:11:02,85.45,7.37
2026-04-14 06:11:02,83.54,7.6
2026-04-14 06:11:03,86.11,7.38
2026-04-14 06:11:03,85.88,7.52
2026-04-14 06:11:03,96.55,6.94
2026-04-14 06:11:03,84.31,6.49
2026-04-14 06:11:03,83.48,7.55
2026-04-14 06:11:03,85.55,7.39
2026-04-14 06:11:03,83.96,7.59
2026-04-14 06:11:04,87.85,7.28
2026-04-14 06:11:04,83.05,7.77
2026-04-14 06:11:04,94.05,6.94
2026-04-14 06:11:04,88.22,6.23
2026-04-14 06:11:04,85.5,7.65
2026-04-14 06:11:04,84.53,7.56
2026-04-14 06:11:04,82.64,7.61
2026-04-14 06:11:04,85.27,7.35
2026-04-14 06:11:05,86.51,7.43
2026-04-14 06:11:05,85.09,7.59
2026-04-14 06:11:05,86.17,7.45
2026-04-14 06:11:05,85.03,7.56
2026-04-14 06:11:05,83.76,7.59
2026-04-14 06:11:05,99.48,6.7
2026-04-14 06:11:05,93.47,6.22
2026-04-14 06:11:06,84.44,6.35
2026-04-14 06:11:06,84.28,7.47
2026-04-14 06:11:06,90.24,7.23
2026-04-14 06:11:06,87.52,6.1
2026-04-14 06:11:06,83.2,7.74
2026-04-14 06:11:06,86.29,7.34
2026-04-14 06:11:06,83.42,7.67
2026-04-14 06:11:07,87.56,7.23
2026-04-14 06:11:07,82.6,7.85
2026-04-14 06:11:07,83.45,7.44
2026-04-14 06:11:07,85.49,7.39
2026-04-14 06:11:07,86.32,7.36
2026-04-14 06:11:07,82.1,7.87
2026-04-14 06:11:07,86.94,7.18
2026-04-14 06:11:08,83.21,7.79
2026-04-14 06:11:08,85.66,7.36
2026-04-14 06:11:08,86.4,7.45
2026-04-14 06:11:08,86.55,7.51
2026-04-14 06:11:08,84.62,7.61
2026-04-14 06:11:08,88.44,7.3
2026-04-14 06:11:08,85.52,6.12
2026-04-14 06:11:08,83.55,7.58
2026-04-14 06:11:09,83.83,7.5
2026-04-14 06:11:09,86.29,7.29
2026-04-14 06:11:09,85.31,7.66
2026-04-14 06:11:09,85.03,7.51
2026-04-14 06:11:09,84.2,7.56
2026-04-14 06:11:09,85.53,7.36
2026-04-14 06:11:09,83.16,7.71
2026-04-14 06:11:10,94.17,6.93
2026-04-14 06:11:10,88.27,6.22
2026-04-14 06:11:10,86.1,7.6
2026-04-14 06:11:10,93.9,7.11
2026-04-14 06:11:10,85.6,6.31
2026-04-14 06:11:10,84.47,7.57
2026-04-14 06:11:10,86.09,7.4
2026-04-14 06:11:11,82.11,7.74
2026-04-14 06:11:11,86.49,7.25
2026-04-14 06:11:11,84.66,7.63
2026-04-14 06:11:11,83.52,7.54
2026-04-14 06:11:11,85.76,7.41
2026-04-14 06:11:11,83.46,7.63
2026-04-14 06:11:11,85.52,7.36
2026-04-14 06:11:11,83.38,7.65
2026-04-14 06:11:12,86.34,7.33
2026-04-14 06:11:12,83.0,7.69
2026-04-14 06:11:12,84.01,7.46
2026-04-14 06:11:12,85.02,7.45
2026-04-14 06:11:12,84.73,7.52
2026-04-14 06:11:12,87.2,7.37
2026-04-14 06:11:12,85.22,7.63
2026-04-14 06:11:13,84.53,7.53
2026-04-14 06:11:13,84.27,7.53
2026-04-14 06:11:13,87.24,7.33
2026-04-14 06:11:13,84.57,7.65
2026-04-14 06:11:13,85.6,7.43
2026-04-14 06:11:13,82.99,7.69
2026-04-14 06:11:13,87.3,7.25
2026-04-14 06:11:13,82.84,7.79
2026-04-14 06:11:14,85.51,7.35
2026-04-14 06:11:14,84.15,7.59
2026-04-14 06:11:14,92.81,7.04
2026-04-14 06:11:14,84.77,6.31
2026-04-14 06:11:14,85.06,7.48
2026-04-14 06:11:14,87.64,7.31
2026-04-14 06:11:14,84.2,6.17
2026-04-14 06:11:15,88.72,7.26
2026-04-14 06:11:15,84.79,6.14
2026-04-14 06:11:15,85.13,7.38
2026-04-14 06:11:15,85.27,7.59
2026-04-14 06:11:15,86.77,7.43
2026-04-14 06:11:15,84.92,7.62
2026-04-14 06:11:15,84.85,7.48
2026-04-14 06:11:16,87.9,7.35
2026-04-14 06:11:16,85.42,7.65
2026-04-14 06:11:16,85.68,7.48
2026-04-14 06:11:16,83.51,7.63
2026-04-14 06:11:16,83.89,7.49
2026-04-14 06:11:16,85.16,7.43
2026-04-14 06:11:16,98.28,6.83
2026-04-14 06:11:17,87.1,6.43
2026-04-14 06:11:17,90.29,7.34
2026-04-14 06:11:17,85.69,6.12
2026-04-14 06:11:17,85.7,7.57
2026-04-14 06:11:17,88.14,7.38
2026-04-14 06:11:17,82.31,7.84
2026-04-14 06:11:17,88.03,7.19
2026-04-14 06:11:18,82.57,7.84
2026-04-14 06:11:18,101.65,6.56
2026-04-14 06:11:18,84.75,6.68
2026-04-14 06:11:18,85.28,7.46
2026-04-14 06:11:18,84.25,7.57
2026-04-14 06:11:18,83.34,7.56
2026-04-14 06:11:18,87.18,7.28
2026-04-14 06:11:18,82.34,7.79
2026-04-14 06:11:19,84.71,7.32
2026-04-14 06:11:19,82.61,7.68
2026-04-14 06:11:19,85.86,7.31
2026-04-14 06:11:19,83.47,7.66
2026-04-14 06:11:19,84.82,7.43
2026-04-14 06:11:19,93.54,7.04
2026-04-14 06:11:19,87.52,6.23
2026-04-14 06:11:20,84.54,7.66
2026-04-14 06:11:20,83.49,7.56
2026-04-14 06:11:20,83.35,7.53
2026-04-14 06:11:20,84.8,7.41
2026-04-14 06:11:20,82.78,7.63
2026-04-14 06:11:20,86.7,7.27
2026-04-14 06:11:20,84.6,7.65
2026-04-14 06:11:21,102.2,6.63
2026-04-14 06:11:21,85.08,6.68
2026-04-14 06:11:21,82.95,7.39
2026-04-14 06:11:21,86.21,7.47
2026-04-14 06:11:21,83.06,7.79
2026-04-14 06:11:21,84.39,7.43
2026-04-14 06:11:21,82.72,7.58
2026-04-14 06:11:21,82.68,7.51
2026-04-14 06:11:22,85.08,7.31
2026-04-14 06:11:22,86.72,7.45
2026-04-14 06:11:22,82.39,7.79
2026-04-14 06:11:22,84.93,7.34
2026-04-14 06:11:22,84.08,7.57
2026-04-14 06:11:22,101.55,6.63
2026-04-14 06:11:22,85.53,6.65
2026-04-14 06:11:23,85.08,7.52
2026-04-14 06:11:23,87.0,7.41
2026-04-14 06:11:23,86.5,7.53
2026-04-14 06:11:23,83.55,7.67
2026-04-14 06:11:23,83.32,7.46
2026-04-14 06:11:23,92.96,7.05
2026-04-14 06:11:23,84.07,6.33
2026-04-14 06:11:24,86.76,7.38
2026-04-14 06:11:24,86.1,7.54
2026-04-14 06:11:24,85.54,7.54
2026-04-14 06:11:24,84.35,7.56
2026-04-14 06:11:24,83.72,7.53
2026-04-14 06:11:24,85.18,7.43
2026-04-14 06:11:24,88.21,7.34
2026-04-14 06:11:24,83.86,7.75
2026-04-14 06:11:25,85.56,7.41
2026-04-14 06:11:25,89.08,7.3
2026-04-14 06:11:25,85.04,6.16
2026-04-14 06:11:25,83.62,7.6
2026-04-14 06:11:25,85.17,7.4
2026-04-14 06:11:25,85.7,7.49
2026-04-14 06:11:25,85.79,7.5
2026-04-14 06:11:26,99.16,6.82
2026-04-14 06:11:26,83.87,6.58
2026-04-14 06:11:26,94.95,6.95
2026-04-14 06:11:26,83.57,6.31
2026-04-14 06:11:26,92.79,7.18
2026-04-14 06:11:26,85.6,6.27
2026-04-14 06:11:26,82.36,7.7
2026-04-14 06:11:27,87.38,7.22
2026-04-14 06:11:27,84.2,7.68
2026-04-14 06:11:27,85.52,7.45
2026-04-14 06:11:27,84.69,7.56
2026-04-14 06:11:27,84.02,7.51
2026-04-14 06:11:27,85.78,7.42
2026-04-14 06:11:27,83.26,7.66
2026-04-14 06:11:28,85.2,7.39
2026-04-14 06:11:28,85.17,7.48
2026-04-14 06:11:28,83.26,7.63
2026-04-14 06:11:28,87.29,7.3
2026-04-14 06:11:28,83.44,7.71
2026-04-14 06:11:28,100.78,6.65
2026-04-14 06:11:28,83.36,6.71
2026-04-14 06:11:28,84.63,7.42
2026-04-14 06:11:29,85.65,7.44
2026-04-14 06:11:29,83.7,7.63
2026-04-14 06:11:29,86.13,7.35
2026-04-14 06:11:29,84.07,7.63
2026-04-14 06:11:29,86.59,7.36
2026-04-14 06:11:29,83.22,7.7
2026-04-14 06:11:29,83.77,7.47
2026-04-14 06:11:30,85.07,7.42
2026-04-14 06:11:30,86.99,7.4
2026-04-14 06:11:30,83.56,7.71
2026-04-14 06:11:30,85.58,7.39
2026-04-14 06:11:30,88.65,7.34
2026-04-14 06:11:30,83.48,6.19
2026-04-14 06:11:30,84.9,7.41
2026-04-14 06:11:31,106.25,6.48
2026-04-14 06:11:31,84.07,6.92
2026-04-14 06:11:31,85.02,7.46
2026-04-14 06:11:31,82.83,7.63
2026-04-14 06:11:31,88.36,7.21
2026-04-14 06:11:31,85.13,6.11
2026-04-14 06:11:31,84.83,7.51
2026-04-14 06:11:32,97.01,6.89
2026-04-14 06:11:32,87.1,6.36
2026-04-14 06:11:32,83.27,7.77
2026-04-14 06:11:32,84.73,7.34
2026-04-14 06:11:32,83.98,7.63
2026-04-14 06:11:32,85.73,7.4
2026-04-14 06:11:32,85.56,7.51
2026-04-14 06:11:33,103.31,6.63
2026-04-14 06:11:33,91.81,6.45
2026-04-14 06:11:33,88.12,6.13
2026-04-14 06:11:33,86.95,7.58
2026-04-14 06:11:33,90.48,7.3
2026-04-14 06:11:33,91.65,5.97
2026-04-14 06:11:33,89.94,6.05
2026-04-14 06:11:34,88.71,6.06
2026-04-14 06:11:34,87.76,6.03
2026-04-14 06:11:34,90.67,7.34
2026-04-14 06:11:34,89.19,6.05
2026-04-14 06:11:34,86.29,6.12
2026-04-14 06:11:34,90.35,7.27
2026-04-14 06:11:35,91.16,5.96
2026-04-14 06:11:35,87.42,6.16
2026-04-14 06:11:35,89.01,7.4
2026-04-14 06:11:35,87.08,6.07
2026-04-14 06:11:35,90.18,7.33
2026-04-14 06:11:35,88.69,6.06
2026-04-14 06:11:35,89.21,7.47
2026-04-14 06:11:36,89.61,7.49
2026-04-14 06:11:36,101.51,5.59
2026-04-14 06:11:36,87.38,6.53
2026-04-14 06:11:36,93.04,5.83
2026-04-14 06:11:36,88.9,6.17
2026-04-14 06:11:36,87.28,6.06
2026-04-14 06:11:37,218.07,3.78
2026-04-14 06:11:37,158.34,4.75
2026-04-14 06:11:37,92.17,6.12
2026-04-14 06:11:37,87.91,6.16
2026-04-14 06:11:37,88.37,7.48
2026-04-14 06:11:37,88.91,5.98
2026-04-14 06:11:38,86.57,6.09
2026-04-14 06:11:38,90.57,7.28
2026-04-14 06:11:38,90.91,6.0
2026-04-14 06:11:38,88.82,6.07
2026-04-14 06:11:38,88.9,6.01
2026-04-14 06:11:38,87.69,6.04
2026-04-14 06:11:39,91.33,7.31
2026-04-14 06:11:39,89.79,6.02
2026-04-14 06:11:39,88.41,6.09
2026-04-14 06:11:39,86.8,6.06
2026-04-14 06:11:39,89.12,7.32
2026-04-14 06:11:39,89.3,6.02
2026-04-14 06:11:40,87.0,6.11
2026-04-14 06:11:40,94.72,7.09
2026-04-14 06:11:40,89.35,6.19
2026-04-14 06:11:40,88.31,6.04
2026-04-14 06:11:40,89.02,7.47
2026-04-14 06:11:40,88.44,6.02
2026-04-14 06:11:41,113.81,5.21
2026-04-14 06:11:41,95.24,6.75
2026-04-14 06:11:41,87.87,6.27
2026-04-14 06:11:41,88.13,7.5
2026-04-14 06:11:41,89.61,7.43
2026-04-14 06:11:41,92.97,5.87
2026-04-14 06:11:41,87.58,6.21
2026-04-14 06:11:42,93.89,7.16
2026-04-14 06:11:42,91.5,6.09
2026-04-14 06:11:42,88.73,6.11
2026-04-14 06:11:42,90.45,5.94
2026-04-14 06:11:42,90.02,6.02
2026-04-14 06:11:42,88.46,6.06
2026-04-14 06:11:43,90.47,5.93
2026-04-14 06:11:43,90.24,6.01
2026-04-14 06:11:43,87.93,6.08
2026-04-14 06:11:43,88.46,7.48
2026-04-14 06:11:43,87.75,5.93
2026-04-14 06:11:43,87.94,6.09
2026-04-14 06:11:43,88.38,7.48
2026-04-14 06:11:44,88.78,7.48
2026-04-14 06:11:44,89.11,5.99
2026-04-14 06:11:44,88.62,6.03
2026-04-14 06:11:44,94.04,5.8
2026-04-14 06:11:44,94.72,5.99
2026-04-14 06:11:44,90.11,6.18
2026-04-14 06:11:45,92.69,5.9
2026-04-14 06:11:45,88.3,6.19
2026-04-14 06:11:45,86.23,7.59
2026-04-14 06:11:45,86.31,7.49
2026-04-14 06:11:45,89.4,7.37
2026-04-14 06:11:45,86.57,6.1
2026-04-14 06:11:45,87.13,7.46
2026-04-14 06:11:46,93.54,7.16
2026-04-14 06:11:46,86.77,6.27
2026-04-14 06:11:46,87.36,7.46
2026-04-14 06:11:46,87.25,7.52
2026-04-14 06:11:46,91.23,7.28
2026-04-14 06:11:46,88.83,7.64
2026-04-14 06:11:46,88.36,6.02
2026-04-14 06:11:47,87.36,6.05
2026-04-14 06:11:47,88.65,7.42
2026-04-14 06:11:47,89.36,5.98
2026-04-14 06:11:47,88.36,6.05
2026-04-14 06:11:47,89.15,7.45
2026-04-14 06:11:47,86.78,6.08
2026-04-14 06:11:48,85.37,7.6
2026-04-14 06:11:48,101.37,6.64
2026-04-14 06:11:48,86.92,6.63
2026-04-14 06:11:48,87.93,7.44
2026-04-14 06:11:48,92.51,7.23
2026-04-14 06:11:48,89.74,6.12
2026-04-14 06:11:48,90.7,5.98
2026-04-14 06:11:49,86.89,6.14
2026-04-14 06:11:49,83.58,7.71
2026-04-14 06:11:49,85.23,7.37
2026-04-14 06:11:49,83.79,7.63
2026-04-14 06:11:49,85.92,7.37
2026-04-14 06:11:49,89.05,7.3
2026-04-14 06:11:49,83.92,6.22
2026-04-14 06:11:50,89.11,7.2
2026-04-14 06:11:50,82.81,6.25
2026-04-14 06:11:50,85.65,7.34
2026-04-14 06:11:50,85.49,7.5
2026-04-14 06:11:50,84.42,7.59
2026-04-14 06:11:50,85.12,7.45
2026-04-14 06:11:50,82.84,7.65
2026-04-14 06:11:51,82.68,7.5
2026-04-14 06:11:51,95.31,6.85
2026-04-14 06:11:51,91.89,6.12
2026-04-14 06:11:51,82.86,6.35
2026-04-14 06:11:51,83.53,7.35
2026-04-14 06:11:51,84.63,7.57
2026-04-14 06:11:51,90.21,7.19
2026-04-14 06:11:52,83.34,6.27
2026-04-14 06:11:52,103.19,6.53
2026-04-14 06:11:52,84.52,6.76
2026-04-14 06:11:52,89.74,7.22
2026-04-14 06:11:52,90.43,5.8
2026-04-14 06:11:52,86.64,6.33
2026-04-14 06:11:52,83.18,7.71
2026-04-14 06:11:53,91.37,7.07
2026-04-14 06:11:53,85.93,6.21
2026-04-14 06:11:53,84.26,7.57
2026-04-14 06:11:53,86.4,7.39
2026-04-14 06:11:53,82.14,7.77
2026-04-14 06:11:53,85.58,7.31
2026-04-14 06:11:53,83.4,7.63
2026-04-14 06:11:54,92.56,7.02
2026-04-14 06:11:54,86.25,6.23
2026-04-14 06:11:54,83.06,7.7
2026-04-14 06:11:54,83.78,7.46
2026-04-14 06:11:54,84.59,7.45
2026-04-14 06:11:54,83.11,7.59
2026-04-14 06:11:54,84.06,7.46
2026-04-14 06:11:55,84.37,7.47
2026-04-14 06:11:55,98.53,6.79
2026-04-14 06:11:55,95.61,6.11
2026-04-14 06:11:55,84.8,6.37
2026-04-14 06:11:55,89.97,7.29
2026-04-14 06:11:55,88.52,6.05
2026-04-14 06:11:55,87.41,7.57
2026-04-14 06:11:56,87.63,7.48
2026-04-14 06:11:56,86.61,7.54
2026-04-14 06:11:56,94.8,7.09
2026-04-14 06:11:56,107.78,5.56
2026-04-14 06:11:56,85.71,6.94
2026-04-14 06:11:56,90.27,7.26
2026-04-14 06:11:57,100.31,5.63
2026-04-14 06:11:57,84.63,6.66
2026-04-14 06:11:57,85.3,7.47
2026-04-14 06:11:57,95.01,6.98
2026-04-14 06:11:57,87.31,6.31
2026-04-14 06:11:57,85.6,7.59
2026-04-14 06:11:57,86.63,7.45
2026-04-14 06:11:57,84.83,7.61
2026-04-14 06:11:58,85.79,7.45
2026-04-14 06:11:58,83.76,7.63
2026-04-14 06:11:58,82.48,7.56
2026-04-14 06:11:58,95.26,6.85
2026-04-14 06:11:58,93.12,6.09
2026-04-14 06:11:58,87.03,6.23
2026-04-14 06:11:59,100.76,6.8
2026-04-14 06:11:59,89.17,6.45
2026-04-14 06:11:59,88.36,6.04
2026-04-14 06:11:59,86.77,7.6
2026-04-14 06:11:59,88.22,7.42
2026-04-14 06:11:59,88.32,7.49
2026-04-14 06:11:59,86.07,6.08
2026-04-14 06:12:00,86.66,7.49
2026-04-14 06:12:00,87.37,7.35
2026-04-14 06:12:00,88.8,6.03
2026-04-14 06:12:00,86.92,6.07
2026-04-14 06:12:00,88.6,7.41
2026-04-14 06:12:00,86.58,6.07
2026-04-14 06:12:00,89.04,7.32
2026-04-14 06:12:01,88.38,7.59
2026-04-14 06:12:01,98.4,6.98
2026-04-14 06:12:01,95.42,6.12
2026-04-14 06:12:01,84.57,6.36
2026-04-14 06:12:01,91.0,7.22
2026-04-14 06:12:01,90.45,5.97
2026-04-14 06:12:02,104.27,5.59
2026-04-14 06:12:02,101.46,6.09
2026-04-14 06:12:02,84.08,6.71
2026-04-14 06:12:02,87.56,7.23
2026-04-14 06:12:02,84.17,6.18
2026-04-14 06:12:02,83.51,7.55
2026-04-14 06:12:02,86.28,7.34
2026-04-14 06:12:03,81.97,7.76
2026-04-14 06:12:03,86.37,7.26
2026-04-14 06:12:03,83.35,7.67
2026-04-14 06:12:03,96.75,6.8
2026-04-14 06:12:03,83.85,6.52
2026-04-14 06:12:03,84.54,7.46
2026-04-14 06:12:03,90.57,7.19
2026-04-14 06:12:04,84.95,6.21
2026-04-14 06:12:04,83.74,7.55
2026-04-14 06:12:04,90.78,7.15
2026-04-14 06:12:04,88.48,6.08
2026-04-14 06:12:04,84.11,7.76
2026-04-14 06:12:04,85.26,7.43
2026-04-14 06:12:04,83.69,7.6
2026-04-14 06:12:04,96.65,6.84
2026-04-14 06:12:05,89.19,6.28
2026-04-14 06:12:05,90.37,7.41
2026-04-14 06:12:05,87.6,5.96
2026-04-14 06:12:05,89.47,6.08
2026-04-14 06:12:05,89.47,6.01
2026-04-14 06:12:05,87.69,6.06
2026-04-14 06:12:06,88.32,7.48
2026-04-14 06:12:06,95.55,7.1
